DatasetID,PathID,PathString,node_t1,node_t2,node_p_depol_1q,node_p_depol_2q,node_coh1_angle,node_coh2_zz_angle,node_src_visibility,node_src_phase,edge_length,edge_attenuation,edge_insertion_loss_db,d1_coupling_1,d1_coupling_2,d1_mzi_phase_error,d1_mzi_loss_short,d1_mzi_loss_long,d1_bs1_reflectivity,d1_bs1_loss,d1_bs2_reflectivity,d1_bs2_loss,d1_snspd1_efficiency,d1_snspd1_jitter,d1_snspd1_dark,d1_snspd1_dead,d1_snspd2_efficiency,d1_snspd2_jitter,d1_snspd2_dark,d1_snspd2_dead,d2_coupling_1,d2_coupling_2,d2_mzi_phase_error,d2_mzi_loss_short,d2_mzi_loss_long,d2_bs1_reflectivity,d2_bs1_loss,d2_bs2_reflectivity,d2_bs2_loss,d2_snspd1_efficiency,d2_snspd1_jitter,d2_snspd1_dark,d2_snspd1_dead,d2_snspd2_efficiency,d2_snspd2_jitter,d2_snspd2_dark,d2_snspd2_dead
8,1,n1->n2->n12->n13->n14->n4->n5->n6->n7->n8->n9->n10,1.39914e+12|2.9277e+11|1.02421e+11|6.15644e+13|1.73585e+11|5.18924e+13|9.47619e+11|1.3295e+10|1.67497e+12|2.97761e+13|1.77255e+13|4.52738e+13,1.77398e+11|8.93832e+10|1.31721e+10|1.20015e+13|2.66204e+10|2.57057e+13|5.02465e+11|3.05195e+09|1.7716e+11|3.75649e+12|1.12087e+13|1.1265e+13,1.95975e-05|2.30528e-05|0.000151799|1.91329e-05|0.000296239|0.000184583|2.16719e-05|0.000791651|0.000138816|0.000533313|2.11883e-05|5.27173e-05,0.00010992|0.000491852|0.00251821|0.00010256|0.000130641|0.000294331|0.00291743|0.00210098|0.00414359|0.000989963|0.0022225|0.00330392,0.0181682|0.0363562|0.0201998|0.0428446|0.0274855|0.00258778|0.0474863|0.0394512|0.0305222|0.0214324|0.0428419|0.0131986,0.0319791|0.0270472|0.0203015|0.0431604|0.0191396|0.0218892|0.0371588|0.0484347|0.0147697|0.0250331|0.0409884|0.0417374,0.949547|0.950284|0.954465|0.909054|0.94417|0.900966|0.974548|0.921987|0.96879|0.91902|0.940435|0.907225,4.23825|1.22677|0.174573|0.95656|2.66883|0.446122|4.40271|2.02122|0.917544|2.87572|0.302176|4.65403,79.8117|88.6198|13.9548|56.34|52.1141|81.7362|37.2729|32.9383|55.4093|99.595|65.9961,0.217184|0.211866|0.198327|0.185456|0.243468|0.241023|0.205536|0.230383|0.205609|0.187871|0.161606,0.641344|0.611032|0.649751|0.544934|0.237548|0.824452|0.626255|0.704667|0.120763|0.969103|0.752732,0.935004,0.828035,0.00860061,0.625358,0.653224,0.50567,0.0737287,0.531077,0.0227058,0.913816,20.837,4.14754e-11,47595,0.929259,14.6973,1.66086e-11,23039,0.936476,0.823991,0.0110375,0.713123,0.0635319,0.472453,0.247421,0.530969,0.256238,0.858698,57.5243,1.23991e-10,22329,0.93039,18.7738,4.49782e-10,67358
8,2,n1->n2->n12->n13->n3->n4->n5->n6->n7->n8->n9->n10,1.39914e+12|2.9277e+11|1.02421e+11|6.15644e+13|2.83016e+12|5.18924e+13|9.47619e+11|1.3295e+10|1.67497e+12|2.97761e+13|1.77255e+13|4.52738e+13,1.77398e+11|8.93832e+10|1.31721e+10|1.20015e+13|6.97984e+11|2.57057e+13|5.02465e+11|3.05195e+09|1.7716e+11|3.75649e+12|1.12087e+13|1.1265e+13,1.95975e-05|2.30528e-05|0.000151799|1.91329e-05|2.3201e-05|0.000184583|2.16719e-05|0.000791651|0.000138816|0.000533313|2.11883e-05|5.27173e-05,0.00010992|0.000491852|0.00251821|0.00010256|0.00771915|0.000294331|0.00291743|0.00210098|0.00414359|0.000989963|0.0022225|0.00330392,0.0181682|0.0363562|0.0201998|0.0428446|0.0253399|0.00258778|0.0474863|0.0394512|0.0305222|0.0214324|0.0428419|0.0131986,0.0319791|0.0270472|0.0203015|0.0431604|0.0264018|0.0218892|0.0371588|0.0484347|0.0147697|0.0250331|0.0409884|0.0417374,0.949547|0.950284|0.954465|0.909054|0.99323|0.900966|0.974548|0.921987|0.96879|0.91902|0.940435|0.907225,4.23825|1.22677|0.174573|0.95656|2.3022|0.446122|4.40271|2.02122|0.917544|2.87572|0.302176|4.65403,79.8117|88.6198|13.9548|83.9106|10.4739|81.7362|37.2729|32.9383|55.4093|99.595|65.9961,0.217184|0.211866|0.198327|0.164875|0.218201|0.241023|0.205536|0.230383|0.205609|0.187871|0.161606,0.641344|0.611032|0.649751|0.456853|0.49652|0.824452|0.626255|0.704667|0.120763|0.969103|0.752732,0.935004,0.828035,0.00860061,0.625358,0.653224,0.50567,0.0737287,0.531077,0.0227058,0.913816,20.837,4.14754e-11,47595,0.929259,14.6973,1.66086e-11,23039,0.936476,0.823991,0.0110375,0.713123,0.0635319,0.472453,0.247421,0.530969,0.256238,0.858698,57.5243,1.23991e-10,22329,0.93039,18.7738,4.49782e-10,67358
8,3,n1->n11->n12->n2->n3->n4->n5->n6->n7->n8->n9->n10,1.39914e+12|6.74446e+13|1.02421e+11|2.9277e+11|2.83016e+12|5.18924e+13|9.47619e+11|1.3295e+10|1.67497e+12|2.97761e+13|1.77255e+13|4.52738e+13,1.77398e+11|6.67907e+13|1.31721e+10|8.93832e+10|6.97984e+11|2.57057e+13|5.02465e+11|3.05195e+09|1.7716e+11|3.75649e+12|1.12087e+13|1.1265e+13,1.95975e-05|0.000704058|0.000151799|2.30528e-05|2.3201e-05|0.000184583|2.16719e-05|0.000791651|0.000138816|0.000533313|2.11883e-05|5.27173e-05,0.00010992|0.00551474|0.00251821|0.000491852|0.00771915|0.000294331|0.00291743|0.00210098|0.00414359|0.000989963|0.0022225|0.00330392,0.0181682|0.013944|0.0201998|0.0363562|0.0253399|0.00258778|0.0474863|0.0394512|0.0305222|0.0214324|0.0428419|0.0131986,0.0319791|0.0483324|0.0203015|0.0270472|0.0264018|0.0218892|0.0371588|0.0484347|0.0147697|0.0250331|0.0409884|0.0417374,0.949547|0.98815|0.954465|0.950284|0.99323|0.900966|0.974548|0.921987|0.96879|0.91902|0.940435|0.907225,4.23825|3.35756|0.174573|1.22677|2.3022|0.446122|4.40271|2.02122|0.917544|2.87572|0.302176|4.65403,30.2686|24.4191|88.6198|37.015|10.4739|81.7362|37.2729|32.9383|55.4093|99.595|65.9961,0.172886|0.215492|0.211866|0.221489|0.218201|0.241023|0.205536|0.230383|0.205609|0.187871|0.161606,0.273933|0.537123|0.611032|0.940196|0.49652|0.824452|0.626255|0.704667|0.120763|0.969103|0.752732,0.935004,0.828035,0.00860061,0.625358,0.653224,0.50567,0.0737287,0.531077,0.0227058,0.913816,20.837,4.14754e-11,47595,0.929259,14.6973,1.66086e-11,23039,0.936476,0.823991,0.0110375,0.713123,0.0635319,0.472453,0.247421,0.530969,0.256238,0.858698,57.5243,1.23991e-10,22329,0.93039,18.7738,4.49782e-10,67358
8,4,n1->n2->n12->n13->n14->n15->n5->n6->n7->n8->n9->n10,1.39914e+12|2.9277e+11|1.02421e+11|6.15644e+13|1.73585e+11|5.83171e+09|9.47619e+11|1.3295e+10|1.67497e+12|2.97761e+13|1.77255e+13|4.52738e+13,1.77398e+11|8.93832e+10|1.31721e+10|1.20015e+13|2.66204e+10|9.6845e+08|5.02465e+11|3.05195e+09|1.7716e+11|3.75649e+12|1.12087e+13|1.1265e+13,1.95975e-05|2.30528e-05|0.000151799|1.91329e-05|0.000296239|1.34777e-05|2.16719e-05|0.000791651|0.000138816|0.000533313|2.11883e-05|5.27173e-05,0.00010992|0.000491852|0.00251821|0.00010256|0.000130641|0.000170048|0.00291743|0.00210098|0.00414359|0.000989963|0.0022225|0.00330392,0.0181682|0.0363562|0.0201998|0.0428446|0.0274855|0.0488947|0.0474863|0.0394512|0.0305222|0.0214324|0.0428419|0.0131986,0.0319791|0.0270472|0.0203015|0.0431604|0.0191396|0.0139893|0.0371588|0.0484347|0.0147697|0.0250331|0.0409884|0.0417374,0.949547|0.950284|0.954465|0.909054|0.94417|0.929167|0.974548|0.921987|0.96879|0.91902|0.940435|0.907225,4.23825|1.22677|0.174573|0.95656|2.66883|0.798633|4.40271|2.02122|0.917544|2.87572|0.302176|4.65403,79.8117|88.6198|13.9548|56.34|92.5451|35.0583|37.2729|32.9383|55.4093|99.595|65.9961,0.217184|0.211866|0.198327|0.185456|0.180776|0.178893|0.205536|0.230383|0.205609|0.187871|0.161606,0.641344|0.611032|0.649751|0.544934|0.921574|0.280873|0.626255|0.704667|0.120763|0.969103|0.752732,0.935004,0.828035,0.00860061,0.625358,0.653224,0.50567,0.0737287,0.531077,0.0227058,0.913816,20.837,4.14754e-11,47595,0.929259,14.6973,1.66086e-11,23039,0.936476,0.823991,0.0110375,0.713123,0.0635319,0.472453,0.247421,0.530969,0.256238,0.858698,57.5243,1.23991e-10,22329,0.93039,18.7738,4.49782e-10,67358
8,5,n1->n11->n12->n13->n3->n4->n5->n6->n7->n8->n9->n10,1.39914e+12|6.74446e+13|1.02421e+11|6.15644e+13|2.83016e+12|5.18924e+13|9.47619e+11|1.3295e+10|1.67497e+12|2.97761e+13|1.77255e+13|4.52738e+13,1.77398e+11|6.67907e+13|1.31721e+10|1.20015e+13|6.97984e+11|2.57057e+13|5.02465e+11|3.05195e+09|1.7716e+11|3.75649e+12|1.12087e+13|1.1265e+13,1.95975e-05|0.000704058|0.000151799|1.91329e-05|2.3201e-05|0.000184583|2.16719e-05|0.000791651|0.000138816|0.000533313|2.11883e-05|5.27173e-05,0.00010992|0.00551474|0.00251821|0.00010256|0.00771915|0.000294331|0.00291743|0.00210098|0.00414359|0.000989963|0.0022225|0.00330392,0.0181682|0.013944|0.0201998|0.0428446|0.0253399|0.00258778|0.0474863|0.0394512|0.0305222|0.0214324|0.0428419|0.0131986,0.0319791|0.0483324|0.0203015|0.0431604|0.0264018|0.0218892|0.0371588|0.0484347|0.0147697|0.0250331|0.0409884|0.0417374,0.949547|0.98815|0.954465|0.909054|0.99323|0.900966|0.974548|0.921987|0.96879|0.91902|0.940435|0.907225,4.23825|3.35756|0.174573|0.95656|2.3022|0.446122|4.40271|2.02122|0.917544|2.87572|0.302176|4.65403,30.2686|24.4191|13.9548|83.9106|10.4739|81.7362|37.2729|32.9383|55.4093|99.595|65.9961,0.172886|0.215492|0.198327|0.164875|0.218201|0.241023|0.205536|0.230383|0.205609|0.187871|0.161606,0.273933|0.537123|0.649751|0.456853|0.49652|0.824452|0.626255|0.704667|0.120763|0.969103|0.752732,0.935004,0.828035,0.00860061,0.625358,0.653224,0.50567,0.0737287,0.531077,0.0227058,0.913816,20.837,4.14754e-11,47595,0.929259,14.6973,1.66086e-11,23039,0.936476,0.823991,0.0110375,0.713123,0.0635319,0.472453,0.247421,0.530969,0.256238,0.858698,57.5243,1.23991e-10,22329,0.93039,18.7738,4.49782e-10,67358
8,6,n1->n2->n3->n4->n14->n15->n16->n6->n7->n8->n9->n10,1.39914e+12|2.9277e+11|2.83016e+12|5.18924e+13|1.73585e+11|5.83171e+09|5.96789e+12|1.3295e+10|1.67497e+12|2.97761e+13|1.77255e+13|4.52738e+13,1.77398e+11|8.93832e+10|6.97984e+11|2.57057e+13|2.66204e+10|9.6845e+08|5.01145e+12|3.05195e+09|1.7716e+11|3.75649e+12|1.12087e+13|1.1265e+13,1.95975e-05|2.30528e-05|2.3201e-05|0.000184583|0.000296239|1.34777e-05|0.000379753|0.000791651|0.000138816|0.000533313|2.11883e-05|5.27173e-05,0.00010992|0.000491852|0.00771915|0.000294331|0.000130641|0.000170048|0.0016797|0.00210098|0.00414359|0.000989963|0.0022225|0.00330392,0.0181682|0.0363562|0.0253399|0.00258778|0.0274855|0.0488947|0.0406616|0.0394512|0.0305222|0.0214324|0.0428419|0.0131986,0.0319791|0.0270472|0.0264018|0.0218892|0.0191396|0.0139893|0.0202115|0.0484347|0.0147697|0.0250331|0.0409884|0.0417374,0.949547|0.950284|0.99323|0.900966|0.94417|0.929167|0.981652|0.921987|0.96879|0.91902|0.940435|0.907225,4.23825|1.22677|2.3022|0.446122|2.66883|0.798633|5.01724|2.02122|0.917544|2.87572|0.302176|4.65403,79.8117|37.015|10.4739|52.1141|92.5451|56.2706|50.0569|32.9383|55.4093|99.595|65.9961,0.217184|0.221489|0.218201|0.243468|0.180776|0.18736|0.218247|0.230383|0.205609|0.187871|0.161606,0.641344|0.940196|0.49652|0.237548|0.921574|0.442932|0.340289|0.704667|0.120763|0.969103|0.752732,0.935004,0.828035,0.00860061,0.625358,0.653224,0.50567,0.0737287,0.531077,0.0227058,0.913816,20.837,4.14754e-11,47595,0.929259,14.6973,1.66086e-11,23039,0.936476,0.823991,0.0110375,0.713123,0.0635319,0.472453,0.247421,0.530969,0.256238,0.858698,57.5243,1.23991e-10,22329,0.93039,18.7738,4.49782e-10,67358
8,7,n1->n11->n12->n13->n14->n15->n5->n6->n7->n8->n9->n10,1.39914e+12|6.74446e+13|1.02421e+11|6.15644e+13|1.73585e+11|5.83171e+09|9.47619e+11|1.3295e+10|1.67497e+12|2.97761e+13|1.77255e+13|4.52738e+13,1.77398e+11|6.67907e+13|1.31721e+10|1.20015e+13|2.66204e+10|9.6845e+08|5.02465e+11|3.05195e+09|1.7716e+11|3.75649e+12|1.12087e+13|1.1265e+13,1.95975e-05|0.000704058|0.000151799|1.91329e-05|0.000296239|1.34777e-05|2.16719e-05|0.000791651|0.000138816|0.000533313|2.11883e-05|5.27173e-05,0.00010992|0.00551474|0.00251821|0.00010256|0.000130641|0.000170048|0.00291743|0.00210098|0.00414359|0.000989963|0.0022225|0.00330392,0.0181682|0.013944|0.0201998|0.0428446|0.0274855|0.0488947|0.0474863|0.0394512|0.0305222|0.0214324|0.0428419|0.0131986,0.0319791|0.0483324|0.0203015|0.0431604|0.0191396|0.0139893|0.0371588|0.0484347|0.0147697|0.0250331|0.0409884|0.0417374,0.949547|0.98815|0.954465|0.909054|0.94417|0.929167|0.974548|0.921987|0.96879|0.91902|0.940435|0.907225,4.23825|3.35756|0.174573|0.95656|2.66883|0.798633|4.40271|2.02122|0.917544|2.87572|0.302176|4.65403,30.2686|24.4191|13.9548|56.34|92.5451|35.0583|37.2729|32.9383|55.4093|99.595|65.9961,0.172886|0.215492|0.198327|0.185456|0.180776|0.178893|0.205536|0.230383|0.205609|0.187871|0.161606,0.273933|0.537123|0.649751|0.544934|0.921574|0.280873|0.626255|0.704667|0.120763|0.969103|0.752732,0.935004,0.828035,0.00860061,0.625358,0.653224,0.50567,0.0737287,0.531077,0.0227058,0.913816,20.837,4.14754e-11,47595,0.929259,14.6973,1.66086e-11,23039,0.936476,0.823991,0.0110375,0.713123,0.0635319,0.472453,0.247421,0.530969,0.256238,0.858698,57.5243,1.23991e-10,22329,0.93039,18.7738,4.49782e-10,67358
8,8,n1->n2->n3->n4->n5->n15->n16->n6->n7->n8->n9->n10,1.39914e+12|2.9277e+11|2.83016e+12|5.18924e+13|9.47619e+11|5.83171e+09|5.96789e+12|1.3295e+10|1.67497e+12|2.97761e+13|1.77255e+13|4.52738e+13,1.77398e+11|8.93832e+10|6.97984e+11|2.57057e+13|5.02465e+11|9.6845e+08|5.01145e+12|3.05195e+09|1.7716e+11|3.75649e+12|1.12087e+13|1.1265e+13,1.95975e-05|2.30528e-05|2.3201e-05|0.000184583|2.16719e-05|1.34777e-05|0.000379753|0.000791651|0.000138816|0.000533313|2.11883e-05|5.27173e-05,0.00010992|0.000491852|0.00771915|0.000294331|0.00291743|0.000170048|0.0016797|0.00210098|0.00414359|0.000989963|0.0022225|0.00330392,0.0181682|0.0363562|0.0253399|0.00258778|0.0474863|0.0488947|0.0406616|0.0394512|0.0305222|0.0214324|0.0428419|0.0131986,0.0319791|0.0270472|0.0264018|0.0218892|0.0371588|0.0139893|0.0202115|0.0484347|0.0147697|0.0250331|0.0409884|0.0417374,0.949547|0.950284|0.99323|0.900966|0.974548|0.929167|0.981652|0.921987|0.96879|0.91902|0.940435|0.907225,4.23825|1.22677|2.3022|0.446122|4.40271|0.798633|5.01724|2.02122|0.917544|2.87572|0.302176|4.65403,79.8117|37.015|10.4739|81.7362|35.0583|56.2706|50.0569|32.9383|55.4093|99.595|65.9961,0.217184|0.221489|0.218201|0.241023|0.178893|0.18736|0.218247|0.230383|0.205609|0.187871|0.161606,0.641344|0.940196|0.49652|0.824452|0.280873|0.442932|0.340289|0.704667|0.120763|0.969103|0.752732,0.935004,0.828035,0.00860061,0.625358,0.653224,0.50567,0.0737287,0.531077,0.0227058,0.913816,20.837,4.14754e-11,47595,0.929259,14.6973,1.66086e-11,23039,0.936476,0.823991,0.0110375,0.713123,0.0635319,0.472453,0.247421,0.530969,0.256238,0.858698,57.5243,1.23991e-10,22329,0.93039,18.7738,4.49782e-10,67358
8,9,n1->n2->n3->n13->n14->n4->n5->n6->n7->n8->n9->n10,1.39914e+12|2.9277e+11|2.83016e+12|6.15644e+13|1.73585e+11|5.18924e+13|9.47619e+11|1.3295e+10|1.67497e+12|2.97761e+13|1.77255e+13|4.52738e+13,1.77398e+11|8.93832e+10|6.97984e+11|1.20015e+13|2.66204e+10|2.57057e+13|5.02465e+11|3.05195e+09|1.7716e+11|3.75649e+12|1.12087e+13|1.1265e+13,1.95975e-05|2.30528e-05|2.3201e-05|1.91329e-05|0.000296239|0.000184583|2.16719e-05|0.000791651|0.000138816|0.000533313|2.11883e-05|5.27173e-05,0.00010992|0.000491852|0.00771915|0.00010256|0.000130641|0.000294331|0.00291743|0.00210098|0.00414359|0.000989963|0.0022225|0.00330392,0.0181682|0.0363562|0.0253399|0.0428446|0.0274855|0.00258778|0.0474863|0.0394512|0.0305222|0.0214324|0.0428419|0.0131986,0.0319791|0.0270472|0.0264018|0.0431604|0.0191396|0.0218892|0.0371588|0.0484347|0.0147697|0.0250331|0.0409884|0.0417374,0.949547|0.950284|0.99323|0.909054|0.94417|0.900966|0.974548|0.921987|0.96879|0.91902|0.940435|0.907225,4.23825|1.22677|2.3022|0.95656|2.66883|0.446122|4.40271|2.02122|0.917544|2.87572|0.302176|4.65403,79.8117|37.015|83.9106|56.34|52.1141|81.7362|37.2729|32.9383|55.4093|99.595|65.9961,0.217184|0.221489|0.164875|0.185456|0.243468|0.241023|0.205536|0.230383|0.205609|0.187871|0.161606,0.641344|0.940196|0.456853|0.544934|0.237548|0.824452|0.626255|0.704667|0.120763|0.969103|0.752732,0.935004,0.828035,0.00860061,0.625358,0.653224,0.50567,0.0737287,0.531077,0.0227058,0.913816,20.837,4.14754e-11,47595,0.929259,14.6973,1.66086e-11,23039,0.936476,0.823991,0.0110375,0.713123,0.0635319,0.472453,0.247421,0.530969,0.256238,0.858698,57.5243,1.23991e-10,22329,0.93039,18.7738,4.49782e-10,67358
8,10,n1->n2->n3->n13->n14->n15->n16->n6->n7->n8->n9->n10,1.39914e+12|2.9277e+11|2.83016e+12|6.15644e+13|1.73585e+11|5.83171e+09|5.96789e+12|1.3295e+10|1.67497e+12|2.97761e+13|1.77255e+13|4.52738e+13,1.77398e+11|8.93832e+10|6.97984e+11|1.20015e+13|2.66204e+10|9.6845e+08|5.01145e+12|3.05195e+09|1.7716e+11|3.75649e+12|1.12087e+13|1.1265e+13,1.95975e-05|2.30528e-05|2.3201e-05|1.91329e-05|0.000296239|1.34777e-05|0.000379753|0.000791651|0.000138816|0.000533313|2.11883e-05|5.27173e-05,0.00010992|0.000491852|0.00771915|0.00010256|0.000130641|0.000170048|0.0016797|0.00210098|0.00414359|0.000989963|0.0022225|0.00330392,0.0181682|0.0363562|0.0253399|0.0428446|0.0274855|0.0488947|0.0406616|0.0394512|0.0305222|0.0214324|0.0428419|0.0131986,0.0319791|0.0270472|0.0264018|0.0431604|0.0191396|0.0139893|0.0202115|0.0484347|0.0147697|0.0250331|0.0409884|0.0417374,0.949547|0.950284|0.99323|0.909054|0.94417|0.929167|0.981652|0.921987|0.96879|0.91902|0.940435|0.907225,4.23825|1.22677|2.3022|0.95656|2.66883|0.798633|5.01724|2.02122|0.917544|2.87572|0.302176|4.65403,79.8117|37.015|83.9106|56.34|92.5451|56.2706|50.0569|32.9383|55.4093|99.595|65.9961,0.217184|0.221489|0.164875|0.185456|0.180776|0.18736|0.218247|0.230383|0.205609|0.187871|0.161606,0.641344|0.940196|0.456853|0.544934|0.921574|0.442932|0.340289|0.704667|0.120763|0.969103|0.752732,0.935004,0.828035,0.00860061,0.625358,0.653224,0.50567,0.0737287,0.531077,0.0227058,0.913816,20.837,4.14754e-11,47595,0.929259,14.6973,1.66086e-11,23039,0.936476,0.823991,0.0110375,0.713123,0.0635319,0.472453,0.247421,0.530969,0.256238,0.858698,57.5243,1.23991e-10,22329,0.93039,18.7738,4.49782e-10,67358
8,11,n1->n2->n3->n4->n5->n15->n16->n17->n7->n8->n9->n10,1.39914e+12|2.9277e+11|2.83016e+12|5.18924e+13|9.47619e+11|5.83171e+09|5.96789e+12|1.02005e+09|1.67497e+12|2.97761e+13|1.77255e+13|4.52738e+13,1.77398e+11|8.93832e+10|6.97984e+11|2.57057e+13|5.02465e+11|9.6845e+08|5.01145e+12|3.1363e+08|1.7716e+11|3.75649e+12|1.12087e+13|1.1265e+13,1.95975e-05|2.30528e-05|2.3201e-05|0.000184583|2.16719e-05|1.34777e-05|0.000379753|3.38246e-05|0.000138816|0.000533313|2.11883e-05|5.27173e-05,0.00010992|0.000491852|0.00771915|0.000294331|0.00291743|0.000170048|0.0016797|0.000148753|0.00414359|0.000989963|0.0022225|0.00330392,0.0181682|0.0363562|0.0253399|0.00258778|0.0474863|0.0488947|0.0406616|0.0423098|0.0305222|0.0214324|0.0428419|0.0131986,0.0319791|0.0270472|0.0264018|0.0218892|0.0371588|0.0139893|0.0202115|0.000397484|0.0147697|0.0250331|0.0409884|0.0417374,0.949547|0.950284|0.99323|0.900966|0.974548|0.929167|0.981652|0.969366|0.96879|0.91902|0.940435|0.907225,4.23825|1.22677|2.3022|0.446122|4.40271|0.798633|5.01724|6.20899|0.917544|2.87572|0.302176|4.65403,79.8117|37.015|10.4739|81.7362|35.0583|56.2706|32.2763|59.8148|55.4093|99.595|65.9961,0.217184|0.221489|0.218201|0.241023|0.178893|0.18736|0.20903|0.171695|0.205609|0.187871|0.161606,0.641344|0.940196|0.49652|0.824452|0.280873|0.442932|0.132326|0.566426|0.120763|0.969103|0.752732,0.935004,0.828035,0.00860061,0.625358,0.653224,0.50567,0.0737287,0.531077,0.0227058,0.913816,20.837,4.14754e-11,47595,0.929259,14.6973,1.66086e-11,23039,0.936476,0.823991,0.0110375,0.713123,0.0635319,0.472453,0.247421,0.530969,0.256238,0.858698,57.5243,1.23991e-10,22329,0.93039,18.7738,4.49782e-10,67358
8,12,n1->n11->n12->n13->n14->n15->n16->n6->n7->n8->n9->n10,1.39914e+12|6.74446e+13|1.02421e+11|6.15644e+13|1.73585e+11|5.83171e+09|5.96789e+12|1.3295e+10|1.67497e+12|2.97761e+13|1.77255e+13|4.52738e+13,1.77398e+11|6.67907e+13|1.31721e+10|1.20015e+13|2.66204e+10|9.6845e+08|5.01145e+12|3.05195e+09|1.7716e+11|3.75649e+12|1.12087e+13|1.1265e+13,1.95975e-05|0.000704058|0.000151799|1.91329e-05|0.000296239|1.34777e-05|0.000379753|0.000791651|0.000138816|0.000533313|2.11883e-05|5.27173e-05,0.00010992|0.00551474|0.00251821|0.00010256|0.000130641|0.000170048|0.0016797|0.00210098|0.00414359|0.000989963|0.0022225|0.00330392,0.0181682|0.013944|0.0201998|0.0428446|0.0274855|0.0488947|0.0406616|0.0394512|0.0305222|0.0214324|0.0428419|0.0131986,0.0319791|0.0483324|0.0203015|0.0431604|0.0191396|0.0139893|0.0202115|0.0484347|0.0147697|0.0250331|0.0409884|0.0417374,0.949547|0.98815|0.954465|0.909054|0.94417|0.929167|0.981652|0.921987|0.96879|0.91902|0.940435|0.907225,4.23825|3.35756|0.174573|0.95656|2.66883|0.798633|5.01724|2.02122|0.917544|2.87572|0.302176|4.65403,30.2686|24.4191|13.9548|56.34|92.5451|56.2706|50.0569|32.9383|55.4093|99.595|65.9961,0.172886|0.215492|0.198327|0.185456|0.180776|0.18736|0.218247|0.230383|0.205609|0.187871|0.161606,0.273933|0.537123|0.649751|0.544934|0.921574|0.442932|0.340289|0.704667|0.120763|0.969103|0.752732,0.935004,0.828035,0.00860061,0.625358,0.653224,0.50567,0.0737287,0.531077,0.0227058,0.913816,20.837,4.14754e-11,47595,0.929259,14.6973,1.66086e-11,23039,0.936476,0.823991,0.0110375,0.713123,0.0635319,0.472453,0.247421,0.530969,0.256238,0.858698,57.5243,1.23991e-10,22329,0.93039,18.7738,4.49782e-10,67358
8,13,n1->n2->n3->n13->n14->n15->n5->n6->n7->n8->n9->n10,1.39914e+12|2.9277e+11|2.83016e+12|6.15644e+13|1.73585e+11|5.83171e+09|9.47619e+11|1.3295e+10|1.67497e+12|2.97761e+13|1.77255e+13|4.52738e+13,1.77398e+11|8.93832e+10|6.97984e+11|1.20015e+13|2.66204e+10|9.6845e+08|5.02465e+11|3.05195e+09|1.7716e+11|3.75649e+12|1.12087e+13|1.1265e+13,1.95975e-05|2.30528e-05|2.3201e-05|1.91329e-05|0.000296239|1.34777e-05|2.16719e-05|0.000791651|0.000138816|0.000533313|2.11883e-05|5.27173e-05,0.00010992|0.000491852|0.00771915|0.00010256|0.000130641|0.000170048|0.00291743|0.00210098|0.00414359|0.000989963|0.0022225|0.00330392,0.0181682|0.0363562|0.0253399|0.0428446|0.0274855|0.0488947|0.0474863|0.0394512|0.0305222|0.0214324|0.0428419|0.0131986,0.0319791|0.0270472|0.0264018|0.0431604|0.0191396|0.0139893|0.0371588|0.0484347|0.0147697|0.0250331|0.0409884|0.0417374,0.949547|0.950284|0.99323|0.909054|0.94417|0.929167|0.974548|0.921987|0.96879|0.91902|0.940435|0.907225,4.23825|1.22677|2.3022|0.95656|2.66883|0.798633|4.40271|2.02122|0.917544|2.87572|0.302176|4.65403,79.8117|37.015|83.9106|56.34|92.5451|35.0583|37.2729|32.9383|55.4093|99.595|65.9961,0.217184|0.221489|0.164875|0.185456|0.180776|0.178893|0.205536|0.230383|0.205609|0.187871|0.161606,0.641344|0.940196|0.456853|0.544934|0.921574|0.280873|0.626255|0.704667|0.120763|0.969103|0.752732,0.935004,0.828035,0.00860061,0.625358,0.653224,0.50567,0.0737287,0.531077,0.0227058,0.913816,20.837,4.14754e-11,47595,0.929259,14.6973,1.66086e-11,23039,0.936476,0.823991,0.0110375,0.713123,0.0635319,0.472453,0.247421,0.530969,0.256238,0.858698,57.5243,1.23991e-10,22329,0.93039,18.7738,4.49782e-10,67358
8,14,n1->n2->n3->n4->n5->n6->n16->n17->n18->n19->n9->n10,1.39914e+12|2.9277e+11|2.83016e+12|5.18924e+13|9.47619e+11|1.3295e+10|5.96789e+12|1.02005e+09|2.57098e+11|3.10599e+10|1.77255e+13|4.52738e+13,1.77398e+11|8.93832e+10|6.97984e+11|2.57057e+13|5.02465e+11|3.05195e+09|5.01145e+12|3.1363e+08|6.04421e+10|7.39528e+09|1.12087e+13|1.1265e+13,1.95975e-05|2.30528e-05|2.3201e-05|0.000184583|2.16719e-05|0.000791651|0.000379753|3.38246e-05|0.000162804|0.000969765|2.11883e-05|5.27173e-05,0.00010992|0.000491852|0.00771915|0.000294331|0.00291743|0.00210098|0.0016797|0.000148753|0.00406814|0.000225136|0.0022225|0.00330392,0.0181682|0.0363562|0.0253399|0.00258778|0.0474863|0.0394512|0.0406616|0.0423098|0.0120126|0.00384841|0.0428419|0.0131986,0.0319791|0.0270472|0.0264018|0.0218892|0.0371588|0.0484347|0.0202115|0.000397484|0.0125351|0.0294878|0.0409884|0.0417374,0.949547|0.950284|0.99323|0.900966|0.974548|0.921987|0.981652|0.969366|0.957682|0.902305|0.940435|0.907225,4.23825|1.22677|2.3022|0.446122|4.40271|2.02122|5.01724|6.20899|5.90544|1.1337|0.302176|4.65403,79.8117|37.015|10.4739|81.7362|37.2729|50.0569|32.2763|27.3162|28.0546|99.0064|65.9961,0.217184|0.221489|0.218201|0.241023|0.205536|0.218247|0.20903|0.164228|0.231107|0.175436|0.161606,0.641344|0.940196|0.49652|0.824452|0.626255|0.340289|0.132326|0.347372|0.277869|0.269031|0.752732,0.935004,0.828035,0.00860061,0.625358,0.653224,0.50567,0.0737287,0.531077,0.0227058,0.913816,20.837,4.14754e-11,47595,0.929259,14.6973,1.66086e-11,23039,0.936476,0.823991,0.0110375,0.713123,0.0635319,0.472453,0.247421,0.530969,0.256238,0.858698,57.5243,1.23991e-10,22329,0.93039,18.7738,4.49782e-10,67358
8,15,n1->n11->n12->n13->n14->n4->n5->n6->n7->n8->n9->n10,1.39914e+12|6.74446e+13|1.02421e+11|6.15644e+13|1.73585e+11|5.18924e+13|9.47619e+11|1.3295e+10|1.67497e+12|2.97761e+13|1.77255e+13|4.52738e+13,1.77398e+11|6.67907e+13|1.31721e+10|1.20015e+13|2.66204e+10|2.57057e+13|5.02465e+11|3.05195e+09|1.7716e+11|3.75649e+12|1.12087e+13|1.1265e+13,1.95975e-05|0.000704058|0.000151799|1.91329e-05|0.000296239|0.000184583|2.16719e-05|0.000791651|0.000138816|0.000533313|2.11883e-05|5.27173e-05,0.00010992|0.00551474|0.00251821|0.00010256|0.000130641|0.000294331|0.00291743|0.00210098|0.00414359|0.000989963|0.0022225|0.00330392,0.0181682|0.013944|0.0201998|0.0428446|0.0274855|0.00258778|0.0474863|0.0394512|0.0305222|0.0214324|0.0428419|0.0131986,0.0319791|0.0483324|0.0203015|0.0431604|0.0191396|0.0218892|0.0371588|0.0484347|0.0147697|0.0250331|0.0409884|0.0417374,0.949547|0.98815|0.954465|0.909054|0.94417|0.900966|0.974548|0.921987|0.96879|0.91902|0.940435|0.907225,4.23825|3.35756|0.174573|0.95656|2.66883|0.446122|4.40271|2.02122|0.917544|2.87572|0.302176|4.65403,30.2686|24.4191|13.9548|56.34|52.1141|81.7362|37.2729|32.9383|55.4093|99.595|65.9961,0.172886|0.215492|0.198327|0.185456|0.243468|0.241023|0.205536|0.230383|0.205609|0.187871|0.161606,0.273933|0.537123|0.649751|0.544934|0.237548|0.824452|0.626255|0.704667|0.120763|0.969103|0.752732,0.935004,0.828035,0.00860061,0.625358,0.653224,0.50567,0.0737287,0.531077,0.0227058,0.913816,20.837,4.14754e-11,47595,0.929259,14.6973,1.66086e-11,23039,0.936476,0.823991,0.0110375,0.713123,0.0635319,0.472453,0.247421,0.530969,0.256238,0.858698,57.5243,1.23991e-10,22329,0.93039,18.7738,4.49782e-10,67358
8,16,n1->n2->n3->n4->n14->n15->n5->n6->n7->n8->n9->n10,1.39914e+12|2.9277e+11|2.83016e+12|5.18924e+13|1.73585e+11|5.83171e+09|9.47619e+11|1.3295e+10|1.67497e+12|2.97761e+13|1.77255e+13|4.52738e+13,1.77398e+11|8.93832e+10|6.97984e+11|2.57057e+13|2.66204e+10|9.6845e+08|5.02465e+11|3.05195e+09|1.7716e+11|3.75649e+12|1.12087e+13|1.1265e+13,1.95975e-05|2.30528e-05|2.3201e-05|0.000184583|0.000296239|1.34777e-05|2.16719e-05|0.000791651|0.000138816|0.000533313|2.11883e-05|5.27173e-05,0.00010992|0.000491852|0.00771915|0.000294331|0.000130641|0.000170048|0.00291743|0.00210098|0.00414359|0.000989963|0.0022225|0.00330392,0.0181682|0.0363562|0.0253399|0.00258778|0.0274855|0.0488947|0.0474863|0.0394512|0.0305222|0.0214324|0.0428419|0.0131986,0.0319791|0.0270472|0.0264018|0.0218892|0.0191396|0.0139893|0.0371588|0.0484347|0.0147697|0.0250331|0.0409884|0.0417374,0.949547|0.950284|0.99323|0.900966|0.94417|0.929167|0.974548|0.921987|0.96879|0.91902|0.940435|0.907225,4.23825|1.22677|2.3022|0.446122|2.66883|0.798633|4.40271|2.02122|0.917544|2.87572|0.302176|4.65403,79.8117|37.015|10.4739|52.1141|92.5451|35.0583|37.2729|32.9383|55.4093|99.595|65.9961,0.217184|0.221489|0.218201|0.243468|0.180776|0.178893|0.205536|0.230383|0.205609|0.187871|0.161606,0.641344|0.940196|0.49652|0.237548|0.921574|0.280873|0.626255|0.704667|0.120763|0.969103|0.752732,0.935004,0.828035,0.00860061,0.625358,0.653224,0.50567,0.0737287,0.531077,0.0227058,0.913816,20.837,4.14754e-11,47595,0.929259,14.6973,1.66086e-11,23039,0.936476,0.823991,0.0110375,0.713123,0.0635319,0.472453,0.247421,0.530969,0.256238,0.858698,57.5243,1.23991e-10,22329,0.93039,18.7738,4.49782e-10,67358
8,17,n1->n2->n3->n13->n14->n15->n16->n17->n18->n8->n9->n10,1.39914e+12|2.9277e+11|2.83016e+12|6.15644e+13|1.73585e+11|5.83171e+09|5.96789e+12|1.02005e+09|2.57098e+11|2.97761e+13|1.77255e+13|4.52738e+13,1.77398e+11|8.93832e+10|6.97984e+11|1.20015e+13|2.66204e+10|9.6845e+08|5.01145e+12|3.1363e+08|6.04421e+10|3.75649e+12|1.12087e+13|1.1265e+13,1.95975e-05|2.30528e-05|2.3201e-05|1.91329e-05|0.000296239|1.34777e-05|0.000379753|3.38246e-05|0.000162804|0.000533313|2.11883e-05|5.27173e-05,0.00010992|0.000491852|0.00771915|0.00010256|0.000130641|0.000170048|0.0016797|0.000148753|0.00406814|0.000989963|0.0022225|0.00330392,0.0181682|0.0363562|0.0253399|0.0428446|0.0274855|0.0488947|0.0406616|0.0423098|0.0120126|0.0214324|0.0428419|0.0131986,0.0319791|0.0270472|0.0264018|0.0431604|0.0191396|0.0139893|0.0202115|0.000397484|0.0125351|0.0250331|0.0409884|0.0417374,0.949547|0.950284|0.99323|0.909054|0.94417|0.929167|0.981652|0.969366|0.957682|0.91902|0.940435|0.907225,4.23825|1.22677|2.3022|0.95656|2.66883|0.798633|5.01724|6.20899|5.90544|2.87572|0.302176|4.65403,79.8117|37.015|83.9106|56.34|92.5451|56.2706|32.2763|27.3162|81.3396|99.595|65.9961,0.217184|0.221489|0.164875|0.185456|0.180776|0.18736|0.20903|0.164228|0.202434|0.187871|0.161606,0.641344|0.940196|0.456853|0.544934|0.921574|0.442932|0.132326|0.347372|0.175208|0.969103|0.752732,0.935004,0.828035,0.00860061,0.625358,0.653224,0.50567,0.0737287,0.531077,0.0227058,0.913816,20.837,4.14754e-11,47595,0.929259,14.6973,1.66086e-11,23039,0.936476,0.823991,0.0110375,0.713123,0.0635319,0.472453,0.247421,0.530969,0.256238,0.858698,57.5243,1.23991e-10,22329,0.93039,18.7738,4.49782e-10,67358
8,18,n1->n2->n3->n4->n5->n6->n16->n17->n18->n8->n9->n10,1.39914e+12|2.9277e+11|2.83016e+12|5.18924e+13|9.47619e+11|1.3295e+10|5.96789e+12|1.02005e+09|2.57098e+11|2.97761e+13|1.77255e+13|4.52738e+13,1.77398e+11|8.93832e+10|6.97984e+11|2.57057e+13|5.02465e+11|3.05195e+09|5.01145e+12|3.1363e+08|6.04421e+10|3.75649e+12|1.12087e+13|1.1265e+13,1.95975e-05|2.30528e-05|2.3201e-05|0.000184583|2.16719e-05|0.000791651|0.000379753|3.38246e-05|0.000162804|0.000533313|2.11883e-05|5.27173e-05,0.00010992|0.000491852|0.00771915|0.000294331|0.00291743|0.00210098|0.0016797|0.000148753|0.00406814|0.000989963|0.0022225|0.00330392,0.0181682|0.0363562|0.0253399|0.00258778|0.0474863|0.0394512|0.0406616|0.0423098|0.0120126|0.0214324|0.0428419|0.0131986,0.0319791|0.0270472|0.0264018|0.0218892|0.0371588|0.0484347|0.0202115|0.000397484|0.0125351|0.0250331|0.0409884|0.0417374,0.949547|0.950284|0.99323|0.900966|0.974548|0.921987|0.981652|0.969366|0.957682|0.91902|0.940435|0.907225,4.23825|1.22677|2.3022|0.446122|4.40271|2.02122|5.01724|6.20899|5.90544|2.87572|0.302176|4.65403,79.8117|37.015|10.4739|81.7362|37.2729|50.0569|32.2763|27.3162|81.3396|99.595|65.9961,0.217184|0.221489|0.218201|0.241023|0.205536|0.218247|0.20903|0.164228|0.202434|0.187871|0.161606,0.641344|0.940196|0.49652|0.824452|0.626255|0.340289|0.132326|0.347372|0.175208|0.969103|0.752732,0.935004,0.828035,0.00860061,0.625358,0.653224,0.50567,0.0737287,0.531077,0.0227058,0.913816,20.837,4.14754e-11,47595,0.929259,14.6973,1.66086e-11,23039,0.936476,0.823991,0.0110375,0.713123,0.0635319,0.472453,0.247421,0.530969,0.256238,0.858698,57.5243,1.23991e-10,22329,0.93039,18.7738,4.49782e-10,67358
8,19,n1->n2->n3->n13->n14->n15->n16->n17->n18->n19->n20->n10,1.39914e+12|2.9277e+11|2.83016e+12|6.15644e+13|1.73585e+11|5.83171e+09|5.96789e+12|1.02005e+09|2.57098e+11|3.10599e+10|1.29136e+12|4.52738e+13,1.77398e+11|8.93832e+10|6.97984e+11|1.20015e+13|2.66204e+10|9.6845e+08|5.01145e+12|3.1363e+08|6.04421e+10|7.39528e+09|5.89601e+11|1.1265e+13,1.95975e-05|2.30528e-05|2.3201e-05|1.91329e-05|0.000296239|1.34777e-05|0.000379753|3.38246e-05|0.000162804|0.000969765|0.000104918|5.27173e-05,0.00010992|0.000491852|0.00771915|0.00010256|0.000130641|0.000170048|0.0016797|0.000148753|0.00406814|0.000225136|0.000585458|0.00330392,0.0181682|0.0363562|0.0253399|0.0428446|0.0274855|0.0488947|0.0406616|0.0423098|0.0120126|0.00384841|0.0288099|0.0131986,0.0319791|0.0270472|0.0264018|0.0431604|0.0191396|0.0139893|0.0202115|0.000397484|0.0125351|0.0294878|0.0321693|0.0417374,0.949547|0.950284|0.99323|0.909054|0.94417|0.929167|0.981652|0.969366|0.957682|0.902305|0.976331|0.907225,4.23825|1.22677|2.3022|0.95656|2.66883|0.798633|5.01724|6.20899|5.90544|1.1337|4.981|4.65403,79.8117|37.015|83.9106|56.34|92.5451|56.2706|32.2763|27.3162|28.0546|10.3361|29.3778,0.217184|0.221489|0.164875|0.185456|0.180776|0.18736|0.20903|0.164228|0.231107|0.207438|0.198143,0.641344|0.940196|0.456853|0.544934|0.921574|0.442932|0.132326|0.347372|0.277869|0.257043|0.337655,0.935004,0.828035,0.00860061,0.625358,0.653224,0.50567,0.0737287,0.531077,0.0227058,0.913816,20.837,4.14754e-11,47595,0.929259,14.6973,1.66086e-11,23039,0.936476,0.823991,0.0110375,0.713123,0.0635319,0.472453,0.247421,0.530969,0.256238,0.858698,57.5243,1.23991e-10,22329,0.93039,18.7738,4.49782e-10,67358
8,20,n1->n2->n12->n13->n14->n15->n16->n6->n7->n8->n9->n10,1.39914e+12|2.9277e+11|1.02421e+11|6.15644e+13|1.73585e+11|5.83171e+09|5.96789e+12|1.3295e+10|1.67497e+12|2.97761e+13|1.77255e+13|4.52738e+13,1.77398e+11|8.93832e+10|1.31721e+10|1.20015e+13|2.66204e+10|9.6845e+08|5.01145e+12|3.05195e+09|1.7716e+11|3.75649e+12|1.12087e+13|1.1265e+13,1.95975e-05|2.30528e-05|0.000151799|1.91329e-05|0.000296239|1.34777e-05|0.000379753|0.000791651|0.000138816|0.000533313|2.11883e-05|5.27173e-05,0.00010992|0.000491852|0.00251821|0.00010256|0.000130641|0.000170048|0.0016797|0.00210098|0.00414359|0.000989963|0.0022225|0.00330392,0.0181682|0.0363562|0.0201998|0.0428446|0.0274855|0.0488947|0.0406616|0.0394512|0.0305222|0.0214324|0.0428419|0.0131986,0.0319791|0.0270472|0.0203015|0.0431604|0.0191396|0.0139893|0.0202115|0.0484347|0.0147697|0.0250331|0.0409884|0.0417374,0.949547|0.950284|0.954465|0.909054|0.94417|0.929167|0.981652|0.921987|0.96879|0.91902|0.940435|0.907225,4.23825|1.22677|0.174573|0.95656|2.66883|0.798633|5.01724|2.02122|0.917544|2.87572|0.302176|4.65403,79.8117|88.6198|13.9548|56.34|92.5451|56.2706|50.0569|32.9383|55.4093|99.595|65.9961,0.217184|0.211866|0.198327|0.185456|0.180776|0.18736|0.218247|0.230383|0.205609|0.187871|0.161606,0.641344|0.611032|0.649751|0.544934|0.921574|0.442932|0.340289|0.704667|0.120763|0.969103|0.752732,0.935004,0.828035,0.00860061,0.625358,0.653224,0.50567,0.0737287,0.531077,0.0227058,0.913816,20.837,4.14754e-11,47595,0.929259,14.6973,1.66086e-11,23039,0.936476,0.823991,0.0110375,0.713123,0.0635319,0.472453,0.247421,0.530969,0.256238,0.858698,57.5243,1.23991e-10,22329,0.93039,18.7738,4.49782e-10,67358
8,21,n1->n11->n12->n13->n14->n15->n16->n17->n18->n8->n9->n10,1.39914e+12|6.74446e+13|1.02421e+11|6.15644e+13|1.73585e+11|5.83171e+09|5.96789e+12|1.02005e+09|2.57098e+11|2.97761e+13|1.77255e+13|4.52738e+13,1.77398e+11|6.67907e+13|1.31721e+10|1.20015e+13|2.66204e+10|9.6845e+08|5.01145e+12|3.1363e+08|6.04421e+10|3.75649e+12|1.12087e+13|1.1265e+13,1.95975e-05|0.000704058|0.000151799|1.91329e-05|0.000296239|1.34777e-05|0.000379753|3.38246e-05|0.000162804|0.000533313|2.11883e-05|5.27173e-05,0.00010992|0.00551474|0.00251821|0.00010256|0.000130641|0.000170048|0.0016797|0.000148753|0.00406814|0.000989963|0.0022225|0.00330392,0.0181682|0.013944|0.0201998|0.0428446|0.0274855|0.0488947|0.0406616|0.0423098|0.0120126|0.0214324|0.0428419|0.0131986,0.0319791|0.0483324|0.0203015|0.0431604|0.0191396|0.0139893|0.0202115|0.000397484|0.0125351|0.0250331|0.0409884|0.0417374,0.949547|0.98815|0.954465|0.909054|0.94417|0.929167|0.981652|0.969366|0.957682|0.91902|0.940435|0.907225,4.23825|3.35756|0.174573|0.95656|2.66883|0.798633|5.01724|6.20899|5.90544|2.87572|0.302176|4.65403,30.2686|24.4191|13.9548|56.34|92.5451|56.2706|32.2763|27.3162|81.3396|99.595|65.9961,0.172886|0.215492|0.198327|0.185456|0.180776|0.18736|0.20903|0.164228|0.202434|0.187871|0.161606,0.273933|0.537123|0.649751|0.544934|0.921574|0.442932|0.132326|0.347372|0.175208|0.969103|0.752732,0.935004,0.828035,0.00860061,0.625358,0.653224,0.50567,0.0737287,0.531077,0.0227058,0.913816,20.837,4.14754e-11,47595,0.929259,14.6973,1.66086e-11,23039,0.936476,0.823991,0.0110375,0.713123,0.0635319,0.472453,0.247421,0.530969,0.256238,0.858698,57.5243,1.23991e-10,22329,0.93039,18.7738,4.49782e-10,67358
8,22,n1->n2->n3->n4->n5->n15->n16->n17->n18->n8->n9->n10,1.39914e+12|2.9277e+11|2.83016e+12|5.18924e+13|9.47619e+11|5.83171e+09|5.96789e+12|1.02005e+09|2.57098e+11|2.97761e+13|1.77255e+13|4.52738e+13,1.77398e+11|8.93832e+10|6.97984e+11|2.57057e+13|5.02465e+11|9.6845e+08|5.01145e+12|3.1363e+08|6.04421e+10|3.75649e+12|1.12087e+13|1.1265e+13,1.95975e-05|2.30528e-05|2.3201e-05|0.000184583|2.16719e-05|1.34777e-05|0.000379753|3.38246e-05|0.000162804|0.000533313|2.11883e-05|5.27173e-05,0.00010992|0.000491852|0.00771915|0.000294331|0.00291743|0.000170048|0.0016797|0.000148753|0.00406814|0.000989963|0.0022225|0.00330392,0.0181682|0.0363562|0.0253399|0.00258778|0.0474863|0.0488947|0.0406616|0.0423098|0.0120126|0.0214324|0.0428419|0.0131986,0.0319791|0.0270472|0.0264018|0.0218892|0.0371588|0.0139893|0.0202115|0.000397484|0.0125351|0.0250331|0.0409884|0.0417374,0.949547|0.950284|0.99323|0.900966|0.974548|0.929167|0.981652|0.969366|0.957682|0.91902|0.940435|0.907225,4.23825|1.22677|2.3022|0.446122|4.40271|0.798633|5.01724|6.20899|5.90544|2.87572|0.302176|4.65403,79.8117|37.015|10.4739|81.7362|35.0583|56.2706|32.2763|27.3162|81.3396|99.595|65.9961,0.217184|0.221489|0.218201|0.241023|0.178893|0.18736|0.20903|0.164228|0.202434|0.187871|0.161606,0.641344|0.940196|0.49652|0.824452|0.280873|0.442932|0.132326|0.347372|0.175208|0.969103|0.752732,0.935004,0.828035,0.00860061,0.625358,0.653224,0.50567,0.0737287,0.531077,0.0227058,0.913816,20.837,4.14754e-11,47595,0.929259,14.6973,1.66086e-11,23039,0.936476,0.823991,0.0110375,0.713123,0.0635319,0.472453,0.247421,0.530969,0.256238,0.858698,57.5243,1.23991e-10,22329,0.93039,18.7738,4.49782e-10,67358
8,23,n1->n11->n12->n13->n14->n15->n16->n17->n18->n19->n9->n10,1.39914e+12|6.74446e+13|1.02421e+11|6.15644e+13|1.73585e+11|5.83171e+09|5.96789e+12|1.02005e+09|2.57098e+11|3.10599e+10|1.77255e+13|4.52738e+13,1.77398e+11|6.67907e+13|1.31721e+10|1.20015e+13|2.66204e+10|9.6845e+08|5.01145e+12|3.1363e+08|6.04421e+10|7.39528e+09|1.12087e+13|1.1265e+13,1.95975e-05|0.000704058|0.000151799|1.91329e-05|0.000296239|1.34777e-05|0.000379753|3.38246e-05|0.000162804|0.000969765|2.11883e-05|5.27173e-05,0.00010992|0.00551474|0.00251821|0.00010256|0.000130641|0.000170048|0.0016797|0.000148753|0.00406814|0.000225136|0.0022225|0.00330392,0.0181682|0.013944|0.0201998|0.0428446|0.0274855|0.0488947|0.0406616|0.0423098|0.0120126|0.00384841|0.0428419|0.0131986,0.0319791|0.0483324|0.0203015|0.0431604|0.0191396|0.0139893|0.0202115|0.000397484|0.0125351|0.0294878|0.0409884|0.0417374,0.949547|0.98815|0.954465|0.909054|0.94417|0.929167|0.981652|0.969366|0.957682|0.902305|0.940435|0.907225,4.23825|3.35756|0.174573|0.95656|2.66883|0.798633|5.01724|6.20899|5.90544|1.1337|0.302176|4.65403,30.2686|24.4191|13.9548|56.34|92.5451|56.2706|32.2763|27.3162|28.0546|99.0064|65.9961,0.172886|0.215492|0.198327|0.185456|0.180776|0.18736|0.20903|0.164228|0.231107|0.175436|0.161606,0.273933|0.537123|0.649751|0.544934|0.921574|0.442932|0.132326|0.347372|0.277869|0.269031|0.752732,0.935004,0.828035,0.00860061,0.625358,0.653224,0.50567,0.0737287,0.531077,0.0227058,0.913816,20.837,4.14754e-11,47595,0.929259,14.6973,1.66086e-11,23039,0.936476,0.823991,0.0110375,0.713123,0.0635319,0.472453,0.247421,0.530969,0.256238,0.858698,57.5243,1.23991e-10,22329,0.93039,18.7738,4.49782e-10,67358
8,24,n1->n2->n3->n4->n5->n6->n7->n8->n18->n19->n9->n10,1.39914e+12|2.9277e+11|2.83016e+12|5.18924e+13|9.47619e+11|1.3295e+10|1.67497e+12|2.97761e+13|2.57098e+11|3.10599e+10|1.77255e+13|4.52738e+13,1.77398e+11|8.93832e+10|6.97984e+11|2.57057e+13|5.02465e+11|3.05195e+09|1.7716e+11|3.75649e+12|6.04421e+10|7.39528e+09|1.12087e+13|1.1265e+13,1.95975e-05|2.30528e-05|2.3201e-05|0.000184583|2.16719e-05|0.000791651|0.000138816|0.000533313|0.000162804|0.000969765|2.11883e-05|5.27173e-05,0.00010992|0.000491852|0.00771915|0.000294331|0.00291743|0.00210098|0.00414359|0.000989963|0.00406814|0.000225136|0.0022225|0.00330392,0.0181682|0.0363562|0.0253399|0.00258778|0.0474863|0.0394512|0.0305222|0.0214324|0.0120126|0.00384841|0.0428419|0.0131986,0.0319791|0.0270472|0.0264018|0.0218892|0.0371588|0.0484347|0.0147697|0.0250331|0.0125351|0.0294878|0.0409884|0.0417374,0.949547|0.950284|0.99323|0.900966|0.974548|0.921987|0.96879|0.91902|0.957682|0.902305|0.940435|0.907225,4.23825|1.22677|2.3022|0.446122|4.40271|2.02122|0.917544|2.87572|5.90544|1.1337|0.302176|4.65403,79.8117|37.015|10.4739|81.7362|37.2729|32.9383|55.4093|81.3396|28.0546|99.0064|65.9961,0.217184|0.221489|0.218201|0.241023|0.205536|0.230383|0.205609|0.202434|0.231107|0.175436|0.161606,0.641344|0.940196|0.49652|0.824452|0.626255|0.704667|0.120763|0.175208|0.277869|0.269031|0.752732,0.935004,0.828035,0.00860061,0.625358,0.653224,0.50567,0.0737287,0.531077,0.0227058,0.913816,20.837,4.14754e-11,47595,0.929259,14.6973,1.66086e-11,23039,0.936476,0.823991,0.0110375,0.713123,0.0635319,0.472453,0.247421,0.530969,0.256238,0.858698,57.5243,1.23991e-10,22329,0.93039,18.7738,4.49782e-10,67358
8,25,n1->n2->n3->n4->n5->n15->n16->n17->n18->n19->n20->n10,1.39914e+12|2.9277e+11|2.83016e+12|5.18924e+13|9.47619e+11|5.83171e+09|5.96789e+12|1.02005e+09|2.57098e+11|3.10599e+10|1.29136e+12|4.52738e+13,1.77398e+11|8.93832e+10|6.97984e+11|2.57057e+13|5.02465e+11|9.6845e+08|5.01145e+12|3.1363e+08|6.04421e+10|7.39528e+09|5.89601e+11|1.1265e+13,1.95975e-05|2.30528e-05|2.3201e-05|0.000184583|2.16719e-05|1.34777e-05|0.000379753|3.38246e-05|0.000162804|0.000969765|0.000104918|5.27173e-05,0.00010992|0.000491852|0.00771915|0.000294331|0.00291743|0.000170048|0.0016797|0.000148753|0.00406814|0.000225136|0.000585458|0.00330392,0.0181682|0.0363562|0.0253399|0.00258778|0.0474863|0.0488947|0.0406616|0.0423098|0.0120126|0.00384841|0.0288099|0.0131986,0.0319791|0.0270472|0.0264018|0.0218892|0.0371588|0.0139893|0.0202115|0.000397484|0.0125351|0.0294878|0.0321693|0.0417374,0.949547|0.950284|0.99323|0.900966|0.974548|0.929167|0.981652|0.969366|0.957682|0.902305|0.976331|0.907225,4.23825|1.22677|2.3022|0.446122|4.40271|0.798633|5.01724|6.20899|5.90544|1.1337|4.981|4.65403,79.8117|37.015|10.4739|81.7362|35.0583|56.2706|32.2763|27.3162|28.0546|10.3361|29.3778,0.217184|0.221489|0.218201|0.241023|0.178893|0.18736|0.20903|0.164228|0.231107|0.207438|0.198143,0.641344|0.940196|0.49652|0.824452|0.280873|0.442932|0.132326|0.347372|0.277869|0.257043|0.337655,0.935004,0.828035,0.00860061,0.625358,0.653224,0.50567,0.0737287,0.531077,0.0227058,0.913816,20.837,4.14754e-11,47595,0.929259,14.6973,1.66086e-11,23039,0.936476,0.823991,0.0110375,0.713123,0.0635319,0.472453,0.247421,0.530969,0.256238,0.858698,57.5243,1.23991e-10,22329,0.93039,18.7738,4.49782e-10,67358
8,26,n1->n2->n3->n4->n5->n6->n16->n17->n18->n19->n20->n10,1.39914e+12|2.9277e+11|2.83016e+12|5.18924e+13|9.47619e+11|1.3295e+10|5.96789e+12|1.02005e+09|2.57098e+11|3.10599e+10|1.29136e+12|4.52738e+13,1.77398e+11|8.93832e+10|6.97984e+11|2.57057e+13|5.02465e+11|3.05195e+09|5.01145e+12|3.1363e+08|6.04421e+10|7.39528e+09|5.89601e+11|1.1265e+13,1.95975e-05|2.30528e-05|2.3201e-05|0.000184583|2.16719e-05|0.000791651|0.000379753|3.38246e-05|0.000162804|0.000969765|0.000104918|5.27173e-05,0.00010992|0.000491852|0.00771915|0.000294331|0.00291743|0.00210098|0.0016797|0.000148753|0.00406814|0.000225136|0.000585458|0.00330392,0.0181682|0.0363562|0.0253399|0.00258778|0.0474863|0.0394512|0.0406616|0.0423098|0.0120126|0.00384841|0.0288099|0.0131986,0.0319791|0.0270472|0.0264018|0.0218892|0.0371588|0.0484347|0.0202115|0.000397484|0.0125351|0.0294878|0.0321693|0.0417374,0.949547|0.950284|0.99323|0.900966|0.974548|0.921987|0.981652|0.969366|0.957682|0.902305|0.976331|0.907225,4.23825|1.22677|2.3022|0.446122|4.40271|2.02122|5.01724|6.20899|5.90544|1.1337|4.981|4.65403,79.8117|37.015|10.4739|81.7362|37.2729|50.0569|32.2763|27.3162|28.0546|10.3361|29.3778,0.217184|0.221489|0.218201|0.241023|0.205536|0.218247|0.20903|0.164228|0.231107|0.207438|0.198143,0.641344|0.940196|0.49652|0.824452|0.626255|0.340289|0.132326|0.347372|0.277869|0.257043|0.337655,0.935004,0.828035,0.00860061,0.625358,0.653224,0.50567,0.0737287,0.531077,0.0227058,0.913816,20.837,4.14754e-11,47595,0.929259,14.6973,1.66086e-11,23039,0.936476,0.823991,0.0110375,0.713123,0.0635319,0.472453,0.247421,0.530969,0.256238,0.858698,57.5243,1.23991e-10,22329,0.93039,18.7738,4.49782e-10,67358
8,27,n1->n2->n3->n13->n14->n15->n16->n17->n7->n8->n9->n10,1.39914e+12|2.9277e+11|2.83016e+12|6.15644e+13|1.73585e+11|5.83171e+09|5.96789e+12|1.02005e+09|1.67497e+12|2.97761e+13|1.77255e+13|4.52738e+13,1.77398e+11|8.93832e+10|6.97984e+11|1.20015e+13|2.66204e+10|9.6845e+08|5.01145e+12|3.1363e+08|1.7716e+11|3.75649e+12|1.12087e+13|1.1265e+13,1.95975e-05|2.30528e-05|2.3201e-05|1.91329e-05|0.000296239|1.34777e-05|0.000379753|3.38246e-05|0.000138816|0.000533313|2.11883e-05|5.27173e-05,0.00010992|0.000491852|0.00771915|0.00010256|0.000130641|0.000170048|0.0016797|0.000148753|0.00414359|0.000989963|0.0022225|0.00330392,0.0181682|0.0363562|0.0253399|0.0428446|0.0274855|0.0488947|0.0406616|0.0423098|0.0305222|0.0214324|0.0428419|0.0131986,0.0319791|0.0270472|0.0264018|0.0431604|0.0191396|0.0139893|0.0202115|0.000397484|0.0147697|0.0250331|0.0409884|0.0417374,0.949547|0.950284|0.99323|0.909054|0.94417|0.929167|0.981652|0.969366|0.96879|0.91902|0.940435|0.907225,4.23825|1.22677|2.3022|0.95656|2.66883|0.798633|5.01724|6.20899|0.917544|2.87572|0.302176|4.65403,79.8117|37.015|83.9106|56.34|92.5451|56.2706|32.2763|59.8148|55.4093|99.595|65.9961,0.217184|0.221489|0.164875|0.185456|0.180776|0.18736|0.20903|0.171695|0.205609|0.187871|0.161606,0.641344|0.940196|0.456853|0.544934|0.921574|0.442932|0.132326|0.566426|0.120763|0.969103|0.752732,0.935004,0.828035,0.00860061,0.625358,0.653224,0.50567,0.0737287,0.531077,0.0227058,0.913816,20.837,4.14754e-11,47595,0.929259,14.6973,1.66086e-11,23039,0.936476,0.823991,0.0110375,0.713123,0.0635319,0.472453,0.247421,0.530969,0.256238,0.858698,57.5243,1.23991e-10,22329,0.93039,18.7738,4.49782e-10,67358
8,28,n1->n2->n3->n4->n5->n6->n7->n8->n18->n19->n20->n10,1.39914e+12|2.9277e+11|2.83016e+12|5.18924e+13|9.47619e+11|1.3295e+10|1.67497e+12|2.97761e+13|2.57098e+11|3.10599e+10|1.29136e+12|4.52738e+13,1.77398e+11|8.93832e+10|6.97984e+11|2.57057e+13|5.02465e+11|3.05195e+09|1.7716e+11|3.75649e+12|6.04421e+10|7.39528e+09|5.89601e+11|1.1265e+13,1.95975e-05|2.30528e-05|2.3201e-05|0.000184583|2.16719e-05|0.000791651|0.000138816|0.000533313|0.000162804|0.000969765|0.000104918|5.27173e-05,0.00010992|0.000491852|0.00771915|0.000294331|0.00291743|0.00210098|0.00414359|0.000989963|0.00406814|0.000225136|0.000585458|0.00330392,0.0181682|0.0363562|0.0253399|0.00258778|0.0474863|0.0394512|0.0305222|0.0214324|0.0120126|0.00384841|0.0288099|0.0131986,0.0319791|0.0270472|0.0264018|0.0218892|0.0371588|0.0484347|0.0147697|0.0250331|0.0125351|0.0294878|0.0321693|0.0417374,0.949547|0.950284|0.99323|0.900966|0.974548|0.921987|0.96879|0.91902|0.957682|0.902305|0.976331|0.907225,4.23825|1.22677|2.3022|0.446122|4.40271|2.02122|0.917544|2.87572|5.90544|1.1337|4.981|4.65403,79.8117|37.015|10.4739|81.7362|37.2729|32.9383|55.4093|81.3396|28.0546|10.3361|29.3778,0.217184|0.221489|0.218201|0.241023|0.205536|0.230383|0.205609|0.202434|0.231107|0.207438|0.198143,0.641344|0.940196|0.49652|0.824452|0.626255|0.704667|0.120763|0.175208|0.277869|0.257043|0.337655,0.935004,0.828035,0.00860061,0.625358,0.653224,0.50567,0.0737287,0.531077,0.0227058,0.913816,20.837,4.14754e-11,47595,0.929259,14.6973,1.66086e-11,23039,0.936476,0.823991,0.0110375,0.713123,0.0635319,0.472453,0.247421,0.530969,0.256238,0.858698,57.5243,1.23991e-10,22329,0.93039,18.7738,4.49782e-10,67358
8,29,n1->n2->n3->n4->n14->n15->n16->n17->n18->n19->n20->n10,1.39914e+12|2.9277e+11|2.83016e+12|5.18924e+13|1.73585e+11|5.83171e+09|5.96789e+12|1.02005e+09|2.57098e+11|3.10599e+10|1.29136e+12|4.52738e+13,1.77398e+11|8.93832e+10|6.97984e+11|2.57057e+13|2.66204e+10|9.6845e+08|5.01145e+12|3.1363e+08|6.04421e+10|7.39528e+09|5.89601e+11|1.1265e+13,1.95975e-05|2.30528e-05|2.3201e-05|0.000184583|0.000296239|1.34777e-05|0.000379753|3.38246e-05|0.000162804|0.000969765|0.000104918|5.27173e-05,0.00010992|0.000491852|0.00771915|0.000294331|0.000130641|0.000170048|0.0016797|0.000148753|0.00406814|0.000225136|0.000585458|0.00330392,0.0181682|0.0363562|0.0253399|0.00258778|0.0274855|0.0488947|0.0406616|0.0423098|0.0120126|0.00384841|0.0288099|0.0131986,0.0319791|0.0270472|0.0264018|0.0218892|0.0191396|0.0139893|0.0202115|0.000397484|0.0125351|0.0294878|0.0321693|0.0417374,0.949547|0.950284|0.99323|0.900966|0.94417|0.929167|0.981652|0.969366|0.957682|0.902305|0.976331|0.907225,4.23825|1.22677|2.3022|0.446122|2.66883|0.798633|5.01724|6.20899|5.90544|1.1337|4.981|4.65403,79.8117|37.015|10.4739|52.1141|92.5451|56.2706|32.2763|27.3162|28.0546|10.3361|29.3778,0.217184|0.221489|0.218201|0.243468|0.180776|0.18736|0.20903|0.164228|0.231107|0.207438|0.198143,0.641344|0.940196|0.49652|0.237548|0.921574|0.442932|0.132326|0.347372|0.277869|0.257043|0.337655,0.935004,0.828035,0.00860061,0.625358,0.653224,0.50567,0.0737287,0.531077,0.0227058,0.913816,20.837,4.14754e-11,47595,0.929259,14.6973,1.66086e-11,23039,0.936476,0.823991,0.0110375,0.713123,0.0635319,0.472453,0.247421,0.530969,0.256238,0.858698,57.5243,1.23991e-10,22329,0.93039,18.7738,4.49782e-10,67358
8,30,n1->n2->n3->n4->n14->n15->n16->n17->n7->n8->n9->n10,1.39914e+12|2.9277e+11|2.83016e+12|5.18924e+13|1.73585e+11|5.83171e+09|5.96789e+12|1.02005e+09|1.67497e+12|2.97761e+13|1.77255e+13|4.52738e+13,1.77398e+11|8.93832e+10|6.97984e+11|2.57057e+13|2.66204e+10|9.6845e+08|5.01145e+12|3.1363e+08|1.7716e+11|3.75649e+12|1.12087e+13|1.1265e+13,1.95975e-05|2.30528e-05|2.3201e-05|0.000184583|0.000296239|1.34777e-05|0.000379753|3.38246e-05|0.000138816|0.000533313|2.11883e-05|5.27173e-05,0.00010992|0.000491852|0.00771915|0.000294331|0.000130641|0.000170048|0.0016797|0.000148753|0.00414359|0.000989963|0.0022225|0.00330392,0.0181682|0.0363562|0.0253399|0.00258778|0.0274855|0.0488947|0.0406616|0.0423098|0.0305222|0.0214324|0.0428419|0.0131986,0.0319791|0.0270472|0.0264018|0.0218892|0.0191396|0.0139893|0.0202115|0.000397484|0.0147697|0.0250331|0.0409884|0.0417374,0.949547|0.950284|0.99323|0.900966|0.94417|0.929167|0.981652|0.969366|0.96879|0.91902|0.940435|0.907225,4.23825|1.22677|2.3022|0.446122|2.66883|0.798633|5.01724|6.20899|0.917544|2.87572|0.302176|4.65403,79.8117|37.015|10.4739|52.1141|92.5451|56.2706|32.2763|59.8148|55.4093|99.595|65.9961,0.217184|0.221489|0.218201|0.243468|0.180776|0.18736|0.20903|0.171695|0.205609|0.187871|0.161606,0.641344|0.940196|0.49652|0.237548|0.921574|0.442932|0.132326|0.566426|0.120763|0.969103|0.752732,0.935004,0.828035,0.00860061,0.625358,0.653224,0.50567,0.0737287,0.531077,0.0227058,0.913816,20.837,4.14754e-11,47595,0.929259,14.6973,1.66086e-11,23039,0.936476,0.823991,0.0110375,0.713123,0.0635319,0.472453,0.247421,0.530969,0.256238,0.858698,57.5243,1.23991e-10,22329,0.93039,18.7738,4.49782e-10,67358
8,31,n1->n2->n3->n4->n5->n6->n7->n8->n9->n19->n20->n10,1.39914e+12|2.9277e+11|2.83016e+12|5.18924e+13|9.47619e+11|1.3295e+10|1.67497e+12|2.97761e+13|1.77255e+13|3.10599e+10|1.29136e+12|4.52738e+13,1.77398e+11|8.93832e+10|6.97984e+11|2.57057e+13|5.02465e+11|3.05195e+09|1.7716e+11|3.75649e+12|1.12087e+13|7.39528e+09|5.89601e+11|1.1265e+13,1.95975e-05|2.30528e-05|2.3201e-05|0.000184583|2.16719e-05|0.000791651|0.000138816|0.000533313|2.11883e-05|0.000969765|0.000104918|5.27173e-05,0.00010992|0.000491852|0.00771915|0.000294331|0.00291743|0.00210098|0.00414359|0.000989963|0.0022225|0.000225136|0.000585458|0.00330392,0.0181682|0.0363562|0.0253399|0.00258778|0.0474863|0.0394512|0.0305222|0.0214324|0.0428419|0.00384841|0.0288099|0.0131986,0.0319791|0.0270472|0.0264018|0.0218892|0.0371588|0.0484347|0.0147697|0.0250331|0.0409884|0.0294878|0.0321693|0.0417374,0.949547|0.950284|0.99323|0.900966|0.974548|0.921987|0.96879|0.91902|0.940435|0.902305|0.976331|0.907225,4.23825|1.22677|2.3022|0.446122|4.40271|2.02122|0.917544|2.87572|0.302176|1.1337|4.981|4.65403,79.8117|37.015|10.4739|81.7362|37.2729|32.9383|55.4093|99.595|99.0064|10.3361|29.3778,0.217184|0.221489|0.218201|0.241023|0.205536|0.230383|0.205609|0.187871|0.175436|0.207438|0.198143,0.641344|0.940196|0.49652|0.824452|0.626255|0.704667|0.120763|0.969103|0.269031|0.257043|0.337655,0.935004,0.828035,0.00860061,0.625358,0.653224,0.50567,0.0737287,0.531077,0.0227058,0.913816,20.837,4.14754e-11,47595,0.929259,14.6973,1.66086e-11,23039,0.936476,0.823991,0.0110375,0.713123,0.0635319,0.472453,0.247421,0.530969,0.256238,0.858698,57.5243,1.23991e-10,22329,0.93039,18.7738,4.49782e-10,67358
8,32,n1->n2->n3->n4->n5->n6->n16->n17->n7->n8->n9->n10,1.39914e+12|2.9277e+11|2.83016e+12|5.18924e+13|9.47619e+11|1.3295e+10|5.96789e+12|1.02005e+09|1.67497e+12|2.97761e+13|1.77255e+13|4.52738e+13,1.77398e+11|8.93832e+10|6.97984e+11|2.57057e+13|5.02465e+11|3.05195e+09|5.01145e+12|3.1363e+08|1.7716e+11|3.75649e+12|1.12087e+13|1.1265e+13,1.95975e-05|2.30528e-05|2.3201e-05|0.000184583|2.16719e-05|0.000791651|0.000379753|3.38246e-05|0.000138816|0.000533313|2.11883e-05|5.27173e-05,0.00010992|0.000491852|0.00771915|0.000294331|0.00291743|0.00210098|0.0016797|0.000148753|0.00414359|0.000989963|0.0022225|0.00330392,0.0181682|0.0363562|0.0253399|0.00258778|0.0474863|0.0394512|0.0406616|0.0423098|0.0305222|0.0214324|0.0428419|0.0131986,0.0319791|0.0270472|0.0264018|0.0218892|0.0371588|0.0484347|0.0202115|0.000397484|0.0147697|0.0250331|0.0409884|0.0417374,0.949547|0.950284|0.99323|0.900966|0.974548|0.921987|0.981652|0.969366|0.96879|0.91902|0.940435|0.907225,4.23825|1.22677|2.3022|0.446122|4.40271|2.02122|5.01724|6.20899|0.917544|2.87572|0.302176|4.65403,79.8117|37.015|10.4739|81.7362|37.2729|50.0569|32.2763|59.8148|55.4093|99.595|65.9961,0.217184|0.221489|0.218201|0.241023|0.205536|0.218247|0.20903|0.171695|0.205609|0.187871|0.161606,0.641344|0.940196|0.49652|0.824452|0.626255|0.340289|0.132326|0.566426|0.120763|0.969103|0.752732,0.935004,0.828035,0.00860061,0.625358,0.653224,0.50567,0.0737287,0.531077,0.0227058,0.913816,20.837,4.14754e-11,47595,0.929259,14.6973,1.66086e-11,23039,0.936476,0.823991,0.0110375,0.713123,0.0635319,0.472453,0.247421,0.530969,0.256238,0.858698,57.5243,1.23991e-10,22329,0.93039,18.7738,4.49782e-10,67358
8,33,n1->n2->n3->n4->n14->n15->n16->n17->n18->n19->n9->n10,1.39914e+12|2.9277e+11|2.83016e+12|5.18924e+13|1.73585e+11|5.83171e+09|5.96789e+12|1.02005e+09|2.57098e+11|3.10599e+10|1.77255e+13|4.52738e+13,1.77398e+11|8.93832e+10|6.97984e+11|2.57057e+13|2.66204e+10|9.6845e+08|5.01145e+12|3.1363e+08|6.04421e+10|7.39528e+09|1.12087e+13|1.1265e+13,1.95975e-05|2.30528e-05|2.3201e-05|0.000184583|0.000296239|1.34777e-05|0.000379753|3.38246e-05|0.000162804|0.000969765|2.11883e-05|5.27173e-05,0.00010992|0.000491852|0.00771915|0.000294331|0.000130641|0.000170048|0.0016797|0.000148753|0.00406814|0.000225136|0.0022225|0.00330392,0.0181682|0.0363562|0.0253399|0.00258778|0.0274855|0.0488947|0.0406616|0.0423098|0.0120126|0.00384841|0.0428419|0.0131986,0.0319791|0.0270472|0.0264018|0.0218892|0.0191396|0.0139893|0.0202115|0.000397484|0.0125351|0.0294878|0.0409884|0.0417374,0.949547|0.950284|0.99323|0.900966|0.94417|0.929167|0.981652|0.969366|0.957682|0.902305|0.940435|0.907225,4.23825|1.22677|2.3022|0.446122|2.66883|0.798633|5.01724|6.20899|5.90544|1.1337|0.302176|4.65403,79.8117|37.015|10.4739|52.1141|92.5451|56.2706|32.2763|27.3162|28.0546|99.0064|65.9961,0.217184|0.221489|0.218201|0.243468|0.180776|0.18736|0.20903|0.164228|0.231107|0.175436|0.161606,0.641344|0.940196|0.49652|0.237548|0.921574|0.442932|0.132326|0.347372|0.277869|0.269031|0.752732,0.935004,0.828035,0.00860061,0.625358,0.653224,0.50567,0.0737287,0.531077,0.0227058,0.913816,20.837,4.14754e-11,47595,0.929259,14.6973,1.66086e-11,23039,0.936476,0.823991,0.0110375,0.713123,0.0635319,0.472453,0.247421,0.530969,0.256238,0.858698,57.5243,1.23991e-10,22329,0.93039,18.7738,4.49782e-10,67358
8,34,n1->n2->n3->n4->n5->n6->n7->n17->n18->n8->n9->n10,1.39914e+12|2.9277e+11|2.83016e+12|5.18924e+13|9.47619e+11|1.3295e+10|1.67497e+12|1.02005e+09|2.57098e+11|2.97761e+13|1.77255e+13|4.52738e+13,1.77398e+11|8.93832e+10|6.97984e+11|2.57057e+13|5.02465e+11|3.05195e+09|1.7716e+11|3.1363e+08|6.04421e+10|3.75649e+12|1.12087e+13|1.1265e+13,1.95975e-05|2.30528e-05|2.3201e-05|0.000184583|2.16719e-05|0.000791651|0.000138816|3.38246e-05|0.000162804|0.000533313|2.11883e-05|5.27173e-05,0.00010992|0.000491852|0.00771915|0.000294331|0.00291743|0.00210098|0.00414359|0.000148753|0.00406814|0.000989963|0.0022225|0.00330392,0.0181682|0.0363562|0.0253399|0.00258778|0.0474863|0.0394512|0.0305222|0.0423098|0.0120126|0.0214324|0.0428419|0.0131986,0.0319791|0.0270472|0.0264018|0.0218892|0.0371588|0.0484347|0.0147697|0.000397484|0.0125351|0.0250331|0.0409884|0.0417374,0.949547|0.950284|0.99323|0.900966|0.974548|0.921987|0.96879|0.969366|0.957682|0.91902|0.940435|0.907225,4.23825|1.22677|2.3022|0.446122|4.40271|2.02122|0.917544|6.20899|5.90544|2.87572|0.302176|4.65403,79.8117|37.015|10.4739|81.7362|37.2729|32.9383|59.8148|27.3162|81.3396|99.595|65.9961,0.217184|0.221489|0.218201|0.241023|0.205536|0.230383|0.171695|0.164228|0.202434|0.187871|0.161606,0.641344|0.940196|0.49652|0.824452|0.626255|0.704667|0.566426|0.347372|0.175208|0.969103|0.752732,0.935004,0.828035,0.00860061,0.625358,0.653224,0.50567,0.0737287,0.531077,0.0227058,0.913816,20.837,4.14754e-11,47595,0.929259,14.6973,1.66086e-11,23039,0.936476,0.823991,0.0110375,0.713123,0.0635319,0.472453,0.247421,0.530969,0.256238,0.858698,57.5243,1.23991e-10,22329,0.93039,18.7738,4.49782e-10,67358
8,35,n1->n2->n3->n4->n14->n15->n16->n17->n18->n8->n9->n10,1.39914e+12|2.9277e+11|2.83016e+12|5.18924e+13|1.73585e+11|5.83171e+09|5.96789e+12|1.02005e+09|2.57098e+11|2.97761e+13|1.77255e+13|4.52738e+13,1.77398e+11|8.93832e+10|6.97984e+11|2.57057e+13|2.66204e+10|9.6845e+08|5.01145e+12|3.1363e+08|6.04421e+10|3.75649e+12|1.12087e+13|1.1265e+13,1.95975e-05|2.30528e-05|2.3201e-05|0.000184583|0.000296239|1.34777e-05|0.000379753|3.38246e-05|0.000162804|0.000533313|2.11883e-05|5.27173e-05,0.00010992|0.000491852|0.00771915|0.000294331|0.000130641|0.000170048|0.0016797|0.000148753|0.00406814|0.000989963|0.0022225|0.00330392,0.0181682|0.0363562|0.0253399|0.00258778|0.0274855|0.0488947|0.0406616|0.0423098|0.0120126|0.0214324|0.0428419|0.0131986,0.0319791|0.0270472|0.0264018|0.0218892|0.0191396|0.0139893|0.0202115|0.000397484|0.0125351|0.0250331|0.0409884|0.0417374,0.949547|0.950284|0.99323|0.900966|0.94417|0.929167|0.981652|0.969366|0.957682|0.91902|0.940435|0.907225,4.23825|1.22677|2.3022|0.446122|2.66883|0.798633|5.01724|6.20899|5.90544|2.87572|0.302176|4.65403,79.8117|37.015|10.4739|52.1141|92.5451|56.2706|32.2763|27.3162|81.3396|99.595|65.9961,0.217184|0.221489|0.218201|0.243468|0.180776|0.18736|0.20903|0.164228|0.202434|0.187871|0.161606,0.641344|0.940196|0.49652|0.237548|0.921574|0.442932|0.132326|0.347372|0.175208|0.969103|0.752732,0.935004,0.828035,0.00860061,0.625358,0.653224,0.50567,0.0737287,0.531077,0.0227058,0.913816,20.837,4.14754e-11,47595,0.929259,14.6973,1.66086e-11,23039,0.936476,0.823991,0.0110375,0.713123,0.0635319,0.472453,0.247421,0.530969,0.256238,0.858698,57.5243,1.23991e-10,22329,0.93039,18.7738,4.49782e-10,67358
8,36,n1->n11->n12->n13->n14->n15->n16->n17->n18->n19->n20->n10,1.39914e+12|6.74446e+13|1.02421e+11|6.15644e+13|1.73585e+11|5.83171e+09|5.96789e+12|1.02005e+09|2.57098e+11|3.10599e+10|1.29136e+12|4.52738e+13,1.77398e+11|6.67907e+13|1.31721e+10|1.20015e+13|2.66204e+10|9.6845e+08|5.01145e+12|3.1363e+08|6.04421e+10|7.39528e+09|5.89601e+11|1.1265e+13,1.95975e-05|0.000704058|0.000151799|1.91329e-05|0.000296239|1.34777e-05|0.000379753|3.38246e-05|0.000162804|0.000969765|0.000104918|5.27173e-05,0.00010992|0.00551474|0.00251821|0.00010256|0.000130641|0.000170048|0.0016797|0.000148753|0.00406814|0.000225136|0.000585458|0.00330392,0.0181682|0.013944|0.0201998|0.0428446|0.0274855|0.0488947|0.0406616|0.0423098|0.0120126|0.00384841|0.0288099|0.0131986,0.0319791|0.0483324|0.0203015|0.0431604|0.0191396|0.0139893|0.0202115|0.000397484|0.0125351|0.0294878|0.0321693|0.0417374,0.949547|0.98815|0.954465|0.909054|0.94417|0.929167|0.981652|0.969366|0.957682|0.902305|0.976331|0.907225,4.23825|3.35756|0.174573|0.95656|2.66883|0.798633|5.01724|6.20899|5.90544|1.1337|4.981|4.65403,30.2686|24.4191|13.9548|56.34|92.5451|56.2706|32.2763|27.3162|28.0546|10.3361|29.3778,0.172886|0.215492|0.198327|0.185456|0.180776|0.18736|0.20903|0.164228|0.231107|0.207438|0.198143,0.273933|0.537123|0.649751|0.544934|0.921574|0.442932|0.132326|0.347372|0.277869|0.257043|0.337655,0.935004,0.828035,0.00860061,0.625358,0.653224,0.50567,0.0737287,0.531077,0.0227058,0.913816,20.837,4.14754e-11,47595,0.929259,14.6973,1.66086e-11,23039,0.936476,0.823991,0.0110375,0.713123,0.0635319,0.472453,0.247421,0.530969,0.256238,0.858698,57.5243,1.23991e-10,22329,0.93039,18.7738,4.49782e-10,67358
8,37,n1->n2->n12->n13->n14->n15->n16->n17->n18->n8->n9->n10,1.39914e+12|2.9277e+11|1.02421e+11|6.15644e+13|1.73585e+11|5.83171e+09|5.96789e+12|1.02005e+09|2.57098e+11|2.97761e+13|1.77255e+13|4.52738e+13,1.77398e+11|8.93832e+10|1.31721e+10|1.20015e+13|2.66204e+10|9.6845e+08|5.01145e+12|3.1363e+08|6.04421e+10|3.75649e+12|1.12087e+13|1.1265e+13,1.95975e-05|2.30528e-05|0.000151799|1.91329e-05|0.000296239|1.34777e-05|0.000379753|3.38246e-05|0.000162804|0.000533313|2.11883e-05|5.27173e-05,0.00010992|0.000491852|0.00251821|0.00010256|0.000130641|0.000170048|0.0016797|0.000148753|0.00406814|0.000989963|0.0022225|0.00330392,0.0181682|0.0363562|0.0201998|0.0428446|0.0274855|0.0488947|0.0406616|0.0423098|0.0120126|0.0214324|0.0428419|0.0131986,0.0319791|0.0270472|0.0203015|0.0431604|0.0191396|0.0139893|0.0202115|0.000397484|0.0125351|0.0250331|0.0409884|0.0417374,0.949547|0.950284|0.954465|0.909054|0.94417|0.929167|0.981652|0.969366|0.957682|0.91902|0.940435|0.907225,4.23825|1.22677|0.174573|0.95656|2.66883|0.798633|5.01724|6.20899|5.90544|2.87572|0.302176|4.65403,79.8117|88.6198|13.9548|56.34|92.5451|56.2706|32.2763|27.3162|81.3396|99.595|65.9961,0.217184|0.211866|0.198327|0.185456|0.180776|0.18736|0.20903|0.164228|0.202434|0.187871|0.161606,0.641344|0.611032|0.649751|0.544934|0.921574|0.442932|0.132326|0.347372|0.175208|0.969103|0.752732,0.935004,0.828035,0.00860061,0.625358,0.653224,0.50567,0.0737287,0.531077,0.0227058,0.913816,20.837,4.14754e-11,47595,0.929259,14.6973,1.66086e-11,23039,0.936476,0.823991,0.0110375,0.713123,0.0635319,0.472453,0.247421,0.530969,0.256238,0.858698,57.5243,1.23991e-10,22329,0.93039,18.7738,4.49782e-10,67358
8,38,n1->n2->n3->n4->n5->n6->n7->n17->n18->n19->n20->n10,1.39914e+12|2.9277e+11|2.83016e+12|5.18924e+13|9.47619e+11|1.3295e+10|1.67497e+12|1.02005e+09|2.57098e+11|3.10599e+10|1.29136e+12|4.52738e+13,1.77398e+11|8.93832e+10|6.97984e+11|2.57057e+13|5.02465e+11|3.05195e+09|1.7716e+11|3.1363e+08|6.04421e+10|7.39528e+09|5.89601e+11|1.1265e+13,1.95975e-05|2.30528e-05|2.3201e-05|0.000184583|2.16719e-05|0.000791651|0.000138816|3.38246e-05|0.000162804|0.000969765|0.000104918|5.27173e-05,0.00010992|0.000491852|0.00771915|0.000294331|0.00291743|0.00210098|0.00414359|0.000148753|0.00406814|0.000225136|0.000585458|0.00330392,0.0181682|0.0363562|0.0253399|0.00258778|0.0474863|0.0394512|0.0305222|0.0423098|0.0120126|0.00384841|0.0288099|0.0131986,0.0319791|0.0270472|0.0264018|0.0218892|0.0371588|0.0484347|0.0147697|0.000397484|0.0125351|0.0294878|0.0321693|0.0417374,0.949547|0.950284|0.99323|0.900966|0.974548|0.921987|0.96879|0.969366|0.957682|0.902305|0.976331|0.907225,4.23825|1.22677|2.3022|0.446122|4.40271|2.02122|0.917544|6.20899|5.90544|1.1337|4.981|4.65403,79.8117|37.015|10.4739|81.7362|37.2729|32.9383|59.8148|27.3162|28.0546|10.3361|29.3778,0.217184|0.221489|0.218201|0.241023|0.205536|0.230383|0.171695|0.164228|0.231107|0.207438|0.198143,0.641344|0.940196|0.49652|0.824452|0.626255|0.704667|0.566426|0.347372|0.277869|0.257043|0.337655,0.935004,0.828035,0.00860061,0.625358,0.653224,0.50567,0.0737287,0.531077,0.0227058,0.913816,20.837,4.14754e-11,47595,0.929259,14.6973,1.66086e-11,23039,0.936476,0.823991,0.0110375,0.713123,0.0635319,0.472453,0.247421,0.530969,0.256238,0.858698,57.5243,1.23991e-10,22329,0.93039,18.7738,4.49782e-10,67358
8,39,n1->n2->n12->n13->n14->n15->n16->n17->n18->n19->n20->n10,1.39914e+12|2.9277e+11|1.02421e+11|6.15644e+13|1.73585e+11|5.83171e+09|5.96789e+12|1.02005e+09|2.57098e+11|3.10599e+10|1.29136e+12|4.52738e+13,1.77398e+11|8.93832e+10|1.31721e+10|1.20015e+13|2.66204e+10|9.6845e+08|5.01145e+12|3.1363e+08|6.04421e+10|7.39528e+09|5.89601e+11|1.1265e+13,1.95975e-05|2.30528e-05|0.000151799|1.91329e-05|0.000296239|1.34777e-05|0.000379753|3.38246e-05|0.000162804|0.000969765|0.000104918|5.27173e-05,0.00010992|0.000491852|0.00251821|0.00010256|0.000130641|0.000170048|0.0016797|0.000148753|0.00406814|0.000225136|0.000585458|0.00330392,0.0181682|0.0363562|0.0201998|0.0428446|0.0274855|0.0488947|0.0406616|0.0423098|0.0120126|0.00384841|0.0288099|0.0131986,0.0319791|0.0270472|0.0203015|0.0431604|0.0191396|0.0139893|0.0202115|0.000397484|0.0125351|0.0294878|0.0321693|0.0417374,0.949547|0.950284|0.954465|0.909054|0.94417|0.929167|0.981652|0.969366|0.957682|0.902305|0.976331|0.907225,4.23825|1.22677|0.174573|0.95656|2.66883|0.798633|5.01724|6.20899|5.90544|1.1337|4.981|4.65403,79.8117|88.6198|13.9548|56.34|92.5451|56.2706|32.2763|27.3162|28.0546|10.3361|29.3778,0.217184|0.211866|0.198327|0.185456|0.180776|0.18736|0.20903|0.164228|0.231107|0.207438|0.198143,0.641344|0.611032|0.649751|0.544934|0.921574|0.442932|0.132326|0.347372|0.277869|0.257043|0.337655,0.935004,0.828035,0.00860061,0.625358,0.653224,0.50567,0.0737287,0.531077,0.0227058,0.913816,20.837,4.14754e-11,47595,0.929259,14.6973,1.66086e-11,23039,0.936476,0.823991,0.0110375,0.713123,0.0635319,0.472453,0.247421,0.530969,0.256238,0.858698,57.5243,1.23991e-10,22329,0.93039,18.7738,4.49782e-10,67358
8,40,n1->n2->n3->n4->n5->n6->n7->n17->n18->n19->n9->n10,1.39914e+12|2.9277e+11|2.83016e+12|5.18924e+13|9.47619e+11|1.3295e+10|1.67497e+12|1.02005e+09|2.57098e+11|3.10599e+10|1.77255e+13|4.52738e+13,1.77398e+11|8.93832e+10|6.97984e+11|2.57057e+13|5.02465e+11|3.05195e+09|1.7716e+11|3.1363e+08|6.04421e+10|7.39528e+09|1.12087e+13|1.1265e+13,1.95975e-05|2.30528e-05|2.3201e-05|0.000184583|2.16719e-05|0.000791651|0.000138816|3.38246e-05|0.000162804|0.000969765|2.11883e-05|5.27173e-05,0.00010992|0.000491852|0.00771915|0.000294331|0.00291743|0.00210098|0.00414359|0.000148753|0.00406814|0.000225136|0.0022225|0.00330392,0.0181682|0.0363562|0.0253399|0.00258778|0.0474863|0.0394512|0.0305222|0.0423098|0.0120126|0.00384841|0.0428419|0.0131986,0.0319791|0.0270472|0.0264018|0.0218892|0.0371588|0.0484347|0.0147697|0.000397484|0.0125351|0.0294878|0.0409884|0.0417374,0.949547|0.950284|0.99323|0.900966|0.974548|0.921987|0.96879|0.969366|0.957682|0.902305|0.940435|0.907225,4.23825|1.22677|2.3022|0.446122|4.40271|2.02122|0.917544|6.20899|5.90544|1.1337|0.302176|4.65403,79.8117|37.015|10.4739|81.7362|37.2729|32.9383|59.8148|27.3162|28.0546|99.0064|65.9961,0.217184|0.221489|0.218201|0.241023|0.205536|0.230383|0.171695|0.164228|0.231107|0.175436|0.161606,0.641344|0.940196|0.49652|0.824452|0.626255|0.704667|0.566426|0.347372|0.277869|0.269031|0.752732,0.935004,0.828035,0.00860061,0.625358,0.653224,0.50567,0.0737287,0.531077,0.0227058,0.913816,20.837,4.14754e-11,47595,0.929259,14.6973,1.66086e-11,23039,0.936476,0.823991,0.0110375,0.713123,0.0635319,0.472453,0.247421,0.530969,0.256238,0.858698,57.5243,1.23991e-10,22329,0.93039,18.7738,4.49782e-10,67358
8,41,n1->n11->n12->n22->n23->n13->n14->n4->n5->n6->n7->n8->n9->n10,1.39914e+12|6.74446e+13|1.02421e+11|1.04684e+12|4.82335e+12|6.15644e+13|1.73585e+11|5.18924e+13|9.47619e+11|1.3295e+10|1.67497e+12|2.97761e+13|1.77255e+13|4.52738e+13,1.77398e+11|6.67907e+13|1.31721e+10|2.87275e+11|9.44696e+11|1.20015e+13|2.66204e+10|2.57057e+13|5.02465e+11|3.05195e+09|1.7716e+11|3.75649e+12|1.12087e+13|1.1265e+13,1.95975e-05|0.000704058|0.000151799|0.000315597|8.04044e-05|1.91329e-05|0.000296239|0.000184583|2.16719e-05|0.000791651|0.000138816|0.000533313|2.11883e-05|5.27173e-05,0.00010992|0.00551474|0.00251821|0.00111995|0.00115348|0.00010256|0.000130641|0.000294331|0.00291743|0.00210098|0.00414359|0.000989963|0.0022225|0.00330392,0.0181682|0.013944|0.0201998|0.00382452|0.0125041|0.0428446|0.0274855|0.00258778|0.0474863|0.0394512|0.0305222|0.0214324|0.0428419|0.0131986,0.0319791|0.0483324|0.0203015|0.0122344|0.032598|0.0431604|0.0191396|0.0218892|0.0371588|0.0484347|0.0147697|0.0250331|0.0409884|0.0417374,0.949547|0.98815|0.954465|0.98384|0.965877|0.909054|0.94417|0.900966|0.974548|0.921987|0.96879|0.91902|0.940435|0.907225,4.23825|3.35756|0.174573|0.236811|0.534444|0.95656|2.66883|0.446122|4.40271|2.02122|0.917544|2.87572|0.302176|4.65403,30.2686|24.4191|13.2112|55.8812|51.9585|56.34|52.1141|81.7362|37.2729|32.9383|55.4093|99.595|65.9961,0.172886|0.215492|0.160355|0.19455|0.186795|0.185456|0.243468|0.241023|0.205536|0.230383|0.205609|0.187871|0.161606,0.273933|0.537123|0.66376|0.279654|0.996635|0.544934|0.237548|0.824452|0.626255|0.704667|0.120763|0.969103|0.752732,0.935004,0.828035,0.00860061,0.625358,0.653224,0.50567,0.0737287,0.531077,0.0227058,0.913816,20.837,4.14754e-11,47595,0.929259,14.6973,1.66086e-11,23039,0.936476,0.823991,0.0110375,0.713123,0.0635319,0.472453,0.247421,0.530969,0.256238,0.858698,57.5243,1.23991e-10,22329,0.93039,18.7738,4.49782e-10,67358
8,42,n1->n11->n12->n22->n23->n24->n25->n15->n5->n6->n7->n8->n9->n10,1.39914e+12|6.74446e+13|1.02421e+11|1.04684e+12|4.82335e+12|7.40688e+10|2.92866e+12|5.83171e+09|9.47619e+11|1.3295e+10|1.67497e+12|2.97761e+13|1.77255e+13|4.52738e+13,1.77398e+11|6.67907e+13|1.31721e+10|2.87275e+11|9.44696e+11|4.11162e+10|1.91072e+12|9.6845e+08|5.02465e+11|3.05195e+09|1.7716e+11|3.75649e+12|1.12087e+13|1.1265e+13,1.95975e-05|0.000704058|0.000151799|0.000315597|8.04044e-05|0.000277508|2.30183e-05|1.34777e-05|2.16719e-05|0.000791651|0.000138816|0.000533313|2.11883e-05|5.27173e-05,0.00010992|0.00551474|0.00251821|0.00111995|0.00115348|0.00122802|0.0010803|0.000170048|0.00291743|0.00210098|0.00414359|0.000989963|0.0022225|0.00330392,0.0181682|0.013944|0.0201998|0.00382452|0.0125041|0.0388837|0.0330416|0.0488947|0.0474863|0.0394512|0.0305222|0.0214324|0.0428419|0.0131986,0.0319791|0.0483324|0.0203015|0.0122344|0.032598|0.00538224|0.011185|0.0139893|0.0371588|0.0484347|0.0147697|0.0250331|0.0409884|0.0417374,0.949547|0.98815|0.954465|0.98384|0.965877|0.91123|0.949108|0.929167|0.974548|0.921987|0.96879|0.91902|0.940435|0.907225,4.23825|3.35756|0.174573|0.236811|0.534444|4.13113|4.01147|0.798633|4.40271|2.02122|0.917544|2.87572|0.302176|4.65403,30.2686|24.4191|13.2112|55.8812|67.5745|18.2346|54.7186|35.0583|37.2729|32.9383|55.4093|99.595|65.9961,0.172886|0.215492|0.160355|0.19455|0.181224|0.19579|0.249041|0.178893|0.205536|0.230383|0.205609|0.187871|0.161606,0.273933|0.537123|0.66376|0.279654|0.615936|0.160123|0.656917|0.280873|0.626255|0.704667|0.120763|0.969103|0.752732,0.935004,0.828035,0.00860061,0.625358,0.653224,0.50567,0.0737287,0.531077,0.0227058,0.913816,20.837,4.14754e-11,47595,0.929259,14.6973,1.66086e-11,23039,0.936476,0.823991,0.0110375,0.713123,0.0635319,0.472453,0.247421,0.530969,0.256238,0.858698,57.5243,1.23991e-10,22329,0.93039,18.7738,4.49782e-10,67358
8,43,n1->n2->n12->n22->n23->n13->n14->n4->n5->n6->n7->n8->n9->n10,1.39914e+12|2.9277e+11|1.02421e+11|1.04684e+12|4.82335e+12|6.15644e+13|1.73585e+11|5.18924e+13|9.47619e+11|1.3295e+10|1.67497e+12|2.97761e+13|1.77255e+13|4.52738e+13,1.77398e+11|8.93832e+10|1.31721e+10|2.87275e+11|9.44696e+11|1.20015e+13|2.66204e+10|2.57057e+13|5.02465e+11|3.05195e+09|1.7716e+11|3.75649e+12|1.12087e+13|1.1265e+13,1.95975e-05|2.30528e-05|0.000151799|0.000315597|8.04044e-05|1.91329e-05|0.000296239|0.000184583|2.16719e-05|0.000791651|0.000138816|0.000533313|2.11883e-05|5.27173e-05,0.00010992|0.000491852|0.00251821|0.00111995|0.00115348|0.00010256|0.000130641|0.000294331|0.00291743|0.00210098|0.00414359|0.000989963|0.0022225|0.00330392,0.0181682|0.0363562|0.0201998|0.00382452|0.0125041|0.0428446|0.0274855|0.00258778|0.0474863|0.0394512|0.0305222|0.0214324|0.0428419|0.0131986,0.0319791|0.0270472|0.0203015|0.0122344|0.032598|0.0431604|0.0191396|0.0218892|0.0371588|0.0484347|0.0147697|0.0250331|0.0409884|0.0417374,0.949547|0.950284|0.954465|0.98384|0.965877|0.909054|0.94417|0.900966|0.974548|0.921987|0.96879|0.91902|0.940435|0.907225,4.23825|1.22677|0.174573|0.236811|0.534444|0.95656|2.66883|0.446122|4.40271|2.02122|0.917544|2.87572|0.302176|4.65403,79.8117|88.6198|13.2112|55.8812|51.9585|56.34|52.1141|81.7362|37.2729|32.9383|55.4093|99.595|65.9961,0.217184|0.211866|0.160355|0.19455|0.186795|0.185456|0.243468|0.241023|0.205536|0.230383|0.205609|0.187871|0.161606,0.641344|0.611032|0.66376|0.279654|0.996635|0.544934|0.237548|0.824452|0.626255|0.704667|0.120763|0.969103|0.752732,0.935004,0.828035,0.00860061,0.625358,0.653224,0.50567,0.0737287,0.531077,0.0227058,0.913816,20.837,4.14754e-11,47595,0.929259,14.6973,1.66086e-11,23039,0.936476,0.823991,0.0110375,0.713123,0.0635319,0.472453,0.247421,0.530969,0.256238,0.858698,57.5243,1.23991e-10,22329,0.93039,18.7738,4.49782e-10,67358
8,44,n1->n11->n12->n2->n3->n4->n5->n6->n7->n8->n9->n19->n20->n10,1.39914e+12|6.74446e+13|1.02421e+11|2.9277e+11|2.83016e+12|5.18924e+13|9.47619e+11|1.3295e+10|1.67497e+12|2.97761e+13|1.77255e+13|3.10599e+10|1.29136e+12|4.52738e+13,1.77398e+11|6.67907e+13|1.31721e+10|8.93832e+10|6.97984e+11|2.57057e+13|5.02465e+11|3.05195e+09|1.7716e+11|3.75649e+12|1.12087e+13|7.39528e+09|5.89601e+11|1.1265e+13,1.95975e-05|0.000704058|0.000151799|2.30528e-05|2.3201e-05|0.000184583|2.16719e-05|0.000791651|0.000138816|0.000533313|2.11883e-05|0.000969765|0.000104918|5.27173e-05,0.00010992|0.00551474|0.00251821|0.000491852|0.00771915|0.000294331|0.00291743|0.00210098|0.00414359|0.000989963|0.0022225|0.000225136|0.000585458|0.00330392,0.0181682|0.013944|0.0201998|0.0363562|0.0253399|0.00258778|0.0474863|0.0394512|0.0305222|0.0214324|0.0428419|0.00384841|0.0288099|0.0131986,0.0319791|0.0483324|0.0203015|0.0270472|0.0264018|0.0218892|0.0371588|0.0484347|0.0147697|0.0250331|0.0409884|0.0294878|0.0321693|0.0417374,0.949547|0.98815|0.954465|0.950284|0.99323|0.900966|0.974548|0.921987|0.96879|0.91902|0.940435|0.902305|0.976331|0.907225,4.23825|3.35756|0.174573|1.22677|2.3022|0.446122|4.40271|2.02122|0.917544|2.87572|0.302176|1.1337|4.981|4.65403,30.2686|24.4191|88.6198|37.015|10.4739|81.7362|37.2729|32.9383|55.4093|99.595|99.0064|10.3361|29.3778,0.172886|0.215492|0.211866|0.221489|0.218201|0.241023|0.205536|0.230383|0.205609|0.187871|0.175436|0.207438|0.198143,0.273933|0.537123|0.611032|0.940196|0.49652|0.824452|0.626255|0.704667|0.120763|0.969103|0.269031|0.257043|0.337655,0.935004,0.828035,0.00860061,0.625358,0.653224,0.50567,0.0737287,0.531077,0.0227058,0.913816,20.837,4.14754e-11,47595,0.929259,14.6973,1.66086e-11,23039,0.936476,0.823991,0.0110375,0.713123,0.0635319,0.472453,0.247421,0.530969,0.256238,0.858698,57.5243,1.23991e-10,22329,0.93039,18.7738,4.49782e-10,67358
8,45,n1->n11->n21->n22->n23->n13->n3->n4->n5->n6->n7->n8->n9->n10,1.39914e+12|6.74446e+13|2.10865e+12|1.04684e+12|4.82335e+12|6.15644e+13|2.83016e+12|5.18924e+13|9.47619e+11|1.3295e+10|1.67497e+12|2.97761e+13|1.77255e+13|4.52738e+13,1.77398e+11|6.67907e+13|1.65286e+12|2.87275e+11|9.44696e+11|1.20015e+13|6.97984e+11|2.57057e+13|5.02465e+11|3.05195e+09|1.7716e+11|3.75649e+12|1.12087e+13|1.1265e+13,1.95975e-05|0.000704058|0.000474297|0.000315597|8.04044e-05|1.91329e-05|2.3201e-05|0.000184583|2.16719e-05|0.000791651|0.000138816|0.000533313|2.11883e-05|5.27173e-05,0.00010992|0.00551474|0.000184711|0.00111995|0.00115348|0.00010256|0.00771915|0.000294331|0.00291743|0.00210098|0.00414359|0.000989963|0.0022225|0.00330392,0.0181682|0.013944|0.047834|0.00382452|0.0125041|0.0428446|0.0253399|0.00258778|0.0474863|0.0394512|0.0305222|0.0214324|0.0428419|0.0131986,0.0319791|0.0483324|0.0445871|0.0122344|0.032598|0.0431604|0.0264018|0.0218892|0.0371588|0.0484347|0.0147697|0.0250331|0.0409884|0.0417374,0.949547|0.98815|0.930488|0.98384|0.965877|0.909054|0.99323|0.900966|0.974548|0.921987|0.96879|0.91902|0.940435|0.907225,4.23825|3.35756|0.126822|0.236811|0.534444|0.95656|2.3022|0.446122|4.40271|2.02122|0.917544|2.87572|0.302176|4.65403,30.2686|65.1286|34.0839|55.8812|51.9585|83.9106|10.4739|81.7362|37.2729|32.9383|55.4093|99.595|65.9961,0.172886|0.170031|0.161458|0.19455|0.186795|0.164875|0.218201|0.241023|0.205536|0.230383|0.205609|0.187871|0.161606,0.273933|0.806267|0.734507|0.279654|0.996635|0.456853|0.49652|0.824452|0.626255|0.704667|0.120763|0.969103|0.752732,0.935004,0.828035,0.00860061,0.625358,0.653224,0.50567,0.0737287,0.531077,0.0227058,0.913816,20.837,4.14754e-11,47595,0.929259,14.6973,1.66086e-11,23039,0.936476,0.823991,0.0110375,0.713123,0.0635319,0.472453,0.247421,0.530969,0.256238,0.858698,57.5243,1.23991e-10,22329,0.93039,18.7738,4.49782e-10,67358
8,46,n1->n2->n12->n22->n23->n24->n25->n15->n5->n6->n7->n8->n9->n10,1.39914e+12|2.9277e+11|1.02421e+11|1.04684e+12|4.82335e+12|7.40688e+10|2.92866e+12|5.83171e+09|9.47619e+11|1.3295e+10|1.67497e+12|2.97761e+13|1.77255e+13|4.52738e+13,1.77398e+11|8.93832e+10|1.31721e+10|2.87275e+11|9.44696e+11|4.11162e+10|1.91072e+12|9.6845e+08|5.02465e+11|3.05195e+09|1.7716e+11|3.75649e+12|1.12087e+13|1.1265e+13,1.95975e-05|2.30528e-05|0.000151799|0.000315597|8.04044e-05|0.000277508|2.30183e-05|1.34777e-05|2.16719e-05|0.000791651|0.000138816|0.000533313|2.11883e-05|5.27173e-05,0.00010992|0.000491852|0.00251821|0.00111995|0.00115348|0.00122802|0.0010803|0.000170048|0.00291743|0.00210098|0.00414359|0.000989963|0.0022225|0.00330392,0.0181682|0.0363562|0.0201998|0.00382452|0.0125041|0.0388837|0.0330416|0.0488947|0.0474863|0.0394512|0.0305222|0.0214324|0.0428419|0.0131986,0.0319791|0.0270472|0.0203015|0.0122344|0.032598|0.00538224|0.011185|0.0139893|0.0371588|0.0484347|0.0147697|0.0250331|0.0409884|0.0417374,0.949547|0.950284|0.954465|0.98384|0.965877|0.91123|0.949108|0.929167|0.974548|0.921987|0.96879|0.91902|0.940435|0.907225,4.23825|1.22677|0.174573|0.236811|0.534444|4.13113|4.01147|0.798633|4.40271|2.02122|0.917544|2.87572|0.302176|4.65403,79.8117|88.6198|13.2112|55.8812|67.5745|18.2346|54.7186|35.0583|37.2729|32.9383|55.4093|99.595|65.9961,0.217184|0.211866|0.160355|0.19455|0.181224|0.19579|0.249041|0.178893|0.205536|0.230383|0.205609|0.187871|0.161606,0.641344|0.611032|0.66376|0.279654|0.615936|0.160123|0.656917|0.280873|0.626255|0.704667|0.120763|0.969103|0.752732,0.935004,0.828035,0.00860061,0.625358,0.653224,0.50567,0.0737287,0.531077,0.0227058,0.913816,20.837,4.14754e-11,47595,0.929259,14.6973,1.66086e-11,23039,0.936476,0.823991,0.0110375,0.713123,0.0635319,0.472453,0.247421,0.530969,0.256238,0.858698,57.5243,1.23991e-10,22329,0.93039,18.7738,4.49782e-10,67358
8,47,n1->n11->n21->n22->n12->n2->n3->n4->n5->n6->n7->n8->n9->n10,1.39914e+12|6.74446e+13|2.10865e+12|1.04684e+12|1.02421e+11|2.9277e+11|2.83016e+12|5.18924e+13|9.47619e+11|1.3295e+10|1.67497e+12|2.97761e+13|1.77255e+13|4.52738e+13,1.77398e+11|6.67907e+13|1.65286e+12|2.87275e+11|1.31721e+10|8.93832e+10|6.97984e+11|2.57057e+13|5.02465e+11|3.05195e+09|1.7716e+11|3.75649e+12|1.12087e+13|1.1265e+13,1.95975e-05|0.000704058|0.000474297|0.000315597|0.000151799|2.30528e-05|2.3201e-05|0.000184583|2.16719e-05|0.000791651|0.000138816|0.000533313|2.11883e-05|5.27173e-05,0.00010992|0.00551474|0.000184711|0.00111995|0.00251821|0.000491852|0.00771915|0.000294331|0.00291743|0.00210098|0.00414359|0.000989963|0.0022225|0.00330392,0.0181682|0.013944|0.047834|0.00382452|0.0201998|0.0363562|0.0253399|0.00258778|0.0474863|0.0394512|0.0305222|0.0214324|0.0428419|0.0131986,0.0319791|0.0483324|0.0445871|0.0122344|0.0203015|0.0270472|0.0264018|0.0218892|0.0371588|0.0484347|0.0147697|0.0250331|0.0409884|0.0417374,0.949547|0.98815|0.930488|0.98384|0.954465|0.950284|0.99323|0.900966|0.974548|0.921987|0.96879|0.91902|0.940435|0.907225,4.23825|3.35756|0.126822|0.236811|0.174573|1.22677|2.3022|0.446122|4.40271|2.02122|0.917544|2.87572|0.302176|4.65403,30.2686|65.1286|34.0839|13.2112|88.6198|37.015|10.4739|81.7362|37.2729|32.9383|55.4093|99.595|65.9961,0.172886|0.170031|0.161458|0.160355|0.211866|0.221489|0.218201|0.241023|0.205536|0.230383|0.205609|0.187871|0.161606,0.273933|0.806267|0.734507|0.66376|0.611032|0.940196|0.49652|0.824452|0.626255|0.704667|0.120763|0.969103|0.752732,0.935004,0.828035,0.00860061,0.625358,0.653224,0.50567,0.0737287,0.531077,0.0227058,0.913816,20.837,4.14754e-11,47595,0.929259,14.6973,1.66086e-11,23039,0.936476,0.823991,0.0110375,0.713123,0.0635319,0.472453,0.247421,0.530969,0.256238,0.858698,57.5243,1.23991e-10,22329,0.93039,18.7738,4.49782e-10,67358
8,48,n1->n2->n12->n13->n23->n24->n14->n4->n5->n6->n7->n8->n9->n10,1.39914e+12|2.9277e+11|1.02421e+11|6.15644e+13|4.82335e+12|7.40688e+10|1.73585e+11|5.18924e+13|9.47619e+11|1.3295e+10|1.67497e+12|2.97761e+13|1.77255e+13|4.52738e+13,1.77398e+11|8.93832e+10|1.31721e+10|1.20015e+13|9.44696e+11|4.11162e+10|2.66204e+10|2.57057e+13|5.02465e+11|3.05195e+09|1.7716e+11|3.75649e+12|1.12087e+13|1.1265e+13,1.95975e-05|2.30528e-05|0.000151799|1.91329e-05|8.04044e-05|0.000277508|0.000296239|0.000184583|2.16719e-05|0.000791651|0.000138816|0.000533313|2.11883e-05|5.27173e-05,0.00010992|0.000491852|0.00251821|0.00010256|0.00115348|0.00122802|0.000130641|0.000294331|0.00291743|0.00210098|0.00414359|0.000989963|0.0022225|0.00330392,0.0181682|0.0363562|0.0201998|0.0428446|0.0125041|0.0388837|0.0274855|0.00258778|0.0474863|0.0394512|0.0305222|0.0214324|0.0428419|0.0131986,0.0319791|0.0270472|0.0203015|0.0431604|0.032598|0.00538224|0.0191396|0.0218892|0.0371588|0.0484347|0.0147697|0.0250331|0.0409884|0.0417374,0.949547|0.950284|0.954465|0.909054|0.965877|0.91123|0.94417|0.900966|0.974548|0.921987|0.96879|0.91902|0.940435|0.907225,4.23825|1.22677|0.174573|0.95656|0.534444|4.13113|2.66883|0.446122|4.40271|2.02122|0.917544|2.87572|0.302176|4.65403,79.8117|88.6198|13.9548|51.9585|67.5745|66.6304|52.1141|81.7362|37.2729|32.9383|55.4093|99.595|65.9961,0.217184|0.211866|0.198327|0.186795|0.181224|0.242617|0.243468|0.241023|0.205536|0.230383|0.205609|0.187871|0.161606,0.641344|0.611032|0.649751|0.996635|0.615936|0.478901|0.237548|0.824452|0.626255|0.704667|0.120763|0.969103|0.752732,0.935004,0.828035,0.00860061,0.625358,0.653224,0.50567,0.0737287,0.531077,0.0227058,0.913816,20.837,4.14754e-11,47595,0.929259,14.6973,1.66086e-11,23039,0.936476,0.823991,0.0110375,0.713123,0.0635319,0.472453,0.247421,0.530969,0.256238,0.858698,57.5243,1.23991e-10,22329,0.93039,18.7738,4.49782e-10,67358
8,49,n1->n11->n12->n13->n23->n24->n25->n26->n16->n6->n7->n8->n9->n10,1.39914e+12|6.74446e+13|1.02421e+11|6.15644e+13|4.82335e+12|7.40688e+10|2.92866e+12|1.18099e+10|5.96789e+12|1.3295e+10|1.67497e+12|2.97761e+13|1.77255e+13|4.52738e+13,1.77398e+11|6.67907e+13|1.31721e+10|1.20015e+13|9.44696e+11|4.11162e+10|1.91072e+12|2.80421e+09|5.01145e+12|3.05195e+09|1.7716e+11|3.75649e+12|1.12087e+13|1.1265e+13,1.95975e-05|0.000704058|0.000151799|1.91329e-05|8.04044e-05|0.000277508|2.30183e-05|2.70818e-05|0.000379753|0.000791651|0.000138816|0.000533313|2.11883e-05|5.27173e-05,0.00010992|0.00551474|0.00251821|0.00010256|0.00115348|0.00122802|0.0010803|0.00639567|0.0016797|0.00210098|0.00414359|0.000989963|0.0022225|0.00330392,0.0181682|0.013944|0.0201998|0.0428446|0.0125041|0.0388837|0.0330416|0.0118399|0.0406616|0.0394512|0.0305222|0.0214324|0.0428419|0.0131986,0.0319791|0.0483324|0.0203015|0.0431604|0.032598|0.00538224|0.011185|0.00604173|0.0202115|0.0484347|0.0147697|0.0250331|0.0409884|0.0417374,0.949547|0.98815|0.954465|0.909054|0.965877|0.91123|0.949108|0.90334|0.981652|0.921987|0.96879|0.91902|0.940435|0.907225,4.23825|3.35756|0.174573|0.95656|0.534444|4.13113|4.01147|0.282451|5.01724|2.02122|0.917544|2.87572|0.302176|4.65403,30.2686|24.4191|13.9548|51.9585|67.5745|18.2346|55.6995|11.0615|50.0569|32.9383|55.4093|99.595|65.9961,0.172886|0.215492|0.198327|0.186795|0.181224|0.19579|0.177728|0.236306|0.218247|0.230383|0.205609|0.187871|0.161606,0.273933|0.537123|0.649751|0.996635|0.615936|0.160123|0.90653|0.175425|0.340289|0.704667|0.120763|0.969103|0.752732,0.935004,0.828035,0.00860061,0.625358,0.653224,0.50567,0.0737287,0.531077,0.0227058,0.913816,20.837,4.14754e-11,47595,0.929259,14.6973,1.66086e-11,23039,0.936476,0.823991,0.0110375,0.713123,0.0635319,0.472453,0.247421,0.530969,0.256238,0.858698,57.5243,1.23991e-10,22329,0.93039,18.7738,4.49782e-10,67358
8,50,n1->n11->n21->n22->n12->n13->n14->n4->n5->n6->n7->n8->n9->n10,1.39914e+12|6.74446e+13|2.10865e+12|1.04684e+12|1.02421e+11|6.15644e+13|1.73585e+11|5.18924e+13|9.47619e+11|1.3295e+10|1.67497e+12|2.97761e+13|1.77255e+13|4.52738e+13,1.77398e+11|6.67907e+13|1.65286e+12|2.87275e+11|1.31721e+10|1.20015e+13|2.66204e+10|2.57057e+13|5.02465e+11|3.05195e+09|1.7716e+11|3.75649e+12|1.12087e+13|1.1265e+13,1.95975e-05|0.000704058|0.000474297|0.000315597|0.000151799|1.91329e-05|0.000296239|0.000184583|2.16719e-05|0.000791651|0.000138816|0.000533313|2.11883e-05|5.27173e-05,0.00010992|0.00551474|0.000184711|0.00111995|0.00251821|0.00010256|0.000130641|0.000294331|0.00291743|0.00210098|0.00414359|0.000989963|0.0022225|0.00330392,0.0181682|0.013944|0.047834|0.00382452|0.0201998|0.0428446|0.0274855|0.00258778|0.0474863|0.0394512|0.0305222|0.0214324|0.0428419|0.0131986,0.0319791|0.0483324|0.0445871|0.0122344|0.0203015|0.0431604|0.0191396|0.0218892|0.0371588|0.0484347|0.0147697|0.0250331|0.0409884|0.0417374,0.949547|0.98815|0.930488|0.98384|0.954465|0.909054|0.94417|0.900966|0.974548|0.921987|0.96879|0.91902|0.940435|0.907225,4.23825|3.35756|0.126822|0.236811|0.174573|0.95656|2.66883|0.446122|4.40271|2.02122|0.917544|2.87572|0.302176|4.65403,30.2686|65.1286|34.0839|13.2112|13.9548|56.34|52.1141|81.7362|37.2729|32.9383|55.4093|99.595|65.9961,0.172886|0.170031|0.161458|0.160355|0.198327|0.185456|0.243468|0.241023|0.205536|0.230383|0.205609|0.187871|0.161606,0.273933|0.806267|0.734507|0.66376|0.649751|0.544934|0.237548|0.824452|0.626255|0.704667|0.120763|0.969103|0.752732,0.935004,0.828035,0.00860061,0.625358,0.653224,0.50567,0.0737287,0.531077,0.0227058,0.913816,20.837,4.14754e-11,47595,0.929259,14.6973,1.66086e-11,23039,0.936476,0.823991,0.0110375,0.713123,0.0635319,0.472453,0.247421,0.530969,0.256238,0.858698,57.5243,1.23991e-10,22329,0.93039,18.7738,4.49782e-10,67358
8,51,n1->n2->n3->n4->n5->n15->n25->n26->n16->n6->n7->n8->n9->n10,1.39914e+12|2.9277e+11|2.83016e+12|5.18924e+13|9.47619e+11|5.83171e+09|2.92866e+12|1.18099e+10|5.96789e+12|1.3295e+10|1.67497e+12|2.97761e+13|1.77255e+13|4.52738e+13,1.77398e+11|8.93832e+10|6.97984e+11|2.57057e+13|5.02465e+11|9.6845e+08|1.91072e+12|2.80421e+09|5.01145e+12|3.05195e+09|1.7716e+11|3.75649e+12|1.12087e+13|1.1265e+13,1.95975e-05|2.30528e-05|2.3201e-05|0.000184583|2.16719e-05|1.34777e-05|2.30183e-05|2.70818e-05|0.000379753|0.000791651|0.000138816|0.000533313|2.11883e-05|5.27173e-05,0.00010992|0.000491852|0.00771915|0.000294331|0.00291743|0.000170048|0.0010803|0.00639567|0.0016797|0.00210098|0.00414359|0.000989963|0.0022225|0.00330392,0.0181682|0.0363562|0.0253399|0.00258778|0.0474863|0.0488947|0.0330416|0.0118399|0.0406616|0.0394512|0.0305222|0.0214324|0.0428419|0.0131986,0.0319791|0.0270472|0.0264018|0.0218892|0.0371588|0.0139893|0.011185|0.00604173|0.0202115|0.0484347|0.0147697|0.0250331|0.0409884|0.0417374,0.949547|0.950284|0.99323|0.900966|0.974548|0.929167|0.949108|0.90334|0.981652|0.921987|0.96879|0.91902|0.940435|0.907225,4.23825|1.22677|2.3022|0.446122|4.40271|0.798633|4.01147|0.282451|5.01724|2.02122|0.917544|2.87572|0.302176|4.65403,79.8117|37.015|10.4739|81.7362|35.0583|54.7186|55.6995|11.0615|50.0569|32.9383|55.4093|99.595|65.9961,0.217184|0.221489|0.218201|0.241023|0.178893|0.249041|0.177728|0.236306|0.218247|0.230383|0.205609|0.187871|0.161606,0.641344|0.940196|0.49652|0.824452|0.280873|0.656917|0.90653|0.175425|0.340289|0.704667|0.120763|0.969103|0.752732,0.935004,0.828035,0.00860061,0.625358,0.653224,0.50567,0.0737287,0.531077,0.0227058,0.913816,20.837,4.14754e-11,47595,0.929259,14.6973,1.66086e-11,23039,0.936476,0.823991,0.0110375,0.713123,0.0635319,0.472453,0.247421,0.530969,0.256238,0.858698,57.5243,1.23991e-10,22329,0.93039,18.7738,4.49782e-10,67358
8,52,n1->n2->n12->n22->n23->n13->n14->n15->n16->n17->n7->n8->n9->n10,1.39914e+12|2.9277e+11|1.02421e+11|1.04684e+12|4.82335e+12|6.15644e+13|1.73585e+11|5.83171e+09|5.96789e+12|1.02005e+09|1.67497e+12|2.97761e+13|1.77255e+13|4.52738e+13,1.77398e+11|8.93832e+10|1.31721e+10|2.87275e+11|9.44696e+11|1.20015e+13|2.66204e+10|9.6845e+08|5.01145e+12|3.1363e+08|1.7716e+11|3.75649e+12|1.12087e+13|1.1265e+13,1.95975e-05|2.30528e-05|0.000151799|0.000315597|8.04044e-05|1.91329e-05|0.000296239|1.34777e-05|0.000379753|3.38246e-05|0.000138816|0.000533313|2.11883e-05|5.27173e-05,0.00010992|0.000491852|0.00251821|0.00111995|0.00115348|0.00010256|0.000130641|0.000170048|0.0016797|0.000148753|0.00414359|0.000989963|0.0022225|0.00330392,0.0181682|0.0363562|0.0201998|0.00382452|0.0125041|0.0428446|0.0274855|0.0488947|0.0406616|0.0423098|0.0305222|0.0214324|0.0428419|0.0131986,0.0319791|0.0270472|0.0203015|0.0122344|0.032598|0.0431604|0.0191396|0.0139893|0.0202115|0.000397484|0.0147697|0.0250331|0.0409884|0.0417374,0.949547|0.950284|0.954465|0.98384|0.965877|0.909054|0.94417|0.929167|0.981652|0.969366|0.96879|0.91902|0.940435|0.907225,4.23825|1.22677|0.174573|0.236811|0.534444|0.95656|2.66883|0.798633|5.01724|6.20899|0.917544|2.87572|0.302176|4.65403,79.8117|88.6198|13.2112|55.8812|51.9585|56.34|92.5451|56.2706|32.2763|59.8148|55.4093|99.595|65.9961,0.217184|0.211866|0.160355|0.19455|0.186795|0.185456|0.180776|0.18736|0.20903|0.171695|0.205609|0.187871|0.161606,0.641344|0.611032|0.66376|0.279654|0.996635|0.544934|0.921574|0.442932|0.132326|0.566426|0.120763|0.969103|0.752732,0.935004,0.828035,0.00860061,0.625358,0.653224,0.50567,0.0737287,0.531077,0.0227058,0.913816,20.837,4.14754e-11,47595,0.929259,14.6973,1.66086e-11,23039,0.936476,0.823991,0.0110375,0.713123,0.0635319,0.472453,0.247421,0.530969,0.256238,0.858698,57.5243,1.23991e-10,22329,0.93039,18.7738,4.49782e-10,67358
8,53,n1->n11->n21->n22->n23->n24->n25->n26->n27->n28->n29->n19->n20->n10,1.39914e+12|6.74446e+13|2.10865e+12|1.04684e+12|4.82335e+12|7.40688e+10|2.92866e+12|1.18099e+10|9.07677e+09|2.76771e+12|3.58484e+10|3.10599e+10|1.29136e+12|4.52738e+13,1.77398e+11|6.67907e+13|1.65286e+12|2.87275e+11|9.44696e+11|4.11162e+10|1.91072e+12|2.80421e+09|3.68247e+09|1.49094e+12|8.63035e+09|7.39528e+09|5.89601e+11|1.1265e+13,1.95975e-05|0.000704058|0.000474297|0.000315597|8.04044e-05|0.000277508|2.30183e-05|2.70818e-05|1.08468e-05|2.80987e-05|0.000181638|0.000969765|0.000104918|5.27173e-05,0.00010992|0.00551474|0.000184711|0.00111995|0.00115348|0.00122802|0.0010803|0.00639567|0.000374531|0.00545758|0.000129111|0.000225136|0.000585458|0.00330392,0.0181682|0.013944|0.047834|0.00382452|0.0125041|0.0388837|0.0330416|0.0118399|0.00290834|0.0345144|0.0483468|0.00384841|0.0288099|0.0131986,0.0319791|0.0483324|0.0445871|0.0122344|0.032598|0.00538224|0.011185|0.00604173|0.0201829|0.00283251|0.00872405|0.0294878|0.0321693|0.0417374,0.949547|0.98815|0.930488|0.98384|0.965877|0.91123|0.949108|0.90334|0.904615|0.941873|0.902534|0.902305|0.976331|0.907225,4.23825|3.35756|0.126822|0.236811|0.534444|4.13113|4.01147|0.282451|3.8173|4.82396|0.0334453|1.1337|4.981|4.65403,30.2686|65.1286|34.0839|55.8812|67.5745|18.2346|55.6995|42.5138|15.3326|39.0733|84.7043|10.3361|29.3778,0.172886|0.170031|0.161458|0.19455|0.181224|0.19579|0.177728|0.231617|0.171578|0.18279|0.195645|0.207438|0.198143,0.273933|0.806267|0.734507|0.279654|0.615936|0.160123|0.90653|0.681145|0.162466|0.505031|0.663342|0.257043|0.337655,0.935004,0.828035,0.00860061,0.625358,0.653224,0.50567,0.0737287,0.531077,0.0227058,0.913816,20.837,4.14754e-11,47595,0.929259,14.6973,1.66086e-11,23039,0.936476,0.823991,0.0110375,0.713123,0.0635319,0.472453,0.247421,0.530969,0.256238,0.858698,57.5243,1.23991e-10,22329,0.93039,18.7738,4.49782e-10,67358
8,54,n1->n11->n21->n22->n23->n24->n25->n15->n5->n6->n7->n8->n9->n10,1.39914e+12|6.74446e+13|2.10865e+12|1.04684e+12|4.82335e+12|7.40688e+10|2.92866e+12|5.83171e+09|9.47619e+11|1.3295e+10|1.67497e+12|2.97761e+13|1.77255e+13|4.52738e+13,1.77398e+11|6.67907e+13|1.65286e+12|2.87275e+11|9.44696e+11|4.11162e+10|1.91072e+12|9.6845e+08|5.02465e+11|3.05195e+09|1.7716e+11|3.75649e+12|1.12087e+13|1.1265e+13,1.95975e-05|0.000704058|0.000474297|0.000315597|8.04044e-05|0.000277508|2.30183e-05|1.34777e-05|2.16719e-05|0.000791651|0.000138816|0.000533313|2.11883e-05|5.27173e-05,0.00010992|0.00551474|0.000184711|0.00111995|0.00115348|0.00122802|0.0010803|0.000170048|0.00291743|0.00210098|0.00414359|0.000989963|0.0022225|0.00330392,0.0181682|0.013944|0.047834|0.00382452|0.0125041|0.0388837|0.0330416|0.0488947|0.0474863|0.0394512|0.0305222|0.0214324|0.0428419|0.0131986,0.0319791|0.0483324|0.0445871|0.0122344|0.032598|0.00538224|0.011185|0.0139893|0.0371588|0.0484347|0.0147697|0.0250331|0.0409884|0.0417374,0.949547|0.98815|0.930488|0.98384|0.965877|0.91123|0.949108|0.929167|0.974548|0.921987|0.96879|0.91902|0.940435|0.907225,4.23825|3.35756|0.126822|0.236811|0.534444|4.13113|4.01147|0.798633|4.40271|2.02122|0.917544|2.87572|0.302176|4.65403,30.2686|65.1286|34.0839|55.8812|67.5745|18.2346|54.7186|35.0583|37.2729|32.9383|55.4093|99.595|65.9961,0.172886|0.170031|0.161458|0.19455|0.181224|0.19579|0.249041|0.178893|0.205536|0.230383|0.205609|0.187871|0.161606,0.273933|0.806267|0.734507|0.279654|0.615936|0.160123|0.656917|0.280873|0.626255|0.704667|0.120763|0.969103|0.752732,0.935004,0.828035,0.00860061,0.625358,0.653224,0.50567,0.0737287,0.531077,0.0227058,0.913816,20.837,4.14754e-11,47595,0.929259,14.6973,1.66086e-11,23039,0.936476,0.823991,0.0110375,0.713123,0.0635319,0.472453,0.247421,0.530969,0.256238,0.858698,57.5243,1.23991e-10,22329,0.93039,18.7738,4.49782e-10,67358
8,55,n1->n11->n21->n22->n23->n24->n25->n26->n27->n17->n18->n19->n9->n10,1.39914e+12|6.74446e+13|2.10865e+12|1.04684e+12|4.82335e+12|7.40688e+10|2.92866e+12|1.18099e+10|9.07677e+09|1.02005e+09|2.57098e+11|3.10599e+10|1.77255e+13|4.52738e+13,1.77398e+11|6.67907e+13|1.65286e+12|2.87275e+11|9.44696e+11|4.11162e+10|1.91072e+12|2.80421e+09|3.68247e+09|3.1363e+08|6.04421e+10|7.39528e+09|1.12087e+13|1.1265e+13,1.95975e-05|0.000704058|0.000474297|0.000315597|8.04044e-05|0.000277508|2.30183e-05|2.70818e-05|1.08468e-05|3.38246e-05|0.000162804|0.000969765|2.11883e-05|5.27173e-05,0.00010992|0.00551474|0.000184711|0.00111995|0.00115348|0.00122802|0.0010803|0.00639567|0.000374531|0.000148753|0.00406814|0.000225136|0.0022225|0.00330392,0.0181682|0.013944|0.047834|0.00382452|0.0125041|0.0388837|0.0330416|0.0118399|0.00290834|0.0423098|0.0120126|0.00384841|0.0428419|0.0131986,0.0319791|0.0483324|0.0445871|0.0122344|0.032598|0.00538224|0.011185|0.00604173|0.0201829|0.000397484|0.0125351|0.0294878|0.0409884|0.0417374,0.949547|0.98815|0.930488|0.98384|0.965877|0.91123|0.949108|0.90334|0.904615|0.969366|0.957682|0.902305|0.940435|0.907225,4.23825|3.35756|0.126822|0.236811|0.534444|4.13113|4.01147|0.282451|3.8173|6.20899|5.90544|1.1337|0.302176|4.65403,30.2686|65.1286|34.0839|55.8812|67.5745|18.2346|55.6995|42.5138|72.2829|27.3162|28.0546|99.0064|65.9961,0.172886|0.170031|0.161458|0.19455|0.181224|0.19579|0.177728|0.231617|0.202821|0.164228|0.231107|0.175436|0.161606,0.273933|0.806267|0.734507|0.279654|0.615936|0.160123|0.90653|0.681145|0.90576|0.347372|0.277869|0.269031|0.752732,0.935004,0.828035,0.00860061,0.625358,0.653224,0.50567,0.0737287,0.531077,0.0227058,0.913816,20.837,4.14754e-11,47595,0.929259,14.6973,1.66086e-11,23039,0.936476,0.823991,0.0110375,0.713123,0.0635319,0.472453,0.247421,0.530969,0.256238,0.858698,57.5243,1.23991e-10,22329,0.93039,18.7738,4.49782e-10,67358
8,56,n1->n11->n21->n22->n23->n13->n14->n4->n5->n6->n7->n8->n9->n10,1.39914e+12|6.74446e+13|2.10865e+12|1.04684e+12|4.82335e+12|6.15644e+13|1.73585e+11|5.18924e+13|9.47619e+11|1.3295e+10|1.67497e+12|2.97761e+13|1.77255e+13|4.52738e+13,1.77398e+11|6.67907e+13|1.65286e+12|2.87275e+11|9.44696e+11|1.20015e+13|2.66204e+10|2.57057e+13|5.02465e+11|3.05195e+09|1.7716e+11|3.75649e+12|1.12087e+13|1.1265e+13,1.95975e-05|0.000704058|0.000474297|0.000315597|8.04044e-05|1.91329e-05|0.000296239|0.000184583|2.16719e-05|0.000791651|0.000138816|0.000533313|2.11883e-05|5.27173e-05,0.00010992|0.00551474|0.000184711|0.00111995|0.00115348|0.00010256|0.000130641|0.000294331|0.00291743|0.00210098|0.00414359|0.000989963|0.0022225|0.00330392,0.0181682|0.013944|0.047834|0.00382452|0.0125041|0.0428446|0.0274855|0.00258778|0.0474863|0.0394512|0.0305222|0.0214324|0.0428419|0.0131986,0.0319791|0.0483324|0.0445871|0.0122344|0.032598|0.0431604|0.0191396|0.0218892|0.0371588|0.0484347|0.0147697|0.0250331|0.0409884|0.0417374,0.949547|0.98815|0.930488|0.98384|0.965877|0.909054|0.94417|0.900966|0.974548|0.921987|0.96879|0.91902|0.940435|0.907225,4.23825|3.35756|0.126822|0.236811|0.534444|0.95656|2.66883|0.446122|4.40271|2.02122|0.917544|2.87572|0.302176|4.65403,30.2686|65.1286|34.0839|55.8812|51.9585|56.34|52.1141|81.7362|37.2729|32.9383|55.4093|99.595|65.9961,0.172886|0.170031|0.161458|0.19455|0.186795|0.185456|0.243468|0.241023|0.205536|0.230383|0.205609|0.187871|0.161606,0.273933|0.806267|0.734507|0.279654|0.996635|0.544934|0.237548|0.824452|0.626255|0.704667|0.120763|0.969103|0.752732,0.935004,0.828035,0.00860061,0.625358,0.653224,0.50567,0.0737287,0.531077,0.0227058,0.913816,20.837,4.14754e-11,47595,0.929259,14.6973,1.66086e-11,23039,0.936476,0.823991,0.0110375,0.713123,0.0635319,0.472453,0.247421,0.530969,0.256238,0.858698,57.5243,1.23991e-10,22329,0.93039,18.7738,4.49782e-10,67358
8,57,n1->n11->n21->n22->n23->n24->n14->n15->n16->n6->n7->n8->n9->n10,1.39914e+12|6.74446e+13|2.10865e+12|1.04684e+12|4.82335e+12|7.40688e+10|1.73585e+11|5.83171e+09|5.96789e+12|1.3295e+10|1.67497e+12|2.97761e+13|1.77255e+13|4.52738e+13,1.77398e+11|6.67907e+13|1.65286e+12|2.87275e+11|9.44696e+11|4.11162e+10|2.66204e+10|9.6845e+08|5.01145e+12|3.05195e+09|1.7716e+11|3.75649e+12|1.12087e+13|1.1265e+13,1.95975e-05|0.000704058|0.000474297|0.000315597|8.04044e-05|0.000277508|0.000296239|1.34777e-05|0.000379753|0.000791651|0.000138816|0.000533313|2.11883e-05|5.27173e-05,0.00010992|0.00551474|0.000184711|0.00111995|0.00115348|0.00122802|0.000130641|0.000170048|0.0016797|0.00210098|0.00414359|0.000989963|0.0022225|0.00330392,0.0181682|0.013944|0.047834|0.00382452|0.0125041|0.0388837|0.0274855|0.0488947|0.0406616|0.0394512|0.0305222|0.0214324|0.0428419|0.0131986,0.0319791|0.0483324|0.0445871|0.0122344|0.032598|0.00538224|0.0191396|0.0139893|0.0202115|0.0484347|0.0147697|0.0250331|0.0409884|0.0417374,0.949547|0.98815|0.930488|0.98384|0.965877|0.91123|0.94417|0.929167|0.981652|0.921987|0.96879|0.91902|0.940435|0.907225,4.23825|3.35756|0.126822|0.236811|0.534444|4.13113|2.66883|0.798633|5.01724|2.02122|0.917544|2.87572|0.302176|4.65403,30.2686|65.1286|34.0839|55.8812|67.5745|66.6304|92.5451|56.2706|50.0569|32.9383|55.4093|99.595|65.9961,0.172886|0.170031|0.161458|0.19455|0.181224|0.242617|0.180776|0.18736|0.218247|0.230383|0.205609|0.187871|0.161606,0.273933|0.806267|0.734507|0.279654|0.615936|0.478901|0.921574|0.442932|0.340289|0.704667|0.120763|0.969103|0.752732,0.935004,0.828035,0.00860061,0.625358,0.653224,0.50567,0.0737287,0.531077,0.0227058,0.913816,20.837,4.14754e-11,47595,0.929259,14.6973,1.66086e-11,23039,0.936476,0.823991,0.0110375,0.713123,0.0635319,0.472453,0.247421,0.530969,0.256238,0.858698,57.5243,1.23991e-10,22329,0.93039,18.7738,4.49782e-10,67358
8,58,n1->n2->n3->n13->n23->n24->n25->n26->n16->n17->n7->n8->n9->n10,1.39914e+12|2.9277e+11|2.83016e+12|6.15644e+13|4.82335e+12|7.40688e+10|2.92866e+12|1.18099e+10|5.96789e+12|1.02005e+09|1.67497e+12|2.97761e+13|1.77255e+13|4.52738e+13,1.77398e+11|8.93832e+10|6.97984e+11|1.20015e+13|9.44696e+11|4.11162e+10|1.91072e+12|2.80421e+09|5.01145e+12|3.1363e+08|1.7716e+11|3.75649e+12|1.12087e+13|1.1265e+13,1.95975e-05|2.30528e-05|2.3201e-05|1.91329e-05|8.04044e-05|0.000277508|2.30183e-05|2.70818e-05|0.000379753|3.38246e-05|0.000138816|0.000533313|2.11883e-05|5.27173e-05,0.00010992|0.000491852|0.00771915|0.00010256|0.00115348|0.00122802|0.0010803|0.00639567|0.0016797|0.000148753|0.00414359|0.000989963|0.0022225|0.00330392,0.0181682|0.0363562|0.0253399|0.0428446|0.0125041|0.0388837|0.0330416|0.0118399|0.0406616|0.0423098|0.0305222|0.0214324|0.0428419|0.0131986,0.0319791|0.0270472|0.0264018|0.0431604|0.032598|0.00538224|0.011185|0.00604173|0.0202115|0.000397484|0.0147697|0.0250331|0.0409884|0.0417374,0.949547|0.950284|0.99323|0.909054|0.965877|0.91123|0.949108|0.90334|0.981652|0.969366|0.96879|0.91902|0.940435|0.907225,4.23825|1.22677|2.3022|0.95656|0.534444|4.13113|4.01147|0.282451|5.01724|6.20899|0.917544|2.87572|0.302176|4.65403,79.8117|37.015|83.9106|51.9585|67.5745|18.2346|55.6995|11.0615|32.2763|59.8148|55.4093|99.595|65.9961,0.217184|0.221489|0.164875|0.186795|0.181224|0.19579|0.177728|0.236306|0.20903|0.171695|0.205609|0.187871|0.161606,0.641344|0.940196|0.456853|0.996635|0.615936|0.160123|0.90653|0.175425|0.132326|0.566426|0.120763|0.969103|0.752732,0.935004,0.828035,0.00860061,0.625358,0.653224,0.50567,0.0737287,0.531077,0.0227058,0.913816,20.837,4.14754e-11,47595,0.929259,14.6973,1.66086e-11,23039,0.936476,0.823991,0.0110375,0.713123,0.0635319,0.472453,0.247421,0.530969,0.256238,0.858698,57.5243,1.23991e-10,22329,0.93039,18.7738,4.49782e-10,67358
8,59,n1->n2->n3->n4->n14->n24->n25->n26->n16->n6->n7->n8->n9->n10,1.39914e+12|2.9277e+11|2.83016e+12|5.18924e+13|1.73585e+11|7.40688e+10|2.92866e+12|1.18099e+10|5.96789e+12|1.3295e+10|1.67497e+12|2.97761e+13|1.77255e+13|4.52738e+13,1.77398e+11|8.93832e+10|6.97984e+11|2.57057e+13|2.66204e+10|4.11162e+10|1.91072e+12|2.80421e+09|5.01145e+12|3.05195e+09|1.7716e+11|3.75649e+12|1.12087e+13|1.1265e+13,1.95975e-05|2.30528e-05|2.3201e-05|0.000184583|0.000296239|0.000277508|2.30183e-05|2.70818e-05|0.000379753|0.000791651|0.000138816|0.000533313|2.11883e-05|5.27173e-05,0.00010992|0.000491852|0.00771915|0.000294331|0.000130641|0.00122802|0.0010803|0.00639567|0.0016797|0.00210098|0.00414359|0.000989963|0.0022225|0.00330392,0.0181682|0.0363562|0.0253399|0.00258778|0.0274855|0.0388837|0.0330416|0.0118399|0.0406616|0.0394512|0.0305222|0.0214324|0.0428419|0.0131986,0.0319791|0.0270472|0.0264018|0.0218892|0.0191396|0.00538224|0.011185|0.00604173|0.0202115|0.0484347|0.0147697|0.0250331|0.0409884|0.0417374,0.949547|0.950284|0.99323|0.900966|0.94417|0.91123|0.949108|0.90334|0.981652|0.921987|0.96879|0.91902|0.940435|0.907225,4.23825|1.22677|2.3022|0.446122|2.66883|4.13113|4.01147|0.282451|5.01724|2.02122|0.917544|2.87572|0.302176|4.65403,79.8117|37.015|10.4739|52.1141|66.6304|18.2346|55.6995|11.0615|50.0569|32.9383|55.4093|99.595|65.9961,0.217184|0.221489|0.218201|0.243468|0.242617|0.19579|0.177728|0.236306|0.218247|0.230383|0.205609|0.187871|0.161606,0.641344|0.940196|0.49652|0.237548|0.478901|0.160123|0.90653|0.175425|0.340289|0.704667|0.120763|0.969103|0.752732,0.935004,0.828035,0.00860061,0.625358,0.653224,0.50567,0.0737287,0.531077,0.0227058,0.913816,20.837,4.14754e-11,47595,0.929259,14.6973,1.66086e-11,23039,0.936476,0.823991,0.0110375,0.713123,0.0635319,0.472453,0.247421,0.530969,0.256238,0.858698,57.5243,1.23991e-10,22329,0.93039,18.7738,4.49782e-10,67358
8,60,n1->n2->n12->n22->n23->n24->n14->n15->n5->n6->n7->n8->n9->n10,1.39914e+12|2.9277e+11|1.02421e+11|1.04684e+12|4.82335e+12|7.40688e+10|1.73585e+11|5.83171e+09|9.47619e+11|1.3295e+10|1.67497e+12|2.97761e+13|1.77255e+13|4.52738e+13,1.77398e+11|8.93832e+10|1.31721e+10|2.87275e+11|9.44696e+11|4.11162e+10|2.66204e+10|9.6845e+08|5.02465e+11|3.05195e+09|1.7716e+11|3.75649e+12|1.12087e+13|1.1265e+13,1.95975e-05|2.30528e-05|0.000151799|0.000315597|8.04044e-05|0.000277508|0.000296239|1.34777e-05|2.16719e-05|0.000791651|0.000138816|0.000533313|2.11883e-05|5.27173e-05,0.00010992|0.000491852|0.00251821|0.00111995|0.00115348|0.00122802|0.000130641|0.000170048|0.00291743|0.00210098|0.00414359|0.000989963|0.0022225|0.00330392,0.0181682|0.0363562|0.0201998|0.00382452|0.0125041|0.0388837|0.0274855|0.0488947|0.0474863|0.0394512|0.0305222|0.0214324|0.0428419|0.0131986,0.0319791|0.0270472|0.0203015|0.0122344|0.032598|0.00538224|0.0191396|0.0139893|0.0371588|0.0484347|0.0147697|0.0250331|0.0409884|0.0417374,0.949547|0.950284|0.954465|0.98384|0.965877|0.91123|0.94417|0.929167|0.974548|0.921987|0.96879|0.91902|0.940435|0.907225,4.23825|1.22677|0.174573|0.236811|0.534444|4.13113|2.66883|0.798633|4.40271|2.02122|0.917544|2.87572|0.302176|4.65403,79.8117|88.6198|13.2112|55.8812|67.5745|66.6304|92.5451|35.0583|37.2729|32.9383|55.4093|99.595|65.9961,0.217184|0.211866|0.160355|0.19455|0.181224|0.242617|0.180776|0.178893|0.205536|0.230383|0.205609|0.187871|0.161606,0.641344|0.611032|0.66376|0.279654|0.615936|0.478901|0.921574|0.280873|0.626255|0.704667|0.120763|0.969103|0.752732,0.935004,0.828035,0.00860061,0.625358,0.653224,0.50567,0.0737287,0.531077,0.0227058,0.913816,20.837,4.14754e-11,47595,0.929259,14.6973,1.66086e-11,23039,0.936476,0.823991,0.0110375,0.713123,0.0635319,0.472453,0.247421,0.530969,0.256238,0.858698,57.5243,1.23991e-10,22329,0.93039,18.7738,4.49782e-10,67358
8,61,n1->n2->n3->n13->n14->n4->n5->n6->n7->n8->n9->n19->n20->n10,1.39914e+12|2.9277e+11|2.83016e+12|6.15644e+13|1.73585e+11|5.18924e+13|9.47619e+11|1.3295e+10|1.67497e+12|2.97761e+13|1.77255e+13|3.10599e+10|1.29136e+12|4.52738e+13,1.77398e+11|8.93832e+10|6.97984e+11|1.20015e+13|2.66204e+10|2.57057e+13|5.02465e+11|3.05195e+09|1.7716e+11|3.75649e+12|1.12087e+13|7.39528e+09|5.89601e+11|1.1265e+13,1.95975e-05|2.30528e-05|2.3201e-05|1.91329e-05|0.000296239|0.000184583|2.16719e-05|0.000791651|0.000138816|0.000533313|2.11883e-05|0.000969765|0.000104918|5.27173e-05,0.00010992|0.000491852|0.00771915|0.00010256|0.000130641|0.000294331|0.00291743|0.00210098|0.00414359|0.000989963|0.0022225|0.000225136|0.000585458|0.00330392,0.0181682|0.0363562|0.0253399|0.0428446|0.0274855|0.00258778|0.0474863|0.0394512|0.0305222|0.0214324|0.0428419|0.00384841|0.0288099|0.0131986,0.0319791|0.0270472|0.0264018|0.0431604|0.0191396|0.0218892|0.0371588|0.0484347|0.0147697|0.0250331|0.0409884|0.0294878|0.0321693|0.0417374,0.949547|0.950284|0.99323|0.909054|0.94417|0.900966|0.974548|0.921987|0.96879|0.91902|0.940435|0.902305|0.976331|0.907225,4.23825|1.22677|2.3022|0.95656|2.66883|0.446122|4.40271|2.02122|0.917544|2.87572|0.302176|1.1337|4.981|4.65403,79.8117|37.015|83.9106|56.34|52.1141|81.7362|37.2729|32.9383|55.4093|99.595|99.0064|10.3361|29.3778,0.217184|0.221489|0.164875|0.185456|0.243468|0.241023|0.205536|0.230383|0.205609|0.187871|0.175436|0.207438|0.198143,0.641344|0.940196|0.456853|0.544934|0.237548|0.824452|0.626255|0.704667|0.120763|0.969103|0.269031|0.257043|0.337655,0.935004,0.828035,0.00860061,0.625358,0.653224,0.50567,0.0737287,0.531077,0.0227058,0.913816,20.837,4.14754e-11,47595,0.929259,14.6973,1.66086e-11,23039,0.936476,0.823991,0.0110375,0.713123,0.0635319,0.472453,0.247421,0.530969,0.256238,0.858698,57.5243,1.23991e-10,22329,0.93039,18.7738,4.49782e-10,67358
8,62,n1->n11->n12->n22->n23->n13->n3->n4->n5->n6->n7->n8->n9->n10,1.39914e+12|6.74446e+13|1.02421e+11|1.04684e+12|4.82335e+12|6.15644e+13|2.83016e+12|5.18924e+13|9.47619e+11|1.3295e+10|1.67497e+12|2.97761e+13|1.77255e+13|4.52738e+13,1.77398e+11|6.67907e+13|1.31721e+10|2.87275e+11|9.44696e+11|1.20015e+13|6.97984e+11|2.57057e+13|5.02465e+11|3.05195e+09|1.7716e+11|3.75649e+12|1.12087e+13|1.1265e+13,1.95975e-05|0.000704058|0.000151799|0.000315597|8.04044e-05|1.91329e-05|2.3201e-05|0.000184583|2.16719e-05|0.000791651|0.000138816|0.000533313|2.11883e-05|5.27173e-05,0.00010992|0.00551474|0.00251821|0.00111995|0.00115348|0.00010256|0.00771915|0.000294331|0.00291743|0.00210098|0.00414359|0.000989963|0.0022225|0.00330392,0.0181682|0.013944|0.0201998|0.00382452|0.0125041|0.0428446|0.0253399|0.00258778|0.0474863|0.0394512|0.0305222|0.0214324|0.0428419|0.0131986,0.0319791|0.0483324|0.0203015|0.0122344|0.032598|0.0431604|0.0264018|0.0218892|0.0371588|0.0484347|0.0147697|0.0250331|0.0409884|0.0417374,0.949547|0.98815|0.954465|0.98384|0.965877|0.909054|0.99323|0.900966|0.974548|0.921987|0.96879|0.91902|0.940435|0.907225,4.23825|3.35756|0.174573|0.236811|0.534444|0.95656|2.3022|0.446122|4.40271|2.02122|0.917544|2.87572|0.302176|4.65403,30.2686|24.4191|13.2112|55.8812|51.9585|83.9106|10.4739|81.7362|37.2729|32.9383|55.4093|99.595|65.9961,0.172886|0.215492|0.160355|0.19455|0.186795|0.164875|0.218201|0.241023|0.205536|0.230383|0.205609|0.187871|0.161606,0.273933|0.537123|0.66376|0.279654|0.996635|0.456853|0.49652|0.824452|0.626255|0.704667|0.120763|0.969103|0.752732,0.935004,0.828035,0.00860061,0.625358,0.653224,0.50567,0.0737287,0.531077,0.0227058,0.913816,20.837,4.14754e-11,47595,0.929259,14.6973,1.66086e-11,23039,0.936476,0.823991,0.0110375,0.713123,0.0635319,0.472453,0.247421,0.530969,0.256238,0.858698,57.5243,1.23991e-10,22329,0.93039,18.7738,4.49782e-10,67358
8,63,n1->n2->n12->n22->n23->n24->n14->n15->n16->n6->n7->n8->n9->n10,1.39914e+12|2.9277e+11|1.02421e+11|1.04684e+12|4.82335e+12|7.40688e+10|1.73585e+11|5.83171e+09|5.96789e+12|1.3295e+10|1.67497e+12|2.97761e+13|1.77255e+13|4.52738e+13,1.77398e+11|8.93832e+10|1.31721e+10|2.87275e+11|9.44696e+11|4.11162e+10|2.66204e+10|9.6845e+08|5.01145e+12|3.05195e+09|1.7716e+11|3.75649e+12|1.12087e+13|1.1265e+13,1.95975e-05|2.30528e-05|0.000151799|0.000315597|8.04044e-05|0.000277508|0.000296239|1.34777e-05|0.000379753|0.000791651|0.000138816|0.000533313|2.11883e-05|5.27173e-05,0.00010992|0.000491852|0.00251821|0.00111995|0.00115348|0.00122802|0.000130641|0.000170048|0.0016797|0.00210098|0.00414359|0.000989963|0.0022225|0.00330392,0.0181682|0.0363562|0.0201998|0.00382452|0.0125041|0.0388837|0.0274855|0.0488947|0.0406616|0.0394512|0.0305222|0.0214324|0.0428419|0.0131986,0.0319791|0.0270472|0.0203015|0.0122344|0.032598|0.00538224|0.0191396|0.0139893|0.0202115|0.0484347|0.0147697|0.0250331|0.0409884|0.0417374,0.949547|0.950284|0.954465|0.98384|0.965877|0.91123|0.94417|0.929167|0.981652|0.921987|0.96879|0.91902|0.940435|0.907225,4.23825|1.22677|0.174573|0.236811|0.534444|4.13113|2.66883|0.798633|5.01724|2.02122|0.917544|2.87572|0.302176|4.65403,79.8117|88.6198|13.2112|55.8812|67.5745|66.6304|92.5451|56.2706|50.0569|32.9383|55.4093|99.595|65.9961,0.217184|0.211866|0.160355|0.19455|0.181224|0.242617|0.180776|0.18736|0.218247|0.230383|0.205609|0.187871|0.161606,0.641344|0.611032|0.66376|0.279654|0.615936|0.478901|0.921574|0.442932|0.340289|0.704667|0.120763|0.969103|0.752732,0.935004,0.828035,0.00860061,0.625358,0.653224,0.50567,0.0737287,0.531077,0.0227058,0.913816,20.837,4.14754e-11,47595,0.929259,14.6973,1.66086e-11,23039,0.936476,0.823991,0.0110375,0.713123,0.0635319,0.472453,0.247421,0.530969,0.256238,0.858698,57.5243,1.23991e-10,22329,0.93039,18.7738,4.49782e-10,67358
8,64,n1->n11->n12->n13->n23->n24->n14->n4->n5->n6->n7->n8->n9->n10,1.39914e+12|6.74446e+13|1.02421e+11|6.15644e+13|4.82335e+12|7.40688e+10|1.73585e+11|5.18924e+13|9.47619e+11|1.3295e+10|1.67497e+12|2.97761e+13|1.77255e+13|4.52738e+13,1.77398e+11|6.67907e+13|1.31721e+10|1.20015e+13|9.44696e+11|4.11162e+10|2.66204e+10|2.57057e+13|5.02465e+11|3.05195e+09|1.7716e+11|3.75649e+12|1.12087e+13|1.1265e+13,1.95975e-05|0.000704058|0.000151799|1.91329e-05|8.04044e-05|0.000277508|0.000296239|0.000184583|2.16719e-05|0.000791651|0.000138816|0.000533313|2.11883e-05|5.27173e-05,0.00010992|0.00551474|0.00251821|0.00010256|0.00115348|0.00122802|0.000130641|0.000294331|0.00291743|0.00210098|0.00414359|0.000989963|0.0022225|0.00330392,0.0181682|0.013944|0.0201998|0.0428446|0.0125041|0.0388837|0.0274855|0.00258778|0.0474863|0.0394512|0.0305222|0.0214324|0.0428419|0.0131986,0.0319791|0.0483324|0.0203015|0.0431604|0.032598|0.00538224|0.0191396|0.0218892|0.0371588|0.0484347|0.0147697|0.0250331|0.0409884|0.0417374,0.949547|0.98815|0.954465|0.909054|0.965877|0.91123|0.94417|0.900966|0.974548|0.921987|0.96879|0.91902|0.940435|0.907225,4.23825|3.35756|0.174573|0.95656|0.534444|4.13113|2.66883|0.446122|4.40271|2.02122|0.917544|2.87572|0.302176|4.65403,30.2686|24.4191|13.9548|51.9585|67.5745|66.6304|52.1141|81.7362|37.2729|32.9383|55.4093|99.595|65.9961,0.172886|0.215492|0.198327|0.186795|0.181224|0.242617|0.243468|0.241023|0.205536|0.230383|0.205609|0.187871|0.161606,0.273933|0.537123|0.649751|0.996635|0.615936|0.478901|0.237548|0.824452|0.626255|0.704667|0.120763|0.969103|0.752732,0.935004,0.828035,0.00860061,0.625358,0.653224,0.50567,0.0737287,0.531077,0.0227058,0.913816,20.837,4.14754e-11,47595,0.929259,14.6973,1.66086e-11,23039,0.936476,0.823991,0.0110375,0.713123,0.0635319,0.472453,0.247421,0.530969,0.256238,0.858698,57.5243,1.23991e-10,22329,0.93039,18.7738,4.49782e-10,67358
8,65,n1->n11->n12->n2->n3->n4->n14->n15->n5->n6->n7->n8->n9->n10,1.39914e+12|6.74446e+13|1.02421e+11|2.9277e+11|2.83016e+12|5.18924e+13|1.73585e+11|5.83171e+09|9.47619e+11|1.3295e+10|1.67497e+12|2.97761e+13|1.77255e+13|4.52738e+13,1.77398e+11|6.67907e+13|1.31721e+10|8.93832e+10|6.97984e+11|2.57057e+13|2.66204e+10|9.6845e+08|5.02465e+11|3.05195e+09|1.7716e+11|3.75649e+12|1.12087e+13|1.1265e+13,1.95975e-05|0.000704058|0.000151799|2.30528e-05|2.3201e-05|0.000184583|0.000296239|1.34777e-05|2.16719e-05|0.000791651|0.000138816|0.000533313|2.11883e-05|5.27173e-05,0.00010992|0.00551474|0.00251821|0.000491852|0.00771915|0.000294331|0.000130641|0.000170048|0.00291743|0.00210098|0.00414359|0.000989963|0.0022225|0.00330392,0.0181682|0.013944|0.0201998|0.0363562|0.0253399|0.00258778|0.0274855|0.0488947|0.0474863|0.0394512|0.0305222|0.0214324|0.0428419|0.0131986,0.0319791|0.0483324|0.0203015|0.0270472|0.0264018|0.0218892|0.0191396|0.0139893|0.0371588|0.0484347|0.0147697|0.0250331|0.0409884|0.0417374,0.949547|0.98815|0.954465|0.950284|0.99323|0.900966|0.94417|0.929167|0.974548|0.921987|0.96879|0.91902|0.940435|0.907225,4.23825|3.35756|0.174573|1.22677|2.3022|0.446122|2.66883|0.798633|4.40271|2.02122|0.917544|2.87572|0.302176|4.65403,30.2686|24.4191|88.6198|37.015|10.4739|52.1141|92.5451|35.0583|37.2729|32.9383|55.4093|99.595|65.9961,0.172886|0.215492|0.211866|0.221489|0.218201|0.243468|0.180776|0.178893|0.205536|0.230383|0.205609|0.187871|0.161606,0.273933|0.537123|0.611032|0.940196|0.49652|0.237548|0.921574|0.280873|0.626255|0.704667|0.120763|0.969103|0.752732,0.935004,0.828035,0.00860061,0.625358,0.653224,0.50567,0.0737287,0.531077,0.0227058,0.913816,20.837,4.14754e-11,47595,0.929259,14.6973,1.66086e-11,23039,0.936476,0.823991,0.0110375,0.713123,0.0635319,0.472453,0.247421,0.530969,0.256238,0.858698,57.5243,1.23991e-10,22329,0.93039,18.7738,4.49782e-10,67358
8,66,n1->n2->n3->n4->n5->n6->n7->n17->n27->n28->n29->n30->n20->n10,1.39914e+12|2.9277e+11|2.83016e+12|5.18924e+13|9.47619e+11|1.3295e+10|1.67497e+12|1.02005e+09|9.07677e+09|2.76771e+12|3.58484e+10|9.94883e+10|1.29136e+12|4.52738e+13,1.77398e+11|8.93832e+10|6.97984e+11|2.57057e+13|5.02465e+11|3.05195e+09|1.7716e+11|3.1363e+08|3.68247e+09|1.49094e+12|8.63035e+09|7.62123e+10|5.89601e+11|1.1265e+13,1.95975e-05|2.30528e-05|2.3201e-05|0.000184583|2.16719e-05|0.000791651|0.000138816|3.38246e-05|1.08468e-05|2.80987e-05|0.000181638|0.000436038|0.000104918|5.27173e-05,0.00010992|0.000491852|0.00771915|0.000294331|0.00291743|0.00210098|0.00414359|0.000148753|0.000374531|0.00545758|0.000129111|0.00666947|0.000585458|0.00330392,0.0181682|0.0363562|0.0253399|0.00258778|0.0474863|0.0394512|0.0305222|0.0423098|0.00290834|0.0345144|0.0483468|0.0266891|0.0288099|0.0131986,0.0319791|0.0270472|0.0264018|0.0218892|0.0371588|0.0484347|0.0147697|0.000397484|0.0201829|0.00283251|0.00872405|0.0224373|0.0321693|0.0417374,0.949547|0.950284|0.99323|0.900966|0.974548|0.921987|0.96879|0.969366|0.904615|0.941873|0.902534|0.936657|0.976331|0.907225,4.23825|1.22677|2.3022|0.446122|4.40271|2.02122|0.917544|6.20899|3.8173|4.82396|0.0334453|0.291653|4.981|4.65403,79.8117|37.015|10.4739|81.7362|37.2729|32.9383|59.8148|72.2829|15.3326|39.0733|83.4704|23.9015|29.3778,0.217184|0.221489|0.218201|0.241023|0.205536|0.230383|0.171695|0.202821|0.171578|0.18279|0.24104|0.24759|0.198143,0.641344|0.940196|0.49652|0.824452|0.626255|0.704667|0.566426|0.90576|0.162466|0.505031|0.881928|0.695631|0.337655,0.935004,0.828035,0.00860061,0.625358,0.653224,0.50567,0.0737287,0.531077,0.0227058,0.913816,20.837,4.14754e-11,47595,0.929259,14.6973,1.66086e-11,23039,0.936476,0.823991,0.0110375,0.713123,0.0635319,0.472453,0.247421,0.530969,0.256238,0.858698,57.5243,1.23991e-10,22329,0.93039,18.7738,4.49782e-10,67358
8,67,n1->n11->n12->n22->n23->n24->n25->n26->n16->n17->n18->n8->n9->n10,1.39914e+12|6.74446e+13|1.02421e+11|1.04684e+12|4.82335e+12|7.40688e+10|2.92866e+12|1.18099e+10|5.96789e+12|1.02005e+09|2.57098e+11|2.97761e+13|1.77255e+13|4.52738e+13,1.77398e+11|6.67907e+13|1.31721e+10|2.87275e+11|9.44696e+11|4.11162e+10|1.91072e+12|2.80421e+09|5.01145e+12|3.1363e+08|6.04421e+10|3.75649e+12|1.12087e+13|1.1265e+13,1.95975e-05|0.000704058|0.000151799|0.000315597|8.04044e-05|0.000277508|2.30183e-05|2.70818e-05|0.000379753|3.38246e-05|0.000162804|0.000533313|2.11883e-05|5.27173e-05,0.00010992|0.00551474|0.00251821|0.00111995|0.00115348|0.00122802|0.0010803|0.00639567|0.0016797|0.000148753|0.00406814|0.000989963|0.0022225|0.00330392,0.0181682|0.013944|0.0201998|0.00382452|0.0125041|0.0388837|0.0330416|0.0118399|0.0406616|0.0423098|0.0120126|0.0214324|0.0428419|0.0131986,0.0319791|0.0483324|0.0203015|0.0122344|0.032598|0.00538224|0.011185|0.00604173|0.0202115|0.000397484|0.0125351|0.0250331|0.0409884|0.0417374,0.949547|0.98815|0.954465|0.98384|0.965877|0.91123|0.949108|0.90334|0.981652|0.969366|0.957682|0.91902|0.940435|0.907225,4.23825|3.35756|0.174573|0.236811|0.534444|4.13113|4.01147|0.282451|5.01724|6.20899|5.90544|2.87572|0.302176|4.65403,30.2686|24.4191|13.2112|55.8812|67.5745|18.2346|55.6995|11.0615|32.2763|27.3162|81.3396|99.595|65.9961,0.172886|0.215492|0.160355|0.19455|0.181224|0.19579|0.177728|0.236306|0.20903|0.164228|0.202434|0.187871|0.161606,0.273933|0.537123|0.66376|0.279654|0.615936|0.160123|0.90653|0.175425|0.132326|0.347372|0.175208|0.969103|0.752732,0.935004,0.828035,0.00860061,0.625358,0.653224,0.50567,0.0737287,0.531077,0.0227058,0.913816,20.837,4.14754e-11,47595,0.929259,14.6973,1.66086e-11,23039,0.936476,0.823991,0.0110375,0.713123,0.0635319,0.472453,0.247421,0.530969,0.256238,0.858698,57.5243,1.23991e-10,22329,0.93039,18.7738,4.49782e-10,67358
8,68,n1->n2->n12->n13->n3->n4->n5->n15->n16->n6->n7->n8->n9->n10,1.39914e+12|2.9277e+11|1.02421e+11|6.15644e+13|2.83016e+12|5.18924e+13|9.47619e+11|5.83171e+09|5.96789e+12|1.3295e+10|1.67497e+12|2.97761e+13|1.77255e+13|4.52738e+13,1.77398e+11|8.93832e+10|1.31721e+10|1.20015e+13|6.97984e+11|2.57057e+13|5.02465e+11|9.6845e+08|5.01145e+12|3.05195e+09|1.7716e+11|3.75649e+12|1.12087e+13|1.1265e+13,1.95975e-05|2.30528e-05|0.000151799|1.91329e-05|2.3201e-05|0.000184583|2.16719e-05|1.34777e-05|0.000379753|0.000791651|0.000138816|0.000533313|2.11883e-05|5.27173e-05,0.00010992|0.000491852|0.00251821|0.00010256|0.00771915|0.000294331|0.00291743|0.000170048|0.0016797|0.00210098|0.00414359|0.000989963|0.0022225|0.00330392,0.0181682|0.0363562|0.0201998|0.0428446|0.0253399|0.00258778|0.0474863|0.0488947|0.0406616|0.0394512|0.0305222|0.0214324|0.0428419|0.0131986,0.0319791|0.0270472|0.0203015|0.0431604|0.0264018|0.0218892|0.0371588|0.0139893|0.0202115|0.0484347|0.0147697|0.0250331|0.0409884|0.0417374,0.949547|0.950284|0.954465|0.909054|0.99323|0.900966|0.974548|0.929167|0.981652|0.921987|0.96879|0.91902|0.940435|0.907225,4.23825|1.22677|0.174573|0.95656|2.3022|0.446122|4.40271|0.798633|5.01724|2.02122|0.917544|2.87572|0.302176|4.65403,79.8117|88.6198|13.9548|83.9106|10.4739|81.7362|35.0583|56.2706|50.0569|32.9383|55.4093|99.595|65.9961,0.217184|0.211866|0.198327|0.164875|0.218201|0.241023|0.178893|0.18736|0.218247|0.230383|0.205609|0.187871|0.161606,0.641344|0.611032|0.649751|0.456853|0.49652|0.824452|0.280873|0.442932|0.340289|0.704667|0.120763|0.969103|0.752732,0.935004,0.828035,0.00860061,0.625358,0.653224,0.50567,0.0737287,0.531077,0.0227058,0.913816,20.837,4.14754e-11,47595,0.929259,14.6973,1.66086e-11,23039,0.936476,0.823991,0.0110375,0.713123,0.0635319,0.472453,0.247421,0.530969,0.256238,0.858698,57.5243,1.23991e-10,22329,0.93039,18.7738,4.49782e-10,67358
8,69,n1->n2->n3->n4->n14->n24->n25->n26->n27->n28->n18->n19->n9->n10,1.39914e+12|2.9277e+11|2.83016e+12|5.18924e+13|1.73585e+11|7.40688e+10|2.92866e+12|1.18099e+10|9.07677e+09|2.76771e+12|2.57098e+11|3.10599e+10|1.77255e+13|4.52738e+13,1.77398e+11|8.93832e+10|6.97984e+11|2.57057e+13|2.66204e+10|4.11162e+10|1.91072e+12|2.80421e+09|3.68247e+09|1.49094e+12|6.04421e+10|7.39528e+09|1.12087e+13|1.1265e+13,1.95975e-05|2.30528e-05|2.3201e-05|0.000184583|0.000296239|0.000277508|2.30183e-05|2.70818e-05|1.08468e-05|2.80987e-05|0.000162804|0.000969765|2.11883e-05|5.27173e-05,0.00010992|0.000491852|0.00771915|0.000294331|0.000130641|0.00122802|0.0010803|0.00639567|0.000374531|0.00545758|0.00406814|0.000225136|0.0022225|0.00330392,0.0181682|0.0363562|0.0253399|0.00258778|0.0274855|0.0388837|0.0330416|0.0118399|0.00290834|0.0345144|0.0120126|0.00384841|0.0428419|0.0131986,0.0319791|0.0270472|0.0264018|0.0218892|0.0191396|0.00538224|0.011185|0.00604173|0.0201829|0.00283251|0.0125351|0.0294878|0.0409884|0.0417374,0.949547|0.950284|0.99323|0.900966|0.94417|0.91123|0.949108|0.90334|0.904615|0.941873|0.957682|0.902305|0.940435|0.907225,4.23825|1.22677|2.3022|0.446122|2.66883|4.13113|4.01147|0.282451|3.8173|4.82396|5.90544|1.1337|0.302176|4.65403,79.8117|37.015|10.4739|52.1141|66.6304|18.2346|55.6995|42.5138|15.3326|43.2583|28.0546|99.0064|65.9961,0.217184|0.221489|0.218201|0.243468|0.242617|0.19579|0.177728|0.231617|0.171578|0.193487|0.231107|0.175436|0.161606,0.641344|0.940196|0.49652|0.237548|0.478901|0.160123|0.90653|0.681145|0.162466|0.802216|0.277869|0.269031|0.752732,0.935004,0.828035,0.00860061,0.625358,0.653224,0.50567,0.0737287,0.531077,0.0227058,0.913816,20.837,4.14754e-11,47595,0.929259,14.6973,1.66086e-11,23039,0.936476,0.823991,0.0110375,0.713123,0.0635319,0.472453,0.247421,0.530969,0.256238,0.858698,57.5243,1.23991e-10,22329,0.93039,18.7738,4.49782e-10,67358
8,70,n1->n11->n12->n2->n3->n4->n5->n15->n16->n17->n18->n19->n20->n10,1.39914e+12|6.74446e+13|1.02421e+11|2.9277e+11|2.83016e+12|5.18924e+13|9.47619e+11|5.83171e+09|5.96789e+12|1.02005e+09|2.57098e+11|3.10599e+10|1.29136e+12|4.52738e+13,1.77398e+11|6.67907e+13|1.31721e+10|8.93832e+10|6.97984e+11|2.57057e+13|5.02465e+11|9.6845e+08|5.01145e+12|3.1363e+08|6.04421e+10|7.39528e+09|5.89601e+11|1.1265e+13,1.95975e-05|0.000704058|0.000151799|2.30528e-05|2.3201e-05|0.000184583|2.16719e-05|1.34777e-05|0.000379753|3.38246e-05|0.000162804|0.000969765|0.000104918|5.27173e-05,0.00010992|0.00551474|0.00251821|0.000491852|0.00771915|0.000294331|0.00291743|0.000170048|0.0016797|0.000148753|0.00406814|0.000225136|0.000585458|0.00330392,0.0181682|0.013944|0.0201998|0.0363562|0.0253399|0.00258778|0.0474863|0.0488947|0.0406616|0.0423098|0.0120126|0.00384841|0.0288099|0.0131986,0.0319791|0.0483324|0.0203015|0.0270472|0.0264018|0.0218892|0.0371588|0.0139893|0.0202115|0.000397484|0.0125351|0.0294878|0.0321693|0.0417374,0.949547|0.98815|0.954465|0.950284|0.99323|0.900966|0.974548|0.929167|0.981652|0.969366|0.957682|0.902305|0.976331|0.907225,4.23825|3.35756|0.174573|1.22677|2.3022|0.446122|4.40271|0.798633|5.01724|6.20899|5.90544|1.1337|4.981|4.65403,30.2686|24.4191|88.6198|37.015|10.4739|81.7362|35.0583|56.2706|32.2763|27.3162|28.0546|10.3361|29.3778,0.172886|0.215492|0.211866|0.221489|0.218201|0.241023|0.178893|0.18736|0.20903|0.164228|0.231107|0.207438|0.198143,0.273933|0.537123|0.611032|0.940196|0.49652|0.824452|0.280873|0.442932|0.132326|0.347372|0.277869|0.257043|0.337655,0.935004,0.828035,0.00860061,0.625358,0.653224,0.50567,0.0737287,0.531077,0.0227058,0.913816,20.837,4.14754e-11,47595,0.929259,14.6973,1.66086e-11,23039,0.936476,0.823991,0.0110375,0.713123,0.0635319,0.472453,0.247421,0.530969,0.256238,0.858698,57.5243,1.23991e-10,22329,0.93039,18.7738,4.49782e-10,67358
8,71,n1->n2->n3->n13->n23->n24->n14->n15->n5->n6->n7->n8->n9->n10,1.39914e+12|2.9277e+11|2.83016e+12|6.15644e+13|4.82335e+12|7.40688e+10|1.73585e+11|5.83171e+09|9.47619e+11|1.3295e+10|1.67497e+12|2.97761e+13|1.77255e+13|4.52738e+13,1.77398e+11|8.93832e+10|6.97984e+11|1.20015e+13|9.44696e+11|4.11162e+10|2.66204e+10|9.6845e+08|5.02465e+11|3.05195e+09|1.7716e+11|3.75649e+12|1.12087e+13|1.1265e+13,1.95975e-05|2.30528e-05|2.3201e-05|1.91329e-05|8.04044e-05|0.000277508|0.000296239|1.34777e-05|2.16719e-05|0.000791651|0.000138816|0.000533313|2.11883e-05|5.27173e-05,0.00010992|0.000491852|0.00771915|0.00010256|0.00115348|0.00122802|0.000130641|0.000170048|0.00291743|0.00210098|0.00414359|0.000989963|0.0022225|0.00330392,0.0181682|0.0363562|0.0253399|0.0428446|0.0125041|0.0388837|0.0274855|0.0488947|0.0474863|0.0394512|0.0305222|0.0214324|0.0428419|0.0131986,0.0319791|0.0270472|0.0264018|0.0431604|0.032598|0.00538224|0.0191396|0.0139893|0.0371588|0.0484347|0.0147697|0.0250331|0.0409884|0.0417374,0.949547|0.950284|0.99323|0.909054|0.965877|0.91123|0.94417|0.929167|0.974548|0.921987|0.96879|0.91902|0.940435|0.907225,4.23825|1.22677|2.3022|0.95656|0.534444|4.13113|2.66883|0.798633|4.40271|2.02122|0.917544|2.87572|0.302176|4.65403,79.8117|37.015|83.9106|51.9585|67.5745|66.6304|92.5451|35.0583|37.2729|32.9383|55.4093|99.595|65.9961,0.217184|0.221489|0.164875|0.186795|0.181224|0.242617|0.180776|0.178893|0.205536|0.230383|0.205609|0.187871|0.161606,0.641344|0.940196|0.456853|0.996635|0.615936|0.478901|0.921574|0.280873|0.626255|0.704667|0.120763|0.969103|0.752732,0.935004,0.828035,0.00860061,0.625358,0.653224,0.50567,0.0737287,0.531077,0.0227058,0.913816,20.837,4.14754e-11,47595,0.929259,14.6973,1.66086e-11,23039,0.936476,0.823991,0.0110375,0.713123,0.0635319,0.472453,0.247421,0.530969,0.256238,0.858698,57.5243,1.23991e-10,22329,0.93039,18.7738,4.49782e-10,67358
8,72,n1->n2->n3->n4->n5->n15->n25->n26->n27->n17->n18->n19->n9->n10,1.39914e+12|2.9277e+11|2.83016e+12|5.18924e+13|9.47619e+11|5.83171e+09|2.92866e+12|1.18099e+10|9.07677e+09|1.02005e+09|2.57098e+11|3.10599e+10|1.77255e+13|4.52738e+13,1.77398e+11|8.93832e+10|6.97984e+11|2.57057e+13|5.02465e+11|9.6845e+08|1.91072e+12|2.80421e+09|3.68247e+09|3.1363e+08|6.04421e+10|7.39528e+09|1.12087e+13|1.1265e+13,1.95975e-05|2.30528e-05|2.3201e-05|0.000184583|2.16719e-05|1.34777e-05|2.30183e-05|2.70818e-05|1.08468e-05|3.38246e-05|0.000162804|0.000969765|2.11883e-05|5.27173e-05,0.00010992|0.000491852|0.00771915|0.000294331|0.00291743|0.000170048|0.0010803|0.00639567|0.000374531|0.000148753|0.00406814|0.000225136|0.0022225|0.00330392,0.0181682|0.0363562|0.0253399|0.00258778|0.0474863|0.0488947|0.0330416|0.0118399|0.00290834|0.0423098|0.0120126|0.00384841|0.0428419|0.0131986,0.0319791|0.0270472|0.0264018|0.0218892|0.0371588|0.0139893|0.011185|0.00604173|0.0201829|0.000397484|0.0125351|0.0294878|0.0409884|0.0417374,0.949547|0.950284|0.99323|0.900966|0.974548|0.929167|0.949108|0.90334|0.904615|0.969366|0.957682|0.902305|0.940435|0.907225,4.23825|1.22677|2.3022|0.446122|4.40271|0.798633|4.01147|0.282451|3.8173|6.20899|5.90544|1.1337|0.302176|4.65403,79.8117|37.015|10.4739|81.7362|35.0583|54.7186|55.6995|42.5138|72.2829|27.3162|28.0546|99.0064|65.9961,0.217184|0.221489|0.218201|0.241023|0.178893|0.249041|0.177728|0.231617|0.202821|0.164228|0.231107|0.175436|0.161606,0.641344|0.940196|0.49652|0.824452|0.280873|0.656917|0.90653|0.681145|0.90576|0.347372|0.277869|0.269031|0.752732,0.935004,0.828035,0.00860061,0.625358,0.653224,0.50567,0.0737287,0.531077,0.0227058,0.913816,20.837,4.14754e-11,47595,0.929259,14.6973,1.66086e-11,23039,0.936476,0.823991,0.0110375,0.713123,0.0635319,0.472453,0.247421,0.530969,0.256238,0.858698,57.5243,1.23991e-10,22329,0.93039,18.7738,4.49782e-10,67358
8,73,n1->n2->n3->n13->n23->n24->n25->n26->n27->n17->n18->n8->n9->n10,1.39914e+12|2.9277e+11|2.83016e+12|6.15644e+13|4.82335e+12|7.40688e+10|2.92866e+12|1.18099e+10|9.07677e+09|1.02005e+09|2.57098e+11|2.97761e+13|1.77255e+13|4.52738e+13,1.77398e+11|8.93832e+10|6.97984e+11|1.20015e+13|9.44696e+11|4.11162e+10|1.91072e+12|2.80421e+09|3.68247e+09|3.1363e+08|6.04421e+10|3.75649e+12|1.12087e+13|1.1265e+13,1.95975e-05|2.30528e-05|2.3201e-05|1.91329e-05|8.04044e-05|0.000277508|2.30183e-05|2.70818e-05|1.08468e-05|3.38246e-05|0.000162804|0.000533313|2.11883e-05|5.27173e-05,0.00010992|0.000491852|0.00771915|0.00010256|0.00115348|0.00122802|0.0010803|0.00639567|0.000374531|0.000148753|0.00406814|0.000989963|0.0022225|0.00330392,0.0181682|0.0363562|0.0253399|0.0428446|0.0125041|0.0388837|0.0330416|0.0118399|0.00290834|0.0423098|0.0120126|0.0214324|0.0428419|0.0131986,0.0319791|0.0270472|0.0264018|0.0431604|0.032598|0.00538224|0.011185|0.00604173|0.0201829|0.000397484|0.0125351|0.0250331|0.0409884|0.0417374,0.949547|0.950284|0.99323|0.909054|0.965877|0.91123|0.949108|0.90334|0.904615|0.969366|0.957682|0.91902|0.940435|0.907225,4.23825|1.22677|2.3022|0.95656|0.534444|4.13113|4.01147|0.282451|3.8173|6.20899|5.90544|2.87572|0.302176|4.65403,79.8117|37.015|83.9106|51.9585|67.5745|18.2346|55.6995|42.5138|72.2829|27.3162|81.3396|99.595|65.9961,0.217184|0.221489|0.164875|0.186795|0.181224|0.19579|0.177728|0.231617|0.202821|0.164228|0.202434|0.187871|0.161606,0.641344|0.940196|0.456853|0.996635|0.615936|0.160123|0.90653|0.681145|0.90576|0.347372|0.175208|0.969103|0.752732,0.935004,0.828035,0.00860061,0.625358,0.653224,0.50567,0.0737287,0.531077,0.0227058,0.913816,20.837,4.14754e-11,47595,0.929259,14.6973,1.66086e-11,23039,0.936476,0.823991,0.0110375,0.713123,0.0635319,0.472453,0.247421,0.530969,0.256238,0.858698,57.5243,1.23991e-10,22329,0.93039,18.7738,4.49782e-10,67358
8,74,n1->n11->n21->n22->n23->n13->n14->n15->n16->n17->n7->n8->n9->n10,1.39914e+12|6.74446e+13|2.10865e+12|1.04684e+12|4.82335e+12|6.15644e+13|1.73585e+11|5.83171e+09|5.96789e+12|1.02005e+09|1.67497e+12|2.97761e+13|1.77255e+13|4.52738e+13,1.77398e+11|6.67907e+13|1.65286e+12|2.87275e+11|9.44696e+11|1.20015e+13|2.66204e+10|9.6845e+08|5.01145e+12|3.1363e+08|1.7716e+11|3.75649e+12|1.12087e+13|1.1265e+13,1.95975e-05|0.000704058|0.000474297|0.000315597|8.04044e-05|1.91329e-05|0.000296239|1.34777e-05|0.000379753|3.38246e-05|0.000138816|0.000533313|2.11883e-05|5.27173e-05,0.00010992|0.00551474|0.000184711|0.00111995|0.00115348|0.00010256|0.000130641|0.000170048|0.0016797|0.000148753|0.00414359|0.000989963|0.0022225|0.00330392,0.0181682|0.013944|0.047834|0.00382452|0.0125041|0.0428446|0.0274855|0.0488947|0.0406616|0.0423098|0.0305222|0.0214324|0.0428419|0.0131986,0.0319791|0.0483324|0.0445871|0.0122344|0.032598|0.0431604|0.0191396|0.0139893|0.0202115|0.000397484|0.0147697|0.0250331|0.0409884|0.0417374,0.949547|0.98815|0.930488|0.98384|0.965877|0.909054|0.94417|0.929167|0.981652|0.969366|0.96879|0.91902|0.940435|0.907225,4.23825|3.35756|0.126822|0.236811|0.534444|0.95656|2.66883|0.798633|5.01724|6.20899|0.917544|2.87572|0.302176|4.65403,30.2686|65.1286|34.0839|55.8812|51.9585|56.34|92.5451|56.2706|32.2763|59.8148|55.4093|99.595|65.9961,0.172886|0.170031|0.161458|0.19455|0.186795|0.185456|0.180776|0.18736|0.20903|0.171695|0.205609|0.187871|0.161606,0.273933|0.806267|0.734507|0.279654|0.996635|0.544934|0.921574|0.442932|0.132326|0.566426|0.120763|0.969103|0.752732,0.935004,0.828035,0.00860061,0.625358,0.653224,0.50567,0.0737287,0.531077,0.0227058,0.913816,20.837,4.14754e-11,47595,0.929259,14.6973,1.66086e-11,23039,0.936476,0.823991,0.0110375,0.713123,0.0635319,0.472453,0.247421,0.530969,0.256238,0.858698,57.5243,1.23991e-10,22329,0.93039,18.7738,4.49782e-10,67358
8,75,n1->n2->n3->n13->n14->n15->n5->n6->n7->n17->n18->n8->n9->n10,1.39914e+12|2.9277e+11|2.83016e+12|6.15644e+13|1.73585e+11|5.83171e+09|9.47619e+11|1.3295e+10|1.67497e+12|1.02005e+09|2.57098e+11|2.97761e+13|1.77255e+13|4.52738e+13,1.77398e+11|8.93832e+10|6.97984e+11|1.20015e+13|2.66204e+10|9.6845e+08|5.02465e+11|3.05195e+09|1.7716e+11|3.1363e+08|6.04421e+10|3.75649e+12|1.12087e+13|1.1265e+13,1.95975e-05|2.30528e-05|2.3201e-05|1.91329e-05|0.000296239|1.34777e-05|2.16719e-05|0.000791651|0.000138816|3.38246e-05|0.000162804|0.000533313|2.11883e-05|5.27173e-05,0.00010992|0.000491852|0.00771915|0.00010256|0.000130641|0.000170048|0.00291743|0.00210098|0.00414359|0.000148753|0.00406814|0.000989963|0.0022225|0.00330392,0.0181682|0.0363562|0.0253399|0.0428446|0.0274855|0.0488947|0.0474863|0.0394512|0.0305222|0.0423098|0.0120126|0.0214324|0.0428419|0.0131986,0.0319791|0.0270472|0.0264018|0.0431604|0.0191396|0.0139893|0.0371588|0.0484347|0.0147697|0.000397484|0.0125351|0.0250331|0.0409884|0.0417374,0.949547|0.950284|0.99323|0.909054|0.94417|0.929167|0.974548|0.921987|0.96879|0.969366|0.957682|0.91902|0.940435|0.907225,4.23825|1.22677|2.3022|0.95656|2.66883|0.798633|4.40271|2.02122|0.917544|6.20899|5.90544|2.87572|0.302176|4.65403,79.8117|37.015|83.9106|56.34|92.5451|35.0583|37.2729|32.9383|59.8148|27.3162|81.3396|99.595|65.9961,0.217184|0.221489|0.164875|0.185456|0.180776|0.178893|0.205536|0.230383|0.171695|0.164228|0.202434|0.187871|0.161606,0.641344|0.940196|0.456853|0.544934|0.921574|0.280873|0.626255|0.704667|0.566426|0.347372|0.175208|0.969103|0.752732,0.935004,0.828035,0.00860061,0.625358,0.653224,0.50567,0.0737287,0.531077,0.0227058,0.913816,20.837,4.14754e-11,47595,0.929259,14.6973,1.66086e-11,23039,0.936476,0.823991,0.0110375,0.713123,0.0635319,0.472453,0.247421,0.530969,0.256238,0.858698,57.5243,1.23991e-10,22329,0.93039,18.7738,4.49782e-10,67358
8,76,n1->n2->n12->n22->n23->n13->n3->n4->n5->n6->n7->n8->n9->n10,1.39914e+12|2.9277e+11|1.02421e+11|1.04684e+12|4.82335e+12|6.15644e+13|2.83016e+12|5.18924e+13|9.47619e+11|1.3295e+10|1.67497e+12|2.97761e+13|1.77255e+13|4.52738e+13,1.77398e+11|8.93832e+10|1.31721e+10|2.87275e+11|9.44696e+11|1.20015e+13|6.97984e+11|2.57057e+13|5.02465e+11|3.05195e+09|1.7716e+11|3.75649e+12|1.12087e+13|1.1265e+13,1.95975e-05|2.30528e-05|0.000151799|0.000315597|8.04044e-05|1.91329e-05|2.3201e-05|0.000184583|2.16719e-05|0.000791651|0.000138816|0.000533313|2.11883e-05|5.27173e-05,0.00010992|0.000491852|0.00251821|0.00111995|0.00115348|0.00010256|0.00771915|0.000294331|0.00291743|0.00210098|0.00414359|0.000989963|0.0022225|0.00330392,0.0181682|0.0363562|0.0201998|0.00382452|0.0125041|0.0428446|0.0253399|0.00258778|0.0474863|0.0394512|0.0305222|0.0214324|0.0428419|0.0131986,0.0319791|0.0270472|0.0203015|0.0122344|0.032598|0.0431604|0.0264018|0.0218892|0.0371588|0.0484347|0.0147697|0.0250331|0.0409884|0.0417374,0.949547|0.950284|0.954465|0.98384|0.965877|0.909054|0.99323|0.900966|0.974548|0.921987|0.96879|0.91902|0.940435|0.907225,4.23825|1.22677|0.174573|0.236811|0.534444|0.95656|2.3022|0.446122|4.40271|2.02122|0.917544|2.87572|0.302176|4.65403,79.8117|88.6198|13.2112|55.8812|51.9585|83.9106|10.4739|81.7362|37.2729|32.9383|55.4093|99.595|65.9961,0.217184|0.211866|0.160355|0.19455|0.186795|0.164875|0.218201|0.241023|0.205536|0.230383|0.205609|0.187871|0.161606,0.641344|0.611032|0.66376|0.279654|0.996635|0.456853|0.49652|0.824452|0.626255|0.704667|0.120763|0.969103|0.752732,0.935004,0.828035,0.00860061,0.625358,0.653224,0.50567,0.0737287,0.531077,0.0227058,0.913816,20.837,4.14754e-11,47595,0.929259,14.6973,1.66086e-11,23039,0.936476,0.823991,0.0110375,0.713123,0.0635319,0.472453,0.247421,0.530969,0.256238,0.858698,57.5243,1.23991e-10,22329,0.93039,18.7738,4.49782e-10,67358
8,77,n1->n2->n3->n13->n23->n24->n14->n4->n5->n6->n7->n8->n9->n10,1.39914e+12|2.9277e+11|2.83016e+12|6.15644e+13|4.82335e+12|7.40688e+10|1.73585e+11|5.18924e+13|9.47619e+11|1.3295e+10|1.67497e+12|2.97761e+13|1.77255e+13|4.52738e+13,1.77398e+11|8.93832e+10|6.97984e+11|1.20015e+13|9.44696e+11|4.11162e+10|2.66204e+10|2.57057e+13|5.02465e+11|3.05195e+09|1.7716e+11|3.75649e+12|1.12087e+13|1.1265e+13,1.95975e-05|2.30528e-05|2.3201e-05|1.91329e-05|8.04044e-05|0.000277508|0.000296239|0.000184583|2.16719e-05|0.000791651|0.000138816|0.000533313|2.11883e-05|5.27173e-05,0.00010992|0.000491852|0.00771915|0.00010256|0.00115348|0.00122802|0.000130641|0.000294331|0.00291743|0.00210098|0.00414359|0.000989963|0.0022225|0.00330392,0.0181682|0.0363562|0.0253399|0.0428446|0.0125041|0.0388837|0.0274855|0.00258778|0.0474863|0.0394512|0.0305222|0.0214324|0.0428419|0.0131986,0.0319791|0.0270472|0.0264018|0.0431604|0.032598|0.00538224|0.0191396|0.0218892|0.0371588|0.0484347|0.0147697|0.0250331|0.0409884|0.0417374,0.949547|0.950284|0.99323|0.909054|0.965877|0.91123|0.94417|0.900966|0.974548|0.921987|0.96879|0.91902|0.940435|0.907225,4.23825|1.22677|2.3022|0.95656|0.534444|4.13113|2.66883|0.446122|4.40271|2.02122|0.917544|2.87572|0.302176|4.65403,79.8117|37.015|83.9106|51.9585|67.5745|66.6304|52.1141|81.7362|37.2729|32.9383|55.4093|99.595|65.9961,0.217184|0.221489|0.164875|0.186795|0.181224|0.242617|0.243468|0.241023|0.205536|0.230383|0.205609|0.187871|0.161606,0.641344|0.940196|0.456853|0.996635|0.615936|0.478901|0.237548|0.824452|0.626255|0.704667|0.120763|0.969103|0.752732,0.935004,0.828035,0.00860061,0.625358,0.653224,0.50567,0.0737287,0.531077,0.0227058,0.913816,20.837,4.14754e-11,47595,0.929259,14.6973,1.66086e-11,23039,0.936476,0.823991,0.0110375,0.713123,0.0635319,0.472453,0.247421,0.530969,0.256238,0.858698,57.5243,1.23991e-10,22329,0.93039,18.7738,4.49782e-10,67358
8,78,n1->n2->n12->n13->n14->n24->n25->n26->n27->n17->n18->n19->n9->n10,1.39914e+12|2.9277e+11|1.02421e+11|6.15644e+13|1.73585e+11|7.40688e+10|2.92866e+12|1.18099e+10|9.07677e+09|1.02005e+09|2.57098e+11|3.10599e+10|1.77255e+13|4.52738e+13,1.77398e+11|8.93832e+10|1.31721e+10|1.20015e+13|2.66204e+10|4.11162e+10|1.91072e+12|2.80421e+09|3.68247e+09|3.1363e+08|6.04421e+10|7.39528e+09|1.12087e+13|1.1265e+13,1.95975e-05|2.30528e-05|0.000151799|1.91329e-05|0.000296239|0.000277508|2.30183e-05|2.70818e-05|1.08468e-05|3.38246e-05|0.000162804|0.000969765|2.11883e-05|5.27173e-05,0.00010992|0.000491852|0.00251821|0.00010256|0.000130641|0.00122802|0.0010803|0.00639567|0.000374531|0.000148753|0.00406814|0.000225136|0.0022225|0.00330392,0.0181682|0.0363562|0.0201998|0.0428446|0.0274855|0.0388837|0.0330416|0.0118399|0.00290834|0.0423098|0.0120126|0.00384841|0.0428419|0.0131986,0.0319791|0.0270472|0.0203015|0.0431604|0.0191396|0.00538224|0.011185|0.00604173|0.0201829|0.000397484|0.0125351|0.0294878|0.0409884|0.0417374,0.949547|0.950284|0.954465|0.909054|0.94417|0.91123|0.949108|0.90334|0.904615|0.969366|0.957682|0.902305|0.940435|0.907225,4.23825|1.22677|0.174573|0.95656|2.66883|4.13113|4.01147|0.282451|3.8173|6.20899|5.90544|1.1337|0.302176|4.65403,79.8117|88.6198|13.9548|56.34|66.6304|18.2346|55.6995|42.5138|72.2829|27.3162|28.0546|99.0064|65.9961,0.217184|0.211866|0.198327|0.185456|0.242617|0.19579|0.177728|0.231617|0.202821|0.164228|0.231107|0.175436|0.161606,0.641344|0.611032|0.649751|0.544934|0.478901|0.160123|0.90653|0.681145|0.90576|0.347372|0.277869|0.269031|0.752732,0.935004,0.828035,0.00860061,0.625358,0.653224,0.50567,0.0737287,0.531077,0.0227058,0.913816,20.837,4.14754e-11,47595,0.929259,14.6973,1.66086e-11,23039,0.936476,0.823991,0.0110375,0.713123,0.0635319,0.472453,0.247421,0.530969,0.256238,0.858698,57.5243,1.23991e-10,22329,0.93039,18.7738,4.49782e-10,67358
8,79,n1->n2->n12->n22->n23->n13->n14->n15->n16->n6->n7->n8->n9->n10,1.39914e+12|2.9277e+11|1.02421e+11|1.04684e+12|4.82335e+12|6.15644e+13|1.73585e+11|5.83171e+09|5.96789e+12|1.3295e+10|1.67497e+12|2.97761e+13|1.77255e+13|4.52738e+13,1.77398e+11|8.93832e+10|1.31721e+10|2.87275e+11|9.44696e+11|1.20015e+13|2.66204e+10|9.6845e+08|5.01145e+12|3.05195e+09|1.7716e+11|3.75649e+12|1.12087e+13|1.1265e+13,1.95975e-05|2.30528e-05|0.000151799|0.000315597|8.04044e-05|1.91329e-05|0.000296239|1.34777e-05|0.000379753|0.000791651|0.000138816|0.000533313|2.11883e-05|5.27173e-05,0.00010992|0.000491852|0.00251821|0.00111995|0.00115348|0.00010256|0.000130641|0.000170048|0.0016797|0.00210098|0.00414359|0.000989963|0.0022225|0.00330392,0.0181682|0.0363562|0.0201998|0.00382452|0.0125041|0.0428446|0.0274855|0.0488947|0.0406616|0.0394512|0.0305222|0.0214324|0.0428419|0.0131986,0.0319791|0.0270472|0.0203015|0.0122344|0.032598|0.0431604|0.0191396|0.0139893|0.0202115|0.0484347|0.0147697|0.0250331|0.0409884|0.0417374,0.949547|0.950284|0.954465|0.98384|0.965877|0.909054|0.94417|0.929167|0.981652|0.921987|0.96879|0.91902|0.940435|0.907225,4.23825|1.22677|0.174573|0.236811|0.534444|0.95656|2.66883|0.798633|5.01724|2.02122|0.917544|2.87572|0.302176|4.65403,79.8117|88.6198|13.2112|55.8812|51.9585|56.34|92.5451|56.2706|50.0569|32.9383|55.4093|99.595|65.9961,0.217184|0.211866|0.160355|0.19455|0.186795|0.185456|0.180776|0.18736|0.218247|0.230383|0.205609|0.187871|0.161606,0.641344|0.611032|0.66376|0.279654|0.996635|0.544934|0.921574|0.442932|0.340289|0.704667|0.120763|0.969103|0.752732,0.935004,0.828035,0.00860061,0.625358,0.653224,0.50567,0.0737287,0.531077,0.0227058,0.913816,20.837,4.14754e-11,47595,0.929259,14.6973,1.66086e-11,23039,0.936476,0.823991,0.0110375,0.713123,0.0635319,0.472453,0.247421,0.530969,0.256238,0.858698,57.5243,1.23991e-10,22329,0.93039,18.7738,4.49782e-10,67358
8,80,n1->n11->n21->n22->n12->n13->n14->n15->n16->n17->n18->n19->n20->n10,1.39914e+12|6.74446e+13|2.10865e+12|1.04684e+12|1.02421e+11|6.15644e+13|1.73585e+11|5.83171e+09|5.96789e+12|1.02005e+09|2.57098e+11|3.10599e+10|1.29136e+12|4.52738e+13,1.77398e+11|6.67907e+13|1.65286e+12|2.87275e+11|1.31721e+10|1.20015e+13|2.66204e+10|9.6845e+08|5.01145e+12|3.1363e+08|6.04421e+10|7.39528e+09|5.89601e+11|1.1265e+13,1.95975e-05|0.000704058|0.000474297|0.000315597|0.000151799|1.91329e-05|0.000296239|1.34777e-05|0.000379753|3.38246e-05|0.000162804|0.000969765|0.000104918|5.27173e-05,0.00010992|0.00551474|0.000184711|0.00111995|0.00251821|0.00010256|0.000130641|0.000170048|0.0016797|0.000148753|0.00406814|0.000225136|0.000585458|0.00330392,0.0181682|0.013944|0.047834|0.00382452|0.0201998|0.0428446|0.0274855|0.0488947|0.0406616|0.0423098|0.0120126|0.00384841|0.0288099|0.0131986,0.0319791|0.0483324|0.0445871|0.0122344|0.0203015|0.0431604|0.0191396|0.0139893|0.0202115|0.000397484|0.0125351|0.0294878|0.0321693|0.0417374,0.949547|0.98815|0.930488|0.98384|0.954465|0.909054|0.94417|0.929167|0.981652|0.969366|0.957682|0.902305|0.976331|0.907225,4.23825|3.35756|0.126822|0.236811|0.174573|0.95656|2.66883|0.798633|5.01724|6.20899|5.90544|1.1337|4.981|4.65403,30.2686|65.1286|34.0839|13.2112|13.9548|56.34|92.5451|56.2706|32.2763|27.3162|28.0546|10.3361|29.3778,0.172886|0.170031|0.161458|0.160355|0.198327|0.185456|0.180776|0.18736|0.20903|0.164228|0.231107|0.207438|0.198143,0.273933|0.806267|0.734507|0.66376|0.649751|0.544934|0.921574|0.442932|0.132326|0.347372|0.277869|0.257043|0.337655,0.935004,0.828035,0.00860061,0.625358,0.653224,0.50567,0.0737287,0.531077,0.0227058,0.913816,20.837,4.14754e-11,47595,0.929259,14.6973,1.66086e-11,23039,0.936476,0.823991,0.0110375,0.713123,0.0635319,0.472453,0.247421,0.530969,0.256238,0.858698,57.5243,1.23991e-10,22329,0.93039,18.7738,4.49782e-10,67358
8,81,n1->n2->n3->n4->n14->n13->n23->n24->n25->n15->n5->n6->n7->n8->n9->n10,1.39914e+12|2.9277e+11|2.83016e+12|5.18924e+13|1.73585e+11|6.15644e+13|4.82335e+12|7.40688e+10|2.92866e+12|5.83171e+09|9.47619e+11|1.3295e+10|1.67497e+12|2.97761e+13|1.77255e+13|4.52738e+13,1.77398e+11|8.93832e+10|6.97984e+11|2.57057e+13|2.66204e+10|1.20015e+13|9.44696e+11|4.11162e+10|1.91072e+12|9.6845e+08|5.02465e+11|3.05195e+09|1.7716e+11|3.75649e+12|1.12087e+13|1.1265e+13,1.95975e-05|2.30528e-05|2.3201e-05|0.000184583|0.000296239|1.91329e-05|8.04044e-05|0.000277508|2.30183e-05|1.34777e-05|2.16719e-05|0.000791651|0.000138816|0.000533313|2.11883e-05|5.27173e-05,0.00010992|0.000491852|0.00771915|0.000294331|0.000130641|0.00010256|0.00115348|0.00122802|0.0010803|0.000170048|0.00291743|0.00210098|0.00414359|0.000989963|0.0022225|0.00330392,0.0181682|0.0363562|0.0253399|0.00258778|0.0274855|0.0428446|0.0125041|0.0388837|0.0330416|0.0488947|0.0474863|0.0394512|0.0305222|0.0214324|0.0428419|0.0131986,0.0319791|0.0270472|0.0264018|0.0218892|0.0191396|0.0431604|0.032598|0.00538224|0.011185|0.0139893|0.0371588|0.0484347|0.0147697|0.0250331|0.0409884|0.0417374,0.949547|0.950284|0.99323|0.900966|0.94417|0.909054|0.965877|0.91123|0.949108|0.929167|0.974548|0.921987|0.96879|0.91902|0.940435|0.907225,4.23825|1.22677|2.3022|0.446122|2.66883|0.95656|0.534444|4.13113|4.01147|0.798633|4.40271|2.02122|0.917544|2.87572|0.302176|4.65403,79.8117|37.015|10.4739|52.1141|56.34|51.9585|67.5745|18.2346|54.7186|35.0583|37.2729|32.9383|55.4093|99.595|65.9961,0.217184|0.221489|0.218201|0.243468|0.185456|0.186795|0.181224|0.19579|0.249041|0.178893|0.205536|0.230383|0.205609|0.187871|0.161606,0.641344|0.940196|0.49652|0.237548|0.544934|0.996635|0.615936|0.160123|0.656917|0.280873|0.626255|0.704667|0.120763|0.969103|0.752732,0.935004,0.828035,0.00860061,0.625358,0.653224,0.50567,0.0737287,0.531077,0.0227058,0.913816,20.837,4.14754e-11,47595,0.929259,14.6973,1.66086e-11,23039,0.936476,0.823991,0.0110375,0.713123,0.0635319,0.472453,0.247421,0.530969,0.256238,0.858698,57.5243,1.23991e-10,22329,0.93039,18.7738,4.49782e-10,67358
8,82,n1->n2->n12->n22->n32->n33->n34->n24->n25->n15->n5->n6->n7->n8->n9->n10,1.39914e+12|2.9277e+11|1.02421e+11|1.04684e+12|1.76915e+13|8.37382e+09|1.8639e+10|7.40688e+10|2.92866e+12|5.83171e+09|9.47619e+11|1.3295e+10|1.67497e+12|2.97761e+13|1.77255e+13|4.52738e+13,1.77398e+11|8.93832e+10|1.31721e+10|2.87275e+11|1.80488e+12|3.65063e+09|9.30281e+09|4.11162e+10|1.91072e+12|9.6845e+08|5.02465e+11|3.05195e+09|1.7716e+11|3.75649e+12|1.12087e+13|1.1265e+13,1.95975e-05|2.30528e-05|0.000151799|0.000315597|2.19175e-05|2.63111e-05|5.25754e-05|0.000277508|2.30183e-05|1.34777e-05|2.16719e-05|0.000791651|0.000138816|0.000533313|2.11883e-05|5.27173e-05,0.00010992|0.000491852|0.00251821|0.00111995|0.000875173|0.00127695|0.000207299|0.00122802|0.0010803|0.000170048|0.00291743|0.00210098|0.00414359|0.000989963|0.0022225|0.00330392,0.0181682|0.0363562|0.0201998|0.00382452|0.042527|0.0417406|0.00528839|0.0388837|0.0330416|0.0488947|0.0474863|0.0394512|0.0305222|0.0214324|0.0428419|0.0131986,0.0319791|0.0270472|0.0203015|0.0122344|0.0482558|0.019491|0.00475267|0.00538224|0.011185|0.0139893|0.0371588|0.0484347|0.0147697|0.0250331|0.0409884|0.0417374,0.949547|0.950284|0.954465|0.98384|0.956513|0.935955|0.962618|0.91123|0.949108|0.929167|0.974548|0.921987|0.96879|0.91902|0.940435|0.907225,4.23825|1.22677|0.174573|0.236811|1.33288|0.227076|3.84921|4.13113|4.01147|0.798633|4.40271|2.02122|0.917544|2.87572|0.302176|4.65403,79.8117|88.6198|13.2112|86.2435|67.4197|23.5709|58.7029|18.2346|54.7186|35.0583|37.2729|32.9383|55.4093|99.595|65.9961,0.217184|0.211866|0.160355|0.202115|0.229759|0.161556|0.203558|0.19579|0.249041|0.178893|0.205536|0.230383|0.205609|0.187871|0.161606,0.641344|0.611032|0.66376|0.329678|0.780444|0.803928|0.490403|0.160123|0.656917|0.280873|0.626255|0.704667|0.120763|0.969103|0.752732,0.935004,0.828035,0.00860061,0.625358,0.653224,0.50567,0.0737287,0.531077,0.0227058,0.913816,20.837,4.14754e-11,47595,0.929259,14.6973,1.66086e-11,23039,0.936476,0.823991,0.0110375,0.713123,0.0635319,0.472453,0.247421,0.530969,0.256238,0.858698,57.5243,1.23991e-10,22329,0.93039,18.7738,4.49782e-10,67358
8,83,n1->n11->n21->n22->n32->n33->n23->n24->n25->n26->n27->n28->n18->n19->n9->n10,1.39914e+12|6.74446e+13|2.10865e+12|1.04684e+12|1.76915e+13|8.37382e+09|4.82335e+12|7.40688e+10|2.92866e+12|1.18099e+10|9.07677e+09|2.76771e+12|2.57098e+11|3.10599e+10|1.77255e+13|4.52738e+13,1.77398e+11|6.67907e+13|1.65286e+12|2.87275e+11|1.80488e+12|3.65063e+09|9.44696e+11|4.11162e+10|1.91072e+12|2.80421e+09|3.68247e+09|1.49094e+12|6.04421e+10|7.39528e+09|1.12087e+13|1.1265e+13,1.95975e-05|0.000704058|0.000474297|0.000315597|2.19175e-05|2.63111e-05|8.04044e-05|0.000277508|2.30183e-05|2.70818e-05|1.08468e-05|2.80987e-05|0.000162804|0.000969765|2.11883e-05|5.27173e-05,0.00010992|0.00551474|0.000184711|0.00111995|0.000875173|0.00127695|0.00115348|0.00122802|0.0010803|0.00639567|0.000374531|0.00545758|0.00406814|0.000225136|0.0022225|0.00330392,0.0181682|0.013944|0.047834|0.00382452|0.042527|0.0417406|0.0125041|0.0388837|0.0330416|0.0118399|0.00290834|0.0345144|0.0120126|0.00384841|0.0428419|0.0131986,0.0319791|0.0483324|0.0445871|0.0122344|0.0482558|0.019491|0.032598|0.00538224|0.011185|0.00604173|0.0201829|0.00283251|0.0125351|0.0294878|0.0409884|0.0417374,0.949547|0.98815|0.930488|0.98384|0.956513|0.935955|0.965877|0.91123|0.949108|0.90334|0.904615|0.941873|0.957682|0.902305|0.940435|0.907225,4.23825|3.35756|0.126822|0.236811|1.33288|0.227076|0.534444|4.13113|4.01147|0.282451|3.8173|4.82396|5.90544|1.1337|0.302176|4.65403,30.2686|65.1286|34.0839|86.2435|67.4197|76.7594|67.5745|18.2346|55.6995|42.5138|15.3326|43.2583|28.0546|99.0064|65.9961,0.172886|0.170031|0.161458|0.202115|0.229759|0.229061|0.181224|0.19579|0.177728|0.231617|0.171578|0.193487|0.231107|0.175436|0.161606,0.273933|0.806267|0.734507|0.329678|0.780444|0.851459|0.615936|0.160123|0.90653|0.681145|0.162466|0.802216|0.277869|0.269031|0.752732,0.935004,0.828035,0.00860061,0.625358,0.653224,0.50567,0.0737287,0.531077,0.0227058,0.913816,20.837,4.14754e-11,47595,0.929259,14.6973,1.66086e-11,23039,0.936476,0.823991,0.0110375,0.713123,0.0635319,0.472453,0.247421,0.530969,0.256238,0.858698,57.5243,1.23991e-10,22329,0.93039,18.7738,4.49782e-10,67358
8,84,n1->n2->n12->n13->n3->n4->n5->n6->n16->n26->n27->n28->n18->n19->n20->n10,1.39914e+12|2.9277e+11|1.02421e+11|6.15644e+13|2.83016e+12|5.18924e+13|9.47619e+11|1.3295e+10|5.96789e+12|1.18099e+10|9.07677e+09|2.76771e+12|2.57098e+11|3.10599e+10|1.29136e+12|4.52738e+13,1.77398e+11|8.93832e+10|1.31721e+10|1.20015e+13|6.97984e+11|2.57057e+13|5.02465e+11|3.05195e+09|5.01145e+12|2.80421e+09|3.68247e+09|1.49094e+12|6.04421e+10|7.39528e+09|5.89601e+11|1.1265e+13,1.95975e-05|2.30528e-05|0.000151799|1.91329e-05|2.3201e-05|0.000184583|2.16719e-05|0.000791651|0.000379753|2.70818e-05|1.08468e-05|2.80987e-05|0.000162804|0.000969765|0.000104918|5.27173e-05,0.00010992|0.000491852|0.00251821|0.00010256|0.00771915|0.000294331|0.00291743|0.00210098|0.0016797|0.00639567|0.000374531|0.00545758|0.00406814|0.000225136|0.000585458|0.00330392,0.0181682|0.0363562|0.0201998|0.0428446|0.0253399|0.00258778|0.0474863|0.0394512|0.0406616|0.0118399|0.00290834|0.0345144|0.0120126|0.00384841|0.0288099|0.0131986,0.0319791|0.0270472|0.0203015|0.0431604|0.0264018|0.0218892|0.0371588|0.0484347|0.0202115|0.00604173|0.0201829|0.00283251|0.0125351|0.0294878|0.0321693|0.0417374,0.949547|0.950284|0.954465|0.909054|0.99323|0.900966|0.974548|0.921987|0.981652|0.90334|0.904615|0.941873|0.957682|0.902305|0.976331|0.907225,4.23825|1.22677|0.174573|0.95656|2.3022|0.446122|4.40271|2.02122|5.01724|0.282451|3.8173|4.82396|5.90544|1.1337|4.981|4.65403,79.8117|88.6198|13.9548|83.9106|10.4739|81.7362|37.2729|50.0569|11.0615|42.5138|15.3326|43.2583|28.0546|10.3361|29.3778,0.217184|0.211866|0.198327|0.164875|0.218201|0.241023|0.205536|0.218247|0.236306|0.231617|0.171578|0.193487|0.231107|0.207438|0.198143,0.641344|0.611032|0.649751|0.456853|0.49652|0.824452|0.626255|0.340289|0.175425|0.681145|0.162466|0.802216|0.277869|0.257043|0.337655,0.935004,0.828035,0.00860061,0.625358,0.653224,0.50567,0.0737287,0.531077,0.0227058,0.913816,20.837,4.14754e-11,47595,0.929259,14.6973,1.66086e-11,23039,0.936476,0.823991,0.0110375,0.713123,0.0635319,0.472453,0.247421,0.530969,0.256238,0.858698,57.5243,1.23991e-10,22329,0.93039,18.7738,4.49782e-10,67358
8,85,n1->n2->n12->n11->n21->n22->n23->n24->n25->n26->n16->n6->n7->n8->n9->n10,1.39914e+12|2.9277e+11|1.02421e+11|6.74446e+13|2.10865e+12|1.04684e+12|4.82335e+12|7.40688e+10|2.92866e+12|1.18099e+10|5.96789e+12|1.3295e+10|1.67497e+12|2.97761e+13|1.77255e+13|4.52738e+13,1.77398e+11|8.93832e+10|1.31721e+10|6.67907e+13|1.65286e+12|2.87275e+11|9.44696e+11|4.11162e+10|1.91072e+12|2.80421e+09|5.01145e+12|3.05195e+09|1.7716e+11|3.75649e+12|1.12087e+13|1.1265e+13,1.95975e-05|2.30528e-05|0.000151799|0.000704058|0.000474297|0.000315597|8.04044e-05|0.000277508|2.30183e-05|2.70818e-05|0.000379753|0.000791651|0.000138816|0.000533313|2.11883e-05|5.27173e-05,0.00010992|0.000491852|0.00251821|0.00551474|0.000184711|0.00111995|0.00115348|0.00122802|0.0010803|0.00639567|0.0016797|0.00210098|0.00414359|0.000989963|0.0022225|0.00330392,0.0181682|0.0363562|0.0201998|0.013944|0.047834|0.00382452|0.0125041|0.0388837|0.0330416|0.0118399|0.0406616|0.0394512|0.0305222|0.0214324|0.0428419|0.0131986,0.0319791|0.0270472|0.0203015|0.0483324|0.0445871|0.0122344|0.032598|0.00538224|0.011185|0.00604173|0.0202115|0.0484347|0.0147697|0.0250331|0.0409884|0.0417374,0.949547|0.950284|0.954465|0.98815|0.930488|0.98384|0.965877|0.91123|0.949108|0.90334|0.981652|0.921987|0.96879|0.91902|0.940435|0.907225,4.23825|1.22677|0.174573|3.35756|0.126822|0.236811|0.534444|4.13113|4.01147|0.282451|5.01724|2.02122|0.917544|2.87572|0.302176|4.65403,79.8117|88.6198|24.4191|65.1286|34.0839|55.8812|67.5745|18.2346|55.6995|11.0615|50.0569|32.9383|55.4093|99.595|65.9961,0.217184|0.211866|0.215492|0.170031|0.161458|0.19455|0.181224|0.19579|0.177728|0.236306|0.218247|0.230383|0.205609|0.187871|0.161606,0.641344|0.611032|0.537123|0.806267|0.734507|0.279654|0.615936|0.160123|0.90653|0.175425|0.340289|0.704667|0.120763|0.969103|0.752732,0.935004,0.828035,0.00860061,0.625358,0.653224,0.50567,0.0737287,0.531077,0.0227058,0.913816,20.837,4.14754e-11,47595,0.929259,14.6973,1.66086e-11,23039,0.936476,0.823991,0.0110375,0.713123,0.0635319,0.472453,0.247421,0.530969,0.256238,0.858698,57.5243,1.23991e-10,22329,0.93039,18.7738,4.49782e-10,67358
8,86,n1->n2->n3->n13->n12->n22->n23->n24->n14->n4->n5->n6->n7->n8->n9->n10,1.39914e+12|2.9277e+11|2.83016e+12|6.15644e+13|1.02421e+11|1.04684e+12|4.82335e+12|7.40688e+10|1.73585e+11|5.18924e+13|9.47619e+11|1.3295e+10|1.67497e+12|2.97761e+13|1.77255e+13|4.52738e+13,1.77398e+11|8.93832e+10|6.97984e+11|1.20015e+13|1.31721e+10|2.87275e+11|9.44696e+11|4.11162e+10|2.66204e+10|2.57057e+13|5.02465e+11|3.05195e+09|1.7716e+11|3.75649e+12|1.12087e+13|1.1265e+13,1.95975e-05|2.30528e-05|2.3201e-05|1.91329e-05|0.000151799|0.000315597|8.04044e-05|0.000277508|0.000296239|0.000184583|2.16719e-05|0.000791651|0.000138816|0.000533313|2.11883e-05|5.27173e-05,0.00010992|0.000491852|0.00771915|0.00010256|0.00251821|0.00111995|0.00115348|0.00122802|0.000130641|0.000294331|0.00291743|0.00210098|0.00414359|0.000989963|0.0022225|0.00330392,0.0181682|0.0363562|0.0253399|0.0428446|0.0201998|0.00382452|0.0125041|0.0388837|0.0274855|0.00258778|0.0474863|0.0394512|0.0305222|0.0214324|0.0428419|0.0131986,0.0319791|0.0270472|0.0264018|0.0431604|0.0203015|0.0122344|0.032598|0.00538224|0.0191396|0.0218892|0.0371588|0.0484347|0.0147697|0.0250331|0.0409884|0.0417374,0.949547|0.950284|0.99323|0.909054|0.954465|0.98384|0.965877|0.91123|0.94417|0.900966|0.974548|0.921987|0.96879|0.91902|0.940435|0.907225,4.23825|1.22677|2.3022|0.95656|0.174573|0.236811|0.534444|4.13113|2.66883|0.446122|4.40271|2.02122|0.917544|2.87572|0.302176|4.65403,79.8117|37.015|83.9106|13.9548|13.2112|55.8812|67.5745|66.6304|52.1141|81.7362|37.2729|32.9383|55.4093|99.595|65.9961,0.217184|0.221489|0.164875|0.198327|0.160355|0.19455|0.181224|0.242617|0.243468|0.241023|0.205536|0.230383|0.205609|0.187871|0.161606,0.641344|0.940196|0.456853|0.649751|0.66376|0.279654|0.615936|0.478901|0.237548|0.824452|0.626255|0.704667|0.120763|0.969103|0.752732,0.935004,0.828035,0.00860061,0.625358,0.653224,0.50567,0.0737287,0.531077,0.0227058,0.913816,20.837,4.14754e-11,47595,0.929259,14.6973,1.66086e-11,23039,0.936476,0.823991,0.0110375,0.713123,0.0635319,0.472453,0.247421,0.530969,0.256238,0.858698,57.5243,1.23991e-10,22329,0.93039,18.7738,4.49782e-10,67358
8,87,n1->n11->n12->n22->n32->n33->n34->n24->n14->n4->n5->n6->n7->n8->n9->n10,1.39914e+12|6.74446e+13|1.02421e+11|1.04684e+12|1.76915e+13|8.37382e+09|1.8639e+10|7.40688e+10|1.73585e+11|5.18924e+13|9.47619e+11|1.3295e+10|1.67497e+12|2.97761e+13|1.77255e+13|4.52738e+13,1.77398e+11|6.67907e+13|1.31721e+10|2.87275e+11|1.80488e+12|3.65063e+09|9.30281e+09|4.11162e+10|2.66204e+10|2.57057e+13|5.02465e+11|3.05195e+09|1.7716e+11|3.75649e+12|1.12087e+13|1.1265e+13,1.95975e-05|0.000704058|0.000151799|0.000315597|2.19175e-05|2.63111e-05|5.25754e-05|0.000277508|0.000296239|0.000184583|2.16719e-05|0.000791651|0.000138816|0.000533313|2.11883e-05|5.27173e-05,0.00010992|0.00551474|0.00251821|0.00111995|0.000875173|0.00127695|0.000207299|0.00122802|0.000130641|0.000294331|0.00291743|0.00210098|0.00414359|0.000989963|0.0022225|0.00330392,0.0181682|0.013944|0.0201998|0.00382452|0.042527|0.0417406|0.00528839|0.0388837|0.0274855|0.00258778|0.0474863|0.0394512|0.0305222|0.0214324|0.0428419|0.0131986,0.0319791|0.0483324|0.0203015|0.0122344|0.0482558|0.019491|0.00475267|0.00538224|0.0191396|0.0218892|0.0371588|0.0484347|0.0147697|0.0250331|0.0409884|0.0417374,0.949547|0.98815|0.954465|0.98384|0.956513|0.935955|0.962618|0.91123|0.94417|0.900966|0.974548|0.921987|0.96879|0.91902|0.940435|0.907225,4.23825|3.35756|0.174573|0.236811|1.33288|0.227076|3.84921|4.13113|2.66883|0.446122|4.40271|2.02122|0.917544|2.87572|0.302176|4.65403,30.2686|24.4191|13.2112|86.2435|67.4197|23.5709|58.7029|66.6304|52.1141|81.7362|37.2729|32.9383|55.4093|99.595|65.9961,0.172886|0.215492|0.160355|0.202115|0.229759|0.161556|0.203558|0.242617|0.243468|0.241023|0.205536|0.230383|0.205609|0.187871|0.161606,0.273933|0.537123|0.66376|0.329678|0.780444|0.803928|0.490403|0.478901|0.237548|0.824452|0.626255|0.704667|0.120763|0.969103|0.752732,0.935004,0.828035,0.00860061,0.625358,0.653224,0.50567,0.0737287,0.531077,0.0227058,0.913816,20.837,4.14754e-11,47595,0.929259,14.6973,1.66086e-11,23039,0.936476,0.823991,0.0110375,0.713123,0.0635319,0.472453,0.247421,0.530969,0.256238,0.858698,57.5243,1.23991e-10,22329,0.93039,18.7738,4.49782e-10,67358
8,88,n1->n2->n12->n13->n23->n33->n34->n35->n25->n15->n5->n6->n7->n8->n9->n10,1.39914e+12|2.9277e+11|1.02421e+11|6.15644e+13|4.82335e+12|8.37382e+09|1.8639e+10|3.91386e+11|2.92866e+12|5.83171e+09|9.47619e+11|1.3295e+10|1.67497e+12|2.97761e+13|1.77255e+13|4.52738e+13,1.77398e+11|8.93832e+10|1.31721e+10|1.20015e+13|9.44696e+11|3.65063e+09|9.30281e+09|1.2386e+11|1.91072e+12|9.6845e+08|5.02465e+11|3.05195e+09|1.7716e+11|3.75649e+12|1.12087e+13|1.1265e+13,1.95975e-05|2.30528e-05|0.000151799|1.91329e-05|8.04044e-05|2.63111e-05|5.25754e-05|2.02429e-05|2.30183e-05|1.34777e-05|2.16719e-05|0.000791651|0.000138816|0.000533313|2.11883e-05|5.27173e-05,0.00010992|0.000491852|0.00251821|0.00010256|0.00115348|0.00127695|0.000207299|0.00100279|0.0010803|0.000170048|0.00291743|0.00210098|0.00414359|0.000989963|0.0022225|0.00330392,0.0181682|0.0363562|0.0201998|0.0428446|0.0125041|0.0417406|0.00528839|0.00299689|0.0330416|0.0488947|0.0474863|0.0394512|0.0305222|0.0214324|0.0428419|0.0131986,0.0319791|0.0270472|0.0203015|0.0431604|0.032598|0.019491|0.00475267|0.0462929|0.011185|0.0139893|0.0371588|0.0484347|0.0147697|0.0250331|0.0409884|0.0417374,0.949547|0.950284|0.954465|0.909054|0.965877|0.935955|0.962618|0.905513|0.949108|0.929167|0.974548|0.921987|0.96879|0.91902|0.940435|0.907225,4.23825|1.22677|0.174573|0.95656|0.534444|0.227076|3.84921|2.66112|4.01147|0.798633|4.40271|2.02122|0.917544|2.87572|0.302176|4.65403,79.8117|88.6198|13.9548|51.9585|76.7594|23.5709|31.5608|88.4205|54.7186|35.0583|37.2729|32.9383|55.4093|99.595|65.9961,0.217184|0.211866|0.198327|0.186795|0.229061|0.161556|0.174651|0.247673|0.249041|0.178893|0.205536|0.230383|0.205609|0.187871|0.161606,0.641344|0.611032|0.649751|0.996635|0.851459|0.803928|0.466681|0.146572|0.656917|0.280873|0.626255|0.704667|0.120763|0.969103|0.752732,0.935004,0.828035,0.00860061,0.625358,0.653224,0.50567,0.0737287,0.531077,0.0227058,0.913816,20.837,4.14754e-11,47595,0.929259,14.6973,1.66086e-11,23039,0.936476,0.823991,0.0110375,0.713123,0.0635319,0.472453,0.247421,0.530969,0.256238,0.858698,57.5243,1.23991e-10,22329,0.93039,18.7738,4.49782e-10,67358
8,89,n1->n11->n21->n22->n12->n2->n3->n4->n5->n15->n16->n6->n7->n8->n9->n10,1.39914e+12|6.74446e+13|2.10865e+12|1.04684e+12|1.02421e+11|2.9277e+11|2.83016e+12|5.18924e+13|9.47619e+11|5.83171e+09|5.96789e+12|1.3295e+10|1.67497e+12|2.97761e+13|1.77255e+13|4.52738e+13,1.77398e+11|6.67907e+13|1.65286e+12|2.87275e+11|1.31721e+10|8.93832e+10|6.97984e+11|2.57057e+13|5.02465e+11|9.6845e+08|5.01145e+12|3.05195e+09|1.7716e+11|3.75649e+12|1.12087e+13|1.1265e+13,1.95975e-05|0.000704058|0.000474297|0.000315597|0.000151799|2.30528e-05|2.3201e-05|0.000184583|2.16719e-05|1.34777e-05|0.000379753|0.000791651|0.000138816|0.000533313|2.11883e-05|5.27173e-05,0.00010992|0.00551474|0.000184711|0.00111995|0.00251821|0.000491852|0.00771915|0.000294331|0.00291743|0.000170048|0.0016797|0.00210098|0.00414359|0.000989963|0.0022225|0.00330392,0.0181682|0.013944|0.047834|0.00382452|0.0201998|0.0363562|0.0253399|0.00258778|0.0474863|0.0488947|0.0406616|0.0394512|0.0305222|0.0214324|0.0428419|0.0131986,0.0319791|0.0483324|0.0445871|0.0122344|0.0203015|0.0270472|0.0264018|0.0218892|0.0371588|0.0139893|0.0202115|0.0484347|0.0147697|0.0250331|0.0409884|0.0417374,0.949547|0.98815|0.930488|0.98384|0.954465|0.950284|0.99323|0.900966|0.974548|0.929167|0.981652|0.921987|0.96879|0.91902|0.940435|0.907225,4.23825|3.35756|0.126822|0.236811|0.174573|1.22677|2.3022|0.446122|4.40271|0.798633|5.01724|2.02122|0.917544|2.87572|0.302176|4.65403,30.2686|65.1286|34.0839|13.2112|88.6198|37.015|10.4739|81.7362|35.0583|56.2706|50.0569|32.9383|55.4093|99.595|65.9961,0.172886|0.170031|0.161458|0.160355|0.211866|0.221489|0.218201|0.241023|0.178893|0.18736|0.218247|0.230383|0.205609|0.187871|0.161606,0.273933|0.806267|0.734507|0.66376|0.611032|0.940196|0.49652|0.824452|0.280873|0.442932|0.340289|0.704667|0.120763|0.969103|0.752732,0.935004,0.828035,0.00860061,0.625358,0.653224,0.50567,0.0737287,0.531077,0.0227058,0.913816,20.837,4.14754e-11,47595,0.929259,14.6973,1.66086e-11,23039,0.936476,0.823991,0.0110375,0.713123,0.0635319,0.472453,0.247421,0.530969,0.256238,0.858698,57.5243,1.23991e-10,22329,0.93039,18.7738,4.49782e-10,67358
8,90,n1->n2->n12->n11->n21->n22->n23->n13->n3->n4->n5->n6->n7->n8->n9->n10,1.39914e+12|2.9277e+11|1.02421e+11|6.74446e+13|2.10865e+12|1.04684e+12|4.82335e+12|6.15644e+13|2.83016e+12|5.18924e+13|9.47619e+11|1.3295e+10|1.67497e+12|2.97761e+13|1.77255e+13|4.52738e+13,1.77398e+11|8.93832e+10|1.31721e+10|6.67907e+13|1.65286e+12|2.87275e+11|9.44696e+11|1.20015e+13|6.97984e+11|2.57057e+13|5.02465e+11|3.05195e+09|1.7716e+11|3.75649e+12|1.12087e+13|1.1265e+13,1.95975e-05|2.30528e-05|0.000151799|0.000704058|0.000474297|0.000315597|8.04044e-05|1.91329e-05|2.3201e-05|0.000184583|2.16719e-05|0.000791651|0.000138816|0.000533313|2.11883e-05|5.27173e-05,0.00010992|0.000491852|0.00251821|0.00551474|0.000184711|0.00111995|0.00115348|0.00010256|0.00771915|0.000294331|0.00291743|0.00210098|0.00414359|0.000989963|0.0022225|0.00330392,0.0181682|0.0363562|0.0201998|0.013944|0.047834|0.00382452|0.0125041|0.0428446|0.0253399|0.00258778|0.0474863|0.0394512|0.0305222|0.0214324|0.0428419|0.0131986,0.0319791|0.0270472|0.0203015|0.0483324|0.0445871|0.0122344|0.032598|0.0431604|0.0264018|0.0218892|0.0371588|0.0484347|0.0147697|0.0250331|0.0409884|0.0417374,0.949547|0.950284|0.954465|0.98815|0.930488|0.98384|0.965877|0.909054|0.99323|0.900966|0.974548|0.921987|0.96879|0.91902|0.940435|0.907225,4.23825|1.22677|0.174573|3.35756|0.126822|0.236811|0.534444|0.95656|2.3022|0.446122|4.40271|2.02122|0.917544|2.87572|0.302176|4.65403,79.8117|88.6198|24.4191|65.1286|34.0839|55.8812|51.9585|83.9106|10.4739|81.7362|37.2729|32.9383|55.4093|99.595|65.9961,0.217184|0.211866|0.215492|0.170031|0.161458|0.19455|0.186795|0.164875|0.218201|0.241023|0.205536|0.230383|0.205609|0.187871|0.161606,0.641344|0.611032|0.537123|0.806267|0.734507|0.279654|0.996635|0.456853|0.49652|0.824452|0.626255|0.704667|0.120763|0.969103|0.752732,0.935004,0.828035,0.00860061,0.625358,0.653224,0.50567,0.0737287,0.531077,0.0227058,0.913816,20.837,4.14754e-11,47595,0.929259,14.6973,1.66086e-11,23039,0.936476,0.823991,0.0110375,0.713123,0.0635319,0.472453,0.247421,0.530969,0.256238,0.858698,57.5243,1.23991e-10,22329,0.93039,18.7738,4.49782e-10,67358
8,91,n1->n2->n3->n13->n23->n24->n14->n15->n16->n26->n27->n17->n18->n8->n9->n10,1.39914e+12|2.9277e+11|2.83016e+12|6.15644e+13|4.82335e+12|7.40688e+10|1.73585e+11|5.83171e+09|5.96789e+12|1.18099e+10|9.07677e+09|1.02005e+09|2.57098e+11|2.97761e+13|1.77255e+13|4.52738e+13,1.77398e+11|8.93832e+10|6.97984e+11|1.20015e+13|9.44696e+11|4.11162e+10|2.66204e+10|9.6845e+08|5.01145e+12|2.80421e+09|3.68247e+09|3.1363e+08|6.04421e+10|3.75649e+12|1.12087e+13|1.1265e+13,1.95975e-05|2.30528e-05|2.3201e-05|1.91329e-05|8.04044e-05|0.000277508|0.000296239|1.34777e-05|0.000379753|2.70818e-05|1.08468e-05|3.38246e-05|0.000162804|0.000533313|2.11883e-05|5.27173e-05,0.00010992|0.000491852|0.00771915|0.00010256|0.00115348|0.00122802|0.000130641|0.000170048|0.0016797|0.00639567|0.000374531|0.000148753|0.00406814|0.000989963|0.0022225|0.00330392,0.0181682|0.0363562|0.0253399|0.0428446|0.0125041|0.0388837|0.0274855|0.0488947|0.0406616|0.0118399|0.00290834|0.0423098|0.0120126|0.0214324|0.0428419|0.0131986,0.0319791|0.0270472|0.0264018|0.0431604|0.032598|0.00538224|0.0191396|0.0139893|0.0202115|0.00604173|0.0201829|0.000397484|0.0125351|0.0250331|0.0409884|0.0417374,0.949547|0.950284|0.99323|0.909054|0.965877|0.91123|0.94417|0.929167|0.981652|0.90334|0.904615|0.969366|0.957682|0.91902|0.940435|0.907225,4.23825|1.22677|2.3022|0.95656|0.534444|4.13113|2.66883|0.798633|5.01724|0.282451|3.8173|6.20899|5.90544|2.87572|0.302176|4.65403,79.8117|37.015|83.9106|51.9585|67.5745|66.6304|92.5451|56.2706|11.0615|42.5138|72.2829|27.3162|81.3396|99.595|65.9961,0.217184|0.221489|0.164875|0.186795|0.181224|0.242617|0.180776|0.18736|0.236306|0.231617|0.202821|0.164228|0.202434|0.187871|0.161606,0.641344|0.940196|0.456853|0.996635|0.615936|0.478901|0.921574|0.442932|0.175425|0.681145|0.90576|0.347372|0.175208|0.969103|0.752732,0.935004,0.828035,0.00860061,0.625358,0.653224,0.50567,0.0737287,0.531077,0.0227058,0.913816,20.837,4.14754e-11,47595,0.929259,14.6973,1.66086e-11,23039,0.936476,0.823991,0.0110375,0.713123,0.0635319,0.472453,0.247421,0.530969,0.256238,0.858698,57.5243,1.23991e-10,22329,0.93039,18.7738,4.49782e-10,67358
8,92,n1->n11->n12->n22->n23->n33->n34->n35->n25->n15->n16->n6->n7->n8->n9->n10,1.39914e+12|6.74446e+13|1.02421e+11|1.04684e+12|4.82335e+12|8.37382e+09|1.8639e+10|3.91386e+11|2.92866e+12|5.83171e+09|5.96789e+12|1.3295e+10|1.67497e+12|2.97761e+13|1.77255e+13|4.52738e+13,1.77398e+11|6.67907e+13|1.31721e+10|2.87275e+11|9.44696e+11|3.65063e+09|9.30281e+09|1.2386e+11|1.91072e+12|9.6845e+08|5.01145e+12|3.05195e+09|1.7716e+11|3.75649e+12|1.12087e+13|1.1265e+13,1.95975e-05|0.000704058|0.000151799|0.000315597|8.04044e-05|2.63111e-05|5.25754e-05|2.02429e-05|2.30183e-05|1.34777e-05|0.000379753|0.000791651|0.000138816|0.000533313|2.11883e-05|5.27173e-05,0.00010992|0.00551474|0.00251821|0.00111995|0.00115348|0.00127695|0.000207299|0.00100279|0.0010803|0.000170048|0.0016797|0.00210098|0.00414359|0.000989963|0.0022225|0.00330392,0.0181682|0.013944|0.0201998|0.00382452|0.0125041|0.0417406|0.00528839|0.00299689|0.0330416|0.0488947|0.0406616|0.0394512|0.0305222|0.0214324|0.0428419|0.0131986,0.0319791|0.0483324|0.0203015|0.0122344|0.032598|0.019491|0.00475267|0.0462929|0.011185|0.0139893|0.0202115|0.0484347|0.0147697|0.0250331|0.0409884|0.0417374,0.949547|0.98815|0.954465|0.98384|0.965877|0.935955|0.962618|0.905513|0.949108|0.929167|0.981652|0.921987|0.96879|0.91902|0.940435|0.907225,4.23825|3.35756|0.174573|0.236811|0.534444|0.227076|3.84921|2.66112|4.01147|0.798633|5.01724|2.02122|0.917544|2.87572|0.302176|4.65403,30.2686|24.4191|13.2112|55.8812|76.7594|23.5709|31.5608|88.4205|54.7186|56.2706|50.0569|32.9383|55.4093|99.595|65.9961,0.172886|0.215492|0.160355|0.19455|0.229061|0.161556|0.174651|0.247673|0.249041|0.18736|0.218247|0.230383|0.205609|0.187871|0.161606,0.273933|0.537123|0.66376|0.279654|0.851459|0.803928|0.466681|0.146572|0.656917|0.442932|0.340289|0.704667|0.120763|0.969103|0.752732,0.935004,0.828035,0.00860061,0.625358,0.653224,0.50567,0.0737287,0.531077,0.0227058,0.913816,20.837,4.14754e-11,47595,0.929259,14.6973,1.66086e-11,23039,0.936476,0.823991,0.0110375,0.713123,0.0635319,0.472453,0.247421,0.530969,0.256238,0.858698,57.5243,1.23991e-10,22329,0.93039,18.7738,4.49782e-10,67358
8,93,n1->n11->n21->n31->n32->n22->n23->n13->n14->n4->n5->n6->n7->n8->n9->n10,1.39914e+12|6.74446e+13|2.10865e+12|3.52863e+13|1.76915e+13|1.04684e+12|4.82335e+12|6.15644e+13|1.73585e+11|5.18924e+13|9.47619e+11|1.3295e+10|1.67497e+12|2.97761e+13|1.77255e+13|4.52738e+13,1.77398e+11|6.67907e+13|1.65286e+12|1.10607e+13|1.80488e+12|2.87275e+11|9.44696e+11|1.20015e+13|2.66204e+10|2.57057e+13|5.02465e+11|3.05195e+09|1.7716e+11|3.75649e+12|1.12087e+13|1.1265e+13,1.95975e-05|0.000704058|0.000474297|8.13083e-05|2.19175e-05|0.000315597|8.04044e-05|1.91329e-05|0.000296239|0.000184583|2.16719e-05|0.000791651|0.000138816|0.000533313|2.11883e-05|5.27173e-05,0.00010992|0.00551474|0.000184711|0.00107235|0.000875173|0.00111995|0.00115348|0.00010256|0.000130641|0.000294331|0.00291743|0.00210098|0.00414359|0.000989963|0.0022225|0.00330392,0.0181682|0.013944|0.047834|0.0397077|0.042527|0.00382452|0.0125041|0.0428446|0.0274855|0.00258778|0.0474863|0.0394512|0.0305222|0.0214324|0.0428419|0.0131986,0.0319791|0.0483324|0.0445871|0.0112236|0.0482558|0.0122344|0.032598|0.0431604|0.0191396|0.0218892|0.0371588|0.0484347|0.0147697|0.0250331|0.0409884|0.0417374,0.949547|0.98815|0.930488|0.967441|0.956513|0.98384|0.965877|0.909054|0.94417|0.900966|0.974548|0.921987|0.96879|0.91902|0.940435|0.907225,4.23825|3.35756|0.126822|4.4659|1.33288|0.236811|0.534444|0.95656|2.66883|0.446122|4.40271|2.02122|0.917544|2.87572|0.302176|4.65403,30.2686|65.1286|89.2299|63.0993|86.2435|55.8812|51.9585|56.34|52.1141|81.7362|37.2729|32.9383|55.4093|99.595|65.9961,0.172886|0.170031|0.182578|0.192934|0.202115|0.19455|0.186795|0.185456|0.243468|0.241023|0.205536|0.230383|0.205609|0.187871|0.161606,0.273933|0.806267|0.875943|0.147013|0.329678|0.279654|0.996635|0.544934|0.237548|0.824452|0.626255|0.704667|0.120763|0.969103|0.752732,0.935004,0.828035,0.00860061,0.625358,0.653224,0.50567,0.0737287,0.531077,0.0227058,0.913816,20.837,4.14754e-11,47595,0.929259,14.6973,1.66086e-11,23039,0.936476,0.823991,0.0110375,0.713123,0.0635319,0.472453,0.247421,0.530969,0.256238,0.858698,57.5243,1.23991e-10,22329,0.93039,18.7738,4.49782e-10,67358
8,94,n1->n2->n3->n4->n5->n15->n14->n24->n25->n26->n16->n17->n7->n8->n9->n10,1.39914e+12|2.9277e+11|2.83016e+12|5.18924e+13|9.47619e+11|5.83171e+09|1.73585e+11|7.40688e+10|2.92866e+12|1.18099e+10|5.96789e+12|1.02005e+09|1.67497e+12|2.97761e+13|1.77255e+13|4.52738e+13,1.77398e+11|8.93832e+10|6.97984e+11|2.57057e+13|5.02465e+11|9.6845e+08|2.66204e+10|4.11162e+10|1.91072e+12|2.80421e+09|5.01145e+12|3.1363e+08|1.7716e+11|3.75649e+12|1.12087e+13|1.1265e+13,1.95975e-05|2.30528e-05|2.3201e-05|0.000184583|2.16719e-05|1.34777e-05|0.000296239|0.000277508|2.30183e-05|2.70818e-05|0.000379753|3.38246e-05|0.000138816|0.000533313|2.11883e-05|5.27173e-05,0.00010992|0.000491852|0.00771915|0.000294331|0.00291743|0.000170048|0.000130641|0.00122802|0.0010803|0.00639567|0.0016797|0.000148753|0.00414359|0.000989963|0.0022225|0.00330392,0.0181682|0.0363562|0.0253399|0.00258778|0.0474863|0.0488947|0.0274855|0.0388837|0.0330416|0.0118399|0.0406616|0.0423098|0.0305222|0.0214324|0.0428419|0.0131986,0.0319791|0.0270472|0.0264018|0.0218892|0.0371588|0.0139893|0.0191396|0.00538224|0.011185|0.00604173|0.0202115|0.000397484|0.0147697|0.0250331|0.0409884|0.0417374,0.949547|0.950284|0.99323|0.900966|0.974548|0.929167|0.94417|0.91123|0.949108|0.90334|0.981652|0.969366|0.96879|0.91902|0.940435|0.907225,4.23825|1.22677|2.3022|0.446122|4.40271|0.798633|2.66883|4.13113|4.01147|0.282451|5.01724|6.20899|0.917544|2.87572|0.302176|4.65403,79.8117|37.015|10.4739|81.7362|35.0583|92.5451|66.6304|18.2346|55.6995|11.0615|32.2763|59.8148|55.4093|99.595|65.9961,0.217184|0.221489|0.218201|0.241023|0.178893|0.180776|0.242617|0.19579|0.177728|0.236306|0.20903|0.171695|0.205609|0.187871|0.161606,0.641344|0.940196|0.49652|0.824452|0.280873|0.921574|0.478901|0.160123|0.90653|0.175425|0.132326|0.566426|0.120763|0.969103|0.752732,0.935004,0.828035,0.00860061,0.625358,0.653224,0.50567,0.0737287,0.531077,0.0227058,0.913816,20.837,4.14754e-11,47595,0.929259,14.6973,1.66086e-11,23039,0.936476,0.823991,0.0110375,0.713123,0.0635319,0.472453,0.247421,0.530969,0.256238,0.858698,57.5243,1.23991e-10,22329,0.93039,18.7738,4.49782e-10,67358
8,95,n1->n2->n12->n22->n23->n13->n3->n4->n14->n15->n16->n6->n7->n8->n9->n10,1.39914e+12|2.9277e+11|1.02421e+11|1.04684e+12|4.82335e+12|6.15644e+13|2.83016e+12|5.18924e+13|1.73585e+11|5.83171e+09|5.96789e+12|1.3295e+10|1.67497e+12|2.97761e+13|1.77255e+13|4.52738e+13,1.77398e+11|8.93832e+10|1.31721e+10|2.87275e+11|9.44696e+11|1.20015e+13|6.97984e+11|2.57057e+13|2.66204e+10|9.6845e+08|5.01145e+12|3.05195e+09|1.7716e+11|3.75649e+12|1.12087e+13|1.1265e+13,1.95975e-05|2.30528e-05|0.000151799|0.000315597|8.04044e-05|1.91329e-05|2.3201e-05|0.000184583|0.000296239|1.34777e-05|0.000379753|0.000791651|0.000138816|0.000533313|2.11883e-05|5.27173e-05,0.00010992|0.000491852|0.00251821|0.00111995|0.00115348|0.00010256|0.00771915|0.000294331|0.000130641|0.000170048|0.0016797|0.00210098|0.00414359|0.000989963|0.0022225|0.00330392,0.0181682|0.0363562|0.0201998|0.00382452|0.0125041|0.0428446|0.0253399|0.00258778|0.0274855|0.0488947|0.0406616|0.0394512|0.0305222|0.0214324|0.0428419|0.0131986,0.0319791|0.0270472|0.0203015|0.0122344|0.032598|0.0431604|0.0264018|0.0218892|0.0191396|0.0139893|0.0202115|0.0484347|0.0147697|0.0250331|0.0409884|0.0417374,0.949547|0.950284|0.954465|0.98384|0.965877|0.909054|0.99323|0.900966|0.94417|0.929167|0.981652|0.921987|0.96879|0.91902|0.940435|0.907225,4.23825|1.22677|0.174573|0.236811|0.534444|0.95656|2.3022|0.446122|2.66883|0.798633|5.01724|2.02122|0.917544|2.87572|0.302176|4.65403,79.8117|88.6198|13.2112|55.8812|51.9585|83.9106|10.4739|52.1141|92.5451|56.2706|50.0569|32.9383|55.4093|99.595|65.9961,0.217184|0.211866|0.160355|0.19455|0.186795|0.164875|0.218201|0.243468|0.180776|0.18736|0.218247|0.230383|0.205609|0.187871|0.161606,0.641344|0.611032|0.66376|0.279654|0.996635|0.456853|0.49652|0.237548|0.921574|0.442932|0.340289|0.704667|0.120763|0.969103|0.752732,0.935004,0.828035,0.00860061,0.625358,0.653224,0.50567,0.0737287,0.531077,0.0227058,0.913816,20.837,4.14754e-11,47595,0.929259,14.6973,1.66086e-11,23039,0.936476,0.823991,0.0110375,0.713123,0.0635319,0.472453,0.247421,0.530969,0.256238,0.858698,57.5243,1.23991e-10,22329,0.93039,18.7738,4.49782e-10,67358
8,96,n1->n11->n12->n2->n3->n13->n23->n24->n14->n4->n5->n6->n7->n8->n9->n10,1.39914e+12|6.74446e+13|1.02421e+11|2.9277e+11|2.83016e+12|6.15644e+13|4.82335e+12|7.40688e+10|1.73585e+11|5.18924e+13|9.47619e+11|1.3295e+10|1.67497e+12|2.97761e+13|1.77255e+13|4.52738e+13,1.77398e+11|6.67907e+13|1.31721e+10|8.93832e+10|6.97984e+11|1.20015e+13|9.44696e+11|4.11162e+10|2.66204e+10|2.57057e+13|5.02465e+11|3.05195e+09|1.7716e+11|3.75649e+12|1.12087e+13|1.1265e+13,1.95975e-05|0.000704058|0.000151799|2.30528e-05|2.3201e-05|1.91329e-05|8.04044e-05|0.000277508|0.000296239|0.000184583|2.16719e-05|0.000791651|0.000138816|0.000533313|2.11883e-05|5.27173e-05,0.00010992|0.00551474|0.00251821|0.000491852|0.00771915|0.00010256|0.00115348|0.00122802|0.000130641|0.000294331|0.00291743|0.00210098|0.00414359|0.000989963|0.0022225|0.00330392,0.0181682|0.013944|0.0201998|0.0363562|0.0253399|0.0428446|0.0125041|0.0388837|0.0274855|0.00258778|0.0474863|0.0394512|0.0305222|0.0214324|0.0428419|0.0131986,0.0319791|0.0483324|0.0203015|0.0270472|0.0264018|0.0431604|0.032598|0.00538224|0.0191396|0.0218892|0.0371588|0.0484347|0.0147697|0.0250331|0.0409884|0.0417374,0.949547|0.98815|0.954465|0.950284|0.99323|0.909054|0.965877|0.91123|0.94417|0.900966|0.974548|0.921987|0.96879|0.91902|0.940435|0.907225,4.23825|3.35756|0.174573|1.22677|2.3022|0.95656|0.534444|4.13113|2.66883|0.446122|4.40271|2.02122|0.917544|2.87572|0.302176|4.65403,30.2686|24.4191|88.6198|37.015|83.9106|51.9585|67.5745|66.6304|52.1141|81.7362|37.2729|32.9383|55.4093|99.595|65.9961,0.172886|0.215492|0.211866|0.221489|0.164875|0.186795|0.181224|0.242617|0.243468|0.241023|0.205536|0.230383|0.205609|0.187871|0.161606,0.273933|0.537123|0.611032|0.940196|0.456853|0.996635|0.615936|0.478901|0.237548|0.824452|0.626255|0.704667|0.120763|0.969103|0.752732,0.935004,0.828035,0.00860061,0.625358,0.653224,0.50567,0.0737287,0.531077,0.0227058,0.913816,20.837,4.14754e-11,47595,0.929259,14.6973,1.66086e-11,23039,0.936476,0.823991,0.0110375,0.713123,0.0635319,0.472453,0.247421,0.530969,0.256238,0.858698,57.5243,1.23991e-10,22329,0.93039,18.7738,4.49782e-10,67358
8,97,n1->n11->n21->n31->n32->n22->n23->n13->n14->n15->n16->n17->n7->n8->n9->n10,1.39914e+12|6.74446e+13|2.10865e+12|3.52863e+13|1.76915e+13|1.04684e+12|4.82335e+12|6.15644e+13|1.73585e+11|5.83171e+09|5.96789e+12|1.02005e+09|1.67497e+12|2.97761e+13|1.77255e+13|4.52738e+13,1.77398e+11|6.67907e+13|1.65286e+12|1.10607e+13|1.80488e+12|2.87275e+11|9.44696e+11|1.20015e+13|2.66204e+10|9.6845e+08|5.01145e+12|3.1363e+08|1.7716e+11|3.75649e+12|1.12087e+13|1.1265e+13,1.95975e-05|0.000704058|0.000474297|8.13083e-05|2.19175e-05|0.000315597|8.04044e-05|1.91329e-05|0.000296239|1.34777e-05|0.000379753|3.38246e-05|0.000138816|0.000533313|2.11883e-05|5.27173e-05,0.00010992|0.00551474|0.000184711|0.00107235|0.000875173|0.00111995|0.00115348|0.00010256|0.000130641|0.000170048|0.0016797|0.000148753|0.00414359|0.000989963|0.0022225|0.00330392,0.0181682|0.013944|0.047834|0.0397077|0.042527|0.00382452|0.0125041|0.0428446|0.0274855|0.0488947|0.0406616|0.0423098|0.0305222|0.0214324|0.0428419|0.0131986,0.0319791|0.0483324|0.0445871|0.0112236|0.0482558|0.0122344|0.032598|0.0431604|0.0191396|0.0139893|0.0202115|0.000397484|0.0147697|0.0250331|0.0409884|0.0417374,0.949547|0.98815|0.930488|0.967441|0.956513|0.98384|0.965877|0.909054|0.94417|0.929167|0.981652|0.969366|0.96879|0.91902|0.940435|0.907225,4.23825|3.35756|0.126822|4.4659|1.33288|0.236811|0.534444|0.95656|2.66883|0.798633|5.01724|6.20899|0.917544|2.87572|0.302176|4.65403,30.2686|65.1286|89.2299|63.0993|86.2435|55.8812|51.9585|56.34|92.5451|56.2706|32.2763|59.8148|55.4093|99.595|65.9961,0.172886|0.170031|0.182578|0.192934|0.202115|0.19455|0.186795|0.185456|0.180776|0.18736|0.20903|0.171695|0.205609|0.187871|0.161606,0.273933|0.806267|0.875943|0.147013|0.329678|0.279654|0.996635|0.544934|0.921574|0.442932|0.132326|0.566426|0.120763|0.969103|0.752732,0.935004,0.828035,0.00860061,0.625358,0.653224,0.50567,0.0737287,0.531077,0.0227058,0.913816,20.837,4.14754e-11,47595,0.929259,14.6973,1.66086e-11,23039,0.936476,0.823991,0.0110375,0.713123,0.0635319,0.472453,0.247421,0.530969,0.256238,0.858698,57.5243,1.23991e-10,22329,0.93039,18.7738,4.49782e-10,67358
8,98,n1->n11->n21->n22->n23->n13->n12->n2->n3->n4->n5->n6->n7->n8->n9->n10,1.39914e+12|6.74446e+13|2.10865e+12|1.04684e+12|4.82335e+12|6.15644e+13|1.02421e+11|2.9277e+11|2.83016e+12|5.18924e+13|9.47619e+11|1.3295e+10|1.67497e+12|2.97761e+13|1.77255e+13|4.52738e+13,1.77398e+11|6.67907e+13|1.65286e+12|2.87275e+11|9.44696e+11|1.20015e+13|1.31721e+10|8.93832e+10|6.97984e+11|2.57057e+13|5.02465e+11|3.05195e+09|1.7716e+11|3.75649e+12|1.12087e+13|1.1265e+13,1.95975e-05|0.000704058|0.000474297|0.000315597|8.04044e-05|1.91329e-05|0.000151799|2.30528e-05|2.3201e-05|0.000184583|2.16719e-05|0.000791651|0.000138816|0.000533313|2.11883e-05|5.27173e-05,0.00010992|0.00551474|0.000184711|0.00111995|0.00115348|0.00010256|0.00251821|0.000491852|0.00771915|0.000294331|0.00291743|0.00210098|0.00414359|0.000989963|0.0022225|0.00330392,0.0181682|0.013944|0.047834|0.00382452|0.0125041|0.0428446|0.0201998|0.0363562|0.0253399|0.00258778|0.0474863|0.0394512|0.0305222|0.0214324|0.0428419|0.0131986,0.0319791|0.0483324|0.0445871|0.0122344|0.032598|0.0431604|0.0203015|0.0270472|0.0264018|0.0218892|0.0371588|0.0484347|0.0147697|0.0250331|0.0409884|0.0417374,0.949547|0.98815|0.930488|0.98384|0.965877|0.909054|0.954465|0.950284|0.99323|0.900966|0.974548|0.921987|0.96879|0.91902|0.940435|0.907225,4.23825|3.35756|0.126822|0.236811|0.534444|0.95656|0.174573|1.22677|2.3022|0.446122|4.40271|2.02122|0.917544|2.87572|0.302176|4.65403,30.2686|65.1286|34.0839|55.8812|51.9585|13.9548|88.6198|37.015|10.4739|81.7362|37.2729|32.9383|55.4093|99.595|65.9961,0.172886|0.170031|0.161458|0.19455|0.186795|0.198327|0.211866|0.221489|0.218201|0.241023|0.205536|0.230383|0.205609|0.187871|0.161606,0.273933|0.806267|0.734507|0.279654|0.996635|0.649751|0.611032|0.940196|0.49652|0.824452|0.626255|0.704667|0.120763|0.969103|0.752732,0.935004,0.828035,0.00860061,0.625358,0.653224,0.50567,0.0737287,0.531077,0.0227058,0.913816,20.837,4.14754e-11,47595,0.929259,14.6973,1.66086e-11,23039,0.936476,0.823991,0.0110375,0.713123,0.0635319,0.472453,0.247421,0.530969,0.256238,0.858698,57.5243,1.23991e-10,22329,0.93039,18.7738,4.49782e-10,67358
8,99,n1->n11->n21->n22->n23->n33->n34->n24->n14->n4->n5->n6->n7->n8->n9->n10,1.39914e+12|6.74446e+13|2.10865e+12|1.04684e+12|4.82335e+12|8.37382e+09|1.8639e+10|7.40688e+10|1.73585e+11|5.18924e+13|9.47619e+11|1.3295e+10|1.67497e+12|2.97761e+13|1.77255e+13|4.52738e+13,1.77398e+11|6.67907e+13|1.65286e+12|2.87275e+11|9.44696e+11|3.65063e+09|9.30281e+09|4.11162e+10|2.66204e+10|2.57057e+13|5.02465e+11|3.05195e+09|1.7716e+11|3.75649e+12|1.12087e+13|1.1265e+13,1.95975e-05|0.000704058|0.000474297|0.000315597|8.04044e-05|2.63111e-05|5.25754e-05|0.000277508|0.000296239|0.000184583|2.16719e-05|0.000791651|0.000138816|0.000533313|2.11883e-05|5.27173e-05,0.00010992|0.00551474|0.000184711|0.00111995|0.00115348|0.00127695|0.000207299|0.00122802|0.000130641|0.000294331|0.00291743|0.00210098|0.00414359|0.000989963|0.0022225|0.00330392,0.0181682|0.013944|0.047834|0.00382452|0.0125041|0.0417406|0.00528839|0.0388837|0.0274855|0.00258778|0.0474863|0.0394512|0.0305222|0.0214324|0.0428419|0.0131986,0.0319791|0.0483324|0.0445871|0.0122344|0.032598|0.019491|0.00475267|0.00538224|0.0191396|0.0218892|0.0371588|0.0484347|0.0147697|0.0250331|0.0409884|0.0417374,0.949547|0.98815|0.930488|0.98384|0.965877|0.935955|0.962618|0.91123|0.94417|0.900966|0.974548|0.921987|0.96879|0.91902|0.940435|0.907225,4.23825|3.35756|0.126822|0.236811|0.534444|0.227076|3.84921|4.13113|2.66883|0.446122|4.40271|2.02122|0.917544|2.87572|0.302176|4.65403,30.2686|65.1286|34.0839|55.8812|76.7594|23.5709|58.7029|66.6304|52.1141|81.7362|37.2729|32.9383|55.4093|99.595|65.9961,0.172886|0.170031|0.161458|0.19455|0.229061|0.161556|0.203558|0.242617|0.243468|0.241023|0.205536|0.230383|0.205609|0.187871|0.161606,0.273933|0.806267|0.734507|0.279654|0.851459|0.803928|0.490403|0.478901|0.237548|0.824452|0.626255|0.704667|0.120763|0.969103|0.752732,0.935004,0.828035,0.00860061,0.625358,0.653224,0.50567,0.0737287,0.531077,0.0227058,0.913816,20.837,4.14754e-11,47595,0.929259,14.6973,1.66086e-11,23039,0.936476,0.823991,0.0110375,0.713123,0.0635319,0.472453,0.247421,0.530969,0.256238,0.858698,57.5243,1.23991e-10,22329,0.93039,18.7738,4.49782e-10,67358
8,100,n1->n11->n12->n22->n32->n33->n34->n24->n14->n15->n16->n6->n7->n8->n9->n10,1.39914e+12|6.74446e+13|1.02421e+11|1.04684e+12|1.76915e+13|8.37382e+09|1.8639e+10|7.40688e+10|1.73585e+11|5.83171e+09|5.96789e+12|1.3295e+10|1.67497e+12|2.97761e+13|1.77255e+13|4.52738e+13,1.77398e+11|6.67907e+13|1.31721e+10|2.87275e+11|1.80488e+12|3.65063e+09|9.30281e+09|4.11162e+10|2.66204e+10|9.6845e+08|5.01145e+12|3.05195e+09|1.7716e+11|3.75649e+12|1.12087e+13|1.1265e+13,1.95975e-05|0.000704058|0.000151799|0.000315597|2.19175e-05|2.63111e-05|5.25754e-05|0.000277508|0.000296239|1.34777e-05|0.000379753|0.000791651|0.000138816|0.000533313|2.11883e-05|5.27173e-05,0.00010992|0.00551474|0.00251821|0.00111995|0.000875173|0.00127695|0.000207299|0.00122802|0.000130641|0.000170048|0.0016797|0.00210098|0.00414359|0.000989963|0.0022225|0.00330392,0.0181682|0.013944|0.0201998|0.00382452|0.042527|0.0417406|0.00528839|0.0388837|0.0274855|0.0488947|0.0406616|0.0394512|0.0305222|0.0214324|0.0428419|0.0131986,0.0319791|0.0483324|0.0203015|0.0122344|0.0482558|0.019491|0.00475267|0.00538224|0.0191396|0.0139893|0.0202115|0.0484347|0.0147697|0.0250331|0.0409884|0.0417374,0.949547|0.98815|0.954465|0.98384|0.956513|0.935955|0.962618|0.91123|0.94417|0.929167|0.981652|0.921987|0.96879|0.91902|0.940435|0.907225,4.23825|3.35756|0.174573|0.236811|1.33288|0.227076|3.84921|4.13113|2.66883|0.798633|5.01724|2.02122|0.917544|2.87572|0.302176|4.65403,30.2686|24.4191|13.2112|86.2435|67.4197|23.5709|58.7029|66.6304|92.5451|56.2706|50.0569|32.9383|55.4093|99.595|65.9961,0.172886|0.215492|0.160355|0.202115|0.229759|0.161556|0.203558|0.242617|0.180776|0.18736|0.218247|0.230383|0.205609|0.187871|0.161606,0.273933|0.537123|0.66376|0.329678|0.780444|0.803928|0.490403|0.478901|0.921574|0.442932|0.340289|0.704667|0.120763|0.969103|0.752732,0.935004,0.828035,0.00860061,0.625358,0.653224,0.50567,0.0737287,0.531077,0.0227058,0.913816,20.837,4.14754e-11,47595,0.929259,14.6973,1.66086e-11,23039,0.936476,0.823991,0.0110375,0.713123,0.0635319,0.472453,0.247421,0.530969,0.256238,0.858698,57.5243,1.23991e-10,22329,0.93039,18.7738,4.49782e-10,67358
8,101,n1->n11->n21->n31->n32->n22->n23->n24->n25->n15->n16->n6->n7->n8->n9->n10,1.39914e+12|6.74446e+13|2.10865e+12|3.52863e+13|1.76915e+13|1.04684e+12|4.82335e+12|7.40688e+10|2.92866e+12|5.83171e+09|5.96789e+12|1.3295e+10|1.67497e+12|2.97761e+13|1.77255e+13|4.52738e+13,1.77398e+11|6.67907e+13|1.65286e+12|1.10607e+13|1.80488e+12|2.87275e+11|9.44696e+11|4.11162e+10|1.91072e+12|9.6845e+08|5.01145e+12|3.05195e+09|1.7716e+11|3.75649e+12|1.12087e+13|1.1265e+13,1.95975e-05|0.000704058|0.000474297|8.13083e-05|2.19175e-05|0.000315597|8.04044e-05|0.000277508|2.30183e-05|1.34777e-05|0.000379753|0.000791651|0.000138816|0.000533313|2.11883e-05|5.27173e-05,0.00010992|0.00551474|0.000184711|0.00107235|0.000875173|0.00111995|0.00115348|0.00122802|0.0010803|0.000170048|0.0016797|0.00210098|0.00414359|0.000989963|0.0022225|0.00330392,0.0181682|0.013944|0.047834|0.0397077|0.042527|0.00382452|0.0125041|0.0388837|0.0330416|0.0488947|0.0406616|0.0394512|0.0305222|0.0214324|0.0428419|0.0131986,0.0319791|0.0483324|0.0445871|0.0112236|0.0482558|0.0122344|0.032598|0.00538224|0.011185|0.0139893|0.0202115|0.0484347|0.0147697|0.0250331|0.0409884|0.0417374,0.949547|0.98815|0.930488|0.967441|0.956513|0.98384|0.965877|0.91123|0.949108|0.929167|0.981652|0.921987|0.96879|0.91902|0.940435|0.907225,4.23825|3.35756|0.126822|4.4659|1.33288|0.236811|0.534444|4.13113|4.01147|0.798633|5.01724|2.02122|0.917544|2.87572|0.302176|4.65403,30.2686|65.1286|89.2299|63.0993|86.2435|55.8812|67.5745|18.2346|54.7186|56.2706|50.0569|32.9383|55.4093|99.595|65.9961,0.172886|0.170031|0.182578|0.192934|0.202115|0.19455|0.181224|0.19579|0.249041|0.18736|0.218247|0.230383|0.205609|0.187871|0.161606,0.273933|0.806267|0.875943|0.147013|0.329678|0.279654|0.615936|0.160123|0.656917|0.442932|0.340289|0.704667|0.120763|0.969103|0.752732,0.935004,0.828035,0.00860061,0.625358,0.653224,0.50567,0.0737287,0.531077,0.0227058,0.913816,20.837,4.14754e-11,47595,0.929259,14.6973,1.66086e-11,23039,0.936476,0.823991,0.0110375,0.713123,0.0635319,0.472453,0.247421,0.530969,0.256238,0.858698,57.5243,1.23991e-10,22329,0.93039,18.7738,4.49782e-10,67358
8,102,n1->n2->n3->n13->n14->n4->n5->n15->n25->n26->n27->n28->n29->n19->n20->n10,1.39914e+12|2.9277e+11|2.83016e+12|6.15644e+13|1.73585e+11|5.18924e+13|9.47619e+11|5.83171e+09|2.92866e+12|1.18099e+10|9.07677e+09|2.76771e+12|3.58484e+10|3.10599e+10|1.29136e+12|4.52738e+13,1.77398e+11|8.93832e+10|6.97984e+11|1.20015e+13|2.66204e+10|2.57057e+13|5.02465e+11|9.6845e+08|1.91072e+12|2.80421e+09|3.68247e+09|1.49094e+12|8.63035e+09|7.39528e+09|5.89601e+11|1.1265e+13,1.95975e-05|2.30528e-05|2.3201e-05|1.91329e-05|0.000296239|0.000184583|2.16719e-05|1.34777e-05|2.30183e-05|2.70818e-05|1.08468e-05|2.80987e-05|0.000181638|0.000969765|0.000104918|5.27173e-05,0.00010992|0.000491852|0.00771915|0.00010256|0.000130641|0.000294331|0.00291743|0.000170048|0.0010803|0.00639567|0.000374531|0.00545758|0.000129111|0.000225136|0.000585458|0.00330392,0.0181682|0.0363562|0.0253399|0.0428446|0.0274855|0.00258778|0.0474863|0.0488947|0.0330416|0.0118399|0.00290834|0.0345144|0.0483468|0.00384841|0.0288099|0.0131986,0.0319791|0.0270472|0.0264018|0.0431604|0.0191396|0.0218892|0.0371588|0.0139893|0.011185|0.00604173|0.0201829|0.00283251|0.00872405|0.0294878|0.0321693|0.0417374,0.949547|0.950284|0.99323|0.909054|0.94417|0.900966|0.974548|0.929167|0.949108|0.90334|0.904615|0.941873|0.902534|0.902305|0.976331|0.907225,4.23825|1.22677|2.3022|0.95656|2.66883|0.446122|4.40271|0.798633|4.01147|0.282451|3.8173|4.82396|0.0334453|1.1337|4.981|4.65403,79.8117|37.015|83.9106|56.34|52.1141|81.7362|35.0583|54.7186|55.6995|42.5138|15.3326|39.0733|84.7043|10.3361|29.3778,0.217184|0.221489|0.164875|0.185456|0.243468|0.241023|0.178893|0.249041|0.177728|0.231617|0.171578|0.18279|0.195645|0.207438|0.198143,0.641344|0.940196|0.456853|0.544934|0.237548|0.824452|0.280873|0.656917|0.90653|0.681145|0.162466|0.505031|0.663342|0.257043|0.337655,0.935004,0.828035,0.00860061,0.625358,0.653224,0.50567,0.0737287,0.531077,0.0227058,0.913816,20.837,4.14754e-11,47595,0.929259,14.6973,1.66086e-11,23039,0.936476,0.823991,0.0110375,0.713123,0.0635319,0.472453,0.247421,0.530969,0.256238,0.858698,57.5243,1.23991e-10,22329,0.93039,18.7738,4.49782e-10,67358
8,103,n1->n2->n3->n13->n23->n33->n34->n24->n25->n15->n16->n6->n7->n8->n9->n10,1.39914e+12|2.9277e+11|2.83016e+12|6.15644e+13|4.82335e+12|8.37382e+09|1.8639e+10|7.40688e+10|2.92866e+12|5.83171e+09|5.96789e+12|1.3295e+10|1.67497e+12|2.97761e+13|1.77255e+13|4.52738e+13,1.77398e+11|8.93832e+10|6.97984e+11|1.20015e+13|9.44696e+11|3.65063e+09|9.30281e+09|4.11162e+10|1.91072e+12|9.6845e+08|5.01145e+12|3.05195e+09|1.7716e+11|3.75649e+12|1.12087e+13|1.1265e+13,1.95975e-05|2.30528e-05|2.3201e-05|1.91329e-05|8.04044e-05|2.63111e-05|5.25754e-05|0.000277508|2.30183e-05|1.34777e-05|0.000379753|0.000791651|0.000138816|0.000533313|2.11883e-05|5.27173e-05,0.00010992|0.000491852|0.00771915|0.00010256|0.00115348|0.00127695|0.000207299|0.00122802|0.0010803|0.000170048|0.0016797|0.00210098|0.00414359|0.000989963|0.0022225|0.00330392,0.0181682|0.0363562|0.0253399|0.0428446|0.0125041|0.0417406|0.00528839|0.0388837|0.0330416|0.0488947|0.0406616|0.0394512|0.0305222|0.0214324|0.0428419|0.0131986,0.0319791|0.0270472|0.0264018|0.0431604|0.032598|0.019491|0.00475267|0.00538224|0.011185|0.0139893|0.0202115|0.0484347|0.0147697|0.0250331|0.0409884|0.0417374,0.949547|0.950284|0.99323|0.909054|0.965877|0.935955|0.962618|0.91123|0.949108|0.929167|0.981652|0.921987|0.96879|0.91902|0.940435|0.907225,4.23825|1.22677|2.3022|0.95656|0.534444|0.227076|3.84921|4.13113|4.01147|0.798633|5.01724|2.02122|0.917544|2.87572|0.302176|4.65403,79.8117|37.015|83.9106|51.9585|76.7594|23.5709|58.7029|18.2346|54.7186|56.2706|50.0569|32.9383|55.4093|99.595|65.9961,0.217184|0.221489|0.164875|0.186795|0.229061|0.161556|0.203558|0.19579|0.249041|0.18736|0.218247|0.230383|0.205609|0.187871|0.161606,0.641344|0.940196|0.456853|0.996635|0.851459|0.803928|0.490403|0.160123|0.656917|0.442932|0.340289|0.704667|0.120763|0.969103|0.752732,0.935004,0.828035,0.00860061,0.625358,0.653224,0.50567,0.0737287,0.531077,0.0227058,0.913816,20.837,4.14754e-11,47595,0.929259,14.6973,1.66086e-11,23039,0.936476,0.823991,0.0110375,0.713123,0.0635319,0.472453,0.247421,0.530969,0.256238,0.858698,57.5243,1.23991e-10,22329,0.93039,18.7738,4.49782e-10,67358
8,104,n1->n11->n21->n31->n32->n33->n23->n13->n3->n4->n5->n6->n7->n8->n9->n10,1.39914e+12|6.74446e+13|2.10865e+12|3.52863e+13|1.76915e+13|8.37382e+09|4.82335e+12|6.15644e+13|2.83016e+12|5.18924e+13|9.47619e+11|1.3295e+10|1.67497e+12|2.97761e+13|1.77255e+13|4.52738e+13,1.77398e+11|6.67907e+13|1.65286e+12|1.10607e+13|1.80488e+12|3.65063e+09|9.44696e+11|1.20015e+13|6.97984e+11|2.57057e+13|5.02465e+11|3.05195e+09|1.7716e+11|3.75649e+12|1.12087e+13|1.1265e+13,1.95975e-05|0.000704058|0.000474297|8.13083e-05|2.19175e-05|2.63111e-05|8.04044e-05|1.91329e-05|2.3201e-05|0.000184583|2.16719e-05|0.000791651|0.000138816|0.000533313|2.11883e-05|5.27173e-05,0.00010992|0.00551474|0.000184711|0.00107235|0.000875173|0.00127695|0.00115348|0.00010256|0.00771915|0.000294331|0.00291743|0.00210098|0.00414359|0.000989963|0.0022225|0.00330392,0.0181682|0.013944|0.047834|0.0397077|0.042527|0.0417406|0.0125041|0.0428446|0.0253399|0.00258778|0.0474863|0.0394512|0.0305222|0.0214324|0.0428419|0.0131986,0.0319791|0.0483324|0.0445871|0.0112236|0.0482558|0.019491|0.032598|0.0431604|0.0264018|0.0218892|0.0371588|0.0484347|0.0147697|0.0250331|0.0409884|0.0417374,0.949547|0.98815|0.930488|0.967441|0.956513|0.935955|0.965877|0.909054|0.99323|0.900966|0.974548|0.921987|0.96879|0.91902|0.940435|0.907225,4.23825|3.35756|0.126822|4.4659|1.33288|0.227076|0.534444|0.95656|2.3022|0.446122|4.40271|2.02122|0.917544|2.87572|0.302176|4.65403,30.2686|65.1286|89.2299|63.0993|67.4197|76.7594|51.9585|83.9106|10.4739|81.7362|37.2729|32.9383|55.4093|99.595|65.9961,0.172886|0.170031|0.182578|0.192934|0.229759|0.229061|0.186795|0.164875|0.218201|0.241023|0.205536|0.230383|0.205609|0.187871|0.161606,0.273933|0.806267|0.875943|0.147013|0.780444|0.851459|0.996635|0.456853|0.49652|0.824452|0.626255|0.704667|0.120763|0.969103|0.752732,0.935004,0.828035,0.00860061,0.625358,0.653224,0.50567,0.0737287,0.531077,0.0227058,0.913816,20.837,4.14754e-11,47595,0.929259,14.6973,1.66086e-11,23039,0.936476,0.823991,0.0110375,0.713123,0.0635319,0.472453,0.247421,0.530969,0.256238,0.858698,57.5243,1.23991e-10,22329,0.93039,18.7738,4.49782e-10,67358
8,105,n1->n2->n3->n4->n5->n15->n14->n24->n25->n26->n16->n17->n18->n19->n9->n10,1.39914e+12|2.9277e+11|2.83016e+12|5.18924e+13|9.47619e+11|5.83171e+09|1.73585e+11|7.40688e+10|2.92866e+12|1.18099e+10|5.96789e+12|1.02005e+09|2.57098e+11|3.10599e+10|1.77255e+13|4.52738e+13,1.77398e+11|8.93832e+10|6.97984e+11|2.57057e+13|5.02465e+11|9.6845e+08|2.66204e+10|4.11162e+10|1.91072e+12|2.80421e+09|5.01145e+12|3.1363e+08|6.04421e+10|7.39528e+09|1.12087e+13|1.1265e+13,1.95975e-05|2.30528e-05|2.3201e-05|0.000184583|2.16719e-05|1.34777e-05|0.000296239|0.000277508|2.30183e-05|2.70818e-05|0.000379753|3.38246e-05|0.000162804|0.000969765|2.11883e-05|5.27173e-05,0.00010992|0.000491852|0.00771915|0.000294331|0.00291743|0.000170048|0.000130641|0.00122802|0.0010803|0.00639567|0.0016797|0.000148753|0.00406814|0.000225136|0.0022225|0.00330392,0.0181682|0.0363562|0.0253399|0.00258778|0.0474863|0.0488947|0.0274855|0.0388837|0.0330416|0.0118399|0.0406616|0.0423098|0.0120126|0.00384841|0.0428419|0.0131986,0.0319791|0.0270472|0.0264018|0.0218892|0.0371588|0.0139893|0.0191396|0.00538224|0.011185|0.00604173|0.0202115|0.000397484|0.0125351|0.0294878|0.0409884|0.0417374,0.949547|0.950284|0.99323|0.900966|0.974548|0.929167|0.94417|0.91123|0.949108|0.90334|0.981652|0.969366|0.957682|0.902305|0.940435|0.907225,4.23825|1.22677|2.3022|0.446122|4.40271|0.798633|2.66883|4.13113|4.01147|0.282451|5.01724|6.20899|5.90544|1.1337|0.302176|4.65403,79.8117|37.015|10.4739|81.7362|35.0583|92.5451|66.6304|18.2346|55.6995|11.0615|32.2763|27.3162|28.0546|99.0064|65.9961,0.217184|0.221489|0.218201|0.241023|0.178893|0.180776|0.242617|0.19579|0.177728|0.236306|0.20903|0.164228|0.231107|0.175436|0.161606,0.641344|0.940196|0.49652|0.824452|0.280873|0.921574|0.478901|0.160123|0.90653|0.175425|0.132326|0.347372|0.277869|0.269031|0.752732,0.935004,0.828035,0.00860061,0.625358,0.653224,0.50567,0.0737287,0.531077,0.0227058,0.913816,20.837,4.14754e-11,47595,0.929259,14.6973,1.66086e-11,23039,0.936476,0.823991,0.0110375,0.713123,0.0635319,0.472453,0.247421,0.530969,0.256238,0.858698,57.5243,1.23991e-10,22329,0.93039,18.7738,4.49782e-10,67358
8,106,n1->n11->n21->n22->n32->n33->n34->n24->n25->n26->n27->n17->n18->n8->n9->n10,1.39914e+12|6.74446e+13|2.10865e+12|1.04684e+12|1.76915e+13|8.37382e+09|1.8639e+10|7.40688e+10|2.92866e+12|1.18099e+10|9.07677e+09|1.02005e+09|2.57098e+11|2.97761e+13|1.77255e+13|4.52738e+13,1.77398e+11|6.67907e+13|1.65286e+12|2.87275e+11|1.80488e+12|3.65063e+09|9.30281e+09|4.11162e+10|1.91072e+12|2.80421e+09|3.68247e+09|3.1363e+08|6.04421e+10|3.75649e+12|1.12087e+13|1.1265e+13,1.95975e-05|0.000704058|0.000474297|0.000315597|2.19175e-05|2.63111e-05|5.25754e-05|0.000277508|2.30183e-05|2.70818e-05|1.08468e-05|3.38246e-05|0.000162804|0.000533313|2.11883e-05|5.27173e-05,0.00010992|0.00551474|0.000184711|0.00111995|0.000875173|0.00127695|0.000207299|0.00122802|0.0010803|0.00639567|0.000374531|0.000148753|0.00406814|0.000989963|0.0022225|0.00330392,0.0181682|0.013944|0.047834|0.00382452|0.042527|0.0417406|0.00528839|0.0388837|0.0330416|0.0118399|0.00290834|0.0423098|0.0120126|0.0214324|0.0428419|0.0131986,0.0319791|0.0483324|0.0445871|0.0122344|0.0482558|0.019491|0.00475267|0.00538224|0.011185|0.00604173|0.0201829|0.000397484|0.0125351|0.0250331|0.0409884|0.0417374,0.949547|0.98815|0.930488|0.98384|0.956513|0.935955|0.962618|0.91123|0.949108|0.90334|0.904615|0.969366|0.957682|0.91902|0.940435|0.907225,4.23825|3.35756|0.126822|0.236811|1.33288|0.227076|3.84921|4.13113|4.01147|0.282451|3.8173|6.20899|5.90544|2.87572|0.302176|4.65403,30.2686|65.1286|34.0839|86.2435|67.4197|23.5709|58.7029|18.2346|55.6995|42.5138|72.2829|27.3162|81.3396|99.595|65.9961,0.172886|0.170031|0.161458|0.202115|0.229759|0.161556|0.203558|0.19579|0.177728|0.231617|0.202821|0.164228|0.202434|0.187871|0.161606,0.273933|0.806267|0.734507|0.329678|0.780444|0.803928|0.490403|0.160123|0.90653|0.681145|0.90576|0.347372|0.175208|0.969103|0.752732,0.935004,0.828035,0.00860061,0.625358,0.653224,0.50567,0.0737287,0.531077,0.0227058,0.913816,20.837,4.14754e-11,47595,0.929259,14.6973,1.66086e-11,23039,0.936476,0.823991,0.0110375,0.713123,0.0635319,0.472453,0.247421,0.530969,0.256238,0.858698,57.5243,1.23991e-10,22329,0.93039,18.7738,4.49782e-10,67358
8,107,n1->n2->n12->n22->n32->n33->n34->n35->n36->n26->n27->n17->n7->n8->n9->n10,1.39914e+12|2.9277e+11|1.02421e+11|1.04684e+12|1.76915e+13|8.37382e+09|1.8639e+10|3.91386e+11|1.0066e+09|1.18099e+10|9.07677e+09|1.02005e+09|1.67497e+12|2.97761e+13|1.77255e+13|4.52738e+13,1.77398e+11|8.93832e+10|1.31721e+10|2.87275e+11|1.80488e+12|3.65063e+09|9.30281e+09|1.2386e+11|6.15185e+08|2.80421e+09|3.68247e+09|3.1363e+08|1.7716e+11|3.75649e+12|1.12087e+13|1.1265e+13,1.95975e-05|2.30528e-05|0.000151799|0.000315597|2.19175e-05|2.63111e-05|5.25754e-05|2.02429e-05|2.14951e-05|2.70818e-05|1.08468e-05|3.38246e-05|0.000138816|0.000533313|2.11883e-05|5.27173e-05,0.00010992|0.000491852|0.00251821|0.00111995|0.000875173|0.00127695|0.000207299|0.00100279|0.00707672|0.00639567|0.000374531|0.000148753|0.00414359|0.000989963|0.0022225|0.00330392,0.0181682|0.0363562|0.0201998|0.00382452|0.042527|0.0417406|0.00528839|0.00299689|0.00219889|0.0118399|0.00290834|0.0423098|0.0305222|0.0214324|0.0428419|0.0131986,0.0319791|0.0270472|0.0203015|0.0122344|0.0482558|0.019491|0.00475267|0.0462929|0.0410394|0.00604173|0.0201829|0.000397484|0.0147697|0.0250331|0.0409884|0.0417374,0.949547|0.950284|0.954465|0.98384|0.956513|0.935955|0.962618|0.905513|0.962381|0.90334|0.904615|0.969366|0.96879|0.91902|0.940435|0.907225,4.23825|1.22677|0.174573|0.236811|1.33288|0.227076|3.84921|2.66112|1.56914|0.282451|3.8173|6.20899|0.917544|2.87572|0.302176|4.65403,79.8117|88.6198|13.2112|86.2435|67.4197|23.5709|31.5608|18.7034|63.8366|42.5138|72.2829|59.8148|55.4093|99.595|65.9961,0.217184|0.211866|0.160355|0.202115|0.229759|0.161556|0.174651|0.165537|0.183529|0.231617|0.202821|0.171695|0.205609|0.187871|0.161606,0.641344|0.611032|0.66376|0.329678|0.780444|0.803928|0.466681|0.688121|0.671641|0.681145|0.90576|0.566426|0.120763|0.969103|0.752732,0.935004,0.828035,0.00860061,0.625358,0.653224,0.50567,0.0737287,0.531077,0.0227058,0.913816,20.837,4.14754e-11,47595,0.929259,14.6973,1.66086e-11,23039,0.936476,0.823991,0.0110375,0.713123,0.0635319,0.472453,0.247421,0.530969,0.256238,0.858698,57.5243,1.23991e-10,22329,0.93039,18.7738,4.49782e-10,67358
8,108,n1->n11->n12->n13->n14->n24->n25->n15->n5->n6->n16->n17->n7->n8->n9->n10,1.39914e+12|6.74446e+13|1.02421e+11|6.15644e+13|1.73585e+11|7.40688e+10|2.92866e+12|5.83171e+09|9.47619e+11|1.3295e+10|5.96789e+12|1.02005e+09|1.67497e+12|2.97761e+13|1.77255e+13|4.52738e+13,1.77398e+11|6.67907e+13|1.31721e+10|1.20015e+13|2.66204e+10|4.11162e+10|1.91072e+12|9.6845e+08|5.02465e+11|3.05195e+09|5.01145e+12|3.1363e+08|1.7716e+11|3.75649e+12|1.12087e+13|1.1265e+13,1.95975e-05|0.000704058|0.000151799|1.91329e-05|0.000296239|0.000277508|2.30183e-05|1.34777e-05|2.16719e-05|0.000791651|0.000379753|3.38246e-05|0.000138816|0.000533313|2.11883e-05|5.27173e-05,0.00010992|0.00551474|0.00251821|0.00010256|0.000130641|0.00122802|0.0010803|0.000170048|0.00291743|0.00210098|0.0016797|0.000148753|0.00414359|0.000989963|0.0022225|0.00330392,0.0181682|0.013944|0.0201998|0.0428446|0.0274855|0.0388837|0.0330416|0.0488947|0.0474863|0.0394512|0.0406616|0.0423098|0.0305222|0.0214324|0.0428419|0.0131986,0.0319791|0.0483324|0.0203015|0.0431604|0.0191396|0.00538224|0.011185|0.0139893|0.0371588|0.0484347|0.0202115|0.000397484|0.0147697|0.0250331|0.0409884|0.0417374,0.949547|0.98815|0.954465|0.909054|0.94417|0.91123|0.949108|0.929167|0.974548|0.921987|0.981652|0.969366|0.96879|0.91902|0.940435|0.907225,4.23825|3.35756|0.174573|0.95656|2.66883|4.13113|4.01147|0.798633|4.40271|2.02122|5.01724|6.20899|0.917544|2.87572|0.302176|4.65403,30.2686|24.4191|13.9548|56.34|66.6304|18.2346|54.7186|35.0583|37.2729|50.0569|32.2763|59.8148|55.4093|99.595|65.9961,0.172886|0.215492|0.198327|0.185456|0.242617|0.19579|0.249041|0.178893|0.205536|0.218247|0.20903|0.171695|0.205609|0.187871|0.161606,0.273933|0.537123|0.649751|0.544934|0.478901|0.160123|0.656917|0.280873|0.626255|0.340289|0.132326|0.566426|0.120763|0.969103|0.752732,0.935004,0.828035,0.00860061,0.625358,0.653224,0.50567,0.0737287,0.531077,0.0227058,0.913816,20.837,4.14754e-11,47595,0.929259,14.6973,1.66086e-11,23039,0.936476,0.823991,0.0110375,0.713123,0.0635319,0.472453,0.247421,0.530969,0.256238,0.858698,57.5243,1.23991e-10,22329,0.93039,18.7738,4.49782e-10,67358
8,109,n1->n11->n21->n31->n32->n33->n34->n35->n36->n37->n27->n17->n7->n8->n9->n10,1.39914e+12|6.74446e+13|2.10865e+12|3.52863e+13|1.76915e+13|8.37382e+09|1.8639e+10|3.91386e+11|1.0066e+09|1.02825e+10|9.07677e+09|1.02005e+09|1.67497e+12|2.97761e+13|1.77255e+13|4.52738e+13,1.77398e+11|6.67907e+13|1.65286e+12|1.10607e+13|1.80488e+12|3.65063e+09|9.30281e+09|1.2386e+11|6.15185e+08|2.34302e+09|3.68247e+09|3.1363e+08|1.7716e+11|3.75649e+12|1.12087e+13|1.1265e+13,1.95975e-05|0.000704058|0.000474297|8.13083e-05|2.19175e-05|2.63111e-05|5.25754e-05|2.02429e-05|2.14951e-05|0.000453739|1.08468e-05|3.38246e-05|0.000138816|0.000533313|2.11883e-05|5.27173e-05,0.00010992|0.00551474|0.000184711|0.00107235|0.000875173|0.00127695|0.000207299|0.00100279|0.00707672|0.00529557|0.000374531|0.000148753|0.00414359|0.000989963|0.0022225|0.00330392,0.0181682|0.013944|0.047834|0.0397077|0.042527|0.0417406|0.00528839|0.00299689|0.00219889|0.00876427|0.00290834|0.0423098|0.0305222|0.0214324|0.0428419|0.0131986,0.0319791|0.0483324|0.0445871|0.0112236|0.0482558|0.019491|0.00475267|0.0462929|0.0410394|0.0176724|0.0201829|0.000397484|0.0147697|0.0250331|0.0409884|0.0417374,0.949547|0.98815|0.930488|0.967441|0.956513|0.935955|0.962618|0.905513|0.962381|0.922562|0.904615|0.969366|0.96879|0.91902|0.940435|0.907225,4.23825|3.35756|0.126822|4.4659|1.33288|0.227076|3.84921|2.66112|1.56914|0.770588|3.8173|6.20899|0.917544|2.87572|0.302176|4.65403,30.2686|65.1286|89.2299|63.0993|67.4197|23.5709|31.5608|18.7034|29.3504|44.8869|72.2829|59.8148|55.4093|99.595|65.9961,0.172886|0.170031|0.182578|0.192934|0.229759|0.161556|0.174651|0.165537|0.241582|0.249414|0.202821|0.171695|0.205609|0.187871|0.161606,0.273933|0.806267|0.875943|0.147013|0.780444|0.803928|0.466681|0.688121|0.774487|0.672733|0.90576|0.566426|0.120763|0.969103|0.752732,0.935004,0.828035,0.00860061,0.625358,0.653224,0.50567,0.0737287,0.531077,0.0227058,0.913816,20.837,4.14754e-11,47595,0.929259,14.6973,1.66086e-11,23039,0.936476,0.823991,0.0110375,0.713123,0.0635319,0.472453,0.247421,0.530969,0.256238,0.858698,57.5243,1.23991e-10,22329,0.93039,18.7738,4.49782e-10,67358
8,110,n1->n11->n12->n22->n32->n33->n34->n24->n25->n26->n16->n6->n7->n8->n9->n10,1.39914e+12|6.74446e+13|1.02421e+11|1.04684e+12|1.76915e+13|8.37382e+09|1.8639e+10|7.40688e+10|2.92866e+12|1.18099e+10|5.96789e+12|1.3295e+10|1.67497e+12|2.97761e+13|1.77255e+13|4.52738e+13,1.77398e+11|6.67907e+13|1.31721e+10|2.87275e+11|1.80488e+12|3.65063e+09|9.30281e+09|4.11162e+10|1.91072e+12|2.80421e+09|5.01145e+12|3.05195e+09|1.7716e+11|3.75649e+12|1.12087e+13|1.1265e+13,1.95975e-05|0.000704058|0.000151799|0.000315597|2.19175e-05|2.63111e-05|5.25754e-05|0.000277508|2.30183e-05|2.70818e-05|0.000379753|0.000791651|0.000138816|0.000533313|2.11883e-05|5.27173e-05,0.00010992|0.00551474|0.00251821|0.00111995|0.000875173|0.00127695|0.000207299|0.00122802|0.0010803|0.00639567|0.0016797|0.00210098|0.00414359|0.000989963|0.0022225|0.00330392,0.0181682|0.013944|0.0201998|0.00382452|0.042527|0.0417406|0.00528839|0.0388837|0.0330416|0.0118399|0.0406616|0.0394512|0.0305222|0.0214324|0.0428419|0.0131986,0.0319791|0.0483324|0.0203015|0.0122344|0.0482558|0.019491|0.00475267|0.00538224|0.011185|0.00604173|0.0202115|0.0484347|0.0147697|0.0250331|0.0409884|0.0417374,0.949547|0.98815|0.954465|0.98384|0.956513|0.935955|0.962618|0.91123|0.949108|0.90334|0.981652|0.921987|0.96879|0.91902|0.940435|0.907225,4.23825|3.35756|0.174573|0.236811|1.33288|0.227076|3.84921|4.13113|4.01147|0.282451|5.01724|2.02122|0.917544|2.87572|0.302176|4.65403,30.2686|24.4191|13.2112|86.2435|67.4197|23.5709|58.7029|18.2346|55.6995|11.0615|50.0569|32.9383|55.4093|99.595|65.9961,0.172886|0.215492|0.160355|0.202115|0.229759|0.161556|0.203558|0.19579|0.177728|0.236306|0.218247|0.230383|0.205609|0.187871|0.161606,0.273933|0.537123|0.66376|0.329678|0.780444|0.803928|0.490403|0.160123|0.90653|0.175425|0.340289|0.704667|0.120763|0.969103|0.752732,0.935004,0.828035,0.00860061,0.625358,0.653224,0.50567,0.0737287,0.531077,0.0227058,0.913816,20.837,4.14754e-11,47595,0.929259,14.6973,1.66086e-11,23039,0.936476,0.823991,0.0110375,0.713123,0.0635319,0.472453,0.247421,0.530969,0.256238,0.858698,57.5243,1.23991e-10,22329,0.93039,18.7738,4.49782e-10,67358
8,111,n1->n2->n3->n4->n5->n6->n16->n26->n27->n17->n7->n8->n18->n19->n9->n10,1.39914e+12|2.9277e+11|2.83016e+12|5.18924e+13|9.47619e+11|1.3295e+10|5.96789e+12|1.18099e+10|9.07677e+09|1.02005e+09|1.67497e+12|2.97761e+13|2.57098e+11|3.10599e+10|1.77255e+13|4.52738e+13,1.77398e+11|8.93832e+10|6.97984e+11|2.57057e+13|5.02465e+11|3.05195e+09|5.01145e+12|2.80421e+09|3.68247e+09|3.1363e+08|1.7716e+11|3.75649e+12|6.04421e+10|7.39528e+09|1.12087e+13|1.1265e+13,1.95975e-05|2.30528e-05|2.3201e-05|0.000184583|2.16719e-05|0.000791651|0.000379753|2.70818e-05|1.08468e-05|3.38246e-05|0.000138816|0.000533313|0.000162804|0.000969765|2.11883e-05|5.27173e-05,0.00010992|0.000491852|0.00771915|0.000294331|0.00291743|0.00210098|0.0016797|0.00639567|0.000374531|0.000148753|0.00414359|0.000989963|0.00406814|0.000225136|0.0022225|0.00330392,0.0181682|0.0363562|0.0253399|0.00258778|0.0474863|0.0394512|0.0406616|0.0118399|0.00290834|0.0423098|0.0305222|0.0214324|0.0120126|0.00384841|0.0428419|0.0131986,0.0319791|0.0270472|0.0264018|0.0218892|0.0371588|0.0484347|0.0202115|0.00604173|0.0201829|0.000397484|0.0147697|0.0250331|0.0125351|0.0294878|0.0409884|0.0417374,0.949547|0.950284|0.99323|0.900966|0.974548|0.921987|0.981652|0.90334|0.904615|0.969366|0.96879|0.91902|0.957682|0.902305|0.940435|0.907225,4.23825|1.22677|2.3022|0.446122|4.40271|2.02122|5.01724|0.282451|3.8173|6.20899|0.917544|2.87572|5.90544|1.1337|0.302176|4.65403,79.8117|37.015|10.4739|81.7362|37.2729|50.0569|11.0615|42.5138|72.2829|59.8148|55.4093|81.3396|28.0546|99.0064|65.9961,0.217184|0.221489|0.218201|0.241023|0.205536|0.218247|0.236306|0.231617|0.202821|0.171695|0.205609|0.202434|0.231107|0.175436|0.161606,0.641344|0.940196|0.49652|0.824452|0.626255|0.340289|0.175425|0.681145|0.90576|0.566426|0.120763|0.175208|0.277869|0.269031|0.752732,0.935004,0.828035,0.00860061,0.625358,0.653224,0.50567,0.0737287,0.531077,0.0227058,0.913816,20.837,4.14754e-11,47595,0.929259,14.6973,1.66086e-11,23039,0.936476,0.823991,0.0110375,0.713123,0.0635319,0.472453,0.247421,0.530969,0.256238,0.858698,57.5243,1.23991e-10,22329,0.93039,18.7738,4.49782e-10,67358
8,112,n1->n2->n12->n13->n3->n4->n5->n15->n16->n17->n7->n8->n18->n19->n9->n10,1.39914e+12|2.9277e+11|1.02421e+11|6.15644e+13|2.83016e+12|5.18924e+13|9.47619e+11|5.83171e+09|5.96789e+12|1.02005e+09|1.67497e+12|2.97761e+13|2.57098e+11|3.10599e+10|1.77255e+13|4.52738e+13,1.77398e+11|8.93832e+10|1.31721e+10|1.20015e+13|6.97984e+11|2.57057e+13|5.02465e+11|9.6845e+08|5.01145e+12|3.1363e+08|1.7716e+11|3.75649e+12|6.04421e+10|7.39528e+09|1.12087e+13|1.1265e+13,1.95975e-05|2.30528e-05|0.000151799|1.91329e-05|2.3201e-05|0.000184583|2.16719e-05|1.34777e-05|0.000379753|3.38246e-05|0.000138816|0.000533313|0.000162804|0.000969765|2.11883e-05|5.27173e-05,0.00010992|0.000491852|0.00251821|0.00010256|0.00771915|0.000294331|0.00291743|0.000170048|0.0016797|0.000148753|0.00414359|0.000989963|0.00406814|0.000225136|0.0022225|0.00330392,0.0181682|0.0363562|0.0201998|0.0428446|0.0253399|0.00258778|0.0474863|0.0488947|0.0406616|0.0423098|0.0305222|0.0214324|0.0120126|0.00384841|0.0428419|0.0131986,0.0319791|0.0270472|0.0203015|0.0431604|0.0264018|0.0218892|0.0371588|0.0139893|0.0202115|0.000397484|0.0147697|0.0250331|0.0125351|0.0294878|0.0409884|0.0417374,0.949547|0.950284|0.954465|0.909054|0.99323|0.900966|0.974548|0.929167|0.981652|0.969366|0.96879|0.91902|0.957682|0.902305|0.940435|0.907225,4.23825|1.22677|0.174573|0.95656|2.3022|0.446122|4.40271|0.798633|5.01724|6.20899|0.917544|2.87572|5.90544|1.1337|0.302176|4.65403,79.8117|88.6198|13.9548|83.9106|10.4739|81.7362|35.0583|56.2706|32.2763|59.8148|55.4093|81.3396|28.0546|99.0064|65.9961,0.217184|0.211866|0.198327|0.164875|0.218201|0.241023|0.178893|0.18736|0.20903|0.171695|0.205609|0.202434|0.231107|0.175436|0.161606,0.641344|0.611032|0.649751|0.456853|0.49652|0.824452|0.280873|0.442932|0.132326|0.566426|0.120763|0.175208|0.277869|0.269031|0.752732,0.935004,0.828035,0.00860061,0.625358,0.653224,0.50567,0.0737287,0.531077,0.0227058,0.913816,20.837,4.14754e-11,47595,0.929259,14.6973,1.66086e-11,23039,0.936476,0.823991,0.0110375,0.713123,0.0635319,0.472453,0.247421,0.530969,0.256238,0.858698,57.5243,1.23991e-10,22329,0.93039,18.7738,4.49782e-10,67358
8,113,n1->n11->n12->n22->n23->n24->n25->n26->n27->n37->n38->n39->n29->n30->n20->n10,1.39914e+12|6.74446e+13|1.02421e+11|1.04684e+12|4.82335e+12|7.40688e+10|2.92866e+12|1.18099e+10|9.07677e+09|1.02825e+10|1.70705e+12|7.47639e+11|3.58484e+10|9.94883e+10|1.29136e+12|4.52738e+13,1.77398e+11|6.67907e+13|1.31721e+10|2.87275e+11|9.44696e+11|4.11162e+10|1.91072e+12|2.80421e+09|3.68247e+09|2.34302e+09|3.78545e+11|2.38503e+11|8.63035e+09|7.62123e+10|5.89601e+11|1.1265e+13,1.95975e-05|0.000704058|0.000151799|0.000315597|8.04044e-05|0.000277508|2.30183e-05|2.70818e-05|1.08468e-05|0.000453739|2.82337e-05|1.04996e-05|0.000181638|0.000436038|0.000104918|5.27173e-05,0.00010992|0.00551474|0.00251821|0.00111995|0.00115348|0.00122802|0.0010803|0.00639567|0.000374531|0.00529557|0.00539505|0.00624201|0.000129111|0.00666947|0.000585458|0.00330392,0.0181682|0.013944|0.0201998|0.00382452|0.0125041|0.0388837|0.0330416|0.0118399|0.00290834|0.00876427|0.0374159|0.0271945|0.0483468|0.0266891|0.0288099|0.0131986,0.0319791|0.0483324|0.0203015|0.0122344|0.032598|0.00538224|0.011185|0.00604173|0.0201829|0.0176724|0.0386881|0.0412577|0.00872405|0.0224373|0.0321693|0.0417374,0.949547|0.98815|0.954465|0.98384|0.965877|0.91123|0.949108|0.90334|0.904615|0.922562|0.903724|0.962274|0.902534|0.936657|0.976331|0.907225,4.23825|3.35756|0.174573|0.236811|0.534444|4.13113|4.01147|0.282451|3.8173|0.770588|5.74993|5.00577|0.0334453|0.291653|4.981|4.65403,30.2686|24.4191|13.2112|55.8812|67.5745|18.2346|55.6995|42.5138|44.8869|37.0378|69.5993|44.1502|83.4704|23.9015|29.3778,0.172886|0.215492|0.160355|0.19455|0.181224|0.19579|0.177728|0.231617|0.249414|0.240649|0.169851|0.190974|0.24104|0.24759|0.198143,0.273933|0.537123|0.66376|0.279654|0.615936|0.160123|0.90653|0.681145|0.672733|0.490286|0.558345|0.726408|0.881928|0.695631|0.337655,0.935004,0.828035,0.00860061,0.625358,0.653224,0.50567,0.0737287,0.531077,0.0227058,0.913816,20.837,4.14754e-11,47595,0.929259,14.6973,1.66086e-11,23039,0.936476,0.823991,0.0110375,0.713123,0.0635319,0.472453,0.247421,0.530969,0.256238,0.858698,57.5243,1.23991e-10,22329,0.93039,18.7738,4.49782e-10,67358
8,114,n1->n2->n12->n11->n21->n22->n23->n13->n14->n15->n5->n6->n7->n8->n9->n10,1.39914e+12|2.9277e+11|1.02421e+11|6.74446e+13|2.10865e+12|1.04684e+12|4.82335e+12|6.15644e+13|1.73585e+11|5.83171e+09|9.47619e+11|1.3295e+10|1.67497e+12|2.97761e+13|1.77255e+13|4.52738e+13,1.77398e+11|8.93832e+10|1.31721e+10|6.67907e+13|1.65286e+12|2.87275e+11|9.44696e+11|1.20015e+13|2.66204e+10|9.6845e+08|5.02465e+11|3.05195e+09|1.7716e+11|3.75649e+12|1.12087e+13|1.1265e+13,1.95975e-05|2.30528e-05|0.000151799|0.000704058|0.000474297|0.000315597|8.04044e-05|1.91329e-05|0.000296239|1.34777e-05|2.16719e-05|0.000791651|0.000138816|0.000533313|2.11883e-05|5.27173e-05,0.00010992|0.000491852|0.00251821|0.00551474|0.000184711|0.00111995|0.00115348|0.00010256|0.000130641|0.000170048|0.00291743|0.00210098|0.00414359|0.000989963|0.0022225|0.00330392,0.0181682|0.0363562|0.0201998|0.013944|0.047834|0.00382452|0.0125041|0.0428446|0.0274855|0.0488947|0.0474863|0.0394512|0.0305222|0.0214324|0.0428419|0.0131986,0.0319791|0.0270472|0.0203015|0.0483324|0.0445871|0.0122344|0.032598|0.0431604|0.0191396|0.0139893|0.0371588|0.0484347|0.0147697|0.0250331|0.0409884|0.0417374,0.949547|0.950284|0.954465|0.98815|0.930488|0.98384|0.965877|0.909054|0.94417|0.929167|0.974548|0.921987|0.96879|0.91902|0.940435|0.907225,4.23825|1.22677|0.174573|3.35756|0.126822|0.236811|0.534444|0.95656|2.66883|0.798633|4.40271|2.02122|0.917544|2.87572|0.302176|4.65403,79.8117|88.6198|24.4191|65.1286|34.0839|55.8812|51.9585|56.34|92.5451|35.0583|37.2729|32.9383|55.4093|99.595|65.9961,0.217184|0.211866|0.215492|0.170031|0.161458|0.19455|0.186795|0.185456|0.180776|0.178893|0.205536|0.230383|0.205609|0.187871|0.161606,0.641344|0.611032|0.537123|0.806267|0.734507|0.279654|0.996635|0.544934|0.921574|0.280873|0.626255|0.704667|0.120763|0.969103|0.752732,0.935004,0.828035,0.00860061,0.625358,0.653224,0.50567,0.0737287,0.531077,0.0227058,0.913816,20.837,4.14754e-11,47595,0.929259,14.6973,1.66086e-11,23039,0.936476,0.823991,0.0110375,0.713123,0.0635319,0.472453,0.247421,0.530969,0.256238,0.858698,57.5243,1.23991e-10,22329,0.93039,18.7738,4.49782e-10,67358
8,115,n1->n11->n12->n13->n14->n24->n34->n35->n36->n37->n38->n28->n29->n30->n20->n10,1.39914e+12|6.74446e+13|1.02421e+11|6.15644e+13|1.73585e+11|7.40688e+10|1.8639e+10|3.91386e+11|1.0066e+09|1.02825e+10|1.70705e+12|2.76771e+12|3.58484e+10|9.94883e+10|1.29136e+12|4.52738e+13,1.77398e+11|6.67907e+13|1.31721e+10|1.20015e+13|2.66204e+10|4.11162e+10|9.30281e+09|1.2386e+11|6.15185e+08|2.34302e+09|3.78545e+11|1.49094e+12|8.63035e+09|7.62123e+10|5.89601e+11|1.1265e+13,1.95975e-05|0.000704058|0.000151799|1.91329e-05|0.000296239|0.000277508|5.25754e-05|2.02429e-05|2.14951e-05|0.000453739|2.82337e-05|2.80987e-05|0.000181638|0.000436038|0.000104918|5.27173e-05,0.00010992|0.00551474|0.00251821|0.00010256|0.000130641|0.00122802|0.000207299|0.00100279|0.00707672|0.00529557|0.00539505|0.00545758|0.000129111|0.00666947|0.000585458|0.00330392,0.0181682|0.013944|0.0201998|0.0428446|0.0274855|0.0388837|0.00528839|0.00299689|0.00219889|0.00876427|0.0374159|0.0345144|0.0483468|0.0266891|0.0288099|0.0131986,0.0319791|0.0483324|0.0203015|0.0431604|0.0191396|0.00538224|0.00475267|0.0462929|0.0410394|0.0176724|0.0386881|0.00283251|0.00872405|0.0224373|0.0321693|0.0417374,0.949547|0.98815|0.954465|0.909054|0.94417|0.91123|0.962618|0.905513|0.962381|0.922562|0.903724|0.941873|0.902534|0.936657|0.976331|0.907225,4.23825|3.35756|0.174573|0.95656|2.66883|4.13113|3.84921|2.66112|1.56914|0.770588|5.74993|4.82396|0.0334453|0.291653|4.981|4.65403,30.2686|24.4191|13.9548|56.34|66.6304|58.7029|31.5608|18.7034|29.3504|37.0378|23.518|39.0733|83.4704|23.9015|29.3778,0.172886|0.215492|0.198327|0.185456|0.242617|0.203558|0.174651|0.165537|0.241582|0.240649|0.245508|0.18279|0.24104|0.24759|0.198143,0.273933|0.537123|0.649751|0.544934|0.478901|0.490403|0.466681|0.688121|0.774487|0.490286|0.494853|0.505031|0.881928|0.695631|0.337655,0.935004,0.828035,0.00860061,0.625358,0.653224,0.50567,0.0737287,0.531077,0.0227058,0.913816,20.837,4.14754e-11,47595,0.929259,14.6973,1.66086e-11,23039,0.936476,0.823991,0.0110375,0.713123,0.0635319,0.472453,0.247421,0.530969,0.256238,0.858698,57.5243,1.23991e-10,22329,0.93039,18.7738,4.49782e-10,67358
8,116,n1->n2->n12->n22->n23->n24->n25->n35->n36->n37->n38->n39->n29->n30->n20->n10,1.39914e+12|2.9277e+11|1.02421e+11|1.04684e+12|4.82335e+12|7.40688e+10|2.92866e+12|3.91386e+11|1.0066e+09|1.02825e+10|1.70705e+12|7.47639e+11|3.58484e+10|9.94883e+10|1.29136e+12|4.52738e+13,1.77398e+11|8.93832e+10|1.31721e+10|2.87275e+11|9.44696e+11|4.11162e+10|1.91072e+12|1.2386e+11|6.15185e+08|2.34302e+09|3.78545e+11|2.38503e+11|8.63035e+09|7.62123e+10|5.89601e+11|1.1265e+13,1.95975e-05|2.30528e-05|0.000151799|0.000315597|8.04044e-05|0.000277508|2.30183e-05|2.02429e-05|2.14951e-05|0.000453739|2.82337e-05|1.04996e-05|0.000181638|0.000436038|0.000104918|5.27173e-05,0.00010992|0.000491852|0.00251821|0.00111995|0.00115348|0.00122802|0.0010803|0.00100279|0.00707672|0.00529557|0.00539505|0.00624201|0.000129111|0.00666947|0.000585458|0.00330392,0.0181682|0.0363562|0.0201998|0.00382452|0.0125041|0.0388837|0.0330416|0.00299689|0.00219889|0.00876427|0.0374159|0.0271945|0.0483468|0.0266891|0.0288099|0.0131986,0.0319791|0.0270472|0.0203015|0.0122344|0.032598|0.00538224|0.011185|0.0462929|0.0410394|0.0176724|0.0386881|0.0412577|0.00872405|0.0224373|0.0321693|0.0417374,0.949547|0.950284|0.954465|0.98384|0.965877|0.91123|0.949108|0.905513|0.962381|0.922562|0.903724|0.962274|0.902534|0.936657|0.976331|0.907225,4.23825|1.22677|0.174573|0.236811|0.534444|4.13113|4.01147|2.66112|1.56914|0.770588|5.74993|5.00577|0.0334453|0.291653|4.981|4.65403,79.8117|88.6198|13.2112|55.8812|67.5745|18.2346|88.4205|18.7034|29.3504|37.0378|69.5993|44.1502|83.4704|23.9015|29.3778,0.217184|0.211866|0.160355|0.19455|0.181224|0.19579|0.247673|0.165537|0.241582|0.240649|0.169851|0.190974|0.24104|0.24759|0.198143,0.641344|0.611032|0.66376|0.279654|0.615936|0.160123|0.146572|0.688121|0.774487|0.490286|0.558345|0.726408|0.881928|0.695631|0.337655,0.935004,0.828035,0.00860061,0.625358,0.653224,0.50567,0.0737287,0.531077,0.0227058,0.913816,20.837,4.14754e-11,47595,0.929259,14.6973,1.66086e-11,23039,0.936476,0.823991,0.0110375,0.713123,0.0635319,0.472453,0.247421,0.530969,0.256238,0.858698,57.5243,1.23991e-10,22329,0.93039,18.7738,4.49782e-10,67358
8,117,n1->n2->n3->n4->n14->n15->n5->n6->n7->n8->n18->n28->n29->n30->n20->n10,1.39914e+12|2.9277e+11|2.83016e+12|5.18924e+13|1.73585e+11|5.83171e+09|9.47619e+11|1.3295e+10|1.67497e+12|2.97761e+13|2.57098e+11|2.76771e+12|3.58484e+10|9.94883e+10|1.29136e+12|4.52738e+13,1.77398e+11|8.93832e+10|6.97984e+11|2.57057e+13|2.66204e+10|9.6845e+08|5.02465e+11|3.05195e+09|1.7716e+11|3.75649e+12|6.04421e+10|1.49094e+12|8.63035e+09|7.62123e+10|5.89601e+11|1.1265e+13,1.95975e-05|2.30528e-05|2.3201e-05|0.000184583|0.000296239|1.34777e-05|2.16719e-05|0.000791651|0.000138816|0.000533313|0.000162804|2.80987e-05|0.000181638|0.000436038|0.000104918|5.27173e-05,0.00010992|0.000491852|0.00771915|0.000294331|0.000130641|0.000170048|0.00291743|0.00210098|0.00414359|0.000989963|0.00406814|0.00545758|0.000129111|0.00666947|0.000585458|0.00330392,0.0181682|0.0363562|0.0253399|0.00258778|0.0274855|0.0488947|0.0474863|0.0394512|0.0305222|0.0214324|0.0120126|0.0345144|0.0483468|0.0266891|0.0288099|0.0131986,0.0319791|0.0270472|0.0264018|0.0218892|0.0191396|0.0139893|0.0371588|0.0484347|0.0147697|0.0250331|0.0125351|0.00283251|0.00872405|0.0224373|0.0321693|0.0417374,0.949547|0.950284|0.99323|0.900966|0.94417|0.929167|0.974548|0.921987|0.96879|0.91902|0.957682|0.941873|0.902534|0.936657|0.976331|0.907225,4.23825|1.22677|2.3022|0.446122|2.66883|0.798633|4.40271|2.02122|0.917544|2.87572|5.90544|4.82396|0.0334453|0.291653|4.981|4.65403,79.8117|37.015|10.4739|52.1141|92.5451|35.0583|37.2729|32.9383|55.4093|81.3396|43.2583|39.0733|83.4704|23.9015|29.3778,0.217184|0.221489|0.218201|0.243468|0.180776|0.178893|0.205536|0.230383|0.205609|0.202434|0.193487|0.18279|0.24104|0.24759|0.198143,0.641344|0.940196|0.49652|0.237548|0.921574|0.280873|0.626255|0.704667|0.120763|0.175208|0.802216|0.505031|0.881928|0.695631|0.337655,0.935004,0.828035,0.00860061,0.625358,0.653224,0.50567,0.0737287,0.531077,0.0227058,0.913816,20.837,4.14754e-11,47595,0.929259,14.6973,1.66086e-11,23039,0.936476,0.823991,0.0110375,0.713123,0.0635319,0.472453,0.247421,0.530969,0.256238,0.858698,57.5243,1.23991e-10,22329,0.93039,18.7738,4.49782e-10,67358
8,118,n1->n11->n21->n31->n32->n22->n23->n24->n25->n15->n5->n6->n7->n8->n9->n10,1.39914e+12|6.74446e+13|2.10865e+12|3.52863e+13|1.76915e+13|1.04684e+12|4.82335e+12|7.40688e+10|2.92866e+12|5.83171e+09|9.47619e+11|1.3295e+10|1.67497e+12|2.97761e+13|1.77255e+13|4.52738e+13,1.77398e+11|6.67907e+13|1.65286e+12|1.10607e+13|1.80488e+12|2.87275e+11|9.44696e+11|4.11162e+10|1.91072e+12|9.6845e+08|5.02465e+11|3.05195e+09|1.7716e+11|3.75649e+12|1.12087e+13|1.1265e+13,1.95975e-05|0.000704058|0.000474297|8.13083e-05|2.19175e-05|0.000315597|8.04044e-05|0.000277508|2.30183e-05|1.34777e-05|2.16719e-05|0.000791651|0.000138816|0.000533313|2.11883e-05|5.27173e-05,0.00010992|0.00551474|0.000184711|0.00107235|0.000875173|0.00111995|0.00115348|0.00122802|0.0010803|0.000170048|0.00291743|0.00210098|0.00414359|0.000989963|0.0022225|0.00330392,0.0181682|0.013944|0.047834|0.0397077|0.042527|0.00382452|0.0125041|0.0388837|0.0330416|0.0488947|0.0474863|0.0394512|0.0305222|0.0214324|0.0428419|0.0131986,0.0319791|0.0483324|0.0445871|0.0112236|0.0482558|0.0122344|0.032598|0.00538224|0.011185|0.0139893|0.0371588|0.0484347|0.0147697|0.0250331|0.0409884|0.0417374,0.949547|0.98815|0.930488|0.967441|0.956513|0.98384|0.965877|0.91123|0.949108|0.929167|0.974548|0.921987|0.96879|0.91902|0.940435|0.907225,4.23825|3.35756|0.126822|4.4659|1.33288|0.236811|0.534444|4.13113|4.01147|0.798633|4.40271|2.02122|0.917544|2.87572|0.302176|4.65403,30.2686|65.1286|89.2299|63.0993|86.2435|55.8812|67.5745|18.2346|54.7186|35.0583|37.2729|32.9383|55.4093|99.595|65.9961,0.172886|0.170031|0.182578|0.192934|0.202115|0.19455|0.181224|0.19579|0.249041|0.178893|0.205536|0.230383|0.205609|0.187871|0.161606,0.273933|0.806267|0.875943|0.147013|0.329678|0.279654|0.615936|0.160123|0.656917|0.280873|0.626255|0.704667|0.120763|0.969103|0.752732,0.935004,0.828035,0.00860061,0.625358,0.653224,0.50567,0.0737287,0.531077,0.0227058,0.913816,20.837,4.14754e-11,47595,0.929259,14.6973,1.66086e-11,23039,0.936476,0.823991,0.0110375,0.713123,0.0635319,0.472453,0.247421,0.530969,0.256238,0.858698,57.5243,1.23991e-10,22329,0.93039,18.7738,4.49782e-10,67358
8,119,n1->n11->n21->n22->n32->n33->n23->n24->n14->n4->n5->n6->n7->n8->n9->n10,1.39914e+12|6.74446e+13|2.10865e+12|1.04684e+12|1.76915e+13|8.37382e+09|4.82335e+12|7.40688e+10|1.73585e+11|5.18924e+13|9.47619e+11|1.3295e+10|1.67497e+12|2.97761e+13|1.77255e+13|4.52738e+13,1.77398e+11|6.67907e+13|1.65286e+12|2.87275e+11|1.80488e+12|3.65063e+09|9.44696e+11|4.11162e+10|2.66204e+10|2.57057e+13|5.02465e+11|3.05195e+09|1.7716e+11|3.75649e+12|1.12087e+13|1.1265e+13,1.95975e-05|0.000704058|0.000474297|0.000315597|2.19175e-05|2.63111e-05|8.04044e-05|0.000277508|0.000296239|0.000184583|2.16719e-05|0.000791651|0.000138816|0.000533313|2.11883e-05|5.27173e-05,0.00010992|0.00551474|0.000184711|0.00111995|0.000875173|0.00127695|0.00115348|0.00122802|0.000130641|0.000294331|0.00291743|0.00210098|0.00414359|0.000989963|0.0022225|0.00330392,0.0181682|0.013944|0.047834|0.00382452|0.042527|0.0417406|0.0125041|0.0388837|0.0274855|0.00258778|0.0474863|0.0394512|0.0305222|0.0214324|0.0428419|0.0131986,0.0319791|0.0483324|0.0445871|0.0122344|0.0482558|0.019491|0.032598|0.00538224|0.0191396|0.0218892|0.0371588|0.0484347|0.0147697|0.0250331|0.0409884|0.0417374,0.949547|0.98815|0.930488|0.98384|0.956513|0.935955|0.965877|0.91123|0.94417|0.900966|0.974548|0.921987|0.96879|0.91902|0.940435|0.907225,4.23825|3.35756|0.126822|0.236811|1.33288|0.227076|0.534444|4.13113|2.66883|0.446122|4.40271|2.02122|0.917544|2.87572|0.302176|4.65403,30.2686|65.1286|34.0839|86.2435|67.4197|76.7594|67.5745|66.6304|52.1141|81.7362|37.2729|32.9383|55.4093|99.595|65.9961,0.172886|0.170031|0.161458|0.202115|0.229759|0.229061|0.181224|0.242617|0.243468|0.241023|0.205536|0.230383|0.205609|0.187871|0.161606,0.273933|0.806267|0.734507|0.329678|0.780444|0.851459|0.615936|0.478901|0.237548|0.824452|0.626255|0.704667|0.120763|0.969103|0.752732,0.935004,0.828035,0.00860061,0.625358,0.653224,0.50567,0.0737287,0.531077,0.0227058,0.913816,20.837,4.14754e-11,47595,0.929259,14.6973,1.66086e-11,23039,0.936476,0.823991,0.0110375,0.713123,0.0635319,0.472453,0.247421,0.530969,0.256238,0.858698,57.5243,1.23991e-10,22329,0.93039,18.7738,4.49782e-10,67358
8,120,n1->n11->n21->n22->n12->n13->n3->n4->n14->n15->n16->n6->n7->n8->n9->n10,1.39914e+12|6.74446e+13|2.10865e+12|1.04684e+12|1.02421e+11|6.15644e+13|2.83016e+12|5.18924e+13|1.73585e+11|5.83171e+09|5.96789e+12|1.3295e+10|1.67497e+12|2.97761e+13|1.77255e+13|4.52738e+13,1.77398e+11|6.67907e+13|1.65286e+12|2.87275e+11|1.31721e+10|1.20015e+13|6.97984e+11|2.57057e+13|2.66204e+10|9.6845e+08|5.01145e+12|3.05195e+09|1.7716e+11|3.75649e+12|1.12087e+13|1.1265e+13,1.95975e-05|0.000704058|0.000474297|0.000315597|0.000151799|1.91329e-05|2.3201e-05|0.000184583|0.000296239|1.34777e-05|0.000379753|0.000791651|0.000138816|0.000533313|2.11883e-05|5.27173e-05,0.00010992|0.00551474|0.000184711|0.00111995|0.00251821|0.00010256|0.00771915|0.000294331|0.000130641|0.000170048|0.0016797|0.00210098|0.00414359|0.000989963|0.0022225|0.00330392,0.0181682|0.013944|0.047834|0.00382452|0.0201998|0.0428446|0.0253399|0.00258778|0.0274855|0.0488947|0.0406616|0.0394512|0.0305222|0.0214324|0.0428419|0.0131986,0.0319791|0.0483324|0.0445871|0.0122344|0.0203015|0.0431604|0.0264018|0.0218892|0.0191396|0.0139893|0.0202115|0.0484347|0.0147697|0.0250331|0.0409884|0.0417374,0.949547|0.98815|0.930488|0.98384|0.954465|0.909054|0.99323|0.900966|0.94417|0.929167|0.981652|0.921987|0.96879|0.91902|0.940435|0.907225,4.23825|3.35756|0.126822|0.236811|0.174573|0.95656|2.3022|0.446122|2.66883|0.798633|5.01724|2.02122|0.917544|2.87572|0.302176|4.65403,30.2686|65.1286|34.0839|13.2112|13.9548|83.9106|10.4739|52.1141|92.5451|56.2706|50.0569|32.9383|55.4093|99.595|65.9961,0.172886|0.170031|0.161458|0.160355|0.198327|0.164875|0.218201|0.243468|0.180776|0.18736|0.218247|0.230383|0.205609|0.187871|0.161606,0.273933|0.806267|0.734507|0.66376|0.649751|0.456853|0.49652|0.237548|0.921574|0.442932|0.340289|0.704667|0.120763|0.969103|0.752732,0.935004,0.828035,0.00860061,0.625358,0.653224,0.50567,0.0737287,0.531077,0.0227058,0.913816,20.837,4.14754e-11,47595,0.929259,14.6973,1.66086e-11,23039,0.936476,0.823991,0.0110375,0.713123,0.0635319,0.472453,0.247421,0.530969,0.256238,0.858698,57.5243,1.23991e-10,22329,0.93039,18.7738,4.49782e-10,67358
8,121,n1->n2->n12->n11->n21->n31->n32->n22->n23->n24->n14->n15->n16->n6->n7->n8->n9->n10,1.39914e+12|2.9277e+11|1.02421e+11|6.74446e+13|2.10865e+12|3.52863e+13|1.76915e+13|1.04684e+12|4.82335e+12|7.40688e+10|1.73585e+11|5.83171e+09|5.96789e+12|1.3295e+10|1.67497e+12|2.97761e+13|1.77255e+13|4.52738e+13,1.77398e+11|8.93832e+10|1.31721e+10|6.67907e+13|1.65286e+12|1.10607e+13|1.80488e+12|2.87275e+11|9.44696e+11|4.11162e+10|2.66204e+10|9.6845e+08|5.01145e+12|3.05195e+09|1.7716e+11|3.75649e+12|1.12087e+13|1.1265e+13,1.95975e-05|2.30528e-05|0.000151799|0.000704058|0.000474297|8.13083e-05|2.19175e-05|0.000315597|8.04044e-05|0.000277508|0.000296239|1.34777e-05|0.000379753|0.000791651|0.000138816|0.000533313|2.11883e-05|5.27173e-05,0.00010992|0.000491852|0.00251821|0.00551474|0.000184711|0.00107235|0.000875173|0.00111995|0.00115348|0.00122802|0.000130641|0.000170048|0.0016797|0.00210098|0.00414359|0.000989963|0.0022225|0.00330392,0.0181682|0.0363562|0.0201998|0.013944|0.047834|0.0397077|0.042527|0.00382452|0.0125041|0.0388837|0.0274855|0.0488947|0.0406616|0.0394512|0.0305222|0.0214324|0.0428419|0.0131986,0.0319791|0.0270472|0.0203015|0.0483324|0.0445871|0.0112236|0.0482558|0.0122344|0.032598|0.00538224|0.0191396|0.0139893|0.0202115|0.0484347|0.0147697|0.0250331|0.0409884|0.0417374,0.949547|0.950284|0.954465|0.98815|0.930488|0.967441|0.956513|0.98384|0.965877|0.91123|0.94417|0.929167|0.981652|0.921987|0.96879|0.91902|0.940435|0.907225,4.23825|1.22677|0.174573|3.35756|0.126822|4.4659|1.33288|0.236811|0.534444|4.13113|2.66883|0.798633|5.01724|2.02122|0.917544|2.87572|0.302176|4.65403,79.8117|88.6198|24.4191|65.1286|89.2299|63.0993|86.2435|55.8812|67.5745|66.6304|92.5451|56.2706|50.0569|32.9383|55.4093|99.595|65.9961,0.217184|0.211866|0.215492|0.170031|0.182578|0.192934|0.202115|0.19455|0.181224|0.242617|0.180776|0.18736|0.218247|0.230383|0.205609|0.187871|0.161606,0.641344|0.611032|0.537123|0.806267|0.875943|0.147013|0.329678|0.279654|0.615936|0.478901|0.921574|0.442932|0.340289|0.704667|0.120763|0.969103|0.752732,0.935004,0.828035,0.00860061,0.625358,0.653224,0.50567,0.0737287,0.531077,0.0227058,0.913816,20.837,4.14754e-11,47595,0.929259,14.6973,1.66086e-11,23039,0.936476,0.823991,0.0110375,0.713123,0.0635319,0.472453,0.247421,0.530969,0.256238,0.858698,57.5243,1.23991e-10,22329,0.93039,18.7738,4.49782e-10,67358
8,122,n1->n2->n3->n4->n5->n6->n16->n17->n7->n8->n9->n19->n18->n28->n29->n30->n20->n10,1.39914e+12|2.9277e+11|2.83016e+12|5.18924e+13|9.47619e+11|1.3295e+10|5.96789e+12|1.02005e+09|1.67497e+12|2.97761e+13|1.77255e+13|3.10599e+10|2.57098e+11|2.76771e+12|3.58484e+10|9.94883e+10|1.29136e+12|4.52738e+13,1.77398e+11|8.93832e+10|6.97984e+11|2.57057e+13|5.02465e+11|3.05195e+09|5.01145e+12|3.1363e+08|1.7716e+11|3.75649e+12|1.12087e+13|7.39528e+09|6.04421e+10|1.49094e+12|8.63035e+09|7.62123e+10|5.89601e+11|1.1265e+13,1.95975e-05|2.30528e-05|2.3201e-05|0.000184583|2.16719e-05|0.000791651|0.000379753|3.38246e-05|0.000138816|0.000533313|2.11883e-05|0.000969765|0.000162804|2.80987e-05|0.000181638|0.000436038|0.000104918|5.27173e-05,0.00010992|0.000491852|0.00771915|0.000294331|0.00291743|0.00210098|0.0016797|0.000148753|0.00414359|0.000989963|0.0022225|0.000225136|0.00406814|0.00545758|0.000129111|0.00666947|0.000585458|0.00330392,0.0181682|0.0363562|0.0253399|0.00258778|0.0474863|0.0394512|0.0406616|0.0423098|0.0305222|0.0214324|0.0428419|0.00384841|0.0120126|0.0345144|0.0483468|0.0266891|0.0288099|0.0131986,0.0319791|0.0270472|0.0264018|0.0218892|0.0371588|0.0484347|0.0202115|0.000397484|0.0147697|0.0250331|0.0409884|0.0294878|0.0125351|0.00283251|0.00872405|0.0224373|0.0321693|0.0417374,0.949547|0.950284|0.99323|0.900966|0.974548|0.921987|0.981652|0.969366|0.96879|0.91902|0.940435|0.902305|0.957682|0.941873|0.902534|0.936657|0.976331|0.907225,4.23825|1.22677|2.3022|0.446122|4.40271|2.02122|5.01724|6.20899|0.917544|2.87572|0.302176|1.1337|5.90544|4.82396|0.0334453|0.291653|4.981|4.65403,79.8117|37.015|10.4739|81.7362|37.2729|50.0569|32.2763|59.8148|55.4093|99.595|99.0064|28.0546|43.2583|39.0733|83.4704|23.9015|29.3778,0.217184|0.221489|0.218201|0.241023|0.205536|0.218247|0.20903|0.171695|0.205609|0.187871|0.175436|0.231107|0.193487|0.18279|0.24104|0.24759|0.198143,0.641344|0.940196|0.49652|0.824452|0.626255|0.340289|0.132326|0.566426|0.120763|0.969103|0.269031|0.277869|0.802216|0.505031|0.881928|0.695631|0.337655,0.935004,0.828035,0.00860061,0.625358,0.653224,0.50567,0.0737287,0.531077,0.0227058,0.913816,20.837,4.14754e-11,47595,0.929259,14.6973,1.66086e-11,23039,0.936476,0.823991,0.0110375,0.713123,0.0635319,0.472453,0.247421,0.530969,0.256238,0.858698,57.5243,1.23991e-10,22329,0.93039,18.7738,4.49782e-10,67358
8,123,n1->n11->n12->n2->n3->n4->n14->n13->n23->n24->n25->n26->n16->n6->n7->n8->n9->n10,1.39914e+12|6.74446e+13|1.02421e+11|2.9277e+11|2.83016e+12|5.18924e+13|1.73585e+11|6.15644e+13|4.82335e+12|7.40688e+10|2.92866e+12|1.18099e+10|5.96789e+12|1.3295e+10|1.67497e+12|2.97761e+13|1.77255e+13|4.52738e+13,1.77398e+11|6.67907e+13|1.31721e+10|8.93832e+10|6.97984e+11|2.57057e+13|2.66204e+10|1.20015e+13|9.44696e+11|4.11162e+10|1.91072e+12|2.80421e+09|5.01145e+12|3.05195e+09|1.7716e+11|3.75649e+12|1.12087e+13|1.1265e+13,1.95975e-05|0.000704058|0.000151799|2.30528e-05|2.3201e-05|0.000184583|0.000296239|1.91329e-05|8.04044e-05|0.000277508|2.30183e-05|2.70818e-05|0.000379753|0.000791651|0.000138816|0.000533313|2.11883e-05|5.27173e-05,0.00010992|0.00551474|0.00251821|0.000491852|0.00771915|0.000294331|0.000130641|0.00010256|0.00115348|0.00122802|0.0010803|0.00639567|0.0016797|0.00210098|0.00414359|0.000989963|0.0022225|0.00330392,0.0181682|0.013944|0.0201998|0.0363562|0.0253399|0.00258778|0.0274855|0.0428446|0.0125041|0.0388837|0.0330416|0.0118399|0.0406616|0.0394512|0.0305222|0.0214324|0.0428419|0.0131986,0.0319791|0.0483324|0.0203015|0.0270472|0.0264018|0.0218892|0.0191396|0.0431604|0.032598|0.00538224|0.011185|0.00604173|0.0202115|0.0484347|0.0147697|0.0250331|0.0409884|0.0417374,0.949547|0.98815|0.954465|0.950284|0.99323|0.900966|0.94417|0.909054|0.965877|0.91123|0.949108|0.90334|0.981652|0.921987|0.96879|0.91902|0.940435|0.907225,4.23825|3.35756|0.174573|1.22677|2.3022|0.446122|2.66883|0.95656|0.534444|4.13113|4.01147|0.282451|5.01724|2.02122|0.917544|2.87572|0.302176|4.65403,30.2686|24.4191|88.6198|37.015|10.4739|52.1141|56.34|51.9585|67.5745|18.2346|55.6995|11.0615|50.0569|32.9383|55.4093|99.595|65.9961,0.172886|0.215492|0.211866|0.221489|0.218201|0.243468|0.185456|0.186795|0.181224|0.19579|0.177728|0.236306|0.218247|0.230383|0.205609|0.187871|0.161606,0.273933|0.537123|0.611032|0.940196|0.49652|0.237548|0.544934|0.996635|0.615936|0.160123|0.90653|0.175425|0.340289|0.704667|0.120763|0.969103|0.752732,0.935004,0.828035,0.00860061,0.625358,0.653224,0.50567,0.0737287,0.531077,0.0227058,0.913816,20.837,4.14754e-11,47595,0.929259,14.6973,1.66086e-11,23039,0.936476,0.823991,0.0110375,0.713123,0.0635319,0.472453,0.247421,0.530969,0.256238,0.858698,57.5243,1.23991e-10,22329,0.93039,18.7738,4.49782e-10,67358
8,124,n1->n2->n3->n13->n14->n15->n5->n6->n7->n17->n27->n37->n38->n39->n40->n30->n20->n10,1.39914e+12|2.9277e+11|2.83016e+12|6.15644e+13|1.73585e+11|5.83171e+09|9.47619e+11|1.3295e+10|1.67497e+12|1.02005e+09|9.07677e+09|1.02825e+10|1.70705e+12|7.47639e+11|2.91514e+12|9.94883e+10|1.29136e+12|4.52738e+13,1.77398e+11|8.93832e+10|6.97984e+11|1.20015e+13|2.66204e+10|9.6845e+08|5.02465e+11|3.05195e+09|1.7716e+11|3.1363e+08|3.68247e+09|2.34302e+09|3.78545e+11|2.38503e+11|2.43009e+12|7.62123e+10|5.89601e+11|1.1265e+13,1.95975e-05|2.30528e-05|2.3201e-05|1.91329e-05|0.000296239|1.34777e-05|2.16719e-05|0.000791651|0.000138816|3.38246e-05|1.08468e-05|0.000453739|2.82337e-05|1.04996e-05|2.82467e-05|0.000436038|0.000104918|5.27173e-05,0.00010992|0.000491852|0.00771915|0.00010256|0.000130641|0.000170048|0.00291743|0.00210098|0.00414359|0.000148753|0.000374531|0.00529557|0.00539505|0.00624201|0.00025363|0.00666947|0.000585458|0.00330392,0.0181682|0.0363562|0.0253399|0.0428446|0.0274855|0.0488947|0.0474863|0.0394512|0.0305222|0.0423098|0.00290834|0.00876427|0.0374159|0.0271945|0.0356271|0.0266891|0.0288099|0.0131986,0.0319791|0.0270472|0.0264018|0.0431604|0.0191396|0.0139893|0.0371588|0.0484347|0.0147697|0.000397484|0.0201829|0.0176724|0.0386881|0.0412577|0.0250697|0.0224373|0.0321693|0.0417374,0.949547|0.950284|0.99323|0.909054|0.94417|0.929167|0.974548|0.921987|0.96879|0.969366|0.904615|0.922562|0.903724|0.962274|0.95692|0.936657|0.976331|0.907225,4.23825|1.22677|2.3022|0.95656|2.66883|0.798633|4.40271|2.02122|0.917544|6.20899|3.8173|0.770588|5.74993|5.00577|4.4519|0.291653|4.981|4.65403,79.8117|37.015|83.9106|56.34|92.5451|35.0583|37.2729|32.9383|59.8148|72.2829|44.8869|37.0378|69.5993|86.0567|98.0873|23.9015|29.3778,0.217184|0.221489|0.164875|0.185456|0.180776|0.178893|0.205536|0.230383|0.171695|0.202821|0.249414|0.240649|0.169851|0.191018|0.219445|0.24759|0.198143,0.641344|0.940196|0.456853|0.544934|0.921574|0.280873|0.626255|0.704667|0.566426|0.90576|0.672733|0.490286|0.558345|0.745373|0.794091|0.695631|0.337655,0.935004,0.828035,0.00860061,0.625358,0.653224,0.50567,0.0737287,0.531077,0.0227058,0.913816,20.837,4.14754e-11,47595,0.929259,14.6973,1.66086e-11,23039,0.936476,0.823991,0.0110375,0.713123,0.0635319,0.472453,0.247421,0.530969,0.256238,0.858698,57.5243,1.23991e-10,22329,0.93039,18.7738,4.49782e-10,67358
8,125,n1->n11->n12->n13->n14->n24->n34->n35->n36->n37->n38->n39->n49->n50->n40->n30->n20->n10,1.39914e+12|6.74446e+13|1.02421e+11|6.15644e+13|1.73585e+11|7.40688e+10|1.8639e+10|3.91386e+11|1.0066e+09|1.02825e+10|1.70705e+12|7.47639e+11|4.11017e+12|3.36067e+09|2.91514e+12|9.94883e+10|1.29136e+12|4.52738e+13,1.77398e+11|6.67907e+13|1.31721e+10|1.20015e+13|2.66204e+10|4.11162e+10|9.30281e+09|1.2386e+11|6.15185e+08|2.34302e+09|3.78545e+11|2.38503e+11|5.10411e+11|4.49044e+08|2.43009e+12|7.62123e+10|5.89601e+11|1.1265e+13,1.95975e-05|0.000704058|0.000151799|1.91329e-05|0.000296239|0.000277508|5.25754e-05|2.02429e-05|2.14951e-05|0.000453739|2.82337e-05|1.04996e-05|0.000930775|3.64834e-05|2.82467e-05|0.000436038|0.000104918|5.27173e-05,0.00010992|0.00551474|0.00251821|0.00010256|0.000130641|0.00122802|0.000207299|0.00100279|0.00707672|0.00529557|0.00539505|0.00624201|0.000471413|0.000105651|0.00025363|0.00666947|0.000585458|0.00330392,0.0181682|0.013944|0.0201998|0.0428446|0.0274855|0.0388837|0.00528839|0.00299689|0.00219889|0.00876427|0.0374159|0.0271945|0.0321208|0.0493026|0.0356271|0.0266891|0.0288099|0.0131986,0.0319791|0.0483324|0.0203015|0.0431604|0.0191396|0.00538224|0.00475267|0.0462929|0.0410394|0.0176724|0.0386881|0.0412577|0.00553599|0.0299192|0.0250697|0.0224373|0.0321693|0.0417374,0.949547|0.98815|0.954465|0.909054|0.94417|0.91123|0.962618|0.905513|0.962381|0.922562|0.903724|0.962274|0.967401|0.957721|0.95692|0.936657|0.976331|0.907225,4.23825|3.35756|0.174573|0.95656|2.66883|4.13113|3.84921|2.66112|1.56914|0.770588|5.74993|5.00577|5.28074|6.02534|4.4519|0.291653|4.981|4.65403,30.2686|24.4191|13.9548|56.34|66.6304|58.7029|31.5608|18.7034|29.3504|37.0378|69.5993|95.0453|38.9947|91.3525|98.0873|23.9015|29.3778,0.172886|0.215492|0.198327|0.185456|0.242617|0.203558|0.174651|0.165537|0.241582|0.240649|0.169851|0.174136|0.211204|0.222092|0.219445|0.24759|0.198143,0.273933|0.537123|0.649751|0.544934|0.478901|0.490403|0.466681|0.688121|0.774487|0.490286|0.558345|0.413506|0.563059|0.797987|0.794091|0.695631|0.337655,0.935004,0.828035,0.00860061,0.625358,0.653224,0.50567,0.0737287,0.531077,0.0227058,0.913816,20.837,4.14754e-11,47595,0.929259,14.6973,1.66086e-11,23039,0.936476,0.823991,0.0110375,0.713123,0.0635319,0.472453,0.247421,0.530969,0.256238,0.858698,57.5243,1.23991e-10,22329,0.93039,18.7738,4.49782e-10,67358
8,126,n1->n2->n3->n4->n5->n6->n16->n15->n25->n35->n36->n26->n27->n28->n18->n19->n9->n10,1.39914e+12|2.9277e+11|2.83016e+12|5.18924e+13|9.47619e+11|1.3295e+10|5.96789e+12|5.83171e+09|2.92866e+12|3.91386e+11|1.0066e+09|1.18099e+10|9.07677e+09|2.76771e+12|2.57098e+11|3.10599e+10|1.77255e+13|4.52738e+13,1.77398e+11|8.93832e+10|6.97984e+11|2.57057e+13|5.02465e+11|3.05195e+09|5.01145e+12|9.6845e+08|1.91072e+12|1.2386e+11|6.15185e+08|2.80421e+09|3.68247e+09|1.49094e+12|6.04421e+10|7.39528e+09|1.12087e+13|1.1265e+13,1.95975e-05|2.30528e-05|2.3201e-05|0.000184583|2.16719e-05|0.000791651|0.000379753|1.34777e-05|2.30183e-05|2.02429e-05|2.14951e-05|2.70818e-05|1.08468e-05|2.80987e-05|0.000162804|0.000969765|2.11883e-05|5.27173e-05,0.00010992|0.000491852|0.00771915|0.000294331|0.00291743|0.00210098|0.0016797|0.000170048|0.0010803|0.00100279|0.00707672|0.00639567|0.000374531|0.00545758|0.00406814|0.000225136|0.0022225|0.00330392,0.0181682|0.0363562|0.0253399|0.00258778|0.0474863|0.0394512|0.0406616|0.0488947|0.0330416|0.00299689|0.00219889|0.0118399|0.00290834|0.0345144|0.0120126|0.00384841|0.0428419|0.0131986,0.0319791|0.0270472|0.0264018|0.0218892|0.0371588|0.0484347|0.0202115|0.0139893|0.011185|0.0462929|0.0410394|0.00604173|0.0201829|0.00283251|0.0125351|0.0294878|0.0409884|0.0417374,0.949547|0.950284|0.99323|0.900966|0.974548|0.921987|0.981652|0.929167|0.949108|0.905513|0.962381|0.90334|0.904615|0.941873|0.957682|0.902305|0.940435|0.907225,4.23825|1.22677|2.3022|0.446122|4.40271|2.02122|5.01724|0.798633|4.01147|2.66112|1.56914|0.282451|3.8173|4.82396|5.90544|1.1337|0.302176|4.65403,79.8117|37.015|10.4739|81.7362|37.2729|50.0569|56.2706|54.7186|88.4205|18.7034|63.8366|42.5138|15.3326|43.2583|28.0546|99.0064|65.9961,0.217184|0.221489|0.218201|0.241023|0.205536|0.218247|0.18736|0.249041|0.247673|0.165537|0.183529|0.231617|0.171578|0.193487|0.231107|0.175436|0.161606,0.641344|0.940196|0.49652|0.824452|0.626255|0.340289|0.442932|0.656917|0.146572|0.688121|0.671641|0.681145|0.162466|0.802216|0.277869|0.269031|0.752732,0.935004,0.828035,0.00860061,0.625358,0.653224,0.50567,0.0737287,0.531077,0.0227058,0.913816,20.837,4.14754e-11,47595,0.929259,14.6973,1.66086e-11,23039,0.936476,0.823991,0.0110375,0.713123,0.0635319,0.472453,0.247421,0.530969,0.256238,0.858698,57.5243,1.23991e-10,22329,0.93039,18.7738,4.49782e-10,67358
8,127,n1->n11->n21->n31->n32->n33->n43->n44->n45->n46->n36->n26->n27->n28->n29->n30->n20->n10,1.39914e+12|6.74446e+13|2.10865e+12|3.52863e+13|1.76915e+13|8.37382e+09|9.41943e+11|2.37683e+09|6.8751e+12|1.24376e+13|1.0066e+09|1.18099e+10|9.07677e+09|2.76771e+12|3.58484e+10|9.94883e+10|1.29136e+12|4.52738e+13,1.77398e+11|6.67907e+13|1.65286e+12|1.10607e+13|1.80488e+12|3.65063e+09|1.03461e+11|1.13959e+09|3.4946e+12|2.16675e+12|6.15185e+08|2.80421e+09|3.68247e+09|1.49094e+12|8.63035e+09|7.62123e+10|5.89601e+11|1.1265e+13,1.95975e-05|0.000704058|0.000474297|8.13083e-05|2.19175e-05|2.63111e-05|1.55391e-05|9.97019e-05|0.000640164|0.000183437|2.14951e-05|2.70818e-05|1.08468e-05|2.80987e-05|0.000181638|0.000436038|0.000104918|5.27173e-05,0.00010992|0.00551474|0.000184711|0.00107235|0.000875173|0.00127695|0.00877767|0.000256945|0.000287527|0.00125238|0.00707672|0.00639567|0.000374531|0.00545758|0.000129111|0.00666947|0.000585458|0.00330392,0.0181682|0.013944|0.047834|0.0397077|0.042527|0.0417406|0.0332256|0.0438851|0.0393182|0.000222477|0.00219889|0.0118399|0.00290834|0.0345144|0.0483468|0.0266891|0.0288099|0.0131986,0.0319791|0.0483324|0.0445871|0.0112236|0.0482558|0.019491|0.00167826|0.014569|0.0286523|0.0497172|0.0410394|0.00604173|0.0201829|0.00283251|0.00872405|0.0224373|0.0321693|0.0417374,0.949547|0.98815|0.930488|0.967441|0.956513|0.935955|0.975449|0.927033|0.929325|0.977361|0.962381|0.90334|0.904615|0.941873|0.902534|0.936657|0.976331|0.907225,4.23825|3.35756|0.126822|4.4659|1.33288|0.227076|3.19527|1.71389|0.222765|3.05659|1.56914|0.282451|3.8173|4.82396|0.0334453|0.291653|4.981|4.65403,30.2686|65.1286|89.2299|63.0993|67.4197|49.6282|59.7094|89.5651|61.2725|70.4589|63.8366|42.5138|15.3326|39.0733|83.4704|23.9015|29.3778,0.172886|0.170031|0.182578|0.192934|0.229759|0.209444|0.212843|0.243226|0.229228|0.161724|0.183529|0.231617|0.171578|0.18279|0.24104|0.24759|0.198143,0.273933|0.806267|0.875943|0.147013|0.780444|0.804441|0.454684|0.292927|0.927701|0.532348|0.671641|0.681145|0.162466|0.505031|0.881928|0.695631|0.337655,0.935004,0.828035,0.00860061,0.625358,0.653224,0.50567,0.0737287,0.531077,0.0227058,0.913816,20.837,4.14754e-11,47595,0.929259,14.6973,1.66086e-11,23039,0.936476,0.823991,0.0110375,0.713123,0.0635319,0.472453,0.247421,0.530969,0.256238,0.858698,57.5243,1.23991e-10,22329,0.93039,18.7738,4.49782e-10,67358
8,128,n1->n11->n21->n31->n32->n22->n23->n13->n12->n2->n3->n4->n5->n6->n7->n8->n9->n10,1.39914e+12|6.74446e+13|2.10865e+12|3.52863e+13|1.76915e+13|1.04684e+12|4.82335e+12|6.15644e+13|1.02421e+11|2.9277e+11|2.83016e+12|5.18924e+13|9.47619e+11|1.3295e+10|1.67497e+12|2.97761e+13|1.77255e+13|4.52738e+13,1.77398e+11|6.67907e+13|1.65286e+12|1.10607e+13|1.80488e+12|2.87275e+11|9.44696e+11|1.20015e+13|1.31721e+10|8.93832e+10|6.97984e+11|2.57057e+13|5.02465e+11|3.05195e+09|1.7716e+11|3.75649e+12|1.12087e+13|1.1265e+13,1.95975e-05|0.000704058|0.000474297|8.13083e-05|2.19175e-05|0.000315597|8.04044e-05|1.91329e-05|0.000151799|2.30528e-05|2.3201e-05|0.000184583|2.16719e-05|0.000791651|0.000138816|0.000533313|2.11883e-05|5.27173e-05,0.00010992|0.00551474|0.000184711|0.00107235|0.000875173|0.00111995|0.00115348|0.00010256|0.00251821|0.000491852|0.00771915|0.000294331|0.00291743|0.00210098|0.00414359|0.000989963|0.0022225|0.00330392,0.0181682|0.013944|0.047834|0.0397077|0.042527|0.00382452|0.0125041|0.0428446|0.0201998|0.0363562|0.0253399|0.00258778|0.0474863|0.0394512|0.0305222|0.0214324|0.0428419|0.0131986,0.0319791|0.0483324|0.0445871|0.0112236|0.0482558|0.0122344|0.032598|0.0431604|0.0203015|0.0270472|0.0264018|0.0218892|0.0371588|0.0484347|0.0147697|0.0250331|0.0409884|0.0417374,0.949547|0.98815|0.930488|0.967441|0.956513|0.98384|0.965877|0.909054|0.954465|0.950284|0.99323|0.900966|0.974548|0.921987|0.96879|0.91902|0.940435|0.907225,4.23825|3.35756|0.126822|4.4659|1.33288|0.236811|0.534444|0.95656|0.174573|1.22677|2.3022|0.446122|4.40271|2.02122|0.917544|2.87572|0.302176|4.65403,30.2686|65.1286|89.2299|63.0993|86.2435|55.8812|51.9585|13.9548|88.6198|37.015|10.4739|81.7362|37.2729|32.9383|55.4093|99.595|65.9961,0.172886|0.170031|0.182578|0.192934|0.202115|0.19455|0.186795|0.198327|0.211866|0.221489|0.218201|0.241023|0.205536|0.230383|0.205609|0.187871|0.161606,0.273933|0.806267|0.875943|0.147013|0.329678|0.279654|0.996635|0.649751|0.611032|0.940196|0.49652|0.824452|0.626255|0.704667|0.120763|0.969103|0.752732,0.935004,0.828035,0.00860061,0.625358,0.653224,0.50567,0.0737287,0.531077,0.0227058,0.913816,20.837,4.14754e-11,47595,0.929259,14.6973,1.66086e-11,23039,0.936476,0.823991,0.0110375,0.713123,0.0635319,0.472453,0.247421,0.530969,0.256238,0.858698,57.5243,1.23991e-10,22329,0.93039,18.7738,4.49782e-10,67358
8,129,n1->n11->n21->n31->n32->n42->n43->n33->n23->n24->n25->n15->n5->n6->n7->n8->n9->n10,1.39914e+12|6.74446e+13|2.10865e+12|3.52863e+13|1.76915e+13|4.30699e+10|9.41943e+11|8.37382e+09|4.82335e+12|7.40688e+10|2.92866e+12|5.83171e+09|9.47619e+11|1.3295e+10|1.67497e+12|2.97761e+13|1.77255e+13|4.52738e+13,1.77398e+11|6.67907e+13|1.65286e+12|1.10607e+13|1.80488e+12|8.70192e+09|1.03461e+11|3.65063e+09|9.44696e+11|4.11162e+10|1.91072e+12|9.6845e+08|5.02465e+11|3.05195e+09|1.7716e+11|3.75649e+12|1.12087e+13|1.1265e+13,1.95975e-05|0.000704058|0.000474297|8.13083e-05|2.19175e-05|0.00013444|1.55391e-05|2.63111e-05|8.04044e-05|0.000277508|2.30183e-05|1.34777e-05|2.16719e-05|0.000791651|0.000138816|0.000533313|2.11883e-05|5.27173e-05,0.00010992|0.00551474|0.000184711|0.00107235|0.000875173|0.000669489|0.00877767|0.00127695|0.00115348|0.00122802|0.0010803|0.000170048|0.00291743|0.00210098|0.00414359|0.000989963|0.0022225|0.00330392,0.0181682|0.013944|0.047834|0.0397077|0.042527|0.00539796|0.0332256|0.0417406|0.0125041|0.0388837|0.0330416|0.0488947|0.0474863|0.0394512|0.0305222|0.0214324|0.0428419|0.0131986,0.0319791|0.0483324|0.0445871|0.0112236|0.0482558|0.0445644|0.00167826|0.019491|0.032598|0.00538224|0.011185|0.0139893|0.0371588|0.0484347|0.0147697|0.0250331|0.0409884|0.0417374,0.949547|0.98815|0.930488|0.967441|0.956513|0.919444|0.975449|0.935955|0.965877|0.91123|0.949108|0.929167|0.974548|0.921987|0.96879|0.91902|0.940435|0.907225,4.23825|3.35756|0.126822|4.4659|1.33288|3.35572|3.19527|0.227076|0.534444|4.13113|4.01147|0.798633|4.40271|2.02122|0.917544|2.87572|0.302176|4.65403,30.2686|65.1286|89.2299|63.0993|70.8805|27.3217|49.6282|76.7594|67.5745|18.2346|54.7186|35.0583|37.2729|32.9383|55.4093|99.595|65.9961,0.172886|0.170031|0.182578|0.192934|0.212531|0.174425|0.209444|0.229061|0.181224|0.19579|0.249041|0.178893|0.205536|0.230383|0.205609|0.187871|0.161606,0.273933|0.806267|0.875943|0.147013|0.176282|0.795638|0.804441|0.851459|0.615936|0.160123|0.656917|0.280873|0.626255|0.704667|0.120763|0.969103|0.752732,0.935004,0.828035,0.00860061,0.625358,0.653224,0.50567,0.0737287,0.531077,0.0227058,0.913816,20.837,4.14754e-11,47595,0.929259,14.6973,1.66086e-11,23039,0.936476,0.823991,0.0110375,0.713123,0.0635319,0.472453,0.247421,0.530969,0.256238,0.858698,57.5243,1.23991e-10,22329,0.93039,18.7738,4.49782e-10,67358
8,130,n1->n11->n21->n22->n32->n42->n43->n44->n34->n35->n36->n37->n38->n28->n18->n8->n9->n10,1.39914e+12|6.74446e+13|2.10865e+12|1.04684e+12|1.76915e+13|4.30699e+10|9.41943e+11|2.37683e+09|1.8639e+10|3.91386e+11|1.0066e+09|1.02825e+10|1.70705e+12|2.76771e+12|2.57098e+11|2.97761e+13|1.77255e+13|4.52738e+13,1.77398e+11|6.67907e+13|1.65286e+12|2.87275e+11|1.80488e+12|8.70192e+09|1.03461e+11|1.13959e+09|9.30281e+09|1.2386e+11|6.15185e+08|2.34302e+09|3.78545e+11|1.49094e+12|6.04421e+10|3.75649e+12|1.12087e+13|1.1265e+13,1.95975e-05|0.000704058|0.000474297|0.000315597|2.19175e-05|0.00013444|1.55391e-05|9.97019e-05|5.25754e-05|2.02429e-05|2.14951e-05|0.000453739|2.82337e-05|2.80987e-05|0.000162804|0.000533313|2.11883e-05|5.27173e-05,0.00010992|0.00551474|0.000184711|0.00111995|0.000875173|0.000669489|0.00877767|0.000256945|0.000207299|0.00100279|0.00707672|0.00529557|0.00539505|0.00545758|0.00406814|0.000989963|0.0022225|0.00330392,0.0181682|0.013944|0.047834|0.00382452|0.042527|0.00539796|0.0332256|0.0438851|0.00528839|0.00299689|0.00219889|0.00876427|0.0374159|0.0345144|0.0120126|0.0214324|0.0428419|0.0131986,0.0319791|0.0483324|0.0445871|0.0122344|0.0482558|0.0445644|0.00167826|0.014569|0.00475267|0.0462929|0.0410394|0.0176724|0.0386881|0.00283251|0.0125351|0.0250331|0.0409884|0.0417374,0.949547|0.98815|0.930488|0.98384|0.956513|0.919444|0.975449|0.927033|0.962618|0.905513|0.962381|0.922562|0.903724|0.941873|0.957682|0.91902|0.940435|0.907225,4.23825|3.35756|0.126822|0.236811|1.33288|3.35572|3.19527|1.71389|3.84921|2.66112|1.56914|0.770588|5.74993|4.82396|5.90544|2.87572|0.302176|4.65403,30.2686|65.1286|34.0839|86.2435|70.8805|27.3217|59.7094|46.2248|31.5608|18.7034|29.3504|37.0378|23.518|43.2583|81.3396|99.595|65.9961,0.172886|0.170031|0.161458|0.202115|0.212531|0.174425|0.212843|0.242725|0.174651|0.165537|0.241582|0.240649|0.245508|0.193487|0.202434|0.187871|0.161606,0.273933|0.806267|0.734507|0.329678|0.176282|0.795638|0.454684|0.254438|0.466681|0.688121|0.774487|0.490286|0.494853|0.802216|0.175208|0.969103|0.752732,0.935004,0.828035,0.00860061,0.625358,0.653224,0.50567,0.0737287,0.531077,0.0227058,0.913816,20.837,4.14754e-11,47595,0.929259,14.6973,1.66086e-11,23039,0.936476,0.823991,0.0110375,0.713123,0.0635319,0.472453,0.247421,0.530969,0.256238,0.858698,57.5243,1.23991e-10,22329,0.93039,18.7738,4.49782e-10,67358
8,131,n1->n11->n21->n31->n32->n42->n43->n44->n34->n24->n25->n15->n16->n6->n7->n8->n9->n10,1.39914e+12|6.74446e+13|2.10865e+12|3.52863e+13|1.76915e+13|4.30699e+10|9.41943e+11|2.37683e+09|1.8639e+10|7.40688e+10|2.92866e+12|5.83171e+09|5.96789e+12|1.3295e+10|1.67497e+12|2.97761e+13|1.77255e+13|4.52738e+13,1.77398e+11|6.67907e+13|1.65286e+12|1.10607e+13|1.80488e+12|8.70192e+09|1.03461e+11|1.13959e+09|9.30281e+09|4.11162e+10|1.91072e+12|9.6845e+08|5.01145e+12|3.05195e+09|1.7716e+11|3.75649e+12|1.12087e+13|1.1265e+13,1.95975e-05|0.000704058|0.000474297|8.13083e-05|2.19175e-05|0.00013444|1.55391e-05|9.97019e-05|5.25754e-05|0.000277508|2.30183e-05|1.34777e-05|0.000379753|0.000791651|0.000138816|0.000533313|2.11883e-05|5.27173e-05,0.00010992|0.00551474|0.000184711|0.00107235|0.000875173|0.000669489|0.00877767|0.000256945|0.000207299|0.00122802|0.0010803|0.000170048|0.0016797|0.00210098|0.00414359|0.000989963|0.0022225|0.00330392,0.0181682|0.013944|0.047834|0.0397077|0.042527|0.00539796|0.0332256|0.0438851|0.00528839|0.0388837|0.0330416|0.0488947|0.0406616|0.0394512|0.0305222|0.0214324|0.0428419|0.0131986,0.0319791|0.0483324|0.0445871|0.0112236|0.0482558|0.0445644|0.00167826|0.014569|0.00475267|0.00538224|0.011185|0.0139893|0.0202115|0.0484347|0.0147697|0.0250331|0.0409884|0.0417374,0.949547|0.98815|0.930488|0.967441|0.956513|0.919444|0.975449|0.927033|0.962618|0.91123|0.949108|0.929167|0.981652|0.921987|0.96879|0.91902|0.940435|0.907225,4.23825|3.35756|0.126822|4.4659|1.33288|3.35572|3.19527|1.71389|3.84921|4.13113|4.01147|0.798633|5.01724|2.02122|0.917544|2.87572|0.302176|4.65403,30.2686|65.1286|89.2299|63.0993|70.8805|27.3217|59.7094|46.2248|58.7029|18.2346|54.7186|56.2706|50.0569|32.9383|55.4093|99.595|65.9961,0.172886|0.170031|0.182578|0.192934|0.212531|0.174425|0.212843|0.242725|0.203558|0.19579|0.249041|0.18736|0.218247|0.230383|0.205609|0.187871|0.161606,0.273933|0.806267|0.875943|0.147013|0.176282|0.795638|0.454684|0.254438|0.490403|0.160123|0.656917|0.442932|0.340289|0.704667|0.120763|0.969103|0.752732,0.935004,0.828035,0.00860061,0.625358,0.653224,0.50567,0.0737287,0.531077,0.0227058,0.913816,20.837,4.14754e-11,47595,0.929259,14.6973,1.66086e-11,23039,0.936476,0.823991,0.0110375,0.713123,0.0635319,0.472453,0.247421,0.530969,0.256238,0.858698,57.5243,1.23991e-10,22329,0.93039,18.7738,4.49782e-10,67358
8,132,n1->n2->n12->n11->n21->n22->n23->n24->n25->n15->n14->n4->n5->n6->n7->n8->n9->n10,1.39914e+12|2.9277e+11|1.02421e+11|6.74446e+13|2.10865e+12|1.04684e+12|4.82335e+12|7.40688e+10|2.92866e+12|5.83171e+09|1.73585e+11|5.18924e+13|9.47619e+11|1.3295e+10|1.67497e+12|2.97761e+13|1.77255e+13|4.52738e+13,1.77398e+11|8.93832e+10|1.31721e+10|6.67907e+13|1.65286e+12|2.87275e+11|9.44696e+11|4.11162e+10|1.91072e+12|9.6845e+08|2.66204e+10|2.57057e+13|5.02465e+11|3.05195e+09|1.7716e+11|3.75649e+12|1.12087e+13|1.1265e+13,1.95975e-05|2.30528e-05|0.000151799|0.000704058|0.000474297|0.000315597|8.04044e-05|0.000277508|2.30183e-05|1.34777e-05|0.000296239|0.000184583|2.16719e-05|0.000791651|0.000138816|0.000533313|2.11883e-05|5.27173e-05,0.00010992|0.000491852|0.00251821|0.00551474|0.000184711|0.00111995|0.00115348|0.00122802|0.0010803|0.000170048|0.000130641|0.000294331|0.00291743|0.00210098|0.00414359|0.000989963|0.0022225|0.00330392,0.0181682|0.0363562|0.0201998|0.013944|0.047834|0.00382452|0.0125041|0.0388837|0.0330416|0.0488947|0.0274855|0.00258778|0.0474863|0.0394512|0.0305222|0.0214324|0.0428419|0.0131986,0.0319791|0.0270472|0.0203015|0.0483324|0.0445871|0.0122344|0.032598|0.00538224|0.011185|0.0139893|0.0191396|0.0218892|0.0371588|0.0484347|0.0147697|0.0250331|0.0409884|0.0417374,0.949547|0.950284|0.954465|0.98815|0.930488|0.98384|0.965877|0.91123|0.949108|0.929167|0.94417|0.900966|0.974548|0.921987|0.96879|0.91902|0.940435|0.907225,4.23825|1.22677|0.174573|3.35756|0.126822|0.236811|0.534444|4.13113|4.01147|0.798633|2.66883|0.446122|4.40271|2.02122|0.917544|2.87572|0.302176|4.65403,79.8117|88.6198|24.4191|65.1286|34.0839|55.8812|67.5745|18.2346|54.7186|92.5451|52.1141|81.7362|37.2729|32.9383|55.4093|99.595|65.9961,0.217184|0.211866|0.215492|0.170031|0.161458|0.19455|0.181224|0.19579|0.249041|0.180776|0.243468|0.241023|0.205536|0.230383|0.205609|0.187871|0.161606,0.641344|0.611032|0.537123|0.806267|0.734507|0.279654|0.615936|0.160123|0.656917|0.921574|0.237548|0.824452|0.626255|0.704667|0.120763|0.969103|0.752732,0.935004,0.828035,0.00860061,0.625358,0.653224,0.50567,0.0737287,0.531077,0.0227058,0.913816,20.837,4.14754e-11,47595,0.929259,14.6973,1.66086e-11,23039,0.936476,0.823991,0.0110375,0.713123,0.0635319,0.472453,0.247421,0.530969,0.256238,0.858698,57.5243,1.23991e-10,22329,0.93039,18.7738,4.49782e-10,67358
8,133,n1->n11->n21->n22->n23->n13->n12->n2->n3->n4->n14->n15->n16->n6->n7->n8->n9->n10,1.39914e+12|6.74446e+13|2.10865e+12|1.04684e+12|4.82335e+12|6.15644e+13|1.02421e+11|2.9277e+11|2.83016e+12|5.18924e+13|1.73585e+11|5.83171e+09|5.96789e+12|1.3295e+10|1.67497e+12|2.97761e+13|1.77255e+13|4.52738e+13,1.77398e+11|6.67907e+13|1.65286e+12|2.87275e+11|9.44696e+11|1.20015e+13|1.31721e+10|8.93832e+10|6.97984e+11|2.57057e+13|2.66204e+10|9.6845e+08|5.01145e+12|3.05195e+09|1.7716e+11|3.75649e+12|1.12087e+13|1.1265e+13,1.95975e-05|0.000704058|0.000474297|0.000315597|8.04044e-05|1.91329e-05|0.000151799|2.30528e-05|2.3201e-05|0.000184583|0.000296239|1.34777e-05|0.000379753|0.000791651|0.000138816|0.000533313|2.11883e-05|5.27173e-05,0.00010992|0.00551474|0.000184711|0.00111995|0.00115348|0.00010256|0.00251821|0.000491852|0.00771915|0.000294331|0.000130641|0.000170048|0.0016797|0.00210098|0.00414359|0.000989963|0.0022225|0.00330392,0.0181682|0.013944|0.047834|0.00382452|0.0125041|0.0428446|0.0201998|0.0363562|0.0253399|0.00258778|0.0274855|0.0488947|0.0406616|0.0394512|0.0305222|0.0214324|0.0428419|0.0131986,0.0319791|0.0483324|0.0445871|0.0122344|0.032598|0.0431604|0.0203015|0.0270472|0.0264018|0.0218892|0.0191396|0.0139893|0.0202115|0.0484347|0.0147697|0.0250331|0.0409884|0.0417374,0.949547|0.98815|0.930488|0.98384|0.965877|0.909054|0.954465|0.950284|0.99323|0.900966|0.94417|0.929167|0.981652|0.921987|0.96879|0.91902|0.940435|0.907225,4.23825|3.35756|0.126822|0.236811|0.534444|0.95656|0.174573|1.22677|2.3022|0.446122|2.66883|0.798633|5.01724|2.02122|0.917544|2.87572|0.302176|4.65403,30.2686|65.1286|34.0839|55.8812|51.9585|13.9548|88.6198|37.015|10.4739|52.1141|92.5451|56.2706|50.0569|32.9383|55.4093|99.595|65.9961,0.172886|0.170031|0.161458|0.19455|0.186795|0.198327|0.211866|0.221489|0.218201|0.243468|0.180776|0.18736|0.218247|0.230383|0.205609|0.187871|0.161606,0.273933|0.806267|0.734507|0.279654|0.996635|0.649751|0.611032|0.940196|0.49652|0.237548|0.921574|0.442932|0.340289|0.704667|0.120763|0.969103|0.752732,0.935004,0.828035,0.00860061,0.625358,0.653224,0.50567,0.0737287,0.531077,0.0227058,0.913816,20.837,4.14754e-11,47595,0.929259,14.6973,1.66086e-11,23039,0.936476,0.823991,0.0110375,0.713123,0.0635319,0.472453,0.247421,0.530969,0.256238,0.858698,57.5243,1.23991e-10,22329,0.93039,18.7738,4.49782e-10,67358
8,134,n1->n2->n12->n13->n23->n33->n43->n44->n34->n35->n36->n26->n27->n28->n29->n30->n20->n10,1.39914e+12|2.9277e+11|1.02421e+11|6.15644e+13|4.82335e+12|8.37382e+09|9.41943e+11|2.37683e+09|1.8639e+10|3.91386e+11|1.0066e+09|1.18099e+10|9.07677e+09|2.76771e+12|3.58484e+10|9.94883e+10|1.29136e+12|4.52738e+13,1.77398e+11|8.93832e+10|1.31721e+10|1.20015e+13|9.44696e+11|3.65063e+09|1.03461e+11|1.13959e+09|9.30281e+09|1.2386e+11|6.15185e+08|2.80421e+09|3.68247e+09|1.49094e+12|8.63035e+09|7.62123e+10|5.89601e+11|1.1265e+13,1.95975e-05|2.30528e-05|0.000151799|1.91329e-05|8.04044e-05|2.63111e-05|1.55391e-05|9.97019e-05|5.25754e-05|2.02429e-05|2.14951e-05|2.70818e-05|1.08468e-05|2.80987e-05|0.000181638|0.000436038|0.000104918|5.27173e-05,0.00010992|0.000491852|0.00251821|0.00010256|0.00115348|0.00127695|0.00877767|0.000256945|0.000207299|0.00100279|0.00707672|0.00639567|0.000374531|0.00545758|0.000129111|0.00666947|0.000585458|0.00330392,0.0181682|0.0363562|0.0201998|0.0428446|0.0125041|0.0417406|0.0332256|0.0438851|0.00528839|0.00299689|0.00219889|0.0118399|0.00290834|0.0345144|0.0483468|0.0266891|0.0288099|0.0131986,0.0319791|0.0270472|0.0203015|0.0431604|0.032598|0.019491|0.00167826|0.014569|0.00475267|0.0462929|0.0410394|0.00604173|0.0201829|0.00283251|0.00872405|0.0224373|0.0321693|0.0417374,0.949547|0.950284|0.954465|0.909054|0.965877|0.935955|0.975449|0.927033|0.962618|0.905513|0.962381|0.90334|0.904615|0.941873|0.902534|0.936657|0.976331|0.907225,4.23825|1.22677|0.174573|0.95656|0.534444|0.227076|3.19527|1.71389|3.84921|2.66112|1.56914|0.282451|3.8173|4.82396|0.0334453|0.291653|4.981|4.65403,79.8117|88.6198|13.9548|51.9585|76.7594|49.6282|59.7094|46.2248|31.5608|18.7034|63.8366|42.5138|15.3326|39.0733|83.4704|23.9015|29.3778,0.217184|0.211866|0.198327|0.186795|0.229061|0.209444|0.212843|0.242725|0.174651|0.165537|0.183529|0.231617|0.171578|0.18279|0.24104|0.24759|0.198143,0.641344|0.611032|0.649751|0.996635|0.851459|0.804441|0.454684|0.254438|0.466681|0.688121|0.671641|0.681145|0.162466|0.505031|0.881928|0.695631|0.337655,0.935004,0.828035,0.00860061,0.625358,0.653224,0.50567,0.0737287,0.531077,0.0227058,0.913816,20.837,4.14754e-11,47595,0.929259,14.6973,1.66086e-11,23039,0.936476,0.823991,0.0110375,0.713123,0.0635319,0.472453,0.247421,0.530969,0.256238,0.858698,57.5243,1.23991e-10,22329,0.93039,18.7738,4.49782e-10,67358
8,135,n1->n2->n12->n13->n23->n22->n32->n33->n34->n35->n25->n26->n27->n17->n7->n8->n9->n10,1.39914e+12|2.9277e+11|1.02421e+11|6.15644e+13|4.82335e+12|1.04684e+12|1.76915e+13|8.37382e+09|1.8639e+10|3.91386e+11|2.92866e+12|1.18099e+10|9.07677e+09|1.02005e+09|1.67497e+12|2.97761e+13|1.77255e+13|4.52738e+13,1.77398e+11|8.93832e+10|1.31721e+10|1.20015e+13|9.44696e+11|2.87275e+11|1.80488e+12|3.65063e+09|9.30281e+09|1.2386e+11|1.91072e+12|2.80421e+09|3.68247e+09|3.1363e+08|1.7716e+11|3.75649e+12|1.12087e+13|1.1265e+13,1.95975e-05|2.30528e-05|0.000151799|1.91329e-05|8.04044e-05|0.000315597|2.19175e-05|2.63111e-05|5.25754e-05|2.02429e-05|2.30183e-05|2.70818e-05|1.08468e-05|3.38246e-05|0.000138816|0.000533313|2.11883e-05|5.27173e-05,0.00010992|0.000491852|0.00251821|0.00010256|0.00115348|0.00111995|0.000875173|0.00127695|0.000207299|0.00100279|0.0010803|0.00639567|0.000374531|0.000148753|0.00414359|0.000989963|0.0022225|0.00330392,0.0181682|0.0363562|0.0201998|0.0428446|0.0125041|0.00382452|0.042527|0.0417406|0.00528839|0.00299689|0.0330416|0.0118399|0.00290834|0.0423098|0.0305222|0.0214324|0.0428419|0.0131986,0.0319791|0.0270472|0.0203015|0.0431604|0.032598|0.0122344|0.0482558|0.019491|0.00475267|0.0462929|0.011185|0.00604173|0.0201829|0.000397484|0.0147697|0.0250331|0.0409884|0.0417374,0.949547|0.950284|0.954465|0.909054|0.965877|0.98384|0.956513|0.935955|0.962618|0.905513|0.949108|0.90334|0.904615|0.969366|0.96879|0.91902|0.940435|0.907225,4.23825|1.22677|0.174573|0.95656|0.534444|0.236811|1.33288|0.227076|3.84921|2.66112|4.01147|0.282451|3.8173|6.20899|0.917544|2.87572|0.302176|4.65403,79.8117|88.6198|13.9548|51.9585|55.8812|86.2435|67.4197|23.5709|31.5608|88.4205|55.6995|42.5138|72.2829|59.8148|55.4093|99.595|65.9961,0.217184|0.211866|0.198327|0.186795|0.19455|0.202115|0.229759|0.161556|0.174651|0.247673|0.177728|0.231617|0.202821|0.171695|0.205609|0.187871|0.161606,0.641344|0.611032|0.649751|0.996635|0.279654|0.329678|0.780444|0.803928|0.466681|0.146572|0.90653|0.681145|0.90576|0.566426|0.120763|0.969103|0.752732,0.935004,0.828035,0.00860061,0.625358,0.653224,0.50567,0.0737287,0.531077,0.0227058,0.913816,20.837,4.14754e-11,47595,0.929259,14.6973,1.66086e-11,23039,0.936476,0.823991,0.0110375,0.713123,0.0635319,0.472453,0.247421,0.530969,0.256238,0.858698,57.5243,1.23991e-10,22329,0.93039,18.7738,4.49782e-10,67358
8,136,n1->n2->n3->n13->n12->n22->n23->n33->n34->n35->n36->n26->n16->n6->n7->n8->n9->n10,1.39914e+12|2.9277e+11|2.83016e+12|6.15644e+13|1.02421e+11|1.04684e+12|4.82335e+12|8.37382e+09|1.8639e+10|3.91386e+11|1.0066e+09|1.18099e+10|5.96789e+12|1.3295e+10|1.67497e+12|2.97761e+13|1.77255e+13|4.52738e+13,1.77398e+11|8.93832e+10|6.97984e+11|1.20015e+13|1.31721e+10|2.87275e+11|9.44696e+11|3.65063e+09|9.30281e+09|1.2386e+11|6.15185e+08|2.80421e+09|5.01145e+12|3.05195e+09|1.7716e+11|3.75649e+12|1.12087e+13|1.1265e+13,1.95975e-05|2.30528e-05|2.3201e-05|1.91329e-05|0.000151799|0.000315597|8.04044e-05|2.63111e-05|5.25754e-05|2.02429e-05|2.14951e-05|2.70818e-05|0.000379753|0.000791651|0.000138816|0.000533313|2.11883e-05|5.27173e-05,0.00010992|0.000491852|0.00771915|0.00010256|0.00251821|0.00111995|0.00115348|0.00127695|0.000207299|0.00100279|0.00707672|0.00639567|0.0016797|0.00210098|0.00414359|0.000989963|0.0022225|0.00330392,0.0181682|0.0363562|0.0253399|0.0428446|0.0201998|0.00382452|0.0125041|0.0417406|0.00528839|0.00299689|0.00219889|0.0118399|0.0406616|0.0394512|0.0305222|0.0214324|0.0428419|0.0131986,0.0319791|0.0270472|0.0264018|0.0431604|0.0203015|0.0122344|0.032598|0.019491|0.00475267|0.0462929|0.0410394|0.00604173|0.0202115|0.0484347|0.0147697|0.0250331|0.0409884|0.0417374,0.949547|0.950284|0.99323|0.909054|0.954465|0.98384|0.965877|0.935955|0.962618|0.905513|0.962381|0.90334|0.981652|0.921987|0.96879|0.91902|0.940435|0.907225,4.23825|1.22677|2.3022|0.95656|0.174573|0.236811|0.534444|0.227076|3.84921|2.66112|1.56914|0.282451|5.01724|2.02122|0.917544|2.87572|0.302176|4.65403,79.8117|37.015|83.9106|13.9548|13.2112|55.8812|76.7594|23.5709|31.5608|18.7034|63.8366|11.0615|50.0569|32.9383|55.4093|99.595|65.9961,0.217184|0.221489|0.164875|0.198327|0.160355|0.19455|0.229061|0.161556|0.174651|0.165537|0.183529|0.236306|0.218247|0.230383|0.205609|0.187871|0.161606,0.641344|0.940196|0.456853|0.649751|0.66376|0.279654|0.851459|0.803928|0.466681|0.688121|0.671641|0.175425|0.340289|0.704667|0.120763|0.969103|0.752732,0.935004,0.828035,0.00860061,0.625358,0.653224,0.50567,0.0737287,0.531077,0.0227058,0.913816,20.837,4.14754e-11,47595,0.929259,14.6973,1.66086e-11,23039,0.936476,0.823991,0.0110375,0.713123,0.0635319,0.472453,0.247421,0.530969,0.256238,0.858698,57.5243,1.23991e-10,22329,0.93039,18.7738,4.49782e-10,67358
8,137,n1->n11->n21->n22->n12->n13->n23->n24->n34->n35->n36->n37->n27->n28->n29->n30->n20->n10,1.39914e+12|6.74446e+13|2.10865e+12|1.04684e+12|1.02421e+11|6.15644e+13|4.82335e+12|7.40688e+10|1.8639e+10|3.91386e+11|1.0066e+09|1.02825e+10|9.07677e+09|2.76771e+12|3.58484e+10|9.94883e+10|1.29136e+12|4.52738e+13,1.77398e+11|6.67907e+13|1.65286e+12|2.87275e+11|1.31721e+10|1.20015e+13|9.44696e+11|4.11162e+10|9.30281e+09|1.2386e+11|6.15185e+08|2.34302e+09|3.68247e+09|1.49094e+12|8.63035e+09|7.62123e+10|5.89601e+11|1.1265e+13,1.95975e-05|0.000704058|0.000474297|0.000315597|0.000151799|1.91329e-05|8.04044e-05|0.000277508|5.25754e-05|2.02429e-05|2.14951e-05|0.000453739|1.08468e-05|2.80987e-05|0.000181638|0.000436038|0.000104918|5.27173e-05,0.00010992|0.00551474|0.000184711|0.00111995|0.00251821|0.00010256|0.00115348|0.00122802|0.000207299|0.00100279|0.00707672|0.00529557|0.000374531|0.00545758|0.000129111|0.00666947|0.000585458|0.00330392,0.0181682|0.013944|0.047834|0.00382452|0.0201998|0.0428446|0.0125041|0.0388837|0.00528839|0.00299689|0.00219889|0.00876427|0.00290834|0.0345144|0.0483468|0.0266891|0.0288099|0.0131986,0.0319791|0.0483324|0.0445871|0.0122344|0.0203015|0.0431604|0.032598|0.00538224|0.00475267|0.0462929|0.0410394|0.0176724|0.0201829|0.00283251|0.00872405|0.0224373|0.0321693|0.0417374,0.949547|0.98815|0.930488|0.98384|0.954465|0.909054|0.965877|0.91123|0.962618|0.905513|0.962381|0.922562|0.904615|0.941873|0.902534|0.936657|0.976331|0.907225,4.23825|3.35756|0.126822|0.236811|0.174573|0.95656|0.534444|4.13113|3.84921|2.66112|1.56914|0.770588|3.8173|4.82396|0.0334453|0.291653|4.981|4.65403,30.2686|65.1286|34.0839|13.2112|13.9548|51.9585|67.5745|58.7029|31.5608|18.7034|29.3504|44.8869|15.3326|39.0733|83.4704|23.9015|29.3778,0.172886|0.170031|0.161458|0.160355|0.198327|0.186795|0.181224|0.203558|0.174651|0.165537|0.241582|0.249414|0.171578|0.18279|0.24104|0.24759|0.198143,0.273933|0.806267|0.734507|0.66376|0.649751|0.996635|0.615936|0.490403|0.466681|0.688121|0.774487|0.672733|0.162466|0.505031|0.881928|0.695631|0.337655,0.935004,0.828035,0.00860061,0.625358,0.653224,0.50567,0.0737287,0.531077,0.0227058,0.913816,20.837,4.14754e-11,47595,0.929259,14.6973,1.66086e-11,23039,0.936476,0.823991,0.0110375,0.713123,0.0635319,0.472453,0.247421,0.530969,0.256238,0.858698,57.5243,1.23991e-10,22329,0.93039,18.7738,4.49782e-10,67358
8,138,n1->n2->n12->n13->n3->n4->n14->n15->n25->n26->n27->n17->n16->n6->n7->n8->n9->n10,1.39914e+12|2.9277e+11|1.02421e+11|6.15644e+13|2.83016e+12|5.18924e+13|1.73585e+11|5.83171e+09|2.92866e+12|1.18099e+10|9.07677e+09|1.02005e+09|5.96789e+12|1.3295e+10|1.67497e+12|2.97761e+13|1.77255e+13|4.52738e+13,1.77398e+11|8.93832e+10|1.31721e+10|1.20015e+13|6.97984e+11|2.57057e+13|2.66204e+10|9.6845e+08|1.91072e+12|2.80421e+09|3.68247e+09|3.1363e+08|5.01145e+12|3.05195e+09|1.7716e+11|3.75649e+12|1.12087e+13|1.1265e+13,1.95975e-05|2.30528e-05|0.000151799|1.91329e-05|2.3201e-05|0.000184583|0.000296239|1.34777e-05|2.30183e-05|2.70818e-05|1.08468e-05|3.38246e-05|0.000379753|0.000791651|0.000138816|0.000533313|2.11883e-05|5.27173e-05,0.00010992|0.000491852|0.00251821|0.00010256|0.00771915|0.000294331|0.000130641|0.000170048|0.0010803|0.00639567|0.000374531|0.000148753|0.0016797|0.00210098|0.00414359|0.000989963|0.0022225|0.00330392,0.0181682|0.0363562|0.0201998|0.0428446|0.0253399|0.00258778|0.0274855|0.0488947|0.0330416|0.0118399|0.00290834|0.0423098|0.0406616|0.0394512|0.0305222|0.0214324|0.0428419|0.0131986,0.0319791|0.0270472|0.0203015|0.0431604|0.0264018|0.0218892|0.0191396|0.0139893|0.011185|0.00604173|0.0201829|0.000397484|0.0202115|0.0484347|0.0147697|0.0250331|0.0409884|0.0417374,0.949547|0.950284|0.954465|0.909054|0.99323|0.900966|0.94417|0.929167|0.949108|0.90334|0.904615|0.969366|0.981652|0.921987|0.96879|0.91902|0.940435|0.907225,4.23825|1.22677|0.174573|0.95656|2.3022|0.446122|2.66883|0.798633|4.01147|0.282451|3.8173|6.20899|5.01724|2.02122|0.917544|2.87572|0.302176|4.65403,79.8117|88.6198|13.9548|83.9106|10.4739|52.1141|92.5451|54.7186|55.6995|42.5138|72.2829|32.2763|50.0569|32.9383|55.4093|99.595|65.9961,0.217184|0.211866|0.198327|0.164875|0.218201|0.243468|0.180776|0.249041|0.177728|0.231617|0.202821|0.20903|0.218247|0.230383|0.205609|0.187871|0.161606,0.641344|0.611032|0.649751|0.456853|0.49652|0.237548|0.921574|0.656917|0.90653|0.681145|0.90576|0.132326|0.340289|0.704667|0.120763|0.969103|0.752732,0.935004,0.828035,0.00860061,0.625358,0.653224,0.50567,0.0737287,0.531077,0.0227058,0.913816,20.837,4.14754e-11,47595,0.929259,14.6973,1.66086e-11,23039,0.936476,0.823991,0.0110375,0.713123,0.0635319,0.472453,0.247421,0.530969,0.256238,0.858698,57.5243,1.23991e-10,22329,0.93039,18.7738,4.49782e-10,67358
8,139,n1->n11->n12->n22->n32->n42->n43->n44->n34->n35->n25->n26->n27->n28->n18->n19->n20->n10,1.39914e+12|6.74446e+13|1.02421e+11|1.04684e+12|1.76915e+13|4.30699e+10|9.41943e+11|2.37683e+09|1.8639e+10|3.91386e+11|2.92866e+12|1.18099e+10|9.07677e+09|2.76771e+12|2.57098e+11|3.10599e+10|1.29136e+12|4.52738e+13,1.77398e+11|6.67907e+13|1.31721e+10|2.87275e+11|1.80488e+12|8.70192e+09|1.03461e+11|1.13959e+09|9.30281e+09|1.2386e+11|1.91072e+12|2.80421e+09|3.68247e+09|1.49094e+12|6.04421e+10|7.39528e+09|5.89601e+11|1.1265e+13,1.95975e-05|0.000704058|0.000151799|0.000315597|2.19175e-05|0.00013444|1.55391e-05|9.97019e-05|5.25754e-05|2.02429e-05|2.30183e-05|2.70818e-05|1.08468e-05|2.80987e-05|0.000162804|0.000969765|0.000104918|5.27173e-05,0.00010992|0.00551474|0.00251821|0.00111995|0.000875173|0.000669489|0.00877767|0.000256945|0.000207299|0.00100279|0.0010803|0.00639567|0.000374531|0.00545758|0.00406814|0.000225136|0.000585458|0.00330392,0.0181682|0.013944|0.0201998|0.00382452|0.042527|0.00539796|0.0332256|0.0438851|0.00528839|0.00299689|0.0330416|0.0118399|0.00290834|0.0345144|0.0120126|0.00384841|0.0288099|0.0131986,0.0319791|0.0483324|0.0203015|0.0122344|0.0482558|0.0445644|0.00167826|0.014569|0.00475267|0.0462929|0.011185|0.00604173|0.0201829|0.00283251|0.0125351|0.0294878|0.0321693|0.0417374,0.949547|0.98815|0.954465|0.98384|0.956513|0.919444|0.975449|0.927033|0.962618|0.905513|0.949108|0.90334|0.904615|0.941873|0.957682|0.902305|0.976331|0.907225,4.23825|3.35756|0.174573|0.236811|1.33288|3.35572|3.19527|1.71389|3.84921|2.66112|4.01147|0.282451|3.8173|4.82396|5.90544|1.1337|4.981|4.65403,30.2686|24.4191|13.2112|86.2435|70.8805|27.3217|59.7094|46.2248|31.5608|88.4205|55.6995|42.5138|15.3326|43.2583|28.0546|10.3361|29.3778,0.172886|0.215492|0.160355|0.202115|0.212531|0.174425|0.212843|0.242725|0.174651|0.247673|0.177728|0.231617|0.171578|0.193487|0.231107|0.207438|0.198143,0.273933|0.537123|0.66376|0.329678|0.176282|0.795638|0.454684|0.254438|0.466681|0.146572|0.90653|0.681145|0.162466|0.802216|0.277869|0.257043|0.337655,0.935004,0.828035,0.00860061,0.625358,0.653224,0.50567,0.0737287,0.531077,0.0227058,0.913816,20.837,4.14754e-11,47595,0.929259,14.6973,1.66086e-11,23039,0.936476,0.823991,0.0110375,0.713123,0.0635319,0.472453,0.247421,0.530969,0.256238,0.858698,57.5243,1.23991e-10,22329,0.93039,18.7738,4.49782e-10,67358
8,140,n1->n11->n21->n31->n41->n42->n43->n44->n45->n35->n25->n15->n16->n17->n7->n8->n9->n10,1.39914e+12|6.74446e+13|2.10865e+12|3.52863e+13|5.45935e+11|4.30699e+10|9.41943e+11|2.37683e+09|6.8751e+12|3.91386e+11|2.92866e+12|5.83171e+09|5.96789e+12|1.02005e+09|1.67497e+12|2.97761e+13|1.77255e+13|4.52738e+13,1.77398e+11|6.67907e+13|1.65286e+12|1.10607e+13|3.34838e+11|8.70192e+09|1.03461e+11|1.13959e+09|3.4946e+12|1.2386e+11|1.91072e+12|9.6845e+08|5.01145e+12|3.1363e+08|1.7716e+11|3.75649e+12|1.12087e+13|1.1265e+13,1.95975e-05|0.000704058|0.000474297|8.13083e-05|4.34245e-05|0.00013444|1.55391e-05|9.97019e-05|0.000640164|2.02429e-05|2.30183e-05|1.34777e-05|0.000379753|3.38246e-05|0.000138816|0.000533313|2.11883e-05|5.27173e-05,0.00010992|0.00551474|0.000184711|0.00107235|0.00522373|0.000669489|0.00877767|0.000256945|0.000287527|0.00100279|0.0010803|0.000170048|0.0016797|0.000148753|0.00414359|0.000989963|0.0022225|0.00330392,0.0181682|0.013944|0.047834|0.0397077|0.00538382|0.00539796|0.0332256|0.0438851|0.0393182|0.00299689|0.0330416|0.0488947|0.0406616|0.0423098|0.0305222|0.0214324|0.0428419|0.0131986,0.0319791|0.0483324|0.0445871|0.0112236|0.0317002|0.0445644|0.00167826|0.014569|0.0286523|0.0462929|0.011185|0.0139893|0.0202115|0.000397484|0.0147697|0.0250331|0.0409884|0.0417374,0.949547|0.98815|0.930488|0.967441|0.984563|0.919444|0.975449|0.927033|0.929325|0.905513|0.949108|0.929167|0.981652|0.969366|0.96879|0.91902|0.940435|0.907225,4.23825|3.35756|0.126822|4.4659|1.58772|3.35572|3.19527|1.71389|0.222765|2.66112|4.01147|0.798633|5.01724|6.20899|0.917544|2.87572|0.302176|4.65403,30.2686|65.1286|89.2299|64.4551|61.2747|27.3217|59.7094|89.5651|97.1045|88.4205|54.7186|56.2706|32.2763|59.8148|55.4093|99.595|65.9961,0.172886|0.170031|0.182578|0.175394|0.206666|0.174425|0.212843|0.243226|0.213508|0.247673|0.249041|0.18736|0.20903|0.171695|0.205609|0.187871|0.161606,0.273933|0.806267|0.875943|0.654898|0.961172|0.795638|0.454684|0.292927|0.956827|0.146572|0.656917|0.442932|0.132326|0.566426|0.120763|0.969103|0.752732,0.935004,0.828035,0.00860061,0.625358,0.653224,0.50567,0.0737287,0.531077,0.0227058,0.913816,20.837,4.14754e-11,47595,0.929259,14.6973,1.66086e-11,23039,0.936476,0.823991,0.0110375,0.713123,0.0635319,0.472453,0.247421,0.530969,0.256238,0.858698,57.5243,1.23991e-10,22329,0.93039,18.7738,4.49782e-10,67358
8,141,n1->n2->n12->n13->n3->n4->n5->n15->n14->n24->n25->n26->n16->n17->n7->n8->n9->n10,1.39914e+12|2.9277e+11|1.02421e+11|6.15644e+13|2.83016e+12|5.18924e+13|9.47619e+11|5.83171e+09|1.73585e+11|7.40688e+10|2.92866e+12|1.18099e+10|5.96789e+12|1.02005e+09|1.67497e+12|2.97761e+13|1.77255e+13|4.52738e+13,1.77398e+11|8.93832e+10|1.31721e+10|1.20015e+13|6.97984e+11|2.57057e+13|5.02465e+11|9.6845e+08|2.66204e+10|4.11162e+10|1.91072e+12|2.80421e+09|5.01145e+12|3.1363e+08|1.7716e+11|3.75649e+12|1.12087e+13|1.1265e+13,1.95975e-05|2.30528e-05|0.000151799|1.91329e-05|2.3201e-05|0.000184583|2.16719e-05|1.34777e-05|0.000296239|0.000277508|2.30183e-05|2.70818e-05|0.000379753|3.38246e-05|0.000138816|0.000533313|2.11883e-05|5.27173e-05,0.00010992|0.000491852|0.00251821|0.00010256|0.00771915|0.000294331|0.00291743|0.000170048|0.000130641|0.00122802|0.0010803|0.00639567|0.0016797|0.000148753|0.00414359|0.000989963|0.0022225|0.00330392,0.0181682|0.0363562|0.0201998|0.0428446|0.0253399|0.00258778|0.0474863|0.0488947|0.0274855|0.0388837|0.0330416|0.0118399|0.0406616|0.0423098|0.0305222|0.0214324|0.0428419|0.0131986,0.0319791|0.0270472|0.0203015|0.0431604|0.0264018|0.0218892|0.0371588|0.0139893|0.0191396|0.00538224|0.011185|0.00604173|0.0202115|0.000397484|0.0147697|0.0250331|0.0409884|0.0417374,0.949547|0.950284|0.954465|0.909054|0.99323|0.900966|0.974548|0.929167|0.94417|0.91123|0.949108|0.90334|0.981652|0.969366|0.96879|0.91902|0.940435|0.907225,4.23825|1.22677|0.174573|0.95656|2.3022|0.446122|4.40271|0.798633|2.66883|4.13113|4.01147|0.282451|5.01724|6.20899|0.917544|2.87572|0.302176|4.65403,79.8117|88.6198|13.9548|83.9106|10.4739|81.7362|35.0583|92.5451|66.6304|18.2346|55.6995|11.0615|32.2763|59.8148|55.4093|99.595|65.9961,0.217184|0.211866|0.198327|0.164875|0.218201|0.241023|0.178893|0.180776|0.242617|0.19579|0.177728|0.236306|0.20903|0.171695|0.205609|0.187871|0.161606,0.641344|0.611032|0.649751|0.456853|0.49652|0.824452|0.280873|0.921574|0.478901|0.160123|0.90653|0.175425|0.132326|0.566426|0.120763|0.969103|0.752732,0.935004,0.828035,0.00860061,0.625358,0.653224,0.50567,0.0737287,0.531077,0.0227058,0.913816,20.837,4.14754e-11,47595,0.929259,14.6973,1.66086e-11,23039,0.936476,0.823991,0.0110375,0.713123,0.0635319,0.472453,0.247421,0.530969,0.256238,0.858698,57.5243,1.23991e-10,22329,0.93039,18.7738,4.49782e-10,67358
8,142,n1->n11->n12->n2->n3->n13->n23->n33->n34->n35->n36->n37->n38->n28->n29->n19->n20->n10,1.39914e+12|6.74446e+13|1.02421e+11|2.9277e+11|2.83016e+12|6.15644e+13|4.82335e+12|8.37382e+09|1.8639e+10|3.91386e+11|1.0066e+09|1.02825e+10|1.70705e+12|2.76771e+12|3.58484e+10|3.10599e+10|1.29136e+12|4.52738e+13,1.77398e+11|6.67907e+13|1.31721e+10|8.93832e+10|6.97984e+11|1.20015e+13|9.44696e+11|3.65063e+09|9.30281e+09|1.2386e+11|6.15185e+08|2.34302e+09|3.78545e+11|1.49094e+12|8.63035e+09|7.39528e+09|5.89601e+11|1.1265e+13,1.95975e-05|0.000704058|0.000151799|2.30528e-05|2.3201e-05|1.91329e-05|8.04044e-05|2.63111e-05|5.25754e-05|2.02429e-05|2.14951e-05|0.000453739|2.82337e-05|2.80987e-05|0.000181638|0.000969765|0.000104918|5.27173e-05,0.00010992|0.00551474|0.00251821|0.000491852|0.00771915|0.00010256|0.00115348|0.00127695|0.000207299|0.00100279|0.00707672|0.00529557|0.00539505|0.00545758|0.000129111|0.000225136|0.000585458|0.00330392,0.0181682|0.013944|0.0201998|0.0363562|0.0253399|0.0428446|0.0125041|0.0417406|0.00528839|0.00299689|0.00219889|0.00876427|0.0374159|0.0345144|0.0483468|0.00384841|0.0288099|0.0131986,0.0319791|0.0483324|0.0203015|0.0270472|0.0264018|0.0431604|0.032598|0.019491|0.00475267|0.0462929|0.0410394|0.0176724|0.0386881|0.00283251|0.00872405|0.0294878|0.0321693|0.0417374,0.949547|0.98815|0.954465|0.950284|0.99323|0.909054|0.965877|0.935955|0.962618|0.905513|0.962381|0.922562|0.903724|0.941873|0.902534|0.902305|0.976331|0.907225,4.23825|3.35756|0.174573|1.22677|2.3022|0.95656|0.534444|0.227076|3.84921|2.66112|1.56914|0.770588|5.74993|4.82396|0.0334453|1.1337|4.981|4.65403,30.2686|24.4191|88.6198|37.015|83.9106|51.9585|76.7594|23.5709|31.5608|18.7034|29.3504|37.0378|23.518|39.0733|84.7043|10.3361|29.3778,0.172886|0.215492|0.211866|0.221489|0.164875|0.186795|0.229061|0.161556|0.174651|0.165537|0.241582|0.240649|0.245508|0.18279|0.195645|0.207438|0.198143,0.273933|0.537123|0.611032|0.940196|0.456853|0.996635|0.851459|0.803928|0.466681|0.688121|0.774487|0.490286|0.494853|0.505031|0.663342|0.257043|0.337655,0.935004,0.828035,0.00860061,0.625358,0.653224,0.50567,0.0737287,0.531077,0.0227058,0.913816,20.837,4.14754e-11,47595,0.929259,14.6973,1.66086e-11,23039,0.936476,0.823991,0.0110375,0.713123,0.0635319,0.472453,0.247421,0.530969,0.256238,0.858698,57.5243,1.23991e-10,22329,0.93039,18.7738,4.49782e-10,67358
8,143,n1->n2->n12->n13->n14->n24->n25->n26->n27->n37->n47->n48->n38->n28->n18->n19->n9->n10,1.39914e+12|2.9277e+11|1.02421e+11|6.15644e+13|1.73585e+11|7.40688e+10|2.92866e+12|1.18099e+10|9.07677e+09|1.02825e+10|2.52178e+12|5.19361e+09|1.70705e+12|2.76771e+12|2.57098e+11|3.10599e+10|1.77255e+13|4.52738e+13,1.77398e+11|8.93832e+10|1.31721e+10|1.20015e+13|2.66204e+10|4.11162e+10|1.91072e+12|2.80421e+09|3.68247e+09|2.34302e+09|7.55616e+11|4.91992e+09|3.78545e+11|1.49094e+12|6.04421e+10|7.39528e+09|1.12087e+13|1.1265e+13,1.95975e-05|2.30528e-05|0.000151799|1.91329e-05|0.000296239|0.000277508|2.30183e-05|2.70818e-05|1.08468e-05|0.000453739|0.000308441|1.07395e-05|2.82337e-05|2.80987e-05|0.000162804|0.000969765|2.11883e-05|5.27173e-05,0.00010992|0.000491852|0.00251821|0.00010256|0.000130641|0.00122802|0.0010803|0.00639567|0.000374531|0.00529557|0.000185634|0.000104748|0.00539505|0.00545758|0.00406814|0.000225136|0.0022225|0.00330392,0.0181682|0.0363562|0.0201998|0.0428446|0.0274855|0.0388837|0.0330416|0.0118399|0.00290834|0.00876427|0.0223175|0.0186721|0.0374159|0.0345144|0.0120126|0.00384841|0.0428419|0.0131986,0.0319791|0.0270472|0.0203015|0.0431604|0.0191396|0.00538224|0.011185|0.00604173|0.0201829|0.0176724|0.0167769|0.0310188|0.0386881|0.00283251|0.0125351|0.0294878|0.0409884|0.0417374,0.949547|0.950284|0.954465|0.909054|0.94417|0.91123|0.949108|0.90334|0.904615|0.922562|0.943667|0.917067|0.903724|0.941873|0.957682|0.902305|0.940435|0.907225,4.23825|1.22677|0.174573|0.95656|2.66883|4.13113|4.01147|0.282451|3.8173|0.770588|2.8304|3.35016|5.74993|4.82396|5.90544|1.1337|0.302176|4.65403,79.8117|88.6198|13.9548|56.34|66.6304|18.2346|55.6995|42.5138|44.8869|88.6669|13.4252|21.8454|23.518|43.2583|28.0546|99.0064|65.9961,0.217184|0.211866|0.198327|0.185456|0.242617|0.19579|0.177728|0.231617|0.249414|0.246593|0.232852|0.222606|0.245508|0.193487|0.231107|0.175436|0.161606,0.641344|0.611032|0.649751|0.544934|0.478901|0.160123|0.90653|0.681145|0.672733|0.687239|0.272839|0.158832|0.494853|0.802216|0.277869|0.269031|0.752732,0.935004,0.828035,0.00860061,0.625358,0.653224,0.50567,0.0737287,0.531077,0.0227058,0.913816,20.837,4.14754e-11,47595,0.929259,14.6973,1.66086e-11,23039,0.936476,0.823991,0.0110375,0.713123,0.0635319,0.472453,0.247421,0.530969,0.256238,0.858698,57.5243,1.23991e-10,22329,0.93039,18.7738,4.49782e-10,67358
8,144,n1->n11->n21->n22->n12->n13->n3->n4->n14->n24->n25->n26->n27->n17->n7->n8->n9->n10,1.39914e+12|6.74446e+13|2.10865e+12|1.04684e+12|1.02421e+11|6.15644e+13|2.83016e+12|5.18924e+13|1.73585e+11|7.40688e+10|2.92866e+12|1.18099e+10|9.07677e+09|1.02005e+09|1.67497e+12|2.97761e+13|1.77255e+13|4.52738e+13,1.77398e+11|6.67907e+13|1.65286e+12|2.87275e+11|1.31721e+10|1.20015e+13|6.97984e+11|2.57057e+13|2.66204e+10|4.11162e+10|1.91072e+12|2.80421e+09|3.68247e+09|3.1363e+08|1.7716e+11|3.75649e+12|1.12087e+13|1.1265e+13,1.95975e-05|0.000704058|0.000474297|0.000315597|0.000151799|1.91329e-05|2.3201e-05|0.000184583|0.000296239|0.000277508|2.30183e-05|2.70818e-05|1.08468e-05|3.38246e-05|0.000138816|0.000533313|2.11883e-05|5.27173e-05,0.00010992|0.00551474|0.000184711|0.00111995|0.00251821|0.00010256|0.00771915|0.000294331|0.000130641|0.00122802|0.0010803|0.00639567|0.000374531|0.000148753|0.00414359|0.000989963|0.0022225|0.00330392,0.0181682|0.013944|0.047834|0.00382452|0.0201998|0.0428446|0.0253399|0.00258778|0.0274855|0.0388837|0.0330416|0.0118399|0.00290834|0.0423098|0.0305222|0.0214324|0.0428419|0.0131986,0.0319791|0.0483324|0.0445871|0.0122344|0.0203015|0.0431604|0.0264018|0.0218892|0.0191396|0.00538224|0.011185|0.00604173|0.0201829|0.000397484|0.0147697|0.0250331|0.0409884|0.0417374,0.949547|0.98815|0.930488|0.98384|0.954465|0.909054|0.99323|0.900966|0.94417|0.91123|0.949108|0.90334|0.904615|0.969366|0.96879|0.91902|0.940435|0.907225,4.23825|3.35756|0.126822|0.236811|0.174573|0.95656|2.3022|0.446122|2.66883|4.13113|4.01147|0.282451|3.8173|6.20899|0.917544|2.87572|0.302176|4.65403,30.2686|65.1286|34.0839|13.2112|13.9548|83.9106|10.4739|52.1141|66.6304|18.2346|55.6995|42.5138|72.2829|59.8148|55.4093|99.595|65.9961,0.172886|0.170031|0.161458|0.160355|0.198327|0.164875|0.218201|0.243468|0.242617|0.19579|0.177728|0.231617|0.202821|0.171695|0.205609|0.187871|0.161606,0.273933|0.806267|0.734507|0.66376|0.649751|0.456853|0.49652|0.237548|0.478901|0.160123|0.90653|0.681145|0.90576|0.566426|0.120763|0.969103|0.752732,0.935004,0.828035,0.00860061,0.625358,0.653224,0.50567,0.0737287,0.531077,0.0227058,0.913816,20.837,4.14754e-11,47595,0.929259,14.6973,1.66086e-11,23039,0.936476,0.823991,0.0110375,0.713123,0.0635319,0.472453,0.247421,0.530969,0.256238,0.858698,57.5243,1.23991e-10,22329,0.93039,18.7738,4.49782e-10,67358
8,145,n1->n2->n12->n13->n3->n4->n5->n15->n14->n24->n25->n26->n27->n28->n18->n8->n9->n10,1.39914e+12|2.9277e+11|1.02421e+11|6.15644e+13|2.83016e+12|5.18924e+13|9.47619e+11|5.83171e+09|1.73585e+11|7.40688e+10|2.92866e+12|1.18099e+10|9.07677e+09|2.76771e+12|2.57098e+11|2.97761e+13|1.77255e+13|4.52738e+13,1.77398e+11|8.93832e+10|1.31721e+10|1.20015e+13|6.97984e+11|2.57057e+13|5.02465e+11|9.6845e+08|2.66204e+10|4.11162e+10|1.91072e+12|2.80421e+09|3.68247e+09|1.49094e+12|6.04421e+10|3.75649e+12|1.12087e+13|1.1265e+13,1.95975e-05|2.30528e-05|0.000151799|1.91329e-05|2.3201e-05|0.000184583|2.16719e-05|1.34777e-05|0.000296239|0.000277508|2.30183e-05|2.70818e-05|1.08468e-05|2.80987e-05|0.000162804|0.000533313|2.11883e-05|5.27173e-05,0.00010992|0.000491852|0.00251821|0.00010256|0.00771915|0.000294331|0.00291743|0.000170048|0.000130641|0.00122802|0.0010803|0.00639567|0.000374531|0.00545758|0.00406814|0.000989963|0.0022225|0.00330392,0.0181682|0.0363562|0.0201998|0.0428446|0.0253399|0.00258778|0.0474863|0.0488947|0.0274855|0.0388837|0.0330416|0.0118399|0.00290834|0.0345144|0.0120126|0.0214324|0.0428419|0.0131986,0.0319791|0.0270472|0.0203015|0.0431604|0.0264018|0.0218892|0.0371588|0.0139893|0.0191396|0.00538224|0.011185|0.00604173|0.0201829|0.00283251|0.0125351|0.0250331|0.0409884|0.0417374,0.949547|0.950284|0.954465|0.909054|0.99323|0.900966|0.974548|0.929167|0.94417|0.91123|0.949108|0.90334|0.904615|0.941873|0.957682|0.91902|0.940435|0.907225,4.23825|1.22677|0.174573|0.95656|2.3022|0.446122|4.40271|0.798633|2.66883|4.13113|4.01147|0.282451|3.8173|4.82396|5.90544|2.87572|0.302176|4.65403,79.8117|88.6198|13.9548|83.9106|10.4739|81.7362|35.0583|92.5451|66.6304|18.2346|55.6995|42.5138|15.3326|43.2583|81.3396|99.595|65.9961,0.217184|0.211866|0.198327|0.164875|0.218201|0.241023|0.178893|0.180776|0.242617|0.19579|0.177728|0.231617|0.171578|0.193487|0.202434|0.187871|0.161606,0.641344|0.611032|0.649751|0.456853|0.49652|0.824452|0.280873|0.921574|0.478901|0.160123|0.90653|0.681145|0.162466|0.802216|0.175208|0.969103|0.752732,0.935004,0.828035,0.00860061,0.625358,0.653224,0.50567,0.0737287,0.531077,0.0227058,0.913816,20.837,4.14754e-11,47595,0.929259,14.6973,1.66086e-11,23039,0.936476,0.823991,0.0110375,0.713123,0.0635319,0.472453,0.247421,0.530969,0.256238,0.858698,57.5243,1.23991e-10,22329,0.93039,18.7738,4.49782e-10,67358
8,146,n1->n2->n12->n11->n21->n22->n32->n33->n23->n24->n14->n4->n5->n6->n7->n8->n9->n10,1.39914e+12|2.9277e+11|1.02421e+11|6.74446e+13|2.10865e+12|1.04684e+12|1.76915e+13|8.37382e+09|4.82335e+12|7.40688e+10|1.73585e+11|5.18924e+13|9.47619e+11|1.3295e+10|1.67497e+12|2.97761e+13|1.77255e+13|4.52738e+13,1.77398e+11|8.93832e+10|1.31721e+10|6.67907e+13|1.65286e+12|2.87275e+11|1.80488e+12|3.65063e+09|9.44696e+11|4.11162e+10|2.66204e+10|2.57057e+13|5.02465e+11|3.05195e+09|1.7716e+11|3.75649e+12|1.12087e+13|1.1265e+13,1.95975e-05|2.30528e-05|0.000151799|0.000704058|0.000474297|0.000315597|2.19175e-05|2.63111e-05|8.04044e-05|0.000277508|0.000296239|0.000184583|2.16719e-05|0.000791651|0.000138816|0.000533313|2.11883e-05|5.27173e-05,0.00010992|0.000491852|0.00251821|0.00551474|0.000184711|0.00111995|0.000875173|0.00127695|0.00115348|0.00122802|0.000130641|0.000294331|0.00291743|0.00210098|0.00414359|0.000989963|0.0022225|0.00330392,0.0181682|0.0363562|0.0201998|0.013944|0.047834|0.00382452|0.042527|0.0417406|0.0125041|0.0388837|0.0274855|0.00258778|0.0474863|0.0394512|0.0305222|0.0214324|0.0428419|0.0131986,0.0319791|0.0270472|0.0203015|0.0483324|0.0445871|0.0122344|0.0482558|0.019491|0.032598|0.00538224|0.0191396|0.0218892|0.0371588|0.0484347|0.0147697|0.0250331|0.0409884|0.0417374,0.949547|0.950284|0.954465|0.98815|0.930488|0.98384|0.956513|0.935955|0.965877|0.91123|0.94417|0.900966|0.974548|0.921987|0.96879|0.91902|0.940435|0.907225,4.23825|1.22677|0.174573|3.35756|0.126822|0.236811|1.33288|0.227076|0.534444|4.13113|2.66883|0.446122|4.40271|2.02122|0.917544|2.87572|0.302176|4.65403,79.8117|88.6198|24.4191|65.1286|34.0839|86.2435|67.4197|76.7594|67.5745|66.6304|52.1141|81.7362|37.2729|32.9383|55.4093|99.595|65.9961,0.217184|0.211866|0.215492|0.170031|0.161458|0.202115|0.229759|0.229061|0.181224|0.242617|0.243468|0.241023|0.205536|0.230383|0.205609|0.187871|0.161606,0.641344|0.611032|0.537123|0.806267|0.734507|0.329678|0.780444|0.851459|0.615936|0.478901|0.237548|0.824452|0.626255|0.704667|0.120763|0.969103|0.752732,0.935004,0.828035,0.00860061,0.625358,0.653224,0.50567,0.0737287,0.531077,0.0227058,0.913816,20.837,4.14754e-11,47595,0.929259,14.6973,1.66086e-11,23039,0.936476,0.823991,0.0110375,0.713123,0.0635319,0.472453,0.247421,0.530969,0.256238,0.858698,57.5243,1.23991e-10,22329,0.93039,18.7738,4.49782e-10,67358
8,147,n1->n2->n3->n4->n14->n13->n23->n33->n34->n35->n36->n26->n16->n17->n18->n8->n9->n10,1.39914e+12|2.9277e+11|2.83016e+12|5.18924e+13|1.73585e+11|6.15644e+13|4.82335e+12|8.37382e+09|1.8639e+10|3.91386e+11|1.0066e+09|1.18099e+10|5.96789e+12|1.02005e+09|2.57098e+11|2.97761e+13|1.77255e+13|4.52738e+13,1.77398e+11|8.93832e+10|6.97984e+11|2.57057e+13|2.66204e+10|1.20015e+13|9.44696e+11|3.65063e+09|9.30281e+09|1.2386e+11|6.15185e+08|2.80421e+09|5.01145e+12|3.1363e+08|6.04421e+10|3.75649e+12|1.12087e+13|1.1265e+13,1.95975e-05|2.30528e-05|2.3201e-05|0.000184583|0.000296239|1.91329e-05|8.04044e-05|2.63111e-05|5.25754e-05|2.02429e-05|2.14951e-05|2.70818e-05|0.000379753|3.38246e-05|0.000162804|0.000533313|2.11883e-05|5.27173e-05,0.00010992|0.000491852|0.00771915|0.000294331|0.000130641|0.00010256|0.00115348|0.00127695|0.000207299|0.00100279|0.00707672|0.00639567|0.0016797|0.000148753|0.00406814|0.000989963|0.0022225|0.00330392,0.0181682|0.0363562|0.0253399|0.00258778|0.0274855|0.0428446|0.0125041|0.0417406|0.00528839|0.00299689|0.00219889|0.0118399|0.0406616|0.0423098|0.0120126|0.0214324|0.0428419|0.0131986,0.0319791|0.0270472|0.0264018|0.0218892|0.0191396|0.0431604|0.032598|0.019491|0.00475267|0.0462929|0.0410394|0.00604173|0.0202115|0.000397484|0.0125351|0.0250331|0.0409884|0.0417374,0.949547|0.950284|0.99323|0.900966|0.94417|0.909054|0.965877|0.935955|0.962618|0.905513|0.962381|0.90334|0.981652|0.969366|0.957682|0.91902|0.940435|0.907225,4.23825|1.22677|2.3022|0.446122|2.66883|0.95656|0.534444|0.227076|3.84921|2.66112|1.56914|0.282451|5.01724|6.20899|5.90544|2.87572|0.302176|4.65403,79.8117|37.015|10.4739|52.1141|56.34|51.9585|76.7594|23.5709|31.5608|18.7034|63.8366|11.0615|32.2763|27.3162|81.3396|99.595|65.9961,0.217184|0.221489|0.218201|0.243468|0.185456|0.186795|0.229061|0.161556|0.174651|0.165537|0.183529|0.236306|0.20903|0.164228|0.202434|0.187871|0.161606,0.641344|0.940196|0.49652|0.237548|0.544934|0.996635|0.851459|0.803928|0.466681|0.688121|0.671641|0.175425|0.132326|0.347372|0.175208|0.969103|0.752732,0.935004,0.828035,0.00860061,0.625358,0.653224,0.50567,0.0737287,0.531077,0.0227058,0.913816,20.837,4.14754e-11,47595,0.929259,14.6973,1.66086e-11,23039,0.936476,0.823991,0.0110375,0.713123,0.0635319,0.472453,0.247421,0.530969,0.256238,0.858698,57.5243,1.23991e-10,22329,0.93039,18.7738,4.49782e-10,67358
8,148,n1->n11->n21->n31->n32->n22->n12->n2->n3->n4->n5->n6->n7->n8->n9->n19->n20->n10,1.39914e+12|6.74446e+13|2.10865e+12|3.52863e+13|1.76915e+13|1.04684e+12|1.02421e+11|2.9277e+11|2.83016e+12|5.18924e+13|9.47619e+11|1.3295e+10|1.67497e+12|2.97761e+13|1.77255e+13|3.10599e+10|1.29136e+12|4.52738e+13,1.77398e+11|6.67907e+13|1.65286e+12|1.10607e+13|1.80488e+12|2.87275e+11|1.31721e+10|8.93832e+10|6.97984e+11|2.57057e+13|5.02465e+11|3.05195e+09|1.7716e+11|3.75649e+12|1.12087e+13|7.39528e+09|5.89601e+11|1.1265e+13,1.95975e-05|0.000704058|0.000474297|8.13083e-05|2.19175e-05|0.000315597|0.000151799|2.30528e-05|2.3201e-05|0.000184583|2.16719e-05|0.000791651|0.000138816|0.000533313|2.11883e-05|0.000969765|0.000104918|5.27173e-05,0.00010992|0.00551474|0.000184711|0.00107235|0.000875173|0.00111995|0.00251821|0.000491852|0.00771915|0.000294331|0.00291743|0.00210098|0.00414359|0.000989963|0.0022225|0.000225136|0.000585458|0.00330392,0.0181682|0.013944|0.047834|0.0397077|0.042527|0.00382452|0.0201998|0.0363562|0.0253399|0.00258778|0.0474863|0.0394512|0.0305222|0.0214324|0.0428419|0.00384841|0.0288099|0.0131986,0.0319791|0.0483324|0.0445871|0.0112236|0.0482558|0.0122344|0.0203015|0.0270472|0.0264018|0.0218892|0.0371588|0.0484347|0.0147697|0.0250331|0.0409884|0.0294878|0.0321693|0.0417374,0.949547|0.98815|0.930488|0.967441|0.956513|0.98384|0.954465|0.950284|0.99323|0.900966|0.974548|0.921987|0.96879|0.91902|0.940435|0.902305|0.976331|0.907225,4.23825|3.35756|0.126822|4.4659|1.33288|0.236811|0.174573|1.22677|2.3022|0.446122|4.40271|2.02122|0.917544|2.87572|0.302176|1.1337|4.981|4.65403,30.2686|65.1286|89.2299|63.0993|86.2435|13.2112|88.6198|37.015|10.4739|81.7362|37.2729|32.9383|55.4093|99.595|99.0064|10.3361|29.3778,0.172886|0.170031|0.182578|0.192934|0.202115|0.160355|0.211866|0.221489|0.218201|0.241023|0.205536|0.230383|0.205609|0.187871|0.175436|0.207438|0.198143,0.273933|0.806267|0.875943|0.147013|0.329678|0.66376|0.611032|0.940196|0.49652|0.824452|0.626255|0.704667|0.120763|0.969103|0.269031|0.257043|0.337655,0.935004,0.828035,0.00860061,0.625358,0.653224,0.50567,0.0737287,0.531077,0.0227058,0.913816,20.837,4.14754e-11,47595,0.929259,14.6973,1.66086e-11,23039,0.936476,0.823991,0.0110375,0.713123,0.0635319,0.472453,0.247421,0.530969,0.256238,0.858698,57.5243,1.23991e-10,22329,0.93039,18.7738,4.49782e-10,67358
8,149,n1->n2->n12->n22->n32->n33->n23->n24->n25->n35->n36->n26->n16->n6->n7->n8->n9->n10,1.39914e+12|2.9277e+11|1.02421e+11|1.04684e+12|1.76915e+13|8.37382e+09|4.82335e+12|7.40688e+10|2.92866e+12|3.91386e+11|1.0066e+09|1.18099e+10|5.96789e+12|1.3295e+10|1.67497e+12|2.97761e+13|1.77255e+13|4.52738e+13,1.77398e+11|8.93832e+10|1.31721e+10|2.87275e+11|1.80488e+12|3.65063e+09|9.44696e+11|4.11162e+10|1.91072e+12|1.2386e+11|6.15185e+08|2.80421e+09|5.01145e+12|3.05195e+09|1.7716e+11|3.75649e+12|1.12087e+13|1.1265e+13,1.95975e-05|2.30528e-05|0.000151799|0.000315597|2.19175e-05|2.63111e-05|8.04044e-05|0.000277508|2.30183e-05|2.02429e-05|2.14951e-05|2.70818e-05|0.000379753|0.000791651|0.000138816|0.000533313|2.11883e-05|5.27173e-05,0.00010992|0.000491852|0.00251821|0.00111995|0.000875173|0.00127695|0.00115348|0.00122802|0.0010803|0.00100279|0.00707672|0.00639567|0.0016797|0.00210098|0.00414359|0.000989963|0.0022225|0.00330392,0.0181682|0.0363562|0.0201998|0.00382452|0.042527|0.0417406|0.0125041|0.0388837|0.0330416|0.00299689|0.00219889|0.0118399|0.0406616|0.0394512|0.0305222|0.0214324|0.0428419|0.0131986,0.0319791|0.0270472|0.0203015|0.0122344|0.0482558|0.019491|0.032598|0.00538224|0.011185|0.0462929|0.0410394|0.00604173|0.0202115|0.0484347|0.0147697|0.0250331|0.0409884|0.0417374,0.949547|0.950284|0.954465|0.98384|0.956513|0.935955|0.965877|0.91123|0.949108|0.905513|0.962381|0.90334|0.981652|0.921987|0.96879|0.91902|0.940435|0.907225,4.23825|1.22677|0.174573|0.236811|1.33288|0.227076|0.534444|4.13113|4.01147|2.66112|1.56914|0.282451|5.01724|2.02122|0.917544|2.87572|0.302176|4.65403,79.8117|88.6198|13.2112|86.2435|67.4197|76.7594|67.5745|18.2346|88.4205|18.7034|63.8366|11.0615|50.0569|32.9383|55.4093|99.595|65.9961,0.217184|0.211866|0.160355|0.202115|0.229759|0.229061|0.181224|0.19579|0.247673|0.165537|0.183529|0.236306|0.218247|0.230383|0.205609|0.187871|0.161606,0.641344|0.611032|0.66376|0.329678|0.780444|0.851459|0.615936|0.160123|0.146572|0.688121|0.671641|0.175425|0.340289|0.704667|0.120763|0.969103|0.752732,0.935004,0.828035,0.00860061,0.625358,0.653224,0.50567,0.0737287,0.531077,0.0227058,0.913816,20.837,4.14754e-11,47595,0.929259,14.6973,1.66086e-11,23039,0.936476,0.823991,0.0110375,0.713123,0.0635319,0.472453,0.247421,0.530969,0.256238,0.858698,57.5243,1.23991e-10,22329,0.93039,18.7738,4.49782e-10,67358
8,150,n1->n11->n21->n31->n41->n42->n43->n44->n45->n35->n36->n26->n16->n17->n7->n8->n9->n10,1.39914e+12|6.74446e+13|2.10865e+12|3.52863e+13|5.45935e+11|4.30699e+10|9.41943e+11|2.37683e+09|6.8751e+12|3.91386e+11|1.0066e+09|1.18099e+10|5.96789e+12|1.02005e+09|1.67497e+12|2.97761e+13|1.77255e+13|4.52738e+13,1.77398e+11|6.67907e+13|1.65286e+12|1.10607e+13|3.34838e+11|8.70192e+09|1.03461e+11|1.13959e+09|3.4946e+12|1.2386e+11|6.15185e+08|2.80421e+09|5.01145e+12|3.1363e+08|1.7716e+11|3.75649e+12|1.12087e+13|1.1265e+13,1.95975e-05|0.000704058|0.000474297|8.13083e-05|4.34245e-05|0.00013444|1.55391e-05|9.97019e-05|0.000640164|2.02429e-05|2.14951e-05|2.70818e-05|0.000379753|3.38246e-05|0.000138816|0.000533313|2.11883e-05|5.27173e-05,0.00010992|0.00551474|0.000184711|0.00107235|0.00522373|0.000669489|0.00877767|0.000256945|0.000287527|0.00100279|0.00707672|0.00639567|0.0016797|0.000148753|0.00414359|0.000989963|0.0022225|0.00330392,0.0181682|0.013944|0.047834|0.0397077|0.00538382|0.00539796|0.0332256|0.0438851|0.0393182|0.00299689|0.00219889|0.0118399|0.0406616|0.0423098|0.0305222|0.0214324|0.0428419|0.0131986,0.0319791|0.0483324|0.0445871|0.0112236|0.0317002|0.0445644|0.00167826|0.014569|0.0286523|0.0462929|0.0410394|0.00604173|0.0202115|0.000397484|0.0147697|0.0250331|0.0409884|0.0417374,0.949547|0.98815|0.930488|0.967441|0.984563|0.919444|0.975449|0.927033|0.929325|0.905513|0.962381|0.90334|0.981652|0.969366|0.96879|0.91902|0.940435|0.907225,4.23825|3.35756|0.126822|4.4659|1.58772|3.35572|3.19527|1.71389|0.222765|2.66112|1.56914|0.282451|5.01724|6.20899|0.917544|2.87572|0.302176|4.65403,30.2686|65.1286|89.2299|64.4551|61.2747|27.3217|59.7094|89.5651|97.1045|18.7034|63.8366|11.0615|32.2763|59.8148|55.4093|99.595|65.9961,0.172886|0.170031|0.182578|0.175394|0.206666|0.174425|0.212843|0.243226|0.213508|0.165537|0.183529|0.236306|0.20903|0.171695|0.205609|0.187871|0.161606,0.273933|0.806267|0.875943|0.654898|0.961172|0.795638|0.454684|0.292927|0.956827|0.688121|0.671641|0.175425|0.132326|0.566426|0.120763|0.969103|0.752732,0.935004,0.828035,0.00860061,0.625358,0.653224,0.50567,0.0737287,0.531077,0.0227058,0.913816,20.837,4.14754e-11,47595,0.929259,14.6973,1.66086e-11,23039,0.936476,0.823991,0.0110375,0.713123,0.0635319,0.472453,0.247421,0.530969,0.256238,0.858698,57.5243,1.23991e-10,22329,0.93039,18.7738,4.49782e-10,67358
8,151,n1->n11->n21->n22->n12->n13->n23->n33->n34->n24->n25->n15->n5->n6->n7->n8->n9->n10,1.39914e+12|6.74446e+13|2.10865e+12|1.04684e+12|1.02421e+11|6.15644e+13|4.82335e+12|8.37382e+09|1.8639e+10|7.40688e+10|2.92866e+12|5.83171e+09|9.47619e+11|1.3295e+10|1.67497e+12|2.97761e+13|1.77255e+13|4.52738e+13,1.77398e+11|6.67907e+13|1.65286e+12|2.87275e+11|1.31721e+10|1.20015e+13|9.44696e+11|3.65063e+09|9.30281e+09|4.11162e+10|1.91072e+12|9.6845e+08|5.02465e+11|3.05195e+09|1.7716e+11|3.75649e+12|1.12087e+13|1.1265e+13,1.95975e-05|0.000704058|0.000474297|0.000315597|0.000151799|1.91329e-05|8.04044e-05|2.63111e-05|5.25754e-05|0.000277508|2.30183e-05|1.34777e-05|2.16719e-05|0.000791651|0.000138816|0.000533313|2.11883e-05|5.27173e-05,0.00010992|0.00551474|0.000184711|0.00111995|0.00251821|0.00010256|0.00115348|0.00127695|0.000207299|0.00122802|0.0010803|0.000170048|0.00291743|0.00210098|0.00414359|0.000989963|0.0022225|0.00330392,0.0181682|0.013944|0.047834|0.00382452|0.0201998|0.0428446|0.0125041|0.0417406|0.00528839|0.0388837|0.0330416|0.0488947|0.0474863|0.0394512|0.0305222|0.0214324|0.0428419|0.0131986,0.0319791|0.0483324|0.0445871|0.0122344|0.0203015|0.0431604|0.032598|0.019491|0.00475267|0.00538224|0.011185|0.0139893|0.0371588|0.0484347|0.0147697|0.0250331|0.0409884|0.0417374,0.949547|0.98815|0.930488|0.98384|0.954465|0.909054|0.965877|0.935955|0.962618|0.91123|0.949108|0.929167|0.974548|0.921987|0.96879|0.91902|0.940435|0.907225,4.23825|3.35756|0.126822|0.236811|0.174573|0.95656|0.534444|0.227076|3.84921|4.13113|4.01147|0.798633|4.40271|2.02122|0.917544|2.87572|0.302176|4.65403,30.2686|65.1286|34.0839|13.2112|13.9548|51.9585|76.7594|23.5709|58.7029|18.2346|54.7186|35.0583|37.2729|32.9383|55.4093|99.595|65.9961,0.172886|0.170031|0.161458|0.160355|0.198327|0.186795|0.229061|0.161556|0.203558|0.19579|0.249041|0.178893|0.205536|0.230383|0.205609|0.187871|0.161606,0.273933|0.806267|0.734507|0.66376|0.649751|0.996635|0.851459|0.803928|0.490403|0.160123|0.656917|0.280873|0.626255|0.704667|0.120763|0.969103|0.752732,0.935004,0.828035,0.00860061,0.625358,0.653224,0.50567,0.0737287,0.531077,0.0227058,0.913816,20.837,4.14754e-11,47595,0.929259,14.6973,1.66086e-11,23039,0.936476,0.823991,0.0110375,0.713123,0.0635319,0.472453,0.247421,0.530969,0.256238,0.858698,57.5243,1.23991e-10,22329,0.93039,18.7738,4.49782e-10,67358
8,152,n1->n11->n21->n31->n41->n42->n32->n22->n23->n24->n14->n4->n5->n6->n7->n8->n9->n10,1.39914e+12|6.74446e+13|2.10865e+12|3.52863e+13|5.45935e+11|4.30699e+10|1.76915e+13|1.04684e+12|4.82335e+12|7.40688e+10|1.73585e+11|5.18924e+13|9.47619e+11|1.3295e+10|1.67497e+12|2.97761e+13|1.77255e+13|4.52738e+13,1.77398e+11|6.67907e+13|1.65286e+12|1.10607e+13|3.34838e+11|8.70192e+09|1.80488e+12|2.87275e+11|9.44696e+11|4.11162e+10|2.66204e+10|2.57057e+13|5.02465e+11|3.05195e+09|1.7716e+11|3.75649e+12|1.12087e+13|1.1265e+13,1.95975e-05|0.000704058|0.000474297|8.13083e-05|4.34245e-05|0.00013444|2.19175e-05|0.000315597|8.04044e-05|0.000277508|0.000296239|0.000184583|2.16719e-05|0.000791651|0.000138816|0.000533313|2.11883e-05|5.27173e-05,0.00010992|0.00551474|0.000184711|0.00107235|0.00522373|0.000669489|0.000875173|0.00111995|0.00115348|0.00122802|0.000130641|0.000294331|0.00291743|0.00210098|0.00414359|0.000989963|0.0022225|0.00330392,0.0181682|0.013944|0.047834|0.0397077|0.00538382|0.00539796|0.042527|0.00382452|0.0125041|0.0388837|0.0274855|0.00258778|0.0474863|0.0394512|0.0305222|0.0214324|0.0428419|0.0131986,0.0319791|0.0483324|0.0445871|0.0112236|0.0317002|0.0445644|0.0482558|0.0122344|0.032598|0.00538224|0.0191396|0.0218892|0.0371588|0.0484347|0.0147697|0.0250331|0.0409884|0.0417374,0.949547|0.98815|0.930488|0.967441|0.984563|0.919444|0.956513|0.98384|0.965877|0.91123|0.94417|0.900966|0.974548|0.921987|0.96879|0.91902|0.940435|0.907225,4.23825|3.35756|0.126822|4.4659|1.58772|3.35572|1.33288|0.236811|0.534444|4.13113|2.66883|0.446122|4.40271|2.02122|0.917544|2.87572|0.302176|4.65403,30.2686|65.1286|89.2299|64.4551|61.2747|70.8805|86.2435|55.8812|67.5745|66.6304|52.1141|81.7362|37.2729|32.9383|55.4093|99.595|65.9961,0.172886|0.170031|0.182578|0.175394|0.206666|0.212531|0.202115|0.19455|0.181224|0.242617|0.243468|0.241023|0.205536|0.230383|0.205609|0.187871|0.161606,0.273933|0.806267|0.875943|0.654898|0.961172|0.176282|0.329678|0.279654|0.615936|0.478901|0.237548|0.824452|0.626255|0.704667|0.120763|0.969103|0.752732,0.935004,0.828035,0.00860061,0.625358,0.653224,0.50567,0.0737287,0.531077,0.0227058,0.913816,20.837,4.14754e-11,47595,0.929259,14.6973,1.66086e-11,23039,0.936476,0.823991,0.0110375,0.713123,0.0635319,0.472453,0.247421,0.530969,0.256238,0.858698,57.5243,1.23991e-10,22329,0.93039,18.7738,4.49782e-10,67358
8,153,n1->n2->n12->n13->n14->n24->n25->n35->n45->n46->n47->n37->n27->n28->n29->n19->n9->n10,1.39914e+12|2.9277e+11|1.02421e+11|6.15644e+13|1.73585e+11|7.40688e+10|2.92866e+12|3.91386e+11|6.8751e+12|1.24376e+13|2.52178e+12|1.02825e+10|9.07677e+09|2.76771e+12|3.58484e+10|3.10599e+10|1.77255e+13|4.52738e+13,1.77398e+11|8.93832e+10|1.31721e+10|1.20015e+13|2.66204e+10|4.11162e+10|1.91072e+12|1.2386e+11|3.4946e+12|2.16675e+12|7.55616e+11|2.34302e+09|3.68247e+09|1.49094e+12|8.63035e+09|7.39528e+09|1.12087e+13|1.1265e+13,1.95975e-05|2.30528e-05|0.000151799|1.91329e-05|0.000296239|0.000277508|2.30183e-05|2.02429e-05|0.000640164|0.000183437|0.000308441|0.000453739|1.08468e-05|2.80987e-05|0.000181638|0.000969765|2.11883e-05|5.27173e-05,0.00010992|0.000491852|0.00251821|0.00010256|0.000130641|0.00122802|0.0010803|0.00100279|0.000287527|0.00125238|0.000185634|0.00529557|0.000374531|0.00545758|0.000129111|0.000225136|0.0022225|0.00330392,0.0181682|0.0363562|0.0201998|0.0428446|0.0274855|0.0388837|0.0330416|0.00299689|0.0393182|0.000222477|0.0223175|0.00876427|0.00290834|0.0345144|0.0483468|0.00384841|0.0428419|0.0131986,0.0319791|0.0270472|0.0203015|0.0431604|0.0191396|0.00538224|0.011185|0.0462929|0.0286523|0.0497172|0.0167769|0.0176724|0.0201829|0.00283251|0.00872405|0.0294878|0.0409884|0.0417374,0.949547|0.950284|0.954465|0.909054|0.94417|0.91123|0.949108|0.905513|0.929325|0.977361|0.943667|0.922562|0.904615|0.941873|0.902534|0.902305|0.940435|0.907225,4.23825|1.22677|0.174573|0.95656|2.66883|4.13113|4.01147|2.66112|0.222765|3.05659|2.8304|0.770588|3.8173|4.82396|0.0334453|1.1337|0.302176|4.65403,79.8117|88.6198|13.9548|56.34|66.6304|18.2346|88.4205|97.1045|61.2725|46.986|88.6669|44.8869|15.3326|39.0733|84.7043|99.0064|65.9961,0.217184|0.211866|0.198327|0.185456|0.242617|0.19579|0.247673|0.213508|0.229228|0.23242|0.246593|0.249414|0.171578|0.18279|0.195645|0.175436|0.161606,0.641344|0.611032|0.649751|0.544934|0.478901|0.160123|0.146572|0.956827|0.927701|0.858578|0.687239|0.672733|0.162466|0.505031|0.663342|0.269031|0.752732,0.935004,0.828035,0.00860061,0.625358,0.653224,0.50567,0.0737287,0.531077,0.0227058,0.913816,20.837,4.14754e-11,47595,0.929259,14.6973,1.66086e-11,23039,0.936476,0.823991,0.0110375,0.713123,0.0635319,0.472453,0.247421,0.530969,0.256238,0.858698,57.5243,1.23991e-10,22329,0.93039,18.7738,4.49782e-10,67358
8,154,n1->n11->n12->n2->n3->n13->n14->n24->n25->n35->n36->n37->n38->n39->n29->n30->n20->n10,1.39914e+12|6.74446e+13|1.02421e+11|2.9277e+11|2.83016e+12|6.15644e+13|1.73585e+11|7.40688e+10|2.92866e+12|3.91386e+11|1.0066e+09|1.02825e+10|1.70705e+12|7.47639e+11|3.58484e+10|9.94883e+10|1.29136e+12|4.52738e+13,1.77398e+11|6.67907e+13|1.31721e+10|8.93832e+10|6.97984e+11|1.20015e+13|2.66204e+10|4.11162e+10|1.91072e+12|1.2386e+11|6.15185e+08|2.34302e+09|3.78545e+11|2.38503e+11|8.63035e+09|7.62123e+10|5.89601e+11|1.1265e+13,1.95975e-05|0.000704058|0.000151799|2.30528e-05|2.3201e-05|1.91329e-05|0.000296239|0.000277508|2.30183e-05|2.02429e-05|2.14951e-05|0.000453739|2.82337e-05|1.04996e-05|0.000181638|0.000436038|0.000104918|5.27173e-05,0.00010992|0.00551474|0.00251821|0.000491852|0.00771915|0.00010256|0.000130641|0.00122802|0.0010803|0.00100279|0.00707672|0.00529557|0.00539505|0.00624201|0.000129111|0.00666947|0.000585458|0.00330392,0.0181682|0.013944|0.0201998|0.0363562|0.0253399|0.0428446|0.0274855|0.0388837|0.0330416|0.00299689|0.00219889|0.00876427|0.0374159|0.0271945|0.0483468|0.0266891|0.0288099|0.0131986,0.0319791|0.0483324|0.0203015|0.0270472|0.0264018|0.0431604|0.0191396|0.00538224|0.011185|0.0462929|0.0410394|0.0176724|0.0386881|0.0412577|0.00872405|0.0224373|0.0321693|0.0417374,0.949547|0.98815|0.954465|0.950284|0.99323|0.909054|0.94417|0.91123|0.949108|0.905513|0.962381|0.922562|0.903724|0.962274|0.902534|0.936657|0.976331|0.907225,4.23825|3.35756|0.174573|1.22677|2.3022|0.95656|2.66883|4.13113|4.01147|2.66112|1.56914|0.770588|5.74993|5.00577|0.0334453|0.291653|4.981|4.65403,30.2686|24.4191|88.6198|37.015|83.9106|56.34|66.6304|18.2346|88.4205|18.7034|29.3504|37.0378|69.5993|44.1502|83.4704|23.9015|29.3778,0.172886|0.215492|0.211866|0.221489|0.164875|0.185456|0.242617|0.19579|0.247673|0.165537|0.241582|0.240649|0.169851|0.190974|0.24104|0.24759|0.198143,0.273933|0.537123|0.611032|0.940196|0.456853|0.544934|0.478901|0.160123|0.146572|0.688121|0.774487|0.490286|0.558345|0.726408|0.881928|0.695631|0.337655,0.935004,0.828035,0.00860061,0.625358,0.653224,0.50567,0.0737287,0.531077,0.0227058,0.913816,20.837,4.14754e-11,47595,0.929259,14.6973,1.66086e-11,23039,0.936476,0.823991,0.0110375,0.713123,0.0635319,0.472453,0.247421,0.530969,0.256238,0.858698,57.5243,1.23991e-10,22329,0.93039,18.7738,4.49782e-10,67358
8,155,n1->n11->n12->n22->n23->n13->n14->n15->n25->n26->n36->n37->n27->n17->n7->n8->n9->n10,1.39914e+12|6.74446e+13|1.02421e+11|1.04684e+12|4.82335e+12|6.15644e+13|1.73585e+11|5.83171e+09|2.92866e+12|1.18099e+10|1.0066e+09|1.02825e+10|9.07677e+09|1.02005e+09|1.67497e+12|2.97761e+13|1.77255e+13|4.52738e+13,1.77398e+11|6.67907e+13|1.31721e+10|2.87275e+11|9.44696e+11|1.20015e+13|2.66204e+10|9.6845e+08|1.91072e+12|2.80421e+09|6.15185e+08|2.34302e+09|3.68247e+09|3.1363e+08|1.7716e+11|3.75649e+12|1.12087e+13|1.1265e+13,1.95975e-05|0.000704058|0.000151799|0.000315597|8.04044e-05|1.91329e-05|0.000296239|1.34777e-05|2.30183e-05|2.70818e-05|2.14951e-05|0.000453739|1.08468e-05|3.38246e-05|0.000138816|0.000533313|2.11883e-05|5.27173e-05,0.00010992|0.00551474|0.00251821|0.00111995|0.00115348|0.00010256|0.000130641|0.000170048|0.0010803|0.00639567|0.00707672|0.00529557|0.000374531|0.000148753|0.00414359|0.000989963|0.0022225|0.00330392,0.0181682|0.013944|0.0201998|0.00382452|0.0125041|0.0428446|0.0274855|0.0488947|0.0330416|0.0118399|0.00219889|0.00876427|0.00290834|0.0423098|0.0305222|0.0214324|0.0428419|0.0131986,0.0319791|0.0483324|0.0203015|0.0122344|0.032598|0.0431604|0.0191396|0.0139893|0.011185|0.00604173|0.0410394|0.0176724|0.0201829|0.000397484|0.0147697|0.0250331|0.0409884|0.0417374,0.949547|0.98815|0.954465|0.98384|0.965877|0.909054|0.94417|0.929167|0.949108|0.90334|0.962381|0.922562|0.904615|0.969366|0.96879|0.91902|0.940435|0.907225,4.23825|3.35756|0.174573|0.236811|0.534444|0.95656|2.66883|0.798633|4.01147|0.282451|1.56914|0.770588|3.8173|6.20899|0.917544|2.87572|0.302176|4.65403,30.2686|24.4191|13.2112|55.8812|51.9585|56.34|92.5451|54.7186|55.6995|63.8366|29.3504|44.8869|72.2829|59.8148|55.4093|99.595|65.9961,0.172886|0.215492|0.160355|0.19455|0.186795|0.185456|0.180776|0.249041|0.177728|0.183529|0.241582|0.249414|0.202821|0.171695|0.205609|0.187871|0.161606,0.273933|0.537123|0.66376|0.279654|0.996635|0.544934|0.921574|0.656917|0.90653|0.671641|0.774487|0.672733|0.90576|0.566426|0.120763|0.969103|0.752732,0.935004,0.828035,0.00860061,0.625358,0.653224,0.50567,0.0737287,0.531077,0.0227058,0.913816,20.837,4.14754e-11,47595,0.929259,14.6973,1.66086e-11,23039,0.936476,0.823991,0.0110375,0.713123,0.0635319,0.472453,0.247421,0.530969,0.256238,0.858698,57.5243,1.23991e-10,22329,0.93039,18.7738,4.49782e-10,67358
8,156,n1->n11->n12->n2->n3->n13->n23->n33->n34->n35->n36->n37->n38->n28->n29->n19->n9->n10,1.39914e+12|6.74446e+13|1.02421e+11|2.9277e+11|2.83016e+12|6.15644e+13|4.82335e+12|8.37382e+09|1.8639e+10|3.91386e+11|1.0066e+09|1.02825e+10|1.70705e+12|2.76771e+12|3.58484e+10|3.10599e+10|1.77255e+13|4.52738e+13,1.77398e+11|6.67907e+13|1.31721e+10|8.93832e+10|6.97984e+11|1.20015e+13|9.44696e+11|3.65063e+09|9.30281e+09|1.2386e+11|6.15185e+08|2.34302e+09|3.78545e+11|1.49094e+12|8.63035e+09|7.39528e+09|1.12087e+13|1.1265e+13,1.95975e-05|0.000704058|0.000151799|2.30528e-05|2.3201e-05|1.91329e-05|8.04044e-05|2.63111e-05|5.25754e-05|2.02429e-05|2.14951e-05|0.000453739|2.82337e-05|2.80987e-05|0.000181638|0.000969765|2.11883e-05|5.27173e-05,0.00010992|0.00551474|0.00251821|0.000491852|0.00771915|0.00010256|0.00115348|0.00127695|0.000207299|0.00100279|0.00707672|0.00529557|0.00539505|0.00545758|0.000129111|0.000225136|0.0022225|0.00330392,0.0181682|0.013944|0.0201998|0.0363562|0.0253399|0.0428446|0.0125041|0.0417406|0.00528839|0.00299689|0.00219889|0.00876427|0.0374159|0.0345144|0.0483468|0.00384841|0.0428419|0.0131986,0.0319791|0.0483324|0.0203015|0.0270472|0.0264018|0.0431604|0.032598|0.019491|0.00475267|0.0462929|0.0410394|0.0176724|0.0386881|0.00283251|0.00872405|0.0294878|0.0409884|0.0417374,0.949547|0.98815|0.954465|0.950284|0.99323|0.909054|0.965877|0.935955|0.962618|0.905513|0.962381|0.922562|0.903724|0.941873|0.902534|0.902305|0.940435|0.907225,4.23825|3.35756|0.174573|1.22677|2.3022|0.95656|0.534444|0.227076|3.84921|2.66112|1.56914|0.770588|5.74993|4.82396|0.0334453|1.1337|0.302176|4.65403,30.2686|24.4191|88.6198|37.015|83.9106|51.9585|76.7594|23.5709|31.5608|18.7034|29.3504|37.0378|23.518|39.0733|84.7043|99.0064|65.9961,0.172886|0.215492|0.211866|0.221489|0.164875|0.186795|0.229061|0.161556|0.174651|0.165537|0.241582|0.240649|0.245508|0.18279|0.195645|0.175436|0.161606,0.273933|0.537123|0.611032|0.940196|0.456853|0.996635|0.851459|0.803928|0.466681|0.688121|0.774487|0.490286|0.494853|0.505031|0.663342|0.269031|0.752732,0.935004,0.828035,0.00860061,0.625358,0.653224,0.50567,0.0737287,0.531077,0.0227058,0.913816,20.837,4.14754e-11,47595,0.929259,14.6973,1.66086e-11,23039,0.936476,0.823991,0.0110375,0.713123,0.0635319,0.472453,0.247421,0.530969,0.256238,0.858698,57.5243,1.23991e-10,22329,0.93039,18.7738,4.49782e-10,67358
8,157,n1->n11->n21->n31->n41->n42->n32->n33->n23->n24->n14->n15->n16->n17->n18->n8->n9->n10,1.39914e+12|6.74446e+13|2.10865e+12|3.52863e+13|5.45935e+11|4.30699e+10|1.76915e+13|8.37382e+09|4.82335e+12|7.40688e+10|1.73585e+11|5.83171e+09|5.96789e+12|1.02005e+09|2.57098e+11|2.97761e+13|1.77255e+13|4.52738e+13,1.77398e+11|6.67907e+13|1.65286e+12|1.10607e+13|3.34838e+11|8.70192e+09|1.80488e+12|3.65063e+09|9.44696e+11|4.11162e+10|2.66204e+10|9.6845e+08|5.01145e+12|3.1363e+08|6.04421e+10|3.75649e+12|1.12087e+13|1.1265e+13,1.95975e-05|0.000704058|0.000474297|8.13083e-05|4.34245e-05|0.00013444|2.19175e-05|2.63111e-05|8.04044e-05|0.000277508|0.000296239|1.34777e-05|0.000379753|3.38246e-05|0.000162804|0.000533313|2.11883e-05|5.27173e-05,0.00010992|0.00551474|0.000184711|0.00107235|0.00522373|0.000669489|0.000875173|0.00127695|0.00115348|0.00122802|0.000130641|0.000170048|0.0016797|0.000148753|0.00406814|0.000989963|0.0022225|0.00330392,0.0181682|0.013944|0.047834|0.0397077|0.00538382|0.00539796|0.042527|0.0417406|0.0125041|0.0388837|0.0274855|0.0488947|0.0406616|0.0423098|0.0120126|0.0214324|0.0428419|0.0131986,0.0319791|0.0483324|0.0445871|0.0112236|0.0317002|0.0445644|0.0482558|0.019491|0.032598|0.00538224|0.0191396|0.0139893|0.0202115|0.000397484|0.0125351|0.0250331|0.0409884|0.0417374,0.949547|0.98815|0.930488|0.967441|0.984563|0.919444|0.956513|0.935955|0.965877|0.91123|0.94417|0.929167|0.981652|0.969366|0.957682|0.91902|0.940435|0.907225,4.23825|3.35756|0.126822|4.4659|1.58772|3.35572|1.33288|0.227076|0.534444|4.13113|2.66883|0.798633|5.01724|6.20899|5.90544|2.87572|0.302176|4.65403,30.2686|65.1286|89.2299|64.4551|61.2747|70.8805|67.4197|76.7594|67.5745|66.6304|92.5451|56.2706|32.2763|27.3162|81.3396|99.595|65.9961,0.172886|0.170031|0.182578|0.175394|0.206666|0.212531|0.229759|0.229061|0.181224|0.242617|0.180776|0.18736|0.20903|0.164228|0.202434|0.187871|0.161606,0.273933|0.806267|0.875943|0.654898|0.961172|0.176282|0.780444|0.851459|0.615936|0.478901|0.921574|0.442932|0.132326|0.347372|0.175208|0.969103|0.752732,0.935004,0.828035,0.00860061,0.625358,0.653224,0.50567,0.0737287,0.531077,0.0227058,0.913816,20.837,4.14754e-11,47595,0.929259,14.6973,1.66086e-11,23039,0.936476,0.823991,0.0110375,0.713123,0.0635319,0.472453,0.247421,0.530969,0.256238,0.858698,57.5243,1.23991e-10,22329,0.93039,18.7738,4.49782e-10,67358
8,158,n1->n11->n21->n31->n41->n42->n43->n33->n34->n35->n36->n26->n27->n28->n18->n8->n9->n10,1.39914e+12|6.74446e+13|2.10865e+12|3.52863e+13|5.45935e+11|4.30699e+10|9.41943e+11|8.37382e+09|1.8639e+10|3.91386e+11|1.0066e+09|1.18099e+10|9.07677e+09|2.76771e+12|2.57098e+11|2.97761e+13|1.77255e+13|4.52738e+13,1.77398e+11|6.67907e+13|1.65286e+12|1.10607e+13|3.34838e+11|8.70192e+09|1.03461e+11|3.65063e+09|9.30281e+09|1.2386e+11|6.15185e+08|2.80421e+09|3.68247e+09|1.49094e+12|6.04421e+10|3.75649e+12|1.12087e+13|1.1265e+13,1.95975e-05|0.000704058|0.000474297|8.13083e-05|4.34245e-05|0.00013444|1.55391e-05|2.63111e-05|5.25754e-05|2.02429e-05|2.14951e-05|2.70818e-05|1.08468e-05|2.80987e-05|0.000162804|0.000533313|2.11883e-05|5.27173e-05,0.00010992|0.00551474|0.000184711|0.00107235|0.00522373|0.000669489|0.00877767|0.00127695|0.000207299|0.00100279|0.00707672|0.00639567|0.000374531|0.00545758|0.00406814|0.000989963|0.0022225|0.00330392,0.0181682|0.013944|0.047834|0.0397077|0.00538382|0.00539796|0.0332256|0.0417406|0.00528839|0.00299689|0.00219889|0.0118399|0.00290834|0.0345144|0.0120126|0.0214324|0.0428419|0.0131986,0.0319791|0.0483324|0.0445871|0.0112236|0.0317002|0.0445644|0.00167826|0.019491|0.00475267|0.0462929|0.0410394|0.00604173|0.0201829|0.00283251|0.0125351|0.0250331|0.0409884|0.0417374,0.949547|0.98815|0.930488|0.967441|0.984563|0.919444|0.975449|0.935955|0.962618|0.905513|0.962381|0.90334|0.904615|0.941873|0.957682|0.91902|0.940435|0.907225,4.23825|3.35756|0.126822|4.4659|1.58772|3.35572|3.19527|0.227076|3.84921|2.66112|1.56914|0.282451|3.8173|4.82396|5.90544|2.87572|0.302176|4.65403,30.2686|65.1286|89.2299|64.4551|61.2747|27.3217|49.6282|23.5709|31.5608|18.7034|63.8366|42.5138|15.3326|43.2583|81.3396|99.595|65.9961,0.172886|0.170031|0.182578|0.175394|0.206666|0.174425|0.209444|0.161556|0.174651|0.165537|0.183529|0.231617|0.171578|0.193487|0.202434|0.187871|0.161606,0.273933|0.806267|0.875943|0.654898|0.961172|0.795638|0.804441|0.803928|0.466681|0.688121|0.671641|0.681145|0.162466|0.802216|0.175208|0.969103|0.752732,0.935004,0.828035,0.00860061,0.625358,0.653224,0.50567,0.0737287,0.531077,0.0227058,0.913816,20.837,4.14754e-11,47595,0.929259,14.6973,1.66086e-11,23039,0.936476,0.823991,0.0110375,0.713123,0.0635319,0.472453,0.247421,0.530969,0.256238,0.858698,57.5243,1.23991e-10,22329,0.93039,18.7738,4.49782e-10,67358
8,159,n1->n2->n3->n13->n12->n11->n21->n22->n23->n24->n14->n4->n5->n6->n7->n8->n9->n10,1.39914e+12|2.9277e+11|2.83016e+12|6.15644e+13|1.02421e+11|6.74446e+13|2.10865e+12|1.04684e+12|4.82335e+12|7.40688e+10|1.73585e+11|5.18924e+13|9.47619e+11|1.3295e+10|1.67497e+12|2.97761e+13|1.77255e+13|4.52738e+13,1.77398e+11|8.93832e+10|6.97984e+11|1.20015e+13|1.31721e+10|6.67907e+13|1.65286e+12|2.87275e+11|9.44696e+11|4.11162e+10|2.66204e+10|2.57057e+13|5.02465e+11|3.05195e+09|1.7716e+11|3.75649e+12|1.12087e+13|1.1265e+13,1.95975e-05|2.30528e-05|2.3201e-05|1.91329e-05|0.000151799|0.000704058|0.000474297|0.000315597|8.04044e-05|0.000277508|0.000296239|0.000184583|2.16719e-05|0.000791651|0.000138816|0.000533313|2.11883e-05|5.27173e-05,0.00010992|0.000491852|0.00771915|0.00010256|0.00251821|0.00551474|0.000184711|0.00111995|0.00115348|0.00122802|0.000130641|0.000294331|0.00291743|0.00210098|0.00414359|0.000989963|0.0022225|0.00330392,0.0181682|0.0363562|0.0253399|0.0428446|0.0201998|0.013944|0.047834|0.00382452|0.0125041|0.0388837|0.0274855|0.00258778|0.0474863|0.0394512|0.0305222|0.0214324|0.0428419|0.0131986,0.0319791|0.0270472|0.0264018|0.0431604|0.0203015|0.0483324|0.0445871|0.0122344|0.032598|0.00538224|0.0191396|0.0218892|0.0371588|0.0484347|0.0147697|0.0250331|0.0409884|0.0417374,0.949547|0.950284|0.99323|0.909054|0.954465|0.98815|0.930488|0.98384|0.965877|0.91123|0.94417|0.900966|0.974548|0.921987|0.96879|0.91902|0.940435|0.907225,4.23825|1.22677|2.3022|0.95656|0.174573|3.35756|0.126822|0.236811|0.534444|4.13113|2.66883|0.446122|4.40271|2.02122|0.917544|2.87572|0.302176|4.65403,79.8117|37.015|83.9106|13.9548|24.4191|65.1286|34.0839|55.8812|67.5745|66.6304|52.1141|81.7362|37.2729|32.9383|55.4093|99.595|65.9961,0.217184|0.221489|0.164875|0.198327|0.215492|0.170031|0.161458|0.19455|0.181224|0.242617|0.243468|0.241023|0.205536|0.230383|0.205609|0.187871|0.161606,0.641344|0.940196|0.456853|0.649751|0.537123|0.806267|0.734507|0.279654|0.615936|0.478901|0.237548|0.824452|0.626255|0.704667|0.120763|0.969103|0.752732,0.935004,0.828035,0.00860061,0.625358,0.653224,0.50567,0.0737287,0.531077,0.0227058,0.913816,20.837,4.14754e-11,47595,0.929259,14.6973,1.66086e-11,23039,0.936476,0.823991,0.0110375,0.713123,0.0635319,0.472453,0.247421,0.530969,0.256238,0.858698,57.5243,1.23991e-10,22329,0.93039,18.7738,4.49782e-10,67358
8,160,n1->n11->n21->n22->n12->n2->n3->n13->n14->n24->n25->n26->n16->n6->n7->n8->n9->n10,1.39914e+12|6.74446e+13|2.10865e+12|1.04684e+12|1.02421e+11|2.9277e+11|2.83016e+12|6.15644e+13|1.73585e+11|7.40688e+10|2.92866e+12|1.18099e+10|5.96789e+12|1.3295e+10|1.67497e+12|2.97761e+13|1.77255e+13|4.52738e+13,1.77398e+11|6.67907e+13|1.65286e+12|2.87275e+11|1.31721e+10|8.93832e+10|6.97984e+11|1.20015e+13|2.66204e+10|4.11162e+10|1.91072e+12|2.80421e+09|5.01145e+12|3.05195e+09|1.7716e+11|3.75649e+12|1.12087e+13|1.1265e+13,1.95975e-05|0.000704058|0.000474297|0.000315597|0.000151799|2.30528e-05|2.3201e-05|1.91329e-05|0.000296239|0.000277508|2.30183e-05|2.70818e-05|0.000379753|0.000791651|0.000138816|0.000533313|2.11883e-05|5.27173e-05,0.00010992|0.00551474|0.000184711|0.00111995|0.00251821|0.000491852|0.00771915|0.00010256|0.000130641|0.00122802|0.0010803|0.00639567|0.0016797|0.00210098|0.00414359|0.000989963|0.0022225|0.00330392,0.0181682|0.013944|0.047834|0.00382452|0.0201998|0.0363562|0.0253399|0.0428446|0.0274855|0.0388837|0.0330416|0.0118399|0.0406616|0.0394512|0.0305222|0.0214324|0.0428419|0.0131986,0.0319791|0.0483324|0.0445871|0.0122344|0.0203015|0.0270472|0.0264018|0.0431604|0.0191396|0.00538224|0.011185|0.00604173|0.0202115|0.0484347|0.0147697|0.0250331|0.0409884|0.0417374,0.949547|0.98815|0.930488|0.98384|0.954465|0.950284|0.99323|0.909054|0.94417|0.91123|0.949108|0.90334|0.981652|0.921987|0.96879|0.91902|0.940435|0.907225,4.23825|3.35756|0.126822|0.236811|0.174573|1.22677|2.3022|0.95656|2.66883|4.13113|4.01147|0.282451|5.01724|2.02122|0.917544|2.87572|0.302176|4.65403,30.2686|65.1286|34.0839|13.2112|88.6198|37.015|83.9106|56.34|66.6304|18.2346|55.6995|11.0615|50.0569|32.9383|55.4093|99.595|65.9961,0.172886|0.170031|0.161458|0.160355|0.211866|0.221489|0.164875|0.185456|0.242617|0.19579|0.177728|0.236306|0.218247|0.230383|0.205609|0.187871|0.161606,0.273933|0.806267|0.734507|0.66376|0.611032|0.940196|0.456853|0.544934|0.478901|0.160123|0.90653|0.175425|0.340289|0.704667|0.120763|0.969103|0.752732,0.935004,0.828035,0.00860061,0.625358,0.653224,0.50567,0.0737287,0.531077,0.0227058,0.913816,20.837,4.14754e-11,47595,0.929259,14.6973,1.66086e-11,23039,0.936476,0.823991,0.0110375,0.713123,0.0635319,0.472453,0.247421,0.530969,0.256238,0.858698,57.5243,1.23991e-10,22329,0.93039,18.7738,4.49782e-10,67358
8,161,n1->n11->n12->n2->n3->n4->n14->n24->n34->n35->n45->n46->n36->n26->n16->n17->n18->n19->n20->n10,1.39914e+12|6.74446e+13|1.02421e+11|2.9277e+11|2.83016e+12|5.18924e+13|1.73585e+11|7.40688e+10|1.8639e+10|3.91386e+11|6.8751e+12|1.24376e+13|1.0066e+09|1.18099e+10|5.96789e+12|1.02005e+09|2.57098e+11|3.10599e+10|1.29136e+12|4.52738e+13,1.77398e+11|6.67907e+13|1.31721e+10|8.93832e+10|6.97984e+11|2.57057e+13|2.66204e+10|4.11162e+10|9.30281e+09|1.2386e+11|3.4946e+12|2.16675e+12|6.15185e+08|2.80421e+09|5.01145e+12|3.1363e+08|6.04421e+10|7.39528e+09|5.89601e+11|1.1265e+13,1.95975e-05|0.000704058|0.000151799|2.30528e-05|2.3201e-05|0.000184583|0.000296239|0.000277508|5.25754e-05|2.02429e-05|0.000640164|0.000183437|2.14951e-05|2.70818e-05|0.000379753|3.38246e-05|0.000162804|0.000969765|0.000104918|5.27173e-05,0.00010992|0.00551474|0.00251821|0.000491852|0.00771915|0.000294331|0.000130641|0.00122802|0.000207299|0.00100279|0.000287527|0.00125238|0.00707672|0.00639567|0.0016797|0.000148753|0.00406814|0.000225136|0.000585458|0.00330392,0.0181682|0.013944|0.0201998|0.0363562|0.0253399|0.00258778|0.0274855|0.0388837|0.00528839|0.00299689|0.0393182|0.000222477|0.00219889|0.0118399|0.0406616|0.0423098|0.0120126|0.00384841|0.0288099|0.0131986,0.0319791|0.0483324|0.0203015|0.0270472|0.0264018|0.0218892|0.0191396|0.00538224|0.00475267|0.0462929|0.0286523|0.0497172|0.0410394|0.00604173|0.0202115|0.000397484|0.0125351|0.0294878|0.0321693|0.0417374,0.949547|0.98815|0.954465|0.950284|0.99323|0.900966|0.94417|0.91123|0.962618|0.905513|0.929325|0.977361|0.962381|0.90334|0.981652|0.969366|0.957682|0.902305|0.976331|0.907225,4.23825|3.35756|0.174573|1.22677|2.3022|0.446122|2.66883|4.13113|3.84921|2.66112|0.222765|3.05659|1.56914|0.282451|5.01724|6.20899|5.90544|1.1337|4.981|4.65403,30.2686|24.4191|88.6198|37.015|10.4739|52.1141|66.6304|58.7029|31.5608|97.1045|61.2725|70.4589|63.8366|11.0615|32.2763|27.3162|28.0546|10.3361|29.3778,0.172886|0.215492|0.211866|0.221489|0.218201|0.243468|0.242617|0.203558|0.174651|0.213508|0.229228|0.161724|0.183529|0.236306|0.20903|0.164228|0.231107|0.207438|0.198143,0.273933|0.537123|0.611032|0.940196|0.49652|0.237548|0.478901|0.490403|0.466681|0.956827|0.927701|0.532348|0.671641|0.175425|0.132326|0.347372|0.277869|0.257043|0.337655,0.935004,0.828035,0.00860061,0.625358,0.653224,0.50567,0.0737287,0.531077,0.0227058,0.913816,20.837,4.14754e-11,47595,0.929259,14.6973,1.66086e-11,23039,0.936476,0.823991,0.0110375,0.713123,0.0635319,0.472453,0.247421,0.530969,0.256238,0.858698,57.5243,1.23991e-10,22329,0.93039,18.7738,4.49782e-10,67358
8,162,n1->n11->n21->n31->n32->n22->n23->n24->n34->n35->n36->n26->n16->n17->n27->n28->n18->n19->n9->n10,1.39914e+12|6.74446e+13|2.10865e+12|3.52863e+13|1.76915e+13|1.04684e+12|4.82335e+12|7.40688e+10|1.8639e+10|3.91386e+11|1.0066e+09|1.18099e+10|5.96789e+12|1.02005e+09|9.07677e+09|2.76771e+12|2.57098e+11|3.10599e+10|1.77255e+13|4.52738e+13,1.77398e+11|6.67907e+13|1.65286e+12|1.10607e+13|1.80488e+12|2.87275e+11|9.44696e+11|4.11162e+10|9.30281e+09|1.2386e+11|6.15185e+08|2.80421e+09|5.01145e+12|3.1363e+08|3.68247e+09|1.49094e+12|6.04421e+10|7.39528e+09|1.12087e+13|1.1265e+13,1.95975e-05|0.000704058|0.000474297|8.13083e-05|2.19175e-05|0.000315597|8.04044e-05|0.000277508|5.25754e-05|2.02429e-05|2.14951e-05|2.70818e-05|0.000379753|3.38246e-05|1.08468e-05|2.80987e-05|0.000162804|0.000969765|2.11883e-05|5.27173e-05,0.00010992|0.00551474|0.000184711|0.00107235|0.000875173|0.00111995|0.00115348|0.00122802|0.000207299|0.00100279|0.00707672|0.00639567|0.0016797|0.000148753|0.000374531|0.00545758|0.00406814|0.000225136|0.0022225|0.00330392,0.0181682|0.013944|0.047834|0.0397077|0.042527|0.00382452|0.0125041|0.0388837|0.00528839|0.00299689|0.00219889|0.0118399|0.0406616|0.0423098|0.00290834|0.0345144|0.0120126|0.00384841|0.0428419|0.0131986,0.0319791|0.0483324|0.0445871|0.0112236|0.0482558|0.0122344|0.032598|0.00538224|0.00475267|0.0462929|0.0410394|0.00604173|0.0202115|0.000397484|0.0201829|0.00283251|0.0125351|0.0294878|0.0409884|0.0417374,0.949547|0.98815|0.930488|0.967441|0.956513|0.98384|0.965877|0.91123|0.962618|0.905513|0.962381|0.90334|0.981652|0.969366|0.904615|0.941873|0.957682|0.902305|0.940435|0.907225,4.23825|3.35756|0.126822|4.4659|1.33288|0.236811|0.534444|4.13113|3.84921|2.66112|1.56914|0.282451|5.01724|6.20899|3.8173|4.82396|5.90544|1.1337|0.302176|4.65403,30.2686|65.1286|89.2299|63.0993|86.2435|55.8812|67.5745|58.7029|31.5608|18.7034|63.8366|11.0615|32.2763|72.2829|15.3326|43.2583|28.0546|99.0064|65.9961,0.172886|0.170031|0.182578|0.192934|0.202115|0.19455|0.181224|0.203558|0.174651|0.165537|0.183529|0.236306|0.20903|0.202821|0.171578|0.193487|0.231107|0.175436|0.161606,0.273933|0.806267|0.875943|0.147013|0.329678|0.279654|0.615936|0.490403|0.466681|0.688121|0.671641|0.175425|0.132326|0.90576|0.162466|0.802216|0.277869|0.269031|0.752732,0.935004,0.828035,0.00860061,0.625358,0.653224,0.50567,0.0737287,0.531077,0.0227058,0.913816,20.837,4.14754e-11,47595,0.929259,14.6973,1.66086e-11,23039,0.936476,0.823991,0.0110375,0.713123,0.0635319,0.472453,0.247421,0.530969,0.256238,0.858698,57.5243,1.23991e-10,22329,0.93039,18.7738,4.49782e-10,67358
8,163,n1->n11->n21->n22->n32->n33->n34->n24->n25->n35->n45->n46->n47->n48->n49->n50->n40->n30->n20->n10,1.39914e+12|6.74446e+13|2.10865e+12|1.04684e+12|1.76915e+13|8.37382e+09|1.8639e+10|7.40688e+10|2.92866e+12|3.91386e+11|6.8751e+12|1.24376e+13|2.52178e+12|5.19361e+09|4.11017e+12|3.36067e+09|2.91514e+12|9.94883e+10|1.29136e+12|4.52738e+13,1.77398e+11|6.67907e+13|1.65286e+12|2.87275e+11|1.80488e+12|3.65063e+09|9.30281e+09|4.11162e+10|1.91072e+12|1.2386e+11|3.4946e+12|2.16675e+12|7.55616e+11|4.91992e+09|5.10411e+11|4.49044e+08|2.43009e+12|7.62123e+10|5.89601e+11|1.1265e+13,1.95975e-05|0.000704058|0.000474297|0.000315597|2.19175e-05|2.63111e-05|5.25754e-05|0.000277508|2.30183e-05|2.02429e-05|0.000640164|0.000183437|0.000308441|1.07395e-05|0.000930775|3.64834e-05|2.82467e-05|0.000436038|0.000104918|5.27173e-05,0.00010992|0.00551474|0.000184711|0.00111995|0.000875173|0.00127695|0.000207299|0.00122802|0.0010803|0.00100279|0.000287527|0.00125238|0.000185634|0.000104748|0.000471413|0.000105651|0.00025363|0.00666947|0.000585458|0.00330392,0.0181682|0.013944|0.047834|0.00382452|0.042527|0.0417406|0.00528839|0.0388837|0.0330416|0.00299689|0.0393182|0.000222477|0.0223175|0.0186721|0.0321208|0.0493026|0.0356271|0.0266891|0.0288099|0.0131986,0.0319791|0.0483324|0.0445871|0.0122344|0.0482558|0.019491|0.00475267|0.00538224|0.011185|0.0462929|0.0286523|0.0497172|0.0167769|0.0310188|0.00553599|0.0299192|0.0250697|0.0224373|0.0321693|0.0417374,0.949547|0.98815|0.930488|0.98384|0.956513|0.935955|0.962618|0.91123|0.949108|0.905513|0.929325|0.977361|0.943667|0.917067|0.967401|0.957721|0.95692|0.936657|0.976331|0.907225,4.23825|3.35756|0.126822|0.236811|1.33288|0.227076|3.84921|4.13113|4.01147|2.66112|0.222765|3.05659|2.8304|3.35016|5.28074|6.02534|4.4519|0.291653|4.981|4.65403,30.2686|65.1286|34.0839|86.2435|67.4197|23.5709|58.7029|18.2346|88.4205|97.1045|61.2725|46.986|13.4252|52.0957|38.9947|91.3525|98.0873|23.9015|29.3778,0.172886|0.170031|0.161458|0.202115|0.229759|0.161556|0.203558|0.19579|0.247673|0.213508|0.229228|0.23242|0.232852|0.175697|0.211204|0.222092|0.219445|0.24759|0.198143,0.273933|0.806267|0.734507|0.329678|0.780444|0.803928|0.490403|0.160123|0.146572|0.956827|0.927701|0.858578|0.272839|0.848296|0.563059|0.797987|0.794091|0.695631|0.337655,0.935004,0.828035,0.00860061,0.625358,0.653224,0.50567,0.0737287,0.531077,0.0227058,0.913816,20.837,4.14754e-11,47595,0.929259,14.6973,1.66086e-11,23039,0.936476,0.823991,0.0110375,0.713123,0.0635319,0.472453,0.247421,0.530969,0.256238,0.858698,57.5243,1.23991e-10,22329,0.93039,18.7738,4.49782e-10,67358
8,164,n1->n11->n21->n31->n41->n51->n52->n42->n43->n33->n34->n24->n25->n15->n16->n17->n7->n8->n9->n10,1.39914e+12|6.74446e+13|2.10865e+12|3.52863e+13|5.45935e+11|1.44593e+13|6.02198e+10|4.30699e+10|9.41943e+11|8.37382e+09|1.8639e+10|7.40688e+10|2.92866e+12|5.83171e+09|5.96789e+12|1.02005e+09|1.67497e+12|2.97761e+13|1.77255e+13|4.52738e+13,1.77398e+11|6.67907e+13|1.65286e+12|1.10607e+13|3.34838e+11|9.42734e+12|1.68456e+10|8.70192e+09|1.03461e+11|3.65063e+09|9.30281e+09|4.11162e+10|1.91072e+12|9.6845e+08|5.01145e+12|3.1363e+08|1.7716e+11|3.75649e+12|1.12087e+13|1.1265e+13,1.95975e-05|0.000704058|0.000474297|8.13083e-05|4.34245e-05|4.77534e-05|4.15618e-05|0.00013444|1.55391e-05|2.63111e-05|5.25754e-05|0.000277508|2.30183e-05|1.34777e-05|0.000379753|3.38246e-05|0.000138816|0.000533313|2.11883e-05|5.27173e-05,0.00010992|0.00551474|0.000184711|0.00107235|0.00522373|0.000467441|0.000214138|0.000669489|0.00877767|0.00127695|0.000207299|0.00122802|0.0010803|0.000170048|0.0016797|0.000148753|0.00414359|0.000989963|0.0022225|0.00330392,0.0181682|0.013944|0.047834|0.0397077|0.00538382|0.0145869|0.0186705|0.00539796|0.0332256|0.0417406|0.00528839|0.0388837|0.0330416|0.0488947|0.0406616|0.0423098|0.0305222|0.0214324|0.0428419|0.0131986,0.0319791|0.0483324|0.0445871|0.0112236|0.0317002|0.0173348|0.0240454|0.0445644|0.00167826|0.019491|0.00475267|0.00538224|0.011185|0.0139893|0.0202115|0.000397484|0.0147697|0.0250331|0.0409884|0.0417374,0.949547|0.98815|0.930488|0.967441|0.984563|0.935103|0.968469|0.919444|0.975449|0.935955|0.962618|0.91123|0.949108|0.929167|0.981652|0.969366|0.96879|0.91902|0.940435|0.907225,4.23825|3.35756|0.126822|4.4659|1.58772|0.879669|4.46884|3.35572|3.19527|0.227076|3.84921|4.13113|4.01147|0.798633|5.01724|6.20899|0.917544|2.87572|0.302176|4.65403,30.2686|65.1286|89.2299|64.4551|23.0914|43.4967|93.5115|27.3217|49.6282|23.5709|58.7029|18.2346|54.7186|56.2706|32.2763|59.8148|55.4093|99.595|65.9961,0.172886|0.170031|0.182578|0.175394|0.24328|0.229632|0.181883|0.174425|0.209444|0.161556|0.203558|0.19579|0.249041|0.18736|0.20903|0.171695|0.205609|0.187871|0.161606,0.273933|0.806267|0.875943|0.654898|0.526093|0.478976|0.858539|0.795638|0.804441|0.803928|0.490403|0.160123|0.656917|0.442932|0.132326|0.566426|0.120763|0.969103|0.752732,0.935004,0.828035,0.00860061,0.625358,0.653224,0.50567,0.0737287,0.531077,0.0227058,0.913816,20.837,4.14754e-11,47595,0.929259,14.6973,1.66086e-11,23039,0.936476,0.823991,0.0110375,0.713123,0.0635319,0.472453,0.247421,0.530969,0.256238,0.858698,57.5243,1.23991e-10,22329,0.93039,18.7738,4.49782e-10,67358
8,165,n1->n11->n12->n22->n23->n33->n34->n35->n36->n46->n56->n57->n47->n48->n49->n50->n40->n30->n20->n10,1.39914e+12|6.74446e+13|1.02421e+11|1.04684e+12|4.82335e+12|8.37382e+09|1.8639e+10|3.91386e+11|1.0066e+09|1.24376e+13|4.25067e+13|9.93872e+13|2.52178e+12|5.19361e+09|4.11017e+12|3.36067e+09|2.91514e+12|9.94883e+10|1.29136e+12|4.52738e+13,1.77398e+11|6.67907e+13|1.31721e+10|2.87275e+11|9.44696e+11|3.65063e+09|9.30281e+09|1.2386e+11|6.15185e+08|2.16675e+12|6.17146e+12|8.69401e+13|7.55616e+11|4.91992e+09|5.10411e+11|4.49044e+08|2.43009e+12|7.62123e+10|5.89601e+11|1.1265e+13,1.95975e-05|0.000704058|0.000151799|0.000315597|8.04044e-05|2.63111e-05|5.25754e-05|2.02429e-05|2.14951e-05|0.000183437|0.000573535|0.000621132|0.000308441|1.07395e-05|0.000930775|3.64834e-05|2.82467e-05|0.000436038|0.000104918|5.27173e-05,0.00010992|0.00551474|0.00251821|0.00111995|0.00115348|0.00127695|0.000207299|0.00100279|0.00707672|0.00125238|0.00199946|0.00175622|0.000185634|0.000104748|0.000471413|0.000105651|0.00025363|0.00666947|0.000585458|0.00330392,0.0181682|0.013944|0.0201998|0.00382452|0.0125041|0.0417406|0.00528839|0.00299689|0.00219889|0.000222477|0.0288431|0.0261396|0.0223175|0.0186721|0.0321208|0.0493026|0.0356271|0.0266891|0.0288099|0.0131986,0.0319791|0.0483324|0.0203015|0.0122344|0.032598|0.019491|0.00475267|0.0462929|0.0410394|0.0497172|0.0375669|0.0268139|0.0167769|0.0310188|0.00553599|0.0299192|0.0250697|0.0224373|0.0321693|0.0417374,0.949547|0.98815|0.954465|0.98384|0.965877|0.935955|0.962618|0.905513|0.962381|0.977361|0.96897|0.901419|0.943667|0.917067|0.967401|0.957721|0.95692|0.936657|0.976331|0.907225,4.23825|3.35756|0.174573|0.236811|0.534444|0.227076|3.84921|2.66112|1.56914|3.05659|0.694457|3.13826|2.8304|3.35016|5.28074|6.02534|4.4519|0.291653|4.981|4.65403,30.2686|24.4191|13.2112|55.8812|76.7594|23.5709|31.5608|18.7034|70.4589|31.554|71.5316|88.8597|13.4252|52.0957|38.9947|91.3525|98.0873|23.9015|29.3778,0.172886|0.215492|0.160355|0.19455|0.229061|0.161556|0.174651|0.165537|0.161724|0.190263|0.180501|0.216608|0.232852|0.175697|0.211204|0.222092|0.219445|0.24759|0.198143,0.273933|0.537123|0.66376|0.279654|0.851459|0.803928|0.466681|0.688121|0.532348|0.566734|0.525251|0.487568|0.272839|0.848296|0.563059|0.797987|0.794091|0.695631|0.337655,0.935004,0.828035,0.00860061,0.625358,0.653224,0.50567,0.0737287,0.531077,0.0227058,0.913816,20.837,4.14754e-11,47595,0.929259,14.6973,1.66086e-11,23039,0.936476,0.823991,0.0110375,0.713123,0.0635319,0.472453,0.247421,0.530969,0.256238,0.858698,57.5243,1.23991e-10,22329,0.93039,18.7738,4.49782e-10,67358
8,166,n1->n11->n21->n22->n23->n24->n14->n4->n5->n15->n25->n35->n36->n37->n38->n39->n29->n30->n20->n10,1.39914e+12|6.74446e+13|2.10865e+12|1.04684e+12|4.82335e+12|7.40688e+10|1.73585e+11|5.18924e+13|9.47619e+11|5.83171e+09|2.92866e+12|3.91386e+11|1.0066e+09|1.02825e+10|1.70705e+12|7.47639e+11|3.58484e+10|9.94883e+10|1.29136e+12|4.52738e+13,1.77398e+11|6.67907e+13|1.65286e+12|2.87275e+11|9.44696e+11|4.11162e+10|2.66204e+10|2.57057e+13|5.02465e+11|9.6845e+08|1.91072e+12|1.2386e+11|6.15185e+08|2.34302e+09|3.78545e+11|2.38503e+11|8.63035e+09|7.62123e+10|5.89601e+11|1.1265e+13,1.95975e-05|0.000704058|0.000474297|0.000315597|8.04044e-05|0.000277508|0.000296239|0.000184583|2.16719e-05|1.34777e-05|2.30183e-05|2.02429e-05|2.14951e-05|0.000453739|2.82337e-05|1.04996e-05|0.000181638|0.000436038|0.000104918|5.27173e-05,0.00010992|0.00551474|0.000184711|0.00111995|0.00115348|0.00122802|0.000130641|0.000294331|0.00291743|0.000170048|0.0010803|0.00100279|0.00707672|0.00529557|0.00539505|0.00624201|0.000129111|0.00666947|0.000585458|0.00330392,0.0181682|0.013944|0.047834|0.00382452|0.0125041|0.0388837|0.0274855|0.00258778|0.0474863|0.0488947|0.0330416|0.00299689|0.00219889|0.00876427|0.0374159|0.0271945|0.0483468|0.0266891|0.0288099|0.0131986,0.0319791|0.0483324|0.0445871|0.0122344|0.032598|0.00538224|0.0191396|0.0218892|0.0371588|0.0139893|0.011185|0.0462929|0.0410394|0.0176724|0.0386881|0.0412577|0.00872405|0.0224373|0.0321693|0.0417374,0.949547|0.98815|0.930488|0.98384|0.965877|0.91123|0.94417|0.900966|0.974548|0.929167|0.949108|0.905513|0.962381|0.922562|0.903724|0.962274|0.902534|0.936657|0.976331|0.907225,4.23825|3.35756|0.126822|0.236811|0.534444|4.13113|2.66883|0.446122|4.40271|0.798633|4.01147|2.66112|1.56914|0.770588|5.74993|5.00577|0.0334453|0.291653|4.981|4.65403,30.2686|65.1286|34.0839|55.8812|67.5745|66.6304|52.1141|81.7362|35.0583|54.7186|88.4205|18.7034|29.3504|37.0378|69.5993|44.1502|83.4704|23.9015|29.3778,0.172886|0.170031|0.161458|0.19455|0.181224|0.242617|0.243468|0.241023|0.178893|0.249041|0.247673|0.165537|0.241582|0.240649|0.169851|0.190974|0.24104|0.24759|0.198143,0.273933|0.806267|0.734507|0.279654|0.615936|0.478901|0.237548|0.824452|0.280873|0.656917|0.146572|0.688121|0.774487|0.490286|0.558345|0.726408|0.881928|0.695631|0.337655,0.935004,0.828035,0.00860061,0.625358,0.653224,0.50567,0.0737287,0.531077,0.0227058,0.913816,20.837,4.14754e-11,47595,0.929259,14.6973,1.66086e-11,23039,0.936476,0.823991,0.0110375,0.713123,0.0635319,0.472453,0.247421,0.530969,0.256238,0.858698,57.5243,1.23991e-10,22329,0.93039,18.7738,4.49782e-10,67358
8,167,n1->n2->n3->n4->n5->n6->n7->n8->n18->n17->n27->n26->n36->n37->n38->n39->n40->n30->n20->n10,1.39914e+12|2.9277e+11|2.83016e+12|5.18924e+13|9.47619e+11|1.3295e+10|1.67497e+12|2.97761e+13|2.57098e+11|1.02005e+09|9.07677e+09|1.18099e+10|1.0066e+09|1.02825e+10|1.70705e+12|7.47639e+11|2.91514e+12|9.94883e+10|1.29136e+12|4.52738e+13,1.77398e+11|8.93832e+10|6.97984e+11|2.57057e+13|5.02465e+11|3.05195e+09|1.7716e+11|3.75649e+12|6.04421e+10|3.1363e+08|3.68247e+09|2.80421e+09|6.15185e+08|2.34302e+09|3.78545e+11|2.38503e+11|2.43009e+12|7.62123e+10|5.89601e+11|1.1265e+13,1.95975e-05|2.30528e-05|2.3201e-05|0.000184583|2.16719e-05|0.000791651|0.000138816|0.000533313|0.000162804|3.38246e-05|1.08468e-05|2.70818e-05|2.14951e-05|0.000453739|2.82337e-05|1.04996e-05|2.82467e-05|0.000436038|0.000104918|5.27173e-05,0.00010992|0.000491852|0.00771915|0.000294331|0.00291743|0.00210098|0.00414359|0.000989963|0.00406814|0.000148753|0.000374531|0.00639567|0.00707672|0.00529557|0.00539505|0.00624201|0.00025363|0.00666947|0.000585458|0.00330392,0.0181682|0.0363562|0.0253399|0.00258778|0.0474863|0.0394512|0.0305222|0.0214324|0.0120126|0.0423098|0.00290834|0.0118399|0.00219889|0.00876427|0.0374159|0.0271945|0.0356271|0.0266891|0.0288099|0.0131986,0.0319791|0.0270472|0.0264018|0.0218892|0.0371588|0.0484347|0.0147697|0.0250331|0.0125351|0.000397484|0.0201829|0.00604173|0.0410394|0.0176724|0.0386881|0.0412577|0.0250697|0.0224373|0.0321693|0.0417374,0.949547|0.950284|0.99323|0.900966|0.974548|0.921987|0.96879|0.91902|0.957682|0.969366|0.904615|0.90334|0.962381|0.922562|0.903724|0.962274|0.95692|0.936657|0.976331|0.907225,4.23825|1.22677|2.3022|0.446122|4.40271|2.02122|0.917544|2.87572|5.90544|6.20899|3.8173|0.282451|1.56914|0.770588|5.74993|5.00577|4.4519|0.291653|4.981|4.65403,79.8117|37.015|10.4739|81.7362|37.2729|32.9383|55.4093|81.3396|27.3162|72.2829|42.5138|63.8366|29.3504|37.0378|69.5993|86.0567|98.0873|23.9015|29.3778,0.217184|0.221489|0.218201|0.241023|0.205536|0.230383|0.205609|0.202434|0.164228|0.202821|0.231617|0.183529|0.241582|0.240649|0.169851|0.191018|0.219445|0.24759|0.198143,0.641344|0.940196|0.49652|0.824452|0.626255|0.704667|0.120763|0.175208|0.347372|0.90576|0.681145|0.671641|0.774487|0.490286|0.558345|0.745373|0.794091|0.695631|0.337655,0.935004,0.828035,0.00860061,0.625358,0.653224,0.50567,0.0737287,0.531077,0.0227058,0.913816,20.837,4.14754e-11,47595,0.929259,14.6973,1.66086e-11,23039,0.936476,0.823991,0.0110375,0.713123,0.0635319,0.472453,0.247421,0.530969,0.256238,0.858698,57.5243,1.23991e-10,22329,0.93039,18.7738,4.49782e-10,67358
8,168,n1->n2->n12->n11->n21->n31->n32->n22->n23->n33->n34->n35->n36->n26->n16->n17->n7->n8->n9->n10,1.39914e+12|2.9277e+11|1.02421e+11|6.74446e+13|2.10865e+12|3.52863e+13|1.76915e+13|1.04684e+12|4.82335e+12|8.37382e+09|1.8639e+10|3.91386e+11|1.0066e+09|1.18099e+10|5.96789e+12|1.02005e+09|1.67497e+12|2.97761e+13|1.77255e+13|4.52738e+13,1.77398e+11|8.93832e+10|1.31721e+10|6.67907e+13|1.65286e+12|1.10607e+13|1.80488e+12|2.87275e+11|9.44696e+11|3.65063e+09|9.30281e+09|1.2386e+11|6.15185e+08|2.80421e+09|5.01145e+12|3.1363e+08|1.7716e+11|3.75649e+12|1.12087e+13|1.1265e+13,1.95975e-05|2.30528e-05|0.000151799|0.000704058|0.000474297|8.13083e-05|2.19175e-05|0.000315597|8.04044e-05|2.63111e-05|5.25754e-05|2.02429e-05|2.14951e-05|2.70818e-05|0.000379753|3.38246e-05|0.000138816|0.000533313|2.11883e-05|5.27173e-05,0.00010992|0.000491852|0.00251821|0.00551474|0.000184711|0.00107235|0.000875173|0.00111995|0.00115348|0.00127695|0.000207299|0.00100279|0.00707672|0.00639567|0.0016797|0.000148753|0.00414359|0.000989963|0.0022225|0.00330392,0.0181682|0.0363562|0.0201998|0.013944|0.047834|0.0397077|0.042527|0.00382452|0.0125041|0.0417406|0.00528839|0.00299689|0.00219889|0.0118399|0.0406616|0.0423098|0.0305222|0.0214324|0.0428419|0.0131986,0.0319791|0.0270472|0.0203015|0.0483324|0.0445871|0.0112236|0.0482558|0.0122344|0.032598|0.019491|0.00475267|0.0462929|0.0410394|0.00604173|0.0202115|0.000397484|0.0147697|0.0250331|0.0409884|0.0417374,0.949547|0.950284|0.954465|0.98815|0.930488|0.967441|0.956513|0.98384|0.965877|0.935955|0.962618|0.905513|0.962381|0.90334|0.981652|0.969366|0.96879|0.91902|0.940435|0.907225,4.23825|1.22677|0.174573|3.35756|0.126822|4.4659|1.33288|0.236811|0.534444|0.227076|3.84921|2.66112|1.56914|0.282451|5.01724|6.20899|0.917544|2.87572|0.302176|4.65403,79.8117|88.6198|24.4191|65.1286|89.2299|63.0993|86.2435|55.8812|76.7594|23.5709|31.5608|18.7034|63.8366|11.0615|32.2763|59.8148|55.4093|99.595|65.9961,0.217184|0.211866|0.215492|0.170031|0.182578|0.192934|0.202115|0.19455|0.229061|0.161556|0.174651|0.165537|0.183529|0.236306|0.20903|0.171695|0.205609|0.187871|0.161606,0.641344|0.611032|0.537123|0.806267|0.875943|0.147013|0.329678|0.279654|0.851459|0.803928|0.466681|0.688121|0.671641|0.175425|0.132326|0.566426|0.120763|0.969103|0.752732,0.935004,0.828035,0.00860061,0.625358,0.653224,0.50567,0.0737287,0.531077,0.0227058,0.913816,20.837,4.14754e-11,47595,0.929259,14.6973,1.66086e-11,23039,0.936476,0.823991,0.0110375,0.713123,0.0635319,0.472453,0.247421,0.530969,0.256238,0.858698,57.5243,1.23991e-10,22329,0.93039,18.7738,4.49782e-10,67358
8,169,n1->n2->n3->n13->n23->n33->n34->n35->n45->n55->n56->n46->n47->n37->n27->n17->n18->n8->n9->n10,1.39914e+12|2.9277e+11|2.83016e+12|6.15644e+13|4.82335e+12|8.37382e+09|1.8639e+10|3.91386e+11|6.8751e+12|2.1242e+10|4.25067e+13|1.24376e+13|2.52178e+12|1.02825e+10|9.07677e+09|1.02005e+09|2.57098e+11|2.97761e+13|1.77255e+13|4.52738e+13,1.77398e+11|8.93832e+10|6.97984e+11|1.20015e+13|9.44696e+11|3.65063e+09|9.30281e+09|1.2386e+11|3.4946e+12|1.12791e+10|6.17146e+12|2.16675e+12|7.55616e+11|2.34302e+09|3.68247e+09|3.1363e+08|6.04421e+10|3.75649e+12|1.12087e+13|1.1265e+13,1.95975e-05|2.30528e-05|2.3201e-05|1.91329e-05|8.04044e-05|2.63111e-05|5.25754e-05|2.02429e-05|0.000640164|2.18671e-05|0.000573535|0.000183437|0.000308441|0.000453739|1.08468e-05|3.38246e-05|0.000162804|0.000533313|2.11883e-05|5.27173e-05,0.00010992|0.000491852|0.00771915|0.00010256|0.00115348|0.00127695|0.000207299|0.00100279|0.000287527|0.000371108|0.00199946|0.00125238|0.000185634|0.00529557|0.000374531|0.000148753|0.00406814|0.000989963|0.0022225|0.00330392,0.0181682|0.0363562|0.0253399|0.0428446|0.0125041|0.0417406|0.00528839|0.00299689|0.0393182|0.0155911|0.0288431|0.000222477|0.0223175|0.00876427|0.00290834|0.0423098|0.0120126|0.0214324|0.0428419|0.0131986,0.0319791|0.0270472|0.0264018|0.0431604|0.032598|0.019491|0.00475267|0.0462929|0.0286523|0.0498217|0.0375669|0.0497172|0.0167769|0.0176724|0.0201829|0.000397484|0.0125351|0.0250331|0.0409884|0.0417374,0.949547|0.950284|0.99323|0.909054|0.965877|0.935955|0.962618|0.905513|0.929325|0.920384|0.96897|0.977361|0.943667|0.922562|0.904615|0.969366|0.957682|0.91902|0.940435|0.907225,4.23825|1.22677|2.3022|0.95656|0.534444|0.227076|3.84921|2.66112|0.222765|0.811834|0.694457|3.05659|2.8304|0.770588|3.8173|6.20899|5.90544|2.87572|0.302176|4.65403,79.8117|37.015|83.9106|51.9585|76.7594|23.5709|31.5608|97.1045|43.8659|40.979|31.554|46.986|88.6669|44.8869|72.2829|27.3162|81.3396|99.595|65.9961,0.217184|0.221489|0.164875|0.186795|0.229061|0.161556|0.174651|0.213508|0.195465|0.215468|0.190263|0.23242|0.246593|0.249414|0.202821|0.164228|0.202434|0.187871|0.161606,0.641344|0.940196|0.456853|0.996635|0.851459|0.803928|0.466681|0.956827|0.16576|0.485541|0.566734|0.858578|0.687239|0.672733|0.90576|0.347372|0.175208|0.969103|0.752732,0.935004,0.828035,0.00860061,0.625358,0.653224,0.50567,0.0737287,0.531077,0.0227058,0.913816,20.837,4.14754e-11,47595,0.929259,14.6973,1.66086e-11,23039,0.936476,0.823991,0.0110375,0.713123,0.0635319,0.472453,0.247421,0.530969,0.256238,0.858698,57.5243,1.23991e-10,22329,0.93039,18.7738,4.49782e-10,67358
8,170,n1->n2->n3->n13->n23->n33->n34->n35->n36->n46->n47->n48->n38->n37->n27->n17->n18->n19->n20->n10,1.39914e+12|2.9277e+11|2.83016e+12|6.15644e+13|4.82335e+12|8.37382e+09|1.8639e+10|3.91386e+11|1.0066e+09|1.24376e+13|2.52178e+12|5.19361e+09|1.70705e+12|1.02825e+10|9.07677e+09|1.02005e+09|2.57098e+11|3.10599e+10|1.29136e+12|4.52738e+13,1.77398e+11|8.93832e+10|6.97984e+11|1.20015e+13|9.44696e+11|3.65063e+09|9.30281e+09|1.2386e+11|6.15185e+08|2.16675e+12|7.55616e+11|4.91992e+09|3.78545e+11|2.34302e+09|3.68247e+09|3.1363e+08|6.04421e+10|7.39528e+09|5.89601e+11|1.1265e+13,1.95975e-05|2.30528e-05|2.3201e-05|1.91329e-05|8.04044e-05|2.63111e-05|5.25754e-05|2.02429e-05|2.14951e-05|0.000183437|0.000308441|1.07395e-05|2.82337e-05|0.000453739|1.08468e-05|3.38246e-05|0.000162804|0.000969765|0.000104918|5.27173e-05,0.00010992|0.000491852|0.00771915|0.00010256|0.00115348|0.00127695|0.000207299|0.00100279|0.00707672|0.00125238|0.000185634|0.000104748|0.00539505|0.00529557|0.000374531|0.000148753|0.00406814|0.000225136|0.000585458|0.00330392,0.0181682|0.0363562|0.0253399|0.0428446|0.0125041|0.0417406|0.00528839|0.00299689|0.00219889|0.000222477|0.0223175|0.0186721|0.0374159|0.00876427|0.00290834|0.0423098|0.0120126|0.00384841|0.0288099|0.0131986,0.0319791|0.0270472|0.0264018|0.0431604|0.032598|0.019491|0.00475267|0.0462929|0.0410394|0.0497172|0.0167769|0.0310188|0.0386881|0.0176724|0.0201829|0.000397484|0.0125351|0.0294878|0.0321693|0.0417374,0.949547|0.950284|0.99323|0.909054|0.965877|0.935955|0.962618|0.905513|0.962381|0.977361|0.943667|0.917067|0.903724|0.922562|0.904615|0.969366|0.957682|0.902305|0.976331|0.907225,4.23825|1.22677|2.3022|0.95656|0.534444|0.227076|3.84921|2.66112|1.56914|3.05659|2.8304|3.35016|5.74993|0.770588|3.8173|6.20899|5.90544|1.1337|4.981|4.65403,79.8117|37.015|83.9106|51.9585|76.7594|23.5709|31.5608|18.7034|70.4589|46.986|13.4252|21.8454|37.0378|44.8869|72.2829|27.3162|28.0546|10.3361|29.3778,0.217184|0.221489|0.164875|0.186795|0.229061|0.161556|0.174651|0.165537|0.161724|0.23242|0.232852|0.222606|0.240649|0.249414|0.202821|0.164228|0.231107|0.207438|0.198143,0.641344|0.940196|0.456853|0.996635|0.851459|0.803928|0.466681|0.688121|0.532348|0.858578|0.272839|0.158832|0.490286|0.672733|0.90576|0.347372|0.277869|0.257043|0.337655,0.935004,0.828035,0.00860061,0.625358,0.653224,0.50567,0.0737287,0.531077,0.0227058,0.913816,20.837,4.14754e-11,47595,0.929259,14.6973,1.66086e-11,23039,0.936476,0.823991,0.0110375,0.713123,0.0635319,0.472453,0.247421,0.530969,0.256238,0.858698,57.5243,1.23991e-10,22329,0.93039,18.7738,4.49782e-10,67358
8,171,n1->n2->n12->n22->n23->n33->n34->n44->n45->n35->n25->n26->n16->n17->n7->n8->n9->n19->n20->n10,1.39914e+12|2.9277e+11|1.02421e+11|1.04684e+12|4.82335e+12|8.37382e+09|1.8639e+10|2.37683e+09|6.8751e+12|3.91386e+11|2.92866e+12|1.18099e+10|5.96789e+12|1.02005e+09|1.67497e+12|2.97761e+13|1.77255e+13|3.10599e+10|1.29136e+12|4.52738e+13,1.77398e+11|8.93832e+10|1.31721e+10|2.87275e+11|9.44696e+11|3.65063e+09|9.30281e+09|1.13959e+09|3.4946e+12|1.2386e+11|1.91072e+12|2.80421e+09|5.01145e+12|3.1363e+08|1.7716e+11|3.75649e+12|1.12087e+13|7.39528e+09|5.89601e+11|1.1265e+13,1.95975e-05|2.30528e-05|0.000151799|0.000315597|8.04044e-05|2.63111e-05|5.25754e-05|9.97019e-05|0.000640164|2.02429e-05|2.30183e-05|2.70818e-05|0.000379753|3.38246e-05|0.000138816|0.000533313|2.11883e-05|0.000969765|0.000104918|5.27173e-05,0.00010992|0.000491852|0.00251821|0.00111995|0.00115348|0.00127695|0.000207299|0.000256945|0.000287527|0.00100279|0.0010803|0.00639567|0.0016797|0.000148753|0.00414359|0.000989963|0.0022225|0.000225136|0.000585458|0.00330392,0.0181682|0.0363562|0.0201998|0.00382452|0.0125041|0.0417406|0.00528839|0.0438851|0.0393182|0.00299689|0.0330416|0.0118399|0.0406616|0.0423098|0.0305222|0.0214324|0.0428419|0.00384841|0.0288099|0.0131986,0.0319791|0.0270472|0.0203015|0.0122344|0.032598|0.019491|0.00475267|0.014569|0.0286523|0.0462929|0.011185|0.00604173|0.0202115|0.000397484|0.0147697|0.0250331|0.0409884|0.0294878|0.0321693|0.0417374,0.949547|0.950284|0.954465|0.98384|0.965877|0.935955|0.962618|0.927033|0.929325|0.905513|0.949108|0.90334|0.981652|0.969366|0.96879|0.91902|0.940435|0.902305|0.976331|0.907225,4.23825|1.22677|0.174573|0.236811|0.534444|0.227076|3.84921|1.71389|0.222765|2.66112|4.01147|0.282451|5.01724|6.20899|0.917544|2.87572|0.302176|1.1337|4.981|4.65403,79.8117|88.6198|13.2112|55.8812|76.7594|23.5709|46.2248|89.5651|97.1045|88.4205|55.6995|11.0615|32.2763|59.8148|55.4093|99.595|99.0064|10.3361|29.3778,0.217184|0.211866|0.160355|0.19455|0.229061|0.161556|0.242725|0.243226|0.213508|0.247673|0.177728|0.236306|0.20903|0.171695|0.205609|0.187871|0.175436|0.207438|0.198143,0.641344|0.611032|0.66376|0.279654|0.851459|0.803928|0.254438|0.292927|0.956827|0.146572|0.90653|0.175425|0.132326|0.566426|0.120763|0.969103|0.269031|0.257043|0.337655,0.935004,0.828035,0.00860061,0.625358,0.653224,0.50567,0.0737287,0.531077,0.0227058,0.913816,20.837,4.14754e-11,47595,0.929259,14.6973,1.66086e-11,23039,0.936476,0.823991,0.0110375,0.713123,0.0635319,0.472453,0.247421,0.530969,0.256238,0.858698,57.5243,1.23991e-10,22329,0.93039,18.7738,4.49782e-10,67358
8,172,n1->n2->n12->n11->n21->n22->n32->n33->n34->n35->n25->n24->n14->n4->n5->n6->n7->n8->n9->n10,1.39914e+12|2.9277e+11|1.02421e+11|6.74446e+13|2.10865e+12|1.04684e+12|1.76915e+13|8.37382e+09|1.8639e+10|3.91386e+11|2.92866e+12|7.40688e+10|1.73585e+11|5.18924e+13|9.47619e+11|1.3295e+10|1.67497e+12|2.97761e+13|1.77255e+13|4.52738e+13,1.77398e+11|8.93832e+10|1.31721e+10|6.67907e+13|1.65286e+12|2.87275e+11|1.80488e+12|3.65063e+09|9.30281e+09|1.2386e+11|1.91072e+12|4.11162e+10|2.66204e+10|2.57057e+13|5.02465e+11|3.05195e+09|1.7716e+11|3.75649e+12|1.12087e+13|1.1265e+13,1.95975e-05|2.30528e-05|0.000151799|0.000704058|0.000474297|0.000315597|2.19175e-05|2.63111e-05|5.25754e-05|2.02429e-05|2.30183e-05|0.000277508|0.000296239|0.000184583|2.16719e-05|0.000791651|0.000138816|0.000533313|2.11883e-05|5.27173e-05,0.00010992|0.000491852|0.00251821|0.00551474|0.000184711|0.00111995|0.000875173|0.00127695|0.000207299|0.00100279|0.0010803|0.00122802|0.000130641|0.000294331|0.00291743|0.00210098|0.00414359|0.000989963|0.0022225|0.00330392,0.0181682|0.0363562|0.0201998|0.013944|0.047834|0.00382452|0.042527|0.0417406|0.00528839|0.00299689|0.0330416|0.0388837|0.0274855|0.00258778|0.0474863|0.0394512|0.0305222|0.0214324|0.0428419|0.0131986,0.0319791|0.0270472|0.0203015|0.0483324|0.0445871|0.0122344|0.0482558|0.019491|0.00475267|0.0462929|0.011185|0.00538224|0.0191396|0.0218892|0.0371588|0.0484347|0.0147697|0.0250331|0.0409884|0.0417374,0.949547|0.950284|0.954465|0.98815|0.930488|0.98384|0.956513|0.935955|0.962618|0.905513|0.949108|0.91123|0.94417|0.900966|0.974548|0.921987|0.96879|0.91902|0.940435|0.907225,4.23825|1.22677|0.174573|3.35756|0.126822|0.236811|1.33288|0.227076|3.84921|2.66112|4.01147|4.13113|2.66883|0.446122|4.40271|2.02122|0.917544|2.87572|0.302176|4.65403,79.8117|88.6198|24.4191|65.1286|34.0839|86.2435|67.4197|23.5709|31.5608|88.4205|18.2346|66.6304|52.1141|81.7362|37.2729|32.9383|55.4093|99.595|65.9961,0.217184|0.211866|0.215492|0.170031|0.161458|0.202115|0.229759|0.161556|0.174651|0.247673|0.19579|0.242617|0.243468|0.241023|0.205536|0.230383|0.205609|0.187871|0.161606,0.641344|0.611032|0.537123|0.806267|0.734507|0.329678|0.780444|0.803928|0.466681|0.146572|0.160123|0.478901|0.237548|0.824452|0.626255|0.704667|0.120763|0.969103|0.752732,0.935004,0.828035,0.00860061,0.625358,0.653224,0.50567,0.0737287,0.531077,0.0227058,0.913816,20.837,4.14754e-11,47595,0.929259,14.6973,1.66086e-11,23039,0.936476,0.823991,0.0110375,0.713123,0.0635319,0.472453,0.247421,0.530969,0.256238,0.858698,57.5243,1.23991e-10,22329,0.93039,18.7738,4.49782e-10,67358
8,173,n1->n2->n3->n4->n5->n15->n25->n24->n34->n35->n45->n46->n36->n37->n27->n28->n29->n19->n9->n10,1.39914e+12|2.9277e+11|2.83016e+12|5.18924e+13|9.47619e+11|5.83171e+09|2.92866e+12|7.40688e+10|1.8639e+10|3.91386e+11|6.8751e+12|1.24376e+13|1.0066e+09|1.02825e+10|9.07677e+09|2.76771e+12|3.58484e+10|3.10599e+10|1.77255e+13|4.52738e+13,1.77398e+11|8.93832e+10|6.97984e+11|2.57057e+13|5.02465e+11|9.6845e+08|1.91072e+12|4.11162e+10|9.30281e+09|1.2386e+11|3.4946e+12|2.16675e+12|6.15185e+08|2.34302e+09|3.68247e+09|1.49094e+12|8.63035e+09|7.39528e+09|1.12087e+13|1.1265e+13,1.95975e-05|2.30528e-05|2.3201e-05|0.000184583|2.16719e-05|1.34777e-05|2.30183e-05|0.000277508|5.25754e-05|2.02429e-05|0.000640164|0.000183437|2.14951e-05|0.000453739|1.08468e-05|2.80987e-05|0.000181638|0.000969765|2.11883e-05|5.27173e-05,0.00010992|0.000491852|0.00771915|0.000294331|0.00291743|0.000170048|0.0010803|0.00122802|0.000207299|0.00100279|0.000287527|0.00125238|0.00707672|0.00529557|0.000374531|0.00545758|0.000129111|0.000225136|0.0022225|0.00330392,0.0181682|0.0363562|0.0253399|0.00258778|0.0474863|0.0488947|0.0330416|0.0388837|0.00528839|0.00299689|0.0393182|0.000222477|0.00219889|0.00876427|0.00290834|0.0345144|0.0483468|0.00384841|0.0428419|0.0131986,0.0319791|0.0270472|0.0264018|0.0218892|0.0371588|0.0139893|0.011185|0.00538224|0.00475267|0.0462929|0.0286523|0.0497172|0.0410394|0.0176724|0.0201829|0.00283251|0.00872405|0.0294878|0.0409884|0.0417374,0.949547|0.950284|0.99323|0.900966|0.974548|0.929167|0.949108|0.91123|0.962618|0.905513|0.929325|0.977361|0.962381|0.922562|0.904615|0.941873|0.902534|0.902305|0.940435|0.907225,4.23825|1.22677|2.3022|0.446122|4.40271|0.798633|4.01147|4.13113|3.84921|2.66112|0.222765|3.05659|1.56914|0.770588|3.8173|4.82396|0.0334453|1.1337|0.302176|4.65403,79.8117|37.015|10.4739|81.7362|35.0583|54.7186|18.2346|58.7029|31.5608|97.1045|61.2725|70.4589|29.3504|44.8869|15.3326|39.0733|84.7043|99.0064|65.9961,0.217184|0.221489|0.218201|0.241023|0.178893|0.249041|0.19579|0.203558|0.174651|0.213508|0.229228|0.161724|0.241582|0.249414|0.171578|0.18279|0.195645|0.175436|0.161606,0.641344|0.940196|0.49652|0.824452|0.280873|0.656917|0.160123|0.490403|0.466681|0.956827|0.927701|0.532348|0.774487|0.672733|0.162466|0.505031|0.663342|0.269031|0.752732,0.935004,0.828035,0.00860061,0.625358,0.653224,0.50567,0.0737287,0.531077,0.0227058,0.913816,20.837,4.14754e-11,47595,0.929259,14.6973,1.66086e-11,23039,0.936476,0.823991,0.0110375,0.713123,0.0635319,0.472453,0.247421,0.530969,0.256238,0.858698,57.5243,1.23991e-10,22329,0.93039,18.7738,4.49782e-10,67358
8,174,n1->n2->n12->n22->n23->n13->n3->n4->n5->n15->n14->n24->n25->n26->n16->n17->n7->n8->n9->n10,1.39914e+12|2.9277e+11|1.02421e+11|1.04684e+12|4.82335e+12|6.15644e+13|2.83016e+12|5.18924e+13|9.47619e+11|5.83171e+09|1.73585e+11|7.40688e+10|2.92866e+12|1.18099e+10|5.96789e+12|1.02005e+09|1.67497e+12|2.97761e+13|1.77255e+13|4.52738e+13,1.77398e+11|8.93832e+10|1.31721e+10|2.87275e+11|9.44696e+11|1.20015e+13|6.97984e+11|2.57057e+13|5.02465e+11|9.6845e+08|2.66204e+10|4.11162e+10|1.91072e+12|2.80421e+09|5.01145e+12|3.1363e+08|1.7716e+11|3.75649e+12|1.12087e+13|1.1265e+13,1.95975e-05|2.30528e-05|0.000151799|0.000315597|8.04044e-05|1.91329e-05|2.3201e-05|0.000184583|2.16719e-05|1.34777e-05|0.000296239|0.000277508|2.30183e-05|2.70818e-05|0.000379753|3.38246e-05|0.000138816|0.000533313|2.11883e-05|5.27173e-05,0.00010992|0.000491852|0.00251821|0.00111995|0.00115348|0.00010256|0.00771915|0.000294331|0.00291743|0.000170048|0.000130641|0.00122802|0.0010803|0.00639567|0.0016797|0.000148753|0.00414359|0.000989963|0.0022225|0.00330392,0.0181682|0.0363562|0.0201998|0.00382452|0.0125041|0.0428446|0.0253399|0.00258778|0.0474863|0.0488947|0.0274855|0.0388837|0.0330416|0.0118399|0.0406616|0.0423098|0.0305222|0.0214324|0.0428419|0.0131986,0.0319791|0.0270472|0.0203015|0.0122344|0.032598|0.0431604|0.0264018|0.0218892|0.0371588|0.0139893|0.0191396|0.00538224|0.011185|0.00604173|0.0202115|0.000397484|0.0147697|0.0250331|0.0409884|0.0417374,0.949547|0.950284|0.954465|0.98384|0.965877|0.909054|0.99323|0.900966|0.974548|0.929167|0.94417|0.91123|0.949108|0.90334|0.981652|0.969366|0.96879|0.91902|0.940435|0.907225,4.23825|1.22677|0.174573|0.236811|0.534444|0.95656|2.3022|0.446122|4.40271|0.798633|2.66883|4.13113|4.01147|0.282451|5.01724|6.20899|0.917544|2.87572|0.302176|4.65403,79.8117|88.6198|13.2112|55.8812|51.9585|83.9106|10.4739|81.7362|35.0583|92.5451|66.6304|18.2346|55.6995|11.0615|32.2763|59.8148|55.4093|99.595|65.9961,0.217184|0.211866|0.160355|0.19455|0.186795|0.164875|0.218201|0.241023|0.178893|0.180776|0.242617|0.19579|0.177728|0.236306|0.20903|0.171695|0.205609|0.187871|0.161606,0.641344|0.611032|0.66376|0.279654|0.996635|0.456853|0.49652|0.824452|0.280873|0.921574|0.478901|0.160123|0.90653|0.175425|0.132326|0.566426|0.120763|0.969103|0.752732,0.935004,0.828035,0.00860061,0.625358,0.653224,0.50567,0.0737287,0.531077,0.0227058,0.913816,20.837,4.14754e-11,47595,0.929259,14.6973,1.66086e-11,23039,0.936476,0.823991,0.0110375,0.713123,0.0635319,0.472453,0.247421,0.530969,0.256238,0.858698,57.5243,1.23991e-10,22329,0.93039,18.7738,4.49782e-10,67358
8,175,n1->n11->n21->n22->n32->n42->n52->n53->n43->n33->n23->n13->n3->n4->n5->n6->n7->n8->n9->n10,1.39914e+12|6.74446e+13|2.10865e+12|1.04684e+12|1.76915e+13|4.30699e+10|6.02198e+10|1.03151e+10|9.41943e+11|8.37382e+09|4.82335e+12|6.15644e+13|2.83016e+12|5.18924e+13|9.47619e+11|1.3295e+10|1.67497e+12|2.97761e+13|1.77255e+13|4.52738e+13,1.77398e+11|6.67907e+13|1.65286e+12|2.87275e+11|1.80488e+12|8.70192e+09|1.68456e+10|1.12236e+09|1.03461e+11|3.65063e+09|9.44696e+11|1.20015e+13|6.97984e+11|2.57057e+13|5.02465e+11|3.05195e+09|1.7716e+11|3.75649e+12|1.12087e+13|1.1265e+13,1.95975e-05|0.000704058|0.000474297|0.000315597|2.19175e-05|0.00013444|4.15618e-05|4.05134e-05|1.55391e-05|2.63111e-05|8.04044e-05|1.91329e-05|2.3201e-05|0.000184583|2.16719e-05|0.000791651|0.000138816|0.000533313|2.11883e-05|5.27173e-05,0.00010992|0.00551474|0.000184711|0.00111995|0.000875173|0.000669489|0.000214138|0.000206192|0.00877767|0.00127695|0.00115348|0.00010256|0.00771915|0.000294331|0.00291743|0.00210098|0.00414359|0.000989963|0.0022225|0.00330392,0.0181682|0.013944|0.047834|0.00382452|0.042527|0.00539796|0.0186705|0.0197894|0.0332256|0.0417406|0.0125041|0.0428446|0.0253399|0.00258778|0.0474863|0.0394512|0.0305222|0.0214324|0.0428419|0.0131986,0.0319791|0.0483324|0.0445871|0.0122344|0.0482558|0.0445644|0.0240454|0.0489673|0.00167826|0.019491|0.032598|0.0431604|0.0264018|0.0218892|0.0371588|0.0484347|0.0147697|0.0250331|0.0409884|0.0417374,0.949547|0.98815|0.930488|0.98384|0.956513|0.919444|0.968469|0.917202|0.975449|0.935955|0.965877|0.909054|0.99323|0.900966|0.974548|0.921987|0.96879|0.91902|0.940435|0.907225,4.23825|3.35756|0.126822|0.236811|1.33288|3.35572|4.46884|2.00354|3.19527|0.227076|0.534444|0.95656|2.3022|0.446122|4.40271|2.02122|0.917544|2.87572|0.302176|4.65403,30.2686|65.1286|34.0839|86.2435|70.8805|93.5115|21.0603|26.2497|49.6282|76.7594|51.9585|83.9106|10.4739|81.7362|37.2729|32.9383|55.4093|99.595|65.9961,0.172886|0.170031|0.161458|0.202115|0.212531|0.181883|0.229899|0.210075|0.209444|0.229061|0.186795|0.164875|0.218201|0.241023|0.205536|0.230383|0.205609|0.187871|0.161606,0.273933|0.806267|0.734507|0.329678|0.176282|0.858539|0.473749|0.579528|0.804441|0.851459|0.996635|0.456853|0.49652|0.824452|0.626255|0.704667|0.120763|0.969103|0.752732,0.935004,0.828035,0.00860061,0.625358,0.653224,0.50567,0.0737287,0.531077,0.0227058,0.913816,20.837,4.14754e-11,47595,0.929259,14.6973,1.66086e-11,23039,0.936476,0.823991,0.0110375,0.713123,0.0635319,0.472453,0.247421,0.530969,0.256238,0.858698,57.5243,1.23991e-10,22329,0.93039,18.7738,4.49782e-10,67358
8,176,n1->n11->n21->n22->n12->n2->n3->n4->n14->n15->n5->n6->n16->n17->n7->n8->n9->n19->n20->n10,1.39914e+12|6.74446e+13|2.10865e+12|1.04684e+12|1.02421e+11|2.9277e+11|2.83016e+12|5.18924e+13|1.73585e+11|5.83171e+09|9.47619e+11|1.3295e+10|5.96789e+12|1.02005e+09|1.67497e+12|2.97761e+13|1.77255e+13|3.10599e+10|1.29136e+12|4.52738e+13,1.77398e+11|6.67907e+13|1.65286e+12|2.87275e+11|1.31721e+10|8.93832e+10|6.97984e+11|2.57057e+13|2.66204e+10|9.6845e+08|5.02465e+11|3.05195e+09|5.01145e+12|3.1363e+08|1.7716e+11|3.75649e+12|1.12087e+13|7.39528e+09|5.89601e+11|1.1265e+13,1.95975e-05|0.000704058|0.000474297|0.000315597|0.000151799|2.30528e-05|2.3201e-05|0.000184583|0.000296239|1.34777e-05|2.16719e-05|0.000791651|0.000379753|3.38246e-05|0.000138816|0.000533313|2.11883e-05|0.000969765|0.000104918|5.27173e-05,0.00010992|0.00551474|0.000184711|0.00111995|0.00251821|0.000491852|0.00771915|0.000294331|0.000130641|0.000170048|0.00291743|0.00210098|0.0016797|0.000148753|0.00414359|0.000989963|0.0022225|0.000225136|0.000585458|0.00330392,0.0181682|0.013944|0.047834|0.00382452|0.0201998|0.0363562|0.0253399|0.00258778|0.0274855|0.0488947|0.0474863|0.0394512|0.0406616|0.0423098|0.0305222|0.0214324|0.0428419|0.00384841|0.0288099|0.0131986,0.0319791|0.0483324|0.0445871|0.0122344|0.0203015|0.0270472|0.0264018|0.0218892|0.0191396|0.0139893|0.0371588|0.0484347|0.0202115|0.000397484|0.0147697|0.0250331|0.0409884|0.0294878|0.0321693|0.0417374,0.949547|0.98815|0.930488|0.98384|0.954465|0.950284|0.99323|0.900966|0.94417|0.929167|0.974548|0.921987|0.981652|0.969366|0.96879|0.91902|0.940435|0.902305|0.976331|0.907225,4.23825|3.35756|0.126822|0.236811|0.174573|1.22677|2.3022|0.446122|2.66883|0.798633|4.40271|2.02122|5.01724|6.20899|0.917544|2.87572|0.302176|1.1337|4.981|4.65403,30.2686|65.1286|34.0839|13.2112|88.6198|37.015|10.4739|52.1141|92.5451|35.0583|37.2729|50.0569|32.2763|59.8148|55.4093|99.595|99.0064|10.3361|29.3778,0.172886|0.170031|0.161458|0.160355|0.211866|0.221489|0.218201|0.243468|0.180776|0.178893|0.205536|0.218247|0.20903|0.171695|0.205609|0.187871|0.175436|0.207438|0.198143,0.273933|0.806267|0.734507|0.66376|0.611032|0.940196|0.49652|0.237548|0.921574|0.280873|0.626255|0.340289|0.132326|0.566426|0.120763|0.969103|0.269031|0.257043|0.337655,0.935004,0.828035,0.00860061,0.625358,0.653224,0.50567,0.0737287,0.531077,0.0227058,0.913816,20.837,4.14754e-11,47595,0.929259,14.6973,1.66086e-11,23039,0.936476,0.823991,0.0110375,0.713123,0.0635319,0.472453,0.247421,0.530969,0.256238,0.858698,57.5243,1.23991e-10,22329,0.93039,18.7738,4.49782e-10,67358
8,177,n1->n11->n12->n13->n14->n15->n25->n35->n34->n44->n45->n46->n36->n26->n27->n17->n7->n8->n9->n10,1.39914e+12|6.74446e+13|1.02421e+11|6.15644e+13|1.73585e+11|5.83171e+09|2.92866e+12|3.91386e+11|1.8639e+10|2.37683e+09|6.8751e+12|1.24376e+13|1.0066e+09|1.18099e+10|9.07677e+09|1.02005e+09|1.67497e+12|2.97761e+13|1.77255e+13|4.52738e+13,1.77398e+11|6.67907e+13|1.31721e+10|1.20015e+13|2.66204e+10|9.6845e+08|1.91072e+12|1.2386e+11|9.30281e+09|1.13959e+09|3.4946e+12|2.16675e+12|6.15185e+08|2.80421e+09|3.68247e+09|3.1363e+08|1.7716e+11|3.75649e+12|1.12087e+13|1.1265e+13,1.95975e-05|0.000704058|0.000151799|1.91329e-05|0.000296239|1.34777e-05|2.30183e-05|2.02429e-05|5.25754e-05|9.97019e-05|0.000640164|0.000183437|2.14951e-05|2.70818e-05|1.08468e-05|3.38246e-05|0.000138816|0.000533313|2.11883e-05|5.27173e-05,0.00010992|0.00551474|0.00251821|0.00010256|0.000130641|0.000170048|0.0010803|0.00100279|0.000207299|0.000256945|0.000287527|0.00125238|0.00707672|0.00639567|0.000374531|0.000148753|0.00414359|0.000989963|0.0022225|0.00330392,0.0181682|0.013944|0.0201998|0.0428446|0.0274855|0.0488947|0.0330416|0.00299689|0.00528839|0.0438851|0.0393182|0.000222477|0.00219889|0.0118399|0.00290834|0.0423098|0.0305222|0.0214324|0.0428419|0.0131986,0.0319791|0.0483324|0.0203015|0.0431604|0.0191396|0.0139893|0.011185|0.0462929|0.00475267|0.014569|0.0286523|0.0497172|0.0410394|0.00604173|0.0201829|0.000397484|0.0147697|0.0250331|0.0409884|0.0417374,0.949547|0.98815|0.954465|0.909054|0.94417|0.929167|0.949108|0.905513|0.962618|0.927033|0.929325|0.977361|0.962381|0.90334|0.904615|0.969366|0.96879|0.91902|0.940435|0.907225,4.23825|3.35756|0.174573|0.95656|2.66883|0.798633|4.01147|2.66112|3.84921|1.71389|0.222765|3.05659|1.56914|0.282451|3.8173|6.20899|0.917544|2.87572|0.302176|4.65403,30.2686|24.4191|13.9548|56.34|92.5451|54.7186|88.4205|31.5608|46.2248|89.5651|61.2725|70.4589|63.8366|42.5138|72.2829|59.8148|55.4093|99.595|65.9961,0.172886|0.215492|0.198327|0.185456|0.180776|0.249041|0.247673|0.174651|0.242725|0.243226|0.229228|0.161724|0.183529|0.231617|0.202821|0.171695|0.205609|0.187871|0.161606,0.273933|0.537123|0.649751|0.544934|0.921574|0.656917|0.146572|0.466681|0.254438|0.292927|0.927701|0.532348|0.671641|0.681145|0.90576|0.566426|0.120763|0.969103|0.752732,0.935004,0.828035,0.00860061,0.625358,0.653224,0.50567,0.0737287,0.531077,0.0227058,0.913816,20.837,4.14754e-11,47595,0.929259,14.6973,1.66086e-11,23039,0.936476,0.823991,0.0110375,0.713123,0.0635319,0.472453,0.247421,0.530969,0.256238,0.858698,57.5243,1.23991e-10,22329,0.93039,18.7738,4.49782e-10,67358
8,178,n1->n11->n12->n2->n3->n4->n14->n13->n23->n33->n34->n24->n25->n15->n5->n6->n7->n8->n9->n10,1.39914e+12|6.74446e+13|1.02421e+11|2.9277e+11|2.83016e+12|5.18924e+13|1.73585e+11|6.15644e+13|4.82335e+12|8.37382e+09|1.8639e+10|7.40688e+10|2.92866e+12|5.83171e+09|9.47619e+11|1.3295e+10|1.67497e+12|2.97761e+13|1.77255e+13|4.52738e+13,1.77398e+11|6.67907e+13|1.31721e+10|8.93832e+10|6.97984e+11|2.57057e+13|2.66204e+10|1.20015e+13|9.44696e+11|3.65063e+09|9.30281e+09|4.11162e+10|1.91072e+12|9.6845e+08|5.02465e+11|3.05195e+09|1.7716e+11|3.75649e+12|1.12087e+13|1.1265e+13,1.95975e-05|0.000704058|0.000151799|2.30528e-05|2.3201e-05|0.000184583|0.000296239|1.91329e-05|8.04044e-05|2.63111e-05|5.25754e-05|0.000277508|2.30183e-05|1.34777e-05|2.16719e-05|0.000791651|0.000138816|0.000533313|2.11883e-05|5.27173e-05,0.00010992|0.00551474|0.00251821|0.000491852|0.00771915|0.000294331|0.000130641|0.00010256|0.00115348|0.00127695|0.000207299|0.00122802|0.0010803|0.000170048|0.00291743|0.00210098|0.00414359|0.000989963|0.0022225|0.00330392,0.0181682|0.013944|0.0201998|0.0363562|0.0253399|0.00258778|0.0274855|0.0428446|0.0125041|0.0417406|0.00528839|0.0388837|0.0330416|0.0488947|0.0474863|0.0394512|0.0305222|0.0214324|0.0428419|0.0131986,0.0319791|0.0483324|0.0203015|0.0270472|0.0264018|0.0218892|0.0191396|0.0431604|0.032598|0.019491|0.00475267|0.00538224|0.011185|0.0139893|0.0371588|0.0484347|0.0147697|0.0250331|0.0409884|0.0417374,0.949547|0.98815|0.954465|0.950284|0.99323|0.900966|0.94417|0.909054|0.965877|0.935955|0.962618|0.91123|0.949108|0.929167|0.974548|0.921987|0.96879|0.91902|0.940435|0.907225,4.23825|3.35756|0.174573|1.22677|2.3022|0.446122|2.66883|0.95656|0.534444|0.227076|3.84921|4.13113|4.01147|0.798633|4.40271|2.02122|0.917544|2.87572|0.302176|4.65403,30.2686|24.4191|88.6198|37.015|10.4739|52.1141|56.34|51.9585|76.7594|23.5709|58.7029|18.2346|54.7186|35.0583|37.2729|32.9383|55.4093|99.595|65.9961,0.172886|0.215492|0.211866|0.221489|0.218201|0.243468|0.185456|0.186795|0.229061|0.161556|0.203558|0.19579|0.249041|0.178893|0.205536|0.230383|0.205609|0.187871|0.161606,0.273933|0.537123|0.611032|0.940196|0.49652|0.237548|0.544934|0.996635|0.851459|0.803928|0.490403|0.160123|0.656917|0.280873|0.626255|0.704667|0.120763|0.969103|0.752732,0.935004,0.828035,0.00860061,0.625358,0.653224,0.50567,0.0737287,0.531077,0.0227058,0.913816,20.837,4.14754e-11,47595,0.929259,14.6973,1.66086e-11,23039,0.936476,0.823991,0.0110375,0.713123,0.0635319,0.472453,0.247421,0.530969,0.256238,0.858698,57.5243,1.23991e-10,22329,0.93039,18.7738,4.49782e-10,67358
8,179,n1->n11->n21->n31->n41->n42->n43->n44->n54->n55->n56->n57->n47->n37->n38->n39->n29->n19->n9->n10,1.39914e+12|6.74446e+13|2.10865e+12|3.52863e+13|5.45935e+11|4.30699e+10|9.41943e+11|2.37683e+09|4.22252e+12|2.1242e+10|4.25067e+13|9.93872e+13|2.52178e+12|1.02825e+10|1.70705e+12|7.47639e+11|3.58484e+10|3.10599e+10|1.77255e+13|4.52738e+13,1.77398e+11|6.67907e+13|1.65286e+12|1.10607e+13|3.34838e+11|8.70192e+09|1.03461e+11|1.13959e+09|1.36381e+12|1.12791e+10|6.17146e+12|8.69401e+13|7.55616e+11|2.34302e+09|3.78545e+11|2.38503e+11|8.63035e+09|7.39528e+09|1.12087e+13|1.1265e+13,1.95975e-05|0.000704058|0.000474297|8.13083e-05|4.34245e-05|0.00013444|1.55391e-05|9.97019e-05|1.22421e-05|2.18671e-05|0.000573535|0.000621132|0.000308441|0.000453739|2.82337e-05|1.04996e-05|0.000181638|0.000969765|2.11883e-05|5.27173e-05,0.00010992|0.00551474|0.000184711|0.00107235|0.00522373|0.000669489|0.00877767|0.000256945|0.000210562|0.000371108|0.00199946|0.00175622|0.000185634|0.00529557|0.00539505|0.00624201|0.000129111|0.000225136|0.0022225|0.00330392,0.0181682|0.013944|0.047834|0.0397077|0.00538382|0.00539796|0.0332256|0.0438851|0.0467625|0.0155911|0.0288431|0.0261396|0.0223175|0.00876427|0.0374159|0.0271945|0.0483468|0.00384841|0.0428419|0.0131986,0.0319791|0.0483324|0.0445871|0.0112236|0.0317002|0.0445644|0.00167826|0.014569|0.00515825|0.0498217|0.0375669|0.0268139|0.0167769|0.0176724|0.0386881|0.0412577|0.00872405|0.0294878|0.0409884|0.0417374,0.949547|0.98815|0.930488|0.967441|0.984563|0.919444|0.975449|0.927033|0.960334|0.920384|0.96897|0.901419|0.943667|0.922562|0.903724|0.962274|0.902534|0.902305|0.940435|0.907225,4.23825|3.35756|0.126822|4.4659|1.58772|3.35572|3.19527|1.71389|4.97833|0.811834|0.694457|3.13826|2.8304|0.770588|5.74993|5.00577|0.0334453|1.1337|0.302176|4.65403,30.2686|65.1286|89.2299|64.4551|61.2747|27.3217|59.7094|67.7415|57.1366|40.979|71.5316|88.8597|88.6669|37.0378|69.5993|44.1502|84.7043|99.0064|65.9961,0.172886|0.170031|0.182578|0.175394|0.206666|0.174425|0.212843|0.243534|0.172501|0.215468|0.180501|0.216608|0.246593|0.240649|0.169851|0.190974|0.195645|0.175436|0.161606,0.273933|0.806267|0.875943|0.654898|0.961172|0.795638|0.454684|0.128207|0.616167|0.485541|0.525251|0.487568|0.687239|0.490286|0.558345|0.726408|0.663342|0.269031|0.752732,0.935004,0.828035,0.00860061,0.625358,0.653224,0.50567,0.0737287,0.531077,0.0227058,0.913816,20.837,4.14754e-11,47595,0.929259,14.6973,1.66086e-11,23039,0.936476,0.823991,0.0110375,0.713123,0.0635319,0.472453,0.247421,0.530969,0.256238,0.858698,57.5243,1.23991e-10,22329,0.93039,18.7738,4.49782e-10,67358
8,180,n1->n2->n3->n4->n5->n15->n16->n26->n27->n37->n38->n39->n49->n50->n40->n30->n20->n19->n9->n10,1.39914e+12|2.9277e+11|2.83016e+12|5.18924e+13|9.47619e+11|5.83171e+09|5.96789e+12|1.18099e+10|9.07677e+09|1.02825e+10|1.70705e+12|7.47639e+11|4.11017e+12|3.36067e+09|2.91514e+12|9.94883e+10|1.29136e+12|3.10599e+10|1.77255e+13|4.52738e+13,1.77398e+11|8.93832e+10|6.97984e+11|2.57057e+13|5.02465e+11|9.6845e+08|5.01145e+12|2.80421e+09|3.68247e+09|2.34302e+09|3.78545e+11|2.38503e+11|5.10411e+11|4.49044e+08|2.43009e+12|7.62123e+10|5.89601e+11|7.39528e+09|1.12087e+13|1.1265e+13,1.95975e-05|2.30528e-05|2.3201e-05|0.000184583|2.16719e-05|1.34777e-05|0.000379753|2.70818e-05|1.08468e-05|0.000453739|2.82337e-05|1.04996e-05|0.000930775|3.64834e-05|2.82467e-05|0.000436038|0.000104918|0.000969765|2.11883e-05|5.27173e-05,0.00010992|0.000491852|0.00771915|0.000294331|0.00291743|0.000170048|0.0016797|0.00639567|0.000374531|0.00529557|0.00539505|0.00624201|0.000471413|0.000105651|0.00025363|0.00666947|0.000585458|0.000225136|0.0022225|0.00330392,0.0181682|0.0363562|0.0253399|0.00258778|0.0474863|0.0488947|0.0406616|0.0118399|0.00290834|0.00876427|0.0374159|0.0271945|0.0321208|0.0493026|0.0356271|0.0266891|0.0288099|0.00384841|0.0428419|0.0131986,0.0319791|0.0270472|0.0264018|0.0218892|0.0371588|0.0139893|0.0202115|0.00604173|0.0201829|0.0176724|0.0386881|0.0412577|0.00553599|0.0299192|0.0250697|0.0224373|0.0321693|0.0294878|0.0409884|0.0417374,0.949547|0.950284|0.99323|0.900966|0.974548|0.929167|0.981652|0.90334|0.904615|0.922562|0.903724|0.962274|0.967401|0.957721|0.95692|0.936657|0.976331|0.902305|0.940435|0.907225,4.23825|1.22677|2.3022|0.446122|4.40271|0.798633|5.01724|0.282451|3.8173|0.770588|5.74993|5.00577|5.28074|6.02534|4.4519|0.291653|4.981|1.1337|0.302176|4.65403,79.8117|37.015|10.4739|81.7362|35.0583|56.2706|11.0615|42.5138|44.8869|37.0378|69.5993|95.0453|38.9947|91.3525|98.0873|23.9015|10.3361|99.0064|65.9961,0.217184|0.221489|0.218201|0.241023|0.178893|0.18736|0.236306|0.231617|0.249414|0.240649|0.169851|0.174136|0.211204|0.222092|0.219445|0.24759|0.207438|0.175436|0.161606,0.641344|0.940196|0.49652|0.824452|0.280873|0.442932|0.175425|0.681145|0.672733|0.490286|0.558345|0.413506|0.563059|0.797987|0.794091|0.695631|0.257043|0.269031|0.752732,0.935004,0.828035,0.00860061,0.625358,0.653224,0.50567,0.0737287,0.531077,0.0227058,0.913816,20.837,4.14754e-11,47595,0.929259,14.6973,1.66086e-11,23039,0.936476,0.823991,0.0110375,0.713123,0.0635319,0.472453,0.247421,0.530969,0.256238,0.858698,57.5243,1.23991e-10,22329,0.93039,18.7738,4.49782e-10,67358
8,181,n1->n11->n12->n22->n32->n33->n23->n13->n14->n4->n5->n6->n16->n26->n27->n28->n29->n19->n20->n10,1.39914e+12|6.74446e+13|1.02421e+11|1.04684e+12|1.76915e+13|8.37382e+09|4.82335e+12|6.15644e+13|1.73585e+11|5.18924e+13|9.47619e+11|1.3295e+10|5.96789e+12|1.18099e+10|9.07677e+09|2.76771e+12|3.58484e+10|3.10599e+10|1.29136e+12|4.52738e+13,1.77398e+11|6.67907e+13|1.31721e+10|2.87275e+11|1.80488e+12|3.65063e+09|9.44696e+11|1.20015e+13|2.66204e+10|2.57057e+13|5.02465e+11|3.05195e+09|5.01145e+12|2.80421e+09|3.68247e+09|1.49094e+12|8.63035e+09|7.39528e+09|5.89601e+11|1.1265e+13,1.95975e-05|0.000704058|0.000151799|0.000315597|2.19175e-05|2.63111e-05|8.04044e-05|1.91329e-05|0.000296239|0.000184583|2.16719e-05|0.000791651|0.000379753|2.70818e-05|1.08468e-05|2.80987e-05|0.000181638|0.000969765|0.000104918|5.27173e-05,0.00010992|0.00551474|0.00251821|0.00111995|0.000875173|0.00127695|0.00115348|0.00010256|0.000130641|0.000294331|0.00291743|0.00210098|0.0016797|0.00639567|0.000374531|0.00545758|0.000129111|0.000225136|0.000585458|0.00330392,0.0181682|0.013944|0.0201998|0.00382452|0.042527|0.0417406|0.0125041|0.0428446|0.0274855|0.00258778|0.0474863|0.0394512|0.0406616|0.0118399|0.00290834|0.0345144|0.0483468|0.00384841|0.0288099|0.0131986,0.0319791|0.0483324|0.0203015|0.0122344|0.0482558|0.019491|0.032598|0.0431604|0.0191396|0.0218892|0.0371588|0.0484347|0.0202115|0.00604173|0.0201829|0.00283251|0.00872405|0.0294878|0.0321693|0.0417374,0.949547|0.98815|0.954465|0.98384|0.956513|0.935955|0.965877|0.909054|0.94417|0.900966|0.974548|0.921987|0.981652|0.90334|0.904615|0.941873|0.902534|0.902305|0.976331|0.907225,4.23825|3.35756|0.174573|0.236811|1.33288|0.227076|0.534444|0.95656|2.66883|0.446122|4.40271|2.02122|5.01724|0.282451|3.8173|4.82396|0.0334453|1.1337|4.981|4.65403,30.2686|24.4191|13.2112|86.2435|67.4197|76.7594|51.9585|56.34|52.1141|81.7362|37.2729|50.0569|11.0615|42.5138|15.3326|39.0733|84.7043|10.3361|29.3778,0.172886|0.215492|0.160355|0.202115|0.229759|0.229061|0.186795|0.185456|0.243468|0.241023|0.205536|0.218247|0.236306|0.231617|0.171578|0.18279|0.195645|0.207438|0.198143,0.273933|0.537123|0.66376|0.329678|0.780444|0.851459|0.996635|0.544934|0.237548|0.824452|0.626255|0.340289|0.175425|0.681145|0.162466|0.505031|0.663342|0.257043|0.337655,0.935004,0.828035,0.00860061,0.625358,0.653224,0.50567,0.0737287,0.531077,0.0227058,0.913816,20.837,4.14754e-11,47595,0.929259,14.6973,1.66086e-11,23039,0.936476,0.823991,0.0110375,0.713123,0.0635319,0.472453,0.247421,0.530969,0.256238,0.858698,57.5243,1.23991e-10,22329,0.93039,18.7738,4.49782e-10,67358
8,182,n1->n2->n3->n4->n14->n15->n25->n24->n23->n33->n34->n35->n36->n37->n38->n28->n18->n8->n9->n10,1.39914e+12|2.9277e+11|2.83016e+12|5.18924e+13|1.73585e+11|5.83171e+09|2.92866e+12|7.40688e+10|4.82335e+12|8.37382e+09|1.8639e+10|3.91386e+11|1.0066e+09|1.02825e+10|1.70705e+12|2.76771e+12|2.57098e+11|2.97761e+13|1.77255e+13|4.52738e+13,1.77398e+11|8.93832e+10|6.97984e+11|2.57057e+13|2.66204e+10|9.6845e+08|1.91072e+12|4.11162e+10|9.44696e+11|3.65063e+09|9.30281e+09|1.2386e+11|6.15185e+08|2.34302e+09|3.78545e+11|1.49094e+12|6.04421e+10|3.75649e+12|1.12087e+13|1.1265e+13,1.95975e-05|2.30528e-05|2.3201e-05|0.000184583|0.000296239|1.34777e-05|2.30183e-05|0.000277508|8.04044e-05|2.63111e-05|5.25754e-05|2.02429e-05|2.14951e-05|0.000453739|2.82337e-05|2.80987e-05|0.000162804|0.000533313|2.11883e-05|5.27173e-05,0.00010992|0.000491852|0.00771915|0.000294331|0.000130641|0.000170048|0.0010803|0.00122802|0.00115348|0.00127695|0.000207299|0.00100279|0.00707672|0.00529557|0.00539505|0.00545758|0.00406814|0.000989963|0.0022225|0.00330392,0.0181682|0.0363562|0.0253399|0.00258778|0.0274855|0.0488947|0.0330416|0.0388837|0.0125041|0.0417406|0.00528839|0.00299689|0.00219889|0.00876427|0.0374159|0.0345144|0.0120126|0.0214324|0.0428419|0.0131986,0.0319791|0.0270472|0.0264018|0.0218892|0.0191396|0.0139893|0.011185|0.00538224|0.032598|0.019491|0.00475267|0.0462929|0.0410394|0.0176724|0.0386881|0.00283251|0.0125351|0.0250331|0.0409884|0.0417374,0.949547|0.950284|0.99323|0.900966|0.94417|0.929167|0.949108|0.91123|0.965877|0.935955|0.962618|0.905513|0.962381|0.922562|0.903724|0.941873|0.957682|0.91902|0.940435|0.907225,4.23825|1.22677|2.3022|0.446122|2.66883|0.798633|4.01147|4.13113|0.534444|0.227076|3.84921|2.66112|1.56914|0.770588|5.74993|4.82396|5.90544|2.87572|0.302176|4.65403,79.8117|37.015|10.4739|52.1141|92.5451|54.7186|18.2346|67.5745|76.7594|23.5709|31.5608|18.7034|29.3504|37.0378|23.518|43.2583|81.3396|99.595|65.9961,0.217184|0.221489|0.218201|0.243468|0.180776|0.249041|0.19579|0.181224|0.229061|0.161556|0.174651|0.165537|0.241582|0.240649|0.245508|0.193487|0.202434|0.187871|0.161606,0.641344|0.940196|0.49652|0.237548|0.921574|0.656917|0.160123|0.615936|0.851459|0.803928|0.466681|0.688121|0.774487|0.490286|0.494853|0.802216|0.175208|0.969103|0.752732,0.935004,0.828035,0.00860061,0.625358,0.653224,0.50567,0.0737287,0.531077,0.0227058,0.913816,20.837,4.14754e-11,47595,0.929259,14.6973,1.66086e-11,23039,0.936476,0.823991,0.0110375,0.713123,0.0635319,0.472453,0.247421,0.530969,0.256238,0.858698,57.5243,1.23991e-10,22329,0.93039,18.7738,4.49782e-10,67358
8,183,n1->n11->n12->n22->n21->n31->n32->n42->n43->n33->n23->n24->n14->n15->n5->n6->n7->n8->n9->n10,1.39914e+12|6.74446e+13|1.02421e+11|1.04684e+12|2.10865e+12|3.52863e+13|1.76915e+13|4.30699e+10|9.41943e+11|8.37382e+09|4.82335e+12|7.40688e+10|1.73585e+11|5.83171e+09|9.47619e+11|1.3295e+10|1.67497e+12|2.97761e+13|1.77255e+13|4.52738e+13,1.77398e+11|6.67907e+13|1.31721e+10|2.87275e+11|1.65286e+12|1.10607e+13|1.80488e+12|8.70192e+09|1.03461e+11|3.65063e+09|9.44696e+11|4.11162e+10|2.66204e+10|9.6845e+08|5.02465e+11|3.05195e+09|1.7716e+11|3.75649e+12|1.12087e+13|1.1265e+13,1.95975e-05|0.000704058|0.000151799|0.000315597|0.000474297|8.13083e-05|2.19175e-05|0.00013444|1.55391e-05|2.63111e-05|8.04044e-05|0.000277508|0.000296239|1.34777e-05|2.16719e-05|0.000791651|0.000138816|0.000533313|2.11883e-05|5.27173e-05,0.00010992|0.00551474|0.00251821|0.00111995|0.000184711|0.00107235|0.000875173|0.000669489|0.00877767|0.00127695|0.00115348|0.00122802|0.000130641|0.000170048|0.00291743|0.00210098|0.00414359|0.000989963|0.0022225|0.00330392,0.0181682|0.013944|0.0201998|0.00382452|0.047834|0.0397077|0.042527|0.00539796|0.0332256|0.0417406|0.0125041|0.0388837|0.0274855|0.0488947|0.0474863|0.0394512|0.0305222|0.0214324|0.0428419|0.0131986,0.0319791|0.0483324|0.0203015|0.0122344|0.0445871|0.0112236|0.0482558|0.0445644|0.00167826|0.019491|0.032598|0.00538224|0.0191396|0.0139893|0.0371588|0.0484347|0.0147697|0.0250331|0.0409884|0.0417374,0.949547|0.98815|0.954465|0.98384|0.930488|0.967441|0.956513|0.919444|0.975449|0.935955|0.965877|0.91123|0.94417|0.929167|0.974548|0.921987|0.96879|0.91902|0.940435|0.907225,4.23825|3.35756|0.174573|0.236811|0.126822|4.4659|1.33288|3.35572|3.19527|0.227076|0.534444|4.13113|2.66883|0.798633|4.40271|2.02122|0.917544|2.87572|0.302176|4.65403,30.2686|24.4191|13.2112|34.0839|89.2299|63.0993|70.8805|27.3217|49.6282|76.7594|67.5745|66.6304|92.5451|35.0583|37.2729|32.9383|55.4093|99.595|65.9961,0.172886|0.215492|0.160355|0.161458|0.182578|0.192934|0.212531|0.174425|0.209444|0.229061|0.181224|0.242617|0.180776|0.178893|0.205536|0.230383|0.205609|0.187871|0.161606,0.273933|0.537123|0.66376|0.734507|0.875943|0.147013|0.176282|0.795638|0.804441|0.851459|0.615936|0.478901|0.921574|0.280873|0.626255|0.704667|0.120763|0.969103|0.752732,0.935004,0.828035,0.00860061,0.625358,0.653224,0.50567,0.0737287,0.531077,0.0227058,0.913816,20.837,4.14754e-11,47595,0.929259,14.6973,1.66086e-11,23039,0.936476,0.823991,0.0110375,0.713123,0.0635319,0.472453,0.247421,0.530969,0.256238,0.858698,57.5243,1.23991e-10,22329,0.93039,18.7738,4.49782e-10,67358
8,184,n1->n2->n3->n4->n5->n15->n14->n13->n23->n24->n25->n35->n36->n37->n27->n17->n7->n8->n9->n10,1.39914e+12|2.9277e+11|2.83016e+12|5.18924e+13|9.47619e+11|5.83171e+09|1.73585e+11|6.15644e+13|4.82335e+12|7.40688e+10|2.92866e+12|3.91386e+11|1.0066e+09|1.02825e+10|9.07677e+09|1.02005e+09|1.67497e+12|2.97761e+13|1.77255e+13|4.52738e+13,1.77398e+11|8.93832e+10|6.97984e+11|2.57057e+13|5.02465e+11|9.6845e+08|2.66204e+10|1.20015e+13|9.44696e+11|4.11162e+10|1.91072e+12|1.2386e+11|6.15185e+08|2.34302e+09|3.68247e+09|3.1363e+08|1.7716e+11|3.75649e+12|1.12087e+13|1.1265e+13,1.95975e-05|2.30528e-05|2.3201e-05|0.000184583|2.16719e-05|1.34777e-05|0.000296239|1.91329e-05|8.04044e-05|0.000277508|2.30183e-05|2.02429e-05|2.14951e-05|0.000453739|1.08468e-05|3.38246e-05|0.000138816|0.000533313|2.11883e-05|5.27173e-05,0.00010992|0.000491852|0.00771915|0.000294331|0.00291743|0.000170048|0.000130641|0.00010256|0.00115348|0.00122802|0.0010803|0.00100279|0.00707672|0.00529557|0.000374531|0.000148753|0.00414359|0.000989963|0.0022225|0.00330392,0.0181682|0.0363562|0.0253399|0.00258778|0.0474863|0.0488947|0.0274855|0.0428446|0.0125041|0.0388837|0.0330416|0.00299689|0.00219889|0.00876427|0.00290834|0.0423098|0.0305222|0.0214324|0.0428419|0.0131986,0.0319791|0.0270472|0.0264018|0.0218892|0.0371588|0.0139893|0.0191396|0.0431604|0.032598|0.00538224|0.011185|0.0462929|0.0410394|0.0176724|0.0201829|0.000397484|0.0147697|0.0250331|0.0409884|0.0417374,0.949547|0.950284|0.99323|0.900966|0.974548|0.929167|0.94417|0.909054|0.965877|0.91123|0.949108|0.905513|0.962381|0.922562|0.904615|0.969366|0.96879|0.91902|0.940435|0.907225,4.23825|1.22677|2.3022|0.446122|4.40271|0.798633|2.66883|0.95656|0.534444|4.13113|4.01147|2.66112|1.56914|0.770588|3.8173|6.20899|0.917544|2.87572|0.302176|4.65403,79.8117|37.015|10.4739|81.7362|35.0583|92.5451|56.34|51.9585|67.5745|18.2346|88.4205|18.7034|29.3504|44.8869|72.2829|59.8148|55.4093|99.595|65.9961,0.217184|0.221489|0.218201|0.241023|0.178893|0.180776|0.185456|0.186795|0.181224|0.19579|0.247673|0.165537|0.241582|0.249414|0.202821|0.171695|0.205609|0.187871|0.161606,0.641344|0.940196|0.49652|0.824452|0.280873|0.921574|0.544934|0.996635|0.615936|0.160123|0.146572|0.688121|0.774487|0.672733|0.90576|0.566426|0.120763|0.969103|0.752732,0.935004,0.828035,0.00860061,0.625358,0.653224,0.50567,0.0737287,0.531077,0.0227058,0.913816,20.837,4.14754e-11,47595,0.929259,14.6973,1.66086e-11,23039,0.936476,0.823991,0.0110375,0.713123,0.0635319,0.472453,0.247421,0.530969,0.256238,0.858698,57.5243,1.23991e-10,22329,0.93039,18.7738,4.49782e-10,67358
8,185,n1->n11->n12->n22->n21->n31->n32->n42->n43->n33->n23->n24->n25->n15->n16->n17->n18->n8->n9->n10,1.39914e+12|6.74446e+13|1.02421e+11|1.04684e+12|2.10865e+12|3.52863e+13|1.76915e+13|4.30699e+10|9.41943e+11|8.37382e+09|4.82335e+12|7.40688e+10|2.92866e+12|5.83171e+09|5.96789e+12|1.02005e+09|2.57098e+11|2.97761e+13|1.77255e+13|4.52738e+13,1.77398e+11|6.67907e+13|1.31721e+10|2.87275e+11|1.65286e+12|1.10607e+13|1.80488e+12|8.70192e+09|1.03461e+11|3.65063e+09|9.44696e+11|4.11162e+10|1.91072e+12|9.6845e+08|5.01145e+12|3.1363e+08|6.04421e+10|3.75649e+12|1.12087e+13|1.1265e+13,1.95975e-05|0.000704058|0.000151799|0.000315597|0.000474297|8.13083e-05|2.19175e-05|0.00013444|1.55391e-05|2.63111e-05|8.04044e-05|0.000277508|2.30183e-05|1.34777e-05|0.000379753|3.38246e-05|0.000162804|0.000533313|2.11883e-05|5.27173e-05,0.00010992|0.00551474|0.00251821|0.00111995|0.000184711|0.00107235|0.000875173|0.000669489|0.00877767|0.00127695|0.00115348|0.00122802|0.0010803|0.000170048|0.0016797|0.000148753|0.00406814|0.000989963|0.0022225|0.00330392,0.0181682|0.013944|0.0201998|0.00382452|0.047834|0.0397077|0.042527|0.00539796|0.0332256|0.0417406|0.0125041|0.0388837|0.0330416|0.0488947|0.0406616|0.0423098|0.0120126|0.0214324|0.0428419|0.0131986,0.0319791|0.0483324|0.0203015|0.0122344|0.0445871|0.0112236|0.0482558|0.0445644|0.00167826|0.019491|0.032598|0.00538224|0.011185|0.0139893|0.0202115|0.000397484|0.0125351|0.0250331|0.0409884|0.0417374,0.949547|0.98815|0.954465|0.98384|0.930488|0.967441|0.956513|0.919444|0.975449|0.935955|0.965877|0.91123|0.949108|0.929167|0.981652|0.969366|0.957682|0.91902|0.940435|0.907225,4.23825|3.35756|0.174573|0.236811|0.126822|4.4659|1.33288|3.35572|3.19527|0.227076|0.534444|4.13113|4.01147|0.798633|5.01724|6.20899|5.90544|2.87572|0.302176|4.65403,30.2686|24.4191|13.2112|34.0839|89.2299|63.0993|70.8805|27.3217|49.6282|76.7594|67.5745|18.2346|54.7186|56.2706|32.2763|27.3162|81.3396|99.595|65.9961,0.172886|0.215492|0.160355|0.161458|0.182578|0.192934|0.212531|0.174425|0.209444|0.229061|0.181224|0.19579|0.249041|0.18736|0.20903|0.164228|0.202434|0.187871|0.161606,0.273933|0.537123|0.66376|0.734507|0.875943|0.147013|0.176282|0.795638|0.804441|0.851459|0.615936|0.160123|0.656917|0.442932|0.132326|0.347372|0.175208|0.969103|0.752732,0.935004,0.828035,0.00860061,0.625358,0.653224,0.50567,0.0737287,0.531077,0.0227058,0.913816,20.837,4.14754e-11,47595,0.929259,14.6973,1.66086e-11,23039,0.936476,0.823991,0.0110375,0.713123,0.0635319,0.472453,0.247421,0.530969,0.256238,0.858698,57.5243,1.23991e-10,22329,0.93039,18.7738,4.49782e-10,67358
8,186,n1->n11->n21->n31->n41->n51->n52->n42->n43->n33->n23->n13->n3->n4->n5->n6->n7->n8->n9->n10,1.39914e+12|6.74446e+13|2.10865e+12|3.52863e+13|5.45935e+11|1.44593e+13|6.02198e+10|4.30699e+10|9.41943e+11|8.37382e+09|4.82335e+12|6.15644e+13|2.83016e+12|5.18924e+13|9.47619e+11|1.3295e+10|1.67497e+12|2.97761e+13|1.77255e+13|4.52738e+13,1.77398e+11|6.67907e+13|1.65286e+12|1.10607e+13|3.34838e+11|9.42734e+12|1.68456e+10|8.70192e+09|1.03461e+11|3.65063e+09|9.44696e+11|1.20015e+13|6.97984e+11|2.57057e+13|5.02465e+11|3.05195e+09|1.7716e+11|3.75649e+12|1.12087e+13|1.1265e+13,1.95975e-05|0.000704058|0.000474297|8.13083e-05|4.34245e-05|4.77534e-05|4.15618e-05|0.00013444|1.55391e-05|2.63111e-05|8.04044e-05|1.91329e-05|2.3201e-05|0.000184583|2.16719e-05|0.000791651|0.000138816|0.000533313|2.11883e-05|5.27173e-05,0.00010992|0.00551474|0.000184711|0.00107235|0.00522373|0.000467441|0.000214138|0.000669489|0.00877767|0.00127695|0.00115348|0.00010256|0.00771915|0.000294331|0.00291743|0.00210098|0.00414359|0.000989963|0.0022225|0.00330392,0.0181682|0.013944|0.047834|0.0397077|0.00538382|0.0145869|0.0186705|0.00539796|0.0332256|0.0417406|0.0125041|0.0428446|0.0253399|0.00258778|0.0474863|0.0394512|0.0305222|0.0214324|0.0428419|0.0131986,0.0319791|0.0483324|0.0445871|0.0112236|0.0317002|0.0173348|0.0240454|0.0445644|0.00167826|0.019491|0.032598|0.0431604|0.0264018|0.0218892|0.0371588|0.0484347|0.0147697|0.0250331|0.0409884|0.0417374,0.949547|0.98815|0.930488|0.967441|0.984563|0.935103|0.968469|0.919444|0.975449|0.935955|0.965877|0.909054|0.99323|0.900966|0.974548|0.921987|0.96879|0.91902|0.940435|0.907225,4.23825|3.35756|0.126822|4.4659|1.58772|0.879669|4.46884|3.35572|3.19527|0.227076|0.534444|0.95656|2.3022|0.446122|4.40271|2.02122|0.917544|2.87572|0.302176|4.65403,30.2686|65.1286|89.2299|64.4551|23.0914|43.4967|93.5115|27.3217|49.6282|76.7594|51.9585|83.9106|10.4739|81.7362|37.2729|32.9383|55.4093|99.595|65.9961,0.172886|0.170031|0.182578|0.175394|0.24328|0.229632|0.181883|0.174425|0.209444|0.229061|0.186795|0.164875|0.218201|0.241023|0.205536|0.230383|0.205609|0.187871|0.161606,0.273933|0.806267|0.875943|0.654898|0.526093|0.478976|0.858539|0.795638|0.804441|0.851459|0.996635|0.456853|0.49652|0.824452|0.626255|0.704667|0.120763|0.969103|0.752732,0.935004,0.828035,0.00860061,0.625358,0.653224,0.50567,0.0737287,0.531077,0.0227058,0.913816,20.837,4.14754e-11,47595,0.929259,14.6973,1.66086e-11,23039,0.936476,0.823991,0.0110375,0.713123,0.0635319,0.472453,0.247421,0.530969,0.256238,0.858698,57.5243,1.23991e-10,22329,0.93039,18.7738,4.49782e-10,67358
8,187,n1->n11->n12->n13->n3->n4->n14->n24->n25->n26->n27->n37->n47->n48->n38->n39->n40->n30->n20->n10,1.39914e+12|6.74446e+13|1.02421e+11|6.15644e+13|2.83016e+12|5.18924e+13|1.73585e+11|7.40688e+10|2.92866e+12|1.18099e+10|9.07677e+09|1.02825e+10|2.52178e+12|5.19361e+09|1.70705e+12|7.47639e+11|2.91514e+12|9.94883e+10|1.29136e+12|4.52738e+13,1.77398e+11|6.67907e+13|1.31721e+10|1.20015e+13|6.97984e+11|2.57057e+13|2.66204e+10|4.11162e+10|1.91072e+12|2.80421e+09|3.68247e+09|2.34302e+09|7.55616e+11|4.91992e+09|3.78545e+11|2.38503e+11|2.43009e+12|7.62123e+10|5.89601e+11|1.1265e+13,1.95975e-05|0.000704058|0.000151799|1.91329e-05|2.3201e-05|0.000184583|0.000296239|0.000277508|2.30183e-05|2.70818e-05|1.08468e-05|0.000453739|0.000308441|1.07395e-05|2.82337e-05|1.04996e-05|2.82467e-05|0.000436038|0.000104918|5.27173e-05,0.00010992|0.00551474|0.00251821|0.00010256|0.00771915|0.000294331|0.000130641|0.00122802|0.0010803|0.00639567|0.000374531|0.00529557|0.000185634|0.000104748|0.00539505|0.00624201|0.00025363|0.00666947|0.000585458|0.00330392,0.0181682|0.013944|0.0201998|0.0428446|0.0253399|0.00258778|0.0274855|0.0388837|0.0330416|0.0118399|0.00290834|0.00876427|0.0223175|0.0186721|0.0374159|0.0271945|0.0356271|0.0266891|0.0288099|0.0131986,0.0319791|0.0483324|0.0203015|0.0431604|0.0264018|0.0218892|0.0191396|0.00538224|0.011185|0.00604173|0.0201829|0.0176724|0.0167769|0.0310188|0.0386881|0.0412577|0.0250697|0.0224373|0.0321693|0.0417374,0.949547|0.98815|0.954465|0.909054|0.99323|0.900966|0.94417|0.91123|0.949108|0.90334|0.904615|0.922562|0.943667|0.917067|0.903724|0.962274|0.95692|0.936657|0.976331|0.907225,4.23825|3.35756|0.174573|0.95656|2.3022|0.446122|2.66883|4.13113|4.01147|0.282451|3.8173|0.770588|2.8304|3.35016|5.74993|5.00577|4.4519|0.291653|4.981|4.65403,30.2686|24.4191|13.9548|83.9106|10.4739|52.1141|66.6304|18.2346|55.6995|42.5138|44.8869|88.6669|13.4252|21.8454|69.5993|86.0567|98.0873|23.9015|29.3778,0.172886|0.215492|0.198327|0.164875|0.218201|0.243468|0.242617|0.19579|0.177728|0.231617|0.249414|0.246593|0.232852|0.222606|0.169851|0.191018|0.219445|0.24759|0.198143,0.273933|0.537123|0.649751|0.456853|0.49652|0.237548|0.478901|0.160123|0.90653|0.681145|0.672733|0.687239|0.272839|0.158832|0.558345|0.745373|0.794091|0.695631|0.337655,0.935004,0.828035,0.00860061,0.625358,0.653224,0.50567,0.0737287,0.531077,0.0227058,0.913816,20.837,4.14754e-11,47595,0.929259,14.6973,1.66086e-11,23039,0.936476,0.823991,0.0110375,0.713123,0.0635319,0.472453,0.247421,0.530969,0.256238,0.858698,57.5243,1.23991e-10,22329,0.93039,18.7738,4.49782e-10,67358
8,188,n1->n11->n21->n31->n41->n51->n52->n53->n54->n44->n45->n35->n36->n26->n27->n28->n18->n19->n20->n10,1.39914e+12|6.74446e+13|2.10865e+12|3.52863e+13|5.45935e+11|1.44593e+13|6.02198e+10|1.03151e+10|4.22252e+12|2.37683e+09|6.8751e+12|3.91386e+11|1.0066e+09|1.18099e+10|9.07677e+09|2.76771e+12|2.57098e+11|3.10599e+10|1.29136e+12|4.52738e+13,1.77398e+11|6.67907e+13|1.65286e+12|1.10607e+13|3.34838e+11|9.42734e+12|1.68456e+10|1.12236e+09|1.36381e+12|1.13959e+09|3.4946e+12|1.2386e+11|6.15185e+08|2.80421e+09|3.68247e+09|1.49094e+12|6.04421e+10|7.39528e+09|5.89601e+11|1.1265e+13,1.95975e-05|0.000704058|0.000474297|8.13083e-05|4.34245e-05|4.77534e-05|4.15618e-05|4.05134e-05|1.22421e-05|9.97019e-05|0.000640164|2.02429e-05|2.14951e-05|2.70818e-05|1.08468e-05|2.80987e-05|0.000162804|0.000969765|0.000104918|5.27173e-05,0.00010992|0.00551474|0.000184711|0.00107235|0.00522373|0.000467441|0.000214138|0.000206192|0.000210562|0.000256945|0.000287527|0.00100279|0.00707672|0.00639567|0.000374531|0.00545758|0.00406814|0.000225136|0.000585458|0.00330392,0.0181682|0.013944|0.047834|0.0397077|0.00538382|0.0145869|0.0186705|0.0197894|0.0467625|0.0438851|0.0393182|0.00299689|0.00219889|0.0118399|0.00290834|0.0345144|0.0120126|0.00384841|0.0288099|0.0131986,0.0319791|0.0483324|0.0445871|0.0112236|0.0317002|0.0173348|0.0240454|0.0489673|0.00515825|0.014569|0.0286523|0.0462929|0.0410394|0.00604173|0.0201829|0.00283251|0.0125351|0.0294878|0.0321693|0.0417374,0.949547|0.98815|0.930488|0.967441|0.984563|0.935103|0.968469|0.917202|0.960334|0.927033|0.929325|0.905513|0.962381|0.90334|0.904615|0.941873|0.957682|0.902305|0.976331|0.907225,4.23825|3.35756|0.126822|4.4659|1.58772|0.879669|4.46884|2.00354|4.97833|1.71389|0.222765|2.66112|1.56914|0.282451|3.8173|4.82396|5.90544|1.1337|4.981|4.65403,30.2686|65.1286|89.2299|64.4551|23.0914|43.4967|21.0603|69.1985|67.7415|89.5651|97.1045|18.7034|63.8366|42.5138|15.3326|43.2583|28.0546|10.3361|29.3778,0.172886|0.170031|0.182578|0.175394|0.24328|0.229632|0.229899|0.198802|0.243534|0.243226|0.213508|0.165537|0.183529|0.231617|0.171578|0.193487|0.231107|0.207438|0.198143,0.273933|0.806267|0.875943|0.654898|0.526093|0.478976|0.473749|0.71551|0.128207|0.292927|0.956827|0.688121|0.671641|0.681145|0.162466|0.802216|0.277869|0.257043|0.337655,0.935004,0.828035,0.00860061,0.625358,0.653224,0.50567,0.0737287,0.531077,0.0227058,0.913816,20.837,4.14754e-11,47595,0.929259,14.6973,1.66086e-11,23039,0.936476,0.823991,0.0110375,0.713123,0.0635319,0.472453,0.247421,0.530969,0.256238,0.858698,57.5243,1.23991e-10,22329,0.93039,18.7738,4.49782e-10,67358
8,189,n1->n2->n12->n11->n21->n31->n41->n42->n43->n33->n23->n24->n14->n15->n5->n6->n7->n8->n9->n10,1.39914e+12|2.9277e+11|1.02421e+11|6.74446e+13|2.10865e+12|3.52863e+13|5.45935e+11|4.30699e+10|9.41943e+11|8.37382e+09|4.82335e+12|7.40688e+10|1.73585e+11|5.83171e+09|9.47619e+11|1.3295e+10|1.67497e+12|2.97761e+13|1.77255e+13|4.52738e+13,1.77398e+11|8.93832e+10|1.31721e+10|6.67907e+13|1.65286e+12|1.10607e+13|3.34838e+11|8.70192e+09|1.03461e+11|3.65063e+09|9.44696e+11|4.11162e+10|2.66204e+10|9.6845e+08|5.02465e+11|3.05195e+09|1.7716e+11|3.75649e+12|1.12087e+13|1.1265e+13,1.95975e-05|2.30528e-05|0.000151799|0.000704058|0.000474297|8.13083e-05|4.34245e-05|0.00013444|1.55391e-05|2.63111e-05|8.04044e-05|0.000277508|0.000296239|1.34777e-05|2.16719e-05|0.000791651|0.000138816|0.000533313|2.11883e-05|5.27173e-05,0.00010992|0.000491852|0.00251821|0.00551474|0.000184711|0.00107235|0.00522373|0.000669489|0.00877767|0.00127695|0.00115348|0.00122802|0.000130641|0.000170048|0.00291743|0.00210098|0.00414359|0.000989963|0.0022225|0.00330392,0.0181682|0.0363562|0.0201998|0.013944|0.047834|0.0397077|0.00538382|0.00539796|0.0332256|0.0417406|0.0125041|0.0388837|0.0274855|0.0488947|0.0474863|0.0394512|0.0305222|0.0214324|0.0428419|0.0131986,0.0319791|0.0270472|0.0203015|0.0483324|0.0445871|0.0112236|0.0317002|0.0445644|0.00167826|0.019491|0.032598|0.00538224|0.0191396|0.0139893|0.0371588|0.0484347|0.0147697|0.0250331|0.0409884|0.0417374,0.949547|0.950284|0.954465|0.98815|0.930488|0.967441|0.984563|0.919444|0.975449|0.935955|0.965877|0.91123|0.94417|0.929167|0.974548|0.921987|0.96879|0.91902|0.940435|0.907225,4.23825|1.22677|0.174573|3.35756|0.126822|4.4659|1.58772|3.35572|3.19527|0.227076|0.534444|4.13113|2.66883|0.798633|4.40271|2.02122|0.917544|2.87572|0.302176|4.65403,79.8117|88.6198|24.4191|65.1286|89.2299|64.4551|61.2747|27.3217|49.6282|76.7594|67.5745|66.6304|92.5451|35.0583|37.2729|32.9383|55.4093|99.595|65.9961,0.217184|0.211866|0.215492|0.170031|0.182578|0.175394|0.206666|0.174425|0.209444|0.229061|0.181224|0.242617|0.180776|0.178893|0.205536|0.230383|0.205609|0.187871|0.161606,0.641344|0.611032|0.537123|0.806267|0.875943|0.654898|0.961172|0.795638|0.804441|0.851459|0.615936|0.478901|0.921574|0.280873|0.626255|0.704667|0.120763|0.969103|0.752732,0.935004,0.828035,0.00860061,0.625358,0.653224,0.50567,0.0737287,0.531077,0.0227058,0.913816,20.837,4.14754e-11,47595,0.929259,14.6973,1.66086e-11,23039,0.936476,0.823991,0.0110375,0.713123,0.0635319,0.472453,0.247421,0.530969,0.256238,0.858698,57.5243,1.23991e-10,22329,0.93039,18.7738,4.49782e-10,67358
8,190,n1->n11->n12->n13->n23->n24->n25->n15->n14->n4->n5->n6->n7->n17->n18->n8->n9->n19->n20->n10,1.39914e+12|6.74446e+13|1.02421e+11|6.15644e+13|4.82335e+12|7.40688e+10|2.92866e+12|5.83171e+09|1.73585e+11|5.18924e+13|9.47619e+11|1.3295e+10|1.67497e+12|1.02005e+09|2.57098e+11|2.97761e+13|1.77255e+13|3.10599e+10|1.29136e+12|4.52738e+13,1.77398e+11|6.67907e+13|1.31721e+10|1.20015e+13|9.44696e+11|4.11162e+10|1.91072e+12|9.6845e+08|2.66204e+10|2.57057e+13|5.02465e+11|3.05195e+09|1.7716e+11|3.1363e+08|6.04421e+10|3.75649e+12|1.12087e+13|7.39528e+09|5.89601e+11|1.1265e+13,1.95975e-05|0.000704058|0.000151799|1.91329e-05|8.04044e-05|0.000277508|2.30183e-05|1.34777e-05|0.000296239|0.000184583|2.16719e-05|0.000791651|0.000138816|3.38246e-05|0.000162804|0.000533313|2.11883e-05|0.000969765|0.000104918|5.27173e-05,0.00010992|0.00551474|0.00251821|0.00010256|0.00115348|0.00122802|0.0010803|0.000170048|0.000130641|0.000294331|0.00291743|0.00210098|0.00414359|0.000148753|0.00406814|0.000989963|0.0022225|0.000225136|0.000585458|0.00330392,0.0181682|0.013944|0.0201998|0.0428446|0.0125041|0.0388837|0.0330416|0.0488947|0.0274855|0.00258778|0.0474863|0.0394512|0.0305222|0.0423098|0.0120126|0.0214324|0.0428419|0.00384841|0.0288099|0.0131986,0.0319791|0.0483324|0.0203015|0.0431604|0.032598|0.00538224|0.011185|0.0139893|0.0191396|0.0218892|0.0371588|0.0484347|0.0147697|0.000397484|0.0125351|0.0250331|0.0409884|0.0294878|0.0321693|0.0417374,0.949547|0.98815|0.954465|0.909054|0.965877|0.91123|0.949108|0.929167|0.94417|0.900966|0.974548|0.921987|0.96879|0.969366|0.957682|0.91902|0.940435|0.902305|0.976331|0.907225,4.23825|3.35756|0.174573|0.95656|0.534444|4.13113|4.01147|0.798633|2.66883|0.446122|4.40271|2.02122|0.917544|6.20899|5.90544|2.87572|0.302176|1.1337|4.981|4.65403,30.2686|24.4191|13.9548|51.9585|67.5745|18.2346|54.7186|92.5451|52.1141|81.7362|37.2729|32.9383|59.8148|27.3162|81.3396|99.595|99.0064|10.3361|29.3778,0.172886|0.215492|0.198327|0.186795|0.181224|0.19579|0.249041|0.180776|0.243468|0.241023|0.205536|0.230383|0.171695|0.164228|0.202434|0.187871|0.175436|0.207438|0.198143,0.273933|0.537123|0.649751|0.996635|0.615936|0.160123|0.656917|0.921574|0.237548|0.824452|0.626255|0.704667|0.566426|0.347372|0.175208|0.969103|0.269031|0.257043|0.337655,0.935004,0.828035,0.00860061,0.625358,0.653224,0.50567,0.0737287,0.531077,0.0227058,0.913816,20.837,4.14754e-11,47595,0.929259,14.6973,1.66086e-11,23039,0.936476,0.823991,0.0110375,0.713123,0.0635319,0.472453,0.247421,0.530969,0.256238,0.858698,57.5243,1.23991e-10,22329,0.93039,18.7738,4.49782e-10,67358
8,191,n1->n11->n12->n2->n3->n13->n23->n33->n34->n35->n45->n46->n36->n26->n16->n17->n18->n8->n9->n10,1.39914e+12|6.74446e+13|1.02421e+11|2.9277e+11|2.83016e+12|6.15644e+13|4.82335e+12|8.37382e+09|1.8639e+10|3.91386e+11|6.8751e+12|1.24376e+13|1.0066e+09|1.18099e+10|5.96789e+12|1.02005e+09|2.57098e+11|2.97761e+13|1.77255e+13|4.52738e+13,1.77398e+11|6.67907e+13|1.31721e+10|8.93832e+10|6.97984e+11|1.20015e+13|9.44696e+11|3.65063e+09|9.30281e+09|1.2386e+11|3.4946e+12|2.16675e+12|6.15185e+08|2.80421e+09|5.01145e+12|3.1363e+08|6.04421e+10|3.75649e+12|1.12087e+13|1.1265e+13,1.95975e-05|0.000704058|0.000151799|2.30528e-05|2.3201e-05|1.91329e-05|8.04044e-05|2.63111e-05|5.25754e-05|2.02429e-05|0.000640164|0.000183437|2.14951e-05|2.70818e-05|0.000379753|3.38246e-05|0.000162804|0.000533313|2.11883e-05|5.27173e-05,0.00010992|0.00551474|0.00251821|0.000491852|0.00771915|0.00010256|0.00115348|0.00127695|0.000207299|0.00100279|0.000287527|0.00125238|0.00707672|0.00639567|0.0016797|0.000148753|0.00406814|0.000989963|0.0022225|0.00330392,0.0181682|0.013944|0.0201998|0.0363562|0.0253399|0.0428446|0.0125041|0.0417406|0.00528839|0.00299689|0.0393182|0.000222477|0.00219889|0.0118399|0.0406616|0.0423098|0.0120126|0.0214324|0.0428419|0.0131986,0.0319791|0.0483324|0.0203015|0.0270472|0.0264018|0.0431604|0.032598|0.019491|0.00475267|0.0462929|0.0286523|0.0497172|0.0410394|0.00604173|0.0202115|0.000397484|0.0125351|0.0250331|0.0409884|0.0417374,0.949547|0.98815|0.954465|0.950284|0.99323|0.909054|0.965877|0.935955|0.962618|0.905513|0.929325|0.977361|0.962381|0.90334|0.981652|0.969366|0.957682|0.91902|0.940435|0.907225,4.23825|3.35756|0.174573|1.22677|2.3022|0.95656|0.534444|0.227076|3.84921|2.66112|0.222765|3.05659|1.56914|0.282451|5.01724|6.20899|5.90544|2.87572|0.302176|4.65403,30.2686|24.4191|88.6198|37.015|83.9106|51.9585|76.7594|23.5709|31.5608|97.1045|61.2725|70.4589|63.8366|11.0615|32.2763|27.3162|81.3396|99.595|65.9961,0.172886|0.215492|0.211866|0.221489|0.164875|0.186795|0.229061|0.161556|0.174651|0.213508|0.229228|0.161724|0.183529|0.236306|0.20903|0.164228|0.202434|0.187871|0.161606,0.273933|0.537123|0.611032|0.940196|0.456853|0.996635|0.851459|0.803928|0.466681|0.956827|0.927701|0.532348|0.671641|0.175425|0.132326|0.347372|0.175208|0.969103|0.752732,0.935004,0.828035,0.00860061,0.625358,0.653224,0.50567,0.0737287,0.531077,0.0227058,0.913816,20.837,4.14754e-11,47595,0.929259,14.6973,1.66086e-11,23039,0.936476,0.823991,0.0110375,0.713123,0.0635319,0.472453,0.247421,0.530969,0.256238,0.858698,57.5243,1.23991e-10,22329,0.93039,18.7738,4.49782e-10,67358
8,192,n1->n11->n12->n22->n32->n42->n43->n44->n34->n33->n23->n24->n14->n4->n5->n6->n7->n8->n9->n10,1.39914e+12|6.74446e+13|1.02421e+11|1.04684e+12|1.76915e+13|4.30699e+10|9.41943e+11|2.37683e+09|1.8639e+10|8.37382e+09|4.82335e+12|7.40688e+10|1.73585e+11|5.18924e+13|9.47619e+11|1.3295e+10|1.67497e+12|2.97761e+13|1.77255e+13|4.52738e+13,1.77398e+11|6.67907e+13|1.31721e+10|2.87275e+11|1.80488e+12|8.70192e+09|1.03461e+11|1.13959e+09|9.30281e+09|3.65063e+09|9.44696e+11|4.11162e+10|2.66204e+10|2.57057e+13|5.02465e+11|3.05195e+09|1.7716e+11|3.75649e+12|1.12087e+13|1.1265e+13,1.95975e-05|0.000704058|0.000151799|0.000315597|2.19175e-05|0.00013444|1.55391e-05|9.97019e-05|5.25754e-05|2.63111e-05|8.04044e-05|0.000277508|0.000296239|0.000184583|2.16719e-05|0.000791651|0.000138816|0.000533313|2.11883e-05|5.27173e-05,0.00010992|0.00551474|0.00251821|0.00111995|0.000875173|0.000669489|0.00877767|0.000256945|0.000207299|0.00127695|0.00115348|0.00122802|0.000130641|0.000294331|0.00291743|0.00210098|0.00414359|0.000989963|0.0022225|0.00330392,0.0181682|0.013944|0.0201998|0.00382452|0.042527|0.00539796|0.0332256|0.0438851|0.00528839|0.0417406|0.0125041|0.0388837|0.0274855|0.00258778|0.0474863|0.0394512|0.0305222|0.0214324|0.0428419|0.0131986,0.0319791|0.0483324|0.0203015|0.0122344|0.0482558|0.0445644|0.00167826|0.014569|0.00475267|0.019491|0.032598|0.00538224|0.0191396|0.0218892|0.0371588|0.0484347|0.0147697|0.0250331|0.0409884|0.0417374,0.949547|0.98815|0.954465|0.98384|0.956513|0.919444|0.975449|0.927033|0.962618|0.935955|0.965877|0.91123|0.94417|0.900966|0.974548|0.921987|0.96879|0.91902|0.940435|0.907225,4.23825|3.35756|0.174573|0.236811|1.33288|3.35572|3.19527|1.71389|3.84921|0.227076|0.534444|4.13113|2.66883|0.446122|4.40271|2.02122|0.917544|2.87572|0.302176|4.65403,30.2686|24.4191|13.2112|86.2435|70.8805|27.3217|59.7094|46.2248|23.5709|76.7594|67.5745|66.6304|52.1141|81.7362|37.2729|32.9383|55.4093|99.595|65.9961,0.172886|0.215492|0.160355|0.202115|0.212531|0.174425|0.212843|0.242725|0.161556|0.229061|0.181224|0.242617|0.243468|0.241023|0.205536|0.230383|0.205609|0.187871|0.161606,0.273933|0.537123|0.66376|0.329678|0.176282|0.795638|0.454684|0.254438|0.803928|0.851459|0.615936|0.478901|0.237548|0.824452|0.626255|0.704667|0.120763|0.969103|0.752732,0.935004,0.828035,0.00860061,0.625358,0.653224,0.50567,0.0737287,0.531077,0.0227058,0.913816,20.837,4.14754e-11,47595,0.929259,14.6973,1.66086e-11,23039,0.936476,0.823991,0.0110375,0.713123,0.0635319,0.472453,0.247421,0.530969,0.256238,0.858698,57.5243,1.23991e-10,22329,0.93039,18.7738,4.49782e-10,67358
8,193,n1->n11->n12->n22->n32->n33->n34->n44->n45->n35->n25->n26->n27->n17->n18->n28->n29->n30->n20->n10,1.39914e+12|6.74446e+13|1.02421e+11|1.04684e+12|1.76915e+13|8.37382e+09|1.8639e+10|2.37683e+09|6.8751e+12|3.91386e+11|2.92866e+12|1.18099e+10|9.07677e+09|1.02005e+09|2.57098e+11|2.76771e+12|3.58484e+10|9.94883e+10|1.29136e+12|4.52738e+13,1.77398e+11|6.67907e+13|1.31721e+10|2.87275e+11|1.80488e+12|3.65063e+09|9.30281e+09|1.13959e+09|3.4946e+12|1.2386e+11|1.91072e+12|2.80421e+09|3.68247e+09|3.1363e+08|6.04421e+10|1.49094e+12|8.63035e+09|7.62123e+10|5.89601e+11|1.1265e+13,1.95975e-05|0.000704058|0.000151799|0.000315597|2.19175e-05|2.63111e-05|5.25754e-05|9.97019e-05|0.000640164|2.02429e-05|2.30183e-05|2.70818e-05|1.08468e-05|3.38246e-05|0.000162804|2.80987e-05|0.000181638|0.000436038|0.000104918|5.27173e-05,0.00010992|0.00551474|0.00251821|0.00111995|0.000875173|0.00127695|0.000207299|0.000256945|0.000287527|0.00100279|0.0010803|0.00639567|0.000374531|0.000148753|0.00406814|0.00545758|0.000129111|0.00666947|0.000585458|0.00330392,0.0181682|0.013944|0.0201998|0.00382452|0.042527|0.0417406|0.00528839|0.0438851|0.0393182|0.00299689|0.0330416|0.0118399|0.00290834|0.0423098|0.0120126|0.0345144|0.0483468|0.0266891|0.0288099|0.0131986,0.0319791|0.0483324|0.0203015|0.0122344|0.0482558|0.019491|0.00475267|0.014569|0.0286523|0.0462929|0.011185|0.00604173|0.0201829|0.000397484|0.0125351|0.00283251|0.00872405|0.0224373|0.0321693|0.0417374,0.949547|0.98815|0.954465|0.98384|0.956513|0.935955|0.962618|0.927033|0.929325|0.905513|0.949108|0.90334|0.904615|0.969366|0.957682|0.941873|0.902534|0.936657|0.976331|0.907225,4.23825|3.35756|0.174573|0.236811|1.33288|0.227076|3.84921|1.71389|0.222765|2.66112|4.01147|0.282451|3.8173|6.20899|5.90544|4.82396|0.0334453|0.291653|4.981|4.65403,30.2686|24.4191|13.2112|86.2435|67.4197|23.5709|46.2248|89.5651|97.1045|88.4205|55.6995|42.5138|72.2829|27.3162|43.2583|39.0733|83.4704|23.9015|29.3778,0.172886|0.215492|0.160355|0.202115|0.229759|0.161556|0.242725|0.243226|0.213508|0.247673|0.177728|0.231617|0.202821|0.164228|0.193487|0.18279|0.24104|0.24759|0.198143,0.273933|0.537123|0.66376|0.329678|0.780444|0.803928|0.254438|0.292927|0.956827|0.146572|0.90653|0.681145|0.90576|0.347372|0.802216|0.505031|0.881928|0.695631|0.337655,0.935004,0.828035,0.00860061,0.625358,0.653224,0.50567,0.0737287,0.531077,0.0227058,0.913816,20.837,4.14754e-11,47595,0.929259,14.6973,1.66086e-11,23039,0.936476,0.823991,0.0110375,0.713123,0.0635319,0.472453,0.247421,0.530969,0.256238,0.858698,57.5243,1.23991e-10,22329,0.93039,18.7738,4.49782e-10,67358
8,194,n1->n2->n12->n11->n21->n22->n32->n33->n23->n13->n3->n4->n14->n15->n16->n6->n7->n8->n9->n10,1.39914e+12|2.9277e+11|1.02421e+11|6.74446e+13|2.10865e+12|1.04684e+12|1.76915e+13|8.37382e+09|4.82335e+12|6.15644e+13|2.83016e+12|5.18924e+13|1.73585e+11|5.83171e+09|5.96789e+12|1.3295e+10|1.67497e+12|2.97761e+13|1.77255e+13|4.52738e+13,1.77398e+11|8.93832e+10|1.31721e+10|6.67907e+13|1.65286e+12|2.87275e+11|1.80488e+12|3.65063e+09|9.44696e+11|1.20015e+13|6.97984e+11|2.57057e+13|2.66204e+10|9.6845e+08|5.01145e+12|3.05195e+09|1.7716e+11|3.75649e+12|1.12087e+13|1.1265e+13,1.95975e-05|2.30528e-05|0.000151799|0.000704058|0.000474297|0.000315597|2.19175e-05|2.63111e-05|8.04044e-05|1.91329e-05|2.3201e-05|0.000184583|0.000296239|1.34777e-05|0.000379753|0.000791651|0.000138816|0.000533313|2.11883e-05|5.27173e-05,0.00010992|0.000491852|0.00251821|0.00551474|0.000184711|0.00111995|0.000875173|0.00127695|0.00115348|0.00010256|0.00771915|0.000294331|0.000130641|0.000170048|0.0016797|0.00210098|0.00414359|0.000989963|0.0022225|0.00330392,0.0181682|0.0363562|0.0201998|0.013944|0.047834|0.00382452|0.042527|0.0417406|0.0125041|0.0428446|0.0253399|0.00258778|0.0274855|0.0488947|0.0406616|0.0394512|0.0305222|0.0214324|0.0428419|0.0131986,0.0319791|0.0270472|0.0203015|0.0483324|0.0445871|0.0122344|0.0482558|0.019491|0.032598|0.0431604|0.0264018|0.0218892|0.0191396|0.0139893|0.0202115|0.0484347|0.0147697|0.0250331|0.0409884|0.0417374,0.949547|0.950284|0.954465|0.98815|0.930488|0.98384|0.956513|0.935955|0.965877|0.909054|0.99323|0.900966|0.94417|0.929167|0.981652|0.921987|0.96879|0.91902|0.940435|0.907225,4.23825|1.22677|0.174573|3.35756|0.126822|0.236811|1.33288|0.227076|0.534444|0.95656|2.3022|0.446122|2.66883|0.798633|5.01724|2.02122|0.917544|2.87572|0.302176|4.65403,79.8117|88.6198|24.4191|65.1286|34.0839|86.2435|67.4197|76.7594|51.9585|83.9106|10.4739|52.1141|92.5451|56.2706|50.0569|32.9383|55.4093|99.595|65.9961,0.217184|0.211866|0.215492|0.170031|0.161458|0.202115|0.229759|0.229061|0.186795|0.164875|0.218201|0.243468|0.180776|0.18736|0.218247|0.230383|0.205609|0.187871|0.161606,0.641344|0.611032|0.537123|0.806267|0.734507|0.329678|0.780444|0.851459|0.996635|0.456853|0.49652|0.237548|0.921574|0.442932|0.340289|0.704667|0.120763|0.969103|0.752732,0.935004,0.828035,0.00860061,0.625358,0.653224,0.50567,0.0737287,0.531077,0.0227058,0.913816,20.837,4.14754e-11,47595,0.929259,14.6973,1.66086e-11,23039,0.936476,0.823991,0.0110375,0.713123,0.0635319,0.472453,0.247421,0.530969,0.256238,0.858698,57.5243,1.23991e-10,22329,0.93039,18.7738,4.49782e-10,67358
8,195,n1->n2->n3->n4->n5->n6->n7->n17->n16->n26->n27->n37->n38->n48->n49->n39->n29->n19->n20->n10,1.39914e+12|2.9277e+11|2.83016e+12|5.18924e+13|9.47619e+11|1.3295e+10|1.67497e+12|1.02005e+09|5.96789e+12|1.18099e+10|9.07677e+09|1.02825e+10|1.70705e+12|5.19361e+09|4.11017e+12|7.47639e+11|3.58484e+10|3.10599e+10|1.29136e+12|4.52738e+13,1.77398e+11|8.93832e+10|6.97984e+11|2.57057e+13|5.02465e+11|3.05195e+09|1.7716e+11|3.1363e+08|5.01145e+12|2.80421e+09|3.68247e+09|2.34302e+09|3.78545e+11|4.91992e+09|5.10411e+11|2.38503e+11|8.63035e+09|7.39528e+09|5.89601e+11|1.1265e+13,1.95975e-05|2.30528e-05|2.3201e-05|0.000184583|2.16719e-05|0.000791651|0.000138816|3.38246e-05|0.000379753|2.70818e-05|1.08468e-05|0.000453739|2.82337e-05|1.07395e-05|0.000930775|1.04996e-05|0.000181638|0.000969765|0.000104918|5.27173e-05,0.00010992|0.000491852|0.00771915|0.000294331|0.00291743|0.00210098|0.00414359|0.000148753|0.0016797|0.00639567|0.000374531|0.00529557|0.00539505|0.000104748|0.000471413|0.00624201|0.000129111|0.000225136|0.000585458|0.00330392,0.0181682|0.0363562|0.0253399|0.00258778|0.0474863|0.0394512|0.0305222|0.0423098|0.0406616|0.0118399|0.00290834|0.00876427|0.0374159|0.0186721|0.0321208|0.0271945|0.0483468|0.00384841|0.0288099|0.0131986,0.0319791|0.0270472|0.0264018|0.0218892|0.0371588|0.0484347|0.0147697|0.000397484|0.0202115|0.00604173|0.0201829|0.0176724|0.0386881|0.0310188|0.00553599|0.0412577|0.00872405|0.0294878|0.0321693|0.0417374,0.949547|0.950284|0.99323|0.900966|0.974548|0.921987|0.96879|0.969366|0.981652|0.90334|0.904615|0.922562|0.903724|0.917067|0.967401|0.962274|0.902534|0.902305|0.976331|0.907225,4.23825|1.22677|2.3022|0.446122|4.40271|2.02122|0.917544|6.20899|5.01724|0.282451|3.8173|0.770588|5.74993|3.35016|5.28074|5.00577|0.0334453|1.1337|4.981|4.65403,79.8117|37.015|10.4739|81.7362|37.2729|32.9383|59.8148|32.2763|11.0615|42.5138|44.8869|37.0378|21.8454|52.0957|95.0453|44.1502|84.7043|10.3361|29.3778,0.217184|0.221489|0.218201|0.241023|0.205536|0.230383|0.171695|0.20903|0.236306|0.231617|0.249414|0.240649|0.222606|0.175697|0.174136|0.190974|0.195645|0.207438|0.198143,0.641344|0.940196|0.49652|0.824452|0.626255|0.704667|0.566426|0.132326|0.175425|0.681145|0.672733|0.490286|0.158832|0.848296|0.413506|0.726408|0.663342|0.257043|0.337655,0.935004,0.828035,0.00860061,0.625358,0.653224,0.50567,0.0737287,0.531077,0.0227058,0.913816,20.837,4.14754e-11,47595,0.929259,14.6973,1.66086e-11,23039,0.936476,0.823991,0.0110375,0.713123,0.0635319,0.472453,0.247421,0.530969,0.256238,0.858698,57.5243,1.23991e-10,22329,0.93039,18.7738,4.49782e-10,67358
8,196,n1->n11->n21->n31->n32->n33->n23->n22->n12->n13->n3->n4->n14->n15->n5->n6->n7->n8->n9->n10,1.39914e+12|6.74446e+13|2.10865e+12|3.52863e+13|1.76915e+13|8.37382e+09|4.82335e+12|1.04684e+12|1.02421e+11|6.15644e+13|2.83016e+12|5.18924e+13|1.73585e+11|5.83171e+09|9.47619e+11|1.3295e+10|1.67497e+12|2.97761e+13|1.77255e+13|4.52738e+13,1.77398e+11|6.67907e+13|1.65286e+12|1.10607e+13|1.80488e+12|3.65063e+09|9.44696e+11|2.87275e+11|1.31721e+10|1.20015e+13|6.97984e+11|2.57057e+13|2.66204e+10|9.6845e+08|5.02465e+11|3.05195e+09|1.7716e+11|3.75649e+12|1.12087e+13|1.1265e+13,1.95975e-05|0.000704058|0.000474297|8.13083e-05|2.19175e-05|2.63111e-05|8.04044e-05|0.000315597|0.000151799|1.91329e-05|2.3201e-05|0.000184583|0.000296239|1.34777e-05|2.16719e-05|0.000791651|0.000138816|0.000533313|2.11883e-05|5.27173e-05,0.00010992|0.00551474|0.000184711|0.00107235|0.000875173|0.00127695|0.00115348|0.00111995|0.00251821|0.00010256|0.00771915|0.000294331|0.000130641|0.000170048|0.00291743|0.00210098|0.00414359|0.000989963|0.0022225|0.00330392,0.0181682|0.013944|0.047834|0.0397077|0.042527|0.0417406|0.0125041|0.00382452|0.0201998|0.0428446|0.0253399|0.00258778|0.0274855|0.0488947|0.0474863|0.0394512|0.0305222|0.0214324|0.0428419|0.0131986,0.0319791|0.0483324|0.0445871|0.0112236|0.0482558|0.019491|0.032598|0.0122344|0.0203015|0.0431604|0.0264018|0.0218892|0.0191396|0.0139893|0.0371588|0.0484347|0.0147697|0.0250331|0.0409884|0.0417374,0.949547|0.98815|0.930488|0.967441|0.956513|0.935955|0.965877|0.98384|0.954465|0.909054|0.99323|0.900966|0.94417|0.929167|0.974548|0.921987|0.96879|0.91902|0.940435|0.907225,4.23825|3.35756|0.126822|4.4659|1.33288|0.227076|0.534444|0.236811|0.174573|0.95656|2.3022|0.446122|2.66883|0.798633|4.40271|2.02122|0.917544|2.87572|0.302176|4.65403,30.2686|65.1286|89.2299|63.0993|67.4197|76.7594|55.8812|13.2112|13.9548|83.9106|10.4739|52.1141|92.5451|35.0583|37.2729|32.9383|55.4093|99.595|65.9961,0.172886|0.170031|0.182578|0.192934|0.229759|0.229061|0.19455|0.160355|0.198327|0.164875|0.218201|0.243468|0.180776|0.178893|0.205536|0.230383|0.205609|0.187871|0.161606,0.273933|0.806267|0.875943|0.147013|0.780444|0.851459|0.279654|0.66376|0.649751|0.456853|0.49652|0.237548|0.921574|0.280873|0.626255|0.704667|0.120763|0.969103|0.752732,0.935004,0.828035,0.00860061,0.625358,0.653224,0.50567,0.0737287,0.531077,0.0227058,0.913816,20.837,4.14754e-11,47595,0.929259,14.6973,1.66086e-11,23039,0.936476,0.823991,0.0110375,0.713123,0.0635319,0.472453,0.247421,0.530969,0.256238,0.858698,57.5243,1.23991e-10,22329,0.93039,18.7738,4.49782e-10,67358
8,197,n1->n11->n12->n22->n32->n31->n41->n42->n43->n33->n34->n24->n14->n4->n5->n6->n7->n8->n9->n10,1.39914e+12|6.74446e+13|1.02421e+11|1.04684e+12|1.76915e+13|3.52863e+13|5.45935e+11|4.30699e+10|9.41943e+11|8.37382e+09|1.8639e+10|7.40688e+10|1.73585e+11|5.18924e+13|9.47619e+11|1.3295e+10|1.67497e+12|2.97761e+13|1.77255e+13|4.52738e+13,1.77398e+11|6.67907e+13|1.31721e+10|2.87275e+11|1.80488e+12|1.10607e+13|3.34838e+11|8.70192e+09|1.03461e+11|3.65063e+09|9.30281e+09|4.11162e+10|2.66204e+10|2.57057e+13|5.02465e+11|3.05195e+09|1.7716e+11|3.75649e+12|1.12087e+13|1.1265e+13,1.95975e-05|0.000704058|0.000151799|0.000315597|2.19175e-05|8.13083e-05|4.34245e-05|0.00013444|1.55391e-05|2.63111e-05|5.25754e-05|0.000277508|0.000296239|0.000184583|2.16719e-05|0.000791651|0.000138816|0.000533313|2.11883e-05|5.27173e-05,0.00010992|0.00551474|0.00251821|0.00111995|0.000875173|0.00107235|0.00522373|0.000669489|0.00877767|0.00127695|0.000207299|0.00122802|0.000130641|0.000294331|0.00291743|0.00210098|0.00414359|0.000989963|0.0022225|0.00330392,0.0181682|0.013944|0.0201998|0.00382452|0.042527|0.0397077|0.00538382|0.00539796|0.0332256|0.0417406|0.00528839|0.0388837|0.0274855|0.00258778|0.0474863|0.0394512|0.0305222|0.0214324|0.0428419|0.0131986,0.0319791|0.0483324|0.0203015|0.0122344|0.0482558|0.0112236|0.0317002|0.0445644|0.00167826|0.019491|0.00475267|0.00538224|0.0191396|0.0218892|0.0371588|0.0484347|0.0147697|0.0250331|0.0409884|0.0417374,0.949547|0.98815|0.954465|0.98384|0.956513|0.967441|0.984563|0.919444|0.975449|0.935955|0.962618|0.91123|0.94417|0.900966|0.974548|0.921987|0.96879|0.91902|0.940435|0.907225,4.23825|3.35756|0.174573|0.236811|1.33288|4.4659|1.58772|3.35572|3.19527|0.227076|3.84921|4.13113|2.66883|0.446122|4.40271|2.02122|0.917544|2.87572|0.302176|4.65403,30.2686|24.4191|13.2112|86.2435|63.0993|64.4551|61.2747|27.3217|49.6282|23.5709|58.7029|66.6304|52.1141|81.7362|37.2729|32.9383|55.4093|99.595|65.9961,0.172886|0.215492|0.160355|0.202115|0.192934|0.175394|0.206666|0.174425|0.209444|0.161556|0.203558|0.242617|0.243468|0.241023|0.205536|0.230383|0.205609|0.187871|0.161606,0.273933|0.537123|0.66376|0.329678|0.147013|0.654898|0.961172|0.795638|0.804441|0.803928|0.490403|0.478901|0.237548|0.824452|0.626255|0.704667|0.120763|0.969103|0.752732,0.935004,0.828035,0.00860061,0.625358,0.653224,0.50567,0.0737287,0.531077,0.0227058,0.913816,20.837,4.14754e-11,47595,0.929259,14.6973,1.66086e-11,23039,0.936476,0.823991,0.0110375,0.713123,0.0635319,0.472453,0.247421,0.530969,0.256238,0.858698,57.5243,1.23991e-10,22329,0.93039,18.7738,4.49782e-10,67358
8,198,n1->n11->n12->n22->n23->n33->n34->n35->n36->n37->n27->n26->n25->n15->n5->n6->n7->n8->n9->n10,1.39914e+12|6.74446e+13|1.02421e+11|1.04684e+12|4.82335e+12|8.37382e+09|1.8639e+10|3.91386e+11|1.0066e+09|1.02825e+10|9.07677e+09|1.18099e+10|2.92866e+12|5.83171e+09|9.47619e+11|1.3295e+10|1.67497e+12|2.97761e+13|1.77255e+13|4.52738e+13,1.77398e+11|6.67907e+13|1.31721e+10|2.87275e+11|9.44696e+11|3.65063e+09|9.30281e+09|1.2386e+11|6.15185e+08|2.34302e+09|3.68247e+09|2.80421e+09|1.91072e+12|9.6845e+08|5.02465e+11|3.05195e+09|1.7716e+11|3.75649e+12|1.12087e+13|1.1265e+13,1.95975e-05|0.000704058|0.000151799|0.000315597|8.04044e-05|2.63111e-05|5.25754e-05|2.02429e-05|2.14951e-05|0.000453739|1.08468e-05|2.70818e-05|2.30183e-05|1.34777e-05|2.16719e-05|0.000791651|0.000138816|0.000533313|2.11883e-05|5.27173e-05,0.00010992|0.00551474|0.00251821|0.00111995|0.00115348|0.00127695|0.000207299|0.00100279|0.00707672|0.00529557|0.000374531|0.00639567|0.0010803|0.000170048|0.00291743|0.00210098|0.00414359|0.000989963|0.0022225|0.00330392,0.0181682|0.013944|0.0201998|0.00382452|0.0125041|0.0417406|0.00528839|0.00299689|0.00219889|0.00876427|0.00290834|0.0118399|0.0330416|0.0488947|0.0474863|0.0394512|0.0305222|0.0214324|0.0428419|0.0131986,0.0319791|0.0483324|0.0203015|0.0122344|0.032598|0.019491|0.00475267|0.0462929|0.0410394|0.0176724|0.0201829|0.00604173|0.011185|0.0139893|0.0371588|0.0484347|0.0147697|0.0250331|0.0409884|0.0417374,0.949547|0.98815|0.954465|0.98384|0.965877|0.935955|0.962618|0.905513|0.962381|0.922562|0.904615|0.90334|0.949108|0.929167|0.974548|0.921987|0.96879|0.91902|0.940435|0.907225,4.23825|3.35756|0.174573|0.236811|0.534444|0.227076|3.84921|2.66112|1.56914|0.770588|3.8173|0.282451|4.01147|0.798633|4.40271|2.02122|0.917544|2.87572|0.302176|4.65403,30.2686|24.4191|13.2112|55.8812|76.7594|23.5709|31.5608|18.7034|29.3504|44.8869|42.5138|55.6995|54.7186|35.0583|37.2729|32.9383|55.4093|99.595|65.9961,0.172886|0.215492|0.160355|0.19455|0.229061|0.161556|0.174651|0.165537|0.241582|0.249414|0.231617|0.177728|0.249041|0.178893|0.205536|0.230383|0.205609|0.187871|0.161606,0.273933|0.537123|0.66376|0.279654|0.851459|0.803928|0.466681|0.688121|0.774487|0.672733|0.681145|0.90653|0.656917|0.280873|0.626255|0.704667|0.120763|0.969103|0.752732,0.935004,0.828035,0.00860061,0.625358,0.653224,0.50567,0.0737287,0.531077,0.0227058,0.913816,20.837,4.14754e-11,47595,0.929259,14.6973,1.66086e-11,23039,0.936476,0.823991,0.0110375,0.713123,0.0635319,0.472453,0.247421,0.530969,0.256238,0.858698,57.5243,1.23991e-10,22329,0.93039,18.7738,4.49782e-10,67358
8,199,n1->n11->n21->n22->n32->n31->n41->n42->n43->n44->n34->n35->n36->n37->n38->n39->n40->n30->n20->n10,1.39914e+12|6.74446e+13|2.10865e+12|1.04684e+12|1.76915e+13|3.52863e+13|5.45935e+11|4.30699e+10|9.41943e+11|2.37683e+09|1.8639e+10|3.91386e+11|1.0066e+09|1.02825e+10|1.70705e+12|7.47639e+11|2.91514e+12|9.94883e+10|1.29136e+12|4.52738e+13,1.77398e+11|6.67907e+13|1.65286e+12|2.87275e+11|1.80488e+12|1.10607e+13|3.34838e+11|8.70192e+09|1.03461e+11|1.13959e+09|9.30281e+09|1.2386e+11|6.15185e+08|2.34302e+09|3.78545e+11|2.38503e+11|2.43009e+12|7.62123e+10|5.89601e+11|1.1265e+13,1.95975e-05|0.000704058|0.000474297|0.000315597|2.19175e-05|8.13083e-05|4.34245e-05|0.00013444|1.55391e-05|9.97019e-05|5.25754e-05|2.02429e-05|2.14951e-05|0.000453739|2.82337e-05|1.04996e-05|2.82467e-05|0.000436038|0.000104918|5.27173e-05,0.00010992|0.00551474|0.000184711|0.00111995|0.000875173|0.00107235|0.00522373|0.000669489|0.00877767|0.000256945|0.000207299|0.00100279|0.00707672|0.00529557|0.00539505|0.00624201|0.00025363|0.00666947|0.000585458|0.00330392,0.0181682|0.013944|0.047834|0.00382452|0.042527|0.0397077|0.00538382|0.00539796|0.0332256|0.0438851|0.00528839|0.00299689|0.00219889|0.00876427|0.0374159|0.0271945|0.0356271|0.0266891|0.0288099|0.0131986,0.0319791|0.0483324|0.0445871|0.0122344|0.0482558|0.0112236|0.0317002|0.0445644|0.00167826|0.014569|0.00475267|0.0462929|0.0410394|0.0176724|0.0386881|0.0412577|0.0250697|0.0224373|0.0321693|0.0417374,0.949547|0.98815|0.930488|0.98384|0.956513|0.967441|0.984563|0.919444|0.975449|0.927033|0.962618|0.905513|0.962381|0.922562|0.903724|0.962274|0.95692|0.936657|0.976331|0.907225,4.23825|3.35756|0.126822|0.236811|1.33288|4.4659|1.58772|3.35572|3.19527|1.71389|3.84921|2.66112|1.56914|0.770588|5.74993|5.00577|4.4519|0.291653|4.981|4.65403,30.2686|65.1286|34.0839|86.2435|63.0993|64.4551|61.2747|27.3217|59.7094|46.2248|31.5608|18.7034|29.3504|37.0378|69.5993|86.0567|98.0873|23.9015|29.3778,0.172886|0.170031|0.161458|0.202115|0.192934|0.175394|0.206666|0.174425|0.212843|0.242725|0.174651|0.165537|0.241582|0.240649|0.169851|0.191018|0.219445|0.24759|0.198143,0.273933|0.806267|0.734507|0.329678|0.147013|0.654898|0.961172|0.795638|0.454684|0.254438|0.466681|0.688121|0.774487|0.490286|0.558345|0.745373|0.794091|0.695631|0.337655,0.935004,0.828035,0.00860061,0.625358,0.653224,0.50567,0.0737287,0.531077,0.0227058,0.913816,20.837,4.14754e-11,47595,0.929259,14.6973,1.66086e-11,23039,0.936476,0.823991,0.0110375,0.713123,0.0635319,0.472453,0.247421,0.530969,0.256238,0.858698,57.5243,1.23991e-10,22329,0.93039,18.7738,4.49782e-10,67358
8,200,n1->n11->n12->n2->n3->n4->n14->n15->n5->n6->n7->n17->n27->n37->n38->n28->n18->n8->n9->n10,1.39914e+12|6.74446e+13|1.02421e+11|2.9277e+11|2.83016e+12|5.18924e+13|1.73585e+11|5.83171e+09|9.47619e+11|1.3295e+10|1.67497e+12|1.02005e+09|9.07677e+09|1.02825e+10|1.70705e+12|2.76771e+12|2.57098e+11|2.97761e+13|1.77255e+13|4.52738e+13,1.77398e+11|6.67907e+13|1.31721e+10|8.93832e+10|6.97984e+11|2.57057e+13|2.66204e+10|9.6845e+08|5.02465e+11|3.05195e+09|1.7716e+11|3.1363e+08|3.68247e+09|2.34302e+09|3.78545e+11|1.49094e+12|6.04421e+10|3.75649e+12|1.12087e+13|1.1265e+13,1.95975e-05|0.000704058|0.000151799|2.30528e-05|2.3201e-05|0.000184583|0.000296239|1.34777e-05|2.16719e-05|0.000791651|0.000138816|3.38246e-05|1.08468e-05|0.000453739|2.82337e-05|2.80987e-05|0.000162804|0.000533313|2.11883e-05|5.27173e-05,0.00010992|0.00551474|0.00251821|0.000491852|0.00771915|0.000294331|0.000130641|0.000170048|0.00291743|0.00210098|0.00414359|0.000148753|0.000374531|0.00529557|0.00539505|0.00545758|0.00406814|0.000989963|0.0022225|0.00330392,0.0181682|0.013944|0.0201998|0.0363562|0.0253399|0.00258778|0.0274855|0.0488947|0.0474863|0.0394512|0.0305222|0.0423098|0.00290834|0.00876427|0.0374159|0.0345144|0.0120126|0.0214324|0.0428419|0.0131986,0.0319791|0.0483324|0.0203015|0.0270472|0.0264018|0.0218892|0.0191396|0.0139893|0.0371588|0.0484347|0.0147697|0.000397484|0.0201829|0.0176724|0.0386881|0.00283251|0.0125351|0.0250331|0.0409884|0.0417374,0.949547|0.98815|0.954465|0.950284|0.99323|0.900966|0.94417|0.929167|0.974548|0.921987|0.96879|0.969366|0.904615|0.922562|0.903724|0.941873|0.957682|0.91902|0.940435|0.907225,4.23825|3.35756|0.174573|1.22677|2.3022|0.446122|2.66883|0.798633|4.40271|2.02122|0.917544|6.20899|3.8173|0.770588|5.74993|4.82396|5.90544|2.87572|0.302176|4.65403,30.2686|24.4191|88.6198|37.015|10.4739|52.1141|92.5451|35.0583|37.2729|32.9383|59.8148|72.2829|44.8869|37.0378|23.518|43.2583|81.3396|99.595|65.9961,0.172886|0.215492|0.211866|0.221489|0.218201|0.243468|0.180776|0.178893|0.205536|0.230383|0.171695|0.202821|0.249414|0.240649|0.245508|0.193487|0.202434|0.187871|0.161606,0.273933|0.537123|0.611032|0.940196|0.49652|0.237548|0.921574|0.280873|0.626255|0.704667|0.566426|0.90576|0.672733|0.490286|0.494853|0.802216|0.175208|0.969103|0.752732,0.935004,0.828035,0.00860061,0.625358,0.653224,0.50567,0.0737287,0.531077,0.0227058,0.913816,20.837,4.14754e-11,47595,0.929259,14.6973,1.66086e-11,23039,0.936476,0.823991,0.0110375,0.713123,0.0635319,0.472453,0.247421,0.530969,0.256238,0.858698,57.5243,1.23991e-10,22329,0.93039,18.7738,4.49782e-10,67358
