DatasetID,PathID,PathString,node_t1,node_t2,node_p_depol_1q,node_p_depol_2q,node_coh1_angle,node_coh2_zz_angle,node_src_visibility,node_src_phase,edge_length,edge_attenuation,edge_insertion_loss_db,d1_coupling_1,d1_coupling_2,d1_mzi_phase_error,d1_mzi_loss_short,d1_mzi_loss_long,d1_bs1_reflectivity,d1_bs1_loss,d1_bs2_reflectivity,d1_bs2_loss,d1_snspd1_efficiency,d1_snspd1_jitter,d1_snspd1_dark,d1_snspd1_dead,d1_snspd2_efficiency,d1_snspd2_jitter,d1_snspd2_dark,d1_snspd2_dead,d2_coupling_1,d2_coupling_2,d2_mzi_phase_error,d2_mzi_loss_short,d2_mzi_loss_long,d2_bs1_reflectivity,d2_bs1_loss,d2_bs2_reflectivity,d2_bs2_loss,d2_snspd1_efficiency,d2_snspd1_jitter,d2_snspd1_dark,d2_snspd1_dead,d2_snspd2_efficiency,d2_snspd2_jitter,d2_snspd2_dark,d2_snspd2_dead
10,1,n1->n2->n12->n13->n14->n4->n5->n6->n7->n8->n9->n10,5.00949e+11|1.80448e+11|3.17333e+12|3.3596e+12|4.27688e+09|1.24903e+13|1.51209e+10|9.02929e+10|4.11056e+10|9.40752e+09|4.09299e+12|1.05286e+12,1.42812e+11|2.83365e+10|1.97587e+12|4.83085e+11|1.0558e+09|5.17319e+12|1.22326e+10|1.02249e+10|4.31733e+09|3.97206e+09|1.54858e+12|2.54031e+11,3.0181e-05|2.2775e-05|4.47077e-05|5.37832e-05|0.000636693|0.000108675|0.000336804|0.000995263|0.000205358|0.000346789|1.37772e-05|0.000119811,0.000310334|0.000399313|0.000744915|0.00012197|0.00566749|0.000509645|0.000821598|0.00674185|0.00168599|0.000202733|0.00405437|0.0025508,0.00924861|0.00541507|0.00841709|0.0278304|0.0161796|0.00375279|0.0477712|0.0292399|0.0452155|0.0159192|0.0461418|0.0252238,0.0315742|0.00943238|0.0482252|0.0497469|0.0339305|0.0495486|0.00263917|0.0108922|0.0238427|0.04339|0.00266386|0.00700942,0.913495|0.989114|0.908177|0.940839|0.984185|0.916604|0.984899|0.926294|0.932747|0.948026|0.911519|0.908496,2.71048|4.18964|4.07787|6.22041|4.81843|1.60415|0.379676|2.82456|3.21396|3.34163|4.41064|2.75743,79.8117|88.6198|13.9548|56.34|52.1141|81.7362|37.2729|32.9383|55.4093|99.595|65.9961,0.202212|0.16902|0.245775|0.177304|0.23004|0.223931|0.218852|0.177423|0.21027|0.169273|0.243547,0.147038|0.7617|0.861041|0.349691|0.342514|0.801699|0.233286|0.668561|0.673098|0.23207|0.928618,0.904667,0.887647,0.128239,0.443169,0.0828321,0.54922,0.253495,0.516004,0.226897,0.823074,78.9323,6.77635e-13,54008,0.832037,77.8406,9.63242e-13,32789,0.821844,0.944121,0.0443767,0.51828,0.332244,0.52747,0.0679451,0.544083,0.096402,0.818693,31.6275,1.97589e-13,52186,0.845045,89.7441,1.17089e-11,31003
10,2,n1->n2->n12->n13->n3->n4->n5->n6->n7->n8->n9->n10,5.00949e+11|1.80448e+11|3.17333e+12|3.3596e+12|4.03193e+13|1.24903e+13|1.51209e+10|9.02929e+10|4.11056e+10|9.40752e+09|4.09299e+12|1.05286e+12,1.42812e+11|2.83365e+10|1.97587e+12|4.83085e+11|7.28384e+12|5.17319e+12|1.22326e+10|1.02249e+10|4.31733e+09|3.97206e+09|1.54858e+12|2.54031e+11,3.0181e-05|2.2775e-05|4.47077e-05|5.37832e-05|0.000517639|0.000108675|0.000336804|0.000995263|0.000205358|0.000346789|1.37772e-05|0.000119811,0.000310334|0.000399313|0.000744915|0.00012197|0.000530329|0.000509645|0.000821598|0.00674185|0.00168599|0.000202733|0.00405437|0.0025508,0.00924861|0.00541507|0.00841709|0.0278304|0.00720975|0.00375279|0.0477712|0.0292399|0.0452155|0.0159192|0.0461418|0.0252238,0.0315742|0.00943238|0.0482252|0.0497469|0.0402354|0.0495486|0.00263917|0.0108922|0.0238427|0.04339|0.00266386|0.00700942,0.913495|0.989114|0.908177|0.940839|0.905667|0.916604|0.984899|0.926294|0.932747|0.948026|0.911519|0.908496,2.71048|4.18964|4.07787|6.22041|2.54377|1.60415|0.379676|2.82456|3.21396|3.34163|4.41064|2.75743,79.8117|88.6198|13.9548|83.9106|10.4739|81.7362|37.2729|32.9383|55.4093|99.595|65.9961,0.202212|0.16902|0.245775|0.213953|0.212578|0.223931|0.218852|0.177423|0.21027|0.169273|0.243547,0.147038|0.7617|0.861041|0.402307|0.554145|0.801699|0.233286|0.668561|0.673098|0.23207|0.928618,0.904667,0.887647,0.128239,0.443169,0.0828321,0.54922,0.253495,0.516004,0.226897,0.823074,78.9323,6.77635e-13,54008,0.832037,77.8406,9.63242e-13,32789,0.821844,0.944121,0.0443767,0.51828,0.332244,0.52747,0.0679451,0.544083,0.096402,0.818693,31.6275,1.97589e-13,52186,0.845045,89.7441,1.17089e-11,31003
10,3,n1->n11->n12->n2->n3->n4->n5->n6->n7->n8->n9->n10,5.00949e+11|4.11551e+13|3.17333e+12|1.80448e+11|4.03193e+13|1.24903e+13|1.51209e+10|9.02929e+10|4.11056e+10|9.40752e+09|4.09299e+12|1.05286e+12,1.42812e+11|1.48663e+13|1.97587e+12|2.83365e+10|7.28384e+12|5.17319e+12|1.22326e+10|1.02249e+10|4.31733e+09|3.97206e+09|1.54858e+12|2.54031e+11,3.0181e-05|5.20523e-05|4.47077e-05|2.2775e-05|0.000517639|0.000108675|0.000336804|0.000995263|0.000205358|0.000346789|1.37772e-05|0.000119811,0.000310334|0.00656769|0.000744915|0.000399313|0.000530329|0.000509645|0.000821598|0.00674185|0.00168599|0.000202733|0.00405437|0.0025508,0.00924861|0.0194316|0.00841709|0.00541507|0.00720975|0.00375279|0.0477712|0.0292399|0.0452155|0.0159192|0.0461418|0.0252238,0.0315742|0.0254573|0.0482252|0.00943238|0.0402354|0.0495486|0.00263917|0.0108922|0.0238427|0.04339|0.00266386|0.00700942,0.913495|0.911067|0.908177|0.989114|0.905667|0.916604|0.984899|0.926294|0.932747|0.948026|0.911519|0.908496,2.71048|4.63323|4.07787|4.18964|2.54377|1.60415|0.379676|2.82456|3.21396|3.34163|4.41064|2.75743,30.2686|24.4191|88.6198|37.015|10.4739|81.7362|37.2729|32.9383|55.4093|99.595|65.9961,0.189746|0.163204|0.16902|0.202219|0.212578|0.223931|0.218852|0.177423|0.21027|0.169273|0.243547,0.114018|0.339009|0.7617|0.790314|0.554145|0.801699|0.233286|0.668561|0.673098|0.23207|0.928618,0.904667,0.887647,0.128239,0.443169,0.0828321,0.54922,0.253495,0.516004,0.226897,0.823074,78.9323,6.77635e-13,54008,0.832037,77.8406,9.63242e-13,32789,0.821844,0.944121,0.0443767,0.51828,0.332244,0.52747,0.0679451,0.544083,0.096402,0.818693,31.6275,1.97589e-13,52186,0.845045,89.7441,1.17089e-11,31003
10,4,n1->n2->n12->n13->n14->n15->n5->n6->n7->n8->n9->n10,5.00949e+11|1.80448e+11|3.17333e+12|3.3596e+12|4.27688e+09|1.38797e+12|1.51209e+10|9.02929e+10|4.11056e+10|9.40752e+09|4.09299e+12|1.05286e+12,1.42812e+11|2.83365e+10|1.97587e+12|4.83085e+11|1.0558e+09|1.97223e+11|1.22326e+10|1.02249e+10|4.31733e+09|3.97206e+09|1.54858e+12|2.54031e+11,3.0181e-05|2.2775e-05|4.47077e-05|5.37832e-05|0.000636693|1.3996e-05|0.000336804|0.000995263|0.000205358|0.000346789|1.37772e-05|0.000119811,0.000310334|0.000399313|0.000744915|0.00012197|0.00566749|0.00169529|0.000821598|0.00674185|0.00168599|0.000202733|0.00405437|0.0025508,0.00924861|0.00541507|0.00841709|0.0278304|0.0161796|0.0250138|0.0477712|0.0292399|0.0452155|0.0159192|0.0461418|0.0252238,0.0315742|0.00943238|0.0482252|0.0497469|0.0339305|0.0119018|0.00263917|0.0108922|0.0238427|0.04339|0.00266386|0.00700942,0.913495|0.989114|0.908177|0.940839|0.984185|0.927813|0.984899|0.926294|0.932747|0.948026|0.911519|0.908496,2.71048|4.18964|4.07787|6.22041|4.81843|2.46356|0.379676|2.82456|3.21396|3.34163|4.41064|2.75743,79.8117|88.6198|13.9548|56.34|92.5451|35.0583|37.2729|32.9383|55.4093|99.595|65.9961,0.202212|0.16902|0.245775|0.177304|0.219123|0.204588|0.218852|0.177423|0.21027|0.169273|0.243547,0.147038|0.7617|0.861041|0.349691|0.854651|0.102366|0.233286|0.668561|0.673098|0.23207|0.928618,0.904667,0.887647,0.128239,0.443169,0.0828321,0.54922,0.253495,0.516004,0.226897,0.823074,78.9323,6.77635e-13,54008,0.832037,77.8406,9.63242e-13,32789,0.821844,0.944121,0.0443767,0.51828,0.332244,0.52747,0.0679451,0.544083,0.096402,0.818693,31.6275,1.97589e-13,52186,0.845045,89.7441,1.17089e-11,31003
10,5,n1->n11->n12->n13->n3->n4->n5->n6->n7->n8->n9->n10,5.00949e+11|4.11551e+13|3.17333e+12|3.3596e+12|4.03193e+13|1.24903e+13|1.51209e+10|9.02929e+10|4.11056e+10|9.40752e+09|4.09299e+12|1.05286e+12,1.42812e+11|1.48663e+13|1.97587e+12|4.83085e+11|7.28384e+12|5.17319e+12|1.22326e+10|1.02249e+10|4.31733e+09|3.97206e+09|1.54858e+12|2.54031e+11,3.0181e-05|5.20523e-05|4.47077e-05|5.37832e-05|0.000517639|0.000108675|0.000336804|0.000995263|0.000205358|0.000346789|1.37772e-05|0.000119811,0.000310334|0.00656769|0.000744915|0.00012197|0.000530329|0.000509645|0.000821598|0.00674185|0.00168599|0.000202733|0.00405437|0.0025508,0.00924861|0.0194316|0.00841709|0.0278304|0.00720975|0.00375279|0.0477712|0.0292399|0.0452155|0.0159192|0.0461418|0.0252238,0.0315742|0.0254573|0.0482252|0.0497469|0.0402354|0.0495486|0.00263917|0.0108922|0.0238427|0.04339|0.00266386|0.00700942,0.913495|0.911067|0.908177|0.940839|0.905667|0.916604|0.984899|0.926294|0.932747|0.948026|0.911519|0.908496,2.71048|4.63323|4.07787|6.22041|2.54377|1.60415|0.379676|2.82456|3.21396|3.34163|4.41064|2.75743,30.2686|24.4191|13.9548|83.9106|10.4739|81.7362|37.2729|32.9383|55.4093|99.595|65.9961,0.189746|0.163204|0.245775|0.213953|0.212578|0.223931|0.218852|0.177423|0.21027|0.169273|0.243547,0.114018|0.339009|0.861041|0.402307|0.554145|0.801699|0.233286|0.668561|0.673098|0.23207|0.928618,0.904667,0.887647,0.128239,0.443169,0.0828321,0.54922,0.253495,0.516004,0.226897,0.823074,78.9323,6.77635e-13,54008,0.832037,77.8406,9.63242e-13,32789,0.821844,0.944121,0.0443767,0.51828,0.332244,0.52747,0.0679451,0.544083,0.096402,0.818693,31.6275,1.97589e-13,52186,0.845045,89.7441,1.17089e-11,31003
10,6,n1->n2->n3->n4->n14->n15->n16->n6->n7->n8->n9->n10,5.00949e+11|1.80448e+11|4.03193e+13|1.24903e+13|4.27688e+09|1.38797e+12|3.00334e+11|9.02929e+10|4.11056e+10|9.40752e+09|4.09299e+12|1.05286e+12,1.42812e+11|2.83365e+10|7.28384e+12|5.17319e+12|1.0558e+09|1.97223e+11|7.37672e+10|1.02249e+10|4.31733e+09|3.97206e+09|1.54858e+12|2.54031e+11,3.0181e-05|2.2775e-05|0.000517639|0.000108675|0.000636693|1.3996e-05|5.95091e-05|0.000995263|0.000205358|0.000346789|1.37772e-05|0.000119811,0.000310334|0.000399313|0.000530329|0.000509645|0.00566749|0.00169529|0.000170398|0.00674185|0.00168599|0.000202733|0.00405437|0.0025508,0.00924861|0.00541507|0.00720975|0.00375279|0.0161796|0.0250138|0.0432795|0.0292399|0.0452155|0.0159192|0.0461418|0.0252238,0.0315742|0.00943238|0.0402354|0.0495486|0.0339305|0.0119018|0.0304577|0.0108922|0.0238427|0.04339|0.00266386|0.00700942,0.913495|0.989114|0.905667|0.916604|0.984185|0.927813|0.91388|0.926294|0.932747|0.948026|0.911519|0.908496,2.71048|4.18964|2.54377|1.60415|4.81843|2.46356|2.66328|2.82456|3.21396|3.34163|4.41064|2.75743,79.8117|37.015|10.4739|52.1141|92.5451|56.2706|50.0569|32.9383|55.4093|99.595|65.9961,0.202212|0.202219|0.212578|0.23004|0.219123|0.226874|0.238693|0.177423|0.21027|0.169273|0.243547,0.147038|0.790314|0.554145|0.342514|0.854651|0.221237|0.144125|0.668561|0.673098|0.23207|0.928618,0.904667,0.887647,0.128239,0.443169,0.0828321,0.54922,0.253495,0.516004,0.226897,0.823074,78.9323,6.77635e-13,54008,0.832037,77.8406,9.63242e-13,32789,0.821844,0.944121,0.0443767,0.51828,0.332244,0.52747,0.0679451,0.544083,0.096402,0.818693,31.6275,1.97589e-13,52186,0.845045,89.7441,1.17089e-11,31003
10,7,n1->n11->n12->n13->n14->n15->n5->n6->n7->n8->n9->n10,5.00949e+11|4.11551e+13|3.17333e+12|3.3596e+12|4.27688e+09|1.38797e+12|1.51209e+10|9.02929e+10|4.11056e+10|9.40752e+09|4.09299e+12|1.05286e+12,1.42812e+11|1.48663e+13|1.97587e+12|4.83085e+11|1.0558e+09|1.97223e+11|1.22326e+10|1.02249e+10|4.31733e+09|3.97206e+09|1.54858e+12|2.54031e+11,3.0181e-05|5.20523e-05|4.47077e-05|5.37832e-05|0.000636693|1.3996e-05|0.000336804|0.000995263|0.000205358|0.000346789|1.37772e-05|0.000119811,0.000310334|0.00656769|0.000744915|0.00012197|0.00566749|0.00169529|0.000821598|0.00674185|0.00168599|0.000202733|0.00405437|0.0025508,0.00924861|0.0194316|0.00841709|0.0278304|0.0161796|0.0250138|0.0477712|0.0292399|0.0452155|0.0159192|0.0461418|0.0252238,0.0315742|0.0254573|0.0482252|0.0497469|0.0339305|0.0119018|0.00263917|0.0108922|0.0238427|0.04339|0.00266386|0.00700942,0.913495|0.911067|0.908177|0.940839|0.984185|0.927813|0.984899|0.926294|0.932747|0.948026|0.911519|0.908496,2.71048|4.63323|4.07787|6.22041|4.81843|2.46356|0.379676|2.82456|3.21396|3.34163|4.41064|2.75743,30.2686|24.4191|13.9548|56.34|92.5451|35.0583|37.2729|32.9383|55.4093|99.595|65.9961,0.189746|0.163204|0.245775|0.177304|0.219123|0.204588|0.218852|0.177423|0.21027|0.169273|0.243547,0.114018|0.339009|0.861041|0.349691|0.854651|0.102366|0.233286|0.668561|0.673098|0.23207|0.928618,0.904667,0.887647,0.128239,0.443169,0.0828321,0.54922,0.253495,0.516004,0.226897,0.823074,78.9323,6.77635e-13,54008,0.832037,77.8406,9.63242e-13,32789,0.821844,0.944121,0.0443767,0.51828,0.332244,0.52747,0.0679451,0.544083,0.096402,0.818693,31.6275,1.97589e-13,52186,0.845045,89.7441,1.17089e-11,31003
10,8,n1->n2->n3->n4->n5->n15->n16->n6->n7->n8->n9->n10,5.00949e+11|1.80448e+11|4.03193e+13|1.24903e+13|1.51209e+10|1.38797e+12|3.00334e+11|9.02929e+10|4.11056e+10|9.40752e+09|4.09299e+12|1.05286e+12,1.42812e+11|2.83365e+10|7.28384e+12|5.17319e+12|1.22326e+10|1.97223e+11|7.37672e+10|1.02249e+10|4.31733e+09|3.97206e+09|1.54858e+12|2.54031e+11,3.0181e-05|2.2775e-05|0.000517639|0.000108675|0.000336804|1.3996e-05|5.95091e-05|0.000995263|0.000205358|0.000346789|1.37772e-05|0.000119811,0.000310334|0.000399313|0.000530329|0.000509645|0.000821598|0.00169529|0.000170398|0.00674185|0.00168599|0.000202733|0.00405437|0.0025508,0.00924861|0.00541507|0.00720975|0.00375279|0.0477712|0.0250138|0.0432795|0.0292399|0.0452155|0.0159192|0.0461418|0.0252238,0.0315742|0.00943238|0.0402354|0.0495486|0.00263917|0.0119018|0.0304577|0.0108922|0.0238427|0.04339|0.00266386|0.00700942,0.913495|0.989114|0.905667|0.916604|0.984899|0.927813|0.91388|0.926294|0.932747|0.948026|0.911519|0.908496,2.71048|4.18964|2.54377|1.60415|0.379676|2.46356|2.66328|2.82456|3.21396|3.34163|4.41064|2.75743,79.8117|37.015|10.4739|81.7362|35.0583|56.2706|50.0569|32.9383|55.4093|99.595|65.9961,0.202212|0.202219|0.212578|0.223931|0.204588|0.226874|0.238693|0.177423|0.21027|0.169273|0.243547,0.147038|0.790314|0.554145|0.801699|0.102366|0.221237|0.144125|0.668561|0.673098|0.23207|0.928618,0.904667,0.887647,0.128239,0.443169,0.0828321,0.54922,0.253495,0.516004,0.226897,0.823074,78.9323,6.77635e-13,54008,0.832037,77.8406,9.63242e-13,32789,0.821844,0.944121,0.0443767,0.51828,0.332244,0.52747,0.0679451,0.544083,0.096402,0.818693,31.6275,1.97589e-13,52186,0.845045,89.7441,1.17089e-11,31003
10,9,n1->n2->n3->n13->n14->n4->n5->n6->n7->n8->n9->n10,5.00949e+11|1.80448e+11|4.03193e+13|3.3596e+12|4.27688e+09|1.24903e+13|1.51209e+10|9.02929e+10|4.11056e+10|9.40752e+09|4.09299e+12|1.05286e+12,1.42812e+11|2.83365e+10|7.28384e+12|4.83085e+11|1.0558e+09|5.17319e+12|1.22326e+10|1.02249e+10|4.31733e+09|3.97206e+09|1.54858e+12|2.54031e+11,3.0181e-05|2.2775e-05|0.000517639|5.37832e-05|0.000636693|0.000108675|0.000336804|0.000995263|0.000205358|0.000346789|1.37772e-05|0.000119811,0.000310334|0.000399313|0.000530329|0.00012197|0.00566749|0.000509645|0.000821598|0.00674185|0.00168599|0.000202733|0.00405437|0.0025508,0.00924861|0.00541507|0.00720975|0.0278304|0.0161796|0.00375279|0.0477712|0.0292399|0.0452155|0.0159192|0.0461418|0.0252238,0.0315742|0.00943238|0.0402354|0.0497469|0.0339305|0.0495486|0.00263917|0.0108922|0.0238427|0.04339|0.00266386|0.00700942,0.913495|0.989114|0.905667|0.940839|0.984185|0.916604|0.984899|0.926294|0.932747|0.948026|0.911519|0.908496,2.71048|4.18964|2.54377|6.22041|4.81843|1.60415|0.379676|2.82456|3.21396|3.34163|4.41064|2.75743,79.8117|37.015|83.9106|56.34|52.1141|81.7362|37.2729|32.9383|55.4093|99.595|65.9961,0.202212|0.202219|0.213953|0.177304|0.23004|0.223931|0.218852|0.177423|0.21027|0.169273|0.243547,0.147038|0.790314|0.402307|0.349691|0.342514|0.801699|0.233286|0.668561|0.673098|0.23207|0.928618,0.904667,0.887647,0.128239,0.443169,0.0828321,0.54922,0.253495,0.516004,0.226897,0.823074,78.9323,6.77635e-13,54008,0.832037,77.8406,9.63242e-13,32789,0.821844,0.944121,0.0443767,0.51828,0.332244,0.52747,0.0679451,0.544083,0.096402,0.818693,31.6275,1.97589e-13,52186,0.845045,89.7441,1.17089e-11,31003
10,10,n1->n2->n3->n13->n14->n15->n16->n6->n7->n8->n9->n10,5.00949e+11|1.80448e+11|4.03193e+13|3.3596e+12|4.27688e+09|1.38797e+12|3.00334e+11|9.02929e+10|4.11056e+10|9.40752e+09|4.09299e+12|1.05286e+12,1.42812e+11|2.83365e+10|7.28384e+12|4.83085e+11|1.0558e+09|1.97223e+11|7.37672e+10|1.02249e+10|4.31733e+09|3.97206e+09|1.54858e+12|2.54031e+11,3.0181e-05|2.2775e-05|0.000517639|5.37832e-05|0.000636693|1.3996e-05|5.95091e-05|0.000995263|0.000205358|0.000346789|1.37772e-05|0.000119811,0.000310334|0.000399313|0.000530329|0.00012197|0.00566749|0.00169529|0.000170398|0.00674185|0.00168599|0.000202733|0.00405437|0.0025508,0.00924861|0.00541507|0.00720975|0.0278304|0.0161796|0.0250138|0.0432795|0.0292399|0.0452155|0.0159192|0.0461418|0.0252238,0.0315742|0.00943238|0.0402354|0.0497469|0.0339305|0.0119018|0.0304577|0.0108922|0.0238427|0.04339|0.00266386|0.00700942,0.913495|0.989114|0.905667|0.940839|0.984185|0.927813|0.91388|0.926294|0.932747|0.948026|0.911519|0.908496,2.71048|4.18964|2.54377|6.22041|4.81843|2.46356|2.66328|2.82456|3.21396|3.34163|4.41064|2.75743,79.8117|37.015|83.9106|56.34|92.5451|56.2706|50.0569|32.9383|55.4093|99.595|65.9961,0.202212|0.202219|0.213953|0.177304|0.219123|0.226874|0.238693|0.177423|0.21027|0.169273|0.243547,0.147038|0.790314|0.402307|0.349691|0.854651|0.221237|0.144125|0.668561|0.673098|0.23207|0.928618,0.904667,0.887647,0.128239,0.443169,0.0828321,0.54922,0.253495,0.516004,0.226897,0.823074,78.9323,6.77635e-13,54008,0.832037,77.8406,9.63242e-13,32789,0.821844,0.944121,0.0443767,0.51828,0.332244,0.52747,0.0679451,0.544083,0.096402,0.818693,31.6275,1.97589e-13,52186,0.845045,89.7441,1.17089e-11,31003
10,11,n1->n2->n3->n4->n5->n15->n16->n17->n7->n8->n9->n10,5.00949e+11|1.80448e+11|4.03193e+13|1.24903e+13|1.51209e+10|1.38797e+12|3.00334e+11|1.21221e+11|4.11056e+10|9.40752e+09|4.09299e+12|1.05286e+12,1.42812e+11|2.83365e+10|7.28384e+12|5.17319e+12|1.22326e+10|1.97223e+11|7.37672e+10|4.83282e+10|4.31733e+09|3.97206e+09|1.54858e+12|2.54031e+11,3.0181e-05|2.2775e-05|0.000517639|0.000108675|0.000336804|1.3996e-05|5.95091e-05|0.000165097|0.000205358|0.000346789|1.37772e-05|0.000119811,0.000310334|0.000399313|0.000530329|0.000509645|0.000821598|0.00169529|0.000170398|0.00195184|0.00168599|0.000202733|0.00405437|0.0025508,0.00924861|0.00541507|0.00720975|0.00375279|0.0477712|0.0250138|0.0432795|0.0348952|0.0452155|0.0159192|0.0461418|0.0252238,0.0315742|0.00943238|0.0402354|0.0495486|0.00263917|0.0119018|0.0304577|0.0051677|0.0238427|0.04339|0.00266386|0.00700942,0.913495|0.989114|0.905667|0.916604|0.984899|0.927813|0.91388|0.928968|0.932747|0.948026|0.911519|0.908496,2.71048|4.18964|2.54377|1.60415|0.379676|2.46356|2.66328|0.109|3.21396|3.34163|4.41064|2.75743,79.8117|37.015|10.4739|81.7362|35.0583|56.2706|32.2763|59.8148|55.4093|99.595|65.9961,0.202212|0.202219|0.212578|0.223931|0.204588|0.226874|0.164452|0.243915|0.21027|0.169273|0.243547,0.147038|0.790314|0.554145|0.801699|0.102366|0.221237|0.241087|0.689629|0.673098|0.23207|0.928618,0.904667,0.887647,0.128239,0.443169,0.0828321,0.54922,0.253495,0.516004,0.226897,0.823074,78.9323,6.77635e-13,54008,0.832037,77.8406,9.63242e-13,32789,0.821844,0.944121,0.0443767,0.51828,0.332244,0.52747,0.0679451,0.544083,0.096402,0.818693,31.6275,1.97589e-13,52186,0.845045,89.7441,1.17089e-11,31003
10,12,n1->n11->n12->n13->n14->n15->n16->n6->n7->n8->n9->n10,5.00949e+11|4.11551e+13|3.17333e+12|3.3596e+12|4.27688e+09|1.38797e+12|3.00334e+11|9.02929e+10|4.11056e+10|9.40752e+09|4.09299e+12|1.05286e+12,1.42812e+11|1.48663e+13|1.97587e+12|4.83085e+11|1.0558e+09|1.97223e+11|7.37672e+10|1.02249e+10|4.31733e+09|3.97206e+09|1.54858e+12|2.54031e+11,3.0181e-05|5.20523e-05|4.47077e-05|5.37832e-05|0.000636693|1.3996e-05|5.95091e-05|0.000995263|0.000205358|0.000346789|1.37772e-05|0.000119811,0.000310334|0.00656769|0.000744915|0.00012197|0.00566749|0.00169529|0.000170398|0.00674185|0.00168599|0.000202733|0.00405437|0.0025508,0.00924861|0.0194316|0.00841709|0.0278304|0.0161796|0.0250138|0.0432795|0.0292399|0.0452155|0.0159192|0.0461418|0.0252238,0.0315742|0.0254573|0.0482252|0.0497469|0.0339305|0.0119018|0.0304577|0.0108922|0.0238427|0.04339|0.00266386|0.00700942,0.913495|0.911067|0.908177|0.940839|0.984185|0.927813|0.91388|0.926294|0.932747|0.948026|0.911519|0.908496,2.71048|4.63323|4.07787|6.22041|4.81843|2.46356|2.66328|2.82456|3.21396|3.34163|4.41064|2.75743,30.2686|24.4191|13.9548|56.34|92.5451|56.2706|50.0569|32.9383|55.4093|99.595|65.9961,0.189746|0.163204|0.245775|0.177304|0.219123|0.226874|0.238693|0.177423|0.21027|0.169273|0.243547,0.114018|0.339009|0.861041|0.349691|0.854651|0.221237|0.144125|0.668561|0.673098|0.23207|0.928618,0.904667,0.887647,0.128239,0.443169,0.0828321,0.54922,0.253495,0.516004,0.226897,0.823074,78.9323,6.77635e-13,54008,0.832037,77.8406,9.63242e-13,32789,0.821844,0.944121,0.0443767,0.51828,0.332244,0.52747,0.0679451,0.544083,0.096402,0.818693,31.6275,1.97589e-13,52186,0.845045,89.7441,1.17089e-11,31003
10,13,n1->n2->n3->n13->n14->n15->n5->n6->n7->n8->n9->n10,5.00949e+11|1.80448e+11|4.03193e+13|3.3596e+12|4.27688e+09|1.38797e+12|1.51209e+10|9.02929e+10|4.11056e+10|9.40752e+09|4.09299e+12|1.05286e+12,1.42812e+11|2.83365e+10|7.28384e+12|4.83085e+11|1.0558e+09|1.97223e+11|1.22326e+10|1.02249e+10|4.31733e+09|3.97206e+09|1.54858e+12|2.54031e+11,3.0181e-05|2.2775e-05|0.000517639|5.37832e-05|0.000636693|1.3996e-05|0.000336804|0.000995263|0.000205358|0.000346789|1.37772e-05|0.000119811,0.000310334|0.000399313|0.000530329|0.00012197|0.00566749|0.00169529|0.000821598|0.00674185|0.00168599|0.000202733|0.00405437|0.0025508,0.00924861|0.00541507|0.00720975|0.0278304|0.0161796|0.0250138|0.0477712|0.0292399|0.0452155|0.0159192|0.0461418|0.0252238,0.0315742|0.00943238|0.0402354|0.0497469|0.0339305|0.0119018|0.00263917|0.0108922|0.0238427|0.04339|0.00266386|0.00700942,0.913495|0.989114|0.905667|0.940839|0.984185|0.927813|0.984899|0.926294|0.932747|0.948026|0.911519|0.908496,2.71048|4.18964|2.54377|6.22041|4.81843|2.46356|0.379676|2.82456|3.21396|3.34163|4.41064|2.75743,79.8117|37.015|83.9106|56.34|92.5451|35.0583|37.2729|32.9383|55.4093|99.595|65.9961,0.202212|0.202219|0.213953|0.177304|0.219123|0.204588|0.218852|0.177423|0.21027|0.169273|0.243547,0.147038|0.790314|0.402307|0.349691|0.854651|0.102366|0.233286|0.668561|0.673098|0.23207|0.928618,0.904667,0.887647,0.128239,0.443169,0.0828321,0.54922,0.253495,0.516004,0.226897,0.823074,78.9323,6.77635e-13,54008,0.832037,77.8406,9.63242e-13,32789,0.821844,0.944121,0.0443767,0.51828,0.332244,0.52747,0.0679451,0.544083,0.096402,0.818693,31.6275,1.97589e-13,52186,0.845045,89.7441,1.17089e-11,31003
10,14,n1->n2->n3->n4->n5->n6->n16->n17->n18->n19->n9->n10,5.00949e+11|1.80448e+11|4.03193e+13|1.24903e+13|1.51209e+10|9.02929e+10|3.00334e+11|1.21221e+11|1.87589e+11|2.27898e+09|4.09299e+12|1.05286e+12,1.42812e+11|2.83365e+10|7.28384e+12|5.17319e+12|1.22326e+10|1.02249e+10|7.37672e+10|4.83282e+10|5.0424e+10|5.01791e+08|1.54858e+12|2.54031e+11,3.0181e-05|2.2775e-05|0.000517639|0.000108675|0.000336804|0.000995263|5.95091e-05|0.000165097|0.000294208|6.06243e-05|1.37772e-05|0.000119811,0.000310334|0.000399313|0.000530329|0.000509645|0.000821598|0.00674185|0.000170398|0.00195184|0.000215891|0.00270084|0.00405437|0.0025508,0.00924861|0.00541507|0.00720975|0.00375279|0.0477712|0.0292399|0.0432795|0.0348952|0.0315747|0.00996122|0.0461418|0.0252238,0.0315742|0.00943238|0.0402354|0.0495486|0.00263917|0.0108922|0.0304577|0.0051677|0.0153347|0.0473706|0.00266386|0.00700942,0.913495|0.989114|0.905667|0.916604|0.984899|0.926294|0.91388|0.928968|0.936282|0.994787|0.911519|0.908496,2.71048|4.18964|2.54377|1.60415|0.379676|2.82456|2.66328|0.109|4.51941|5.14536|4.41064|2.75743,79.8117|37.015|10.4739|81.7362|37.2729|50.0569|32.2763|27.3162|28.0546|99.0064|65.9961,0.202212|0.202219|0.212578|0.223931|0.218852|0.238693|0.164452|0.244069|0.210998|0.245379|0.243547,0.147038|0.790314|0.554145|0.801699|0.233286|0.144125|0.241087|0.359487|0.470346|0.363657|0.928618,0.904667,0.887647,0.128239,0.443169,0.0828321,0.54922,0.253495,0.516004,0.226897,0.823074,78.9323,6.77635e-13,54008,0.832037,77.8406,9.63242e-13,32789,0.821844,0.944121,0.0443767,0.51828,0.332244,0.52747,0.0679451,0.544083,0.096402,0.818693,31.6275,1.97589e-13,52186,0.845045,89.7441,1.17089e-11,31003
10,15,n1->n11->n12->n13->n14->n4->n5->n6->n7->n8->n9->n10,5.00949e+11|4.11551e+13|3.17333e+12|3.3596e+12|4.27688e+09|1.24903e+13|1.51209e+10|9.02929e+10|4.11056e+10|9.40752e+09|4.09299e+12|1.05286e+12,1.42812e+11|1.48663e+13|1.97587e+12|4.83085e+11|1.0558e+09|5.17319e+12|1.22326e+10|1.02249e+10|4.31733e+09|3.97206e+09|1.54858e+12|2.54031e+11,3.0181e-05|5.20523e-05|4.47077e-05|5.37832e-05|0.000636693|0.000108675|0.000336804|0.000995263|0.000205358|0.000346789|1.37772e-05|0.000119811,0.000310334|0.00656769|0.000744915|0.00012197|0.00566749|0.000509645|0.000821598|0.00674185|0.00168599|0.000202733|0.00405437|0.0025508,0.00924861|0.0194316|0.00841709|0.0278304|0.0161796|0.00375279|0.0477712|0.0292399|0.0452155|0.0159192|0.0461418|0.0252238,0.0315742|0.0254573|0.0482252|0.0497469|0.0339305|0.0495486|0.00263917|0.0108922|0.0238427|0.04339|0.00266386|0.00700942,0.913495|0.911067|0.908177|0.940839|0.984185|0.916604|0.984899|0.926294|0.932747|0.948026|0.911519|0.908496,2.71048|4.63323|4.07787|6.22041|4.81843|1.60415|0.379676|2.82456|3.21396|3.34163|4.41064|2.75743,30.2686|24.4191|13.9548|56.34|52.1141|81.7362|37.2729|32.9383|55.4093|99.595|65.9961,0.189746|0.163204|0.245775|0.177304|0.23004|0.223931|0.218852|0.177423|0.21027|0.169273|0.243547,0.114018|0.339009|0.861041|0.349691|0.342514|0.801699|0.233286|0.668561|0.673098|0.23207|0.928618,0.904667,0.887647,0.128239,0.443169,0.0828321,0.54922,0.253495,0.516004,0.226897,0.823074,78.9323,6.77635e-13,54008,0.832037,77.8406,9.63242e-13,32789,0.821844,0.944121,0.0443767,0.51828,0.332244,0.52747,0.0679451,0.544083,0.096402,0.818693,31.6275,1.97589e-13,52186,0.845045,89.7441,1.17089e-11,31003
10,16,n1->n2->n3->n4->n14->n15->n5->n6->n7->n8->n9->n10,5.00949e+11|1.80448e+11|4.03193e+13|1.24903e+13|4.27688e+09|1.38797e+12|1.51209e+10|9.02929e+10|4.11056e+10|9.40752e+09|4.09299e+12|1.05286e+12,1.42812e+11|2.83365e+10|7.28384e+12|5.17319e+12|1.0558e+09|1.97223e+11|1.22326e+10|1.02249e+10|4.31733e+09|3.97206e+09|1.54858e+12|2.54031e+11,3.0181e-05|2.2775e-05|0.000517639|0.000108675|0.000636693|1.3996e-05|0.000336804|0.000995263|0.000205358|0.000346789|1.37772e-05|0.000119811,0.000310334|0.000399313|0.000530329|0.000509645|0.00566749|0.00169529|0.000821598|0.00674185|0.00168599|0.000202733|0.00405437|0.0025508,0.00924861|0.00541507|0.00720975|0.00375279|0.0161796|0.0250138|0.0477712|0.0292399|0.0452155|0.0159192|0.0461418|0.0252238,0.0315742|0.00943238|0.0402354|0.0495486|0.0339305|0.0119018|0.00263917|0.0108922|0.0238427|0.04339|0.00266386|0.00700942,0.913495|0.989114|0.905667|0.916604|0.984185|0.927813|0.984899|0.926294|0.932747|0.948026|0.911519|0.908496,2.71048|4.18964|2.54377|1.60415|4.81843|2.46356|0.379676|2.82456|3.21396|3.34163|4.41064|2.75743,79.8117|37.015|10.4739|52.1141|92.5451|35.0583|37.2729|32.9383|55.4093|99.595|65.9961,0.202212|0.202219|0.212578|0.23004|0.219123|0.204588|0.218852|0.177423|0.21027|0.169273|0.243547,0.147038|0.790314|0.554145|0.342514|0.854651|0.102366|0.233286|0.668561|0.673098|0.23207|0.928618,0.904667,0.887647,0.128239,0.443169,0.0828321,0.54922,0.253495,0.516004,0.226897,0.823074,78.9323,6.77635e-13,54008,0.832037,77.8406,9.63242e-13,32789,0.821844,0.944121,0.0443767,0.51828,0.332244,0.52747,0.0679451,0.544083,0.096402,0.818693,31.6275,1.97589e-13,52186,0.845045,89.7441,1.17089e-11,31003
10,17,n1->n2->n3->n13->n14->n15->n16->n17->n18->n8->n9->n10,5.00949e+11|1.80448e+11|4.03193e+13|3.3596e+12|4.27688e+09|1.38797e+12|3.00334e+11|1.21221e+11|1.87589e+11|9.40752e+09|4.09299e+12|1.05286e+12,1.42812e+11|2.83365e+10|7.28384e+12|4.83085e+11|1.0558e+09|1.97223e+11|7.37672e+10|4.83282e+10|5.0424e+10|3.97206e+09|1.54858e+12|2.54031e+11,3.0181e-05|2.2775e-05|0.000517639|5.37832e-05|0.000636693|1.3996e-05|5.95091e-05|0.000165097|0.000294208|0.000346789|1.37772e-05|0.000119811,0.000310334|0.000399313|0.000530329|0.00012197|0.00566749|0.00169529|0.000170398|0.00195184|0.000215891|0.000202733|0.00405437|0.0025508,0.00924861|0.00541507|0.00720975|0.0278304|0.0161796|0.0250138|0.0432795|0.0348952|0.0315747|0.0159192|0.0461418|0.0252238,0.0315742|0.00943238|0.0402354|0.0497469|0.0339305|0.0119018|0.0304577|0.0051677|0.0153347|0.04339|0.00266386|0.00700942,0.913495|0.989114|0.905667|0.940839|0.984185|0.927813|0.91388|0.928968|0.936282|0.948026|0.911519|0.908496,2.71048|4.18964|2.54377|6.22041|4.81843|2.46356|2.66328|0.109|4.51941|3.34163|4.41064|2.75743,79.8117|37.015|83.9106|56.34|92.5451|56.2706|32.2763|27.3162|81.3396|99.595|65.9961,0.202212|0.202219|0.213953|0.177304|0.219123|0.226874|0.164452|0.244069|0.217219|0.169273|0.243547,0.147038|0.790314|0.402307|0.349691|0.854651|0.221237|0.241087|0.359487|0.294058|0.23207|0.928618,0.904667,0.887647,0.128239,0.443169,0.0828321,0.54922,0.253495,0.516004,0.226897,0.823074,78.9323,6.77635e-13,54008,0.832037,77.8406,9.63242e-13,32789,0.821844,0.944121,0.0443767,0.51828,0.332244,0.52747,0.0679451,0.544083,0.096402,0.818693,31.6275,1.97589e-13,52186,0.845045,89.7441,1.17089e-11,31003
10,18,n1->n2->n3->n4->n5->n6->n16->n17->n18->n8->n9->n10,5.00949e+11|1.80448e+11|4.03193e+13|1.24903e+13|1.51209e+10|9.02929e+10|3.00334e+11|1.21221e+11|1.87589e+11|9.40752e+09|4.09299e+12|1.05286e+12,1.42812e+11|2.83365e+10|7.28384e+12|5.17319e+12|1.22326e+10|1.02249e+10|7.37672e+10|4.83282e+10|5.0424e+10|3.97206e+09|1.54858e+12|2.54031e+11,3.0181e-05|2.2775e-05|0.000517639|0.000108675|0.000336804|0.000995263|5.95091e-05|0.000165097|0.000294208|0.000346789|1.37772e-05|0.000119811,0.000310334|0.000399313|0.000530329|0.000509645|0.000821598|0.00674185|0.000170398|0.00195184|0.000215891|0.000202733|0.00405437|0.0025508,0.00924861|0.00541507|0.00720975|0.00375279|0.0477712|0.0292399|0.0432795|0.0348952|0.0315747|0.0159192|0.0461418|0.0252238,0.0315742|0.00943238|0.0402354|0.0495486|0.00263917|0.0108922|0.0304577|0.0051677|0.0153347|0.04339|0.00266386|0.00700942,0.913495|0.989114|0.905667|0.916604|0.984899|0.926294|0.91388|0.928968|0.936282|0.948026|0.911519|0.908496,2.71048|4.18964|2.54377|1.60415|0.379676|2.82456|2.66328|0.109|4.51941|3.34163|4.41064|2.75743,79.8117|37.015|10.4739|81.7362|37.2729|50.0569|32.2763|27.3162|81.3396|99.595|65.9961,0.202212|0.202219|0.212578|0.223931|0.218852|0.238693|0.164452|0.244069|0.217219|0.169273|0.243547,0.147038|0.790314|0.554145|0.801699|0.233286|0.144125|0.241087|0.359487|0.294058|0.23207|0.928618,0.904667,0.887647,0.128239,0.443169,0.0828321,0.54922,0.253495,0.516004,0.226897,0.823074,78.9323,6.77635e-13,54008,0.832037,77.8406,9.63242e-13,32789,0.821844,0.944121,0.0443767,0.51828,0.332244,0.52747,0.0679451,0.544083,0.096402,0.818693,31.6275,1.97589e-13,52186,0.845045,89.7441,1.17089e-11,31003
10,19,n1->n2->n3->n13->n14->n15->n16->n17->n18->n19->n20->n10,5.00949e+11|1.80448e+11|4.03193e+13|3.3596e+12|4.27688e+09|1.38797e+12|3.00334e+11|1.21221e+11|1.87589e+11|2.27898e+09|3.15183e+10|1.05286e+12,1.42812e+11|2.83365e+10|7.28384e+12|4.83085e+11|1.0558e+09|1.97223e+11|7.37672e+10|4.83282e+10|5.0424e+10|5.01791e+08|1.45355e+10|2.54031e+11,3.0181e-05|2.2775e-05|0.000517639|5.37832e-05|0.000636693|1.3996e-05|5.95091e-05|0.000165097|0.000294208|6.06243e-05|1.46655e-05|0.000119811,0.000310334|0.000399313|0.000530329|0.00012197|0.00566749|0.00169529|0.000170398|0.00195184|0.000215891|0.00270084|0.00552788|0.0025508,0.00924861|0.00541507|0.00720975|0.0278304|0.0161796|0.0250138|0.0432795|0.0348952|0.0315747|0.00996122|0.0257996|0.0252238,0.0315742|0.00943238|0.0402354|0.0497469|0.0339305|0.0119018|0.0304577|0.0051677|0.0153347|0.0473706|0.00882196|0.00700942,0.913495|0.989114|0.905667|0.940839|0.984185|0.927813|0.91388|0.928968|0.936282|0.994787|0.931105|0.908496,2.71048|4.18964|2.54377|6.22041|4.81843|2.46356|2.66328|0.109|4.51941|5.14536|5.03122|2.75743,79.8117|37.015|83.9106|56.34|92.5451|56.2706|32.2763|27.3162|28.0546|10.3361|29.3778,0.202212|0.202219|0.213953|0.177304|0.219123|0.226874|0.164452|0.244069|0.210998|0.176155|0.224525,0.147038|0.790314|0.402307|0.349691|0.854651|0.221237|0.241087|0.359487|0.470346|0.581828|0.696713,0.904667,0.887647,0.128239,0.443169,0.0828321,0.54922,0.253495,0.516004,0.226897,0.823074,78.9323,6.77635e-13,54008,0.832037,77.8406,9.63242e-13,32789,0.821844,0.944121,0.0443767,0.51828,0.332244,0.52747,0.0679451,0.544083,0.096402,0.818693,31.6275,1.97589e-13,52186,0.845045,89.7441,1.17089e-11,31003
10,20,n1->n2->n12->n13->n14->n15->n16->n6->n7->n8->n9->n10,5.00949e+11|1.80448e+11|3.17333e+12|3.3596e+12|4.27688e+09|1.38797e+12|3.00334e+11|9.02929e+10|4.11056e+10|9.40752e+09|4.09299e+12|1.05286e+12,1.42812e+11|2.83365e+10|1.97587e+12|4.83085e+11|1.0558e+09|1.97223e+11|7.37672e+10|1.02249e+10|4.31733e+09|3.97206e+09|1.54858e+12|2.54031e+11,3.0181e-05|2.2775e-05|4.47077e-05|5.37832e-05|0.000636693|1.3996e-05|5.95091e-05|0.000995263|0.000205358|0.000346789|1.37772e-05|0.000119811,0.000310334|0.000399313|0.000744915|0.00012197|0.00566749|0.00169529|0.000170398|0.00674185|0.00168599|0.000202733|0.00405437|0.0025508,0.00924861|0.00541507|0.00841709|0.0278304|0.0161796|0.0250138|0.0432795|0.0292399|0.0452155|0.0159192|0.0461418|0.0252238,0.0315742|0.00943238|0.0482252|0.0497469|0.0339305|0.0119018|0.0304577|0.0108922|0.0238427|0.04339|0.00266386|0.00700942,0.913495|0.989114|0.908177|0.940839|0.984185|0.927813|0.91388|0.926294|0.932747|0.948026|0.911519|0.908496,2.71048|4.18964|4.07787|6.22041|4.81843|2.46356|2.66328|2.82456|3.21396|3.34163|4.41064|2.75743,79.8117|88.6198|13.9548|56.34|92.5451|56.2706|50.0569|32.9383|55.4093|99.595|65.9961,0.202212|0.16902|0.245775|0.177304|0.219123|0.226874|0.238693|0.177423|0.21027|0.169273|0.243547,0.147038|0.7617|0.861041|0.349691|0.854651|0.221237|0.144125|0.668561|0.673098|0.23207|0.928618,0.904667,0.887647,0.128239,0.443169,0.0828321,0.54922,0.253495,0.516004,0.226897,0.823074,78.9323,6.77635e-13,54008,0.832037,77.8406,9.63242e-13,32789,0.821844,0.944121,0.0443767,0.51828,0.332244,0.52747,0.0679451,0.544083,0.096402,0.818693,31.6275,1.97589e-13,52186,0.845045,89.7441,1.17089e-11,31003
10,21,n1->n11->n12->n13->n14->n15->n16->n17->n18->n8->n9->n10,5.00949e+11|4.11551e+13|3.17333e+12|3.3596e+12|4.27688e+09|1.38797e+12|3.00334e+11|1.21221e+11|1.87589e+11|9.40752e+09|4.09299e+12|1.05286e+12,1.42812e+11|1.48663e+13|1.97587e+12|4.83085e+11|1.0558e+09|1.97223e+11|7.37672e+10|4.83282e+10|5.0424e+10|3.97206e+09|1.54858e+12|2.54031e+11,3.0181e-05|5.20523e-05|4.47077e-05|5.37832e-05|0.000636693|1.3996e-05|5.95091e-05|0.000165097|0.000294208|0.000346789|1.37772e-05|0.000119811,0.000310334|0.00656769|0.000744915|0.00012197|0.00566749|0.00169529|0.000170398|0.00195184|0.000215891|0.000202733|0.00405437|0.0025508,0.00924861|0.0194316|0.00841709|0.0278304|0.0161796|0.0250138|0.0432795|0.0348952|0.0315747|0.0159192|0.0461418|0.0252238,0.0315742|0.0254573|0.0482252|0.0497469|0.0339305|0.0119018|0.0304577|0.0051677|0.0153347|0.04339|0.00266386|0.00700942,0.913495|0.911067|0.908177|0.940839|0.984185|0.927813|0.91388|0.928968|0.936282|0.948026|0.911519|0.908496,2.71048|4.63323|4.07787|6.22041|4.81843|2.46356|2.66328|0.109|4.51941|3.34163|4.41064|2.75743,30.2686|24.4191|13.9548|56.34|92.5451|56.2706|32.2763|27.3162|81.3396|99.595|65.9961,0.189746|0.163204|0.245775|0.177304|0.219123|0.226874|0.164452|0.244069|0.217219|0.169273|0.243547,0.114018|0.339009|0.861041|0.349691|0.854651|0.221237|0.241087|0.359487|0.294058|0.23207|0.928618,0.904667,0.887647,0.128239,0.443169,0.0828321,0.54922,0.253495,0.516004,0.226897,0.823074,78.9323,6.77635e-13,54008,0.832037,77.8406,9.63242e-13,32789,0.821844,0.944121,0.0443767,0.51828,0.332244,0.52747,0.0679451,0.544083,0.096402,0.818693,31.6275,1.97589e-13,52186,0.845045,89.7441,1.17089e-11,31003
10,22,n1->n2->n3->n4->n5->n15->n16->n17->n18->n8->n9->n10,5.00949e+11|1.80448e+11|4.03193e+13|1.24903e+13|1.51209e+10|1.38797e+12|3.00334e+11|1.21221e+11|1.87589e+11|9.40752e+09|4.09299e+12|1.05286e+12,1.42812e+11|2.83365e+10|7.28384e+12|5.17319e+12|1.22326e+10|1.97223e+11|7.37672e+10|4.83282e+10|5.0424e+10|3.97206e+09|1.54858e+12|2.54031e+11,3.0181e-05|2.2775e-05|0.000517639|0.000108675|0.000336804|1.3996e-05|5.95091e-05|0.000165097|0.000294208|0.000346789|1.37772e-05|0.000119811,0.000310334|0.000399313|0.000530329|0.000509645|0.000821598|0.00169529|0.000170398|0.00195184|0.000215891|0.000202733|0.00405437|0.0025508,0.00924861|0.00541507|0.00720975|0.00375279|0.0477712|0.0250138|0.0432795|0.0348952|0.0315747|0.0159192|0.0461418|0.0252238,0.0315742|0.00943238|0.0402354|0.0495486|0.00263917|0.0119018|0.0304577|0.0051677|0.0153347|0.04339|0.00266386|0.00700942,0.913495|0.989114|0.905667|0.916604|0.984899|0.927813|0.91388|0.928968|0.936282|0.948026|0.911519|0.908496,2.71048|4.18964|2.54377|1.60415|0.379676|2.46356|2.66328|0.109|4.51941|3.34163|4.41064|2.75743,79.8117|37.015|10.4739|81.7362|35.0583|56.2706|32.2763|27.3162|81.3396|99.595|65.9961,0.202212|0.202219|0.212578|0.223931|0.204588|0.226874|0.164452|0.244069|0.217219|0.169273|0.243547,0.147038|0.790314|0.554145|0.801699|0.102366|0.221237|0.241087|0.359487|0.294058|0.23207|0.928618,0.904667,0.887647,0.128239,0.443169,0.0828321,0.54922,0.253495,0.516004,0.226897,0.823074,78.9323,6.77635e-13,54008,0.832037,77.8406,9.63242e-13,32789,0.821844,0.944121,0.0443767,0.51828,0.332244,0.52747,0.0679451,0.544083,0.096402,0.818693,31.6275,1.97589e-13,52186,0.845045,89.7441,1.17089e-11,31003
10,23,n1->n11->n12->n13->n14->n15->n16->n17->n18->n19->n9->n10,5.00949e+11|4.11551e+13|3.17333e+12|3.3596e+12|4.27688e+09|1.38797e+12|3.00334e+11|1.21221e+11|1.87589e+11|2.27898e+09|4.09299e+12|1.05286e+12,1.42812e+11|1.48663e+13|1.97587e+12|4.83085e+11|1.0558e+09|1.97223e+11|7.37672e+10|4.83282e+10|5.0424e+10|5.01791e+08|1.54858e+12|2.54031e+11,3.0181e-05|5.20523e-05|4.47077e-05|5.37832e-05|0.000636693|1.3996e-05|5.95091e-05|0.000165097|0.000294208|6.06243e-05|1.37772e-05|0.000119811,0.000310334|0.00656769|0.000744915|0.00012197|0.00566749|0.00169529|0.000170398|0.00195184|0.000215891|0.00270084|0.00405437|0.0025508,0.00924861|0.0194316|0.00841709|0.0278304|0.0161796|0.0250138|0.0432795|0.0348952|0.0315747|0.00996122|0.0461418|0.0252238,0.0315742|0.0254573|0.0482252|0.0497469|0.0339305|0.0119018|0.0304577|0.0051677|0.0153347|0.0473706|0.00266386|0.00700942,0.913495|0.911067|0.908177|0.940839|0.984185|0.927813|0.91388|0.928968|0.936282|0.994787|0.911519|0.908496,2.71048|4.63323|4.07787|6.22041|4.81843|2.46356|2.66328|0.109|4.51941|5.14536|4.41064|2.75743,30.2686|24.4191|13.9548|56.34|92.5451|56.2706|32.2763|27.3162|28.0546|99.0064|65.9961,0.189746|0.163204|0.245775|0.177304|0.219123|0.226874|0.164452|0.244069|0.210998|0.245379|0.243547,0.114018|0.339009|0.861041|0.349691|0.854651|0.221237|0.241087|0.359487|0.470346|0.363657|0.928618,0.904667,0.887647,0.128239,0.443169,0.0828321,0.54922,0.253495,0.516004,0.226897,0.823074,78.9323,6.77635e-13,54008,0.832037,77.8406,9.63242e-13,32789,0.821844,0.944121,0.0443767,0.51828,0.332244,0.52747,0.0679451,0.544083,0.096402,0.818693,31.6275,1.97589e-13,52186,0.845045,89.7441,1.17089e-11,31003
10,24,n1->n2->n3->n4->n5->n6->n7->n8->n18->n19->n9->n10,5.00949e+11|1.80448e+11|4.03193e+13|1.24903e+13|1.51209e+10|9.02929e+10|4.11056e+10|9.40752e+09|1.87589e+11|2.27898e+09|4.09299e+12|1.05286e+12,1.42812e+11|2.83365e+10|7.28384e+12|5.17319e+12|1.22326e+10|1.02249e+10|4.31733e+09|3.97206e+09|5.0424e+10|5.01791e+08|1.54858e+12|2.54031e+11,3.0181e-05|2.2775e-05|0.000517639|0.000108675|0.000336804|0.000995263|0.000205358|0.000346789|0.000294208|6.06243e-05|1.37772e-05|0.000119811,0.000310334|0.000399313|0.000530329|0.000509645|0.000821598|0.00674185|0.00168599|0.000202733|0.000215891|0.00270084|0.00405437|0.0025508,0.00924861|0.00541507|0.00720975|0.00375279|0.0477712|0.0292399|0.0452155|0.0159192|0.0315747|0.00996122|0.0461418|0.0252238,0.0315742|0.00943238|0.0402354|0.0495486|0.00263917|0.0108922|0.0238427|0.04339|0.0153347|0.0473706|0.00266386|0.00700942,0.913495|0.989114|0.905667|0.916604|0.984899|0.926294|0.932747|0.948026|0.936282|0.994787|0.911519|0.908496,2.71048|4.18964|2.54377|1.60415|0.379676|2.82456|3.21396|3.34163|4.51941|5.14536|4.41064|2.75743,79.8117|37.015|10.4739|81.7362|37.2729|32.9383|55.4093|81.3396|28.0546|99.0064|65.9961,0.202212|0.202219|0.212578|0.223931|0.218852|0.177423|0.21027|0.217219|0.210998|0.245379|0.243547,0.147038|0.790314|0.554145|0.801699|0.233286|0.668561|0.673098|0.294058|0.470346|0.363657|0.928618,0.904667,0.887647,0.128239,0.443169,0.0828321,0.54922,0.253495,0.516004,0.226897,0.823074,78.9323,6.77635e-13,54008,0.832037,77.8406,9.63242e-13,32789,0.821844,0.944121,0.0443767,0.51828,0.332244,0.52747,0.0679451,0.544083,0.096402,0.818693,31.6275,1.97589e-13,52186,0.845045,89.7441,1.17089e-11,31003
10,25,n1->n2->n3->n4->n5->n15->n16->n17->n18->n19->n20->n10,5.00949e+11|1.80448e+11|4.03193e+13|1.24903e+13|1.51209e+10|1.38797e+12|3.00334e+11|1.21221e+11|1.87589e+11|2.27898e+09|3.15183e+10|1.05286e+12,1.42812e+11|2.83365e+10|7.28384e+12|5.17319e+12|1.22326e+10|1.97223e+11|7.37672e+10|4.83282e+10|5.0424e+10|5.01791e+08|1.45355e+10|2.54031e+11,3.0181e-05|2.2775e-05|0.000517639|0.000108675|0.000336804|1.3996e-05|5.95091e-05|0.000165097|0.000294208|6.06243e-05|1.46655e-05|0.000119811,0.000310334|0.000399313|0.000530329|0.000509645|0.000821598|0.00169529|0.000170398|0.00195184|0.000215891|0.00270084|0.00552788|0.0025508,0.00924861|0.00541507|0.00720975|0.00375279|0.0477712|0.0250138|0.0432795|0.0348952|0.0315747|0.00996122|0.0257996|0.0252238,0.0315742|0.00943238|0.0402354|0.0495486|0.00263917|0.0119018|0.0304577|0.0051677|0.0153347|0.0473706|0.00882196|0.00700942,0.913495|0.989114|0.905667|0.916604|0.984899|0.927813|0.91388|0.928968|0.936282|0.994787|0.931105|0.908496,2.71048|4.18964|2.54377|1.60415|0.379676|2.46356|2.66328|0.109|4.51941|5.14536|5.03122|2.75743,79.8117|37.015|10.4739|81.7362|35.0583|56.2706|32.2763|27.3162|28.0546|10.3361|29.3778,0.202212|0.202219|0.212578|0.223931|0.204588|0.226874|0.164452|0.244069|0.210998|0.176155|0.224525,0.147038|0.790314|0.554145|0.801699|0.102366|0.221237|0.241087|0.359487|0.470346|0.581828|0.696713,0.904667,0.887647,0.128239,0.443169,0.0828321,0.54922,0.253495,0.516004,0.226897,0.823074,78.9323,6.77635e-13,54008,0.832037,77.8406,9.63242e-13,32789,0.821844,0.944121,0.0443767,0.51828,0.332244,0.52747,0.0679451,0.544083,0.096402,0.818693,31.6275,1.97589e-13,52186,0.845045,89.7441,1.17089e-11,31003
10,26,n1->n2->n3->n4->n5->n6->n16->n17->n18->n19->n20->n10,5.00949e+11|1.80448e+11|4.03193e+13|1.24903e+13|1.51209e+10|9.02929e+10|3.00334e+11|1.21221e+11|1.87589e+11|2.27898e+09|3.15183e+10|1.05286e+12,1.42812e+11|2.83365e+10|7.28384e+12|5.17319e+12|1.22326e+10|1.02249e+10|7.37672e+10|4.83282e+10|5.0424e+10|5.01791e+08|1.45355e+10|2.54031e+11,3.0181e-05|2.2775e-05|0.000517639|0.000108675|0.000336804|0.000995263|5.95091e-05|0.000165097|0.000294208|6.06243e-05|1.46655e-05|0.000119811,0.000310334|0.000399313|0.000530329|0.000509645|0.000821598|0.00674185|0.000170398|0.00195184|0.000215891|0.00270084|0.00552788|0.0025508,0.00924861|0.00541507|0.00720975|0.00375279|0.0477712|0.0292399|0.0432795|0.0348952|0.0315747|0.00996122|0.0257996|0.0252238,0.0315742|0.00943238|0.0402354|0.0495486|0.00263917|0.0108922|0.0304577|0.0051677|0.0153347|0.0473706|0.00882196|0.00700942,0.913495|0.989114|0.905667|0.916604|0.984899|0.926294|0.91388|0.928968|0.936282|0.994787|0.931105|0.908496,2.71048|4.18964|2.54377|1.60415|0.379676|2.82456|2.66328|0.109|4.51941|5.14536|5.03122|2.75743,79.8117|37.015|10.4739|81.7362|37.2729|50.0569|32.2763|27.3162|28.0546|10.3361|29.3778,0.202212|0.202219|0.212578|0.223931|0.218852|0.238693|0.164452|0.244069|0.210998|0.176155|0.224525,0.147038|0.790314|0.554145|0.801699|0.233286|0.144125|0.241087|0.359487|0.470346|0.581828|0.696713,0.904667,0.887647,0.128239,0.443169,0.0828321,0.54922,0.253495,0.516004,0.226897,0.823074,78.9323,6.77635e-13,54008,0.832037,77.8406,9.63242e-13,32789,0.821844,0.944121,0.0443767,0.51828,0.332244,0.52747,0.0679451,0.544083,0.096402,0.818693,31.6275,1.97589e-13,52186,0.845045,89.7441,1.17089e-11,31003
10,27,n1->n2->n3->n13->n14->n15->n16->n17->n7->n8->n9->n10,5.00949e+11|1.80448e+11|4.03193e+13|3.3596e+12|4.27688e+09|1.38797e+12|3.00334e+11|1.21221e+11|4.11056e+10|9.40752e+09|4.09299e+12|1.05286e+12,1.42812e+11|2.83365e+10|7.28384e+12|4.83085e+11|1.0558e+09|1.97223e+11|7.37672e+10|4.83282e+10|4.31733e+09|3.97206e+09|1.54858e+12|2.54031e+11,3.0181e-05|2.2775e-05|0.000517639|5.37832e-05|0.000636693|1.3996e-05|5.95091e-05|0.000165097|0.000205358|0.000346789|1.37772e-05|0.000119811,0.000310334|0.000399313|0.000530329|0.00012197|0.00566749|0.00169529|0.000170398|0.00195184|0.00168599|0.000202733|0.00405437|0.0025508,0.00924861|0.00541507|0.00720975|0.0278304|0.0161796|0.0250138|0.0432795|0.0348952|0.0452155|0.0159192|0.0461418|0.0252238,0.0315742|0.00943238|0.0402354|0.0497469|0.0339305|0.0119018|0.0304577|0.0051677|0.0238427|0.04339|0.00266386|0.00700942,0.913495|0.989114|0.905667|0.940839|0.984185|0.927813|0.91388|0.928968|0.932747|0.948026|0.911519|0.908496,2.71048|4.18964|2.54377|6.22041|4.81843|2.46356|2.66328|0.109|3.21396|3.34163|4.41064|2.75743,79.8117|37.015|83.9106|56.34|92.5451|56.2706|32.2763|59.8148|55.4093|99.595|65.9961,0.202212|0.202219|0.213953|0.177304|0.219123|0.226874|0.164452|0.243915|0.21027|0.169273|0.243547,0.147038|0.790314|0.402307|0.349691|0.854651|0.221237|0.241087|0.689629|0.673098|0.23207|0.928618,0.904667,0.887647,0.128239,0.443169,0.0828321,0.54922,0.253495,0.516004,0.226897,0.823074,78.9323,6.77635e-13,54008,0.832037,77.8406,9.63242e-13,32789,0.821844,0.944121,0.0443767,0.51828,0.332244,0.52747,0.0679451,0.544083,0.096402,0.818693,31.6275,1.97589e-13,52186,0.845045,89.7441,1.17089e-11,31003
10,28,n1->n2->n3->n4->n5->n6->n7->n8->n18->n19->n20->n10,5.00949e+11|1.80448e+11|4.03193e+13|1.24903e+13|1.51209e+10|9.02929e+10|4.11056e+10|9.40752e+09|1.87589e+11|2.27898e+09|3.15183e+10|1.05286e+12,1.42812e+11|2.83365e+10|7.28384e+12|5.17319e+12|1.22326e+10|1.02249e+10|4.31733e+09|3.97206e+09|5.0424e+10|5.01791e+08|1.45355e+10|2.54031e+11,3.0181e-05|2.2775e-05|0.000517639|0.000108675|0.000336804|0.000995263|0.000205358|0.000346789|0.000294208|6.06243e-05|1.46655e-05|0.000119811,0.000310334|0.000399313|0.000530329|0.000509645|0.000821598|0.00674185|0.00168599|0.000202733|0.000215891|0.00270084|0.00552788|0.0025508,0.00924861|0.00541507|0.00720975|0.00375279|0.0477712|0.0292399|0.0452155|0.0159192|0.0315747|0.00996122|0.0257996|0.0252238,0.0315742|0.00943238|0.0402354|0.0495486|0.00263917|0.0108922|0.0238427|0.04339|0.0153347|0.0473706|0.00882196|0.00700942,0.913495|0.989114|0.905667|0.916604|0.984899|0.926294|0.932747|0.948026|0.936282|0.994787|0.931105|0.908496,2.71048|4.18964|2.54377|1.60415|0.379676|2.82456|3.21396|3.34163|4.51941|5.14536|5.03122|2.75743,79.8117|37.015|10.4739|81.7362|37.2729|32.9383|55.4093|81.3396|28.0546|10.3361|29.3778,0.202212|0.202219|0.212578|0.223931|0.218852|0.177423|0.21027|0.217219|0.210998|0.176155|0.224525,0.147038|0.790314|0.554145|0.801699|0.233286|0.668561|0.673098|0.294058|0.470346|0.581828|0.696713,0.904667,0.887647,0.128239,0.443169,0.0828321,0.54922,0.253495,0.516004,0.226897,0.823074,78.9323,6.77635e-13,54008,0.832037,77.8406,9.63242e-13,32789,0.821844,0.944121,0.0443767,0.51828,0.332244,0.52747,0.0679451,0.544083,0.096402,0.818693,31.6275,1.97589e-13,52186,0.845045,89.7441,1.17089e-11,31003
10,29,n1->n2->n3->n4->n14->n15->n16->n17->n18->n19->n20->n10,5.00949e+11|1.80448e+11|4.03193e+13|1.24903e+13|4.27688e+09|1.38797e+12|3.00334e+11|1.21221e+11|1.87589e+11|2.27898e+09|3.15183e+10|1.05286e+12,1.42812e+11|2.83365e+10|7.28384e+12|5.17319e+12|1.0558e+09|1.97223e+11|7.37672e+10|4.83282e+10|5.0424e+10|5.01791e+08|1.45355e+10|2.54031e+11,3.0181e-05|2.2775e-05|0.000517639|0.000108675|0.000636693|1.3996e-05|5.95091e-05|0.000165097|0.000294208|6.06243e-05|1.46655e-05|0.000119811,0.000310334|0.000399313|0.000530329|0.000509645|0.00566749|0.00169529|0.000170398|0.00195184|0.000215891|0.00270084|0.00552788|0.0025508,0.00924861|0.00541507|0.00720975|0.00375279|0.0161796|0.0250138|0.0432795|0.0348952|0.0315747|0.00996122|0.0257996|0.0252238,0.0315742|0.00943238|0.0402354|0.0495486|0.0339305|0.0119018|0.0304577|0.0051677|0.0153347|0.0473706|0.00882196|0.00700942,0.913495|0.989114|0.905667|0.916604|0.984185|0.927813|0.91388|0.928968|0.936282|0.994787|0.931105|0.908496,2.71048|4.18964|2.54377|1.60415|4.81843|2.46356|2.66328|0.109|4.51941|5.14536|5.03122|2.75743,79.8117|37.015|10.4739|52.1141|92.5451|56.2706|32.2763|27.3162|28.0546|10.3361|29.3778,0.202212|0.202219|0.212578|0.23004|0.219123|0.226874|0.164452|0.244069|0.210998|0.176155|0.224525,0.147038|0.790314|0.554145|0.342514|0.854651|0.221237|0.241087|0.359487|0.470346|0.581828|0.696713,0.904667,0.887647,0.128239,0.443169,0.0828321,0.54922,0.253495,0.516004,0.226897,0.823074,78.9323,6.77635e-13,54008,0.832037,77.8406,9.63242e-13,32789,0.821844,0.944121,0.0443767,0.51828,0.332244,0.52747,0.0679451,0.544083,0.096402,0.818693,31.6275,1.97589e-13,52186,0.845045,89.7441,1.17089e-11,31003
10,30,n1->n2->n3->n4->n14->n15->n16->n17->n7->n8->n9->n10,5.00949e+11|1.80448e+11|4.03193e+13|1.24903e+13|4.27688e+09|1.38797e+12|3.00334e+11|1.21221e+11|4.11056e+10|9.40752e+09|4.09299e+12|1.05286e+12,1.42812e+11|2.83365e+10|7.28384e+12|5.17319e+12|1.0558e+09|1.97223e+11|7.37672e+10|4.83282e+10|4.31733e+09|3.97206e+09|1.54858e+12|2.54031e+11,3.0181e-05|2.2775e-05|0.000517639|0.000108675|0.000636693|1.3996e-05|5.95091e-05|0.000165097|0.000205358|0.000346789|1.37772e-05|0.000119811,0.000310334|0.000399313|0.000530329|0.000509645|0.00566749|0.00169529|0.000170398|0.00195184|0.00168599|0.000202733|0.00405437|0.0025508,0.00924861|0.00541507|0.00720975|0.00375279|0.0161796|0.0250138|0.0432795|0.0348952|0.0452155|0.0159192|0.0461418|0.0252238,0.0315742|0.00943238|0.0402354|0.0495486|0.0339305|0.0119018|0.0304577|0.0051677|0.0238427|0.04339|0.00266386|0.00700942,0.913495|0.989114|0.905667|0.916604|0.984185|0.927813|0.91388|0.928968|0.932747|0.948026|0.911519|0.908496,2.71048|4.18964|2.54377|1.60415|4.81843|2.46356|2.66328|0.109|3.21396|3.34163|4.41064|2.75743,79.8117|37.015|10.4739|52.1141|92.5451|56.2706|32.2763|59.8148|55.4093|99.595|65.9961,0.202212|0.202219|0.212578|0.23004|0.219123|0.226874|0.164452|0.243915|0.21027|0.169273|0.243547,0.147038|0.790314|0.554145|0.342514|0.854651|0.221237|0.241087|0.689629|0.673098|0.23207|0.928618,0.904667,0.887647,0.128239,0.443169,0.0828321,0.54922,0.253495,0.516004,0.226897,0.823074,78.9323,6.77635e-13,54008,0.832037,77.8406,9.63242e-13,32789,0.821844,0.944121,0.0443767,0.51828,0.332244,0.52747,0.0679451,0.544083,0.096402,0.818693,31.6275,1.97589e-13,52186,0.845045,89.7441,1.17089e-11,31003
10,31,n1->n2->n3->n4->n5->n6->n7->n8->n9->n19->n20->n10,5.00949e+11|1.80448e+11|4.03193e+13|1.24903e+13|1.51209e+10|9.02929e+10|4.11056e+10|9.40752e+09|4.09299e+12|2.27898e+09|3.15183e+10|1.05286e+12,1.42812e+11|2.83365e+10|7.28384e+12|5.17319e+12|1.22326e+10|1.02249e+10|4.31733e+09|3.97206e+09|1.54858e+12|5.01791e+08|1.45355e+10|2.54031e+11,3.0181e-05|2.2775e-05|0.000517639|0.000108675|0.000336804|0.000995263|0.000205358|0.000346789|1.37772e-05|6.06243e-05|1.46655e-05|0.000119811,0.000310334|0.000399313|0.000530329|0.000509645|0.000821598|0.00674185|0.00168599|0.000202733|0.00405437|0.00270084|0.00552788|0.0025508,0.00924861|0.00541507|0.00720975|0.00375279|0.0477712|0.0292399|0.0452155|0.0159192|0.0461418|0.00996122|0.0257996|0.0252238,0.0315742|0.00943238|0.0402354|0.0495486|0.00263917|0.0108922|0.0238427|0.04339|0.00266386|0.0473706|0.00882196|0.00700942,0.913495|0.989114|0.905667|0.916604|0.984899|0.926294|0.932747|0.948026|0.911519|0.994787|0.931105|0.908496,2.71048|4.18964|2.54377|1.60415|0.379676|2.82456|3.21396|3.34163|4.41064|5.14536|5.03122|2.75743,79.8117|37.015|10.4739|81.7362|37.2729|32.9383|55.4093|99.595|99.0064|10.3361|29.3778,0.202212|0.202219|0.212578|0.223931|0.218852|0.177423|0.21027|0.169273|0.245379|0.176155|0.224525,0.147038|0.790314|0.554145|0.801699|0.233286|0.668561|0.673098|0.23207|0.363657|0.581828|0.696713,0.904667,0.887647,0.128239,0.443169,0.0828321,0.54922,0.253495,0.516004,0.226897,0.823074,78.9323,6.77635e-13,54008,0.832037,77.8406,9.63242e-13,32789,0.821844,0.944121,0.0443767,0.51828,0.332244,0.52747,0.0679451,0.544083,0.096402,0.818693,31.6275,1.97589e-13,52186,0.845045,89.7441,1.17089e-11,31003
10,32,n1->n2->n3->n4->n5->n6->n16->n17->n7->n8->n9->n10,5.00949e+11|1.80448e+11|4.03193e+13|1.24903e+13|1.51209e+10|9.02929e+10|3.00334e+11|1.21221e+11|4.11056e+10|9.40752e+09|4.09299e+12|1.05286e+12,1.42812e+11|2.83365e+10|7.28384e+12|5.17319e+12|1.22326e+10|1.02249e+10|7.37672e+10|4.83282e+10|4.31733e+09|3.97206e+09|1.54858e+12|2.54031e+11,3.0181e-05|2.2775e-05|0.000517639|0.000108675|0.000336804|0.000995263|5.95091e-05|0.000165097|0.000205358|0.000346789|1.37772e-05|0.000119811,0.000310334|0.000399313|0.000530329|0.000509645|0.000821598|0.00674185|0.000170398|0.00195184|0.00168599|0.000202733|0.00405437|0.0025508,0.00924861|0.00541507|0.00720975|0.00375279|0.0477712|0.0292399|0.0432795|0.0348952|0.0452155|0.0159192|0.0461418|0.0252238,0.0315742|0.00943238|0.0402354|0.0495486|0.00263917|0.0108922|0.0304577|0.0051677|0.0238427|0.04339|0.00266386|0.00700942,0.913495|0.989114|0.905667|0.916604|0.984899|0.926294|0.91388|0.928968|0.932747|0.948026|0.911519|0.908496,2.71048|4.18964|2.54377|1.60415|0.379676|2.82456|2.66328|0.109|3.21396|3.34163|4.41064|2.75743,79.8117|37.015|10.4739|81.7362|37.2729|50.0569|32.2763|59.8148|55.4093|99.595|65.9961,0.202212|0.202219|0.212578|0.223931|0.218852|0.238693|0.164452|0.243915|0.21027|0.169273|0.243547,0.147038|0.790314|0.554145|0.801699|0.233286|0.144125|0.241087|0.689629|0.673098|0.23207|0.928618,0.904667,0.887647,0.128239,0.443169,0.0828321,0.54922,0.253495,0.516004,0.226897,0.823074,78.9323,6.77635e-13,54008,0.832037,77.8406,9.63242e-13,32789,0.821844,0.944121,0.0443767,0.51828,0.332244,0.52747,0.0679451,0.544083,0.096402,0.818693,31.6275,1.97589e-13,52186,0.845045,89.7441,1.17089e-11,31003
10,33,n1->n2->n3->n4->n14->n15->n16->n17->n18->n19->n9->n10,5.00949e+11|1.80448e+11|4.03193e+13|1.24903e+13|4.27688e+09|1.38797e+12|3.00334e+11|1.21221e+11|1.87589e+11|2.27898e+09|4.09299e+12|1.05286e+12,1.42812e+11|2.83365e+10|7.28384e+12|5.17319e+12|1.0558e+09|1.97223e+11|7.37672e+10|4.83282e+10|5.0424e+10|5.01791e+08|1.54858e+12|2.54031e+11,3.0181e-05|2.2775e-05|0.000517639|0.000108675|0.000636693|1.3996e-05|5.95091e-05|0.000165097|0.000294208|6.06243e-05|1.37772e-05|0.000119811,0.000310334|0.000399313|0.000530329|0.000509645|0.00566749|0.00169529|0.000170398|0.00195184|0.000215891|0.00270084|0.00405437|0.0025508,0.00924861|0.00541507|0.00720975|0.00375279|0.0161796|0.0250138|0.0432795|0.0348952|0.0315747|0.00996122|0.0461418|0.0252238,0.0315742|0.00943238|0.0402354|0.0495486|0.0339305|0.0119018|0.0304577|0.0051677|0.0153347|0.0473706|0.00266386|0.00700942,0.913495|0.989114|0.905667|0.916604|0.984185|0.927813|0.91388|0.928968|0.936282|0.994787|0.911519|0.908496,2.71048|4.18964|2.54377|1.60415|4.81843|2.46356|2.66328|0.109|4.51941|5.14536|4.41064|2.75743,79.8117|37.015|10.4739|52.1141|92.5451|56.2706|32.2763|27.3162|28.0546|99.0064|65.9961,0.202212|0.202219|0.212578|0.23004|0.219123|0.226874|0.164452|0.244069|0.210998|0.245379|0.243547,0.147038|0.790314|0.554145|0.342514|0.854651|0.221237|0.241087|0.359487|0.470346|0.363657|0.928618,0.904667,0.887647,0.128239,0.443169,0.0828321,0.54922,0.253495,0.516004,0.226897,0.823074,78.9323,6.77635e-13,54008,0.832037,77.8406,9.63242e-13,32789,0.821844,0.944121,0.0443767,0.51828,0.332244,0.52747,0.0679451,0.544083,0.096402,0.818693,31.6275,1.97589e-13,52186,0.845045,89.7441,1.17089e-11,31003
10,34,n1->n2->n3->n4->n5->n6->n7->n17->n18->n8->n9->n10,5.00949e+11|1.80448e+11|4.03193e+13|1.24903e+13|1.51209e+10|9.02929e+10|4.11056e+10|1.21221e+11|1.87589e+11|9.40752e+09|4.09299e+12|1.05286e+12,1.42812e+11|2.83365e+10|7.28384e+12|5.17319e+12|1.22326e+10|1.02249e+10|4.31733e+09|4.83282e+10|5.0424e+10|3.97206e+09|1.54858e+12|2.54031e+11,3.0181e-05|2.2775e-05|0.000517639|0.000108675|0.000336804|0.000995263|0.000205358|0.000165097|0.000294208|0.000346789|1.37772e-05|0.000119811,0.000310334|0.000399313|0.000530329|0.000509645|0.000821598|0.00674185|0.00168599|0.00195184|0.000215891|0.000202733|0.00405437|0.0025508,0.00924861|0.00541507|0.00720975|0.00375279|0.0477712|0.0292399|0.0452155|0.0348952|0.0315747|0.0159192|0.0461418|0.0252238,0.0315742|0.00943238|0.0402354|0.0495486|0.00263917|0.0108922|0.0238427|0.0051677|0.0153347|0.04339|0.00266386|0.00700942,0.913495|0.989114|0.905667|0.916604|0.984899|0.926294|0.932747|0.928968|0.936282|0.948026|0.911519|0.908496,2.71048|4.18964|2.54377|1.60415|0.379676|2.82456|3.21396|0.109|4.51941|3.34163|4.41064|2.75743,79.8117|37.015|10.4739|81.7362|37.2729|32.9383|59.8148|27.3162|81.3396|99.595|65.9961,0.202212|0.202219|0.212578|0.223931|0.218852|0.177423|0.243915|0.244069|0.217219|0.169273|0.243547,0.147038|0.790314|0.554145|0.801699|0.233286|0.668561|0.689629|0.359487|0.294058|0.23207|0.928618,0.904667,0.887647,0.128239,0.443169,0.0828321,0.54922,0.253495,0.516004,0.226897,0.823074,78.9323,6.77635e-13,54008,0.832037,77.8406,9.63242e-13,32789,0.821844,0.944121,0.0443767,0.51828,0.332244,0.52747,0.0679451,0.544083,0.096402,0.818693,31.6275,1.97589e-13,52186,0.845045,89.7441,1.17089e-11,31003
10,35,n1->n2->n3->n4->n14->n15->n16->n17->n18->n8->n9->n10,5.00949e+11|1.80448e+11|4.03193e+13|1.24903e+13|4.27688e+09|1.38797e+12|3.00334e+11|1.21221e+11|1.87589e+11|9.40752e+09|4.09299e+12|1.05286e+12,1.42812e+11|2.83365e+10|7.28384e+12|5.17319e+12|1.0558e+09|1.97223e+11|7.37672e+10|4.83282e+10|5.0424e+10|3.97206e+09|1.54858e+12|2.54031e+11,3.0181e-05|2.2775e-05|0.000517639|0.000108675|0.000636693|1.3996e-05|5.95091e-05|0.000165097|0.000294208|0.000346789|1.37772e-05|0.000119811,0.000310334|0.000399313|0.000530329|0.000509645|0.00566749|0.00169529|0.000170398|0.00195184|0.000215891|0.000202733|0.00405437|0.0025508,0.00924861|0.00541507|0.00720975|0.00375279|0.0161796|0.0250138|0.0432795|0.0348952|0.0315747|0.0159192|0.0461418|0.0252238,0.0315742|0.00943238|0.0402354|0.0495486|0.0339305|0.0119018|0.0304577|0.0051677|0.0153347|0.04339|0.00266386|0.00700942,0.913495|0.989114|0.905667|0.916604|0.984185|0.927813|0.91388|0.928968|0.936282|0.948026|0.911519|0.908496,2.71048|4.18964|2.54377|1.60415|4.81843|2.46356|2.66328|0.109|4.51941|3.34163|4.41064|2.75743,79.8117|37.015|10.4739|52.1141|92.5451|56.2706|32.2763|27.3162|81.3396|99.595|65.9961,0.202212|0.202219|0.212578|0.23004|0.219123|0.226874|0.164452|0.244069|0.217219|0.169273|0.243547,0.147038|0.790314|0.554145|0.342514|0.854651|0.221237|0.241087|0.359487|0.294058|0.23207|0.928618,0.904667,0.887647,0.128239,0.443169,0.0828321,0.54922,0.253495,0.516004,0.226897,0.823074,78.9323,6.77635e-13,54008,0.832037,77.8406,9.63242e-13,32789,0.821844,0.944121,0.0443767,0.51828,0.332244,0.52747,0.0679451,0.544083,0.096402,0.818693,31.6275,1.97589e-13,52186,0.845045,89.7441,1.17089e-11,31003
10,36,n1->n11->n12->n13->n14->n15->n16->n17->n18->n19->n20->n10,5.00949e+11|4.11551e+13|3.17333e+12|3.3596e+12|4.27688e+09|1.38797e+12|3.00334e+11|1.21221e+11|1.87589e+11|2.27898e+09|3.15183e+10|1.05286e+12,1.42812e+11|1.48663e+13|1.97587e+12|4.83085e+11|1.0558e+09|1.97223e+11|7.37672e+10|4.83282e+10|5.0424e+10|5.01791e+08|1.45355e+10|2.54031e+11,3.0181e-05|5.20523e-05|4.47077e-05|5.37832e-05|0.000636693|1.3996e-05|5.95091e-05|0.000165097|0.000294208|6.06243e-05|1.46655e-05|0.000119811,0.000310334|0.00656769|0.000744915|0.00012197|0.00566749|0.00169529|0.000170398|0.00195184|0.000215891|0.00270084|0.00552788|0.0025508,0.00924861|0.0194316|0.00841709|0.0278304|0.0161796|0.0250138|0.0432795|0.0348952|0.0315747|0.00996122|0.0257996|0.0252238,0.0315742|0.0254573|0.0482252|0.0497469|0.0339305|0.0119018|0.0304577|0.0051677|0.0153347|0.0473706|0.00882196|0.00700942,0.913495|0.911067|0.908177|0.940839|0.984185|0.927813|0.91388|0.928968|0.936282|0.994787|0.931105|0.908496,2.71048|4.63323|4.07787|6.22041|4.81843|2.46356|2.66328|0.109|4.51941|5.14536|5.03122|2.75743,30.2686|24.4191|13.9548|56.34|92.5451|56.2706|32.2763|27.3162|28.0546|10.3361|29.3778,0.189746|0.163204|0.245775|0.177304|0.219123|0.226874|0.164452|0.244069|0.210998|0.176155|0.224525,0.114018|0.339009|0.861041|0.349691|0.854651|0.221237|0.241087|0.359487|0.470346|0.581828|0.696713,0.904667,0.887647,0.128239,0.443169,0.0828321,0.54922,0.253495,0.516004,0.226897,0.823074,78.9323,6.77635e-13,54008,0.832037,77.8406,9.63242e-13,32789,0.821844,0.944121,0.0443767,0.51828,0.332244,0.52747,0.0679451,0.544083,0.096402,0.818693,31.6275,1.97589e-13,52186,0.845045,89.7441,1.17089e-11,31003
10,37,n1->n2->n12->n13->n14->n15->n16->n17->n18->n8->n9->n10,5.00949e+11|1.80448e+11|3.17333e+12|3.3596e+12|4.27688e+09|1.38797e+12|3.00334e+11|1.21221e+11|1.87589e+11|9.40752e+09|4.09299e+12|1.05286e+12,1.42812e+11|2.83365e+10|1.97587e+12|4.83085e+11|1.0558e+09|1.97223e+11|7.37672e+10|4.83282e+10|5.0424e+10|3.97206e+09|1.54858e+12|2.54031e+11,3.0181e-05|2.2775e-05|4.47077e-05|5.37832e-05|0.000636693|1.3996e-05|5.95091e-05|0.000165097|0.000294208|0.000346789|1.37772e-05|0.000119811,0.000310334|0.000399313|0.000744915|0.00012197|0.00566749|0.00169529|0.000170398|0.00195184|0.000215891|0.000202733|0.00405437|0.0025508,0.00924861|0.00541507|0.00841709|0.0278304|0.0161796|0.0250138|0.0432795|0.0348952|0.0315747|0.0159192|0.0461418|0.0252238,0.0315742|0.00943238|0.0482252|0.0497469|0.0339305|0.0119018|0.0304577|0.0051677|0.0153347|0.04339|0.00266386|0.00700942,0.913495|0.989114|0.908177|0.940839|0.984185|0.927813|0.91388|0.928968|0.936282|0.948026|0.911519|0.908496,2.71048|4.18964|4.07787|6.22041|4.81843|2.46356|2.66328|0.109|4.51941|3.34163|4.41064|2.75743,79.8117|88.6198|13.9548|56.34|92.5451|56.2706|32.2763|27.3162|81.3396|99.595|65.9961,0.202212|0.16902|0.245775|0.177304|0.219123|0.226874|0.164452|0.244069|0.217219|0.169273|0.243547,0.147038|0.7617|0.861041|0.349691|0.854651|0.221237|0.241087|0.359487|0.294058|0.23207|0.928618,0.904667,0.887647,0.128239,0.443169,0.0828321,0.54922,0.253495,0.516004,0.226897,0.823074,78.9323,6.77635e-13,54008,0.832037,77.8406,9.63242e-13,32789,0.821844,0.944121,0.0443767,0.51828,0.332244,0.52747,0.0679451,0.544083,0.096402,0.818693,31.6275,1.97589e-13,52186,0.845045,89.7441,1.17089e-11,31003
10,38,n1->n2->n3->n4->n5->n6->n7->n17->n18->n19->n20->n10,5.00949e+11|1.80448e+11|4.03193e+13|1.24903e+13|1.51209e+10|9.02929e+10|4.11056e+10|1.21221e+11|1.87589e+11|2.27898e+09|3.15183e+10|1.05286e+12,1.42812e+11|2.83365e+10|7.28384e+12|5.17319e+12|1.22326e+10|1.02249e+10|4.31733e+09|4.83282e+10|5.0424e+10|5.01791e+08|1.45355e+10|2.54031e+11,3.0181e-05|2.2775e-05|0.000517639|0.000108675|0.000336804|0.000995263|0.000205358|0.000165097|0.000294208|6.06243e-05|1.46655e-05|0.000119811,0.000310334|0.000399313|0.000530329|0.000509645|0.000821598|0.00674185|0.00168599|0.00195184|0.000215891|0.00270084|0.00552788|0.0025508,0.00924861|0.00541507|0.00720975|0.00375279|0.0477712|0.0292399|0.0452155|0.0348952|0.0315747|0.00996122|0.0257996|0.0252238,0.0315742|0.00943238|0.0402354|0.0495486|0.00263917|0.0108922|0.0238427|0.0051677|0.0153347|0.0473706|0.00882196|0.00700942,0.913495|0.989114|0.905667|0.916604|0.984899|0.926294|0.932747|0.928968|0.936282|0.994787|0.931105|0.908496,2.71048|4.18964|2.54377|1.60415|0.379676|2.82456|3.21396|0.109|4.51941|5.14536|5.03122|2.75743,79.8117|37.015|10.4739|81.7362|37.2729|32.9383|59.8148|27.3162|28.0546|10.3361|29.3778,0.202212|0.202219|0.212578|0.223931|0.218852|0.177423|0.243915|0.244069|0.210998|0.176155|0.224525,0.147038|0.790314|0.554145|0.801699|0.233286|0.668561|0.689629|0.359487|0.470346|0.581828|0.696713,0.904667,0.887647,0.128239,0.443169,0.0828321,0.54922,0.253495,0.516004,0.226897,0.823074,78.9323,6.77635e-13,54008,0.832037,77.8406,9.63242e-13,32789,0.821844,0.944121,0.0443767,0.51828,0.332244,0.52747,0.0679451,0.544083,0.096402,0.818693,31.6275,1.97589e-13,52186,0.845045,89.7441,1.17089e-11,31003
10,39,n1->n2->n12->n13->n14->n15->n16->n17->n18->n19->n20->n10,5.00949e+11|1.80448e+11|3.17333e+12|3.3596e+12|4.27688e+09|1.38797e+12|3.00334e+11|1.21221e+11|1.87589e+11|2.27898e+09|3.15183e+10|1.05286e+12,1.42812e+11|2.83365e+10|1.97587e+12|4.83085e+11|1.0558e+09|1.97223e+11|7.37672e+10|4.83282e+10|5.0424e+10|5.01791e+08|1.45355e+10|2.54031e+11,3.0181e-05|2.2775e-05|4.47077e-05|5.37832e-05|0.000636693|1.3996e-05|5.95091e-05|0.000165097|0.000294208|6.06243e-05|1.46655e-05|0.000119811,0.000310334|0.000399313|0.000744915|0.00012197|0.00566749|0.00169529|0.000170398|0.00195184|0.000215891|0.00270084|0.00552788|0.0025508,0.00924861|0.00541507|0.00841709|0.0278304|0.0161796|0.0250138|0.0432795|0.0348952|0.0315747|0.00996122|0.0257996|0.0252238,0.0315742|0.00943238|0.0482252|0.0497469|0.0339305|0.0119018|0.0304577|0.0051677|0.0153347|0.0473706|0.00882196|0.00700942,0.913495|0.989114|0.908177|0.940839|0.984185|0.927813|0.91388|0.928968|0.936282|0.994787|0.931105|0.908496,2.71048|4.18964|4.07787|6.22041|4.81843|2.46356|2.66328|0.109|4.51941|5.14536|5.03122|2.75743,79.8117|88.6198|13.9548|56.34|92.5451|56.2706|32.2763|27.3162|28.0546|10.3361|29.3778,0.202212|0.16902|0.245775|0.177304|0.219123|0.226874|0.164452|0.244069|0.210998|0.176155|0.224525,0.147038|0.7617|0.861041|0.349691|0.854651|0.221237|0.241087|0.359487|0.470346|0.581828|0.696713,0.904667,0.887647,0.128239,0.443169,0.0828321,0.54922,0.253495,0.516004,0.226897,0.823074,78.9323,6.77635e-13,54008,0.832037,77.8406,9.63242e-13,32789,0.821844,0.944121,0.0443767,0.51828,0.332244,0.52747,0.0679451,0.544083,0.096402,0.818693,31.6275,1.97589e-13,52186,0.845045,89.7441,1.17089e-11,31003
10,40,n1->n2->n3->n4->n5->n6->n7->n17->n18->n19->n9->n10,5.00949e+11|1.80448e+11|4.03193e+13|1.24903e+13|1.51209e+10|9.02929e+10|4.11056e+10|1.21221e+11|1.87589e+11|2.27898e+09|4.09299e+12|1.05286e+12,1.42812e+11|2.83365e+10|7.28384e+12|5.17319e+12|1.22326e+10|1.02249e+10|4.31733e+09|4.83282e+10|5.0424e+10|5.01791e+08|1.54858e+12|2.54031e+11,3.0181e-05|2.2775e-05|0.000517639|0.000108675|0.000336804|0.000995263|0.000205358|0.000165097|0.000294208|6.06243e-05|1.37772e-05|0.000119811,0.000310334|0.000399313|0.000530329|0.000509645|0.000821598|0.00674185|0.00168599|0.00195184|0.000215891|0.00270084|0.00405437|0.0025508,0.00924861|0.00541507|0.00720975|0.00375279|0.0477712|0.0292399|0.0452155|0.0348952|0.0315747|0.00996122|0.0461418|0.0252238,0.0315742|0.00943238|0.0402354|0.0495486|0.00263917|0.0108922|0.0238427|0.0051677|0.0153347|0.0473706|0.00266386|0.00700942,0.913495|0.989114|0.905667|0.916604|0.984899|0.926294|0.932747|0.928968|0.936282|0.994787|0.911519|0.908496,2.71048|4.18964|2.54377|1.60415|0.379676|2.82456|3.21396|0.109|4.51941|5.14536|4.41064|2.75743,79.8117|37.015|10.4739|81.7362|37.2729|32.9383|59.8148|27.3162|28.0546|99.0064|65.9961,0.202212|0.202219|0.212578|0.223931|0.218852|0.177423|0.243915|0.244069|0.210998|0.245379|0.243547,0.147038|0.790314|0.554145|0.801699|0.233286|0.668561|0.689629|0.359487|0.470346|0.363657|0.928618,0.904667,0.887647,0.128239,0.443169,0.0828321,0.54922,0.253495,0.516004,0.226897,0.823074,78.9323,6.77635e-13,54008,0.832037,77.8406,9.63242e-13,32789,0.821844,0.944121,0.0443767,0.51828,0.332244,0.52747,0.0679451,0.544083,0.096402,0.818693,31.6275,1.97589e-13,52186,0.845045,89.7441,1.17089e-11,31003
10,41,n1->n11->n12->n22->n23->n13->n14->n4->n5->n6->n7->n8->n9->n10,5.00949e+11|4.11551e+13|3.17333e+12|1.93553e+13|1.5238e+09|3.3596e+12|4.27688e+09|1.24903e+13|1.51209e+10|9.02929e+10|4.11056e+10|9.40752e+09|4.09299e+12|1.05286e+12,1.42812e+11|1.48663e+13|1.97587e+12|2.74511e+12|1.20387e+09|4.83085e+11|1.0558e+09|5.17319e+12|1.22326e+10|1.02249e+10|4.31733e+09|3.97206e+09|1.54858e+12|2.54031e+11,3.0181e-05|5.20523e-05|4.47077e-05|5.97411e-05|0.000436525|5.37832e-05|0.000636693|0.000108675|0.000336804|0.000995263|0.000205358|0.000346789|1.37772e-05|0.000119811,0.000310334|0.00656769|0.000744915|0.000129789|0.00111897|0.00012197|0.00566749|0.000509645|0.000821598|0.00674185|0.00168599|0.000202733|0.00405437|0.0025508,0.00924861|0.0194316|0.00841709|0.0204439|0.0352893|0.0278304|0.0161796|0.00375279|0.0477712|0.0292399|0.0452155|0.0159192|0.0461418|0.0252238,0.0315742|0.0254573|0.0482252|0.0386141|0.00519581|0.0497469|0.0339305|0.0495486|0.00263917|0.0108922|0.0238427|0.04339|0.00266386|0.00700942,0.913495|0.911067|0.908177|0.918718|0.980295|0.940839|0.984185|0.916604|0.984899|0.926294|0.932747|0.948026|0.911519|0.908496,2.71048|4.63323|4.07787|3.40478|4.49412|6.22041|4.81843|1.60415|0.379676|2.82456|3.21396|3.34163|4.41064|2.75743,30.2686|24.4191|13.2112|55.8812|51.9585|56.34|52.1141|81.7362|37.2729|32.9383|55.4093|99.595|65.9961,0.189746|0.163204|0.186408|0.24392|0.16585|0.177304|0.23004|0.223931|0.218852|0.177423|0.21027|0.169273|0.243547,0.114018|0.339009|0.577028|0.667566|0.678346|0.349691|0.342514|0.801699|0.233286|0.668561|0.673098|0.23207|0.928618,0.904667,0.887647,0.128239,0.443169,0.0828321,0.54922,0.253495,0.516004,0.226897,0.823074,78.9323,6.77635e-13,54008,0.832037,77.8406,9.63242e-13,32789,0.821844,0.944121,0.0443767,0.51828,0.332244,0.52747,0.0679451,0.544083,0.096402,0.818693,31.6275,1.97589e-13,52186,0.845045,89.7441,1.17089e-11,31003
10,42,n1->n11->n12->n22->n23->n24->n25->n15->n5->n6->n7->n8->n9->n10,5.00949e+11|4.11551e+13|3.17333e+12|1.93553e+13|1.5238e+09|3.97958e+09|2.14516e+11|1.38797e+12|1.51209e+10|9.02929e+10|4.11056e+10|9.40752e+09|4.09299e+12|1.05286e+12,1.42812e+11|1.48663e+13|1.97587e+12|2.74511e+12|1.20387e+09|3.8065e+09|2.11577e+11|1.97223e+11|1.22326e+10|1.02249e+10|4.31733e+09|3.97206e+09|1.54858e+12|2.54031e+11,3.0181e-05|5.20523e-05|4.47077e-05|5.97411e-05|0.000436525|1.10933e-05|3.573e-05|1.3996e-05|0.000336804|0.000995263|0.000205358|0.000346789|1.37772e-05|0.000119811,0.000310334|0.00656769|0.000744915|0.000129789|0.00111897|0.00180726|0.00167902|0.00169529|0.000821598|0.00674185|0.00168599|0.000202733|0.00405437|0.0025508,0.00924861|0.0194316|0.00841709|0.0204439|0.0352893|0.00858775|0.02593|0.0250138|0.0477712|0.0292399|0.0452155|0.0159192|0.0461418|0.0252238,0.0315742|0.0254573|0.0482252|0.0386141|0.00519581|0.0359629|0.042106|0.0119018|0.00263917|0.0108922|0.0238427|0.04339|0.00266386|0.00700942,0.913495|0.911067|0.908177|0.918718|0.980295|0.906689|0.927416|0.927813|0.984899|0.926294|0.932747|0.948026|0.911519|0.908496,2.71048|4.63323|4.07787|3.40478|4.49412|0.509572|3.48682|2.46356|0.379676|2.82456|3.21396|3.34163|4.41064|2.75743,30.2686|24.4191|13.2112|55.8812|67.5745|18.2346|54.7186|35.0583|37.2729|32.9383|55.4093|99.595|65.9961,0.189746|0.163204|0.186408|0.24392|0.23069|0.181699|0.193634|0.204588|0.218852|0.177423|0.21027|0.169273|0.243547,0.114018|0.339009|0.577028|0.667566|0.610727|0.244388|0.563983|0.102366|0.233286|0.668561|0.673098|0.23207|0.928618,0.904667,0.887647,0.128239,0.443169,0.0828321,0.54922,0.253495,0.516004,0.226897,0.823074,78.9323,6.77635e-13,54008,0.832037,77.8406,9.63242e-13,32789,0.821844,0.944121,0.0443767,0.51828,0.332244,0.52747,0.0679451,0.544083,0.096402,0.818693,31.6275,1.97589e-13,52186,0.845045,89.7441,1.17089e-11,31003
10,43,n1->n2->n12->n22->n23->n13->n14->n4->n5->n6->n7->n8->n9->n10,5.00949e+11|1.80448e+11|3.17333e+12|1.93553e+13|1.5238e+09|3.3596e+12|4.27688e+09|1.24903e+13|1.51209e+10|9.02929e+10|4.11056e+10|9.40752e+09|4.09299e+12|1.05286e+12,1.42812e+11|2.83365e+10|1.97587e+12|2.74511e+12|1.20387e+09|4.83085e+11|1.0558e+09|5.17319e+12|1.22326e+10|1.02249e+10|4.31733e+09|3.97206e+09|1.54858e+12|2.54031e+11,3.0181e-05|2.2775e-05|4.47077e-05|5.97411e-05|0.000436525|5.37832e-05|0.000636693|0.000108675|0.000336804|0.000995263|0.000205358|0.000346789|1.37772e-05|0.000119811,0.000310334|0.000399313|0.000744915|0.000129789|0.00111897|0.00012197|0.00566749|0.000509645|0.000821598|0.00674185|0.00168599|0.000202733|0.00405437|0.0025508,0.00924861|0.00541507|0.00841709|0.0204439|0.0352893|0.0278304|0.0161796|0.00375279|0.0477712|0.0292399|0.0452155|0.0159192|0.0461418|0.0252238,0.0315742|0.00943238|0.0482252|0.0386141|0.00519581|0.0497469|0.0339305|0.0495486|0.00263917|0.0108922|0.0238427|0.04339|0.00266386|0.00700942,0.913495|0.989114|0.908177|0.918718|0.980295|0.940839|0.984185|0.916604|0.984899|0.926294|0.932747|0.948026|0.911519|0.908496,2.71048|4.18964|4.07787|3.40478|4.49412|6.22041|4.81843|1.60415|0.379676|2.82456|3.21396|3.34163|4.41064|2.75743,79.8117|88.6198|13.2112|55.8812|51.9585|56.34|52.1141|81.7362|37.2729|32.9383|55.4093|99.595|65.9961,0.202212|0.16902|0.186408|0.24392|0.16585|0.177304|0.23004|0.223931|0.218852|0.177423|0.21027|0.169273|0.243547,0.147038|0.7617|0.577028|0.667566|0.678346|0.349691|0.342514|0.801699|0.233286|0.668561|0.673098|0.23207|0.928618,0.904667,0.887647,0.128239,0.443169,0.0828321,0.54922,0.253495,0.516004,0.226897,0.823074,78.9323,6.77635e-13,54008,0.832037,77.8406,9.63242e-13,32789,0.821844,0.944121,0.0443767,0.51828,0.332244,0.52747,0.0679451,0.544083,0.096402,0.818693,31.6275,1.97589e-13,52186,0.845045,89.7441,1.17089e-11,31003
10,44,n1->n11->n12->n2->n3->n4->n5->n6->n7->n8->n9->n19->n20->n10,5.00949e+11|4.11551e+13|3.17333e+12|1.80448e+11|4.03193e+13|1.24903e+13|1.51209e+10|9.02929e+10|4.11056e+10|9.40752e+09|4.09299e+12|2.27898e+09|3.15183e+10|1.05286e+12,1.42812e+11|1.48663e+13|1.97587e+12|2.83365e+10|7.28384e+12|5.17319e+12|1.22326e+10|1.02249e+10|4.31733e+09|3.97206e+09|1.54858e+12|5.01791e+08|1.45355e+10|2.54031e+11,3.0181e-05|5.20523e-05|4.47077e-05|2.2775e-05|0.000517639|0.000108675|0.000336804|0.000995263|0.000205358|0.000346789|1.37772e-05|6.06243e-05|1.46655e-05|0.000119811,0.000310334|0.00656769|0.000744915|0.000399313|0.000530329|0.000509645|0.000821598|0.00674185|0.00168599|0.000202733|0.00405437|0.00270084|0.00552788|0.0025508,0.00924861|0.0194316|0.00841709|0.00541507|0.00720975|0.00375279|0.0477712|0.0292399|0.0452155|0.0159192|0.0461418|0.00996122|0.0257996|0.0252238,0.0315742|0.0254573|0.0482252|0.00943238|0.0402354|0.0495486|0.00263917|0.0108922|0.0238427|0.04339|0.00266386|0.0473706|0.00882196|0.00700942,0.913495|0.911067|0.908177|0.989114|0.905667|0.916604|0.984899|0.926294|0.932747|0.948026|0.911519|0.994787|0.931105|0.908496,2.71048|4.63323|4.07787|4.18964|2.54377|1.60415|0.379676|2.82456|3.21396|3.34163|4.41064|5.14536|5.03122|2.75743,30.2686|24.4191|88.6198|37.015|10.4739|81.7362|37.2729|32.9383|55.4093|99.595|99.0064|10.3361|29.3778,0.189746|0.163204|0.16902|0.202219|0.212578|0.223931|0.218852|0.177423|0.21027|0.169273|0.245379|0.176155|0.224525,0.114018|0.339009|0.7617|0.790314|0.554145|0.801699|0.233286|0.668561|0.673098|0.23207|0.363657|0.581828|0.696713,0.904667,0.887647,0.128239,0.443169,0.0828321,0.54922,0.253495,0.516004,0.226897,0.823074,78.9323,6.77635e-13,54008,0.832037,77.8406,9.63242e-13,32789,0.821844,0.944121,0.0443767,0.51828,0.332244,0.52747,0.0679451,0.544083,0.096402,0.818693,31.6275,1.97589e-13,52186,0.845045,89.7441,1.17089e-11,31003
10,45,n1->n11->n21->n22->n23->n13->n3->n4->n5->n6->n7->n8->n9->n10,5.00949e+11|4.11551e+13|2.24457e+13|1.93553e+13|1.5238e+09|3.3596e+12|4.03193e+13|1.24903e+13|1.51209e+10|9.02929e+10|4.11056e+10|9.40752e+09|4.09299e+12|1.05286e+12,1.42812e+11|1.48663e+13|7.42758e+12|2.74511e+12|1.20387e+09|4.83085e+11|7.28384e+12|5.17319e+12|1.22326e+10|1.02249e+10|4.31733e+09|3.97206e+09|1.54858e+12|2.54031e+11,3.0181e-05|5.20523e-05|9.1332e-05|5.97411e-05|0.000436525|5.37832e-05|0.000517639|0.000108675|0.000336804|0.000995263|0.000205358|0.000346789|1.37772e-05|0.000119811,0.000310334|0.00656769|0.003173|0.000129789|0.00111897|0.00012197|0.000530329|0.000509645|0.000821598|0.00674185|0.00168599|0.000202733|0.00405437|0.0025508,0.00924861|0.0194316|0.0413095|0.0204439|0.0352893|0.0278304|0.00720975|0.00375279|0.0477712|0.0292399|0.0452155|0.0159192|0.0461418|0.0252238,0.0315742|0.0254573|0.0382423|0.0386141|0.00519581|0.0497469|0.0402354|0.0495486|0.00263917|0.0108922|0.0238427|0.04339|0.00266386|0.00700942,0.913495|0.911067|0.936521|0.918718|0.980295|0.940839|0.905667|0.916604|0.984899|0.926294|0.932747|0.948026|0.911519|0.908496,2.71048|4.63323|4.03334|3.40478|4.49412|6.22041|2.54377|1.60415|0.379676|2.82456|3.21396|3.34163|4.41064|2.75743,30.2686|65.1286|34.0839|55.8812|51.9585|83.9106|10.4739|81.7362|37.2729|32.9383|55.4093|99.595|65.9961,0.189746|0.178609|0.223961|0.24392|0.16585|0.213953|0.212578|0.223931|0.218852|0.177423|0.21027|0.169273|0.243547,0.114018|0.433728|0.974725|0.667566|0.678346|0.402307|0.554145|0.801699|0.233286|0.668561|0.673098|0.23207|0.928618,0.904667,0.887647,0.128239,0.443169,0.0828321,0.54922,0.253495,0.516004,0.226897,0.823074,78.9323,6.77635e-13,54008,0.832037,77.8406,9.63242e-13,32789,0.821844,0.944121,0.0443767,0.51828,0.332244,0.52747,0.0679451,0.544083,0.096402,0.818693,31.6275,1.97589e-13,52186,0.845045,89.7441,1.17089e-11,31003
10,46,n1->n2->n12->n22->n23->n24->n25->n15->n5->n6->n7->n8->n9->n10,5.00949e+11|1.80448e+11|3.17333e+12|1.93553e+13|1.5238e+09|3.97958e+09|2.14516e+11|1.38797e+12|1.51209e+10|9.02929e+10|4.11056e+10|9.40752e+09|4.09299e+12|1.05286e+12,1.42812e+11|2.83365e+10|1.97587e+12|2.74511e+12|1.20387e+09|3.8065e+09|2.11577e+11|1.97223e+11|1.22326e+10|1.02249e+10|4.31733e+09|3.97206e+09|1.54858e+12|2.54031e+11,3.0181e-05|2.2775e-05|4.47077e-05|5.97411e-05|0.000436525|1.10933e-05|3.573e-05|1.3996e-05|0.000336804|0.000995263|0.000205358|0.000346789|1.37772e-05|0.000119811,0.000310334|0.000399313|0.000744915|0.000129789|0.00111897|0.00180726|0.00167902|0.00169529|0.000821598|0.00674185|0.00168599|0.000202733|0.00405437|0.0025508,0.00924861|0.00541507|0.00841709|0.0204439|0.0352893|0.00858775|0.02593|0.0250138|0.0477712|0.0292399|0.0452155|0.0159192|0.0461418|0.0252238,0.0315742|0.00943238|0.0482252|0.0386141|0.00519581|0.0359629|0.042106|0.0119018|0.00263917|0.0108922|0.0238427|0.04339|0.00266386|0.00700942,0.913495|0.989114|0.908177|0.918718|0.980295|0.906689|0.927416|0.927813|0.984899|0.926294|0.932747|0.948026|0.911519|0.908496,2.71048|4.18964|4.07787|3.40478|4.49412|0.509572|3.48682|2.46356|0.379676|2.82456|3.21396|3.34163|4.41064|2.75743,79.8117|88.6198|13.2112|55.8812|67.5745|18.2346|54.7186|35.0583|37.2729|32.9383|55.4093|99.595|65.9961,0.202212|0.16902|0.186408|0.24392|0.23069|0.181699|0.193634|0.204588|0.218852|0.177423|0.21027|0.169273|0.243547,0.147038|0.7617|0.577028|0.667566|0.610727|0.244388|0.563983|0.102366|0.233286|0.668561|0.673098|0.23207|0.928618,0.904667,0.887647,0.128239,0.443169,0.0828321,0.54922,0.253495,0.516004,0.226897,0.823074,78.9323,6.77635e-13,54008,0.832037,77.8406,9.63242e-13,32789,0.821844,0.944121,0.0443767,0.51828,0.332244,0.52747,0.0679451,0.544083,0.096402,0.818693,31.6275,1.97589e-13,52186,0.845045,89.7441,1.17089e-11,31003
10,47,n1->n11->n21->n22->n12->n2->n3->n4->n5->n6->n7->n8->n9->n10,5.00949e+11|4.11551e+13|2.24457e+13|1.93553e+13|3.17333e+12|1.80448e+11|4.03193e+13|1.24903e+13|1.51209e+10|9.02929e+10|4.11056e+10|9.40752e+09|4.09299e+12|1.05286e+12,1.42812e+11|1.48663e+13|7.42758e+12|2.74511e+12|1.97587e+12|2.83365e+10|7.28384e+12|5.17319e+12|1.22326e+10|1.02249e+10|4.31733e+09|3.97206e+09|1.54858e+12|2.54031e+11,3.0181e-05|5.20523e-05|9.1332e-05|5.97411e-05|4.47077e-05|2.2775e-05|0.000517639|0.000108675|0.000336804|0.000995263|0.000205358|0.000346789|1.37772e-05|0.000119811,0.000310334|0.00656769|0.003173|0.000129789|0.000744915|0.000399313|0.000530329|0.000509645|0.000821598|0.00674185|0.00168599|0.000202733|0.00405437|0.0025508,0.00924861|0.0194316|0.0413095|0.0204439|0.00841709|0.00541507|0.00720975|0.00375279|0.0477712|0.0292399|0.0452155|0.0159192|0.0461418|0.0252238,0.0315742|0.0254573|0.0382423|0.0386141|0.0482252|0.00943238|0.0402354|0.0495486|0.00263917|0.0108922|0.0238427|0.04339|0.00266386|0.00700942,0.913495|0.911067|0.936521|0.918718|0.908177|0.989114|0.905667|0.916604|0.984899|0.926294|0.932747|0.948026|0.911519|0.908496,2.71048|4.63323|4.03334|3.40478|4.07787|4.18964|2.54377|1.60415|0.379676|2.82456|3.21396|3.34163|4.41064|2.75743,30.2686|65.1286|34.0839|13.2112|88.6198|37.015|10.4739|81.7362|37.2729|32.9383|55.4093|99.595|65.9961,0.189746|0.178609|0.223961|0.186408|0.16902|0.202219|0.212578|0.223931|0.218852|0.177423|0.21027|0.169273|0.243547,0.114018|0.433728|0.974725|0.577028|0.7617|0.790314|0.554145|0.801699|0.233286|0.668561|0.673098|0.23207|0.928618,0.904667,0.887647,0.128239,0.443169,0.0828321,0.54922,0.253495,0.516004,0.226897,0.823074,78.9323,6.77635e-13,54008,0.832037,77.8406,9.63242e-13,32789,0.821844,0.944121,0.0443767,0.51828,0.332244,0.52747,0.0679451,0.544083,0.096402,0.818693,31.6275,1.97589e-13,52186,0.845045,89.7441,1.17089e-11,31003
10,48,n1->n2->n12->n13->n23->n24->n14->n4->n5->n6->n7->n8->n9->n10,5.00949e+11|1.80448e+11|3.17333e+12|3.3596e+12|1.5238e+09|3.97958e+09|4.27688e+09|1.24903e+13|1.51209e+10|9.02929e+10|4.11056e+10|9.40752e+09|4.09299e+12|1.05286e+12,1.42812e+11|2.83365e+10|1.97587e+12|4.83085e+11|1.20387e+09|3.8065e+09|1.0558e+09|5.17319e+12|1.22326e+10|1.02249e+10|4.31733e+09|3.97206e+09|1.54858e+12|2.54031e+11,3.0181e-05|2.2775e-05|4.47077e-05|5.37832e-05|0.000436525|1.10933e-05|0.000636693|0.000108675|0.000336804|0.000995263|0.000205358|0.000346789|1.37772e-05|0.000119811,0.000310334|0.000399313|0.000744915|0.00012197|0.00111897|0.00180726|0.00566749|0.000509645|0.000821598|0.00674185|0.00168599|0.000202733|0.00405437|0.0025508,0.00924861|0.00541507|0.00841709|0.0278304|0.0352893|0.00858775|0.0161796|0.00375279|0.0477712|0.0292399|0.0452155|0.0159192|0.0461418|0.0252238,0.0315742|0.00943238|0.0482252|0.0497469|0.00519581|0.0359629|0.0339305|0.0495486|0.00263917|0.0108922|0.0238427|0.04339|0.00266386|0.00700942,0.913495|0.989114|0.908177|0.940839|0.980295|0.906689|0.984185|0.916604|0.984899|0.926294|0.932747|0.948026|0.911519|0.908496,2.71048|4.18964|4.07787|6.22041|4.49412|0.509572|4.81843|1.60415|0.379676|2.82456|3.21396|3.34163|4.41064|2.75743,79.8117|88.6198|13.9548|51.9585|67.5745|66.6304|52.1141|81.7362|37.2729|32.9383|55.4093|99.595|65.9961,0.202212|0.16902|0.245775|0.16585|0.23069|0.23844|0.23004|0.223931|0.218852|0.177423|0.21027|0.169273|0.243547,0.147038|0.7617|0.861041|0.678346|0.610727|0.244053|0.342514|0.801699|0.233286|0.668561|0.673098|0.23207|0.928618,0.904667,0.887647,0.128239,0.443169,0.0828321,0.54922,0.253495,0.516004,0.226897,0.823074,78.9323,6.77635e-13,54008,0.832037,77.8406,9.63242e-13,32789,0.821844,0.944121,0.0443767,0.51828,0.332244,0.52747,0.0679451,0.544083,0.096402,0.818693,31.6275,1.97589e-13,52186,0.845045,89.7441,1.17089e-11,31003
10,49,n1->n11->n12->n13->n23->n24->n25->n26->n16->n6->n7->n8->n9->n10,5.00949e+11|4.11551e+13|3.17333e+12|3.3596e+12|1.5238e+09|3.97958e+09|2.14516e+11|5.66393e+13|3.00334e+11|9.02929e+10|4.11056e+10|9.40752e+09|4.09299e+12|1.05286e+12,1.42812e+11|1.48663e+13|1.97587e+12|4.83085e+11|1.20387e+09|3.8065e+09|2.11577e+11|1.21816e+13|7.37672e+10|1.02249e+10|4.31733e+09|3.97206e+09|1.54858e+12|2.54031e+11,3.0181e-05|5.20523e-05|4.47077e-05|5.37832e-05|0.000436525|1.10933e-05|3.573e-05|7.56504e-05|5.95091e-05|0.000995263|0.000205358|0.000346789|1.37772e-05|0.000119811,0.000310334|0.00656769|0.000744915|0.00012197|0.00111897|0.00180726|0.00167902|0.00599276|0.000170398|0.00674185|0.00168599|0.000202733|0.00405437|0.0025508,0.00924861|0.0194316|0.00841709|0.0278304|0.0352893|0.00858775|0.02593|0.0166249|0.0432795|0.0292399|0.0452155|0.0159192|0.0461418|0.0252238,0.0315742|0.0254573|0.0482252|0.0497469|0.00519581|0.0359629|0.042106|0.0190337|0.0304577|0.0108922|0.0238427|0.04339|0.00266386|0.00700942,0.913495|0.911067|0.908177|0.940839|0.980295|0.906689|0.927416|0.928891|0.91388|0.926294|0.932747|0.948026|0.911519|0.908496,2.71048|4.63323|4.07787|6.22041|4.49412|0.509572|3.48682|5.08644|2.66328|2.82456|3.21396|3.34163|4.41064|2.75743,30.2686|24.4191|13.9548|51.9585|67.5745|18.2346|55.6995|11.0615|50.0569|32.9383|55.4093|99.595|65.9961,0.189746|0.163204|0.245775|0.16585|0.23069|0.181699|0.183873|0.1844|0.238693|0.177423|0.21027|0.169273|0.243547,0.114018|0.339009|0.861041|0.678346|0.610727|0.244388|0.713165|0.214788|0.144125|0.668561|0.673098|0.23207|0.928618,0.904667,0.887647,0.128239,0.443169,0.0828321,0.54922,0.253495,0.516004,0.226897,0.823074,78.9323,6.77635e-13,54008,0.832037,77.8406,9.63242e-13,32789,0.821844,0.944121,0.0443767,0.51828,0.332244,0.52747,0.0679451,0.544083,0.096402,0.818693,31.6275,1.97589e-13,52186,0.845045,89.7441,1.17089e-11,31003
10,50,n1->n11->n21->n22->n12->n13->n14->n4->n5->n6->n7->n8->n9->n10,5.00949e+11|4.11551e+13|2.24457e+13|1.93553e+13|3.17333e+12|3.3596e+12|4.27688e+09|1.24903e+13|1.51209e+10|9.02929e+10|4.11056e+10|9.40752e+09|4.09299e+12|1.05286e+12,1.42812e+11|1.48663e+13|7.42758e+12|2.74511e+12|1.97587e+12|4.83085e+11|1.0558e+09|5.17319e+12|1.22326e+10|1.02249e+10|4.31733e+09|3.97206e+09|1.54858e+12|2.54031e+11,3.0181e-05|5.20523e-05|9.1332e-05|5.97411e-05|4.47077e-05|5.37832e-05|0.000636693|0.000108675|0.000336804|0.000995263|0.000205358|0.000346789|1.37772e-05|0.000119811,0.000310334|0.00656769|0.003173|0.000129789|0.000744915|0.00012197|0.00566749|0.000509645|0.000821598|0.00674185|0.00168599|0.000202733|0.00405437|0.0025508,0.00924861|0.0194316|0.0413095|0.0204439|0.00841709|0.0278304|0.0161796|0.00375279|0.0477712|0.0292399|0.0452155|0.0159192|0.0461418|0.0252238,0.0315742|0.0254573|0.0382423|0.0386141|0.0482252|0.0497469|0.0339305|0.0495486|0.00263917|0.0108922|0.0238427|0.04339|0.00266386|0.00700942,0.913495|0.911067|0.936521|0.918718|0.908177|0.940839|0.984185|0.916604|0.984899|0.926294|0.932747|0.948026|0.911519|0.908496,2.71048|4.63323|4.03334|3.40478|4.07787|6.22041|4.81843|1.60415|0.379676|2.82456|3.21396|3.34163|4.41064|2.75743,30.2686|65.1286|34.0839|13.2112|13.9548|56.34|52.1141|81.7362|37.2729|32.9383|55.4093|99.595|65.9961,0.189746|0.178609|0.223961|0.186408|0.245775|0.177304|0.23004|0.223931|0.218852|0.177423|0.21027|0.169273|0.243547,0.114018|0.433728|0.974725|0.577028|0.861041|0.349691|0.342514|0.801699|0.233286|0.668561|0.673098|0.23207|0.928618,0.904667,0.887647,0.128239,0.443169,0.0828321,0.54922,0.253495,0.516004,0.226897,0.823074,78.9323,6.77635e-13,54008,0.832037,77.8406,9.63242e-13,32789,0.821844,0.944121,0.0443767,0.51828,0.332244,0.52747,0.0679451,0.544083,0.096402,0.818693,31.6275,1.97589e-13,52186,0.845045,89.7441,1.17089e-11,31003
10,51,n1->n2->n3->n4->n5->n15->n25->n26->n16->n6->n7->n8->n9->n10,5.00949e+11|1.80448e+11|4.03193e+13|1.24903e+13|1.51209e+10|1.38797e+12|2.14516e+11|5.66393e+13|3.00334e+11|9.02929e+10|4.11056e+10|9.40752e+09|4.09299e+12|1.05286e+12,1.42812e+11|2.83365e+10|7.28384e+12|5.17319e+12|1.22326e+10|1.97223e+11|2.11577e+11|1.21816e+13|7.37672e+10|1.02249e+10|4.31733e+09|3.97206e+09|1.54858e+12|2.54031e+11,3.0181e-05|2.2775e-05|0.000517639|0.000108675|0.000336804|1.3996e-05|3.573e-05|7.56504e-05|5.95091e-05|0.000995263|0.000205358|0.000346789|1.37772e-05|0.000119811,0.000310334|0.000399313|0.000530329|0.000509645|0.000821598|0.00169529|0.00167902|0.00599276|0.000170398|0.00674185|0.00168599|0.000202733|0.00405437|0.0025508,0.00924861|0.00541507|0.00720975|0.00375279|0.0477712|0.0250138|0.02593|0.0166249|0.0432795|0.0292399|0.0452155|0.0159192|0.0461418|0.0252238,0.0315742|0.00943238|0.0402354|0.0495486|0.00263917|0.0119018|0.042106|0.0190337|0.0304577|0.0108922|0.0238427|0.04339|0.00266386|0.00700942,0.913495|0.989114|0.905667|0.916604|0.984899|0.927813|0.927416|0.928891|0.91388|0.926294|0.932747|0.948026|0.911519|0.908496,2.71048|4.18964|2.54377|1.60415|0.379676|2.46356|3.48682|5.08644|2.66328|2.82456|3.21396|3.34163|4.41064|2.75743,79.8117|37.015|10.4739|81.7362|35.0583|54.7186|55.6995|11.0615|50.0569|32.9383|55.4093|99.595|65.9961,0.202212|0.202219|0.212578|0.223931|0.204588|0.193634|0.183873|0.1844|0.238693|0.177423|0.21027|0.169273|0.243547,0.147038|0.790314|0.554145|0.801699|0.102366|0.563983|0.713165|0.214788|0.144125|0.668561|0.673098|0.23207|0.928618,0.904667,0.887647,0.128239,0.443169,0.0828321,0.54922,0.253495,0.516004,0.226897,0.823074,78.9323,6.77635e-13,54008,0.832037,77.8406,9.63242e-13,32789,0.821844,0.944121,0.0443767,0.51828,0.332244,0.52747,0.0679451,0.544083,0.096402,0.818693,31.6275,1.97589e-13,52186,0.845045,89.7441,1.17089e-11,31003
10,52,n1->n2->n12->n22->n23->n13->n14->n15->n16->n17->n7->n8->n9->n10,5.00949e+11|1.80448e+11|3.17333e+12|1.93553e+13|1.5238e+09|3.3596e+12|4.27688e+09|1.38797e+12|3.00334e+11|1.21221e+11|4.11056e+10|9.40752e+09|4.09299e+12|1.05286e+12,1.42812e+11|2.83365e+10|1.97587e+12|2.74511e+12|1.20387e+09|4.83085e+11|1.0558e+09|1.97223e+11|7.37672e+10|4.83282e+10|4.31733e+09|3.97206e+09|1.54858e+12|2.54031e+11,3.0181e-05|2.2775e-05|4.47077e-05|5.97411e-05|0.000436525|5.37832e-05|0.000636693|1.3996e-05|5.95091e-05|0.000165097|0.000205358|0.000346789|1.37772e-05|0.000119811,0.000310334|0.000399313|0.000744915|0.000129789|0.00111897|0.00012197|0.00566749|0.00169529|0.000170398|0.00195184|0.00168599|0.000202733|0.00405437|0.0025508,0.00924861|0.00541507|0.00841709|0.0204439|0.0352893|0.0278304|0.0161796|0.0250138|0.0432795|0.0348952|0.0452155|0.0159192|0.0461418|0.0252238,0.0315742|0.00943238|0.0482252|0.0386141|0.00519581|0.0497469|0.0339305|0.0119018|0.0304577|0.0051677|0.0238427|0.04339|0.00266386|0.00700942,0.913495|0.989114|0.908177|0.918718|0.980295|0.940839|0.984185|0.927813|0.91388|0.928968|0.932747|0.948026|0.911519|0.908496,2.71048|4.18964|4.07787|3.40478|4.49412|6.22041|4.81843|2.46356|2.66328|0.109|3.21396|3.34163|4.41064|2.75743,79.8117|88.6198|13.2112|55.8812|51.9585|56.34|92.5451|56.2706|32.2763|59.8148|55.4093|99.595|65.9961,0.202212|0.16902|0.186408|0.24392|0.16585|0.177304|0.219123|0.226874|0.164452|0.243915|0.21027|0.169273|0.243547,0.147038|0.7617|0.577028|0.667566|0.678346|0.349691|0.854651|0.221237|0.241087|0.689629|0.673098|0.23207|0.928618,0.904667,0.887647,0.128239,0.443169,0.0828321,0.54922,0.253495,0.516004,0.226897,0.823074,78.9323,6.77635e-13,54008,0.832037,77.8406,9.63242e-13,32789,0.821844,0.944121,0.0443767,0.51828,0.332244,0.52747,0.0679451,0.544083,0.096402,0.818693,31.6275,1.97589e-13,52186,0.845045,89.7441,1.17089e-11,31003
10,53,n1->n11->n21->n22->n23->n24->n25->n26->n27->n28->n29->n19->n20->n10,5.00949e+11|4.11551e+13|2.24457e+13|1.93553e+13|1.5238e+09|3.97958e+09|2.14516e+11|5.66393e+13|4.48678e+13|1.8631e+12|4.83336e+11|2.27898e+09|3.15183e+10|1.05286e+12,1.42812e+11|1.48663e+13|7.42758e+12|2.74511e+12|1.20387e+09|3.8065e+09|2.11577e+11|1.21816e+13|1.91882e+13|2.55027e+11|2.76914e+11|5.01791e+08|1.45355e+10|2.54031e+11,3.0181e-05|5.20523e-05|9.1332e-05|5.97411e-05|0.000436525|1.10933e-05|3.573e-05|7.56504e-05|0.00017671|1.48343e-05|0.000507637|6.06243e-05|1.46655e-05|0.000119811,0.000310334|0.00656769|0.003173|0.000129789|0.00111897|0.00180726|0.00167902|0.00599276|0.00060257|0.000582322|0.00318299|0.00270084|0.00552788|0.0025508,0.00924861|0.0194316|0.0413095|0.0204439|0.0352893|0.00858775|0.02593|0.0166249|0.000624187|0.0124511|0.0314107|0.00996122|0.0257996|0.0252238,0.0315742|0.0254573|0.0382423|0.0386141|0.00519581|0.0359629|0.042106|0.0190337|0.00869688|0.00729303|0.0453812|0.0473706|0.00882196|0.00700942,0.913495|0.911067|0.936521|0.918718|0.980295|0.906689|0.927416|0.928891|0.914007|0.913882|0.949375|0.994787|0.931105|0.908496,2.71048|4.63323|4.03334|3.40478|4.49412|0.509572|3.48682|5.08644|0.728108|1.60979|3.9795|5.14536|5.03122|2.75743,30.2686|65.1286|34.0839|55.8812|67.5745|18.2346|55.6995|42.5138|15.3326|39.0733|84.7043|10.3361|29.3778,0.189746|0.178609|0.223961|0.24392|0.23069|0.181699|0.183873|0.241136|0.192626|0.218529|0.198457|0.176155|0.224525,0.114018|0.433728|0.974725|0.667566|0.610727|0.244388|0.713165|0.206168|0.456993|0.382175|0.817287|0.581828|0.696713,0.904667,0.887647,0.128239,0.443169,0.0828321,0.54922,0.253495,0.516004,0.226897,0.823074,78.9323,6.77635e-13,54008,0.832037,77.8406,9.63242e-13,32789,0.821844,0.944121,0.0443767,0.51828,0.332244,0.52747,0.0679451,0.544083,0.096402,0.818693,31.6275,1.97589e-13,52186,0.845045,89.7441,1.17089e-11,31003
10,54,n1->n11->n21->n22->n23->n24->n25->n15->n5->n6->n7->n8->n9->n10,5.00949e+11|4.11551e+13|2.24457e+13|1.93553e+13|1.5238e+09|3.97958e+09|2.14516e+11|1.38797e+12|1.51209e+10|9.02929e+10|4.11056e+10|9.40752e+09|4.09299e+12|1.05286e+12,1.42812e+11|1.48663e+13|7.42758e+12|2.74511e+12|1.20387e+09|3.8065e+09|2.11577e+11|1.97223e+11|1.22326e+10|1.02249e+10|4.31733e+09|3.97206e+09|1.54858e+12|2.54031e+11,3.0181e-05|5.20523e-05|9.1332e-05|5.97411e-05|0.000436525|1.10933e-05|3.573e-05|1.3996e-05|0.000336804|0.000995263|0.000205358|0.000346789|1.37772e-05|0.000119811,0.000310334|0.00656769|0.003173|0.000129789|0.00111897|0.00180726|0.00167902|0.00169529|0.000821598|0.00674185|0.00168599|0.000202733|0.00405437|0.0025508,0.00924861|0.0194316|0.0413095|0.0204439|0.0352893|0.00858775|0.02593|0.0250138|0.0477712|0.0292399|0.0452155|0.0159192|0.0461418|0.0252238,0.0315742|0.0254573|0.0382423|0.0386141|0.00519581|0.0359629|0.042106|0.0119018|0.00263917|0.0108922|0.0238427|0.04339|0.00266386|0.00700942,0.913495|0.911067|0.936521|0.918718|0.980295|0.906689|0.927416|0.927813|0.984899|0.926294|0.932747|0.948026|0.911519|0.908496,2.71048|4.63323|4.03334|3.40478|4.49412|0.509572|3.48682|2.46356|0.379676|2.82456|3.21396|3.34163|4.41064|2.75743,30.2686|65.1286|34.0839|55.8812|67.5745|18.2346|54.7186|35.0583|37.2729|32.9383|55.4093|99.595|65.9961,0.189746|0.178609|0.223961|0.24392|0.23069|0.181699|0.193634|0.204588|0.218852|0.177423|0.21027|0.169273|0.243547,0.114018|0.433728|0.974725|0.667566|0.610727|0.244388|0.563983|0.102366|0.233286|0.668561|0.673098|0.23207|0.928618,0.904667,0.887647,0.128239,0.443169,0.0828321,0.54922,0.253495,0.516004,0.226897,0.823074,78.9323,6.77635e-13,54008,0.832037,77.8406,9.63242e-13,32789,0.821844,0.944121,0.0443767,0.51828,0.332244,0.52747,0.0679451,0.544083,0.096402,0.818693,31.6275,1.97589e-13,52186,0.845045,89.7441,1.17089e-11,31003
10,55,n1->n11->n21->n22->n23->n24->n25->n26->n27->n17->n18->n19->n9->n10,5.00949e+11|4.11551e+13|2.24457e+13|1.93553e+13|1.5238e+09|3.97958e+09|2.14516e+11|5.66393e+13|4.48678e+13|1.21221e+11|1.87589e+11|2.27898e+09|4.09299e+12|1.05286e+12,1.42812e+11|1.48663e+13|7.42758e+12|2.74511e+12|1.20387e+09|3.8065e+09|2.11577e+11|1.21816e+13|1.91882e+13|4.83282e+10|5.0424e+10|5.01791e+08|1.54858e+12|2.54031e+11,3.0181e-05|5.20523e-05|9.1332e-05|5.97411e-05|0.000436525|1.10933e-05|3.573e-05|7.56504e-05|0.00017671|0.000165097|0.000294208|6.06243e-05|1.37772e-05|0.000119811,0.000310334|0.00656769|0.003173|0.000129789|0.00111897|0.00180726|0.00167902|0.00599276|0.00060257|0.00195184|0.000215891|0.00270084|0.00405437|0.0025508,0.00924861|0.0194316|0.0413095|0.0204439|0.0352893|0.00858775|0.02593|0.0166249|0.000624187|0.0348952|0.0315747|0.00996122|0.0461418|0.0252238,0.0315742|0.0254573|0.0382423|0.0386141|0.00519581|0.0359629|0.042106|0.0190337|0.00869688|0.0051677|0.0153347|0.0473706|0.00266386|0.00700942,0.913495|0.911067|0.936521|0.918718|0.980295|0.906689|0.927416|0.928891|0.914007|0.928968|0.936282|0.994787|0.911519|0.908496,2.71048|4.63323|4.03334|3.40478|4.49412|0.509572|3.48682|5.08644|0.728108|0.109|4.51941|5.14536|4.41064|2.75743,30.2686|65.1286|34.0839|55.8812|67.5745|18.2346|55.6995|42.5138|72.2829|27.3162|28.0546|99.0064|65.9961,0.189746|0.178609|0.223961|0.24392|0.23069|0.181699|0.183873|0.241136|0.205105|0.244069|0.210998|0.245379|0.243547,0.114018|0.433728|0.974725|0.667566|0.610727|0.244388|0.713165|0.206168|0.996881|0.359487|0.470346|0.363657|0.928618,0.904667,0.887647,0.128239,0.443169,0.0828321,0.54922,0.253495,0.516004,0.226897,0.823074,78.9323,6.77635e-13,54008,0.832037,77.8406,9.63242e-13,32789,0.821844,0.944121,0.0443767,0.51828,0.332244,0.52747,0.0679451,0.544083,0.096402,0.818693,31.6275,1.97589e-13,52186,0.845045,89.7441,1.17089e-11,31003
10,56,n1->n11->n21->n22->n23->n13->n14->n4->n5->n6->n7->n8->n9->n10,5.00949e+11|4.11551e+13|2.24457e+13|1.93553e+13|1.5238e+09|3.3596e+12|4.27688e+09|1.24903e+13|1.51209e+10|9.02929e+10|4.11056e+10|9.40752e+09|4.09299e+12|1.05286e+12,1.42812e+11|1.48663e+13|7.42758e+12|2.74511e+12|1.20387e+09|4.83085e+11|1.0558e+09|5.17319e+12|1.22326e+10|1.02249e+10|4.31733e+09|3.97206e+09|1.54858e+12|2.54031e+11,3.0181e-05|5.20523e-05|9.1332e-05|5.97411e-05|0.000436525|5.37832e-05|0.000636693|0.000108675|0.000336804|0.000995263|0.000205358|0.000346789|1.37772e-05|0.000119811,0.000310334|0.00656769|0.003173|0.000129789|0.00111897|0.00012197|0.00566749|0.000509645|0.000821598|0.00674185|0.00168599|0.000202733|0.00405437|0.0025508,0.00924861|0.0194316|0.0413095|0.0204439|0.0352893|0.0278304|0.0161796|0.00375279|0.0477712|0.0292399|0.0452155|0.0159192|0.0461418|0.0252238,0.0315742|0.0254573|0.0382423|0.0386141|0.00519581|0.0497469|0.0339305|0.0495486|0.00263917|0.0108922|0.0238427|0.04339|0.00266386|0.00700942,0.913495|0.911067|0.936521|0.918718|0.980295|0.940839|0.984185|0.916604|0.984899|0.926294|0.932747|0.948026|0.911519|0.908496,2.71048|4.63323|4.03334|3.40478|4.49412|6.22041|4.81843|1.60415|0.379676|2.82456|3.21396|3.34163|4.41064|2.75743,30.2686|65.1286|34.0839|55.8812|51.9585|56.34|52.1141|81.7362|37.2729|32.9383|55.4093|99.595|65.9961,0.189746|0.178609|0.223961|0.24392|0.16585|0.177304|0.23004|0.223931|0.218852|0.177423|0.21027|0.169273|0.243547,0.114018|0.433728|0.974725|0.667566|0.678346|0.349691|0.342514|0.801699|0.233286|0.668561|0.673098|0.23207|0.928618,0.904667,0.887647,0.128239,0.443169,0.0828321,0.54922,0.253495,0.516004,0.226897,0.823074,78.9323,6.77635e-13,54008,0.832037,77.8406,9.63242e-13,32789,0.821844,0.944121,0.0443767,0.51828,0.332244,0.52747,0.0679451,0.544083,0.096402,0.818693,31.6275,1.97589e-13,52186,0.845045,89.7441,1.17089e-11,31003
10,57,n1->n11->n21->n22->n23->n24->n14->n15->n16->n6->n7->n8->n9->n10,5.00949e+11|4.11551e+13|2.24457e+13|1.93553e+13|1.5238e+09|3.97958e+09|4.27688e+09|1.38797e+12|3.00334e+11|9.02929e+10|4.11056e+10|9.40752e+09|4.09299e+12|1.05286e+12,1.42812e+11|1.48663e+13|7.42758e+12|2.74511e+12|1.20387e+09|3.8065e+09|1.0558e+09|1.97223e+11|7.37672e+10|1.02249e+10|4.31733e+09|3.97206e+09|1.54858e+12|2.54031e+11,3.0181e-05|5.20523e-05|9.1332e-05|5.97411e-05|0.000436525|1.10933e-05|0.000636693|1.3996e-05|5.95091e-05|0.000995263|0.000205358|0.000346789|1.37772e-05|0.000119811,0.000310334|0.00656769|0.003173|0.000129789|0.00111897|0.00180726|0.00566749|0.00169529|0.000170398|0.00674185|0.00168599|0.000202733|0.00405437|0.0025508,0.00924861|0.0194316|0.0413095|0.0204439|0.0352893|0.00858775|0.0161796|0.0250138|0.0432795|0.0292399|0.0452155|0.0159192|0.0461418|0.0252238,0.0315742|0.0254573|0.0382423|0.0386141|0.00519581|0.0359629|0.0339305|0.0119018|0.0304577|0.0108922|0.0238427|0.04339|0.00266386|0.00700942,0.913495|0.911067|0.936521|0.918718|0.980295|0.906689|0.984185|0.927813|0.91388|0.926294|0.932747|0.948026|0.911519|0.908496,2.71048|4.63323|4.03334|3.40478|4.49412|0.509572|4.81843|2.46356|2.66328|2.82456|3.21396|3.34163|4.41064|2.75743,30.2686|65.1286|34.0839|55.8812|67.5745|66.6304|92.5451|56.2706|50.0569|32.9383|55.4093|99.595|65.9961,0.189746|0.178609|0.223961|0.24392|0.23069|0.23844|0.219123|0.226874|0.238693|0.177423|0.21027|0.169273|0.243547,0.114018|0.433728|0.974725|0.667566|0.610727|0.244053|0.854651|0.221237|0.144125|0.668561|0.673098|0.23207|0.928618,0.904667,0.887647,0.128239,0.443169,0.0828321,0.54922,0.253495,0.516004,0.226897,0.823074,78.9323,6.77635e-13,54008,0.832037,77.8406,9.63242e-13,32789,0.821844,0.944121,0.0443767,0.51828,0.332244,0.52747,0.0679451,0.544083,0.096402,0.818693,31.6275,1.97589e-13,52186,0.845045,89.7441,1.17089e-11,31003
10,58,n1->n2->n3->n13->n23->n24->n25->n26->n16->n17->n7->n8->n9->n10,5.00949e+11|1.80448e+11|4.03193e+13|3.3596e+12|1.5238e+09|3.97958e+09|2.14516e+11|5.66393e+13|3.00334e+11|1.21221e+11|4.11056e+10|9.40752e+09|4.09299e+12|1.05286e+12,1.42812e+11|2.83365e+10|7.28384e+12|4.83085e+11|1.20387e+09|3.8065e+09|2.11577e+11|1.21816e+13|7.37672e+10|4.83282e+10|4.31733e+09|3.97206e+09|1.54858e+12|2.54031e+11,3.0181e-05|2.2775e-05|0.000517639|5.37832e-05|0.000436525|1.10933e-05|3.573e-05|7.56504e-05|5.95091e-05|0.000165097|0.000205358|0.000346789|1.37772e-05|0.000119811,0.000310334|0.000399313|0.000530329|0.00012197|0.00111897|0.00180726|0.00167902|0.00599276|0.000170398|0.00195184|0.00168599|0.000202733|0.00405437|0.0025508,0.00924861|0.00541507|0.00720975|0.0278304|0.0352893|0.00858775|0.02593|0.0166249|0.0432795|0.0348952|0.0452155|0.0159192|0.0461418|0.0252238,0.0315742|0.00943238|0.0402354|0.0497469|0.00519581|0.0359629|0.042106|0.0190337|0.0304577|0.0051677|0.0238427|0.04339|0.00266386|0.00700942,0.913495|0.989114|0.905667|0.940839|0.980295|0.906689|0.927416|0.928891|0.91388|0.928968|0.932747|0.948026|0.911519|0.908496,2.71048|4.18964|2.54377|6.22041|4.49412|0.509572|3.48682|5.08644|2.66328|0.109|3.21396|3.34163|4.41064|2.75743,79.8117|37.015|83.9106|51.9585|67.5745|18.2346|55.6995|11.0615|32.2763|59.8148|55.4093|99.595|65.9961,0.202212|0.202219|0.213953|0.16585|0.23069|0.181699|0.183873|0.1844|0.164452|0.243915|0.21027|0.169273|0.243547,0.147038|0.790314|0.402307|0.678346|0.610727|0.244388|0.713165|0.214788|0.241087|0.689629|0.673098|0.23207|0.928618,0.904667,0.887647,0.128239,0.443169,0.0828321,0.54922,0.253495,0.516004,0.226897,0.823074,78.9323,6.77635e-13,54008,0.832037,77.8406,9.63242e-13,32789,0.821844,0.944121,0.0443767,0.51828,0.332244,0.52747,0.0679451,0.544083,0.096402,0.818693,31.6275,1.97589e-13,52186,0.845045,89.7441,1.17089e-11,31003
10,59,n1->n2->n3->n4->n14->n24->n25->n26->n16->n6->n7->n8->n9->n10,5.00949e+11|1.80448e+11|4.03193e+13|1.24903e+13|4.27688e+09|3.97958e+09|2.14516e+11|5.66393e+13|3.00334e+11|9.02929e+10|4.11056e+10|9.40752e+09|4.09299e+12|1.05286e+12,1.42812e+11|2.83365e+10|7.28384e+12|5.17319e+12|1.0558e+09|3.8065e+09|2.11577e+11|1.21816e+13|7.37672e+10|1.02249e+10|4.31733e+09|3.97206e+09|1.54858e+12|2.54031e+11,3.0181e-05|2.2775e-05|0.000517639|0.000108675|0.000636693|1.10933e-05|3.573e-05|7.56504e-05|5.95091e-05|0.000995263|0.000205358|0.000346789|1.37772e-05|0.000119811,0.000310334|0.000399313|0.000530329|0.000509645|0.00566749|0.00180726|0.00167902|0.00599276|0.000170398|0.00674185|0.00168599|0.000202733|0.00405437|0.0025508,0.00924861|0.00541507|0.00720975|0.00375279|0.0161796|0.00858775|0.02593|0.0166249|0.0432795|0.0292399|0.0452155|0.0159192|0.0461418|0.0252238,0.0315742|0.00943238|0.0402354|0.0495486|0.0339305|0.0359629|0.042106|0.0190337|0.0304577|0.0108922|0.0238427|0.04339|0.00266386|0.00700942,0.913495|0.989114|0.905667|0.916604|0.984185|0.906689|0.927416|0.928891|0.91388|0.926294|0.932747|0.948026|0.911519|0.908496,2.71048|4.18964|2.54377|1.60415|4.81843|0.509572|3.48682|5.08644|2.66328|2.82456|3.21396|3.34163|4.41064|2.75743,79.8117|37.015|10.4739|52.1141|66.6304|18.2346|55.6995|11.0615|50.0569|32.9383|55.4093|99.595|65.9961,0.202212|0.202219|0.212578|0.23004|0.23844|0.181699|0.183873|0.1844|0.238693|0.177423|0.21027|0.169273|0.243547,0.147038|0.790314|0.554145|0.342514|0.244053|0.244388|0.713165|0.214788|0.144125|0.668561|0.673098|0.23207|0.928618,0.904667,0.887647,0.128239,0.443169,0.0828321,0.54922,0.253495,0.516004,0.226897,0.823074,78.9323,6.77635e-13,54008,0.832037,77.8406,9.63242e-13,32789,0.821844,0.944121,0.0443767,0.51828,0.332244,0.52747,0.0679451,0.544083,0.096402,0.818693,31.6275,1.97589e-13,52186,0.845045,89.7441,1.17089e-11,31003
10,60,n1->n2->n12->n22->n23->n24->n14->n15->n5->n6->n7->n8->n9->n10,5.00949e+11|1.80448e+11|3.17333e+12|1.93553e+13|1.5238e+09|3.97958e+09|4.27688e+09|1.38797e+12|1.51209e+10|9.02929e+10|4.11056e+10|9.40752e+09|4.09299e+12|1.05286e+12,1.42812e+11|2.83365e+10|1.97587e+12|2.74511e+12|1.20387e+09|3.8065e+09|1.0558e+09|1.97223e+11|1.22326e+10|1.02249e+10|4.31733e+09|3.97206e+09|1.54858e+12|2.54031e+11,3.0181e-05|2.2775e-05|4.47077e-05|5.97411e-05|0.000436525|1.10933e-05|0.000636693|1.3996e-05|0.000336804|0.000995263|0.000205358|0.000346789|1.37772e-05|0.000119811,0.000310334|0.000399313|0.000744915|0.000129789|0.00111897|0.00180726|0.00566749|0.00169529|0.000821598|0.00674185|0.00168599|0.000202733|0.00405437|0.0025508,0.00924861|0.00541507|0.00841709|0.0204439|0.0352893|0.00858775|0.0161796|0.0250138|0.0477712|0.0292399|0.0452155|0.0159192|0.0461418|0.0252238,0.0315742|0.00943238|0.0482252|0.0386141|0.00519581|0.0359629|0.0339305|0.0119018|0.00263917|0.0108922|0.0238427|0.04339|0.00266386|0.00700942,0.913495|0.989114|0.908177|0.918718|0.980295|0.906689|0.984185|0.927813|0.984899|0.926294|0.932747|0.948026|0.911519|0.908496,2.71048|4.18964|4.07787|3.40478|4.49412|0.509572|4.81843|2.46356|0.379676|2.82456|3.21396|3.34163|4.41064|2.75743,79.8117|88.6198|13.2112|55.8812|67.5745|66.6304|92.5451|35.0583|37.2729|32.9383|55.4093|99.595|65.9961,0.202212|0.16902|0.186408|0.24392|0.23069|0.23844|0.219123|0.204588|0.218852|0.177423|0.21027|0.169273|0.243547,0.147038|0.7617|0.577028|0.667566|0.610727|0.244053|0.854651|0.102366|0.233286|0.668561|0.673098|0.23207|0.928618,0.904667,0.887647,0.128239,0.443169,0.0828321,0.54922,0.253495,0.516004,0.226897,0.823074,78.9323,6.77635e-13,54008,0.832037,77.8406,9.63242e-13,32789,0.821844,0.944121,0.0443767,0.51828,0.332244,0.52747,0.0679451,0.544083,0.096402,0.818693,31.6275,1.97589e-13,52186,0.845045,89.7441,1.17089e-11,31003
10,61,n1->n2->n3->n13->n14->n4->n5->n6->n7->n8->n9->n19->n20->n10,5.00949e+11|1.80448e+11|4.03193e+13|3.3596e+12|4.27688e+09|1.24903e+13|1.51209e+10|9.02929e+10|4.11056e+10|9.40752e+09|4.09299e+12|2.27898e+09|3.15183e+10|1.05286e+12,1.42812e+11|2.83365e+10|7.28384e+12|4.83085e+11|1.0558e+09|5.17319e+12|1.22326e+10|1.02249e+10|4.31733e+09|3.97206e+09|1.54858e+12|5.01791e+08|1.45355e+10|2.54031e+11,3.0181e-05|2.2775e-05|0.000517639|5.37832e-05|0.000636693|0.000108675|0.000336804|0.000995263|0.000205358|0.000346789|1.37772e-05|6.06243e-05|1.46655e-05|0.000119811,0.000310334|0.000399313|0.000530329|0.00012197|0.00566749|0.000509645|0.000821598|0.00674185|0.00168599|0.000202733|0.00405437|0.00270084|0.00552788|0.0025508,0.00924861|0.00541507|0.00720975|0.0278304|0.0161796|0.00375279|0.0477712|0.0292399|0.0452155|0.0159192|0.0461418|0.00996122|0.0257996|0.0252238,0.0315742|0.00943238|0.0402354|0.0497469|0.0339305|0.0495486|0.00263917|0.0108922|0.0238427|0.04339|0.00266386|0.0473706|0.00882196|0.00700942,0.913495|0.989114|0.905667|0.940839|0.984185|0.916604|0.984899|0.926294|0.932747|0.948026|0.911519|0.994787|0.931105|0.908496,2.71048|4.18964|2.54377|6.22041|4.81843|1.60415|0.379676|2.82456|3.21396|3.34163|4.41064|5.14536|5.03122|2.75743,79.8117|37.015|83.9106|56.34|52.1141|81.7362|37.2729|32.9383|55.4093|99.595|99.0064|10.3361|29.3778,0.202212|0.202219|0.213953|0.177304|0.23004|0.223931|0.218852|0.177423|0.21027|0.169273|0.245379|0.176155|0.224525,0.147038|0.790314|0.402307|0.349691|0.342514|0.801699|0.233286|0.668561|0.673098|0.23207|0.363657|0.581828|0.696713,0.904667,0.887647,0.128239,0.443169,0.0828321,0.54922,0.253495,0.516004,0.226897,0.823074,78.9323,6.77635e-13,54008,0.832037,77.8406,9.63242e-13,32789,0.821844,0.944121,0.0443767,0.51828,0.332244,0.52747,0.0679451,0.544083,0.096402,0.818693,31.6275,1.97589e-13,52186,0.845045,89.7441,1.17089e-11,31003
10,62,n1->n11->n12->n22->n23->n13->n3->n4->n5->n6->n7->n8->n9->n10,5.00949e+11|4.11551e+13|3.17333e+12|1.93553e+13|1.5238e+09|3.3596e+12|4.03193e+13|1.24903e+13|1.51209e+10|9.02929e+10|4.11056e+10|9.40752e+09|4.09299e+12|1.05286e+12,1.42812e+11|1.48663e+13|1.97587e+12|2.74511e+12|1.20387e+09|4.83085e+11|7.28384e+12|5.17319e+12|1.22326e+10|1.02249e+10|4.31733e+09|3.97206e+09|1.54858e+12|2.54031e+11,3.0181e-05|5.20523e-05|4.47077e-05|5.97411e-05|0.000436525|5.37832e-05|0.000517639|0.000108675|0.000336804|0.000995263|0.000205358|0.000346789|1.37772e-05|0.000119811,0.000310334|0.00656769|0.000744915|0.000129789|0.00111897|0.00012197|0.000530329|0.000509645|0.000821598|0.00674185|0.00168599|0.000202733|0.00405437|0.0025508,0.00924861|0.0194316|0.00841709|0.0204439|0.0352893|0.0278304|0.00720975|0.00375279|0.0477712|0.0292399|0.0452155|0.0159192|0.0461418|0.0252238,0.0315742|0.0254573|0.0482252|0.0386141|0.00519581|0.0497469|0.0402354|0.0495486|0.00263917|0.0108922|0.0238427|0.04339|0.00266386|0.00700942,0.913495|0.911067|0.908177|0.918718|0.980295|0.940839|0.905667|0.916604|0.984899|0.926294|0.932747|0.948026|0.911519|0.908496,2.71048|4.63323|4.07787|3.40478|4.49412|6.22041|2.54377|1.60415|0.379676|2.82456|3.21396|3.34163|4.41064|2.75743,30.2686|24.4191|13.2112|55.8812|51.9585|83.9106|10.4739|81.7362|37.2729|32.9383|55.4093|99.595|65.9961,0.189746|0.163204|0.186408|0.24392|0.16585|0.213953|0.212578|0.223931|0.218852|0.177423|0.21027|0.169273|0.243547,0.114018|0.339009|0.577028|0.667566|0.678346|0.402307|0.554145|0.801699|0.233286|0.668561|0.673098|0.23207|0.928618,0.904667,0.887647,0.128239,0.443169,0.0828321,0.54922,0.253495,0.516004,0.226897,0.823074,78.9323,6.77635e-13,54008,0.832037,77.8406,9.63242e-13,32789,0.821844,0.944121,0.0443767,0.51828,0.332244,0.52747,0.0679451,0.544083,0.096402,0.818693,31.6275,1.97589e-13,52186,0.845045,89.7441,1.17089e-11,31003
10,63,n1->n2->n12->n22->n23->n24->n14->n15->n16->n6->n7->n8->n9->n10,5.00949e+11|1.80448e+11|3.17333e+12|1.93553e+13|1.5238e+09|3.97958e+09|4.27688e+09|1.38797e+12|3.00334e+11|9.02929e+10|4.11056e+10|9.40752e+09|4.09299e+12|1.05286e+12,1.42812e+11|2.83365e+10|1.97587e+12|2.74511e+12|1.20387e+09|3.8065e+09|1.0558e+09|1.97223e+11|7.37672e+10|1.02249e+10|4.31733e+09|3.97206e+09|1.54858e+12|2.54031e+11,3.0181e-05|2.2775e-05|4.47077e-05|5.97411e-05|0.000436525|1.10933e-05|0.000636693|1.3996e-05|5.95091e-05|0.000995263|0.000205358|0.000346789|1.37772e-05|0.000119811,0.000310334|0.000399313|0.000744915|0.000129789|0.00111897|0.00180726|0.00566749|0.00169529|0.000170398|0.00674185|0.00168599|0.000202733|0.00405437|0.0025508,0.00924861|0.00541507|0.00841709|0.0204439|0.0352893|0.00858775|0.0161796|0.0250138|0.0432795|0.0292399|0.0452155|0.0159192|0.0461418|0.0252238,0.0315742|0.00943238|0.0482252|0.0386141|0.00519581|0.0359629|0.0339305|0.0119018|0.0304577|0.0108922|0.0238427|0.04339|0.00266386|0.00700942,0.913495|0.989114|0.908177|0.918718|0.980295|0.906689|0.984185|0.927813|0.91388|0.926294|0.932747|0.948026|0.911519|0.908496,2.71048|4.18964|4.07787|3.40478|4.49412|0.509572|4.81843|2.46356|2.66328|2.82456|3.21396|3.34163|4.41064|2.75743,79.8117|88.6198|13.2112|55.8812|67.5745|66.6304|92.5451|56.2706|50.0569|32.9383|55.4093|99.595|65.9961,0.202212|0.16902|0.186408|0.24392|0.23069|0.23844|0.219123|0.226874|0.238693|0.177423|0.21027|0.169273|0.243547,0.147038|0.7617|0.577028|0.667566|0.610727|0.244053|0.854651|0.221237|0.144125|0.668561|0.673098|0.23207|0.928618,0.904667,0.887647,0.128239,0.443169,0.0828321,0.54922,0.253495,0.516004,0.226897,0.823074,78.9323,6.77635e-13,54008,0.832037,77.8406,9.63242e-13,32789,0.821844,0.944121,0.0443767,0.51828,0.332244,0.52747,0.0679451,0.544083,0.096402,0.818693,31.6275,1.97589e-13,52186,0.845045,89.7441,1.17089e-11,31003
10,64,n1->n11->n12->n13->n23->n24->n14->n4->n5->n6->n7->n8->n9->n10,5.00949e+11|4.11551e+13|3.17333e+12|3.3596e+12|1.5238e+09|3.97958e+09|4.27688e+09|1.24903e+13|1.51209e+10|9.02929e+10|4.11056e+10|9.40752e+09|4.09299e+12|1.05286e+12,1.42812e+11|1.48663e+13|1.97587e+12|4.83085e+11|1.20387e+09|3.8065e+09|1.0558e+09|5.17319e+12|1.22326e+10|1.02249e+10|4.31733e+09|3.97206e+09|1.54858e+12|2.54031e+11,3.0181e-05|5.20523e-05|4.47077e-05|5.37832e-05|0.000436525|1.10933e-05|0.000636693|0.000108675|0.000336804|0.000995263|0.000205358|0.000346789|1.37772e-05|0.000119811,0.000310334|0.00656769|0.000744915|0.00012197|0.00111897|0.00180726|0.00566749|0.000509645|0.000821598|0.00674185|0.00168599|0.000202733|0.00405437|0.0025508,0.00924861|0.0194316|0.00841709|0.0278304|0.0352893|0.00858775|0.0161796|0.00375279|0.0477712|0.0292399|0.0452155|0.0159192|0.0461418|0.0252238,0.0315742|0.0254573|0.0482252|0.0497469|0.00519581|0.0359629|0.0339305|0.0495486|0.00263917|0.0108922|0.0238427|0.04339|0.00266386|0.00700942,0.913495|0.911067|0.908177|0.940839|0.980295|0.906689|0.984185|0.916604|0.984899|0.926294|0.932747|0.948026|0.911519|0.908496,2.71048|4.63323|4.07787|6.22041|4.49412|0.509572|4.81843|1.60415|0.379676|2.82456|3.21396|3.34163|4.41064|2.75743,30.2686|24.4191|13.9548|51.9585|67.5745|66.6304|52.1141|81.7362|37.2729|32.9383|55.4093|99.595|65.9961,0.189746|0.163204|0.245775|0.16585|0.23069|0.23844|0.23004|0.223931|0.218852|0.177423|0.21027|0.169273|0.243547,0.114018|0.339009|0.861041|0.678346|0.610727|0.244053|0.342514|0.801699|0.233286|0.668561|0.673098|0.23207|0.928618,0.904667,0.887647,0.128239,0.443169,0.0828321,0.54922,0.253495,0.516004,0.226897,0.823074,78.9323,6.77635e-13,54008,0.832037,77.8406,9.63242e-13,32789,0.821844,0.944121,0.0443767,0.51828,0.332244,0.52747,0.0679451,0.544083,0.096402,0.818693,31.6275,1.97589e-13,52186,0.845045,89.7441,1.17089e-11,31003
10,65,n1->n11->n12->n2->n3->n4->n14->n15->n5->n6->n7->n8->n9->n10,5.00949e+11|4.11551e+13|3.17333e+12|1.80448e+11|4.03193e+13|1.24903e+13|4.27688e+09|1.38797e+12|1.51209e+10|9.02929e+10|4.11056e+10|9.40752e+09|4.09299e+12|1.05286e+12,1.42812e+11|1.48663e+13|1.97587e+12|2.83365e+10|7.28384e+12|5.17319e+12|1.0558e+09|1.97223e+11|1.22326e+10|1.02249e+10|4.31733e+09|3.97206e+09|1.54858e+12|2.54031e+11,3.0181e-05|5.20523e-05|4.47077e-05|2.2775e-05|0.000517639|0.000108675|0.000636693|1.3996e-05|0.000336804|0.000995263|0.000205358|0.000346789|1.37772e-05|0.000119811,0.000310334|0.00656769|0.000744915|0.000399313|0.000530329|0.000509645|0.00566749|0.00169529|0.000821598|0.00674185|0.00168599|0.000202733|0.00405437|0.0025508,0.00924861|0.0194316|0.00841709|0.00541507|0.00720975|0.00375279|0.0161796|0.0250138|0.0477712|0.0292399|0.0452155|0.0159192|0.0461418|0.0252238,0.0315742|0.0254573|0.0482252|0.00943238|0.0402354|0.0495486|0.0339305|0.0119018|0.00263917|0.0108922|0.0238427|0.04339|0.00266386|0.00700942,0.913495|0.911067|0.908177|0.989114|0.905667|0.916604|0.984185|0.927813|0.984899|0.926294|0.932747|0.948026|0.911519|0.908496,2.71048|4.63323|4.07787|4.18964|2.54377|1.60415|4.81843|2.46356|0.379676|2.82456|3.21396|3.34163|4.41064|2.75743,30.2686|24.4191|88.6198|37.015|10.4739|52.1141|92.5451|35.0583|37.2729|32.9383|55.4093|99.595|65.9961,0.189746|0.163204|0.16902|0.202219|0.212578|0.23004|0.219123|0.204588|0.218852|0.177423|0.21027|0.169273|0.243547,0.114018|0.339009|0.7617|0.790314|0.554145|0.342514|0.854651|0.102366|0.233286|0.668561|0.673098|0.23207|0.928618,0.904667,0.887647,0.128239,0.443169,0.0828321,0.54922,0.253495,0.516004,0.226897,0.823074,78.9323,6.77635e-13,54008,0.832037,77.8406,9.63242e-13,32789,0.821844,0.944121,0.0443767,0.51828,0.332244,0.52747,0.0679451,0.544083,0.096402,0.818693,31.6275,1.97589e-13,52186,0.845045,89.7441,1.17089e-11,31003
10,66,n1->n2->n3->n4->n5->n6->n7->n17->n27->n28->n29->n30->n20->n10,5.00949e+11|1.80448e+11|4.03193e+13|1.24903e+13|1.51209e+10|9.02929e+10|4.11056e+10|1.21221e+11|4.48678e+13|1.8631e+12|4.83336e+11|1.14315e+11|3.15183e+10|1.05286e+12,1.42812e+11|2.83365e+10|7.28384e+12|5.17319e+12|1.22326e+10|1.02249e+10|4.31733e+09|4.83282e+10|1.91882e+13|2.55027e+11|2.76914e+11|2.42933e+10|1.45355e+10|2.54031e+11,3.0181e-05|2.2775e-05|0.000517639|0.000108675|0.000336804|0.000995263|0.000205358|0.000165097|0.00017671|1.48343e-05|0.000507637|4.60706e-05|1.46655e-05|0.000119811,0.000310334|0.000399313|0.000530329|0.000509645|0.000821598|0.00674185|0.00168599|0.00195184|0.00060257|0.000582322|0.00318299|0.000197986|0.00552788|0.0025508,0.00924861|0.00541507|0.00720975|0.00375279|0.0477712|0.0292399|0.0452155|0.0348952|0.000624187|0.0124511|0.0314107|0.0398299|0.0257996|0.0252238,0.0315742|0.00943238|0.0402354|0.0495486|0.00263917|0.0108922|0.0238427|0.0051677|0.00869688|0.00729303|0.0453812|0.0027684|0.00882196|0.00700942,0.913495|0.989114|0.905667|0.916604|0.984899|0.926294|0.932747|0.928968|0.914007|0.913882|0.949375|0.964095|0.931105|0.908496,2.71048|4.18964|2.54377|1.60415|0.379676|2.82456|3.21396|0.109|0.728108|1.60979|3.9795|5.43156|5.03122|2.75743,79.8117|37.015|10.4739|81.7362|37.2729|32.9383|59.8148|72.2829|15.3326|39.0733|83.4704|23.9015|29.3778,0.202212|0.202219|0.212578|0.223931|0.218852|0.177423|0.243915|0.205105|0.192626|0.218529|0.18868|0.163781|0.224525,0.147038|0.790314|0.554145|0.801699|0.233286|0.668561|0.689629|0.996881|0.456993|0.382175|0.879944|0.655953|0.696713,0.904667,0.887647,0.128239,0.443169,0.0828321,0.54922,0.253495,0.516004,0.226897,0.823074,78.9323,6.77635e-13,54008,0.832037,77.8406,9.63242e-13,32789,0.821844,0.944121,0.0443767,0.51828,0.332244,0.52747,0.0679451,0.544083,0.096402,0.818693,31.6275,1.97589e-13,52186,0.845045,89.7441,1.17089e-11,31003
10,67,n1->n11->n12->n22->n23->n24->n25->n26->n16->n17->n18->n8->n9->n10,5.00949e+11|4.11551e+13|3.17333e+12|1.93553e+13|1.5238e+09|3.97958e+09|2.14516e+11|5.66393e+13|3.00334e+11|1.21221e+11|1.87589e+11|9.40752e+09|4.09299e+12|1.05286e+12,1.42812e+11|1.48663e+13|1.97587e+12|2.74511e+12|1.20387e+09|3.8065e+09|2.11577e+11|1.21816e+13|7.37672e+10|4.83282e+10|5.0424e+10|3.97206e+09|1.54858e+12|2.54031e+11,3.0181e-05|5.20523e-05|4.47077e-05|5.97411e-05|0.000436525|1.10933e-05|3.573e-05|7.56504e-05|5.95091e-05|0.000165097|0.000294208|0.000346789|1.37772e-05|0.000119811,0.000310334|0.00656769|0.000744915|0.000129789|0.00111897|0.00180726|0.00167902|0.00599276|0.000170398|0.00195184|0.000215891|0.000202733|0.00405437|0.0025508,0.00924861|0.0194316|0.00841709|0.0204439|0.0352893|0.00858775|0.02593|0.0166249|0.0432795|0.0348952|0.0315747|0.0159192|0.0461418|0.0252238,0.0315742|0.0254573|0.0482252|0.0386141|0.00519581|0.0359629|0.042106|0.0190337|0.0304577|0.0051677|0.0153347|0.04339|0.00266386|0.00700942,0.913495|0.911067|0.908177|0.918718|0.980295|0.906689|0.927416|0.928891|0.91388|0.928968|0.936282|0.948026|0.911519|0.908496,2.71048|4.63323|4.07787|3.40478|4.49412|0.509572|3.48682|5.08644|2.66328|0.109|4.51941|3.34163|4.41064|2.75743,30.2686|24.4191|13.2112|55.8812|67.5745|18.2346|55.6995|11.0615|32.2763|27.3162|81.3396|99.595|65.9961,0.189746|0.163204|0.186408|0.24392|0.23069|0.181699|0.183873|0.1844|0.164452|0.244069|0.217219|0.169273|0.243547,0.114018|0.339009|0.577028|0.667566|0.610727|0.244388|0.713165|0.214788|0.241087|0.359487|0.294058|0.23207|0.928618,0.904667,0.887647,0.128239,0.443169,0.0828321,0.54922,0.253495,0.516004,0.226897,0.823074,78.9323,6.77635e-13,54008,0.832037,77.8406,9.63242e-13,32789,0.821844,0.944121,0.0443767,0.51828,0.332244,0.52747,0.0679451,0.544083,0.096402,0.818693,31.6275,1.97589e-13,52186,0.845045,89.7441,1.17089e-11,31003
10,68,n1->n2->n12->n13->n3->n4->n5->n15->n16->n6->n7->n8->n9->n10,5.00949e+11|1.80448e+11|3.17333e+12|3.3596e+12|4.03193e+13|1.24903e+13|1.51209e+10|1.38797e+12|3.00334e+11|9.02929e+10|4.11056e+10|9.40752e+09|4.09299e+12|1.05286e+12,1.42812e+11|2.83365e+10|1.97587e+12|4.83085e+11|7.28384e+12|5.17319e+12|1.22326e+10|1.97223e+11|7.37672e+10|1.02249e+10|4.31733e+09|3.97206e+09|1.54858e+12|2.54031e+11,3.0181e-05|2.2775e-05|4.47077e-05|5.37832e-05|0.000517639|0.000108675|0.000336804|1.3996e-05|5.95091e-05|0.000995263|0.000205358|0.000346789|1.37772e-05|0.000119811,0.000310334|0.000399313|0.000744915|0.00012197|0.000530329|0.000509645|0.000821598|0.00169529|0.000170398|0.00674185|0.00168599|0.000202733|0.00405437|0.0025508,0.00924861|0.00541507|0.00841709|0.0278304|0.00720975|0.00375279|0.0477712|0.0250138|0.0432795|0.0292399|0.0452155|0.0159192|0.0461418|0.0252238,0.0315742|0.00943238|0.0482252|0.0497469|0.0402354|0.0495486|0.00263917|0.0119018|0.0304577|0.0108922|0.0238427|0.04339|0.00266386|0.00700942,0.913495|0.989114|0.908177|0.940839|0.905667|0.916604|0.984899|0.927813|0.91388|0.926294|0.932747|0.948026|0.911519|0.908496,2.71048|4.18964|4.07787|6.22041|2.54377|1.60415|0.379676|2.46356|2.66328|2.82456|3.21396|3.34163|4.41064|2.75743,79.8117|88.6198|13.9548|83.9106|10.4739|81.7362|35.0583|56.2706|50.0569|32.9383|55.4093|99.595|65.9961,0.202212|0.16902|0.245775|0.213953|0.212578|0.223931|0.204588|0.226874|0.238693|0.177423|0.21027|0.169273|0.243547,0.147038|0.7617|0.861041|0.402307|0.554145|0.801699|0.102366|0.221237|0.144125|0.668561|0.673098|0.23207|0.928618,0.904667,0.887647,0.128239,0.443169,0.0828321,0.54922,0.253495,0.516004,0.226897,0.823074,78.9323,6.77635e-13,54008,0.832037,77.8406,9.63242e-13,32789,0.821844,0.944121,0.0443767,0.51828,0.332244,0.52747,0.0679451,0.544083,0.096402,0.818693,31.6275,1.97589e-13,52186,0.845045,89.7441,1.17089e-11,31003
10,69,n1->n2->n3->n4->n14->n24->n25->n26->n27->n28->n18->n19->n9->n10,5.00949e+11|1.80448e+11|4.03193e+13|1.24903e+13|4.27688e+09|3.97958e+09|2.14516e+11|5.66393e+13|4.48678e+13|1.8631e+12|1.87589e+11|2.27898e+09|4.09299e+12|1.05286e+12,1.42812e+11|2.83365e+10|7.28384e+12|5.17319e+12|1.0558e+09|3.8065e+09|2.11577e+11|1.21816e+13|1.91882e+13|2.55027e+11|5.0424e+10|5.01791e+08|1.54858e+12|2.54031e+11,3.0181e-05|2.2775e-05|0.000517639|0.000108675|0.000636693|1.10933e-05|3.573e-05|7.56504e-05|0.00017671|1.48343e-05|0.000294208|6.06243e-05|1.37772e-05|0.000119811,0.000310334|0.000399313|0.000530329|0.000509645|0.00566749|0.00180726|0.00167902|0.00599276|0.00060257|0.000582322|0.000215891|0.00270084|0.00405437|0.0025508,0.00924861|0.00541507|0.00720975|0.00375279|0.0161796|0.00858775|0.02593|0.0166249|0.000624187|0.0124511|0.0315747|0.00996122|0.0461418|0.0252238,0.0315742|0.00943238|0.0402354|0.0495486|0.0339305|0.0359629|0.042106|0.0190337|0.00869688|0.00729303|0.0153347|0.0473706|0.00266386|0.00700942,0.913495|0.989114|0.905667|0.916604|0.984185|0.906689|0.927416|0.928891|0.914007|0.913882|0.936282|0.994787|0.911519|0.908496,2.71048|4.18964|2.54377|1.60415|4.81843|0.509572|3.48682|5.08644|0.728108|1.60979|4.51941|5.14536|4.41064|2.75743,79.8117|37.015|10.4739|52.1141|66.6304|18.2346|55.6995|42.5138|15.3326|43.2583|28.0546|99.0064|65.9961,0.202212|0.202219|0.212578|0.23004|0.23844|0.181699|0.183873|0.241136|0.192626|0.243681|0.210998|0.245379|0.243547,0.147038|0.790314|0.554145|0.342514|0.244053|0.244388|0.713165|0.206168|0.456993|0.300248|0.470346|0.363657|0.928618,0.904667,0.887647,0.128239,0.443169,0.0828321,0.54922,0.253495,0.516004,0.226897,0.823074,78.9323,6.77635e-13,54008,0.832037,77.8406,9.63242e-13,32789,0.821844,0.944121,0.0443767,0.51828,0.332244,0.52747,0.0679451,0.544083,0.096402,0.818693,31.6275,1.97589e-13,52186,0.845045,89.7441,1.17089e-11,31003
10,70,n1->n11->n12->n2->n3->n4->n5->n15->n16->n17->n18->n19->n20->n10,5.00949e+11|4.11551e+13|3.17333e+12|1.80448e+11|4.03193e+13|1.24903e+13|1.51209e+10|1.38797e+12|3.00334e+11|1.21221e+11|1.87589e+11|2.27898e+09|3.15183e+10|1.05286e+12,1.42812e+11|1.48663e+13|1.97587e+12|2.83365e+10|7.28384e+12|5.17319e+12|1.22326e+10|1.97223e+11|7.37672e+10|4.83282e+10|5.0424e+10|5.01791e+08|1.45355e+10|2.54031e+11,3.0181e-05|5.20523e-05|4.47077e-05|2.2775e-05|0.000517639|0.000108675|0.000336804|1.3996e-05|5.95091e-05|0.000165097|0.000294208|6.06243e-05|1.46655e-05|0.000119811,0.000310334|0.00656769|0.000744915|0.000399313|0.000530329|0.000509645|0.000821598|0.00169529|0.000170398|0.00195184|0.000215891|0.00270084|0.00552788|0.0025508,0.00924861|0.0194316|0.00841709|0.00541507|0.00720975|0.00375279|0.0477712|0.0250138|0.0432795|0.0348952|0.0315747|0.00996122|0.0257996|0.0252238,0.0315742|0.0254573|0.0482252|0.00943238|0.0402354|0.0495486|0.00263917|0.0119018|0.0304577|0.0051677|0.0153347|0.0473706|0.00882196|0.00700942,0.913495|0.911067|0.908177|0.989114|0.905667|0.916604|0.984899|0.927813|0.91388|0.928968|0.936282|0.994787|0.931105|0.908496,2.71048|4.63323|4.07787|4.18964|2.54377|1.60415|0.379676|2.46356|2.66328|0.109|4.51941|5.14536|5.03122|2.75743,30.2686|24.4191|88.6198|37.015|10.4739|81.7362|35.0583|56.2706|32.2763|27.3162|28.0546|10.3361|29.3778,0.189746|0.163204|0.16902|0.202219|0.212578|0.223931|0.204588|0.226874|0.164452|0.244069|0.210998|0.176155|0.224525,0.114018|0.339009|0.7617|0.790314|0.554145|0.801699|0.102366|0.221237|0.241087|0.359487|0.470346|0.581828|0.696713,0.904667,0.887647,0.128239,0.443169,0.0828321,0.54922,0.253495,0.516004,0.226897,0.823074,78.9323,6.77635e-13,54008,0.832037,77.8406,9.63242e-13,32789,0.821844,0.944121,0.0443767,0.51828,0.332244,0.52747,0.0679451,0.544083,0.096402,0.818693,31.6275,1.97589e-13,52186,0.845045,89.7441,1.17089e-11,31003
10,71,n1->n2->n3->n13->n23->n24->n14->n15->n5->n6->n7->n8->n9->n10,5.00949e+11|1.80448e+11|4.03193e+13|3.3596e+12|1.5238e+09|3.97958e+09|4.27688e+09|1.38797e+12|1.51209e+10|9.02929e+10|4.11056e+10|9.40752e+09|4.09299e+12|1.05286e+12,1.42812e+11|2.83365e+10|7.28384e+12|4.83085e+11|1.20387e+09|3.8065e+09|1.0558e+09|1.97223e+11|1.22326e+10|1.02249e+10|4.31733e+09|3.97206e+09|1.54858e+12|2.54031e+11,3.0181e-05|2.2775e-05|0.000517639|5.37832e-05|0.000436525|1.10933e-05|0.000636693|1.3996e-05|0.000336804|0.000995263|0.000205358|0.000346789|1.37772e-05|0.000119811,0.000310334|0.000399313|0.000530329|0.00012197|0.00111897|0.00180726|0.00566749|0.00169529|0.000821598|0.00674185|0.00168599|0.000202733|0.00405437|0.0025508,0.00924861|0.00541507|0.00720975|0.0278304|0.0352893|0.00858775|0.0161796|0.0250138|0.0477712|0.0292399|0.0452155|0.0159192|0.0461418|0.0252238,0.0315742|0.00943238|0.0402354|0.0497469|0.00519581|0.0359629|0.0339305|0.0119018|0.00263917|0.0108922|0.0238427|0.04339|0.00266386|0.00700942,0.913495|0.989114|0.905667|0.940839|0.980295|0.906689|0.984185|0.927813|0.984899|0.926294|0.932747|0.948026|0.911519|0.908496,2.71048|4.18964|2.54377|6.22041|4.49412|0.509572|4.81843|2.46356|0.379676|2.82456|3.21396|3.34163|4.41064|2.75743,79.8117|37.015|83.9106|51.9585|67.5745|66.6304|92.5451|35.0583|37.2729|32.9383|55.4093|99.595|65.9961,0.202212|0.202219|0.213953|0.16585|0.23069|0.23844|0.219123|0.204588|0.218852|0.177423|0.21027|0.169273|0.243547,0.147038|0.790314|0.402307|0.678346|0.610727|0.244053|0.854651|0.102366|0.233286|0.668561|0.673098|0.23207|0.928618,0.904667,0.887647,0.128239,0.443169,0.0828321,0.54922,0.253495,0.516004,0.226897,0.823074,78.9323,6.77635e-13,54008,0.832037,77.8406,9.63242e-13,32789,0.821844,0.944121,0.0443767,0.51828,0.332244,0.52747,0.0679451,0.544083,0.096402,0.818693,31.6275,1.97589e-13,52186,0.845045,89.7441,1.17089e-11,31003
10,72,n1->n2->n3->n4->n5->n15->n25->n26->n27->n17->n18->n19->n9->n10,5.00949e+11|1.80448e+11|4.03193e+13|1.24903e+13|1.51209e+10|1.38797e+12|2.14516e+11|5.66393e+13|4.48678e+13|1.21221e+11|1.87589e+11|2.27898e+09|4.09299e+12|1.05286e+12,1.42812e+11|2.83365e+10|7.28384e+12|5.17319e+12|1.22326e+10|1.97223e+11|2.11577e+11|1.21816e+13|1.91882e+13|4.83282e+10|5.0424e+10|5.01791e+08|1.54858e+12|2.54031e+11,3.0181e-05|2.2775e-05|0.000517639|0.000108675|0.000336804|1.3996e-05|3.573e-05|7.56504e-05|0.00017671|0.000165097|0.000294208|6.06243e-05|1.37772e-05|0.000119811,0.000310334|0.000399313|0.000530329|0.000509645|0.000821598|0.00169529|0.00167902|0.00599276|0.00060257|0.00195184|0.000215891|0.00270084|0.00405437|0.0025508,0.00924861|0.00541507|0.00720975|0.00375279|0.0477712|0.0250138|0.02593|0.0166249|0.000624187|0.0348952|0.0315747|0.00996122|0.0461418|0.0252238,0.0315742|0.00943238|0.0402354|0.0495486|0.00263917|0.0119018|0.042106|0.0190337|0.00869688|0.0051677|0.0153347|0.0473706|0.00266386|0.00700942,0.913495|0.989114|0.905667|0.916604|0.984899|0.927813|0.927416|0.928891|0.914007|0.928968|0.936282|0.994787|0.911519|0.908496,2.71048|4.18964|2.54377|1.60415|0.379676|2.46356|3.48682|5.08644|0.728108|0.109|4.51941|5.14536|4.41064|2.75743,79.8117|37.015|10.4739|81.7362|35.0583|54.7186|55.6995|42.5138|72.2829|27.3162|28.0546|99.0064|65.9961,0.202212|0.202219|0.212578|0.223931|0.204588|0.193634|0.183873|0.241136|0.205105|0.244069|0.210998|0.245379|0.243547,0.147038|0.790314|0.554145|0.801699|0.102366|0.563983|0.713165|0.206168|0.996881|0.359487|0.470346|0.363657|0.928618,0.904667,0.887647,0.128239,0.443169,0.0828321,0.54922,0.253495,0.516004,0.226897,0.823074,78.9323,6.77635e-13,54008,0.832037,77.8406,9.63242e-13,32789,0.821844,0.944121,0.0443767,0.51828,0.332244,0.52747,0.0679451,0.544083,0.096402,0.818693,31.6275,1.97589e-13,52186,0.845045,89.7441,1.17089e-11,31003
10,73,n1->n2->n3->n13->n23->n24->n25->n26->n27->n17->n18->n8->n9->n10,5.00949e+11|1.80448e+11|4.03193e+13|3.3596e+12|1.5238e+09|3.97958e+09|2.14516e+11|5.66393e+13|4.48678e+13|1.21221e+11|1.87589e+11|9.40752e+09|4.09299e+12|1.05286e+12,1.42812e+11|2.83365e+10|7.28384e+12|4.83085e+11|1.20387e+09|3.8065e+09|2.11577e+11|1.21816e+13|1.91882e+13|4.83282e+10|5.0424e+10|3.97206e+09|1.54858e+12|2.54031e+11,3.0181e-05|2.2775e-05|0.000517639|5.37832e-05|0.000436525|1.10933e-05|3.573e-05|7.56504e-05|0.00017671|0.000165097|0.000294208|0.000346789|1.37772e-05|0.000119811,0.000310334|0.000399313|0.000530329|0.00012197|0.00111897|0.00180726|0.00167902|0.00599276|0.00060257|0.00195184|0.000215891|0.000202733|0.00405437|0.0025508,0.00924861|0.00541507|0.00720975|0.0278304|0.0352893|0.00858775|0.02593|0.0166249|0.000624187|0.0348952|0.0315747|0.0159192|0.0461418|0.0252238,0.0315742|0.00943238|0.0402354|0.0497469|0.00519581|0.0359629|0.042106|0.0190337|0.00869688|0.0051677|0.0153347|0.04339|0.00266386|0.00700942,0.913495|0.989114|0.905667|0.940839|0.980295|0.906689|0.927416|0.928891|0.914007|0.928968|0.936282|0.948026|0.911519|0.908496,2.71048|4.18964|2.54377|6.22041|4.49412|0.509572|3.48682|5.08644|0.728108|0.109|4.51941|3.34163|4.41064|2.75743,79.8117|37.015|83.9106|51.9585|67.5745|18.2346|55.6995|42.5138|72.2829|27.3162|81.3396|99.595|65.9961,0.202212|0.202219|0.213953|0.16585|0.23069|0.181699|0.183873|0.241136|0.205105|0.244069|0.217219|0.169273|0.243547,0.147038|0.790314|0.402307|0.678346|0.610727|0.244388|0.713165|0.206168|0.996881|0.359487|0.294058|0.23207|0.928618,0.904667,0.887647,0.128239,0.443169,0.0828321,0.54922,0.253495,0.516004,0.226897,0.823074,78.9323,6.77635e-13,54008,0.832037,77.8406,9.63242e-13,32789,0.821844,0.944121,0.0443767,0.51828,0.332244,0.52747,0.0679451,0.544083,0.096402,0.818693,31.6275,1.97589e-13,52186,0.845045,89.7441,1.17089e-11,31003
10,74,n1->n11->n21->n22->n23->n13->n14->n15->n16->n17->n7->n8->n9->n10,5.00949e+11|4.11551e+13|2.24457e+13|1.93553e+13|1.5238e+09|3.3596e+12|4.27688e+09|1.38797e+12|3.00334e+11|1.21221e+11|4.11056e+10|9.40752e+09|4.09299e+12|1.05286e+12,1.42812e+11|1.48663e+13|7.42758e+12|2.74511e+12|1.20387e+09|4.83085e+11|1.0558e+09|1.97223e+11|7.37672e+10|4.83282e+10|4.31733e+09|3.97206e+09|1.54858e+12|2.54031e+11,3.0181e-05|5.20523e-05|9.1332e-05|5.97411e-05|0.000436525|5.37832e-05|0.000636693|1.3996e-05|5.95091e-05|0.000165097|0.000205358|0.000346789|1.37772e-05|0.000119811,0.000310334|0.00656769|0.003173|0.000129789|0.00111897|0.00012197|0.00566749|0.00169529|0.000170398|0.00195184|0.00168599|0.000202733|0.00405437|0.0025508,0.00924861|0.0194316|0.0413095|0.0204439|0.0352893|0.0278304|0.0161796|0.0250138|0.0432795|0.0348952|0.0452155|0.0159192|0.0461418|0.0252238,0.0315742|0.0254573|0.0382423|0.0386141|0.00519581|0.0497469|0.0339305|0.0119018|0.0304577|0.0051677|0.0238427|0.04339|0.00266386|0.00700942,0.913495|0.911067|0.936521|0.918718|0.980295|0.940839|0.984185|0.927813|0.91388|0.928968|0.932747|0.948026|0.911519|0.908496,2.71048|4.63323|4.03334|3.40478|4.49412|6.22041|4.81843|2.46356|2.66328|0.109|3.21396|3.34163|4.41064|2.75743,30.2686|65.1286|34.0839|55.8812|51.9585|56.34|92.5451|56.2706|32.2763|59.8148|55.4093|99.595|65.9961,0.189746|0.178609|0.223961|0.24392|0.16585|0.177304|0.219123|0.226874|0.164452|0.243915|0.21027|0.169273|0.243547,0.114018|0.433728|0.974725|0.667566|0.678346|0.349691|0.854651|0.221237|0.241087|0.689629|0.673098|0.23207|0.928618,0.904667,0.887647,0.128239,0.443169,0.0828321,0.54922,0.253495,0.516004,0.226897,0.823074,78.9323,6.77635e-13,54008,0.832037,77.8406,9.63242e-13,32789,0.821844,0.944121,0.0443767,0.51828,0.332244,0.52747,0.0679451,0.544083,0.096402,0.818693,31.6275,1.97589e-13,52186,0.845045,89.7441,1.17089e-11,31003
10,75,n1->n2->n3->n13->n14->n15->n5->n6->n7->n17->n18->n8->n9->n10,5.00949e+11|1.80448e+11|4.03193e+13|3.3596e+12|4.27688e+09|1.38797e+12|1.51209e+10|9.02929e+10|4.11056e+10|1.21221e+11|1.87589e+11|9.40752e+09|4.09299e+12|1.05286e+12,1.42812e+11|2.83365e+10|7.28384e+12|4.83085e+11|1.0558e+09|1.97223e+11|1.22326e+10|1.02249e+10|4.31733e+09|4.83282e+10|5.0424e+10|3.97206e+09|1.54858e+12|2.54031e+11,3.0181e-05|2.2775e-05|0.000517639|5.37832e-05|0.000636693|1.3996e-05|0.000336804|0.000995263|0.000205358|0.000165097|0.000294208|0.000346789|1.37772e-05|0.000119811,0.000310334|0.000399313|0.000530329|0.00012197|0.00566749|0.00169529|0.000821598|0.00674185|0.00168599|0.00195184|0.000215891|0.000202733|0.00405437|0.0025508,0.00924861|0.00541507|0.00720975|0.0278304|0.0161796|0.0250138|0.0477712|0.0292399|0.0452155|0.0348952|0.0315747|0.0159192|0.0461418|0.0252238,0.0315742|0.00943238|0.0402354|0.0497469|0.0339305|0.0119018|0.00263917|0.0108922|0.0238427|0.0051677|0.0153347|0.04339|0.00266386|0.00700942,0.913495|0.989114|0.905667|0.940839|0.984185|0.927813|0.984899|0.926294|0.932747|0.928968|0.936282|0.948026|0.911519|0.908496,2.71048|4.18964|2.54377|6.22041|4.81843|2.46356|0.379676|2.82456|3.21396|0.109|4.51941|3.34163|4.41064|2.75743,79.8117|37.015|83.9106|56.34|92.5451|35.0583|37.2729|32.9383|59.8148|27.3162|81.3396|99.595|65.9961,0.202212|0.202219|0.213953|0.177304|0.219123|0.204588|0.218852|0.177423|0.243915|0.244069|0.217219|0.169273|0.243547,0.147038|0.790314|0.402307|0.349691|0.854651|0.102366|0.233286|0.668561|0.689629|0.359487|0.294058|0.23207|0.928618,0.904667,0.887647,0.128239,0.443169,0.0828321,0.54922,0.253495,0.516004,0.226897,0.823074,78.9323,6.77635e-13,54008,0.832037,77.8406,9.63242e-13,32789,0.821844,0.944121,0.0443767,0.51828,0.332244,0.52747,0.0679451,0.544083,0.096402,0.818693,31.6275,1.97589e-13,52186,0.845045,89.7441,1.17089e-11,31003
10,76,n1->n2->n12->n22->n23->n13->n3->n4->n5->n6->n7->n8->n9->n10,5.00949e+11|1.80448e+11|3.17333e+12|1.93553e+13|1.5238e+09|3.3596e+12|4.03193e+13|1.24903e+13|1.51209e+10|9.02929e+10|4.11056e+10|9.40752e+09|4.09299e+12|1.05286e+12,1.42812e+11|2.83365e+10|1.97587e+12|2.74511e+12|1.20387e+09|4.83085e+11|7.28384e+12|5.17319e+12|1.22326e+10|1.02249e+10|4.31733e+09|3.97206e+09|1.54858e+12|2.54031e+11,3.0181e-05|2.2775e-05|4.47077e-05|5.97411e-05|0.000436525|5.37832e-05|0.000517639|0.000108675|0.000336804|0.000995263|0.000205358|0.000346789|1.37772e-05|0.000119811,0.000310334|0.000399313|0.000744915|0.000129789|0.00111897|0.00012197|0.000530329|0.000509645|0.000821598|0.00674185|0.00168599|0.000202733|0.00405437|0.0025508,0.00924861|0.00541507|0.00841709|0.0204439|0.0352893|0.0278304|0.00720975|0.00375279|0.0477712|0.0292399|0.0452155|0.0159192|0.0461418|0.0252238,0.0315742|0.00943238|0.0482252|0.0386141|0.00519581|0.0497469|0.0402354|0.0495486|0.00263917|0.0108922|0.0238427|0.04339|0.00266386|0.00700942,0.913495|0.989114|0.908177|0.918718|0.980295|0.940839|0.905667|0.916604|0.984899|0.926294|0.932747|0.948026|0.911519|0.908496,2.71048|4.18964|4.07787|3.40478|4.49412|6.22041|2.54377|1.60415|0.379676|2.82456|3.21396|3.34163|4.41064|2.75743,79.8117|88.6198|13.2112|55.8812|51.9585|83.9106|10.4739|81.7362|37.2729|32.9383|55.4093|99.595|65.9961,0.202212|0.16902|0.186408|0.24392|0.16585|0.213953|0.212578|0.223931|0.218852|0.177423|0.21027|0.169273|0.243547,0.147038|0.7617|0.577028|0.667566|0.678346|0.402307|0.554145|0.801699|0.233286|0.668561|0.673098|0.23207|0.928618,0.904667,0.887647,0.128239,0.443169,0.0828321,0.54922,0.253495,0.516004,0.226897,0.823074,78.9323,6.77635e-13,54008,0.832037,77.8406,9.63242e-13,32789,0.821844,0.944121,0.0443767,0.51828,0.332244,0.52747,0.0679451,0.544083,0.096402,0.818693,31.6275,1.97589e-13,52186,0.845045,89.7441,1.17089e-11,31003
10,77,n1->n2->n3->n13->n23->n24->n14->n4->n5->n6->n7->n8->n9->n10,5.00949e+11|1.80448e+11|4.03193e+13|3.3596e+12|1.5238e+09|3.97958e+09|4.27688e+09|1.24903e+13|1.51209e+10|9.02929e+10|4.11056e+10|9.40752e+09|4.09299e+12|1.05286e+12,1.42812e+11|2.83365e+10|7.28384e+12|4.83085e+11|1.20387e+09|3.8065e+09|1.0558e+09|5.17319e+12|1.22326e+10|1.02249e+10|4.31733e+09|3.97206e+09|1.54858e+12|2.54031e+11,3.0181e-05|2.2775e-05|0.000517639|5.37832e-05|0.000436525|1.10933e-05|0.000636693|0.000108675|0.000336804|0.000995263|0.000205358|0.000346789|1.37772e-05|0.000119811,0.000310334|0.000399313|0.000530329|0.00012197|0.00111897|0.00180726|0.00566749|0.000509645|0.000821598|0.00674185|0.00168599|0.000202733|0.00405437|0.0025508,0.00924861|0.00541507|0.00720975|0.0278304|0.0352893|0.00858775|0.0161796|0.00375279|0.0477712|0.0292399|0.0452155|0.0159192|0.0461418|0.0252238,0.0315742|0.00943238|0.0402354|0.0497469|0.00519581|0.0359629|0.0339305|0.0495486|0.00263917|0.0108922|0.0238427|0.04339|0.00266386|0.00700942,0.913495|0.989114|0.905667|0.940839|0.980295|0.906689|0.984185|0.916604|0.984899|0.926294|0.932747|0.948026|0.911519|0.908496,2.71048|4.18964|2.54377|6.22041|4.49412|0.509572|4.81843|1.60415|0.379676|2.82456|3.21396|3.34163|4.41064|2.75743,79.8117|37.015|83.9106|51.9585|67.5745|66.6304|52.1141|81.7362|37.2729|32.9383|55.4093|99.595|65.9961,0.202212|0.202219|0.213953|0.16585|0.23069|0.23844|0.23004|0.223931|0.218852|0.177423|0.21027|0.169273|0.243547,0.147038|0.790314|0.402307|0.678346|0.610727|0.244053|0.342514|0.801699|0.233286|0.668561|0.673098|0.23207|0.928618,0.904667,0.887647,0.128239,0.443169,0.0828321,0.54922,0.253495,0.516004,0.226897,0.823074,78.9323,6.77635e-13,54008,0.832037,77.8406,9.63242e-13,32789,0.821844,0.944121,0.0443767,0.51828,0.332244,0.52747,0.0679451,0.544083,0.096402,0.818693,31.6275,1.97589e-13,52186,0.845045,89.7441,1.17089e-11,31003
10,78,n1->n2->n12->n13->n14->n24->n25->n26->n27->n17->n18->n19->n9->n10,5.00949e+11|1.80448e+11|3.17333e+12|3.3596e+12|4.27688e+09|3.97958e+09|2.14516e+11|5.66393e+13|4.48678e+13|1.21221e+11|1.87589e+11|2.27898e+09|4.09299e+12|1.05286e+12,1.42812e+11|2.83365e+10|1.97587e+12|4.83085e+11|1.0558e+09|3.8065e+09|2.11577e+11|1.21816e+13|1.91882e+13|4.83282e+10|5.0424e+10|5.01791e+08|1.54858e+12|2.54031e+11,3.0181e-05|2.2775e-05|4.47077e-05|5.37832e-05|0.000636693|1.10933e-05|3.573e-05|7.56504e-05|0.00017671|0.000165097|0.000294208|6.06243e-05|1.37772e-05|0.000119811,0.000310334|0.000399313|0.000744915|0.00012197|0.00566749|0.00180726|0.00167902|0.00599276|0.00060257|0.00195184|0.000215891|0.00270084|0.00405437|0.0025508,0.00924861|0.00541507|0.00841709|0.0278304|0.0161796|0.00858775|0.02593|0.0166249|0.000624187|0.0348952|0.0315747|0.00996122|0.0461418|0.0252238,0.0315742|0.00943238|0.0482252|0.0497469|0.0339305|0.0359629|0.042106|0.0190337|0.00869688|0.0051677|0.0153347|0.0473706|0.00266386|0.00700942,0.913495|0.989114|0.908177|0.940839|0.984185|0.906689|0.927416|0.928891|0.914007|0.928968|0.936282|0.994787|0.911519|0.908496,2.71048|4.18964|4.07787|6.22041|4.81843|0.509572|3.48682|5.08644|0.728108|0.109|4.51941|5.14536|4.41064|2.75743,79.8117|88.6198|13.9548|56.34|66.6304|18.2346|55.6995|42.5138|72.2829|27.3162|28.0546|99.0064|65.9961,0.202212|0.16902|0.245775|0.177304|0.23844|0.181699|0.183873|0.241136|0.205105|0.244069|0.210998|0.245379|0.243547,0.147038|0.7617|0.861041|0.349691|0.244053|0.244388|0.713165|0.206168|0.996881|0.359487|0.470346|0.363657|0.928618,0.904667,0.887647,0.128239,0.443169,0.0828321,0.54922,0.253495,0.516004,0.226897,0.823074,78.9323,6.77635e-13,54008,0.832037,77.8406,9.63242e-13,32789,0.821844,0.944121,0.0443767,0.51828,0.332244,0.52747,0.0679451,0.544083,0.096402,0.818693,31.6275,1.97589e-13,52186,0.845045,89.7441,1.17089e-11,31003
10,79,n1->n2->n12->n22->n23->n13->n14->n15->n16->n6->n7->n8->n9->n10,5.00949e+11|1.80448e+11|3.17333e+12|1.93553e+13|1.5238e+09|3.3596e+12|4.27688e+09|1.38797e+12|3.00334e+11|9.02929e+10|4.11056e+10|9.40752e+09|4.09299e+12|1.05286e+12,1.42812e+11|2.83365e+10|1.97587e+12|2.74511e+12|1.20387e+09|4.83085e+11|1.0558e+09|1.97223e+11|7.37672e+10|1.02249e+10|4.31733e+09|3.97206e+09|1.54858e+12|2.54031e+11,3.0181e-05|2.2775e-05|4.47077e-05|5.97411e-05|0.000436525|5.37832e-05|0.000636693|1.3996e-05|5.95091e-05|0.000995263|0.000205358|0.000346789|1.37772e-05|0.000119811,0.000310334|0.000399313|0.000744915|0.000129789|0.00111897|0.00012197|0.00566749|0.00169529|0.000170398|0.00674185|0.00168599|0.000202733|0.00405437|0.0025508,0.00924861|0.00541507|0.00841709|0.0204439|0.0352893|0.0278304|0.0161796|0.0250138|0.0432795|0.0292399|0.0452155|0.0159192|0.0461418|0.0252238,0.0315742|0.00943238|0.0482252|0.0386141|0.00519581|0.0497469|0.0339305|0.0119018|0.0304577|0.0108922|0.0238427|0.04339|0.00266386|0.00700942,0.913495|0.989114|0.908177|0.918718|0.980295|0.940839|0.984185|0.927813|0.91388|0.926294|0.932747|0.948026|0.911519|0.908496,2.71048|4.18964|4.07787|3.40478|4.49412|6.22041|4.81843|2.46356|2.66328|2.82456|3.21396|3.34163|4.41064|2.75743,79.8117|88.6198|13.2112|55.8812|51.9585|56.34|92.5451|56.2706|50.0569|32.9383|55.4093|99.595|65.9961,0.202212|0.16902|0.186408|0.24392|0.16585|0.177304|0.219123|0.226874|0.238693|0.177423|0.21027|0.169273|0.243547,0.147038|0.7617|0.577028|0.667566|0.678346|0.349691|0.854651|0.221237|0.144125|0.668561|0.673098|0.23207|0.928618,0.904667,0.887647,0.128239,0.443169,0.0828321,0.54922,0.253495,0.516004,0.226897,0.823074,78.9323,6.77635e-13,54008,0.832037,77.8406,9.63242e-13,32789,0.821844,0.944121,0.0443767,0.51828,0.332244,0.52747,0.0679451,0.544083,0.096402,0.818693,31.6275,1.97589e-13,52186,0.845045,89.7441,1.17089e-11,31003
10,80,n1->n11->n21->n22->n12->n13->n14->n15->n16->n17->n18->n19->n20->n10,5.00949e+11|4.11551e+13|2.24457e+13|1.93553e+13|3.17333e+12|3.3596e+12|4.27688e+09|1.38797e+12|3.00334e+11|1.21221e+11|1.87589e+11|2.27898e+09|3.15183e+10|1.05286e+12,1.42812e+11|1.48663e+13|7.42758e+12|2.74511e+12|1.97587e+12|4.83085e+11|1.0558e+09|1.97223e+11|7.37672e+10|4.83282e+10|5.0424e+10|5.01791e+08|1.45355e+10|2.54031e+11,3.0181e-05|5.20523e-05|9.1332e-05|5.97411e-05|4.47077e-05|5.37832e-05|0.000636693|1.3996e-05|5.95091e-05|0.000165097|0.000294208|6.06243e-05|1.46655e-05|0.000119811,0.000310334|0.00656769|0.003173|0.000129789|0.000744915|0.00012197|0.00566749|0.00169529|0.000170398|0.00195184|0.000215891|0.00270084|0.00552788|0.0025508,0.00924861|0.0194316|0.0413095|0.0204439|0.00841709|0.0278304|0.0161796|0.0250138|0.0432795|0.0348952|0.0315747|0.00996122|0.0257996|0.0252238,0.0315742|0.0254573|0.0382423|0.0386141|0.0482252|0.0497469|0.0339305|0.0119018|0.0304577|0.0051677|0.0153347|0.0473706|0.00882196|0.00700942,0.913495|0.911067|0.936521|0.918718|0.908177|0.940839|0.984185|0.927813|0.91388|0.928968|0.936282|0.994787|0.931105|0.908496,2.71048|4.63323|4.03334|3.40478|4.07787|6.22041|4.81843|2.46356|2.66328|0.109|4.51941|5.14536|5.03122|2.75743,30.2686|65.1286|34.0839|13.2112|13.9548|56.34|92.5451|56.2706|32.2763|27.3162|28.0546|10.3361|29.3778,0.189746|0.178609|0.223961|0.186408|0.245775|0.177304|0.219123|0.226874|0.164452|0.244069|0.210998|0.176155|0.224525,0.114018|0.433728|0.974725|0.577028|0.861041|0.349691|0.854651|0.221237|0.241087|0.359487|0.470346|0.581828|0.696713,0.904667,0.887647,0.128239,0.443169,0.0828321,0.54922,0.253495,0.516004,0.226897,0.823074,78.9323,6.77635e-13,54008,0.832037,77.8406,9.63242e-13,32789,0.821844,0.944121,0.0443767,0.51828,0.332244,0.52747,0.0679451,0.544083,0.096402,0.818693,31.6275,1.97589e-13,52186,0.845045,89.7441,1.17089e-11,31003
10,81,n1->n2->n3->n4->n14->n13->n23->n24->n25->n15->n5->n6->n7->n8->n9->n10,5.00949e+11|1.80448e+11|4.03193e+13|1.24903e+13|4.27688e+09|3.3596e+12|1.5238e+09|3.97958e+09|2.14516e+11|1.38797e+12|1.51209e+10|9.02929e+10|4.11056e+10|9.40752e+09|4.09299e+12|1.05286e+12,1.42812e+11|2.83365e+10|7.28384e+12|5.17319e+12|1.0558e+09|4.83085e+11|1.20387e+09|3.8065e+09|2.11577e+11|1.97223e+11|1.22326e+10|1.02249e+10|4.31733e+09|3.97206e+09|1.54858e+12|2.54031e+11,3.0181e-05|2.2775e-05|0.000517639|0.000108675|0.000636693|5.37832e-05|0.000436525|1.10933e-05|3.573e-05|1.3996e-05|0.000336804|0.000995263|0.000205358|0.000346789|1.37772e-05|0.000119811,0.000310334|0.000399313|0.000530329|0.000509645|0.00566749|0.00012197|0.00111897|0.00180726|0.00167902|0.00169529|0.000821598|0.00674185|0.00168599|0.000202733|0.00405437|0.0025508,0.00924861|0.00541507|0.00720975|0.00375279|0.0161796|0.0278304|0.0352893|0.00858775|0.02593|0.0250138|0.0477712|0.0292399|0.0452155|0.0159192|0.0461418|0.0252238,0.0315742|0.00943238|0.0402354|0.0495486|0.0339305|0.0497469|0.00519581|0.0359629|0.042106|0.0119018|0.00263917|0.0108922|0.0238427|0.04339|0.00266386|0.00700942,0.913495|0.989114|0.905667|0.916604|0.984185|0.940839|0.980295|0.906689|0.927416|0.927813|0.984899|0.926294|0.932747|0.948026|0.911519|0.908496,2.71048|4.18964|2.54377|1.60415|4.81843|6.22041|4.49412|0.509572|3.48682|2.46356|0.379676|2.82456|3.21396|3.34163|4.41064|2.75743,79.8117|37.015|10.4739|52.1141|56.34|51.9585|67.5745|18.2346|54.7186|35.0583|37.2729|32.9383|55.4093|99.595|65.9961,0.202212|0.202219|0.212578|0.23004|0.177304|0.16585|0.23069|0.181699|0.193634|0.204588|0.218852|0.177423|0.21027|0.169273|0.243547,0.147038|0.790314|0.554145|0.342514|0.349691|0.678346|0.610727|0.244388|0.563983|0.102366|0.233286|0.668561|0.673098|0.23207|0.928618,0.904667,0.887647,0.128239,0.443169,0.0828321,0.54922,0.253495,0.516004,0.226897,0.823074,78.9323,6.77635e-13,54008,0.832037,77.8406,9.63242e-13,32789,0.821844,0.944121,0.0443767,0.51828,0.332244,0.52747,0.0679451,0.544083,0.096402,0.818693,31.6275,1.97589e-13,52186,0.845045,89.7441,1.17089e-11,31003
10,82,n1->n2->n12->n22->n32->n33->n34->n24->n25->n15->n5->n6->n7->n8->n9->n10,5.00949e+11|1.80448e+11|3.17333e+12|1.93553e+13|3.52429e+12|3.16984e+11|7.06025e+13|3.97958e+09|2.14516e+11|1.38797e+12|1.51209e+10|9.02929e+10|4.11056e+10|9.40752e+09|4.09299e+12|1.05286e+12,1.42812e+11|2.83365e+10|1.97587e+12|2.74511e+12|1.86055e+12|2.67303e+11|4.11307e+13|3.8065e+09|2.11577e+11|1.97223e+11|1.22326e+10|1.02249e+10|4.31733e+09|3.97206e+09|1.54858e+12|2.54031e+11,3.0181e-05|2.2775e-05|4.47077e-05|5.97411e-05|1.35743e-05|2.21023e-05|0.000222735|1.10933e-05|3.573e-05|1.3996e-05|0.000336804|0.000995263|0.000205358|0.000346789|1.37772e-05|0.000119811,0.000310334|0.000399313|0.000744915|0.000129789|0.000278749|0.000140997|0.00027914|0.00180726|0.00167902|0.00169529|0.000821598|0.00674185|0.00168599|0.000202733|0.00405437|0.0025508,0.00924861|0.00541507|0.00841709|0.0204439|0.000648378|0.0458653|0.0256545|0.00858775|0.02593|0.0250138|0.0477712|0.0292399|0.0452155|0.0159192|0.0461418|0.0252238,0.0315742|0.00943238|0.0482252|0.0386141|0.0254904|0.0451391|0.0411288|0.0359629|0.042106|0.0119018|0.00263917|0.0108922|0.0238427|0.04339|0.00266386|0.00700942,0.913495|0.989114|0.908177|0.918718|0.983201|0.964882|0.981725|0.906689|0.927416|0.927813|0.984899|0.926294|0.932747|0.948026|0.911519|0.908496,2.71048|4.18964|4.07787|3.40478|3.82994|1.54553|3.52757|0.509572|3.48682|2.46356|0.379676|2.82456|3.21396|3.34163|4.41064|2.75743,79.8117|88.6198|13.2112|86.2435|67.4197|23.5709|58.7029|18.2346|54.7186|35.0583|37.2729|32.9383|55.4093|99.595|65.9961,0.202212|0.16902|0.186408|0.163424|0.184992|0.184318|0.215243|0.181699|0.193634|0.204588|0.218852|0.177423|0.21027|0.169273|0.243547,0.147038|0.7617|0.577028|0.16961|0.207188|0.626236|0.894181|0.244388|0.563983|0.102366|0.233286|0.668561|0.673098|0.23207|0.928618,0.904667,0.887647,0.128239,0.443169,0.0828321,0.54922,0.253495,0.516004,0.226897,0.823074,78.9323,6.77635e-13,54008,0.832037,77.8406,9.63242e-13,32789,0.821844,0.944121,0.0443767,0.51828,0.332244,0.52747,0.0679451,0.544083,0.096402,0.818693,31.6275,1.97589e-13,52186,0.845045,89.7441,1.17089e-11,31003
10,83,n1->n11->n21->n22->n32->n33->n23->n24->n25->n26->n27->n28->n18->n19->n9->n10,5.00949e+11|4.11551e+13|2.24457e+13|1.93553e+13|3.52429e+12|3.16984e+11|1.5238e+09|3.97958e+09|2.14516e+11|5.66393e+13|4.48678e+13|1.8631e+12|1.87589e+11|2.27898e+09|4.09299e+12|1.05286e+12,1.42812e+11|1.48663e+13|7.42758e+12|2.74511e+12|1.86055e+12|2.67303e+11|1.20387e+09|3.8065e+09|2.11577e+11|1.21816e+13|1.91882e+13|2.55027e+11|5.0424e+10|5.01791e+08|1.54858e+12|2.54031e+11,3.0181e-05|5.20523e-05|9.1332e-05|5.97411e-05|1.35743e-05|2.21023e-05|0.000436525|1.10933e-05|3.573e-05|7.56504e-05|0.00017671|1.48343e-05|0.000294208|6.06243e-05|1.37772e-05|0.000119811,0.000310334|0.00656769|0.003173|0.000129789|0.000278749|0.000140997|0.00111897|0.00180726|0.00167902|0.00599276|0.00060257|0.000582322|0.000215891|0.00270084|0.00405437|0.0025508,0.00924861|0.0194316|0.0413095|0.0204439|0.000648378|0.0458653|0.0352893|0.00858775|0.02593|0.0166249|0.000624187|0.0124511|0.0315747|0.00996122|0.0461418|0.0252238,0.0315742|0.0254573|0.0382423|0.0386141|0.0254904|0.0451391|0.00519581|0.0359629|0.042106|0.0190337|0.00869688|0.00729303|0.0153347|0.0473706|0.00266386|0.00700942,0.913495|0.911067|0.936521|0.918718|0.983201|0.964882|0.980295|0.906689|0.927416|0.928891|0.914007|0.913882|0.936282|0.994787|0.911519|0.908496,2.71048|4.63323|4.03334|3.40478|3.82994|1.54553|4.49412|0.509572|3.48682|5.08644|0.728108|1.60979|4.51941|5.14536|4.41064|2.75743,30.2686|65.1286|34.0839|86.2435|67.4197|76.7594|67.5745|18.2346|55.6995|42.5138|15.3326|43.2583|28.0546|99.0064|65.9961,0.189746|0.178609|0.223961|0.163424|0.184992|0.210887|0.23069|0.181699|0.183873|0.241136|0.192626|0.243681|0.210998|0.245379|0.243547,0.114018|0.433728|0.974725|0.16961|0.207188|0.891879|0.610727|0.244388|0.713165|0.206168|0.456993|0.300248|0.470346|0.363657|0.928618,0.904667,0.887647,0.128239,0.443169,0.0828321,0.54922,0.253495,0.516004,0.226897,0.823074,78.9323,6.77635e-13,54008,0.832037,77.8406,9.63242e-13,32789,0.821844,0.944121,0.0443767,0.51828,0.332244,0.52747,0.0679451,0.544083,0.096402,0.818693,31.6275,1.97589e-13,52186,0.845045,89.7441,1.17089e-11,31003
10,84,n1->n2->n12->n13->n3->n4->n5->n6->n16->n26->n27->n28->n18->n19->n20->n10,5.00949e+11|1.80448e+11|3.17333e+12|3.3596e+12|4.03193e+13|1.24903e+13|1.51209e+10|9.02929e+10|3.00334e+11|5.66393e+13|4.48678e+13|1.8631e+12|1.87589e+11|2.27898e+09|3.15183e+10|1.05286e+12,1.42812e+11|2.83365e+10|1.97587e+12|4.83085e+11|7.28384e+12|5.17319e+12|1.22326e+10|1.02249e+10|7.37672e+10|1.21816e+13|1.91882e+13|2.55027e+11|5.0424e+10|5.01791e+08|1.45355e+10|2.54031e+11,3.0181e-05|2.2775e-05|4.47077e-05|5.37832e-05|0.000517639|0.000108675|0.000336804|0.000995263|5.95091e-05|7.56504e-05|0.00017671|1.48343e-05|0.000294208|6.06243e-05|1.46655e-05|0.000119811,0.000310334|0.000399313|0.000744915|0.00012197|0.000530329|0.000509645|0.000821598|0.00674185|0.000170398|0.00599276|0.00060257|0.000582322|0.000215891|0.00270084|0.00552788|0.0025508,0.00924861|0.00541507|0.00841709|0.0278304|0.00720975|0.00375279|0.0477712|0.0292399|0.0432795|0.0166249|0.000624187|0.0124511|0.0315747|0.00996122|0.0257996|0.0252238,0.0315742|0.00943238|0.0482252|0.0497469|0.0402354|0.0495486|0.00263917|0.0108922|0.0304577|0.0190337|0.00869688|0.00729303|0.0153347|0.0473706|0.00882196|0.00700942,0.913495|0.989114|0.908177|0.940839|0.905667|0.916604|0.984899|0.926294|0.91388|0.928891|0.914007|0.913882|0.936282|0.994787|0.931105|0.908496,2.71048|4.18964|4.07787|6.22041|2.54377|1.60415|0.379676|2.82456|2.66328|5.08644|0.728108|1.60979|4.51941|5.14536|5.03122|2.75743,79.8117|88.6198|13.9548|83.9106|10.4739|81.7362|37.2729|50.0569|11.0615|42.5138|15.3326|43.2583|28.0546|10.3361|29.3778,0.202212|0.16902|0.245775|0.213953|0.212578|0.223931|0.218852|0.238693|0.1844|0.241136|0.192626|0.243681|0.210998|0.176155|0.224525,0.147038|0.7617|0.861041|0.402307|0.554145|0.801699|0.233286|0.144125|0.214788|0.206168|0.456993|0.300248|0.470346|0.581828|0.696713,0.904667,0.887647,0.128239,0.443169,0.0828321,0.54922,0.253495,0.516004,0.226897,0.823074,78.9323,6.77635e-13,54008,0.832037,77.8406,9.63242e-13,32789,0.821844,0.944121,0.0443767,0.51828,0.332244,0.52747,0.0679451,0.544083,0.096402,0.818693,31.6275,1.97589e-13,52186,0.845045,89.7441,1.17089e-11,31003
10,85,n1->n2->n12->n11->n21->n22->n23->n24->n25->n26->n16->n6->n7->n8->n9->n10,5.00949e+11|1.80448e+11|3.17333e+12|4.11551e+13|2.24457e+13|1.93553e+13|1.5238e+09|3.97958e+09|2.14516e+11|5.66393e+13|3.00334e+11|9.02929e+10|4.11056e+10|9.40752e+09|4.09299e+12|1.05286e+12,1.42812e+11|2.83365e+10|1.97587e+12|1.48663e+13|7.42758e+12|2.74511e+12|1.20387e+09|3.8065e+09|2.11577e+11|1.21816e+13|7.37672e+10|1.02249e+10|4.31733e+09|3.97206e+09|1.54858e+12|2.54031e+11,3.0181e-05|2.2775e-05|4.47077e-05|5.20523e-05|9.1332e-05|5.97411e-05|0.000436525|1.10933e-05|3.573e-05|7.56504e-05|5.95091e-05|0.000995263|0.000205358|0.000346789|1.37772e-05|0.000119811,0.000310334|0.000399313|0.000744915|0.00656769|0.003173|0.000129789|0.00111897|0.00180726|0.00167902|0.00599276|0.000170398|0.00674185|0.00168599|0.000202733|0.00405437|0.0025508,0.00924861|0.00541507|0.00841709|0.0194316|0.0413095|0.0204439|0.0352893|0.00858775|0.02593|0.0166249|0.0432795|0.0292399|0.0452155|0.0159192|0.0461418|0.0252238,0.0315742|0.00943238|0.0482252|0.0254573|0.0382423|0.0386141|0.00519581|0.0359629|0.042106|0.0190337|0.0304577|0.0108922|0.0238427|0.04339|0.00266386|0.00700942,0.913495|0.989114|0.908177|0.911067|0.936521|0.918718|0.980295|0.906689|0.927416|0.928891|0.91388|0.926294|0.932747|0.948026|0.911519|0.908496,2.71048|4.18964|4.07787|4.63323|4.03334|3.40478|4.49412|0.509572|3.48682|5.08644|2.66328|2.82456|3.21396|3.34163|4.41064|2.75743,79.8117|88.6198|24.4191|65.1286|34.0839|55.8812|67.5745|18.2346|55.6995|11.0615|50.0569|32.9383|55.4093|99.595|65.9961,0.202212|0.16902|0.163204|0.178609|0.223961|0.24392|0.23069|0.181699|0.183873|0.1844|0.238693|0.177423|0.21027|0.169273|0.243547,0.147038|0.7617|0.339009|0.433728|0.974725|0.667566|0.610727|0.244388|0.713165|0.214788|0.144125|0.668561|0.673098|0.23207|0.928618,0.904667,0.887647,0.128239,0.443169,0.0828321,0.54922,0.253495,0.516004,0.226897,0.823074,78.9323,6.77635e-13,54008,0.832037,77.8406,9.63242e-13,32789,0.821844,0.944121,0.0443767,0.51828,0.332244,0.52747,0.0679451,0.544083,0.096402,0.818693,31.6275,1.97589e-13,52186,0.845045,89.7441,1.17089e-11,31003
10,86,n1->n2->n3->n13->n12->n22->n23->n24->n14->n4->n5->n6->n7->n8->n9->n10,5.00949e+11|1.80448e+11|4.03193e+13|3.3596e+12|3.17333e+12|1.93553e+13|1.5238e+09|3.97958e+09|4.27688e+09|1.24903e+13|1.51209e+10|9.02929e+10|4.11056e+10|9.40752e+09|4.09299e+12|1.05286e+12,1.42812e+11|2.83365e+10|7.28384e+12|4.83085e+11|1.97587e+12|2.74511e+12|1.20387e+09|3.8065e+09|1.0558e+09|5.17319e+12|1.22326e+10|1.02249e+10|4.31733e+09|3.97206e+09|1.54858e+12|2.54031e+11,3.0181e-05|2.2775e-05|0.000517639|5.37832e-05|4.47077e-05|5.97411e-05|0.000436525|1.10933e-05|0.000636693|0.000108675|0.000336804|0.000995263|0.000205358|0.000346789|1.37772e-05|0.000119811,0.000310334|0.000399313|0.000530329|0.00012197|0.000744915|0.000129789|0.00111897|0.00180726|0.00566749|0.000509645|0.000821598|0.00674185|0.00168599|0.000202733|0.00405437|0.0025508,0.00924861|0.00541507|0.00720975|0.0278304|0.00841709|0.0204439|0.0352893|0.00858775|0.0161796|0.00375279|0.0477712|0.0292399|0.0452155|0.0159192|0.0461418|0.0252238,0.0315742|0.00943238|0.0402354|0.0497469|0.0482252|0.0386141|0.00519581|0.0359629|0.0339305|0.0495486|0.00263917|0.0108922|0.0238427|0.04339|0.00266386|0.00700942,0.913495|0.989114|0.905667|0.940839|0.908177|0.918718|0.980295|0.906689|0.984185|0.916604|0.984899|0.926294|0.932747|0.948026|0.911519|0.908496,2.71048|4.18964|2.54377|6.22041|4.07787|3.40478|4.49412|0.509572|4.81843|1.60415|0.379676|2.82456|3.21396|3.34163|4.41064|2.75743,79.8117|37.015|83.9106|13.9548|13.2112|55.8812|67.5745|66.6304|52.1141|81.7362|37.2729|32.9383|55.4093|99.595|65.9961,0.202212|0.202219|0.213953|0.245775|0.186408|0.24392|0.23069|0.23844|0.23004|0.223931|0.218852|0.177423|0.21027|0.169273|0.243547,0.147038|0.790314|0.402307|0.861041|0.577028|0.667566|0.610727|0.244053|0.342514|0.801699|0.233286|0.668561|0.673098|0.23207|0.928618,0.904667,0.887647,0.128239,0.443169,0.0828321,0.54922,0.253495,0.516004,0.226897,0.823074,78.9323,6.77635e-13,54008,0.832037,77.8406,9.63242e-13,32789,0.821844,0.944121,0.0443767,0.51828,0.332244,0.52747,0.0679451,0.544083,0.096402,0.818693,31.6275,1.97589e-13,52186,0.845045,89.7441,1.17089e-11,31003
10,87,n1->n11->n12->n22->n32->n33->n34->n24->n14->n4->n5->n6->n7->n8->n9->n10,5.00949e+11|4.11551e+13|3.17333e+12|1.93553e+13|3.52429e+12|3.16984e+11|7.06025e+13|3.97958e+09|4.27688e+09|1.24903e+13|1.51209e+10|9.02929e+10|4.11056e+10|9.40752e+09|4.09299e+12|1.05286e+12,1.42812e+11|1.48663e+13|1.97587e+12|2.74511e+12|1.86055e+12|2.67303e+11|4.11307e+13|3.8065e+09|1.0558e+09|5.17319e+12|1.22326e+10|1.02249e+10|4.31733e+09|3.97206e+09|1.54858e+12|2.54031e+11,3.0181e-05|5.20523e-05|4.47077e-05|5.97411e-05|1.35743e-05|2.21023e-05|0.000222735|1.10933e-05|0.000636693|0.000108675|0.000336804|0.000995263|0.000205358|0.000346789|1.37772e-05|0.000119811,0.000310334|0.00656769|0.000744915|0.000129789|0.000278749|0.000140997|0.00027914|0.00180726|0.00566749|0.000509645|0.000821598|0.00674185|0.00168599|0.000202733|0.00405437|0.0025508,0.00924861|0.0194316|0.00841709|0.0204439|0.000648378|0.0458653|0.0256545|0.00858775|0.0161796|0.00375279|0.0477712|0.0292399|0.0452155|0.0159192|0.0461418|0.0252238,0.0315742|0.0254573|0.0482252|0.0386141|0.0254904|0.0451391|0.0411288|0.0359629|0.0339305|0.0495486|0.00263917|0.0108922|0.0238427|0.04339|0.00266386|0.00700942,0.913495|0.911067|0.908177|0.918718|0.983201|0.964882|0.981725|0.906689|0.984185|0.916604|0.984899|0.926294|0.932747|0.948026|0.911519|0.908496,2.71048|4.63323|4.07787|3.40478|3.82994|1.54553|3.52757|0.509572|4.81843|1.60415|0.379676|2.82456|3.21396|3.34163|4.41064|2.75743,30.2686|24.4191|13.2112|86.2435|67.4197|23.5709|58.7029|66.6304|52.1141|81.7362|37.2729|32.9383|55.4093|99.595|65.9961,0.189746|0.163204|0.186408|0.163424|0.184992|0.184318|0.215243|0.23844|0.23004|0.223931|0.218852|0.177423|0.21027|0.169273|0.243547,0.114018|0.339009|0.577028|0.16961|0.207188|0.626236|0.894181|0.244053|0.342514|0.801699|0.233286|0.668561|0.673098|0.23207|0.928618,0.904667,0.887647,0.128239,0.443169,0.0828321,0.54922,0.253495,0.516004,0.226897,0.823074,78.9323,6.77635e-13,54008,0.832037,77.8406,9.63242e-13,32789,0.821844,0.944121,0.0443767,0.51828,0.332244,0.52747,0.0679451,0.544083,0.096402,0.818693,31.6275,1.97589e-13,52186,0.845045,89.7441,1.17089e-11,31003
10,88,n1->n2->n12->n13->n23->n33->n34->n35->n25->n15->n5->n6->n7->n8->n9->n10,5.00949e+11|1.80448e+11|3.17333e+12|3.3596e+12|1.5238e+09|3.16984e+11|7.06025e+13|4.11121e+11|2.14516e+11|1.38797e+12|1.51209e+10|9.02929e+10|4.11056e+10|9.40752e+09|4.09299e+12|1.05286e+12,1.42812e+11|2.83365e+10|1.97587e+12|4.83085e+11|1.20387e+09|2.67303e+11|4.11307e+13|2.04952e+11|2.11577e+11|1.97223e+11|1.22326e+10|1.02249e+10|4.31733e+09|3.97206e+09|1.54858e+12|2.54031e+11,3.0181e-05|2.2775e-05|4.47077e-05|5.37832e-05|0.000436525|2.21023e-05|0.000222735|0.000113893|3.573e-05|1.3996e-05|0.000336804|0.000995263|0.000205358|0.000346789|1.37772e-05|0.000119811,0.000310334|0.000399313|0.000744915|0.00012197|0.00111897|0.000140997|0.00027914|0.000684482|0.00167902|0.00169529|0.000821598|0.00674185|0.00168599|0.000202733|0.00405437|0.0025508,0.00924861|0.00541507|0.00841709|0.0278304|0.0352893|0.0458653|0.0256545|0.00427095|0.02593|0.0250138|0.0477712|0.0292399|0.0452155|0.0159192|0.0461418|0.0252238,0.0315742|0.00943238|0.0482252|0.0497469|0.00519581|0.0451391|0.0411288|0.00630248|0.042106|0.0119018|0.00263917|0.0108922|0.0238427|0.04339|0.00266386|0.00700942,0.913495|0.989114|0.908177|0.940839|0.980295|0.964882|0.981725|0.972226|0.927416|0.927813|0.984899|0.926294|0.932747|0.948026|0.911519|0.908496,2.71048|4.18964|4.07787|6.22041|4.49412|1.54553|3.52757|0.154969|3.48682|2.46356|0.379676|2.82456|3.21396|3.34163|4.41064|2.75743,79.8117|88.6198|13.9548|51.9585|76.7594|23.5709|31.5608|88.4205|54.7186|35.0583|37.2729|32.9383|55.4093|99.595|65.9961,0.202212|0.16902|0.245775|0.16585|0.210887|0.184318|0.181809|0.173714|0.193634|0.204588|0.218852|0.177423|0.21027|0.169273|0.243547,0.147038|0.7617|0.861041|0.678346|0.891879|0.626236|0.752501|0.254718|0.563983|0.102366|0.233286|0.668561|0.673098|0.23207|0.928618,0.904667,0.887647,0.128239,0.443169,0.0828321,0.54922,0.253495,0.516004,0.226897,0.823074,78.9323,6.77635e-13,54008,0.832037,77.8406,9.63242e-13,32789,0.821844,0.944121,0.0443767,0.51828,0.332244,0.52747,0.0679451,0.544083,0.096402,0.818693,31.6275,1.97589e-13,52186,0.845045,89.7441,1.17089e-11,31003
10,89,n1->n11->n21->n22->n12->n2->n3->n4->n5->n15->n16->n6->n7->n8->n9->n10,5.00949e+11|4.11551e+13|2.24457e+13|1.93553e+13|3.17333e+12|1.80448e+11|4.03193e+13|1.24903e+13|1.51209e+10|1.38797e+12|3.00334e+11|9.02929e+10|4.11056e+10|9.40752e+09|4.09299e+12|1.05286e+12,1.42812e+11|1.48663e+13|7.42758e+12|2.74511e+12|1.97587e+12|2.83365e+10|7.28384e+12|5.17319e+12|1.22326e+10|1.97223e+11|7.37672e+10|1.02249e+10|4.31733e+09|3.97206e+09|1.54858e+12|2.54031e+11,3.0181e-05|5.20523e-05|9.1332e-05|5.97411e-05|4.47077e-05|2.2775e-05|0.000517639|0.000108675|0.000336804|1.3996e-05|5.95091e-05|0.000995263|0.000205358|0.000346789|1.37772e-05|0.000119811,0.000310334|0.00656769|0.003173|0.000129789|0.000744915|0.000399313|0.000530329|0.000509645|0.000821598|0.00169529|0.000170398|0.00674185|0.00168599|0.000202733|0.00405437|0.0025508,0.00924861|0.0194316|0.0413095|0.0204439|0.00841709|0.00541507|0.00720975|0.00375279|0.0477712|0.0250138|0.0432795|0.0292399|0.0452155|0.0159192|0.0461418|0.0252238,0.0315742|0.0254573|0.0382423|0.0386141|0.0482252|0.00943238|0.0402354|0.0495486|0.00263917|0.0119018|0.0304577|0.0108922|0.0238427|0.04339|0.00266386|0.00700942,0.913495|0.911067|0.936521|0.918718|0.908177|0.989114|0.905667|0.916604|0.984899|0.927813|0.91388|0.926294|0.932747|0.948026|0.911519|0.908496,2.71048|4.63323|4.03334|3.40478|4.07787|4.18964|2.54377|1.60415|0.379676|2.46356|2.66328|2.82456|3.21396|3.34163|4.41064|2.75743,30.2686|65.1286|34.0839|13.2112|88.6198|37.015|10.4739|81.7362|35.0583|56.2706|50.0569|32.9383|55.4093|99.595|65.9961,0.189746|0.178609|0.223961|0.186408|0.16902|0.202219|0.212578|0.223931|0.204588|0.226874|0.238693|0.177423|0.21027|0.169273|0.243547,0.114018|0.433728|0.974725|0.577028|0.7617|0.790314|0.554145|0.801699|0.102366|0.221237|0.144125|0.668561|0.673098|0.23207|0.928618,0.904667,0.887647,0.128239,0.443169,0.0828321,0.54922,0.253495,0.516004,0.226897,0.823074,78.9323,6.77635e-13,54008,0.832037,77.8406,9.63242e-13,32789,0.821844,0.944121,0.0443767,0.51828,0.332244,0.52747,0.0679451,0.544083,0.096402,0.818693,31.6275,1.97589e-13,52186,0.845045,89.7441,1.17089e-11,31003
10,90,n1->n2->n12->n11->n21->n22->n23->n13->n3->n4->n5->n6->n7->n8->n9->n10,5.00949e+11|1.80448e+11|3.17333e+12|4.11551e+13|2.24457e+13|1.93553e+13|1.5238e+09|3.3596e+12|4.03193e+13|1.24903e+13|1.51209e+10|9.02929e+10|4.11056e+10|9.40752e+09|4.09299e+12|1.05286e+12,1.42812e+11|2.83365e+10|1.97587e+12|1.48663e+13|7.42758e+12|2.74511e+12|1.20387e+09|4.83085e+11|7.28384e+12|5.17319e+12|1.22326e+10|1.02249e+10|4.31733e+09|3.97206e+09|1.54858e+12|2.54031e+11,3.0181e-05|2.2775e-05|4.47077e-05|5.20523e-05|9.1332e-05|5.97411e-05|0.000436525|5.37832e-05|0.000517639|0.000108675|0.000336804|0.000995263|0.000205358|0.000346789|1.37772e-05|0.000119811,0.000310334|0.000399313|0.000744915|0.00656769|0.003173|0.000129789|0.00111897|0.00012197|0.000530329|0.000509645|0.000821598|0.00674185|0.00168599|0.000202733|0.00405437|0.0025508,0.00924861|0.00541507|0.00841709|0.0194316|0.0413095|0.0204439|0.0352893|0.0278304|0.00720975|0.00375279|0.0477712|0.0292399|0.0452155|0.0159192|0.0461418|0.0252238,0.0315742|0.00943238|0.0482252|0.0254573|0.0382423|0.0386141|0.00519581|0.0497469|0.0402354|0.0495486|0.00263917|0.0108922|0.0238427|0.04339|0.00266386|0.00700942,0.913495|0.989114|0.908177|0.911067|0.936521|0.918718|0.980295|0.940839|0.905667|0.916604|0.984899|0.926294|0.932747|0.948026|0.911519|0.908496,2.71048|4.18964|4.07787|4.63323|4.03334|3.40478|4.49412|6.22041|2.54377|1.60415|0.379676|2.82456|3.21396|3.34163|4.41064|2.75743,79.8117|88.6198|24.4191|65.1286|34.0839|55.8812|51.9585|83.9106|10.4739|81.7362|37.2729|32.9383|55.4093|99.595|65.9961,0.202212|0.16902|0.163204|0.178609|0.223961|0.24392|0.16585|0.213953|0.212578|0.223931|0.218852|0.177423|0.21027|0.169273|0.243547,0.147038|0.7617|0.339009|0.433728|0.974725|0.667566|0.678346|0.402307|0.554145|0.801699|0.233286|0.668561|0.673098|0.23207|0.928618,0.904667,0.887647,0.128239,0.443169,0.0828321,0.54922,0.253495,0.516004,0.226897,0.823074,78.9323,6.77635e-13,54008,0.832037,77.8406,9.63242e-13,32789,0.821844,0.944121,0.0443767,0.51828,0.332244,0.52747,0.0679451,0.544083,0.096402,0.818693,31.6275,1.97589e-13,52186,0.845045,89.7441,1.17089e-11,31003
10,91,n1->n2->n3->n13->n23->n24->n14->n15->n16->n26->n27->n17->n18->n8->n9->n10,5.00949e+11|1.80448e+11|4.03193e+13|3.3596e+12|1.5238e+09|3.97958e+09|4.27688e+09|1.38797e+12|3.00334e+11|5.66393e+13|4.48678e+13|1.21221e+11|1.87589e+11|9.40752e+09|4.09299e+12|1.05286e+12,1.42812e+11|2.83365e+10|7.28384e+12|4.83085e+11|1.20387e+09|3.8065e+09|1.0558e+09|1.97223e+11|7.37672e+10|1.21816e+13|1.91882e+13|4.83282e+10|5.0424e+10|3.97206e+09|1.54858e+12|2.54031e+11,3.0181e-05|2.2775e-05|0.000517639|5.37832e-05|0.000436525|1.10933e-05|0.000636693|1.3996e-05|5.95091e-05|7.56504e-05|0.00017671|0.000165097|0.000294208|0.000346789|1.37772e-05|0.000119811,0.000310334|0.000399313|0.000530329|0.00012197|0.00111897|0.00180726|0.00566749|0.00169529|0.000170398|0.00599276|0.00060257|0.00195184|0.000215891|0.000202733|0.00405437|0.0025508,0.00924861|0.00541507|0.00720975|0.0278304|0.0352893|0.00858775|0.0161796|0.0250138|0.0432795|0.0166249|0.000624187|0.0348952|0.0315747|0.0159192|0.0461418|0.0252238,0.0315742|0.00943238|0.0402354|0.0497469|0.00519581|0.0359629|0.0339305|0.0119018|0.0304577|0.0190337|0.00869688|0.0051677|0.0153347|0.04339|0.00266386|0.00700942,0.913495|0.989114|0.905667|0.940839|0.980295|0.906689|0.984185|0.927813|0.91388|0.928891|0.914007|0.928968|0.936282|0.948026|0.911519|0.908496,2.71048|4.18964|2.54377|6.22041|4.49412|0.509572|4.81843|2.46356|2.66328|5.08644|0.728108|0.109|4.51941|3.34163|4.41064|2.75743,79.8117|37.015|83.9106|51.9585|67.5745|66.6304|92.5451|56.2706|11.0615|42.5138|72.2829|27.3162|81.3396|99.595|65.9961,0.202212|0.202219|0.213953|0.16585|0.23069|0.23844|0.219123|0.226874|0.1844|0.241136|0.205105|0.244069|0.217219|0.169273|0.243547,0.147038|0.790314|0.402307|0.678346|0.610727|0.244053|0.854651|0.221237|0.214788|0.206168|0.996881|0.359487|0.294058|0.23207|0.928618,0.904667,0.887647,0.128239,0.443169,0.0828321,0.54922,0.253495,0.516004,0.226897,0.823074,78.9323,6.77635e-13,54008,0.832037,77.8406,9.63242e-13,32789,0.821844,0.944121,0.0443767,0.51828,0.332244,0.52747,0.0679451,0.544083,0.096402,0.818693,31.6275,1.97589e-13,52186,0.845045,89.7441,1.17089e-11,31003
10,92,n1->n11->n12->n22->n23->n33->n34->n35->n25->n15->n16->n6->n7->n8->n9->n10,5.00949e+11|4.11551e+13|3.17333e+12|1.93553e+13|1.5238e+09|3.16984e+11|7.06025e+13|4.11121e+11|2.14516e+11|1.38797e+12|3.00334e+11|9.02929e+10|4.11056e+10|9.40752e+09|4.09299e+12|1.05286e+12,1.42812e+11|1.48663e+13|1.97587e+12|2.74511e+12|1.20387e+09|2.67303e+11|4.11307e+13|2.04952e+11|2.11577e+11|1.97223e+11|7.37672e+10|1.02249e+10|4.31733e+09|3.97206e+09|1.54858e+12|2.54031e+11,3.0181e-05|5.20523e-05|4.47077e-05|5.97411e-05|0.000436525|2.21023e-05|0.000222735|0.000113893|3.573e-05|1.3996e-05|5.95091e-05|0.000995263|0.000205358|0.000346789|1.37772e-05|0.000119811,0.000310334|0.00656769|0.000744915|0.000129789|0.00111897|0.000140997|0.00027914|0.000684482|0.00167902|0.00169529|0.000170398|0.00674185|0.00168599|0.000202733|0.00405437|0.0025508,0.00924861|0.0194316|0.00841709|0.0204439|0.0352893|0.0458653|0.0256545|0.00427095|0.02593|0.0250138|0.0432795|0.0292399|0.0452155|0.0159192|0.0461418|0.0252238,0.0315742|0.0254573|0.0482252|0.0386141|0.00519581|0.0451391|0.0411288|0.00630248|0.042106|0.0119018|0.0304577|0.0108922|0.0238427|0.04339|0.00266386|0.00700942,0.913495|0.911067|0.908177|0.918718|0.980295|0.964882|0.981725|0.972226|0.927416|0.927813|0.91388|0.926294|0.932747|0.948026|0.911519|0.908496,2.71048|4.63323|4.07787|3.40478|4.49412|1.54553|3.52757|0.154969|3.48682|2.46356|2.66328|2.82456|3.21396|3.34163|4.41064|2.75743,30.2686|24.4191|13.2112|55.8812|76.7594|23.5709|31.5608|88.4205|54.7186|56.2706|50.0569|32.9383|55.4093|99.595|65.9961,0.189746|0.163204|0.186408|0.24392|0.210887|0.184318|0.181809|0.173714|0.193634|0.226874|0.238693|0.177423|0.21027|0.169273|0.243547,0.114018|0.339009|0.577028|0.667566|0.891879|0.626236|0.752501|0.254718|0.563983|0.221237|0.144125|0.668561|0.673098|0.23207|0.928618,0.904667,0.887647,0.128239,0.443169,0.0828321,0.54922,0.253495,0.516004,0.226897,0.823074,78.9323,6.77635e-13,54008,0.832037,77.8406,9.63242e-13,32789,0.821844,0.944121,0.0443767,0.51828,0.332244,0.52747,0.0679451,0.544083,0.096402,0.818693,31.6275,1.97589e-13,52186,0.845045,89.7441,1.17089e-11,31003
10,93,n1->n11->n21->n31->n32->n22->n23->n13->n14->n4->n5->n6->n7->n8->n9->n10,5.00949e+11|4.11551e+13|2.24457e+13|3.07002e+11|3.52429e+12|1.93553e+13|1.5238e+09|3.3596e+12|4.27688e+09|1.24903e+13|1.51209e+10|9.02929e+10|4.11056e+10|9.40752e+09|4.09299e+12|1.05286e+12,1.42812e+11|1.48663e+13|7.42758e+12|3.60863e+10|1.86055e+12|2.74511e+12|1.20387e+09|4.83085e+11|1.0558e+09|5.17319e+12|1.22326e+10|1.02249e+10|4.31733e+09|3.97206e+09|1.54858e+12|2.54031e+11,3.0181e-05|5.20523e-05|9.1332e-05|7.19176e-05|1.35743e-05|5.97411e-05|0.000436525|5.37832e-05|0.000636693|0.000108675|0.000336804|0.000995263|0.000205358|0.000346789|1.37772e-05|0.000119811,0.000310334|0.00656769|0.003173|0.000485795|0.000278749|0.000129789|0.00111897|0.00012197|0.00566749|0.000509645|0.000821598|0.00674185|0.00168599|0.000202733|0.00405437|0.0025508,0.00924861|0.0194316|0.0413095|0.049277|0.000648378|0.0204439|0.0352893|0.0278304|0.0161796|0.00375279|0.0477712|0.0292399|0.0452155|0.0159192|0.0461418|0.0252238,0.0315742|0.0254573|0.0382423|0.0345633|0.0254904|0.0386141|0.00519581|0.0497469|0.0339305|0.0495486|0.00263917|0.0108922|0.0238427|0.04339|0.00266386|0.00700942,0.913495|0.911067|0.936521|0.968529|0.983201|0.918718|0.980295|0.940839|0.984185|0.916604|0.984899|0.926294|0.932747|0.948026|0.911519|0.908496,2.71048|4.63323|4.03334|3.24104|3.82994|3.40478|4.49412|6.22041|4.81843|1.60415|0.379676|2.82456|3.21396|3.34163|4.41064|2.75743,30.2686|65.1286|89.2299|63.0993|86.2435|55.8812|51.9585|56.34|52.1141|81.7362|37.2729|32.9383|55.4093|99.595|65.9961,0.189746|0.178609|0.173119|0.240352|0.163424|0.24392|0.16585|0.177304|0.23004|0.223931|0.218852|0.177423|0.21027|0.169273|0.243547,0.114018|0.433728|0.321619|0.507652|0.16961|0.667566|0.678346|0.349691|0.342514|0.801699|0.233286|0.668561|0.673098|0.23207|0.928618,0.904667,0.887647,0.128239,0.443169,0.0828321,0.54922,0.253495,0.516004,0.226897,0.823074,78.9323,6.77635e-13,54008,0.832037,77.8406,9.63242e-13,32789,0.821844,0.944121,0.0443767,0.51828,0.332244,0.52747,0.0679451,0.544083,0.096402,0.818693,31.6275,1.97589e-13,52186,0.845045,89.7441,1.17089e-11,31003
10,94,n1->n2->n3->n4->n5->n15->n14->n24->n25->n26->n16->n17->n7->n8->n9->n10,5.00949e+11|1.80448e+11|4.03193e+13|1.24903e+13|1.51209e+10|1.38797e+12|4.27688e+09|3.97958e+09|2.14516e+11|5.66393e+13|3.00334e+11|1.21221e+11|4.11056e+10|9.40752e+09|4.09299e+12|1.05286e+12,1.42812e+11|2.83365e+10|7.28384e+12|5.17319e+12|1.22326e+10|1.97223e+11|1.0558e+09|3.8065e+09|2.11577e+11|1.21816e+13|7.37672e+10|4.83282e+10|4.31733e+09|3.97206e+09|1.54858e+12|2.54031e+11,3.0181e-05|2.2775e-05|0.000517639|0.000108675|0.000336804|1.3996e-05|0.000636693|1.10933e-05|3.573e-05|7.56504e-05|5.95091e-05|0.000165097|0.000205358|0.000346789|1.37772e-05|0.000119811,0.000310334|0.000399313|0.000530329|0.000509645|0.000821598|0.00169529|0.00566749|0.00180726|0.00167902|0.00599276|0.000170398|0.00195184|0.00168599|0.000202733|0.00405437|0.0025508,0.00924861|0.00541507|0.00720975|0.00375279|0.0477712|0.0250138|0.0161796|0.00858775|0.02593|0.0166249|0.0432795|0.0348952|0.0452155|0.0159192|0.0461418|0.0252238,0.0315742|0.00943238|0.0402354|0.0495486|0.00263917|0.0119018|0.0339305|0.0359629|0.042106|0.0190337|0.0304577|0.0051677|0.0238427|0.04339|0.00266386|0.00700942,0.913495|0.989114|0.905667|0.916604|0.984899|0.927813|0.984185|0.906689|0.927416|0.928891|0.91388|0.928968|0.932747|0.948026|0.911519|0.908496,2.71048|4.18964|2.54377|1.60415|0.379676|2.46356|4.81843|0.509572|3.48682|5.08644|2.66328|0.109|3.21396|3.34163|4.41064|2.75743,79.8117|37.015|10.4739|81.7362|35.0583|92.5451|66.6304|18.2346|55.6995|11.0615|32.2763|59.8148|55.4093|99.595|65.9961,0.202212|0.202219|0.212578|0.223931|0.204588|0.219123|0.23844|0.181699|0.183873|0.1844|0.164452|0.243915|0.21027|0.169273|0.243547,0.147038|0.790314|0.554145|0.801699|0.102366|0.854651|0.244053|0.244388|0.713165|0.214788|0.241087|0.689629|0.673098|0.23207|0.928618,0.904667,0.887647,0.128239,0.443169,0.0828321,0.54922,0.253495,0.516004,0.226897,0.823074,78.9323,6.77635e-13,54008,0.832037,77.8406,9.63242e-13,32789,0.821844,0.944121,0.0443767,0.51828,0.332244,0.52747,0.0679451,0.544083,0.096402,0.818693,31.6275,1.97589e-13,52186,0.845045,89.7441,1.17089e-11,31003
10,95,n1->n2->n12->n22->n23->n13->n3->n4->n14->n15->n16->n6->n7->n8->n9->n10,5.00949e+11|1.80448e+11|3.17333e+12|1.93553e+13|1.5238e+09|3.3596e+12|4.03193e+13|1.24903e+13|4.27688e+09|1.38797e+12|3.00334e+11|9.02929e+10|4.11056e+10|9.40752e+09|4.09299e+12|1.05286e+12,1.42812e+11|2.83365e+10|1.97587e+12|2.74511e+12|1.20387e+09|4.83085e+11|7.28384e+12|5.17319e+12|1.0558e+09|1.97223e+11|7.37672e+10|1.02249e+10|4.31733e+09|3.97206e+09|1.54858e+12|2.54031e+11,3.0181e-05|2.2775e-05|4.47077e-05|5.97411e-05|0.000436525|5.37832e-05|0.000517639|0.000108675|0.000636693|1.3996e-05|5.95091e-05|0.000995263|0.000205358|0.000346789|1.37772e-05|0.000119811,0.000310334|0.000399313|0.000744915|0.000129789|0.00111897|0.00012197|0.000530329|0.000509645|0.00566749|0.00169529|0.000170398|0.00674185|0.00168599|0.000202733|0.00405437|0.0025508,0.00924861|0.00541507|0.00841709|0.0204439|0.0352893|0.0278304|0.00720975|0.00375279|0.0161796|0.0250138|0.0432795|0.0292399|0.0452155|0.0159192|0.0461418|0.0252238,0.0315742|0.00943238|0.0482252|0.0386141|0.00519581|0.0497469|0.0402354|0.0495486|0.0339305|0.0119018|0.0304577|0.0108922|0.0238427|0.04339|0.00266386|0.00700942,0.913495|0.989114|0.908177|0.918718|0.980295|0.940839|0.905667|0.916604|0.984185|0.927813|0.91388|0.926294|0.932747|0.948026|0.911519|0.908496,2.71048|4.18964|4.07787|3.40478|4.49412|6.22041|2.54377|1.60415|4.81843|2.46356|2.66328|2.82456|3.21396|3.34163|4.41064|2.75743,79.8117|88.6198|13.2112|55.8812|51.9585|83.9106|10.4739|52.1141|92.5451|56.2706|50.0569|32.9383|55.4093|99.595|65.9961,0.202212|0.16902|0.186408|0.24392|0.16585|0.213953|0.212578|0.23004|0.219123|0.226874|0.238693|0.177423|0.21027|0.169273|0.243547,0.147038|0.7617|0.577028|0.667566|0.678346|0.402307|0.554145|0.342514|0.854651|0.221237|0.144125|0.668561|0.673098|0.23207|0.928618,0.904667,0.887647,0.128239,0.443169,0.0828321,0.54922,0.253495,0.516004,0.226897,0.823074,78.9323,6.77635e-13,54008,0.832037,77.8406,9.63242e-13,32789,0.821844,0.944121,0.0443767,0.51828,0.332244,0.52747,0.0679451,0.544083,0.096402,0.818693,31.6275,1.97589e-13,52186,0.845045,89.7441,1.17089e-11,31003
10,96,n1->n11->n12->n2->n3->n13->n23->n24->n14->n4->n5->n6->n7->n8->n9->n10,5.00949e+11|4.11551e+13|3.17333e+12|1.80448e+11|4.03193e+13|3.3596e+12|1.5238e+09|3.97958e+09|4.27688e+09|1.24903e+13|1.51209e+10|9.02929e+10|4.11056e+10|9.40752e+09|4.09299e+12|1.05286e+12,1.42812e+11|1.48663e+13|1.97587e+12|2.83365e+10|7.28384e+12|4.83085e+11|1.20387e+09|3.8065e+09|1.0558e+09|5.17319e+12|1.22326e+10|1.02249e+10|4.31733e+09|3.97206e+09|1.54858e+12|2.54031e+11,3.0181e-05|5.20523e-05|4.47077e-05|2.2775e-05|0.000517639|5.37832e-05|0.000436525|1.10933e-05|0.000636693|0.000108675|0.000336804|0.000995263|0.000205358|0.000346789|1.37772e-05|0.000119811,0.000310334|0.00656769|0.000744915|0.000399313|0.000530329|0.00012197|0.00111897|0.00180726|0.00566749|0.000509645|0.000821598|0.00674185|0.00168599|0.000202733|0.00405437|0.0025508,0.00924861|0.0194316|0.00841709|0.00541507|0.00720975|0.0278304|0.0352893|0.00858775|0.0161796|0.00375279|0.0477712|0.0292399|0.0452155|0.0159192|0.0461418|0.0252238,0.0315742|0.0254573|0.0482252|0.00943238|0.0402354|0.0497469|0.00519581|0.0359629|0.0339305|0.0495486|0.00263917|0.0108922|0.0238427|0.04339|0.00266386|0.00700942,0.913495|0.911067|0.908177|0.989114|0.905667|0.940839|0.980295|0.906689|0.984185|0.916604|0.984899|0.926294|0.932747|0.948026|0.911519|0.908496,2.71048|4.63323|4.07787|4.18964|2.54377|6.22041|4.49412|0.509572|4.81843|1.60415|0.379676|2.82456|3.21396|3.34163|4.41064|2.75743,30.2686|24.4191|88.6198|37.015|83.9106|51.9585|67.5745|66.6304|52.1141|81.7362|37.2729|32.9383|55.4093|99.595|65.9961,0.189746|0.163204|0.16902|0.202219|0.213953|0.16585|0.23069|0.23844|0.23004|0.223931|0.218852|0.177423|0.21027|0.169273|0.243547,0.114018|0.339009|0.7617|0.790314|0.402307|0.678346|0.610727|0.244053|0.342514|0.801699|0.233286|0.668561|0.673098|0.23207|0.928618,0.904667,0.887647,0.128239,0.443169,0.0828321,0.54922,0.253495,0.516004,0.226897,0.823074,78.9323,6.77635e-13,54008,0.832037,77.8406,9.63242e-13,32789,0.821844,0.944121,0.0443767,0.51828,0.332244,0.52747,0.0679451,0.544083,0.096402,0.818693,31.6275,1.97589e-13,52186,0.845045,89.7441,1.17089e-11,31003
10,97,n1->n11->n21->n31->n32->n22->n23->n13->n14->n15->n16->n17->n7->n8->n9->n10,5.00949e+11|4.11551e+13|2.24457e+13|3.07002e+11|3.52429e+12|1.93553e+13|1.5238e+09|3.3596e+12|4.27688e+09|1.38797e+12|3.00334e+11|1.21221e+11|4.11056e+10|9.40752e+09|4.09299e+12|1.05286e+12,1.42812e+11|1.48663e+13|7.42758e+12|3.60863e+10|1.86055e+12|2.74511e+12|1.20387e+09|4.83085e+11|1.0558e+09|1.97223e+11|7.37672e+10|4.83282e+10|4.31733e+09|3.97206e+09|1.54858e+12|2.54031e+11,3.0181e-05|5.20523e-05|9.1332e-05|7.19176e-05|1.35743e-05|5.97411e-05|0.000436525|5.37832e-05|0.000636693|1.3996e-05|5.95091e-05|0.000165097|0.000205358|0.000346789|1.37772e-05|0.000119811,0.000310334|0.00656769|0.003173|0.000485795|0.000278749|0.000129789|0.00111897|0.00012197|0.00566749|0.00169529|0.000170398|0.00195184|0.00168599|0.000202733|0.00405437|0.0025508,0.00924861|0.0194316|0.0413095|0.049277|0.000648378|0.0204439|0.0352893|0.0278304|0.0161796|0.0250138|0.0432795|0.0348952|0.0452155|0.0159192|0.0461418|0.0252238,0.0315742|0.0254573|0.0382423|0.0345633|0.0254904|0.0386141|0.00519581|0.0497469|0.0339305|0.0119018|0.0304577|0.0051677|0.0238427|0.04339|0.00266386|0.00700942,0.913495|0.911067|0.936521|0.968529|0.983201|0.918718|0.980295|0.940839|0.984185|0.927813|0.91388|0.928968|0.932747|0.948026|0.911519|0.908496,2.71048|4.63323|4.03334|3.24104|3.82994|3.40478|4.49412|6.22041|4.81843|2.46356|2.66328|0.109|3.21396|3.34163|4.41064|2.75743,30.2686|65.1286|89.2299|63.0993|86.2435|55.8812|51.9585|56.34|92.5451|56.2706|32.2763|59.8148|55.4093|99.595|65.9961,0.189746|0.178609|0.173119|0.240352|0.163424|0.24392|0.16585|0.177304|0.219123|0.226874|0.164452|0.243915|0.21027|0.169273|0.243547,0.114018|0.433728|0.321619|0.507652|0.16961|0.667566|0.678346|0.349691|0.854651|0.221237|0.241087|0.689629|0.673098|0.23207|0.928618,0.904667,0.887647,0.128239,0.443169,0.0828321,0.54922,0.253495,0.516004,0.226897,0.823074,78.9323,6.77635e-13,54008,0.832037,77.8406,9.63242e-13,32789,0.821844,0.944121,0.0443767,0.51828,0.332244,0.52747,0.0679451,0.544083,0.096402,0.818693,31.6275,1.97589e-13,52186,0.845045,89.7441,1.17089e-11,31003
10,98,n1->n11->n21->n22->n23->n13->n12->n2->n3->n4->n5->n6->n7->n8->n9->n10,5.00949e+11|4.11551e+13|2.24457e+13|1.93553e+13|1.5238e+09|3.3596e+12|3.17333e+12|1.80448e+11|4.03193e+13|1.24903e+13|1.51209e+10|9.02929e+10|4.11056e+10|9.40752e+09|4.09299e+12|1.05286e+12,1.42812e+11|1.48663e+13|7.42758e+12|2.74511e+12|1.20387e+09|4.83085e+11|1.97587e+12|2.83365e+10|7.28384e+12|5.17319e+12|1.22326e+10|1.02249e+10|4.31733e+09|3.97206e+09|1.54858e+12|2.54031e+11,3.0181e-05|5.20523e-05|9.1332e-05|5.97411e-05|0.000436525|5.37832e-05|4.47077e-05|2.2775e-05|0.000517639|0.000108675|0.000336804|0.000995263|0.000205358|0.000346789|1.37772e-05|0.000119811,0.000310334|0.00656769|0.003173|0.000129789|0.00111897|0.00012197|0.000744915|0.000399313|0.000530329|0.000509645|0.000821598|0.00674185|0.00168599|0.000202733|0.00405437|0.0025508,0.00924861|0.0194316|0.0413095|0.0204439|0.0352893|0.0278304|0.00841709|0.00541507|0.00720975|0.00375279|0.0477712|0.0292399|0.0452155|0.0159192|0.0461418|0.0252238,0.0315742|0.0254573|0.0382423|0.0386141|0.00519581|0.0497469|0.0482252|0.00943238|0.0402354|0.0495486|0.00263917|0.0108922|0.0238427|0.04339|0.00266386|0.00700942,0.913495|0.911067|0.936521|0.918718|0.980295|0.940839|0.908177|0.989114|0.905667|0.916604|0.984899|0.926294|0.932747|0.948026|0.911519|0.908496,2.71048|4.63323|4.03334|3.40478|4.49412|6.22041|4.07787|4.18964|2.54377|1.60415|0.379676|2.82456|3.21396|3.34163|4.41064|2.75743,30.2686|65.1286|34.0839|55.8812|51.9585|13.9548|88.6198|37.015|10.4739|81.7362|37.2729|32.9383|55.4093|99.595|65.9961,0.189746|0.178609|0.223961|0.24392|0.16585|0.245775|0.16902|0.202219|0.212578|0.223931|0.218852|0.177423|0.21027|0.169273|0.243547,0.114018|0.433728|0.974725|0.667566|0.678346|0.861041|0.7617|0.790314|0.554145|0.801699|0.233286|0.668561|0.673098|0.23207|0.928618,0.904667,0.887647,0.128239,0.443169,0.0828321,0.54922,0.253495,0.516004,0.226897,0.823074,78.9323,6.77635e-13,54008,0.832037,77.8406,9.63242e-13,32789,0.821844,0.944121,0.0443767,0.51828,0.332244,0.52747,0.0679451,0.544083,0.096402,0.818693,31.6275,1.97589e-13,52186,0.845045,89.7441,1.17089e-11,31003
10,99,n1->n11->n21->n22->n23->n33->n34->n24->n14->n4->n5->n6->n7->n8->n9->n10,5.00949e+11|4.11551e+13|2.24457e+13|1.93553e+13|1.5238e+09|3.16984e+11|7.06025e+13|3.97958e+09|4.27688e+09|1.24903e+13|1.51209e+10|9.02929e+10|4.11056e+10|9.40752e+09|4.09299e+12|1.05286e+12,1.42812e+11|1.48663e+13|7.42758e+12|2.74511e+12|1.20387e+09|2.67303e+11|4.11307e+13|3.8065e+09|1.0558e+09|5.17319e+12|1.22326e+10|1.02249e+10|4.31733e+09|3.97206e+09|1.54858e+12|2.54031e+11,3.0181e-05|5.20523e-05|9.1332e-05|5.97411e-05|0.000436525|2.21023e-05|0.000222735|1.10933e-05|0.000636693|0.000108675|0.000336804|0.000995263|0.000205358|0.000346789|1.37772e-05|0.000119811,0.000310334|0.00656769|0.003173|0.000129789|0.00111897|0.000140997|0.00027914|0.00180726|0.00566749|0.000509645|0.000821598|0.00674185|0.00168599|0.000202733|0.00405437|0.0025508,0.00924861|0.0194316|0.0413095|0.0204439|0.0352893|0.0458653|0.0256545|0.00858775|0.0161796|0.00375279|0.0477712|0.0292399|0.0452155|0.0159192|0.0461418|0.0252238,0.0315742|0.0254573|0.0382423|0.0386141|0.00519581|0.0451391|0.0411288|0.0359629|0.0339305|0.0495486|0.00263917|0.0108922|0.0238427|0.04339|0.00266386|0.00700942,0.913495|0.911067|0.936521|0.918718|0.980295|0.964882|0.981725|0.906689|0.984185|0.916604|0.984899|0.926294|0.932747|0.948026|0.911519|0.908496,2.71048|4.63323|4.03334|3.40478|4.49412|1.54553|3.52757|0.509572|4.81843|1.60415|0.379676|2.82456|3.21396|3.34163|4.41064|2.75743,30.2686|65.1286|34.0839|55.8812|76.7594|23.5709|58.7029|66.6304|52.1141|81.7362|37.2729|32.9383|55.4093|99.595|65.9961,0.189746|0.178609|0.223961|0.24392|0.210887|0.184318|0.215243|0.23844|0.23004|0.223931|0.218852|0.177423|0.21027|0.169273|0.243547,0.114018|0.433728|0.974725|0.667566|0.891879|0.626236|0.894181|0.244053|0.342514|0.801699|0.233286|0.668561|0.673098|0.23207|0.928618,0.904667,0.887647,0.128239,0.443169,0.0828321,0.54922,0.253495,0.516004,0.226897,0.823074,78.9323,6.77635e-13,54008,0.832037,77.8406,9.63242e-13,32789,0.821844,0.944121,0.0443767,0.51828,0.332244,0.52747,0.0679451,0.544083,0.096402,0.818693,31.6275,1.97589e-13,52186,0.845045,89.7441,1.17089e-11,31003
10,100,n1->n11->n12->n22->n32->n33->n34->n24->n14->n15->n16->n6->n7->n8->n9->n10,5.00949e+11|4.11551e+13|3.17333e+12|1.93553e+13|3.52429e+12|3.16984e+11|7.06025e+13|3.97958e+09|4.27688e+09|1.38797e+12|3.00334e+11|9.02929e+10|4.11056e+10|9.40752e+09|4.09299e+12|1.05286e+12,1.42812e+11|1.48663e+13|1.97587e+12|2.74511e+12|1.86055e+12|2.67303e+11|4.11307e+13|3.8065e+09|1.0558e+09|1.97223e+11|7.37672e+10|1.02249e+10|4.31733e+09|3.97206e+09|1.54858e+12|2.54031e+11,3.0181e-05|5.20523e-05|4.47077e-05|5.97411e-05|1.35743e-05|2.21023e-05|0.000222735|1.10933e-05|0.000636693|1.3996e-05|5.95091e-05|0.000995263|0.000205358|0.000346789|1.37772e-05|0.000119811,0.000310334|0.00656769|0.000744915|0.000129789|0.000278749|0.000140997|0.00027914|0.00180726|0.00566749|0.00169529|0.000170398|0.00674185|0.00168599|0.000202733|0.00405437|0.0025508,0.00924861|0.0194316|0.00841709|0.0204439|0.000648378|0.0458653|0.0256545|0.00858775|0.0161796|0.0250138|0.0432795|0.0292399|0.0452155|0.0159192|0.0461418|0.0252238,0.0315742|0.0254573|0.0482252|0.0386141|0.0254904|0.0451391|0.0411288|0.0359629|0.0339305|0.0119018|0.0304577|0.0108922|0.0238427|0.04339|0.00266386|0.00700942,0.913495|0.911067|0.908177|0.918718|0.983201|0.964882|0.981725|0.906689|0.984185|0.927813|0.91388|0.926294|0.932747|0.948026|0.911519|0.908496,2.71048|4.63323|4.07787|3.40478|3.82994|1.54553|3.52757|0.509572|4.81843|2.46356|2.66328|2.82456|3.21396|3.34163|4.41064|2.75743,30.2686|24.4191|13.2112|86.2435|67.4197|23.5709|58.7029|66.6304|92.5451|56.2706|50.0569|32.9383|55.4093|99.595|65.9961,0.189746|0.163204|0.186408|0.163424|0.184992|0.184318|0.215243|0.23844|0.219123|0.226874|0.238693|0.177423|0.21027|0.169273|0.243547,0.114018|0.339009|0.577028|0.16961|0.207188|0.626236|0.894181|0.244053|0.854651|0.221237|0.144125|0.668561|0.673098|0.23207|0.928618,0.904667,0.887647,0.128239,0.443169,0.0828321,0.54922,0.253495,0.516004,0.226897,0.823074,78.9323,6.77635e-13,54008,0.832037,77.8406,9.63242e-13,32789,0.821844,0.944121,0.0443767,0.51828,0.332244,0.52747,0.0679451,0.544083,0.096402,0.818693,31.6275,1.97589e-13,52186,0.845045,89.7441,1.17089e-11,31003
10,101,n1->n11->n21->n31->n32->n22->n23->n24->n25->n15->n16->n6->n7->n8->n9->n10,5.00949e+11|4.11551e+13|2.24457e+13|3.07002e+11|3.52429e+12|1.93553e+13|1.5238e+09|3.97958e+09|2.14516e+11|1.38797e+12|3.00334e+11|9.02929e+10|4.11056e+10|9.40752e+09|4.09299e+12|1.05286e+12,1.42812e+11|1.48663e+13|7.42758e+12|3.60863e+10|1.86055e+12|2.74511e+12|1.20387e+09|3.8065e+09|2.11577e+11|1.97223e+11|7.37672e+10|1.02249e+10|4.31733e+09|3.97206e+09|1.54858e+12|2.54031e+11,3.0181e-05|5.20523e-05|9.1332e-05|7.19176e-05|1.35743e-05|5.97411e-05|0.000436525|1.10933e-05|3.573e-05|1.3996e-05|5.95091e-05|0.000995263|0.000205358|0.000346789|1.37772e-05|0.000119811,0.000310334|0.00656769|0.003173|0.000485795|0.000278749|0.000129789|0.00111897|0.00180726|0.00167902|0.00169529|0.000170398|0.00674185|0.00168599|0.000202733|0.00405437|0.0025508,0.00924861|0.0194316|0.0413095|0.049277|0.000648378|0.0204439|0.0352893|0.00858775|0.02593|0.0250138|0.0432795|0.0292399|0.0452155|0.0159192|0.0461418|0.0252238,0.0315742|0.0254573|0.0382423|0.0345633|0.0254904|0.0386141|0.00519581|0.0359629|0.042106|0.0119018|0.0304577|0.0108922|0.0238427|0.04339|0.00266386|0.00700942,0.913495|0.911067|0.936521|0.968529|0.983201|0.918718|0.980295|0.906689|0.927416|0.927813|0.91388|0.926294|0.932747|0.948026|0.911519|0.908496,2.71048|4.63323|4.03334|3.24104|3.82994|3.40478|4.49412|0.509572|3.48682|2.46356|2.66328|2.82456|3.21396|3.34163|4.41064|2.75743,30.2686|65.1286|89.2299|63.0993|86.2435|55.8812|67.5745|18.2346|54.7186|56.2706|50.0569|32.9383|55.4093|99.595|65.9961,0.189746|0.178609|0.173119|0.240352|0.163424|0.24392|0.23069|0.181699|0.193634|0.226874|0.238693|0.177423|0.21027|0.169273|0.243547,0.114018|0.433728|0.321619|0.507652|0.16961|0.667566|0.610727|0.244388|0.563983|0.221237|0.144125|0.668561|0.673098|0.23207|0.928618,0.904667,0.887647,0.128239,0.443169,0.0828321,0.54922,0.253495,0.516004,0.226897,0.823074,78.9323,6.77635e-13,54008,0.832037,77.8406,9.63242e-13,32789,0.821844,0.944121,0.0443767,0.51828,0.332244,0.52747,0.0679451,0.544083,0.096402,0.818693,31.6275,1.97589e-13,52186,0.845045,89.7441,1.17089e-11,31003
10,102,n1->n2->n3->n13->n14->n4->n5->n15->n25->n26->n27->n28->n29->n19->n20->n10,5.00949e+11|1.80448e+11|4.03193e+13|3.3596e+12|4.27688e+09|1.24903e+13|1.51209e+10|1.38797e+12|2.14516e+11|5.66393e+13|4.48678e+13|1.8631e+12|4.83336e+11|2.27898e+09|3.15183e+10|1.05286e+12,1.42812e+11|2.83365e+10|7.28384e+12|4.83085e+11|1.0558e+09|5.17319e+12|1.22326e+10|1.97223e+11|2.11577e+11|1.21816e+13|1.91882e+13|2.55027e+11|2.76914e+11|5.01791e+08|1.45355e+10|2.54031e+11,3.0181e-05|2.2775e-05|0.000517639|5.37832e-05|0.000636693|0.000108675|0.000336804|1.3996e-05|3.573e-05|7.56504e-05|0.00017671|1.48343e-05|0.000507637|6.06243e-05|1.46655e-05|0.000119811,0.000310334|0.000399313|0.000530329|0.00012197|0.00566749|0.000509645|0.000821598|0.00169529|0.00167902|0.00599276|0.00060257|0.000582322|0.00318299|0.00270084|0.00552788|0.0025508,0.00924861|0.00541507|0.00720975|0.0278304|0.0161796|0.00375279|0.0477712|0.0250138|0.02593|0.0166249|0.000624187|0.0124511|0.0314107|0.00996122|0.0257996|0.0252238,0.0315742|0.00943238|0.0402354|0.0497469|0.0339305|0.0495486|0.00263917|0.0119018|0.042106|0.0190337|0.00869688|0.00729303|0.0453812|0.0473706|0.00882196|0.00700942,0.913495|0.989114|0.905667|0.940839|0.984185|0.916604|0.984899|0.927813|0.927416|0.928891|0.914007|0.913882|0.949375|0.994787|0.931105|0.908496,2.71048|4.18964|2.54377|6.22041|4.81843|1.60415|0.379676|2.46356|3.48682|5.08644|0.728108|1.60979|3.9795|5.14536|5.03122|2.75743,79.8117|37.015|83.9106|56.34|52.1141|81.7362|35.0583|54.7186|55.6995|42.5138|15.3326|39.0733|84.7043|10.3361|29.3778,0.202212|0.202219|0.213953|0.177304|0.23004|0.223931|0.204588|0.193634|0.183873|0.241136|0.192626|0.218529|0.198457|0.176155|0.224525,0.147038|0.790314|0.402307|0.349691|0.342514|0.801699|0.102366|0.563983|0.713165|0.206168|0.456993|0.382175|0.817287|0.581828|0.696713,0.904667,0.887647,0.128239,0.443169,0.0828321,0.54922,0.253495,0.516004,0.226897,0.823074,78.9323,6.77635e-13,54008,0.832037,77.8406,9.63242e-13,32789,0.821844,0.944121,0.0443767,0.51828,0.332244,0.52747,0.0679451,0.544083,0.096402,0.818693,31.6275,1.97589e-13,52186,0.845045,89.7441,1.17089e-11,31003
10,103,n1->n2->n3->n13->n23->n33->n34->n24->n25->n15->n16->n6->n7->n8->n9->n10,5.00949e+11|1.80448e+11|4.03193e+13|3.3596e+12|1.5238e+09|3.16984e+11|7.06025e+13|3.97958e+09|2.14516e+11|1.38797e+12|3.00334e+11|9.02929e+10|4.11056e+10|9.40752e+09|4.09299e+12|1.05286e+12,1.42812e+11|2.83365e+10|7.28384e+12|4.83085e+11|1.20387e+09|2.67303e+11|4.11307e+13|3.8065e+09|2.11577e+11|1.97223e+11|7.37672e+10|1.02249e+10|4.31733e+09|3.97206e+09|1.54858e+12|2.54031e+11,3.0181e-05|2.2775e-05|0.000517639|5.37832e-05|0.000436525|2.21023e-05|0.000222735|1.10933e-05|3.573e-05|1.3996e-05|5.95091e-05|0.000995263|0.000205358|0.000346789|1.37772e-05|0.000119811,0.000310334|0.000399313|0.000530329|0.00012197|0.00111897|0.000140997|0.00027914|0.00180726|0.00167902|0.00169529|0.000170398|0.00674185|0.00168599|0.000202733|0.00405437|0.0025508,0.00924861|0.00541507|0.00720975|0.0278304|0.0352893|0.0458653|0.0256545|0.00858775|0.02593|0.0250138|0.0432795|0.0292399|0.0452155|0.0159192|0.0461418|0.0252238,0.0315742|0.00943238|0.0402354|0.0497469|0.00519581|0.0451391|0.0411288|0.0359629|0.042106|0.0119018|0.0304577|0.0108922|0.0238427|0.04339|0.00266386|0.00700942,0.913495|0.989114|0.905667|0.940839|0.980295|0.964882|0.981725|0.906689|0.927416|0.927813|0.91388|0.926294|0.932747|0.948026|0.911519|0.908496,2.71048|4.18964|2.54377|6.22041|4.49412|1.54553|3.52757|0.509572|3.48682|2.46356|2.66328|2.82456|3.21396|3.34163|4.41064|2.75743,79.8117|37.015|83.9106|51.9585|76.7594|23.5709|58.7029|18.2346|54.7186|56.2706|50.0569|32.9383|55.4093|99.595|65.9961,0.202212|0.202219|0.213953|0.16585|0.210887|0.184318|0.215243|0.181699|0.193634|0.226874|0.238693|0.177423|0.21027|0.169273|0.243547,0.147038|0.790314|0.402307|0.678346|0.891879|0.626236|0.894181|0.244388|0.563983|0.221237|0.144125|0.668561|0.673098|0.23207|0.928618,0.904667,0.887647,0.128239,0.443169,0.0828321,0.54922,0.253495,0.516004,0.226897,0.823074,78.9323,6.77635e-13,54008,0.832037,77.8406,9.63242e-13,32789,0.821844,0.944121,0.0443767,0.51828,0.332244,0.52747,0.0679451,0.544083,0.096402,0.818693,31.6275,1.97589e-13,52186,0.845045,89.7441,1.17089e-11,31003
10,104,n1->n11->n21->n31->n32->n33->n23->n13->n3->n4->n5->n6->n7->n8->n9->n10,5.00949e+11|4.11551e+13|2.24457e+13|3.07002e+11|3.52429e+12|3.16984e+11|1.5238e+09|3.3596e+12|4.03193e+13|1.24903e+13|1.51209e+10|9.02929e+10|4.11056e+10|9.40752e+09|4.09299e+12|1.05286e+12,1.42812e+11|1.48663e+13|7.42758e+12|3.60863e+10|1.86055e+12|2.67303e+11|1.20387e+09|4.83085e+11|7.28384e+12|5.17319e+12|1.22326e+10|1.02249e+10|4.31733e+09|3.97206e+09|1.54858e+12|2.54031e+11,3.0181e-05|5.20523e-05|9.1332e-05|7.19176e-05|1.35743e-05|2.21023e-05|0.000436525|5.37832e-05|0.000517639|0.000108675|0.000336804|0.000995263|0.000205358|0.000346789|1.37772e-05|0.000119811,0.000310334|0.00656769|0.003173|0.000485795|0.000278749|0.000140997|0.00111897|0.00012197|0.000530329|0.000509645|0.000821598|0.00674185|0.00168599|0.000202733|0.00405437|0.0025508,0.00924861|0.0194316|0.0413095|0.049277|0.000648378|0.0458653|0.0352893|0.0278304|0.00720975|0.00375279|0.0477712|0.0292399|0.0452155|0.0159192|0.0461418|0.0252238,0.0315742|0.0254573|0.0382423|0.0345633|0.0254904|0.0451391|0.00519581|0.0497469|0.0402354|0.0495486|0.00263917|0.0108922|0.0238427|0.04339|0.00266386|0.00700942,0.913495|0.911067|0.936521|0.968529|0.983201|0.964882|0.980295|0.940839|0.905667|0.916604|0.984899|0.926294|0.932747|0.948026|0.911519|0.908496,2.71048|4.63323|4.03334|3.24104|3.82994|1.54553|4.49412|6.22041|2.54377|1.60415|0.379676|2.82456|3.21396|3.34163|4.41064|2.75743,30.2686|65.1286|89.2299|63.0993|67.4197|76.7594|51.9585|83.9106|10.4739|81.7362|37.2729|32.9383|55.4093|99.595|65.9961,0.189746|0.178609|0.173119|0.240352|0.184992|0.210887|0.16585|0.213953|0.212578|0.223931|0.218852|0.177423|0.21027|0.169273|0.243547,0.114018|0.433728|0.321619|0.507652|0.207188|0.891879|0.678346|0.402307|0.554145|0.801699|0.233286|0.668561|0.673098|0.23207|0.928618,0.904667,0.887647,0.128239,0.443169,0.0828321,0.54922,0.253495,0.516004,0.226897,0.823074,78.9323,6.77635e-13,54008,0.832037,77.8406,9.63242e-13,32789,0.821844,0.944121,0.0443767,0.51828,0.332244,0.52747,0.0679451,0.544083,0.096402,0.818693,31.6275,1.97589e-13,52186,0.845045,89.7441,1.17089e-11,31003
10,105,n1->n2->n3->n4->n5->n15->n14->n24->n25->n26->n16->n17->n18->n19->n9->n10,5.00949e+11|1.80448e+11|4.03193e+13|1.24903e+13|1.51209e+10|1.38797e+12|4.27688e+09|3.97958e+09|2.14516e+11|5.66393e+13|3.00334e+11|1.21221e+11|1.87589e+11|2.27898e+09|4.09299e+12|1.05286e+12,1.42812e+11|2.83365e+10|7.28384e+12|5.17319e+12|1.22326e+10|1.97223e+11|1.0558e+09|3.8065e+09|2.11577e+11|1.21816e+13|7.37672e+10|4.83282e+10|5.0424e+10|5.01791e+08|1.54858e+12|2.54031e+11,3.0181e-05|2.2775e-05|0.000517639|0.000108675|0.000336804|1.3996e-05|0.000636693|1.10933e-05|3.573e-05|7.56504e-05|5.95091e-05|0.000165097|0.000294208|6.06243e-05|1.37772e-05|0.000119811,0.000310334|0.000399313|0.000530329|0.000509645|0.000821598|0.00169529|0.00566749|0.00180726|0.00167902|0.00599276|0.000170398|0.00195184|0.000215891|0.00270084|0.00405437|0.0025508,0.00924861|0.00541507|0.00720975|0.00375279|0.0477712|0.0250138|0.0161796|0.00858775|0.02593|0.0166249|0.0432795|0.0348952|0.0315747|0.00996122|0.0461418|0.0252238,0.0315742|0.00943238|0.0402354|0.0495486|0.00263917|0.0119018|0.0339305|0.0359629|0.042106|0.0190337|0.0304577|0.0051677|0.0153347|0.0473706|0.00266386|0.00700942,0.913495|0.989114|0.905667|0.916604|0.984899|0.927813|0.984185|0.906689|0.927416|0.928891|0.91388|0.928968|0.936282|0.994787|0.911519|0.908496,2.71048|4.18964|2.54377|1.60415|0.379676|2.46356|4.81843|0.509572|3.48682|5.08644|2.66328|0.109|4.51941|5.14536|4.41064|2.75743,79.8117|37.015|10.4739|81.7362|35.0583|92.5451|66.6304|18.2346|55.6995|11.0615|32.2763|27.3162|28.0546|99.0064|65.9961,0.202212|0.202219|0.212578|0.223931|0.204588|0.219123|0.23844|0.181699|0.183873|0.1844|0.164452|0.244069|0.210998|0.245379|0.243547,0.147038|0.790314|0.554145|0.801699|0.102366|0.854651|0.244053|0.244388|0.713165|0.214788|0.241087|0.359487|0.470346|0.363657|0.928618,0.904667,0.887647,0.128239,0.443169,0.0828321,0.54922,0.253495,0.516004,0.226897,0.823074,78.9323,6.77635e-13,54008,0.832037,77.8406,9.63242e-13,32789,0.821844,0.944121,0.0443767,0.51828,0.332244,0.52747,0.0679451,0.544083,0.096402,0.818693,31.6275,1.97589e-13,52186,0.845045,89.7441,1.17089e-11,31003
10,106,n1->n11->n21->n22->n32->n33->n34->n24->n25->n26->n27->n17->n18->n8->n9->n10,5.00949e+11|4.11551e+13|2.24457e+13|1.93553e+13|3.52429e+12|3.16984e+11|7.06025e+13|3.97958e+09|2.14516e+11|5.66393e+13|4.48678e+13|1.21221e+11|1.87589e+11|9.40752e+09|4.09299e+12|1.05286e+12,1.42812e+11|1.48663e+13|7.42758e+12|2.74511e+12|1.86055e+12|2.67303e+11|4.11307e+13|3.8065e+09|2.11577e+11|1.21816e+13|1.91882e+13|4.83282e+10|5.0424e+10|3.97206e+09|1.54858e+12|2.54031e+11,3.0181e-05|5.20523e-05|9.1332e-05|5.97411e-05|1.35743e-05|2.21023e-05|0.000222735|1.10933e-05|3.573e-05|7.56504e-05|0.00017671|0.000165097|0.000294208|0.000346789|1.37772e-05|0.000119811,0.000310334|0.00656769|0.003173|0.000129789|0.000278749|0.000140997|0.00027914|0.00180726|0.00167902|0.00599276|0.00060257|0.00195184|0.000215891|0.000202733|0.00405437|0.0025508,0.00924861|0.0194316|0.0413095|0.0204439|0.000648378|0.0458653|0.0256545|0.00858775|0.02593|0.0166249|0.000624187|0.0348952|0.0315747|0.0159192|0.0461418|0.0252238,0.0315742|0.0254573|0.0382423|0.0386141|0.0254904|0.0451391|0.0411288|0.0359629|0.042106|0.0190337|0.00869688|0.0051677|0.0153347|0.04339|0.00266386|0.00700942,0.913495|0.911067|0.936521|0.918718|0.983201|0.964882|0.981725|0.906689|0.927416|0.928891|0.914007|0.928968|0.936282|0.948026|0.911519|0.908496,2.71048|4.63323|4.03334|3.40478|3.82994|1.54553|3.52757|0.509572|3.48682|5.08644|0.728108|0.109|4.51941|3.34163|4.41064|2.75743,30.2686|65.1286|34.0839|86.2435|67.4197|23.5709|58.7029|18.2346|55.6995|42.5138|72.2829|27.3162|81.3396|99.595|65.9961,0.189746|0.178609|0.223961|0.163424|0.184992|0.184318|0.215243|0.181699|0.183873|0.241136|0.205105|0.244069|0.217219|0.169273|0.243547,0.114018|0.433728|0.974725|0.16961|0.207188|0.626236|0.894181|0.244388|0.713165|0.206168|0.996881|0.359487|0.294058|0.23207|0.928618,0.904667,0.887647,0.128239,0.443169,0.0828321,0.54922,0.253495,0.516004,0.226897,0.823074,78.9323,6.77635e-13,54008,0.832037,77.8406,9.63242e-13,32789,0.821844,0.944121,0.0443767,0.51828,0.332244,0.52747,0.0679451,0.544083,0.096402,0.818693,31.6275,1.97589e-13,52186,0.845045,89.7441,1.17089e-11,31003
10,107,n1->n2->n12->n22->n32->n33->n34->n35->n36->n26->n27->n17->n7->n8->n9->n10,5.00949e+11|1.80448e+11|3.17333e+12|1.93553e+13|3.52429e+12|3.16984e+11|7.06025e+13|4.11121e+11|1.8261e+09|5.66393e+13|4.48678e+13|1.21221e+11|4.11056e+10|9.40752e+09|4.09299e+12|1.05286e+12,1.42812e+11|2.83365e+10|1.97587e+12|2.74511e+12|1.86055e+12|2.67303e+11|4.11307e+13|2.04952e+11|1.46612e+09|1.21816e+13|1.91882e+13|4.83282e+10|4.31733e+09|3.97206e+09|1.54858e+12|2.54031e+11,3.0181e-05|2.2775e-05|4.47077e-05|5.97411e-05|1.35743e-05|2.21023e-05|0.000222735|0.000113893|0.000255855|7.56504e-05|0.00017671|0.000165097|0.000205358|0.000346789|1.37772e-05|0.000119811,0.000310334|0.000399313|0.000744915|0.000129789|0.000278749|0.000140997|0.00027914|0.000684482|0.000101959|0.00599276|0.00060257|0.00195184|0.00168599|0.000202733|0.00405437|0.0025508,0.00924861|0.00541507|0.00841709|0.0204439|0.000648378|0.0458653|0.0256545|0.00427095|0.0156022|0.0166249|0.000624187|0.0348952|0.0452155|0.0159192|0.0461418|0.0252238,0.0315742|0.00943238|0.0482252|0.0386141|0.0254904|0.0451391|0.0411288|0.00630248|0.0381659|0.0190337|0.00869688|0.0051677|0.0238427|0.04339|0.00266386|0.00700942,0.913495|0.989114|0.908177|0.918718|0.983201|0.964882|0.981725|0.972226|0.939672|0.928891|0.914007|0.928968|0.932747|0.948026|0.911519|0.908496,2.71048|4.18964|4.07787|3.40478|3.82994|1.54553|3.52757|0.154969|2.94554|5.08644|0.728108|0.109|3.21396|3.34163|4.41064|2.75743,79.8117|88.6198|13.2112|86.2435|67.4197|23.5709|31.5608|18.7034|63.8366|42.5138|72.2829|59.8148|55.4093|99.595|65.9961,0.202212|0.16902|0.186408|0.163424|0.184992|0.184318|0.181809|0.173283|0.162191|0.241136|0.205105|0.243915|0.21027|0.169273|0.243547,0.147038|0.7617|0.577028|0.16961|0.207188|0.626236|0.752501|0.900338|0.797446|0.206168|0.996881|0.689629|0.673098|0.23207|0.928618,0.904667,0.887647,0.128239,0.443169,0.0828321,0.54922,0.253495,0.516004,0.226897,0.823074,78.9323,6.77635e-13,54008,0.832037,77.8406,9.63242e-13,32789,0.821844,0.944121,0.0443767,0.51828,0.332244,0.52747,0.0679451,0.544083,0.096402,0.818693,31.6275,1.97589e-13,52186,0.845045,89.7441,1.17089e-11,31003
10,108,n1->n11->n12->n13->n14->n24->n25->n15->n5->n6->n16->n17->n7->n8->n9->n10,5.00949e+11|4.11551e+13|3.17333e+12|3.3596e+12|4.27688e+09|3.97958e+09|2.14516e+11|1.38797e+12|1.51209e+10|9.02929e+10|3.00334e+11|1.21221e+11|4.11056e+10|9.40752e+09|4.09299e+12|1.05286e+12,1.42812e+11|1.48663e+13|1.97587e+12|4.83085e+11|1.0558e+09|3.8065e+09|2.11577e+11|1.97223e+11|1.22326e+10|1.02249e+10|7.37672e+10|4.83282e+10|4.31733e+09|3.97206e+09|1.54858e+12|2.54031e+11,3.0181e-05|5.20523e-05|4.47077e-05|5.37832e-05|0.000636693|1.10933e-05|3.573e-05|1.3996e-05|0.000336804|0.000995263|5.95091e-05|0.000165097|0.000205358|0.000346789|1.37772e-05|0.000119811,0.000310334|0.00656769|0.000744915|0.00012197|0.00566749|0.00180726|0.00167902|0.00169529|0.000821598|0.00674185|0.000170398|0.00195184|0.00168599|0.000202733|0.00405437|0.0025508,0.00924861|0.0194316|0.00841709|0.0278304|0.0161796|0.00858775|0.02593|0.0250138|0.0477712|0.0292399|0.0432795|0.0348952|0.0452155|0.0159192|0.0461418|0.0252238,0.0315742|0.0254573|0.0482252|0.0497469|0.0339305|0.0359629|0.042106|0.0119018|0.00263917|0.0108922|0.0304577|0.0051677|0.0238427|0.04339|0.00266386|0.00700942,0.913495|0.911067|0.908177|0.940839|0.984185|0.906689|0.927416|0.927813|0.984899|0.926294|0.91388|0.928968|0.932747|0.948026|0.911519|0.908496,2.71048|4.63323|4.07787|6.22041|4.81843|0.509572|3.48682|2.46356|0.379676|2.82456|2.66328|0.109|3.21396|3.34163|4.41064|2.75743,30.2686|24.4191|13.9548|56.34|66.6304|18.2346|54.7186|35.0583|37.2729|50.0569|32.2763|59.8148|55.4093|99.595|65.9961,0.189746|0.163204|0.245775|0.177304|0.23844|0.181699|0.193634|0.204588|0.218852|0.238693|0.164452|0.243915|0.21027|0.169273|0.243547,0.114018|0.339009|0.861041|0.349691|0.244053|0.244388|0.563983|0.102366|0.233286|0.144125|0.241087|0.689629|0.673098|0.23207|0.928618,0.904667,0.887647,0.128239,0.443169,0.0828321,0.54922,0.253495,0.516004,0.226897,0.823074,78.9323,6.77635e-13,54008,0.832037,77.8406,9.63242e-13,32789,0.821844,0.944121,0.0443767,0.51828,0.332244,0.52747,0.0679451,0.544083,0.096402,0.818693,31.6275,1.97589e-13,52186,0.845045,89.7441,1.17089e-11,31003
10,109,n1->n11->n21->n31->n32->n33->n34->n35->n36->n37->n27->n17->n7->n8->n9->n10,5.00949e+11|4.11551e+13|2.24457e+13|3.07002e+11|3.52429e+12|3.16984e+11|7.06025e+13|4.11121e+11|1.8261e+09|1.96787e+11|4.48678e+13|1.21221e+11|4.11056e+10|9.40752e+09|4.09299e+12|1.05286e+12,1.42812e+11|1.48663e+13|7.42758e+12|3.60863e+10|1.86055e+12|2.67303e+11|4.11307e+13|2.04952e+11|1.46612e+09|3.13422e+10|1.91882e+13|4.83282e+10|4.31733e+09|3.97206e+09|1.54858e+12|2.54031e+11,3.0181e-05|5.20523e-05|9.1332e-05|7.19176e-05|1.35743e-05|2.21023e-05|0.000222735|0.000113893|0.000255855|0.000277193|0.00017671|0.000165097|0.000205358|0.000346789|1.37772e-05|0.000119811,0.000310334|0.00656769|0.003173|0.000485795|0.000278749|0.000140997|0.00027914|0.000684482|0.000101959|0.000160699|0.00060257|0.00195184|0.00168599|0.000202733|0.00405437|0.0025508,0.00924861|0.0194316|0.0413095|0.049277|0.000648378|0.0458653|0.0256545|0.00427095|0.0156022|0.0253626|0.000624187|0.0348952|0.0452155|0.0159192|0.0461418|0.0252238,0.0315742|0.0254573|0.0382423|0.0345633|0.0254904|0.0451391|0.0411288|0.00630248|0.0381659|0.00849779|0.00869688|0.0051677|0.0238427|0.04339|0.00266386|0.00700942,0.913495|0.911067|0.936521|0.968529|0.983201|0.964882|0.981725|0.972226|0.939672|0.904421|0.914007|0.928968|0.932747|0.948026|0.911519|0.908496,2.71048|4.63323|4.03334|3.24104|3.82994|1.54553|3.52757|0.154969|2.94554|0.900028|0.728108|0.109|3.21396|3.34163|4.41064|2.75743,30.2686|65.1286|89.2299|63.0993|67.4197|23.5709|31.5608|18.7034|29.3504|44.8869|72.2829|59.8148|55.4093|99.595|65.9961,0.189746|0.178609|0.173119|0.240352|0.184992|0.184318|0.181809|0.173283|0.188175|0.231987|0.205105|0.243915|0.21027|0.169273|0.243547,0.114018|0.433728|0.321619|0.507652|0.207188|0.626236|0.752501|0.900338|0.119974|0.261942|0.996881|0.689629|0.673098|0.23207|0.928618,0.904667,0.887647,0.128239,0.443169,0.0828321,0.54922,0.253495,0.516004,0.226897,0.823074,78.9323,6.77635e-13,54008,0.832037,77.8406,9.63242e-13,32789,0.821844,0.944121,0.0443767,0.51828,0.332244,0.52747,0.0679451,0.544083,0.096402,0.818693,31.6275,1.97589e-13,52186,0.845045,89.7441,1.17089e-11,31003
10,110,n1->n11->n12->n22->n32->n33->n34->n24->n25->n26->n16->n6->n7->n8->n9->n10,5.00949e+11|4.11551e+13|3.17333e+12|1.93553e+13|3.52429e+12|3.16984e+11|7.06025e+13|3.97958e+09|2.14516e+11|5.66393e+13|3.00334e+11|9.02929e+10|4.11056e+10|9.40752e+09|4.09299e+12|1.05286e+12,1.42812e+11|1.48663e+13|1.97587e+12|2.74511e+12|1.86055e+12|2.67303e+11|4.11307e+13|3.8065e+09|2.11577e+11|1.21816e+13|7.37672e+10|1.02249e+10|4.31733e+09|3.97206e+09|1.54858e+12|2.54031e+11,3.0181e-05|5.20523e-05|4.47077e-05|5.97411e-05|1.35743e-05|2.21023e-05|0.000222735|1.10933e-05|3.573e-05|7.56504e-05|5.95091e-05|0.000995263|0.000205358|0.000346789|1.37772e-05|0.000119811,0.000310334|0.00656769|0.000744915|0.000129789|0.000278749|0.000140997|0.00027914|0.00180726|0.00167902|0.00599276|0.000170398|0.00674185|0.00168599|0.000202733|0.00405437|0.0025508,0.00924861|0.0194316|0.00841709|0.0204439|0.000648378|0.0458653|0.0256545|0.00858775|0.02593|0.0166249|0.0432795|0.0292399|0.0452155|0.0159192|0.0461418|0.0252238,0.0315742|0.0254573|0.0482252|0.0386141|0.0254904|0.0451391|0.0411288|0.0359629|0.042106|0.0190337|0.0304577|0.0108922|0.0238427|0.04339|0.00266386|0.00700942,0.913495|0.911067|0.908177|0.918718|0.983201|0.964882|0.981725|0.906689|0.927416|0.928891|0.91388|0.926294|0.932747|0.948026|0.911519|0.908496,2.71048|4.63323|4.07787|3.40478|3.82994|1.54553|3.52757|0.509572|3.48682|5.08644|2.66328|2.82456|3.21396|3.34163|4.41064|2.75743,30.2686|24.4191|13.2112|86.2435|67.4197|23.5709|58.7029|18.2346|55.6995|11.0615|50.0569|32.9383|55.4093|99.595|65.9961,0.189746|0.163204|0.186408|0.163424|0.184992|0.184318|0.215243|0.181699|0.183873|0.1844|0.238693|0.177423|0.21027|0.169273|0.243547,0.114018|0.339009|0.577028|0.16961|0.207188|0.626236|0.894181|0.244388|0.713165|0.214788|0.144125|0.668561|0.673098|0.23207|0.928618,0.904667,0.887647,0.128239,0.443169,0.0828321,0.54922,0.253495,0.516004,0.226897,0.823074,78.9323,6.77635e-13,54008,0.832037,77.8406,9.63242e-13,32789,0.821844,0.944121,0.0443767,0.51828,0.332244,0.52747,0.0679451,0.544083,0.096402,0.818693,31.6275,1.97589e-13,52186,0.845045,89.7441,1.17089e-11,31003
10,111,n1->n2->n3->n4->n5->n6->n16->n26->n27->n17->n7->n8->n18->n19->n9->n10,5.00949e+11|1.80448e+11|4.03193e+13|1.24903e+13|1.51209e+10|9.02929e+10|3.00334e+11|5.66393e+13|4.48678e+13|1.21221e+11|4.11056e+10|9.40752e+09|1.87589e+11|2.27898e+09|4.09299e+12|1.05286e+12,1.42812e+11|2.83365e+10|7.28384e+12|5.17319e+12|1.22326e+10|1.02249e+10|7.37672e+10|1.21816e+13|1.91882e+13|4.83282e+10|4.31733e+09|3.97206e+09|5.0424e+10|5.01791e+08|1.54858e+12|2.54031e+11,3.0181e-05|2.2775e-05|0.000517639|0.000108675|0.000336804|0.000995263|5.95091e-05|7.56504e-05|0.00017671|0.000165097|0.000205358|0.000346789|0.000294208|6.06243e-05|1.37772e-05|0.000119811,0.000310334|0.000399313|0.000530329|0.000509645|0.000821598|0.00674185|0.000170398|0.00599276|0.00060257|0.00195184|0.00168599|0.000202733|0.000215891|0.00270084|0.00405437|0.0025508,0.00924861|0.00541507|0.00720975|0.00375279|0.0477712|0.0292399|0.0432795|0.0166249|0.000624187|0.0348952|0.0452155|0.0159192|0.0315747|0.00996122|0.0461418|0.0252238,0.0315742|0.00943238|0.0402354|0.0495486|0.00263917|0.0108922|0.0304577|0.0190337|0.00869688|0.0051677|0.0238427|0.04339|0.0153347|0.0473706|0.00266386|0.00700942,0.913495|0.989114|0.905667|0.916604|0.984899|0.926294|0.91388|0.928891|0.914007|0.928968|0.932747|0.948026|0.936282|0.994787|0.911519|0.908496,2.71048|4.18964|2.54377|1.60415|0.379676|2.82456|2.66328|5.08644|0.728108|0.109|3.21396|3.34163|4.51941|5.14536|4.41064|2.75743,79.8117|37.015|10.4739|81.7362|37.2729|50.0569|11.0615|42.5138|72.2829|59.8148|55.4093|81.3396|28.0546|99.0064|65.9961,0.202212|0.202219|0.212578|0.223931|0.218852|0.238693|0.1844|0.241136|0.205105|0.243915|0.21027|0.217219|0.210998|0.245379|0.243547,0.147038|0.790314|0.554145|0.801699|0.233286|0.144125|0.214788|0.206168|0.996881|0.689629|0.673098|0.294058|0.470346|0.363657|0.928618,0.904667,0.887647,0.128239,0.443169,0.0828321,0.54922,0.253495,0.516004,0.226897,0.823074,78.9323,6.77635e-13,54008,0.832037,77.8406,9.63242e-13,32789,0.821844,0.944121,0.0443767,0.51828,0.332244,0.52747,0.0679451,0.544083,0.096402,0.818693,31.6275,1.97589e-13,52186,0.845045,89.7441,1.17089e-11,31003
10,112,n1->n2->n12->n13->n3->n4->n5->n15->n16->n17->n7->n8->n18->n19->n9->n10,5.00949e+11|1.80448e+11|3.17333e+12|3.3596e+12|4.03193e+13|1.24903e+13|1.51209e+10|1.38797e+12|3.00334e+11|1.21221e+11|4.11056e+10|9.40752e+09|1.87589e+11|2.27898e+09|4.09299e+12|1.05286e+12,1.42812e+11|2.83365e+10|1.97587e+12|4.83085e+11|7.28384e+12|5.17319e+12|1.22326e+10|1.97223e+11|7.37672e+10|4.83282e+10|4.31733e+09|3.97206e+09|5.0424e+10|5.01791e+08|1.54858e+12|2.54031e+11,3.0181e-05|2.2775e-05|4.47077e-05|5.37832e-05|0.000517639|0.000108675|0.000336804|1.3996e-05|5.95091e-05|0.000165097|0.000205358|0.000346789|0.000294208|6.06243e-05|1.37772e-05|0.000119811,0.000310334|0.000399313|0.000744915|0.00012197|0.000530329|0.000509645|0.000821598|0.00169529|0.000170398|0.00195184|0.00168599|0.000202733|0.000215891|0.00270084|0.00405437|0.0025508,0.00924861|0.00541507|0.00841709|0.0278304|0.00720975|0.00375279|0.0477712|0.0250138|0.0432795|0.0348952|0.0452155|0.0159192|0.0315747|0.00996122|0.0461418|0.0252238,0.0315742|0.00943238|0.0482252|0.0497469|0.0402354|0.0495486|0.00263917|0.0119018|0.0304577|0.0051677|0.0238427|0.04339|0.0153347|0.0473706|0.00266386|0.00700942,0.913495|0.989114|0.908177|0.940839|0.905667|0.916604|0.984899|0.927813|0.91388|0.928968|0.932747|0.948026|0.936282|0.994787|0.911519|0.908496,2.71048|4.18964|4.07787|6.22041|2.54377|1.60415|0.379676|2.46356|2.66328|0.109|3.21396|3.34163|4.51941|5.14536|4.41064|2.75743,79.8117|88.6198|13.9548|83.9106|10.4739|81.7362|35.0583|56.2706|32.2763|59.8148|55.4093|81.3396|28.0546|99.0064|65.9961,0.202212|0.16902|0.245775|0.213953|0.212578|0.223931|0.204588|0.226874|0.164452|0.243915|0.21027|0.217219|0.210998|0.245379|0.243547,0.147038|0.7617|0.861041|0.402307|0.554145|0.801699|0.102366|0.221237|0.241087|0.689629|0.673098|0.294058|0.470346|0.363657|0.928618,0.904667,0.887647,0.128239,0.443169,0.0828321,0.54922,0.253495,0.516004,0.226897,0.823074,78.9323,6.77635e-13,54008,0.832037,77.8406,9.63242e-13,32789,0.821844,0.944121,0.0443767,0.51828,0.332244,0.52747,0.0679451,0.544083,0.096402,0.818693,31.6275,1.97589e-13,52186,0.845045,89.7441,1.17089e-11,31003
10,113,n1->n11->n12->n22->n23->n24->n25->n26->n27->n37->n38->n39->n29->n30->n20->n10,5.00949e+11|4.11551e+13|3.17333e+12|1.93553e+13|1.5238e+09|3.97958e+09|2.14516e+11|5.66393e+13|4.48678e+13|1.96787e+11|2.22165e+13|4.53885e+11|4.83336e+11|1.14315e+11|3.15183e+10|1.05286e+12,1.42812e+11|1.48663e+13|1.97587e+12|2.74511e+12|1.20387e+09|3.8065e+09|2.11577e+11|1.21816e+13|1.91882e+13|3.13422e+10|3.3329e+12|2.05862e+11|2.76914e+11|2.42933e+10|1.45355e+10|2.54031e+11,3.0181e-05|5.20523e-05|4.47077e-05|5.97411e-05|0.000436525|1.10933e-05|3.573e-05|7.56504e-05|0.00017671|0.000277193|3.60362e-05|1.20462e-05|0.000507637|4.60706e-05|1.46655e-05|0.000119811,0.000310334|0.00656769|0.000744915|0.000129789|0.00111897|0.00180726|0.00167902|0.00599276|0.00060257|0.000160699|0.000188882|0.00796747|0.00318299|0.000197986|0.00552788|0.0025508,0.00924861|0.0194316|0.00841709|0.0204439|0.0352893|0.00858775|0.02593|0.0166249|0.000624187|0.0253626|0.0367773|0.0478215|0.0314107|0.0398299|0.0257996|0.0252238,0.0315742|0.0254573|0.0482252|0.0386141|0.00519581|0.0359629|0.042106|0.0190337|0.00869688|0.00849779|0.0222725|0.013807|0.0453812|0.0027684|0.00882196|0.00700942,0.913495|0.911067|0.908177|0.918718|0.980295|0.906689|0.927416|0.928891|0.914007|0.904421|0.989645|0.959688|0.949375|0.964095|0.931105|0.908496,2.71048|4.63323|4.07787|3.40478|4.49412|0.509572|3.48682|5.08644|0.728108|0.900028|4.17407|1.26867|3.9795|5.43156|5.03122|2.75743,30.2686|24.4191|13.2112|55.8812|67.5745|18.2346|55.6995|42.5138|44.8869|37.0378|69.5993|44.1502|83.4704|23.9015|29.3778,0.189746|0.163204|0.186408|0.24392|0.23069|0.181699|0.183873|0.241136|0.231987|0.186084|0.205343|0.242713|0.18868|0.163781|0.224525,0.114018|0.339009|0.577028|0.667566|0.610727|0.244388|0.713165|0.206168|0.261942|0.934425|0.854451|0.864147|0.879944|0.655953|0.696713,0.904667,0.887647,0.128239,0.443169,0.0828321,0.54922,0.253495,0.516004,0.226897,0.823074,78.9323,6.77635e-13,54008,0.832037,77.8406,9.63242e-13,32789,0.821844,0.944121,0.0443767,0.51828,0.332244,0.52747,0.0679451,0.544083,0.096402,0.818693,31.6275,1.97589e-13,52186,0.845045,89.7441,1.17089e-11,31003
10,114,n1->n2->n12->n11->n21->n22->n23->n13->n14->n15->n5->n6->n7->n8->n9->n10,5.00949e+11|1.80448e+11|3.17333e+12|4.11551e+13|2.24457e+13|1.93553e+13|1.5238e+09|3.3596e+12|4.27688e+09|1.38797e+12|1.51209e+10|9.02929e+10|4.11056e+10|9.40752e+09|4.09299e+12|1.05286e+12,1.42812e+11|2.83365e+10|1.97587e+12|1.48663e+13|7.42758e+12|2.74511e+12|1.20387e+09|4.83085e+11|1.0558e+09|1.97223e+11|1.22326e+10|1.02249e+10|4.31733e+09|3.97206e+09|1.54858e+12|2.54031e+11,3.0181e-05|2.2775e-05|4.47077e-05|5.20523e-05|9.1332e-05|5.97411e-05|0.000436525|5.37832e-05|0.000636693|1.3996e-05|0.000336804|0.000995263|0.000205358|0.000346789|1.37772e-05|0.000119811,0.000310334|0.000399313|0.000744915|0.00656769|0.003173|0.000129789|0.00111897|0.00012197|0.00566749|0.00169529|0.000821598|0.00674185|0.00168599|0.000202733|0.00405437|0.0025508,0.00924861|0.00541507|0.00841709|0.0194316|0.0413095|0.0204439|0.0352893|0.0278304|0.0161796|0.0250138|0.0477712|0.0292399|0.0452155|0.0159192|0.0461418|0.0252238,0.0315742|0.00943238|0.0482252|0.0254573|0.0382423|0.0386141|0.00519581|0.0497469|0.0339305|0.0119018|0.00263917|0.0108922|0.0238427|0.04339|0.00266386|0.00700942,0.913495|0.989114|0.908177|0.911067|0.936521|0.918718|0.980295|0.940839|0.984185|0.927813|0.984899|0.926294|0.932747|0.948026|0.911519|0.908496,2.71048|4.18964|4.07787|4.63323|4.03334|3.40478|4.49412|6.22041|4.81843|2.46356|0.379676|2.82456|3.21396|3.34163|4.41064|2.75743,79.8117|88.6198|24.4191|65.1286|34.0839|55.8812|51.9585|56.34|92.5451|35.0583|37.2729|32.9383|55.4093|99.595|65.9961,0.202212|0.16902|0.163204|0.178609|0.223961|0.24392|0.16585|0.177304|0.219123|0.204588|0.218852|0.177423|0.21027|0.169273|0.243547,0.147038|0.7617|0.339009|0.433728|0.974725|0.667566|0.678346|0.349691|0.854651|0.102366|0.233286|0.668561|0.673098|0.23207|0.928618,0.904667,0.887647,0.128239,0.443169,0.0828321,0.54922,0.253495,0.516004,0.226897,0.823074,78.9323,6.77635e-13,54008,0.832037,77.8406,9.63242e-13,32789,0.821844,0.944121,0.0443767,0.51828,0.332244,0.52747,0.0679451,0.544083,0.096402,0.818693,31.6275,1.97589e-13,52186,0.845045,89.7441,1.17089e-11,31003
10,115,n1->n11->n12->n13->n14->n24->n34->n35->n36->n37->n38->n28->n29->n30->n20->n10,5.00949e+11|4.11551e+13|3.17333e+12|3.3596e+12|4.27688e+09|3.97958e+09|7.06025e+13|4.11121e+11|1.8261e+09|1.96787e+11|2.22165e+13|1.8631e+12|4.83336e+11|1.14315e+11|3.15183e+10|1.05286e+12,1.42812e+11|1.48663e+13|1.97587e+12|4.83085e+11|1.0558e+09|3.8065e+09|4.11307e+13|2.04952e+11|1.46612e+09|3.13422e+10|3.3329e+12|2.55027e+11|2.76914e+11|2.42933e+10|1.45355e+10|2.54031e+11,3.0181e-05|5.20523e-05|4.47077e-05|5.37832e-05|0.000636693|1.10933e-05|0.000222735|0.000113893|0.000255855|0.000277193|3.60362e-05|1.48343e-05|0.000507637|4.60706e-05|1.46655e-05|0.000119811,0.000310334|0.00656769|0.000744915|0.00012197|0.00566749|0.00180726|0.00027914|0.000684482|0.000101959|0.000160699|0.000188882|0.000582322|0.00318299|0.000197986|0.00552788|0.0025508,0.00924861|0.0194316|0.00841709|0.0278304|0.0161796|0.00858775|0.0256545|0.00427095|0.0156022|0.0253626|0.0367773|0.0124511|0.0314107|0.0398299|0.0257996|0.0252238,0.0315742|0.0254573|0.0482252|0.0497469|0.0339305|0.0359629|0.0411288|0.00630248|0.0381659|0.00849779|0.0222725|0.00729303|0.0453812|0.0027684|0.00882196|0.00700942,0.913495|0.911067|0.908177|0.940839|0.984185|0.906689|0.981725|0.972226|0.939672|0.904421|0.989645|0.913882|0.949375|0.964095|0.931105|0.908496,2.71048|4.63323|4.07787|6.22041|4.81843|0.509572|3.52757|0.154969|2.94554|0.900028|4.17407|1.60979|3.9795|5.43156|5.03122|2.75743,30.2686|24.4191|13.9548|56.34|66.6304|58.7029|31.5608|18.7034|29.3504|37.0378|23.518|39.0733|83.4704|23.9015|29.3778,0.189746|0.163204|0.245775|0.177304|0.23844|0.215243|0.181809|0.173283|0.188175|0.186084|0.169384|0.218529|0.18868|0.163781|0.224525,0.114018|0.339009|0.861041|0.349691|0.244053|0.894181|0.752501|0.900338|0.119974|0.934425|0.718746|0.382175|0.879944|0.655953|0.696713,0.904667,0.887647,0.128239,0.443169,0.0828321,0.54922,0.253495,0.516004,0.226897,0.823074,78.9323,6.77635e-13,54008,0.832037,77.8406,9.63242e-13,32789,0.821844,0.944121,0.0443767,0.51828,0.332244,0.52747,0.0679451,0.544083,0.096402,0.818693,31.6275,1.97589e-13,52186,0.845045,89.7441,1.17089e-11,31003
10,116,n1->n2->n12->n22->n23->n24->n25->n35->n36->n37->n38->n39->n29->n30->n20->n10,5.00949e+11|1.80448e+11|3.17333e+12|1.93553e+13|1.5238e+09|3.97958e+09|2.14516e+11|4.11121e+11|1.8261e+09|1.96787e+11|2.22165e+13|4.53885e+11|4.83336e+11|1.14315e+11|3.15183e+10|1.05286e+12,1.42812e+11|2.83365e+10|1.97587e+12|2.74511e+12|1.20387e+09|3.8065e+09|2.11577e+11|2.04952e+11|1.46612e+09|3.13422e+10|3.3329e+12|2.05862e+11|2.76914e+11|2.42933e+10|1.45355e+10|2.54031e+11,3.0181e-05|2.2775e-05|4.47077e-05|5.97411e-05|0.000436525|1.10933e-05|3.573e-05|0.000113893|0.000255855|0.000277193|3.60362e-05|1.20462e-05|0.000507637|4.60706e-05|1.46655e-05|0.000119811,0.000310334|0.000399313|0.000744915|0.000129789|0.00111897|0.00180726|0.00167902|0.000684482|0.000101959|0.000160699|0.000188882|0.00796747|0.00318299|0.000197986|0.00552788|0.0025508,0.00924861|0.00541507|0.00841709|0.0204439|0.0352893|0.00858775|0.02593|0.00427095|0.0156022|0.0253626|0.0367773|0.0478215|0.0314107|0.0398299|0.0257996|0.0252238,0.0315742|0.00943238|0.0482252|0.0386141|0.00519581|0.0359629|0.042106|0.00630248|0.0381659|0.00849779|0.0222725|0.013807|0.0453812|0.0027684|0.00882196|0.00700942,0.913495|0.989114|0.908177|0.918718|0.980295|0.906689|0.927416|0.972226|0.939672|0.904421|0.989645|0.959688|0.949375|0.964095|0.931105|0.908496,2.71048|4.18964|4.07787|3.40478|4.49412|0.509572|3.48682|0.154969|2.94554|0.900028|4.17407|1.26867|3.9795|5.43156|5.03122|2.75743,79.8117|88.6198|13.2112|55.8812|67.5745|18.2346|88.4205|18.7034|29.3504|37.0378|69.5993|44.1502|83.4704|23.9015|29.3778,0.202212|0.16902|0.186408|0.24392|0.23069|0.181699|0.173714|0.173283|0.188175|0.186084|0.205343|0.242713|0.18868|0.163781|0.224525,0.147038|0.7617|0.577028|0.667566|0.610727|0.244388|0.254718|0.900338|0.119974|0.934425|0.854451|0.864147|0.879944|0.655953|0.696713,0.904667,0.887647,0.128239,0.443169,0.0828321,0.54922,0.253495,0.516004,0.226897,0.823074,78.9323,6.77635e-13,54008,0.832037,77.8406,9.63242e-13,32789,0.821844,0.944121,0.0443767,0.51828,0.332244,0.52747,0.0679451,0.544083,0.096402,0.818693,31.6275,1.97589e-13,52186,0.845045,89.7441,1.17089e-11,31003
10,117,n1->n2->n3->n4->n14->n15->n5->n6->n7->n8->n18->n28->n29->n30->n20->n10,5.00949e+11|1.80448e+11|4.03193e+13|1.24903e+13|4.27688e+09|1.38797e+12|1.51209e+10|9.02929e+10|4.11056e+10|9.40752e+09|1.87589e+11|1.8631e+12|4.83336e+11|1.14315e+11|3.15183e+10|1.05286e+12,1.42812e+11|2.83365e+10|7.28384e+12|5.17319e+12|1.0558e+09|1.97223e+11|1.22326e+10|1.02249e+10|4.31733e+09|3.97206e+09|5.0424e+10|2.55027e+11|2.76914e+11|2.42933e+10|1.45355e+10|2.54031e+11,3.0181e-05|2.2775e-05|0.000517639|0.000108675|0.000636693|1.3996e-05|0.000336804|0.000995263|0.000205358|0.000346789|0.000294208|1.48343e-05|0.000507637|4.60706e-05|1.46655e-05|0.000119811,0.000310334|0.000399313|0.000530329|0.000509645|0.00566749|0.00169529|0.000821598|0.00674185|0.00168599|0.000202733|0.000215891|0.000582322|0.00318299|0.000197986|0.00552788|0.0025508,0.00924861|0.00541507|0.00720975|0.00375279|0.0161796|0.0250138|0.0477712|0.0292399|0.0452155|0.0159192|0.0315747|0.0124511|0.0314107|0.0398299|0.0257996|0.0252238,0.0315742|0.00943238|0.0402354|0.0495486|0.0339305|0.0119018|0.00263917|0.0108922|0.0238427|0.04339|0.0153347|0.00729303|0.0453812|0.0027684|0.00882196|0.00700942,0.913495|0.989114|0.905667|0.916604|0.984185|0.927813|0.984899|0.926294|0.932747|0.948026|0.936282|0.913882|0.949375|0.964095|0.931105|0.908496,2.71048|4.18964|2.54377|1.60415|4.81843|2.46356|0.379676|2.82456|3.21396|3.34163|4.51941|1.60979|3.9795|5.43156|5.03122|2.75743,79.8117|37.015|10.4739|52.1141|92.5451|35.0583|37.2729|32.9383|55.4093|81.3396|43.2583|39.0733|83.4704|23.9015|29.3778,0.202212|0.202219|0.212578|0.23004|0.219123|0.204588|0.218852|0.177423|0.21027|0.217219|0.243681|0.218529|0.18868|0.163781|0.224525,0.147038|0.790314|0.554145|0.342514|0.854651|0.102366|0.233286|0.668561|0.673098|0.294058|0.300248|0.382175|0.879944|0.655953|0.696713,0.904667,0.887647,0.128239,0.443169,0.0828321,0.54922,0.253495,0.516004,0.226897,0.823074,78.9323,6.77635e-13,54008,0.832037,77.8406,9.63242e-13,32789,0.821844,0.944121,0.0443767,0.51828,0.332244,0.52747,0.0679451,0.544083,0.096402,0.818693,31.6275,1.97589e-13,52186,0.845045,89.7441,1.17089e-11,31003
10,118,n1->n11->n21->n31->n32->n22->n23->n24->n25->n15->n5->n6->n7->n8->n9->n10,5.00949e+11|4.11551e+13|2.24457e+13|3.07002e+11|3.52429e+12|1.93553e+13|1.5238e+09|3.97958e+09|2.14516e+11|1.38797e+12|1.51209e+10|9.02929e+10|4.11056e+10|9.40752e+09|4.09299e+12|1.05286e+12,1.42812e+11|1.48663e+13|7.42758e+12|3.60863e+10|1.86055e+12|2.74511e+12|1.20387e+09|3.8065e+09|2.11577e+11|1.97223e+11|1.22326e+10|1.02249e+10|4.31733e+09|3.97206e+09|1.54858e+12|2.54031e+11,3.0181e-05|5.20523e-05|9.1332e-05|7.19176e-05|1.35743e-05|5.97411e-05|0.000436525|1.10933e-05|3.573e-05|1.3996e-05|0.000336804|0.000995263|0.000205358|0.000346789|1.37772e-05|0.000119811,0.000310334|0.00656769|0.003173|0.000485795|0.000278749|0.000129789|0.00111897|0.00180726|0.00167902|0.00169529|0.000821598|0.00674185|0.00168599|0.000202733|0.00405437|0.0025508,0.00924861|0.0194316|0.0413095|0.049277|0.000648378|0.0204439|0.0352893|0.00858775|0.02593|0.0250138|0.0477712|0.0292399|0.0452155|0.0159192|0.0461418|0.0252238,0.0315742|0.0254573|0.0382423|0.0345633|0.0254904|0.0386141|0.00519581|0.0359629|0.042106|0.0119018|0.00263917|0.0108922|0.0238427|0.04339|0.00266386|0.00700942,0.913495|0.911067|0.936521|0.968529|0.983201|0.918718|0.980295|0.906689|0.927416|0.927813|0.984899|0.926294|0.932747|0.948026|0.911519|0.908496,2.71048|4.63323|4.03334|3.24104|3.82994|3.40478|4.49412|0.509572|3.48682|2.46356|0.379676|2.82456|3.21396|3.34163|4.41064|2.75743,30.2686|65.1286|89.2299|63.0993|86.2435|55.8812|67.5745|18.2346|54.7186|35.0583|37.2729|32.9383|55.4093|99.595|65.9961,0.189746|0.178609|0.173119|0.240352|0.163424|0.24392|0.23069|0.181699|0.193634|0.204588|0.218852|0.177423|0.21027|0.169273|0.243547,0.114018|0.433728|0.321619|0.507652|0.16961|0.667566|0.610727|0.244388|0.563983|0.102366|0.233286|0.668561|0.673098|0.23207|0.928618,0.904667,0.887647,0.128239,0.443169,0.0828321,0.54922,0.253495,0.516004,0.226897,0.823074,78.9323,6.77635e-13,54008,0.832037,77.8406,9.63242e-13,32789,0.821844,0.944121,0.0443767,0.51828,0.332244,0.52747,0.0679451,0.544083,0.096402,0.818693,31.6275,1.97589e-13,52186,0.845045,89.7441,1.17089e-11,31003
10,119,n1->n11->n21->n22->n32->n33->n23->n24->n14->n4->n5->n6->n7->n8->n9->n10,5.00949e+11|4.11551e+13|2.24457e+13|1.93553e+13|3.52429e+12|3.16984e+11|1.5238e+09|3.97958e+09|4.27688e+09|1.24903e+13|1.51209e+10|9.02929e+10|4.11056e+10|9.40752e+09|4.09299e+12|1.05286e+12,1.42812e+11|1.48663e+13|7.42758e+12|2.74511e+12|1.86055e+12|2.67303e+11|1.20387e+09|3.8065e+09|1.0558e+09|5.17319e+12|1.22326e+10|1.02249e+10|4.31733e+09|3.97206e+09|1.54858e+12|2.54031e+11,3.0181e-05|5.20523e-05|9.1332e-05|5.97411e-05|1.35743e-05|2.21023e-05|0.000436525|1.10933e-05|0.000636693|0.000108675|0.000336804|0.000995263|0.000205358|0.000346789|1.37772e-05|0.000119811,0.000310334|0.00656769|0.003173|0.000129789|0.000278749|0.000140997|0.00111897|0.00180726|0.00566749|0.000509645|0.000821598|0.00674185|0.00168599|0.000202733|0.00405437|0.0025508,0.00924861|0.0194316|0.0413095|0.0204439|0.000648378|0.0458653|0.0352893|0.00858775|0.0161796|0.00375279|0.0477712|0.0292399|0.0452155|0.0159192|0.0461418|0.0252238,0.0315742|0.0254573|0.0382423|0.0386141|0.0254904|0.0451391|0.00519581|0.0359629|0.0339305|0.0495486|0.00263917|0.0108922|0.0238427|0.04339|0.00266386|0.00700942,0.913495|0.911067|0.936521|0.918718|0.983201|0.964882|0.980295|0.906689|0.984185|0.916604|0.984899|0.926294|0.932747|0.948026|0.911519|0.908496,2.71048|4.63323|4.03334|3.40478|3.82994|1.54553|4.49412|0.509572|4.81843|1.60415|0.379676|2.82456|3.21396|3.34163|4.41064|2.75743,30.2686|65.1286|34.0839|86.2435|67.4197|76.7594|67.5745|66.6304|52.1141|81.7362|37.2729|32.9383|55.4093|99.595|65.9961,0.189746|0.178609|0.223961|0.163424|0.184992|0.210887|0.23069|0.23844|0.23004|0.223931|0.218852|0.177423|0.21027|0.169273|0.243547,0.114018|0.433728|0.974725|0.16961|0.207188|0.891879|0.610727|0.244053|0.342514|0.801699|0.233286|0.668561|0.673098|0.23207|0.928618,0.904667,0.887647,0.128239,0.443169,0.0828321,0.54922,0.253495,0.516004,0.226897,0.823074,78.9323,6.77635e-13,54008,0.832037,77.8406,9.63242e-13,32789,0.821844,0.944121,0.0443767,0.51828,0.332244,0.52747,0.0679451,0.544083,0.096402,0.818693,31.6275,1.97589e-13,52186,0.845045,89.7441,1.17089e-11,31003
10,120,n1->n11->n21->n22->n12->n13->n3->n4->n14->n15->n16->n6->n7->n8->n9->n10,5.00949e+11|4.11551e+13|2.24457e+13|1.93553e+13|3.17333e+12|3.3596e+12|4.03193e+13|1.24903e+13|4.27688e+09|1.38797e+12|3.00334e+11|9.02929e+10|4.11056e+10|9.40752e+09|4.09299e+12|1.05286e+12,1.42812e+11|1.48663e+13|7.42758e+12|2.74511e+12|1.97587e+12|4.83085e+11|7.28384e+12|5.17319e+12|1.0558e+09|1.97223e+11|7.37672e+10|1.02249e+10|4.31733e+09|3.97206e+09|1.54858e+12|2.54031e+11,3.0181e-05|5.20523e-05|9.1332e-05|5.97411e-05|4.47077e-05|5.37832e-05|0.000517639|0.000108675|0.000636693|1.3996e-05|5.95091e-05|0.000995263|0.000205358|0.000346789|1.37772e-05|0.000119811,0.000310334|0.00656769|0.003173|0.000129789|0.000744915|0.00012197|0.000530329|0.000509645|0.00566749|0.00169529|0.000170398|0.00674185|0.00168599|0.000202733|0.00405437|0.0025508,0.00924861|0.0194316|0.0413095|0.0204439|0.00841709|0.0278304|0.00720975|0.00375279|0.0161796|0.0250138|0.0432795|0.0292399|0.0452155|0.0159192|0.0461418|0.0252238,0.0315742|0.0254573|0.0382423|0.0386141|0.0482252|0.0497469|0.0402354|0.0495486|0.0339305|0.0119018|0.0304577|0.0108922|0.0238427|0.04339|0.00266386|0.00700942,0.913495|0.911067|0.936521|0.918718|0.908177|0.940839|0.905667|0.916604|0.984185|0.927813|0.91388|0.926294|0.932747|0.948026|0.911519|0.908496,2.71048|4.63323|4.03334|3.40478|4.07787|6.22041|2.54377|1.60415|4.81843|2.46356|2.66328|2.82456|3.21396|3.34163|4.41064|2.75743,30.2686|65.1286|34.0839|13.2112|13.9548|83.9106|10.4739|52.1141|92.5451|56.2706|50.0569|32.9383|55.4093|99.595|65.9961,0.189746|0.178609|0.223961|0.186408|0.245775|0.213953|0.212578|0.23004|0.219123|0.226874|0.238693|0.177423|0.21027|0.169273|0.243547,0.114018|0.433728|0.974725|0.577028|0.861041|0.402307|0.554145|0.342514|0.854651|0.221237|0.144125|0.668561|0.673098|0.23207|0.928618,0.904667,0.887647,0.128239,0.443169,0.0828321,0.54922,0.253495,0.516004,0.226897,0.823074,78.9323,6.77635e-13,54008,0.832037,77.8406,9.63242e-13,32789,0.821844,0.944121,0.0443767,0.51828,0.332244,0.52747,0.0679451,0.544083,0.096402,0.818693,31.6275,1.97589e-13,52186,0.845045,89.7441,1.17089e-11,31003
10,121,n1->n2->n12->n11->n21->n31->n32->n22->n23->n24->n14->n15->n16->n6->n7->n8->n9->n10,5.00949e+11|1.80448e+11|3.17333e+12|4.11551e+13|2.24457e+13|3.07002e+11|3.52429e+12|1.93553e+13|1.5238e+09|3.97958e+09|4.27688e+09|1.38797e+12|3.00334e+11|9.02929e+10|4.11056e+10|9.40752e+09|4.09299e+12|1.05286e+12,1.42812e+11|2.83365e+10|1.97587e+12|1.48663e+13|7.42758e+12|3.60863e+10|1.86055e+12|2.74511e+12|1.20387e+09|3.8065e+09|1.0558e+09|1.97223e+11|7.37672e+10|1.02249e+10|4.31733e+09|3.97206e+09|1.54858e+12|2.54031e+11,3.0181e-05|2.2775e-05|4.47077e-05|5.20523e-05|9.1332e-05|7.19176e-05|1.35743e-05|5.97411e-05|0.000436525|1.10933e-05|0.000636693|1.3996e-05|5.95091e-05|0.000995263|0.000205358|0.000346789|1.37772e-05|0.000119811,0.000310334|0.000399313|0.000744915|0.00656769|0.003173|0.000485795|0.000278749|0.000129789|0.00111897|0.00180726|0.00566749|0.00169529|0.000170398|0.00674185|0.00168599|0.000202733|0.00405437|0.0025508,0.00924861|0.00541507|0.00841709|0.0194316|0.0413095|0.049277|0.000648378|0.0204439|0.0352893|0.00858775|0.0161796|0.0250138|0.0432795|0.0292399|0.0452155|0.0159192|0.0461418|0.0252238,0.0315742|0.00943238|0.0482252|0.0254573|0.0382423|0.0345633|0.0254904|0.0386141|0.00519581|0.0359629|0.0339305|0.0119018|0.0304577|0.0108922|0.0238427|0.04339|0.00266386|0.00700942,0.913495|0.989114|0.908177|0.911067|0.936521|0.968529|0.983201|0.918718|0.980295|0.906689|0.984185|0.927813|0.91388|0.926294|0.932747|0.948026|0.911519|0.908496,2.71048|4.18964|4.07787|4.63323|4.03334|3.24104|3.82994|3.40478|4.49412|0.509572|4.81843|2.46356|2.66328|2.82456|3.21396|3.34163|4.41064|2.75743,79.8117|88.6198|24.4191|65.1286|89.2299|63.0993|86.2435|55.8812|67.5745|66.6304|92.5451|56.2706|50.0569|32.9383|55.4093|99.595|65.9961,0.202212|0.16902|0.163204|0.178609|0.173119|0.240352|0.163424|0.24392|0.23069|0.23844|0.219123|0.226874|0.238693|0.177423|0.21027|0.169273|0.243547,0.147038|0.7617|0.339009|0.433728|0.321619|0.507652|0.16961|0.667566|0.610727|0.244053|0.854651|0.221237|0.144125|0.668561|0.673098|0.23207|0.928618,0.904667,0.887647,0.128239,0.443169,0.0828321,0.54922,0.253495,0.516004,0.226897,0.823074,78.9323,6.77635e-13,54008,0.832037,77.8406,9.63242e-13,32789,0.821844,0.944121,0.0443767,0.51828,0.332244,0.52747,0.0679451,0.544083,0.096402,0.818693,31.6275,1.97589e-13,52186,0.845045,89.7441,1.17089e-11,31003
10,122,n1->n2->n3->n4->n5->n6->n16->n17->n7->n8->n9->n19->n18->n28->n29->n30->n20->n10,5.00949e+11|1.80448e+11|4.03193e+13|1.24903e+13|1.51209e+10|9.02929e+10|3.00334e+11|1.21221e+11|4.11056e+10|9.40752e+09|4.09299e+12|2.27898e+09|1.87589e+11|1.8631e+12|4.83336e+11|1.14315e+11|3.15183e+10|1.05286e+12,1.42812e+11|2.83365e+10|7.28384e+12|5.17319e+12|1.22326e+10|1.02249e+10|7.37672e+10|4.83282e+10|4.31733e+09|3.97206e+09|1.54858e+12|5.01791e+08|5.0424e+10|2.55027e+11|2.76914e+11|2.42933e+10|1.45355e+10|2.54031e+11,3.0181e-05|2.2775e-05|0.000517639|0.000108675|0.000336804|0.000995263|5.95091e-05|0.000165097|0.000205358|0.000346789|1.37772e-05|6.06243e-05|0.000294208|1.48343e-05|0.000507637|4.60706e-05|1.46655e-05|0.000119811,0.000310334|0.000399313|0.000530329|0.000509645|0.000821598|0.00674185|0.000170398|0.00195184|0.00168599|0.000202733|0.00405437|0.00270084|0.000215891|0.000582322|0.00318299|0.000197986|0.00552788|0.0025508,0.00924861|0.00541507|0.00720975|0.00375279|0.0477712|0.0292399|0.0432795|0.0348952|0.0452155|0.0159192|0.0461418|0.00996122|0.0315747|0.0124511|0.0314107|0.0398299|0.0257996|0.0252238,0.0315742|0.00943238|0.0402354|0.0495486|0.00263917|0.0108922|0.0304577|0.0051677|0.0238427|0.04339|0.00266386|0.0473706|0.0153347|0.00729303|0.0453812|0.0027684|0.00882196|0.00700942,0.913495|0.989114|0.905667|0.916604|0.984899|0.926294|0.91388|0.928968|0.932747|0.948026|0.911519|0.994787|0.936282|0.913882|0.949375|0.964095|0.931105|0.908496,2.71048|4.18964|2.54377|1.60415|0.379676|2.82456|2.66328|0.109|3.21396|3.34163|4.41064|5.14536|4.51941|1.60979|3.9795|5.43156|5.03122|2.75743,79.8117|37.015|10.4739|81.7362|37.2729|50.0569|32.2763|59.8148|55.4093|99.595|99.0064|28.0546|43.2583|39.0733|83.4704|23.9015|29.3778,0.202212|0.202219|0.212578|0.223931|0.218852|0.238693|0.164452|0.243915|0.21027|0.169273|0.245379|0.210998|0.243681|0.218529|0.18868|0.163781|0.224525,0.147038|0.790314|0.554145|0.801699|0.233286|0.144125|0.241087|0.689629|0.673098|0.23207|0.363657|0.470346|0.300248|0.382175|0.879944|0.655953|0.696713,0.904667,0.887647,0.128239,0.443169,0.0828321,0.54922,0.253495,0.516004,0.226897,0.823074,78.9323,6.77635e-13,54008,0.832037,77.8406,9.63242e-13,32789,0.821844,0.944121,0.0443767,0.51828,0.332244,0.52747,0.0679451,0.544083,0.096402,0.818693,31.6275,1.97589e-13,52186,0.845045,89.7441,1.17089e-11,31003
10,123,n1->n11->n12->n2->n3->n4->n14->n13->n23->n24->n25->n26->n16->n6->n7->n8->n9->n10,5.00949e+11|4.11551e+13|3.17333e+12|1.80448e+11|4.03193e+13|1.24903e+13|4.27688e+09|3.3596e+12|1.5238e+09|3.97958e+09|2.14516e+11|5.66393e+13|3.00334e+11|9.02929e+10|4.11056e+10|9.40752e+09|4.09299e+12|1.05286e+12,1.42812e+11|1.48663e+13|1.97587e+12|2.83365e+10|7.28384e+12|5.17319e+12|1.0558e+09|4.83085e+11|1.20387e+09|3.8065e+09|2.11577e+11|1.21816e+13|7.37672e+10|1.02249e+10|4.31733e+09|3.97206e+09|1.54858e+12|2.54031e+11,3.0181e-05|5.20523e-05|4.47077e-05|2.2775e-05|0.000517639|0.000108675|0.000636693|5.37832e-05|0.000436525|1.10933e-05|3.573e-05|7.56504e-05|5.95091e-05|0.000995263|0.000205358|0.000346789|1.37772e-05|0.000119811,0.000310334|0.00656769|0.000744915|0.000399313|0.000530329|0.000509645|0.00566749|0.00012197|0.00111897|0.00180726|0.00167902|0.00599276|0.000170398|0.00674185|0.00168599|0.000202733|0.00405437|0.0025508,0.00924861|0.0194316|0.00841709|0.00541507|0.00720975|0.00375279|0.0161796|0.0278304|0.0352893|0.00858775|0.02593|0.0166249|0.0432795|0.0292399|0.0452155|0.0159192|0.0461418|0.0252238,0.0315742|0.0254573|0.0482252|0.00943238|0.0402354|0.0495486|0.0339305|0.0497469|0.00519581|0.0359629|0.042106|0.0190337|0.0304577|0.0108922|0.0238427|0.04339|0.00266386|0.00700942,0.913495|0.911067|0.908177|0.989114|0.905667|0.916604|0.984185|0.940839|0.980295|0.906689|0.927416|0.928891|0.91388|0.926294|0.932747|0.948026|0.911519|0.908496,2.71048|4.63323|4.07787|4.18964|2.54377|1.60415|4.81843|6.22041|4.49412|0.509572|3.48682|5.08644|2.66328|2.82456|3.21396|3.34163|4.41064|2.75743,30.2686|24.4191|88.6198|37.015|10.4739|52.1141|56.34|51.9585|67.5745|18.2346|55.6995|11.0615|50.0569|32.9383|55.4093|99.595|65.9961,0.189746|0.163204|0.16902|0.202219|0.212578|0.23004|0.177304|0.16585|0.23069|0.181699|0.183873|0.1844|0.238693|0.177423|0.21027|0.169273|0.243547,0.114018|0.339009|0.7617|0.790314|0.554145|0.342514|0.349691|0.678346|0.610727|0.244388|0.713165|0.214788|0.144125|0.668561|0.673098|0.23207|0.928618,0.904667,0.887647,0.128239,0.443169,0.0828321,0.54922,0.253495,0.516004,0.226897,0.823074,78.9323,6.77635e-13,54008,0.832037,77.8406,9.63242e-13,32789,0.821844,0.944121,0.0443767,0.51828,0.332244,0.52747,0.0679451,0.544083,0.096402,0.818693,31.6275,1.97589e-13,52186,0.845045,89.7441,1.17089e-11,31003
10,124,n1->n2->n3->n13->n14->n15->n5->n6->n7->n17->n27->n37->n38->n39->n40->n30->n20->n10,5.00949e+11|1.80448e+11|4.03193e+13|3.3596e+12|4.27688e+09|1.38797e+12|1.51209e+10|9.02929e+10|4.11056e+10|1.21221e+11|4.48678e+13|1.96787e+11|2.22165e+13|4.53885e+11|5.46209e+11|1.14315e+11|3.15183e+10|1.05286e+12,1.42812e+11|2.83365e+10|7.28384e+12|4.83085e+11|1.0558e+09|1.97223e+11|1.22326e+10|1.02249e+10|4.31733e+09|4.83282e+10|1.91882e+13|3.13422e+10|3.3329e+12|2.05862e+11|3.22217e+11|2.42933e+10|1.45355e+10|2.54031e+11,3.0181e-05|2.2775e-05|0.000517639|5.37832e-05|0.000636693|1.3996e-05|0.000336804|0.000995263|0.000205358|0.000165097|0.00017671|0.000277193|3.60362e-05|1.20462e-05|0.000757955|4.60706e-05|1.46655e-05|0.000119811,0.000310334|0.000399313|0.000530329|0.00012197|0.00566749|0.00169529|0.000821598|0.00674185|0.00168599|0.00195184|0.00060257|0.000160699|0.000188882|0.00796747|0.000476907|0.000197986|0.00552788|0.0025508,0.00924861|0.00541507|0.00720975|0.0278304|0.0161796|0.0250138|0.0477712|0.0292399|0.0452155|0.0348952|0.000624187|0.0253626|0.0367773|0.0478215|0.0346753|0.0398299|0.0257996|0.0252238,0.0315742|0.00943238|0.0402354|0.0497469|0.0339305|0.0119018|0.00263917|0.0108922|0.0238427|0.0051677|0.00869688|0.00849779|0.0222725|0.013807|0.0358214|0.0027684|0.00882196|0.00700942,0.913495|0.989114|0.905667|0.940839|0.984185|0.927813|0.984899|0.926294|0.932747|0.928968|0.914007|0.904421|0.989645|0.959688|0.921009|0.964095|0.931105|0.908496,2.71048|4.18964|2.54377|6.22041|4.81843|2.46356|0.379676|2.82456|3.21396|0.109|0.728108|0.900028|4.17407|1.26867|3.95233|5.43156|5.03122|2.75743,79.8117|37.015|83.9106|56.34|92.5451|35.0583|37.2729|32.9383|59.8148|72.2829|44.8869|37.0378|69.5993|86.0567|98.0873|23.9015|29.3778,0.202212|0.202219|0.213953|0.177304|0.219123|0.204588|0.218852|0.177423|0.243915|0.205105|0.231987|0.186084|0.205343|0.210093|0.189012|0.163781|0.224525,0.147038|0.790314|0.402307|0.349691|0.854651|0.102366|0.233286|0.668561|0.689629|0.996881|0.261942|0.934425|0.854451|0.931749|0.312924|0.655953|0.696713,0.904667,0.887647,0.128239,0.443169,0.0828321,0.54922,0.253495,0.516004,0.226897,0.823074,78.9323,6.77635e-13,54008,0.832037,77.8406,9.63242e-13,32789,0.821844,0.944121,0.0443767,0.51828,0.332244,0.52747,0.0679451,0.544083,0.096402,0.818693,31.6275,1.97589e-13,52186,0.845045,89.7441,1.17089e-11,31003
10,125,n1->n11->n12->n13->n14->n24->n34->n35->n36->n37->n38->n39->n49->n50->n40->n30->n20->n10,5.00949e+11|4.11551e+13|3.17333e+12|3.3596e+12|4.27688e+09|3.97958e+09|7.06025e+13|4.11121e+11|1.8261e+09|1.96787e+11|2.22165e+13|4.53885e+11|4.05432e+13|4.20961e+13|5.46209e+11|1.14315e+11|3.15183e+10|1.05286e+12,1.42812e+11|1.48663e+13|1.97587e+12|4.83085e+11|1.0558e+09|3.8065e+09|4.11307e+13|2.04952e+11|1.46612e+09|3.13422e+10|3.3329e+12|2.05862e+11|4.00062e+13|6.88006e+12|3.22217e+11|2.42933e+10|1.45355e+10|2.54031e+11,3.0181e-05|5.20523e-05|4.47077e-05|5.37832e-05|0.000636693|1.10933e-05|0.000222735|0.000113893|0.000255855|0.000277193|3.60362e-05|1.20462e-05|1.27003e-05|0.000121518|0.000757955|4.60706e-05|1.46655e-05|0.000119811,0.000310334|0.00656769|0.000744915|0.00012197|0.00566749|0.00180726|0.00027914|0.000684482|0.000101959|0.000160699|0.000188882|0.00796747|0.00115547|0.000294891|0.000476907|0.000197986|0.00552788|0.0025508,0.00924861|0.0194316|0.00841709|0.0278304|0.0161796|0.00858775|0.0256545|0.00427095|0.0156022|0.0253626|0.0367773|0.0478215|0.00859096|0.0449712|0.0346753|0.0398299|0.0257996|0.0252238,0.0315742|0.0254573|0.0482252|0.0497469|0.0339305|0.0359629|0.0411288|0.00630248|0.0381659|0.00849779|0.0222725|0.013807|0.0310857|0.0095577|0.0358214|0.0027684|0.00882196|0.00700942,0.913495|0.911067|0.908177|0.940839|0.984185|0.906689|0.981725|0.972226|0.939672|0.904421|0.989645|0.959688|0.994007|0.914626|0.921009|0.964095|0.931105|0.908496,2.71048|4.63323|4.07787|6.22041|4.81843|0.509572|3.52757|0.154969|2.94554|0.900028|4.17407|1.26867|5.63527|0.0764201|3.95233|5.43156|5.03122|2.75743,30.2686|24.4191|13.9548|56.34|66.6304|58.7029|31.5608|18.7034|29.3504|37.0378|69.5993|95.0453|38.9947|91.3525|98.0873|23.9015|29.3778,0.189746|0.163204|0.245775|0.177304|0.23844|0.215243|0.181809|0.173283|0.188175|0.186084|0.205343|0.176137|0.247098|0.245407|0.189012|0.163781|0.224525,0.114018|0.339009|0.861041|0.349691|0.244053|0.894181|0.752501|0.900338|0.119974|0.934425|0.854451|0.284113|0.860698|0.188168|0.312924|0.655953|0.696713,0.904667,0.887647,0.128239,0.443169,0.0828321,0.54922,0.253495,0.516004,0.226897,0.823074,78.9323,6.77635e-13,54008,0.832037,77.8406,9.63242e-13,32789,0.821844,0.944121,0.0443767,0.51828,0.332244,0.52747,0.0679451,0.544083,0.096402,0.818693,31.6275,1.97589e-13,52186,0.845045,89.7441,1.17089e-11,31003
10,126,n1->n2->n3->n4->n5->n6->n16->n15->n25->n35->n36->n26->n27->n28->n18->n19->n9->n10,5.00949e+11|1.80448e+11|4.03193e+13|1.24903e+13|1.51209e+10|9.02929e+10|3.00334e+11|1.38797e+12|2.14516e+11|4.11121e+11|1.8261e+09|5.66393e+13|4.48678e+13|1.8631e+12|1.87589e+11|2.27898e+09|4.09299e+12|1.05286e+12,1.42812e+11|2.83365e+10|7.28384e+12|5.17319e+12|1.22326e+10|1.02249e+10|7.37672e+10|1.97223e+11|2.11577e+11|2.04952e+11|1.46612e+09|1.21816e+13|1.91882e+13|2.55027e+11|5.0424e+10|5.01791e+08|1.54858e+12|2.54031e+11,3.0181e-05|2.2775e-05|0.000517639|0.000108675|0.000336804|0.000995263|5.95091e-05|1.3996e-05|3.573e-05|0.000113893|0.000255855|7.56504e-05|0.00017671|1.48343e-05|0.000294208|6.06243e-05|1.37772e-05|0.000119811,0.000310334|0.000399313|0.000530329|0.000509645|0.000821598|0.00674185|0.000170398|0.00169529|0.00167902|0.000684482|0.000101959|0.00599276|0.00060257|0.000582322|0.000215891|0.00270084|0.00405437|0.0025508,0.00924861|0.00541507|0.00720975|0.00375279|0.0477712|0.0292399|0.0432795|0.0250138|0.02593|0.00427095|0.0156022|0.0166249|0.000624187|0.0124511|0.0315747|0.00996122|0.0461418|0.0252238,0.0315742|0.00943238|0.0402354|0.0495486|0.00263917|0.0108922|0.0304577|0.0119018|0.042106|0.00630248|0.0381659|0.0190337|0.00869688|0.00729303|0.0153347|0.0473706|0.00266386|0.00700942,0.913495|0.989114|0.905667|0.916604|0.984899|0.926294|0.91388|0.927813|0.927416|0.972226|0.939672|0.928891|0.914007|0.913882|0.936282|0.994787|0.911519|0.908496,2.71048|4.18964|2.54377|1.60415|0.379676|2.82456|2.66328|2.46356|3.48682|0.154969|2.94554|5.08644|0.728108|1.60979|4.51941|5.14536|4.41064|2.75743,79.8117|37.015|10.4739|81.7362|37.2729|50.0569|56.2706|54.7186|88.4205|18.7034|63.8366|42.5138|15.3326|43.2583|28.0546|99.0064|65.9961,0.202212|0.202219|0.212578|0.223931|0.218852|0.238693|0.226874|0.193634|0.173714|0.173283|0.162191|0.241136|0.192626|0.243681|0.210998|0.245379|0.243547,0.147038|0.790314|0.554145|0.801699|0.233286|0.144125|0.221237|0.563983|0.254718|0.900338|0.797446|0.206168|0.456993|0.300248|0.470346|0.363657|0.928618,0.904667,0.887647,0.128239,0.443169,0.0828321,0.54922,0.253495,0.516004,0.226897,0.823074,78.9323,6.77635e-13,54008,0.832037,77.8406,9.63242e-13,32789,0.821844,0.944121,0.0443767,0.51828,0.332244,0.52747,0.0679451,0.544083,0.096402,0.818693,31.6275,1.97589e-13,52186,0.845045,89.7441,1.17089e-11,31003
10,127,n1->n11->n21->n31->n32->n33->n43->n44->n45->n46->n36->n26->n27->n28->n29->n30->n20->n10,5.00949e+11|4.11551e+13|2.24457e+13|3.07002e+11|3.52429e+12|3.16984e+11|3.72221e+13|2.18185e+11|8.69193e+11|2.73488e+09|1.8261e+09|5.66393e+13|4.48678e+13|1.8631e+12|4.83336e+11|1.14315e+11|3.15183e+10|1.05286e+12,1.42812e+11|1.48663e+13|7.42758e+12|3.60863e+10|1.86055e+12|2.67303e+11|1.17304e+13|1.57592e+11|1.21048e+11|8.44093e+08|1.46612e+09|1.21816e+13|1.91882e+13|2.55027e+11|2.76914e+11|2.42933e+10|1.45355e+10|2.54031e+11,3.0181e-05|5.20523e-05|9.1332e-05|7.19176e-05|1.35743e-05|2.21023e-05|2.37985e-05|8.43016e-05|2.80143e-05|1.5339e-05|0.000255855|7.56504e-05|0.00017671|1.48343e-05|0.000507637|4.60706e-05|1.46655e-05|0.000119811,0.000310334|0.00656769|0.003173|0.000485795|0.000278749|0.000140997|0.000925643|0.000674249|0.0013249|0.00107268|0.000101959|0.00599276|0.00060257|0.000582322|0.00318299|0.000197986|0.00552788|0.0025508,0.00924861|0.0194316|0.0413095|0.049277|0.000648378|0.0458653|0.033735|0.00518582|0.0134492|0.0363109|0.0156022|0.0166249|0.000624187|0.0124511|0.0314107|0.0398299|0.0257996|0.0252238,0.0315742|0.0254573|0.0382423|0.0345633|0.0254904|0.0451391|0.0183556|0.0181246|0.0319834|0.0310165|0.0381659|0.0190337|0.00869688|0.00729303|0.0453812|0.0027684|0.00882196|0.00700942,0.913495|0.911067|0.936521|0.968529|0.983201|0.964882|0.98016|0.93772|0.965599|0.942585|0.939672|0.928891|0.914007|0.913882|0.949375|0.964095|0.931105|0.908496,2.71048|4.63323|4.03334|3.24104|3.82994|1.54553|3.34984|1.13488|1.89306|5.943|2.94554|5.08644|0.728108|1.60979|3.9795|5.43156|5.03122|2.75743,30.2686|65.1286|89.2299|63.0993|67.4197|49.6282|59.7094|89.5651|61.2725|70.4589|63.8366|42.5138|15.3326|39.0733|83.4704|23.9015|29.3778,0.189746|0.178609|0.173119|0.240352|0.184992|0.231132|0.249297|0.228694|0.214702|0.20568|0.162191|0.241136|0.192626|0.218529|0.18868|0.163781|0.224525,0.114018|0.433728|0.321619|0.507652|0.207188|0.41501|0.348203|0.413214|0.846114|0.357192|0.797446|0.206168|0.456993|0.382175|0.879944|0.655953|0.696713,0.904667,0.887647,0.128239,0.443169,0.0828321,0.54922,0.253495,0.516004,0.226897,0.823074,78.9323,6.77635e-13,54008,0.832037,77.8406,9.63242e-13,32789,0.821844,0.944121,0.0443767,0.51828,0.332244,0.52747,0.0679451,0.544083,0.096402,0.818693,31.6275,1.97589e-13,52186,0.845045,89.7441,1.17089e-11,31003
10,128,n1->n11->n21->n31->n32->n22->n23->n13->n12->n2->n3->n4->n5->n6->n7->n8->n9->n10,5.00949e+11|4.11551e+13|2.24457e+13|3.07002e+11|3.52429e+12|1.93553e+13|1.5238e+09|3.3596e+12|3.17333e+12|1.80448e+11|4.03193e+13|1.24903e+13|1.51209e+10|9.02929e+10|4.11056e+10|9.40752e+09|4.09299e+12|1.05286e+12,1.42812e+11|1.48663e+13|7.42758e+12|3.60863e+10|1.86055e+12|2.74511e+12|1.20387e+09|4.83085e+11|1.97587e+12|2.83365e+10|7.28384e+12|5.17319e+12|1.22326e+10|1.02249e+10|4.31733e+09|3.97206e+09|1.54858e+12|2.54031e+11,3.0181e-05|5.20523e-05|9.1332e-05|7.19176e-05|1.35743e-05|5.97411e-05|0.000436525|5.37832e-05|4.47077e-05|2.2775e-05|0.000517639|0.000108675|0.000336804|0.000995263|0.000205358|0.000346789|1.37772e-05|0.000119811,0.000310334|0.00656769|0.003173|0.000485795|0.000278749|0.000129789|0.00111897|0.00012197|0.000744915|0.000399313|0.000530329|0.000509645|0.000821598|0.00674185|0.00168599|0.000202733|0.00405437|0.0025508,0.00924861|0.0194316|0.0413095|0.049277|0.000648378|0.0204439|0.0352893|0.0278304|0.00841709|0.00541507|0.00720975|0.00375279|0.0477712|0.0292399|0.0452155|0.0159192|0.0461418|0.0252238,0.0315742|0.0254573|0.0382423|0.0345633|0.0254904|0.0386141|0.00519581|0.0497469|0.0482252|0.00943238|0.0402354|0.0495486|0.00263917|0.0108922|0.0238427|0.04339|0.00266386|0.00700942,0.913495|0.911067|0.936521|0.968529|0.983201|0.918718|0.980295|0.940839|0.908177|0.989114|0.905667|0.916604|0.984899|0.926294|0.932747|0.948026|0.911519|0.908496,2.71048|4.63323|4.03334|3.24104|3.82994|3.40478|4.49412|6.22041|4.07787|4.18964|2.54377|1.60415|0.379676|2.82456|3.21396|3.34163|4.41064|2.75743,30.2686|65.1286|89.2299|63.0993|86.2435|55.8812|51.9585|13.9548|88.6198|37.015|10.4739|81.7362|37.2729|32.9383|55.4093|99.595|65.9961,0.189746|0.178609|0.173119|0.240352|0.163424|0.24392|0.16585|0.245775|0.16902|0.202219|0.212578|0.223931|0.218852|0.177423|0.21027|0.169273|0.243547,0.114018|0.433728|0.321619|0.507652|0.16961|0.667566|0.678346|0.861041|0.7617|0.790314|0.554145|0.801699|0.233286|0.668561|0.673098|0.23207|0.928618,0.904667,0.887647,0.128239,0.443169,0.0828321,0.54922,0.253495,0.516004,0.226897,0.823074,78.9323,6.77635e-13,54008,0.832037,77.8406,9.63242e-13,32789,0.821844,0.944121,0.0443767,0.51828,0.332244,0.52747,0.0679451,0.544083,0.096402,0.818693,31.6275,1.97589e-13,52186,0.845045,89.7441,1.17089e-11,31003
10,129,n1->n11->n21->n31->n32->n42->n43->n33->n23->n24->n25->n15->n5->n6->n7->n8->n9->n10,5.00949e+11|4.11551e+13|2.24457e+13|3.07002e+11|3.52429e+12|2.46992e+13|3.72221e+13|3.16984e+11|1.5238e+09|3.97958e+09|2.14516e+11|1.38797e+12|1.51209e+10|9.02929e+10|4.11056e+10|9.40752e+09|4.09299e+12|1.05286e+12,1.42812e+11|1.48663e+13|7.42758e+12|3.60863e+10|1.86055e+12|6.94074e+12|1.17304e+13|2.67303e+11|1.20387e+09|3.8065e+09|2.11577e+11|1.97223e+11|1.22326e+10|1.02249e+10|4.31733e+09|3.97206e+09|1.54858e+12|2.54031e+11,3.0181e-05|5.20523e-05|9.1332e-05|7.19176e-05|1.35743e-05|0.000217251|2.37985e-05|2.21023e-05|0.000436525|1.10933e-05|3.573e-05|1.3996e-05|0.000336804|0.000995263|0.000205358|0.000346789|1.37772e-05|0.000119811,0.000310334|0.00656769|0.003173|0.000485795|0.000278749|0.000566237|0.000925643|0.000140997|0.00111897|0.00180726|0.00167902|0.00169529|0.000821598|0.00674185|0.00168599|0.000202733|0.00405437|0.0025508,0.00924861|0.0194316|0.0413095|0.049277|0.000648378|0.0159832|0.033735|0.0458653|0.0352893|0.00858775|0.02593|0.0250138|0.0477712|0.0292399|0.0452155|0.0159192|0.0461418|0.0252238,0.0315742|0.0254573|0.0382423|0.0345633|0.0254904|0.0417118|0.0183556|0.0451391|0.00519581|0.0359629|0.042106|0.0119018|0.00263917|0.0108922|0.0238427|0.04339|0.00266386|0.00700942,0.913495|0.911067|0.936521|0.968529|0.983201|0.962277|0.98016|0.964882|0.980295|0.906689|0.927416|0.927813|0.984899|0.926294|0.932747|0.948026|0.911519|0.908496,2.71048|4.63323|4.03334|3.24104|3.82994|2.20474|3.34984|1.54553|4.49412|0.509572|3.48682|2.46356|0.379676|2.82456|3.21396|3.34163|4.41064|2.75743,30.2686|65.1286|89.2299|63.0993|70.8805|27.3217|49.6282|76.7594|67.5745|18.2346|54.7186|35.0583|37.2729|32.9383|55.4093|99.595|65.9961,0.189746|0.178609|0.173119|0.240352|0.216234|0.209623|0.231132|0.210887|0.23069|0.181699|0.193634|0.204588|0.218852|0.177423|0.21027|0.169273|0.243547,0.114018|0.433728|0.321619|0.507652|0.631173|0.615724|0.41501|0.891879|0.610727|0.244388|0.563983|0.102366|0.233286|0.668561|0.673098|0.23207|0.928618,0.904667,0.887647,0.128239,0.443169,0.0828321,0.54922,0.253495,0.516004,0.226897,0.823074,78.9323,6.77635e-13,54008,0.832037,77.8406,9.63242e-13,32789,0.821844,0.944121,0.0443767,0.51828,0.332244,0.52747,0.0679451,0.544083,0.096402,0.818693,31.6275,1.97589e-13,52186,0.845045,89.7441,1.17089e-11,31003
10,130,n1->n11->n21->n22->n32->n42->n43->n44->n34->n35->n36->n37->n38->n28->n18->n8->n9->n10,5.00949e+11|4.11551e+13|2.24457e+13|1.93553e+13|3.52429e+12|2.46992e+13|3.72221e+13|2.18185e+11|7.06025e+13|4.11121e+11|1.8261e+09|1.96787e+11|2.22165e+13|1.8631e+12|1.87589e+11|9.40752e+09|4.09299e+12|1.05286e+12,1.42812e+11|1.48663e+13|7.42758e+12|2.74511e+12|1.86055e+12|6.94074e+12|1.17304e+13|1.57592e+11|4.11307e+13|2.04952e+11|1.46612e+09|3.13422e+10|3.3329e+12|2.55027e+11|5.0424e+10|3.97206e+09|1.54858e+12|2.54031e+11,3.0181e-05|5.20523e-05|9.1332e-05|5.97411e-05|1.35743e-05|0.000217251|2.37985e-05|8.43016e-05|0.000222735|0.000113893|0.000255855|0.000277193|3.60362e-05|1.48343e-05|0.000294208|0.000346789|1.37772e-05|0.000119811,0.000310334|0.00656769|0.003173|0.000129789|0.000278749|0.000566237|0.000925643|0.000674249|0.00027914|0.000684482|0.000101959|0.000160699|0.000188882|0.000582322|0.000215891|0.000202733|0.00405437|0.0025508,0.00924861|0.0194316|0.0413095|0.0204439|0.000648378|0.0159832|0.033735|0.00518582|0.0256545|0.00427095|0.0156022|0.0253626|0.0367773|0.0124511|0.0315747|0.0159192|0.0461418|0.0252238,0.0315742|0.0254573|0.0382423|0.0386141|0.0254904|0.0417118|0.0183556|0.0181246|0.0411288|0.00630248|0.0381659|0.00849779|0.0222725|0.00729303|0.0153347|0.04339|0.00266386|0.00700942,0.913495|0.911067|0.936521|0.918718|0.983201|0.962277|0.98016|0.93772|0.981725|0.972226|0.939672|0.904421|0.989645|0.913882|0.936282|0.948026|0.911519|0.908496,2.71048|4.63323|4.03334|3.40478|3.82994|2.20474|3.34984|1.13488|3.52757|0.154969|2.94554|0.900028|4.17407|1.60979|4.51941|3.34163|4.41064|2.75743,30.2686|65.1286|34.0839|86.2435|70.8805|27.3217|59.7094|46.2248|31.5608|18.7034|29.3504|37.0378|23.518|43.2583|81.3396|99.595|65.9961,0.189746|0.178609|0.223961|0.163424|0.216234|0.209623|0.249297|0.230728|0.181809|0.173283|0.188175|0.186084|0.169384|0.243681|0.217219|0.169273|0.243547,0.114018|0.433728|0.974725|0.16961|0.631173|0.615724|0.348203|0.95886|0.752501|0.900338|0.119974|0.934425|0.718746|0.300248|0.294058|0.23207|0.928618,0.904667,0.887647,0.128239,0.443169,0.0828321,0.54922,0.253495,0.516004,0.226897,0.823074,78.9323,6.77635e-13,54008,0.832037,77.8406,9.63242e-13,32789,0.821844,0.944121,0.0443767,0.51828,0.332244,0.52747,0.0679451,0.544083,0.096402,0.818693,31.6275,1.97589e-13,52186,0.845045,89.7441,1.17089e-11,31003
10,131,n1->n11->n21->n31->n32->n42->n43->n44->n34->n24->n25->n15->n16->n6->n7->n8->n9->n10,5.00949e+11|4.11551e+13|2.24457e+13|3.07002e+11|3.52429e+12|2.46992e+13|3.72221e+13|2.18185e+11|7.06025e+13|3.97958e+09|2.14516e+11|1.38797e+12|3.00334e+11|9.02929e+10|4.11056e+10|9.40752e+09|4.09299e+12|1.05286e+12,1.42812e+11|1.48663e+13|7.42758e+12|3.60863e+10|1.86055e+12|6.94074e+12|1.17304e+13|1.57592e+11|4.11307e+13|3.8065e+09|2.11577e+11|1.97223e+11|7.37672e+10|1.02249e+10|4.31733e+09|3.97206e+09|1.54858e+12|2.54031e+11,3.0181e-05|5.20523e-05|9.1332e-05|7.19176e-05|1.35743e-05|0.000217251|2.37985e-05|8.43016e-05|0.000222735|1.10933e-05|3.573e-05|1.3996e-05|5.95091e-05|0.000995263|0.000205358|0.000346789|1.37772e-05|0.000119811,0.000310334|0.00656769|0.003173|0.000485795|0.000278749|0.000566237|0.000925643|0.000674249|0.00027914|0.00180726|0.00167902|0.00169529|0.000170398|0.00674185|0.00168599|0.000202733|0.00405437|0.0025508,0.00924861|0.0194316|0.0413095|0.049277|0.000648378|0.0159832|0.033735|0.00518582|0.0256545|0.00858775|0.02593|0.0250138|0.0432795|0.0292399|0.0452155|0.0159192|0.0461418|0.0252238,0.0315742|0.0254573|0.0382423|0.0345633|0.0254904|0.0417118|0.0183556|0.0181246|0.0411288|0.0359629|0.042106|0.0119018|0.0304577|0.0108922|0.0238427|0.04339|0.00266386|0.00700942,0.913495|0.911067|0.936521|0.968529|0.983201|0.962277|0.98016|0.93772|0.981725|0.906689|0.927416|0.927813|0.91388|0.926294|0.932747|0.948026|0.911519|0.908496,2.71048|4.63323|4.03334|3.24104|3.82994|2.20474|3.34984|1.13488|3.52757|0.509572|3.48682|2.46356|2.66328|2.82456|3.21396|3.34163|4.41064|2.75743,30.2686|65.1286|89.2299|63.0993|70.8805|27.3217|59.7094|46.2248|58.7029|18.2346|54.7186|56.2706|50.0569|32.9383|55.4093|99.595|65.9961,0.189746|0.178609|0.173119|0.240352|0.216234|0.209623|0.249297|0.230728|0.215243|0.181699|0.193634|0.226874|0.238693|0.177423|0.21027|0.169273|0.243547,0.114018|0.433728|0.321619|0.507652|0.631173|0.615724|0.348203|0.95886|0.894181|0.244388|0.563983|0.221237|0.144125|0.668561|0.673098|0.23207|0.928618,0.904667,0.887647,0.128239,0.443169,0.0828321,0.54922,0.253495,0.516004,0.226897,0.823074,78.9323,6.77635e-13,54008,0.832037,77.8406,9.63242e-13,32789,0.821844,0.944121,0.0443767,0.51828,0.332244,0.52747,0.0679451,0.544083,0.096402,0.818693,31.6275,1.97589e-13,52186,0.845045,89.7441,1.17089e-11,31003
10,132,n1->n2->n12->n11->n21->n22->n23->n24->n25->n15->n14->n4->n5->n6->n7->n8->n9->n10,5.00949e+11|1.80448e+11|3.17333e+12|4.11551e+13|2.24457e+13|1.93553e+13|1.5238e+09|3.97958e+09|2.14516e+11|1.38797e+12|4.27688e+09|1.24903e+13|1.51209e+10|9.02929e+10|4.11056e+10|9.40752e+09|4.09299e+12|1.05286e+12,1.42812e+11|2.83365e+10|1.97587e+12|1.48663e+13|7.42758e+12|2.74511e+12|1.20387e+09|3.8065e+09|2.11577e+11|1.97223e+11|1.0558e+09|5.17319e+12|1.22326e+10|1.02249e+10|4.31733e+09|3.97206e+09|1.54858e+12|2.54031e+11,3.0181e-05|2.2775e-05|4.47077e-05|5.20523e-05|9.1332e-05|5.97411e-05|0.000436525|1.10933e-05|3.573e-05|1.3996e-05|0.000636693|0.000108675|0.000336804|0.000995263|0.000205358|0.000346789|1.37772e-05|0.000119811,0.000310334|0.000399313|0.000744915|0.00656769|0.003173|0.000129789|0.00111897|0.00180726|0.00167902|0.00169529|0.00566749|0.000509645|0.000821598|0.00674185|0.00168599|0.000202733|0.00405437|0.0025508,0.00924861|0.00541507|0.00841709|0.0194316|0.0413095|0.0204439|0.0352893|0.00858775|0.02593|0.0250138|0.0161796|0.00375279|0.0477712|0.0292399|0.0452155|0.0159192|0.0461418|0.0252238,0.0315742|0.00943238|0.0482252|0.0254573|0.0382423|0.0386141|0.00519581|0.0359629|0.042106|0.0119018|0.0339305|0.0495486|0.00263917|0.0108922|0.0238427|0.04339|0.00266386|0.00700942,0.913495|0.989114|0.908177|0.911067|0.936521|0.918718|0.980295|0.906689|0.927416|0.927813|0.984185|0.916604|0.984899|0.926294|0.932747|0.948026|0.911519|0.908496,2.71048|4.18964|4.07787|4.63323|4.03334|3.40478|4.49412|0.509572|3.48682|2.46356|4.81843|1.60415|0.379676|2.82456|3.21396|3.34163|4.41064|2.75743,79.8117|88.6198|24.4191|65.1286|34.0839|55.8812|67.5745|18.2346|54.7186|92.5451|52.1141|81.7362|37.2729|32.9383|55.4093|99.595|65.9961,0.202212|0.16902|0.163204|0.178609|0.223961|0.24392|0.23069|0.181699|0.193634|0.219123|0.23004|0.223931|0.218852|0.177423|0.21027|0.169273|0.243547,0.147038|0.7617|0.339009|0.433728|0.974725|0.667566|0.610727|0.244388|0.563983|0.854651|0.342514|0.801699|0.233286|0.668561|0.673098|0.23207|0.928618,0.904667,0.887647,0.128239,0.443169,0.0828321,0.54922,0.253495,0.516004,0.226897,0.823074,78.9323,6.77635e-13,54008,0.832037,77.8406,9.63242e-13,32789,0.821844,0.944121,0.0443767,0.51828,0.332244,0.52747,0.0679451,0.544083,0.096402,0.818693,31.6275,1.97589e-13,52186,0.845045,89.7441,1.17089e-11,31003
10,133,n1->n11->n21->n22->n23->n13->n12->n2->n3->n4->n14->n15->n16->n6->n7->n8->n9->n10,5.00949e+11|4.11551e+13|2.24457e+13|1.93553e+13|1.5238e+09|3.3596e+12|3.17333e+12|1.80448e+11|4.03193e+13|1.24903e+13|4.27688e+09|1.38797e+12|3.00334e+11|9.02929e+10|4.11056e+10|9.40752e+09|4.09299e+12|1.05286e+12,1.42812e+11|1.48663e+13|7.42758e+12|2.74511e+12|1.20387e+09|4.83085e+11|1.97587e+12|2.83365e+10|7.28384e+12|5.17319e+12|1.0558e+09|1.97223e+11|7.37672e+10|1.02249e+10|4.31733e+09|3.97206e+09|1.54858e+12|2.54031e+11,3.0181e-05|5.20523e-05|9.1332e-05|5.97411e-05|0.000436525|5.37832e-05|4.47077e-05|2.2775e-05|0.000517639|0.000108675|0.000636693|1.3996e-05|5.95091e-05|0.000995263|0.000205358|0.000346789|1.37772e-05|0.000119811,0.000310334|0.00656769|0.003173|0.000129789|0.00111897|0.00012197|0.000744915|0.000399313|0.000530329|0.000509645|0.00566749|0.00169529|0.000170398|0.00674185|0.00168599|0.000202733|0.00405437|0.0025508,0.00924861|0.0194316|0.0413095|0.0204439|0.0352893|0.0278304|0.00841709|0.00541507|0.00720975|0.00375279|0.0161796|0.0250138|0.0432795|0.0292399|0.0452155|0.0159192|0.0461418|0.0252238,0.0315742|0.0254573|0.0382423|0.0386141|0.00519581|0.0497469|0.0482252|0.00943238|0.0402354|0.0495486|0.0339305|0.0119018|0.0304577|0.0108922|0.0238427|0.04339|0.00266386|0.00700942,0.913495|0.911067|0.936521|0.918718|0.980295|0.940839|0.908177|0.989114|0.905667|0.916604|0.984185|0.927813|0.91388|0.926294|0.932747|0.948026|0.911519|0.908496,2.71048|4.63323|4.03334|3.40478|4.49412|6.22041|4.07787|4.18964|2.54377|1.60415|4.81843|2.46356|2.66328|2.82456|3.21396|3.34163|4.41064|2.75743,30.2686|65.1286|34.0839|55.8812|51.9585|13.9548|88.6198|37.015|10.4739|52.1141|92.5451|56.2706|50.0569|32.9383|55.4093|99.595|65.9961,0.189746|0.178609|0.223961|0.24392|0.16585|0.245775|0.16902|0.202219|0.212578|0.23004|0.219123|0.226874|0.238693|0.177423|0.21027|0.169273|0.243547,0.114018|0.433728|0.974725|0.667566|0.678346|0.861041|0.7617|0.790314|0.554145|0.342514|0.854651|0.221237|0.144125|0.668561|0.673098|0.23207|0.928618,0.904667,0.887647,0.128239,0.443169,0.0828321,0.54922,0.253495,0.516004,0.226897,0.823074,78.9323,6.77635e-13,54008,0.832037,77.8406,9.63242e-13,32789,0.821844,0.944121,0.0443767,0.51828,0.332244,0.52747,0.0679451,0.544083,0.096402,0.818693,31.6275,1.97589e-13,52186,0.845045,89.7441,1.17089e-11,31003
10,134,n1->n2->n12->n13->n23->n33->n43->n44->n34->n35->n36->n26->n27->n28->n29->n30->n20->n10,5.00949e+11|1.80448e+11|3.17333e+12|3.3596e+12|1.5238e+09|3.16984e+11|3.72221e+13|2.18185e+11|7.06025e+13|4.11121e+11|1.8261e+09|5.66393e+13|4.48678e+13|1.8631e+12|4.83336e+11|1.14315e+11|3.15183e+10|1.05286e+12,1.42812e+11|2.83365e+10|1.97587e+12|4.83085e+11|1.20387e+09|2.67303e+11|1.17304e+13|1.57592e+11|4.11307e+13|2.04952e+11|1.46612e+09|1.21816e+13|1.91882e+13|2.55027e+11|2.76914e+11|2.42933e+10|1.45355e+10|2.54031e+11,3.0181e-05|2.2775e-05|4.47077e-05|5.37832e-05|0.000436525|2.21023e-05|2.37985e-05|8.43016e-05|0.000222735|0.000113893|0.000255855|7.56504e-05|0.00017671|1.48343e-05|0.000507637|4.60706e-05|1.46655e-05|0.000119811,0.000310334|0.000399313|0.000744915|0.00012197|0.00111897|0.000140997|0.000925643|0.000674249|0.00027914|0.000684482|0.000101959|0.00599276|0.00060257|0.000582322|0.00318299|0.000197986|0.00552788|0.0025508,0.00924861|0.00541507|0.00841709|0.0278304|0.0352893|0.0458653|0.033735|0.00518582|0.0256545|0.00427095|0.0156022|0.0166249|0.000624187|0.0124511|0.0314107|0.0398299|0.0257996|0.0252238,0.0315742|0.00943238|0.0482252|0.0497469|0.00519581|0.0451391|0.0183556|0.0181246|0.0411288|0.00630248|0.0381659|0.0190337|0.00869688|0.00729303|0.0453812|0.0027684|0.00882196|0.00700942,0.913495|0.989114|0.908177|0.940839|0.980295|0.964882|0.98016|0.93772|0.981725|0.972226|0.939672|0.928891|0.914007|0.913882|0.949375|0.964095|0.931105|0.908496,2.71048|4.18964|4.07787|6.22041|4.49412|1.54553|3.34984|1.13488|3.52757|0.154969|2.94554|5.08644|0.728108|1.60979|3.9795|5.43156|5.03122|2.75743,79.8117|88.6198|13.9548|51.9585|76.7594|49.6282|59.7094|46.2248|31.5608|18.7034|63.8366|42.5138|15.3326|39.0733|83.4704|23.9015|29.3778,0.202212|0.16902|0.245775|0.16585|0.210887|0.231132|0.249297|0.230728|0.181809|0.173283|0.162191|0.241136|0.192626|0.218529|0.18868|0.163781|0.224525,0.147038|0.7617|0.861041|0.678346|0.891879|0.41501|0.348203|0.95886|0.752501|0.900338|0.797446|0.206168|0.456993|0.382175|0.879944|0.655953|0.696713,0.904667,0.887647,0.128239,0.443169,0.0828321,0.54922,0.253495,0.516004,0.226897,0.823074,78.9323,6.77635e-13,54008,0.832037,77.8406,9.63242e-13,32789,0.821844,0.944121,0.0443767,0.51828,0.332244,0.52747,0.0679451,0.544083,0.096402,0.818693,31.6275,1.97589e-13,52186,0.845045,89.7441,1.17089e-11,31003
10,135,n1->n2->n12->n13->n23->n22->n32->n33->n34->n35->n25->n26->n27->n17->n7->n8->n9->n10,5.00949e+11|1.80448e+11|3.17333e+12|3.3596e+12|1.5238e+09|1.93553e+13|3.52429e+12|3.16984e+11|7.06025e+13|4.11121e+11|2.14516e+11|5.66393e+13|4.48678e+13|1.21221e+11|4.11056e+10|9.40752e+09|4.09299e+12|1.05286e+12,1.42812e+11|2.83365e+10|1.97587e+12|4.83085e+11|1.20387e+09|2.74511e+12|1.86055e+12|2.67303e+11|4.11307e+13|2.04952e+11|2.11577e+11|1.21816e+13|1.91882e+13|4.83282e+10|4.31733e+09|3.97206e+09|1.54858e+12|2.54031e+11,3.0181e-05|2.2775e-05|4.47077e-05|5.37832e-05|0.000436525|5.97411e-05|1.35743e-05|2.21023e-05|0.000222735|0.000113893|3.573e-05|7.56504e-05|0.00017671|0.000165097|0.000205358|0.000346789|1.37772e-05|0.000119811,0.000310334|0.000399313|0.000744915|0.00012197|0.00111897|0.000129789|0.000278749|0.000140997|0.00027914|0.000684482|0.00167902|0.00599276|0.00060257|0.00195184|0.00168599|0.000202733|0.00405437|0.0025508,0.00924861|0.00541507|0.00841709|0.0278304|0.0352893|0.0204439|0.000648378|0.0458653|0.0256545|0.00427095|0.02593|0.0166249|0.000624187|0.0348952|0.0452155|0.0159192|0.0461418|0.0252238,0.0315742|0.00943238|0.0482252|0.0497469|0.00519581|0.0386141|0.0254904|0.0451391|0.0411288|0.00630248|0.042106|0.0190337|0.00869688|0.0051677|0.0238427|0.04339|0.00266386|0.00700942,0.913495|0.989114|0.908177|0.940839|0.980295|0.918718|0.983201|0.964882|0.981725|0.972226|0.927416|0.928891|0.914007|0.928968|0.932747|0.948026|0.911519|0.908496,2.71048|4.18964|4.07787|6.22041|4.49412|3.40478|3.82994|1.54553|3.52757|0.154969|3.48682|5.08644|0.728108|0.109|3.21396|3.34163|4.41064|2.75743,79.8117|88.6198|13.9548|51.9585|55.8812|86.2435|67.4197|23.5709|31.5608|88.4205|55.6995|42.5138|72.2829|59.8148|55.4093|99.595|65.9961,0.202212|0.16902|0.245775|0.16585|0.24392|0.163424|0.184992|0.184318|0.181809|0.173714|0.183873|0.241136|0.205105|0.243915|0.21027|0.169273|0.243547,0.147038|0.7617|0.861041|0.678346|0.667566|0.16961|0.207188|0.626236|0.752501|0.254718|0.713165|0.206168|0.996881|0.689629|0.673098|0.23207|0.928618,0.904667,0.887647,0.128239,0.443169,0.0828321,0.54922,0.253495,0.516004,0.226897,0.823074,78.9323,6.77635e-13,54008,0.832037,77.8406,9.63242e-13,32789,0.821844,0.944121,0.0443767,0.51828,0.332244,0.52747,0.0679451,0.544083,0.096402,0.818693,31.6275,1.97589e-13,52186,0.845045,89.7441,1.17089e-11,31003
10,136,n1->n2->n3->n13->n12->n22->n23->n33->n34->n35->n36->n26->n16->n6->n7->n8->n9->n10,5.00949e+11|1.80448e+11|4.03193e+13|3.3596e+12|3.17333e+12|1.93553e+13|1.5238e+09|3.16984e+11|7.06025e+13|4.11121e+11|1.8261e+09|5.66393e+13|3.00334e+11|9.02929e+10|4.11056e+10|9.40752e+09|4.09299e+12|1.05286e+12,1.42812e+11|2.83365e+10|7.28384e+12|4.83085e+11|1.97587e+12|2.74511e+12|1.20387e+09|2.67303e+11|4.11307e+13|2.04952e+11|1.46612e+09|1.21816e+13|7.37672e+10|1.02249e+10|4.31733e+09|3.97206e+09|1.54858e+12|2.54031e+11,3.0181e-05|2.2775e-05|0.000517639|5.37832e-05|4.47077e-05|5.97411e-05|0.000436525|2.21023e-05|0.000222735|0.000113893|0.000255855|7.56504e-05|5.95091e-05|0.000995263|0.000205358|0.000346789|1.37772e-05|0.000119811,0.000310334|0.000399313|0.000530329|0.00012197|0.000744915|0.000129789|0.00111897|0.000140997|0.00027914|0.000684482|0.000101959|0.00599276|0.000170398|0.00674185|0.00168599|0.000202733|0.00405437|0.0025508,0.00924861|0.00541507|0.00720975|0.0278304|0.00841709|0.0204439|0.0352893|0.0458653|0.0256545|0.00427095|0.0156022|0.0166249|0.0432795|0.0292399|0.0452155|0.0159192|0.0461418|0.0252238,0.0315742|0.00943238|0.0402354|0.0497469|0.0482252|0.0386141|0.00519581|0.0451391|0.0411288|0.00630248|0.0381659|0.0190337|0.0304577|0.0108922|0.0238427|0.04339|0.00266386|0.00700942,0.913495|0.989114|0.905667|0.940839|0.908177|0.918718|0.980295|0.964882|0.981725|0.972226|0.939672|0.928891|0.91388|0.926294|0.932747|0.948026|0.911519|0.908496,2.71048|4.18964|2.54377|6.22041|4.07787|3.40478|4.49412|1.54553|3.52757|0.154969|2.94554|5.08644|2.66328|2.82456|3.21396|3.34163|4.41064|2.75743,79.8117|37.015|83.9106|13.9548|13.2112|55.8812|76.7594|23.5709|31.5608|18.7034|63.8366|11.0615|50.0569|32.9383|55.4093|99.595|65.9961,0.202212|0.202219|0.213953|0.245775|0.186408|0.24392|0.210887|0.184318|0.181809|0.173283|0.162191|0.1844|0.238693|0.177423|0.21027|0.169273|0.243547,0.147038|0.790314|0.402307|0.861041|0.577028|0.667566|0.891879|0.626236|0.752501|0.900338|0.797446|0.214788|0.144125|0.668561|0.673098|0.23207|0.928618,0.904667,0.887647,0.128239,0.443169,0.0828321,0.54922,0.253495,0.516004,0.226897,0.823074,78.9323,6.77635e-13,54008,0.832037,77.8406,9.63242e-13,32789,0.821844,0.944121,0.0443767,0.51828,0.332244,0.52747,0.0679451,0.544083,0.096402,0.818693,31.6275,1.97589e-13,52186,0.845045,89.7441,1.17089e-11,31003
10,137,n1->n11->n21->n22->n12->n13->n23->n24->n34->n35->n36->n37->n27->n28->n29->n30->n20->n10,5.00949e+11|4.11551e+13|2.24457e+13|1.93553e+13|3.17333e+12|3.3596e+12|1.5238e+09|3.97958e+09|7.06025e+13|4.11121e+11|1.8261e+09|1.96787e+11|4.48678e+13|1.8631e+12|4.83336e+11|1.14315e+11|3.15183e+10|1.05286e+12,1.42812e+11|1.48663e+13|7.42758e+12|2.74511e+12|1.97587e+12|4.83085e+11|1.20387e+09|3.8065e+09|4.11307e+13|2.04952e+11|1.46612e+09|3.13422e+10|1.91882e+13|2.55027e+11|2.76914e+11|2.42933e+10|1.45355e+10|2.54031e+11,3.0181e-05|5.20523e-05|9.1332e-05|5.97411e-05|4.47077e-05|5.37832e-05|0.000436525|1.10933e-05|0.000222735|0.000113893|0.000255855|0.000277193|0.00017671|1.48343e-05|0.000507637|4.60706e-05|1.46655e-05|0.000119811,0.000310334|0.00656769|0.003173|0.000129789|0.000744915|0.00012197|0.00111897|0.00180726|0.00027914|0.000684482|0.000101959|0.000160699|0.00060257|0.000582322|0.00318299|0.000197986|0.00552788|0.0025508,0.00924861|0.0194316|0.0413095|0.0204439|0.00841709|0.0278304|0.0352893|0.00858775|0.0256545|0.00427095|0.0156022|0.0253626|0.000624187|0.0124511|0.0314107|0.0398299|0.0257996|0.0252238,0.0315742|0.0254573|0.0382423|0.0386141|0.0482252|0.0497469|0.00519581|0.0359629|0.0411288|0.00630248|0.0381659|0.00849779|0.00869688|0.00729303|0.0453812|0.0027684|0.00882196|0.00700942,0.913495|0.911067|0.936521|0.918718|0.908177|0.940839|0.980295|0.906689|0.981725|0.972226|0.939672|0.904421|0.914007|0.913882|0.949375|0.964095|0.931105|0.908496,2.71048|4.63323|4.03334|3.40478|4.07787|6.22041|4.49412|0.509572|3.52757|0.154969|2.94554|0.900028|0.728108|1.60979|3.9795|5.43156|5.03122|2.75743,30.2686|65.1286|34.0839|13.2112|13.9548|51.9585|67.5745|58.7029|31.5608|18.7034|29.3504|44.8869|15.3326|39.0733|83.4704|23.9015|29.3778,0.189746|0.178609|0.223961|0.186408|0.245775|0.16585|0.23069|0.215243|0.181809|0.173283|0.188175|0.231987|0.192626|0.218529|0.18868|0.163781|0.224525,0.114018|0.433728|0.974725|0.577028|0.861041|0.678346|0.610727|0.894181|0.752501|0.900338|0.119974|0.261942|0.456993|0.382175|0.879944|0.655953|0.696713,0.904667,0.887647,0.128239,0.443169,0.0828321,0.54922,0.253495,0.516004,0.226897,0.823074,78.9323,6.77635e-13,54008,0.832037,77.8406,9.63242e-13,32789,0.821844,0.944121,0.0443767,0.51828,0.332244,0.52747,0.0679451,0.544083,0.096402,0.818693,31.6275,1.97589e-13,52186,0.845045,89.7441,1.17089e-11,31003
10,138,n1->n2->n12->n13->n3->n4->n14->n15->n25->n26->n27->n17->n16->n6->n7->n8->n9->n10,5.00949e+11|1.80448e+11|3.17333e+12|3.3596e+12|4.03193e+13|1.24903e+13|4.27688e+09|1.38797e+12|2.14516e+11|5.66393e+13|4.48678e+13|1.21221e+11|3.00334e+11|9.02929e+10|4.11056e+10|9.40752e+09|4.09299e+12|1.05286e+12,1.42812e+11|2.83365e+10|1.97587e+12|4.83085e+11|7.28384e+12|5.17319e+12|1.0558e+09|1.97223e+11|2.11577e+11|1.21816e+13|1.91882e+13|4.83282e+10|7.37672e+10|1.02249e+10|4.31733e+09|3.97206e+09|1.54858e+12|2.54031e+11,3.0181e-05|2.2775e-05|4.47077e-05|5.37832e-05|0.000517639|0.000108675|0.000636693|1.3996e-05|3.573e-05|7.56504e-05|0.00017671|0.000165097|5.95091e-05|0.000995263|0.000205358|0.000346789|1.37772e-05|0.000119811,0.000310334|0.000399313|0.000744915|0.00012197|0.000530329|0.000509645|0.00566749|0.00169529|0.00167902|0.00599276|0.00060257|0.00195184|0.000170398|0.00674185|0.00168599|0.000202733|0.00405437|0.0025508,0.00924861|0.00541507|0.00841709|0.0278304|0.00720975|0.00375279|0.0161796|0.0250138|0.02593|0.0166249|0.000624187|0.0348952|0.0432795|0.0292399|0.0452155|0.0159192|0.0461418|0.0252238,0.0315742|0.00943238|0.0482252|0.0497469|0.0402354|0.0495486|0.0339305|0.0119018|0.042106|0.0190337|0.00869688|0.0051677|0.0304577|0.0108922|0.0238427|0.04339|0.00266386|0.00700942,0.913495|0.989114|0.908177|0.940839|0.905667|0.916604|0.984185|0.927813|0.927416|0.928891|0.914007|0.928968|0.91388|0.926294|0.932747|0.948026|0.911519|0.908496,2.71048|4.18964|4.07787|6.22041|2.54377|1.60415|4.81843|2.46356|3.48682|5.08644|0.728108|0.109|2.66328|2.82456|3.21396|3.34163|4.41064|2.75743,79.8117|88.6198|13.9548|83.9106|10.4739|52.1141|92.5451|54.7186|55.6995|42.5138|72.2829|32.2763|50.0569|32.9383|55.4093|99.595|65.9961,0.202212|0.16902|0.245775|0.213953|0.212578|0.23004|0.219123|0.193634|0.183873|0.241136|0.205105|0.164452|0.238693|0.177423|0.21027|0.169273|0.243547,0.147038|0.7617|0.861041|0.402307|0.554145|0.342514|0.854651|0.563983|0.713165|0.206168|0.996881|0.241087|0.144125|0.668561|0.673098|0.23207|0.928618,0.904667,0.887647,0.128239,0.443169,0.0828321,0.54922,0.253495,0.516004,0.226897,0.823074,78.9323,6.77635e-13,54008,0.832037,77.8406,9.63242e-13,32789,0.821844,0.944121,0.0443767,0.51828,0.332244,0.52747,0.0679451,0.544083,0.096402,0.818693,31.6275,1.97589e-13,52186,0.845045,89.7441,1.17089e-11,31003
10,139,n1->n11->n12->n22->n32->n42->n43->n44->n34->n35->n25->n26->n27->n28->n18->n19->n20->n10,5.00949e+11|4.11551e+13|3.17333e+12|1.93553e+13|3.52429e+12|2.46992e+13|3.72221e+13|2.18185e+11|7.06025e+13|4.11121e+11|2.14516e+11|5.66393e+13|4.48678e+13|1.8631e+12|1.87589e+11|2.27898e+09|3.15183e+10|1.05286e+12,1.42812e+11|1.48663e+13|1.97587e+12|2.74511e+12|1.86055e+12|6.94074e+12|1.17304e+13|1.57592e+11|4.11307e+13|2.04952e+11|2.11577e+11|1.21816e+13|1.91882e+13|2.55027e+11|5.0424e+10|5.01791e+08|1.45355e+10|2.54031e+11,3.0181e-05|5.20523e-05|4.47077e-05|5.97411e-05|1.35743e-05|0.000217251|2.37985e-05|8.43016e-05|0.000222735|0.000113893|3.573e-05|7.56504e-05|0.00017671|1.48343e-05|0.000294208|6.06243e-05|1.46655e-05|0.000119811,0.000310334|0.00656769|0.000744915|0.000129789|0.000278749|0.000566237|0.000925643|0.000674249|0.00027914|0.000684482|0.00167902|0.00599276|0.00060257|0.000582322|0.000215891|0.00270084|0.00552788|0.0025508,0.00924861|0.0194316|0.00841709|0.0204439|0.000648378|0.0159832|0.033735|0.00518582|0.0256545|0.00427095|0.02593|0.0166249|0.000624187|0.0124511|0.0315747|0.00996122|0.0257996|0.0252238,0.0315742|0.0254573|0.0482252|0.0386141|0.0254904|0.0417118|0.0183556|0.0181246|0.0411288|0.00630248|0.042106|0.0190337|0.00869688|0.00729303|0.0153347|0.0473706|0.00882196|0.00700942,0.913495|0.911067|0.908177|0.918718|0.983201|0.962277|0.98016|0.93772|0.981725|0.972226|0.927416|0.928891|0.914007|0.913882|0.936282|0.994787|0.931105|0.908496,2.71048|4.63323|4.07787|3.40478|3.82994|2.20474|3.34984|1.13488|3.52757|0.154969|3.48682|5.08644|0.728108|1.60979|4.51941|5.14536|5.03122|2.75743,30.2686|24.4191|13.2112|86.2435|70.8805|27.3217|59.7094|46.2248|31.5608|88.4205|55.6995|42.5138|15.3326|43.2583|28.0546|10.3361|29.3778,0.189746|0.163204|0.186408|0.163424|0.216234|0.209623|0.249297|0.230728|0.181809|0.173714|0.183873|0.241136|0.192626|0.243681|0.210998|0.176155|0.224525,0.114018|0.339009|0.577028|0.16961|0.631173|0.615724|0.348203|0.95886|0.752501|0.254718|0.713165|0.206168|0.456993|0.300248|0.470346|0.581828|0.696713,0.904667,0.887647,0.128239,0.443169,0.0828321,0.54922,0.253495,0.516004,0.226897,0.823074,78.9323,6.77635e-13,54008,0.832037,77.8406,9.63242e-13,32789,0.821844,0.944121,0.0443767,0.51828,0.332244,0.52747,0.0679451,0.544083,0.096402,0.818693,31.6275,1.97589e-13,52186,0.845045,89.7441,1.17089e-11,31003
10,140,n1->n11->n21->n31->n41->n42->n43->n44->n45->n35->n25->n15->n16->n17->n7->n8->n9->n10,5.00949e+11|4.11551e+13|2.24457e+13|3.07002e+11|1.89281e+12|2.46992e+13|3.72221e+13|2.18185e+11|8.69193e+11|4.11121e+11|2.14516e+11|1.38797e+12|3.00334e+11|1.21221e+11|4.11056e+10|9.40752e+09|4.09299e+12|1.05286e+12,1.42812e+11|1.48663e+13|7.42758e+12|3.60863e+10|1.09947e+12|6.94074e+12|1.17304e+13|1.57592e+11|1.21048e+11|2.04952e+11|2.11577e+11|1.97223e+11|7.37672e+10|4.83282e+10|4.31733e+09|3.97206e+09|1.54858e+12|2.54031e+11,3.0181e-05|5.20523e-05|9.1332e-05|7.19176e-05|0.000999757|0.000217251|2.37985e-05|8.43016e-05|2.80143e-05|0.000113893|3.573e-05|1.3996e-05|5.95091e-05|0.000165097|0.000205358|0.000346789|1.37772e-05|0.000119811,0.000310334|0.00656769|0.003173|0.000485795|0.000120355|0.000566237|0.000925643|0.000674249|0.0013249|0.000684482|0.00167902|0.00169529|0.000170398|0.00195184|0.00168599|0.000202733|0.00405437|0.0025508,0.00924861|0.0194316|0.0413095|0.049277|0.0101153|0.0159832|0.033735|0.00518582|0.0134492|0.00427095|0.02593|0.0250138|0.0432795|0.0348952|0.0452155|0.0159192|0.0461418|0.0252238,0.0315742|0.0254573|0.0382423|0.0345633|0.00725392|0.0417118|0.0183556|0.0181246|0.0319834|0.00630248|0.042106|0.0119018|0.0304577|0.0051677|0.0238427|0.04339|0.00266386|0.00700942,0.913495|0.911067|0.936521|0.968529|0.914671|0.962277|0.98016|0.93772|0.965599|0.972226|0.927416|0.927813|0.91388|0.928968|0.932747|0.948026|0.911519|0.908496,2.71048|4.63323|4.03334|3.24104|2.85413|2.20474|3.34984|1.13488|1.89306|0.154969|3.48682|2.46356|2.66328|0.109|3.21396|3.34163|4.41064|2.75743,30.2686|65.1286|89.2299|64.4551|61.2747|27.3217|59.7094|89.5651|97.1045|88.4205|54.7186|56.2706|32.2763|59.8148|55.4093|99.595|65.9961,0.189746|0.178609|0.173119|0.223697|0.217121|0.209623|0.249297|0.228694|0.228859|0.173714|0.193634|0.226874|0.164452|0.243915|0.21027|0.169273|0.243547,0.114018|0.433728|0.321619|0.844448|0.154508|0.615724|0.348203|0.413214|0.73171|0.254718|0.563983|0.221237|0.241087|0.689629|0.673098|0.23207|0.928618,0.904667,0.887647,0.128239,0.443169,0.0828321,0.54922,0.253495,0.516004,0.226897,0.823074,78.9323,6.77635e-13,54008,0.832037,77.8406,9.63242e-13,32789,0.821844,0.944121,0.0443767,0.51828,0.332244,0.52747,0.0679451,0.544083,0.096402,0.818693,31.6275,1.97589e-13,52186,0.845045,89.7441,1.17089e-11,31003
10,141,n1->n2->n12->n13->n3->n4->n5->n15->n14->n24->n25->n26->n16->n17->n7->n8->n9->n10,5.00949e+11|1.80448e+11|3.17333e+12|3.3596e+12|4.03193e+13|1.24903e+13|1.51209e+10|1.38797e+12|4.27688e+09|3.97958e+09|2.14516e+11|5.66393e+13|3.00334e+11|1.21221e+11|4.11056e+10|9.40752e+09|4.09299e+12|1.05286e+12,1.42812e+11|2.83365e+10|1.97587e+12|4.83085e+11|7.28384e+12|5.17319e+12|1.22326e+10|1.97223e+11|1.0558e+09|3.8065e+09|2.11577e+11|1.21816e+13|7.37672e+10|4.83282e+10|4.31733e+09|3.97206e+09|1.54858e+12|2.54031e+11,3.0181e-05|2.2775e-05|4.47077e-05|5.37832e-05|0.000517639|0.000108675|0.000336804|1.3996e-05|0.000636693|1.10933e-05|3.573e-05|7.56504e-05|5.95091e-05|0.000165097|0.000205358|0.000346789|1.37772e-05|0.000119811,0.000310334|0.000399313|0.000744915|0.00012197|0.000530329|0.000509645|0.000821598|0.00169529|0.00566749|0.00180726|0.00167902|0.00599276|0.000170398|0.00195184|0.00168599|0.000202733|0.00405437|0.0025508,0.00924861|0.00541507|0.00841709|0.0278304|0.00720975|0.00375279|0.0477712|0.0250138|0.0161796|0.00858775|0.02593|0.0166249|0.0432795|0.0348952|0.0452155|0.0159192|0.0461418|0.0252238,0.0315742|0.00943238|0.0482252|0.0497469|0.0402354|0.0495486|0.00263917|0.0119018|0.0339305|0.0359629|0.042106|0.0190337|0.0304577|0.0051677|0.0238427|0.04339|0.00266386|0.00700942,0.913495|0.989114|0.908177|0.940839|0.905667|0.916604|0.984899|0.927813|0.984185|0.906689|0.927416|0.928891|0.91388|0.928968|0.932747|0.948026|0.911519|0.908496,2.71048|4.18964|4.07787|6.22041|2.54377|1.60415|0.379676|2.46356|4.81843|0.509572|3.48682|5.08644|2.66328|0.109|3.21396|3.34163|4.41064|2.75743,79.8117|88.6198|13.9548|83.9106|10.4739|81.7362|35.0583|92.5451|66.6304|18.2346|55.6995|11.0615|32.2763|59.8148|55.4093|99.595|65.9961,0.202212|0.16902|0.245775|0.213953|0.212578|0.223931|0.204588|0.219123|0.23844|0.181699|0.183873|0.1844|0.164452|0.243915|0.21027|0.169273|0.243547,0.147038|0.7617|0.861041|0.402307|0.554145|0.801699|0.102366|0.854651|0.244053|0.244388|0.713165|0.214788|0.241087|0.689629|0.673098|0.23207|0.928618,0.904667,0.887647,0.128239,0.443169,0.0828321,0.54922,0.253495,0.516004,0.226897,0.823074,78.9323,6.77635e-13,54008,0.832037,77.8406,9.63242e-13,32789,0.821844,0.944121,0.0443767,0.51828,0.332244,0.52747,0.0679451,0.544083,0.096402,0.818693,31.6275,1.97589e-13,52186,0.845045,89.7441,1.17089e-11,31003
10,142,n1->n11->n12->n2->n3->n13->n23->n33->n34->n35->n36->n37->n38->n28->n29->n19->n20->n10,5.00949e+11|4.11551e+13|3.17333e+12|1.80448e+11|4.03193e+13|3.3596e+12|1.5238e+09|3.16984e+11|7.06025e+13|4.11121e+11|1.8261e+09|1.96787e+11|2.22165e+13|1.8631e+12|4.83336e+11|2.27898e+09|3.15183e+10|1.05286e+12,1.42812e+11|1.48663e+13|1.97587e+12|2.83365e+10|7.28384e+12|4.83085e+11|1.20387e+09|2.67303e+11|4.11307e+13|2.04952e+11|1.46612e+09|3.13422e+10|3.3329e+12|2.55027e+11|2.76914e+11|5.01791e+08|1.45355e+10|2.54031e+11,3.0181e-05|5.20523e-05|4.47077e-05|2.2775e-05|0.000517639|5.37832e-05|0.000436525|2.21023e-05|0.000222735|0.000113893|0.000255855|0.000277193|3.60362e-05|1.48343e-05|0.000507637|6.06243e-05|1.46655e-05|0.000119811,0.000310334|0.00656769|0.000744915|0.000399313|0.000530329|0.00012197|0.00111897|0.000140997|0.00027914|0.000684482|0.000101959|0.000160699|0.000188882|0.000582322|0.00318299|0.00270084|0.00552788|0.0025508,0.00924861|0.0194316|0.00841709|0.00541507|0.00720975|0.0278304|0.0352893|0.0458653|0.0256545|0.00427095|0.0156022|0.0253626|0.0367773|0.0124511|0.0314107|0.00996122|0.0257996|0.0252238,0.0315742|0.0254573|0.0482252|0.00943238|0.0402354|0.0497469|0.00519581|0.0451391|0.0411288|0.00630248|0.0381659|0.00849779|0.0222725|0.00729303|0.0453812|0.0473706|0.00882196|0.00700942,0.913495|0.911067|0.908177|0.989114|0.905667|0.940839|0.980295|0.964882|0.981725|0.972226|0.939672|0.904421|0.989645|0.913882|0.949375|0.994787|0.931105|0.908496,2.71048|4.63323|4.07787|4.18964|2.54377|6.22041|4.49412|1.54553|3.52757|0.154969|2.94554|0.900028|4.17407|1.60979|3.9795|5.14536|5.03122|2.75743,30.2686|24.4191|88.6198|37.015|83.9106|51.9585|76.7594|23.5709|31.5608|18.7034|29.3504|37.0378|23.518|39.0733|84.7043|10.3361|29.3778,0.189746|0.163204|0.16902|0.202219|0.213953|0.16585|0.210887|0.184318|0.181809|0.173283|0.188175|0.186084|0.169384|0.218529|0.198457|0.176155|0.224525,0.114018|0.339009|0.7617|0.790314|0.402307|0.678346|0.891879|0.626236|0.752501|0.900338|0.119974|0.934425|0.718746|0.382175|0.817287|0.581828|0.696713,0.904667,0.887647,0.128239,0.443169,0.0828321,0.54922,0.253495,0.516004,0.226897,0.823074,78.9323,6.77635e-13,54008,0.832037,77.8406,9.63242e-13,32789,0.821844,0.944121,0.0443767,0.51828,0.332244,0.52747,0.0679451,0.544083,0.096402,0.818693,31.6275,1.97589e-13,52186,0.845045,89.7441,1.17089e-11,31003
10,143,n1->n2->n12->n13->n14->n24->n25->n26->n27->n37->n47->n48->n38->n28->n18->n19->n9->n10,5.00949e+11|1.80448e+11|3.17333e+12|3.3596e+12|4.27688e+09|3.97958e+09|2.14516e+11|5.66393e+13|4.48678e+13|1.96787e+11|3.22653e+09|2.34735e+13|2.22165e+13|1.8631e+12|1.87589e+11|2.27898e+09|4.09299e+12|1.05286e+12,1.42812e+11|2.83365e+10|1.97587e+12|4.83085e+11|1.0558e+09|3.8065e+09|2.11577e+11|1.21816e+13|1.91882e+13|3.13422e+10|2.44758e+09|7.47952e+12|3.3329e+12|2.55027e+11|5.0424e+10|5.01791e+08|1.54858e+12|2.54031e+11,3.0181e-05|2.2775e-05|4.47077e-05|5.37832e-05|0.000636693|1.10933e-05|3.573e-05|7.56504e-05|0.00017671|0.000277193|0.000398344|8.38435e-05|3.60362e-05|1.48343e-05|0.000294208|6.06243e-05|1.37772e-05|0.000119811,0.000310334|0.000399313|0.000744915|0.00012197|0.00566749|0.00180726|0.00167902|0.00599276|0.00060257|0.000160699|0.000690999|0.00173389|0.000188882|0.000582322|0.000215891|0.00270084|0.00405437|0.0025508,0.00924861|0.00541507|0.00841709|0.0278304|0.0161796|0.00858775|0.02593|0.0166249|0.000624187|0.0253626|0.00764336|0.010752|0.0367773|0.0124511|0.0315747|0.00996122|0.0461418|0.0252238,0.0315742|0.00943238|0.0482252|0.0497469|0.0339305|0.0359629|0.042106|0.0190337|0.00869688|0.00849779|0.00779334|0.0214185|0.0222725|0.00729303|0.0153347|0.0473706|0.00266386|0.00700942,0.913495|0.989114|0.908177|0.940839|0.984185|0.906689|0.927416|0.928891|0.914007|0.904421|0.987572|0.989156|0.989645|0.913882|0.936282|0.994787|0.911519|0.908496,2.71048|4.18964|4.07787|6.22041|4.81843|0.509572|3.48682|5.08644|0.728108|0.900028|1.46841|1.49701|4.17407|1.60979|4.51941|5.14536|4.41064|2.75743,79.8117|88.6198|13.9548|56.34|66.6304|18.2346|55.6995|42.5138|44.8869|88.6669|13.4252|21.8454|23.518|43.2583|28.0546|99.0064|65.9961,0.202212|0.16902|0.245775|0.177304|0.23844|0.181699|0.183873|0.241136|0.231987|0.173767|0.194998|0.185523|0.169384|0.243681|0.210998|0.245379|0.243547,0.147038|0.7617|0.861041|0.349691|0.244053|0.244388|0.713165|0.206168|0.261942|0.940809|0.216197|0.670529|0.718746|0.300248|0.470346|0.363657|0.928618,0.904667,0.887647,0.128239,0.443169,0.0828321,0.54922,0.253495,0.516004,0.226897,0.823074,78.9323,6.77635e-13,54008,0.832037,77.8406,9.63242e-13,32789,0.821844,0.944121,0.0443767,0.51828,0.332244,0.52747,0.0679451,0.544083,0.096402,0.818693,31.6275,1.97589e-13,52186,0.845045,89.7441,1.17089e-11,31003
10,144,n1->n11->n21->n22->n12->n13->n3->n4->n14->n24->n25->n26->n27->n17->n7->n8->n9->n10,5.00949e+11|4.11551e+13|2.24457e+13|1.93553e+13|3.17333e+12|3.3596e+12|4.03193e+13|1.24903e+13|4.27688e+09|3.97958e+09|2.14516e+11|5.66393e+13|4.48678e+13|1.21221e+11|4.11056e+10|9.40752e+09|4.09299e+12|1.05286e+12,1.42812e+11|1.48663e+13|7.42758e+12|2.74511e+12|1.97587e+12|4.83085e+11|7.28384e+12|5.17319e+12|1.0558e+09|3.8065e+09|2.11577e+11|1.21816e+13|1.91882e+13|4.83282e+10|4.31733e+09|3.97206e+09|1.54858e+12|2.54031e+11,3.0181e-05|5.20523e-05|9.1332e-05|5.97411e-05|4.47077e-05|5.37832e-05|0.000517639|0.000108675|0.000636693|1.10933e-05|3.573e-05|7.56504e-05|0.00017671|0.000165097|0.000205358|0.000346789|1.37772e-05|0.000119811,0.000310334|0.00656769|0.003173|0.000129789|0.000744915|0.00012197|0.000530329|0.000509645|0.00566749|0.00180726|0.00167902|0.00599276|0.00060257|0.00195184|0.00168599|0.000202733|0.00405437|0.0025508,0.00924861|0.0194316|0.0413095|0.0204439|0.00841709|0.0278304|0.00720975|0.00375279|0.0161796|0.00858775|0.02593|0.0166249|0.000624187|0.0348952|0.0452155|0.0159192|0.0461418|0.0252238,0.0315742|0.0254573|0.0382423|0.0386141|0.0482252|0.0497469|0.0402354|0.0495486|0.0339305|0.0359629|0.042106|0.0190337|0.00869688|0.0051677|0.0238427|0.04339|0.00266386|0.00700942,0.913495|0.911067|0.936521|0.918718|0.908177|0.940839|0.905667|0.916604|0.984185|0.906689|0.927416|0.928891|0.914007|0.928968|0.932747|0.948026|0.911519|0.908496,2.71048|4.63323|4.03334|3.40478|4.07787|6.22041|2.54377|1.60415|4.81843|0.509572|3.48682|5.08644|0.728108|0.109|3.21396|3.34163|4.41064|2.75743,30.2686|65.1286|34.0839|13.2112|13.9548|83.9106|10.4739|52.1141|66.6304|18.2346|55.6995|42.5138|72.2829|59.8148|55.4093|99.595|65.9961,0.189746|0.178609|0.223961|0.186408|0.245775|0.213953|0.212578|0.23004|0.23844|0.181699|0.183873|0.241136|0.205105|0.243915|0.21027|0.169273|0.243547,0.114018|0.433728|0.974725|0.577028|0.861041|0.402307|0.554145|0.342514|0.244053|0.244388|0.713165|0.206168|0.996881|0.689629|0.673098|0.23207|0.928618,0.904667,0.887647,0.128239,0.443169,0.0828321,0.54922,0.253495,0.516004,0.226897,0.823074,78.9323,6.77635e-13,54008,0.832037,77.8406,9.63242e-13,32789,0.821844,0.944121,0.0443767,0.51828,0.332244,0.52747,0.0679451,0.544083,0.096402,0.818693,31.6275,1.97589e-13,52186,0.845045,89.7441,1.17089e-11,31003
10,145,n1->n2->n12->n13->n3->n4->n5->n15->n14->n24->n25->n26->n27->n28->n18->n8->n9->n10,5.00949e+11|1.80448e+11|3.17333e+12|3.3596e+12|4.03193e+13|1.24903e+13|1.51209e+10|1.38797e+12|4.27688e+09|3.97958e+09|2.14516e+11|5.66393e+13|4.48678e+13|1.8631e+12|1.87589e+11|9.40752e+09|4.09299e+12|1.05286e+12,1.42812e+11|2.83365e+10|1.97587e+12|4.83085e+11|7.28384e+12|5.17319e+12|1.22326e+10|1.97223e+11|1.0558e+09|3.8065e+09|2.11577e+11|1.21816e+13|1.91882e+13|2.55027e+11|5.0424e+10|3.97206e+09|1.54858e+12|2.54031e+11,3.0181e-05|2.2775e-05|4.47077e-05|5.37832e-05|0.000517639|0.000108675|0.000336804|1.3996e-05|0.000636693|1.10933e-05|3.573e-05|7.56504e-05|0.00017671|1.48343e-05|0.000294208|0.000346789|1.37772e-05|0.000119811,0.000310334|0.000399313|0.000744915|0.00012197|0.000530329|0.000509645|0.000821598|0.00169529|0.00566749|0.00180726|0.00167902|0.00599276|0.00060257|0.000582322|0.000215891|0.000202733|0.00405437|0.0025508,0.00924861|0.00541507|0.00841709|0.0278304|0.00720975|0.00375279|0.0477712|0.0250138|0.0161796|0.00858775|0.02593|0.0166249|0.000624187|0.0124511|0.0315747|0.0159192|0.0461418|0.0252238,0.0315742|0.00943238|0.0482252|0.0497469|0.0402354|0.0495486|0.00263917|0.0119018|0.0339305|0.0359629|0.042106|0.0190337|0.00869688|0.00729303|0.0153347|0.04339|0.00266386|0.00700942,0.913495|0.989114|0.908177|0.940839|0.905667|0.916604|0.984899|0.927813|0.984185|0.906689|0.927416|0.928891|0.914007|0.913882|0.936282|0.948026|0.911519|0.908496,2.71048|4.18964|4.07787|6.22041|2.54377|1.60415|0.379676|2.46356|4.81843|0.509572|3.48682|5.08644|0.728108|1.60979|4.51941|3.34163|4.41064|2.75743,79.8117|88.6198|13.9548|83.9106|10.4739|81.7362|35.0583|92.5451|66.6304|18.2346|55.6995|42.5138|15.3326|43.2583|81.3396|99.595|65.9961,0.202212|0.16902|0.245775|0.213953|0.212578|0.223931|0.204588|0.219123|0.23844|0.181699|0.183873|0.241136|0.192626|0.243681|0.217219|0.169273|0.243547,0.147038|0.7617|0.861041|0.402307|0.554145|0.801699|0.102366|0.854651|0.244053|0.244388|0.713165|0.206168|0.456993|0.300248|0.294058|0.23207|0.928618,0.904667,0.887647,0.128239,0.443169,0.0828321,0.54922,0.253495,0.516004,0.226897,0.823074,78.9323,6.77635e-13,54008,0.832037,77.8406,9.63242e-13,32789,0.821844,0.944121,0.0443767,0.51828,0.332244,0.52747,0.0679451,0.544083,0.096402,0.818693,31.6275,1.97589e-13,52186,0.845045,89.7441,1.17089e-11,31003
10,146,n1->n2->n12->n11->n21->n22->n32->n33->n23->n24->n14->n4->n5->n6->n7->n8->n9->n10,5.00949e+11|1.80448e+11|3.17333e+12|4.11551e+13|2.24457e+13|1.93553e+13|3.52429e+12|3.16984e+11|1.5238e+09|3.97958e+09|4.27688e+09|1.24903e+13|1.51209e+10|9.02929e+10|4.11056e+10|9.40752e+09|4.09299e+12|1.05286e+12,1.42812e+11|2.83365e+10|1.97587e+12|1.48663e+13|7.42758e+12|2.74511e+12|1.86055e+12|2.67303e+11|1.20387e+09|3.8065e+09|1.0558e+09|5.17319e+12|1.22326e+10|1.02249e+10|4.31733e+09|3.97206e+09|1.54858e+12|2.54031e+11,3.0181e-05|2.2775e-05|4.47077e-05|5.20523e-05|9.1332e-05|5.97411e-05|1.35743e-05|2.21023e-05|0.000436525|1.10933e-05|0.000636693|0.000108675|0.000336804|0.000995263|0.000205358|0.000346789|1.37772e-05|0.000119811,0.000310334|0.000399313|0.000744915|0.00656769|0.003173|0.000129789|0.000278749|0.000140997|0.00111897|0.00180726|0.00566749|0.000509645|0.000821598|0.00674185|0.00168599|0.000202733|0.00405437|0.0025508,0.00924861|0.00541507|0.00841709|0.0194316|0.0413095|0.0204439|0.000648378|0.0458653|0.0352893|0.00858775|0.0161796|0.00375279|0.0477712|0.0292399|0.0452155|0.0159192|0.0461418|0.0252238,0.0315742|0.00943238|0.0482252|0.0254573|0.0382423|0.0386141|0.0254904|0.0451391|0.00519581|0.0359629|0.0339305|0.0495486|0.00263917|0.0108922|0.0238427|0.04339|0.00266386|0.00700942,0.913495|0.989114|0.908177|0.911067|0.936521|0.918718|0.983201|0.964882|0.980295|0.906689|0.984185|0.916604|0.984899|0.926294|0.932747|0.948026|0.911519|0.908496,2.71048|4.18964|4.07787|4.63323|4.03334|3.40478|3.82994|1.54553|4.49412|0.509572|4.81843|1.60415|0.379676|2.82456|3.21396|3.34163|4.41064|2.75743,79.8117|88.6198|24.4191|65.1286|34.0839|86.2435|67.4197|76.7594|67.5745|66.6304|52.1141|81.7362|37.2729|32.9383|55.4093|99.595|65.9961,0.202212|0.16902|0.163204|0.178609|0.223961|0.163424|0.184992|0.210887|0.23069|0.23844|0.23004|0.223931|0.218852|0.177423|0.21027|0.169273|0.243547,0.147038|0.7617|0.339009|0.433728|0.974725|0.16961|0.207188|0.891879|0.610727|0.244053|0.342514|0.801699|0.233286|0.668561|0.673098|0.23207|0.928618,0.904667,0.887647,0.128239,0.443169,0.0828321,0.54922,0.253495,0.516004,0.226897,0.823074,78.9323,6.77635e-13,54008,0.832037,77.8406,9.63242e-13,32789,0.821844,0.944121,0.0443767,0.51828,0.332244,0.52747,0.0679451,0.544083,0.096402,0.818693,31.6275,1.97589e-13,52186,0.845045,89.7441,1.17089e-11,31003
10,147,n1->n2->n3->n4->n14->n13->n23->n33->n34->n35->n36->n26->n16->n17->n18->n8->n9->n10,5.00949e+11|1.80448e+11|4.03193e+13|1.24903e+13|4.27688e+09|3.3596e+12|1.5238e+09|3.16984e+11|7.06025e+13|4.11121e+11|1.8261e+09|5.66393e+13|3.00334e+11|1.21221e+11|1.87589e+11|9.40752e+09|4.09299e+12|1.05286e+12,1.42812e+11|2.83365e+10|7.28384e+12|5.17319e+12|1.0558e+09|4.83085e+11|1.20387e+09|2.67303e+11|4.11307e+13|2.04952e+11|1.46612e+09|1.21816e+13|7.37672e+10|4.83282e+10|5.0424e+10|3.97206e+09|1.54858e+12|2.54031e+11,3.0181e-05|2.2775e-05|0.000517639|0.000108675|0.000636693|5.37832e-05|0.000436525|2.21023e-05|0.000222735|0.000113893|0.000255855|7.56504e-05|5.95091e-05|0.000165097|0.000294208|0.000346789|1.37772e-05|0.000119811,0.000310334|0.000399313|0.000530329|0.000509645|0.00566749|0.00012197|0.00111897|0.000140997|0.00027914|0.000684482|0.000101959|0.00599276|0.000170398|0.00195184|0.000215891|0.000202733|0.00405437|0.0025508,0.00924861|0.00541507|0.00720975|0.00375279|0.0161796|0.0278304|0.0352893|0.0458653|0.0256545|0.00427095|0.0156022|0.0166249|0.0432795|0.0348952|0.0315747|0.0159192|0.0461418|0.0252238,0.0315742|0.00943238|0.0402354|0.0495486|0.0339305|0.0497469|0.00519581|0.0451391|0.0411288|0.00630248|0.0381659|0.0190337|0.0304577|0.0051677|0.0153347|0.04339|0.00266386|0.00700942,0.913495|0.989114|0.905667|0.916604|0.984185|0.940839|0.980295|0.964882|0.981725|0.972226|0.939672|0.928891|0.91388|0.928968|0.936282|0.948026|0.911519|0.908496,2.71048|4.18964|2.54377|1.60415|4.81843|6.22041|4.49412|1.54553|3.52757|0.154969|2.94554|5.08644|2.66328|0.109|4.51941|3.34163|4.41064|2.75743,79.8117|37.015|10.4739|52.1141|56.34|51.9585|76.7594|23.5709|31.5608|18.7034|63.8366|11.0615|32.2763|27.3162|81.3396|99.595|65.9961,0.202212|0.202219|0.212578|0.23004|0.177304|0.16585|0.210887|0.184318|0.181809|0.173283|0.162191|0.1844|0.164452|0.244069|0.217219|0.169273|0.243547,0.147038|0.790314|0.554145|0.342514|0.349691|0.678346|0.891879|0.626236|0.752501|0.900338|0.797446|0.214788|0.241087|0.359487|0.294058|0.23207|0.928618,0.904667,0.887647,0.128239,0.443169,0.0828321,0.54922,0.253495,0.516004,0.226897,0.823074,78.9323,6.77635e-13,54008,0.832037,77.8406,9.63242e-13,32789,0.821844,0.944121,0.0443767,0.51828,0.332244,0.52747,0.0679451,0.544083,0.096402,0.818693,31.6275,1.97589e-13,52186,0.845045,89.7441,1.17089e-11,31003
10,148,n1->n11->n21->n31->n32->n22->n12->n2->n3->n4->n5->n6->n7->n8->n9->n19->n20->n10,5.00949e+11|4.11551e+13|2.24457e+13|3.07002e+11|3.52429e+12|1.93553e+13|3.17333e+12|1.80448e+11|4.03193e+13|1.24903e+13|1.51209e+10|9.02929e+10|4.11056e+10|9.40752e+09|4.09299e+12|2.27898e+09|3.15183e+10|1.05286e+12,1.42812e+11|1.48663e+13|7.42758e+12|3.60863e+10|1.86055e+12|2.74511e+12|1.97587e+12|2.83365e+10|7.28384e+12|5.17319e+12|1.22326e+10|1.02249e+10|4.31733e+09|3.97206e+09|1.54858e+12|5.01791e+08|1.45355e+10|2.54031e+11,3.0181e-05|5.20523e-05|9.1332e-05|7.19176e-05|1.35743e-05|5.97411e-05|4.47077e-05|2.2775e-05|0.000517639|0.000108675|0.000336804|0.000995263|0.000205358|0.000346789|1.37772e-05|6.06243e-05|1.46655e-05|0.000119811,0.000310334|0.00656769|0.003173|0.000485795|0.000278749|0.000129789|0.000744915|0.000399313|0.000530329|0.000509645|0.000821598|0.00674185|0.00168599|0.000202733|0.00405437|0.00270084|0.00552788|0.0025508,0.00924861|0.0194316|0.0413095|0.049277|0.000648378|0.0204439|0.00841709|0.00541507|0.00720975|0.00375279|0.0477712|0.0292399|0.0452155|0.0159192|0.0461418|0.00996122|0.0257996|0.0252238,0.0315742|0.0254573|0.0382423|0.0345633|0.0254904|0.0386141|0.0482252|0.00943238|0.0402354|0.0495486|0.00263917|0.0108922|0.0238427|0.04339|0.00266386|0.0473706|0.00882196|0.00700942,0.913495|0.911067|0.936521|0.968529|0.983201|0.918718|0.908177|0.989114|0.905667|0.916604|0.984899|0.926294|0.932747|0.948026|0.911519|0.994787|0.931105|0.908496,2.71048|4.63323|4.03334|3.24104|3.82994|3.40478|4.07787|4.18964|2.54377|1.60415|0.379676|2.82456|3.21396|3.34163|4.41064|5.14536|5.03122|2.75743,30.2686|65.1286|89.2299|63.0993|86.2435|13.2112|88.6198|37.015|10.4739|81.7362|37.2729|32.9383|55.4093|99.595|99.0064|10.3361|29.3778,0.189746|0.178609|0.173119|0.240352|0.163424|0.186408|0.16902|0.202219|0.212578|0.223931|0.218852|0.177423|0.21027|0.169273|0.245379|0.176155|0.224525,0.114018|0.433728|0.321619|0.507652|0.16961|0.577028|0.7617|0.790314|0.554145|0.801699|0.233286|0.668561|0.673098|0.23207|0.363657|0.581828|0.696713,0.904667,0.887647,0.128239,0.443169,0.0828321,0.54922,0.253495,0.516004,0.226897,0.823074,78.9323,6.77635e-13,54008,0.832037,77.8406,9.63242e-13,32789,0.821844,0.944121,0.0443767,0.51828,0.332244,0.52747,0.0679451,0.544083,0.096402,0.818693,31.6275,1.97589e-13,52186,0.845045,89.7441,1.17089e-11,31003
10,149,n1->n2->n12->n22->n32->n33->n23->n24->n25->n35->n36->n26->n16->n6->n7->n8->n9->n10,5.00949e+11|1.80448e+11|3.17333e+12|1.93553e+13|3.52429e+12|3.16984e+11|1.5238e+09|3.97958e+09|2.14516e+11|4.11121e+11|1.8261e+09|5.66393e+13|3.00334e+11|9.02929e+10|4.11056e+10|9.40752e+09|4.09299e+12|1.05286e+12,1.42812e+11|2.83365e+10|1.97587e+12|2.74511e+12|1.86055e+12|2.67303e+11|1.20387e+09|3.8065e+09|2.11577e+11|2.04952e+11|1.46612e+09|1.21816e+13|7.37672e+10|1.02249e+10|4.31733e+09|3.97206e+09|1.54858e+12|2.54031e+11,3.0181e-05|2.2775e-05|4.47077e-05|5.97411e-05|1.35743e-05|2.21023e-05|0.000436525|1.10933e-05|3.573e-05|0.000113893|0.000255855|7.56504e-05|5.95091e-05|0.000995263|0.000205358|0.000346789|1.37772e-05|0.000119811,0.000310334|0.000399313|0.000744915|0.000129789|0.000278749|0.000140997|0.00111897|0.00180726|0.00167902|0.000684482|0.000101959|0.00599276|0.000170398|0.00674185|0.00168599|0.000202733|0.00405437|0.0025508,0.00924861|0.00541507|0.00841709|0.0204439|0.000648378|0.0458653|0.0352893|0.00858775|0.02593|0.00427095|0.0156022|0.0166249|0.0432795|0.0292399|0.0452155|0.0159192|0.0461418|0.0252238,0.0315742|0.00943238|0.0482252|0.0386141|0.0254904|0.0451391|0.00519581|0.0359629|0.042106|0.00630248|0.0381659|0.0190337|0.0304577|0.0108922|0.0238427|0.04339|0.00266386|0.00700942,0.913495|0.989114|0.908177|0.918718|0.983201|0.964882|0.980295|0.906689|0.927416|0.972226|0.939672|0.928891|0.91388|0.926294|0.932747|0.948026|0.911519|0.908496,2.71048|4.18964|4.07787|3.40478|3.82994|1.54553|4.49412|0.509572|3.48682|0.154969|2.94554|5.08644|2.66328|2.82456|3.21396|3.34163|4.41064|2.75743,79.8117|88.6198|13.2112|86.2435|67.4197|76.7594|67.5745|18.2346|88.4205|18.7034|63.8366|11.0615|50.0569|32.9383|55.4093|99.595|65.9961,0.202212|0.16902|0.186408|0.163424|0.184992|0.210887|0.23069|0.181699|0.173714|0.173283|0.162191|0.1844|0.238693|0.177423|0.21027|0.169273|0.243547,0.147038|0.7617|0.577028|0.16961|0.207188|0.891879|0.610727|0.244388|0.254718|0.900338|0.797446|0.214788|0.144125|0.668561|0.673098|0.23207|0.928618,0.904667,0.887647,0.128239,0.443169,0.0828321,0.54922,0.253495,0.516004,0.226897,0.823074,78.9323,6.77635e-13,54008,0.832037,77.8406,9.63242e-13,32789,0.821844,0.944121,0.0443767,0.51828,0.332244,0.52747,0.0679451,0.544083,0.096402,0.818693,31.6275,1.97589e-13,52186,0.845045,89.7441,1.17089e-11,31003
10,150,n1->n11->n21->n31->n41->n42->n43->n44->n45->n35->n36->n26->n16->n17->n7->n8->n9->n10,5.00949e+11|4.11551e+13|2.24457e+13|3.07002e+11|1.89281e+12|2.46992e+13|3.72221e+13|2.18185e+11|8.69193e+11|4.11121e+11|1.8261e+09|5.66393e+13|3.00334e+11|1.21221e+11|4.11056e+10|9.40752e+09|4.09299e+12|1.05286e+12,1.42812e+11|1.48663e+13|7.42758e+12|3.60863e+10|1.09947e+12|6.94074e+12|1.17304e+13|1.57592e+11|1.21048e+11|2.04952e+11|1.46612e+09|1.21816e+13|7.37672e+10|4.83282e+10|4.31733e+09|3.97206e+09|1.54858e+12|2.54031e+11,3.0181e-05|5.20523e-05|9.1332e-05|7.19176e-05|0.000999757|0.000217251|2.37985e-05|8.43016e-05|2.80143e-05|0.000113893|0.000255855|7.56504e-05|5.95091e-05|0.000165097|0.000205358|0.000346789|1.37772e-05|0.000119811,0.000310334|0.00656769|0.003173|0.000485795|0.000120355|0.000566237|0.000925643|0.000674249|0.0013249|0.000684482|0.000101959|0.00599276|0.000170398|0.00195184|0.00168599|0.000202733|0.00405437|0.0025508,0.00924861|0.0194316|0.0413095|0.049277|0.0101153|0.0159832|0.033735|0.00518582|0.0134492|0.00427095|0.0156022|0.0166249|0.0432795|0.0348952|0.0452155|0.0159192|0.0461418|0.0252238,0.0315742|0.0254573|0.0382423|0.0345633|0.00725392|0.0417118|0.0183556|0.0181246|0.0319834|0.00630248|0.0381659|0.0190337|0.0304577|0.0051677|0.0238427|0.04339|0.00266386|0.00700942,0.913495|0.911067|0.936521|0.968529|0.914671|0.962277|0.98016|0.93772|0.965599|0.972226|0.939672|0.928891|0.91388|0.928968|0.932747|0.948026|0.911519|0.908496,2.71048|4.63323|4.03334|3.24104|2.85413|2.20474|3.34984|1.13488|1.89306|0.154969|2.94554|5.08644|2.66328|0.109|3.21396|3.34163|4.41064|2.75743,30.2686|65.1286|89.2299|64.4551|61.2747|27.3217|59.7094|89.5651|97.1045|18.7034|63.8366|11.0615|32.2763|59.8148|55.4093|99.595|65.9961,0.189746|0.178609|0.173119|0.223697|0.217121|0.209623|0.249297|0.228694|0.228859|0.173283|0.162191|0.1844|0.164452|0.243915|0.21027|0.169273|0.243547,0.114018|0.433728|0.321619|0.844448|0.154508|0.615724|0.348203|0.413214|0.73171|0.900338|0.797446|0.214788|0.241087|0.689629|0.673098|0.23207|0.928618,0.904667,0.887647,0.128239,0.443169,0.0828321,0.54922,0.253495,0.516004,0.226897,0.823074,78.9323,6.77635e-13,54008,0.832037,77.8406,9.63242e-13,32789,0.821844,0.944121,0.0443767,0.51828,0.332244,0.52747,0.0679451,0.544083,0.096402,0.818693,31.6275,1.97589e-13,52186,0.845045,89.7441,1.17089e-11,31003
10,151,n1->n11->n21->n22->n12->n13->n23->n33->n34->n24->n25->n15->n5->n6->n7->n8->n9->n10,5.00949e+11|4.11551e+13|2.24457e+13|1.93553e+13|3.17333e+12|3.3596e+12|1.5238e+09|3.16984e+11|7.06025e+13|3.97958e+09|2.14516e+11|1.38797e+12|1.51209e+10|9.02929e+10|4.11056e+10|9.40752e+09|4.09299e+12|1.05286e+12,1.42812e+11|1.48663e+13|7.42758e+12|2.74511e+12|1.97587e+12|4.83085e+11|1.20387e+09|2.67303e+11|4.11307e+13|3.8065e+09|2.11577e+11|1.97223e+11|1.22326e+10|1.02249e+10|4.31733e+09|3.97206e+09|1.54858e+12|2.54031e+11,3.0181e-05|5.20523e-05|9.1332e-05|5.97411e-05|4.47077e-05|5.37832e-05|0.000436525|2.21023e-05|0.000222735|1.10933e-05|3.573e-05|1.3996e-05|0.000336804|0.000995263|0.000205358|0.000346789|1.37772e-05|0.000119811,0.000310334|0.00656769|0.003173|0.000129789|0.000744915|0.00012197|0.00111897|0.000140997|0.00027914|0.00180726|0.00167902|0.00169529|0.000821598|0.00674185|0.00168599|0.000202733|0.00405437|0.0025508,0.00924861|0.0194316|0.0413095|0.0204439|0.00841709|0.0278304|0.0352893|0.0458653|0.0256545|0.00858775|0.02593|0.0250138|0.0477712|0.0292399|0.0452155|0.0159192|0.0461418|0.0252238,0.0315742|0.0254573|0.0382423|0.0386141|0.0482252|0.0497469|0.00519581|0.0451391|0.0411288|0.0359629|0.042106|0.0119018|0.00263917|0.0108922|0.0238427|0.04339|0.00266386|0.00700942,0.913495|0.911067|0.936521|0.918718|0.908177|0.940839|0.980295|0.964882|0.981725|0.906689|0.927416|0.927813|0.984899|0.926294|0.932747|0.948026|0.911519|0.908496,2.71048|4.63323|4.03334|3.40478|4.07787|6.22041|4.49412|1.54553|3.52757|0.509572|3.48682|2.46356|0.379676|2.82456|3.21396|3.34163|4.41064|2.75743,30.2686|65.1286|34.0839|13.2112|13.9548|51.9585|76.7594|23.5709|58.7029|18.2346|54.7186|35.0583|37.2729|32.9383|55.4093|99.595|65.9961,0.189746|0.178609|0.223961|0.186408|0.245775|0.16585|0.210887|0.184318|0.215243|0.181699|0.193634|0.204588|0.218852|0.177423|0.21027|0.169273|0.243547,0.114018|0.433728|0.974725|0.577028|0.861041|0.678346|0.891879|0.626236|0.894181|0.244388|0.563983|0.102366|0.233286|0.668561|0.673098|0.23207|0.928618,0.904667,0.887647,0.128239,0.443169,0.0828321,0.54922,0.253495,0.516004,0.226897,0.823074,78.9323,6.77635e-13,54008,0.832037,77.8406,9.63242e-13,32789,0.821844,0.944121,0.0443767,0.51828,0.332244,0.52747,0.0679451,0.544083,0.096402,0.818693,31.6275,1.97589e-13,52186,0.845045,89.7441,1.17089e-11,31003
10,152,n1->n11->n21->n31->n41->n42->n32->n22->n23->n24->n14->n4->n5->n6->n7->n8->n9->n10,5.00949e+11|4.11551e+13|2.24457e+13|3.07002e+11|1.89281e+12|2.46992e+13|3.52429e+12|1.93553e+13|1.5238e+09|3.97958e+09|4.27688e+09|1.24903e+13|1.51209e+10|9.02929e+10|4.11056e+10|9.40752e+09|4.09299e+12|1.05286e+12,1.42812e+11|1.48663e+13|7.42758e+12|3.60863e+10|1.09947e+12|6.94074e+12|1.86055e+12|2.74511e+12|1.20387e+09|3.8065e+09|1.0558e+09|5.17319e+12|1.22326e+10|1.02249e+10|4.31733e+09|3.97206e+09|1.54858e+12|2.54031e+11,3.0181e-05|5.20523e-05|9.1332e-05|7.19176e-05|0.000999757|0.000217251|1.35743e-05|5.97411e-05|0.000436525|1.10933e-05|0.000636693|0.000108675|0.000336804|0.000995263|0.000205358|0.000346789|1.37772e-05|0.000119811,0.000310334|0.00656769|0.003173|0.000485795|0.000120355|0.000566237|0.000278749|0.000129789|0.00111897|0.00180726|0.00566749|0.000509645|0.000821598|0.00674185|0.00168599|0.000202733|0.00405437|0.0025508,0.00924861|0.0194316|0.0413095|0.049277|0.0101153|0.0159832|0.000648378|0.0204439|0.0352893|0.00858775|0.0161796|0.00375279|0.0477712|0.0292399|0.0452155|0.0159192|0.0461418|0.0252238,0.0315742|0.0254573|0.0382423|0.0345633|0.00725392|0.0417118|0.0254904|0.0386141|0.00519581|0.0359629|0.0339305|0.0495486|0.00263917|0.0108922|0.0238427|0.04339|0.00266386|0.00700942,0.913495|0.911067|0.936521|0.968529|0.914671|0.962277|0.983201|0.918718|0.980295|0.906689|0.984185|0.916604|0.984899|0.926294|0.932747|0.948026|0.911519|0.908496,2.71048|4.63323|4.03334|3.24104|2.85413|2.20474|3.82994|3.40478|4.49412|0.509572|4.81843|1.60415|0.379676|2.82456|3.21396|3.34163|4.41064|2.75743,30.2686|65.1286|89.2299|64.4551|61.2747|70.8805|86.2435|55.8812|67.5745|66.6304|52.1141|81.7362|37.2729|32.9383|55.4093|99.595|65.9961,0.189746|0.178609|0.173119|0.223697|0.217121|0.216234|0.163424|0.24392|0.23069|0.23844|0.23004|0.223931|0.218852|0.177423|0.21027|0.169273|0.243547,0.114018|0.433728|0.321619|0.844448|0.154508|0.631173|0.16961|0.667566|0.610727|0.244053|0.342514|0.801699|0.233286|0.668561|0.673098|0.23207|0.928618,0.904667,0.887647,0.128239,0.443169,0.0828321,0.54922,0.253495,0.516004,0.226897,0.823074,78.9323,6.77635e-13,54008,0.832037,77.8406,9.63242e-13,32789,0.821844,0.944121,0.0443767,0.51828,0.332244,0.52747,0.0679451,0.544083,0.096402,0.818693,31.6275,1.97589e-13,52186,0.845045,89.7441,1.17089e-11,31003
10,153,n1->n2->n12->n13->n14->n24->n25->n35->n45->n46->n47->n37->n27->n28->n29->n19->n9->n10,5.00949e+11|1.80448e+11|3.17333e+12|3.3596e+12|4.27688e+09|3.97958e+09|2.14516e+11|4.11121e+11|8.69193e+11|2.73488e+09|3.22653e+09|1.96787e+11|4.48678e+13|1.8631e+12|4.83336e+11|2.27898e+09|4.09299e+12|1.05286e+12,1.42812e+11|2.83365e+10|1.97587e+12|4.83085e+11|1.0558e+09|3.8065e+09|2.11577e+11|2.04952e+11|1.21048e+11|8.44093e+08|2.44758e+09|3.13422e+10|1.91882e+13|2.55027e+11|2.76914e+11|5.01791e+08|1.54858e+12|2.54031e+11,3.0181e-05|2.2775e-05|4.47077e-05|5.37832e-05|0.000636693|1.10933e-05|3.573e-05|0.000113893|2.80143e-05|1.5339e-05|0.000398344|0.000277193|0.00017671|1.48343e-05|0.000507637|6.06243e-05|1.37772e-05|0.000119811,0.000310334|0.000399313|0.000744915|0.00012197|0.00566749|0.00180726|0.00167902|0.000684482|0.0013249|0.00107268|0.000690999|0.000160699|0.00060257|0.000582322|0.00318299|0.00270084|0.00405437|0.0025508,0.00924861|0.00541507|0.00841709|0.0278304|0.0161796|0.00858775|0.02593|0.00427095|0.0134492|0.0363109|0.00764336|0.0253626|0.000624187|0.0124511|0.0314107|0.00996122|0.0461418|0.0252238,0.0315742|0.00943238|0.0482252|0.0497469|0.0339305|0.0359629|0.042106|0.00630248|0.0319834|0.0310165|0.00779334|0.00849779|0.00869688|0.00729303|0.0453812|0.0473706|0.00266386|0.00700942,0.913495|0.989114|0.908177|0.940839|0.984185|0.906689|0.927416|0.972226|0.965599|0.942585|0.987572|0.904421|0.914007|0.913882|0.949375|0.994787|0.911519|0.908496,2.71048|4.18964|4.07787|6.22041|4.81843|0.509572|3.48682|0.154969|1.89306|5.943|1.46841|0.900028|0.728108|1.60979|3.9795|5.14536|4.41064|2.75743,79.8117|88.6198|13.9548|56.34|66.6304|18.2346|88.4205|97.1045|61.2725|46.986|88.6669|44.8869|15.3326|39.0733|84.7043|99.0064|65.9961,0.202212|0.16902|0.245775|0.177304|0.23844|0.181699|0.173714|0.228859|0.214702|0.184028|0.173767|0.231987|0.192626|0.218529|0.198457|0.245379|0.243547,0.147038|0.7617|0.861041|0.349691|0.244053|0.244388|0.254718|0.73171|0.846114|0.564314|0.940809|0.261942|0.456993|0.382175|0.817287|0.363657|0.928618,0.904667,0.887647,0.128239,0.443169,0.0828321,0.54922,0.253495,0.516004,0.226897,0.823074,78.9323,6.77635e-13,54008,0.832037,77.8406,9.63242e-13,32789,0.821844,0.944121,0.0443767,0.51828,0.332244,0.52747,0.0679451,0.544083,0.096402,0.818693,31.6275,1.97589e-13,52186,0.845045,89.7441,1.17089e-11,31003
10,154,n1->n11->n12->n2->n3->n13->n14->n24->n25->n35->n36->n37->n38->n39->n29->n30->n20->n10,5.00949e+11|4.11551e+13|3.17333e+12|1.80448e+11|4.03193e+13|3.3596e+12|4.27688e+09|3.97958e+09|2.14516e+11|4.11121e+11|1.8261e+09|1.96787e+11|2.22165e+13|4.53885e+11|4.83336e+11|1.14315e+11|3.15183e+10|1.05286e+12,1.42812e+11|1.48663e+13|1.97587e+12|2.83365e+10|7.28384e+12|4.83085e+11|1.0558e+09|3.8065e+09|2.11577e+11|2.04952e+11|1.46612e+09|3.13422e+10|3.3329e+12|2.05862e+11|2.76914e+11|2.42933e+10|1.45355e+10|2.54031e+11,3.0181e-05|5.20523e-05|4.47077e-05|2.2775e-05|0.000517639|5.37832e-05|0.000636693|1.10933e-05|3.573e-05|0.000113893|0.000255855|0.000277193|3.60362e-05|1.20462e-05|0.000507637|4.60706e-05|1.46655e-05|0.000119811,0.000310334|0.00656769|0.000744915|0.000399313|0.000530329|0.00012197|0.00566749|0.00180726|0.00167902|0.000684482|0.000101959|0.000160699|0.000188882|0.00796747|0.00318299|0.000197986|0.00552788|0.0025508,0.00924861|0.0194316|0.00841709|0.00541507|0.00720975|0.0278304|0.0161796|0.00858775|0.02593|0.00427095|0.0156022|0.0253626|0.0367773|0.0478215|0.0314107|0.0398299|0.0257996|0.0252238,0.0315742|0.0254573|0.0482252|0.00943238|0.0402354|0.0497469|0.0339305|0.0359629|0.042106|0.00630248|0.0381659|0.00849779|0.0222725|0.013807|0.0453812|0.0027684|0.00882196|0.00700942,0.913495|0.911067|0.908177|0.989114|0.905667|0.940839|0.984185|0.906689|0.927416|0.972226|0.939672|0.904421|0.989645|0.959688|0.949375|0.964095|0.931105|0.908496,2.71048|4.63323|4.07787|4.18964|2.54377|6.22041|4.81843|0.509572|3.48682|0.154969|2.94554|0.900028|4.17407|1.26867|3.9795|5.43156|5.03122|2.75743,30.2686|24.4191|88.6198|37.015|83.9106|56.34|66.6304|18.2346|88.4205|18.7034|29.3504|37.0378|69.5993|44.1502|83.4704|23.9015|29.3778,0.189746|0.163204|0.16902|0.202219|0.213953|0.177304|0.23844|0.181699|0.173714|0.173283|0.188175|0.186084|0.205343|0.242713|0.18868|0.163781|0.224525,0.114018|0.339009|0.7617|0.790314|0.402307|0.349691|0.244053|0.244388|0.254718|0.900338|0.119974|0.934425|0.854451|0.864147|0.879944|0.655953|0.696713,0.904667,0.887647,0.128239,0.443169,0.0828321,0.54922,0.253495,0.516004,0.226897,0.823074,78.9323,6.77635e-13,54008,0.832037,77.8406,9.63242e-13,32789,0.821844,0.944121,0.0443767,0.51828,0.332244,0.52747,0.0679451,0.544083,0.096402,0.818693,31.6275,1.97589e-13,52186,0.845045,89.7441,1.17089e-11,31003
10,155,n1->n11->n12->n22->n23->n13->n14->n15->n25->n26->n36->n37->n27->n17->n7->n8->n9->n10,5.00949e+11|4.11551e+13|3.17333e+12|1.93553e+13|1.5238e+09|3.3596e+12|4.27688e+09|1.38797e+12|2.14516e+11|5.66393e+13|1.8261e+09|1.96787e+11|4.48678e+13|1.21221e+11|4.11056e+10|9.40752e+09|4.09299e+12|1.05286e+12,1.42812e+11|1.48663e+13|1.97587e+12|2.74511e+12|1.20387e+09|4.83085e+11|1.0558e+09|1.97223e+11|2.11577e+11|1.21816e+13|1.46612e+09|3.13422e+10|1.91882e+13|4.83282e+10|4.31733e+09|3.97206e+09|1.54858e+12|2.54031e+11,3.0181e-05|5.20523e-05|4.47077e-05|5.97411e-05|0.000436525|5.37832e-05|0.000636693|1.3996e-05|3.573e-05|7.56504e-05|0.000255855|0.000277193|0.00017671|0.000165097|0.000205358|0.000346789|1.37772e-05|0.000119811,0.000310334|0.00656769|0.000744915|0.000129789|0.00111897|0.00012197|0.00566749|0.00169529|0.00167902|0.00599276|0.000101959|0.000160699|0.00060257|0.00195184|0.00168599|0.000202733|0.00405437|0.0025508,0.00924861|0.0194316|0.00841709|0.0204439|0.0352893|0.0278304|0.0161796|0.0250138|0.02593|0.0166249|0.0156022|0.0253626|0.000624187|0.0348952|0.0452155|0.0159192|0.0461418|0.0252238,0.0315742|0.0254573|0.0482252|0.0386141|0.00519581|0.0497469|0.0339305|0.0119018|0.042106|0.0190337|0.0381659|0.00849779|0.00869688|0.0051677|0.0238427|0.04339|0.00266386|0.00700942,0.913495|0.911067|0.908177|0.918718|0.980295|0.940839|0.984185|0.927813|0.927416|0.928891|0.939672|0.904421|0.914007|0.928968|0.932747|0.948026|0.911519|0.908496,2.71048|4.63323|4.07787|3.40478|4.49412|6.22041|4.81843|2.46356|3.48682|5.08644|2.94554|0.900028|0.728108|0.109|3.21396|3.34163|4.41064|2.75743,30.2686|24.4191|13.2112|55.8812|51.9585|56.34|92.5451|54.7186|55.6995|63.8366|29.3504|44.8869|72.2829|59.8148|55.4093|99.595|65.9961,0.189746|0.163204|0.186408|0.24392|0.16585|0.177304|0.219123|0.193634|0.183873|0.162191|0.188175|0.231987|0.205105|0.243915|0.21027|0.169273|0.243547,0.114018|0.339009|0.577028|0.667566|0.678346|0.349691|0.854651|0.563983|0.713165|0.797446|0.119974|0.261942|0.996881|0.689629|0.673098|0.23207|0.928618,0.904667,0.887647,0.128239,0.443169,0.0828321,0.54922,0.253495,0.516004,0.226897,0.823074,78.9323,6.77635e-13,54008,0.832037,77.8406,9.63242e-13,32789,0.821844,0.944121,0.0443767,0.51828,0.332244,0.52747,0.0679451,0.544083,0.096402,0.818693,31.6275,1.97589e-13,52186,0.845045,89.7441,1.17089e-11,31003
10,156,n1->n11->n12->n2->n3->n13->n23->n33->n34->n35->n36->n37->n38->n28->n29->n19->n9->n10,5.00949e+11|4.11551e+13|3.17333e+12|1.80448e+11|4.03193e+13|3.3596e+12|1.5238e+09|3.16984e+11|7.06025e+13|4.11121e+11|1.8261e+09|1.96787e+11|2.22165e+13|1.8631e+12|4.83336e+11|2.27898e+09|4.09299e+12|1.05286e+12,1.42812e+11|1.48663e+13|1.97587e+12|2.83365e+10|7.28384e+12|4.83085e+11|1.20387e+09|2.67303e+11|4.11307e+13|2.04952e+11|1.46612e+09|3.13422e+10|3.3329e+12|2.55027e+11|2.76914e+11|5.01791e+08|1.54858e+12|2.54031e+11,3.0181e-05|5.20523e-05|4.47077e-05|2.2775e-05|0.000517639|5.37832e-05|0.000436525|2.21023e-05|0.000222735|0.000113893|0.000255855|0.000277193|3.60362e-05|1.48343e-05|0.000507637|6.06243e-05|1.37772e-05|0.000119811,0.000310334|0.00656769|0.000744915|0.000399313|0.000530329|0.00012197|0.00111897|0.000140997|0.00027914|0.000684482|0.000101959|0.000160699|0.000188882|0.000582322|0.00318299|0.00270084|0.00405437|0.0025508,0.00924861|0.0194316|0.00841709|0.00541507|0.00720975|0.0278304|0.0352893|0.0458653|0.0256545|0.00427095|0.0156022|0.0253626|0.0367773|0.0124511|0.0314107|0.00996122|0.0461418|0.0252238,0.0315742|0.0254573|0.0482252|0.00943238|0.0402354|0.0497469|0.00519581|0.0451391|0.0411288|0.00630248|0.0381659|0.00849779|0.0222725|0.00729303|0.0453812|0.0473706|0.00266386|0.00700942,0.913495|0.911067|0.908177|0.989114|0.905667|0.940839|0.980295|0.964882|0.981725|0.972226|0.939672|0.904421|0.989645|0.913882|0.949375|0.994787|0.911519|0.908496,2.71048|4.63323|4.07787|4.18964|2.54377|6.22041|4.49412|1.54553|3.52757|0.154969|2.94554|0.900028|4.17407|1.60979|3.9795|5.14536|4.41064|2.75743,30.2686|24.4191|88.6198|37.015|83.9106|51.9585|76.7594|23.5709|31.5608|18.7034|29.3504|37.0378|23.518|39.0733|84.7043|99.0064|65.9961,0.189746|0.163204|0.16902|0.202219|0.213953|0.16585|0.210887|0.184318|0.181809|0.173283|0.188175|0.186084|0.169384|0.218529|0.198457|0.245379|0.243547,0.114018|0.339009|0.7617|0.790314|0.402307|0.678346|0.891879|0.626236|0.752501|0.900338|0.119974|0.934425|0.718746|0.382175|0.817287|0.363657|0.928618,0.904667,0.887647,0.128239,0.443169,0.0828321,0.54922,0.253495,0.516004,0.226897,0.823074,78.9323,6.77635e-13,54008,0.832037,77.8406,9.63242e-13,32789,0.821844,0.944121,0.0443767,0.51828,0.332244,0.52747,0.0679451,0.544083,0.096402,0.818693,31.6275,1.97589e-13,52186,0.845045,89.7441,1.17089e-11,31003
10,157,n1->n11->n21->n31->n41->n42->n32->n33->n23->n24->n14->n15->n16->n17->n18->n8->n9->n10,5.00949e+11|4.11551e+13|2.24457e+13|3.07002e+11|1.89281e+12|2.46992e+13|3.52429e+12|3.16984e+11|1.5238e+09|3.97958e+09|4.27688e+09|1.38797e+12|3.00334e+11|1.21221e+11|1.87589e+11|9.40752e+09|4.09299e+12|1.05286e+12,1.42812e+11|1.48663e+13|7.42758e+12|3.60863e+10|1.09947e+12|6.94074e+12|1.86055e+12|2.67303e+11|1.20387e+09|3.8065e+09|1.0558e+09|1.97223e+11|7.37672e+10|4.83282e+10|5.0424e+10|3.97206e+09|1.54858e+12|2.54031e+11,3.0181e-05|5.20523e-05|9.1332e-05|7.19176e-05|0.000999757|0.000217251|1.35743e-05|2.21023e-05|0.000436525|1.10933e-05|0.000636693|1.3996e-05|5.95091e-05|0.000165097|0.000294208|0.000346789|1.37772e-05|0.000119811,0.000310334|0.00656769|0.003173|0.000485795|0.000120355|0.000566237|0.000278749|0.000140997|0.00111897|0.00180726|0.00566749|0.00169529|0.000170398|0.00195184|0.000215891|0.000202733|0.00405437|0.0025508,0.00924861|0.0194316|0.0413095|0.049277|0.0101153|0.0159832|0.000648378|0.0458653|0.0352893|0.00858775|0.0161796|0.0250138|0.0432795|0.0348952|0.0315747|0.0159192|0.0461418|0.0252238,0.0315742|0.0254573|0.0382423|0.0345633|0.00725392|0.0417118|0.0254904|0.0451391|0.00519581|0.0359629|0.0339305|0.0119018|0.0304577|0.0051677|0.0153347|0.04339|0.00266386|0.00700942,0.913495|0.911067|0.936521|0.968529|0.914671|0.962277|0.983201|0.964882|0.980295|0.906689|0.984185|0.927813|0.91388|0.928968|0.936282|0.948026|0.911519|0.908496,2.71048|4.63323|4.03334|3.24104|2.85413|2.20474|3.82994|1.54553|4.49412|0.509572|4.81843|2.46356|2.66328|0.109|4.51941|3.34163|4.41064|2.75743,30.2686|65.1286|89.2299|64.4551|61.2747|70.8805|67.4197|76.7594|67.5745|66.6304|92.5451|56.2706|32.2763|27.3162|81.3396|99.595|65.9961,0.189746|0.178609|0.173119|0.223697|0.217121|0.216234|0.184992|0.210887|0.23069|0.23844|0.219123|0.226874|0.164452|0.244069|0.217219|0.169273|0.243547,0.114018|0.433728|0.321619|0.844448|0.154508|0.631173|0.207188|0.891879|0.610727|0.244053|0.854651|0.221237|0.241087|0.359487|0.294058|0.23207|0.928618,0.904667,0.887647,0.128239,0.443169,0.0828321,0.54922,0.253495,0.516004,0.226897,0.823074,78.9323,6.77635e-13,54008,0.832037,77.8406,9.63242e-13,32789,0.821844,0.944121,0.0443767,0.51828,0.332244,0.52747,0.0679451,0.544083,0.096402,0.818693,31.6275,1.97589e-13,52186,0.845045,89.7441,1.17089e-11,31003
10,158,n1->n11->n21->n31->n41->n42->n43->n33->n34->n35->n36->n26->n27->n28->n18->n8->n9->n10,5.00949e+11|4.11551e+13|2.24457e+13|3.07002e+11|1.89281e+12|2.46992e+13|3.72221e+13|3.16984e+11|7.06025e+13|4.11121e+11|1.8261e+09|5.66393e+13|4.48678e+13|1.8631e+12|1.87589e+11|9.40752e+09|4.09299e+12|1.05286e+12,1.42812e+11|1.48663e+13|7.42758e+12|3.60863e+10|1.09947e+12|6.94074e+12|1.17304e+13|2.67303e+11|4.11307e+13|2.04952e+11|1.46612e+09|1.21816e+13|1.91882e+13|2.55027e+11|5.0424e+10|3.97206e+09|1.54858e+12|2.54031e+11,3.0181e-05|5.20523e-05|9.1332e-05|7.19176e-05|0.000999757|0.000217251|2.37985e-05|2.21023e-05|0.000222735|0.000113893|0.000255855|7.56504e-05|0.00017671|1.48343e-05|0.000294208|0.000346789|1.37772e-05|0.000119811,0.000310334|0.00656769|0.003173|0.000485795|0.000120355|0.000566237|0.000925643|0.000140997|0.00027914|0.000684482|0.000101959|0.00599276|0.00060257|0.000582322|0.000215891|0.000202733|0.00405437|0.0025508,0.00924861|0.0194316|0.0413095|0.049277|0.0101153|0.0159832|0.033735|0.0458653|0.0256545|0.00427095|0.0156022|0.0166249|0.000624187|0.0124511|0.0315747|0.0159192|0.0461418|0.0252238,0.0315742|0.0254573|0.0382423|0.0345633|0.00725392|0.0417118|0.0183556|0.0451391|0.0411288|0.00630248|0.0381659|0.0190337|0.00869688|0.00729303|0.0153347|0.04339|0.00266386|0.00700942,0.913495|0.911067|0.936521|0.968529|0.914671|0.962277|0.98016|0.964882|0.981725|0.972226|0.939672|0.928891|0.914007|0.913882|0.936282|0.948026|0.911519|0.908496,2.71048|4.63323|4.03334|3.24104|2.85413|2.20474|3.34984|1.54553|3.52757|0.154969|2.94554|5.08644|0.728108|1.60979|4.51941|3.34163|4.41064|2.75743,30.2686|65.1286|89.2299|64.4551|61.2747|27.3217|49.6282|23.5709|31.5608|18.7034|63.8366|42.5138|15.3326|43.2583|81.3396|99.595|65.9961,0.189746|0.178609|0.173119|0.223697|0.217121|0.209623|0.231132|0.184318|0.181809|0.173283|0.162191|0.241136|0.192626|0.243681|0.217219|0.169273|0.243547,0.114018|0.433728|0.321619|0.844448|0.154508|0.615724|0.41501|0.626236|0.752501|0.900338|0.797446|0.206168|0.456993|0.300248|0.294058|0.23207|0.928618,0.904667,0.887647,0.128239,0.443169,0.0828321,0.54922,0.253495,0.516004,0.226897,0.823074,78.9323,6.77635e-13,54008,0.832037,77.8406,9.63242e-13,32789,0.821844,0.944121,0.0443767,0.51828,0.332244,0.52747,0.0679451,0.544083,0.096402,0.818693,31.6275,1.97589e-13,52186,0.845045,89.7441,1.17089e-11,31003
10,159,n1->n2->n3->n13->n12->n11->n21->n22->n23->n24->n14->n4->n5->n6->n7->n8->n9->n10,5.00949e+11|1.80448e+11|4.03193e+13|3.3596e+12|3.17333e+12|4.11551e+13|2.24457e+13|1.93553e+13|1.5238e+09|3.97958e+09|4.27688e+09|1.24903e+13|1.51209e+10|9.02929e+10|4.11056e+10|9.40752e+09|4.09299e+12|1.05286e+12,1.42812e+11|2.83365e+10|7.28384e+12|4.83085e+11|1.97587e+12|1.48663e+13|7.42758e+12|2.74511e+12|1.20387e+09|3.8065e+09|1.0558e+09|5.17319e+12|1.22326e+10|1.02249e+10|4.31733e+09|3.97206e+09|1.54858e+12|2.54031e+11,3.0181e-05|2.2775e-05|0.000517639|5.37832e-05|4.47077e-05|5.20523e-05|9.1332e-05|5.97411e-05|0.000436525|1.10933e-05|0.000636693|0.000108675|0.000336804|0.000995263|0.000205358|0.000346789|1.37772e-05|0.000119811,0.000310334|0.000399313|0.000530329|0.00012197|0.000744915|0.00656769|0.003173|0.000129789|0.00111897|0.00180726|0.00566749|0.000509645|0.000821598|0.00674185|0.00168599|0.000202733|0.00405437|0.0025508,0.00924861|0.00541507|0.00720975|0.0278304|0.00841709|0.0194316|0.0413095|0.0204439|0.0352893|0.00858775|0.0161796|0.00375279|0.0477712|0.0292399|0.0452155|0.0159192|0.0461418|0.0252238,0.0315742|0.00943238|0.0402354|0.0497469|0.0482252|0.0254573|0.0382423|0.0386141|0.00519581|0.0359629|0.0339305|0.0495486|0.00263917|0.0108922|0.0238427|0.04339|0.00266386|0.00700942,0.913495|0.989114|0.905667|0.940839|0.908177|0.911067|0.936521|0.918718|0.980295|0.906689|0.984185|0.916604|0.984899|0.926294|0.932747|0.948026|0.911519|0.908496,2.71048|4.18964|2.54377|6.22041|4.07787|4.63323|4.03334|3.40478|4.49412|0.509572|4.81843|1.60415|0.379676|2.82456|3.21396|3.34163|4.41064|2.75743,79.8117|37.015|83.9106|13.9548|24.4191|65.1286|34.0839|55.8812|67.5745|66.6304|52.1141|81.7362|37.2729|32.9383|55.4093|99.595|65.9961,0.202212|0.202219|0.213953|0.245775|0.163204|0.178609|0.223961|0.24392|0.23069|0.23844|0.23004|0.223931|0.218852|0.177423|0.21027|0.169273|0.243547,0.147038|0.790314|0.402307|0.861041|0.339009|0.433728|0.974725|0.667566|0.610727|0.244053|0.342514|0.801699|0.233286|0.668561|0.673098|0.23207|0.928618,0.904667,0.887647,0.128239,0.443169,0.0828321,0.54922,0.253495,0.516004,0.226897,0.823074,78.9323,6.77635e-13,54008,0.832037,77.8406,9.63242e-13,32789,0.821844,0.944121,0.0443767,0.51828,0.332244,0.52747,0.0679451,0.544083,0.096402,0.818693,31.6275,1.97589e-13,52186,0.845045,89.7441,1.17089e-11,31003
10,160,n1->n11->n21->n22->n12->n2->n3->n13->n14->n24->n25->n26->n16->n6->n7->n8->n9->n10,5.00949e+11|4.11551e+13|2.24457e+13|1.93553e+13|3.17333e+12|1.80448e+11|4.03193e+13|3.3596e+12|4.27688e+09|3.97958e+09|2.14516e+11|5.66393e+13|3.00334e+11|9.02929e+10|4.11056e+10|9.40752e+09|4.09299e+12|1.05286e+12,1.42812e+11|1.48663e+13|7.42758e+12|2.74511e+12|1.97587e+12|2.83365e+10|7.28384e+12|4.83085e+11|1.0558e+09|3.8065e+09|2.11577e+11|1.21816e+13|7.37672e+10|1.02249e+10|4.31733e+09|3.97206e+09|1.54858e+12|2.54031e+11,3.0181e-05|5.20523e-05|9.1332e-05|5.97411e-05|4.47077e-05|2.2775e-05|0.000517639|5.37832e-05|0.000636693|1.10933e-05|3.573e-05|7.56504e-05|5.95091e-05|0.000995263|0.000205358|0.000346789|1.37772e-05|0.000119811,0.000310334|0.00656769|0.003173|0.000129789|0.000744915|0.000399313|0.000530329|0.00012197|0.00566749|0.00180726|0.00167902|0.00599276|0.000170398|0.00674185|0.00168599|0.000202733|0.00405437|0.0025508,0.00924861|0.0194316|0.0413095|0.0204439|0.00841709|0.00541507|0.00720975|0.0278304|0.0161796|0.00858775|0.02593|0.0166249|0.0432795|0.0292399|0.0452155|0.0159192|0.0461418|0.0252238,0.0315742|0.0254573|0.0382423|0.0386141|0.0482252|0.00943238|0.0402354|0.0497469|0.0339305|0.0359629|0.042106|0.0190337|0.0304577|0.0108922|0.0238427|0.04339|0.00266386|0.00700942,0.913495|0.911067|0.936521|0.918718|0.908177|0.989114|0.905667|0.940839|0.984185|0.906689|0.927416|0.928891|0.91388|0.926294|0.932747|0.948026|0.911519|0.908496,2.71048|4.63323|4.03334|3.40478|4.07787|4.18964|2.54377|6.22041|4.81843|0.509572|3.48682|5.08644|2.66328|2.82456|3.21396|3.34163|4.41064|2.75743,30.2686|65.1286|34.0839|13.2112|88.6198|37.015|83.9106|56.34|66.6304|18.2346|55.6995|11.0615|50.0569|32.9383|55.4093|99.595|65.9961,0.189746|0.178609|0.223961|0.186408|0.16902|0.202219|0.213953|0.177304|0.23844|0.181699|0.183873|0.1844|0.238693|0.177423|0.21027|0.169273|0.243547,0.114018|0.433728|0.974725|0.577028|0.7617|0.790314|0.402307|0.349691|0.244053|0.244388|0.713165|0.214788|0.144125|0.668561|0.673098|0.23207|0.928618,0.904667,0.887647,0.128239,0.443169,0.0828321,0.54922,0.253495,0.516004,0.226897,0.823074,78.9323,6.77635e-13,54008,0.832037,77.8406,9.63242e-13,32789,0.821844,0.944121,0.0443767,0.51828,0.332244,0.52747,0.0679451,0.544083,0.096402,0.818693,31.6275,1.97589e-13,52186,0.845045,89.7441,1.17089e-11,31003
10,161,n1->n11->n12->n2->n3->n4->n14->n24->n34->n35->n45->n46->n36->n26->n16->n17->n18->n19->n20->n10,5.00949e+11|4.11551e+13|3.17333e+12|1.80448e+11|4.03193e+13|1.24903e+13|4.27688e+09|3.97958e+09|7.06025e+13|4.11121e+11|8.69193e+11|2.73488e+09|1.8261e+09|5.66393e+13|3.00334e+11|1.21221e+11|1.87589e+11|2.27898e+09|3.15183e+10|1.05286e+12,1.42812e+11|1.48663e+13|1.97587e+12|2.83365e+10|7.28384e+12|5.17319e+12|1.0558e+09|3.8065e+09|4.11307e+13|2.04952e+11|1.21048e+11|8.44093e+08|1.46612e+09|1.21816e+13|7.37672e+10|4.83282e+10|5.0424e+10|5.01791e+08|1.45355e+10|2.54031e+11,3.0181e-05|5.20523e-05|4.47077e-05|2.2775e-05|0.000517639|0.000108675|0.000636693|1.10933e-05|0.000222735|0.000113893|2.80143e-05|1.5339e-05|0.000255855|7.56504e-05|5.95091e-05|0.000165097|0.000294208|6.06243e-05|1.46655e-05|0.000119811,0.000310334|0.00656769|0.000744915|0.000399313|0.000530329|0.000509645|0.00566749|0.00180726|0.00027914|0.000684482|0.0013249|0.00107268|0.000101959|0.00599276|0.000170398|0.00195184|0.000215891|0.00270084|0.00552788|0.0025508,0.00924861|0.0194316|0.00841709|0.00541507|0.00720975|0.00375279|0.0161796|0.00858775|0.0256545|0.00427095|0.0134492|0.0363109|0.0156022|0.0166249|0.0432795|0.0348952|0.0315747|0.00996122|0.0257996|0.0252238,0.0315742|0.0254573|0.0482252|0.00943238|0.0402354|0.0495486|0.0339305|0.0359629|0.0411288|0.00630248|0.0319834|0.0310165|0.0381659|0.0190337|0.0304577|0.0051677|0.0153347|0.0473706|0.00882196|0.00700942,0.913495|0.911067|0.908177|0.989114|0.905667|0.916604|0.984185|0.906689|0.981725|0.972226|0.965599|0.942585|0.939672|0.928891|0.91388|0.928968|0.936282|0.994787|0.931105|0.908496,2.71048|4.63323|4.07787|4.18964|2.54377|1.60415|4.81843|0.509572|3.52757|0.154969|1.89306|5.943|2.94554|5.08644|2.66328|0.109|4.51941|5.14536|5.03122|2.75743,30.2686|24.4191|88.6198|37.015|10.4739|52.1141|66.6304|58.7029|31.5608|97.1045|61.2725|70.4589|63.8366|11.0615|32.2763|27.3162|28.0546|10.3361|29.3778,0.189746|0.163204|0.16902|0.202219|0.212578|0.23004|0.23844|0.215243|0.181809|0.228859|0.214702|0.20568|0.162191|0.1844|0.164452|0.244069|0.210998|0.176155|0.224525,0.114018|0.339009|0.7617|0.790314|0.554145|0.342514|0.244053|0.894181|0.752501|0.73171|0.846114|0.357192|0.797446|0.214788|0.241087|0.359487|0.470346|0.581828|0.696713,0.904667,0.887647,0.128239,0.443169,0.0828321,0.54922,0.253495,0.516004,0.226897,0.823074,78.9323,6.77635e-13,54008,0.832037,77.8406,9.63242e-13,32789,0.821844,0.944121,0.0443767,0.51828,0.332244,0.52747,0.0679451,0.544083,0.096402,0.818693,31.6275,1.97589e-13,52186,0.845045,89.7441,1.17089e-11,31003
10,162,n1->n11->n21->n31->n32->n22->n23->n24->n34->n35->n36->n26->n16->n17->n27->n28->n18->n19->n9->n10,5.00949e+11|4.11551e+13|2.24457e+13|3.07002e+11|3.52429e+12|1.93553e+13|1.5238e+09|3.97958e+09|7.06025e+13|4.11121e+11|1.8261e+09|5.66393e+13|3.00334e+11|1.21221e+11|4.48678e+13|1.8631e+12|1.87589e+11|2.27898e+09|4.09299e+12|1.05286e+12,1.42812e+11|1.48663e+13|7.42758e+12|3.60863e+10|1.86055e+12|2.74511e+12|1.20387e+09|3.8065e+09|4.11307e+13|2.04952e+11|1.46612e+09|1.21816e+13|7.37672e+10|4.83282e+10|1.91882e+13|2.55027e+11|5.0424e+10|5.01791e+08|1.54858e+12|2.54031e+11,3.0181e-05|5.20523e-05|9.1332e-05|7.19176e-05|1.35743e-05|5.97411e-05|0.000436525|1.10933e-05|0.000222735|0.000113893|0.000255855|7.56504e-05|5.95091e-05|0.000165097|0.00017671|1.48343e-05|0.000294208|6.06243e-05|1.37772e-05|0.000119811,0.000310334|0.00656769|0.003173|0.000485795|0.000278749|0.000129789|0.00111897|0.00180726|0.00027914|0.000684482|0.000101959|0.00599276|0.000170398|0.00195184|0.00060257|0.000582322|0.000215891|0.00270084|0.00405437|0.0025508,0.00924861|0.0194316|0.0413095|0.049277|0.000648378|0.0204439|0.0352893|0.00858775|0.0256545|0.00427095|0.0156022|0.0166249|0.0432795|0.0348952|0.000624187|0.0124511|0.0315747|0.00996122|0.0461418|0.0252238,0.0315742|0.0254573|0.0382423|0.0345633|0.0254904|0.0386141|0.00519581|0.0359629|0.0411288|0.00630248|0.0381659|0.0190337|0.0304577|0.0051677|0.00869688|0.00729303|0.0153347|0.0473706|0.00266386|0.00700942,0.913495|0.911067|0.936521|0.968529|0.983201|0.918718|0.980295|0.906689|0.981725|0.972226|0.939672|0.928891|0.91388|0.928968|0.914007|0.913882|0.936282|0.994787|0.911519|0.908496,2.71048|4.63323|4.03334|3.24104|3.82994|3.40478|4.49412|0.509572|3.52757|0.154969|2.94554|5.08644|2.66328|0.109|0.728108|1.60979|4.51941|5.14536|4.41064|2.75743,30.2686|65.1286|89.2299|63.0993|86.2435|55.8812|67.5745|58.7029|31.5608|18.7034|63.8366|11.0615|32.2763|72.2829|15.3326|43.2583|28.0546|99.0064|65.9961,0.189746|0.178609|0.173119|0.240352|0.163424|0.24392|0.23069|0.215243|0.181809|0.173283|0.162191|0.1844|0.164452|0.205105|0.192626|0.243681|0.210998|0.245379|0.243547,0.114018|0.433728|0.321619|0.507652|0.16961|0.667566|0.610727|0.894181|0.752501|0.900338|0.797446|0.214788|0.241087|0.996881|0.456993|0.300248|0.470346|0.363657|0.928618,0.904667,0.887647,0.128239,0.443169,0.0828321,0.54922,0.253495,0.516004,0.226897,0.823074,78.9323,6.77635e-13,54008,0.832037,77.8406,9.63242e-13,32789,0.821844,0.944121,0.0443767,0.51828,0.332244,0.52747,0.0679451,0.544083,0.096402,0.818693,31.6275,1.97589e-13,52186,0.845045,89.7441,1.17089e-11,31003
10,163,n1->n11->n21->n22->n32->n33->n34->n24->n25->n35->n45->n46->n47->n48->n49->n50->n40->n30->n20->n10,5.00949e+11|4.11551e+13|2.24457e+13|1.93553e+13|3.52429e+12|3.16984e+11|7.06025e+13|3.97958e+09|2.14516e+11|4.11121e+11|8.69193e+11|2.73488e+09|3.22653e+09|2.34735e+13|4.05432e+13|4.20961e+13|5.46209e+11|1.14315e+11|3.15183e+10|1.05286e+12,1.42812e+11|1.48663e+13|7.42758e+12|2.74511e+12|1.86055e+12|2.67303e+11|4.11307e+13|3.8065e+09|2.11577e+11|2.04952e+11|1.21048e+11|8.44093e+08|2.44758e+09|7.47952e+12|4.00062e+13|6.88006e+12|3.22217e+11|2.42933e+10|1.45355e+10|2.54031e+11,3.0181e-05|5.20523e-05|9.1332e-05|5.97411e-05|1.35743e-05|2.21023e-05|0.000222735|1.10933e-05|3.573e-05|0.000113893|2.80143e-05|1.5339e-05|0.000398344|8.38435e-05|1.27003e-05|0.000121518|0.000757955|4.60706e-05|1.46655e-05|0.000119811,0.000310334|0.00656769|0.003173|0.000129789|0.000278749|0.000140997|0.00027914|0.00180726|0.00167902|0.000684482|0.0013249|0.00107268|0.000690999|0.00173389|0.00115547|0.000294891|0.000476907|0.000197986|0.00552788|0.0025508,0.00924861|0.0194316|0.0413095|0.0204439|0.000648378|0.0458653|0.0256545|0.00858775|0.02593|0.00427095|0.0134492|0.0363109|0.00764336|0.010752|0.00859096|0.0449712|0.0346753|0.0398299|0.0257996|0.0252238,0.0315742|0.0254573|0.0382423|0.0386141|0.0254904|0.0451391|0.0411288|0.0359629|0.042106|0.00630248|0.0319834|0.0310165|0.00779334|0.0214185|0.0310857|0.0095577|0.0358214|0.0027684|0.00882196|0.00700942,0.913495|0.911067|0.936521|0.918718|0.983201|0.964882|0.981725|0.906689|0.927416|0.972226|0.965599|0.942585|0.987572|0.989156|0.994007|0.914626|0.921009|0.964095|0.931105|0.908496,2.71048|4.63323|4.03334|3.40478|3.82994|1.54553|3.52757|0.509572|3.48682|0.154969|1.89306|5.943|1.46841|1.49701|5.63527|0.0764201|3.95233|5.43156|5.03122|2.75743,30.2686|65.1286|34.0839|86.2435|67.4197|23.5709|58.7029|18.2346|88.4205|97.1045|61.2725|46.986|13.4252|52.0957|38.9947|91.3525|98.0873|23.9015|29.3778,0.189746|0.178609|0.223961|0.163424|0.184992|0.184318|0.215243|0.181699|0.173714|0.228859|0.214702|0.184028|0.194998|0.242466|0.247098|0.245407|0.189012|0.163781|0.224525,0.114018|0.433728|0.974725|0.16961|0.207188|0.626236|0.894181|0.244388|0.254718|0.73171|0.846114|0.564314|0.216197|0.370505|0.860698|0.188168|0.312924|0.655953|0.696713,0.904667,0.887647,0.128239,0.443169,0.0828321,0.54922,0.253495,0.516004,0.226897,0.823074,78.9323,6.77635e-13,54008,0.832037,77.8406,9.63242e-13,32789,0.821844,0.944121,0.0443767,0.51828,0.332244,0.52747,0.0679451,0.544083,0.096402,0.818693,31.6275,1.97589e-13,52186,0.845045,89.7441,1.17089e-11,31003
10,164,n1->n11->n21->n31->n41->n51->n52->n42->n43->n33->n34->n24->n25->n15->n16->n17->n7->n8->n9->n10,5.00949e+11|4.11551e+13|2.24457e+13|3.07002e+11|1.89281e+12|8.12343e+09|7.544e+12|2.46992e+13|3.72221e+13|3.16984e+11|7.06025e+13|3.97958e+09|2.14516e+11|1.38797e+12|3.00334e+11|1.21221e+11|4.11056e+10|9.40752e+09|4.09299e+12|1.05286e+12,1.42812e+11|1.48663e+13|7.42758e+12|3.60863e+10|1.09947e+12|1.25748e+09|1.58712e+12|6.94074e+12|1.17304e+13|2.67303e+11|4.11307e+13|3.8065e+09|2.11577e+11|1.97223e+11|7.37672e+10|4.83282e+10|4.31733e+09|3.97206e+09|1.54858e+12|2.54031e+11,3.0181e-05|5.20523e-05|9.1332e-05|7.19176e-05|0.000999757|1.42883e-05|0.000134682|0.000217251|2.37985e-05|2.21023e-05|0.000222735|1.10933e-05|3.573e-05|1.3996e-05|5.95091e-05|0.000165097|0.000205358|0.000346789|1.37772e-05|0.000119811,0.000310334|0.00656769|0.003173|0.000485795|0.000120355|0.00543854|0.000579724|0.000566237|0.000925643|0.000140997|0.00027914|0.00180726|0.00167902|0.00169529|0.000170398|0.00195184|0.00168599|0.000202733|0.00405437|0.0025508,0.00924861|0.0194316|0.0413095|0.049277|0.0101153|0.0389999|0.00938379|0.0159832|0.033735|0.0458653|0.0256545|0.00858775|0.02593|0.0250138|0.0432795|0.0348952|0.0452155|0.0159192|0.0461418|0.0252238,0.0315742|0.0254573|0.0382423|0.0345633|0.00725392|0.0127241|0.0292816|0.0417118|0.0183556|0.0451391|0.0411288|0.0359629|0.042106|0.0119018|0.0304577|0.0051677|0.0238427|0.04339|0.00266386|0.00700942,0.913495|0.911067|0.936521|0.968529|0.914671|0.974409|0.971329|0.962277|0.98016|0.964882|0.981725|0.906689|0.927416|0.927813|0.91388|0.928968|0.932747|0.948026|0.911519|0.908496,2.71048|4.63323|4.03334|3.24104|2.85413|2.65254|4.73191|2.20474|3.34984|1.54553|3.52757|0.509572|3.48682|2.46356|2.66328|0.109|3.21396|3.34163|4.41064|2.75743,30.2686|65.1286|89.2299|64.4551|23.0914|43.4967|93.5115|27.3217|49.6282|23.5709|58.7029|18.2346|54.7186|56.2706|32.2763|59.8148|55.4093|99.595|65.9961,0.189746|0.178609|0.173119|0.223697|0.166929|0.203996|0.202629|0.209623|0.231132|0.184318|0.215243|0.181699|0.193634|0.226874|0.164452|0.243915|0.21027|0.169273|0.243547,0.114018|0.433728|0.321619|0.844448|0.637434|0.758648|0.768123|0.615724|0.41501|0.626236|0.894181|0.244388|0.563983|0.221237|0.241087|0.689629|0.673098|0.23207|0.928618,0.904667,0.887647,0.128239,0.443169,0.0828321,0.54922,0.253495,0.516004,0.226897,0.823074,78.9323,6.77635e-13,54008,0.832037,77.8406,9.63242e-13,32789,0.821844,0.944121,0.0443767,0.51828,0.332244,0.52747,0.0679451,0.544083,0.096402,0.818693,31.6275,1.97589e-13,52186,0.845045,89.7441,1.17089e-11,31003
10,165,n1->n11->n12->n22->n23->n33->n34->n35->n36->n46->n56->n57->n47->n48->n49->n50->n40->n30->n20->n10,5.00949e+11|4.11551e+13|3.17333e+12|1.93553e+13|1.5238e+09|3.16984e+11|7.06025e+13|4.11121e+11|1.8261e+09|2.73488e+09|1.41556e+12|2.60404e+11|3.22653e+09|2.34735e+13|4.05432e+13|4.20961e+13|5.46209e+11|1.14315e+11|3.15183e+10|1.05286e+12,1.42812e+11|1.48663e+13|1.97587e+12|2.74511e+12|1.20387e+09|2.67303e+11|4.11307e+13|2.04952e+11|1.46612e+09|8.44093e+08|1.30883e+12|2.67002e+10|2.44758e+09|7.47952e+12|4.00062e+13|6.88006e+12|3.22217e+11|2.42933e+10|1.45355e+10|2.54031e+11,3.0181e-05|5.20523e-05|4.47077e-05|5.97411e-05|0.000436525|2.21023e-05|0.000222735|0.000113893|0.000255855|1.5339e-05|0.000665035|2.96205e-05|0.000398344|8.38435e-05|1.27003e-05|0.000121518|0.000757955|4.60706e-05|1.46655e-05|0.000119811,0.000310334|0.00656769|0.000744915|0.000129789|0.00111897|0.000140997|0.00027914|0.000684482|0.000101959|0.00107268|0.000101211|0.000114352|0.000690999|0.00173389|0.00115547|0.000294891|0.000476907|0.000197986|0.00552788|0.0025508,0.00924861|0.0194316|0.00841709|0.0204439|0.0352893|0.0458653|0.0256545|0.00427095|0.0156022|0.0363109|0.0318809|0.0325279|0.00764336|0.010752|0.00859096|0.0449712|0.0346753|0.0398299|0.0257996|0.0252238,0.0315742|0.0254573|0.0482252|0.0386141|0.00519581|0.0451391|0.0411288|0.00630248|0.0381659|0.0310165|0.00892347|0.0444644|0.00779334|0.0214185|0.0310857|0.0095577|0.0358214|0.0027684|0.00882196|0.00700942,0.913495|0.911067|0.908177|0.918718|0.980295|0.964882|0.981725|0.972226|0.939672|0.942585|0.928043|0.99479|0.987572|0.989156|0.994007|0.914626|0.921009|0.964095|0.931105|0.908496,2.71048|4.63323|4.07787|3.40478|4.49412|1.54553|3.52757|0.154969|2.94554|5.943|1.86925|2.81837|1.46841|1.49701|5.63527|0.0764201|3.95233|5.43156|5.03122|2.75743,30.2686|24.4191|13.2112|55.8812|76.7594|23.5709|31.5608|18.7034|70.4589|31.554|71.5316|88.8597|13.4252|52.0957|38.9947|91.3525|98.0873|23.9015|29.3778,0.189746|0.163204|0.186408|0.24392|0.210887|0.184318|0.181809|0.173283|0.20568|0.183617|0.1955|0.181597|0.194998|0.242466|0.247098|0.245407|0.189012|0.163781|0.224525,0.114018|0.339009|0.577028|0.667566|0.891879|0.626236|0.752501|0.900338|0.357192|0.859213|0.723454|0.581123|0.216197|0.370505|0.860698|0.188168|0.312924|0.655953|0.696713,0.904667,0.887647,0.128239,0.443169,0.0828321,0.54922,0.253495,0.516004,0.226897,0.823074,78.9323,6.77635e-13,54008,0.832037,77.8406,9.63242e-13,32789,0.821844,0.944121,0.0443767,0.51828,0.332244,0.52747,0.0679451,0.544083,0.096402,0.818693,31.6275,1.97589e-13,52186,0.845045,89.7441,1.17089e-11,31003
10,166,n1->n11->n21->n22->n23->n24->n14->n4->n5->n15->n25->n35->n36->n37->n38->n39->n29->n30->n20->n10,5.00949e+11|4.11551e+13|2.24457e+13|1.93553e+13|1.5238e+09|3.97958e+09|4.27688e+09|1.24903e+13|1.51209e+10|1.38797e+12|2.14516e+11|4.11121e+11|1.8261e+09|1.96787e+11|2.22165e+13|4.53885e+11|4.83336e+11|1.14315e+11|3.15183e+10|1.05286e+12,1.42812e+11|1.48663e+13|7.42758e+12|2.74511e+12|1.20387e+09|3.8065e+09|1.0558e+09|5.17319e+12|1.22326e+10|1.97223e+11|2.11577e+11|2.04952e+11|1.46612e+09|3.13422e+10|3.3329e+12|2.05862e+11|2.76914e+11|2.42933e+10|1.45355e+10|2.54031e+11,3.0181e-05|5.20523e-05|9.1332e-05|5.97411e-05|0.000436525|1.10933e-05|0.000636693|0.000108675|0.000336804|1.3996e-05|3.573e-05|0.000113893|0.000255855|0.000277193|3.60362e-05|1.20462e-05|0.000507637|4.60706e-05|1.46655e-05|0.000119811,0.000310334|0.00656769|0.003173|0.000129789|0.00111897|0.00180726|0.00566749|0.000509645|0.000821598|0.00169529|0.00167902|0.000684482|0.000101959|0.000160699|0.000188882|0.00796747|0.00318299|0.000197986|0.00552788|0.0025508,0.00924861|0.0194316|0.0413095|0.0204439|0.0352893|0.00858775|0.0161796|0.00375279|0.0477712|0.0250138|0.02593|0.00427095|0.0156022|0.0253626|0.0367773|0.0478215|0.0314107|0.0398299|0.0257996|0.0252238,0.0315742|0.0254573|0.0382423|0.0386141|0.00519581|0.0359629|0.0339305|0.0495486|0.00263917|0.0119018|0.042106|0.00630248|0.0381659|0.00849779|0.0222725|0.013807|0.0453812|0.0027684|0.00882196|0.00700942,0.913495|0.911067|0.936521|0.918718|0.980295|0.906689|0.984185|0.916604|0.984899|0.927813|0.927416|0.972226|0.939672|0.904421|0.989645|0.959688|0.949375|0.964095|0.931105|0.908496,2.71048|4.63323|4.03334|3.40478|4.49412|0.509572|4.81843|1.60415|0.379676|2.46356|3.48682|0.154969|2.94554|0.900028|4.17407|1.26867|3.9795|5.43156|5.03122|2.75743,30.2686|65.1286|34.0839|55.8812|67.5745|66.6304|52.1141|81.7362|35.0583|54.7186|88.4205|18.7034|29.3504|37.0378|69.5993|44.1502|83.4704|23.9015|29.3778,0.189746|0.178609|0.223961|0.24392|0.23069|0.23844|0.23004|0.223931|0.204588|0.193634|0.173714|0.173283|0.188175|0.186084|0.205343|0.242713|0.18868|0.163781|0.224525,0.114018|0.433728|0.974725|0.667566|0.610727|0.244053|0.342514|0.801699|0.102366|0.563983|0.254718|0.900338|0.119974|0.934425|0.854451|0.864147|0.879944|0.655953|0.696713,0.904667,0.887647,0.128239,0.443169,0.0828321,0.54922,0.253495,0.516004,0.226897,0.823074,78.9323,6.77635e-13,54008,0.832037,77.8406,9.63242e-13,32789,0.821844,0.944121,0.0443767,0.51828,0.332244,0.52747,0.0679451,0.544083,0.096402,0.818693,31.6275,1.97589e-13,52186,0.845045,89.7441,1.17089e-11,31003
10,167,n1->n2->n3->n4->n5->n6->n7->n8->n18->n17->n27->n26->n36->n37->n38->n39->n40->n30->n20->n10,5.00949e+11|1.80448e+11|4.03193e+13|1.24903e+13|1.51209e+10|9.02929e+10|4.11056e+10|9.40752e+09|1.87589e+11|1.21221e+11|4.48678e+13|5.66393e+13|1.8261e+09|1.96787e+11|2.22165e+13|4.53885e+11|5.46209e+11|1.14315e+11|3.15183e+10|1.05286e+12,1.42812e+11|2.83365e+10|7.28384e+12|5.17319e+12|1.22326e+10|1.02249e+10|4.31733e+09|3.97206e+09|5.0424e+10|4.83282e+10|1.91882e+13|1.21816e+13|1.46612e+09|3.13422e+10|3.3329e+12|2.05862e+11|3.22217e+11|2.42933e+10|1.45355e+10|2.54031e+11,3.0181e-05|2.2775e-05|0.000517639|0.000108675|0.000336804|0.000995263|0.000205358|0.000346789|0.000294208|0.000165097|0.00017671|7.56504e-05|0.000255855|0.000277193|3.60362e-05|1.20462e-05|0.000757955|4.60706e-05|1.46655e-05|0.000119811,0.000310334|0.000399313|0.000530329|0.000509645|0.000821598|0.00674185|0.00168599|0.000202733|0.000215891|0.00195184|0.00060257|0.00599276|0.000101959|0.000160699|0.000188882|0.00796747|0.000476907|0.000197986|0.00552788|0.0025508,0.00924861|0.00541507|0.00720975|0.00375279|0.0477712|0.0292399|0.0452155|0.0159192|0.0315747|0.0348952|0.000624187|0.0166249|0.0156022|0.0253626|0.0367773|0.0478215|0.0346753|0.0398299|0.0257996|0.0252238,0.0315742|0.00943238|0.0402354|0.0495486|0.00263917|0.0108922|0.0238427|0.04339|0.0153347|0.0051677|0.00869688|0.0190337|0.0381659|0.00849779|0.0222725|0.013807|0.0358214|0.0027684|0.00882196|0.00700942,0.913495|0.989114|0.905667|0.916604|0.984899|0.926294|0.932747|0.948026|0.936282|0.928968|0.914007|0.928891|0.939672|0.904421|0.989645|0.959688|0.921009|0.964095|0.931105|0.908496,2.71048|4.18964|2.54377|1.60415|0.379676|2.82456|3.21396|3.34163|4.51941|0.109|0.728108|5.08644|2.94554|0.900028|4.17407|1.26867|3.95233|5.43156|5.03122|2.75743,79.8117|37.015|10.4739|81.7362|37.2729|32.9383|55.4093|81.3396|27.3162|72.2829|42.5138|63.8366|29.3504|37.0378|69.5993|86.0567|98.0873|23.9015|29.3778,0.202212|0.202219|0.212578|0.223931|0.218852|0.177423|0.21027|0.217219|0.244069|0.205105|0.241136|0.162191|0.188175|0.186084|0.205343|0.210093|0.189012|0.163781|0.224525,0.147038|0.790314|0.554145|0.801699|0.233286|0.668561|0.673098|0.294058|0.359487|0.996881|0.206168|0.797446|0.119974|0.934425|0.854451|0.931749|0.312924|0.655953|0.696713,0.904667,0.887647,0.128239,0.443169,0.0828321,0.54922,0.253495,0.516004,0.226897,0.823074,78.9323,6.77635e-13,54008,0.832037,77.8406,9.63242e-13,32789,0.821844,0.944121,0.0443767,0.51828,0.332244,0.52747,0.0679451,0.544083,0.096402,0.818693,31.6275,1.97589e-13,52186,0.845045,89.7441,1.17089e-11,31003
10,168,n1->n2->n12->n11->n21->n31->n32->n22->n23->n33->n34->n35->n36->n26->n16->n17->n7->n8->n9->n10,5.00949e+11|1.80448e+11|3.17333e+12|4.11551e+13|2.24457e+13|3.07002e+11|3.52429e+12|1.93553e+13|1.5238e+09|3.16984e+11|7.06025e+13|4.11121e+11|1.8261e+09|5.66393e+13|3.00334e+11|1.21221e+11|4.11056e+10|9.40752e+09|4.09299e+12|1.05286e+12,1.42812e+11|2.83365e+10|1.97587e+12|1.48663e+13|7.42758e+12|3.60863e+10|1.86055e+12|2.74511e+12|1.20387e+09|2.67303e+11|4.11307e+13|2.04952e+11|1.46612e+09|1.21816e+13|7.37672e+10|4.83282e+10|4.31733e+09|3.97206e+09|1.54858e+12|2.54031e+11,3.0181e-05|2.2775e-05|4.47077e-05|5.20523e-05|9.1332e-05|7.19176e-05|1.35743e-05|5.97411e-05|0.000436525|2.21023e-05|0.000222735|0.000113893|0.000255855|7.56504e-05|5.95091e-05|0.000165097|0.000205358|0.000346789|1.37772e-05|0.000119811,0.000310334|0.000399313|0.000744915|0.00656769|0.003173|0.000485795|0.000278749|0.000129789|0.00111897|0.000140997|0.00027914|0.000684482|0.000101959|0.00599276|0.000170398|0.00195184|0.00168599|0.000202733|0.00405437|0.0025508,0.00924861|0.00541507|0.00841709|0.0194316|0.0413095|0.049277|0.000648378|0.0204439|0.0352893|0.0458653|0.0256545|0.00427095|0.0156022|0.0166249|0.0432795|0.0348952|0.0452155|0.0159192|0.0461418|0.0252238,0.0315742|0.00943238|0.0482252|0.0254573|0.0382423|0.0345633|0.0254904|0.0386141|0.00519581|0.0451391|0.0411288|0.00630248|0.0381659|0.0190337|0.0304577|0.0051677|0.0238427|0.04339|0.00266386|0.00700942,0.913495|0.989114|0.908177|0.911067|0.936521|0.968529|0.983201|0.918718|0.980295|0.964882|0.981725|0.972226|0.939672|0.928891|0.91388|0.928968|0.932747|0.948026|0.911519|0.908496,2.71048|4.18964|4.07787|4.63323|4.03334|3.24104|3.82994|3.40478|4.49412|1.54553|3.52757|0.154969|2.94554|5.08644|2.66328|0.109|3.21396|3.34163|4.41064|2.75743,79.8117|88.6198|24.4191|65.1286|89.2299|63.0993|86.2435|55.8812|76.7594|23.5709|31.5608|18.7034|63.8366|11.0615|32.2763|59.8148|55.4093|99.595|65.9961,0.202212|0.16902|0.163204|0.178609|0.173119|0.240352|0.163424|0.24392|0.210887|0.184318|0.181809|0.173283|0.162191|0.1844|0.164452|0.243915|0.21027|0.169273|0.243547,0.147038|0.7617|0.339009|0.433728|0.321619|0.507652|0.16961|0.667566|0.891879|0.626236|0.752501|0.900338|0.797446|0.214788|0.241087|0.689629|0.673098|0.23207|0.928618,0.904667,0.887647,0.128239,0.443169,0.0828321,0.54922,0.253495,0.516004,0.226897,0.823074,78.9323,6.77635e-13,54008,0.832037,77.8406,9.63242e-13,32789,0.821844,0.944121,0.0443767,0.51828,0.332244,0.52747,0.0679451,0.544083,0.096402,0.818693,31.6275,1.97589e-13,52186,0.845045,89.7441,1.17089e-11,31003
10,169,n1->n2->n3->n13->n23->n33->n34->n35->n45->n55->n56->n46->n47->n37->n27->n17->n18->n8->n9->n10,5.00949e+11|1.80448e+11|4.03193e+13|3.3596e+12|1.5238e+09|3.16984e+11|7.06025e+13|4.11121e+11|8.69193e+11|4.34917e+11|1.41556e+12|2.73488e+09|3.22653e+09|1.96787e+11|4.48678e+13|1.21221e+11|1.87589e+11|9.40752e+09|4.09299e+12|1.05286e+12,1.42812e+11|2.83365e+10|7.28384e+12|4.83085e+11|1.20387e+09|2.67303e+11|4.11307e+13|2.04952e+11|1.21048e+11|7.00256e+10|1.30883e+12|8.44093e+08|2.44758e+09|3.13422e+10|1.91882e+13|4.83282e+10|5.0424e+10|3.97206e+09|1.54858e+12|2.54031e+11,3.0181e-05|2.2775e-05|0.000517639|5.37832e-05|0.000436525|2.21023e-05|0.000222735|0.000113893|2.80143e-05|0.000198587|0.000665035|1.5339e-05|0.000398344|0.000277193|0.00017671|0.000165097|0.000294208|0.000346789|1.37772e-05|0.000119811,0.000310334|0.000399313|0.000530329|0.00012197|0.00111897|0.000140997|0.00027914|0.000684482|0.0013249|0.0015256|0.000101211|0.00107268|0.000690999|0.000160699|0.00060257|0.00195184|0.000215891|0.000202733|0.00405437|0.0025508,0.00924861|0.00541507|0.00720975|0.0278304|0.0352893|0.0458653|0.0256545|0.00427095|0.0134492|0.0341665|0.0318809|0.0363109|0.00764336|0.0253626|0.000624187|0.0348952|0.0315747|0.0159192|0.0461418|0.0252238,0.0315742|0.00943238|0.0402354|0.0497469|0.00519581|0.0451391|0.0411288|0.00630248|0.0319834|0.0390562|0.00892347|0.0310165|0.00779334|0.00849779|0.00869688|0.0051677|0.0153347|0.04339|0.00266386|0.00700942,0.913495|0.989114|0.905667|0.940839|0.980295|0.964882|0.981725|0.972226|0.965599|0.98693|0.928043|0.942585|0.987572|0.904421|0.914007|0.928968|0.936282|0.948026|0.911519|0.908496,2.71048|4.18964|2.54377|6.22041|4.49412|1.54553|3.52757|0.154969|1.89306|5.9631|1.86925|5.943|1.46841|0.900028|0.728108|0.109|4.51941|3.34163|4.41064|2.75743,79.8117|37.015|83.9106|51.9585|76.7594|23.5709|31.5608|97.1045|43.8659|40.979|31.554|46.986|88.6669|44.8869|72.2829|27.3162|81.3396|99.595|65.9961,0.202212|0.202219|0.213953|0.16585|0.210887|0.184318|0.181809|0.228859|0.206265|0.179485|0.183617|0.184028|0.173767|0.231987|0.205105|0.244069|0.217219|0.169273|0.243547,0.147038|0.790314|0.402307|0.678346|0.891879|0.626236|0.752501|0.73171|0.527656|0.170334|0.859213|0.564314|0.940809|0.261942|0.996881|0.359487|0.294058|0.23207|0.928618,0.904667,0.887647,0.128239,0.443169,0.0828321,0.54922,0.253495,0.516004,0.226897,0.823074,78.9323,6.77635e-13,54008,0.832037,77.8406,9.63242e-13,32789,0.821844,0.944121,0.0443767,0.51828,0.332244,0.52747,0.0679451,0.544083,0.096402,0.818693,31.6275,1.97589e-13,52186,0.845045,89.7441,1.17089e-11,31003
10,170,n1->n2->n3->n13->n23->n33->n34->n35->n36->n46->n47->n48->n38->n37->n27->n17->n18->n19->n20->n10,5.00949e+11|1.80448e+11|4.03193e+13|3.3596e+12|1.5238e+09|3.16984e+11|7.06025e+13|4.11121e+11|1.8261e+09|2.73488e+09|3.22653e+09|2.34735e+13|2.22165e+13|1.96787e+11|4.48678e+13|1.21221e+11|1.87589e+11|2.27898e+09|3.15183e+10|1.05286e+12,1.42812e+11|2.83365e+10|7.28384e+12|4.83085e+11|1.20387e+09|2.67303e+11|4.11307e+13|2.04952e+11|1.46612e+09|8.44093e+08|2.44758e+09|7.47952e+12|3.3329e+12|3.13422e+10|1.91882e+13|4.83282e+10|5.0424e+10|5.01791e+08|1.45355e+10|2.54031e+11,3.0181e-05|2.2775e-05|0.000517639|5.37832e-05|0.000436525|2.21023e-05|0.000222735|0.000113893|0.000255855|1.5339e-05|0.000398344|8.38435e-05|3.60362e-05|0.000277193|0.00017671|0.000165097|0.000294208|6.06243e-05|1.46655e-05|0.000119811,0.000310334|0.000399313|0.000530329|0.00012197|0.00111897|0.000140997|0.00027914|0.000684482|0.000101959|0.00107268|0.000690999|0.00173389|0.000188882|0.000160699|0.00060257|0.00195184|0.000215891|0.00270084|0.00552788|0.0025508,0.00924861|0.00541507|0.00720975|0.0278304|0.0352893|0.0458653|0.0256545|0.00427095|0.0156022|0.0363109|0.00764336|0.010752|0.0367773|0.0253626|0.000624187|0.0348952|0.0315747|0.00996122|0.0257996|0.0252238,0.0315742|0.00943238|0.0402354|0.0497469|0.00519581|0.0451391|0.0411288|0.00630248|0.0381659|0.0310165|0.00779334|0.0214185|0.0222725|0.00849779|0.00869688|0.0051677|0.0153347|0.0473706|0.00882196|0.00700942,0.913495|0.989114|0.905667|0.940839|0.980295|0.964882|0.981725|0.972226|0.939672|0.942585|0.987572|0.989156|0.989645|0.904421|0.914007|0.928968|0.936282|0.994787|0.931105|0.908496,2.71048|4.18964|2.54377|6.22041|4.49412|1.54553|3.52757|0.154969|2.94554|5.943|1.46841|1.49701|4.17407|0.900028|0.728108|0.109|4.51941|5.14536|5.03122|2.75743,79.8117|37.015|83.9106|51.9585|76.7594|23.5709|31.5608|18.7034|70.4589|46.986|13.4252|21.8454|37.0378|44.8869|72.2829|27.3162|28.0546|10.3361|29.3778,0.202212|0.202219|0.213953|0.16585|0.210887|0.184318|0.181809|0.173283|0.20568|0.184028|0.194998|0.185523|0.186084|0.231987|0.205105|0.244069|0.210998|0.176155|0.224525,0.147038|0.790314|0.402307|0.678346|0.891879|0.626236|0.752501|0.900338|0.357192|0.564314|0.216197|0.670529|0.934425|0.261942|0.996881|0.359487|0.470346|0.581828|0.696713,0.904667,0.887647,0.128239,0.443169,0.0828321,0.54922,0.253495,0.516004,0.226897,0.823074,78.9323,6.77635e-13,54008,0.832037,77.8406,9.63242e-13,32789,0.821844,0.944121,0.0443767,0.51828,0.332244,0.52747,0.0679451,0.544083,0.096402,0.818693,31.6275,1.97589e-13,52186,0.845045,89.7441,1.17089e-11,31003
10,171,n1->n2->n12->n22->n23->n33->n34->n44->n45->n35->n25->n26->n16->n17->n7->n8->n9->n19->n20->n10,5.00949e+11|1.80448e+11|3.17333e+12|1.93553e+13|1.5238e+09|3.16984e+11|7.06025e+13|2.18185e+11|8.69193e+11|4.11121e+11|2.14516e+11|5.66393e+13|3.00334e+11|1.21221e+11|4.11056e+10|9.40752e+09|4.09299e+12|2.27898e+09|3.15183e+10|1.05286e+12,1.42812e+11|2.83365e+10|1.97587e+12|2.74511e+12|1.20387e+09|2.67303e+11|4.11307e+13|1.57592e+11|1.21048e+11|2.04952e+11|2.11577e+11|1.21816e+13|7.37672e+10|4.83282e+10|4.31733e+09|3.97206e+09|1.54858e+12|5.01791e+08|1.45355e+10|2.54031e+11,3.0181e-05|2.2775e-05|4.47077e-05|5.97411e-05|0.000436525|2.21023e-05|0.000222735|8.43016e-05|2.80143e-05|0.000113893|3.573e-05|7.56504e-05|5.95091e-05|0.000165097|0.000205358|0.000346789|1.37772e-05|6.06243e-05|1.46655e-05|0.000119811,0.000310334|0.000399313|0.000744915|0.000129789|0.00111897|0.000140997|0.00027914|0.000674249|0.0013249|0.000684482|0.00167902|0.00599276|0.000170398|0.00195184|0.00168599|0.000202733|0.00405437|0.00270084|0.00552788|0.0025508,0.00924861|0.00541507|0.00841709|0.0204439|0.0352893|0.0458653|0.0256545|0.00518582|0.0134492|0.00427095|0.02593|0.0166249|0.0432795|0.0348952|0.0452155|0.0159192|0.0461418|0.00996122|0.0257996|0.0252238,0.0315742|0.00943238|0.0482252|0.0386141|0.00519581|0.0451391|0.0411288|0.0181246|0.0319834|0.00630248|0.042106|0.0190337|0.0304577|0.0051677|0.0238427|0.04339|0.00266386|0.0473706|0.00882196|0.00700942,0.913495|0.989114|0.908177|0.918718|0.980295|0.964882|0.981725|0.93772|0.965599|0.972226|0.927416|0.928891|0.91388|0.928968|0.932747|0.948026|0.911519|0.994787|0.931105|0.908496,2.71048|4.18964|4.07787|3.40478|4.49412|1.54553|3.52757|1.13488|1.89306|0.154969|3.48682|5.08644|2.66328|0.109|3.21396|3.34163|4.41064|5.14536|5.03122|2.75743,79.8117|88.6198|13.2112|55.8812|76.7594|23.5709|46.2248|89.5651|97.1045|88.4205|55.6995|11.0615|32.2763|59.8148|55.4093|99.595|99.0064|10.3361|29.3778,0.202212|0.16902|0.186408|0.24392|0.210887|0.184318|0.230728|0.228694|0.228859|0.173714|0.183873|0.1844|0.164452|0.243915|0.21027|0.169273|0.245379|0.176155|0.224525,0.147038|0.7617|0.577028|0.667566|0.891879|0.626236|0.95886|0.413214|0.73171|0.254718|0.713165|0.214788|0.241087|0.689629|0.673098|0.23207|0.363657|0.581828|0.696713,0.904667,0.887647,0.128239,0.443169,0.0828321,0.54922,0.253495,0.516004,0.226897,0.823074,78.9323,6.77635e-13,54008,0.832037,77.8406,9.63242e-13,32789,0.821844,0.944121,0.0443767,0.51828,0.332244,0.52747,0.0679451,0.544083,0.096402,0.818693,31.6275,1.97589e-13,52186,0.845045,89.7441,1.17089e-11,31003
10,172,n1->n2->n12->n11->n21->n22->n32->n33->n34->n35->n25->n24->n14->n4->n5->n6->n7->n8->n9->n10,5.00949e+11|1.80448e+11|3.17333e+12|4.11551e+13|2.24457e+13|1.93553e+13|3.52429e+12|3.16984e+11|7.06025e+13|4.11121e+11|2.14516e+11|3.97958e+09|4.27688e+09|1.24903e+13|1.51209e+10|9.02929e+10|4.11056e+10|9.40752e+09|4.09299e+12|1.05286e+12,1.42812e+11|2.83365e+10|1.97587e+12|1.48663e+13|7.42758e+12|2.74511e+12|1.86055e+12|2.67303e+11|4.11307e+13|2.04952e+11|2.11577e+11|3.8065e+09|1.0558e+09|5.17319e+12|1.22326e+10|1.02249e+10|4.31733e+09|3.97206e+09|1.54858e+12|2.54031e+11,3.0181e-05|2.2775e-05|4.47077e-05|5.20523e-05|9.1332e-05|5.97411e-05|1.35743e-05|2.21023e-05|0.000222735|0.000113893|3.573e-05|1.10933e-05|0.000636693|0.000108675|0.000336804|0.000995263|0.000205358|0.000346789|1.37772e-05|0.000119811,0.000310334|0.000399313|0.000744915|0.00656769|0.003173|0.000129789|0.000278749|0.000140997|0.00027914|0.000684482|0.00167902|0.00180726|0.00566749|0.000509645|0.000821598|0.00674185|0.00168599|0.000202733|0.00405437|0.0025508,0.00924861|0.00541507|0.00841709|0.0194316|0.0413095|0.0204439|0.000648378|0.0458653|0.0256545|0.00427095|0.02593|0.00858775|0.0161796|0.00375279|0.0477712|0.0292399|0.0452155|0.0159192|0.0461418|0.0252238,0.0315742|0.00943238|0.0482252|0.0254573|0.0382423|0.0386141|0.0254904|0.0451391|0.0411288|0.00630248|0.042106|0.0359629|0.0339305|0.0495486|0.00263917|0.0108922|0.0238427|0.04339|0.00266386|0.00700942,0.913495|0.989114|0.908177|0.911067|0.936521|0.918718|0.983201|0.964882|0.981725|0.972226|0.927416|0.906689|0.984185|0.916604|0.984899|0.926294|0.932747|0.948026|0.911519|0.908496,2.71048|4.18964|4.07787|4.63323|4.03334|3.40478|3.82994|1.54553|3.52757|0.154969|3.48682|0.509572|4.81843|1.60415|0.379676|2.82456|3.21396|3.34163|4.41064|2.75743,79.8117|88.6198|24.4191|65.1286|34.0839|86.2435|67.4197|23.5709|31.5608|88.4205|18.2346|66.6304|52.1141|81.7362|37.2729|32.9383|55.4093|99.595|65.9961,0.202212|0.16902|0.163204|0.178609|0.223961|0.163424|0.184992|0.184318|0.181809|0.173714|0.181699|0.23844|0.23004|0.223931|0.218852|0.177423|0.21027|0.169273|0.243547,0.147038|0.7617|0.339009|0.433728|0.974725|0.16961|0.207188|0.626236|0.752501|0.254718|0.244388|0.244053|0.342514|0.801699|0.233286|0.668561|0.673098|0.23207|0.928618,0.904667,0.887647,0.128239,0.443169,0.0828321,0.54922,0.253495,0.516004,0.226897,0.823074,78.9323,6.77635e-13,54008,0.832037,77.8406,9.63242e-13,32789,0.821844,0.944121,0.0443767,0.51828,0.332244,0.52747,0.0679451,0.544083,0.096402,0.818693,31.6275,1.97589e-13,52186,0.845045,89.7441,1.17089e-11,31003
10,173,n1->n2->n3->n4->n5->n15->n25->n24->n34->n35->n45->n46->n36->n37->n27->n28->n29->n19->n9->n10,5.00949e+11|1.80448e+11|4.03193e+13|1.24903e+13|1.51209e+10|1.38797e+12|2.14516e+11|3.97958e+09|7.06025e+13|4.11121e+11|8.69193e+11|2.73488e+09|1.8261e+09|1.96787e+11|4.48678e+13|1.8631e+12|4.83336e+11|2.27898e+09|4.09299e+12|1.05286e+12,1.42812e+11|2.83365e+10|7.28384e+12|5.17319e+12|1.22326e+10|1.97223e+11|2.11577e+11|3.8065e+09|4.11307e+13|2.04952e+11|1.21048e+11|8.44093e+08|1.46612e+09|3.13422e+10|1.91882e+13|2.55027e+11|2.76914e+11|5.01791e+08|1.54858e+12|2.54031e+11,3.0181e-05|2.2775e-05|0.000517639|0.000108675|0.000336804|1.3996e-05|3.573e-05|1.10933e-05|0.000222735|0.000113893|2.80143e-05|1.5339e-05|0.000255855|0.000277193|0.00017671|1.48343e-05|0.000507637|6.06243e-05|1.37772e-05|0.000119811,0.000310334|0.000399313|0.000530329|0.000509645|0.000821598|0.00169529|0.00167902|0.00180726|0.00027914|0.000684482|0.0013249|0.00107268|0.000101959|0.000160699|0.00060257|0.000582322|0.00318299|0.00270084|0.00405437|0.0025508,0.00924861|0.00541507|0.00720975|0.00375279|0.0477712|0.0250138|0.02593|0.00858775|0.0256545|0.00427095|0.0134492|0.0363109|0.0156022|0.0253626|0.000624187|0.0124511|0.0314107|0.00996122|0.0461418|0.0252238,0.0315742|0.00943238|0.0402354|0.0495486|0.00263917|0.0119018|0.042106|0.0359629|0.0411288|0.00630248|0.0319834|0.0310165|0.0381659|0.00849779|0.00869688|0.00729303|0.0453812|0.0473706|0.00266386|0.00700942,0.913495|0.989114|0.905667|0.916604|0.984899|0.927813|0.927416|0.906689|0.981725|0.972226|0.965599|0.942585|0.939672|0.904421|0.914007|0.913882|0.949375|0.994787|0.911519|0.908496,2.71048|4.18964|2.54377|1.60415|0.379676|2.46356|3.48682|0.509572|3.52757|0.154969|1.89306|5.943|2.94554|0.900028|0.728108|1.60979|3.9795|5.14536|4.41064|2.75743,79.8117|37.015|10.4739|81.7362|35.0583|54.7186|18.2346|58.7029|31.5608|97.1045|61.2725|70.4589|29.3504|44.8869|15.3326|39.0733|84.7043|99.0064|65.9961,0.202212|0.202219|0.212578|0.223931|0.204588|0.193634|0.181699|0.215243|0.181809|0.228859|0.214702|0.20568|0.188175|0.231987|0.192626|0.218529|0.198457|0.245379|0.243547,0.147038|0.790314|0.554145|0.801699|0.102366|0.563983|0.244388|0.894181|0.752501|0.73171|0.846114|0.357192|0.119974|0.261942|0.456993|0.382175|0.817287|0.363657|0.928618,0.904667,0.887647,0.128239,0.443169,0.0828321,0.54922,0.253495,0.516004,0.226897,0.823074,78.9323,6.77635e-13,54008,0.832037,77.8406,9.63242e-13,32789,0.821844,0.944121,0.0443767,0.51828,0.332244,0.52747,0.0679451,0.544083,0.096402,0.818693,31.6275,1.97589e-13,52186,0.845045,89.7441,1.17089e-11,31003
10,174,n1->n2->n12->n22->n23->n13->n3->n4->n5->n15->n14->n24->n25->n26->n16->n17->n7->n8->n9->n10,5.00949e+11|1.80448e+11|3.17333e+12|1.93553e+13|1.5238e+09|3.3596e+12|4.03193e+13|1.24903e+13|1.51209e+10|1.38797e+12|4.27688e+09|3.97958e+09|2.14516e+11|5.66393e+13|3.00334e+11|1.21221e+11|4.11056e+10|9.40752e+09|4.09299e+12|1.05286e+12,1.42812e+11|2.83365e+10|1.97587e+12|2.74511e+12|1.20387e+09|4.83085e+11|7.28384e+12|5.17319e+12|1.22326e+10|1.97223e+11|1.0558e+09|3.8065e+09|2.11577e+11|1.21816e+13|7.37672e+10|4.83282e+10|4.31733e+09|3.97206e+09|1.54858e+12|2.54031e+11,3.0181e-05|2.2775e-05|4.47077e-05|5.97411e-05|0.000436525|5.37832e-05|0.000517639|0.000108675|0.000336804|1.3996e-05|0.000636693|1.10933e-05|3.573e-05|7.56504e-05|5.95091e-05|0.000165097|0.000205358|0.000346789|1.37772e-05|0.000119811,0.000310334|0.000399313|0.000744915|0.000129789|0.00111897|0.00012197|0.000530329|0.000509645|0.000821598|0.00169529|0.00566749|0.00180726|0.00167902|0.00599276|0.000170398|0.00195184|0.00168599|0.000202733|0.00405437|0.0025508,0.00924861|0.00541507|0.00841709|0.0204439|0.0352893|0.0278304|0.00720975|0.00375279|0.0477712|0.0250138|0.0161796|0.00858775|0.02593|0.0166249|0.0432795|0.0348952|0.0452155|0.0159192|0.0461418|0.0252238,0.0315742|0.00943238|0.0482252|0.0386141|0.00519581|0.0497469|0.0402354|0.0495486|0.00263917|0.0119018|0.0339305|0.0359629|0.042106|0.0190337|0.0304577|0.0051677|0.0238427|0.04339|0.00266386|0.00700942,0.913495|0.989114|0.908177|0.918718|0.980295|0.940839|0.905667|0.916604|0.984899|0.927813|0.984185|0.906689|0.927416|0.928891|0.91388|0.928968|0.932747|0.948026|0.911519|0.908496,2.71048|4.18964|4.07787|3.40478|4.49412|6.22041|2.54377|1.60415|0.379676|2.46356|4.81843|0.509572|3.48682|5.08644|2.66328|0.109|3.21396|3.34163|4.41064|2.75743,79.8117|88.6198|13.2112|55.8812|51.9585|83.9106|10.4739|81.7362|35.0583|92.5451|66.6304|18.2346|55.6995|11.0615|32.2763|59.8148|55.4093|99.595|65.9961,0.202212|0.16902|0.186408|0.24392|0.16585|0.213953|0.212578|0.223931|0.204588|0.219123|0.23844|0.181699|0.183873|0.1844|0.164452|0.243915|0.21027|0.169273|0.243547,0.147038|0.7617|0.577028|0.667566|0.678346|0.402307|0.554145|0.801699|0.102366|0.854651|0.244053|0.244388|0.713165|0.214788|0.241087|0.689629|0.673098|0.23207|0.928618,0.904667,0.887647,0.128239,0.443169,0.0828321,0.54922,0.253495,0.516004,0.226897,0.823074,78.9323,6.77635e-13,54008,0.832037,77.8406,9.63242e-13,32789,0.821844,0.944121,0.0443767,0.51828,0.332244,0.52747,0.0679451,0.544083,0.096402,0.818693,31.6275,1.97589e-13,52186,0.845045,89.7441,1.17089e-11,31003
10,175,n1->n11->n21->n22->n32->n42->n52->n53->n43->n33->n23->n13->n3->n4->n5->n6->n7->n8->n9->n10,5.00949e+11|4.11551e+13|2.24457e+13|1.93553e+13|3.52429e+12|2.46992e+13|7.544e+12|6.04571e+10|3.72221e+13|3.16984e+11|1.5238e+09|3.3596e+12|4.03193e+13|1.24903e+13|1.51209e+10|9.02929e+10|4.11056e+10|9.40752e+09|4.09299e+12|1.05286e+12,1.42812e+11|1.48663e+13|7.42758e+12|2.74511e+12|1.86055e+12|6.94074e+12|1.58712e+12|1.99599e+10|1.17304e+13|2.67303e+11|1.20387e+09|4.83085e+11|7.28384e+12|5.17319e+12|1.22326e+10|1.02249e+10|4.31733e+09|3.97206e+09|1.54858e+12|2.54031e+11,3.0181e-05|5.20523e-05|9.1332e-05|5.97411e-05|1.35743e-05|0.000217251|0.000134682|0.000336944|2.37985e-05|2.21023e-05|0.000436525|5.37832e-05|0.000517639|0.000108675|0.000336804|0.000995263|0.000205358|0.000346789|1.37772e-05|0.000119811,0.000310334|0.00656769|0.003173|0.000129789|0.000278749|0.000566237|0.000579724|0.000128527|0.000925643|0.000140997|0.00111897|0.00012197|0.000530329|0.000509645|0.000821598|0.00674185|0.00168599|0.000202733|0.00405437|0.0025508,0.00924861|0.0194316|0.0413095|0.0204439|0.000648378|0.0159832|0.00938379|0.00359442|0.033735|0.0458653|0.0352893|0.0278304|0.00720975|0.00375279|0.0477712|0.0292399|0.0452155|0.0159192|0.0461418|0.0252238,0.0315742|0.0254573|0.0382423|0.0386141|0.0254904|0.0417118|0.0292816|0.0188111|0.0183556|0.0451391|0.00519581|0.0497469|0.0402354|0.0495486|0.00263917|0.0108922|0.0238427|0.04339|0.00266386|0.00700942,0.913495|0.911067|0.936521|0.918718|0.983201|0.962277|0.971329|0.92123|0.98016|0.964882|0.980295|0.940839|0.905667|0.916604|0.984899|0.926294|0.932747|0.948026|0.911519|0.908496,2.71048|4.63323|4.03334|3.40478|3.82994|2.20474|4.73191|2.35397|3.34984|1.54553|4.49412|6.22041|2.54377|1.60415|0.379676|2.82456|3.21396|3.34163|4.41064|2.75743,30.2686|65.1286|34.0839|86.2435|70.8805|93.5115|21.0603|26.2497|49.6282|76.7594|51.9585|83.9106|10.4739|81.7362|37.2729|32.9383|55.4093|99.595|65.9961,0.189746|0.178609|0.223961|0.163424|0.216234|0.202629|0.165045|0.18911|0.231132|0.210887|0.16585|0.213953|0.212578|0.223931|0.218852|0.177423|0.21027|0.169273|0.243547,0.114018|0.433728|0.974725|0.16961|0.631173|0.768123|0.43255|0.390745|0.41501|0.891879|0.678346|0.402307|0.554145|0.801699|0.233286|0.668561|0.673098|0.23207|0.928618,0.904667,0.887647,0.128239,0.443169,0.0828321,0.54922,0.253495,0.516004,0.226897,0.823074,78.9323,6.77635e-13,54008,0.832037,77.8406,9.63242e-13,32789,0.821844,0.944121,0.0443767,0.51828,0.332244,0.52747,0.0679451,0.544083,0.096402,0.818693,31.6275,1.97589e-13,52186,0.845045,89.7441,1.17089e-11,31003
10,176,n1->n11->n21->n22->n12->n2->n3->n4->n14->n15->n5->n6->n16->n17->n7->n8->n9->n19->n20->n10,5.00949e+11|4.11551e+13|2.24457e+13|1.93553e+13|3.17333e+12|1.80448e+11|4.03193e+13|1.24903e+13|4.27688e+09|1.38797e+12|1.51209e+10|9.02929e+10|3.00334e+11|1.21221e+11|4.11056e+10|9.40752e+09|4.09299e+12|2.27898e+09|3.15183e+10|1.05286e+12,1.42812e+11|1.48663e+13|7.42758e+12|2.74511e+12|1.97587e+12|2.83365e+10|7.28384e+12|5.17319e+12|1.0558e+09|1.97223e+11|1.22326e+10|1.02249e+10|7.37672e+10|4.83282e+10|4.31733e+09|3.97206e+09|1.54858e+12|5.01791e+08|1.45355e+10|2.54031e+11,3.0181e-05|5.20523e-05|9.1332e-05|5.97411e-05|4.47077e-05|2.2775e-05|0.000517639|0.000108675|0.000636693|1.3996e-05|0.000336804|0.000995263|5.95091e-05|0.000165097|0.000205358|0.000346789|1.37772e-05|6.06243e-05|1.46655e-05|0.000119811,0.000310334|0.00656769|0.003173|0.000129789|0.000744915|0.000399313|0.000530329|0.000509645|0.00566749|0.00169529|0.000821598|0.00674185|0.000170398|0.00195184|0.00168599|0.000202733|0.00405437|0.00270084|0.00552788|0.0025508,0.00924861|0.0194316|0.0413095|0.0204439|0.00841709|0.00541507|0.00720975|0.00375279|0.0161796|0.0250138|0.0477712|0.0292399|0.0432795|0.0348952|0.0452155|0.0159192|0.0461418|0.00996122|0.0257996|0.0252238,0.0315742|0.0254573|0.0382423|0.0386141|0.0482252|0.00943238|0.0402354|0.0495486|0.0339305|0.0119018|0.00263917|0.0108922|0.0304577|0.0051677|0.0238427|0.04339|0.00266386|0.0473706|0.00882196|0.00700942,0.913495|0.911067|0.936521|0.918718|0.908177|0.989114|0.905667|0.916604|0.984185|0.927813|0.984899|0.926294|0.91388|0.928968|0.932747|0.948026|0.911519|0.994787|0.931105|0.908496,2.71048|4.63323|4.03334|3.40478|4.07787|4.18964|2.54377|1.60415|4.81843|2.46356|0.379676|2.82456|2.66328|0.109|3.21396|3.34163|4.41064|5.14536|5.03122|2.75743,30.2686|65.1286|34.0839|13.2112|88.6198|37.015|10.4739|52.1141|92.5451|35.0583|37.2729|50.0569|32.2763|59.8148|55.4093|99.595|99.0064|10.3361|29.3778,0.189746|0.178609|0.223961|0.186408|0.16902|0.202219|0.212578|0.23004|0.219123|0.204588|0.218852|0.238693|0.164452|0.243915|0.21027|0.169273|0.245379|0.176155|0.224525,0.114018|0.433728|0.974725|0.577028|0.7617|0.790314|0.554145|0.342514|0.854651|0.102366|0.233286|0.144125|0.241087|0.689629|0.673098|0.23207|0.363657|0.581828|0.696713,0.904667,0.887647,0.128239,0.443169,0.0828321,0.54922,0.253495,0.516004,0.226897,0.823074,78.9323,6.77635e-13,54008,0.832037,77.8406,9.63242e-13,32789,0.821844,0.944121,0.0443767,0.51828,0.332244,0.52747,0.0679451,0.544083,0.096402,0.818693,31.6275,1.97589e-13,52186,0.845045,89.7441,1.17089e-11,31003
10,177,n1->n11->n12->n13->n14->n15->n25->n35->n34->n44->n45->n46->n36->n26->n27->n17->n7->n8->n9->n10,5.00949e+11|4.11551e+13|3.17333e+12|3.3596e+12|4.27688e+09|1.38797e+12|2.14516e+11|4.11121e+11|7.06025e+13|2.18185e+11|8.69193e+11|2.73488e+09|1.8261e+09|5.66393e+13|4.48678e+13|1.21221e+11|4.11056e+10|9.40752e+09|4.09299e+12|1.05286e+12,1.42812e+11|1.48663e+13|1.97587e+12|4.83085e+11|1.0558e+09|1.97223e+11|2.11577e+11|2.04952e+11|4.11307e+13|1.57592e+11|1.21048e+11|8.44093e+08|1.46612e+09|1.21816e+13|1.91882e+13|4.83282e+10|4.31733e+09|3.97206e+09|1.54858e+12|2.54031e+11,3.0181e-05|5.20523e-05|4.47077e-05|5.37832e-05|0.000636693|1.3996e-05|3.573e-05|0.000113893|0.000222735|8.43016e-05|2.80143e-05|1.5339e-05|0.000255855|7.56504e-05|0.00017671|0.000165097|0.000205358|0.000346789|1.37772e-05|0.000119811,0.000310334|0.00656769|0.000744915|0.00012197|0.00566749|0.00169529|0.00167902|0.000684482|0.00027914|0.000674249|0.0013249|0.00107268|0.000101959|0.00599276|0.00060257|0.00195184|0.00168599|0.000202733|0.00405437|0.0025508,0.00924861|0.0194316|0.00841709|0.0278304|0.0161796|0.0250138|0.02593|0.00427095|0.0256545|0.00518582|0.0134492|0.0363109|0.0156022|0.0166249|0.000624187|0.0348952|0.0452155|0.0159192|0.0461418|0.0252238,0.0315742|0.0254573|0.0482252|0.0497469|0.0339305|0.0119018|0.042106|0.00630248|0.0411288|0.0181246|0.0319834|0.0310165|0.0381659|0.0190337|0.00869688|0.0051677|0.0238427|0.04339|0.00266386|0.00700942,0.913495|0.911067|0.908177|0.940839|0.984185|0.927813|0.927416|0.972226|0.981725|0.93772|0.965599|0.942585|0.939672|0.928891|0.914007|0.928968|0.932747|0.948026|0.911519|0.908496,2.71048|4.63323|4.07787|6.22041|4.81843|2.46356|3.48682|0.154969|3.52757|1.13488|1.89306|5.943|2.94554|5.08644|0.728108|0.109|3.21396|3.34163|4.41064|2.75743,30.2686|24.4191|13.9548|56.34|92.5451|54.7186|88.4205|31.5608|46.2248|89.5651|61.2725|70.4589|63.8366|42.5138|72.2829|59.8148|55.4093|99.595|65.9961,0.189746|0.163204|0.245775|0.177304|0.219123|0.193634|0.173714|0.181809|0.230728|0.228694|0.214702|0.20568|0.162191|0.241136|0.205105|0.243915|0.21027|0.169273|0.243547,0.114018|0.339009|0.861041|0.349691|0.854651|0.563983|0.254718|0.752501|0.95886|0.413214|0.846114|0.357192|0.797446|0.206168|0.996881|0.689629|0.673098|0.23207|0.928618,0.904667,0.887647,0.128239,0.443169,0.0828321,0.54922,0.253495,0.516004,0.226897,0.823074,78.9323,6.77635e-13,54008,0.832037,77.8406,9.63242e-13,32789,0.821844,0.944121,0.0443767,0.51828,0.332244,0.52747,0.0679451,0.544083,0.096402,0.818693,31.6275,1.97589e-13,52186,0.845045,89.7441,1.17089e-11,31003
10,178,n1->n11->n12->n2->n3->n4->n14->n13->n23->n33->n34->n24->n25->n15->n5->n6->n7->n8->n9->n10,5.00949e+11|4.11551e+13|3.17333e+12|1.80448e+11|4.03193e+13|1.24903e+13|4.27688e+09|3.3596e+12|1.5238e+09|3.16984e+11|7.06025e+13|3.97958e+09|2.14516e+11|1.38797e+12|1.51209e+10|9.02929e+10|4.11056e+10|9.40752e+09|4.09299e+12|1.05286e+12,1.42812e+11|1.48663e+13|1.97587e+12|2.83365e+10|7.28384e+12|5.17319e+12|1.0558e+09|4.83085e+11|1.20387e+09|2.67303e+11|4.11307e+13|3.8065e+09|2.11577e+11|1.97223e+11|1.22326e+10|1.02249e+10|4.31733e+09|3.97206e+09|1.54858e+12|2.54031e+11,3.0181e-05|5.20523e-05|4.47077e-05|2.2775e-05|0.000517639|0.000108675|0.000636693|5.37832e-05|0.000436525|2.21023e-05|0.000222735|1.10933e-05|3.573e-05|1.3996e-05|0.000336804|0.000995263|0.000205358|0.000346789|1.37772e-05|0.000119811,0.000310334|0.00656769|0.000744915|0.000399313|0.000530329|0.000509645|0.00566749|0.00012197|0.00111897|0.000140997|0.00027914|0.00180726|0.00167902|0.00169529|0.000821598|0.00674185|0.00168599|0.000202733|0.00405437|0.0025508,0.00924861|0.0194316|0.00841709|0.00541507|0.00720975|0.00375279|0.0161796|0.0278304|0.0352893|0.0458653|0.0256545|0.00858775|0.02593|0.0250138|0.0477712|0.0292399|0.0452155|0.0159192|0.0461418|0.0252238,0.0315742|0.0254573|0.0482252|0.00943238|0.0402354|0.0495486|0.0339305|0.0497469|0.00519581|0.0451391|0.0411288|0.0359629|0.042106|0.0119018|0.00263917|0.0108922|0.0238427|0.04339|0.00266386|0.00700942,0.913495|0.911067|0.908177|0.989114|0.905667|0.916604|0.984185|0.940839|0.980295|0.964882|0.981725|0.906689|0.927416|0.927813|0.984899|0.926294|0.932747|0.948026|0.911519|0.908496,2.71048|4.63323|4.07787|4.18964|2.54377|1.60415|4.81843|6.22041|4.49412|1.54553|3.52757|0.509572|3.48682|2.46356|0.379676|2.82456|3.21396|3.34163|4.41064|2.75743,30.2686|24.4191|88.6198|37.015|10.4739|52.1141|56.34|51.9585|76.7594|23.5709|58.7029|18.2346|54.7186|35.0583|37.2729|32.9383|55.4093|99.595|65.9961,0.189746|0.163204|0.16902|0.202219|0.212578|0.23004|0.177304|0.16585|0.210887|0.184318|0.215243|0.181699|0.193634|0.204588|0.218852|0.177423|0.21027|0.169273|0.243547,0.114018|0.339009|0.7617|0.790314|0.554145|0.342514|0.349691|0.678346|0.891879|0.626236|0.894181|0.244388|0.563983|0.102366|0.233286|0.668561|0.673098|0.23207|0.928618,0.904667,0.887647,0.128239,0.443169,0.0828321,0.54922,0.253495,0.516004,0.226897,0.823074,78.9323,6.77635e-13,54008,0.832037,77.8406,9.63242e-13,32789,0.821844,0.944121,0.0443767,0.51828,0.332244,0.52747,0.0679451,0.544083,0.096402,0.818693,31.6275,1.97589e-13,52186,0.845045,89.7441,1.17089e-11,31003
10,179,n1->n11->n21->n31->n41->n42->n43->n44->n54->n55->n56->n57->n47->n37->n38->n39->n29->n19->n9->n10,5.00949e+11|4.11551e+13|2.24457e+13|3.07002e+11|1.89281e+12|2.46992e+13|3.72221e+13|2.18185e+11|2.94283e+09|4.34917e+11|1.41556e+12|2.60404e+11|3.22653e+09|1.96787e+11|2.22165e+13|4.53885e+11|4.83336e+11|2.27898e+09|4.09299e+12|1.05286e+12,1.42812e+11|1.48663e+13|7.42758e+12|3.60863e+10|1.09947e+12|6.94074e+12|1.17304e+13|1.57592e+11|1.1502e+09|7.00256e+10|1.30883e+12|2.67002e+10|2.44758e+09|3.13422e+10|3.3329e+12|2.05862e+11|2.76914e+11|5.01791e+08|1.54858e+12|2.54031e+11,3.0181e-05|5.20523e-05|9.1332e-05|7.19176e-05|0.000999757|0.000217251|2.37985e-05|8.43016e-05|0.000220537|0.000198587|0.000665035|2.96205e-05|0.000398344|0.000277193|3.60362e-05|1.20462e-05|0.000507637|6.06243e-05|1.37772e-05|0.000119811,0.000310334|0.00656769|0.003173|0.000485795|0.000120355|0.000566237|0.000925643|0.000674249|0.00383426|0.0015256|0.000101211|0.000114352|0.000690999|0.000160699|0.000188882|0.00796747|0.00318299|0.00270084|0.00405437|0.0025508,0.00924861|0.0194316|0.0413095|0.049277|0.0101153|0.0159832|0.033735|0.00518582|0.0325261|0.0341665|0.0318809|0.0325279|0.00764336|0.0253626|0.0367773|0.0478215|0.0314107|0.00996122|0.0461418|0.0252238,0.0315742|0.0254573|0.0382423|0.0345633|0.00725392|0.0417118|0.0183556|0.0181246|0.0198191|0.0390562|0.00892347|0.0444644|0.00779334|0.00849779|0.0222725|0.013807|0.0453812|0.0473706|0.00266386|0.00700942,0.913495|0.911067|0.936521|0.968529|0.914671|0.962277|0.98016|0.93772|0.988818|0.98693|0.928043|0.99479|0.987572|0.904421|0.989645|0.959688|0.949375|0.994787|0.911519|0.908496,2.71048|4.63323|4.03334|3.24104|2.85413|2.20474|3.34984|1.13488|4.56368|5.9631|1.86925|2.81837|1.46841|0.900028|4.17407|1.26867|3.9795|5.14536|4.41064|2.75743,30.2686|65.1286|89.2299|64.4551|61.2747|27.3217|59.7094|67.7415|57.1366|40.979|71.5316|88.8597|88.6669|37.0378|69.5993|44.1502|84.7043|99.0064|65.9961,0.189746|0.178609|0.173119|0.223697|0.217121|0.209623|0.249297|0.220906|0.220288|0.179485|0.1955|0.181597|0.173767|0.186084|0.205343|0.242713|0.198457|0.245379|0.243547,0.114018|0.433728|0.321619|0.844448|0.154508|0.615724|0.348203|0.501299|0.549999|0.170334|0.723454|0.581123|0.940809|0.934425|0.854451|0.864147|0.817287|0.363657|0.928618,0.904667,0.887647,0.128239,0.443169,0.0828321,0.54922,0.253495,0.516004,0.226897,0.823074,78.9323,6.77635e-13,54008,0.832037,77.8406,9.63242e-13,32789,0.821844,0.944121,0.0443767,0.51828,0.332244,0.52747,0.0679451,0.544083,0.096402,0.818693,31.6275,1.97589e-13,52186,0.845045,89.7441,1.17089e-11,31003
10,180,n1->n2->n3->n4->n5->n15->n16->n26->n27->n37->n38->n39->n49->n50->n40->n30->n20->n19->n9->n10,5.00949e+11|1.80448e+11|4.03193e+13|1.24903e+13|1.51209e+10|1.38797e+12|3.00334e+11|5.66393e+13|4.48678e+13|1.96787e+11|2.22165e+13|4.53885e+11|4.05432e+13|4.20961e+13|5.46209e+11|1.14315e+11|3.15183e+10|2.27898e+09|4.09299e+12|1.05286e+12,1.42812e+11|2.83365e+10|7.28384e+12|5.17319e+12|1.22326e+10|1.97223e+11|7.37672e+10|1.21816e+13|1.91882e+13|3.13422e+10|3.3329e+12|2.05862e+11|4.00062e+13|6.88006e+12|3.22217e+11|2.42933e+10|1.45355e+10|5.01791e+08|1.54858e+12|2.54031e+11,3.0181e-05|2.2775e-05|0.000517639|0.000108675|0.000336804|1.3996e-05|5.95091e-05|7.56504e-05|0.00017671|0.000277193|3.60362e-05|1.20462e-05|1.27003e-05|0.000121518|0.000757955|4.60706e-05|1.46655e-05|6.06243e-05|1.37772e-05|0.000119811,0.000310334|0.000399313|0.000530329|0.000509645|0.000821598|0.00169529|0.000170398|0.00599276|0.00060257|0.000160699|0.000188882|0.00796747|0.00115547|0.000294891|0.000476907|0.000197986|0.00552788|0.00270084|0.00405437|0.0025508,0.00924861|0.00541507|0.00720975|0.00375279|0.0477712|0.0250138|0.0432795|0.0166249|0.000624187|0.0253626|0.0367773|0.0478215|0.00859096|0.0449712|0.0346753|0.0398299|0.0257996|0.00996122|0.0461418|0.0252238,0.0315742|0.00943238|0.0402354|0.0495486|0.00263917|0.0119018|0.0304577|0.0190337|0.00869688|0.00849779|0.0222725|0.013807|0.0310857|0.0095577|0.0358214|0.0027684|0.00882196|0.0473706|0.00266386|0.00700942,0.913495|0.989114|0.905667|0.916604|0.984899|0.927813|0.91388|0.928891|0.914007|0.904421|0.989645|0.959688|0.994007|0.914626|0.921009|0.964095|0.931105|0.994787|0.911519|0.908496,2.71048|4.18964|2.54377|1.60415|0.379676|2.46356|2.66328|5.08644|0.728108|0.900028|4.17407|1.26867|5.63527|0.0764201|3.95233|5.43156|5.03122|5.14536|4.41064|2.75743,79.8117|37.015|10.4739|81.7362|35.0583|56.2706|11.0615|42.5138|44.8869|37.0378|69.5993|95.0453|38.9947|91.3525|98.0873|23.9015|10.3361|99.0064|65.9961,0.202212|0.202219|0.212578|0.223931|0.204588|0.226874|0.1844|0.241136|0.231987|0.186084|0.205343|0.176137|0.247098|0.245407|0.189012|0.163781|0.176155|0.245379|0.243547,0.147038|0.790314|0.554145|0.801699|0.102366|0.221237|0.214788|0.206168|0.261942|0.934425|0.854451|0.284113|0.860698|0.188168|0.312924|0.655953|0.581828|0.363657|0.928618,0.904667,0.887647,0.128239,0.443169,0.0828321,0.54922,0.253495,0.516004,0.226897,0.823074,78.9323,6.77635e-13,54008,0.832037,77.8406,9.63242e-13,32789,0.821844,0.944121,0.0443767,0.51828,0.332244,0.52747,0.0679451,0.544083,0.096402,0.818693,31.6275,1.97589e-13,52186,0.845045,89.7441,1.17089e-11,31003
10,181,n1->n11->n12->n22->n32->n33->n23->n13->n14->n4->n5->n6->n16->n26->n27->n28->n29->n19->n20->n10,5.00949e+11|4.11551e+13|3.17333e+12|1.93553e+13|3.52429e+12|3.16984e+11|1.5238e+09|3.3596e+12|4.27688e+09|1.24903e+13|1.51209e+10|9.02929e+10|3.00334e+11|5.66393e+13|4.48678e+13|1.8631e+12|4.83336e+11|2.27898e+09|3.15183e+10|1.05286e+12,1.42812e+11|1.48663e+13|1.97587e+12|2.74511e+12|1.86055e+12|2.67303e+11|1.20387e+09|4.83085e+11|1.0558e+09|5.17319e+12|1.22326e+10|1.02249e+10|7.37672e+10|1.21816e+13|1.91882e+13|2.55027e+11|2.76914e+11|5.01791e+08|1.45355e+10|2.54031e+11,3.0181e-05|5.20523e-05|4.47077e-05|5.97411e-05|1.35743e-05|2.21023e-05|0.000436525|5.37832e-05|0.000636693|0.000108675|0.000336804|0.000995263|5.95091e-05|7.56504e-05|0.00017671|1.48343e-05|0.000507637|6.06243e-05|1.46655e-05|0.000119811,0.000310334|0.00656769|0.000744915|0.000129789|0.000278749|0.000140997|0.00111897|0.00012197|0.00566749|0.000509645|0.000821598|0.00674185|0.000170398|0.00599276|0.00060257|0.000582322|0.00318299|0.00270084|0.00552788|0.0025508,0.00924861|0.0194316|0.00841709|0.0204439|0.000648378|0.0458653|0.0352893|0.0278304|0.0161796|0.00375279|0.0477712|0.0292399|0.0432795|0.0166249|0.000624187|0.0124511|0.0314107|0.00996122|0.0257996|0.0252238,0.0315742|0.0254573|0.0482252|0.0386141|0.0254904|0.0451391|0.00519581|0.0497469|0.0339305|0.0495486|0.00263917|0.0108922|0.0304577|0.0190337|0.00869688|0.00729303|0.0453812|0.0473706|0.00882196|0.00700942,0.913495|0.911067|0.908177|0.918718|0.983201|0.964882|0.980295|0.940839|0.984185|0.916604|0.984899|0.926294|0.91388|0.928891|0.914007|0.913882|0.949375|0.994787|0.931105|0.908496,2.71048|4.63323|4.07787|3.40478|3.82994|1.54553|4.49412|6.22041|4.81843|1.60415|0.379676|2.82456|2.66328|5.08644|0.728108|1.60979|3.9795|5.14536|5.03122|2.75743,30.2686|24.4191|13.2112|86.2435|67.4197|76.7594|51.9585|56.34|52.1141|81.7362|37.2729|50.0569|11.0615|42.5138|15.3326|39.0733|84.7043|10.3361|29.3778,0.189746|0.163204|0.186408|0.163424|0.184992|0.210887|0.16585|0.177304|0.23004|0.223931|0.218852|0.238693|0.1844|0.241136|0.192626|0.218529|0.198457|0.176155|0.224525,0.114018|0.339009|0.577028|0.16961|0.207188|0.891879|0.678346|0.349691|0.342514|0.801699|0.233286|0.144125|0.214788|0.206168|0.456993|0.382175|0.817287|0.581828|0.696713,0.904667,0.887647,0.128239,0.443169,0.0828321,0.54922,0.253495,0.516004,0.226897,0.823074,78.9323,6.77635e-13,54008,0.832037,77.8406,9.63242e-13,32789,0.821844,0.944121,0.0443767,0.51828,0.332244,0.52747,0.0679451,0.544083,0.096402,0.818693,31.6275,1.97589e-13,52186,0.845045,89.7441,1.17089e-11,31003
10,182,n1->n2->n3->n4->n14->n15->n25->n24->n23->n33->n34->n35->n36->n37->n38->n28->n18->n8->n9->n10,5.00949e+11|1.80448e+11|4.03193e+13|1.24903e+13|4.27688e+09|1.38797e+12|2.14516e+11|3.97958e+09|1.5238e+09|3.16984e+11|7.06025e+13|4.11121e+11|1.8261e+09|1.96787e+11|2.22165e+13|1.8631e+12|1.87589e+11|9.40752e+09|4.09299e+12|1.05286e+12,1.42812e+11|2.83365e+10|7.28384e+12|5.17319e+12|1.0558e+09|1.97223e+11|2.11577e+11|3.8065e+09|1.20387e+09|2.67303e+11|4.11307e+13|2.04952e+11|1.46612e+09|3.13422e+10|3.3329e+12|2.55027e+11|5.0424e+10|3.97206e+09|1.54858e+12|2.54031e+11,3.0181e-05|2.2775e-05|0.000517639|0.000108675|0.000636693|1.3996e-05|3.573e-05|1.10933e-05|0.000436525|2.21023e-05|0.000222735|0.000113893|0.000255855|0.000277193|3.60362e-05|1.48343e-05|0.000294208|0.000346789|1.37772e-05|0.000119811,0.000310334|0.000399313|0.000530329|0.000509645|0.00566749|0.00169529|0.00167902|0.00180726|0.00111897|0.000140997|0.00027914|0.000684482|0.000101959|0.000160699|0.000188882|0.000582322|0.000215891|0.000202733|0.00405437|0.0025508,0.00924861|0.00541507|0.00720975|0.00375279|0.0161796|0.0250138|0.02593|0.00858775|0.0352893|0.0458653|0.0256545|0.00427095|0.0156022|0.0253626|0.0367773|0.0124511|0.0315747|0.0159192|0.0461418|0.0252238,0.0315742|0.00943238|0.0402354|0.0495486|0.0339305|0.0119018|0.042106|0.0359629|0.00519581|0.0451391|0.0411288|0.00630248|0.0381659|0.00849779|0.0222725|0.00729303|0.0153347|0.04339|0.00266386|0.00700942,0.913495|0.989114|0.905667|0.916604|0.984185|0.927813|0.927416|0.906689|0.980295|0.964882|0.981725|0.972226|0.939672|0.904421|0.989645|0.913882|0.936282|0.948026|0.911519|0.908496,2.71048|4.18964|2.54377|1.60415|4.81843|2.46356|3.48682|0.509572|4.49412|1.54553|3.52757|0.154969|2.94554|0.900028|4.17407|1.60979|4.51941|3.34163|4.41064|2.75743,79.8117|37.015|10.4739|52.1141|92.5451|54.7186|18.2346|67.5745|76.7594|23.5709|31.5608|18.7034|29.3504|37.0378|23.518|43.2583|81.3396|99.595|65.9961,0.202212|0.202219|0.212578|0.23004|0.219123|0.193634|0.181699|0.23069|0.210887|0.184318|0.181809|0.173283|0.188175|0.186084|0.169384|0.243681|0.217219|0.169273|0.243547,0.147038|0.790314|0.554145|0.342514|0.854651|0.563983|0.244388|0.610727|0.891879|0.626236|0.752501|0.900338|0.119974|0.934425|0.718746|0.300248|0.294058|0.23207|0.928618,0.904667,0.887647,0.128239,0.443169,0.0828321,0.54922,0.253495,0.516004,0.226897,0.823074,78.9323,6.77635e-13,54008,0.832037,77.8406,9.63242e-13,32789,0.821844,0.944121,0.0443767,0.51828,0.332244,0.52747,0.0679451,0.544083,0.096402,0.818693,31.6275,1.97589e-13,52186,0.845045,89.7441,1.17089e-11,31003
10,183,n1->n11->n12->n22->n21->n31->n32->n42->n43->n33->n23->n24->n14->n15->n5->n6->n7->n8->n9->n10,5.00949e+11|4.11551e+13|3.17333e+12|1.93553e+13|2.24457e+13|3.07002e+11|3.52429e+12|2.46992e+13|3.72221e+13|3.16984e+11|1.5238e+09|3.97958e+09|4.27688e+09|1.38797e+12|1.51209e+10|9.02929e+10|4.11056e+10|9.40752e+09|4.09299e+12|1.05286e+12,1.42812e+11|1.48663e+13|1.97587e+12|2.74511e+12|7.42758e+12|3.60863e+10|1.86055e+12|6.94074e+12|1.17304e+13|2.67303e+11|1.20387e+09|3.8065e+09|1.0558e+09|1.97223e+11|1.22326e+10|1.02249e+10|4.31733e+09|3.97206e+09|1.54858e+12|2.54031e+11,3.0181e-05|5.20523e-05|4.47077e-05|5.97411e-05|9.1332e-05|7.19176e-05|1.35743e-05|0.000217251|2.37985e-05|2.21023e-05|0.000436525|1.10933e-05|0.000636693|1.3996e-05|0.000336804|0.000995263|0.000205358|0.000346789|1.37772e-05|0.000119811,0.000310334|0.00656769|0.000744915|0.000129789|0.003173|0.000485795|0.000278749|0.000566237|0.000925643|0.000140997|0.00111897|0.00180726|0.00566749|0.00169529|0.000821598|0.00674185|0.00168599|0.000202733|0.00405437|0.0025508,0.00924861|0.0194316|0.00841709|0.0204439|0.0413095|0.049277|0.000648378|0.0159832|0.033735|0.0458653|0.0352893|0.00858775|0.0161796|0.0250138|0.0477712|0.0292399|0.0452155|0.0159192|0.0461418|0.0252238,0.0315742|0.0254573|0.0482252|0.0386141|0.0382423|0.0345633|0.0254904|0.0417118|0.0183556|0.0451391|0.00519581|0.0359629|0.0339305|0.0119018|0.00263917|0.0108922|0.0238427|0.04339|0.00266386|0.00700942,0.913495|0.911067|0.908177|0.918718|0.936521|0.968529|0.983201|0.962277|0.98016|0.964882|0.980295|0.906689|0.984185|0.927813|0.984899|0.926294|0.932747|0.948026|0.911519|0.908496,2.71048|4.63323|4.07787|3.40478|4.03334|3.24104|3.82994|2.20474|3.34984|1.54553|4.49412|0.509572|4.81843|2.46356|0.379676|2.82456|3.21396|3.34163|4.41064|2.75743,30.2686|24.4191|13.2112|34.0839|89.2299|63.0993|70.8805|27.3217|49.6282|76.7594|67.5745|66.6304|92.5451|35.0583|37.2729|32.9383|55.4093|99.595|65.9961,0.189746|0.163204|0.186408|0.223961|0.173119|0.240352|0.216234|0.209623|0.231132|0.210887|0.23069|0.23844|0.219123|0.204588|0.218852|0.177423|0.21027|0.169273|0.243547,0.114018|0.339009|0.577028|0.974725|0.321619|0.507652|0.631173|0.615724|0.41501|0.891879|0.610727|0.244053|0.854651|0.102366|0.233286|0.668561|0.673098|0.23207|0.928618,0.904667,0.887647,0.128239,0.443169,0.0828321,0.54922,0.253495,0.516004,0.226897,0.823074,78.9323,6.77635e-13,54008,0.832037,77.8406,9.63242e-13,32789,0.821844,0.944121,0.0443767,0.51828,0.332244,0.52747,0.0679451,0.544083,0.096402,0.818693,31.6275,1.97589e-13,52186,0.845045,89.7441,1.17089e-11,31003
10,184,n1->n2->n3->n4->n5->n15->n14->n13->n23->n24->n25->n35->n36->n37->n27->n17->n7->n8->n9->n10,5.00949e+11|1.80448e+11|4.03193e+13|1.24903e+13|1.51209e+10|1.38797e+12|4.27688e+09|3.3596e+12|1.5238e+09|3.97958e+09|2.14516e+11|4.11121e+11|1.8261e+09|1.96787e+11|4.48678e+13|1.21221e+11|4.11056e+10|9.40752e+09|4.09299e+12|1.05286e+12,1.42812e+11|2.83365e+10|7.28384e+12|5.17319e+12|1.22326e+10|1.97223e+11|1.0558e+09|4.83085e+11|1.20387e+09|3.8065e+09|2.11577e+11|2.04952e+11|1.46612e+09|3.13422e+10|1.91882e+13|4.83282e+10|4.31733e+09|3.97206e+09|1.54858e+12|2.54031e+11,3.0181e-05|2.2775e-05|0.000517639|0.000108675|0.000336804|1.3996e-05|0.000636693|5.37832e-05|0.000436525|1.10933e-05|3.573e-05|0.000113893|0.000255855|0.000277193|0.00017671|0.000165097|0.000205358|0.000346789|1.37772e-05|0.000119811,0.000310334|0.000399313|0.000530329|0.000509645|0.000821598|0.00169529|0.00566749|0.00012197|0.00111897|0.00180726|0.00167902|0.000684482|0.000101959|0.000160699|0.00060257|0.00195184|0.00168599|0.000202733|0.00405437|0.0025508,0.00924861|0.00541507|0.00720975|0.00375279|0.0477712|0.0250138|0.0161796|0.0278304|0.0352893|0.00858775|0.02593|0.00427095|0.0156022|0.0253626|0.000624187|0.0348952|0.0452155|0.0159192|0.0461418|0.0252238,0.0315742|0.00943238|0.0402354|0.0495486|0.00263917|0.0119018|0.0339305|0.0497469|0.00519581|0.0359629|0.042106|0.00630248|0.0381659|0.00849779|0.00869688|0.0051677|0.0238427|0.04339|0.00266386|0.00700942,0.913495|0.989114|0.905667|0.916604|0.984899|0.927813|0.984185|0.940839|0.980295|0.906689|0.927416|0.972226|0.939672|0.904421|0.914007|0.928968|0.932747|0.948026|0.911519|0.908496,2.71048|4.18964|2.54377|1.60415|0.379676|2.46356|4.81843|6.22041|4.49412|0.509572|3.48682|0.154969|2.94554|0.900028|0.728108|0.109|3.21396|3.34163|4.41064|2.75743,79.8117|37.015|10.4739|81.7362|35.0583|92.5451|56.34|51.9585|67.5745|18.2346|88.4205|18.7034|29.3504|44.8869|72.2829|59.8148|55.4093|99.595|65.9961,0.202212|0.202219|0.212578|0.223931|0.204588|0.219123|0.177304|0.16585|0.23069|0.181699|0.173714|0.173283|0.188175|0.231987|0.205105|0.243915|0.21027|0.169273|0.243547,0.147038|0.790314|0.554145|0.801699|0.102366|0.854651|0.349691|0.678346|0.610727|0.244388|0.254718|0.900338|0.119974|0.261942|0.996881|0.689629|0.673098|0.23207|0.928618,0.904667,0.887647,0.128239,0.443169,0.0828321,0.54922,0.253495,0.516004,0.226897,0.823074,78.9323,6.77635e-13,54008,0.832037,77.8406,9.63242e-13,32789,0.821844,0.944121,0.0443767,0.51828,0.332244,0.52747,0.0679451,0.544083,0.096402,0.818693,31.6275,1.97589e-13,52186,0.845045,89.7441,1.17089e-11,31003
10,185,n1->n11->n12->n22->n21->n31->n32->n42->n43->n33->n23->n24->n25->n15->n16->n17->n18->n8->n9->n10,5.00949e+11|4.11551e+13|3.17333e+12|1.93553e+13|2.24457e+13|3.07002e+11|3.52429e+12|2.46992e+13|3.72221e+13|3.16984e+11|1.5238e+09|3.97958e+09|2.14516e+11|1.38797e+12|3.00334e+11|1.21221e+11|1.87589e+11|9.40752e+09|4.09299e+12|1.05286e+12,1.42812e+11|1.48663e+13|1.97587e+12|2.74511e+12|7.42758e+12|3.60863e+10|1.86055e+12|6.94074e+12|1.17304e+13|2.67303e+11|1.20387e+09|3.8065e+09|2.11577e+11|1.97223e+11|7.37672e+10|4.83282e+10|5.0424e+10|3.97206e+09|1.54858e+12|2.54031e+11,3.0181e-05|5.20523e-05|4.47077e-05|5.97411e-05|9.1332e-05|7.19176e-05|1.35743e-05|0.000217251|2.37985e-05|2.21023e-05|0.000436525|1.10933e-05|3.573e-05|1.3996e-05|5.95091e-05|0.000165097|0.000294208|0.000346789|1.37772e-05|0.000119811,0.000310334|0.00656769|0.000744915|0.000129789|0.003173|0.000485795|0.000278749|0.000566237|0.000925643|0.000140997|0.00111897|0.00180726|0.00167902|0.00169529|0.000170398|0.00195184|0.000215891|0.000202733|0.00405437|0.0025508,0.00924861|0.0194316|0.00841709|0.0204439|0.0413095|0.049277|0.000648378|0.0159832|0.033735|0.0458653|0.0352893|0.00858775|0.02593|0.0250138|0.0432795|0.0348952|0.0315747|0.0159192|0.0461418|0.0252238,0.0315742|0.0254573|0.0482252|0.0386141|0.0382423|0.0345633|0.0254904|0.0417118|0.0183556|0.0451391|0.00519581|0.0359629|0.042106|0.0119018|0.0304577|0.0051677|0.0153347|0.04339|0.00266386|0.00700942,0.913495|0.911067|0.908177|0.918718|0.936521|0.968529|0.983201|0.962277|0.98016|0.964882|0.980295|0.906689|0.927416|0.927813|0.91388|0.928968|0.936282|0.948026|0.911519|0.908496,2.71048|4.63323|4.07787|3.40478|4.03334|3.24104|3.82994|2.20474|3.34984|1.54553|4.49412|0.509572|3.48682|2.46356|2.66328|0.109|4.51941|3.34163|4.41064|2.75743,30.2686|24.4191|13.2112|34.0839|89.2299|63.0993|70.8805|27.3217|49.6282|76.7594|67.5745|18.2346|54.7186|56.2706|32.2763|27.3162|81.3396|99.595|65.9961,0.189746|0.163204|0.186408|0.223961|0.173119|0.240352|0.216234|0.209623|0.231132|0.210887|0.23069|0.181699|0.193634|0.226874|0.164452|0.244069|0.217219|0.169273|0.243547,0.114018|0.339009|0.577028|0.974725|0.321619|0.507652|0.631173|0.615724|0.41501|0.891879|0.610727|0.244388|0.563983|0.221237|0.241087|0.359487|0.294058|0.23207|0.928618,0.904667,0.887647,0.128239,0.443169,0.0828321,0.54922,0.253495,0.516004,0.226897,0.823074,78.9323,6.77635e-13,54008,0.832037,77.8406,9.63242e-13,32789,0.821844,0.944121,0.0443767,0.51828,0.332244,0.52747,0.0679451,0.544083,0.096402,0.818693,31.6275,1.97589e-13,52186,0.845045,89.7441,1.17089e-11,31003
10,186,n1->n11->n21->n31->n41->n51->n52->n42->n43->n33->n23->n13->n3->n4->n5->n6->n7->n8->n9->n10,5.00949e+11|4.11551e+13|2.24457e+13|3.07002e+11|1.89281e+12|8.12343e+09|7.544e+12|2.46992e+13|3.72221e+13|3.16984e+11|1.5238e+09|3.3596e+12|4.03193e+13|1.24903e+13|1.51209e+10|9.02929e+10|4.11056e+10|9.40752e+09|4.09299e+12|1.05286e+12,1.42812e+11|1.48663e+13|7.42758e+12|3.60863e+10|1.09947e+12|1.25748e+09|1.58712e+12|6.94074e+12|1.17304e+13|2.67303e+11|1.20387e+09|4.83085e+11|7.28384e+12|5.17319e+12|1.22326e+10|1.02249e+10|4.31733e+09|3.97206e+09|1.54858e+12|2.54031e+11,3.0181e-05|5.20523e-05|9.1332e-05|7.19176e-05|0.000999757|1.42883e-05|0.000134682|0.000217251|2.37985e-05|2.21023e-05|0.000436525|5.37832e-05|0.000517639|0.000108675|0.000336804|0.000995263|0.000205358|0.000346789|1.37772e-05|0.000119811,0.000310334|0.00656769|0.003173|0.000485795|0.000120355|0.00543854|0.000579724|0.000566237|0.000925643|0.000140997|0.00111897|0.00012197|0.000530329|0.000509645|0.000821598|0.00674185|0.00168599|0.000202733|0.00405437|0.0025508,0.00924861|0.0194316|0.0413095|0.049277|0.0101153|0.0389999|0.00938379|0.0159832|0.033735|0.0458653|0.0352893|0.0278304|0.00720975|0.00375279|0.0477712|0.0292399|0.0452155|0.0159192|0.0461418|0.0252238,0.0315742|0.0254573|0.0382423|0.0345633|0.00725392|0.0127241|0.0292816|0.0417118|0.0183556|0.0451391|0.00519581|0.0497469|0.0402354|0.0495486|0.00263917|0.0108922|0.0238427|0.04339|0.00266386|0.00700942,0.913495|0.911067|0.936521|0.968529|0.914671|0.974409|0.971329|0.962277|0.98016|0.964882|0.980295|0.940839|0.905667|0.916604|0.984899|0.926294|0.932747|0.948026|0.911519|0.908496,2.71048|4.63323|4.03334|3.24104|2.85413|2.65254|4.73191|2.20474|3.34984|1.54553|4.49412|6.22041|2.54377|1.60415|0.379676|2.82456|3.21396|3.34163|4.41064|2.75743,30.2686|65.1286|89.2299|64.4551|23.0914|43.4967|93.5115|27.3217|49.6282|76.7594|51.9585|83.9106|10.4739|81.7362|37.2729|32.9383|55.4093|99.595|65.9961,0.189746|0.178609|0.173119|0.223697|0.166929|0.203996|0.202629|0.209623|0.231132|0.210887|0.16585|0.213953|0.212578|0.223931|0.218852|0.177423|0.21027|0.169273|0.243547,0.114018|0.433728|0.321619|0.844448|0.637434|0.758648|0.768123|0.615724|0.41501|0.891879|0.678346|0.402307|0.554145|0.801699|0.233286|0.668561|0.673098|0.23207|0.928618,0.904667,0.887647,0.128239,0.443169,0.0828321,0.54922,0.253495,0.516004,0.226897,0.823074,78.9323,6.77635e-13,54008,0.832037,77.8406,9.63242e-13,32789,0.821844,0.944121,0.0443767,0.51828,0.332244,0.52747,0.0679451,0.544083,0.096402,0.818693,31.6275,1.97589e-13,52186,0.845045,89.7441,1.17089e-11,31003
10,187,n1->n11->n12->n13->n3->n4->n14->n24->n25->n26->n27->n37->n47->n48->n38->n39->n40->n30->n20->n10,5.00949e+11|4.11551e+13|3.17333e+12|3.3596e+12|4.03193e+13|1.24903e+13|4.27688e+09|3.97958e+09|2.14516e+11|5.66393e+13|4.48678e+13|1.96787e+11|3.22653e+09|2.34735e+13|2.22165e+13|4.53885e+11|5.46209e+11|1.14315e+11|3.15183e+10|1.05286e+12,1.42812e+11|1.48663e+13|1.97587e+12|4.83085e+11|7.28384e+12|5.17319e+12|1.0558e+09|3.8065e+09|2.11577e+11|1.21816e+13|1.91882e+13|3.13422e+10|2.44758e+09|7.47952e+12|3.3329e+12|2.05862e+11|3.22217e+11|2.42933e+10|1.45355e+10|2.54031e+11,3.0181e-05|5.20523e-05|4.47077e-05|5.37832e-05|0.000517639|0.000108675|0.000636693|1.10933e-05|3.573e-05|7.56504e-05|0.00017671|0.000277193|0.000398344|8.38435e-05|3.60362e-05|1.20462e-05|0.000757955|4.60706e-05|1.46655e-05|0.000119811,0.000310334|0.00656769|0.000744915|0.00012197|0.000530329|0.000509645|0.00566749|0.00180726|0.00167902|0.00599276|0.00060257|0.000160699|0.000690999|0.00173389|0.000188882|0.00796747|0.000476907|0.000197986|0.00552788|0.0025508,0.00924861|0.0194316|0.00841709|0.0278304|0.00720975|0.00375279|0.0161796|0.00858775|0.02593|0.0166249|0.000624187|0.0253626|0.00764336|0.010752|0.0367773|0.0478215|0.0346753|0.0398299|0.0257996|0.0252238,0.0315742|0.0254573|0.0482252|0.0497469|0.0402354|0.0495486|0.0339305|0.0359629|0.042106|0.0190337|0.00869688|0.00849779|0.00779334|0.0214185|0.0222725|0.013807|0.0358214|0.0027684|0.00882196|0.00700942,0.913495|0.911067|0.908177|0.940839|0.905667|0.916604|0.984185|0.906689|0.927416|0.928891|0.914007|0.904421|0.987572|0.989156|0.989645|0.959688|0.921009|0.964095|0.931105|0.908496,2.71048|4.63323|4.07787|6.22041|2.54377|1.60415|4.81843|0.509572|3.48682|5.08644|0.728108|0.900028|1.46841|1.49701|4.17407|1.26867|3.95233|5.43156|5.03122|2.75743,30.2686|24.4191|13.9548|83.9106|10.4739|52.1141|66.6304|18.2346|55.6995|42.5138|44.8869|88.6669|13.4252|21.8454|69.5993|86.0567|98.0873|23.9015|29.3778,0.189746|0.163204|0.245775|0.213953|0.212578|0.23004|0.23844|0.181699|0.183873|0.241136|0.231987|0.173767|0.194998|0.185523|0.205343|0.210093|0.189012|0.163781|0.224525,0.114018|0.339009|0.861041|0.402307|0.554145|0.342514|0.244053|0.244388|0.713165|0.206168|0.261942|0.940809|0.216197|0.670529|0.854451|0.931749|0.312924|0.655953|0.696713,0.904667,0.887647,0.128239,0.443169,0.0828321,0.54922,0.253495,0.516004,0.226897,0.823074,78.9323,6.77635e-13,54008,0.832037,77.8406,9.63242e-13,32789,0.821844,0.944121,0.0443767,0.51828,0.332244,0.52747,0.0679451,0.544083,0.096402,0.818693,31.6275,1.97589e-13,52186,0.845045,89.7441,1.17089e-11,31003
10,188,n1->n11->n21->n31->n41->n51->n52->n53->n54->n44->n45->n35->n36->n26->n27->n28->n18->n19->n20->n10,5.00949e+11|4.11551e+13|2.24457e+13|3.07002e+11|1.89281e+12|8.12343e+09|7.544e+12|6.04571e+10|2.94283e+09|2.18185e+11|8.69193e+11|4.11121e+11|1.8261e+09|5.66393e+13|4.48678e+13|1.8631e+12|1.87589e+11|2.27898e+09|3.15183e+10|1.05286e+12,1.42812e+11|1.48663e+13|7.42758e+12|3.60863e+10|1.09947e+12|1.25748e+09|1.58712e+12|1.99599e+10|1.1502e+09|1.57592e+11|1.21048e+11|2.04952e+11|1.46612e+09|1.21816e+13|1.91882e+13|2.55027e+11|5.0424e+10|5.01791e+08|1.45355e+10|2.54031e+11,3.0181e-05|5.20523e-05|9.1332e-05|7.19176e-05|0.000999757|1.42883e-05|0.000134682|0.000336944|0.000220537|8.43016e-05|2.80143e-05|0.000113893|0.000255855|7.56504e-05|0.00017671|1.48343e-05|0.000294208|6.06243e-05|1.46655e-05|0.000119811,0.000310334|0.00656769|0.003173|0.000485795|0.000120355|0.00543854|0.000579724|0.000128527|0.00383426|0.000674249|0.0013249|0.000684482|0.000101959|0.00599276|0.00060257|0.000582322|0.000215891|0.00270084|0.00552788|0.0025508,0.00924861|0.0194316|0.0413095|0.049277|0.0101153|0.0389999|0.00938379|0.00359442|0.0325261|0.00518582|0.0134492|0.00427095|0.0156022|0.0166249|0.000624187|0.0124511|0.0315747|0.00996122|0.0257996|0.0252238,0.0315742|0.0254573|0.0382423|0.0345633|0.00725392|0.0127241|0.0292816|0.0188111|0.0198191|0.0181246|0.0319834|0.00630248|0.0381659|0.0190337|0.00869688|0.00729303|0.0153347|0.0473706|0.00882196|0.00700942,0.913495|0.911067|0.936521|0.968529|0.914671|0.974409|0.971329|0.92123|0.988818|0.93772|0.965599|0.972226|0.939672|0.928891|0.914007|0.913882|0.936282|0.994787|0.931105|0.908496,2.71048|4.63323|4.03334|3.24104|2.85413|2.65254|4.73191|2.35397|4.56368|1.13488|1.89306|0.154969|2.94554|5.08644|0.728108|1.60979|4.51941|5.14536|5.03122|2.75743,30.2686|65.1286|89.2299|64.4551|23.0914|43.4967|21.0603|69.1985|67.7415|89.5651|97.1045|18.7034|63.8366|42.5138|15.3326|43.2583|28.0546|10.3361|29.3778,0.189746|0.178609|0.173119|0.223697|0.166929|0.203996|0.165045|0.234599|0.220906|0.228694|0.228859|0.173283|0.162191|0.241136|0.192626|0.243681|0.210998|0.176155|0.224525,0.114018|0.433728|0.321619|0.844448|0.637434|0.758648|0.43255|0.859865|0.501299|0.413214|0.73171|0.900338|0.797446|0.206168|0.456993|0.300248|0.470346|0.581828|0.696713,0.904667,0.887647,0.128239,0.443169,0.0828321,0.54922,0.253495,0.516004,0.226897,0.823074,78.9323,6.77635e-13,54008,0.832037,77.8406,9.63242e-13,32789,0.821844,0.944121,0.0443767,0.51828,0.332244,0.52747,0.0679451,0.544083,0.096402,0.818693,31.6275,1.97589e-13,52186,0.845045,89.7441,1.17089e-11,31003
10,189,n1->n2->n12->n11->n21->n31->n41->n42->n43->n33->n23->n24->n14->n15->n5->n6->n7->n8->n9->n10,5.00949e+11|1.80448e+11|3.17333e+12|4.11551e+13|2.24457e+13|3.07002e+11|1.89281e+12|2.46992e+13|3.72221e+13|3.16984e+11|1.5238e+09|3.97958e+09|4.27688e+09|1.38797e+12|1.51209e+10|9.02929e+10|4.11056e+10|9.40752e+09|4.09299e+12|1.05286e+12,1.42812e+11|2.83365e+10|1.97587e+12|1.48663e+13|7.42758e+12|3.60863e+10|1.09947e+12|6.94074e+12|1.17304e+13|2.67303e+11|1.20387e+09|3.8065e+09|1.0558e+09|1.97223e+11|1.22326e+10|1.02249e+10|4.31733e+09|3.97206e+09|1.54858e+12|2.54031e+11,3.0181e-05|2.2775e-05|4.47077e-05|5.20523e-05|9.1332e-05|7.19176e-05|0.000999757|0.000217251|2.37985e-05|2.21023e-05|0.000436525|1.10933e-05|0.000636693|1.3996e-05|0.000336804|0.000995263|0.000205358|0.000346789|1.37772e-05|0.000119811,0.000310334|0.000399313|0.000744915|0.00656769|0.003173|0.000485795|0.000120355|0.000566237|0.000925643|0.000140997|0.00111897|0.00180726|0.00566749|0.00169529|0.000821598|0.00674185|0.00168599|0.000202733|0.00405437|0.0025508,0.00924861|0.00541507|0.00841709|0.0194316|0.0413095|0.049277|0.0101153|0.0159832|0.033735|0.0458653|0.0352893|0.00858775|0.0161796|0.0250138|0.0477712|0.0292399|0.0452155|0.0159192|0.0461418|0.0252238,0.0315742|0.00943238|0.0482252|0.0254573|0.0382423|0.0345633|0.00725392|0.0417118|0.0183556|0.0451391|0.00519581|0.0359629|0.0339305|0.0119018|0.00263917|0.0108922|0.0238427|0.04339|0.00266386|0.00700942,0.913495|0.989114|0.908177|0.911067|0.936521|0.968529|0.914671|0.962277|0.98016|0.964882|0.980295|0.906689|0.984185|0.927813|0.984899|0.926294|0.932747|0.948026|0.911519|0.908496,2.71048|4.18964|4.07787|4.63323|4.03334|3.24104|2.85413|2.20474|3.34984|1.54553|4.49412|0.509572|4.81843|2.46356|0.379676|2.82456|3.21396|3.34163|4.41064|2.75743,79.8117|88.6198|24.4191|65.1286|89.2299|64.4551|61.2747|27.3217|49.6282|76.7594|67.5745|66.6304|92.5451|35.0583|37.2729|32.9383|55.4093|99.595|65.9961,0.202212|0.16902|0.163204|0.178609|0.173119|0.223697|0.217121|0.209623|0.231132|0.210887|0.23069|0.23844|0.219123|0.204588|0.218852|0.177423|0.21027|0.169273|0.243547,0.147038|0.7617|0.339009|0.433728|0.321619|0.844448|0.154508|0.615724|0.41501|0.891879|0.610727|0.244053|0.854651|0.102366|0.233286|0.668561|0.673098|0.23207|0.928618,0.904667,0.887647,0.128239,0.443169,0.0828321,0.54922,0.253495,0.516004,0.226897,0.823074,78.9323,6.77635e-13,54008,0.832037,77.8406,9.63242e-13,32789,0.821844,0.944121,0.0443767,0.51828,0.332244,0.52747,0.0679451,0.544083,0.096402,0.818693,31.6275,1.97589e-13,52186,0.845045,89.7441,1.17089e-11,31003
10,190,n1->n11->n12->n13->n23->n24->n25->n15->n14->n4->n5->n6->n7->n17->n18->n8->n9->n19->n20->n10,5.00949e+11|4.11551e+13|3.17333e+12|3.3596e+12|1.5238e+09|3.97958e+09|2.14516e+11|1.38797e+12|4.27688e+09|1.24903e+13|1.51209e+10|9.02929e+10|4.11056e+10|1.21221e+11|1.87589e+11|9.40752e+09|4.09299e+12|2.27898e+09|3.15183e+10|1.05286e+12,1.42812e+11|1.48663e+13|1.97587e+12|4.83085e+11|1.20387e+09|3.8065e+09|2.11577e+11|1.97223e+11|1.0558e+09|5.17319e+12|1.22326e+10|1.02249e+10|4.31733e+09|4.83282e+10|5.0424e+10|3.97206e+09|1.54858e+12|5.01791e+08|1.45355e+10|2.54031e+11,3.0181e-05|5.20523e-05|4.47077e-05|5.37832e-05|0.000436525|1.10933e-05|3.573e-05|1.3996e-05|0.000636693|0.000108675|0.000336804|0.000995263|0.000205358|0.000165097|0.000294208|0.000346789|1.37772e-05|6.06243e-05|1.46655e-05|0.000119811,0.000310334|0.00656769|0.000744915|0.00012197|0.00111897|0.00180726|0.00167902|0.00169529|0.00566749|0.000509645|0.000821598|0.00674185|0.00168599|0.00195184|0.000215891|0.000202733|0.00405437|0.00270084|0.00552788|0.0025508,0.00924861|0.0194316|0.00841709|0.0278304|0.0352893|0.00858775|0.02593|0.0250138|0.0161796|0.00375279|0.0477712|0.0292399|0.0452155|0.0348952|0.0315747|0.0159192|0.0461418|0.00996122|0.0257996|0.0252238,0.0315742|0.0254573|0.0482252|0.0497469|0.00519581|0.0359629|0.042106|0.0119018|0.0339305|0.0495486|0.00263917|0.0108922|0.0238427|0.0051677|0.0153347|0.04339|0.00266386|0.0473706|0.00882196|0.00700942,0.913495|0.911067|0.908177|0.940839|0.980295|0.906689|0.927416|0.927813|0.984185|0.916604|0.984899|0.926294|0.932747|0.928968|0.936282|0.948026|0.911519|0.994787|0.931105|0.908496,2.71048|4.63323|4.07787|6.22041|4.49412|0.509572|3.48682|2.46356|4.81843|1.60415|0.379676|2.82456|3.21396|0.109|4.51941|3.34163|4.41064|5.14536|5.03122|2.75743,30.2686|24.4191|13.9548|51.9585|67.5745|18.2346|54.7186|92.5451|52.1141|81.7362|37.2729|32.9383|59.8148|27.3162|81.3396|99.595|99.0064|10.3361|29.3778,0.189746|0.163204|0.245775|0.16585|0.23069|0.181699|0.193634|0.219123|0.23004|0.223931|0.218852|0.177423|0.243915|0.244069|0.217219|0.169273|0.245379|0.176155|0.224525,0.114018|0.339009|0.861041|0.678346|0.610727|0.244388|0.563983|0.854651|0.342514|0.801699|0.233286|0.668561|0.689629|0.359487|0.294058|0.23207|0.363657|0.581828|0.696713,0.904667,0.887647,0.128239,0.443169,0.0828321,0.54922,0.253495,0.516004,0.226897,0.823074,78.9323,6.77635e-13,54008,0.832037,77.8406,9.63242e-13,32789,0.821844,0.944121,0.0443767,0.51828,0.332244,0.52747,0.0679451,0.544083,0.096402,0.818693,31.6275,1.97589e-13,52186,0.845045,89.7441,1.17089e-11,31003
10,191,n1->n11->n12->n2->n3->n13->n23->n33->n34->n35->n45->n46->n36->n26->n16->n17->n18->n8->n9->n10,5.00949e+11|4.11551e+13|3.17333e+12|1.80448e+11|4.03193e+13|3.3596e+12|1.5238e+09|3.16984e+11|7.06025e+13|4.11121e+11|8.69193e+11|2.73488e+09|1.8261e+09|5.66393e+13|3.00334e+11|1.21221e+11|1.87589e+11|9.40752e+09|4.09299e+12|1.05286e+12,1.42812e+11|1.48663e+13|1.97587e+12|2.83365e+10|7.28384e+12|4.83085e+11|1.20387e+09|2.67303e+11|4.11307e+13|2.04952e+11|1.21048e+11|8.44093e+08|1.46612e+09|1.21816e+13|7.37672e+10|4.83282e+10|5.0424e+10|3.97206e+09|1.54858e+12|2.54031e+11,3.0181e-05|5.20523e-05|4.47077e-05|2.2775e-05|0.000517639|5.37832e-05|0.000436525|2.21023e-05|0.000222735|0.000113893|2.80143e-05|1.5339e-05|0.000255855|7.56504e-05|5.95091e-05|0.000165097|0.000294208|0.000346789|1.37772e-05|0.000119811,0.000310334|0.00656769|0.000744915|0.000399313|0.000530329|0.00012197|0.00111897|0.000140997|0.00027914|0.000684482|0.0013249|0.00107268|0.000101959|0.00599276|0.000170398|0.00195184|0.000215891|0.000202733|0.00405437|0.0025508,0.00924861|0.0194316|0.00841709|0.00541507|0.00720975|0.0278304|0.0352893|0.0458653|0.0256545|0.00427095|0.0134492|0.0363109|0.0156022|0.0166249|0.0432795|0.0348952|0.0315747|0.0159192|0.0461418|0.0252238,0.0315742|0.0254573|0.0482252|0.00943238|0.0402354|0.0497469|0.00519581|0.0451391|0.0411288|0.00630248|0.0319834|0.0310165|0.0381659|0.0190337|0.0304577|0.0051677|0.0153347|0.04339|0.00266386|0.00700942,0.913495|0.911067|0.908177|0.989114|0.905667|0.940839|0.980295|0.964882|0.981725|0.972226|0.965599|0.942585|0.939672|0.928891|0.91388|0.928968|0.936282|0.948026|0.911519|0.908496,2.71048|4.63323|4.07787|4.18964|2.54377|6.22041|4.49412|1.54553|3.52757|0.154969|1.89306|5.943|2.94554|5.08644|2.66328|0.109|4.51941|3.34163|4.41064|2.75743,30.2686|24.4191|88.6198|37.015|83.9106|51.9585|76.7594|23.5709|31.5608|97.1045|61.2725|70.4589|63.8366|11.0615|32.2763|27.3162|81.3396|99.595|65.9961,0.189746|0.163204|0.16902|0.202219|0.213953|0.16585|0.210887|0.184318|0.181809|0.228859|0.214702|0.20568|0.162191|0.1844|0.164452|0.244069|0.217219|0.169273|0.243547,0.114018|0.339009|0.7617|0.790314|0.402307|0.678346|0.891879|0.626236|0.752501|0.73171|0.846114|0.357192|0.797446|0.214788|0.241087|0.359487|0.294058|0.23207|0.928618,0.904667,0.887647,0.128239,0.443169,0.0828321,0.54922,0.253495,0.516004,0.226897,0.823074,78.9323,6.77635e-13,54008,0.832037,77.8406,9.63242e-13,32789,0.821844,0.944121,0.0443767,0.51828,0.332244,0.52747,0.0679451,0.544083,0.096402,0.818693,31.6275,1.97589e-13,52186,0.845045,89.7441,1.17089e-11,31003
10,192,n1->n11->n12->n22->n32->n42->n43->n44->n34->n33->n23->n24->n14->n4->n5->n6->n7->n8->n9->n10,5.00949e+11|4.11551e+13|3.17333e+12|1.93553e+13|3.52429e+12|2.46992e+13|3.72221e+13|2.18185e+11|7.06025e+13|3.16984e+11|1.5238e+09|3.97958e+09|4.27688e+09|1.24903e+13|1.51209e+10|9.02929e+10|4.11056e+10|9.40752e+09|4.09299e+12|1.05286e+12,1.42812e+11|1.48663e+13|1.97587e+12|2.74511e+12|1.86055e+12|6.94074e+12|1.17304e+13|1.57592e+11|4.11307e+13|2.67303e+11|1.20387e+09|3.8065e+09|1.0558e+09|5.17319e+12|1.22326e+10|1.02249e+10|4.31733e+09|3.97206e+09|1.54858e+12|2.54031e+11,3.0181e-05|5.20523e-05|4.47077e-05|5.97411e-05|1.35743e-05|0.000217251|2.37985e-05|8.43016e-05|0.000222735|2.21023e-05|0.000436525|1.10933e-05|0.000636693|0.000108675|0.000336804|0.000995263|0.000205358|0.000346789|1.37772e-05|0.000119811,0.000310334|0.00656769|0.000744915|0.000129789|0.000278749|0.000566237|0.000925643|0.000674249|0.00027914|0.000140997|0.00111897|0.00180726|0.00566749|0.000509645|0.000821598|0.00674185|0.00168599|0.000202733|0.00405437|0.0025508,0.00924861|0.0194316|0.00841709|0.0204439|0.000648378|0.0159832|0.033735|0.00518582|0.0256545|0.0458653|0.0352893|0.00858775|0.0161796|0.00375279|0.0477712|0.0292399|0.0452155|0.0159192|0.0461418|0.0252238,0.0315742|0.0254573|0.0482252|0.0386141|0.0254904|0.0417118|0.0183556|0.0181246|0.0411288|0.0451391|0.00519581|0.0359629|0.0339305|0.0495486|0.00263917|0.0108922|0.0238427|0.04339|0.00266386|0.00700942,0.913495|0.911067|0.908177|0.918718|0.983201|0.962277|0.98016|0.93772|0.981725|0.964882|0.980295|0.906689|0.984185|0.916604|0.984899|0.926294|0.932747|0.948026|0.911519|0.908496,2.71048|4.63323|4.07787|3.40478|3.82994|2.20474|3.34984|1.13488|3.52757|1.54553|4.49412|0.509572|4.81843|1.60415|0.379676|2.82456|3.21396|3.34163|4.41064|2.75743,30.2686|24.4191|13.2112|86.2435|70.8805|27.3217|59.7094|46.2248|23.5709|76.7594|67.5745|66.6304|52.1141|81.7362|37.2729|32.9383|55.4093|99.595|65.9961,0.189746|0.163204|0.186408|0.163424|0.216234|0.209623|0.249297|0.230728|0.184318|0.210887|0.23069|0.23844|0.23004|0.223931|0.218852|0.177423|0.21027|0.169273|0.243547,0.114018|0.339009|0.577028|0.16961|0.631173|0.615724|0.348203|0.95886|0.626236|0.891879|0.610727|0.244053|0.342514|0.801699|0.233286|0.668561|0.673098|0.23207|0.928618,0.904667,0.887647,0.128239,0.443169,0.0828321,0.54922,0.253495,0.516004,0.226897,0.823074,78.9323,6.77635e-13,54008,0.832037,77.8406,9.63242e-13,32789,0.821844,0.944121,0.0443767,0.51828,0.332244,0.52747,0.0679451,0.544083,0.096402,0.818693,31.6275,1.97589e-13,52186,0.845045,89.7441,1.17089e-11,31003
10,193,n1->n11->n12->n22->n32->n33->n34->n44->n45->n35->n25->n26->n27->n17->n18->n28->n29->n30->n20->n10,5.00949e+11|4.11551e+13|3.17333e+12|1.93553e+13|3.52429e+12|3.16984e+11|7.06025e+13|2.18185e+11|8.69193e+11|4.11121e+11|2.14516e+11|5.66393e+13|4.48678e+13|1.21221e+11|1.87589e+11|1.8631e+12|4.83336e+11|1.14315e+11|3.15183e+10|1.05286e+12,1.42812e+11|1.48663e+13|1.97587e+12|2.74511e+12|1.86055e+12|2.67303e+11|4.11307e+13|1.57592e+11|1.21048e+11|2.04952e+11|2.11577e+11|1.21816e+13|1.91882e+13|4.83282e+10|5.0424e+10|2.55027e+11|2.76914e+11|2.42933e+10|1.45355e+10|2.54031e+11,3.0181e-05|5.20523e-05|4.47077e-05|5.97411e-05|1.35743e-05|2.21023e-05|0.000222735|8.43016e-05|2.80143e-05|0.000113893|3.573e-05|7.56504e-05|0.00017671|0.000165097|0.000294208|1.48343e-05|0.000507637|4.60706e-05|1.46655e-05|0.000119811,0.000310334|0.00656769|0.000744915|0.000129789|0.000278749|0.000140997|0.00027914|0.000674249|0.0013249|0.000684482|0.00167902|0.00599276|0.00060257|0.00195184|0.000215891|0.000582322|0.00318299|0.000197986|0.00552788|0.0025508,0.00924861|0.0194316|0.00841709|0.0204439|0.000648378|0.0458653|0.0256545|0.00518582|0.0134492|0.00427095|0.02593|0.0166249|0.000624187|0.0348952|0.0315747|0.0124511|0.0314107|0.0398299|0.0257996|0.0252238,0.0315742|0.0254573|0.0482252|0.0386141|0.0254904|0.0451391|0.0411288|0.0181246|0.0319834|0.00630248|0.042106|0.0190337|0.00869688|0.0051677|0.0153347|0.00729303|0.0453812|0.0027684|0.00882196|0.00700942,0.913495|0.911067|0.908177|0.918718|0.983201|0.964882|0.981725|0.93772|0.965599|0.972226|0.927416|0.928891|0.914007|0.928968|0.936282|0.913882|0.949375|0.964095|0.931105|0.908496,2.71048|4.63323|4.07787|3.40478|3.82994|1.54553|3.52757|1.13488|1.89306|0.154969|3.48682|5.08644|0.728108|0.109|4.51941|1.60979|3.9795|5.43156|5.03122|2.75743,30.2686|24.4191|13.2112|86.2435|67.4197|23.5709|46.2248|89.5651|97.1045|88.4205|55.6995|42.5138|72.2829|27.3162|43.2583|39.0733|83.4704|23.9015|29.3778,0.189746|0.163204|0.186408|0.163424|0.184992|0.184318|0.230728|0.228694|0.228859|0.173714|0.183873|0.241136|0.205105|0.244069|0.243681|0.218529|0.18868|0.163781|0.224525,0.114018|0.339009|0.577028|0.16961|0.207188|0.626236|0.95886|0.413214|0.73171|0.254718|0.713165|0.206168|0.996881|0.359487|0.300248|0.382175|0.879944|0.655953|0.696713,0.904667,0.887647,0.128239,0.443169,0.0828321,0.54922,0.253495,0.516004,0.226897,0.823074,78.9323,6.77635e-13,54008,0.832037,77.8406,9.63242e-13,32789,0.821844,0.944121,0.0443767,0.51828,0.332244,0.52747,0.0679451,0.544083,0.096402,0.818693,31.6275,1.97589e-13,52186,0.845045,89.7441,1.17089e-11,31003
10,194,n1->n2->n12->n11->n21->n22->n32->n33->n23->n13->n3->n4->n14->n15->n16->n6->n7->n8->n9->n10,5.00949e+11|1.80448e+11|3.17333e+12|4.11551e+13|2.24457e+13|1.93553e+13|3.52429e+12|3.16984e+11|1.5238e+09|3.3596e+12|4.03193e+13|1.24903e+13|4.27688e+09|1.38797e+12|3.00334e+11|9.02929e+10|4.11056e+10|9.40752e+09|4.09299e+12|1.05286e+12,1.42812e+11|2.83365e+10|1.97587e+12|1.48663e+13|7.42758e+12|2.74511e+12|1.86055e+12|2.67303e+11|1.20387e+09|4.83085e+11|7.28384e+12|5.17319e+12|1.0558e+09|1.97223e+11|7.37672e+10|1.02249e+10|4.31733e+09|3.97206e+09|1.54858e+12|2.54031e+11,3.0181e-05|2.2775e-05|4.47077e-05|5.20523e-05|9.1332e-05|5.97411e-05|1.35743e-05|2.21023e-05|0.000436525|5.37832e-05|0.000517639|0.000108675|0.000636693|1.3996e-05|5.95091e-05|0.000995263|0.000205358|0.000346789|1.37772e-05|0.000119811,0.000310334|0.000399313|0.000744915|0.00656769|0.003173|0.000129789|0.000278749|0.000140997|0.00111897|0.00012197|0.000530329|0.000509645|0.00566749|0.00169529|0.000170398|0.00674185|0.00168599|0.000202733|0.00405437|0.0025508,0.00924861|0.00541507|0.00841709|0.0194316|0.0413095|0.0204439|0.000648378|0.0458653|0.0352893|0.0278304|0.00720975|0.00375279|0.0161796|0.0250138|0.0432795|0.0292399|0.0452155|0.0159192|0.0461418|0.0252238,0.0315742|0.00943238|0.0482252|0.0254573|0.0382423|0.0386141|0.0254904|0.0451391|0.00519581|0.0497469|0.0402354|0.0495486|0.0339305|0.0119018|0.0304577|0.0108922|0.0238427|0.04339|0.00266386|0.00700942,0.913495|0.989114|0.908177|0.911067|0.936521|0.918718|0.983201|0.964882|0.980295|0.940839|0.905667|0.916604|0.984185|0.927813|0.91388|0.926294|0.932747|0.948026|0.911519|0.908496,2.71048|4.18964|4.07787|4.63323|4.03334|3.40478|3.82994|1.54553|4.49412|6.22041|2.54377|1.60415|4.81843|2.46356|2.66328|2.82456|3.21396|3.34163|4.41064|2.75743,79.8117|88.6198|24.4191|65.1286|34.0839|86.2435|67.4197|76.7594|51.9585|83.9106|10.4739|52.1141|92.5451|56.2706|50.0569|32.9383|55.4093|99.595|65.9961,0.202212|0.16902|0.163204|0.178609|0.223961|0.163424|0.184992|0.210887|0.16585|0.213953|0.212578|0.23004|0.219123|0.226874|0.238693|0.177423|0.21027|0.169273|0.243547,0.147038|0.7617|0.339009|0.433728|0.974725|0.16961|0.207188|0.891879|0.678346|0.402307|0.554145|0.342514|0.854651|0.221237|0.144125|0.668561|0.673098|0.23207|0.928618,0.904667,0.887647,0.128239,0.443169,0.0828321,0.54922,0.253495,0.516004,0.226897,0.823074,78.9323,6.77635e-13,54008,0.832037,77.8406,9.63242e-13,32789,0.821844,0.944121,0.0443767,0.51828,0.332244,0.52747,0.0679451,0.544083,0.096402,0.818693,31.6275,1.97589e-13,52186,0.845045,89.7441,1.17089e-11,31003
10,195,n1->n2->n3->n4->n5->n6->n7->n17->n16->n26->n27->n37->n38->n48->n49->n39->n29->n19->n20->n10,5.00949e+11|1.80448e+11|4.03193e+13|1.24903e+13|1.51209e+10|9.02929e+10|4.11056e+10|1.21221e+11|3.00334e+11|5.66393e+13|4.48678e+13|1.96787e+11|2.22165e+13|2.34735e+13|4.05432e+13|4.53885e+11|4.83336e+11|2.27898e+09|3.15183e+10|1.05286e+12,1.42812e+11|2.83365e+10|7.28384e+12|5.17319e+12|1.22326e+10|1.02249e+10|4.31733e+09|4.83282e+10|7.37672e+10|1.21816e+13|1.91882e+13|3.13422e+10|3.3329e+12|7.47952e+12|4.00062e+13|2.05862e+11|2.76914e+11|5.01791e+08|1.45355e+10|2.54031e+11,3.0181e-05|2.2775e-05|0.000517639|0.000108675|0.000336804|0.000995263|0.000205358|0.000165097|5.95091e-05|7.56504e-05|0.00017671|0.000277193|3.60362e-05|8.38435e-05|1.27003e-05|1.20462e-05|0.000507637|6.06243e-05|1.46655e-05|0.000119811,0.000310334|0.000399313|0.000530329|0.000509645|0.000821598|0.00674185|0.00168599|0.00195184|0.000170398|0.00599276|0.00060257|0.000160699|0.000188882|0.00173389|0.00115547|0.00796747|0.00318299|0.00270084|0.00552788|0.0025508,0.00924861|0.00541507|0.00720975|0.00375279|0.0477712|0.0292399|0.0452155|0.0348952|0.0432795|0.0166249|0.000624187|0.0253626|0.0367773|0.010752|0.00859096|0.0478215|0.0314107|0.00996122|0.0257996|0.0252238,0.0315742|0.00943238|0.0402354|0.0495486|0.00263917|0.0108922|0.0238427|0.0051677|0.0304577|0.0190337|0.00869688|0.00849779|0.0222725|0.0214185|0.0310857|0.013807|0.0453812|0.0473706|0.00882196|0.00700942,0.913495|0.989114|0.905667|0.916604|0.984899|0.926294|0.932747|0.928968|0.91388|0.928891|0.914007|0.904421|0.989645|0.989156|0.994007|0.959688|0.949375|0.994787|0.931105|0.908496,2.71048|4.18964|2.54377|1.60415|0.379676|2.82456|3.21396|0.109|2.66328|5.08644|0.728108|0.900028|4.17407|1.49701|5.63527|1.26867|3.9795|5.14536|5.03122|2.75743,79.8117|37.015|10.4739|81.7362|37.2729|32.9383|59.8148|32.2763|11.0615|42.5138|44.8869|37.0378|21.8454|52.0957|95.0453|44.1502|84.7043|10.3361|29.3778,0.202212|0.202219|0.212578|0.223931|0.218852|0.177423|0.243915|0.164452|0.1844|0.241136|0.231987|0.186084|0.185523|0.242466|0.176137|0.242713|0.198457|0.176155|0.224525,0.147038|0.790314|0.554145|0.801699|0.233286|0.668561|0.689629|0.241087|0.214788|0.206168|0.261942|0.934425|0.670529|0.370505|0.284113|0.864147|0.817287|0.581828|0.696713,0.904667,0.887647,0.128239,0.443169,0.0828321,0.54922,0.253495,0.516004,0.226897,0.823074,78.9323,6.77635e-13,54008,0.832037,77.8406,9.63242e-13,32789,0.821844,0.944121,0.0443767,0.51828,0.332244,0.52747,0.0679451,0.544083,0.096402,0.818693,31.6275,1.97589e-13,52186,0.845045,89.7441,1.17089e-11,31003
10,196,n1->n11->n21->n31->n32->n33->n23->n22->n12->n13->n3->n4->n14->n15->n5->n6->n7->n8->n9->n10,5.00949e+11|4.11551e+13|2.24457e+13|3.07002e+11|3.52429e+12|3.16984e+11|1.5238e+09|1.93553e+13|3.17333e+12|3.3596e+12|4.03193e+13|1.24903e+13|4.27688e+09|1.38797e+12|1.51209e+10|9.02929e+10|4.11056e+10|9.40752e+09|4.09299e+12|1.05286e+12,1.42812e+11|1.48663e+13|7.42758e+12|3.60863e+10|1.86055e+12|2.67303e+11|1.20387e+09|2.74511e+12|1.97587e+12|4.83085e+11|7.28384e+12|5.17319e+12|1.0558e+09|1.97223e+11|1.22326e+10|1.02249e+10|4.31733e+09|3.97206e+09|1.54858e+12|2.54031e+11,3.0181e-05|5.20523e-05|9.1332e-05|7.19176e-05|1.35743e-05|2.21023e-05|0.000436525|5.97411e-05|4.47077e-05|5.37832e-05|0.000517639|0.000108675|0.000636693|1.3996e-05|0.000336804|0.000995263|0.000205358|0.000346789|1.37772e-05|0.000119811,0.000310334|0.00656769|0.003173|0.000485795|0.000278749|0.000140997|0.00111897|0.000129789|0.000744915|0.00012197|0.000530329|0.000509645|0.00566749|0.00169529|0.000821598|0.00674185|0.00168599|0.000202733|0.00405437|0.0025508,0.00924861|0.0194316|0.0413095|0.049277|0.000648378|0.0458653|0.0352893|0.0204439|0.00841709|0.0278304|0.00720975|0.00375279|0.0161796|0.0250138|0.0477712|0.0292399|0.0452155|0.0159192|0.0461418|0.0252238,0.0315742|0.0254573|0.0382423|0.0345633|0.0254904|0.0451391|0.00519581|0.0386141|0.0482252|0.0497469|0.0402354|0.0495486|0.0339305|0.0119018|0.00263917|0.0108922|0.0238427|0.04339|0.00266386|0.00700942,0.913495|0.911067|0.936521|0.968529|0.983201|0.964882|0.980295|0.918718|0.908177|0.940839|0.905667|0.916604|0.984185|0.927813|0.984899|0.926294|0.932747|0.948026|0.911519|0.908496,2.71048|4.63323|4.03334|3.24104|3.82994|1.54553|4.49412|3.40478|4.07787|6.22041|2.54377|1.60415|4.81843|2.46356|0.379676|2.82456|3.21396|3.34163|4.41064|2.75743,30.2686|65.1286|89.2299|63.0993|67.4197|76.7594|55.8812|13.2112|13.9548|83.9106|10.4739|52.1141|92.5451|35.0583|37.2729|32.9383|55.4093|99.595|65.9961,0.189746|0.178609|0.173119|0.240352|0.184992|0.210887|0.24392|0.186408|0.245775|0.213953|0.212578|0.23004|0.219123|0.204588|0.218852|0.177423|0.21027|0.169273|0.243547,0.114018|0.433728|0.321619|0.507652|0.207188|0.891879|0.667566|0.577028|0.861041|0.402307|0.554145|0.342514|0.854651|0.102366|0.233286|0.668561|0.673098|0.23207|0.928618,0.904667,0.887647,0.128239,0.443169,0.0828321,0.54922,0.253495,0.516004,0.226897,0.823074,78.9323,6.77635e-13,54008,0.832037,77.8406,9.63242e-13,32789,0.821844,0.944121,0.0443767,0.51828,0.332244,0.52747,0.0679451,0.544083,0.096402,0.818693,31.6275,1.97589e-13,52186,0.845045,89.7441,1.17089e-11,31003
10,197,n1->n11->n12->n22->n32->n31->n41->n42->n43->n33->n34->n24->n14->n4->n5->n6->n7->n8->n9->n10,5.00949e+11|4.11551e+13|3.17333e+12|1.93553e+13|3.52429e+12|3.07002e+11|1.89281e+12|2.46992e+13|3.72221e+13|3.16984e+11|7.06025e+13|3.97958e+09|4.27688e+09|1.24903e+13|1.51209e+10|9.02929e+10|4.11056e+10|9.40752e+09|4.09299e+12|1.05286e+12,1.42812e+11|1.48663e+13|1.97587e+12|2.74511e+12|1.86055e+12|3.60863e+10|1.09947e+12|6.94074e+12|1.17304e+13|2.67303e+11|4.11307e+13|3.8065e+09|1.0558e+09|5.17319e+12|1.22326e+10|1.02249e+10|4.31733e+09|3.97206e+09|1.54858e+12|2.54031e+11,3.0181e-05|5.20523e-05|4.47077e-05|5.97411e-05|1.35743e-05|7.19176e-05|0.000999757|0.000217251|2.37985e-05|2.21023e-05|0.000222735|1.10933e-05|0.000636693|0.000108675|0.000336804|0.000995263|0.000205358|0.000346789|1.37772e-05|0.000119811,0.000310334|0.00656769|0.000744915|0.000129789|0.000278749|0.000485795|0.000120355|0.000566237|0.000925643|0.000140997|0.00027914|0.00180726|0.00566749|0.000509645|0.000821598|0.00674185|0.00168599|0.000202733|0.00405437|0.0025508,0.00924861|0.0194316|0.00841709|0.0204439|0.000648378|0.049277|0.0101153|0.0159832|0.033735|0.0458653|0.0256545|0.00858775|0.0161796|0.00375279|0.0477712|0.0292399|0.0452155|0.0159192|0.0461418|0.0252238,0.0315742|0.0254573|0.0482252|0.0386141|0.0254904|0.0345633|0.00725392|0.0417118|0.0183556|0.0451391|0.0411288|0.0359629|0.0339305|0.0495486|0.00263917|0.0108922|0.0238427|0.04339|0.00266386|0.00700942,0.913495|0.911067|0.908177|0.918718|0.983201|0.968529|0.914671|0.962277|0.98016|0.964882|0.981725|0.906689|0.984185|0.916604|0.984899|0.926294|0.932747|0.948026|0.911519|0.908496,2.71048|4.63323|4.07787|3.40478|3.82994|3.24104|2.85413|2.20474|3.34984|1.54553|3.52757|0.509572|4.81843|1.60415|0.379676|2.82456|3.21396|3.34163|4.41064|2.75743,30.2686|24.4191|13.2112|86.2435|63.0993|64.4551|61.2747|27.3217|49.6282|23.5709|58.7029|66.6304|52.1141|81.7362|37.2729|32.9383|55.4093|99.595|65.9961,0.189746|0.163204|0.186408|0.163424|0.240352|0.223697|0.217121|0.209623|0.231132|0.184318|0.215243|0.23844|0.23004|0.223931|0.218852|0.177423|0.21027|0.169273|0.243547,0.114018|0.339009|0.577028|0.16961|0.507652|0.844448|0.154508|0.615724|0.41501|0.626236|0.894181|0.244053|0.342514|0.801699|0.233286|0.668561|0.673098|0.23207|0.928618,0.904667,0.887647,0.128239,0.443169,0.0828321,0.54922,0.253495,0.516004,0.226897,0.823074,78.9323,6.77635e-13,54008,0.832037,77.8406,9.63242e-13,32789,0.821844,0.944121,0.0443767,0.51828,0.332244,0.52747,0.0679451,0.544083,0.096402,0.818693,31.6275,1.97589e-13,52186,0.845045,89.7441,1.17089e-11,31003
10,198,n1->n11->n12->n22->n23->n33->n34->n35->n36->n37->n27->n26->n25->n15->n5->n6->n7->n8->n9->n10,5.00949e+11|4.11551e+13|3.17333e+12|1.93553e+13|1.5238e+09|3.16984e+11|7.06025e+13|4.11121e+11|1.8261e+09|1.96787e+11|4.48678e+13|5.66393e+13|2.14516e+11|1.38797e+12|1.51209e+10|9.02929e+10|4.11056e+10|9.40752e+09|4.09299e+12|1.05286e+12,1.42812e+11|1.48663e+13|1.97587e+12|2.74511e+12|1.20387e+09|2.67303e+11|4.11307e+13|2.04952e+11|1.46612e+09|3.13422e+10|1.91882e+13|1.21816e+13|2.11577e+11|1.97223e+11|1.22326e+10|1.02249e+10|4.31733e+09|3.97206e+09|1.54858e+12|2.54031e+11,3.0181e-05|5.20523e-05|4.47077e-05|5.97411e-05|0.000436525|2.21023e-05|0.000222735|0.000113893|0.000255855|0.000277193|0.00017671|7.56504e-05|3.573e-05|1.3996e-05|0.000336804|0.000995263|0.000205358|0.000346789|1.37772e-05|0.000119811,0.000310334|0.00656769|0.000744915|0.000129789|0.00111897|0.000140997|0.00027914|0.000684482|0.000101959|0.000160699|0.00060257|0.00599276|0.00167902|0.00169529|0.000821598|0.00674185|0.00168599|0.000202733|0.00405437|0.0025508,0.00924861|0.0194316|0.00841709|0.0204439|0.0352893|0.0458653|0.0256545|0.00427095|0.0156022|0.0253626|0.000624187|0.0166249|0.02593|0.0250138|0.0477712|0.0292399|0.0452155|0.0159192|0.0461418|0.0252238,0.0315742|0.0254573|0.0482252|0.0386141|0.00519581|0.0451391|0.0411288|0.00630248|0.0381659|0.00849779|0.00869688|0.0190337|0.042106|0.0119018|0.00263917|0.0108922|0.0238427|0.04339|0.00266386|0.00700942,0.913495|0.911067|0.908177|0.918718|0.980295|0.964882|0.981725|0.972226|0.939672|0.904421|0.914007|0.928891|0.927416|0.927813|0.984899|0.926294|0.932747|0.948026|0.911519|0.908496,2.71048|4.63323|4.07787|3.40478|4.49412|1.54553|3.52757|0.154969|2.94554|0.900028|0.728108|5.08644|3.48682|2.46356|0.379676|2.82456|3.21396|3.34163|4.41064|2.75743,30.2686|24.4191|13.2112|55.8812|76.7594|23.5709|31.5608|18.7034|29.3504|44.8869|42.5138|55.6995|54.7186|35.0583|37.2729|32.9383|55.4093|99.595|65.9961,0.189746|0.163204|0.186408|0.24392|0.210887|0.184318|0.181809|0.173283|0.188175|0.231987|0.241136|0.183873|0.193634|0.204588|0.218852|0.177423|0.21027|0.169273|0.243547,0.114018|0.339009|0.577028|0.667566|0.891879|0.626236|0.752501|0.900338|0.119974|0.261942|0.206168|0.713165|0.563983|0.102366|0.233286|0.668561|0.673098|0.23207|0.928618,0.904667,0.887647,0.128239,0.443169,0.0828321,0.54922,0.253495,0.516004,0.226897,0.823074,78.9323,6.77635e-13,54008,0.832037,77.8406,9.63242e-13,32789,0.821844,0.944121,0.0443767,0.51828,0.332244,0.52747,0.0679451,0.544083,0.096402,0.818693,31.6275,1.97589e-13,52186,0.845045,89.7441,1.17089e-11,31003
10,199,n1->n11->n21->n22->n32->n31->n41->n42->n43->n44->n34->n35->n36->n37->n38->n39->n40->n30->n20->n10,5.00949e+11|4.11551e+13|2.24457e+13|1.93553e+13|3.52429e+12|3.07002e+11|1.89281e+12|2.46992e+13|3.72221e+13|2.18185e+11|7.06025e+13|4.11121e+11|1.8261e+09|1.96787e+11|2.22165e+13|4.53885e+11|5.46209e+11|1.14315e+11|3.15183e+10|1.05286e+12,1.42812e+11|1.48663e+13|7.42758e+12|2.74511e+12|1.86055e+12|3.60863e+10|1.09947e+12|6.94074e+12|1.17304e+13|1.57592e+11|4.11307e+13|2.04952e+11|1.46612e+09|3.13422e+10|3.3329e+12|2.05862e+11|3.22217e+11|2.42933e+10|1.45355e+10|2.54031e+11,3.0181e-05|5.20523e-05|9.1332e-05|5.97411e-05|1.35743e-05|7.19176e-05|0.000999757|0.000217251|2.37985e-05|8.43016e-05|0.000222735|0.000113893|0.000255855|0.000277193|3.60362e-05|1.20462e-05|0.000757955|4.60706e-05|1.46655e-05|0.000119811,0.000310334|0.00656769|0.003173|0.000129789|0.000278749|0.000485795|0.000120355|0.000566237|0.000925643|0.000674249|0.00027914|0.000684482|0.000101959|0.000160699|0.000188882|0.00796747|0.000476907|0.000197986|0.00552788|0.0025508,0.00924861|0.0194316|0.0413095|0.0204439|0.000648378|0.049277|0.0101153|0.0159832|0.033735|0.00518582|0.0256545|0.00427095|0.0156022|0.0253626|0.0367773|0.0478215|0.0346753|0.0398299|0.0257996|0.0252238,0.0315742|0.0254573|0.0382423|0.0386141|0.0254904|0.0345633|0.00725392|0.0417118|0.0183556|0.0181246|0.0411288|0.00630248|0.0381659|0.00849779|0.0222725|0.013807|0.0358214|0.0027684|0.00882196|0.00700942,0.913495|0.911067|0.936521|0.918718|0.983201|0.968529|0.914671|0.962277|0.98016|0.93772|0.981725|0.972226|0.939672|0.904421|0.989645|0.959688|0.921009|0.964095|0.931105|0.908496,2.71048|4.63323|4.03334|3.40478|3.82994|3.24104|2.85413|2.20474|3.34984|1.13488|3.52757|0.154969|2.94554|0.900028|4.17407|1.26867|3.95233|5.43156|5.03122|2.75743,30.2686|65.1286|34.0839|86.2435|63.0993|64.4551|61.2747|27.3217|59.7094|46.2248|31.5608|18.7034|29.3504|37.0378|69.5993|86.0567|98.0873|23.9015|29.3778,0.189746|0.178609|0.223961|0.163424|0.240352|0.223697|0.217121|0.209623|0.249297|0.230728|0.181809|0.173283|0.188175|0.186084|0.205343|0.210093|0.189012|0.163781|0.224525,0.114018|0.433728|0.974725|0.16961|0.507652|0.844448|0.154508|0.615724|0.348203|0.95886|0.752501|0.900338|0.119974|0.934425|0.854451|0.931749|0.312924|0.655953|0.696713,0.904667,0.887647,0.128239,0.443169,0.0828321,0.54922,0.253495,0.516004,0.226897,0.823074,78.9323,6.77635e-13,54008,0.832037,77.8406,9.63242e-13,32789,0.821844,0.944121,0.0443767,0.51828,0.332244,0.52747,0.0679451,0.544083,0.096402,0.818693,31.6275,1.97589e-13,52186,0.845045,89.7441,1.17089e-11,31003
10,200,n1->n11->n12->n2->n3->n4->n14->n15->n5->n6->n7->n17->n27->n37->n38->n28->n18->n8->n9->n10,5.00949e+11|4.11551e+13|3.17333e+12|1.80448e+11|4.03193e+13|1.24903e+13|4.27688e+09|1.38797e+12|1.51209e+10|9.02929e+10|4.11056e+10|1.21221e+11|4.48678e+13|1.96787e+11|2.22165e+13|1.8631e+12|1.87589e+11|9.40752e+09|4.09299e+12|1.05286e+12,1.42812e+11|1.48663e+13|1.97587e+12|2.83365e+10|7.28384e+12|5.17319e+12|1.0558e+09|1.97223e+11|1.22326e+10|1.02249e+10|4.31733e+09|4.83282e+10|1.91882e+13|3.13422e+10|3.3329e+12|2.55027e+11|5.0424e+10|3.97206e+09|1.54858e+12|2.54031e+11,3.0181e-05|5.20523e-05|4.47077e-05|2.2775e-05|0.000517639|0.000108675|0.000636693|1.3996e-05|0.000336804|0.000995263|0.000205358|0.000165097|0.00017671|0.000277193|3.60362e-05|1.48343e-05|0.000294208|0.000346789|1.37772e-05|0.000119811,0.000310334|0.00656769|0.000744915|0.000399313|0.000530329|0.000509645|0.00566749|0.00169529|0.000821598|0.00674185|0.00168599|0.00195184|0.00060257|0.000160699|0.000188882|0.000582322|0.000215891|0.000202733|0.00405437|0.0025508,0.00924861|0.0194316|0.00841709|0.00541507|0.00720975|0.00375279|0.0161796|0.0250138|0.0477712|0.0292399|0.0452155|0.0348952|0.000624187|0.0253626|0.0367773|0.0124511|0.0315747|0.0159192|0.0461418|0.0252238,0.0315742|0.0254573|0.0482252|0.00943238|0.0402354|0.0495486|0.0339305|0.0119018|0.00263917|0.0108922|0.0238427|0.0051677|0.00869688|0.00849779|0.0222725|0.00729303|0.0153347|0.04339|0.00266386|0.00700942,0.913495|0.911067|0.908177|0.989114|0.905667|0.916604|0.984185|0.927813|0.984899|0.926294|0.932747|0.928968|0.914007|0.904421|0.989645|0.913882|0.936282|0.948026|0.911519|0.908496,2.71048|4.63323|4.07787|4.18964|2.54377|1.60415|4.81843|2.46356|0.379676|2.82456|3.21396|0.109|0.728108|0.900028|4.17407|1.60979|4.51941|3.34163|4.41064|2.75743,30.2686|24.4191|88.6198|37.015|10.4739|52.1141|92.5451|35.0583|37.2729|32.9383|59.8148|72.2829|44.8869|37.0378|23.518|43.2583|81.3396|99.595|65.9961,0.189746|0.163204|0.16902|0.202219|0.212578|0.23004|0.219123|0.204588|0.218852|0.177423|0.243915|0.205105|0.231987|0.186084|0.169384|0.243681|0.217219|0.169273|0.243547,0.114018|0.339009|0.7617|0.790314|0.554145|0.342514|0.854651|0.102366|0.233286|0.668561|0.689629|0.996881|0.261942|0.934425|0.718746|0.300248|0.294058|0.23207|0.928618,0.904667,0.887647,0.128239,0.443169,0.0828321,0.54922,0.253495,0.516004,0.226897,0.823074,78.9323,6.77635e-13,54008,0.832037,77.8406,9.63242e-13,32789,0.821844,0.944121,0.0443767,0.51828,0.332244,0.52747,0.0679451,0.544083,0.096402,0.818693,31.6275,1.97589e-13,52186,0.845045,89.7441,1.17089e-11,31003
