DatasetID,PathID,PathString,node_t1,node_t2,node_p_depol_1q,node_p_depol_2q,node_coh1_angle,node_coh2_zz_angle,node_src_visibility,node_src_phase,edge_length,edge_attenuation,edge_insertion_loss_db,d1_coupling_1,d1_coupling_2,d1_mzi_phase_error,d1_mzi_loss_short,d1_mzi_loss_long,d1_bs1_reflectivity,d1_bs1_loss,d1_bs2_reflectivity,d1_bs2_loss,d1_snspd1_efficiency,d1_snspd1_jitter,d1_snspd1_dark,d1_snspd1_dead,d1_snspd2_efficiency,d1_snspd2_jitter,d1_snspd2_dark,d1_snspd2_dead,d2_coupling_1,d2_coupling_2,d2_mzi_phase_error,d2_mzi_loss_short,d2_mzi_loss_long,d2_bs1_reflectivity,d2_bs1_loss,d2_bs2_reflectivity,d2_bs2_loss,d2_snspd1_efficiency,d2_snspd1_jitter,d2_snspd1_dark,d2_snspd1_dead,d2_snspd2_efficiency,d2_snspd2_jitter,d2_snspd2_dark,d2_snspd2_dead
11,1,n1->n2->n12->n13->n14->n4->n5->n6->n7->n8->n9->n10,3.81628e+09|3.17307e+11|2.1111e+11|9.81467e+09|2.91479e+13|8.2339e+09|1.37938e+13|4.81192e+11|4.80907e+13|8.1696e+11|2.30789e+12|4.53093e+09,3.25333e+09|7.16144e+10|1.05012e+11|3.1802e+09|4.85425e+12|1.86231e+09|1.38001e+12|3.85536e+11|1.83015e+13|1.84853e+11|1.03773e+12|9.31081e+08,1.65606e-05|2.94581e-05|1.23997e-05|0.000184444|0.000173701|5.62105e-05|0.000116756|0.000284109|0.000167308|0.000187958|0.000314672|0.000962884,0.000261068|0.0082771|0.00623448|0.00073597|0.00786944|0.0010007|0.000330332|0.000503779|0.00108045|0.00124643|0.000259122|0.00020631,0.0149239|0.023169|0.0180599|0.0213516|0.0264898|0.0435318|0.0206384|0.0246782|0.0277248|0.008984|0.00551956|0.0149268,0.0412895|0.0464405|0.00826329|0.039085|0.0488449|0.0417385|0.0210152|0.0194929|0.0333838|0.0367367|0.033459|0.0460367,0.966562|0.91558|0.921419|0.928597|0.929454|0.900946|0.937217|0.978715|0.962228|0.943416|0.922419|0.991514,0.044073|1.15275|2.12941|3.91297|3.54556|2.57143|5.60429|1.17871|1.34553|3.46481|0.720084|1.43787,79.8117|88.6198|13.9548|56.34|52.1141|81.7362|37.2729|32.9383|55.4093|99.595|65.9961,0.180405|0.1753|0.240484|0.231665|0.232653|0.213965|0.247945|0.235444|0.210203|0.184736|0.211961,0.820707|0.836696|0.503208|0.474189|0.731436|0.340685|0.439527|0.299341|0.426554|0.509202|0.74,0.836712,0.95003,0.0605752,0.0262135,0.963917,0.465123,0.15314,0.474832,0.221241,0.939811,45.7498,4.30327e-11,91817,0.946666,47.3408,5.83316e-12,89819,0.806875,0.804562,0.0308693,0.827622,0.153213,0.478528,0.188721,0.468424,0.0909349,0.884044,30.5298,9.32513e-10,24710,0.952989,52.309,3.28469e-13,20664
11,2,n1->n2->n12->n13->n3->n4->n5->n6->n7->n8->n9->n10,3.81628e+09|3.17307e+11|2.1111e+11|9.81467e+09|9.55297e+11|8.2339e+09|1.37938e+13|4.81192e+11|4.80907e+13|8.1696e+11|2.30789e+12|4.53093e+09,3.25333e+09|7.16144e+10|1.05012e+11|3.1802e+09|1.77834e+11|1.86231e+09|1.38001e+12|3.85536e+11|1.83015e+13|1.84853e+11|1.03773e+12|9.31081e+08,1.65606e-05|2.94581e-05|1.23997e-05|0.000184444|2.34356e-05|5.62105e-05|0.000116756|0.000284109|0.000167308|0.000187958|0.000314672|0.000962884,0.000261068|0.0082771|0.00623448|0.00073597|0.000154657|0.0010007|0.000330332|0.000503779|0.00108045|0.00124643|0.000259122|0.00020631,0.0149239|0.023169|0.0180599|0.0213516|0.00381353|0.0435318|0.0206384|0.0246782|0.0277248|0.008984|0.00551956|0.0149268,0.0412895|0.0464405|0.00826329|0.039085|0.0376584|0.0417385|0.0210152|0.0194929|0.0333838|0.0367367|0.033459|0.0460367,0.966562|0.91558|0.921419|0.928597|0.926805|0.900946|0.937217|0.978715|0.962228|0.943416|0.922419|0.991514,0.044073|1.15275|2.12941|3.91297|6.14759|2.57143|5.60429|1.17871|1.34553|3.46481|0.720084|1.43787,79.8117|88.6198|13.9548|83.9106|10.4739|81.7362|37.2729|32.9383|55.4093|99.595|65.9961,0.180405|0.1753|0.240484|0.247463|0.183499|0.213965|0.247945|0.235444|0.210203|0.184736|0.211961,0.820707|0.836696|0.503208|0.917952|0.949324|0.340685|0.439527|0.299341|0.426554|0.509202|0.74,0.836712,0.95003,0.0605752,0.0262135,0.963917,0.465123,0.15314,0.474832,0.221241,0.939811,45.7498,4.30327e-11,91817,0.946666,47.3408,5.83316e-12,89819,0.806875,0.804562,0.0308693,0.827622,0.153213,0.478528,0.188721,0.468424,0.0909349,0.884044,30.5298,9.32513e-10,24710,0.952989,52.309,3.28469e-13,20664
11,3,n1->n11->n12->n2->n3->n4->n5->n6->n7->n8->n9->n10,3.81628e+09|2.52501e+13|2.1111e+11|3.17307e+11|9.55297e+11|8.2339e+09|1.37938e+13|4.81192e+11|4.80907e+13|8.1696e+11|2.30789e+12|4.53093e+09,3.25333e+09|3.47681e+12|1.05012e+11|7.16144e+10|1.77834e+11|1.86231e+09|1.38001e+12|3.85536e+11|1.83015e+13|1.84853e+11|1.03773e+12|9.31081e+08,1.65606e-05|0.000333482|1.23997e-05|2.94581e-05|2.34356e-05|5.62105e-05|0.000116756|0.000284109|0.000167308|0.000187958|0.000314672|0.000962884,0.000261068|0.000106174|0.00623448|0.0082771|0.000154657|0.0010007|0.000330332|0.000503779|0.00108045|0.00124643|0.000259122|0.00020631,0.0149239|0.020331|0.0180599|0.023169|0.00381353|0.0435318|0.0206384|0.0246782|0.0277248|0.008984|0.00551956|0.0149268,0.0412895|0.0123668|0.00826329|0.0464405|0.0376584|0.0417385|0.0210152|0.0194929|0.0333838|0.0367367|0.033459|0.0460367,0.966562|0.966881|0.921419|0.91558|0.926805|0.900946|0.937217|0.978715|0.962228|0.943416|0.922419|0.991514,0.044073|0.100884|2.12941|1.15275|6.14759|2.57143|5.60429|1.17871|1.34553|3.46481|0.720084|1.43787,30.2686|24.4191|88.6198|37.015|10.4739|81.7362|37.2729|32.9383|55.4093|99.595|65.9961,0.233793|0.238508|0.1753|0.162173|0.183499|0.213965|0.247945|0.235444|0.210203|0.184736|0.211961,0.365721|0.981001|0.836696|0.488085|0.949324|0.340685|0.439527|0.299341|0.426554|0.509202|0.74,0.836712,0.95003,0.0605752,0.0262135,0.963917,0.465123,0.15314,0.474832,0.221241,0.939811,45.7498,4.30327e-11,91817,0.946666,47.3408,5.83316e-12,89819,0.806875,0.804562,0.0308693,0.827622,0.153213,0.478528,0.188721,0.468424,0.0909349,0.884044,30.5298,9.32513e-10,24710,0.952989,52.309,3.28469e-13,20664
11,4,n1->n2->n12->n13->n14->n15->n5->n6->n7->n8->n9->n10,3.81628e+09|3.17307e+11|2.1111e+11|9.81467e+09|2.91479e+13|3.5907e+10|1.37938e+13|4.81192e+11|4.80907e+13|8.1696e+11|2.30789e+12|4.53093e+09,3.25333e+09|7.16144e+10|1.05012e+11|3.1802e+09|4.85425e+12|3.62158e+09|1.38001e+12|3.85536e+11|1.83015e+13|1.84853e+11|1.03773e+12|9.31081e+08,1.65606e-05|2.94581e-05|1.23997e-05|0.000184444|0.000173701|0.00098768|0.000116756|0.000284109|0.000167308|0.000187958|0.000314672|0.000962884,0.000261068|0.0082771|0.00623448|0.00073597|0.00786944|0.000302079|0.000330332|0.000503779|0.00108045|0.00124643|0.000259122|0.00020631,0.0149239|0.023169|0.0180599|0.0213516|0.0264898|0.0486551|0.0206384|0.0246782|0.0277248|0.008984|0.00551956|0.0149268,0.0412895|0.0464405|0.00826329|0.039085|0.0488449|0.0326516|0.0210152|0.0194929|0.0333838|0.0367367|0.033459|0.0460367,0.966562|0.91558|0.921419|0.928597|0.929454|0.985874|0.937217|0.978715|0.962228|0.943416|0.922419|0.991514,0.044073|1.15275|2.12941|3.91297|3.54556|6.07711|5.60429|1.17871|1.34553|3.46481|0.720084|1.43787,79.8117|88.6198|13.9548|56.34|92.5451|35.0583|37.2729|32.9383|55.4093|99.595|65.9961,0.180405|0.1753|0.240484|0.231665|0.193036|0.165289|0.247945|0.235444|0.210203|0.184736|0.211961,0.820707|0.836696|0.503208|0.474189|0.838519|0.998548|0.439527|0.299341|0.426554|0.509202|0.74,0.836712,0.95003,0.0605752,0.0262135,0.963917,0.465123,0.15314,0.474832,0.221241,0.939811,45.7498,4.30327e-11,91817,0.946666,47.3408,5.83316e-12,89819,0.806875,0.804562,0.0308693,0.827622,0.153213,0.478528,0.188721,0.468424,0.0909349,0.884044,30.5298,9.32513e-10,24710,0.952989,52.309,3.28469e-13,20664
11,5,n1->n11->n12->n13->n3->n4->n5->n6->n7->n8->n9->n10,3.81628e+09|2.52501e+13|2.1111e+11|9.81467e+09|9.55297e+11|8.2339e+09|1.37938e+13|4.81192e+11|4.80907e+13|8.1696e+11|2.30789e+12|4.53093e+09,3.25333e+09|3.47681e+12|1.05012e+11|3.1802e+09|1.77834e+11|1.86231e+09|1.38001e+12|3.85536e+11|1.83015e+13|1.84853e+11|1.03773e+12|9.31081e+08,1.65606e-05|0.000333482|1.23997e-05|0.000184444|2.34356e-05|5.62105e-05|0.000116756|0.000284109|0.000167308|0.000187958|0.000314672|0.000962884,0.000261068|0.000106174|0.00623448|0.00073597|0.000154657|0.0010007|0.000330332|0.000503779|0.00108045|0.00124643|0.000259122|0.00020631,0.0149239|0.020331|0.0180599|0.0213516|0.00381353|0.0435318|0.0206384|0.0246782|0.0277248|0.008984|0.00551956|0.0149268,0.0412895|0.0123668|0.00826329|0.039085|0.0376584|0.0417385|0.0210152|0.0194929|0.0333838|0.0367367|0.033459|0.0460367,0.966562|0.966881|0.921419|0.928597|0.926805|0.900946|0.937217|0.978715|0.962228|0.943416|0.922419|0.991514,0.044073|0.100884|2.12941|3.91297|6.14759|2.57143|5.60429|1.17871|1.34553|3.46481|0.720084|1.43787,30.2686|24.4191|13.9548|83.9106|10.4739|81.7362|37.2729|32.9383|55.4093|99.595|65.9961,0.233793|0.238508|0.240484|0.247463|0.183499|0.213965|0.247945|0.235444|0.210203|0.184736|0.211961,0.365721|0.981001|0.503208|0.917952|0.949324|0.340685|0.439527|0.299341|0.426554|0.509202|0.74,0.836712,0.95003,0.0605752,0.0262135,0.963917,0.465123,0.15314,0.474832,0.221241,0.939811,45.7498,4.30327e-11,91817,0.946666,47.3408,5.83316e-12,89819,0.806875,0.804562,0.0308693,0.827622,0.153213,0.478528,0.188721,0.468424,0.0909349,0.884044,30.5298,9.32513e-10,24710,0.952989,52.309,3.28469e-13,20664
11,6,n1->n2->n3->n4->n14->n15->n16->n6->n7->n8->n9->n10,3.81628e+09|3.17307e+11|9.55297e+11|8.2339e+09|2.91479e+13|3.5907e+10|6.90472e+11|4.81192e+11|4.80907e+13|8.1696e+11|2.30789e+12|4.53093e+09,3.25333e+09|7.16144e+10|1.77834e+11|1.86231e+09|4.85425e+12|3.62158e+09|6.89981e+11|3.85536e+11|1.83015e+13|1.84853e+11|1.03773e+12|9.31081e+08,1.65606e-05|2.94581e-05|2.34356e-05|5.62105e-05|0.000173701|0.00098768|0.000342499|0.000284109|0.000167308|0.000187958|0.000314672|0.000962884,0.000261068|0.0082771|0.000154657|0.0010007|0.00786944|0.000302079|0.00111591|0.000503779|0.00108045|0.00124643|0.000259122|0.00020631,0.0149239|0.023169|0.00381353|0.0435318|0.0264898|0.0486551|0.0327472|0.0246782|0.0277248|0.008984|0.00551956|0.0149268,0.0412895|0.0464405|0.0376584|0.0417385|0.0488449|0.0326516|0.00971357|0.0194929|0.0333838|0.0367367|0.033459|0.0460367,0.966562|0.91558|0.926805|0.900946|0.929454|0.985874|0.901048|0.978715|0.962228|0.943416|0.922419|0.991514,0.044073|1.15275|6.14759|2.57143|3.54556|6.07711|1.61346|1.17871|1.34553|3.46481|0.720084|1.43787,79.8117|37.015|10.4739|52.1141|92.5451|56.2706|50.0569|32.9383|55.4093|99.595|65.9961,0.180405|0.162173|0.183499|0.232653|0.193036|0.224038|0.225307|0.235444|0.210203|0.184736|0.211961,0.820707|0.488085|0.949324|0.731436|0.838519|0.441456|0.100621|0.299341|0.426554|0.509202|0.74,0.836712,0.95003,0.0605752,0.0262135,0.963917,0.465123,0.15314,0.474832,0.221241,0.939811,45.7498,4.30327e-11,91817,0.946666,47.3408,5.83316e-12,89819,0.806875,0.804562,0.0308693,0.827622,0.153213,0.478528,0.188721,0.468424,0.0909349,0.884044,30.5298,9.32513e-10,24710,0.952989,52.309,3.28469e-13,20664
11,7,n1->n11->n12->n13->n14->n15->n5->n6->n7->n8->n9->n10,3.81628e+09|2.52501e+13|2.1111e+11|9.81467e+09|2.91479e+13|3.5907e+10|1.37938e+13|4.81192e+11|4.80907e+13|8.1696e+11|2.30789e+12|4.53093e+09,3.25333e+09|3.47681e+12|1.05012e+11|3.1802e+09|4.85425e+12|3.62158e+09|1.38001e+12|3.85536e+11|1.83015e+13|1.84853e+11|1.03773e+12|9.31081e+08,1.65606e-05|0.000333482|1.23997e-05|0.000184444|0.000173701|0.00098768|0.000116756|0.000284109|0.000167308|0.000187958|0.000314672|0.000962884,0.000261068|0.000106174|0.00623448|0.00073597|0.00786944|0.000302079|0.000330332|0.000503779|0.00108045|0.00124643|0.000259122|0.00020631,0.0149239|0.020331|0.0180599|0.0213516|0.0264898|0.0486551|0.0206384|0.0246782|0.0277248|0.008984|0.00551956|0.0149268,0.0412895|0.0123668|0.00826329|0.039085|0.0488449|0.0326516|0.0210152|0.0194929|0.0333838|0.0367367|0.033459|0.0460367,0.966562|0.966881|0.921419|0.928597|0.929454|0.985874|0.937217|0.978715|0.962228|0.943416|0.922419|0.991514,0.044073|0.100884|2.12941|3.91297|3.54556|6.07711|5.60429|1.17871|1.34553|3.46481|0.720084|1.43787,30.2686|24.4191|13.9548|56.34|92.5451|35.0583|37.2729|32.9383|55.4093|99.595|65.9961,0.233793|0.238508|0.240484|0.231665|0.193036|0.165289|0.247945|0.235444|0.210203|0.184736|0.211961,0.365721|0.981001|0.503208|0.474189|0.838519|0.998548|0.439527|0.299341|0.426554|0.509202|0.74,0.836712,0.95003,0.0605752,0.0262135,0.963917,0.465123,0.15314,0.474832,0.221241,0.939811,45.7498,4.30327e-11,91817,0.946666,47.3408,5.83316e-12,89819,0.806875,0.804562,0.0308693,0.827622,0.153213,0.478528,0.188721,0.468424,0.0909349,0.884044,30.5298,9.32513e-10,24710,0.952989,52.309,3.28469e-13,20664
11,8,n1->n2->n3->n4->n5->n15->n16->n6->n7->n8->n9->n10,3.81628e+09|3.17307e+11|9.55297e+11|8.2339e+09|1.37938e+13|3.5907e+10|6.90472e+11|4.81192e+11|4.80907e+13|8.1696e+11|2.30789e+12|4.53093e+09,3.25333e+09|7.16144e+10|1.77834e+11|1.86231e+09|1.38001e+12|3.62158e+09|6.89981e+11|3.85536e+11|1.83015e+13|1.84853e+11|1.03773e+12|9.31081e+08,1.65606e-05|2.94581e-05|2.34356e-05|5.62105e-05|0.000116756|0.00098768|0.000342499|0.000284109|0.000167308|0.000187958|0.000314672|0.000962884,0.000261068|0.0082771|0.000154657|0.0010007|0.000330332|0.000302079|0.00111591|0.000503779|0.00108045|0.00124643|0.000259122|0.00020631,0.0149239|0.023169|0.00381353|0.0435318|0.0206384|0.0486551|0.0327472|0.0246782|0.0277248|0.008984|0.00551956|0.0149268,0.0412895|0.0464405|0.0376584|0.0417385|0.0210152|0.0326516|0.00971357|0.0194929|0.0333838|0.0367367|0.033459|0.0460367,0.966562|0.91558|0.926805|0.900946|0.937217|0.985874|0.901048|0.978715|0.962228|0.943416|0.922419|0.991514,0.044073|1.15275|6.14759|2.57143|5.60429|6.07711|1.61346|1.17871|1.34553|3.46481|0.720084|1.43787,79.8117|37.015|10.4739|81.7362|35.0583|56.2706|50.0569|32.9383|55.4093|99.595|65.9961,0.180405|0.162173|0.183499|0.213965|0.165289|0.224038|0.225307|0.235444|0.210203|0.184736|0.211961,0.820707|0.488085|0.949324|0.340685|0.998548|0.441456|0.100621|0.299341|0.426554|0.509202|0.74,0.836712,0.95003,0.0605752,0.0262135,0.963917,0.465123,0.15314,0.474832,0.221241,0.939811,45.7498,4.30327e-11,91817,0.946666,47.3408,5.83316e-12,89819,0.806875,0.804562,0.0308693,0.827622,0.153213,0.478528,0.188721,0.468424,0.0909349,0.884044,30.5298,9.32513e-10,24710,0.952989,52.309,3.28469e-13,20664
11,9,n1->n2->n3->n13->n14->n4->n5->n6->n7->n8->n9->n10,3.81628e+09|3.17307e+11|9.55297e+11|9.81467e+09|2.91479e+13|8.2339e+09|1.37938e+13|4.81192e+11|4.80907e+13|8.1696e+11|2.30789e+12|4.53093e+09,3.25333e+09|7.16144e+10|1.77834e+11|3.1802e+09|4.85425e+12|1.86231e+09|1.38001e+12|3.85536e+11|1.83015e+13|1.84853e+11|1.03773e+12|9.31081e+08,1.65606e-05|2.94581e-05|2.34356e-05|0.000184444|0.000173701|5.62105e-05|0.000116756|0.000284109|0.000167308|0.000187958|0.000314672|0.000962884,0.000261068|0.0082771|0.000154657|0.00073597|0.00786944|0.0010007|0.000330332|0.000503779|0.00108045|0.00124643|0.000259122|0.00020631,0.0149239|0.023169|0.00381353|0.0213516|0.0264898|0.0435318|0.0206384|0.0246782|0.0277248|0.008984|0.00551956|0.0149268,0.0412895|0.0464405|0.0376584|0.039085|0.0488449|0.0417385|0.0210152|0.0194929|0.0333838|0.0367367|0.033459|0.0460367,0.966562|0.91558|0.926805|0.928597|0.929454|0.900946|0.937217|0.978715|0.962228|0.943416|0.922419|0.991514,0.044073|1.15275|6.14759|3.91297|3.54556|2.57143|5.60429|1.17871|1.34553|3.46481|0.720084|1.43787,79.8117|37.015|83.9106|56.34|52.1141|81.7362|37.2729|32.9383|55.4093|99.595|65.9961,0.180405|0.162173|0.247463|0.231665|0.232653|0.213965|0.247945|0.235444|0.210203|0.184736|0.211961,0.820707|0.488085|0.917952|0.474189|0.731436|0.340685|0.439527|0.299341|0.426554|0.509202|0.74,0.836712,0.95003,0.0605752,0.0262135,0.963917,0.465123,0.15314,0.474832,0.221241,0.939811,45.7498,4.30327e-11,91817,0.946666,47.3408,5.83316e-12,89819,0.806875,0.804562,0.0308693,0.827622,0.153213,0.478528,0.188721,0.468424,0.0909349,0.884044,30.5298,9.32513e-10,24710,0.952989,52.309,3.28469e-13,20664
11,10,n1->n2->n3->n13->n14->n15->n16->n6->n7->n8->n9->n10,3.81628e+09|3.17307e+11|9.55297e+11|9.81467e+09|2.91479e+13|3.5907e+10|6.90472e+11|4.81192e+11|4.80907e+13|8.1696e+11|2.30789e+12|4.53093e+09,3.25333e+09|7.16144e+10|1.77834e+11|3.1802e+09|4.85425e+12|3.62158e+09|6.89981e+11|3.85536e+11|1.83015e+13|1.84853e+11|1.03773e+12|9.31081e+08,1.65606e-05|2.94581e-05|2.34356e-05|0.000184444|0.000173701|0.00098768|0.000342499|0.000284109|0.000167308|0.000187958|0.000314672|0.000962884,0.000261068|0.0082771|0.000154657|0.00073597|0.00786944|0.000302079|0.00111591|0.000503779|0.00108045|0.00124643|0.000259122|0.00020631,0.0149239|0.023169|0.00381353|0.0213516|0.0264898|0.0486551|0.0327472|0.0246782|0.0277248|0.008984|0.00551956|0.0149268,0.0412895|0.0464405|0.0376584|0.039085|0.0488449|0.0326516|0.00971357|0.0194929|0.0333838|0.0367367|0.033459|0.0460367,0.966562|0.91558|0.926805|0.928597|0.929454|0.985874|0.901048|0.978715|0.962228|0.943416|0.922419|0.991514,0.044073|1.15275|6.14759|3.91297|3.54556|6.07711|1.61346|1.17871|1.34553|3.46481|0.720084|1.43787,79.8117|37.015|83.9106|56.34|92.5451|56.2706|50.0569|32.9383|55.4093|99.595|65.9961,0.180405|0.162173|0.247463|0.231665|0.193036|0.224038|0.225307|0.235444|0.210203|0.184736|0.211961,0.820707|0.488085|0.917952|0.474189|0.838519|0.441456|0.100621|0.299341|0.426554|0.509202|0.74,0.836712,0.95003,0.0605752,0.0262135,0.963917,0.465123,0.15314,0.474832,0.221241,0.939811,45.7498,4.30327e-11,91817,0.946666,47.3408,5.83316e-12,89819,0.806875,0.804562,0.0308693,0.827622,0.153213,0.478528,0.188721,0.468424,0.0909349,0.884044,30.5298,9.32513e-10,24710,0.952989,52.309,3.28469e-13,20664
11,11,n1->n2->n3->n4->n5->n15->n16->n17->n7->n8->n9->n10,3.81628e+09|3.17307e+11|9.55297e+11|8.2339e+09|1.37938e+13|3.5907e+10|6.90472e+11|1.49573e+11|4.80907e+13|8.1696e+11|2.30789e+12|4.53093e+09,3.25333e+09|7.16144e+10|1.77834e+11|1.86231e+09|1.38001e+12|3.62158e+09|6.89981e+11|2.52876e+10|1.83015e+13|1.84853e+11|1.03773e+12|9.31081e+08,1.65606e-05|2.94581e-05|2.34356e-05|5.62105e-05|0.000116756|0.00098768|0.000342499|0.000106677|0.000167308|0.000187958|0.000314672|0.000962884,0.000261068|0.0082771|0.000154657|0.0010007|0.000330332|0.000302079|0.00111591|0.00206961|0.00108045|0.00124643|0.000259122|0.00020631,0.0149239|0.023169|0.00381353|0.0435318|0.0206384|0.0486551|0.0327472|0.0327897|0.0277248|0.008984|0.00551956|0.0149268,0.0412895|0.0464405|0.0376584|0.0417385|0.0210152|0.0326516|0.00971357|0.0446882|0.0333838|0.0367367|0.033459|0.0460367,0.966562|0.91558|0.926805|0.900946|0.937217|0.985874|0.901048|0.9918|0.962228|0.943416|0.922419|0.991514,0.044073|1.15275|6.14759|2.57143|5.60429|6.07711|1.61346|5.5964|1.34553|3.46481|0.720084|1.43787,79.8117|37.015|10.4739|81.7362|35.0583|56.2706|32.2763|59.8148|55.4093|99.595|65.9961,0.180405|0.162173|0.183499|0.213965|0.165289|0.224038|0.206947|0.19432|0.210203|0.184736|0.211961,0.820707|0.488085|0.949324|0.340685|0.998548|0.441456|0.756824|0.320068|0.426554|0.509202|0.74,0.836712,0.95003,0.0605752,0.0262135,0.963917,0.465123,0.15314,0.474832,0.221241,0.939811,45.7498,4.30327e-11,91817,0.946666,47.3408,5.83316e-12,89819,0.806875,0.804562,0.0308693,0.827622,0.153213,0.478528,0.188721,0.468424,0.0909349,0.884044,30.5298,9.32513e-10,24710,0.952989,52.309,3.28469e-13,20664
11,12,n1->n11->n12->n13->n14->n15->n16->n6->n7->n8->n9->n10,3.81628e+09|2.52501e+13|2.1111e+11|9.81467e+09|2.91479e+13|3.5907e+10|6.90472e+11|4.81192e+11|4.80907e+13|8.1696e+11|2.30789e+12|4.53093e+09,3.25333e+09|3.47681e+12|1.05012e+11|3.1802e+09|4.85425e+12|3.62158e+09|6.89981e+11|3.85536e+11|1.83015e+13|1.84853e+11|1.03773e+12|9.31081e+08,1.65606e-05|0.000333482|1.23997e-05|0.000184444|0.000173701|0.00098768|0.000342499|0.000284109|0.000167308|0.000187958|0.000314672|0.000962884,0.000261068|0.000106174|0.00623448|0.00073597|0.00786944|0.000302079|0.00111591|0.000503779|0.00108045|0.00124643|0.000259122|0.00020631,0.0149239|0.020331|0.0180599|0.0213516|0.0264898|0.0486551|0.0327472|0.0246782|0.0277248|0.008984|0.00551956|0.0149268,0.0412895|0.0123668|0.00826329|0.039085|0.0488449|0.0326516|0.00971357|0.0194929|0.0333838|0.0367367|0.033459|0.0460367,0.966562|0.966881|0.921419|0.928597|0.929454|0.985874|0.901048|0.978715|0.962228|0.943416|0.922419|0.991514,0.044073|0.100884|2.12941|3.91297|3.54556|6.07711|1.61346|1.17871|1.34553|3.46481|0.720084|1.43787,30.2686|24.4191|13.9548|56.34|92.5451|56.2706|50.0569|32.9383|55.4093|99.595|65.9961,0.233793|0.238508|0.240484|0.231665|0.193036|0.224038|0.225307|0.235444|0.210203|0.184736|0.211961,0.365721|0.981001|0.503208|0.474189|0.838519|0.441456|0.100621|0.299341|0.426554|0.509202|0.74,0.836712,0.95003,0.0605752,0.0262135,0.963917,0.465123,0.15314,0.474832,0.221241,0.939811,45.7498,4.30327e-11,91817,0.946666,47.3408,5.83316e-12,89819,0.806875,0.804562,0.0308693,0.827622,0.153213,0.478528,0.188721,0.468424,0.0909349,0.884044,30.5298,9.32513e-10,24710,0.952989,52.309,3.28469e-13,20664
11,13,n1->n2->n3->n13->n14->n15->n5->n6->n7->n8->n9->n10,3.81628e+09|3.17307e+11|9.55297e+11|9.81467e+09|2.91479e+13|3.5907e+10|1.37938e+13|4.81192e+11|4.80907e+13|8.1696e+11|2.30789e+12|4.53093e+09,3.25333e+09|7.16144e+10|1.77834e+11|3.1802e+09|4.85425e+12|3.62158e+09|1.38001e+12|3.85536e+11|1.83015e+13|1.84853e+11|1.03773e+12|9.31081e+08,1.65606e-05|2.94581e-05|2.34356e-05|0.000184444|0.000173701|0.00098768|0.000116756|0.000284109|0.000167308|0.000187958|0.000314672|0.000962884,0.000261068|0.0082771|0.000154657|0.00073597|0.00786944|0.000302079|0.000330332|0.000503779|0.00108045|0.00124643|0.000259122|0.00020631,0.0149239|0.023169|0.00381353|0.0213516|0.0264898|0.0486551|0.0206384|0.0246782|0.0277248|0.008984|0.00551956|0.0149268,0.0412895|0.0464405|0.0376584|0.039085|0.0488449|0.0326516|0.0210152|0.0194929|0.0333838|0.0367367|0.033459|0.0460367,0.966562|0.91558|0.926805|0.928597|0.929454|0.985874|0.937217|0.978715|0.962228|0.943416|0.922419|0.991514,0.044073|1.15275|6.14759|3.91297|3.54556|6.07711|5.60429|1.17871|1.34553|3.46481|0.720084|1.43787,79.8117|37.015|83.9106|56.34|92.5451|35.0583|37.2729|32.9383|55.4093|99.595|65.9961,0.180405|0.162173|0.247463|0.231665|0.193036|0.165289|0.247945|0.235444|0.210203|0.184736|0.211961,0.820707|0.488085|0.917952|0.474189|0.838519|0.998548|0.439527|0.299341|0.426554|0.509202|0.74,0.836712,0.95003,0.0605752,0.0262135,0.963917,0.465123,0.15314,0.474832,0.221241,0.939811,45.7498,4.30327e-11,91817,0.946666,47.3408,5.83316e-12,89819,0.806875,0.804562,0.0308693,0.827622,0.153213,0.478528,0.188721,0.468424,0.0909349,0.884044,30.5298,9.32513e-10,24710,0.952989,52.309,3.28469e-13,20664
11,14,n1->n2->n3->n4->n5->n6->n16->n17->n18->n19->n9->n10,3.81628e+09|3.17307e+11|9.55297e+11|8.2339e+09|1.37938e+13|4.81192e+11|6.90472e+11|1.49573e+11|1.26146e+12|1.16537e+09|2.30789e+12|4.53093e+09,3.25333e+09|7.16144e+10|1.77834e+11|1.86231e+09|1.38001e+12|3.85536e+11|6.89981e+11|2.52876e+10|2.026e+11|6.99014e+08|1.03773e+12|9.31081e+08,1.65606e-05|2.94581e-05|2.34356e-05|5.62105e-05|0.000116756|0.000284109|0.000342499|0.000106677|0.00077073|2.23892e-05|0.000314672|0.000962884,0.000261068|0.0082771|0.000154657|0.0010007|0.000330332|0.000503779|0.00111591|0.00206961|0.000223728|0.000391715|0.000259122|0.00020631,0.0149239|0.023169|0.00381353|0.0435318|0.0206384|0.0246782|0.0327472|0.0327897|0.00757137|0.0161043|0.00551956|0.0149268,0.0412895|0.0464405|0.0376584|0.0417385|0.0210152|0.0194929|0.00971357|0.0446882|0.0158785|0.0166223|0.033459|0.0460367,0.966562|0.91558|0.926805|0.900946|0.937217|0.978715|0.901048|0.9918|0.954493|0.972235|0.922419|0.991514,0.044073|1.15275|6.14759|2.57143|5.60429|1.17871|1.61346|5.5964|4.28182|0.257261|0.720084|1.43787,79.8117|37.015|10.4739|81.7362|37.2729|50.0569|32.2763|27.3162|28.0546|99.0064|65.9961,0.180405|0.162173|0.183499|0.213965|0.247945|0.225307|0.206947|0.195193|0.21248|0.220943|0.211961,0.820707|0.488085|0.949324|0.340685|0.439527|0.100621|0.756824|0.721446|0.717834|0.31779|0.74,0.836712,0.95003,0.0605752,0.0262135,0.963917,0.465123,0.15314,0.474832,0.221241,0.939811,45.7498,4.30327e-11,91817,0.946666,47.3408,5.83316e-12,89819,0.806875,0.804562,0.0308693,0.827622,0.153213,0.478528,0.188721,0.468424,0.0909349,0.884044,30.5298,9.32513e-10,24710,0.952989,52.309,3.28469e-13,20664
11,15,n1->n11->n12->n13->n14->n4->n5->n6->n7->n8->n9->n10,3.81628e+09|2.52501e+13|2.1111e+11|9.81467e+09|2.91479e+13|8.2339e+09|1.37938e+13|4.81192e+11|4.80907e+13|8.1696e+11|2.30789e+12|4.53093e+09,3.25333e+09|3.47681e+12|1.05012e+11|3.1802e+09|4.85425e+12|1.86231e+09|1.38001e+12|3.85536e+11|1.83015e+13|1.84853e+11|1.03773e+12|9.31081e+08,1.65606e-05|0.000333482|1.23997e-05|0.000184444|0.000173701|5.62105e-05|0.000116756|0.000284109|0.000167308|0.000187958|0.000314672|0.000962884,0.000261068|0.000106174|0.00623448|0.00073597|0.00786944|0.0010007|0.000330332|0.000503779|0.00108045|0.00124643|0.000259122|0.00020631,0.0149239|0.020331|0.0180599|0.0213516|0.0264898|0.0435318|0.0206384|0.0246782|0.0277248|0.008984|0.00551956|0.0149268,0.0412895|0.0123668|0.00826329|0.039085|0.0488449|0.0417385|0.0210152|0.0194929|0.0333838|0.0367367|0.033459|0.0460367,0.966562|0.966881|0.921419|0.928597|0.929454|0.900946|0.937217|0.978715|0.962228|0.943416|0.922419|0.991514,0.044073|0.100884|2.12941|3.91297|3.54556|2.57143|5.60429|1.17871|1.34553|3.46481|0.720084|1.43787,30.2686|24.4191|13.9548|56.34|52.1141|81.7362|37.2729|32.9383|55.4093|99.595|65.9961,0.233793|0.238508|0.240484|0.231665|0.232653|0.213965|0.247945|0.235444|0.210203|0.184736|0.211961,0.365721|0.981001|0.503208|0.474189|0.731436|0.340685|0.439527|0.299341|0.426554|0.509202|0.74,0.836712,0.95003,0.0605752,0.0262135,0.963917,0.465123,0.15314,0.474832,0.221241,0.939811,45.7498,4.30327e-11,91817,0.946666,47.3408,5.83316e-12,89819,0.806875,0.804562,0.0308693,0.827622,0.153213,0.478528,0.188721,0.468424,0.0909349,0.884044,30.5298,9.32513e-10,24710,0.952989,52.309,3.28469e-13,20664
11,16,n1->n2->n3->n4->n14->n15->n5->n6->n7->n8->n9->n10,3.81628e+09|3.17307e+11|9.55297e+11|8.2339e+09|2.91479e+13|3.5907e+10|1.37938e+13|4.81192e+11|4.80907e+13|8.1696e+11|2.30789e+12|4.53093e+09,3.25333e+09|7.16144e+10|1.77834e+11|1.86231e+09|4.85425e+12|3.62158e+09|1.38001e+12|3.85536e+11|1.83015e+13|1.84853e+11|1.03773e+12|9.31081e+08,1.65606e-05|2.94581e-05|2.34356e-05|5.62105e-05|0.000173701|0.00098768|0.000116756|0.000284109|0.000167308|0.000187958|0.000314672|0.000962884,0.000261068|0.0082771|0.000154657|0.0010007|0.00786944|0.000302079|0.000330332|0.000503779|0.00108045|0.00124643|0.000259122|0.00020631,0.0149239|0.023169|0.00381353|0.0435318|0.0264898|0.0486551|0.0206384|0.0246782|0.0277248|0.008984|0.00551956|0.0149268,0.0412895|0.0464405|0.0376584|0.0417385|0.0488449|0.0326516|0.0210152|0.0194929|0.0333838|0.0367367|0.033459|0.0460367,0.966562|0.91558|0.926805|0.900946|0.929454|0.985874|0.937217|0.978715|0.962228|0.943416|0.922419|0.991514,0.044073|1.15275|6.14759|2.57143|3.54556|6.07711|5.60429|1.17871|1.34553|3.46481|0.720084|1.43787,79.8117|37.015|10.4739|52.1141|92.5451|35.0583|37.2729|32.9383|55.4093|99.595|65.9961,0.180405|0.162173|0.183499|0.232653|0.193036|0.165289|0.247945|0.235444|0.210203|0.184736|0.211961,0.820707|0.488085|0.949324|0.731436|0.838519|0.998548|0.439527|0.299341|0.426554|0.509202|0.74,0.836712,0.95003,0.0605752,0.0262135,0.963917,0.465123,0.15314,0.474832,0.221241,0.939811,45.7498,4.30327e-11,91817,0.946666,47.3408,5.83316e-12,89819,0.806875,0.804562,0.0308693,0.827622,0.153213,0.478528,0.188721,0.468424,0.0909349,0.884044,30.5298,9.32513e-10,24710,0.952989,52.309,3.28469e-13,20664
11,17,n1->n2->n3->n13->n14->n15->n16->n17->n18->n8->n9->n10,3.81628e+09|3.17307e+11|9.55297e+11|9.81467e+09|2.91479e+13|3.5907e+10|6.90472e+11|1.49573e+11|1.26146e+12|8.1696e+11|2.30789e+12|4.53093e+09,3.25333e+09|7.16144e+10|1.77834e+11|3.1802e+09|4.85425e+12|3.62158e+09|6.89981e+11|2.52876e+10|2.026e+11|1.84853e+11|1.03773e+12|9.31081e+08,1.65606e-05|2.94581e-05|2.34356e-05|0.000184444|0.000173701|0.00098768|0.000342499|0.000106677|0.00077073|0.000187958|0.000314672|0.000962884,0.000261068|0.0082771|0.000154657|0.00073597|0.00786944|0.000302079|0.00111591|0.00206961|0.000223728|0.00124643|0.000259122|0.00020631,0.0149239|0.023169|0.00381353|0.0213516|0.0264898|0.0486551|0.0327472|0.0327897|0.00757137|0.008984|0.00551956|0.0149268,0.0412895|0.0464405|0.0376584|0.039085|0.0488449|0.0326516|0.00971357|0.0446882|0.0158785|0.0367367|0.033459|0.0460367,0.966562|0.91558|0.926805|0.928597|0.929454|0.985874|0.901048|0.9918|0.954493|0.943416|0.922419|0.991514,0.044073|1.15275|6.14759|3.91297|3.54556|6.07711|1.61346|5.5964|4.28182|3.46481|0.720084|1.43787,79.8117|37.015|83.9106|56.34|92.5451|56.2706|32.2763|27.3162|81.3396|99.595|65.9961,0.180405|0.162173|0.247463|0.231665|0.193036|0.224038|0.206947|0.195193|0.182333|0.184736|0.211961,0.820707|0.488085|0.917952|0.474189|0.838519|0.441456|0.756824|0.721446|0.519796|0.509202|0.74,0.836712,0.95003,0.0605752,0.0262135,0.963917,0.465123,0.15314,0.474832,0.221241,0.939811,45.7498,4.30327e-11,91817,0.946666,47.3408,5.83316e-12,89819,0.806875,0.804562,0.0308693,0.827622,0.153213,0.478528,0.188721,0.468424,0.0909349,0.884044,30.5298,9.32513e-10,24710,0.952989,52.309,3.28469e-13,20664
11,18,n1->n2->n3->n4->n5->n6->n16->n17->n18->n8->n9->n10,3.81628e+09|3.17307e+11|9.55297e+11|8.2339e+09|1.37938e+13|4.81192e+11|6.90472e+11|1.49573e+11|1.26146e+12|8.1696e+11|2.30789e+12|4.53093e+09,3.25333e+09|7.16144e+10|1.77834e+11|1.86231e+09|1.38001e+12|3.85536e+11|6.89981e+11|2.52876e+10|2.026e+11|1.84853e+11|1.03773e+12|9.31081e+08,1.65606e-05|2.94581e-05|2.34356e-05|5.62105e-05|0.000116756|0.000284109|0.000342499|0.000106677|0.00077073|0.000187958|0.000314672|0.000962884,0.000261068|0.0082771|0.000154657|0.0010007|0.000330332|0.000503779|0.00111591|0.00206961|0.000223728|0.00124643|0.000259122|0.00020631,0.0149239|0.023169|0.00381353|0.0435318|0.0206384|0.0246782|0.0327472|0.0327897|0.00757137|0.008984|0.00551956|0.0149268,0.0412895|0.0464405|0.0376584|0.0417385|0.0210152|0.0194929|0.00971357|0.0446882|0.0158785|0.0367367|0.033459|0.0460367,0.966562|0.91558|0.926805|0.900946|0.937217|0.978715|0.901048|0.9918|0.954493|0.943416|0.922419|0.991514,0.044073|1.15275|6.14759|2.57143|5.60429|1.17871|1.61346|5.5964|4.28182|3.46481|0.720084|1.43787,79.8117|37.015|10.4739|81.7362|37.2729|50.0569|32.2763|27.3162|81.3396|99.595|65.9961,0.180405|0.162173|0.183499|0.213965|0.247945|0.225307|0.206947|0.195193|0.182333|0.184736|0.211961,0.820707|0.488085|0.949324|0.340685|0.439527|0.100621|0.756824|0.721446|0.519796|0.509202|0.74,0.836712,0.95003,0.0605752,0.0262135,0.963917,0.465123,0.15314,0.474832,0.221241,0.939811,45.7498,4.30327e-11,91817,0.946666,47.3408,5.83316e-12,89819,0.806875,0.804562,0.0308693,0.827622,0.153213,0.478528,0.188721,0.468424,0.0909349,0.884044,30.5298,9.32513e-10,24710,0.952989,52.309,3.28469e-13,20664
11,19,n1->n2->n3->n13->n14->n15->n16->n17->n18->n19->n20->n10,3.81628e+09|3.17307e+11|9.55297e+11|9.81467e+09|2.91479e+13|3.5907e+10|6.90472e+11|1.49573e+11|1.26146e+12|1.16537e+09|9.60703e+09|4.53093e+09,3.25333e+09|7.16144e+10|1.77834e+11|3.1802e+09|4.85425e+12|3.62158e+09|6.89981e+11|2.52876e+10|2.026e+11|6.99014e+08|1.01137e+09|9.31081e+08,1.65606e-05|2.94581e-05|2.34356e-05|0.000184444|0.000173701|0.00098768|0.000342499|0.000106677|0.00077073|2.23892e-05|0.000360246|0.000962884,0.000261068|0.0082771|0.000154657|0.00073597|0.00786944|0.000302079|0.00111591|0.00206961|0.000223728|0.000391715|0.00927779|0.00020631,0.0149239|0.023169|0.00381353|0.0213516|0.0264898|0.0486551|0.0327472|0.0327897|0.00757137|0.0161043|0.0329774|0.0149268,0.0412895|0.0464405|0.0376584|0.039085|0.0488449|0.0326516|0.00971357|0.0446882|0.0158785|0.0166223|0.029507|0.0460367,0.966562|0.91558|0.926805|0.928597|0.929454|0.985874|0.901048|0.9918|0.954493|0.972235|0.986266|0.991514,0.044073|1.15275|6.14759|3.91297|3.54556|6.07711|1.61346|5.5964|4.28182|0.257261|1.60192|1.43787,79.8117|37.015|83.9106|56.34|92.5451|56.2706|32.2763|27.3162|28.0546|10.3361|29.3778,0.180405|0.162173|0.247463|0.231665|0.193036|0.224038|0.206947|0.195193|0.21248|0.236076|0.163527,0.820707|0.488085|0.917952|0.474189|0.838519|0.441456|0.756824|0.721446|0.717834|0.380012|0.849414,0.836712,0.95003,0.0605752,0.0262135,0.963917,0.465123,0.15314,0.474832,0.221241,0.939811,45.7498,4.30327e-11,91817,0.946666,47.3408,5.83316e-12,89819,0.806875,0.804562,0.0308693,0.827622,0.153213,0.478528,0.188721,0.468424,0.0909349,0.884044,30.5298,9.32513e-10,24710,0.952989,52.309,3.28469e-13,20664
11,20,n1->n2->n12->n13->n14->n15->n16->n6->n7->n8->n9->n10,3.81628e+09|3.17307e+11|2.1111e+11|9.81467e+09|2.91479e+13|3.5907e+10|6.90472e+11|4.81192e+11|4.80907e+13|8.1696e+11|2.30789e+12|4.53093e+09,3.25333e+09|7.16144e+10|1.05012e+11|3.1802e+09|4.85425e+12|3.62158e+09|6.89981e+11|3.85536e+11|1.83015e+13|1.84853e+11|1.03773e+12|9.31081e+08,1.65606e-05|2.94581e-05|1.23997e-05|0.000184444|0.000173701|0.00098768|0.000342499|0.000284109|0.000167308|0.000187958|0.000314672|0.000962884,0.000261068|0.0082771|0.00623448|0.00073597|0.00786944|0.000302079|0.00111591|0.000503779|0.00108045|0.00124643|0.000259122|0.00020631,0.0149239|0.023169|0.0180599|0.0213516|0.0264898|0.0486551|0.0327472|0.0246782|0.0277248|0.008984|0.00551956|0.0149268,0.0412895|0.0464405|0.00826329|0.039085|0.0488449|0.0326516|0.00971357|0.0194929|0.0333838|0.0367367|0.033459|0.0460367,0.966562|0.91558|0.921419|0.928597|0.929454|0.985874|0.901048|0.978715|0.962228|0.943416|0.922419|0.991514,0.044073|1.15275|2.12941|3.91297|3.54556|6.07711|1.61346|1.17871|1.34553|3.46481|0.720084|1.43787,79.8117|88.6198|13.9548|56.34|92.5451|56.2706|50.0569|32.9383|55.4093|99.595|65.9961,0.180405|0.1753|0.240484|0.231665|0.193036|0.224038|0.225307|0.235444|0.210203|0.184736|0.211961,0.820707|0.836696|0.503208|0.474189|0.838519|0.441456|0.100621|0.299341|0.426554|0.509202|0.74,0.836712,0.95003,0.0605752,0.0262135,0.963917,0.465123,0.15314,0.474832,0.221241,0.939811,45.7498,4.30327e-11,91817,0.946666,47.3408,5.83316e-12,89819,0.806875,0.804562,0.0308693,0.827622,0.153213,0.478528,0.188721,0.468424,0.0909349,0.884044,30.5298,9.32513e-10,24710,0.952989,52.309,3.28469e-13,20664
11,21,n1->n11->n12->n13->n14->n15->n16->n17->n18->n8->n9->n10,3.81628e+09|2.52501e+13|2.1111e+11|9.81467e+09|2.91479e+13|3.5907e+10|6.90472e+11|1.49573e+11|1.26146e+12|8.1696e+11|2.30789e+12|4.53093e+09,3.25333e+09|3.47681e+12|1.05012e+11|3.1802e+09|4.85425e+12|3.62158e+09|6.89981e+11|2.52876e+10|2.026e+11|1.84853e+11|1.03773e+12|9.31081e+08,1.65606e-05|0.000333482|1.23997e-05|0.000184444|0.000173701|0.00098768|0.000342499|0.000106677|0.00077073|0.000187958|0.000314672|0.000962884,0.000261068|0.000106174|0.00623448|0.00073597|0.00786944|0.000302079|0.00111591|0.00206961|0.000223728|0.00124643|0.000259122|0.00020631,0.0149239|0.020331|0.0180599|0.0213516|0.0264898|0.0486551|0.0327472|0.0327897|0.00757137|0.008984|0.00551956|0.0149268,0.0412895|0.0123668|0.00826329|0.039085|0.0488449|0.0326516|0.00971357|0.0446882|0.0158785|0.0367367|0.033459|0.0460367,0.966562|0.966881|0.921419|0.928597|0.929454|0.985874|0.901048|0.9918|0.954493|0.943416|0.922419|0.991514,0.044073|0.100884|2.12941|3.91297|3.54556|6.07711|1.61346|5.5964|4.28182|3.46481|0.720084|1.43787,30.2686|24.4191|13.9548|56.34|92.5451|56.2706|32.2763|27.3162|81.3396|99.595|65.9961,0.233793|0.238508|0.240484|0.231665|0.193036|0.224038|0.206947|0.195193|0.182333|0.184736|0.211961,0.365721|0.981001|0.503208|0.474189|0.838519|0.441456|0.756824|0.721446|0.519796|0.509202|0.74,0.836712,0.95003,0.0605752,0.0262135,0.963917,0.465123,0.15314,0.474832,0.221241,0.939811,45.7498,4.30327e-11,91817,0.946666,47.3408,5.83316e-12,89819,0.806875,0.804562,0.0308693,0.827622,0.153213,0.478528,0.188721,0.468424,0.0909349,0.884044,30.5298,9.32513e-10,24710,0.952989,52.309,3.28469e-13,20664
11,22,n1->n2->n3->n4->n5->n15->n16->n17->n18->n8->n9->n10,3.81628e+09|3.17307e+11|9.55297e+11|8.2339e+09|1.37938e+13|3.5907e+10|6.90472e+11|1.49573e+11|1.26146e+12|8.1696e+11|2.30789e+12|4.53093e+09,3.25333e+09|7.16144e+10|1.77834e+11|1.86231e+09|1.38001e+12|3.62158e+09|6.89981e+11|2.52876e+10|2.026e+11|1.84853e+11|1.03773e+12|9.31081e+08,1.65606e-05|2.94581e-05|2.34356e-05|5.62105e-05|0.000116756|0.00098768|0.000342499|0.000106677|0.00077073|0.000187958|0.000314672|0.000962884,0.000261068|0.0082771|0.000154657|0.0010007|0.000330332|0.000302079|0.00111591|0.00206961|0.000223728|0.00124643|0.000259122|0.00020631,0.0149239|0.023169|0.00381353|0.0435318|0.0206384|0.0486551|0.0327472|0.0327897|0.00757137|0.008984|0.00551956|0.0149268,0.0412895|0.0464405|0.0376584|0.0417385|0.0210152|0.0326516|0.00971357|0.0446882|0.0158785|0.0367367|0.033459|0.0460367,0.966562|0.91558|0.926805|0.900946|0.937217|0.985874|0.901048|0.9918|0.954493|0.943416|0.922419|0.991514,0.044073|1.15275|6.14759|2.57143|5.60429|6.07711|1.61346|5.5964|4.28182|3.46481|0.720084|1.43787,79.8117|37.015|10.4739|81.7362|35.0583|56.2706|32.2763|27.3162|81.3396|99.595|65.9961,0.180405|0.162173|0.183499|0.213965|0.165289|0.224038|0.206947|0.195193|0.182333|0.184736|0.211961,0.820707|0.488085|0.949324|0.340685|0.998548|0.441456|0.756824|0.721446|0.519796|0.509202|0.74,0.836712,0.95003,0.0605752,0.0262135,0.963917,0.465123,0.15314,0.474832,0.221241,0.939811,45.7498,4.30327e-11,91817,0.946666,47.3408,5.83316e-12,89819,0.806875,0.804562,0.0308693,0.827622,0.153213,0.478528,0.188721,0.468424,0.0909349,0.884044,30.5298,9.32513e-10,24710,0.952989,52.309,3.28469e-13,20664
11,23,n1->n11->n12->n13->n14->n15->n16->n17->n18->n19->n9->n10,3.81628e+09|2.52501e+13|2.1111e+11|9.81467e+09|2.91479e+13|3.5907e+10|6.90472e+11|1.49573e+11|1.26146e+12|1.16537e+09|2.30789e+12|4.53093e+09,3.25333e+09|3.47681e+12|1.05012e+11|3.1802e+09|4.85425e+12|3.62158e+09|6.89981e+11|2.52876e+10|2.026e+11|6.99014e+08|1.03773e+12|9.31081e+08,1.65606e-05|0.000333482|1.23997e-05|0.000184444|0.000173701|0.00098768|0.000342499|0.000106677|0.00077073|2.23892e-05|0.000314672|0.000962884,0.000261068|0.000106174|0.00623448|0.00073597|0.00786944|0.000302079|0.00111591|0.00206961|0.000223728|0.000391715|0.000259122|0.00020631,0.0149239|0.020331|0.0180599|0.0213516|0.0264898|0.0486551|0.0327472|0.0327897|0.00757137|0.0161043|0.00551956|0.0149268,0.0412895|0.0123668|0.00826329|0.039085|0.0488449|0.0326516|0.00971357|0.0446882|0.0158785|0.0166223|0.033459|0.0460367,0.966562|0.966881|0.921419|0.928597|0.929454|0.985874|0.901048|0.9918|0.954493|0.972235|0.922419|0.991514,0.044073|0.100884|2.12941|3.91297|3.54556|6.07711|1.61346|5.5964|4.28182|0.257261|0.720084|1.43787,30.2686|24.4191|13.9548|56.34|92.5451|56.2706|32.2763|27.3162|28.0546|99.0064|65.9961,0.233793|0.238508|0.240484|0.231665|0.193036|0.224038|0.206947|0.195193|0.21248|0.220943|0.211961,0.365721|0.981001|0.503208|0.474189|0.838519|0.441456|0.756824|0.721446|0.717834|0.31779|0.74,0.836712,0.95003,0.0605752,0.0262135,0.963917,0.465123,0.15314,0.474832,0.221241,0.939811,45.7498,4.30327e-11,91817,0.946666,47.3408,5.83316e-12,89819,0.806875,0.804562,0.0308693,0.827622,0.153213,0.478528,0.188721,0.468424,0.0909349,0.884044,30.5298,9.32513e-10,24710,0.952989,52.309,3.28469e-13,20664
11,24,n1->n2->n3->n4->n5->n6->n7->n8->n18->n19->n9->n10,3.81628e+09|3.17307e+11|9.55297e+11|8.2339e+09|1.37938e+13|4.81192e+11|4.80907e+13|8.1696e+11|1.26146e+12|1.16537e+09|2.30789e+12|4.53093e+09,3.25333e+09|7.16144e+10|1.77834e+11|1.86231e+09|1.38001e+12|3.85536e+11|1.83015e+13|1.84853e+11|2.026e+11|6.99014e+08|1.03773e+12|9.31081e+08,1.65606e-05|2.94581e-05|2.34356e-05|5.62105e-05|0.000116756|0.000284109|0.000167308|0.000187958|0.00077073|2.23892e-05|0.000314672|0.000962884,0.000261068|0.0082771|0.000154657|0.0010007|0.000330332|0.000503779|0.00108045|0.00124643|0.000223728|0.000391715|0.000259122|0.00020631,0.0149239|0.023169|0.00381353|0.0435318|0.0206384|0.0246782|0.0277248|0.008984|0.00757137|0.0161043|0.00551956|0.0149268,0.0412895|0.0464405|0.0376584|0.0417385|0.0210152|0.0194929|0.0333838|0.0367367|0.0158785|0.0166223|0.033459|0.0460367,0.966562|0.91558|0.926805|0.900946|0.937217|0.978715|0.962228|0.943416|0.954493|0.972235|0.922419|0.991514,0.044073|1.15275|6.14759|2.57143|5.60429|1.17871|1.34553|3.46481|4.28182|0.257261|0.720084|1.43787,79.8117|37.015|10.4739|81.7362|37.2729|32.9383|55.4093|81.3396|28.0546|99.0064|65.9961,0.180405|0.162173|0.183499|0.213965|0.247945|0.235444|0.210203|0.182333|0.21248|0.220943|0.211961,0.820707|0.488085|0.949324|0.340685|0.439527|0.299341|0.426554|0.519796|0.717834|0.31779|0.74,0.836712,0.95003,0.0605752,0.0262135,0.963917,0.465123,0.15314,0.474832,0.221241,0.939811,45.7498,4.30327e-11,91817,0.946666,47.3408,5.83316e-12,89819,0.806875,0.804562,0.0308693,0.827622,0.153213,0.478528,0.188721,0.468424,0.0909349,0.884044,30.5298,9.32513e-10,24710,0.952989,52.309,3.28469e-13,20664
11,25,n1->n2->n3->n4->n5->n15->n16->n17->n18->n19->n20->n10,3.81628e+09|3.17307e+11|9.55297e+11|8.2339e+09|1.37938e+13|3.5907e+10|6.90472e+11|1.49573e+11|1.26146e+12|1.16537e+09|9.60703e+09|4.53093e+09,3.25333e+09|7.16144e+10|1.77834e+11|1.86231e+09|1.38001e+12|3.62158e+09|6.89981e+11|2.52876e+10|2.026e+11|6.99014e+08|1.01137e+09|9.31081e+08,1.65606e-05|2.94581e-05|2.34356e-05|5.62105e-05|0.000116756|0.00098768|0.000342499|0.000106677|0.00077073|2.23892e-05|0.000360246|0.000962884,0.000261068|0.0082771|0.000154657|0.0010007|0.000330332|0.000302079|0.00111591|0.00206961|0.000223728|0.000391715|0.00927779|0.00020631,0.0149239|0.023169|0.00381353|0.0435318|0.0206384|0.0486551|0.0327472|0.0327897|0.00757137|0.0161043|0.0329774|0.0149268,0.0412895|0.0464405|0.0376584|0.0417385|0.0210152|0.0326516|0.00971357|0.0446882|0.0158785|0.0166223|0.029507|0.0460367,0.966562|0.91558|0.926805|0.900946|0.937217|0.985874|0.901048|0.9918|0.954493|0.972235|0.986266|0.991514,0.044073|1.15275|6.14759|2.57143|5.60429|6.07711|1.61346|5.5964|4.28182|0.257261|1.60192|1.43787,79.8117|37.015|10.4739|81.7362|35.0583|56.2706|32.2763|27.3162|28.0546|10.3361|29.3778,0.180405|0.162173|0.183499|0.213965|0.165289|0.224038|0.206947|0.195193|0.21248|0.236076|0.163527,0.820707|0.488085|0.949324|0.340685|0.998548|0.441456|0.756824|0.721446|0.717834|0.380012|0.849414,0.836712,0.95003,0.0605752,0.0262135,0.963917,0.465123,0.15314,0.474832,0.221241,0.939811,45.7498,4.30327e-11,91817,0.946666,47.3408,5.83316e-12,89819,0.806875,0.804562,0.0308693,0.827622,0.153213,0.478528,0.188721,0.468424,0.0909349,0.884044,30.5298,9.32513e-10,24710,0.952989,52.309,3.28469e-13,20664
11,26,n1->n2->n3->n4->n5->n6->n16->n17->n18->n19->n20->n10,3.81628e+09|3.17307e+11|9.55297e+11|8.2339e+09|1.37938e+13|4.81192e+11|6.90472e+11|1.49573e+11|1.26146e+12|1.16537e+09|9.60703e+09|4.53093e+09,3.25333e+09|7.16144e+10|1.77834e+11|1.86231e+09|1.38001e+12|3.85536e+11|6.89981e+11|2.52876e+10|2.026e+11|6.99014e+08|1.01137e+09|9.31081e+08,1.65606e-05|2.94581e-05|2.34356e-05|5.62105e-05|0.000116756|0.000284109|0.000342499|0.000106677|0.00077073|2.23892e-05|0.000360246|0.000962884,0.000261068|0.0082771|0.000154657|0.0010007|0.000330332|0.000503779|0.00111591|0.00206961|0.000223728|0.000391715|0.00927779|0.00020631,0.0149239|0.023169|0.00381353|0.0435318|0.0206384|0.0246782|0.0327472|0.0327897|0.00757137|0.0161043|0.0329774|0.0149268,0.0412895|0.0464405|0.0376584|0.0417385|0.0210152|0.0194929|0.00971357|0.0446882|0.0158785|0.0166223|0.029507|0.0460367,0.966562|0.91558|0.926805|0.900946|0.937217|0.978715|0.901048|0.9918|0.954493|0.972235|0.986266|0.991514,0.044073|1.15275|6.14759|2.57143|5.60429|1.17871|1.61346|5.5964|4.28182|0.257261|1.60192|1.43787,79.8117|37.015|10.4739|81.7362|37.2729|50.0569|32.2763|27.3162|28.0546|10.3361|29.3778,0.180405|0.162173|0.183499|0.213965|0.247945|0.225307|0.206947|0.195193|0.21248|0.236076|0.163527,0.820707|0.488085|0.949324|0.340685|0.439527|0.100621|0.756824|0.721446|0.717834|0.380012|0.849414,0.836712,0.95003,0.0605752,0.0262135,0.963917,0.465123,0.15314,0.474832,0.221241,0.939811,45.7498,4.30327e-11,91817,0.946666,47.3408,5.83316e-12,89819,0.806875,0.804562,0.0308693,0.827622,0.153213,0.478528,0.188721,0.468424,0.0909349,0.884044,30.5298,9.32513e-10,24710,0.952989,52.309,3.28469e-13,20664
11,27,n1->n2->n3->n13->n14->n15->n16->n17->n7->n8->n9->n10,3.81628e+09|3.17307e+11|9.55297e+11|9.81467e+09|2.91479e+13|3.5907e+10|6.90472e+11|1.49573e+11|4.80907e+13|8.1696e+11|2.30789e+12|4.53093e+09,3.25333e+09|7.16144e+10|1.77834e+11|3.1802e+09|4.85425e+12|3.62158e+09|6.89981e+11|2.52876e+10|1.83015e+13|1.84853e+11|1.03773e+12|9.31081e+08,1.65606e-05|2.94581e-05|2.34356e-05|0.000184444|0.000173701|0.00098768|0.000342499|0.000106677|0.000167308|0.000187958|0.000314672|0.000962884,0.000261068|0.0082771|0.000154657|0.00073597|0.00786944|0.000302079|0.00111591|0.00206961|0.00108045|0.00124643|0.000259122|0.00020631,0.0149239|0.023169|0.00381353|0.0213516|0.0264898|0.0486551|0.0327472|0.0327897|0.0277248|0.008984|0.00551956|0.0149268,0.0412895|0.0464405|0.0376584|0.039085|0.0488449|0.0326516|0.00971357|0.0446882|0.0333838|0.0367367|0.033459|0.0460367,0.966562|0.91558|0.926805|0.928597|0.929454|0.985874|0.901048|0.9918|0.962228|0.943416|0.922419|0.991514,0.044073|1.15275|6.14759|3.91297|3.54556|6.07711|1.61346|5.5964|1.34553|3.46481|0.720084|1.43787,79.8117|37.015|83.9106|56.34|92.5451|56.2706|32.2763|59.8148|55.4093|99.595|65.9961,0.180405|0.162173|0.247463|0.231665|0.193036|0.224038|0.206947|0.19432|0.210203|0.184736|0.211961,0.820707|0.488085|0.917952|0.474189|0.838519|0.441456|0.756824|0.320068|0.426554|0.509202|0.74,0.836712,0.95003,0.0605752,0.0262135,0.963917,0.465123,0.15314,0.474832,0.221241,0.939811,45.7498,4.30327e-11,91817,0.946666,47.3408,5.83316e-12,89819,0.806875,0.804562,0.0308693,0.827622,0.153213,0.478528,0.188721,0.468424,0.0909349,0.884044,30.5298,9.32513e-10,24710,0.952989,52.309,3.28469e-13,20664
11,28,n1->n2->n3->n4->n5->n6->n7->n8->n18->n19->n20->n10,3.81628e+09|3.17307e+11|9.55297e+11|8.2339e+09|1.37938e+13|4.81192e+11|4.80907e+13|8.1696e+11|1.26146e+12|1.16537e+09|9.60703e+09|4.53093e+09,3.25333e+09|7.16144e+10|1.77834e+11|1.86231e+09|1.38001e+12|3.85536e+11|1.83015e+13|1.84853e+11|2.026e+11|6.99014e+08|1.01137e+09|9.31081e+08,1.65606e-05|2.94581e-05|2.34356e-05|5.62105e-05|0.000116756|0.000284109|0.000167308|0.000187958|0.00077073|2.23892e-05|0.000360246|0.000962884,0.000261068|0.0082771|0.000154657|0.0010007|0.000330332|0.000503779|0.00108045|0.00124643|0.000223728|0.000391715|0.00927779|0.00020631,0.0149239|0.023169|0.00381353|0.0435318|0.0206384|0.0246782|0.0277248|0.008984|0.00757137|0.0161043|0.0329774|0.0149268,0.0412895|0.0464405|0.0376584|0.0417385|0.0210152|0.0194929|0.0333838|0.0367367|0.0158785|0.0166223|0.029507|0.0460367,0.966562|0.91558|0.926805|0.900946|0.937217|0.978715|0.962228|0.943416|0.954493|0.972235|0.986266|0.991514,0.044073|1.15275|6.14759|2.57143|5.60429|1.17871|1.34553|3.46481|4.28182|0.257261|1.60192|1.43787,79.8117|37.015|10.4739|81.7362|37.2729|32.9383|55.4093|81.3396|28.0546|10.3361|29.3778,0.180405|0.162173|0.183499|0.213965|0.247945|0.235444|0.210203|0.182333|0.21248|0.236076|0.163527,0.820707|0.488085|0.949324|0.340685|0.439527|0.299341|0.426554|0.519796|0.717834|0.380012|0.849414,0.836712,0.95003,0.0605752,0.0262135,0.963917,0.465123,0.15314,0.474832,0.221241,0.939811,45.7498,4.30327e-11,91817,0.946666,47.3408,5.83316e-12,89819,0.806875,0.804562,0.0308693,0.827622,0.153213,0.478528,0.188721,0.468424,0.0909349,0.884044,30.5298,9.32513e-10,24710,0.952989,52.309,3.28469e-13,20664
11,29,n1->n2->n3->n4->n14->n15->n16->n17->n18->n19->n20->n10,3.81628e+09|3.17307e+11|9.55297e+11|8.2339e+09|2.91479e+13|3.5907e+10|6.90472e+11|1.49573e+11|1.26146e+12|1.16537e+09|9.60703e+09|4.53093e+09,3.25333e+09|7.16144e+10|1.77834e+11|1.86231e+09|4.85425e+12|3.62158e+09|6.89981e+11|2.52876e+10|2.026e+11|6.99014e+08|1.01137e+09|9.31081e+08,1.65606e-05|2.94581e-05|2.34356e-05|5.62105e-05|0.000173701|0.00098768|0.000342499|0.000106677|0.00077073|2.23892e-05|0.000360246|0.000962884,0.000261068|0.0082771|0.000154657|0.0010007|0.00786944|0.000302079|0.00111591|0.00206961|0.000223728|0.000391715|0.00927779|0.00020631,0.0149239|0.023169|0.00381353|0.0435318|0.0264898|0.0486551|0.0327472|0.0327897|0.00757137|0.0161043|0.0329774|0.0149268,0.0412895|0.0464405|0.0376584|0.0417385|0.0488449|0.0326516|0.00971357|0.0446882|0.0158785|0.0166223|0.029507|0.0460367,0.966562|0.91558|0.926805|0.900946|0.929454|0.985874|0.901048|0.9918|0.954493|0.972235|0.986266|0.991514,0.044073|1.15275|6.14759|2.57143|3.54556|6.07711|1.61346|5.5964|4.28182|0.257261|1.60192|1.43787,79.8117|37.015|10.4739|52.1141|92.5451|56.2706|32.2763|27.3162|28.0546|10.3361|29.3778,0.180405|0.162173|0.183499|0.232653|0.193036|0.224038|0.206947|0.195193|0.21248|0.236076|0.163527,0.820707|0.488085|0.949324|0.731436|0.838519|0.441456|0.756824|0.721446|0.717834|0.380012|0.849414,0.836712,0.95003,0.0605752,0.0262135,0.963917,0.465123,0.15314,0.474832,0.221241,0.939811,45.7498,4.30327e-11,91817,0.946666,47.3408,5.83316e-12,89819,0.806875,0.804562,0.0308693,0.827622,0.153213,0.478528,0.188721,0.468424,0.0909349,0.884044,30.5298,9.32513e-10,24710,0.952989,52.309,3.28469e-13,20664
11,30,n1->n2->n3->n4->n14->n15->n16->n17->n7->n8->n9->n10,3.81628e+09|3.17307e+11|9.55297e+11|8.2339e+09|2.91479e+13|3.5907e+10|6.90472e+11|1.49573e+11|4.80907e+13|8.1696e+11|2.30789e+12|4.53093e+09,3.25333e+09|7.16144e+10|1.77834e+11|1.86231e+09|4.85425e+12|3.62158e+09|6.89981e+11|2.52876e+10|1.83015e+13|1.84853e+11|1.03773e+12|9.31081e+08,1.65606e-05|2.94581e-05|2.34356e-05|5.62105e-05|0.000173701|0.00098768|0.000342499|0.000106677|0.000167308|0.000187958|0.000314672|0.000962884,0.000261068|0.0082771|0.000154657|0.0010007|0.00786944|0.000302079|0.00111591|0.00206961|0.00108045|0.00124643|0.000259122|0.00020631,0.0149239|0.023169|0.00381353|0.0435318|0.0264898|0.0486551|0.0327472|0.0327897|0.0277248|0.008984|0.00551956|0.0149268,0.0412895|0.0464405|0.0376584|0.0417385|0.0488449|0.0326516|0.00971357|0.0446882|0.0333838|0.0367367|0.033459|0.0460367,0.966562|0.91558|0.926805|0.900946|0.929454|0.985874|0.901048|0.9918|0.962228|0.943416|0.922419|0.991514,0.044073|1.15275|6.14759|2.57143|3.54556|6.07711|1.61346|5.5964|1.34553|3.46481|0.720084|1.43787,79.8117|37.015|10.4739|52.1141|92.5451|56.2706|32.2763|59.8148|55.4093|99.595|65.9961,0.180405|0.162173|0.183499|0.232653|0.193036|0.224038|0.206947|0.19432|0.210203|0.184736|0.211961,0.820707|0.488085|0.949324|0.731436|0.838519|0.441456|0.756824|0.320068|0.426554|0.509202|0.74,0.836712,0.95003,0.0605752,0.0262135,0.963917,0.465123,0.15314,0.474832,0.221241,0.939811,45.7498,4.30327e-11,91817,0.946666,47.3408,5.83316e-12,89819,0.806875,0.804562,0.0308693,0.827622,0.153213,0.478528,0.188721,0.468424,0.0909349,0.884044,30.5298,9.32513e-10,24710,0.952989,52.309,3.28469e-13,20664
11,31,n1->n2->n3->n4->n5->n6->n7->n8->n9->n19->n20->n10,3.81628e+09|3.17307e+11|9.55297e+11|8.2339e+09|1.37938e+13|4.81192e+11|4.80907e+13|8.1696e+11|2.30789e+12|1.16537e+09|9.60703e+09|4.53093e+09,3.25333e+09|7.16144e+10|1.77834e+11|1.86231e+09|1.38001e+12|3.85536e+11|1.83015e+13|1.84853e+11|1.03773e+12|6.99014e+08|1.01137e+09|9.31081e+08,1.65606e-05|2.94581e-05|2.34356e-05|5.62105e-05|0.000116756|0.000284109|0.000167308|0.000187958|0.000314672|2.23892e-05|0.000360246|0.000962884,0.000261068|0.0082771|0.000154657|0.0010007|0.000330332|0.000503779|0.00108045|0.00124643|0.000259122|0.000391715|0.00927779|0.00020631,0.0149239|0.023169|0.00381353|0.0435318|0.0206384|0.0246782|0.0277248|0.008984|0.00551956|0.0161043|0.0329774|0.0149268,0.0412895|0.0464405|0.0376584|0.0417385|0.0210152|0.0194929|0.0333838|0.0367367|0.033459|0.0166223|0.029507|0.0460367,0.966562|0.91558|0.926805|0.900946|0.937217|0.978715|0.962228|0.943416|0.922419|0.972235|0.986266|0.991514,0.044073|1.15275|6.14759|2.57143|5.60429|1.17871|1.34553|3.46481|0.720084|0.257261|1.60192|1.43787,79.8117|37.015|10.4739|81.7362|37.2729|32.9383|55.4093|99.595|99.0064|10.3361|29.3778,0.180405|0.162173|0.183499|0.213965|0.247945|0.235444|0.210203|0.184736|0.220943|0.236076|0.163527,0.820707|0.488085|0.949324|0.340685|0.439527|0.299341|0.426554|0.509202|0.31779|0.380012|0.849414,0.836712,0.95003,0.0605752,0.0262135,0.963917,0.465123,0.15314,0.474832,0.221241,0.939811,45.7498,4.30327e-11,91817,0.946666,47.3408,5.83316e-12,89819,0.806875,0.804562,0.0308693,0.827622,0.153213,0.478528,0.188721,0.468424,0.0909349,0.884044,30.5298,9.32513e-10,24710,0.952989,52.309,3.28469e-13,20664
11,32,n1->n2->n3->n4->n5->n6->n16->n17->n7->n8->n9->n10,3.81628e+09|3.17307e+11|9.55297e+11|8.2339e+09|1.37938e+13|4.81192e+11|6.90472e+11|1.49573e+11|4.80907e+13|8.1696e+11|2.30789e+12|4.53093e+09,3.25333e+09|7.16144e+10|1.77834e+11|1.86231e+09|1.38001e+12|3.85536e+11|6.89981e+11|2.52876e+10|1.83015e+13|1.84853e+11|1.03773e+12|9.31081e+08,1.65606e-05|2.94581e-05|2.34356e-05|5.62105e-05|0.000116756|0.000284109|0.000342499|0.000106677|0.000167308|0.000187958|0.000314672|0.000962884,0.000261068|0.0082771|0.000154657|0.0010007|0.000330332|0.000503779|0.00111591|0.00206961|0.00108045|0.00124643|0.000259122|0.00020631,0.0149239|0.023169|0.00381353|0.0435318|0.0206384|0.0246782|0.0327472|0.0327897|0.0277248|0.008984|0.00551956|0.0149268,0.0412895|0.0464405|0.0376584|0.0417385|0.0210152|0.0194929|0.00971357|0.0446882|0.0333838|0.0367367|0.033459|0.0460367,0.966562|0.91558|0.926805|0.900946|0.937217|0.978715|0.901048|0.9918|0.962228|0.943416|0.922419|0.991514,0.044073|1.15275|6.14759|2.57143|5.60429|1.17871|1.61346|5.5964|1.34553|3.46481|0.720084|1.43787,79.8117|37.015|10.4739|81.7362|37.2729|50.0569|32.2763|59.8148|55.4093|99.595|65.9961,0.180405|0.162173|0.183499|0.213965|0.247945|0.225307|0.206947|0.19432|0.210203|0.184736|0.211961,0.820707|0.488085|0.949324|0.340685|0.439527|0.100621|0.756824|0.320068|0.426554|0.509202|0.74,0.836712,0.95003,0.0605752,0.0262135,0.963917,0.465123,0.15314,0.474832,0.221241,0.939811,45.7498,4.30327e-11,91817,0.946666,47.3408,5.83316e-12,89819,0.806875,0.804562,0.0308693,0.827622,0.153213,0.478528,0.188721,0.468424,0.0909349,0.884044,30.5298,9.32513e-10,24710,0.952989,52.309,3.28469e-13,20664
11,33,n1->n2->n3->n4->n14->n15->n16->n17->n18->n19->n9->n10,3.81628e+09|3.17307e+11|9.55297e+11|8.2339e+09|2.91479e+13|3.5907e+10|6.90472e+11|1.49573e+11|1.26146e+12|1.16537e+09|2.30789e+12|4.53093e+09,3.25333e+09|7.16144e+10|1.77834e+11|1.86231e+09|4.85425e+12|3.62158e+09|6.89981e+11|2.52876e+10|2.026e+11|6.99014e+08|1.03773e+12|9.31081e+08,1.65606e-05|2.94581e-05|2.34356e-05|5.62105e-05|0.000173701|0.00098768|0.000342499|0.000106677|0.00077073|2.23892e-05|0.000314672|0.000962884,0.000261068|0.0082771|0.000154657|0.0010007|0.00786944|0.000302079|0.00111591|0.00206961|0.000223728|0.000391715|0.000259122|0.00020631,0.0149239|0.023169|0.00381353|0.0435318|0.0264898|0.0486551|0.0327472|0.0327897|0.00757137|0.0161043|0.00551956|0.0149268,0.0412895|0.0464405|0.0376584|0.0417385|0.0488449|0.0326516|0.00971357|0.0446882|0.0158785|0.0166223|0.033459|0.0460367,0.966562|0.91558|0.926805|0.900946|0.929454|0.985874|0.901048|0.9918|0.954493|0.972235|0.922419|0.991514,0.044073|1.15275|6.14759|2.57143|3.54556|6.07711|1.61346|5.5964|4.28182|0.257261|0.720084|1.43787,79.8117|37.015|10.4739|52.1141|92.5451|56.2706|32.2763|27.3162|28.0546|99.0064|65.9961,0.180405|0.162173|0.183499|0.232653|0.193036|0.224038|0.206947|0.195193|0.21248|0.220943|0.211961,0.820707|0.488085|0.949324|0.731436|0.838519|0.441456|0.756824|0.721446|0.717834|0.31779|0.74,0.836712,0.95003,0.0605752,0.0262135,0.963917,0.465123,0.15314,0.474832,0.221241,0.939811,45.7498,4.30327e-11,91817,0.946666,47.3408,5.83316e-12,89819,0.806875,0.804562,0.0308693,0.827622,0.153213,0.478528,0.188721,0.468424,0.0909349,0.884044,30.5298,9.32513e-10,24710,0.952989,52.309,3.28469e-13,20664
11,34,n1->n2->n3->n4->n5->n6->n7->n17->n18->n8->n9->n10,3.81628e+09|3.17307e+11|9.55297e+11|8.2339e+09|1.37938e+13|4.81192e+11|4.80907e+13|1.49573e+11|1.26146e+12|8.1696e+11|2.30789e+12|4.53093e+09,3.25333e+09|7.16144e+10|1.77834e+11|1.86231e+09|1.38001e+12|3.85536e+11|1.83015e+13|2.52876e+10|2.026e+11|1.84853e+11|1.03773e+12|9.31081e+08,1.65606e-05|2.94581e-05|2.34356e-05|5.62105e-05|0.000116756|0.000284109|0.000167308|0.000106677|0.00077073|0.000187958|0.000314672|0.000962884,0.000261068|0.0082771|0.000154657|0.0010007|0.000330332|0.000503779|0.00108045|0.00206961|0.000223728|0.00124643|0.000259122|0.00020631,0.0149239|0.023169|0.00381353|0.0435318|0.0206384|0.0246782|0.0277248|0.0327897|0.00757137|0.008984|0.00551956|0.0149268,0.0412895|0.0464405|0.0376584|0.0417385|0.0210152|0.0194929|0.0333838|0.0446882|0.0158785|0.0367367|0.033459|0.0460367,0.966562|0.91558|0.926805|0.900946|0.937217|0.978715|0.962228|0.9918|0.954493|0.943416|0.922419|0.991514,0.044073|1.15275|6.14759|2.57143|5.60429|1.17871|1.34553|5.5964|4.28182|3.46481|0.720084|1.43787,79.8117|37.015|10.4739|81.7362|37.2729|32.9383|59.8148|27.3162|81.3396|99.595|65.9961,0.180405|0.162173|0.183499|0.213965|0.247945|0.235444|0.19432|0.195193|0.182333|0.184736|0.211961,0.820707|0.488085|0.949324|0.340685|0.439527|0.299341|0.320068|0.721446|0.519796|0.509202|0.74,0.836712,0.95003,0.0605752,0.0262135,0.963917,0.465123,0.15314,0.474832,0.221241,0.939811,45.7498,4.30327e-11,91817,0.946666,47.3408,5.83316e-12,89819,0.806875,0.804562,0.0308693,0.827622,0.153213,0.478528,0.188721,0.468424,0.0909349,0.884044,30.5298,9.32513e-10,24710,0.952989,52.309,3.28469e-13,20664
11,35,n1->n2->n3->n4->n14->n15->n16->n17->n18->n8->n9->n10,3.81628e+09|3.17307e+11|9.55297e+11|8.2339e+09|2.91479e+13|3.5907e+10|6.90472e+11|1.49573e+11|1.26146e+12|8.1696e+11|2.30789e+12|4.53093e+09,3.25333e+09|7.16144e+10|1.77834e+11|1.86231e+09|4.85425e+12|3.62158e+09|6.89981e+11|2.52876e+10|2.026e+11|1.84853e+11|1.03773e+12|9.31081e+08,1.65606e-05|2.94581e-05|2.34356e-05|5.62105e-05|0.000173701|0.00098768|0.000342499|0.000106677|0.00077073|0.000187958|0.000314672|0.000962884,0.000261068|0.0082771|0.000154657|0.0010007|0.00786944|0.000302079|0.00111591|0.00206961|0.000223728|0.00124643|0.000259122|0.00020631,0.0149239|0.023169|0.00381353|0.0435318|0.0264898|0.0486551|0.0327472|0.0327897|0.00757137|0.008984|0.00551956|0.0149268,0.0412895|0.0464405|0.0376584|0.0417385|0.0488449|0.0326516|0.00971357|0.0446882|0.0158785|0.0367367|0.033459|0.0460367,0.966562|0.91558|0.926805|0.900946|0.929454|0.985874|0.901048|0.9918|0.954493|0.943416|0.922419|0.991514,0.044073|1.15275|6.14759|2.57143|3.54556|6.07711|1.61346|5.5964|4.28182|3.46481|0.720084|1.43787,79.8117|37.015|10.4739|52.1141|92.5451|56.2706|32.2763|27.3162|81.3396|99.595|65.9961,0.180405|0.162173|0.183499|0.232653|0.193036|0.224038|0.206947|0.195193|0.182333|0.184736|0.211961,0.820707|0.488085|0.949324|0.731436|0.838519|0.441456|0.756824|0.721446|0.519796|0.509202|0.74,0.836712,0.95003,0.0605752,0.0262135,0.963917,0.465123,0.15314,0.474832,0.221241,0.939811,45.7498,4.30327e-11,91817,0.946666,47.3408,5.83316e-12,89819,0.806875,0.804562,0.0308693,0.827622,0.153213,0.478528,0.188721,0.468424,0.0909349,0.884044,30.5298,9.32513e-10,24710,0.952989,52.309,3.28469e-13,20664
11,36,n1->n11->n12->n13->n14->n15->n16->n17->n18->n19->n20->n10,3.81628e+09|2.52501e+13|2.1111e+11|9.81467e+09|2.91479e+13|3.5907e+10|6.90472e+11|1.49573e+11|1.26146e+12|1.16537e+09|9.60703e+09|4.53093e+09,3.25333e+09|3.47681e+12|1.05012e+11|3.1802e+09|4.85425e+12|3.62158e+09|6.89981e+11|2.52876e+10|2.026e+11|6.99014e+08|1.01137e+09|9.31081e+08,1.65606e-05|0.000333482|1.23997e-05|0.000184444|0.000173701|0.00098768|0.000342499|0.000106677|0.00077073|2.23892e-05|0.000360246|0.000962884,0.000261068|0.000106174|0.00623448|0.00073597|0.00786944|0.000302079|0.00111591|0.00206961|0.000223728|0.000391715|0.00927779|0.00020631,0.0149239|0.020331|0.0180599|0.0213516|0.0264898|0.0486551|0.0327472|0.0327897|0.00757137|0.0161043|0.0329774|0.0149268,0.0412895|0.0123668|0.00826329|0.039085|0.0488449|0.0326516|0.00971357|0.0446882|0.0158785|0.0166223|0.029507|0.0460367,0.966562|0.966881|0.921419|0.928597|0.929454|0.985874|0.901048|0.9918|0.954493|0.972235|0.986266|0.991514,0.044073|0.100884|2.12941|3.91297|3.54556|6.07711|1.61346|5.5964|4.28182|0.257261|1.60192|1.43787,30.2686|24.4191|13.9548|56.34|92.5451|56.2706|32.2763|27.3162|28.0546|10.3361|29.3778,0.233793|0.238508|0.240484|0.231665|0.193036|0.224038|0.206947|0.195193|0.21248|0.236076|0.163527,0.365721|0.981001|0.503208|0.474189|0.838519|0.441456|0.756824|0.721446|0.717834|0.380012|0.849414,0.836712,0.95003,0.0605752,0.0262135,0.963917,0.465123,0.15314,0.474832,0.221241,0.939811,45.7498,4.30327e-11,91817,0.946666,47.3408,5.83316e-12,89819,0.806875,0.804562,0.0308693,0.827622,0.153213,0.478528,0.188721,0.468424,0.0909349,0.884044,30.5298,9.32513e-10,24710,0.952989,52.309,3.28469e-13,20664
11,37,n1->n2->n12->n13->n14->n15->n16->n17->n18->n8->n9->n10,3.81628e+09|3.17307e+11|2.1111e+11|9.81467e+09|2.91479e+13|3.5907e+10|6.90472e+11|1.49573e+11|1.26146e+12|8.1696e+11|2.30789e+12|4.53093e+09,3.25333e+09|7.16144e+10|1.05012e+11|3.1802e+09|4.85425e+12|3.62158e+09|6.89981e+11|2.52876e+10|2.026e+11|1.84853e+11|1.03773e+12|9.31081e+08,1.65606e-05|2.94581e-05|1.23997e-05|0.000184444|0.000173701|0.00098768|0.000342499|0.000106677|0.00077073|0.000187958|0.000314672|0.000962884,0.000261068|0.0082771|0.00623448|0.00073597|0.00786944|0.000302079|0.00111591|0.00206961|0.000223728|0.00124643|0.000259122|0.00020631,0.0149239|0.023169|0.0180599|0.0213516|0.0264898|0.0486551|0.0327472|0.0327897|0.00757137|0.008984|0.00551956|0.0149268,0.0412895|0.0464405|0.00826329|0.039085|0.0488449|0.0326516|0.00971357|0.0446882|0.0158785|0.0367367|0.033459|0.0460367,0.966562|0.91558|0.921419|0.928597|0.929454|0.985874|0.901048|0.9918|0.954493|0.943416|0.922419|0.991514,0.044073|1.15275|2.12941|3.91297|3.54556|6.07711|1.61346|5.5964|4.28182|3.46481|0.720084|1.43787,79.8117|88.6198|13.9548|56.34|92.5451|56.2706|32.2763|27.3162|81.3396|99.595|65.9961,0.180405|0.1753|0.240484|0.231665|0.193036|0.224038|0.206947|0.195193|0.182333|0.184736|0.211961,0.820707|0.836696|0.503208|0.474189|0.838519|0.441456|0.756824|0.721446|0.519796|0.509202|0.74,0.836712,0.95003,0.0605752,0.0262135,0.963917,0.465123,0.15314,0.474832,0.221241,0.939811,45.7498,4.30327e-11,91817,0.946666,47.3408,5.83316e-12,89819,0.806875,0.804562,0.0308693,0.827622,0.153213,0.478528,0.188721,0.468424,0.0909349,0.884044,30.5298,9.32513e-10,24710,0.952989,52.309,3.28469e-13,20664
11,38,n1->n2->n3->n4->n5->n6->n7->n17->n18->n19->n20->n10,3.81628e+09|3.17307e+11|9.55297e+11|8.2339e+09|1.37938e+13|4.81192e+11|4.80907e+13|1.49573e+11|1.26146e+12|1.16537e+09|9.60703e+09|4.53093e+09,3.25333e+09|7.16144e+10|1.77834e+11|1.86231e+09|1.38001e+12|3.85536e+11|1.83015e+13|2.52876e+10|2.026e+11|6.99014e+08|1.01137e+09|9.31081e+08,1.65606e-05|2.94581e-05|2.34356e-05|5.62105e-05|0.000116756|0.000284109|0.000167308|0.000106677|0.00077073|2.23892e-05|0.000360246|0.000962884,0.000261068|0.0082771|0.000154657|0.0010007|0.000330332|0.000503779|0.00108045|0.00206961|0.000223728|0.000391715|0.00927779|0.00020631,0.0149239|0.023169|0.00381353|0.0435318|0.0206384|0.0246782|0.0277248|0.0327897|0.00757137|0.0161043|0.0329774|0.0149268,0.0412895|0.0464405|0.0376584|0.0417385|0.0210152|0.0194929|0.0333838|0.0446882|0.0158785|0.0166223|0.029507|0.0460367,0.966562|0.91558|0.926805|0.900946|0.937217|0.978715|0.962228|0.9918|0.954493|0.972235|0.986266|0.991514,0.044073|1.15275|6.14759|2.57143|5.60429|1.17871|1.34553|5.5964|4.28182|0.257261|1.60192|1.43787,79.8117|37.015|10.4739|81.7362|37.2729|32.9383|59.8148|27.3162|28.0546|10.3361|29.3778,0.180405|0.162173|0.183499|0.213965|0.247945|0.235444|0.19432|0.195193|0.21248|0.236076|0.163527,0.820707|0.488085|0.949324|0.340685|0.439527|0.299341|0.320068|0.721446|0.717834|0.380012|0.849414,0.836712,0.95003,0.0605752,0.0262135,0.963917,0.465123,0.15314,0.474832,0.221241,0.939811,45.7498,4.30327e-11,91817,0.946666,47.3408,5.83316e-12,89819,0.806875,0.804562,0.0308693,0.827622,0.153213,0.478528,0.188721,0.468424,0.0909349,0.884044,30.5298,9.32513e-10,24710,0.952989,52.309,3.28469e-13,20664
11,39,n1->n2->n12->n13->n14->n15->n16->n17->n18->n19->n20->n10,3.81628e+09|3.17307e+11|2.1111e+11|9.81467e+09|2.91479e+13|3.5907e+10|6.90472e+11|1.49573e+11|1.26146e+12|1.16537e+09|9.60703e+09|4.53093e+09,3.25333e+09|7.16144e+10|1.05012e+11|3.1802e+09|4.85425e+12|3.62158e+09|6.89981e+11|2.52876e+10|2.026e+11|6.99014e+08|1.01137e+09|9.31081e+08,1.65606e-05|2.94581e-05|1.23997e-05|0.000184444|0.000173701|0.00098768|0.000342499|0.000106677|0.00077073|2.23892e-05|0.000360246|0.000962884,0.000261068|0.0082771|0.00623448|0.00073597|0.00786944|0.000302079|0.00111591|0.00206961|0.000223728|0.000391715|0.00927779|0.00020631,0.0149239|0.023169|0.0180599|0.0213516|0.0264898|0.0486551|0.0327472|0.0327897|0.00757137|0.0161043|0.0329774|0.0149268,0.0412895|0.0464405|0.00826329|0.039085|0.0488449|0.0326516|0.00971357|0.0446882|0.0158785|0.0166223|0.029507|0.0460367,0.966562|0.91558|0.921419|0.928597|0.929454|0.985874|0.901048|0.9918|0.954493|0.972235|0.986266|0.991514,0.044073|1.15275|2.12941|3.91297|3.54556|6.07711|1.61346|5.5964|4.28182|0.257261|1.60192|1.43787,79.8117|88.6198|13.9548|56.34|92.5451|56.2706|32.2763|27.3162|28.0546|10.3361|29.3778,0.180405|0.1753|0.240484|0.231665|0.193036|0.224038|0.206947|0.195193|0.21248|0.236076|0.163527,0.820707|0.836696|0.503208|0.474189|0.838519|0.441456|0.756824|0.721446|0.717834|0.380012|0.849414,0.836712,0.95003,0.0605752,0.0262135,0.963917,0.465123,0.15314,0.474832,0.221241,0.939811,45.7498,4.30327e-11,91817,0.946666,47.3408,5.83316e-12,89819,0.806875,0.804562,0.0308693,0.827622,0.153213,0.478528,0.188721,0.468424,0.0909349,0.884044,30.5298,9.32513e-10,24710,0.952989,52.309,3.28469e-13,20664
11,40,n1->n2->n3->n4->n5->n6->n7->n17->n18->n19->n9->n10,3.81628e+09|3.17307e+11|9.55297e+11|8.2339e+09|1.37938e+13|4.81192e+11|4.80907e+13|1.49573e+11|1.26146e+12|1.16537e+09|2.30789e+12|4.53093e+09,3.25333e+09|7.16144e+10|1.77834e+11|1.86231e+09|1.38001e+12|3.85536e+11|1.83015e+13|2.52876e+10|2.026e+11|6.99014e+08|1.03773e+12|9.31081e+08,1.65606e-05|2.94581e-05|2.34356e-05|5.62105e-05|0.000116756|0.000284109|0.000167308|0.000106677|0.00077073|2.23892e-05|0.000314672|0.000962884,0.000261068|0.0082771|0.000154657|0.0010007|0.000330332|0.000503779|0.00108045|0.00206961|0.000223728|0.000391715|0.000259122|0.00020631,0.0149239|0.023169|0.00381353|0.0435318|0.0206384|0.0246782|0.0277248|0.0327897|0.00757137|0.0161043|0.00551956|0.0149268,0.0412895|0.0464405|0.0376584|0.0417385|0.0210152|0.0194929|0.0333838|0.0446882|0.0158785|0.0166223|0.033459|0.0460367,0.966562|0.91558|0.926805|0.900946|0.937217|0.978715|0.962228|0.9918|0.954493|0.972235|0.922419|0.991514,0.044073|1.15275|6.14759|2.57143|5.60429|1.17871|1.34553|5.5964|4.28182|0.257261|0.720084|1.43787,79.8117|37.015|10.4739|81.7362|37.2729|32.9383|59.8148|27.3162|28.0546|99.0064|65.9961,0.180405|0.162173|0.183499|0.213965|0.247945|0.235444|0.19432|0.195193|0.21248|0.220943|0.211961,0.820707|0.488085|0.949324|0.340685|0.439527|0.299341|0.320068|0.721446|0.717834|0.31779|0.74,0.836712,0.95003,0.0605752,0.0262135,0.963917,0.465123,0.15314,0.474832,0.221241,0.939811,45.7498,4.30327e-11,91817,0.946666,47.3408,5.83316e-12,89819,0.806875,0.804562,0.0308693,0.827622,0.153213,0.478528,0.188721,0.468424,0.0909349,0.884044,30.5298,9.32513e-10,24710,0.952989,52.309,3.28469e-13,20664
11,41,n1->n11->n12->n22->n23->n13->n14->n4->n5->n6->n7->n8->n9->n10,3.81628e+09|2.52501e+13|2.1111e+11|3.67533e+09|6.10326e+09|9.81467e+09|2.91479e+13|8.2339e+09|1.37938e+13|4.81192e+11|4.80907e+13|8.1696e+11|2.30789e+12|4.53093e+09,3.25333e+09|3.47681e+12|1.05012e+11|2.7041e+09|4.29963e+09|3.1802e+09|4.85425e+12|1.86231e+09|1.38001e+12|3.85536e+11|1.83015e+13|1.84853e+11|1.03773e+12|9.31081e+08,1.65606e-05|0.000333482|1.23997e-05|0.000252666|0.000453384|0.000184444|0.000173701|5.62105e-05|0.000116756|0.000284109|0.000167308|0.000187958|0.000314672|0.000962884,0.000261068|0.000106174|0.00623448|0.000120953|0.00368377|0.00073597|0.00786944|0.0010007|0.000330332|0.000503779|0.00108045|0.00124643|0.000259122|0.00020631,0.0149239|0.020331|0.0180599|0.00578932|0.0307353|0.0213516|0.0264898|0.0435318|0.0206384|0.0246782|0.0277248|0.008984|0.00551956|0.0149268,0.0412895|0.0123668|0.00826329|0.00482572|0.0361747|0.039085|0.0488449|0.0417385|0.0210152|0.0194929|0.0333838|0.0367367|0.033459|0.0460367,0.966562|0.966881|0.921419|0.905866|0.970156|0.928597|0.929454|0.900946|0.937217|0.978715|0.962228|0.943416|0.922419|0.991514,0.044073|0.100884|2.12941|0.371065|5.58772|3.91297|3.54556|2.57143|5.60429|1.17871|1.34553|3.46481|0.720084|1.43787,30.2686|24.4191|13.2112|55.8812|51.9585|56.34|52.1141|81.7362|37.2729|32.9383|55.4093|99.595|65.9961,0.233793|0.238508|0.23086|0.198716|0.193998|0.231665|0.232653|0.213965|0.247945|0.235444|0.210203|0.184736|0.211961,0.365721|0.981001|0.959801|0.142489|0.362388|0.474189|0.731436|0.340685|0.439527|0.299341|0.426554|0.509202|0.74,0.836712,0.95003,0.0605752,0.0262135,0.963917,0.465123,0.15314,0.474832,0.221241,0.939811,45.7498,4.30327e-11,91817,0.946666,47.3408,5.83316e-12,89819,0.806875,0.804562,0.0308693,0.827622,0.153213,0.478528,0.188721,0.468424,0.0909349,0.884044,30.5298,9.32513e-10,24710,0.952989,52.309,3.28469e-13,20664
11,42,n1->n11->n12->n22->n23->n24->n25->n15->n5->n6->n7->n8->n9->n10,3.81628e+09|2.52501e+13|2.1111e+11|3.67533e+09|6.10326e+09|4.58897e+12|7.02296e+09|3.5907e+10|1.37938e+13|4.81192e+11|4.80907e+13|8.1696e+11|2.30789e+12|4.53093e+09,3.25333e+09|3.47681e+12|1.05012e+11|2.7041e+09|4.29963e+09|2.50135e+12|7.41925e+08|3.62158e+09|1.38001e+12|3.85536e+11|1.83015e+13|1.84853e+11|1.03773e+12|9.31081e+08,1.65606e-05|0.000333482|1.23997e-05|0.000252666|0.000453384|0.00040566|3.98486e-05|0.00098768|0.000116756|0.000284109|0.000167308|0.000187958|0.000314672|0.000962884,0.000261068|0.000106174|0.00623448|0.000120953|0.00368377|0.00129631|0.00870955|0.000302079|0.000330332|0.000503779|0.00108045|0.00124643|0.000259122|0.00020631,0.0149239|0.020331|0.0180599|0.00578932|0.0307353|0.0106514|0.0189466|0.0486551|0.0206384|0.0246782|0.0277248|0.008984|0.00551956|0.0149268,0.0412895|0.0123668|0.00826329|0.00482572|0.0361747|0.00422712|0.0120446|0.0326516|0.0210152|0.0194929|0.0333838|0.0367367|0.033459|0.0460367,0.966562|0.966881|0.921419|0.905866|0.970156|0.939809|0.938328|0.985874|0.937217|0.978715|0.962228|0.943416|0.922419|0.991514,0.044073|0.100884|2.12941|0.371065|5.58772|0.576078|1.89337|6.07711|5.60429|1.17871|1.34553|3.46481|0.720084|1.43787,30.2686|24.4191|13.2112|55.8812|67.5745|18.2346|54.7186|35.0583|37.2729|32.9383|55.4093|99.595|65.9961,0.233793|0.238508|0.23086|0.198716|0.245578|0.206582|0.2102|0.165289|0.247945|0.235444|0.210203|0.184736|0.211961,0.365721|0.981001|0.959801|0.142489|0.848505|0.438744|0.433332|0.998548|0.439527|0.299341|0.426554|0.509202|0.74,0.836712,0.95003,0.0605752,0.0262135,0.963917,0.465123,0.15314,0.474832,0.221241,0.939811,45.7498,4.30327e-11,91817,0.946666,47.3408,5.83316e-12,89819,0.806875,0.804562,0.0308693,0.827622,0.153213,0.478528,0.188721,0.468424,0.0909349,0.884044,30.5298,9.32513e-10,24710,0.952989,52.309,3.28469e-13,20664
11,43,n1->n2->n12->n22->n23->n13->n14->n4->n5->n6->n7->n8->n9->n10,3.81628e+09|3.17307e+11|2.1111e+11|3.67533e+09|6.10326e+09|9.81467e+09|2.91479e+13|8.2339e+09|1.37938e+13|4.81192e+11|4.80907e+13|8.1696e+11|2.30789e+12|4.53093e+09,3.25333e+09|7.16144e+10|1.05012e+11|2.7041e+09|4.29963e+09|3.1802e+09|4.85425e+12|1.86231e+09|1.38001e+12|3.85536e+11|1.83015e+13|1.84853e+11|1.03773e+12|9.31081e+08,1.65606e-05|2.94581e-05|1.23997e-05|0.000252666|0.000453384|0.000184444|0.000173701|5.62105e-05|0.000116756|0.000284109|0.000167308|0.000187958|0.000314672|0.000962884,0.000261068|0.0082771|0.00623448|0.000120953|0.00368377|0.00073597|0.00786944|0.0010007|0.000330332|0.000503779|0.00108045|0.00124643|0.000259122|0.00020631,0.0149239|0.023169|0.0180599|0.00578932|0.0307353|0.0213516|0.0264898|0.0435318|0.0206384|0.0246782|0.0277248|0.008984|0.00551956|0.0149268,0.0412895|0.0464405|0.00826329|0.00482572|0.0361747|0.039085|0.0488449|0.0417385|0.0210152|0.0194929|0.0333838|0.0367367|0.033459|0.0460367,0.966562|0.91558|0.921419|0.905866|0.970156|0.928597|0.929454|0.900946|0.937217|0.978715|0.962228|0.943416|0.922419|0.991514,0.044073|1.15275|2.12941|0.371065|5.58772|3.91297|3.54556|2.57143|5.60429|1.17871|1.34553|3.46481|0.720084|1.43787,79.8117|88.6198|13.2112|55.8812|51.9585|56.34|52.1141|81.7362|37.2729|32.9383|55.4093|99.595|65.9961,0.180405|0.1753|0.23086|0.198716|0.193998|0.231665|0.232653|0.213965|0.247945|0.235444|0.210203|0.184736|0.211961,0.820707|0.836696|0.959801|0.142489|0.362388|0.474189|0.731436|0.340685|0.439527|0.299341|0.426554|0.509202|0.74,0.836712,0.95003,0.0605752,0.0262135,0.963917,0.465123,0.15314,0.474832,0.221241,0.939811,45.7498,4.30327e-11,91817,0.946666,47.3408,5.83316e-12,89819,0.806875,0.804562,0.0308693,0.827622,0.153213,0.478528,0.188721,0.468424,0.0909349,0.884044,30.5298,9.32513e-10,24710,0.952989,52.309,3.28469e-13,20664
11,44,n1->n11->n12->n2->n3->n4->n5->n6->n7->n8->n9->n19->n20->n10,3.81628e+09|2.52501e+13|2.1111e+11|3.17307e+11|9.55297e+11|8.2339e+09|1.37938e+13|4.81192e+11|4.80907e+13|8.1696e+11|2.30789e+12|1.16537e+09|9.60703e+09|4.53093e+09,3.25333e+09|3.47681e+12|1.05012e+11|7.16144e+10|1.77834e+11|1.86231e+09|1.38001e+12|3.85536e+11|1.83015e+13|1.84853e+11|1.03773e+12|6.99014e+08|1.01137e+09|9.31081e+08,1.65606e-05|0.000333482|1.23997e-05|2.94581e-05|2.34356e-05|5.62105e-05|0.000116756|0.000284109|0.000167308|0.000187958|0.000314672|2.23892e-05|0.000360246|0.000962884,0.000261068|0.000106174|0.00623448|0.0082771|0.000154657|0.0010007|0.000330332|0.000503779|0.00108045|0.00124643|0.000259122|0.000391715|0.00927779|0.00020631,0.0149239|0.020331|0.0180599|0.023169|0.00381353|0.0435318|0.0206384|0.0246782|0.0277248|0.008984|0.00551956|0.0161043|0.0329774|0.0149268,0.0412895|0.0123668|0.00826329|0.0464405|0.0376584|0.0417385|0.0210152|0.0194929|0.0333838|0.0367367|0.033459|0.0166223|0.029507|0.0460367,0.966562|0.966881|0.921419|0.91558|0.926805|0.900946|0.937217|0.978715|0.962228|0.943416|0.922419|0.972235|0.986266|0.991514,0.044073|0.100884|2.12941|1.15275|6.14759|2.57143|5.60429|1.17871|1.34553|3.46481|0.720084|0.257261|1.60192|1.43787,30.2686|24.4191|88.6198|37.015|10.4739|81.7362|37.2729|32.9383|55.4093|99.595|99.0064|10.3361|29.3778,0.233793|0.238508|0.1753|0.162173|0.183499|0.213965|0.247945|0.235444|0.210203|0.184736|0.220943|0.236076|0.163527,0.365721|0.981001|0.836696|0.488085|0.949324|0.340685|0.439527|0.299341|0.426554|0.509202|0.31779|0.380012|0.849414,0.836712,0.95003,0.0605752,0.0262135,0.963917,0.465123,0.15314,0.474832,0.221241,0.939811,45.7498,4.30327e-11,91817,0.946666,47.3408,5.83316e-12,89819,0.806875,0.804562,0.0308693,0.827622,0.153213,0.478528,0.188721,0.468424,0.0909349,0.884044,30.5298,9.32513e-10,24710,0.952989,52.309,3.28469e-13,20664
11,45,n1->n11->n21->n22->n23->n13->n3->n4->n5->n6->n7->n8->n9->n10,3.81628e+09|2.52501e+13|2.14937e+09|3.67533e+09|6.10326e+09|9.81467e+09|9.55297e+11|8.2339e+09|1.37938e+13|4.81192e+11|4.80907e+13|8.1696e+11|2.30789e+12|4.53093e+09,3.25333e+09|3.47681e+12|6.95475e+08|2.7041e+09|4.29963e+09|3.1802e+09|1.77834e+11|1.86231e+09|1.38001e+12|3.85536e+11|1.83015e+13|1.84853e+11|1.03773e+12|9.31081e+08,1.65606e-05|0.000333482|3.31663e-05|0.000252666|0.000453384|0.000184444|2.34356e-05|5.62105e-05|0.000116756|0.000284109|0.000167308|0.000187958|0.000314672|0.000962884,0.000261068|0.000106174|0.000798295|0.000120953|0.00368377|0.00073597|0.000154657|0.0010007|0.000330332|0.000503779|0.00108045|0.00124643|0.000259122|0.00020631,0.0149239|0.020331|0.022815|0.00578932|0.0307353|0.0213516|0.00381353|0.0435318|0.0206384|0.0246782|0.0277248|0.008984|0.00551956|0.0149268,0.0412895|0.0123668|0.0159416|0.00482572|0.0361747|0.039085|0.0376584|0.0417385|0.0210152|0.0194929|0.0333838|0.0367367|0.033459|0.0460367,0.966562|0.966881|0.946201|0.905866|0.970156|0.928597|0.926805|0.900946|0.937217|0.978715|0.962228|0.943416|0.922419|0.991514,0.044073|0.100884|2.38856|0.371065|5.58772|3.91297|6.14759|2.57143|5.60429|1.17871|1.34553|3.46481|0.720084|1.43787,30.2686|65.1286|34.0839|55.8812|51.9585|83.9106|10.4739|81.7362|37.2729|32.9383|55.4093|99.595|65.9961,0.233793|0.246374|0.233339|0.198716|0.193998|0.247463|0.183499|0.213965|0.247945|0.235444|0.210203|0.184736|0.211961,0.365721|0.670433|0.348713|0.142489|0.362388|0.917952|0.949324|0.340685|0.439527|0.299341|0.426554|0.509202|0.74,0.836712,0.95003,0.0605752,0.0262135,0.963917,0.465123,0.15314,0.474832,0.221241,0.939811,45.7498,4.30327e-11,91817,0.946666,47.3408,5.83316e-12,89819,0.806875,0.804562,0.0308693,0.827622,0.153213,0.478528,0.188721,0.468424,0.0909349,0.884044,30.5298,9.32513e-10,24710,0.952989,52.309,3.28469e-13,20664
11,46,n1->n2->n12->n22->n23->n24->n25->n15->n5->n6->n7->n8->n9->n10,3.81628e+09|3.17307e+11|2.1111e+11|3.67533e+09|6.10326e+09|4.58897e+12|7.02296e+09|3.5907e+10|1.37938e+13|4.81192e+11|4.80907e+13|8.1696e+11|2.30789e+12|4.53093e+09,3.25333e+09|7.16144e+10|1.05012e+11|2.7041e+09|4.29963e+09|2.50135e+12|7.41925e+08|3.62158e+09|1.38001e+12|3.85536e+11|1.83015e+13|1.84853e+11|1.03773e+12|9.31081e+08,1.65606e-05|2.94581e-05|1.23997e-05|0.000252666|0.000453384|0.00040566|3.98486e-05|0.00098768|0.000116756|0.000284109|0.000167308|0.000187958|0.000314672|0.000962884,0.000261068|0.0082771|0.00623448|0.000120953|0.00368377|0.00129631|0.00870955|0.000302079|0.000330332|0.000503779|0.00108045|0.00124643|0.000259122|0.00020631,0.0149239|0.023169|0.0180599|0.00578932|0.0307353|0.0106514|0.0189466|0.0486551|0.0206384|0.0246782|0.0277248|0.008984|0.00551956|0.0149268,0.0412895|0.0464405|0.00826329|0.00482572|0.0361747|0.00422712|0.0120446|0.0326516|0.0210152|0.0194929|0.0333838|0.0367367|0.033459|0.0460367,0.966562|0.91558|0.921419|0.905866|0.970156|0.939809|0.938328|0.985874|0.937217|0.978715|0.962228|0.943416|0.922419|0.991514,0.044073|1.15275|2.12941|0.371065|5.58772|0.576078|1.89337|6.07711|5.60429|1.17871|1.34553|3.46481|0.720084|1.43787,79.8117|88.6198|13.2112|55.8812|67.5745|18.2346|54.7186|35.0583|37.2729|32.9383|55.4093|99.595|65.9961,0.180405|0.1753|0.23086|0.198716|0.245578|0.206582|0.2102|0.165289|0.247945|0.235444|0.210203|0.184736|0.211961,0.820707|0.836696|0.959801|0.142489|0.848505|0.438744|0.433332|0.998548|0.439527|0.299341|0.426554|0.509202|0.74,0.836712,0.95003,0.0605752,0.0262135,0.963917,0.465123,0.15314,0.474832,0.221241,0.939811,45.7498,4.30327e-11,91817,0.946666,47.3408,5.83316e-12,89819,0.806875,0.804562,0.0308693,0.827622,0.153213,0.478528,0.188721,0.468424,0.0909349,0.884044,30.5298,9.32513e-10,24710,0.952989,52.309,3.28469e-13,20664
11,47,n1->n11->n21->n22->n12->n2->n3->n4->n5->n6->n7->n8->n9->n10,3.81628e+09|2.52501e+13|2.14937e+09|3.67533e+09|2.1111e+11|3.17307e+11|9.55297e+11|8.2339e+09|1.37938e+13|4.81192e+11|4.80907e+13|8.1696e+11|2.30789e+12|4.53093e+09,3.25333e+09|3.47681e+12|6.95475e+08|2.7041e+09|1.05012e+11|7.16144e+10|1.77834e+11|1.86231e+09|1.38001e+12|3.85536e+11|1.83015e+13|1.84853e+11|1.03773e+12|9.31081e+08,1.65606e-05|0.000333482|3.31663e-05|0.000252666|1.23997e-05|2.94581e-05|2.34356e-05|5.62105e-05|0.000116756|0.000284109|0.000167308|0.000187958|0.000314672|0.000962884,0.000261068|0.000106174|0.000798295|0.000120953|0.00623448|0.0082771|0.000154657|0.0010007|0.000330332|0.000503779|0.00108045|0.00124643|0.000259122|0.00020631,0.0149239|0.020331|0.022815|0.00578932|0.0180599|0.023169|0.00381353|0.0435318|0.0206384|0.0246782|0.0277248|0.008984|0.00551956|0.0149268,0.0412895|0.0123668|0.0159416|0.00482572|0.00826329|0.0464405|0.0376584|0.0417385|0.0210152|0.0194929|0.0333838|0.0367367|0.033459|0.0460367,0.966562|0.966881|0.946201|0.905866|0.921419|0.91558|0.926805|0.900946|0.937217|0.978715|0.962228|0.943416|0.922419|0.991514,0.044073|0.100884|2.38856|0.371065|2.12941|1.15275|6.14759|2.57143|5.60429|1.17871|1.34553|3.46481|0.720084|1.43787,30.2686|65.1286|34.0839|13.2112|88.6198|37.015|10.4739|81.7362|37.2729|32.9383|55.4093|99.595|65.9961,0.233793|0.246374|0.233339|0.23086|0.1753|0.162173|0.183499|0.213965|0.247945|0.235444|0.210203|0.184736|0.211961,0.365721|0.670433|0.348713|0.959801|0.836696|0.488085|0.949324|0.340685|0.439527|0.299341|0.426554|0.509202|0.74,0.836712,0.95003,0.0605752,0.0262135,0.963917,0.465123,0.15314,0.474832,0.221241,0.939811,45.7498,4.30327e-11,91817,0.946666,47.3408,5.83316e-12,89819,0.806875,0.804562,0.0308693,0.827622,0.153213,0.478528,0.188721,0.468424,0.0909349,0.884044,30.5298,9.32513e-10,24710,0.952989,52.309,3.28469e-13,20664
11,48,n1->n2->n12->n13->n23->n24->n14->n4->n5->n6->n7->n8->n9->n10,3.81628e+09|3.17307e+11|2.1111e+11|9.81467e+09|6.10326e+09|4.58897e+12|2.91479e+13|8.2339e+09|1.37938e+13|4.81192e+11|4.80907e+13|8.1696e+11|2.30789e+12|4.53093e+09,3.25333e+09|7.16144e+10|1.05012e+11|3.1802e+09|4.29963e+09|2.50135e+12|4.85425e+12|1.86231e+09|1.38001e+12|3.85536e+11|1.83015e+13|1.84853e+11|1.03773e+12|9.31081e+08,1.65606e-05|2.94581e-05|1.23997e-05|0.000184444|0.000453384|0.00040566|0.000173701|5.62105e-05|0.000116756|0.000284109|0.000167308|0.000187958|0.000314672|0.000962884,0.000261068|0.0082771|0.00623448|0.00073597|0.00368377|0.00129631|0.00786944|0.0010007|0.000330332|0.000503779|0.00108045|0.00124643|0.000259122|0.00020631,0.0149239|0.023169|0.0180599|0.0213516|0.0307353|0.0106514|0.0264898|0.0435318|0.0206384|0.0246782|0.0277248|0.008984|0.00551956|0.0149268,0.0412895|0.0464405|0.00826329|0.039085|0.0361747|0.00422712|0.0488449|0.0417385|0.0210152|0.0194929|0.0333838|0.0367367|0.033459|0.0460367,0.966562|0.91558|0.921419|0.928597|0.970156|0.939809|0.929454|0.900946|0.937217|0.978715|0.962228|0.943416|0.922419|0.991514,0.044073|1.15275|2.12941|3.91297|5.58772|0.576078|3.54556|2.57143|5.60429|1.17871|1.34553|3.46481|0.720084|1.43787,79.8117|88.6198|13.9548|51.9585|67.5745|66.6304|52.1141|81.7362|37.2729|32.9383|55.4093|99.595|65.9961,0.180405|0.1753|0.240484|0.193998|0.245578|0.223135|0.232653|0.213965|0.247945|0.235444|0.210203|0.184736|0.211961,0.820707|0.836696|0.503208|0.362388|0.848505|0.324891|0.731436|0.340685|0.439527|0.299341|0.426554|0.509202|0.74,0.836712,0.95003,0.0605752,0.0262135,0.963917,0.465123,0.15314,0.474832,0.221241,0.939811,45.7498,4.30327e-11,91817,0.946666,47.3408,5.83316e-12,89819,0.806875,0.804562,0.0308693,0.827622,0.153213,0.478528,0.188721,0.468424,0.0909349,0.884044,30.5298,9.32513e-10,24710,0.952989,52.309,3.28469e-13,20664
11,49,n1->n11->n12->n13->n23->n24->n25->n26->n16->n6->n7->n8->n9->n10,3.81628e+09|2.52501e+13|2.1111e+11|9.81467e+09|6.10326e+09|4.58897e+12|7.02296e+09|2.34091e+12|6.90472e+11|4.81192e+11|4.80907e+13|8.1696e+11|2.30789e+12|4.53093e+09,3.25333e+09|3.47681e+12|1.05012e+11|3.1802e+09|4.29963e+09|2.50135e+12|7.41925e+08|1.00891e+12|6.89981e+11|3.85536e+11|1.83015e+13|1.84853e+11|1.03773e+12|9.31081e+08,1.65606e-05|0.000333482|1.23997e-05|0.000184444|0.000453384|0.00040566|3.98486e-05|1.13419e-05|0.000342499|0.000284109|0.000167308|0.000187958|0.000314672|0.000962884,0.000261068|0.000106174|0.00623448|0.00073597|0.00368377|0.00129631|0.00870955|0.00105353|0.00111591|0.000503779|0.00108045|0.00124643|0.000259122|0.00020631,0.0149239|0.020331|0.0180599|0.0213516|0.0307353|0.0106514|0.0189466|0.00180998|0.0327472|0.0246782|0.0277248|0.008984|0.00551956|0.0149268,0.0412895|0.0123668|0.00826329|0.039085|0.0361747|0.00422712|0.0120446|0.0338682|0.00971357|0.0194929|0.0333838|0.0367367|0.033459|0.0460367,0.966562|0.966881|0.921419|0.928597|0.970156|0.939809|0.938328|0.988902|0.901048|0.978715|0.962228|0.943416|0.922419|0.991514,0.044073|0.100884|2.12941|3.91297|5.58772|0.576078|1.89337|5.70191|1.61346|1.17871|1.34553|3.46481|0.720084|1.43787,30.2686|24.4191|13.9548|51.9585|67.5745|18.2346|55.6995|11.0615|50.0569|32.9383|55.4093|99.595|65.9961,0.233793|0.238508|0.240484|0.193998|0.245578|0.206582|0.173773|0.225802|0.225307|0.235444|0.210203|0.184736|0.211961,0.365721|0.981001|0.503208|0.362388|0.848505|0.438744|0.285241|0.777864|0.100621|0.299341|0.426554|0.509202|0.74,0.836712,0.95003,0.0605752,0.0262135,0.963917,0.465123,0.15314,0.474832,0.221241,0.939811,45.7498,4.30327e-11,91817,0.946666,47.3408,5.83316e-12,89819,0.806875,0.804562,0.0308693,0.827622,0.153213,0.478528,0.188721,0.468424,0.0909349,0.884044,30.5298,9.32513e-10,24710,0.952989,52.309,3.28469e-13,20664
11,50,n1->n11->n21->n22->n12->n13->n14->n4->n5->n6->n7->n8->n9->n10,3.81628e+09|2.52501e+13|2.14937e+09|3.67533e+09|2.1111e+11|9.81467e+09|2.91479e+13|8.2339e+09|1.37938e+13|4.81192e+11|4.80907e+13|8.1696e+11|2.30789e+12|4.53093e+09,3.25333e+09|3.47681e+12|6.95475e+08|2.7041e+09|1.05012e+11|3.1802e+09|4.85425e+12|1.86231e+09|1.38001e+12|3.85536e+11|1.83015e+13|1.84853e+11|1.03773e+12|9.31081e+08,1.65606e-05|0.000333482|3.31663e-05|0.000252666|1.23997e-05|0.000184444|0.000173701|5.62105e-05|0.000116756|0.000284109|0.000167308|0.000187958|0.000314672|0.000962884,0.000261068|0.000106174|0.000798295|0.000120953|0.00623448|0.00073597|0.00786944|0.0010007|0.000330332|0.000503779|0.00108045|0.00124643|0.000259122|0.00020631,0.0149239|0.020331|0.022815|0.00578932|0.0180599|0.0213516|0.0264898|0.0435318|0.0206384|0.0246782|0.0277248|0.008984|0.00551956|0.0149268,0.0412895|0.0123668|0.0159416|0.00482572|0.00826329|0.039085|0.0488449|0.0417385|0.0210152|0.0194929|0.0333838|0.0367367|0.033459|0.0460367,0.966562|0.966881|0.946201|0.905866|0.921419|0.928597|0.929454|0.900946|0.937217|0.978715|0.962228|0.943416|0.922419|0.991514,0.044073|0.100884|2.38856|0.371065|2.12941|3.91297|3.54556|2.57143|5.60429|1.17871|1.34553|3.46481|0.720084|1.43787,30.2686|65.1286|34.0839|13.2112|13.9548|56.34|52.1141|81.7362|37.2729|32.9383|55.4093|99.595|65.9961,0.233793|0.246374|0.233339|0.23086|0.240484|0.231665|0.232653|0.213965|0.247945|0.235444|0.210203|0.184736|0.211961,0.365721|0.670433|0.348713|0.959801|0.503208|0.474189|0.731436|0.340685|0.439527|0.299341|0.426554|0.509202|0.74,0.836712,0.95003,0.0605752,0.0262135,0.963917,0.465123,0.15314,0.474832,0.221241,0.939811,45.7498,4.30327e-11,91817,0.946666,47.3408,5.83316e-12,89819,0.806875,0.804562,0.0308693,0.827622,0.153213,0.478528,0.188721,0.468424,0.0909349,0.884044,30.5298,9.32513e-10,24710,0.952989,52.309,3.28469e-13,20664
11,51,n1->n2->n3->n4->n5->n15->n25->n26->n16->n6->n7->n8->n9->n10,3.81628e+09|3.17307e+11|9.55297e+11|8.2339e+09|1.37938e+13|3.5907e+10|7.02296e+09|2.34091e+12|6.90472e+11|4.81192e+11|4.80907e+13|8.1696e+11|2.30789e+12|4.53093e+09,3.25333e+09|7.16144e+10|1.77834e+11|1.86231e+09|1.38001e+12|3.62158e+09|7.41925e+08|1.00891e+12|6.89981e+11|3.85536e+11|1.83015e+13|1.84853e+11|1.03773e+12|9.31081e+08,1.65606e-05|2.94581e-05|2.34356e-05|5.62105e-05|0.000116756|0.00098768|3.98486e-05|1.13419e-05|0.000342499|0.000284109|0.000167308|0.000187958|0.000314672|0.000962884,0.000261068|0.0082771|0.000154657|0.0010007|0.000330332|0.000302079|0.00870955|0.00105353|0.00111591|0.000503779|0.00108045|0.00124643|0.000259122|0.00020631,0.0149239|0.023169|0.00381353|0.0435318|0.0206384|0.0486551|0.0189466|0.00180998|0.0327472|0.0246782|0.0277248|0.008984|0.00551956|0.0149268,0.0412895|0.0464405|0.0376584|0.0417385|0.0210152|0.0326516|0.0120446|0.0338682|0.00971357|0.0194929|0.0333838|0.0367367|0.033459|0.0460367,0.966562|0.91558|0.926805|0.900946|0.937217|0.985874|0.938328|0.988902|0.901048|0.978715|0.962228|0.943416|0.922419|0.991514,0.044073|1.15275|6.14759|2.57143|5.60429|6.07711|1.89337|5.70191|1.61346|1.17871|1.34553|3.46481|0.720084|1.43787,79.8117|37.015|10.4739|81.7362|35.0583|54.7186|55.6995|11.0615|50.0569|32.9383|55.4093|99.595|65.9961,0.180405|0.162173|0.183499|0.213965|0.165289|0.2102|0.173773|0.225802|0.225307|0.235444|0.210203|0.184736|0.211961,0.820707|0.488085|0.949324|0.340685|0.998548|0.433332|0.285241|0.777864|0.100621|0.299341|0.426554|0.509202|0.74,0.836712,0.95003,0.0605752,0.0262135,0.963917,0.465123,0.15314,0.474832,0.221241,0.939811,45.7498,4.30327e-11,91817,0.946666,47.3408,5.83316e-12,89819,0.806875,0.804562,0.0308693,0.827622,0.153213,0.478528,0.188721,0.468424,0.0909349,0.884044,30.5298,9.32513e-10,24710,0.952989,52.309,3.28469e-13,20664
11,52,n1->n2->n12->n22->n23->n13->n14->n15->n16->n17->n7->n8->n9->n10,3.81628e+09|3.17307e+11|2.1111e+11|3.67533e+09|6.10326e+09|9.81467e+09|2.91479e+13|3.5907e+10|6.90472e+11|1.49573e+11|4.80907e+13|8.1696e+11|2.30789e+12|4.53093e+09,3.25333e+09|7.16144e+10|1.05012e+11|2.7041e+09|4.29963e+09|3.1802e+09|4.85425e+12|3.62158e+09|6.89981e+11|2.52876e+10|1.83015e+13|1.84853e+11|1.03773e+12|9.31081e+08,1.65606e-05|2.94581e-05|1.23997e-05|0.000252666|0.000453384|0.000184444|0.000173701|0.00098768|0.000342499|0.000106677|0.000167308|0.000187958|0.000314672|0.000962884,0.000261068|0.0082771|0.00623448|0.000120953|0.00368377|0.00073597|0.00786944|0.000302079|0.00111591|0.00206961|0.00108045|0.00124643|0.000259122|0.00020631,0.0149239|0.023169|0.0180599|0.00578932|0.0307353|0.0213516|0.0264898|0.0486551|0.0327472|0.0327897|0.0277248|0.008984|0.00551956|0.0149268,0.0412895|0.0464405|0.00826329|0.00482572|0.0361747|0.039085|0.0488449|0.0326516|0.00971357|0.0446882|0.0333838|0.0367367|0.033459|0.0460367,0.966562|0.91558|0.921419|0.905866|0.970156|0.928597|0.929454|0.985874|0.901048|0.9918|0.962228|0.943416|0.922419|0.991514,0.044073|1.15275|2.12941|0.371065|5.58772|3.91297|3.54556|6.07711|1.61346|5.5964|1.34553|3.46481|0.720084|1.43787,79.8117|88.6198|13.2112|55.8812|51.9585|56.34|92.5451|56.2706|32.2763|59.8148|55.4093|99.595|65.9961,0.180405|0.1753|0.23086|0.198716|0.193998|0.231665|0.193036|0.224038|0.206947|0.19432|0.210203|0.184736|0.211961,0.820707|0.836696|0.959801|0.142489|0.362388|0.474189|0.838519|0.441456|0.756824|0.320068|0.426554|0.509202|0.74,0.836712,0.95003,0.0605752,0.0262135,0.963917,0.465123,0.15314,0.474832,0.221241,0.939811,45.7498,4.30327e-11,91817,0.946666,47.3408,5.83316e-12,89819,0.806875,0.804562,0.0308693,0.827622,0.153213,0.478528,0.188721,0.468424,0.0909349,0.884044,30.5298,9.32513e-10,24710,0.952989,52.309,3.28469e-13,20664
11,53,n1->n11->n21->n22->n23->n24->n25->n26->n27->n28->n29->n19->n20->n10,3.81628e+09|2.52501e+13|2.14937e+09|3.67533e+09|6.10326e+09|4.58897e+12|7.02296e+09|2.34091e+12|1.06797e+10|1.97271e+12|7.35633e+12|1.16537e+09|9.60703e+09|4.53093e+09,3.25333e+09|3.47681e+12|6.95475e+08|2.7041e+09|4.29963e+09|2.50135e+12|7.41925e+08|1.00891e+12|5.90481e+09|5.32754e+11|9.38828e+11|6.99014e+08|1.01137e+09|9.31081e+08,1.65606e-05|0.000333482|3.31663e-05|0.000252666|0.000453384|0.00040566|3.98486e-05|1.13419e-05|0.000385595|3.13497e-05|1.34914e-05|2.23892e-05|0.000360246|0.000962884,0.000261068|0.000106174|0.000798295|0.000120953|0.00368377|0.00129631|0.00870955|0.00105353|0.0053547|0.00494547|0.00676328|0.000391715|0.00927779|0.00020631,0.0149239|0.020331|0.022815|0.00578932|0.0307353|0.0106514|0.0189466|0.00180998|0.0129799|0.024784|0.00690986|0.0161043|0.0329774|0.0149268,0.0412895|0.0123668|0.0159416|0.00482572|0.0361747|0.00422712|0.0120446|0.0338682|0.0225417|0.0497329|0.0195613|0.0166223|0.029507|0.0460367,0.966562|0.966881|0.946201|0.905866|0.970156|0.939809|0.938328|0.988902|0.921043|0.975369|0.957942|0.972235|0.986266|0.991514,0.044073|0.100884|2.38856|0.371065|5.58772|0.576078|1.89337|5.70191|0.152741|5.46142|1.3314|0.257261|1.60192|1.43787,30.2686|65.1286|34.0839|55.8812|67.5745|18.2346|55.6995|42.5138|15.3326|39.0733|84.7043|10.3361|29.3778,0.233793|0.246374|0.233339|0.198716|0.245578|0.206582|0.173773|0.199324|0.218114|0.204677|0.209672|0.236076|0.163527,0.365721|0.670433|0.348713|0.142489|0.848505|0.438744|0.285241|0.638543|0.769449|0.610162|0.84529|0.380012|0.849414,0.836712,0.95003,0.0605752,0.0262135,0.963917,0.465123,0.15314,0.474832,0.221241,0.939811,45.7498,4.30327e-11,91817,0.946666,47.3408,5.83316e-12,89819,0.806875,0.804562,0.0308693,0.827622,0.153213,0.478528,0.188721,0.468424,0.0909349,0.884044,30.5298,9.32513e-10,24710,0.952989,52.309,3.28469e-13,20664
11,54,n1->n11->n21->n22->n23->n24->n25->n15->n5->n6->n7->n8->n9->n10,3.81628e+09|2.52501e+13|2.14937e+09|3.67533e+09|6.10326e+09|4.58897e+12|7.02296e+09|3.5907e+10|1.37938e+13|4.81192e+11|4.80907e+13|8.1696e+11|2.30789e+12|4.53093e+09,3.25333e+09|3.47681e+12|6.95475e+08|2.7041e+09|4.29963e+09|2.50135e+12|7.41925e+08|3.62158e+09|1.38001e+12|3.85536e+11|1.83015e+13|1.84853e+11|1.03773e+12|9.31081e+08,1.65606e-05|0.000333482|3.31663e-05|0.000252666|0.000453384|0.00040566|3.98486e-05|0.00098768|0.000116756|0.000284109|0.000167308|0.000187958|0.000314672|0.000962884,0.000261068|0.000106174|0.000798295|0.000120953|0.00368377|0.00129631|0.00870955|0.000302079|0.000330332|0.000503779|0.00108045|0.00124643|0.000259122|0.00020631,0.0149239|0.020331|0.022815|0.00578932|0.0307353|0.0106514|0.0189466|0.0486551|0.0206384|0.0246782|0.0277248|0.008984|0.00551956|0.0149268,0.0412895|0.0123668|0.0159416|0.00482572|0.0361747|0.00422712|0.0120446|0.0326516|0.0210152|0.0194929|0.0333838|0.0367367|0.033459|0.0460367,0.966562|0.966881|0.946201|0.905866|0.970156|0.939809|0.938328|0.985874|0.937217|0.978715|0.962228|0.943416|0.922419|0.991514,0.044073|0.100884|2.38856|0.371065|5.58772|0.576078|1.89337|6.07711|5.60429|1.17871|1.34553|3.46481|0.720084|1.43787,30.2686|65.1286|34.0839|55.8812|67.5745|18.2346|54.7186|35.0583|37.2729|32.9383|55.4093|99.595|65.9961,0.233793|0.246374|0.233339|0.198716|0.245578|0.206582|0.2102|0.165289|0.247945|0.235444|0.210203|0.184736|0.211961,0.365721|0.670433|0.348713|0.142489|0.848505|0.438744|0.433332|0.998548|0.439527|0.299341|0.426554|0.509202|0.74,0.836712,0.95003,0.0605752,0.0262135,0.963917,0.465123,0.15314,0.474832,0.221241,0.939811,45.7498,4.30327e-11,91817,0.946666,47.3408,5.83316e-12,89819,0.806875,0.804562,0.0308693,0.827622,0.153213,0.478528,0.188721,0.468424,0.0909349,0.884044,30.5298,9.32513e-10,24710,0.952989,52.309,3.28469e-13,20664
11,55,n1->n11->n21->n22->n23->n24->n25->n26->n27->n17->n18->n19->n9->n10,3.81628e+09|2.52501e+13|2.14937e+09|3.67533e+09|6.10326e+09|4.58897e+12|7.02296e+09|2.34091e+12|1.06797e+10|1.49573e+11|1.26146e+12|1.16537e+09|2.30789e+12|4.53093e+09,3.25333e+09|3.47681e+12|6.95475e+08|2.7041e+09|4.29963e+09|2.50135e+12|7.41925e+08|1.00891e+12|5.90481e+09|2.52876e+10|2.026e+11|6.99014e+08|1.03773e+12|9.31081e+08,1.65606e-05|0.000333482|3.31663e-05|0.000252666|0.000453384|0.00040566|3.98486e-05|1.13419e-05|0.000385595|0.000106677|0.00077073|2.23892e-05|0.000314672|0.000962884,0.000261068|0.000106174|0.000798295|0.000120953|0.00368377|0.00129631|0.00870955|0.00105353|0.0053547|0.00206961|0.000223728|0.000391715|0.000259122|0.00020631,0.0149239|0.020331|0.022815|0.00578932|0.0307353|0.0106514|0.0189466|0.00180998|0.0129799|0.0327897|0.00757137|0.0161043|0.00551956|0.0149268,0.0412895|0.0123668|0.0159416|0.00482572|0.0361747|0.00422712|0.0120446|0.0338682|0.0225417|0.0446882|0.0158785|0.0166223|0.033459|0.0460367,0.966562|0.966881|0.946201|0.905866|0.970156|0.939809|0.938328|0.988902|0.921043|0.9918|0.954493|0.972235|0.922419|0.991514,0.044073|0.100884|2.38856|0.371065|5.58772|0.576078|1.89337|5.70191|0.152741|5.5964|4.28182|0.257261|0.720084|1.43787,30.2686|65.1286|34.0839|55.8812|67.5745|18.2346|55.6995|42.5138|72.2829|27.3162|28.0546|99.0064|65.9961,0.233793|0.246374|0.233339|0.198716|0.245578|0.206582|0.173773|0.199324|0.181484|0.195193|0.21248|0.220943|0.211961,0.365721|0.670433|0.348713|0.142489|0.848505|0.438744|0.285241|0.638543|0.529686|0.721446|0.717834|0.31779|0.74,0.836712,0.95003,0.0605752,0.0262135,0.963917,0.465123,0.15314,0.474832,0.221241,0.939811,45.7498,4.30327e-11,91817,0.946666,47.3408,5.83316e-12,89819,0.806875,0.804562,0.0308693,0.827622,0.153213,0.478528,0.188721,0.468424,0.0909349,0.884044,30.5298,9.32513e-10,24710,0.952989,52.309,3.28469e-13,20664
11,56,n1->n11->n21->n22->n23->n13->n14->n4->n5->n6->n7->n8->n9->n10,3.81628e+09|2.52501e+13|2.14937e+09|3.67533e+09|6.10326e+09|9.81467e+09|2.91479e+13|8.2339e+09|1.37938e+13|4.81192e+11|4.80907e+13|8.1696e+11|2.30789e+12|4.53093e+09,3.25333e+09|3.47681e+12|6.95475e+08|2.7041e+09|4.29963e+09|3.1802e+09|4.85425e+12|1.86231e+09|1.38001e+12|3.85536e+11|1.83015e+13|1.84853e+11|1.03773e+12|9.31081e+08,1.65606e-05|0.000333482|3.31663e-05|0.000252666|0.000453384|0.000184444|0.000173701|5.62105e-05|0.000116756|0.000284109|0.000167308|0.000187958|0.000314672|0.000962884,0.000261068|0.000106174|0.000798295|0.000120953|0.00368377|0.00073597|0.00786944|0.0010007|0.000330332|0.000503779|0.00108045|0.00124643|0.000259122|0.00020631,0.0149239|0.020331|0.022815|0.00578932|0.0307353|0.0213516|0.0264898|0.0435318|0.0206384|0.0246782|0.0277248|0.008984|0.00551956|0.0149268,0.0412895|0.0123668|0.0159416|0.00482572|0.0361747|0.039085|0.0488449|0.0417385|0.0210152|0.0194929|0.0333838|0.0367367|0.033459|0.0460367,0.966562|0.966881|0.946201|0.905866|0.970156|0.928597|0.929454|0.900946|0.937217|0.978715|0.962228|0.943416|0.922419|0.991514,0.044073|0.100884|2.38856|0.371065|5.58772|3.91297|3.54556|2.57143|5.60429|1.17871|1.34553|3.46481|0.720084|1.43787,30.2686|65.1286|34.0839|55.8812|51.9585|56.34|52.1141|81.7362|37.2729|32.9383|55.4093|99.595|65.9961,0.233793|0.246374|0.233339|0.198716|0.193998|0.231665|0.232653|0.213965|0.247945|0.235444|0.210203|0.184736|0.211961,0.365721|0.670433|0.348713|0.142489|0.362388|0.474189|0.731436|0.340685|0.439527|0.299341|0.426554|0.509202|0.74,0.836712,0.95003,0.0605752,0.0262135,0.963917,0.465123,0.15314,0.474832,0.221241,0.939811,45.7498,4.30327e-11,91817,0.946666,47.3408,5.83316e-12,89819,0.806875,0.804562,0.0308693,0.827622,0.153213,0.478528,0.188721,0.468424,0.0909349,0.884044,30.5298,9.32513e-10,24710,0.952989,52.309,3.28469e-13,20664
11,57,n1->n11->n21->n22->n23->n24->n14->n15->n16->n6->n7->n8->n9->n10,3.81628e+09|2.52501e+13|2.14937e+09|3.67533e+09|6.10326e+09|4.58897e+12|2.91479e+13|3.5907e+10|6.90472e+11|4.81192e+11|4.80907e+13|8.1696e+11|2.30789e+12|4.53093e+09,3.25333e+09|3.47681e+12|6.95475e+08|2.7041e+09|4.29963e+09|2.50135e+12|4.85425e+12|3.62158e+09|6.89981e+11|3.85536e+11|1.83015e+13|1.84853e+11|1.03773e+12|9.31081e+08,1.65606e-05|0.000333482|3.31663e-05|0.000252666|0.000453384|0.00040566|0.000173701|0.00098768|0.000342499|0.000284109|0.000167308|0.000187958|0.000314672|0.000962884,0.000261068|0.000106174|0.000798295|0.000120953|0.00368377|0.00129631|0.00786944|0.000302079|0.00111591|0.000503779|0.00108045|0.00124643|0.000259122|0.00020631,0.0149239|0.020331|0.022815|0.00578932|0.0307353|0.0106514|0.0264898|0.0486551|0.0327472|0.0246782|0.0277248|0.008984|0.00551956|0.0149268,0.0412895|0.0123668|0.0159416|0.00482572|0.0361747|0.00422712|0.0488449|0.0326516|0.00971357|0.0194929|0.0333838|0.0367367|0.033459|0.0460367,0.966562|0.966881|0.946201|0.905866|0.970156|0.939809|0.929454|0.985874|0.901048|0.978715|0.962228|0.943416|0.922419|0.991514,0.044073|0.100884|2.38856|0.371065|5.58772|0.576078|3.54556|6.07711|1.61346|1.17871|1.34553|3.46481|0.720084|1.43787,30.2686|65.1286|34.0839|55.8812|67.5745|66.6304|92.5451|56.2706|50.0569|32.9383|55.4093|99.595|65.9961,0.233793|0.246374|0.233339|0.198716|0.245578|0.223135|0.193036|0.224038|0.225307|0.235444|0.210203|0.184736|0.211961,0.365721|0.670433|0.348713|0.142489|0.848505|0.324891|0.838519|0.441456|0.100621|0.299341|0.426554|0.509202|0.74,0.836712,0.95003,0.0605752,0.0262135,0.963917,0.465123,0.15314,0.474832,0.221241,0.939811,45.7498,4.30327e-11,91817,0.946666,47.3408,5.83316e-12,89819,0.806875,0.804562,0.0308693,0.827622,0.153213,0.478528,0.188721,0.468424,0.0909349,0.884044,30.5298,9.32513e-10,24710,0.952989,52.309,3.28469e-13,20664
11,58,n1->n2->n3->n13->n23->n24->n25->n26->n16->n17->n7->n8->n9->n10,3.81628e+09|3.17307e+11|9.55297e+11|9.81467e+09|6.10326e+09|4.58897e+12|7.02296e+09|2.34091e+12|6.90472e+11|1.49573e+11|4.80907e+13|8.1696e+11|2.30789e+12|4.53093e+09,3.25333e+09|7.16144e+10|1.77834e+11|3.1802e+09|4.29963e+09|2.50135e+12|7.41925e+08|1.00891e+12|6.89981e+11|2.52876e+10|1.83015e+13|1.84853e+11|1.03773e+12|9.31081e+08,1.65606e-05|2.94581e-05|2.34356e-05|0.000184444|0.000453384|0.00040566|3.98486e-05|1.13419e-05|0.000342499|0.000106677|0.000167308|0.000187958|0.000314672|0.000962884,0.000261068|0.0082771|0.000154657|0.00073597|0.00368377|0.00129631|0.00870955|0.00105353|0.00111591|0.00206961|0.00108045|0.00124643|0.000259122|0.00020631,0.0149239|0.023169|0.00381353|0.0213516|0.0307353|0.0106514|0.0189466|0.00180998|0.0327472|0.0327897|0.0277248|0.008984|0.00551956|0.0149268,0.0412895|0.0464405|0.0376584|0.039085|0.0361747|0.00422712|0.0120446|0.0338682|0.00971357|0.0446882|0.0333838|0.0367367|0.033459|0.0460367,0.966562|0.91558|0.926805|0.928597|0.970156|0.939809|0.938328|0.988902|0.901048|0.9918|0.962228|0.943416|0.922419|0.991514,0.044073|1.15275|6.14759|3.91297|5.58772|0.576078|1.89337|5.70191|1.61346|5.5964|1.34553|3.46481|0.720084|1.43787,79.8117|37.015|83.9106|51.9585|67.5745|18.2346|55.6995|11.0615|32.2763|59.8148|55.4093|99.595|65.9961,0.180405|0.162173|0.247463|0.193998|0.245578|0.206582|0.173773|0.225802|0.206947|0.19432|0.210203|0.184736|0.211961,0.820707|0.488085|0.917952|0.362388|0.848505|0.438744|0.285241|0.777864|0.756824|0.320068|0.426554|0.509202|0.74,0.836712,0.95003,0.0605752,0.0262135,0.963917,0.465123,0.15314,0.474832,0.221241,0.939811,45.7498,4.30327e-11,91817,0.946666,47.3408,5.83316e-12,89819,0.806875,0.804562,0.0308693,0.827622,0.153213,0.478528,0.188721,0.468424,0.0909349,0.884044,30.5298,9.32513e-10,24710,0.952989,52.309,3.28469e-13,20664
11,59,n1->n2->n3->n4->n14->n24->n25->n26->n16->n6->n7->n8->n9->n10,3.81628e+09|3.17307e+11|9.55297e+11|8.2339e+09|2.91479e+13|4.58897e+12|7.02296e+09|2.34091e+12|6.90472e+11|4.81192e+11|4.80907e+13|8.1696e+11|2.30789e+12|4.53093e+09,3.25333e+09|7.16144e+10|1.77834e+11|1.86231e+09|4.85425e+12|2.50135e+12|7.41925e+08|1.00891e+12|6.89981e+11|3.85536e+11|1.83015e+13|1.84853e+11|1.03773e+12|9.31081e+08,1.65606e-05|2.94581e-05|2.34356e-05|5.62105e-05|0.000173701|0.00040566|3.98486e-05|1.13419e-05|0.000342499|0.000284109|0.000167308|0.000187958|0.000314672|0.000962884,0.000261068|0.0082771|0.000154657|0.0010007|0.00786944|0.00129631|0.00870955|0.00105353|0.00111591|0.000503779|0.00108045|0.00124643|0.000259122|0.00020631,0.0149239|0.023169|0.00381353|0.0435318|0.0264898|0.0106514|0.0189466|0.00180998|0.0327472|0.0246782|0.0277248|0.008984|0.00551956|0.0149268,0.0412895|0.0464405|0.0376584|0.0417385|0.0488449|0.00422712|0.0120446|0.0338682|0.00971357|0.0194929|0.0333838|0.0367367|0.033459|0.0460367,0.966562|0.91558|0.926805|0.900946|0.929454|0.939809|0.938328|0.988902|0.901048|0.978715|0.962228|0.943416|0.922419|0.991514,0.044073|1.15275|6.14759|2.57143|3.54556|0.576078|1.89337|5.70191|1.61346|1.17871|1.34553|3.46481|0.720084|1.43787,79.8117|37.015|10.4739|52.1141|66.6304|18.2346|55.6995|11.0615|50.0569|32.9383|55.4093|99.595|65.9961,0.180405|0.162173|0.183499|0.232653|0.223135|0.206582|0.173773|0.225802|0.225307|0.235444|0.210203|0.184736|0.211961,0.820707|0.488085|0.949324|0.731436|0.324891|0.438744|0.285241|0.777864|0.100621|0.299341|0.426554|0.509202|0.74,0.836712,0.95003,0.0605752,0.0262135,0.963917,0.465123,0.15314,0.474832,0.221241,0.939811,45.7498,4.30327e-11,91817,0.946666,47.3408,5.83316e-12,89819,0.806875,0.804562,0.0308693,0.827622,0.153213,0.478528,0.188721,0.468424,0.0909349,0.884044,30.5298,9.32513e-10,24710,0.952989,52.309,3.28469e-13,20664
11,60,n1->n2->n12->n22->n23->n24->n14->n15->n5->n6->n7->n8->n9->n10,3.81628e+09|3.17307e+11|2.1111e+11|3.67533e+09|6.10326e+09|4.58897e+12|2.91479e+13|3.5907e+10|1.37938e+13|4.81192e+11|4.80907e+13|8.1696e+11|2.30789e+12|4.53093e+09,3.25333e+09|7.16144e+10|1.05012e+11|2.7041e+09|4.29963e+09|2.50135e+12|4.85425e+12|3.62158e+09|1.38001e+12|3.85536e+11|1.83015e+13|1.84853e+11|1.03773e+12|9.31081e+08,1.65606e-05|2.94581e-05|1.23997e-05|0.000252666|0.000453384|0.00040566|0.000173701|0.00098768|0.000116756|0.000284109|0.000167308|0.000187958|0.000314672|0.000962884,0.000261068|0.0082771|0.00623448|0.000120953|0.00368377|0.00129631|0.00786944|0.000302079|0.000330332|0.000503779|0.00108045|0.00124643|0.000259122|0.00020631,0.0149239|0.023169|0.0180599|0.00578932|0.0307353|0.0106514|0.0264898|0.0486551|0.0206384|0.0246782|0.0277248|0.008984|0.00551956|0.0149268,0.0412895|0.0464405|0.00826329|0.00482572|0.0361747|0.00422712|0.0488449|0.0326516|0.0210152|0.0194929|0.0333838|0.0367367|0.033459|0.0460367,0.966562|0.91558|0.921419|0.905866|0.970156|0.939809|0.929454|0.985874|0.937217|0.978715|0.962228|0.943416|0.922419|0.991514,0.044073|1.15275|2.12941|0.371065|5.58772|0.576078|3.54556|6.07711|5.60429|1.17871|1.34553|3.46481|0.720084|1.43787,79.8117|88.6198|13.2112|55.8812|67.5745|66.6304|92.5451|35.0583|37.2729|32.9383|55.4093|99.595|65.9961,0.180405|0.1753|0.23086|0.198716|0.245578|0.223135|0.193036|0.165289|0.247945|0.235444|0.210203|0.184736|0.211961,0.820707|0.836696|0.959801|0.142489|0.848505|0.324891|0.838519|0.998548|0.439527|0.299341|0.426554|0.509202|0.74,0.836712,0.95003,0.0605752,0.0262135,0.963917,0.465123,0.15314,0.474832,0.221241,0.939811,45.7498,4.30327e-11,91817,0.946666,47.3408,5.83316e-12,89819,0.806875,0.804562,0.0308693,0.827622,0.153213,0.478528,0.188721,0.468424,0.0909349,0.884044,30.5298,9.32513e-10,24710,0.952989,52.309,3.28469e-13,20664
11,61,n1->n2->n3->n13->n14->n4->n5->n6->n7->n8->n9->n19->n20->n10,3.81628e+09|3.17307e+11|9.55297e+11|9.81467e+09|2.91479e+13|8.2339e+09|1.37938e+13|4.81192e+11|4.80907e+13|8.1696e+11|2.30789e+12|1.16537e+09|9.60703e+09|4.53093e+09,3.25333e+09|7.16144e+10|1.77834e+11|3.1802e+09|4.85425e+12|1.86231e+09|1.38001e+12|3.85536e+11|1.83015e+13|1.84853e+11|1.03773e+12|6.99014e+08|1.01137e+09|9.31081e+08,1.65606e-05|2.94581e-05|2.34356e-05|0.000184444|0.000173701|5.62105e-05|0.000116756|0.000284109|0.000167308|0.000187958|0.000314672|2.23892e-05|0.000360246|0.000962884,0.000261068|0.0082771|0.000154657|0.00073597|0.00786944|0.0010007|0.000330332|0.000503779|0.00108045|0.00124643|0.000259122|0.000391715|0.00927779|0.00020631,0.0149239|0.023169|0.00381353|0.0213516|0.0264898|0.0435318|0.0206384|0.0246782|0.0277248|0.008984|0.00551956|0.0161043|0.0329774|0.0149268,0.0412895|0.0464405|0.0376584|0.039085|0.0488449|0.0417385|0.0210152|0.0194929|0.0333838|0.0367367|0.033459|0.0166223|0.029507|0.0460367,0.966562|0.91558|0.926805|0.928597|0.929454|0.900946|0.937217|0.978715|0.962228|0.943416|0.922419|0.972235|0.986266|0.991514,0.044073|1.15275|6.14759|3.91297|3.54556|2.57143|5.60429|1.17871|1.34553|3.46481|0.720084|0.257261|1.60192|1.43787,79.8117|37.015|83.9106|56.34|52.1141|81.7362|37.2729|32.9383|55.4093|99.595|99.0064|10.3361|29.3778,0.180405|0.162173|0.247463|0.231665|0.232653|0.213965|0.247945|0.235444|0.210203|0.184736|0.220943|0.236076|0.163527,0.820707|0.488085|0.917952|0.474189|0.731436|0.340685|0.439527|0.299341|0.426554|0.509202|0.31779|0.380012|0.849414,0.836712,0.95003,0.0605752,0.0262135,0.963917,0.465123,0.15314,0.474832,0.221241,0.939811,45.7498,4.30327e-11,91817,0.946666,47.3408,5.83316e-12,89819,0.806875,0.804562,0.0308693,0.827622,0.153213,0.478528,0.188721,0.468424,0.0909349,0.884044,30.5298,9.32513e-10,24710,0.952989,52.309,3.28469e-13,20664
11,62,n1->n11->n12->n22->n23->n13->n3->n4->n5->n6->n7->n8->n9->n10,3.81628e+09|2.52501e+13|2.1111e+11|3.67533e+09|6.10326e+09|9.81467e+09|9.55297e+11|8.2339e+09|1.37938e+13|4.81192e+11|4.80907e+13|8.1696e+11|2.30789e+12|4.53093e+09,3.25333e+09|3.47681e+12|1.05012e+11|2.7041e+09|4.29963e+09|3.1802e+09|1.77834e+11|1.86231e+09|1.38001e+12|3.85536e+11|1.83015e+13|1.84853e+11|1.03773e+12|9.31081e+08,1.65606e-05|0.000333482|1.23997e-05|0.000252666|0.000453384|0.000184444|2.34356e-05|5.62105e-05|0.000116756|0.000284109|0.000167308|0.000187958|0.000314672|0.000962884,0.000261068|0.000106174|0.00623448|0.000120953|0.00368377|0.00073597|0.000154657|0.0010007|0.000330332|0.000503779|0.00108045|0.00124643|0.000259122|0.00020631,0.0149239|0.020331|0.0180599|0.00578932|0.0307353|0.0213516|0.00381353|0.0435318|0.0206384|0.0246782|0.0277248|0.008984|0.00551956|0.0149268,0.0412895|0.0123668|0.00826329|0.00482572|0.0361747|0.039085|0.0376584|0.0417385|0.0210152|0.0194929|0.0333838|0.0367367|0.033459|0.0460367,0.966562|0.966881|0.921419|0.905866|0.970156|0.928597|0.926805|0.900946|0.937217|0.978715|0.962228|0.943416|0.922419|0.991514,0.044073|0.100884|2.12941|0.371065|5.58772|3.91297|6.14759|2.57143|5.60429|1.17871|1.34553|3.46481|0.720084|1.43787,30.2686|24.4191|13.2112|55.8812|51.9585|83.9106|10.4739|81.7362|37.2729|32.9383|55.4093|99.595|65.9961,0.233793|0.238508|0.23086|0.198716|0.193998|0.247463|0.183499|0.213965|0.247945|0.235444|0.210203|0.184736|0.211961,0.365721|0.981001|0.959801|0.142489|0.362388|0.917952|0.949324|0.340685|0.439527|0.299341|0.426554|0.509202|0.74,0.836712,0.95003,0.0605752,0.0262135,0.963917,0.465123,0.15314,0.474832,0.221241,0.939811,45.7498,4.30327e-11,91817,0.946666,47.3408,5.83316e-12,89819,0.806875,0.804562,0.0308693,0.827622,0.153213,0.478528,0.188721,0.468424,0.0909349,0.884044,30.5298,9.32513e-10,24710,0.952989,52.309,3.28469e-13,20664
11,63,n1->n2->n12->n22->n23->n24->n14->n15->n16->n6->n7->n8->n9->n10,3.81628e+09|3.17307e+11|2.1111e+11|3.67533e+09|6.10326e+09|4.58897e+12|2.91479e+13|3.5907e+10|6.90472e+11|4.81192e+11|4.80907e+13|8.1696e+11|2.30789e+12|4.53093e+09,3.25333e+09|7.16144e+10|1.05012e+11|2.7041e+09|4.29963e+09|2.50135e+12|4.85425e+12|3.62158e+09|6.89981e+11|3.85536e+11|1.83015e+13|1.84853e+11|1.03773e+12|9.31081e+08,1.65606e-05|2.94581e-05|1.23997e-05|0.000252666|0.000453384|0.00040566|0.000173701|0.00098768|0.000342499|0.000284109|0.000167308|0.000187958|0.000314672|0.000962884,0.000261068|0.0082771|0.00623448|0.000120953|0.00368377|0.00129631|0.00786944|0.000302079|0.00111591|0.000503779|0.00108045|0.00124643|0.000259122|0.00020631,0.0149239|0.023169|0.0180599|0.00578932|0.0307353|0.0106514|0.0264898|0.0486551|0.0327472|0.0246782|0.0277248|0.008984|0.00551956|0.0149268,0.0412895|0.0464405|0.00826329|0.00482572|0.0361747|0.00422712|0.0488449|0.0326516|0.00971357|0.0194929|0.0333838|0.0367367|0.033459|0.0460367,0.966562|0.91558|0.921419|0.905866|0.970156|0.939809|0.929454|0.985874|0.901048|0.978715|0.962228|0.943416|0.922419|0.991514,0.044073|1.15275|2.12941|0.371065|5.58772|0.576078|3.54556|6.07711|1.61346|1.17871|1.34553|3.46481|0.720084|1.43787,79.8117|88.6198|13.2112|55.8812|67.5745|66.6304|92.5451|56.2706|50.0569|32.9383|55.4093|99.595|65.9961,0.180405|0.1753|0.23086|0.198716|0.245578|0.223135|0.193036|0.224038|0.225307|0.235444|0.210203|0.184736|0.211961,0.820707|0.836696|0.959801|0.142489|0.848505|0.324891|0.838519|0.441456|0.100621|0.299341|0.426554|0.509202|0.74,0.836712,0.95003,0.0605752,0.0262135,0.963917,0.465123,0.15314,0.474832,0.221241,0.939811,45.7498,4.30327e-11,91817,0.946666,47.3408,5.83316e-12,89819,0.806875,0.804562,0.0308693,0.827622,0.153213,0.478528,0.188721,0.468424,0.0909349,0.884044,30.5298,9.32513e-10,24710,0.952989,52.309,3.28469e-13,20664
11,64,n1->n11->n12->n13->n23->n24->n14->n4->n5->n6->n7->n8->n9->n10,3.81628e+09|2.52501e+13|2.1111e+11|9.81467e+09|6.10326e+09|4.58897e+12|2.91479e+13|8.2339e+09|1.37938e+13|4.81192e+11|4.80907e+13|8.1696e+11|2.30789e+12|4.53093e+09,3.25333e+09|3.47681e+12|1.05012e+11|3.1802e+09|4.29963e+09|2.50135e+12|4.85425e+12|1.86231e+09|1.38001e+12|3.85536e+11|1.83015e+13|1.84853e+11|1.03773e+12|9.31081e+08,1.65606e-05|0.000333482|1.23997e-05|0.000184444|0.000453384|0.00040566|0.000173701|5.62105e-05|0.000116756|0.000284109|0.000167308|0.000187958|0.000314672|0.000962884,0.000261068|0.000106174|0.00623448|0.00073597|0.00368377|0.00129631|0.00786944|0.0010007|0.000330332|0.000503779|0.00108045|0.00124643|0.000259122|0.00020631,0.0149239|0.020331|0.0180599|0.0213516|0.0307353|0.0106514|0.0264898|0.0435318|0.0206384|0.0246782|0.0277248|0.008984|0.00551956|0.0149268,0.0412895|0.0123668|0.00826329|0.039085|0.0361747|0.00422712|0.0488449|0.0417385|0.0210152|0.0194929|0.0333838|0.0367367|0.033459|0.0460367,0.966562|0.966881|0.921419|0.928597|0.970156|0.939809|0.929454|0.900946|0.937217|0.978715|0.962228|0.943416|0.922419|0.991514,0.044073|0.100884|2.12941|3.91297|5.58772|0.576078|3.54556|2.57143|5.60429|1.17871|1.34553|3.46481|0.720084|1.43787,30.2686|24.4191|13.9548|51.9585|67.5745|66.6304|52.1141|81.7362|37.2729|32.9383|55.4093|99.595|65.9961,0.233793|0.238508|0.240484|0.193998|0.245578|0.223135|0.232653|0.213965|0.247945|0.235444|0.210203|0.184736|0.211961,0.365721|0.981001|0.503208|0.362388|0.848505|0.324891|0.731436|0.340685|0.439527|0.299341|0.426554|0.509202|0.74,0.836712,0.95003,0.0605752,0.0262135,0.963917,0.465123,0.15314,0.474832,0.221241,0.939811,45.7498,4.30327e-11,91817,0.946666,47.3408,5.83316e-12,89819,0.806875,0.804562,0.0308693,0.827622,0.153213,0.478528,0.188721,0.468424,0.0909349,0.884044,30.5298,9.32513e-10,24710,0.952989,52.309,3.28469e-13,20664
11,65,n1->n11->n12->n2->n3->n4->n14->n15->n5->n6->n7->n8->n9->n10,3.81628e+09|2.52501e+13|2.1111e+11|3.17307e+11|9.55297e+11|8.2339e+09|2.91479e+13|3.5907e+10|1.37938e+13|4.81192e+11|4.80907e+13|8.1696e+11|2.30789e+12|4.53093e+09,3.25333e+09|3.47681e+12|1.05012e+11|7.16144e+10|1.77834e+11|1.86231e+09|4.85425e+12|3.62158e+09|1.38001e+12|3.85536e+11|1.83015e+13|1.84853e+11|1.03773e+12|9.31081e+08,1.65606e-05|0.000333482|1.23997e-05|2.94581e-05|2.34356e-05|5.62105e-05|0.000173701|0.00098768|0.000116756|0.000284109|0.000167308|0.000187958|0.000314672|0.000962884,0.000261068|0.000106174|0.00623448|0.0082771|0.000154657|0.0010007|0.00786944|0.000302079|0.000330332|0.000503779|0.00108045|0.00124643|0.000259122|0.00020631,0.0149239|0.020331|0.0180599|0.023169|0.00381353|0.0435318|0.0264898|0.0486551|0.0206384|0.0246782|0.0277248|0.008984|0.00551956|0.0149268,0.0412895|0.0123668|0.00826329|0.0464405|0.0376584|0.0417385|0.0488449|0.0326516|0.0210152|0.0194929|0.0333838|0.0367367|0.033459|0.0460367,0.966562|0.966881|0.921419|0.91558|0.926805|0.900946|0.929454|0.985874|0.937217|0.978715|0.962228|0.943416|0.922419|0.991514,0.044073|0.100884|2.12941|1.15275|6.14759|2.57143|3.54556|6.07711|5.60429|1.17871|1.34553|3.46481|0.720084|1.43787,30.2686|24.4191|88.6198|37.015|10.4739|52.1141|92.5451|35.0583|37.2729|32.9383|55.4093|99.595|65.9961,0.233793|0.238508|0.1753|0.162173|0.183499|0.232653|0.193036|0.165289|0.247945|0.235444|0.210203|0.184736|0.211961,0.365721|0.981001|0.836696|0.488085|0.949324|0.731436|0.838519|0.998548|0.439527|0.299341|0.426554|0.509202|0.74,0.836712,0.95003,0.0605752,0.0262135,0.963917,0.465123,0.15314,0.474832,0.221241,0.939811,45.7498,4.30327e-11,91817,0.946666,47.3408,5.83316e-12,89819,0.806875,0.804562,0.0308693,0.827622,0.153213,0.478528,0.188721,0.468424,0.0909349,0.884044,30.5298,9.32513e-10,24710,0.952989,52.309,3.28469e-13,20664
11,66,n1->n2->n3->n4->n5->n6->n7->n17->n27->n28->n29->n30->n20->n10,3.81628e+09|3.17307e+11|9.55297e+11|8.2339e+09|1.37938e+13|4.81192e+11|4.80907e+13|1.49573e+11|1.06797e+10|1.97271e+12|7.35633e+12|1.3379e+10|9.60703e+09|4.53093e+09,3.25333e+09|7.16144e+10|1.77834e+11|1.86231e+09|1.38001e+12|3.85536e+11|1.83015e+13|2.52876e+10|5.90481e+09|5.32754e+11|9.38828e+11|3.91441e+09|1.01137e+09|9.31081e+08,1.65606e-05|2.94581e-05|2.34356e-05|5.62105e-05|0.000116756|0.000284109|0.000167308|0.000106677|0.000385595|3.13497e-05|1.34914e-05|5.26975e-05|0.000360246|0.000962884,0.000261068|0.0082771|0.000154657|0.0010007|0.000330332|0.000503779|0.00108045|0.00206961|0.0053547|0.00494547|0.00676328|0.00225502|0.00927779|0.00020631,0.0149239|0.023169|0.00381353|0.0435318|0.0206384|0.0246782|0.0277248|0.0327897|0.0129799|0.024784|0.00690986|0.00375381|0.0329774|0.0149268,0.0412895|0.0464405|0.0376584|0.0417385|0.0210152|0.0194929|0.0333838|0.0446882|0.0225417|0.0497329|0.0195613|0.0244379|0.029507|0.0460367,0.966562|0.91558|0.926805|0.900946|0.937217|0.978715|0.962228|0.9918|0.921043|0.975369|0.957942|0.916555|0.986266|0.991514,0.044073|1.15275|6.14759|2.57143|5.60429|1.17871|1.34553|5.5964|0.152741|5.46142|1.3314|3.81217|1.60192|1.43787,79.8117|37.015|10.4739|81.7362|37.2729|32.9383|59.8148|72.2829|15.3326|39.0733|83.4704|23.9015|29.3778,0.180405|0.162173|0.183499|0.213965|0.247945|0.235444|0.19432|0.181484|0.218114|0.204677|0.184369|0.225083|0.163527,0.820707|0.488085|0.949324|0.340685|0.439527|0.299341|0.320068|0.529686|0.769449|0.610162|0.419692|0.876583|0.849414,0.836712,0.95003,0.0605752,0.0262135,0.963917,0.465123,0.15314,0.474832,0.221241,0.939811,45.7498,4.30327e-11,91817,0.946666,47.3408,5.83316e-12,89819,0.806875,0.804562,0.0308693,0.827622,0.153213,0.478528,0.188721,0.468424,0.0909349,0.884044,30.5298,9.32513e-10,24710,0.952989,52.309,3.28469e-13,20664
11,67,n1->n11->n12->n22->n23->n24->n25->n26->n16->n17->n18->n8->n9->n10,3.81628e+09|2.52501e+13|2.1111e+11|3.67533e+09|6.10326e+09|4.58897e+12|7.02296e+09|2.34091e+12|6.90472e+11|1.49573e+11|1.26146e+12|8.1696e+11|2.30789e+12|4.53093e+09,3.25333e+09|3.47681e+12|1.05012e+11|2.7041e+09|4.29963e+09|2.50135e+12|7.41925e+08|1.00891e+12|6.89981e+11|2.52876e+10|2.026e+11|1.84853e+11|1.03773e+12|9.31081e+08,1.65606e-05|0.000333482|1.23997e-05|0.000252666|0.000453384|0.00040566|3.98486e-05|1.13419e-05|0.000342499|0.000106677|0.00077073|0.000187958|0.000314672|0.000962884,0.000261068|0.000106174|0.00623448|0.000120953|0.00368377|0.00129631|0.00870955|0.00105353|0.00111591|0.00206961|0.000223728|0.00124643|0.000259122|0.00020631,0.0149239|0.020331|0.0180599|0.00578932|0.0307353|0.0106514|0.0189466|0.00180998|0.0327472|0.0327897|0.00757137|0.008984|0.00551956|0.0149268,0.0412895|0.0123668|0.00826329|0.00482572|0.0361747|0.00422712|0.0120446|0.0338682|0.00971357|0.0446882|0.0158785|0.0367367|0.033459|0.0460367,0.966562|0.966881|0.921419|0.905866|0.970156|0.939809|0.938328|0.988902|0.901048|0.9918|0.954493|0.943416|0.922419|0.991514,0.044073|0.100884|2.12941|0.371065|5.58772|0.576078|1.89337|5.70191|1.61346|5.5964|4.28182|3.46481|0.720084|1.43787,30.2686|24.4191|13.2112|55.8812|67.5745|18.2346|55.6995|11.0615|32.2763|27.3162|81.3396|99.595|65.9961,0.233793|0.238508|0.23086|0.198716|0.245578|0.206582|0.173773|0.225802|0.206947|0.195193|0.182333|0.184736|0.211961,0.365721|0.981001|0.959801|0.142489|0.848505|0.438744|0.285241|0.777864|0.756824|0.721446|0.519796|0.509202|0.74,0.836712,0.95003,0.0605752,0.0262135,0.963917,0.465123,0.15314,0.474832,0.221241,0.939811,45.7498,4.30327e-11,91817,0.946666,47.3408,5.83316e-12,89819,0.806875,0.804562,0.0308693,0.827622,0.153213,0.478528,0.188721,0.468424,0.0909349,0.884044,30.5298,9.32513e-10,24710,0.952989,52.309,3.28469e-13,20664
11,68,n1->n2->n12->n13->n3->n4->n5->n15->n16->n6->n7->n8->n9->n10,3.81628e+09|3.17307e+11|2.1111e+11|9.81467e+09|9.55297e+11|8.2339e+09|1.37938e+13|3.5907e+10|6.90472e+11|4.81192e+11|4.80907e+13|8.1696e+11|2.30789e+12|4.53093e+09,3.25333e+09|7.16144e+10|1.05012e+11|3.1802e+09|1.77834e+11|1.86231e+09|1.38001e+12|3.62158e+09|6.89981e+11|3.85536e+11|1.83015e+13|1.84853e+11|1.03773e+12|9.31081e+08,1.65606e-05|2.94581e-05|1.23997e-05|0.000184444|2.34356e-05|5.62105e-05|0.000116756|0.00098768|0.000342499|0.000284109|0.000167308|0.000187958|0.000314672|0.000962884,0.000261068|0.0082771|0.00623448|0.00073597|0.000154657|0.0010007|0.000330332|0.000302079|0.00111591|0.000503779|0.00108045|0.00124643|0.000259122|0.00020631,0.0149239|0.023169|0.0180599|0.0213516|0.00381353|0.0435318|0.0206384|0.0486551|0.0327472|0.0246782|0.0277248|0.008984|0.00551956|0.0149268,0.0412895|0.0464405|0.00826329|0.039085|0.0376584|0.0417385|0.0210152|0.0326516|0.00971357|0.0194929|0.0333838|0.0367367|0.033459|0.0460367,0.966562|0.91558|0.921419|0.928597|0.926805|0.900946|0.937217|0.985874|0.901048|0.978715|0.962228|0.943416|0.922419|0.991514,0.044073|1.15275|2.12941|3.91297|6.14759|2.57143|5.60429|6.07711|1.61346|1.17871|1.34553|3.46481|0.720084|1.43787,79.8117|88.6198|13.9548|83.9106|10.4739|81.7362|35.0583|56.2706|50.0569|32.9383|55.4093|99.595|65.9961,0.180405|0.1753|0.240484|0.247463|0.183499|0.213965|0.165289|0.224038|0.225307|0.235444|0.210203|0.184736|0.211961,0.820707|0.836696|0.503208|0.917952|0.949324|0.340685|0.998548|0.441456|0.100621|0.299341|0.426554|0.509202|0.74,0.836712,0.95003,0.0605752,0.0262135,0.963917,0.465123,0.15314,0.474832,0.221241,0.939811,45.7498,4.30327e-11,91817,0.946666,47.3408,5.83316e-12,89819,0.806875,0.804562,0.0308693,0.827622,0.153213,0.478528,0.188721,0.468424,0.0909349,0.884044,30.5298,9.32513e-10,24710,0.952989,52.309,3.28469e-13,20664
11,69,n1->n2->n3->n4->n14->n24->n25->n26->n27->n28->n18->n19->n9->n10,3.81628e+09|3.17307e+11|9.55297e+11|8.2339e+09|2.91479e+13|4.58897e+12|7.02296e+09|2.34091e+12|1.06797e+10|1.97271e+12|1.26146e+12|1.16537e+09|2.30789e+12|4.53093e+09,3.25333e+09|7.16144e+10|1.77834e+11|1.86231e+09|4.85425e+12|2.50135e+12|7.41925e+08|1.00891e+12|5.90481e+09|5.32754e+11|2.026e+11|6.99014e+08|1.03773e+12|9.31081e+08,1.65606e-05|2.94581e-05|2.34356e-05|5.62105e-05|0.000173701|0.00040566|3.98486e-05|1.13419e-05|0.000385595|3.13497e-05|0.00077073|2.23892e-05|0.000314672|0.000962884,0.000261068|0.0082771|0.000154657|0.0010007|0.00786944|0.00129631|0.00870955|0.00105353|0.0053547|0.00494547|0.000223728|0.000391715|0.000259122|0.00020631,0.0149239|0.023169|0.00381353|0.0435318|0.0264898|0.0106514|0.0189466|0.00180998|0.0129799|0.024784|0.00757137|0.0161043|0.00551956|0.0149268,0.0412895|0.0464405|0.0376584|0.0417385|0.0488449|0.00422712|0.0120446|0.0338682|0.0225417|0.0497329|0.0158785|0.0166223|0.033459|0.0460367,0.966562|0.91558|0.926805|0.900946|0.929454|0.939809|0.938328|0.988902|0.921043|0.975369|0.954493|0.972235|0.922419|0.991514,0.044073|1.15275|6.14759|2.57143|3.54556|0.576078|1.89337|5.70191|0.152741|5.46142|4.28182|0.257261|0.720084|1.43787,79.8117|37.015|10.4739|52.1141|66.6304|18.2346|55.6995|42.5138|15.3326|43.2583|28.0546|99.0064|65.9961,0.180405|0.162173|0.183499|0.232653|0.223135|0.206582|0.173773|0.199324|0.218114|0.24208|0.21248|0.220943|0.211961,0.820707|0.488085|0.949324|0.731436|0.324891|0.438744|0.285241|0.638543|0.769449|0.374292|0.717834|0.31779|0.74,0.836712,0.95003,0.0605752,0.0262135,0.963917,0.465123,0.15314,0.474832,0.221241,0.939811,45.7498,4.30327e-11,91817,0.946666,47.3408,5.83316e-12,89819,0.806875,0.804562,0.0308693,0.827622,0.153213,0.478528,0.188721,0.468424,0.0909349,0.884044,30.5298,9.32513e-10,24710,0.952989,52.309,3.28469e-13,20664
11,70,n1->n11->n12->n2->n3->n4->n5->n15->n16->n17->n18->n19->n20->n10,3.81628e+09|2.52501e+13|2.1111e+11|3.17307e+11|9.55297e+11|8.2339e+09|1.37938e+13|3.5907e+10|6.90472e+11|1.49573e+11|1.26146e+12|1.16537e+09|9.60703e+09|4.53093e+09,3.25333e+09|3.47681e+12|1.05012e+11|7.16144e+10|1.77834e+11|1.86231e+09|1.38001e+12|3.62158e+09|6.89981e+11|2.52876e+10|2.026e+11|6.99014e+08|1.01137e+09|9.31081e+08,1.65606e-05|0.000333482|1.23997e-05|2.94581e-05|2.34356e-05|5.62105e-05|0.000116756|0.00098768|0.000342499|0.000106677|0.00077073|2.23892e-05|0.000360246|0.000962884,0.000261068|0.000106174|0.00623448|0.0082771|0.000154657|0.0010007|0.000330332|0.000302079|0.00111591|0.00206961|0.000223728|0.000391715|0.00927779|0.00020631,0.0149239|0.020331|0.0180599|0.023169|0.00381353|0.0435318|0.0206384|0.0486551|0.0327472|0.0327897|0.00757137|0.0161043|0.0329774|0.0149268,0.0412895|0.0123668|0.00826329|0.0464405|0.0376584|0.0417385|0.0210152|0.0326516|0.00971357|0.0446882|0.0158785|0.0166223|0.029507|0.0460367,0.966562|0.966881|0.921419|0.91558|0.926805|0.900946|0.937217|0.985874|0.901048|0.9918|0.954493|0.972235|0.986266|0.991514,0.044073|0.100884|2.12941|1.15275|6.14759|2.57143|5.60429|6.07711|1.61346|5.5964|4.28182|0.257261|1.60192|1.43787,30.2686|24.4191|88.6198|37.015|10.4739|81.7362|35.0583|56.2706|32.2763|27.3162|28.0546|10.3361|29.3778,0.233793|0.238508|0.1753|0.162173|0.183499|0.213965|0.165289|0.224038|0.206947|0.195193|0.21248|0.236076|0.163527,0.365721|0.981001|0.836696|0.488085|0.949324|0.340685|0.998548|0.441456|0.756824|0.721446|0.717834|0.380012|0.849414,0.836712,0.95003,0.0605752,0.0262135,0.963917,0.465123,0.15314,0.474832,0.221241,0.939811,45.7498,4.30327e-11,91817,0.946666,47.3408,5.83316e-12,89819,0.806875,0.804562,0.0308693,0.827622,0.153213,0.478528,0.188721,0.468424,0.0909349,0.884044,30.5298,9.32513e-10,24710,0.952989,52.309,3.28469e-13,20664
11,71,n1->n2->n3->n13->n23->n24->n14->n15->n5->n6->n7->n8->n9->n10,3.81628e+09|3.17307e+11|9.55297e+11|9.81467e+09|6.10326e+09|4.58897e+12|2.91479e+13|3.5907e+10|1.37938e+13|4.81192e+11|4.80907e+13|8.1696e+11|2.30789e+12|4.53093e+09,3.25333e+09|7.16144e+10|1.77834e+11|3.1802e+09|4.29963e+09|2.50135e+12|4.85425e+12|3.62158e+09|1.38001e+12|3.85536e+11|1.83015e+13|1.84853e+11|1.03773e+12|9.31081e+08,1.65606e-05|2.94581e-05|2.34356e-05|0.000184444|0.000453384|0.00040566|0.000173701|0.00098768|0.000116756|0.000284109|0.000167308|0.000187958|0.000314672|0.000962884,0.000261068|0.0082771|0.000154657|0.00073597|0.00368377|0.00129631|0.00786944|0.000302079|0.000330332|0.000503779|0.00108045|0.00124643|0.000259122|0.00020631,0.0149239|0.023169|0.00381353|0.0213516|0.0307353|0.0106514|0.0264898|0.0486551|0.0206384|0.0246782|0.0277248|0.008984|0.00551956|0.0149268,0.0412895|0.0464405|0.0376584|0.039085|0.0361747|0.00422712|0.0488449|0.0326516|0.0210152|0.0194929|0.0333838|0.0367367|0.033459|0.0460367,0.966562|0.91558|0.926805|0.928597|0.970156|0.939809|0.929454|0.985874|0.937217|0.978715|0.962228|0.943416|0.922419|0.991514,0.044073|1.15275|6.14759|3.91297|5.58772|0.576078|3.54556|6.07711|5.60429|1.17871|1.34553|3.46481|0.720084|1.43787,79.8117|37.015|83.9106|51.9585|67.5745|66.6304|92.5451|35.0583|37.2729|32.9383|55.4093|99.595|65.9961,0.180405|0.162173|0.247463|0.193998|0.245578|0.223135|0.193036|0.165289|0.247945|0.235444|0.210203|0.184736|0.211961,0.820707|0.488085|0.917952|0.362388|0.848505|0.324891|0.838519|0.998548|0.439527|0.299341|0.426554|0.509202|0.74,0.836712,0.95003,0.0605752,0.0262135,0.963917,0.465123,0.15314,0.474832,0.221241,0.939811,45.7498,4.30327e-11,91817,0.946666,47.3408,5.83316e-12,89819,0.806875,0.804562,0.0308693,0.827622,0.153213,0.478528,0.188721,0.468424,0.0909349,0.884044,30.5298,9.32513e-10,24710,0.952989,52.309,3.28469e-13,20664
11,72,n1->n2->n3->n4->n5->n15->n25->n26->n27->n17->n18->n19->n9->n10,3.81628e+09|3.17307e+11|9.55297e+11|8.2339e+09|1.37938e+13|3.5907e+10|7.02296e+09|2.34091e+12|1.06797e+10|1.49573e+11|1.26146e+12|1.16537e+09|2.30789e+12|4.53093e+09,3.25333e+09|7.16144e+10|1.77834e+11|1.86231e+09|1.38001e+12|3.62158e+09|7.41925e+08|1.00891e+12|5.90481e+09|2.52876e+10|2.026e+11|6.99014e+08|1.03773e+12|9.31081e+08,1.65606e-05|2.94581e-05|2.34356e-05|5.62105e-05|0.000116756|0.00098768|3.98486e-05|1.13419e-05|0.000385595|0.000106677|0.00077073|2.23892e-05|0.000314672|0.000962884,0.000261068|0.0082771|0.000154657|0.0010007|0.000330332|0.000302079|0.00870955|0.00105353|0.0053547|0.00206961|0.000223728|0.000391715|0.000259122|0.00020631,0.0149239|0.023169|0.00381353|0.0435318|0.0206384|0.0486551|0.0189466|0.00180998|0.0129799|0.0327897|0.00757137|0.0161043|0.00551956|0.0149268,0.0412895|0.0464405|0.0376584|0.0417385|0.0210152|0.0326516|0.0120446|0.0338682|0.0225417|0.0446882|0.0158785|0.0166223|0.033459|0.0460367,0.966562|0.91558|0.926805|0.900946|0.937217|0.985874|0.938328|0.988902|0.921043|0.9918|0.954493|0.972235|0.922419|0.991514,0.044073|1.15275|6.14759|2.57143|5.60429|6.07711|1.89337|5.70191|0.152741|5.5964|4.28182|0.257261|0.720084|1.43787,79.8117|37.015|10.4739|81.7362|35.0583|54.7186|55.6995|42.5138|72.2829|27.3162|28.0546|99.0064|65.9961,0.180405|0.162173|0.183499|0.213965|0.165289|0.2102|0.173773|0.199324|0.181484|0.195193|0.21248|0.220943|0.211961,0.820707|0.488085|0.949324|0.340685|0.998548|0.433332|0.285241|0.638543|0.529686|0.721446|0.717834|0.31779|0.74,0.836712,0.95003,0.0605752,0.0262135,0.963917,0.465123,0.15314,0.474832,0.221241,0.939811,45.7498,4.30327e-11,91817,0.946666,47.3408,5.83316e-12,89819,0.806875,0.804562,0.0308693,0.827622,0.153213,0.478528,0.188721,0.468424,0.0909349,0.884044,30.5298,9.32513e-10,24710,0.952989,52.309,3.28469e-13,20664
11,73,n1->n2->n3->n13->n23->n24->n25->n26->n27->n17->n18->n8->n9->n10,3.81628e+09|3.17307e+11|9.55297e+11|9.81467e+09|6.10326e+09|4.58897e+12|7.02296e+09|2.34091e+12|1.06797e+10|1.49573e+11|1.26146e+12|8.1696e+11|2.30789e+12|4.53093e+09,3.25333e+09|7.16144e+10|1.77834e+11|3.1802e+09|4.29963e+09|2.50135e+12|7.41925e+08|1.00891e+12|5.90481e+09|2.52876e+10|2.026e+11|1.84853e+11|1.03773e+12|9.31081e+08,1.65606e-05|2.94581e-05|2.34356e-05|0.000184444|0.000453384|0.00040566|3.98486e-05|1.13419e-05|0.000385595|0.000106677|0.00077073|0.000187958|0.000314672|0.000962884,0.000261068|0.0082771|0.000154657|0.00073597|0.00368377|0.00129631|0.00870955|0.00105353|0.0053547|0.00206961|0.000223728|0.00124643|0.000259122|0.00020631,0.0149239|0.023169|0.00381353|0.0213516|0.0307353|0.0106514|0.0189466|0.00180998|0.0129799|0.0327897|0.00757137|0.008984|0.00551956|0.0149268,0.0412895|0.0464405|0.0376584|0.039085|0.0361747|0.00422712|0.0120446|0.0338682|0.0225417|0.0446882|0.0158785|0.0367367|0.033459|0.0460367,0.966562|0.91558|0.926805|0.928597|0.970156|0.939809|0.938328|0.988902|0.921043|0.9918|0.954493|0.943416|0.922419|0.991514,0.044073|1.15275|6.14759|3.91297|5.58772|0.576078|1.89337|5.70191|0.152741|5.5964|4.28182|3.46481|0.720084|1.43787,79.8117|37.015|83.9106|51.9585|67.5745|18.2346|55.6995|42.5138|72.2829|27.3162|81.3396|99.595|65.9961,0.180405|0.162173|0.247463|0.193998|0.245578|0.206582|0.173773|0.199324|0.181484|0.195193|0.182333|0.184736|0.211961,0.820707|0.488085|0.917952|0.362388|0.848505|0.438744|0.285241|0.638543|0.529686|0.721446|0.519796|0.509202|0.74,0.836712,0.95003,0.0605752,0.0262135,0.963917,0.465123,0.15314,0.474832,0.221241,0.939811,45.7498,4.30327e-11,91817,0.946666,47.3408,5.83316e-12,89819,0.806875,0.804562,0.0308693,0.827622,0.153213,0.478528,0.188721,0.468424,0.0909349,0.884044,30.5298,9.32513e-10,24710,0.952989,52.309,3.28469e-13,20664
11,74,n1->n11->n21->n22->n23->n13->n14->n15->n16->n17->n7->n8->n9->n10,3.81628e+09|2.52501e+13|2.14937e+09|3.67533e+09|6.10326e+09|9.81467e+09|2.91479e+13|3.5907e+10|6.90472e+11|1.49573e+11|4.80907e+13|8.1696e+11|2.30789e+12|4.53093e+09,3.25333e+09|3.47681e+12|6.95475e+08|2.7041e+09|4.29963e+09|3.1802e+09|4.85425e+12|3.62158e+09|6.89981e+11|2.52876e+10|1.83015e+13|1.84853e+11|1.03773e+12|9.31081e+08,1.65606e-05|0.000333482|3.31663e-05|0.000252666|0.000453384|0.000184444|0.000173701|0.00098768|0.000342499|0.000106677|0.000167308|0.000187958|0.000314672|0.000962884,0.000261068|0.000106174|0.000798295|0.000120953|0.00368377|0.00073597|0.00786944|0.000302079|0.00111591|0.00206961|0.00108045|0.00124643|0.000259122|0.00020631,0.0149239|0.020331|0.022815|0.00578932|0.0307353|0.0213516|0.0264898|0.0486551|0.0327472|0.0327897|0.0277248|0.008984|0.00551956|0.0149268,0.0412895|0.0123668|0.0159416|0.00482572|0.0361747|0.039085|0.0488449|0.0326516|0.00971357|0.0446882|0.0333838|0.0367367|0.033459|0.0460367,0.966562|0.966881|0.946201|0.905866|0.970156|0.928597|0.929454|0.985874|0.901048|0.9918|0.962228|0.943416|0.922419|0.991514,0.044073|0.100884|2.38856|0.371065|5.58772|3.91297|3.54556|6.07711|1.61346|5.5964|1.34553|3.46481|0.720084|1.43787,30.2686|65.1286|34.0839|55.8812|51.9585|56.34|92.5451|56.2706|32.2763|59.8148|55.4093|99.595|65.9961,0.233793|0.246374|0.233339|0.198716|0.193998|0.231665|0.193036|0.224038|0.206947|0.19432|0.210203|0.184736|0.211961,0.365721|0.670433|0.348713|0.142489|0.362388|0.474189|0.838519|0.441456|0.756824|0.320068|0.426554|0.509202|0.74,0.836712,0.95003,0.0605752,0.0262135,0.963917,0.465123,0.15314,0.474832,0.221241,0.939811,45.7498,4.30327e-11,91817,0.946666,47.3408,5.83316e-12,89819,0.806875,0.804562,0.0308693,0.827622,0.153213,0.478528,0.188721,0.468424,0.0909349,0.884044,30.5298,9.32513e-10,24710,0.952989,52.309,3.28469e-13,20664
11,75,n1->n2->n3->n13->n14->n15->n5->n6->n7->n17->n18->n8->n9->n10,3.81628e+09|3.17307e+11|9.55297e+11|9.81467e+09|2.91479e+13|3.5907e+10|1.37938e+13|4.81192e+11|4.80907e+13|1.49573e+11|1.26146e+12|8.1696e+11|2.30789e+12|4.53093e+09,3.25333e+09|7.16144e+10|1.77834e+11|3.1802e+09|4.85425e+12|3.62158e+09|1.38001e+12|3.85536e+11|1.83015e+13|2.52876e+10|2.026e+11|1.84853e+11|1.03773e+12|9.31081e+08,1.65606e-05|2.94581e-05|2.34356e-05|0.000184444|0.000173701|0.00098768|0.000116756|0.000284109|0.000167308|0.000106677|0.00077073|0.000187958|0.000314672|0.000962884,0.000261068|0.0082771|0.000154657|0.00073597|0.00786944|0.000302079|0.000330332|0.000503779|0.00108045|0.00206961|0.000223728|0.00124643|0.000259122|0.00020631,0.0149239|0.023169|0.00381353|0.0213516|0.0264898|0.0486551|0.0206384|0.0246782|0.0277248|0.0327897|0.00757137|0.008984|0.00551956|0.0149268,0.0412895|0.0464405|0.0376584|0.039085|0.0488449|0.0326516|0.0210152|0.0194929|0.0333838|0.0446882|0.0158785|0.0367367|0.033459|0.0460367,0.966562|0.91558|0.926805|0.928597|0.929454|0.985874|0.937217|0.978715|0.962228|0.9918|0.954493|0.943416|0.922419|0.991514,0.044073|1.15275|6.14759|3.91297|3.54556|6.07711|5.60429|1.17871|1.34553|5.5964|4.28182|3.46481|0.720084|1.43787,79.8117|37.015|83.9106|56.34|92.5451|35.0583|37.2729|32.9383|59.8148|27.3162|81.3396|99.595|65.9961,0.180405|0.162173|0.247463|0.231665|0.193036|0.165289|0.247945|0.235444|0.19432|0.195193|0.182333|0.184736|0.211961,0.820707|0.488085|0.917952|0.474189|0.838519|0.998548|0.439527|0.299341|0.320068|0.721446|0.519796|0.509202|0.74,0.836712,0.95003,0.0605752,0.0262135,0.963917,0.465123,0.15314,0.474832,0.221241,0.939811,45.7498,4.30327e-11,91817,0.946666,47.3408,5.83316e-12,89819,0.806875,0.804562,0.0308693,0.827622,0.153213,0.478528,0.188721,0.468424,0.0909349,0.884044,30.5298,9.32513e-10,24710,0.952989,52.309,3.28469e-13,20664
11,76,n1->n2->n12->n22->n23->n13->n3->n4->n5->n6->n7->n8->n9->n10,3.81628e+09|3.17307e+11|2.1111e+11|3.67533e+09|6.10326e+09|9.81467e+09|9.55297e+11|8.2339e+09|1.37938e+13|4.81192e+11|4.80907e+13|8.1696e+11|2.30789e+12|4.53093e+09,3.25333e+09|7.16144e+10|1.05012e+11|2.7041e+09|4.29963e+09|3.1802e+09|1.77834e+11|1.86231e+09|1.38001e+12|3.85536e+11|1.83015e+13|1.84853e+11|1.03773e+12|9.31081e+08,1.65606e-05|2.94581e-05|1.23997e-05|0.000252666|0.000453384|0.000184444|2.34356e-05|5.62105e-05|0.000116756|0.000284109|0.000167308|0.000187958|0.000314672|0.000962884,0.000261068|0.0082771|0.00623448|0.000120953|0.00368377|0.00073597|0.000154657|0.0010007|0.000330332|0.000503779|0.00108045|0.00124643|0.000259122|0.00020631,0.0149239|0.023169|0.0180599|0.00578932|0.0307353|0.0213516|0.00381353|0.0435318|0.0206384|0.0246782|0.0277248|0.008984|0.00551956|0.0149268,0.0412895|0.0464405|0.00826329|0.00482572|0.0361747|0.039085|0.0376584|0.0417385|0.0210152|0.0194929|0.0333838|0.0367367|0.033459|0.0460367,0.966562|0.91558|0.921419|0.905866|0.970156|0.928597|0.926805|0.900946|0.937217|0.978715|0.962228|0.943416|0.922419|0.991514,0.044073|1.15275|2.12941|0.371065|5.58772|3.91297|6.14759|2.57143|5.60429|1.17871|1.34553|3.46481|0.720084|1.43787,79.8117|88.6198|13.2112|55.8812|51.9585|83.9106|10.4739|81.7362|37.2729|32.9383|55.4093|99.595|65.9961,0.180405|0.1753|0.23086|0.198716|0.193998|0.247463|0.183499|0.213965|0.247945|0.235444|0.210203|0.184736|0.211961,0.820707|0.836696|0.959801|0.142489|0.362388|0.917952|0.949324|0.340685|0.439527|0.299341|0.426554|0.509202|0.74,0.836712,0.95003,0.0605752,0.0262135,0.963917,0.465123,0.15314,0.474832,0.221241,0.939811,45.7498,4.30327e-11,91817,0.946666,47.3408,5.83316e-12,89819,0.806875,0.804562,0.0308693,0.827622,0.153213,0.478528,0.188721,0.468424,0.0909349,0.884044,30.5298,9.32513e-10,24710,0.952989,52.309,3.28469e-13,20664
11,77,n1->n2->n3->n13->n23->n24->n14->n4->n5->n6->n7->n8->n9->n10,3.81628e+09|3.17307e+11|9.55297e+11|9.81467e+09|6.10326e+09|4.58897e+12|2.91479e+13|8.2339e+09|1.37938e+13|4.81192e+11|4.80907e+13|8.1696e+11|2.30789e+12|4.53093e+09,3.25333e+09|7.16144e+10|1.77834e+11|3.1802e+09|4.29963e+09|2.50135e+12|4.85425e+12|1.86231e+09|1.38001e+12|3.85536e+11|1.83015e+13|1.84853e+11|1.03773e+12|9.31081e+08,1.65606e-05|2.94581e-05|2.34356e-05|0.000184444|0.000453384|0.00040566|0.000173701|5.62105e-05|0.000116756|0.000284109|0.000167308|0.000187958|0.000314672|0.000962884,0.000261068|0.0082771|0.000154657|0.00073597|0.00368377|0.00129631|0.00786944|0.0010007|0.000330332|0.000503779|0.00108045|0.00124643|0.000259122|0.00020631,0.0149239|0.023169|0.00381353|0.0213516|0.0307353|0.0106514|0.0264898|0.0435318|0.0206384|0.0246782|0.0277248|0.008984|0.00551956|0.0149268,0.0412895|0.0464405|0.0376584|0.039085|0.0361747|0.00422712|0.0488449|0.0417385|0.0210152|0.0194929|0.0333838|0.0367367|0.033459|0.0460367,0.966562|0.91558|0.926805|0.928597|0.970156|0.939809|0.929454|0.900946|0.937217|0.978715|0.962228|0.943416|0.922419|0.991514,0.044073|1.15275|6.14759|3.91297|5.58772|0.576078|3.54556|2.57143|5.60429|1.17871|1.34553|3.46481|0.720084|1.43787,79.8117|37.015|83.9106|51.9585|67.5745|66.6304|52.1141|81.7362|37.2729|32.9383|55.4093|99.595|65.9961,0.180405|0.162173|0.247463|0.193998|0.245578|0.223135|0.232653|0.213965|0.247945|0.235444|0.210203|0.184736|0.211961,0.820707|0.488085|0.917952|0.362388|0.848505|0.324891|0.731436|0.340685|0.439527|0.299341|0.426554|0.509202|0.74,0.836712,0.95003,0.0605752,0.0262135,0.963917,0.465123,0.15314,0.474832,0.221241,0.939811,45.7498,4.30327e-11,91817,0.946666,47.3408,5.83316e-12,89819,0.806875,0.804562,0.0308693,0.827622,0.153213,0.478528,0.188721,0.468424,0.0909349,0.884044,30.5298,9.32513e-10,24710,0.952989,52.309,3.28469e-13,20664
11,78,n1->n2->n12->n13->n14->n24->n25->n26->n27->n17->n18->n19->n9->n10,3.81628e+09|3.17307e+11|2.1111e+11|9.81467e+09|2.91479e+13|4.58897e+12|7.02296e+09|2.34091e+12|1.06797e+10|1.49573e+11|1.26146e+12|1.16537e+09|2.30789e+12|4.53093e+09,3.25333e+09|7.16144e+10|1.05012e+11|3.1802e+09|4.85425e+12|2.50135e+12|7.41925e+08|1.00891e+12|5.90481e+09|2.52876e+10|2.026e+11|6.99014e+08|1.03773e+12|9.31081e+08,1.65606e-05|2.94581e-05|1.23997e-05|0.000184444|0.000173701|0.00040566|3.98486e-05|1.13419e-05|0.000385595|0.000106677|0.00077073|2.23892e-05|0.000314672|0.000962884,0.000261068|0.0082771|0.00623448|0.00073597|0.00786944|0.00129631|0.00870955|0.00105353|0.0053547|0.00206961|0.000223728|0.000391715|0.000259122|0.00020631,0.0149239|0.023169|0.0180599|0.0213516|0.0264898|0.0106514|0.0189466|0.00180998|0.0129799|0.0327897|0.00757137|0.0161043|0.00551956|0.0149268,0.0412895|0.0464405|0.00826329|0.039085|0.0488449|0.00422712|0.0120446|0.0338682|0.0225417|0.0446882|0.0158785|0.0166223|0.033459|0.0460367,0.966562|0.91558|0.921419|0.928597|0.929454|0.939809|0.938328|0.988902|0.921043|0.9918|0.954493|0.972235|0.922419|0.991514,0.044073|1.15275|2.12941|3.91297|3.54556|0.576078|1.89337|5.70191|0.152741|5.5964|4.28182|0.257261|0.720084|1.43787,79.8117|88.6198|13.9548|56.34|66.6304|18.2346|55.6995|42.5138|72.2829|27.3162|28.0546|99.0064|65.9961,0.180405|0.1753|0.240484|0.231665|0.223135|0.206582|0.173773|0.199324|0.181484|0.195193|0.21248|0.220943|0.211961,0.820707|0.836696|0.503208|0.474189|0.324891|0.438744|0.285241|0.638543|0.529686|0.721446|0.717834|0.31779|0.74,0.836712,0.95003,0.0605752,0.0262135,0.963917,0.465123,0.15314,0.474832,0.221241,0.939811,45.7498,4.30327e-11,91817,0.946666,47.3408,5.83316e-12,89819,0.806875,0.804562,0.0308693,0.827622,0.153213,0.478528,0.188721,0.468424,0.0909349,0.884044,30.5298,9.32513e-10,24710,0.952989,52.309,3.28469e-13,20664
11,79,n1->n2->n12->n22->n23->n13->n14->n15->n16->n6->n7->n8->n9->n10,3.81628e+09|3.17307e+11|2.1111e+11|3.67533e+09|6.10326e+09|9.81467e+09|2.91479e+13|3.5907e+10|6.90472e+11|4.81192e+11|4.80907e+13|8.1696e+11|2.30789e+12|4.53093e+09,3.25333e+09|7.16144e+10|1.05012e+11|2.7041e+09|4.29963e+09|3.1802e+09|4.85425e+12|3.62158e+09|6.89981e+11|3.85536e+11|1.83015e+13|1.84853e+11|1.03773e+12|9.31081e+08,1.65606e-05|2.94581e-05|1.23997e-05|0.000252666|0.000453384|0.000184444|0.000173701|0.00098768|0.000342499|0.000284109|0.000167308|0.000187958|0.000314672|0.000962884,0.000261068|0.0082771|0.00623448|0.000120953|0.00368377|0.00073597|0.00786944|0.000302079|0.00111591|0.000503779|0.00108045|0.00124643|0.000259122|0.00020631,0.0149239|0.023169|0.0180599|0.00578932|0.0307353|0.0213516|0.0264898|0.0486551|0.0327472|0.0246782|0.0277248|0.008984|0.00551956|0.0149268,0.0412895|0.0464405|0.00826329|0.00482572|0.0361747|0.039085|0.0488449|0.0326516|0.00971357|0.0194929|0.0333838|0.0367367|0.033459|0.0460367,0.966562|0.91558|0.921419|0.905866|0.970156|0.928597|0.929454|0.985874|0.901048|0.978715|0.962228|0.943416|0.922419|0.991514,0.044073|1.15275|2.12941|0.371065|5.58772|3.91297|3.54556|6.07711|1.61346|1.17871|1.34553|3.46481|0.720084|1.43787,79.8117|88.6198|13.2112|55.8812|51.9585|56.34|92.5451|56.2706|50.0569|32.9383|55.4093|99.595|65.9961,0.180405|0.1753|0.23086|0.198716|0.193998|0.231665|0.193036|0.224038|0.225307|0.235444|0.210203|0.184736|0.211961,0.820707|0.836696|0.959801|0.142489|0.362388|0.474189|0.838519|0.441456|0.100621|0.299341|0.426554|0.509202|0.74,0.836712,0.95003,0.0605752,0.0262135,0.963917,0.465123,0.15314,0.474832,0.221241,0.939811,45.7498,4.30327e-11,91817,0.946666,47.3408,5.83316e-12,89819,0.806875,0.804562,0.0308693,0.827622,0.153213,0.478528,0.188721,0.468424,0.0909349,0.884044,30.5298,9.32513e-10,24710,0.952989,52.309,3.28469e-13,20664
11,80,n1->n11->n21->n22->n12->n13->n14->n15->n16->n17->n18->n19->n20->n10,3.81628e+09|2.52501e+13|2.14937e+09|3.67533e+09|2.1111e+11|9.81467e+09|2.91479e+13|3.5907e+10|6.90472e+11|1.49573e+11|1.26146e+12|1.16537e+09|9.60703e+09|4.53093e+09,3.25333e+09|3.47681e+12|6.95475e+08|2.7041e+09|1.05012e+11|3.1802e+09|4.85425e+12|3.62158e+09|6.89981e+11|2.52876e+10|2.026e+11|6.99014e+08|1.01137e+09|9.31081e+08,1.65606e-05|0.000333482|3.31663e-05|0.000252666|1.23997e-05|0.000184444|0.000173701|0.00098768|0.000342499|0.000106677|0.00077073|2.23892e-05|0.000360246|0.000962884,0.000261068|0.000106174|0.000798295|0.000120953|0.00623448|0.00073597|0.00786944|0.000302079|0.00111591|0.00206961|0.000223728|0.000391715|0.00927779|0.00020631,0.0149239|0.020331|0.022815|0.00578932|0.0180599|0.0213516|0.0264898|0.0486551|0.0327472|0.0327897|0.00757137|0.0161043|0.0329774|0.0149268,0.0412895|0.0123668|0.0159416|0.00482572|0.00826329|0.039085|0.0488449|0.0326516|0.00971357|0.0446882|0.0158785|0.0166223|0.029507|0.0460367,0.966562|0.966881|0.946201|0.905866|0.921419|0.928597|0.929454|0.985874|0.901048|0.9918|0.954493|0.972235|0.986266|0.991514,0.044073|0.100884|2.38856|0.371065|2.12941|3.91297|3.54556|6.07711|1.61346|5.5964|4.28182|0.257261|1.60192|1.43787,30.2686|65.1286|34.0839|13.2112|13.9548|56.34|92.5451|56.2706|32.2763|27.3162|28.0546|10.3361|29.3778,0.233793|0.246374|0.233339|0.23086|0.240484|0.231665|0.193036|0.224038|0.206947|0.195193|0.21248|0.236076|0.163527,0.365721|0.670433|0.348713|0.959801|0.503208|0.474189|0.838519|0.441456|0.756824|0.721446|0.717834|0.380012|0.849414,0.836712,0.95003,0.0605752,0.0262135,0.963917,0.465123,0.15314,0.474832,0.221241,0.939811,45.7498,4.30327e-11,91817,0.946666,47.3408,5.83316e-12,89819,0.806875,0.804562,0.0308693,0.827622,0.153213,0.478528,0.188721,0.468424,0.0909349,0.884044,30.5298,9.32513e-10,24710,0.952989,52.309,3.28469e-13,20664
11,81,n1->n2->n3->n4->n14->n13->n23->n24->n25->n15->n5->n6->n7->n8->n9->n10,3.81628e+09|3.17307e+11|9.55297e+11|8.2339e+09|2.91479e+13|9.81467e+09|6.10326e+09|4.58897e+12|7.02296e+09|3.5907e+10|1.37938e+13|4.81192e+11|4.80907e+13|8.1696e+11|2.30789e+12|4.53093e+09,3.25333e+09|7.16144e+10|1.77834e+11|1.86231e+09|4.85425e+12|3.1802e+09|4.29963e+09|2.50135e+12|7.41925e+08|3.62158e+09|1.38001e+12|3.85536e+11|1.83015e+13|1.84853e+11|1.03773e+12|9.31081e+08,1.65606e-05|2.94581e-05|2.34356e-05|5.62105e-05|0.000173701|0.000184444|0.000453384|0.00040566|3.98486e-05|0.00098768|0.000116756|0.000284109|0.000167308|0.000187958|0.000314672|0.000962884,0.000261068|0.0082771|0.000154657|0.0010007|0.00786944|0.00073597|0.00368377|0.00129631|0.00870955|0.000302079|0.000330332|0.000503779|0.00108045|0.00124643|0.000259122|0.00020631,0.0149239|0.023169|0.00381353|0.0435318|0.0264898|0.0213516|0.0307353|0.0106514|0.0189466|0.0486551|0.0206384|0.0246782|0.0277248|0.008984|0.00551956|0.0149268,0.0412895|0.0464405|0.0376584|0.0417385|0.0488449|0.039085|0.0361747|0.00422712|0.0120446|0.0326516|0.0210152|0.0194929|0.0333838|0.0367367|0.033459|0.0460367,0.966562|0.91558|0.926805|0.900946|0.929454|0.928597|0.970156|0.939809|0.938328|0.985874|0.937217|0.978715|0.962228|0.943416|0.922419|0.991514,0.044073|1.15275|6.14759|2.57143|3.54556|3.91297|5.58772|0.576078|1.89337|6.07711|5.60429|1.17871|1.34553|3.46481|0.720084|1.43787,79.8117|37.015|10.4739|52.1141|56.34|51.9585|67.5745|18.2346|54.7186|35.0583|37.2729|32.9383|55.4093|99.595|65.9961,0.180405|0.162173|0.183499|0.232653|0.231665|0.193998|0.245578|0.206582|0.2102|0.165289|0.247945|0.235444|0.210203|0.184736|0.211961,0.820707|0.488085|0.949324|0.731436|0.474189|0.362388|0.848505|0.438744|0.433332|0.998548|0.439527|0.299341|0.426554|0.509202|0.74,0.836712,0.95003,0.0605752,0.0262135,0.963917,0.465123,0.15314,0.474832,0.221241,0.939811,45.7498,4.30327e-11,91817,0.946666,47.3408,5.83316e-12,89819,0.806875,0.804562,0.0308693,0.827622,0.153213,0.478528,0.188721,0.468424,0.0909349,0.884044,30.5298,9.32513e-10,24710,0.952989,52.309,3.28469e-13,20664
11,82,n1->n2->n12->n22->n32->n33->n34->n24->n25->n15->n5->n6->n7->n8->n9->n10,3.81628e+09|3.17307e+11|2.1111e+11|3.67533e+09|2.53898e+13|1.81445e+11|5.50719e+10|4.58897e+12|7.02296e+09|3.5907e+10|1.37938e+13|4.81192e+11|4.80907e+13|8.1696e+11|2.30789e+12|4.53093e+09,3.25333e+09|7.16144e+10|1.05012e+11|2.7041e+09|6.33615e+12|3.99742e+10|2.63856e+10|2.50135e+12|7.41925e+08|3.62158e+09|1.38001e+12|3.85536e+11|1.83015e+13|1.84853e+11|1.03773e+12|9.31081e+08,1.65606e-05|2.94581e-05|1.23997e-05|0.000252666|3.07271e-05|0.000884459|0.000454829|0.00040566|3.98486e-05|0.00098768|0.000116756|0.000284109|0.000167308|0.000187958|0.000314672|0.000962884,0.000261068|0.0082771|0.00623448|0.000120953|0.0011838|0.000925905|0.000993263|0.00129631|0.00870955|0.000302079|0.000330332|0.000503779|0.00108045|0.00124643|0.000259122|0.00020631,0.0149239|0.023169|0.0180599|0.00578932|0.0192821|0.00889984|0.0165406|0.0106514|0.0189466|0.0486551|0.0206384|0.0246782|0.0277248|0.008984|0.00551956|0.0149268,0.0412895|0.0464405|0.00826329|0.00482572|0.0395099|0.0484608|0.0150697|0.00422712|0.0120446|0.0326516|0.0210152|0.0194929|0.0333838|0.0367367|0.033459|0.0460367,0.966562|0.91558|0.921419|0.905866|0.994092|0.991284|0.931027|0.939809|0.938328|0.985874|0.937217|0.978715|0.962228|0.943416|0.922419|0.991514,0.044073|1.15275|2.12941|0.371065|3.30856|2.73774|0.741623|0.576078|1.89337|6.07711|5.60429|1.17871|1.34553|3.46481|0.720084|1.43787,79.8117|88.6198|13.2112|86.2435|67.4197|23.5709|58.7029|18.2346|54.7186|35.0583|37.2729|32.9383|55.4093|99.595|65.9961,0.180405|0.1753|0.23086|0.187315|0.160716|0.204516|0.171068|0.206582|0.2102|0.165289|0.247945|0.235444|0.210203|0.184736|0.211961,0.820707|0.836696|0.959801|0.852537|0.175903|0.616785|0.195268|0.438744|0.433332|0.998548|0.439527|0.299341|0.426554|0.509202|0.74,0.836712,0.95003,0.0605752,0.0262135,0.963917,0.465123,0.15314,0.474832,0.221241,0.939811,45.7498,4.30327e-11,91817,0.946666,47.3408,5.83316e-12,89819,0.806875,0.804562,0.0308693,0.827622,0.153213,0.478528,0.188721,0.468424,0.0909349,0.884044,30.5298,9.32513e-10,24710,0.952989,52.309,3.28469e-13,20664
11,83,n1->n11->n21->n22->n32->n33->n23->n24->n25->n26->n27->n28->n18->n19->n9->n10,3.81628e+09|2.52501e+13|2.14937e+09|3.67533e+09|2.53898e+13|1.81445e+11|6.10326e+09|4.58897e+12|7.02296e+09|2.34091e+12|1.06797e+10|1.97271e+12|1.26146e+12|1.16537e+09|2.30789e+12|4.53093e+09,3.25333e+09|3.47681e+12|6.95475e+08|2.7041e+09|6.33615e+12|3.99742e+10|4.29963e+09|2.50135e+12|7.41925e+08|1.00891e+12|5.90481e+09|5.32754e+11|2.026e+11|6.99014e+08|1.03773e+12|9.31081e+08,1.65606e-05|0.000333482|3.31663e-05|0.000252666|3.07271e-05|0.000884459|0.000453384|0.00040566|3.98486e-05|1.13419e-05|0.000385595|3.13497e-05|0.00077073|2.23892e-05|0.000314672|0.000962884,0.000261068|0.000106174|0.000798295|0.000120953|0.0011838|0.000925905|0.00368377|0.00129631|0.00870955|0.00105353|0.0053547|0.00494547|0.000223728|0.000391715|0.000259122|0.00020631,0.0149239|0.020331|0.022815|0.00578932|0.0192821|0.00889984|0.0307353|0.0106514|0.0189466|0.00180998|0.0129799|0.024784|0.00757137|0.0161043|0.00551956|0.0149268,0.0412895|0.0123668|0.0159416|0.00482572|0.0395099|0.0484608|0.0361747|0.00422712|0.0120446|0.0338682|0.0225417|0.0497329|0.0158785|0.0166223|0.033459|0.0460367,0.966562|0.966881|0.946201|0.905866|0.994092|0.991284|0.970156|0.939809|0.938328|0.988902|0.921043|0.975369|0.954493|0.972235|0.922419|0.991514,0.044073|0.100884|2.38856|0.371065|3.30856|2.73774|5.58772|0.576078|1.89337|5.70191|0.152741|5.46142|4.28182|0.257261|0.720084|1.43787,30.2686|65.1286|34.0839|86.2435|67.4197|76.7594|67.5745|18.2346|55.6995|42.5138|15.3326|43.2583|28.0546|99.0064|65.9961,0.233793|0.246374|0.233339|0.187315|0.160716|0.195707|0.245578|0.206582|0.173773|0.199324|0.218114|0.24208|0.21248|0.220943|0.211961,0.365721|0.670433|0.348713|0.852537|0.175903|0.150883|0.848505|0.438744|0.285241|0.638543|0.769449|0.374292|0.717834|0.31779|0.74,0.836712,0.95003,0.0605752,0.0262135,0.963917,0.465123,0.15314,0.474832,0.221241,0.939811,45.7498,4.30327e-11,91817,0.946666,47.3408,5.83316e-12,89819,0.806875,0.804562,0.0308693,0.827622,0.153213,0.478528,0.188721,0.468424,0.0909349,0.884044,30.5298,9.32513e-10,24710,0.952989,52.309,3.28469e-13,20664
11,84,n1->n2->n12->n13->n3->n4->n5->n6->n16->n26->n27->n28->n18->n19->n20->n10,3.81628e+09|3.17307e+11|2.1111e+11|9.81467e+09|9.55297e+11|8.2339e+09|1.37938e+13|4.81192e+11|6.90472e+11|2.34091e+12|1.06797e+10|1.97271e+12|1.26146e+12|1.16537e+09|9.60703e+09|4.53093e+09,3.25333e+09|7.16144e+10|1.05012e+11|3.1802e+09|1.77834e+11|1.86231e+09|1.38001e+12|3.85536e+11|6.89981e+11|1.00891e+12|5.90481e+09|5.32754e+11|2.026e+11|6.99014e+08|1.01137e+09|9.31081e+08,1.65606e-05|2.94581e-05|1.23997e-05|0.000184444|2.34356e-05|5.62105e-05|0.000116756|0.000284109|0.000342499|1.13419e-05|0.000385595|3.13497e-05|0.00077073|2.23892e-05|0.000360246|0.000962884,0.000261068|0.0082771|0.00623448|0.00073597|0.000154657|0.0010007|0.000330332|0.000503779|0.00111591|0.00105353|0.0053547|0.00494547|0.000223728|0.000391715|0.00927779|0.00020631,0.0149239|0.023169|0.0180599|0.0213516|0.00381353|0.0435318|0.0206384|0.0246782|0.0327472|0.00180998|0.0129799|0.024784|0.00757137|0.0161043|0.0329774|0.0149268,0.0412895|0.0464405|0.00826329|0.039085|0.0376584|0.0417385|0.0210152|0.0194929|0.00971357|0.0338682|0.0225417|0.0497329|0.0158785|0.0166223|0.029507|0.0460367,0.966562|0.91558|0.921419|0.928597|0.926805|0.900946|0.937217|0.978715|0.901048|0.988902|0.921043|0.975369|0.954493|0.972235|0.986266|0.991514,0.044073|1.15275|2.12941|3.91297|6.14759|2.57143|5.60429|1.17871|1.61346|5.70191|0.152741|5.46142|4.28182|0.257261|1.60192|1.43787,79.8117|88.6198|13.9548|83.9106|10.4739|81.7362|37.2729|50.0569|11.0615|42.5138|15.3326|43.2583|28.0546|10.3361|29.3778,0.180405|0.1753|0.240484|0.247463|0.183499|0.213965|0.247945|0.225307|0.225802|0.199324|0.218114|0.24208|0.21248|0.236076|0.163527,0.820707|0.836696|0.503208|0.917952|0.949324|0.340685|0.439527|0.100621|0.777864|0.638543|0.769449|0.374292|0.717834|0.380012|0.849414,0.836712,0.95003,0.0605752,0.0262135,0.963917,0.465123,0.15314,0.474832,0.221241,0.939811,45.7498,4.30327e-11,91817,0.946666,47.3408,5.83316e-12,89819,0.806875,0.804562,0.0308693,0.827622,0.153213,0.478528,0.188721,0.468424,0.0909349,0.884044,30.5298,9.32513e-10,24710,0.952989,52.309,3.28469e-13,20664
11,85,n1->n2->n12->n11->n21->n22->n23->n24->n25->n26->n16->n6->n7->n8->n9->n10,3.81628e+09|3.17307e+11|2.1111e+11|2.52501e+13|2.14937e+09|3.67533e+09|6.10326e+09|4.58897e+12|7.02296e+09|2.34091e+12|6.90472e+11|4.81192e+11|4.80907e+13|8.1696e+11|2.30789e+12|4.53093e+09,3.25333e+09|7.16144e+10|1.05012e+11|3.47681e+12|6.95475e+08|2.7041e+09|4.29963e+09|2.50135e+12|7.41925e+08|1.00891e+12|6.89981e+11|3.85536e+11|1.83015e+13|1.84853e+11|1.03773e+12|9.31081e+08,1.65606e-05|2.94581e-05|1.23997e-05|0.000333482|3.31663e-05|0.000252666|0.000453384|0.00040566|3.98486e-05|1.13419e-05|0.000342499|0.000284109|0.000167308|0.000187958|0.000314672|0.000962884,0.000261068|0.0082771|0.00623448|0.000106174|0.000798295|0.000120953|0.00368377|0.00129631|0.00870955|0.00105353|0.00111591|0.000503779|0.00108045|0.00124643|0.000259122|0.00020631,0.0149239|0.023169|0.0180599|0.020331|0.022815|0.00578932|0.0307353|0.0106514|0.0189466|0.00180998|0.0327472|0.0246782|0.0277248|0.008984|0.00551956|0.0149268,0.0412895|0.0464405|0.00826329|0.0123668|0.0159416|0.00482572|0.0361747|0.00422712|0.0120446|0.0338682|0.00971357|0.0194929|0.0333838|0.0367367|0.033459|0.0460367,0.966562|0.91558|0.921419|0.966881|0.946201|0.905866|0.970156|0.939809|0.938328|0.988902|0.901048|0.978715|0.962228|0.943416|0.922419|0.991514,0.044073|1.15275|2.12941|0.100884|2.38856|0.371065|5.58772|0.576078|1.89337|5.70191|1.61346|1.17871|1.34553|3.46481|0.720084|1.43787,79.8117|88.6198|24.4191|65.1286|34.0839|55.8812|67.5745|18.2346|55.6995|11.0615|50.0569|32.9383|55.4093|99.595|65.9961,0.180405|0.1753|0.238508|0.246374|0.233339|0.198716|0.245578|0.206582|0.173773|0.225802|0.225307|0.235444|0.210203|0.184736|0.211961,0.820707|0.836696|0.981001|0.670433|0.348713|0.142489|0.848505|0.438744|0.285241|0.777864|0.100621|0.299341|0.426554|0.509202|0.74,0.836712,0.95003,0.0605752,0.0262135,0.963917,0.465123,0.15314,0.474832,0.221241,0.939811,45.7498,4.30327e-11,91817,0.946666,47.3408,5.83316e-12,89819,0.806875,0.804562,0.0308693,0.827622,0.153213,0.478528,0.188721,0.468424,0.0909349,0.884044,30.5298,9.32513e-10,24710,0.952989,52.309,3.28469e-13,20664
11,86,n1->n2->n3->n13->n12->n22->n23->n24->n14->n4->n5->n6->n7->n8->n9->n10,3.81628e+09|3.17307e+11|9.55297e+11|9.81467e+09|2.1111e+11|3.67533e+09|6.10326e+09|4.58897e+12|2.91479e+13|8.2339e+09|1.37938e+13|4.81192e+11|4.80907e+13|8.1696e+11|2.30789e+12|4.53093e+09,3.25333e+09|7.16144e+10|1.77834e+11|3.1802e+09|1.05012e+11|2.7041e+09|4.29963e+09|2.50135e+12|4.85425e+12|1.86231e+09|1.38001e+12|3.85536e+11|1.83015e+13|1.84853e+11|1.03773e+12|9.31081e+08,1.65606e-05|2.94581e-05|2.34356e-05|0.000184444|1.23997e-05|0.000252666|0.000453384|0.00040566|0.000173701|5.62105e-05|0.000116756|0.000284109|0.000167308|0.000187958|0.000314672|0.000962884,0.000261068|0.0082771|0.000154657|0.00073597|0.00623448|0.000120953|0.00368377|0.00129631|0.00786944|0.0010007|0.000330332|0.000503779|0.00108045|0.00124643|0.000259122|0.00020631,0.0149239|0.023169|0.00381353|0.0213516|0.0180599|0.00578932|0.0307353|0.0106514|0.0264898|0.0435318|0.0206384|0.0246782|0.0277248|0.008984|0.00551956|0.0149268,0.0412895|0.0464405|0.0376584|0.039085|0.00826329|0.00482572|0.0361747|0.00422712|0.0488449|0.0417385|0.0210152|0.0194929|0.0333838|0.0367367|0.033459|0.0460367,0.966562|0.91558|0.926805|0.928597|0.921419|0.905866|0.970156|0.939809|0.929454|0.900946|0.937217|0.978715|0.962228|0.943416|0.922419|0.991514,0.044073|1.15275|6.14759|3.91297|2.12941|0.371065|5.58772|0.576078|3.54556|2.57143|5.60429|1.17871|1.34553|3.46481|0.720084|1.43787,79.8117|37.015|83.9106|13.9548|13.2112|55.8812|67.5745|66.6304|52.1141|81.7362|37.2729|32.9383|55.4093|99.595|65.9961,0.180405|0.162173|0.247463|0.240484|0.23086|0.198716|0.245578|0.223135|0.232653|0.213965|0.247945|0.235444|0.210203|0.184736|0.211961,0.820707|0.488085|0.917952|0.503208|0.959801|0.142489|0.848505|0.324891|0.731436|0.340685|0.439527|0.299341|0.426554|0.509202|0.74,0.836712,0.95003,0.0605752,0.0262135,0.963917,0.465123,0.15314,0.474832,0.221241,0.939811,45.7498,4.30327e-11,91817,0.946666,47.3408,5.83316e-12,89819,0.806875,0.804562,0.0308693,0.827622,0.153213,0.478528,0.188721,0.468424,0.0909349,0.884044,30.5298,9.32513e-10,24710,0.952989,52.309,3.28469e-13,20664
11,87,n1->n11->n12->n22->n32->n33->n34->n24->n14->n4->n5->n6->n7->n8->n9->n10,3.81628e+09|2.52501e+13|2.1111e+11|3.67533e+09|2.53898e+13|1.81445e+11|5.50719e+10|4.58897e+12|2.91479e+13|8.2339e+09|1.37938e+13|4.81192e+11|4.80907e+13|8.1696e+11|2.30789e+12|4.53093e+09,3.25333e+09|3.47681e+12|1.05012e+11|2.7041e+09|6.33615e+12|3.99742e+10|2.63856e+10|2.50135e+12|4.85425e+12|1.86231e+09|1.38001e+12|3.85536e+11|1.83015e+13|1.84853e+11|1.03773e+12|9.31081e+08,1.65606e-05|0.000333482|1.23997e-05|0.000252666|3.07271e-05|0.000884459|0.000454829|0.00040566|0.000173701|5.62105e-05|0.000116756|0.000284109|0.000167308|0.000187958|0.000314672|0.000962884,0.000261068|0.000106174|0.00623448|0.000120953|0.0011838|0.000925905|0.000993263|0.00129631|0.00786944|0.0010007|0.000330332|0.000503779|0.00108045|0.00124643|0.000259122|0.00020631,0.0149239|0.020331|0.0180599|0.00578932|0.0192821|0.00889984|0.0165406|0.0106514|0.0264898|0.0435318|0.0206384|0.0246782|0.0277248|0.008984|0.00551956|0.0149268,0.0412895|0.0123668|0.00826329|0.00482572|0.0395099|0.0484608|0.0150697|0.00422712|0.0488449|0.0417385|0.0210152|0.0194929|0.0333838|0.0367367|0.033459|0.0460367,0.966562|0.966881|0.921419|0.905866|0.994092|0.991284|0.931027|0.939809|0.929454|0.900946|0.937217|0.978715|0.962228|0.943416|0.922419|0.991514,0.044073|0.100884|2.12941|0.371065|3.30856|2.73774|0.741623|0.576078|3.54556|2.57143|5.60429|1.17871|1.34553|3.46481|0.720084|1.43787,30.2686|24.4191|13.2112|86.2435|67.4197|23.5709|58.7029|66.6304|52.1141|81.7362|37.2729|32.9383|55.4093|99.595|65.9961,0.233793|0.238508|0.23086|0.187315|0.160716|0.204516|0.171068|0.223135|0.232653|0.213965|0.247945|0.235444|0.210203|0.184736|0.211961,0.365721|0.981001|0.959801|0.852537|0.175903|0.616785|0.195268|0.324891|0.731436|0.340685|0.439527|0.299341|0.426554|0.509202|0.74,0.836712,0.95003,0.0605752,0.0262135,0.963917,0.465123,0.15314,0.474832,0.221241,0.939811,45.7498,4.30327e-11,91817,0.946666,47.3408,5.83316e-12,89819,0.806875,0.804562,0.0308693,0.827622,0.153213,0.478528,0.188721,0.468424,0.0909349,0.884044,30.5298,9.32513e-10,24710,0.952989,52.309,3.28469e-13,20664
11,88,n1->n2->n12->n13->n23->n33->n34->n35->n25->n15->n5->n6->n7->n8->n9->n10,3.81628e+09|3.17307e+11|2.1111e+11|9.81467e+09|6.10326e+09|1.81445e+11|5.50719e+10|7.81812e+12|7.02296e+09|3.5907e+10|1.37938e+13|4.81192e+11|4.80907e+13|8.1696e+11|2.30789e+12|4.53093e+09,3.25333e+09|7.16144e+10|1.05012e+11|3.1802e+09|4.29963e+09|3.99742e+10|2.63856e+10|9.95548e+11|7.41925e+08|3.62158e+09|1.38001e+12|3.85536e+11|1.83015e+13|1.84853e+11|1.03773e+12|9.31081e+08,1.65606e-05|2.94581e-05|1.23997e-05|0.000184444|0.000453384|0.000884459|0.000454829|6.26079e-05|3.98486e-05|0.00098768|0.000116756|0.000284109|0.000167308|0.000187958|0.000314672|0.000962884,0.000261068|0.0082771|0.00623448|0.00073597|0.00368377|0.000925905|0.000993263|0.00467613|0.00870955|0.000302079|0.000330332|0.000503779|0.00108045|0.00124643|0.000259122|0.00020631,0.0149239|0.023169|0.0180599|0.0213516|0.0307353|0.00889984|0.0165406|0.0202053|0.0189466|0.0486551|0.0206384|0.0246782|0.0277248|0.008984|0.00551956|0.0149268,0.0412895|0.0464405|0.00826329|0.039085|0.0361747|0.0484608|0.0150697|0.0147381|0.0120446|0.0326516|0.0210152|0.0194929|0.0333838|0.0367367|0.033459|0.0460367,0.966562|0.91558|0.921419|0.928597|0.970156|0.991284|0.931027|0.990084|0.938328|0.985874|0.937217|0.978715|0.962228|0.943416|0.922419|0.991514,0.044073|1.15275|2.12941|3.91297|5.58772|2.73774|0.741623|0.795098|1.89337|6.07711|5.60429|1.17871|1.34553|3.46481|0.720084|1.43787,79.8117|88.6198|13.9548|51.9585|76.7594|23.5709|31.5608|88.4205|54.7186|35.0583|37.2729|32.9383|55.4093|99.595|65.9961,0.180405|0.1753|0.240484|0.193998|0.195707|0.204516|0.162794|0.227841|0.2102|0.165289|0.247945|0.235444|0.210203|0.184736|0.211961,0.820707|0.836696|0.503208|0.362388|0.150883|0.616785|0.442657|0.443533|0.433332|0.998548|0.439527|0.299341|0.426554|0.509202|0.74,0.836712,0.95003,0.0605752,0.0262135,0.963917,0.465123,0.15314,0.474832,0.221241,0.939811,45.7498,4.30327e-11,91817,0.946666,47.3408,5.83316e-12,89819,0.806875,0.804562,0.0308693,0.827622,0.153213,0.478528,0.188721,0.468424,0.0909349,0.884044,30.5298,9.32513e-10,24710,0.952989,52.309,3.28469e-13,20664
11,89,n1->n11->n21->n22->n12->n2->n3->n4->n5->n15->n16->n6->n7->n8->n9->n10,3.81628e+09|2.52501e+13|2.14937e+09|3.67533e+09|2.1111e+11|3.17307e+11|9.55297e+11|8.2339e+09|1.37938e+13|3.5907e+10|6.90472e+11|4.81192e+11|4.80907e+13|8.1696e+11|2.30789e+12|4.53093e+09,3.25333e+09|3.47681e+12|6.95475e+08|2.7041e+09|1.05012e+11|7.16144e+10|1.77834e+11|1.86231e+09|1.38001e+12|3.62158e+09|6.89981e+11|3.85536e+11|1.83015e+13|1.84853e+11|1.03773e+12|9.31081e+08,1.65606e-05|0.000333482|3.31663e-05|0.000252666|1.23997e-05|2.94581e-05|2.34356e-05|5.62105e-05|0.000116756|0.00098768|0.000342499|0.000284109|0.000167308|0.000187958|0.000314672|0.000962884,0.000261068|0.000106174|0.000798295|0.000120953|0.00623448|0.0082771|0.000154657|0.0010007|0.000330332|0.000302079|0.00111591|0.000503779|0.00108045|0.00124643|0.000259122|0.00020631,0.0149239|0.020331|0.022815|0.00578932|0.0180599|0.023169|0.00381353|0.0435318|0.0206384|0.0486551|0.0327472|0.0246782|0.0277248|0.008984|0.00551956|0.0149268,0.0412895|0.0123668|0.0159416|0.00482572|0.00826329|0.0464405|0.0376584|0.0417385|0.0210152|0.0326516|0.00971357|0.0194929|0.0333838|0.0367367|0.033459|0.0460367,0.966562|0.966881|0.946201|0.905866|0.921419|0.91558|0.926805|0.900946|0.937217|0.985874|0.901048|0.978715|0.962228|0.943416|0.922419|0.991514,0.044073|0.100884|2.38856|0.371065|2.12941|1.15275|6.14759|2.57143|5.60429|6.07711|1.61346|1.17871|1.34553|3.46481|0.720084|1.43787,30.2686|65.1286|34.0839|13.2112|88.6198|37.015|10.4739|81.7362|35.0583|56.2706|50.0569|32.9383|55.4093|99.595|65.9961,0.233793|0.246374|0.233339|0.23086|0.1753|0.162173|0.183499|0.213965|0.165289|0.224038|0.225307|0.235444|0.210203|0.184736|0.211961,0.365721|0.670433|0.348713|0.959801|0.836696|0.488085|0.949324|0.340685|0.998548|0.441456|0.100621|0.299341|0.426554|0.509202|0.74,0.836712,0.95003,0.0605752,0.0262135,0.963917,0.465123,0.15314,0.474832,0.221241,0.939811,45.7498,4.30327e-11,91817,0.946666,47.3408,5.83316e-12,89819,0.806875,0.804562,0.0308693,0.827622,0.153213,0.478528,0.188721,0.468424,0.0909349,0.884044,30.5298,9.32513e-10,24710,0.952989,52.309,3.28469e-13,20664
11,90,n1->n2->n12->n11->n21->n22->n23->n13->n3->n4->n5->n6->n7->n8->n9->n10,3.81628e+09|3.17307e+11|2.1111e+11|2.52501e+13|2.14937e+09|3.67533e+09|6.10326e+09|9.81467e+09|9.55297e+11|8.2339e+09|1.37938e+13|4.81192e+11|4.80907e+13|8.1696e+11|2.30789e+12|4.53093e+09,3.25333e+09|7.16144e+10|1.05012e+11|3.47681e+12|6.95475e+08|2.7041e+09|4.29963e+09|3.1802e+09|1.77834e+11|1.86231e+09|1.38001e+12|3.85536e+11|1.83015e+13|1.84853e+11|1.03773e+12|9.31081e+08,1.65606e-05|2.94581e-05|1.23997e-05|0.000333482|3.31663e-05|0.000252666|0.000453384|0.000184444|2.34356e-05|5.62105e-05|0.000116756|0.000284109|0.000167308|0.000187958|0.000314672|0.000962884,0.000261068|0.0082771|0.00623448|0.000106174|0.000798295|0.000120953|0.00368377|0.00073597|0.000154657|0.0010007|0.000330332|0.000503779|0.00108045|0.00124643|0.000259122|0.00020631,0.0149239|0.023169|0.0180599|0.020331|0.022815|0.00578932|0.0307353|0.0213516|0.00381353|0.0435318|0.0206384|0.0246782|0.0277248|0.008984|0.00551956|0.0149268,0.0412895|0.0464405|0.00826329|0.0123668|0.0159416|0.00482572|0.0361747|0.039085|0.0376584|0.0417385|0.0210152|0.0194929|0.0333838|0.0367367|0.033459|0.0460367,0.966562|0.91558|0.921419|0.966881|0.946201|0.905866|0.970156|0.928597|0.926805|0.900946|0.937217|0.978715|0.962228|0.943416|0.922419|0.991514,0.044073|1.15275|2.12941|0.100884|2.38856|0.371065|5.58772|3.91297|6.14759|2.57143|5.60429|1.17871|1.34553|3.46481|0.720084|1.43787,79.8117|88.6198|24.4191|65.1286|34.0839|55.8812|51.9585|83.9106|10.4739|81.7362|37.2729|32.9383|55.4093|99.595|65.9961,0.180405|0.1753|0.238508|0.246374|0.233339|0.198716|0.193998|0.247463|0.183499|0.213965|0.247945|0.235444|0.210203|0.184736|0.211961,0.820707|0.836696|0.981001|0.670433|0.348713|0.142489|0.362388|0.917952|0.949324|0.340685|0.439527|0.299341|0.426554|0.509202|0.74,0.836712,0.95003,0.0605752,0.0262135,0.963917,0.465123,0.15314,0.474832,0.221241,0.939811,45.7498,4.30327e-11,91817,0.946666,47.3408,5.83316e-12,89819,0.806875,0.804562,0.0308693,0.827622,0.153213,0.478528,0.188721,0.468424,0.0909349,0.884044,30.5298,9.32513e-10,24710,0.952989,52.309,3.28469e-13,20664
11,91,n1->n2->n3->n13->n23->n24->n14->n15->n16->n26->n27->n17->n18->n8->n9->n10,3.81628e+09|3.17307e+11|9.55297e+11|9.81467e+09|6.10326e+09|4.58897e+12|2.91479e+13|3.5907e+10|6.90472e+11|2.34091e+12|1.06797e+10|1.49573e+11|1.26146e+12|8.1696e+11|2.30789e+12|4.53093e+09,3.25333e+09|7.16144e+10|1.77834e+11|3.1802e+09|4.29963e+09|2.50135e+12|4.85425e+12|3.62158e+09|6.89981e+11|1.00891e+12|5.90481e+09|2.52876e+10|2.026e+11|1.84853e+11|1.03773e+12|9.31081e+08,1.65606e-05|2.94581e-05|2.34356e-05|0.000184444|0.000453384|0.00040566|0.000173701|0.00098768|0.000342499|1.13419e-05|0.000385595|0.000106677|0.00077073|0.000187958|0.000314672|0.000962884,0.000261068|0.0082771|0.000154657|0.00073597|0.00368377|0.00129631|0.00786944|0.000302079|0.00111591|0.00105353|0.0053547|0.00206961|0.000223728|0.00124643|0.000259122|0.00020631,0.0149239|0.023169|0.00381353|0.0213516|0.0307353|0.0106514|0.0264898|0.0486551|0.0327472|0.00180998|0.0129799|0.0327897|0.00757137|0.008984|0.00551956|0.0149268,0.0412895|0.0464405|0.0376584|0.039085|0.0361747|0.00422712|0.0488449|0.0326516|0.00971357|0.0338682|0.0225417|0.0446882|0.0158785|0.0367367|0.033459|0.0460367,0.966562|0.91558|0.926805|0.928597|0.970156|0.939809|0.929454|0.985874|0.901048|0.988902|0.921043|0.9918|0.954493|0.943416|0.922419|0.991514,0.044073|1.15275|6.14759|3.91297|5.58772|0.576078|3.54556|6.07711|1.61346|5.70191|0.152741|5.5964|4.28182|3.46481|0.720084|1.43787,79.8117|37.015|83.9106|51.9585|67.5745|66.6304|92.5451|56.2706|11.0615|42.5138|72.2829|27.3162|81.3396|99.595|65.9961,0.180405|0.162173|0.247463|0.193998|0.245578|0.223135|0.193036|0.224038|0.225802|0.199324|0.181484|0.195193|0.182333|0.184736|0.211961,0.820707|0.488085|0.917952|0.362388|0.848505|0.324891|0.838519|0.441456|0.777864|0.638543|0.529686|0.721446|0.519796|0.509202|0.74,0.836712,0.95003,0.0605752,0.0262135,0.963917,0.465123,0.15314,0.474832,0.221241,0.939811,45.7498,4.30327e-11,91817,0.946666,47.3408,5.83316e-12,89819,0.806875,0.804562,0.0308693,0.827622,0.153213,0.478528,0.188721,0.468424,0.0909349,0.884044,30.5298,9.32513e-10,24710,0.952989,52.309,3.28469e-13,20664
11,92,n1->n11->n12->n22->n23->n33->n34->n35->n25->n15->n16->n6->n7->n8->n9->n10,3.81628e+09|2.52501e+13|2.1111e+11|3.67533e+09|6.10326e+09|1.81445e+11|5.50719e+10|7.81812e+12|7.02296e+09|3.5907e+10|6.90472e+11|4.81192e+11|4.80907e+13|8.1696e+11|2.30789e+12|4.53093e+09,3.25333e+09|3.47681e+12|1.05012e+11|2.7041e+09|4.29963e+09|3.99742e+10|2.63856e+10|9.95548e+11|7.41925e+08|3.62158e+09|6.89981e+11|3.85536e+11|1.83015e+13|1.84853e+11|1.03773e+12|9.31081e+08,1.65606e-05|0.000333482|1.23997e-05|0.000252666|0.000453384|0.000884459|0.000454829|6.26079e-05|3.98486e-05|0.00098768|0.000342499|0.000284109|0.000167308|0.000187958|0.000314672|0.000962884,0.000261068|0.000106174|0.00623448|0.000120953|0.00368377|0.000925905|0.000993263|0.00467613|0.00870955|0.000302079|0.00111591|0.000503779|0.00108045|0.00124643|0.000259122|0.00020631,0.0149239|0.020331|0.0180599|0.00578932|0.0307353|0.00889984|0.0165406|0.0202053|0.0189466|0.0486551|0.0327472|0.0246782|0.0277248|0.008984|0.00551956|0.0149268,0.0412895|0.0123668|0.00826329|0.00482572|0.0361747|0.0484608|0.0150697|0.0147381|0.0120446|0.0326516|0.00971357|0.0194929|0.0333838|0.0367367|0.033459|0.0460367,0.966562|0.966881|0.921419|0.905866|0.970156|0.991284|0.931027|0.990084|0.938328|0.985874|0.901048|0.978715|0.962228|0.943416|0.922419|0.991514,0.044073|0.100884|2.12941|0.371065|5.58772|2.73774|0.741623|0.795098|1.89337|6.07711|1.61346|1.17871|1.34553|3.46481|0.720084|1.43787,30.2686|24.4191|13.2112|55.8812|76.7594|23.5709|31.5608|88.4205|54.7186|56.2706|50.0569|32.9383|55.4093|99.595|65.9961,0.233793|0.238508|0.23086|0.198716|0.195707|0.204516|0.162794|0.227841|0.2102|0.224038|0.225307|0.235444|0.210203|0.184736|0.211961,0.365721|0.981001|0.959801|0.142489|0.150883|0.616785|0.442657|0.443533|0.433332|0.441456|0.100621|0.299341|0.426554|0.509202|0.74,0.836712,0.95003,0.0605752,0.0262135,0.963917,0.465123,0.15314,0.474832,0.221241,0.939811,45.7498,4.30327e-11,91817,0.946666,47.3408,5.83316e-12,89819,0.806875,0.804562,0.0308693,0.827622,0.153213,0.478528,0.188721,0.468424,0.0909349,0.884044,30.5298,9.32513e-10,24710,0.952989,52.309,3.28469e-13,20664
11,93,n1->n11->n21->n31->n32->n22->n23->n13->n14->n4->n5->n6->n7->n8->n9->n10,3.81628e+09|2.52501e+13|2.14937e+09|3.81124e+09|2.53898e+13|3.67533e+09|6.10326e+09|9.81467e+09|2.91479e+13|8.2339e+09|1.37938e+13|4.81192e+11|4.80907e+13|8.1696e+11|2.30789e+12|4.53093e+09,3.25333e+09|3.47681e+12|6.95475e+08|6.00756e+08|6.33615e+12|2.7041e+09|4.29963e+09|3.1802e+09|4.85425e+12|1.86231e+09|1.38001e+12|3.85536e+11|1.83015e+13|1.84853e+11|1.03773e+12|9.31081e+08,1.65606e-05|0.000333482|3.31663e-05|0.000405301|3.07271e-05|0.000252666|0.000453384|0.000184444|0.000173701|5.62105e-05|0.000116756|0.000284109|0.000167308|0.000187958|0.000314672|0.000962884,0.000261068|0.000106174|0.000798295|0.000295348|0.0011838|0.000120953|0.00368377|0.00073597|0.00786944|0.0010007|0.000330332|0.000503779|0.00108045|0.00124643|0.000259122|0.00020631,0.0149239|0.020331|0.022815|0.0368533|0.0192821|0.00578932|0.0307353|0.0213516|0.0264898|0.0435318|0.0206384|0.0246782|0.0277248|0.008984|0.00551956|0.0149268,0.0412895|0.0123668|0.0159416|0.0136531|0.0395099|0.00482572|0.0361747|0.039085|0.0488449|0.0417385|0.0210152|0.0194929|0.0333838|0.0367367|0.033459|0.0460367,0.966562|0.966881|0.946201|0.922328|0.994092|0.905866|0.970156|0.928597|0.929454|0.900946|0.937217|0.978715|0.962228|0.943416|0.922419|0.991514,0.044073|0.100884|2.38856|1.87964|3.30856|0.371065|5.58772|3.91297|3.54556|2.57143|5.60429|1.17871|1.34553|3.46481|0.720084|1.43787,30.2686|65.1286|89.2299|63.0993|86.2435|55.8812|51.9585|56.34|52.1141|81.7362|37.2729|32.9383|55.4093|99.595|65.9961,0.233793|0.246374|0.249364|0.190598|0.187315|0.198716|0.193998|0.231665|0.232653|0.213965|0.247945|0.235444|0.210203|0.184736|0.211961,0.365721|0.670433|0.943299|0.438574|0.852537|0.142489|0.362388|0.474189|0.731436|0.340685|0.439527|0.299341|0.426554|0.509202|0.74,0.836712,0.95003,0.0605752,0.0262135,0.963917,0.465123,0.15314,0.474832,0.221241,0.939811,45.7498,4.30327e-11,91817,0.946666,47.3408,5.83316e-12,89819,0.806875,0.804562,0.0308693,0.827622,0.153213,0.478528,0.188721,0.468424,0.0909349,0.884044,30.5298,9.32513e-10,24710,0.952989,52.309,3.28469e-13,20664
11,94,n1->n2->n3->n4->n5->n15->n14->n24->n25->n26->n16->n17->n7->n8->n9->n10,3.81628e+09|3.17307e+11|9.55297e+11|8.2339e+09|1.37938e+13|3.5907e+10|2.91479e+13|4.58897e+12|7.02296e+09|2.34091e+12|6.90472e+11|1.49573e+11|4.80907e+13|8.1696e+11|2.30789e+12|4.53093e+09,3.25333e+09|7.16144e+10|1.77834e+11|1.86231e+09|1.38001e+12|3.62158e+09|4.85425e+12|2.50135e+12|7.41925e+08|1.00891e+12|6.89981e+11|2.52876e+10|1.83015e+13|1.84853e+11|1.03773e+12|9.31081e+08,1.65606e-05|2.94581e-05|2.34356e-05|5.62105e-05|0.000116756|0.00098768|0.000173701|0.00040566|3.98486e-05|1.13419e-05|0.000342499|0.000106677|0.000167308|0.000187958|0.000314672|0.000962884,0.000261068|0.0082771|0.000154657|0.0010007|0.000330332|0.000302079|0.00786944|0.00129631|0.00870955|0.00105353|0.00111591|0.00206961|0.00108045|0.00124643|0.000259122|0.00020631,0.0149239|0.023169|0.00381353|0.0435318|0.0206384|0.0486551|0.0264898|0.0106514|0.0189466|0.00180998|0.0327472|0.0327897|0.0277248|0.008984|0.00551956|0.0149268,0.0412895|0.0464405|0.0376584|0.0417385|0.0210152|0.0326516|0.0488449|0.00422712|0.0120446|0.0338682|0.00971357|0.0446882|0.0333838|0.0367367|0.033459|0.0460367,0.966562|0.91558|0.926805|0.900946|0.937217|0.985874|0.929454|0.939809|0.938328|0.988902|0.901048|0.9918|0.962228|0.943416|0.922419|0.991514,0.044073|1.15275|6.14759|2.57143|5.60429|6.07711|3.54556|0.576078|1.89337|5.70191|1.61346|5.5964|1.34553|3.46481|0.720084|1.43787,79.8117|37.015|10.4739|81.7362|35.0583|92.5451|66.6304|18.2346|55.6995|11.0615|32.2763|59.8148|55.4093|99.595|65.9961,0.180405|0.162173|0.183499|0.213965|0.165289|0.193036|0.223135|0.206582|0.173773|0.225802|0.206947|0.19432|0.210203|0.184736|0.211961,0.820707|0.488085|0.949324|0.340685|0.998548|0.838519|0.324891|0.438744|0.285241|0.777864|0.756824|0.320068|0.426554|0.509202|0.74,0.836712,0.95003,0.0605752,0.0262135,0.963917,0.465123,0.15314,0.474832,0.221241,0.939811,45.7498,4.30327e-11,91817,0.946666,47.3408,5.83316e-12,89819,0.806875,0.804562,0.0308693,0.827622,0.153213,0.478528,0.188721,0.468424,0.0909349,0.884044,30.5298,9.32513e-10,24710,0.952989,52.309,3.28469e-13,20664
11,95,n1->n2->n12->n22->n23->n13->n3->n4->n14->n15->n16->n6->n7->n8->n9->n10,3.81628e+09|3.17307e+11|2.1111e+11|3.67533e+09|6.10326e+09|9.81467e+09|9.55297e+11|8.2339e+09|2.91479e+13|3.5907e+10|6.90472e+11|4.81192e+11|4.80907e+13|8.1696e+11|2.30789e+12|4.53093e+09,3.25333e+09|7.16144e+10|1.05012e+11|2.7041e+09|4.29963e+09|3.1802e+09|1.77834e+11|1.86231e+09|4.85425e+12|3.62158e+09|6.89981e+11|3.85536e+11|1.83015e+13|1.84853e+11|1.03773e+12|9.31081e+08,1.65606e-05|2.94581e-05|1.23997e-05|0.000252666|0.000453384|0.000184444|2.34356e-05|5.62105e-05|0.000173701|0.00098768|0.000342499|0.000284109|0.000167308|0.000187958|0.000314672|0.000962884,0.000261068|0.0082771|0.00623448|0.000120953|0.00368377|0.00073597|0.000154657|0.0010007|0.00786944|0.000302079|0.00111591|0.000503779|0.00108045|0.00124643|0.000259122|0.00020631,0.0149239|0.023169|0.0180599|0.00578932|0.0307353|0.0213516|0.00381353|0.0435318|0.0264898|0.0486551|0.0327472|0.0246782|0.0277248|0.008984|0.00551956|0.0149268,0.0412895|0.0464405|0.00826329|0.00482572|0.0361747|0.039085|0.0376584|0.0417385|0.0488449|0.0326516|0.00971357|0.0194929|0.0333838|0.0367367|0.033459|0.0460367,0.966562|0.91558|0.921419|0.905866|0.970156|0.928597|0.926805|0.900946|0.929454|0.985874|0.901048|0.978715|0.962228|0.943416|0.922419|0.991514,0.044073|1.15275|2.12941|0.371065|5.58772|3.91297|6.14759|2.57143|3.54556|6.07711|1.61346|1.17871|1.34553|3.46481|0.720084|1.43787,79.8117|88.6198|13.2112|55.8812|51.9585|83.9106|10.4739|52.1141|92.5451|56.2706|50.0569|32.9383|55.4093|99.595|65.9961,0.180405|0.1753|0.23086|0.198716|0.193998|0.247463|0.183499|0.232653|0.193036|0.224038|0.225307|0.235444|0.210203|0.184736|0.211961,0.820707|0.836696|0.959801|0.142489|0.362388|0.917952|0.949324|0.731436|0.838519|0.441456|0.100621|0.299341|0.426554|0.509202|0.74,0.836712,0.95003,0.0605752,0.0262135,0.963917,0.465123,0.15314,0.474832,0.221241,0.939811,45.7498,4.30327e-11,91817,0.946666,47.3408,5.83316e-12,89819,0.806875,0.804562,0.0308693,0.827622,0.153213,0.478528,0.188721,0.468424,0.0909349,0.884044,30.5298,9.32513e-10,24710,0.952989,52.309,3.28469e-13,20664
11,96,n1->n11->n12->n2->n3->n13->n23->n24->n14->n4->n5->n6->n7->n8->n9->n10,3.81628e+09|2.52501e+13|2.1111e+11|3.17307e+11|9.55297e+11|9.81467e+09|6.10326e+09|4.58897e+12|2.91479e+13|8.2339e+09|1.37938e+13|4.81192e+11|4.80907e+13|8.1696e+11|2.30789e+12|4.53093e+09,3.25333e+09|3.47681e+12|1.05012e+11|7.16144e+10|1.77834e+11|3.1802e+09|4.29963e+09|2.50135e+12|4.85425e+12|1.86231e+09|1.38001e+12|3.85536e+11|1.83015e+13|1.84853e+11|1.03773e+12|9.31081e+08,1.65606e-05|0.000333482|1.23997e-05|2.94581e-05|2.34356e-05|0.000184444|0.000453384|0.00040566|0.000173701|5.62105e-05|0.000116756|0.000284109|0.000167308|0.000187958|0.000314672|0.000962884,0.000261068|0.000106174|0.00623448|0.0082771|0.000154657|0.00073597|0.00368377|0.00129631|0.00786944|0.0010007|0.000330332|0.000503779|0.00108045|0.00124643|0.000259122|0.00020631,0.0149239|0.020331|0.0180599|0.023169|0.00381353|0.0213516|0.0307353|0.0106514|0.0264898|0.0435318|0.0206384|0.0246782|0.0277248|0.008984|0.00551956|0.0149268,0.0412895|0.0123668|0.00826329|0.0464405|0.0376584|0.039085|0.0361747|0.00422712|0.0488449|0.0417385|0.0210152|0.0194929|0.0333838|0.0367367|0.033459|0.0460367,0.966562|0.966881|0.921419|0.91558|0.926805|0.928597|0.970156|0.939809|0.929454|0.900946|0.937217|0.978715|0.962228|0.943416|0.922419|0.991514,0.044073|0.100884|2.12941|1.15275|6.14759|3.91297|5.58772|0.576078|3.54556|2.57143|5.60429|1.17871|1.34553|3.46481|0.720084|1.43787,30.2686|24.4191|88.6198|37.015|83.9106|51.9585|67.5745|66.6304|52.1141|81.7362|37.2729|32.9383|55.4093|99.595|65.9961,0.233793|0.238508|0.1753|0.162173|0.247463|0.193998|0.245578|0.223135|0.232653|0.213965|0.247945|0.235444|0.210203|0.184736|0.211961,0.365721|0.981001|0.836696|0.488085|0.917952|0.362388|0.848505|0.324891|0.731436|0.340685|0.439527|0.299341|0.426554|0.509202|0.74,0.836712,0.95003,0.0605752,0.0262135,0.963917,0.465123,0.15314,0.474832,0.221241,0.939811,45.7498,4.30327e-11,91817,0.946666,47.3408,5.83316e-12,89819,0.806875,0.804562,0.0308693,0.827622,0.153213,0.478528,0.188721,0.468424,0.0909349,0.884044,30.5298,9.32513e-10,24710,0.952989,52.309,3.28469e-13,20664
11,97,n1->n11->n21->n31->n32->n22->n23->n13->n14->n15->n16->n17->n7->n8->n9->n10,3.81628e+09|2.52501e+13|2.14937e+09|3.81124e+09|2.53898e+13|3.67533e+09|6.10326e+09|9.81467e+09|2.91479e+13|3.5907e+10|6.90472e+11|1.49573e+11|4.80907e+13|8.1696e+11|2.30789e+12|4.53093e+09,3.25333e+09|3.47681e+12|6.95475e+08|6.00756e+08|6.33615e+12|2.7041e+09|4.29963e+09|3.1802e+09|4.85425e+12|3.62158e+09|6.89981e+11|2.52876e+10|1.83015e+13|1.84853e+11|1.03773e+12|9.31081e+08,1.65606e-05|0.000333482|3.31663e-05|0.000405301|3.07271e-05|0.000252666|0.000453384|0.000184444|0.000173701|0.00098768|0.000342499|0.000106677|0.000167308|0.000187958|0.000314672|0.000962884,0.000261068|0.000106174|0.000798295|0.000295348|0.0011838|0.000120953|0.00368377|0.00073597|0.00786944|0.000302079|0.00111591|0.00206961|0.00108045|0.00124643|0.000259122|0.00020631,0.0149239|0.020331|0.022815|0.0368533|0.0192821|0.00578932|0.0307353|0.0213516|0.0264898|0.0486551|0.0327472|0.0327897|0.0277248|0.008984|0.00551956|0.0149268,0.0412895|0.0123668|0.0159416|0.0136531|0.0395099|0.00482572|0.0361747|0.039085|0.0488449|0.0326516|0.00971357|0.0446882|0.0333838|0.0367367|0.033459|0.0460367,0.966562|0.966881|0.946201|0.922328|0.994092|0.905866|0.970156|0.928597|0.929454|0.985874|0.901048|0.9918|0.962228|0.943416|0.922419|0.991514,0.044073|0.100884|2.38856|1.87964|3.30856|0.371065|5.58772|3.91297|3.54556|6.07711|1.61346|5.5964|1.34553|3.46481|0.720084|1.43787,30.2686|65.1286|89.2299|63.0993|86.2435|55.8812|51.9585|56.34|92.5451|56.2706|32.2763|59.8148|55.4093|99.595|65.9961,0.233793|0.246374|0.249364|0.190598|0.187315|0.198716|0.193998|0.231665|0.193036|0.224038|0.206947|0.19432|0.210203|0.184736|0.211961,0.365721|0.670433|0.943299|0.438574|0.852537|0.142489|0.362388|0.474189|0.838519|0.441456|0.756824|0.320068|0.426554|0.509202|0.74,0.836712,0.95003,0.0605752,0.0262135,0.963917,0.465123,0.15314,0.474832,0.221241,0.939811,45.7498,4.30327e-11,91817,0.946666,47.3408,5.83316e-12,89819,0.806875,0.804562,0.0308693,0.827622,0.153213,0.478528,0.188721,0.468424,0.0909349,0.884044,30.5298,9.32513e-10,24710,0.952989,52.309,3.28469e-13,20664
11,98,n1->n11->n21->n22->n23->n13->n12->n2->n3->n4->n5->n6->n7->n8->n9->n10,3.81628e+09|2.52501e+13|2.14937e+09|3.67533e+09|6.10326e+09|9.81467e+09|2.1111e+11|3.17307e+11|9.55297e+11|8.2339e+09|1.37938e+13|4.81192e+11|4.80907e+13|8.1696e+11|2.30789e+12|4.53093e+09,3.25333e+09|3.47681e+12|6.95475e+08|2.7041e+09|4.29963e+09|3.1802e+09|1.05012e+11|7.16144e+10|1.77834e+11|1.86231e+09|1.38001e+12|3.85536e+11|1.83015e+13|1.84853e+11|1.03773e+12|9.31081e+08,1.65606e-05|0.000333482|3.31663e-05|0.000252666|0.000453384|0.000184444|1.23997e-05|2.94581e-05|2.34356e-05|5.62105e-05|0.000116756|0.000284109|0.000167308|0.000187958|0.000314672|0.000962884,0.000261068|0.000106174|0.000798295|0.000120953|0.00368377|0.00073597|0.00623448|0.0082771|0.000154657|0.0010007|0.000330332|0.000503779|0.00108045|0.00124643|0.000259122|0.00020631,0.0149239|0.020331|0.022815|0.00578932|0.0307353|0.0213516|0.0180599|0.023169|0.00381353|0.0435318|0.0206384|0.0246782|0.0277248|0.008984|0.00551956|0.0149268,0.0412895|0.0123668|0.0159416|0.00482572|0.0361747|0.039085|0.00826329|0.0464405|0.0376584|0.0417385|0.0210152|0.0194929|0.0333838|0.0367367|0.033459|0.0460367,0.966562|0.966881|0.946201|0.905866|0.970156|0.928597|0.921419|0.91558|0.926805|0.900946|0.937217|0.978715|0.962228|0.943416|0.922419|0.991514,0.044073|0.100884|2.38856|0.371065|5.58772|3.91297|2.12941|1.15275|6.14759|2.57143|5.60429|1.17871|1.34553|3.46481|0.720084|1.43787,30.2686|65.1286|34.0839|55.8812|51.9585|13.9548|88.6198|37.015|10.4739|81.7362|37.2729|32.9383|55.4093|99.595|65.9961,0.233793|0.246374|0.233339|0.198716|0.193998|0.240484|0.1753|0.162173|0.183499|0.213965|0.247945|0.235444|0.210203|0.184736|0.211961,0.365721|0.670433|0.348713|0.142489|0.362388|0.503208|0.836696|0.488085|0.949324|0.340685|0.439527|0.299341|0.426554|0.509202|0.74,0.836712,0.95003,0.0605752,0.0262135,0.963917,0.465123,0.15314,0.474832,0.221241,0.939811,45.7498,4.30327e-11,91817,0.946666,47.3408,5.83316e-12,89819,0.806875,0.804562,0.0308693,0.827622,0.153213,0.478528,0.188721,0.468424,0.0909349,0.884044,30.5298,9.32513e-10,24710,0.952989,52.309,3.28469e-13,20664
11,99,n1->n11->n21->n22->n23->n33->n34->n24->n14->n4->n5->n6->n7->n8->n9->n10,3.81628e+09|2.52501e+13|2.14937e+09|3.67533e+09|6.10326e+09|1.81445e+11|5.50719e+10|4.58897e+12|2.91479e+13|8.2339e+09|1.37938e+13|4.81192e+11|4.80907e+13|8.1696e+11|2.30789e+12|4.53093e+09,3.25333e+09|3.47681e+12|6.95475e+08|2.7041e+09|4.29963e+09|3.99742e+10|2.63856e+10|2.50135e+12|4.85425e+12|1.86231e+09|1.38001e+12|3.85536e+11|1.83015e+13|1.84853e+11|1.03773e+12|9.31081e+08,1.65606e-05|0.000333482|3.31663e-05|0.000252666|0.000453384|0.000884459|0.000454829|0.00040566|0.000173701|5.62105e-05|0.000116756|0.000284109|0.000167308|0.000187958|0.000314672|0.000962884,0.000261068|0.000106174|0.000798295|0.000120953|0.00368377|0.000925905|0.000993263|0.00129631|0.00786944|0.0010007|0.000330332|0.000503779|0.00108045|0.00124643|0.000259122|0.00020631,0.0149239|0.020331|0.022815|0.00578932|0.0307353|0.00889984|0.0165406|0.0106514|0.0264898|0.0435318|0.0206384|0.0246782|0.0277248|0.008984|0.00551956|0.0149268,0.0412895|0.0123668|0.0159416|0.00482572|0.0361747|0.0484608|0.0150697|0.00422712|0.0488449|0.0417385|0.0210152|0.0194929|0.0333838|0.0367367|0.033459|0.0460367,0.966562|0.966881|0.946201|0.905866|0.970156|0.991284|0.931027|0.939809|0.929454|0.900946|0.937217|0.978715|0.962228|0.943416|0.922419|0.991514,0.044073|0.100884|2.38856|0.371065|5.58772|2.73774|0.741623|0.576078|3.54556|2.57143|5.60429|1.17871|1.34553|3.46481|0.720084|1.43787,30.2686|65.1286|34.0839|55.8812|76.7594|23.5709|58.7029|66.6304|52.1141|81.7362|37.2729|32.9383|55.4093|99.595|65.9961,0.233793|0.246374|0.233339|0.198716|0.195707|0.204516|0.171068|0.223135|0.232653|0.213965|0.247945|0.235444|0.210203|0.184736|0.211961,0.365721|0.670433|0.348713|0.142489|0.150883|0.616785|0.195268|0.324891|0.731436|0.340685|0.439527|0.299341|0.426554|0.509202|0.74,0.836712,0.95003,0.0605752,0.0262135,0.963917,0.465123,0.15314,0.474832,0.221241,0.939811,45.7498,4.30327e-11,91817,0.946666,47.3408,5.83316e-12,89819,0.806875,0.804562,0.0308693,0.827622,0.153213,0.478528,0.188721,0.468424,0.0909349,0.884044,30.5298,9.32513e-10,24710,0.952989,52.309,3.28469e-13,20664
11,100,n1->n11->n12->n22->n32->n33->n34->n24->n14->n15->n16->n6->n7->n8->n9->n10,3.81628e+09|2.52501e+13|2.1111e+11|3.67533e+09|2.53898e+13|1.81445e+11|5.50719e+10|4.58897e+12|2.91479e+13|3.5907e+10|6.90472e+11|4.81192e+11|4.80907e+13|8.1696e+11|2.30789e+12|4.53093e+09,3.25333e+09|3.47681e+12|1.05012e+11|2.7041e+09|6.33615e+12|3.99742e+10|2.63856e+10|2.50135e+12|4.85425e+12|3.62158e+09|6.89981e+11|3.85536e+11|1.83015e+13|1.84853e+11|1.03773e+12|9.31081e+08,1.65606e-05|0.000333482|1.23997e-05|0.000252666|3.07271e-05|0.000884459|0.000454829|0.00040566|0.000173701|0.00098768|0.000342499|0.000284109|0.000167308|0.000187958|0.000314672|0.000962884,0.000261068|0.000106174|0.00623448|0.000120953|0.0011838|0.000925905|0.000993263|0.00129631|0.00786944|0.000302079|0.00111591|0.000503779|0.00108045|0.00124643|0.000259122|0.00020631,0.0149239|0.020331|0.0180599|0.00578932|0.0192821|0.00889984|0.0165406|0.0106514|0.0264898|0.0486551|0.0327472|0.0246782|0.0277248|0.008984|0.00551956|0.0149268,0.0412895|0.0123668|0.00826329|0.00482572|0.0395099|0.0484608|0.0150697|0.00422712|0.0488449|0.0326516|0.00971357|0.0194929|0.0333838|0.0367367|0.033459|0.0460367,0.966562|0.966881|0.921419|0.905866|0.994092|0.991284|0.931027|0.939809|0.929454|0.985874|0.901048|0.978715|0.962228|0.943416|0.922419|0.991514,0.044073|0.100884|2.12941|0.371065|3.30856|2.73774|0.741623|0.576078|3.54556|6.07711|1.61346|1.17871|1.34553|3.46481|0.720084|1.43787,30.2686|24.4191|13.2112|86.2435|67.4197|23.5709|58.7029|66.6304|92.5451|56.2706|50.0569|32.9383|55.4093|99.595|65.9961,0.233793|0.238508|0.23086|0.187315|0.160716|0.204516|0.171068|0.223135|0.193036|0.224038|0.225307|0.235444|0.210203|0.184736|0.211961,0.365721|0.981001|0.959801|0.852537|0.175903|0.616785|0.195268|0.324891|0.838519|0.441456|0.100621|0.299341|0.426554|0.509202|0.74,0.836712,0.95003,0.0605752,0.0262135,0.963917,0.465123,0.15314,0.474832,0.221241,0.939811,45.7498,4.30327e-11,91817,0.946666,47.3408,5.83316e-12,89819,0.806875,0.804562,0.0308693,0.827622,0.153213,0.478528,0.188721,0.468424,0.0909349,0.884044,30.5298,9.32513e-10,24710,0.952989,52.309,3.28469e-13,20664
11,101,n1->n11->n21->n31->n32->n22->n23->n24->n25->n15->n16->n6->n7->n8->n9->n10,3.81628e+09|2.52501e+13|2.14937e+09|3.81124e+09|2.53898e+13|3.67533e+09|6.10326e+09|4.58897e+12|7.02296e+09|3.5907e+10|6.90472e+11|4.81192e+11|4.80907e+13|8.1696e+11|2.30789e+12|4.53093e+09,3.25333e+09|3.47681e+12|6.95475e+08|6.00756e+08|6.33615e+12|2.7041e+09|4.29963e+09|2.50135e+12|7.41925e+08|3.62158e+09|6.89981e+11|3.85536e+11|1.83015e+13|1.84853e+11|1.03773e+12|9.31081e+08,1.65606e-05|0.000333482|3.31663e-05|0.000405301|3.07271e-05|0.000252666|0.000453384|0.00040566|3.98486e-05|0.00098768|0.000342499|0.000284109|0.000167308|0.000187958|0.000314672|0.000962884,0.000261068|0.000106174|0.000798295|0.000295348|0.0011838|0.000120953|0.00368377|0.00129631|0.00870955|0.000302079|0.00111591|0.000503779|0.00108045|0.00124643|0.000259122|0.00020631,0.0149239|0.020331|0.022815|0.0368533|0.0192821|0.00578932|0.0307353|0.0106514|0.0189466|0.0486551|0.0327472|0.0246782|0.0277248|0.008984|0.00551956|0.0149268,0.0412895|0.0123668|0.0159416|0.0136531|0.0395099|0.00482572|0.0361747|0.00422712|0.0120446|0.0326516|0.00971357|0.0194929|0.0333838|0.0367367|0.033459|0.0460367,0.966562|0.966881|0.946201|0.922328|0.994092|0.905866|0.970156|0.939809|0.938328|0.985874|0.901048|0.978715|0.962228|0.943416|0.922419|0.991514,0.044073|0.100884|2.38856|1.87964|3.30856|0.371065|5.58772|0.576078|1.89337|6.07711|1.61346|1.17871|1.34553|3.46481|0.720084|1.43787,30.2686|65.1286|89.2299|63.0993|86.2435|55.8812|67.5745|18.2346|54.7186|56.2706|50.0569|32.9383|55.4093|99.595|65.9961,0.233793|0.246374|0.249364|0.190598|0.187315|0.198716|0.245578|0.206582|0.2102|0.224038|0.225307|0.235444|0.210203|0.184736|0.211961,0.365721|0.670433|0.943299|0.438574|0.852537|0.142489|0.848505|0.438744|0.433332|0.441456|0.100621|0.299341|0.426554|0.509202|0.74,0.836712,0.95003,0.0605752,0.0262135,0.963917,0.465123,0.15314,0.474832,0.221241,0.939811,45.7498,4.30327e-11,91817,0.946666,47.3408,5.83316e-12,89819,0.806875,0.804562,0.0308693,0.827622,0.153213,0.478528,0.188721,0.468424,0.0909349,0.884044,30.5298,9.32513e-10,24710,0.952989,52.309,3.28469e-13,20664
11,102,n1->n2->n3->n13->n14->n4->n5->n15->n25->n26->n27->n28->n29->n19->n20->n10,3.81628e+09|3.17307e+11|9.55297e+11|9.81467e+09|2.91479e+13|8.2339e+09|1.37938e+13|3.5907e+10|7.02296e+09|2.34091e+12|1.06797e+10|1.97271e+12|7.35633e+12|1.16537e+09|9.60703e+09|4.53093e+09,3.25333e+09|7.16144e+10|1.77834e+11|3.1802e+09|4.85425e+12|1.86231e+09|1.38001e+12|3.62158e+09|7.41925e+08|1.00891e+12|5.90481e+09|5.32754e+11|9.38828e+11|6.99014e+08|1.01137e+09|9.31081e+08,1.65606e-05|2.94581e-05|2.34356e-05|0.000184444|0.000173701|5.62105e-05|0.000116756|0.00098768|3.98486e-05|1.13419e-05|0.000385595|3.13497e-05|1.34914e-05|2.23892e-05|0.000360246|0.000962884,0.000261068|0.0082771|0.000154657|0.00073597|0.00786944|0.0010007|0.000330332|0.000302079|0.00870955|0.00105353|0.0053547|0.00494547|0.00676328|0.000391715|0.00927779|0.00020631,0.0149239|0.023169|0.00381353|0.0213516|0.0264898|0.0435318|0.0206384|0.0486551|0.0189466|0.00180998|0.0129799|0.024784|0.00690986|0.0161043|0.0329774|0.0149268,0.0412895|0.0464405|0.0376584|0.039085|0.0488449|0.0417385|0.0210152|0.0326516|0.0120446|0.0338682|0.0225417|0.0497329|0.0195613|0.0166223|0.029507|0.0460367,0.966562|0.91558|0.926805|0.928597|0.929454|0.900946|0.937217|0.985874|0.938328|0.988902|0.921043|0.975369|0.957942|0.972235|0.986266|0.991514,0.044073|1.15275|6.14759|3.91297|3.54556|2.57143|5.60429|6.07711|1.89337|5.70191|0.152741|5.46142|1.3314|0.257261|1.60192|1.43787,79.8117|37.015|83.9106|56.34|52.1141|81.7362|35.0583|54.7186|55.6995|42.5138|15.3326|39.0733|84.7043|10.3361|29.3778,0.180405|0.162173|0.247463|0.231665|0.232653|0.213965|0.165289|0.2102|0.173773|0.199324|0.218114|0.204677|0.209672|0.236076|0.163527,0.820707|0.488085|0.917952|0.474189|0.731436|0.340685|0.998548|0.433332|0.285241|0.638543|0.769449|0.610162|0.84529|0.380012|0.849414,0.836712,0.95003,0.0605752,0.0262135,0.963917,0.465123,0.15314,0.474832,0.221241,0.939811,45.7498,4.30327e-11,91817,0.946666,47.3408,5.83316e-12,89819,0.806875,0.804562,0.0308693,0.827622,0.153213,0.478528,0.188721,0.468424,0.0909349,0.884044,30.5298,9.32513e-10,24710,0.952989,52.309,3.28469e-13,20664
11,103,n1->n2->n3->n13->n23->n33->n34->n24->n25->n15->n16->n6->n7->n8->n9->n10,3.81628e+09|3.17307e+11|9.55297e+11|9.81467e+09|6.10326e+09|1.81445e+11|5.50719e+10|4.58897e+12|7.02296e+09|3.5907e+10|6.90472e+11|4.81192e+11|4.80907e+13|8.1696e+11|2.30789e+12|4.53093e+09,3.25333e+09|7.16144e+10|1.77834e+11|3.1802e+09|4.29963e+09|3.99742e+10|2.63856e+10|2.50135e+12|7.41925e+08|3.62158e+09|6.89981e+11|3.85536e+11|1.83015e+13|1.84853e+11|1.03773e+12|9.31081e+08,1.65606e-05|2.94581e-05|2.34356e-05|0.000184444|0.000453384|0.000884459|0.000454829|0.00040566|3.98486e-05|0.00098768|0.000342499|0.000284109|0.000167308|0.000187958|0.000314672|0.000962884,0.000261068|0.0082771|0.000154657|0.00073597|0.00368377|0.000925905|0.000993263|0.00129631|0.00870955|0.000302079|0.00111591|0.000503779|0.00108045|0.00124643|0.000259122|0.00020631,0.0149239|0.023169|0.00381353|0.0213516|0.0307353|0.00889984|0.0165406|0.0106514|0.0189466|0.0486551|0.0327472|0.0246782|0.0277248|0.008984|0.00551956|0.0149268,0.0412895|0.0464405|0.0376584|0.039085|0.0361747|0.0484608|0.0150697|0.00422712|0.0120446|0.0326516|0.00971357|0.0194929|0.0333838|0.0367367|0.033459|0.0460367,0.966562|0.91558|0.926805|0.928597|0.970156|0.991284|0.931027|0.939809|0.938328|0.985874|0.901048|0.978715|0.962228|0.943416|0.922419|0.991514,0.044073|1.15275|6.14759|3.91297|5.58772|2.73774|0.741623|0.576078|1.89337|6.07711|1.61346|1.17871|1.34553|3.46481|0.720084|1.43787,79.8117|37.015|83.9106|51.9585|76.7594|23.5709|58.7029|18.2346|54.7186|56.2706|50.0569|32.9383|55.4093|99.595|65.9961,0.180405|0.162173|0.247463|0.193998|0.195707|0.204516|0.171068|0.206582|0.2102|0.224038|0.225307|0.235444|0.210203|0.184736|0.211961,0.820707|0.488085|0.917952|0.362388|0.150883|0.616785|0.195268|0.438744|0.433332|0.441456|0.100621|0.299341|0.426554|0.509202|0.74,0.836712,0.95003,0.0605752,0.0262135,0.963917,0.465123,0.15314,0.474832,0.221241,0.939811,45.7498,4.30327e-11,91817,0.946666,47.3408,5.83316e-12,89819,0.806875,0.804562,0.0308693,0.827622,0.153213,0.478528,0.188721,0.468424,0.0909349,0.884044,30.5298,9.32513e-10,24710,0.952989,52.309,3.28469e-13,20664
11,104,n1->n11->n21->n31->n32->n33->n23->n13->n3->n4->n5->n6->n7->n8->n9->n10,3.81628e+09|2.52501e+13|2.14937e+09|3.81124e+09|2.53898e+13|1.81445e+11|6.10326e+09|9.81467e+09|9.55297e+11|8.2339e+09|1.37938e+13|4.81192e+11|4.80907e+13|8.1696e+11|2.30789e+12|4.53093e+09,3.25333e+09|3.47681e+12|6.95475e+08|6.00756e+08|6.33615e+12|3.99742e+10|4.29963e+09|3.1802e+09|1.77834e+11|1.86231e+09|1.38001e+12|3.85536e+11|1.83015e+13|1.84853e+11|1.03773e+12|9.31081e+08,1.65606e-05|0.000333482|3.31663e-05|0.000405301|3.07271e-05|0.000884459|0.000453384|0.000184444|2.34356e-05|5.62105e-05|0.000116756|0.000284109|0.000167308|0.000187958|0.000314672|0.000962884,0.000261068|0.000106174|0.000798295|0.000295348|0.0011838|0.000925905|0.00368377|0.00073597|0.000154657|0.0010007|0.000330332|0.000503779|0.00108045|0.00124643|0.000259122|0.00020631,0.0149239|0.020331|0.022815|0.0368533|0.0192821|0.00889984|0.0307353|0.0213516|0.00381353|0.0435318|0.0206384|0.0246782|0.0277248|0.008984|0.00551956|0.0149268,0.0412895|0.0123668|0.0159416|0.0136531|0.0395099|0.0484608|0.0361747|0.039085|0.0376584|0.0417385|0.0210152|0.0194929|0.0333838|0.0367367|0.033459|0.0460367,0.966562|0.966881|0.946201|0.922328|0.994092|0.991284|0.970156|0.928597|0.926805|0.900946|0.937217|0.978715|0.962228|0.943416|0.922419|0.991514,0.044073|0.100884|2.38856|1.87964|3.30856|2.73774|5.58772|3.91297|6.14759|2.57143|5.60429|1.17871|1.34553|3.46481|0.720084|1.43787,30.2686|65.1286|89.2299|63.0993|67.4197|76.7594|51.9585|83.9106|10.4739|81.7362|37.2729|32.9383|55.4093|99.595|65.9961,0.233793|0.246374|0.249364|0.190598|0.160716|0.195707|0.193998|0.247463|0.183499|0.213965|0.247945|0.235444|0.210203|0.184736|0.211961,0.365721|0.670433|0.943299|0.438574|0.175903|0.150883|0.362388|0.917952|0.949324|0.340685|0.439527|0.299341|0.426554|0.509202|0.74,0.836712,0.95003,0.0605752,0.0262135,0.963917,0.465123,0.15314,0.474832,0.221241,0.939811,45.7498,4.30327e-11,91817,0.946666,47.3408,5.83316e-12,89819,0.806875,0.804562,0.0308693,0.827622,0.153213,0.478528,0.188721,0.468424,0.0909349,0.884044,30.5298,9.32513e-10,24710,0.952989,52.309,3.28469e-13,20664
11,105,n1->n2->n3->n4->n5->n15->n14->n24->n25->n26->n16->n17->n18->n19->n9->n10,3.81628e+09|3.17307e+11|9.55297e+11|8.2339e+09|1.37938e+13|3.5907e+10|2.91479e+13|4.58897e+12|7.02296e+09|2.34091e+12|6.90472e+11|1.49573e+11|1.26146e+12|1.16537e+09|2.30789e+12|4.53093e+09,3.25333e+09|7.16144e+10|1.77834e+11|1.86231e+09|1.38001e+12|3.62158e+09|4.85425e+12|2.50135e+12|7.41925e+08|1.00891e+12|6.89981e+11|2.52876e+10|2.026e+11|6.99014e+08|1.03773e+12|9.31081e+08,1.65606e-05|2.94581e-05|2.34356e-05|5.62105e-05|0.000116756|0.00098768|0.000173701|0.00040566|3.98486e-05|1.13419e-05|0.000342499|0.000106677|0.00077073|2.23892e-05|0.000314672|0.000962884,0.000261068|0.0082771|0.000154657|0.0010007|0.000330332|0.000302079|0.00786944|0.00129631|0.00870955|0.00105353|0.00111591|0.00206961|0.000223728|0.000391715|0.000259122|0.00020631,0.0149239|0.023169|0.00381353|0.0435318|0.0206384|0.0486551|0.0264898|0.0106514|0.0189466|0.00180998|0.0327472|0.0327897|0.00757137|0.0161043|0.00551956|0.0149268,0.0412895|0.0464405|0.0376584|0.0417385|0.0210152|0.0326516|0.0488449|0.00422712|0.0120446|0.0338682|0.00971357|0.0446882|0.0158785|0.0166223|0.033459|0.0460367,0.966562|0.91558|0.926805|0.900946|0.937217|0.985874|0.929454|0.939809|0.938328|0.988902|0.901048|0.9918|0.954493|0.972235|0.922419|0.991514,0.044073|1.15275|6.14759|2.57143|5.60429|6.07711|3.54556|0.576078|1.89337|5.70191|1.61346|5.5964|4.28182|0.257261|0.720084|1.43787,79.8117|37.015|10.4739|81.7362|35.0583|92.5451|66.6304|18.2346|55.6995|11.0615|32.2763|27.3162|28.0546|99.0064|65.9961,0.180405|0.162173|0.183499|0.213965|0.165289|0.193036|0.223135|0.206582|0.173773|0.225802|0.206947|0.195193|0.21248|0.220943|0.211961,0.820707|0.488085|0.949324|0.340685|0.998548|0.838519|0.324891|0.438744|0.285241|0.777864|0.756824|0.721446|0.717834|0.31779|0.74,0.836712,0.95003,0.0605752,0.0262135,0.963917,0.465123,0.15314,0.474832,0.221241,0.939811,45.7498,4.30327e-11,91817,0.946666,47.3408,5.83316e-12,89819,0.806875,0.804562,0.0308693,0.827622,0.153213,0.478528,0.188721,0.468424,0.0909349,0.884044,30.5298,9.32513e-10,24710,0.952989,52.309,3.28469e-13,20664
11,106,n1->n11->n21->n22->n32->n33->n34->n24->n25->n26->n27->n17->n18->n8->n9->n10,3.81628e+09|2.52501e+13|2.14937e+09|3.67533e+09|2.53898e+13|1.81445e+11|5.50719e+10|4.58897e+12|7.02296e+09|2.34091e+12|1.06797e+10|1.49573e+11|1.26146e+12|8.1696e+11|2.30789e+12|4.53093e+09,3.25333e+09|3.47681e+12|6.95475e+08|2.7041e+09|6.33615e+12|3.99742e+10|2.63856e+10|2.50135e+12|7.41925e+08|1.00891e+12|5.90481e+09|2.52876e+10|2.026e+11|1.84853e+11|1.03773e+12|9.31081e+08,1.65606e-05|0.000333482|3.31663e-05|0.000252666|3.07271e-05|0.000884459|0.000454829|0.00040566|3.98486e-05|1.13419e-05|0.000385595|0.000106677|0.00077073|0.000187958|0.000314672|0.000962884,0.000261068|0.000106174|0.000798295|0.000120953|0.0011838|0.000925905|0.000993263|0.00129631|0.00870955|0.00105353|0.0053547|0.00206961|0.000223728|0.00124643|0.000259122|0.00020631,0.0149239|0.020331|0.022815|0.00578932|0.0192821|0.00889984|0.0165406|0.0106514|0.0189466|0.00180998|0.0129799|0.0327897|0.00757137|0.008984|0.00551956|0.0149268,0.0412895|0.0123668|0.0159416|0.00482572|0.0395099|0.0484608|0.0150697|0.00422712|0.0120446|0.0338682|0.0225417|0.0446882|0.0158785|0.0367367|0.033459|0.0460367,0.966562|0.966881|0.946201|0.905866|0.994092|0.991284|0.931027|0.939809|0.938328|0.988902|0.921043|0.9918|0.954493|0.943416|0.922419|0.991514,0.044073|0.100884|2.38856|0.371065|3.30856|2.73774|0.741623|0.576078|1.89337|5.70191|0.152741|5.5964|4.28182|3.46481|0.720084|1.43787,30.2686|65.1286|34.0839|86.2435|67.4197|23.5709|58.7029|18.2346|55.6995|42.5138|72.2829|27.3162|81.3396|99.595|65.9961,0.233793|0.246374|0.233339|0.187315|0.160716|0.204516|0.171068|0.206582|0.173773|0.199324|0.181484|0.195193|0.182333|0.184736|0.211961,0.365721|0.670433|0.348713|0.852537|0.175903|0.616785|0.195268|0.438744|0.285241|0.638543|0.529686|0.721446|0.519796|0.509202|0.74,0.836712,0.95003,0.0605752,0.0262135,0.963917,0.465123,0.15314,0.474832,0.221241,0.939811,45.7498,4.30327e-11,91817,0.946666,47.3408,5.83316e-12,89819,0.806875,0.804562,0.0308693,0.827622,0.153213,0.478528,0.188721,0.468424,0.0909349,0.884044,30.5298,9.32513e-10,24710,0.952989,52.309,3.28469e-13,20664
11,107,n1->n2->n12->n22->n32->n33->n34->n35->n36->n26->n27->n17->n7->n8->n9->n10,3.81628e+09|3.17307e+11|2.1111e+11|3.67533e+09|2.53898e+13|1.81445e+11|5.50719e+10|7.81812e+12|2.65625e+13|2.34091e+12|1.06797e+10|1.49573e+11|4.80907e+13|8.1696e+11|2.30789e+12|4.53093e+09,3.25333e+09|7.16144e+10|1.05012e+11|2.7041e+09|6.33615e+12|3.99742e+10|2.63856e+10|9.95548e+11|3.06441e+12|1.00891e+12|5.90481e+09|2.52876e+10|1.83015e+13|1.84853e+11|1.03773e+12|9.31081e+08,1.65606e-05|2.94581e-05|1.23997e-05|0.000252666|3.07271e-05|0.000884459|0.000454829|6.26079e-05|6.7152e-05|1.13419e-05|0.000385595|0.000106677|0.000167308|0.000187958|0.000314672|0.000962884,0.000261068|0.0082771|0.00623448|0.000120953|0.0011838|0.000925905|0.000993263|0.00467613|0.00183418|0.00105353|0.0053547|0.00206961|0.00108045|0.00124643|0.000259122|0.00020631,0.0149239|0.023169|0.0180599|0.00578932|0.0192821|0.00889984|0.0165406|0.0202053|0.0185019|0.00180998|0.0129799|0.0327897|0.0277248|0.008984|0.00551956|0.0149268,0.0412895|0.0464405|0.00826329|0.00482572|0.0395099|0.0484608|0.0150697|0.0147381|0.0267303|0.0338682|0.0225417|0.0446882|0.0333838|0.0367367|0.033459|0.0460367,0.966562|0.91558|0.921419|0.905866|0.994092|0.991284|0.931027|0.990084|0.91938|0.988902|0.921043|0.9918|0.962228|0.943416|0.922419|0.991514,0.044073|1.15275|2.12941|0.371065|3.30856|2.73774|0.741623|0.795098|3.57535|5.70191|0.152741|5.5964|1.34553|3.46481|0.720084|1.43787,79.8117|88.6198|13.2112|86.2435|67.4197|23.5709|31.5608|18.7034|63.8366|42.5138|72.2829|59.8148|55.4093|99.595|65.9961,0.180405|0.1753|0.23086|0.187315|0.160716|0.204516|0.162794|0.243248|0.246412|0.199324|0.181484|0.19432|0.210203|0.184736|0.211961,0.820707|0.836696|0.959801|0.852537|0.175903|0.616785|0.442657|0.57611|0.780822|0.638543|0.529686|0.320068|0.426554|0.509202|0.74,0.836712,0.95003,0.0605752,0.0262135,0.963917,0.465123,0.15314,0.474832,0.221241,0.939811,45.7498,4.30327e-11,91817,0.946666,47.3408,5.83316e-12,89819,0.806875,0.804562,0.0308693,0.827622,0.153213,0.478528,0.188721,0.468424,0.0909349,0.884044,30.5298,9.32513e-10,24710,0.952989,52.309,3.28469e-13,20664
11,108,n1->n11->n12->n13->n14->n24->n25->n15->n5->n6->n16->n17->n7->n8->n9->n10,3.81628e+09|2.52501e+13|2.1111e+11|9.81467e+09|2.91479e+13|4.58897e+12|7.02296e+09|3.5907e+10|1.37938e+13|4.81192e+11|6.90472e+11|1.49573e+11|4.80907e+13|8.1696e+11|2.30789e+12|4.53093e+09,3.25333e+09|3.47681e+12|1.05012e+11|3.1802e+09|4.85425e+12|2.50135e+12|7.41925e+08|3.62158e+09|1.38001e+12|3.85536e+11|6.89981e+11|2.52876e+10|1.83015e+13|1.84853e+11|1.03773e+12|9.31081e+08,1.65606e-05|0.000333482|1.23997e-05|0.000184444|0.000173701|0.00040566|3.98486e-05|0.00098768|0.000116756|0.000284109|0.000342499|0.000106677|0.000167308|0.000187958|0.000314672|0.000962884,0.000261068|0.000106174|0.00623448|0.00073597|0.00786944|0.00129631|0.00870955|0.000302079|0.000330332|0.000503779|0.00111591|0.00206961|0.00108045|0.00124643|0.000259122|0.00020631,0.0149239|0.020331|0.0180599|0.0213516|0.0264898|0.0106514|0.0189466|0.0486551|0.0206384|0.0246782|0.0327472|0.0327897|0.0277248|0.008984|0.00551956|0.0149268,0.0412895|0.0123668|0.00826329|0.039085|0.0488449|0.00422712|0.0120446|0.0326516|0.0210152|0.0194929|0.00971357|0.0446882|0.0333838|0.0367367|0.033459|0.0460367,0.966562|0.966881|0.921419|0.928597|0.929454|0.939809|0.938328|0.985874|0.937217|0.978715|0.901048|0.9918|0.962228|0.943416|0.922419|0.991514,0.044073|0.100884|2.12941|3.91297|3.54556|0.576078|1.89337|6.07711|5.60429|1.17871|1.61346|5.5964|1.34553|3.46481|0.720084|1.43787,30.2686|24.4191|13.9548|56.34|66.6304|18.2346|54.7186|35.0583|37.2729|50.0569|32.2763|59.8148|55.4093|99.595|65.9961,0.233793|0.238508|0.240484|0.231665|0.223135|0.206582|0.2102|0.165289|0.247945|0.225307|0.206947|0.19432|0.210203|0.184736|0.211961,0.365721|0.981001|0.503208|0.474189|0.324891|0.438744|0.433332|0.998548|0.439527|0.100621|0.756824|0.320068|0.426554|0.509202|0.74,0.836712,0.95003,0.0605752,0.0262135,0.963917,0.465123,0.15314,0.474832,0.221241,0.939811,45.7498,4.30327e-11,91817,0.946666,47.3408,5.83316e-12,89819,0.806875,0.804562,0.0308693,0.827622,0.153213,0.478528,0.188721,0.468424,0.0909349,0.884044,30.5298,9.32513e-10,24710,0.952989,52.309,3.28469e-13,20664
11,109,n1->n11->n21->n31->n32->n33->n34->n35->n36->n37->n27->n17->n7->n8->n9->n10,3.81628e+09|2.52501e+13|2.14937e+09|3.81124e+09|2.53898e+13|1.81445e+11|5.50719e+10|7.81812e+12|2.65625e+13|4.70754e+09|1.06797e+10|1.49573e+11|4.80907e+13|8.1696e+11|2.30789e+12|4.53093e+09,3.25333e+09|3.47681e+12|6.95475e+08|6.00756e+08|6.33615e+12|3.99742e+10|2.63856e+10|9.95548e+11|3.06441e+12|2.94368e+09|5.90481e+09|2.52876e+10|1.83015e+13|1.84853e+11|1.03773e+12|9.31081e+08,1.65606e-05|0.000333482|3.31663e-05|0.000405301|3.07271e-05|0.000884459|0.000454829|6.26079e-05|6.7152e-05|0.000147089|0.000385595|0.000106677|0.000167308|0.000187958|0.000314672|0.000962884,0.000261068|0.000106174|0.000798295|0.000295348|0.0011838|0.000925905|0.000993263|0.00467613|0.00183418|0.000920162|0.0053547|0.00206961|0.00108045|0.00124643|0.000259122|0.00020631,0.0149239|0.020331|0.022815|0.0368533|0.0192821|0.00889984|0.0165406|0.0202053|0.0185019|0.00273334|0.0129799|0.0327897|0.0277248|0.008984|0.00551956|0.0149268,0.0412895|0.0123668|0.0159416|0.0136531|0.0395099|0.0484608|0.0150697|0.0147381|0.0267303|0.0249887|0.0225417|0.0446882|0.0333838|0.0367367|0.033459|0.0460367,0.966562|0.966881|0.946201|0.922328|0.994092|0.991284|0.931027|0.990084|0.91938|0.953539|0.921043|0.9918|0.962228|0.943416|0.922419|0.991514,0.044073|0.100884|2.38856|1.87964|3.30856|2.73774|0.741623|0.795098|3.57535|1.66924|0.152741|5.5964|1.34553|3.46481|0.720084|1.43787,30.2686|65.1286|89.2299|63.0993|67.4197|23.5709|31.5608|18.7034|29.3504|44.8869|72.2829|59.8148|55.4093|99.595|65.9961,0.233793|0.246374|0.249364|0.190598|0.160716|0.204516|0.162794|0.243248|0.241567|0.224736|0.181484|0.19432|0.210203|0.184736|0.211961,0.365721|0.670433|0.943299|0.438574|0.175903|0.616785|0.442657|0.57611|0.992314|0.721224|0.529686|0.320068|0.426554|0.509202|0.74,0.836712,0.95003,0.0605752,0.0262135,0.963917,0.465123,0.15314,0.474832,0.221241,0.939811,45.7498,4.30327e-11,91817,0.946666,47.3408,5.83316e-12,89819,0.806875,0.804562,0.0308693,0.827622,0.153213,0.478528,0.188721,0.468424,0.0909349,0.884044,30.5298,9.32513e-10,24710,0.952989,52.309,3.28469e-13,20664
11,110,n1->n11->n12->n22->n32->n33->n34->n24->n25->n26->n16->n6->n7->n8->n9->n10,3.81628e+09|2.52501e+13|2.1111e+11|3.67533e+09|2.53898e+13|1.81445e+11|5.50719e+10|4.58897e+12|7.02296e+09|2.34091e+12|6.90472e+11|4.81192e+11|4.80907e+13|8.1696e+11|2.30789e+12|4.53093e+09,3.25333e+09|3.47681e+12|1.05012e+11|2.7041e+09|6.33615e+12|3.99742e+10|2.63856e+10|2.50135e+12|7.41925e+08|1.00891e+12|6.89981e+11|3.85536e+11|1.83015e+13|1.84853e+11|1.03773e+12|9.31081e+08,1.65606e-05|0.000333482|1.23997e-05|0.000252666|3.07271e-05|0.000884459|0.000454829|0.00040566|3.98486e-05|1.13419e-05|0.000342499|0.000284109|0.000167308|0.000187958|0.000314672|0.000962884,0.000261068|0.000106174|0.00623448|0.000120953|0.0011838|0.000925905|0.000993263|0.00129631|0.00870955|0.00105353|0.00111591|0.000503779|0.00108045|0.00124643|0.000259122|0.00020631,0.0149239|0.020331|0.0180599|0.00578932|0.0192821|0.00889984|0.0165406|0.0106514|0.0189466|0.00180998|0.0327472|0.0246782|0.0277248|0.008984|0.00551956|0.0149268,0.0412895|0.0123668|0.00826329|0.00482572|0.0395099|0.0484608|0.0150697|0.00422712|0.0120446|0.0338682|0.00971357|0.0194929|0.0333838|0.0367367|0.033459|0.0460367,0.966562|0.966881|0.921419|0.905866|0.994092|0.991284|0.931027|0.939809|0.938328|0.988902|0.901048|0.978715|0.962228|0.943416|0.922419|0.991514,0.044073|0.100884|2.12941|0.371065|3.30856|2.73774|0.741623|0.576078|1.89337|5.70191|1.61346|1.17871|1.34553|3.46481|0.720084|1.43787,30.2686|24.4191|13.2112|86.2435|67.4197|23.5709|58.7029|18.2346|55.6995|11.0615|50.0569|32.9383|55.4093|99.595|65.9961,0.233793|0.238508|0.23086|0.187315|0.160716|0.204516|0.171068|0.206582|0.173773|0.225802|0.225307|0.235444|0.210203|0.184736|0.211961,0.365721|0.981001|0.959801|0.852537|0.175903|0.616785|0.195268|0.438744|0.285241|0.777864|0.100621|0.299341|0.426554|0.509202|0.74,0.836712,0.95003,0.0605752,0.0262135,0.963917,0.465123,0.15314,0.474832,0.221241,0.939811,45.7498,4.30327e-11,91817,0.946666,47.3408,5.83316e-12,89819,0.806875,0.804562,0.0308693,0.827622,0.153213,0.478528,0.188721,0.468424,0.0909349,0.884044,30.5298,9.32513e-10,24710,0.952989,52.309,3.28469e-13,20664
11,111,n1->n2->n3->n4->n5->n6->n16->n26->n27->n17->n7->n8->n18->n19->n9->n10,3.81628e+09|3.17307e+11|9.55297e+11|8.2339e+09|1.37938e+13|4.81192e+11|6.90472e+11|2.34091e+12|1.06797e+10|1.49573e+11|4.80907e+13|8.1696e+11|1.26146e+12|1.16537e+09|2.30789e+12|4.53093e+09,3.25333e+09|7.16144e+10|1.77834e+11|1.86231e+09|1.38001e+12|3.85536e+11|6.89981e+11|1.00891e+12|5.90481e+09|2.52876e+10|1.83015e+13|1.84853e+11|2.026e+11|6.99014e+08|1.03773e+12|9.31081e+08,1.65606e-05|2.94581e-05|2.34356e-05|5.62105e-05|0.000116756|0.000284109|0.000342499|1.13419e-05|0.000385595|0.000106677|0.000167308|0.000187958|0.00077073|2.23892e-05|0.000314672|0.000962884,0.000261068|0.0082771|0.000154657|0.0010007|0.000330332|0.000503779|0.00111591|0.00105353|0.0053547|0.00206961|0.00108045|0.00124643|0.000223728|0.000391715|0.000259122|0.00020631,0.0149239|0.023169|0.00381353|0.0435318|0.0206384|0.0246782|0.0327472|0.00180998|0.0129799|0.0327897|0.0277248|0.008984|0.00757137|0.0161043|0.00551956|0.0149268,0.0412895|0.0464405|0.0376584|0.0417385|0.0210152|0.0194929|0.00971357|0.0338682|0.0225417|0.0446882|0.0333838|0.0367367|0.0158785|0.0166223|0.033459|0.0460367,0.966562|0.91558|0.926805|0.900946|0.937217|0.978715|0.901048|0.988902|0.921043|0.9918|0.962228|0.943416|0.954493|0.972235|0.922419|0.991514,0.044073|1.15275|6.14759|2.57143|5.60429|1.17871|1.61346|5.70191|0.152741|5.5964|1.34553|3.46481|4.28182|0.257261|0.720084|1.43787,79.8117|37.015|10.4739|81.7362|37.2729|50.0569|11.0615|42.5138|72.2829|59.8148|55.4093|81.3396|28.0546|99.0064|65.9961,0.180405|0.162173|0.183499|0.213965|0.247945|0.225307|0.225802|0.199324|0.181484|0.19432|0.210203|0.182333|0.21248|0.220943|0.211961,0.820707|0.488085|0.949324|0.340685|0.439527|0.100621|0.777864|0.638543|0.529686|0.320068|0.426554|0.519796|0.717834|0.31779|0.74,0.836712,0.95003,0.0605752,0.0262135,0.963917,0.465123,0.15314,0.474832,0.221241,0.939811,45.7498,4.30327e-11,91817,0.946666,47.3408,5.83316e-12,89819,0.806875,0.804562,0.0308693,0.827622,0.153213,0.478528,0.188721,0.468424,0.0909349,0.884044,30.5298,9.32513e-10,24710,0.952989,52.309,3.28469e-13,20664
11,112,n1->n2->n12->n13->n3->n4->n5->n15->n16->n17->n7->n8->n18->n19->n9->n10,3.81628e+09|3.17307e+11|2.1111e+11|9.81467e+09|9.55297e+11|8.2339e+09|1.37938e+13|3.5907e+10|6.90472e+11|1.49573e+11|4.80907e+13|8.1696e+11|1.26146e+12|1.16537e+09|2.30789e+12|4.53093e+09,3.25333e+09|7.16144e+10|1.05012e+11|3.1802e+09|1.77834e+11|1.86231e+09|1.38001e+12|3.62158e+09|6.89981e+11|2.52876e+10|1.83015e+13|1.84853e+11|2.026e+11|6.99014e+08|1.03773e+12|9.31081e+08,1.65606e-05|2.94581e-05|1.23997e-05|0.000184444|2.34356e-05|5.62105e-05|0.000116756|0.00098768|0.000342499|0.000106677|0.000167308|0.000187958|0.00077073|2.23892e-05|0.000314672|0.000962884,0.000261068|0.0082771|0.00623448|0.00073597|0.000154657|0.0010007|0.000330332|0.000302079|0.00111591|0.00206961|0.00108045|0.00124643|0.000223728|0.000391715|0.000259122|0.00020631,0.0149239|0.023169|0.0180599|0.0213516|0.00381353|0.0435318|0.0206384|0.0486551|0.0327472|0.0327897|0.0277248|0.008984|0.00757137|0.0161043|0.00551956|0.0149268,0.0412895|0.0464405|0.00826329|0.039085|0.0376584|0.0417385|0.0210152|0.0326516|0.00971357|0.0446882|0.0333838|0.0367367|0.0158785|0.0166223|0.033459|0.0460367,0.966562|0.91558|0.921419|0.928597|0.926805|0.900946|0.937217|0.985874|0.901048|0.9918|0.962228|0.943416|0.954493|0.972235|0.922419|0.991514,0.044073|1.15275|2.12941|3.91297|6.14759|2.57143|5.60429|6.07711|1.61346|5.5964|1.34553|3.46481|4.28182|0.257261|0.720084|1.43787,79.8117|88.6198|13.9548|83.9106|10.4739|81.7362|35.0583|56.2706|32.2763|59.8148|55.4093|81.3396|28.0546|99.0064|65.9961,0.180405|0.1753|0.240484|0.247463|0.183499|0.213965|0.165289|0.224038|0.206947|0.19432|0.210203|0.182333|0.21248|0.220943|0.211961,0.820707|0.836696|0.503208|0.917952|0.949324|0.340685|0.998548|0.441456|0.756824|0.320068|0.426554|0.519796|0.717834|0.31779|0.74,0.836712,0.95003,0.0605752,0.0262135,0.963917,0.465123,0.15314,0.474832,0.221241,0.939811,45.7498,4.30327e-11,91817,0.946666,47.3408,5.83316e-12,89819,0.806875,0.804562,0.0308693,0.827622,0.153213,0.478528,0.188721,0.468424,0.0909349,0.884044,30.5298,9.32513e-10,24710,0.952989,52.309,3.28469e-13,20664
11,113,n1->n11->n12->n22->n23->n24->n25->n26->n27->n37->n38->n39->n29->n30->n20->n10,3.81628e+09|2.52501e+13|2.1111e+11|3.67533e+09|6.10326e+09|4.58897e+12|7.02296e+09|2.34091e+12|1.06797e+10|4.70754e+09|2.44316e+12|1.80903e+09|7.35633e+12|1.3379e+10|9.60703e+09|4.53093e+09,3.25333e+09|3.47681e+12|1.05012e+11|2.7041e+09|4.29963e+09|2.50135e+12|7.41925e+08|1.00891e+12|5.90481e+09|2.94368e+09|2.91553e+11|2.42123e+08|9.38828e+11|3.91441e+09|1.01137e+09|9.31081e+08,1.65606e-05|0.000333482|1.23997e-05|0.000252666|0.000453384|0.00040566|3.98486e-05|1.13419e-05|0.000385595|0.000147089|2.61444e-05|7.80254e-05|1.34914e-05|5.26975e-05|0.000360246|0.000962884,0.000261068|0.000106174|0.00623448|0.000120953|0.00368377|0.00129631|0.00870955|0.00105353|0.0053547|0.000920162|0.00298605|0.00153317|0.00676328|0.00225502|0.00927779|0.00020631,0.0149239|0.020331|0.0180599|0.00578932|0.0307353|0.0106514|0.0189466|0.00180998|0.0129799|0.00273334|0.00736111|0.0226891|0.00690986|0.00375381|0.0329774|0.0149268,0.0412895|0.0123668|0.00826329|0.00482572|0.0361747|0.00422712|0.0120446|0.0338682|0.0225417|0.0249887|0.0122774|0.0323535|0.0195613|0.0244379|0.029507|0.0460367,0.966562|0.966881|0.921419|0.905866|0.970156|0.939809|0.938328|0.988902|0.921043|0.953539|0.961831|0.971819|0.957942|0.916555|0.986266|0.991514,0.044073|0.100884|2.12941|0.371065|5.58772|0.576078|1.89337|5.70191|0.152741|1.66924|4.57945|5.96616|1.3314|3.81217|1.60192|1.43787,30.2686|24.4191|13.2112|55.8812|67.5745|18.2346|55.6995|42.5138|44.8869|37.0378|69.5993|44.1502|83.4704|23.9015|29.3778,0.233793|0.238508|0.23086|0.198716|0.245578|0.206582|0.173773|0.199324|0.224736|0.229194|0.247201|0.198568|0.184369|0.225083|0.163527,0.365721|0.981001|0.959801|0.142489|0.848505|0.438744|0.285241|0.638543|0.721224|0.300005|0.495278|0.621441|0.419692|0.876583|0.849414,0.836712,0.95003,0.0605752,0.0262135,0.963917,0.465123,0.15314,0.474832,0.221241,0.939811,45.7498,4.30327e-11,91817,0.946666,47.3408,5.83316e-12,89819,0.806875,0.804562,0.0308693,0.827622,0.153213,0.478528,0.188721,0.468424,0.0909349,0.884044,30.5298,9.32513e-10,24710,0.952989,52.309,3.28469e-13,20664
11,114,n1->n2->n12->n11->n21->n22->n23->n13->n14->n15->n5->n6->n7->n8->n9->n10,3.81628e+09|3.17307e+11|2.1111e+11|2.52501e+13|2.14937e+09|3.67533e+09|6.10326e+09|9.81467e+09|2.91479e+13|3.5907e+10|1.37938e+13|4.81192e+11|4.80907e+13|8.1696e+11|2.30789e+12|4.53093e+09,3.25333e+09|7.16144e+10|1.05012e+11|3.47681e+12|6.95475e+08|2.7041e+09|4.29963e+09|3.1802e+09|4.85425e+12|3.62158e+09|1.38001e+12|3.85536e+11|1.83015e+13|1.84853e+11|1.03773e+12|9.31081e+08,1.65606e-05|2.94581e-05|1.23997e-05|0.000333482|3.31663e-05|0.000252666|0.000453384|0.000184444|0.000173701|0.00098768|0.000116756|0.000284109|0.000167308|0.000187958|0.000314672|0.000962884,0.000261068|0.0082771|0.00623448|0.000106174|0.000798295|0.000120953|0.00368377|0.00073597|0.00786944|0.000302079|0.000330332|0.000503779|0.00108045|0.00124643|0.000259122|0.00020631,0.0149239|0.023169|0.0180599|0.020331|0.022815|0.00578932|0.0307353|0.0213516|0.0264898|0.0486551|0.0206384|0.0246782|0.0277248|0.008984|0.00551956|0.0149268,0.0412895|0.0464405|0.00826329|0.0123668|0.0159416|0.00482572|0.0361747|0.039085|0.0488449|0.0326516|0.0210152|0.0194929|0.0333838|0.0367367|0.033459|0.0460367,0.966562|0.91558|0.921419|0.966881|0.946201|0.905866|0.970156|0.928597|0.929454|0.985874|0.937217|0.978715|0.962228|0.943416|0.922419|0.991514,0.044073|1.15275|2.12941|0.100884|2.38856|0.371065|5.58772|3.91297|3.54556|6.07711|5.60429|1.17871|1.34553|3.46481|0.720084|1.43787,79.8117|88.6198|24.4191|65.1286|34.0839|55.8812|51.9585|56.34|92.5451|35.0583|37.2729|32.9383|55.4093|99.595|65.9961,0.180405|0.1753|0.238508|0.246374|0.233339|0.198716|0.193998|0.231665|0.193036|0.165289|0.247945|0.235444|0.210203|0.184736|0.211961,0.820707|0.836696|0.981001|0.670433|0.348713|0.142489|0.362388|0.474189|0.838519|0.998548|0.439527|0.299341|0.426554|0.509202|0.74,0.836712,0.95003,0.0605752,0.0262135,0.963917,0.465123,0.15314,0.474832,0.221241,0.939811,45.7498,4.30327e-11,91817,0.946666,47.3408,5.83316e-12,89819,0.806875,0.804562,0.0308693,0.827622,0.153213,0.478528,0.188721,0.468424,0.0909349,0.884044,30.5298,9.32513e-10,24710,0.952989,52.309,3.28469e-13,20664
11,115,n1->n11->n12->n13->n14->n24->n34->n35->n36->n37->n38->n28->n29->n30->n20->n10,3.81628e+09|2.52501e+13|2.1111e+11|9.81467e+09|2.91479e+13|4.58897e+12|5.50719e+10|7.81812e+12|2.65625e+13|4.70754e+09|2.44316e+12|1.97271e+12|7.35633e+12|1.3379e+10|9.60703e+09|4.53093e+09,3.25333e+09|3.47681e+12|1.05012e+11|3.1802e+09|4.85425e+12|2.50135e+12|2.63856e+10|9.95548e+11|3.06441e+12|2.94368e+09|2.91553e+11|5.32754e+11|9.38828e+11|3.91441e+09|1.01137e+09|9.31081e+08,1.65606e-05|0.000333482|1.23997e-05|0.000184444|0.000173701|0.00040566|0.000454829|6.26079e-05|6.7152e-05|0.000147089|2.61444e-05|3.13497e-05|1.34914e-05|5.26975e-05|0.000360246|0.000962884,0.000261068|0.000106174|0.00623448|0.00073597|0.00786944|0.00129631|0.000993263|0.00467613|0.00183418|0.000920162|0.00298605|0.00494547|0.00676328|0.00225502|0.00927779|0.00020631,0.0149239|0.020331|0.0180599|0.0213516|0.0264898|0.0106514|0.0165406|0.0202053|0.0185019|0.00273334|0.00736111|0.024784|0.00690986|0.00375381|0.0329774|0.0149268,0.0412895|0.0123668|0.00826329|0.039085|0.0488449|0.00422712|0.0150697|0.0147381|0.0267303|0.0249887|0.0122774|0.0497329|0.0195613|0.0244379|0.029507|0.0460367,0.966562|0.966881|0.921419|0.928597|0.929454|0.939809|0.931027|0.990084|0.91938|0.953539|0.961831|0.975369|0.957942|0.916555|0.986266|0.991514,0.044073|0.100884|2.12941|3.91297|3.54556|0.576078|0.741623|0.795098|3.57535|1.66924|4.57945|5.46142|1.3314|3.81217|1.60192|1.43787,30.2686|24.4191|13.9548|56.34|66.6304|58.7029|31.5608|18.7034|29.3504|37.0378|23.518|39.0733|83.4704|23.9015|29.3778,0.233793|0.238508|0.240484|0.231665|0.223135|0.171068|0.162794|0.243248|0.241567|0.229194|0.201534|0.204677|0.184369|0.225083|0.163527,0.365721|0.981001|0.503208|0.474189|0.324891|0.195268|0.442657|0.57611|0.992314|0.300005|0.455463|0.610162|0.419692|0.876583|0.849414,0.836712,0.95003,0.0605752,0.0262135,0.963917,0.465123,0.15314,0.474832,0.221241,0.939811,45.7498,4.30327e-11,91817,0.946666,47.3408,5.83316e-12,89819,0.806875,0.804562,0.0308693,0.827622,0.153213,0.478528,0.188721,0.468424,0.0909349,0.884044,30.5298,9.32513e-10,24710,0.952989,52.309,3.28469e-13,20664
11,116,n1->n2->n12->n22->n23->n24->n25->n35->n36->n37->n38->n39->n29->n30->n20->n10,3.81628e+09|3.17307e+11|2.1111e+11|3.67533e+09|6.10326e+09|4.58897e+12|7.02296e+09|7.81812e+12|2.65625e+13|4.70754e+09|2.44316e+12|1.80903e+09|7.35633e+12|1.3379e+10|9.60703e+09|4.53093e+09,3.25333e+09|7.16144e+10|1.05012e+11|2.7041e+09|4.29963e+09|2.50135e+12|7.41925e+08|9.95548e+11|3.06441e+12|2.94368e+09|2.91553e+11|2.42123e+08|9.38828e+11|3.91441e+09|1.01137e+09|9.31081e+08,1.65606e-05|2.94581e-05|1.23997e-05|0.000252666|0.000453384|0.00040566|3.98486e-05|6.26079e-05|6.7152e-05|0.000147089|2.61444e-05|7.80254e-05|1.34914e-05|5.26975e-05|0.000360246|0.000962884,0.000261068|0.0082771|0.00623448|0.000120953|0.00368377|0.00129631|0.00870955|0.00467613|0.00183418|0.000920162|0.00298605|0.00153317|0.00676328|0.00225502|0.00927779|0.00020631,0.0149239|0.023169|0.0180599|0.00578932|0.0307353|0.0106514|0.0189466|0.0202053|0.0185019|0.00273334|0.00736111|0.0226891|0.00690986|0.00375381|0.0329774|0.0149268,0.0412895|0.0464405|0.00826329|0.00482572|0.0361747|0.00422712|0.0120446|0.0147381|0.0267303|0.0249887|0.0122774|0.0323535|0.0195613|0.0244379|0.029507|0.0460367,0.966562|0.91558|0.921419|0.905866|0.970156|0.939809|0.938328|0.990084|0.91938|0.953539|0.961831|0.971819|0.957942|0.916555|0.986266|0.991514,0.044073|1.15275|2.12941|0.371065|5.58772|0.576078|1.89337|0.795098|3.57535|1.66924|4.57945|5.96616|1.3314|3.81217|1.60192|1.43787,79.8117|88.6198|13.2112|55.8812|67.5745|18.2346|88.4205|18.7034|29.3504|37.0378|69.5993|44.1502|83.4704|23.9015|29.3778,0.180405|0.1753|0.23086|0.198716|0.245578|0.206582|0.227841|0.243248|0.241567|0.229194|0.247201|0.198568|0.184369|0.225083|0.163527,0.820707|0.836696|0.959801|0.142489|0.848505|0.438744|0.443533|0.57611|0.992314|0.300005|0.495278|0.621441|0.419692|0.876583|0.849414,0.836712,0.95003,0.0605752,0.0262135,0.963917,0.465123,0.15314,0.474832,0.221241,0.939811,45.7498,4.30327e-11,91817,0.946666,47.3408,5.83316e-12,89819,0.806875,0.804562,0.0308693,0.827622,0.153213,0.478528,0.188721,0.468424,0.0909349,0.884044,30.5298,9.32513e-10,24710,0.952989,52.309,3.28469e-13,20664
11,117,n1->n2->n3->n4->n14->n15->n5->n6->n7->n8->n18->n28->n29->n30->n20->n10,3.81628e+09|3.17307e+11|9.55297e+11|8.2339e+09|2.91479e+13|3.5907e+10|1.37938e+13|4.81192e+11|4.80907e+13|8.1696e+11|1.26146e+12|1.97271e+12|7.35633e+12|1.3379e+10|9.60703e+09|4.53093e+09,3.25333e+09|7.16144e+10|1.77834e+11|1.86231e+09|4.85425e+12|3.62158e+09|1.38001e+12|3.85536e+11|1.83015e+13|1.84853e+11|2.026e+11|5.32754e+11|9.38828e+11|3.91441e+09|1.01137e+09|9.31081e+08,1.65606e-05|2.94581e-05|2.34356e-05|5.62105e-05|0.000173701|0.00098768|0.000116756|0.000284109|0.000167308|0.000187958|0.00077073|3.13497e-05|1.34914e-05|5.26975e-05|0.000360246|0.000962884,0.000261068|0.0082771|0.000154657|0.0010007|0.00786944|0.000302079|0.000330332|0.000503779|0.00108045|0.00124643|0.000223728|0.00494547|0.00676328|0.00225502|0.00927779|0.00020631,0.0149239|0.023169|0.00381353|0.0435318|0.0264898|0.0486551|0.0206384|0.0246782|0.0277248|0.008984|0.00757137|0.024784|0.00690986|0.00375381|0.0329774|0.0149268,0.0412895|0.0464405|0.0376584|0.0417385|0.0488449|0.0326516|0.0210152|0.0194929|0.0333838|0.0367367|0.0158785|0.0497329|0.0195613|0.0244379|0.029507|0.0460367,0.966562|0.91558|0.926805|0.900946|0.929454|0.985874|0.937217|0.978715|0.962228|0.943416|0.954493|0.975369|0.957942|0.916555|0.986266|0.991514,0.044073|1.15275|6.14759|2.57143|3.54556|6.07711|5.60429|1.17871|1.34553|3.46481|4.28182|5.46142|1.3314|3.81217|1.60192|1.43787,79.8117|37.015|10.4739|52.1141|92.5451|35.0583|37.2729|32.9383|55.4093|81.3396|43.2583|39.0733|83.4704|23.9015|29.3778,0.180405|0.162173|0.183499|0.232653|0.193036|0.165289|0.247945|0.235444|0.210203|0.182333|0.24208|0.204677|0.184369|0.225083|0.163527,0.820707|0.488085|0.949324|0.731436|0.838519|0.998548|0.439527|0.299341|0.426554|0.519796|0.374292|0.610162|0.419692|0.876583|0.849414,0.836712,0.95003,0.0605752,0.0262135,0.963917,0.465123,0.15314,0.474832,0.221241,0.939811,45.7498,4.30327e-11,91817,0.946666,47.3408,5.83316e-12,89819,0.806875,0.804562,0.0308693,0.827622,0.153213,0.478528,0.188721,0.468424,0.0909349,0.884044,30.5298,9.32513e-10,24710,0.952989,52.309,3.28469e-13,20664
11,118,n1->n11->n21->n31->n32->n22->n23->n24->n25->n15->n5->n6->n7->n8->n9->n10,3.81628e+09|2.52501e+13|2.14937e+09|3.81124e+09|2.53898e+13|3.67533e+09|6.10326e+09|4.58897e+12|7.02296e+09|3.5907e+10|1.37938e+13|4.81192e+11|4.80907e+13|8.1696e+11|2.30789e+12|4.53093e+09,3.25333e+09|3.47681e+12|6.95475e+08|6.00756e+08|6.33615e+12|2.7041e+09|4.29963e+09|2.50135e+12|7.41925e+08|3.62158e+09|1.38001e+12|3.85536e+11|1.83015e+13|1.84853e+11|1.03773e+12|9.31081e+08,1.65606e-05|0.000333482|3.31663e-05|0.000405301|3.07271e-05|0.000252666|0.000453384|0.00040566|3.98486e-05|0.00098768|0.000116756|0.000284109|0.000167308|0.000187958|0.000314672|0.000962884,0.000261068|0.000106174|0.000798295|0.000295348|0.0011838|0.000120953|0.00368377|0.00129631|0.00870955|0.000302079|0.000330332|0.000503779|0.00108045|0.00124643|0.000259122|0.00020631,0.0149239|0.020331|0.022815|0.0368533|0.0192821|0.00578932|0.0307353|0.0106514|0.0189466|0.0486551|0.0206384|0.0246782|0.0277248|0.008984|0.00551956|0.0149268,0.0412895|0.0123668|0.0159416|0.0136531|0.0395099|0.00482572|0.0361747|0.00422712|0.0120446|0.0326516|0.0210152|0.0194929|0.0333838|0.0367367|0.033459|0.0460367,0.966562|0.966881|0.946201|0.922328|0.994092|0.905866|0.970156|0.939809|0.938328|0.985874|0.937217|0.978715|0.962228|0.943416|0.922419|0.991514,0.044073|0.100884|2.38856|1.87964|3.30856|0.371065|5.58772|0.576078|1.89337|6.07711|5.60429|1.17871|1.34553|3.46481|0.720084|1.43787,30.2686|65.1286|89.2299|63.0993|86.2435|55.8812|67.5745|18.2346|54.7186|35.0583|37.2729|32.9383|55.4093|99.595|65.9961,0.233793|0.246374|0.249364|0.190598|0.187315|0.198716|0.245578|0.206582|0.2102|0.165289|0.247945|0.235444|0.210203|0.184736|0.211961,0.365721|0.670433|0.943299|0.438574|0.852537|0.142489|0.848505|0.438744|0.433332|0.998548|0.439527|0.299341|0.426554|0.509202|0.74,0.836712,0.95003,0.0605752,0.0262135,0.963917,0.465123,0.15314,0.474832,0.221241,0.939811,45.7498,4.30327e-11,91817,0.946666,47.3408,5.83316e-12,89819,0.806875,0.804562,0.0308693,0.827622,0.153213,0.478528,0.188721,0.468424,0.0909349,0.884044,30.5298,9.32513e-10,24710,0.952989,52.309,3.28469e-13,20664
11,119,n1->n11->n21->n22->n32->n33->n23->n24->n14->n4->n5->n6->n7->n8->n9->n10,3.81628e+09|2.52501e+13|2.14937e+09|3.67533e+09|2.53898e+13|1.81445e+11|6.10326e+09|4.58897e+12|2.91479e+13|8.2339e+09|1.37938e+13|4.81192e+11|4.80907e+13|8.1696e+11|2.30789e+12|4.53093e+09,3.25333e+09|3.47681e+12|6.95475e+08|2.7041e+09|6.33615e+12|3.99742e+10|4.29963e+09|2.50135e+12|4.85425e+12|1.86231e+09|1.38001e+12|3.85536e+11|1.83015e+13|1.84853e+11|1.03773e+12|9.31081e+08,1.65606e-05|0.000333482|3.31663e-05|0.000252666|3.07271e-05|0.000884459|0.000453384|0.00040566|0.000173701|5.62105e-05|0.000116756|0.000284109|0.000167308|0.000187958|0.000314672|0.000962884,0.000261068|0.000106174|0.000798295|0.000120953|0.0011838|0.000925905|0.00368377|0.00129631|0.00786944|0.0010007|0.000330332|0.000503779|0.00108045|0.00124643|0.000259122|0.00020631,0.0149239|0.020331|0.022815|0.00578932|0.0192821|0.00889984|0.0307353|0.0106514|0.0264898|0.0435318|0.0206384|0.0246782|0.0277248|0.008984|0.00551956|0.0149268,0.0412895|0.0123668|0.0159416|0.00482572|0.0395099|0.0484608|0.0361747|0.00422712|0.0488449|0.0417385|0.0210152|0.0194929|0.0333838|0.0367367|0.033459|0.0460367,0.966562|0.966881|0.946201|0.905866|0.994092|0.991284|0.970156|0.939809|0.929454|0.900946|0.937217|0.978715|0.962228|0.943416|0.922419|0.991514,0.044073|0.100884|2.38856|0.371065|3.30856|2.73774|5.58772|0.576078|3.54556|2.57143|5.60429|1.17871|1.34553|3.46481|0.720084|1.43787,30.2686|65.1286|34.0839|86.2435|67.4197|76.7594|67.5745|66.6304|52.1141|81.7362|37.2729|32.9383|55.4093|99.595|65.9961,0.233793|0.246374|0.233339|0.187315|0.160716|0.195707|0.245578|0.223135|0.232653|0.213965|0.247945|0.235444|0.210203|0.184736|0.211961,0.365721|0.670433|0.348713|0.852537|0.175903|0.150883|0.848505|0.324891|0.731436|0.340685|0.439527|0.299341|0.426554|0.509202|0.74,0.836712,0.95003,0.0605752,0.0262135,0.963917,0.465123,0.15314,0.474832,0.221241,0.939811,45.7498,4.30327e-11,91817,0.946666,47.3408,5.83316e-12,89819,0.806875,0.804562,0.0308693,0.827622,0.153213,0.478528,0.188721,0.468424,0.0909349,0.884044,30.5298,9.32513e-10,24710,0.952989,52.309,3.28469e-13,20664
11,120,n1->n11->n21->n22->n12->n13->n3->n4->n14->n15->n16->n6->n7->n8->n9->n10,3.81628e+09|2.52501e+13|2.14937e+09|3.67533e+09|2.1111e+11|9.81467e+09|9.55297e+11|8.2339e+09|2.91479e+13|3.5907e+10|6.90472e+11|4.81192e+11|4.80907e+13|8.1696e+11|2.30789e+12|4.53093e+09,3.25333e+09|3.47681e+12|6.95475e+08|2.7041e+09|1.05012e+11|3.1802e+09|1.77834e+11|1.86231e+09|4.85425e+12|3.62158e+09|6.89981e+11|3.85536e+11|1.83015e+13|1.84853e+11|1.03773e+12|9.31081e+08,1.65606e-05|0.000333482|3.31663e-05|0.000252666|1.23997e-05|0.000184444|2.34356e-05|5.62105e-05|0.000173701|0.00098768|0.000342499|0.000284109|0.000167308|0.000187958|0.000314672|0.000962884,0.000261068|0.000106174|0.000798295|0.000120953|0.00623448|0.00073597|0.000154657|0.0010007|0.00786944|0.000302079|0.00111591|0.000503779|0.00108045|0.00124643|0.000259122|0.00020631,0.0149239|0.020331|0.022815|0.00578932|0.0180599|0.0213516|0.00381353|0.0435318|0.0264898|0.0486551|0.0327472|0.0246782|0.0277248|0.008984|0.00551956|0.0149268,0.0412895|0.0123668|0.0159416|0.00482572|0.00826329|0.039085|0.0376584|0.0417385|0.0488449|0.0326516|0.00971357|0.0194929|0.0333838|0.0367367|0.033459|0.0460367,0.966562|0.966881|0.946201|0.905866|0.921419|0.928597|0.926805|0.900946|0.929454|0.985874|0.901048|0.978715|0.962228|0.943416|0.922419|0.991514,0.044073|0.100884|2.38856|0.371065|2.12941|3.91297|6.14759|2.57143|3.54556|6.07711|1.61346|1.17871|1.34553|3.46481|0.720084|1.43787,30.2686|65.1286|34.0839|13.2112|13.9548|83.9106|10.4739|52.1141|92.5451|56.2706|50.0569|32.9383|55.4093|99.595|65.9961,0.233793|0.246374|0.233339|0.23086|0.240484|0.247463|0.183499|0.232653|0.193036|0.224038|0.225307|0.235444|0.210203|0.184736|0.211961,0.365721|0.670433|0.348713|0.959801|0.503208|0.917952|0.949324|0.731436|0.838519|0.441456|0.100621|0.299341|0.426554|0.509202|0.74,0.836712,0.95003,0.0605752,0.0262135,0.963917,0.465123,0.15314,0.474832,0.221241,0.939811,45.7498,4.30327e-11,91817,0.946666,47.3408,5.83316e-12,89819,0.806875,0.804562,0.0308693,0.827622,0.153213,0.478528,0.188721,0.468424,0.0909349,0.884044,30.5298,9.32513e-10,24710,0.952989,52.309,3.28469e-13,20664
11,121,n1->n2->n12->n11->n21->n31->n32->n22->n23->n24->n14->n15->n16->n6->n7->n8->n9->n10,3.81628e+09|3.17307e+11|2.1111e+11|2.52501e+13|2.14937e+09|3.81124e+09|2.53898e+13|3.67533e+09|6.10326e+09|4.58897e+12|2.91479e+13|3.5907e+10|6.90472e+11|4.81192e+11|4.80907e+13|8.1696e+11|2.30789e+12|4.53093e+09,3.25333e+09|7.16144e+10|1.05012e+11|3.47681e+12|6.95475e+08|6.00756e+08|6.33615e+12|2.7041e+09|4.29963e+09|2.50135e+12|4.85425e+12|3.62158e+09|6.89981e+11|3.85536e+11|1.83015e+13|1.84853e+11|1.03773e+12|9.31081e+08,1.65606e-05|2.94581e-05|1.23997e-05|0.000333482|3.31663e-05|0.000405301|3.07271e-05|0.000252666|0.000453384|0.00040566|0.000173701|0.00098768|0.000342499|0.000284109|0.000167308|0.000187958|0.000314672|0.000962884,0.000261068|0.0082771|0.00623448|0.000106174|0.000798295|0.000295348|0.0011838|0.000120953|0.00368377|0.00129631|0.00786944|0.000302079|0.00111591|0.000503779|0.00108045|0.00124643|0.000259122|0.00020631,0.0149239|0.023169|0.0180599|0.020331|0.022815|0.0368533|0.0192821|0.00578932|0.0307353|0.0106514|0.0264898|0.0486551|0.0327472|0.0246782|0.0277248|0.008984|0.00551956|0.0149268,0.0412895|0.0464405|0.00826329|0.0123668|0.0159416|0.0136531|0.0395099|0.00482572|0.0361747|0.00422712|0.0488449|0.0326516|0.00971357|0.0194929|0.0333838|0.0367367|0.033459|0.0460367,0.966562|0.91558|0.921419|0.966881|0.946201|0.922328|0.994092|0.905866|0.970156|0.939809|0.929454|0.985874|0.901048|0.978715|0.962228|0.943416|0.922419|0.991514,0.044073|1.15275|2.12941|0.100884|2.38856|1.87964|3.30856|0.371065|5.58772|0.576078|3.54556|6.07711|1.61346|1.17871|1.34553|3.46481|0.720084|1.43787,79.8117|88.6198|24.4191|65.1286|89.2299|63.0993|86.2435|55.8812|67.5745|66.6304|92.5451|56.2706|50.0569|32.9383|55.4093|99.595|65.9961,0.180405|0.1753|0.238508|0.246374|0.249364|0.190598|0.187315|0.198716|0.245578|0.223135|0.193036|0.224038|0.225307|0.235444|0.210203|0.184736|0.211961,0.820707|0.836696|0.981001|0.670433|0.943299|0.438574|0.852537|0.142489|0.848505|0.324891|0.838519|0.441456|0.100621|0.299341|0.426554|0.509202|0.74,0.836712,0.95003,0.0605752,0.0262135,0.963917,0.465123,0.15314,0.474832,0.221241,0.939811,45.7498,4.30327e-11,91817,0.946666,47.3408,5.83316e-12,89819,0.806875,0.804562,0.0308693,0.827622,0.153213,0.478528,0.188721,0.468424,0.0909349,0.884044,30.5298,9.32513e-10,24710,0.952989,52.309,3.28469e-13,20664
11,122,n1->n2->n3->n4->n5->n6->n16->n17->n7->n8->n9->n19->n18->n28->n29->n30->n20->n10,3.81628e+09|3.17307e+11|9.55297e+11|8.2339e+09|1.37938e+13|4.81192e+11|6.90472e+11|1.49573e+11|4.80907e+13|8.1696e+11|2.30789e+12|1.16537e+09|1.26146e+12|1.97271e+12|7.35633e+12|1.3379e+10|9.60703e+09|4.53093e+09,3.25333e+09|7.16144e+10|1.77834e+11|1.86231e+09|1.38001e+12|3.85536e+11|6.89981e+11|2.52876e+10|1.83015e+13|1.84853e+11|1.03773e+12|6.99014e+08|2.026e+11|5.32754e+11|9.38828e+11|3.91441e+09|1.01137e+09|9.31081e+08,1.65606e-05|2.94581e-05|2.34356e-05|5.62105e-05|0.000116756|0.000284109|0.000342499|0.000106677|0.000167308|0.000187958|0.000314672|2.23892e-05|0.00077073|3.13497e-05|1.34914e-05|5.26975e-05|0.000360246|0.000962884,0.000261068|0.0082771|0.000154657|0.0010007|0.000330332|0.000503779|0.00111591|0.00206961|0.00108045|0.00124643|0.000259122|0.000391715|0.000223728|0.00494547|0.00676328|0.00225502|0.00927779|0.00020631,0.0149239|0.023169|0.00381353|0.0435318|0.0206384|0.0246782|0.0327472|0.0327897|0.0277248|0.008984|0.00551956|0.0161043|0.00757137|0.024784|0.00690986|0.00375381|0.0329774|0.0149268,0.0412895|0.0464405|0.0376584|0.0417385|0.0210152|0.0194929|0.00971357|0.0446882|0.0333838|0.0367367|0.033459|0.0166223|0.0158785|0.0497329|0.0195613|0.0244379|0.029507|0.0460367,0.966562|0.91558|0.926805|0.900946|0.937217|0.978715|0.901048|0.9918|0.962228|0.943416|0.922419|0.972235|0.954493|0.975369|0.957942|0.916555|0.986266|0.991514,0.044073|1.15275|6.14759|2.57143|5.60429|1.17871|1.61346|5.5964|1.34553|3.46481|0.720084|0.257261|4.28182|5.46142|1.3314|3.81217|1.60192|1.43787,79.8117|37.015|10.4739|81.7362|37.2729|50.0569|32.2763|59.8148|55.4093|99.595|99.0064|28.0546|43.2583|39.0733|83.4704|23.9015|29.3778,0.180405|0.162173|0.183499|0.213965|0.247945|0.225307|0.206947|0.19432|0.210203|0.184736|0.220943|0.21248|0.24208|0.204677|0.184369|0.225083|0.163527,0.820707|0.488085|0.949324|0.340685|0.439527|0.100621|0.756824|0.320068|0.426554|0.509202|0.31779|0.717834|0.374292|0.610162|0.419692|0.876583|0.849414,0.836712,0.95003,0.0605752,0.0262135,0.963917,0.465123,0.15314,0.474832,0.221241,0.939811,45.7498,4.30327e-11,91817,0.946666,47.3408,5.83316e-12,89819,0.806875,0.804562,0.0308693,0.827622,0.153213,0.478528,0.188721,0.468424,0.0909349,0.884044,30.5298,9.32513e-10,24710,0.952989,52.309,3.28469e-13,20664
11,123,n1->n11->n12->n2->n3->n4->n14->n13->n23->n24->n25->n26->n16->n6->n7->n8->n9->n10,3.81628e+09|2.52501e+13|2.1111e+11|3.17307e+11|9.55297e+11|8.2339e+09|2.91479e+13|9.81467e+09|6.10326e+09|4.58897e+12|7.02296e+09|2.34091e+12|6.90472e+11|4.81192e+11|4.80907e+13|8.1696e+11|2.30789e+12|4.53093e+09,3.25333e+09|3.47681e+12|1.05012e+11|7.16144e+10|1.77834e+11|1.86231e+09|4.85425e+12|3.1802e+09|4.29963e+09|2.50135e+12|7.41925e+08|1.00891e+12|6.89981e+11|3.85536e+11|1.83015e+13|1.84853e+11|1.03773e+12|9.31081e+08,1.65606e-05|0.000333482|1.23997e-05|2.94581e-05|2.34356e-05|5.62105e-05|0.000173701|0.000184444|0.000453384|0.00040566|3.98486e-05|1.13419e-05|0.000342499|0.000284109|0.000167308|0.000187958|0.000314672|0.000962884,0.000261068|0.000106174|0.00623448|0.0082771|0.000154657|0.0010007|0.00786944|0.00073597|0.00368377|0.00129631|0.00870955|0.00105353|0.00111591|0.000503779|0.00108045|0.00124643|0.000259122|0.00020631,0.0149239|0.020331|0.0180599|0.023169|0.00381353|0.0435318|0.0264898|0.0213516|0.0307353|0.0106514|0.0189466|0.00180998|0.0327472|0.0246782|0.0277248|0.008984|0.00551956|0.0149268,0.0412895|0.0123668|0.00826329|0.0464405|0.0376584|0.0417385|0.0488449|0.039085|0.0361747|0.00422712|0.0120446|0.0338682|0.00971357|0.0194929|0.0333838|0.0367367|0.033459|0.0460367,0.966562|0.966881|0.921419|0.91558|0.926805|0.900946|0.929454|0.928597|0.970156|0.939809|0.938328|0.988902|0.901048|0.978715|0.962228|0.943416|0.922419|0.991514,0.044073|0.100884|2.12941|1.15275|6.14759|2.57143|3.54556|3.91297|5.58772|0.576078|1.89337|5.70191|1.61346|1.17871|1.34553|3.46481|0.720084|1.43787,30.2686|24.4191|88.6198|37.015|10.4739|52.1141|56.34|51.9585|67.5745|18.2346|55.6995|11.0615|50.0569|32.9383|55.4093|99.595|65.9961,0.233793|0.238508|0.1753|0.162173|0.183499|0.232653|0.231665|0.193998|0.245578|0.206582|0.173773|0.225802|0.225307|0.235444|0.210203|0.184736|0.211961,0.365721|0.981001|0.836696|0.488085|0.949324|0.731436|0.474189|0.362388|0.848505|0.438744|0.285241|0.777864|0.100621|0.299341|0.426554|0.509202|0.74,0.836712,0.95003,0.0605752,0.0262135,0.963917,0.465123,0.15314,0.474832,0.221241,0.939811,45.7498,4.30327e-11,91817,0.946666,47.3408,5.83316e-12,89819,0.806875,0.804562,0.0308693,0.827622,0.153213,0.478528,0.188721,0.468424,0.0909349,0.884044,30.5298,9.32513e-10,24710,0.952989,52.309,3.28469e-13,20664
11,124,n1->n2->n3->n13->n14->n15->n5->n6->n7->n17->n27->n37->n38->n39->n40->n30->n20->n10,3.81628e+09|3.17307e+11|9.55297e+11|9.81467e+09|2.91479e+13|3.5907e+10|1.37938e+13|4.81192e+11|4.80907e+13|1.49573e+11|1.06797e+10|4.70754e+09|2.44316e+12|1.80903e+09|5.6157e+10|1.3379e+10|9.60703e+09|4.53093e+09,3.25333e+09|7.16144e+10|1.77834e+11|3.1802e+09|4.85425e+12|3.62158e+09|1.38001e+12|3.85536e+11|1.83015e+13|2.52876e+10|5.90481e+09|2.94368e+09|2.91553e+11|2.42123e+08|8.17539e+09|3.91441e+09|1.01137e+09|9.31081e+08,1.65606e-05|2.94581e-05|2.34356e-05|0.000184444|0.000173701|0.00098768|0.000116756|0.000284109|0.000167308|0.000106677|0.000385595|0.000147089|2.61444e-05|7.80254e-05|3.37418e-05|5.26975e-05|0.000360246|0.000962884,0.000261068|0.0082771|0.000154657|0.00073597|0.00786944|0.000302079|0.000330332|0.000503779|0.00108045|0.00206961|0.0053547|0.000920162|0.00298605|0.00153317|0.000197847|0.00225502|0.00927779|0.00020631,0.0149239|0.023169|0.00381353|0.0213516|0.0264898|0.0486551|0.0206384|0.0246782|0.0277248|0.0327897|0.0129799|0.00273334|0.00736111|0.0226891|0.0197123|0.00375381|0.0329774|0.0149268,0.0412895|0.0464405|0.0376584|0.039085|0.0488449|0.0326516|0.0210152|0.0194929|0.0333838|0.0446882|0.0225417|0.0249887|0.0122774|0.0323535|0.0436284|0.0244379|0.029507|0.0460367,0.966562|0.91558|0.926805|0.928597|0.929454|0.985874|0.937217|0.978715|0.962228|0.9918|0.921043|0.953539|0.961831|0.971819|0.932971|0.916555|0.986266|0.991514,0.044073|1.15275|6.14759|3.91297|3.54556|6.07711|5.60429|1.17871|1.34553|5.5964|0.152741|1.66924|4.57945|5.96616|0.935081|3.81217|1.60192|1.43787,79.8117|37.015|83.9106|56.34|92.5451|35.0583|37.2729|32.9383|59.8148|72.2829|44.8869|37.0378|69.5993|86.0567|98.0873|23.9015|29.3778,0.180405|0.162173|0.247463|0.231665|0.193036|0.165289|0.247945|0.235444|0.19432|0.181484|0.224736|0.229194|0.247201|0.19629|0.204989|0.225083|0.163527,0.820707|0.488085|0.917952|0.474189|0.838519|0.998548|0.439527|0.299341|0.320068|0.529686|0.721224|0.300005|0.495278|0.156717|0.197154|0.876583|0.849414,0.836712,0.95003,0.0605752,0.0262135,0.963917,0.465123,0.15314,0.474832,0.221241,0.939811,45.7498,4.30327e-11,91817,0.946666,47.3408,5.83316e-12,89819,0.806875,0.804562,0.0308693,0.827622,0.153213,0.478528,0.188721,0.468424,0.0909349,0.884044,30.5298,9.32513e-10,24710,0.952989,52.309,3.28469e-13,20664
11,125,n1->n11->n12->n13->n14->n24->n34->n35->n36->n37->n38->n39->n49->n50->n40->n30->n20->n10,3.81628e+09|2.52501e+13|2.1111e+11|9.81467e+09|2.91479e+13|4.58897e+12|5.50719e+10|7.81812e+12|2.65625e+13|4.70754e+09|2.44316e+12|1.80903e+09|2.01187e+09|1.2951e+09|5.6157e+10|1.3379e+10|9.60703e+09|4.53093e+09,3.25333e+09|3.47681e+12|1.05012e+11|3.1802e+09|4.85425e+12|2.50135e+12|2.63856e+10|9.95548e+11|3.06441e+12|2.94368e+09|2.91553e+11|2.42123e+08|1.86798e+09|1.51594e+08|8.17539e+09|3.91441e+09|1.01137e+09|9.31081e+08,1.65606e-05|0.000333482|1.23997e-05|0.000184444|0.000173701|0.00040566|0.000454829|6.26079e-05|6.7152e-05|0.000147089|2.61444e-05|7.80254e-05|0.000715535|0.000387288|3.37418e-05|5.26975e-05|0.000360246|0.000962884,0.000261068|0.000106174|0.00623448|0.00073597|0.00786944|0.00129631|0.000993263|0.00467613|0.00183418|0.000920162|0.00298605|0.00153317|0.000172535|0.000566096|0.000197847|0.00225502|0.00927779|0.00020631,0.0149239|0.020331|0.0180599|0.0213516|0.0264898|0.0106514|0.0165406|0.0202053|0.0185019|0.00273334|0.00736111|0.0226891|0.0264762|0.0334216|0.0197123|0.00375381|0.0329774|0.0149268,0.0412895|0.0123668|0.00826329|0.039085|0.0488449|0.00422712|0.0150697|0.0147381|0.0267303|0.0249887|0.0122774|0.0323535|0.0496426|0.0369591|0.0436284|0.0244379|0.029507|0.0460367,0.966562|0.966881|0.921419|0.928597|0.929454|0.939809|0.931027|0.990084|0.91938|0.953539|0.961831|0.971819|0.980999|0.940107|0.932971|0.916555|0.986266|0.991514,0.044073|0.100884|2.12941|3.91297|3.54556|0.576078|0.741623|0.795098|3.57535|1.66924|4.57945|5.96616|4.49332|0.900894|0.935081|3.81217|1.60192|1.43787,30.2686|24.4191|13.9548|56.34|66.6304|58.7029|31.5608|18.7034|29.3504|37.0378|69.5993|95.0453|38.9947|91.3525|98.0873|23.9015|29.3778,0.233793|0.238508|0.240484|0.231665|0.223135|0.171068|0.162794|0.243248|0.241567|0.229194|0.247201|0.237273|0.241866|0.221517|0.204989|0.225083|0.163527,0.365721|0.981001|0.503208|0.474189|0.324891|0.195268|0.442657|0.57611|0.992314|0.300005|0.495278|0.121001|0.145806|0.3459|0.197154|0.876583|0.849414,0.836712,0.95003,0.0605752,0.0262135,0.963917,0.465123,0.15314,0.474832,0.221241,0.939811,45.7498,4.30327e-11,91817,0.946666,47.3408,5.83316e-12,89819,0.806875,0.804562,0.0308693,0.827622,0.153213,0.478528,0.188721,0.468424,0.0909349,0.884044,30.5298,9.32513e-10,24710,0.952989,52.309,3.28469e-13,20664
11,126,n1->n2->n3->n4->n5->n6->n16->n15->n25->n35->n36->n26->n27->n28->n18->n19->n9->n10,3.81628e+09|3.17307e+11|9.55297e+11|8.2339e+09|1.37938e+13|4.81192e+11|6.90472e+11|3.5907e+10|7.02296e+09|7.81812e+12|2.65625e+13|2.34091e+12|1.06797e+10|1.97271e+12|1.26146e+12|1.16537e+09|2.30789e+12|4.53093e+09,3.25333e+09|7.16144e+10|1.77834e+11|1.86231e+09|1.38001e+12|3.85536e+11|6.89981e+11|3.62158e+09|7.41925e+08|9.95548e+11|3.06441e+12|1.00891e+12|5.90481e+09|5.32754e+11|2.026e+11|6.99014e+08|1.03773e+12|9.31081e+08,1.65606e-05|2.94581e-05|2.34356e-05|5.62105e-05|0.000116756|0.000284109|0.000342499|0.00098768|3.98486e-05|6.26079e-05|6.7152e-05|1.13419e-05|0.000385595|3.13497e-05|0.00077073|2.23892e-05|0.000314672|0.000962884,0.000261068|0.0082771|0.000154657|0.0010007|0.000330332|0.000503779|0.00111591|0.000302079|0.00870955|0.00467613|0.00183418|0.00105353|0.0053547|0.00494547|0.000223728|0.000391715|0.000259122|0.00020631,0.0149239|0.023169|0.00381353|0.0435318|0.0206384|0.0246782|0.0327472|0.0486551|0.0189466|0.0202053|0.0185019|0.00180998|0.0129799|0.024784|0.00757137|0.0161043|0.00551956|0.0149268,0.0412895|0.0464405|0.0376584|0.0417385|0.0210152|0.0194929|0.00971357|0.0326516|0.0120446|0.0147381|0.0267303|0.0338682|0.0225417|0.0497329|0.0158785|0.0166223|0.033459|0.0460367,0.966562|0.91558|0.926805|0.900946|0.937217|0.978715|0.901048|0.985874|0.938328|0.990084|0.91938|0.988902|0.921043|0.975369|0.954493|0.972235|0.922419|0.991514,0.044073|1.15275|6.14759|2.57143|5.60429|1.17871|1.61346|6.07711|1.89337|0.795098|3.57535|5.70191|0.152741|5.46142|4.28182|0.257261|0.720084|1.43787,79.8117|37.015|10.4739|81.7362|37.2729|50.0569|56.2706|54.7186|88.4205|18.7034|63.8366|42.5138|15.3326|43.2583|28.0546|99.0064|65.9961,0.180405|0.162173|0.183499|0.213965|0.247945|0.225307|0.224038|0.2102|0.227841|0.243248|0.246412|0.199324|0.218114|0.24208|0.21248|0.220943|0.211961,0.820707|0.488085|0.949324|0.340685|0.439527|0.100621|0.441456|0.433332|0.443533|0.57611|0.780822|0.638543|0.769449|0.374292|0.717834|0.31779|0.74,0.836712,0.95003,0.0605752,0.0262135,0.963917,0.465123,0.15314,0.474832,0.221241,0.939811,45.7498,4.30327e-11,91817,0.946666,47.3408,5.83316e-12,89819,0.806875,0.804562,0.0308693,0.827622,0.153213,0.478528,0.188721,0.468424,0.0909349,0.884044,30.5298,9.32513e-10,24710,0.952989,52.309,3.28469e-13,20664
11,127,n1->n11->n21->n31->n32->n33->n43->n44->n45->n46->n36->n26->n27->n28->n29->n30->n20->n10,3.81628e+09|2.52501e+13|2.14937e+09|3.81124e+09|2.53898e+13|1.81445e+11|4.33813e+09|5.66062e+12|1.12054e+12|1.06921e+12|2.65625e+13|2.34091e+12|1.06797e+10|1.97271e+12|7.35633e+12|1.3379e+10|9.60703e+09|4.53093e+09,3.25333e+09|3.47681e+12|6.95475e+08|6.00756e+08|6.33615e+12|3.99742e+10|1.9995e+09|1.83286e+12|7.67422e+11|4.22679e+11|3.06441e+12|1.00891e+12|5.90481e+09|5.32754e+11|9.38828e+11|3.91441e+09|1.01137e+09|9.31081e+08,1.65606e-05|0.000333482|3.31663e-05|0.000405301|3.07271e-05|0.000884459|1.85445e-05|2.52322e-05|0.000121008|0.000372398|6.7152e-05|1.13419e-05|0.000385595|3.13497e-05|1.34914e-05|5.26975e-05|0.000360246|0.000962884,0.000261068|0.000106174|0.000798295|0.000295348|0.0011838|0.000925905|0.00366402|0.00502131|0.00028017|0.000141013|0.00183418|0.00105353|0.0053547|0.00494547|0.00676328|0.00225502|0.00927779|0.00020631,0.0149239|0.020331|0.022815|0.0368533|0.0192821|0.00889984|0.0135877|0.0170077|0.0130833|0.0101456|0.0185019|0.00180998|0.0129799|0.024784|0.00690986|0.00375381|0.0329774|0.0149268,0.0412895|0.0123668|0.0159416|0.0136531|0.0395099|0.0484608|0.0409257|0.00513884|0.00504203|0.0454781|0.0267303|0.0338682|0.0225417|0.0497329|0.0195613|0.0244379|0.029507|0.0460367,0.966562|0.966881|0.946201|0.922328|0.994092|0.991284|0.935008|0.93952|0.969913|0.954362|0.91938|0.988902|0.921043|0.975369|0.957942|0.916555|0.986266|0.991514,0.044073|0.100884|2.38856|1.87964|3.30856|2.73774|2.31751|3.60631|0.66565|2.87575|3.57535|5.70191|0.152741|5.46142|1.3314|3.81217|1.60192|1.43787,30.2686|65.1286|89.2299|63.0993|67.4197|49.6282|59.7094|89.5651|61.2725|70.4589|63.8366|42.5138|15.3326|39.0733|83.4704|23.9015|29.3778,0.233793|0.246374|0.249364|0.190598|0.160716|0.244009|0.241155|0.236274|0.213753|0.237671|0.246412|0.199324|0.218114|0.204677|0.184369|0.225083|0.163527,0.365721|0.670433|0.943299|0.438574|0.175903|0.690022|0.361209|0.612874|0.977027|0.388609|0.780822|0.638543|0.769449|0.610162|0.419692|0.876583|0.849414,0.836712,0.95003,0.0605752,0.0262135,0.963917,0.465123,0.15314,0.474832,0.221241,0.939811,45.7498,4.30327e-11,91817,0.946666,47.3408,5.83316e-12,89819,0.806875,0.804562,0.0308693,0.827622,0.153213,0.478528,0.188721,0.468424,0.0909349,0.884044,30.5298,9.32513e-10,24710,0.952989,52.309,3.28469e-13,20664
11,128,n1->n11->n21->n31->n32->n22->n23->n13->n12->n2->n3->n4->n5->n6->n7->n8->n9->n10,3.81628e+09|2.52501e+13|2.14937e+09|3.81124e+09|2.53898e+13|3.67533e+09|6.10326e+09|9.81467e+09|2.1111e+11|3.17307e+11|9.55297e+11|8.2339e+09|1.37938e+13|4.81192e+11|4.80907e+13|8.1696e+11|2.30789e+12|4.53093e+09,3.25333e+09|3.47681e+12|6.95475e+08|6.00756e+08|6.33615e+12|2.7041e+09|4.29963e+09|3.1802e+09|1.05012e+11|7.16144e+10|1.77834e+11|1.86231e+09|1.38001e+12|3.85536e+11|1.83015e+13|1.84853e+11|1.03773e+12|9.31081e+08,1.65606e-05|0.000333482|3.31663e-05|0.000405301|3.07271e-05|0.000252666|0.000453384|0.000184444|1.23997e-05|2.94581e-05|2.34356e-05|5.62105e-05|0.000116756|0.000284109|0.000167308|0.000187958|0.000314672|0.000962884,0.000261068|0.000106174|0.000798295|0.000295348|0.0011838|0.000120953|0.00368377|0.00073597|0.00623448|0.0082771|0.000154657|0.0010007|0.000330332|0.000503779|0.00108045|0.00124643|0.000259122|0.00020631,0.0149239|0.020331|0.022815|0.0368533|0.0192821|0.00578932|0.0307353|0.0213516|0.0180599|0.023169|0.00381353|0.0435318|0.0206384|0.0246782|0.0277248|0.008984|0.00551956|0.0149268,0.0412895|0.0123668|0.0159416|0.0136531|0.0395099|0.00482572|0.0361747|0.039085|0.00826329|0.0464405|0.0376584|0.0417385|0.0210152|0.0194929|0.0333838|0.0367367|0.033459|0.0460367,0.966562|0.966881|0.946201|0.922328|0.994092|0.905866|0.970156|0.928597|0.921419|0.91558|0.926805|0.900946|0.937217|0.978715|0.962228|0.943416|0.922419|0.991514,0.044073|0.100884|2.38856|1.87964|3.30856|0.371065|5.58772|3.91297|2.12941|1.15275|6.14759|2.57143|5.60429|1.17871|1.34553|3.46481|0.720084|1.43787,30.2686|65.1286|89.2299|63.0993|86.2435|55.8812|51.9585|13.9548|88.6198|37.015|10.4739|81.7362|37.2729|32.9383|55.4093|99.595|65.9961,0.233793|0.246374|0.249364|0.190598|0.187315|0.198716|0.193998|0.240484|0.1753|0.162173|0.183499|0.213965|0.247945|0.235444|0.210203|0.184736|0.211961,0.365721|0.670433|0.943299|0.438574|0.852537|0.142489|0.362388|0.503208|0.836696|0.488085|0.949324|0.340685|0.439527|0.299341|0.426554|0.509202|0.74,0.836712,0.95003,0.0605752,0.0262135,0.963917,0.465123,0.15314,0.474832,0.221241,0.939811,45.7498,4.30327e-11,91817,0.946666,47.3408,5.83316e-12,89819,0.806875,0.804562,0.0308693,0.827622,0.153213,0.478528,0.188721,0.468424,0.0909349,0.884044,30.5298,9.32513e-10,24710,0.952989,52.309,3.28469e-13,20664
11,129,n1->n11->n21->n31->n32->n42->n43->n33->n23->n24->n25->n15->n5->n6->n7->n8->n9->n10,3.81628e+09|2.52501e+13|2.14937e+09|3.81124e+09|2.53898e+13|2.04944e+10|4.33813e+09|1.81445e+11|6.10326e+09|4.58897e+12|7.02296e+09|3.5907e+10|1.37938e+13|4.81192e+11|4.80907e+13|8.1696e+11|2.30789e+12|4.53093e+09,3.25333e+09|3.47681e+12|6.95475e+08|6.00756e+08|6.33615e+12|5.46706e+09|1.9995e+09|3.99742e+10|4.29963e+09|2.50135e+12|7.41925e+08|3.62158e+09|1.38001e+12|3.85536e+11|1.83015e+13|1.84853e+11|1.03773e+12|9.31081e+08,1.65606e-05|0.000333482|3.31663e-05|0.000405301|3.07271e-05|1.55089e-05|1.85445e-05|0.000884459|0.000453384|0.00040566|3.98486e-05|0.00098768|0.000116756|0.000284109|0.000167308|0.000187958|0.000314672|0.000962884,0.000261068|0.000106174|0.000798295|0.000295348|0.0011838|0.00259366|0.00366402|0.000925905|0.00368377|0.00129631|0.00870955|0.000302079|0.000330332|0.000503779|0.00108045|0.00124643|0.000259122|0.00020631,0.0149239|0.020331|0.022815|0.0368533|0.0192821|0.0414597|0.0135877|0.00889984|0.0307353|0.0106514|0.0189466|0.0486551|0.0206384|0.0246782|0.0277248|0.008984|0.00551956|0.0149268,0.0412895|0.0123668|0.0159416|0.0136531|0.0395099|0.01537|0.0409257|0.0484608|0.0361747|0.00422712|0.0120446|0.0326516|0.0210152|0.0194929|0.0333838|0.0367367|0.033459|0.0460367,0.966562|0.966881|0.946201|0.922328|0.994092|0.953815|0.935008|0.991284|0.970156|0.939809|0.938328|0.985874|0.937217|0.978715|0.962228|0.943416|0.922419|0.991514,0.044073|0.100884|2.38856|1.87964|3.30856|1.45863|2.31751|2.73774|5.58772|0.576078|1.89337|6.07711|5.60429|1.17871|1.34553|3.46481|0.720084|1.43787,30.2686|65.1286|89.2299|63.0993|70.8805|27.3217|49.6282|76.7594|67.5745|18.2346|54.7186|35.0583|37.2729|32.9383|55.4093|99.595|65.9961,0.233793|0.246374|0.249364|0.190598|0.20473|0.21768|0.244009|0.195707|0.245578|0.206582|0.2102|0.165289|0.247945|0.235444|0.210203|0.184736|0.211961,0.365721|0.670433|0.943299|0.438574|0.269646|0.946258|0.690022|0.150883|0.848505|0.438744|0.433332|0.998548|0.439527|0.299341|0.426554|0.509202|0.74,0.836712,0.95003,0.0605752,0.0262135,0.963917,0.465123,0.15314,0.474832,0.221241,0.939811,45.7498,4.30327e-11,91817,0.946666,47.3408,5.83316e-12,89819,0.806875,0.804562,0.0308693,0.827622,0.153213,0.478528,0.188721,0.468424,0.0909349,0.884044,30.5298,9.32513e-10,24710,0.952989,52.309,3.28469e-13,20664
11,130,n1->n11->n21->n22->n32->n42->n43->n44->n34->n35->n36->n37->n38->n28->n18->n8->n9->n10,3.81628e+09|2.52501e+13|2.14937e+09|3.67533e+09|2.53898e+13|2.04944e+10|4.33813e+09|5.66062e+12|5.50719e+10|7.81812e+12|2.65625e+13|4.70754e+09|2.44316e+12|1.97271e+12|1.26146e+12|8.1696e+11|2.30789e+12|4.53093e+09,3.25333e+09|3.47681e+12|6.95475e+08|2.7041e+09|6.33615e+12|5.46706e+09|1.9995e+09|1.83286e+12|2.63856e+10|9.95548e+11|3.06441e+12|2.94368e+09|2.91553e+11|5.32754e+11|2.026e+11|1.84853e+11|1.03773e+12|9.31081e+08,1.65606e-05|0.000333482|3.31663e-05|0.000252666|3.07271e-05|1.55089e-05|1.85445e-05|2.52322e-05|0.000454829|6.26079e-05|6.7152e-05|0.000147089|2.61444e-05|3.13497e-05|0.00077073|0.000187958|0.000314672|0.000962884,0.000261068|0.000106174|0.000798295|0.000120953|0.0011838|0.00259366|0.00366402|0.00502131|0.000993263|0.00467613|0.00183418|0.000920162|0.00298605|0.00494547|0.000223728|0.00124643|0.000259122|0.00020631,0.0149239|0.020331|0.022815|0.00578932|0.0192821|0.0414597|0.0135877|0.0170077|0.0165406|0.0202053|0.0185019|0.00273334|0.00736111|0.024784|0.00757137|0.008984|0.00551956|0.0149268,0.0412895|0.0123668|0.0159416|0.00482572|0.0395099|0.01537|0.0409257|0.00513884|0.0150697|0.0147381|0.0267303|0.0249887|0.0122774|0.0497329|0.0158785|0.0367367|0.033459|0.0460367,0.966562|0.966881|0.946201|0.905866|0.994092|0.953815|0.935008|0.93952|0.931027|0.990084|0.91938|0.953539|0.961831|0.975369|0.954493|0.943416|0.922419|0.991514,0.044073|0.100884|2.38856|0.371065|3.30856|1.45863|2.31751|3.60631|0.741623|0.795098|3.57535|1.66924|4.57945|5.46142|4.28182|3.46481|0.720084|1.43787,30.2686|65.1286|34.0839|86.2435|70.8805|27.3217|59.7094|46.2248|31.5608|18.7034|29.3504|37.0378|23.518|43.2583|81.3396|99.595|65.9961,0.233793|0.246374|0.233339|0.187315|0.20473|0.21768|0.241155|0.231411|0.162794|0.243248|0.241567|0.229194|0.201534|0.24208|0.182333|0.184736|0.211961,0.365721|0.670433|0.348713|0.852537|0.269646|0.946258|0.361209|0.334506|0.442657|0.57611|0.992314|0.300005|0.455463|0.374292|0.519796|0.509202|0.74,0.836712,0.95003,0.0605752,0.0262135,0.963917,0.465123,0.15314,0.474832,0.221241,0.939811,45.7498,4.30327e-11,91817,0.946666,47.3408,5.83316e-12,89819,0.806875,0.804562,0.0308693,0.827622,0.153213,0.478528,0.188721,0.468424,0.0909349,0.884044,30.5298,9.32513e-10,24710,0.952989,52.309,3.28469e-13,20664
11,131,n1->n11->n21->n31->n32->n42->n43->n44->n34->n24->n25->n15->n16->n6->n7->n8->n9->n10,3.81628e+09|2.52501e+13|2.14937e+09|3.81124e+09|2.53898e+13|2.04944e+10|4.33813e+09|5.66062e+12|5.50719e+10|4.58897e+12|7.02296e+09|3.5907e+10|6.90472e+11|4.81192e+11|4.80907e+13|8.1696e+11|2.30789e+12|4.53093e+09,3.25333e+09|3.47681e+12|6.95475e+08|6.00756e+08|6.33615e+12|5.46706e+09|1.9995e+09|1.83286e+12|2.63856e+10|2.50135e+12|7.41925e+08|3.62158e+09|6.89981e+11|3.85536e+11|1.83015e+13|1.84853e+11|1.03773e+12|9.31081e+08,1.65606e-05|0.000333482|3.31663e-05|0.000405301|3.07271e-05|1.55089e-05|1.85445e-05|2.52322e-05|0.000454829|0.00040566|3.98486e-05|0.00098768|0.000342499|0.000284109|0.000167308|0.000187958|0.000314672|0.000962884,0.000261068|0.000106174|0.000798295|0.000295348|0.0011838|0.00259366|0.00366402|0.00502131|0.000993263|0.00129631|0.00870955|0.000302079|0.00111591|0.000503779|0.00108045|0.00124643|0.000259122|0.00020631,0.0149239|0.020331|0.022815|0.0368533|0.0192821|0.0414597|0.0135877|0.0170077|0.0165406|0.0106514|0.0189466|0.0486551|0.0327472|0.0246782|0.0277248|0.008984|0.00551956|0.0149268,0.0412895|0.0123668|0.0159416|0.0136531|0.0395099|0.01537|0.0409257|0.00513884|0.0150697|0.00422712|0.0120446|0.0326516|0.00971357|0.0194929|0.0333838|0.0367367|0.033459|0.0460367,0.966562|0.966881|0.946201|0.922328|0.994092|0.953815|0.935008|0.93952|0.931027|0.939809|0.938328|0.985874|0.901048|0.978715|0.962228|0.943416|0.922419|0.991514,0.044073|0.100884|2.38856|1.87964|3.30856|1.45863|2.31751|3.60631|0.741623|0.576078|1.89337|6.07711|1.61346|1.17871|1.34553|3.46481|0.720084|1.43787,30.2686|65.1286|89.2299|63.0993|70.8805|27.3217|59.7094|46.2248|58.7029|18.2346|54.7186|56.2706|50.0569|32.9383|55.4093|99.595|65.9961,0.233793|0.246374|0.249364|0.190598|0.20473|0.21768|0.241155|0.231411|0.171068|0.206582|0.2102|0.224038|0.225307|0.235444|0.210203|0.184736|0.211961,0.365721|0.670433|0.943299|0.438574|0.269646|0.946258|0.361209|0.334506|0.195268|0.438744|0.433332|0.441456|0.100621|0.299341|0.426554|0.509202|0.74,0.836712,0.95003,0.0605752,0.0262135,0.963917,0.465123,0.15314,0.474832,0.221241,0.939811,45.7498,4.30327e-11,91817,0.946666,47.3408,5.83316e-12,89819,0.806875,0.804562,0.0308693,0.827622,0.153213,0.478528,0.188721,0.468424,0.0909349,0.884044,30.5298,9.32513e-10,24710,0.952989,52.309,3.28469e-13,20664
11,132,n1->n2->n12->n11->n21->n22->n23->n24->n25->n15->n14->n4->n5->n6->n7->n8->n9->n10,3.81628e+09|3.17307e+11|2.1111e+11|2.52501e+13|2.14937e+09|3.67533e+09|6.10326e+09|4.58897e+12|7.02296e+09|3.5907e+10|2.91479e+13|8.2339e+09|1.37938e+13|4.81192e+11|4.80907e+13|8.1696e+11|2.30789e+12|4.53093e+09,3.25333e+09|7.16144e+10|1.05012e+11|3.47681e+12|6.95475e+08|2.7041e+09|4.29963e+09|2.50135e+12|7.41925e+08|3.62158e+09|4.85425e+12|1.86231e+09|1.38001e+12|3.85536e+11|1.83015e+13|1.84853e+11|1.03773e+12|9.31081e+08,1.65606e-05|2.94581e-05|1.23997e-05|0.000333482|3.31663e-05|0.000252666|0.000453384|0.00040566|3.98486e-05|0.00098768|0.000173701|5.62105e-05|0.000116756|0.000284109|0.000167308|0.000187958|0.000314672|0.000962884,0.000261068|0.0082771|0.00623448|0.000106174|0.000798295|0.000120953|0.00368377|0.00129631|0.00870955|0.000302079|0.00786944|0.0010007|0.000330332|0.000503779|0.00108045|0.00124643|0.000259122|0.00020631,0.0149239|0.023169|0.0180599|0.020331|0.022815|0.00578932|0.0307353|0.0106514|0.0189466|0.0486551|0.0264898|0.0435318|0.0206384|0.0246782|0.0277248|0.008984|0.00551956|0.0149268,0.0412895|0.0464405|0.00826329|0.0123668|0.0159416|0.00482572|0.0361747|0.00422712|0.0120446|0.0326516|0.0488449|0.0417385|0.0210152|0.0194929|0.0333838|0.0367367|0.033459|0.0460367,0.966562|0.91558|0.921419|0.966881|0.946201|0.905866|0.970156|0.939809|0.938328|0.985874|0.929454|0.900946|0.937217|0.978715|0.962228|0.943416|0.922419|0.991514,0.044073|1.15275|2.12941|0.100884|2.38856|0.371065|5.58772|0.576078|1.89337|6.07711|3.54556|2.57143|5.60429|1.17871|1.34553|3.46481|0.720084|1.43787,79.8117|88.6198|24.4191|65.1286|34.0839|55.8812|67.5745|18.2346|54.7186|92.5451|52.1141|81.7362|37.2729|32.9383|55.4093|99.595|65.9961,0.180405|0.1753|0.238508|0.246374|0.233339|0.198716|0.245578|0.206582|0.2102|0.193036|0.232653|0.213965|0.247945|0.235444|0.210203|0.184736|0.211961,0.820707|0.836696|0.981001|0.670433|0.348713|0.142489|0.848505|0.438744|0.433332|0.838519|0.731436|0.340685|0.439527|0.299341|0.426554|0.509202|0.74,0.836712,0.95003,0.0605752,0.0262135,0.963917,0.465123,0.15314,0.474832,0.221241,0.939811,45.7498,4.30327e-11,91817,0.946666,47.3408,5.83316e-12,89819,0.806875,0.804562,0.0308693,0.827622,0.153213,0.478528,0.188721,0.468424,0.0909349,0.884044,30.5298,9.32513e-10,24710,0.952989,52.309,3.28469e-13,20664
11,133,n1->n11->n21->n22->n23->n13->n12->n2->n3->n4->n14->n15->n16->n6->n7->n8->n9->n10,3.81628e+09|2.52501e+13|2.14937e+09|3.67533e+09|6.10326e+09|9.81467e+09|2.1111e+11|3.17307e+11|9.55297e+11|8.2339e+09|2.91479e+13|3.5907e+10|6.90472e+11|4.81192e+11|4.80907e+13|8.1696e+11|2.30789e+12|4.53093e+09,3.25333e+09|3.47681e+12|6.95475e+08|2.7041e+09|4.29963e+09|3.1802e+09|1.05012e+11|7.16144e+10|1.77834e+11|1.86231e+09|4.85425e+12|3.62158e+09|6.89981e+11|3.85536e+11|1.83015e+13|1.84853e+11|1.03773e+12|9.31081e+08,1.65606e-05|0.000333482|3.31663e-05|0.000252666|0.000453384|0.000184444|1.23997e-05|2.94581e-05|2.34356e-05|5.62105e-05|0.000173701|0.00098768|0.000342499|0.000284109|0.000167308|0.000187958|0.000314672|0.000962884,0.000261068|0.000106174|0.000798295|0.000120953|0.00368377|0.00073597|0.00623448|0.0082771|0.000154657|0.0010007|0.00786944|0.000302079|0.00111591|0.000503779|0.00108045|0.00124643|0.000259122|0.00020631,0.0149239|0.020331|0.022815|0.00578932|0.0307353|0.0213516|0.0180599|0.023169|0.00381353|0.0435318|0.0264898|0.0486551|0.0327472|0.0246782|0.0277248|0.008984|0.00551956|0.0149268,0.0412895|0.0123668|0.0159416|0.00482572|0.0361747|0.039085|0.00826329|0.0464405|0.0376584|0.0417385|0.0488449|0.0326516|0.00971357|0.0194929|0.0333838|0.0367367|0.033459|0.0460367,0.966562|0.966881|0.946201|0.905866|0.970156|0.928597|0.921419|0.91558|0.926805|0.900946|0.929454|0.985874|0.901048|0.978715|0.962228|0.943416|0.922419|0.991514,0.044073|0.100884|2.38856|0.371065|5.58772|3.91297|2.12941|1.15275|6.14759|2.57143|3.54556|6.07711|1.61346|1.17871|1.34553|3.46481|0.720084|1.43787,30.2686|65.1286|34.0839|55.8812|51.9585|13.9548|88.6198|37.015|10.4739|52.1141|92.5451|56.2706|50.0569|32.9383|55.4093|99.595|65.9961,0.233793|0.246374|0.233339|0.198716|0.193998|0.240484|0.1753|0.162173|0.183499|0.232653|0.193036|0.224038|0.225307|0.235444|0.210203|0.184736|0.211961,0.365721|0.670433|0.348713|0.142489|0.362388|0.503208|0.836696|0.488085|0.949324|0.731436|0.838519|0.441456|0.100621|0.299341|0.426554|0.509202|0.74,0.836712,0.95003,0.0605752,0.0262135,0.963917,0.465123,0.15314,0.474832,0.221241,0.939811,45.7498,4.30327e-11,91817,0.946666,47.3408,5.83316e-12,89819,0.806875,0.804562,0.0308693,0.827622,0.153213,0.478528,0.188721,0.468424,0.0909349,0.884044,30.5298,9.32513e-10,24710,0.952989,52.309,3.28469e-13,20664
11,134,n1->n2->n12->n13->n23->n33->n43->n44->n34->n35->n36->n26->n27->n28->n29->n30->n20->n10,3.81628e+09|3.17307e+11|2.1111e+11|9.81467e+09|6.10326e+09|1.81445e+11|4.33813e+09|5.66062e+12|5.50719e+10|7.81812e+12|2.65625e+13|2.34091e+12|1.06797e+10|1.97271e+12|7.35633e+12|1.3379e+10|9.60703e+09|4.53093e+09,3.25333e+09|7.16144e+10|1.05012e+11|3.1802e+09|4.29963e+09|3.99742e+10|1.9995e+09|1.83286e+12|2.63856e+10|9.95548e+11|3.06441e+12|1.00891e+12|5.90481e+09|5.32754e+11|9.38828e+11|3.91441e+09|1.01137e+09|9.31081e+08,1.65606e-05|2.94581e-05|1.23997e-05|0.000184444|0.000453384|0.000884459|1.85445e-05|2.52322e-05|0.000454829|6.26079e-05|6.7152e-05|1.13419e-05|0.000385595|3.13497e-05|1.34914e-05|5.26975e-05|0.000360246|0.000962884,0.000261068|0.0082771|0.00623448|0.00073597|0.00368377|0.000925905|0.00366402|0.00502131|0.000993263|0.00467613|0.00183418|0.00105353|0.0053547|0.00494547|0.00676328|0.00225502|0.00927779|0.00020631,0.0149239|0.023169|0.0180599|0.0213516|0.0307353|0.00889984|0.0135877|0.0170077|0.0165406|0.0202053|0.0185019|0.00180998|0.0129799|0.024784|0.00690986|0.00375381|0.0329774|0.0149268,0.0412895|0.0464405|0.00826329|0.039085|0.0361747|0.0484608|0.0409257|0.00513884|0.0150697|0.0147381|0.0267303|0.0338682|0.0225417|0.0497329|0.0195613|0.0244379|0.029507|0.0460367,0.966562|0.91558|0.921419|0.928597|0.970156|0.991284|0.935008|0.93952|0.931027|0.990084|0.91938|0.988902|0.921043|0.975369|0.957942|0.916555|0.986266|0.991514,0.044073|1.15275|2.12941|3.91297|5.58772|2.73774|2.31751|3.60631|0.741623|0.795098|3.57535|5.70191|0.152741|5.46142|1.3314|3.81217|1.60192|1.43787,79.8117|88.6198|13.9548|51.9585|76.7594|49.6282|59.7094|46.2248|31.5608|18.7034|63.8366|42.5138|15.3326|39.0733|83.4704|23.9015|29.3778,0.180405|0.1753|0.240484|0.193998|0.195707|0.244009|0.241155|0.231411|0.162794|0.243248|0.246412|0.199324|0.218114|0.204677|0.184369|0.225083|0.163527,0.820707|0.836696|0.503208|0.362388|0.150883|0.690022|0.361209|0.334506|0.442657|0.57611|0.780822|0.638543|0.769449|0.610162|0.419692|0.876583|0.849414,0.836712,0.95003,0.0605752,0.0262135,0.963917,0.465123,0.15314,0.474832,0.221241,0.939811,45.7498,4.30327e-11,91817,0.946666,47.3408,5.83316e-12,89819,0.806875,0.804562,0.0308693,0.827622,0.153213,0.478528,0.188721,0.468424,0.0909349,0.884044,30.5298,9.32513e-10,24710,0.952989,52.309,3.28469e-13,20664
11,135,n1->n2->n12->n13->n23->n22->n32->n33->n34->n35->n25->n26->n27->n17->n7->n8->n9->n10,3.81628e+09|3.17307e+11|2.1111e+11|9.81467e+09|6.10326e+09|3.67533e+09|2.53898e+13|1.81445e+11|5.50719e+10|7.81812e+12|7.02296e+09|2.34091e+12|1.06797e+10|1.49573e+11|4.80907e+13|8.1696e+11|2.30789e+12|4.53093e+09,3.25333e+09|7.16144e+10|1.05012e+11|3.1802e+09|4.29963e+09|2.7041e+09|6.33615e+12|3.99742e+10|2.63856e+10|9.95548e+11|7.41925e+08|1.00891e+12|5.90481e+09|2.52876e+10|1.83015e+13|1.84853e+11|1.03773e+12|9.31081e+08,1.65606e-05|2.94581e-05|1.23997e-05|0.000184444|0.000453384|0.000252666|3.07271e-05|0.000884459|0.000454829|6.26079e-05|3.98486e-05|1.13419e-05|0.000385595|0.000106677|0.000167308|0.000187958|0.000314672|0.000962884,0.000261068|0.0082771|0.00623448|0.00073597|0.00368377|0.000120953|0.0011838|0.000925905|0.000993263|0.00467613|0.00870955|0.00105353|0.0053547|0.00206961|0.00108045|0.00124643|0.000259122|0.00020631,0.0149239|0.023169|0.0180599|0.0213516|0.0307353|0.00578932|0.0192821|0.00889984|0.0165406|0.0202053|0.0189466|0.00180998|0.0129799|0.0327897|0.0277248|0.008984|0.00551956|0.0149268,0.0412895|0.0464405|0.00826329|0.039085|0.0361747|0.00482572|0.0395099|0.0484608|0.0150697|0.0147381|0.0120446|0.0338682|0.0225417|0.0446882|0.0333838|0.0367367|0.033459|0.0460367,0.966562|0.91558|0.921419|0.928597|0.970156|0.905866|0.994092|0.991284|0.931027|0.990084|0.938328|0.988902|0.921043|0.9918|0.962228|0.943416|0.922419|0.991514,0.044073|1.15275|2.12941|3.91297|5.58772|0.371065|3.30856|2.73774|0.741623|0.795098|1.89337|5.70191|0.152741|5.5964|1.34553|3.46481|0.720084|1.43787,79.8117|88.6198|13.9548|51.9585|55.8812|86.2435|67.4197|23.5709|31.5608|88.4205|55.6995|42.5138|72.2829|59.8148|55.4093|99.595|65.9961,0.180405|0.1753|0.240484|0.193998|0.198716|0.187315|0.160716|0.204516|0.162794|0.227841|0.173773|0.199324|0.181484|0.19432|0.210203|0.184736|0.211961,0.820707|0.836696|0.503208|0.362388|0.142489|0.852537|0.175903|0.616785|0.442657|0.443533|0.285241|0.638543|0.529686|0.320068|0.426554|0.509202|0.74,0.836712,0.95003,0.0605752,0.0262135,0.963917,0.465123,0.15314,0.474832,0.221241,0.939811,45.7498,4.30327e-11,91817,0.946666,47.3408,5.83316e-12,89819,0.806875,0.804562,0.0308693,0.827622,0.153213,0.478528,0.188721,0.468424,0.0909349,0.884044,30.5298,9.32513e-10,24710,0.952989,52.309,3.28469e-13,20664
11,136,n1->n2->n3->n13->n12->n22->n23->n33->n34->n35->n36->n26->n16->n6->n7->n8->n9->n10,3.81628e+09|3.17307e+11|9.55297e+11|9.81467e+09|2.1111e+11|3.67533e+09|6.10326e+09|1.81445e+11|5.50719e+10|7.81812e+12|2.65625e+13|2.34091e+12|6.90472e+11|4.81192e+11|4.80907e+13|8.1696e+11|2.30789e+12|4.53093e+09,3.25333e+09|7.16144e+10|1.77834e+11|3.1802e+09|1.05012e+11|2.7041e+09|4.29963e+09|3.99742e+10|2.63856e+10|9.95548e+11|3.06441e+12|1.00891e+12|6.89981e+11|3.85536e+11|1.83015e+13|1.84853e+11|1.03773e+12|9.31081e+08,1.65606e-05|2.94581e-05|2.34356e-05|0.000184444|1.23997e-05|0.000252666|0.000453384|0.000884459|0.000454829|6.26079e-05|6.7152e-05|1.13419e-05|0.000342499|0.000284109|0.000167308|0.000187958|0.000314672|0.000962884,0.000261068|0.0082771|0.000154657|0.00073597|0.00623448|0.000120953|0.00368377|0.000925905|0.000993263|0.00467613|0.00183418|0.00105353|0.00111591|0.000503779|0.00108045|0.00124643|0.000259122|0.00020631,0.0149239|0.023169|0.00381353|0.0213516|0.0180599|0.00578932|0.0307353|0.00889984|0.0165406|0.0202053|0.0185019|0.00180998|0.0327472|0.0246782|0.0277248|0.008984|0.00551956|0.0149268,0.0412895|0.0464405|0.0376584|0.039085|0.00826329|0.00482572|0.0361747|0.0484608|0.0150697|0.0147381|0.0267303|0.0338682|0.00971357|0.0194929|0.0333838|0.0367367|0.033459|0.0460367,0.966562|0.91558|0.926805|0.928597|0.921419|0.905866|0.970156|0.991284|0.931027|0.990084|0.91938|0.988902|0.901048|0.978715|0.962228|0.943416|0.922419|0.991514,0.044073|1.15275|6.14759|3.91297|2.12941|0.371065|5.58772|2.73774|0.741623|0.795098|3.57535|5.70191|1.61346|1.17871|1.34553|3.46481|0.720084|1.43787,79.8117|37.015|83.9106|13.9548|13.2112|55.8812|76.7594|23.5709|31.5608|18.7034|63.8366|11.0615|50.0569|32.9383|55.4093|99.595|65.9961,0.180405|0.162173|0.247463|0.240484|0.23086|0.198716|0.195707|0.204516|0.162794|0.243248|0.246412|0.225802|0.225307|0.235444|0.210203|0.184736|0.211961,0.820707|0.488085|0.917952|0.503208|0.959801|0.142489|0.150883|0.616785|0.442657|0.57611|0.780822|0.777864|0.100621|0.299341|0.426554|0.509202|0.74,0.836712,0.95003,0.0605752,0.0262135,0.963917,0.465123,0.15314,0.474832,0.221241,0.939811,45.7498,4.30327e-11,91817,0.946666,47.3408,5.83316e-12,89819,0.806875,0.804562,0.0308693,0.827622,0.153213,0.478528,0.188721,0.468424,0.0909349,0.884044,30.5298,9.32513e-10,24710,0.952989,52.309,3.28469e-13,20664
11,137,n1->n11->n21->n22->n12->n13->n23->n24->n34->n35->n36->n37->n27->n28->n29->n30->n20->n10,3.81628e+09|2.52501e+13|2.14937e+09|3.67533e+09|2.1111e+11|9.81467e+09|6.10326e+09|4.58897e+12|5.50719e+10|7.81812e+12|2.65625e+13|4.70754e+09|1.06797e+10|1.97271e+12|7.35633e+12|1.3379e+10|9.60703e+09|4.53093e+09,3.25333e+09|3.47681e+12|6.95475e+08|2.7041e+09|1.05012e+11|3.1802e+09|4.29963e+09|2.50135e+12|2.63856e+10|9.95548e+11|3.06441e+12|2.94368e+09|5.90481e+09|5.32754e+11|9.38828e+11|3.91441e+09|1.01137e+09|9.31081e+08,1.65606e-05|0.000333482|3.31663e-05|0.000252666|1.23997e-05|0.000184444|0.000453384|0.00040566|0.000454829|6.26079e-05|6.7152e-05|0.000147089|0.000385595|3.13497e-05|1.34914e-05|5.26975e-05|0.000360246|0.000962884,0.000261068|0.000106174|0.000798295|0.000120953|0.00623448|0.00073597|0.00368377|0.00129631|0.000993263|0.00467613|0.00183418|0.000920162|0.0053547|0.00494547|0.00676328|0.00225502|0.00927779|0.00020631,0.0149239|0.020331|0.022815|0.00578932|0.0180599|0.0213516|0.0307353|0.0106514|0.0165406|0.0202053|0.0185019|0.00273334|0.0129799|0.024784|0.00690986|0.00375381|0.0329774|0.0149268,0.0412895|0.0123668|0.0159416|0.00482572|0.00826329|0.039085|0.0361747|0.00422712|0.0150697|0.0147381|0.0267303|0.0249887|0.0225417|0.0497329|0.0195613|0.0244379|0.029507|0.0460367,0.966562|0.966881|0.946201|0.905866|0.921419|0.928597|0.970156|0.939809|0.931027|0.990084|0.91938|0.953539|0.921043|0.975369|0.957942|0.916555|0.986266|0.991514,0.044073|0.100884|2.38856|0.371065|2.12941|3.91297|5.58772|0.576078|0.741623|0.795098|3.57535|1.66924|0.152741|5.46142|1.3314|3.81217|1.60192|1.43787,30.2686|65.1286|34.0839|13.2112|13.9548|51.9585|67.5745|58.7029|31.5608|18.7034|29.3504|44.8869|15.3326|39.0733|83.4704|23.9015|29.3778,0.233793|0.246374|0.233339|0.23086|0.240484|0.193998|0.245578|0.171068|0.162794|0.243248|0.241567|0.224736|0.218114|0.204677|0.184369|0.225083|0.163527,0.365721|0.670433|0.348713|0.959801|0.503208|0.362388|0.848505|0.195268|0.442657|0.57611|0.992314|0.721224|0.769449|0.610162|0.419692|0.876583|0.849414,0.836712,0.95003,0.0605752,0.0262135,0.963917,0.465123,0.15314,0.474832,0.221241,0.939811,45.7498,4.30327e-11,91817,0.946666,47.3408,5.83316e-12,89819,0.806875,0.804562,0.0308693,0.827622,0.153213,0.478528,0.188721,0.468424,0.0909349,0.884044,30.5298,9.32513e-10,24710,0.952989,52.309,3.28469e-13,20664
11,138,n1->n2->n12->n13->n3->n4->n14->n15->n25->n26->n27->n17->n16->n6->n7->n8->n9->n10,3.81628e+09|3.17307e+11|2.1111e+11|9.81467e+09|9.55297e+11|8.2339e+09|2.91479e+13|3.5907e+10|7.02296e+09|2.34091e+12|1.06797e+10|1.49573e+11|6.90472e+11|4.81192e+11|4.80907e+13|8.1696e+11|2.30789e+12|4.53093e+09,3.25333e+09|7.16144e+10|1.05012e+11|3.1802e+09|1.77834e+11|1.86231e+09|4.85425e+12|3.62158e+09|7.41925e+08|1.00891e+12|5.90481e+09|2.52876e+10|6.89981e+11|3.85536e+11|1.83015e+13|1.84853e+11|1.03773e+12|9.31081e+08,1.65606e-05|2.94581e-05|1.23997e-05|0.000184444|2.34356e-05|5.62105e-05|0.000173701|0.00098768|3.98486e-05|1.13419e-05|0.000385595|0.000106677|0.000342499|0.000284109|0.000167308|0.000187958|0.000314672|0.000962884,0.000261068|0.0082771|0.00623448|0.00073597|0.000154657|0.0010007|0.00786944|0.000302079|0.00870955|0.00105353|0.0053547|0.00206961|0.00111591|0.000503779|0.00108045|0.00124643|0.000259122|0.00020631,0.0149239|0.023169|0.0180599|0.0213516|0.00381353|0.0435318|0.0264898|0.0486551|0.0189466|0.00180998|0.0129799|0.0327897|0.0327472|0.0246782|0.0277248|0.008984|0.00551956|0.0149268,0.0412895|0.0464405|0.00826329|0.039085|0.0376584|0.0417385|0.0488449|0.0326516|0.0120446|0.0338682|0.0225417|0.0446882|0.00971357|0.0194929|0.0333838|0.0367367|0.033459|0.0460367,0.966562|0.91558|0.921419|0.928597|0.926805|0.900946|0.929454|0.985874|0.938328|0.988902|0.921043|0.9918|0.901048|0.978715|0.962228|0.943416|0.922419|0.991514,0.044073|1.15275|2.12941|3.91297|6.14759|2.57143|3.54556|6.07711|1.89337|5.70191|0.152741|5.5964|1.61346|1.17871|1.34553|3.46481|0.720084|1.43787,79.8117|88.6198|13.9548|83.9106|10.4739|52.1141|92.5451|54.7186|55.6995|42.5138|72.2829|32.2763|50.0569|32.9383|55.4093|99.595|65.9961,0.180405|0.1753|0.240484|0.247463|0.183499|0.232653|0.193036|0.2102|0.173773|0.199324|0.181484|0.206947|0.225307|0.235444|0.210203|0.184736|0.211961,0.820707|0.836696|0.503208|0.917952|0.949324|0.731436|0.838519|0.433332|0.285241|0.638543|0.529686|0.756824|0.100621|0.299341|0.426554|0.509202|0.74,0.836712,0.95003,0.0605752,0.0262135,0.963917,0.465123,0.15314,0.474832,0.221241,0.939811,45.7498,4.30327e-11,91817,0.946666,47.3408,5.83316e-12,89819,0.806875,0.804562,0.0308693,0.827622,0.153213,0.478528,0.188721,0.468424,0.0909349,0.884044,30.5298,9.32513e-10,24710,0.952989,52.309,3.28469e-13,20664
11,139,n1->n11->n12->n22->n32->n42->n43->n44->n34->n35->n25->n26->n27->n28->n18->n19->n20->n10,3.81628e+09|2.52501e+13|2.1111e+11|3.67533e+09|2.53898e+13|2.04944e+10|4.33813e+09|5.66062e+12|5.50719e+10|7.81812e+12|7.02296e+09|2.34091e+12|1.06797e+10|1.97271e+12|1.26146e+12|1.16537e+09|9.60703e+09|4.53093e+09,3.25333e+09|3.47681e+12|1.05012e+11|2.7041e+09|6.33615e+12|5.46706e+09|1.9995e+09|1.83286e+12|2.63856e+10|9.95548e+11|7.41925e+08|1.00891e+12|5.90481e+09|5.32754e+11|2.026e+11|6.99014e+08|1.01137e+09|9.31081e+08,1.65606e-05|0.000333482|1.23997e-05|0.000252666|3.07271e-05|1.55089e-05|1.85445e-05|2.52322e-05|0.000454829|6.26079e-05|3.98486e-05|1.13419e-05|0.000385595|3.13497e-05|0.00077073|2.23892e-05|0.000360246|0.000962884,0.000261068|0.000106174|0.00623448|0.000120953|0.0011838|0.00259366|0.00366402|0.00502131|0.000993263|0.00467613|0.00870955|0.00105353|0.0053547|0.00494547|0.000223728|0.000391715|0.00927779|0.00020631,0.0149239|0.020331|0.0180599|0.00578932|0.0192821|0.0414597|0.0135877|0.0170077|0.0165406|0.0202053|0.0189466|0.00180998|0.0129799|0.024784|0.00757137|0.0161043|0.0329774|0.0149268,0.0412895|0.0123668|0.00826329|0.00482572|0.0395099|0.01537|0.0409257|0.00513884|0.0150697|0.0147381|0.0120446|0.0338682|0.0225417|0.0497329|0.0158785|0.0166223|0.029507|0.0460367,0.966562|0.966881|0.921419|0.905866|0.994092|0.953815|0.935008|0.93952|0.931027|0.990084|0.938328|0.988902|0.921043|0.975369|0.954493|0.972235|0.986266|0.991514,0.044073|0.100884|2.12941|0.371065|3.30856|1.45863|2.31751|3.60631|0.741623|0.795098|1.89337|5.70191|0.152741|5.46142|4.28182|0.257261|1.60192|1.43787,30.2686|24.4191|13.2112|86.2435|70.8805|27.3217|59.7094|46.2248|31.5608|88.4205|55.6995|42.5138|15.3326|43.2583|28.0546|10.3361|29.3778,0.233793|0.238508|0.23086|0.187315|0.20473|0.21768|0.241155|0.231411|0.162794|0.227841|0.173773|0.199324|0.218114|0.24208|0.21248|0.236076|0.163527,0.365721|0.981001|0.959801|0.852537|0.269646|0.946258|0.361209|0.334506|0.442657|0.443533|0.285241|0.638543|0.769449|0.374292|0.717834|0.380012|0.849414,0.836712,0.95003,0.0605752,0.0262135,0.963917,0.465123,0.15314,0.474832,0.221241,0.939811,45.7498,4.30327e-11,91817,0.946666,47.3408,5.83316e-12,89819,0.806875,0.804562,0.0308693,0.827622,0.153213,0.478528,0.188721,0.468424,0.0909349,0.884044,30.5298,9.32513e-10,24710,0.952989,52.309,3.28469e-13,20664
11,140,n1->n11->n21->n31->n41->n42->n43->n44->n45->n35->n25->n15->n16->n17->n7->n8->n9->n10,3.81628e+09|2.52501e+13|2.14937e+09|3.81124e+09|4.10359e+11|2.04944e+10|4.33813e+09|5.66062e+12|1.12054e+12|7.81812e+12|7.02296e+09|3.5907e+10|6.90472e+11|1.49573e+11|4.80907e+13|8.1696e+11|2.30789e+12|4.53093e+09,3.25333e+09|3.47681e+12|6.95475e+08|6.00756e+08|4.02817e+11|5.46706e+09|1.9995e+09|1.83286e+12|7.67422e+11|9.95548e+11|7.41925e+08|3.62158e+09|6.89981e+11|2.52876e+10|1.83015e+13|1.84853e+11|1.03773e+12|9.31081e+08,1.65606e-05|0.000333482|3.31663e-05|0.000405301|2.37882e-05|1.55089e-05|1.85445e-05|2.52322e-05|0.000121008|6.26079e-05|3.98486e-05|0.00098768|0.000342499|0.000106677|0.000167308|0.000187958|0.000314672|0.000962884,0.000261068|0.000106174|0.000798295|0.000295348|0.00359542|0.00259366|0.00366402|0.00502131|0.00028017|0.00467613|0.00870955|0.000302079|0.00111591|0.00206961|0.00108045|0.00124643|0.000259122|0.00020631,0.0149239|0.020331|0.022815|0.0368533|0.0411679|0.0414597|0.0135877|0.0170077|0.0130833|0.0202053|0.0189466|0.0486551|0.0327472|0.0327897|0.0277248|0.008984|0.00551956|0.0149268,0.0412895|0.0123668|0.0159416|0.0136531|0.0200669|0.01537|0.0409257|0.00513884|0.00504203|0.0147381|0.0120446|0.0326516|0.00971357|0.0446882|0.0333838|0.0367367|0.033459|0.0460367,0.966562|0.966881|0.946201|0.922328|0.958857|0.953815|0.935008|0.93952|0.969913|0.990084|0.938328|0.985874|0.901048|0.9918|0.962228|0.943416|0.922419|0.991514,0.044073|0.100884|2.38856|1.87964|2.71668|1.45863|2.31751|3.60631|0.66565|0.795098|1.89337|6.07711|1.61346|5.5964|1.34553|3.46481|0.720084|1.43787,30.2686|65.1286|89.2299|64.4551|61.2747|27.3217|59.7094|89.5651|97.1045|88.4205|54.7186|56.2706|32.2763|59.8148|55.4093|99.595|65.9961,0.233793|0.246374|0.249364|0.223623|0.20285|0.21768|0.241155|0.236274|0.16832|0.227841|0.2102|0.224038|0.206947|0.19432|0.210203|0.184736|0.211961,0.365721|0.670433|0.943299|0.399603|0.353403|0.946258|0.361209|0.612874|0.317503|0.443533|0.433332|0.441456|0.756824|0.320068|0.426554|0.509202|0.74,0.836712,0.95003,0.0605752,0.0262135,0.963917,0.465123,0.15314,0.474832,0.221241,0.939811,45.7498,4.30327e-11,91817,0.946666,47.3408,5.83316e-12,89819,0.806875,0.804562,0.0308693,0.827622,0.153213,0.478528,0.188721,0.468424,0.0909349,0.884044,30.5298,9.32513e-10,24710,0.952989,52.309,3.28469e-13,20664
11,141,n1->n2->n12->n13->n3->n4->n5->n15->n14->n24->n25->n26->n16->n17->n7->n8->n9->n10,3.81628e+09|3.17307e+11|2.1111e+11|9.81467e+09|9.55297e+11|8.2339e+09|1.37938e+13|3.5907e+10|2.91479e+13|4.58897e+12|7.02296e+09|2.34091e+12|6.90472e+11|1.49573e+11|4.80907e+13|8.1696e+11|2.30789e+12|4.53093e+09,3.25333e+09|7.16144e+10|1.05012e+11|3.1802e+09|1.77834e+11|1.86231e+09|1.38001e+12|3.62158e+09|4.85425e+12|2.50135e+12|7.41925e+08|1.00891e+12|6.89981e+11|2.52876e+10|1.83015e+13|1.84853e+11|1.03773e+12|9.31081e+08,1.65606e-05|2.94581e-05|1.23997e-05|0.000184444|2.34356e-05|5.62105e-05|0.000116756|0.00098768|0.000173701|0.00040566|3.98486e-05|1.13419e-05|0.000342499|0.000106677|0.000167308|0.000187958|0.000314672|0.000962884,0.000261068|0.0082771|0.00623448|0.00073597|0.000154657|0.0010007|0.000330332|0.000302079|0.00786944|0.00129631|0.00870955|0.00105353|0.00111591|0.00206961|0.00108045|0.00124643|0.000259122|0.00020631,0.0149239|0.023169|0.0180599|0.0213516|0.00381353|0.0435318|0.0206384|0.0486551|0.0264898|0.0106514|0.0189466|0.00180998|0.0327472|0.0327897|0.0277248|0.008984|0.00551956|0.0149268,0.0412895|0.0464405|0.00826329|0.039085|0.0376584|0.0417385|0.0210152|0.0326516|0.0488449|0.00422712|0.0120446|0.0338682|0.00971357|0.0446882|0.0333838|0.0367367|0.033459|0.0460367,0.966562|0.91558|0.921419|0.928597|0.926805|0.900946|0.937217|0.985874|0.929454|0.939809|0.938328|0.988902|0.901048|0.9918|0.962228|0.943416|0.922419|0.991514,0.044073|1.15275|2.12941|3.91297|6.14759|2.57143|5.60429|6.07711|3.54556|0.576078|1.89337|5.70191|1.61346|5.5964|1.34553|3.46481|0.720084|1.43787,79.8117|88.6198|13.9548|83.9106|10.4739|81.7362|35.0583|92.5451|66.6304|18.2346|55.6995|11.0615|32.2763|59.8148|55.4093|99.595|65.9961,0.180405|0.1753|0.240484|0.247463|0.183499|0.213965|0.165289|0.193036|0.223135|0.206582|0.173773|0.225802|0.206947|0.19432|0.210203|0.184736|0.211961,0.820707|0.836696|0.503208|0.917952|0.949324|0.340685|0.998548|0.838519|0.324891|0.438744|0.285241|0.777864|0.756824|0.320068|0.426554|0.509202|0.74,0.836712,0.95003,0.0605752,0.0262135,0.963917,0.465123,0.15314,0.474832,0.221241,0.939811,45.7498,4.30327e-11,91817,0.946666,47.3408,5.83316e-12,89819,0.806875,0.804562,0.0308693,0.827622,0.153213,0.478528,0.188721,0.468424,0.0909349,0.884044,30.5298,9.32513e-10,24710,0.952989,52.309,3.28469e-13,20664
11,142,n1->n11->n12->n2->n3->n13->n23->n33->n34->n35->n36->n37->n38->n28->n29->n19->n20->n10,3.81628e+09|2.52501e+13|2.1111e+11|3.17307e+11|9.55297e+11|9.81467e+09|6.10326e+09|1.81445e+11|5.50719e+10|7.81812e+12|2.65625e+13|4.70754e+09|2.44316e+12|1.97271e+12|7.35633e+12|1.16537e+09|9.60703e+09|4.53093e+09,3.25333e+09|3.47681e+12|1.05012e+11|7.16144e+10|1.77834e+11|3.1802e+09|4.29963e+09|3.99742e+10|2.63856e+10|9.95548e+11|3.06441e+12|2.94368e+09|2.91553e+11|5.32754e+11|9.38828e+11|6.99014e+08|1.01137e+09|9.31081e+08,1.65606e-05|0.000333482|1.23997e-05|2.94581e-05|2.34356e-05|0.000184444|0.000453384|0.000884459|0.000454829|6.26079e-05|6.7152e-05|0.000147089|2.61444e-05|3.13497e-05|1.34914e-05|2.23892e-05|0.000360246|0.000962884,0.000261068|0.000106174|0.00623448|0.0082771|0.000154657|0.00073597|0.00368377|0.000925905|0.000993263|0.00467613|0.00183418|0.000920162|0.00298605|0.00494547|0.00676328|0.000391715|0.00927779|0.00020631,0.0149239|0.020331|0.0180599|0.023169|0.00381353|0.0213516|0.0307353|0.00889984|0.0165406|0.0202053|0.0185019|0.00273334|0.00736111|0.024784|0.00690986|0.0161043|0.0329774|0.0149268,0.0412895|0.0123668|0.00826329|0.0464405|0.0376584|0.039085|0.0361747|0.0484608|0.0150697|0.0147381|0.0267303|0.0249887|0.0122774|0.0497329|0.0195613|0.0166223|0.029507|0.0460367,0.966562|0.966881|0.921419|0.91558|0.926805|0.928597|0.970156|0.991284|0.931027|0.990084|0.91938|0.953539|0.961831|0.975369|0.957942|0.972235|0.986266|0.991514,0.044073|0.100884|2.12941|1.15275|6.14759|3.91297|5.58772|2.73774|0.741623|0.795098|3.57535|1.66924|4.57945|5.46142|1.3314|0.257261|1.60192|1.43787,30.2686|24.4191|88.6198|37.015|83.9106|51.9585|76.7594|23.5709|31.5608|18.7034|29.3504|37.0378|23.518|39.0733|84.7043|10.3361|29.3778,0.233793|0.238508|0.1753|0.162173|0.247463|0.193998|0.195707|0.204516|0.162794|0.243248|0.241567|0.229194|0.201534|0.204677|0.209672|0.236076|0.163527,0.365721|0.981001|0.836696|0.488085|0.917952|0.362388|0.150883|0.616785|0.442657|0.57611|0.992314|0.300005|0.455463|0.610162|0.84529|0.380012|0.849414,0.836712,0.95003,0.0605752,0.0262135,0.963917,0.465123,0.15314,0.474832,0.221241,0.939811,45.7498,4.30327e-11,91817,0.946666,47.3408,5.83316e-12,89819,0.806875,0.804562,0.0308693,0.827622,0.153213,0.478528,0.188721,0.468424,0.0909349,0.884044,30.5298,9.32513e-10,24710,0.952989,52.309,3.28469e-13,20664
11,143,n1->n2->n12->n13->n14->n24->n25->n26->n27->n37->n47->n48->n38->n28->n18->n19->n9->n10,3.81628e+09|3.17307e+11|2.1111e+11|9.81467e+09|2.91479e+13|4.58897e+12|7.02296e+09|2.34091e+12|1.06797e+10|4.70754e+09|5.47496e+12|3.04067e+09|2.44316e+12|1.97271e+12|1.26146e+12|1.16537e+09|2.30789e+12|4.53093e+09,3.25333e+09|7.16144e+10|1.05012e+11|3.1802e+09|4.85425e+12|2.50135e+12|7.41925e+08|1.00891e+12|5.90481e+09|2.94368e+09|4.37433e+12|1.93485e+09|2.91553e+11|5.32754e+11|2.026e+11|6.99014e+08|1.03773e+12|9.31081e+08,1.65606e-05|2.94581e-05|1.23997e-05|0.000184444|0.000173701|0.00040566|3.98486e-05|1.13419e-05|0.000385595|0.000147089|3.35753e-05|0.00092996|2.61444e-05|3.13497e-05|0.00077073|2.23892e-05|0.000314672|0.000962884,0.000261068|0.0082771|0.00623448|0.00073597|0.00786944|0.00129631|0.00870955|0.00105353|0.0053547|0.000920162|0.0063526|0.000392602|0.00298605|0.00494547|0.000223728|0.000391715|0.000259122|0.00020631,0.0149239|0.023169|0.0180599|0.0213516|0.0264898|0.0106514|0.0189466|0.00180998|0.0129799|0.00273334|0.00543473|0.0162806|0.00736111|0.024784|0.00757137|0.0161043|0.00551956|0.0149268,0.0412895|0.0464405|0.00826329|0.039085|0.0488449|0.00422712|0.0120446|0.0338682|0.0225417|0.0249887|0.0488842|0.013949|0.0122774|0.0497329|0.0158785|0.0166223|0.033459|0.0460367,0.966562|0.91558|0.921419|0.928597|0.929454|0.939809|0.938328|0.988902|0.921043|0.953539|0.915661|0.914709|0.961831|0.975369|0.954493|0.972235|0.922419|0.991514,0.044073|1.15275|2.12941|3.91297|3.54556|0.576078|1.89337|5.70191|0.152741|1.66924|1.67281|4.94766|4.57945|5.46142|4.28182|0.257261|0.720084|1.43787,79.8117|88.6198|13.9548|56.34|66.6304|18.2346|55.6995|42.5138|44.8869|88.6669|13.4252|21.8454|23.518|43.2583|28.0546|99.0064|65.9961,0.180405|0.1753|0.240484|0.231665|0.223135|0.206582|0.173773|0.199324|0.224736|0.194607|0.211188|0.204625|0.201534|0.24208|0.21248|0.220943|0.211961,0.820707|0.836696|0.503208|0.474189|0.324891|0.438744|0.285241|0.638543|0.721224|0.727451|0.85369|0.298152|0.455463|0.374292|0.717834|0.31779|0.74,0.836712,0.95003,0.0605752,0.0262135,0.963917,0.465123,0.15314,0.474832,0.221241,0.939811,45.7498,4.30327e-11,91817,0.946666,47.3408,5.83316e-12,89819,0.806875,0.804562,0.0308693,0.827622,0.153213,0.478528,0.188721,0.468424,0.0909349,0.884044,30.5298,9.32513e-10,24710,0.952989,52.309,3.28469e-13,20664
11,144,n1->n11->n21->n22->n12->n13->n3->n4->n14->n24->n25->n26->n27->n17->n7->n8->n9->n10,3.81628e+09|2.52501e+13|2.14937e+09|3.67533e+09|2.1111e+11|9.81467e+09|9.55297e+11|8.2339e+09|2.91479e+13|4.58897e+12|7.02296e+09|2.34091e+12|1.06797e+10|1.49573e+11|4.80907e+13|8.1696e+11|2.30789e+12|4.53093e+09,3.25333e+09|3.47681e+12|6.95475e+08|2.7041e+09|1.05012e+11|3.1802e+09|1.77834e+11|1.86231e+09|4.85425e+12|2.50135e+12|7.41925e+08|1.00891e+12|5.90481e+09|2.52876e+10|1.83015e+13|1.84853e+11|1.03773e+12|9.31081e+08,1.65606e-05|0.000333482|3.31663e-05|0.000252666|1.23997e-05|0.000184444|2.34356e-05|5.62105e-05|0.000173701|0.00040566|3.98486e-05|1.13419e-05|0.000385595|0.000106677|0.000167308|0.000187958|0.000314672|0.000962884,0.000261068|0.000106174|0.000798295|0.000120953|0.00623448|0.00073597|0.000154657|0.0010007|0.00786944|0.00129631|0.00870955|0.00105353|0.0053547|0.00206961|0.00108045|0.00124643|0.000259122|0.00020631,0.0149239|0.020331|0.022815|0.00578932|0.0180599|0.0213516|0.00381353|0.0435318|0.0264898|0.0106514|0.0189466|0.00180998|0.0129799|0.0327897|0.0277248|0.008984|0.00551956|0.0149268,0.0412895|0.0123668|0.0159416|0.00482572|0.00826329|0.039085|0.0376584|0.0417385|0.0488449|0.00422712|0.0120446|0.0338682|0.0225417|0.0446882|0.0333838|0.0367367|0.033459|0.0460367,0.966562|0.966881|0.946201|0.905866|0.921419|0.928597|0.926805|0.900946|0.929454|0.939809|0.938328|0.988902|0.921043|0.9918|0.962228|0.943416|0.922419|0.991514,0.044073|0.100884|2.38856|0.371065|2.12941|3.91297|6.14759|2.57143|3.54556|0.576078|1.89337|5.70191|0.152741|5.5964|1.34553|3.46481|0.720084|1.43787,30.2686|65.1286|34.0839|13.2112|13.9548|83.9106|10.4739|52.1141|66.6304|18.2346|55.6995|42.5138|72.2829|59.8148|55.4093|99.595|65.9961,0.233793|0.246374|0.233339|0.23086|0.240484|0.247463|0.183499|0.232653|0.223135|0.206582|0.173773|0.199324|0.181484|0.19432|0.210203|0.184736|0.211961,0.365721|0.670433|0.348713|0.959801|0.503208|0.917952|0.949324|0.731436|0.324891|0.438744|0.285241|0.638543|0.529686|0.320068|0.426554|0.509202|0.74,0.836712,0.95003,0.0605752,0.0262135,0.963917,0.465123,0.15314,0.474832,0.221241,0.939811,45.7498,4.30327e-11,91817,0.946666,47.3408,5.83316e-12,89819,0.806875,0.804562,0.0308693,0.827622,0.153213,0.478528,0.188721,0.468424,0.0909349,0.884044,30.5298,9.32513e-10,24710,0.952989,52.309,3.28469e-13,20664
11,145,n1->n2->n12->n13->n3->n4->n5->n15->n14->n24->n25->n26->n27->n28->n18->n8->n9->n10,3.81628e+09|3.17307e+11|2.1111e+11|9.81467e+09|9.55297e+11|8.2339e+09|1.37938e+13|3.5907e+10|2.91479e+13|4.58897e+12|7.02296e+09|2.34091e+12|1.06797e+10|1.97271e+12|1.26146e+12|8.1696e+11|2.30789e+12|4.53093e+09,3.25333e+09|7.16144e+10|1.05012e+11|3.1802e+09|1.77834e+11|1.86231e+09|1.38001e+12|3.62158e+09|4.85425e+12|2.50135e+12|7.41925e+08|1.00891e+12|5.90481e+09|5.32754e+11|2.026e+11|1.84853e+11|1.03773e+12|9.31081e+08,1.65606e-05|2.94581e-05|1.23997e-05|0.000184444|2.34356e-05|5.62105e-05|0.000116756|0.00098768|0.000173701|0.00040566|3.98486e-05|1.13419e-05|0.000385595|3.13497e-05|0.00077073|0.000187958|0.000314672|0.000962884,0.000261068|0.0082771|0.00623448|0.00073597|0.000154657|0.0010007|0.000330332|0.000302079|0.00786944|0.00129631|0.00870955|0.00105353|0.0053547|0.00494547|0.000223728|0.00124643|0.000259122|0.00020631,0.0149239|0.023169|0.0180599|0.0213516|0.00381353|0.0435318|0.0206384|0.0486551|0.0264898|0.0106514|0.0189466|0.00180998|0.0129799|0.024784|0.00757137|0.008984|0.00551956|0.0149268,0.0412895|0.0464405|0.00826329|0.039085|0.0376584|0.0417385|0.0210152|0.0326516|0.0488449|0.00422712|0.0120446|0.0338682|0.0225417|0.0497329|0.0158785|0.0367367|0.033459|0.0460367,0.966562|0.91558|0.921419|0.928597|0.926805|0.900946|0.937217|0.985874|0.929454|0.939809|0.938328|0.988902|0.921043|0.975369|0.954493|0.943416|0.922419|0.991514,0.044073|1.15275|2.12941|3.91297|6.14759|2.57143|5.60429|6.07711|3.54556|0.576078|1.89337|5.70191|0.152741|5.46142|4.28182|3.46481|0.720084|1.43787,79.8117|88.6198|13.9548|83.9106|10.4739|81.7362|35.0583|92.5451|66.6304|18.2346|55.6995|42.5138|15.3326|43.2583|81.3396|99.595|65.9961,0.180405|0.1753|0.240484|0.247463|0.183499|0.213965|0.165289|0.193036|0.223135|0.206582|0.173773|0.199324|0.218114|0.24208|0.182333|0.184736|0.211961,0.820707|0.836696|0.503208|0.917952|0.949324|0.340685|0.998548|0.838519|0.324891|0.438744|0.285241|0.638543|0.769449|0.374292|0.519796|0.509202|0.74,0.836712,0.95003,0.0605752,0.0262135,0.963917,0.465123,0.15314,0.474832,0.221241,0.939811,45.7498,4.30327e-11,91817,0.946666,47.3408,5.83316e-12,89819,0.806875,0.804562,0.0308693,0.827622,0.153213,0.478528,0.188721,0.468424,0.0909349,0.884044,30.5298,9.32513e-10,24710,0.952989,52.309,3.28469e-13,20664
11,146,n1->n2->n12->n11->n21->n22->n32->n33->n23->n24->n14->n4->n5->n6->n7->n8->n9->n10,3.81628e+09|3.17307e+11|2.1111e+11|2.52501e+13|2.14937e+09|3.67533e+09|2.53898e+13|1.81445e+11|6.10326e+09|4.58897e+12|2.91479e+13|8.2339e+09|1.37938e+13|4.81192e+11|4.80907e+13|8.1696e+11|2.30789e+12|4.53093e+09,3.25333e+09|7.16144e+10|1.05012e+11|3.47681e+12|6.95475e+08|2.7041e+09|6.33615e+12|3.99742e+10|4.29963e+09|2.50135e+12|4.85425e+12|1.86231e+09|1.38001e+12|3.85536e+11|1.83015e+13|1.84853e+11|1.03773e+12|9.31081e+08,1.65606e-05|2.94581e-05|1.23997e-05|0.000333482|3.31663e-05|0.000252666|3.07271e-05|0.000884459|0.000453384|0.00040566|0.000173701|5.62105e-05|0.000116756|0.000284109|0.000167308|0.000187958|0.000314672|0.000962884,0.000261068|0.0082771|0.00623448|0.000106174|0.000798295|0.000120953|0.0011838|0.000925905|0.00368377|0.00129631|0.00786944|0.0010007|0.000330332|0.000503779|0.00108045|0.00124643|0.000259122|0.00020631,0.0149239|0.023169|0.0180599|0.020331|0.022815|0.00578932|0.0192821|0.00889984|0.0307353|0.0106514|0.0264898|0.0435318|0.0206384|0.0246782|0.0277248|0.008984|0.00551956|0.0149268,0.0412895|0.0464405|0.00826329|0.0123668|0.0159416|0.00482572|0.0395099|0.0484608|0.0361747|0.00422712|0.0488449|0.0417385|0.0210152|0.0194929|0.0333838|0.0367367|0.033459|0.0460367,0.966562|0.91558|0.921419|0.966881|0.946201|0.905866|0.994092|0.991284|0.970156|0.939809|0.929454|0.900946|0.937217|0.978715|0.962228|0.943416|0.922419|0.991514,0.044073|1.15275|2.12941|0.100884|2.38856|0.371065|3.30856|2.73774|5.58772|0.576078|3.54556|2.57143|5.60429|1.17871|1.34553|3.46481|0.720084|1.43787,79.8117|88.6198|24.4191|65.1286|34.0839|86.2435|67.4197|76.7594|67.5745|66.6304|52.1141|81.7362|37.2729|32.9383|55.4093|99.595|65.9961,0.180405|0.1753|0.238508|0.246374|0.233339|0.187315|0.160716|0.195707|0.245578|0.223135|0.232653|0.213965|0.247945|0.235444|0.210203|0.184736|0.211961,0.820707|0.836696|0.981001|0.670433|0.348713|0.852537|0.175903|0.150883|0.848505|0.324891|0.731436|0.340685|0.439527|0.299341|0.426554|0.509202|0.74,0.836712,0.95003,0.0605752,0.0262135,0.963917,0.465123,0.15314,0.474832,0.221241,0.939811,45.7498,4.30327e-11,91817,0.946666,47.3408,5.83316e-12,89819,0.806875,0.804562,0.0308693,0.827622,0.153213,0.478528,0.188721,0.468424,0.0909349,0.884044,30.5298,9.32513e-10,24710,0.952989,52.309,3.28469e-13,20664
11,147,n1->n2->n3->n4->n14->n13->n23->n33->n34->n35->n36->n26->n16->n17->n18->n8->n9->n10,3.81628e+09|3.17307e+11|9.55297e+11|8.2339e+09|2.91479e+13|9.81467e+09|6.10326e+09|1.81445e+11|5.50719e+10|7.81812e+12|2.65625e+13|2.34091e+12|6.90472e+11|1.49573e+11|1.26146e+12|8.1696e+11|2.30789e+12|4.53093e+09,3.25333e+09|7.16144e+10|1.77834e+11|1.86231e+09|4.85425e+12|3.1802e+09|4.29963e+09|3.99742e+10|2.63856e+10|9.95548e+11|3.06441e+12|1.00891e+12|6.89981e+11|2.52876e+10|2.026e+11|1.84853e+11|1.03773e+12|9.31081e+08,1.65606e-05|2.94581e-05|2.34356e-05|5.62105e-05|0.000173701|0.000184444|0.000453384|0.000884459|0.000454829|6.26079e-05|6.7152e-05|1.13419e-05|0.000342499|0.000106677|0.00077073|0.000187958|0.000314672|0.000962884,0.000261068|0.0082771|0.000154657|0.0010007|0.00786944|0.00073597|0.00368377|0.000925905|0.000993263|0.00467613|0.00183418|0.00105353|0.00111591|0.00206961|0.000223728|0.00124643|0.000259122|0.00020631,0.0149239|0.023169|0.00381353|0.0435318|0.0264898|0.0213516|0.0307353|0.00889984|0.0165406|0.0202053|0.0185019|0.00180998|0.0327472|0.0327897|0.00757137|0.008984|0.00551956|0.0149268,0.0412895|0.0464405|0.0376584|0.0417385|0.0488449|0.039085|0.0361747|0.0484608|0.0150697|0.0147381|0.0267303|0.0338682|0.00971357|0.0446882|0.0158785|0.0367367|0.033459|0.0460367,0.966562|0.91558|0.926805|0.900946|0.929454|0.928597|0.970156|0.991284|0.931027|0.990084|0.91938|0.988902|0.901048|0.9918|0.954493|0.943416|0.922419|0.991514,0.044073|1.15275|6.14759|2.57143|3.54556|3.91297|5.58772|2.73774|0.741623|0.795098|3.57535|5.70191|1.61346|5.5964|4.28182|3.46481|0.720084|1.43787,79.8117|37.015|10.4739|52.1141|56.34|51.9585|76.7594|23.5709|31.5608|18.7034|63.8366|11.0615|32.2763|27.3162|81.3396|99.595|65.9961,0.180405|0.162173|0.183499|0.232653|0.231665|0.193998|0.195707|0.204516|0.162794|0.243248|0.246412|0.225802|0.206947|0.195193|0.182333|0.184736|0.211961,0.820707|0.488085|0.949324|0.731436|0.474189|0.362388|0.150883|0.616785|0.442657|0.57611|0.780822|0.777864|0.756824|0.721446|0.519796|0.509202|0.74,0.836712,0.95003,0.0605752,0.0262135,0.963917,0.465123,0.15314,0.474832,0.221241,0.939811,45.7498,4.30327e-11,91817,0.946666,47.3408,5.83316e-12,89819,0.806875,0.804562,0.0308693,0.827622,0.153213,0.478528,0.188721,0.468424,0.0909349,0.884044,30.5298,9.32513e-10,24710,0.952989,52.309,3.28469e-13,20664
11,148,n1->n11->n21->n31->n32->n22->n12->n2->n3->n4->n5->n6->n7->n8->n9->n19->n20->n10,3.81628e+09|2.52501e+13|2.14937e+09|3.81124e+09|2.53898e+13|3.67533e+09|2.1111e+11|3.17307e+11|9.55297e+11|8.2339e+09|1.37938e+13|4.81192e+11|4.80907e+13|8.1696e+11|2.30789e+12|1.16537e+09|9.60703e+09|4.53093e+09,3.25333e+09|3.47681e+12|6.95475e+08|6.00756e+08|6.33615e+12|2.7041e+09|1.05012e+11|7.16144e+10|1.77834e+11|1.86231e+09|1.38001e+12|3.85536e+11|1.83015e+13|1.84853e+11|1.03773e+12|6.99014e+08|1.01137e+09|9.31081e+08,1.65606e-05|0.000333482|3.31663e-05|0.000405301|3.07271e-05|0.000252666|1.23997e-05|2.94581e-05|2.34356e-05|5.62105e-05|0.000116756|0.000284109|0.000167308|0.000187958|0.000314672|2.23892e-05|0.000360246|0.000962884,0.000261068|0.000106174|0.000798295|0.000295348|0.0011838|0.000120953|0.00623448|0.0082771|0.000154657|0.0010007|0.000330332|0.000503779|0.00108045|0.00124643|0.000259122|0.000391715|0.00927779|0.00020631,0.0149239|0.020331|0.022815|0.0368533|0.0192821|0.00578932|0.0180599|0.023169|0.00381353|0.0435318|0.0206384|0.0246782|0.0277248|0.008984|0.00551956|0.0161043|0.0329774|0.0149268,0.0412895|0.0123668|0.0159416|0.0136531|0.0395099|0.00482572|0.00826329|0.0464405|0.0376584|0.0417385|0.0210152|0.0194929|0.0333838|0.0367367|0.033459|0.0166223|0.029507|0.0460367,0.966562|0.966881|0.946201|0.922328|0.994092|0.905866|0.921419|0.91558|0.926805|0.900946|0.937217|0.978715|0.962228|0.943416|0.922419|0.972235|0.986266|0.991514,0.044073|0.100884|2.38856|1.87964|3.30856|0.371065|2.12941|1.15275|6.14759|2.57143|5.60429|1.17871|1.34553|3.46481|0.720084|0.257261|1.60192|1.43787,30.2686|65.1286|89.2299|63.0993|86.2435|13.2112|88.6198|37.015|10.4739|81.7362|37.2729|32.9383|55.4093|99.595|99.0064|10.3361|29.3778,0.233793|0.246374|0.249364|0.190598|0.187315|0.23086|0.1753|0.162173|0.183499|0.213965|0.247945|0.235444|0.210203|0.184736|0.220943|0.236076|0.163527,0.365721|0.670433|0.943299|0.438574|0.852537|0.959801|0.836696|0.488085|0.949324|0.340685|0.439527|0.299341|0.426554|0.509202|0.31779|0.380012|0.849414,0.836712,0.95003,0.0605752,0.0262135,0.963917,0.465123,0.15314,0.474832,0.221241,0.939811,45.7498,4.30327e-11,91817,0.946666,47.3408,5.83316e-12,89819,0.806875,0.804562,0.0308693,0.827622,0.153213,0.478528,0.188721,0.468424,0.0909349,0.884044,30.5298,9.32513e-10,24710,0.952989,52.309,3.28469e-13,20664
11,149,n1->n2->n12->n22->n32->n33->n23->n24->n25->n35->n36->n26->n16->n6->n7->n8->n9->n10,3.81628e+09|3.17307e+11|2.1111e+11|3.67533e+09|2.53898e+13|1.81445e+11|6.10326e+09|4.58897e+12|7.02296e+09|7.81812e+12|2.65625e+13|2.34091e+12|6.90472e+11|4.81192e+11|4.80907e+13|8.1696e+11|2.30789e+12|4.53093e+09,3.25333e+09|7.16144e+10|1.05012e+11|2.7041e+09|6.33615e+12|3.99742e+10|4.29963e+09|2.50135e+12|7.41925e+08|9.95548e+11|3.06441e+12|1.00891e+12|6.89981e+11|3.85536e+11|1.83015e+13|1.84853e+11|1.03773e+12|9.31081e+08,1.65606e-05|2.94581e-05|1.23997e-05|0.000252666|3.07271e-05|0.000884459|0.000453384|0.00040566|3.98486e-05|6.26079e-05|6.7152e-05|1.13419e-05|0.000342499|0.000284109|0.000167308|0.000187958|0.000314672|0.000962884,0.000261068|0.0082771|0.00623448|0.000120953|0.0011838|0.000925905|0.00368377|0.00129631|0.00870955|0.00467613|0.00183418|0.00105353|0.00111591|0.000503779|0.00108045|0.00124643|0.000259122|0.00020631,0.0149239|0.023169|0.0180599|0.00578932|0.0192821|0.00889984|0.0307353|0.0106514|0.0189466|0.0202053|0.0185019|0.00180998|0.0327472|0.0246782|0.0277248|0.008984|0.00551956|0.0149268,0.0412895|0.0464405|0.00826329|0.00482572|0.0395099|0.0484608|0.0361747|0.00422712|0.0120446|0.0147381|0.0267303|0.0338682|0.00971357|0.0194929|0.0333838|0.0367367|0.033459|0.0460367,0.966562|0.91558|0.921419|0.905866|0.994092|0.991284|0.970156|0.939809|0.938328|0.990084|0.91938|0.988902|0.901048|0.978715|0.962228|0.943416|0.922419|0.991514,0.044073|1.15275|2.12941|0.371065|3.30856|2.73774|5.58772|0.576078|1.89337|0.795098|3.57535|5.70191|1.61346|1.17871|1.34553|3.46481|0.720084|1.43787,79.8117|88.6198|13.2112|86.2435|67.4197|76.7594|67.5745|18.2346|88.4205|18.7034|63.8366|11.0615|50.0569|32.9383|55.4093|99.595|65.9961,0.180405|0.1753|0.23086|0.187315|0.160716|0.195707|0.245578|0.206582|0.227841|0.243248|0.246412|0.225802|0.225307|0.235444|0.210203|0.184736|0.211961,0.820707|0.836696|0.959801|0.852537|0.175903|0.150883|0.848505|0.438744|0.443533|0.57611|0.780822|0.777864|0.100621|0.299341|0.426554|0.509202|0.74,0.836712,0.95003,0.0605752,0.0262135,0.963917,0.465123,0.15314,0.474832,0.221241,0.939811,45.7498,4.30327e-11,91817,0.946666,47.3408,5.83316e-12,89819,0.806875,0.804562,0.0308693,0.827622,0.153213,0.478528,0.188721,0.468424,0.0909349,0.884044,30.5298,9.32513e-10,24710,0.952989,52.309,3.28469e-13,20664
11,150,n1->n11->n21->n31->n41->n42->n43->n44->n45->n35->n36->n26->n16->n17->n7->n8->n9->n10,3.81628e+09|2.52501e+13|2.14937e+09|3.81124e+09|4.10359e+11|2.04944e+10|4.33813e+09|5.66062e+12|1.12054e+12|7.81812e+12|2.65625e+13|2.34091e+12|6.90472e+11|1.49573e+11|4.80907e+13|8.1696e+11|2.30789e+12|4.53093e+09,3.25333e+09|3.47681e+12|6.95475e+08|6.00756e+08|4.02817e+11|5.46706e+09|1.9995e+09|1.83286e+12|7.67422e+11|9.95548e+11|3.06441e+12|1.00891e+12|6.89981e+11|2.52876e+10|1.83015e+13|1.84853e+11|1.03773e+12|9.31081e+08,1.65606e-05|0.000333482|3.31663e-05|0.000405301|2.37882e-05|1.55089e-05|1.85445e-05|2.52322e-05|0.000121008|6.26079e-05|6.7152e-05|1.13419e-05|0.000342499|0.000106677|0.000167308|0.000187958|0.000314672|0.000962884,0.000261068|0.000106174|0.000798295|0.000295348|0.00359542|0.00259366|0.00366402|0.00502131|0.00028017|0.00467613|0.00183418|0.00105353|0.00111591|0.00206961|0.00108045|0.00124643|0.000259122|0.00020631,0.0149239|0.020331|0.022815|0.0368533|0.0411679|0.0414597|0.0135877|0.0170077|0.0130833|0.0202053|0.0185019|0.00180998|0.0327472|0.0327897|0.0277248|0.008984|0.00551956|0.0149268,0.0412895|0.0123668|0.0159416|0.0136531|0.0200669|0.01537|0.0409257|0.00513884|0.00504203|0.0147381|0.0267303|0.0338682|0.00971357|0.0446882|0.0333838|0.0367367|0.033459|0.0460367,0.966562|0.966881|0.946201|0.922328|0.958857|0.953815|0.935008|0.93952|0.969913|0.990084|0.91938|0.988902|0.901048|0.9918|0.962228|0.943416|0.922419|0.991514,0.044073|0.100884|2.38856|1.87964|2.71668|1.45863|2.31751|3.60631|0.66565|0.795098|3.57535|5.70191|1.61346|5.5964|1.34553|3.46481|0.720084|1.43787,30.2686|65.1286|89.2299|64.4551|61.2747|27.3217|59.7094|89.5651|97.1045|18.7034|63.8366|11.0615|32.2763|59.8148|55.4093|99.595|65.9961,0.233793|0.246374|0.249364|0.223623|0.20285|0.21768|0.241155|0.236274|0.16832|0.243248|0.246412|0.225802|0.206947|0.19432|0.210203|0.184736|0.211961,0.365721|0.670433|0.943299|0.399603|0.353403|0.946258|0.361209|0.612874|0.317503|0.57611|0.780822|0.777864|0.756824|0.320068|0.426554|0.509202|0.74,0.836712,0.95003,0.0605752,0.0262135,0.963917,0.465123,0.15314,0.474832,0.221241,0.939811,45.7498,4.30327e-11,91817,0.946666,47.3408,5.83316e-12,89819,0.806875,0.804562,0.0308693,0.827622,0.153213,0.478528,0.188721,0.468424,0.0909349,0.884044,30.5298,9.32513e-10,24710,0.952989,52.309,3.28469e-13,20664
11,151,n1->n11->n21->n22->n12->n13->n23->n33->n34->n24->n25->n15->n5->n6->n7->n8->n9->n10,3.81628e+09|2.52501e+13|2.14937e+09|3.67533e+09|2.1111e+11|9.81467e+09|6.10326e+09|1.81445e+11|5.50719e+10|4.58897e+12|7.02296e+09|3.5907e+10|1.37938e+13|4.81192e+11|4.80907e+13|8.1696e+11|2.30789e+12|4.53093e+09,3.25333e+09|3.47681e+12|6.95475e+08|2.7041e+09|1.05012e+11|3.1802e+09|4.29963e+09|3.99742e+10|2.63856e+10|2.50135e+12|7.41925e+08|3.62158e+09|1.38001e+12|3.85536e+11|1.83015e+13|1.84853e+11|1.03773e+12|9.31081e+08,1.65606e-05|0.000333482|3.31663e-05|0.000252666|1.23997e-05|0.000184444|0.000453384|0.000884459|0.000454829|0.00040566|3.98486e-05|0.00098768|0.000116756|0.000284109|0.000167308|0.000187958|0.000314672|0.000962884,0.000261068|0.000106174|0.000798295|0.000120953|0.00623448|0.00073597|0.00368377|0.000925905|0.000993263|0.00129631|0.00870955|0.000302079|0.000330332|0.000503779|0.00108045|0.00124643|0.000259122|0.00020631,0.0149239|0.020331|0.022815|0.00578932|0.0180599|0.0213516|0.0307353|0.00889984|0.0165406|0.0106514|0.0189466|0.0486551|0.0206384|0.0246782|0.0277248|0.008984|0.00551956|0.0149268,0.0412895|0.0123668|0.0159416|0.00482572|0.00826329|0.039085|0.0361747|0.0484608|0.0150697|0.00422712|0.0120446|0.0326516|0.0210152|0.0194929|0.0333838|0.0367367|0.033459|0.0460367,0.966562|0.966881|0.946201|0.905866|0.921419|0.928597|0.970156|0.991284|0.931027|0.939809|0.938328|0.985874|0.937217|0.978715|0.962228|0.943416|0.922419|0.991514,0.044073|0.100884|2.38856|0.371065|2.12941|3.91297|5.58772|2.73774|0.741623|0.576078|1.89337|6.07711|5.60429|1.17871|1.34553|3.46481|0.720084|1.43787,30.2686|65.1286|34.0839|13.2112|13.9548|51.9585|76.7594|23.5709|58.7029|18.2346|54.7186|35.0583|37.2729|32.9383|55.4093|99.595|65.9961,0.233793|0.246374|0.233339|0.23086|0.240484|0.193998|0.195707|0.204516|0.171068|0.206582|0.2102|0.165289|0.247945|0.235444|0.210203|0.184736|0.211961,0.365721|0.670433|0.348713|0.959801|0.503208|0.362388|0.150883|0.616785|0.195268|0.438744|0.433332|0.998548|0.439527|0.299341|0.426554|0.509202|0.74,0.836712,0.95003,0.0605752,0.0262135,0.963917,0.465123,0.15314,0.474832,0.221241,0.939811,45.7498,4.30327e-11,91817,0.946666,47.3408,5.83316e-12,89819,0.806875,0.804562,0.0308693,0.827622,0.153213,0.478528,0.188721,0.468424,0.0909349,0.884044,30.5298,9.32513e-10,24710,0.952989,52.309,3.28469e-13,20664
11,152,n1->n11->n21->n31->n41->n42->n32->n22->n23->n24->n14->n4->n5->n6->n7->n8->n9->n10,3.81628e+09|2.52501e+13|2.14937e+09|3.81124e+09|4.10359e+11|2.04944e+10|2.53898e+13|3.67533e+09|6.10326e+09|4.58897e+12|2.91479e+13|8.2339e+09|1.37938e+13|4.81192e+11|4.80907e+13|8.1696e+11|2.30789e+12|4.53093e+09,3.25333e+09|3.47681e+12|6.95475e+08|6.00756e+08|4.02817e+11|5.46706e+09|6.33615e+12|2.7041e+09|4.29963e+09|2.50135e+12|4.85425e+12|1.86231e+09|1.38001e+12|3.85536e+11|1.83015e+13|1.84853e+11|1.03773e+12|9.31081e+08,1.65606e-05|0.000333482|3.31663e-05|0.000405301|2.37882e-05|1.55089e-05|3.07271e-05|0.000252666|0.000453384|0.00040566|0.000173701|5.62105e-05|0.000116756|0.000284109|0.000167308|0.000187958|0.000314672|0.000962884,0.000261068|0.000106174|0.000798295|0.000295348|0.00359542|0.00259366|0.0011838|0.000120953|0.00368377|0.00129631|0.00786944|0.0010007|0.000330332|0.000503779|0.00108045|0.00124643|0.000259122|0.00020631,0.0149239|0.020331|0.022815|0.0368533|0.0411679|0.0414597|0.0192821|0.00578932|0.0307353|0.0106514|0.0264898|0.0435318|0.0206384|0.0246782|0.0277248|0.008984|0.00551956|0.0149268,0.0412895|0.0123668|0.0159416|0.0136531|0.0200669|0.01537|0.0395099|0.00482572|0.0361747|0.00422712|0.0488449|0.0417385|0.0210152|0.0194929|0.0333838|0.0367367|0.033459|0.0460367,0.966562|0.966881|0.946201|0.922328|0.958857|0.953815|0.994092|0.905866|0.970156|0.939809|0.929454|0.900946|0.937217|0.978715|0.962228|0.943416|0.922419|0.991514,0.044073|0.100884|2.38856|1.87964|2.71668|1.45863|3.30856|0.371065|5.58772|0.576078|3.54556|2.57143|5.60429|1.17871|1.34553|3.46481|0.720084|1.43787,30.2686|65.1286|89.2299|64.4551|61.2747|70.8805|86.2435|55.8812|67.5745|66.6304|52.1141|81.7362|37.2729|32.9383|55.4093|99.595|65.9961,0.233793|0.246374|0.249364|0.223623|0.20285|0.20473|0.187315|0.198716|0.245578|0.223135|0.232653|0.213965|0.247945|0.235444|0.210203|0.184736|0.211961,0.365721|0.670433|0.943299|0.399603|0.353403|0.269646|0.852537|0.142489|0.848505|0.324891|0.731436|0.340685|0.439527|0.299341|0.426554|0.509202|0.74,0.836712,0.95003,0.0605752,0.0262135,0.963917,0.465123,0.15314,0.474832,0.221241,0.939811,45.7498,4.30327e-11,91817,0.946666,47.3408,5.83316e-12,89819,0.806875,0.804562,0.0308693,0.827622,0.153213,0.478528,0.188721,0.468424,0.0909349,0.884044,30.5298,9.32513e-10,24710,0.952989,52.309,3.28469e-13,20664
11,153,n1->n2->n12->n13->n14->n24->n25->n35->n45->n46->n47->n37->n27->n28->n29->n19->n9->n10,3.81628e+09|3.17307e+11|2.1111e+11|9.81467e+09|2.91479e+13|4.58897e+12|7.02296e+09|7.81812e+12|1.12054e+12|1.06921e+12|5.47496e+12|4.70754e+09|1.06797e+10|1.97271e+12|7.35633e+12|1.16537e+09|2.30789e+12|4.53093e+09,3.25333e+09|7.16144e+10|1.05012e+11|3.1802e+09|4.85425e+12|2.50135e+12|7.41925e+08|9.95548e+11|7.67422e+11|4.22679e+11|4.37433e+12|2.94368e+09|5.90481e+09|5.32754e+11|9.38828e+11|6.99014e+08|1.03773e+12|9.31081e+08,1.65606e-05|2.94581e-05|1.23997e-05|0.000184444|0.000173701|0.00040566|3.98486e-05|6.26079e-05|0.000121008|0.000372398|3.35753e-05|0.000147089|0.000385595|3.13497e-05|1.34914e-05|2.23892e-05|0.000314672|0.000962884,0.000261068|0.0082771|0.00623448|0.00073597|0.00786944|0.00129631|0.00870955|0.00467613|0.00028017|0.000141013|0.0063526|0.000920162|0.0053547|0.00494547|0.00676328|0.000391715|0.000259122|0.00020631,0.0149239|0.023169|0.0180599|0.0213516|0.0264898|0.0106514|0.0189466|0.0202053|0.0130833|0.0101456|0.00543473|0.00273334|0.0129799|0.024784|0.00690986|0.0161043|0.00551956|0.0149268,0.0412895|0.0464405|0.00826329|0.039085|0.0488449|0.00422712|0.0120446|0.0147381|0.00504203|0.0454781|0.0488842|0.0249887|0.0225417|0.0497329|0.0195613|0.0166223|0.033459|0.0460367,0.966562|0.91558|0.921419|0.928597|0.929454|0.939809|0.938328|0.990084|0.969913|0.954362|0.915661|0.953539|0.921043|0.975369|0.957942|0.972235|0.922419|0.991514,0.044073|1.15275|2.12941|3.91297|3.54556|0.576078|1.89337|0.795098|0.66565|2.87575|1.67281|1.66924|0.152741|5.46142|1.3314|0.257261|0.720084|1.43787,79.8117|88.6198|13.9548|56.34|66.6304|18.2346|88.4205|97.1045|61.2725|46.986|88.6669|44.8869|15.3326|39.0733|84.7043|99.0064|65.9961,0.180405|0.1753|0.240484|0.231665|0.223135|0.206582|0.227841|0.16832|0.213753|0.205561|0.194607|0.224736|0.218114|0.204677|0.209672|0.220943|0.211961,0.820707|0.836696|0.503208|0.474189|0.324891|0.438744|0.443533|0.317503|0.977027|0.259186|0.727451|0.721224|0.769449|0.610162|0.84529|0.31779|0.74,0.836712,0.95003,0.0605752,0.0262135,0.963917,0.465123,0.15314,0.474832,0.221241,0.939811,45.7498,4.30327e-11,91817,0.946666,47.3408,5.83316e-12,89819,0.806875,0.804562,0.0308693,0.827622,0.153213,0.478528,0.188721,0.468424,0.0909349,0.884044,30.5298,9.32513e-10,24710,0.952989,52.309,3.28469e-13,20664
11,154,n1->n11->n12->n2->n3->n13->n14->n24->n25->n35->n36->n37->n38->n39->n29->n30->n20->n10,3.81628e+09|2.52501e+13|2.1111e+11|3.17307e+11|9.55297e+11|9.81467e+09|2.91479e+13|4.58897e+12|7.02296e+09|7.81812e+12|2.65625e+13|4.70754e+09|2.44316e+12|1.80903e+09|7.35633e+12|1.3379e+10|9.60703e+09|4.53093e+09,3.25333e+09|3.47681e+12|1.05012e+11|7.16144e+10|1.77834e+11|3.1802e+09|4.85425e+12|2.50135e+12|7.41925e+08|9.95548e+11|3.06441e+12|2.94368e+09|2.91553e+11|2.42123e+08|9.38828e+11|3.91441e+09|1.01137e+09|9.31081e+08,1.65606e-05|0.000333482|1.23997e-05|2.94581e-05|2.34356e-05|0.000184444|0.000173701|0.00040566|3.98486e-05|6.26079e-05|6.7152e-05|0.000147089|2.61444e-05|7.80254e-05|1.34914e-05|5.26975e-05|0.000360246|0.000962884,0.000261068|0.000106174|0.00623448|0.0082771|0.000154657|0.00073597|0.00786944|0.00129631|0.00870955|0.00467613|0.00183418|0.000920162|0.00298605|0.00153317|0.00676328|0.00225502|0.00927779|0.00020631,0.0149239|0.020331|0.0180599|0.023169|0.00381353|0.0213516|0.0264898|0.0106514|0.0189466|0.0202053|0.0185019|0.00273334|0.00736111|0.0226891|0.00690986|0.00375381|0.0329774|0.0149268,0.0412895|0.0123668|0.00826329|0.0464405|0.0376584|0.039085|0.0488449|0.00422712|0.0120446|0.0147381|0.0267303|0.0249887|0.0122774|0.0323535|0.0195613|0.0244379|0.029507|0.0460367,0.966562|0.966881|0.921419|0.91558|0.926805|0.928597|0.929454|0.939809|0.938328|0.990084|0.91938|0.953539|0.961831|0.971819|0.957942|0.916555|0.986266|0.991514,0.044073|0.100884|2.12941|1.15275|6.14759|3.91297|3.54556|0.576078|1.89337|0.795098|3.57535|1.66924|4.57945|5.96616|1.3314|3.81217|1.60192|1.43787,30.2686|24.4191|88.6198|37.015|83.9106|56.34|66.6304|18.2346|88.4205|18.7034|29.3504|37.0378|69.5993|44.1502|83.4704|23.9015|29.3778,0.233793|0.238508|0.1753|0.162173|0.247463|0.231665|0.223135|0.206582|0.227841|0.243248|0.241567|0.229194|0.247201|0.198568|0.184369|0.225083|0.163527,0.365721|0.981001|0.836696|0.488085|0.917952|0.474189|0.324891|0.438744|0.443533|0.57611|0.992314|0.300005|0.495278|0.621441|0.419692|0.876583|0.849414,0.836712,0.95003,0.0605752,0.0262135,0.963917,0.465123,0.15314,0.474832,0.221241,0.939811,45.7498,4.30327e-11,91817,0.946666,47.3408,5.83316e-12,89819,0.806875,0.804562,0.0308693,0.827622,0.153213,0.478528,0.188721,0.468424,0.0909349,0.884044,30.5298,9.32513e-10,24710,0.952989,52.309,3.28469e-13,20664
11,155,n1->n11->n12->n22->n23->n13->n14->n15->n25->n26->n36->n37->n27->n17->n7->n8->n9->n10,3.81628e+09|2.52501e+13|2.1111e+11|3.67533e+09|6.10326e+09|9.81467e+09|2.91479e+13|3.5907e+10|7.02296e+09|2.34091e+12|2.65625e+13|4.70754e+09|1.06797e+10|1.49573e+11|4.80907e+13|8.1696e+11|2.30789e+12|4.53093e+09,3.25333e+09|3.47681e+12|1.05012e+11|2.7041e+09|4.29963e+09|3.1802e+09|4.85425e+12|3.62158e+09|7.41925e+08|1.00891e+12|3.06441e+12|2.94368e+09|5.90481e+09|2.52876e+10|1.83015e+13|1.84853e+11|1.03773e+12|9.31081e+08,1.65606e-05|0.000333482|1.23997e-05|0.000252666|0.000453384|0.000184444|0.000173701|0.00098768|3.98486e-05|1.13419e-05|6.7152e-05|0.000147089|0.000385595|0.000106677|0.000167308|0.000187958|0.000314672|0.000962884,0.000261068|0.000106174|0.00623448|0.000120953|0.00368377|0.00073597|0.00786944|0.000302079|0.00870955|0.00105353|0.00183418|0.000920162|0.0053547|0.00206961|0.00108045|0.00124643|0.000259122|0.00020631,0.0149239|0.020331|0.0180599|0.00578932|0.0307353|0.0213516|0.0264898|0.0486551|0.0189466|0.00180998|0.0185019|0.00273334|0.0129799|0.0327897|0.0277248|0.008984|0.00551956|0.0149268,0.0412895|0.0123668|0.00826329|0.00482572|0.0361747|0.039085|0.0488449|0.0326516|0.0120446|0.0338682|0.0267303|0.0249887|0.0225417|0.0446882|0.0333838|0.0367367|0.033459|0.0460367,0.966562|0.966881|0.921419|0.905866|0.970156|0.928597|0.929454|0.985874|0.938328|0.988902|0.91938|0.953539|0.921043|0.9918|0.962228|0.943416|0.922419|0.991514,0.044073|0.100884|2.12941|0.371065|5.58772|3.91297|3.54556|6.07711|1.89337|5.70191|3.57535|1.66924|0.152741|5.5964|1.34553|3.46481|0.720084|1.43787,30.2686|24.4191|13.2112|55.8812|51.9585|56.34|92.5451|54.7186|55.6995|63.8366|29.3504|44.8869|72.2829|59.8148|55.4093|99.595|65.9961,0.233793|0.238508|0.23086|0.198716|0.193998|0.231665|0.193036|0.2102|0.173773|0.246412|0.241567|0.224736|0.181484|0.19432|0.210203|0.184736|0.211961,0.365721|0.981001|0.959801|0.142489|0.362388|0.474189|0.838519|0.433332|0.285241|0.780822|0.992314|0.721224|0.529686|0.320068|0.426554|0.509202|0.74,0.836712,0.95003,0.0605752,0.0262135,0.963917,0.465123,0.15314,0.474832,0.221241,0.939811,45.7498,4.30327e-11,91817,0.946666,47.3408,5.83316e-12,89819,0.806875,0.804562,0.0308693,0.827622,0.153213,0.478528,0.188721,0.468424,0.0909349,0.884044,30.5298,9.32513e-10,24710,0.952989,52.309,3.28469e-13,20664
11,156,n1->n11->n12->n2->n3->n13->n23->n33->n34->n35->n36->n37->n38->n28->n29->n19->n9->n10,3.81628e+09|2.52501e+13|2.1111e+11|3.17307e+11|9.55297e+11|9.81467e+09|6.10326e+09|1.81445e+11|5.50719e+10|7.81812e+12|2.65625e+13|4.70754e+09|2.44316e+12|1.97271e+12|7.35633e+12|1.16537e+09|2.30789e+12|4.53093e+09,3.25333e+09|3.47681e+12|1.05012e+11|7.16144e+10|1.77834e+11|3.1802e+09|4.29963e+09|3.99742e+10|2.63856e+10|9.95548e+11|3.06441e+12|2.94368e+09|2.91553e+11|5.32754e+11|9.38828e+11|6.99014e+08|1.03773e+12|9.31081e+08,1.65606e-05|0.000333482|1.23997e-05|2.94581e-05|2.34356e-05|0.000184444|0.000453384|0.000884459|0.000454829|6.26079e-05|6.7152e-05|0.000147089|2.61444e-05|3.13497e-05|1.34914e-05|2.23892e-05|0.000314672|0.000962884,0.000261068|0.000106174|0.00623448|0.0082771|0.000154657|0.00073597|0.00368377|0.000925905|0.000993263|0.00467613|0.00183418|0.000920162|0.00298605|0.00494547|0.00676328|0.000391715|0.000259122|0.00020631,0.0149239|0.020331|0.0180599|0.023169|0.00381353|0.0213516|0.0307353|0.00889984|0.0165406|0.0202053|0.0185019|0.00273334|0.00736111|0.024784|0.00690986|0.0161043|0.00551956|0.0149268,0.0412895|0.0123668|0.00826329|0.0464405|0.0376584|0.039085|0.0361747|0.0484608|0.0150697|0.0147381|0.0267303|0.0249887|0.0122774|0.0497329|0.0195613|0.0166223|0.033459|0.0460367,0.966562|0.966881|0.921419|0.91558|0.926805|0.928597|0.970156|0.991284|0.931027|0.990084|0.91938|0.953539|0.961831|0.975369|0.957942|0.972235|0.922419|0.991514,0.044073|0.100884|2.12941|1.15275|6.14759|3.91297|5.58772|2.73774|0.741623|0.795098|3.57535|1.66924|4.57945|5.46142|1.3314|0.257261|0.720084|1.43787,30.2686|24.4191|88.6198|37.015|83.9106|51.9585|76.7594|23.5709|31.5608|18.7034|29.3504|37.0378|23.518|39.0733|84.7043|99.0064|65.9961,0.233793|0.238508|0.1753|0.162173|0.247463|0.193998|0.195707|0.204516|0.162794|0.243248|0.241567|0.229194|0.201534|0.204677|0.209672|0.220943|0.211961,0.365721|0.981001|0.836696|0.488085|0.917952|0.362388|0.150883|0.616785|0.442657|0.57611|0.992314|0.300005|0.455463|0.610162|0.84529|0.31779|0.74,0.836712,0.95003,0.0605752,0.0262135,0.963917,0.465123,0.15314,0.474832,0.221241,0.939811,45.7498,4.30327e-11,91817,0.946666,47.3408,5.83316e-12,89819,0.806875,0.804562,0.0308693,0.827622,0.153213,0.478528,0.188721,0.468424,0.0909349,0.884044,30.5298,9.32513e-10,24710,0.952989,52.309,3.28469e-13,20664
11,157,n1->n11->n21->n31->n41->n42->n32->n33->n23->n24->n14->n15->n16->n17->n18->n8->n9->n10,3.81628e+09|2.52501e+13|2.14937e+09|3.81124e+09|4.10359e+11|2.04944e+10|2.53898e+13|1.81445e+11|6.10326e+09|4.58897e+12|2.91479e+13|3.5907e+10|6.90472e+11|1.49573e+11|1.26146e+12|8.1696e+11|2.30789e+12|4.53093e+09,3.25333e+09|3.47681e+12|6.95475e+08|6.00756e+08|4.02817e+11|5.46706e+09|6.33615e+12|3.99742e+10|4.29963e+09|2.50135e+12|4.85425e+12|3.62158e+09|6.89981e+11|2.52876e+10|2.026e+11|1.84853e+11|1.03773e+12|9.31081e+08,1.65606e-05|0.000333482|3.31663e-05|0.000405301|2.37882e-05|1.55089e-05|3.07271e-05|0.000884459|0.000453384|0.00040566|0.000173701|0.00098768|0.000342499|0.000106677|0.00077073|0.000187958|0.000314672|0.000962884,0.000261068|0.000106174|0.000798295|0.000295348|0.00359542|0.00259366|0.0011838|0.000925905|0.00368377|0.00129631|0.00786944|0.000302079|0.00111591|0.00206961|0.000223728|0.00124643|0.000259122|0.00020631,0.0149239|0.020331|0.022815|0.0368533|0.0411679|0.0414597|0.0192821|0.00889984|0.0307353|0.0106514|0.0264898|0.0486551|0.0327472|0.0327897|0.00757137|0.008984|0.00551956|0.0149268,0.0412895|0.0123668|0.0159416|0.0136531|0.0200669|0.01537|0.0395099|0.0484608|0.0361747|0.00422712|0.0488449|0.0326516|0.00971357|0.0446882|0.0158785|0.0367367|0.033459|0.0460367,0.966562|0.966881|0.946201|0.922328|0.958857|0.953815|0.994092|0.991284|0.970156|0.939809|0.929454|0.985874|0.901048|0.9918|0.954493|0.943416|0.922419|0.991514,0.044073|0.100884|2.38856|1.87964|2.71668|1.45863|3.30856|2.73774|5.58772|0.576078|3.54556|6.07711|1.61346|5.5964|4.28182|3.46481|0.720084|1.43787,30.2686|65.1286|89.2299|64.4551|61.2747|70.8805|67.4197|76.7594|67.5745|66.6304|92.5451|56.2706|32.2763|27.3162|81.3396|99.595|65.9961,0.233793|0.246374|0.249364|0.223623|0.20285|0.20473|0.160716|0.195707|0.245578|0.223135|0.193036|0.224038|0.206947|0.195193|0.182333|0.184736|0.211961,0.365721|0.670433|0.943299|0.399603|0.353403|0.269646|0.175903|0.150883|0.848505|0.324891|0.838519|0.441456|0.756824|0.721446|0.519796|0.509202|0.74,0.836712,0.95003,0.0605752,0.0262135,0.963917,0.465123,0.15314,0.474832,0.221241,0.939811,45.7498,4.30327e-11,91817,0.946666,47.3408,5.83316e-12,89819,0.806875,0.804562,0.0308693,0.827622,0.153213,0.478528,0.188721,0.468424,0.0909349,0.884044,30.5298,9.32513e-10,24710,0.952989,52.309,3.28469e-13,20664
11,158,n1->n11->n21->n31->n41->n42->n43->n33->n34->n35->n36->n26->n27->n28->n18->n8->n9->n10,3.81628e+09|2.52501e+13|2.14937e+09|3.81124e+09|4.10359e+11|2.04944e+10|4.33813e+09|1.81445e+11|5.50719e+10|7.81812e+12|2.65625e+13|2.34091e+12|1.06797e+10|1.97271e+12|1.26146e+12|8.1696e+11|2.30789e+12|4.53093e+09,3.25333e+09|3.47681e+12|6.95475e+08|6.00756e+08|4.02817e+11|5.46706e+09|1.9995e+09|3.99742e+10|2.63856e+10|9.95548e+11|3.06441e+12|1.00891e+12|5.90481e+09|5.32754e+11|2.026e+11|1.84853e+11|1.03773e+12|9.31081e+08,1.65606e-05|0.000333482|3.31663e-05|0.000405301|2.37882e-05|1.55089e-05|1.85445e-05|0.000884459|0.000454829|6.26079e-05|6.7152e-05|1.13419e-05|0.000385595|3.13497e-05|0.00077073|0.000187958|0.000314672|0.000962884,0.000261068|0.000106174|0.000798295|0.000295348|0.00359542|0.00259366|0.00366402|0.000925905|0.000993263|0.00467613|0.00183418|0.00105353|0.0053547|0.00494547|0.000223728|0.00124643|0.000259122|0.00020631,0.0149239|0.020331|0.022815|0.0368533|0.0411679|0.0414597|0.0135877|0.00889984|0.0165406|0.0202053|0.0185019|0.00180998|0.0129799|0.024784|0.00757137|0.008984|0.00551956|0.0149268,0.0412895|0.0123668|0.0159416|0.0136531|0.0200669|0.01537|0.0409257|0.0484608|0.0150697|0.0147381|0.0267303|0.0338682|0.0225417|0.0497329|0.0158785|0.0367367|0.033459|0.0460367,0.966562|0.966881|0.946201|0.922328|0.958857|0.953815|0.935008|0.991284|0.931027|0.990084|0.91938|0.988902|0.921043|0.975369|0.954493|0.943416|0.922419|0.991514,0.044073|0.100884|2.38856|1.87964|2.71668|1.45863|2.31751|2.73774|0.741623|0.795098|3.57535|5.70191|0.152741|5.46142|4.28182|3.46481|0.720084|1.43787,30.2686|65.1286|89.2299|64.4551|61.2747|27.3217|49.6282|23.5709|31.5608|18.7034|63.8366|42.5138|15.3326|43.2583|81.3396|99.595|65.9961,0.233793|0.246374|0.249364|0.223623|0.20285|0.21768|0.244009|0.204516|0.162794|0.243248|0.246412|0.199324|0.218114|0.24208|0.182333|0.184736|0.211961,0.365721|0.670433|0.943299|0.399603|0.353403|0.946258|0.690022|0.616785|0.442657|0.57611|0.780822|0.638543|0.769449|0.374292|0.519796|0.509202|0.74,0.836712,0.95003,0.0605752,0.0262135,0.963917,0.465123,0.15314,0.474832,0.221241,0.939811,45.7498,4.30327e-11,91817,0.946666,47.3408,5.83316e-12,89819,0.806875,0.804562,0.0308693,0.827622,0.153213,0.478528,0.188721,0.468424,0.0909349,0.884044,30.5298,9.32513e-10,24710,0.952989,52.309,3.28469e-13,20664
11,159,n1->n2->n3->n13->n12->n11->n21->n22->n23->n24->n14->n4->n5->n6->n7->n8->n9->n10,3.81628e+09|3.17307e+11|9.55297e+11|9.81467e+09|2.1111e+11|2.52501e+13|2.14937e+09|3.67533e+09|6.10326e+09|4.58897e+12|2.91479e+13|8.2339e+09|1.37938e+13|4.81192e+11|4.80907e+13|8.1696e+11|2.30789e+12|4.53093e+09,3.25333e+09|7.16144e+10|1.77834e+11|3.1802e+09|1.05012e+11|3.47681e+12|6.95475e+08|2.7041e+09|4.29963e+09|2.50135e+12|4.85425e+12|1.86231e+09|1.38001e+12|3.85536e+11|1.83015e+13|1.84853e+11|1.03773e+12|9.31081e+08,1.65606e-05|2.94581e-05|2.34356e-05|0.000184444|1.23997e-05|0.000333482|3.31663e-05|0.000252666|0.000453384|0.00040566|0.000173701|5.62105e-05|0.000116756|0.000284109|0.000167308|0.000187958|0.000314672|0.000962884,0.000261068|0.0082771|0.000154657|0.00073597|0.00623448|0.000106174|0.000798295|0.000120953|0.00368377|0.00129631|0.00786944|0.0010007|0.000330332|0.000503779|0.00108045|0.00124643|0.000259122|0.00020631,0.0149239|0.023169|0.00381353|0.0213516|0.0180599|0.020331|0.022815|0.00578932|0.0307353|0.0106514|0.0264898|0.0435318|0.0206384|0.0246782|0.0277248|0.008984|0.00551956|0.0149268,0.0412895|0.0464405|0.0376584|0.039085|0.00826329|0.0123668|0.0159416|0.00482572|0.0361747|0.00422712|0.0488449|0.0417385|0.0210152|0.0194929|0.0333838|0.0367367|0.033459|0.0460367,0.966562|0.91558|0.926805|0.928597|0.921419|0.966881|0.946201|0.905866|0.970156|0.939809|0.929454|0.900946|0.937217|0.978715|0.962228|0.943416|0.922419|0.991514,0.044073|1.15275|6.14759|3.91297|2.12941|0.100884|2.38856|0.371065|5.58772|0.576078|3.54556|2.57143|5.60429|1.17871|1.34553|3.46481|0.720084|1.43787,79.8117|37.015|83.9106|13.9548|24.4191|65.1286|34.0839|55.8812|67.5745|66.6304|52.1141|81.7362|37.2729|32.9383|55.4093|99.595|65.9961,0.180405|0.162173|0.247463|0.240484|0.238508|0.246374|0.233339|0.198716|0.245578|0.223135|0.232653|0.213965|0.247945|0.235444|0.210203|0.184736|0.211961,0.820707|0.488085|0.917952|0.503208|0.981001|0.670433|0.348713|0.142489|0.848505|0.324891|0.731436|0.340685|0.439527|0.299341|0.426554|0.509202|0.74,0.836712,0.95003,0.0605752,0.0262135,0.963917,0.465123,0.15314,0.474832,0.221241,0.939811,45.7498,4.30327e-11,91817,0.946666,47.3408,5.83316e-12,89819,0.806875,0.804562,0.0308693,0.827622,0.153213,0.478528,0.188721,0.468424,0.0909349,0.884044,30.5298,9.32513e-10,24710,0.952989,52.309,3.28469e-13,20664
11,160,n1->n11->n21->n22->n12->n2->n3->n13->n14->n24->n25->n26->n16->n6->n7->n8->n9->n10,3.81628e+09|2.52501e+13|2.14937e+09|3.67533e+09|2.1111e+11|3.17307e+11|9.55297e+11|9.81467e+09|2.91479e+13|4.58897e+12|7.02296e+09|2.34091e+12|6.90472e+11|4.81192e+11|4.80907e+13|8.1696e+11|2.30789e+12|4.53093e+09,3.25333e+09|3.47681e+12|6.95475e+08|2.7041e+09|1.05012e+11|7.16144e+10|1.77834e+11|3.1802e+09|4.85425e+12|2.50135e+12|7.41925e+08|1.00891e+12|6.89981e+11|3.85536e+11|1.83015e+13|1.84853e+11|1.03773e+12|9.31081e+08,1.65606e-05|0.000333482|3.31663e-05|0.000252666|1.23997e-05|2.94581e-05|2.34356e-05|0.000184444|0.000173701|0.00040566|3.98486e-05|1.13419e-05|0.000342499|0.000284109|0.000167308|0.000187958|0.000314672|0.000962884,0.000261068|0.000106174|0.000798295|0.000120953|0.00623448|0.0082771|0.000154657|0.00073597|0.00786944|0.00129631|0.00870955|0.00105353|0.00111591|0.000503779|0.00108045|0.00124643|0.000259122|0.00020631,0.0149239|0.020331|0.022815|0.00578932|0.0180599|0.023169|0.00381353|0.0213516|0.0264898|0.0106514|0.0189466|0.00180998|0.0327472|0.0246782|0.0277248|0.008984|0.00551956|0.0149268,0.0412895|0.0123668|0.0159416|0.00482572|0.00826329|0.0464405|0.0376584|0.039085|0.0488449|0.00422712|0.0120446|0.0338682|0.00971357|0.0194929|0.0333838|0.0367367|0.033459|0.0460367,0.966562|0.966881|0.946201|0.905866|0.921419|0.91558|0.926805|0.928597|0.929454|0.939809|0.938328|0.988902|0.901048|0.978715|0.962228|0.943416|0.922419|0.991514,0.044073|0.100884|2.38856|0.371065|2.12941|1.15275|6.14759|3.91297|3.54556|0.576078|1.89337|5.70191|1.61346|1.17871|1.34553|3.46481|0.720084|1.43787,30.2686|65.1286|34.0839|13.2112|88.6198|37.015|83.9106|56.34|66.6304|18.2346|55.6995|11.0615|50.0569|32.9383|55.4093|99.595|65.9961,0.233793|0.246374|0.233339|0.23086|0.1753|0.162173|0.247463|0.231665|0.223135|0.206582|0.173773|0.225802|0.225307|0.235444|0.210203|0.184736|0.211961,0.365721|0.670433|0.348713|0.959801|0.836696|0.488085|0.917952|0.474189|0.324891|0.438744|0.285241|0.777864|0.100621|0.299341|0.426554|0.509202|0.74,0.836712,0.95003,0.0605752,0.0262135,0.963917,0.465123,0.15314,0.474832,0.221241,0.939811,45.7498,4.30327e-11,91817,0.946666,47.3408,5.83316e-12,89819,0.806875,0.804562,0.0308693,0.827622,0.153213,0.478528,0.188721,0.468424,0.0909349,0.884044,30.5298,9.32513e-10,24710,0.952989,52.309,3.28469e-13,20664
11,161,n1->n11->n12->n2->n3->n4->n14->n24->n34->n35->n45->n46->n36->n26->n16->n17->n18->n19->n20->n10,3.81628e+09|2.52501e+13|2.1111e+11|3.17307e+11|9.55297e+11|8.2339e+09|2.91479e+13|4.58897e+12|5.50719e+10|7.81812e+12|1.12054e+12|1.06921e+12|2.65625e+13|2.34091e+12|6.90472e+11|1.49573e+11|1.26146e+12|1.16537e+09|9.60703e+09|4.53093e+09,3.25333e+09|3.47681e+12|1.05012e+11|7.16144e+10|1.77834e+11|1.86231e+09|4.85425e+12|2.50135e+12|2.63856e+10|9.95548e+11|7.67422e+11|4.22679e+11|3.06441e+12|1.00891e+12|6.89981e+11|2.52876e+10|2.026e+11|6.99014e+08|1.01137e+09|9.31081e+08,1.65606e-05|0.000333482|1.23997e-05|2.94581e-05|2.34356e-05|5.62105e-05|0.000173701|0.00040566|0.000454829|6.26079e-05|0.000121008|0.000372398|6.7152e-05|1.13419e-05|0.000342499|0.000106677|0.00077073|2.23892e-05|0.000360246|0.000962884,0.000261068|0.000106174|0.00623448|0.0082771|0.000154657|0.0010007|0.00786944|0.00129631|0.000993263|0.00467613|0.00028017|0.000141013|0.00183418|0.00105353|0.00111591|0.00206961|0.000223728|0.000391715|0.00927779|0.00020631,0.0149239|0.020331|0.0180599|0.023169|0.00381353|0.0435318|0.0264898|0.0106514|0.0165406|0.0202053|0.0130833|0.0101456|0.0185019|0.00180998|0.0327472|0.0327897|0.00757137|0.0161043|0.0329774|0.0149268,0.0412895|0.0123668|0.00826329|0.0464405|0.0376584|0.0417385|0.0488449|0.00422712|0.0150697|0.0147381|0.00504203|0.0454781|0.0267303|0.0338682|0.00971357|0.0446882|0.0158785|0.0166223|0.029507|0.0460367,0.966562|0.966881|0.921419|0.91558|0.926805|0.900946|0.929454|0.939809|0.931027|0.990084|0.969913|0.954362|0.91938|0.988902|0.901048|0.9918|0.954493|0.972235|0.986266|0.991514,0.044073|0.100884|2.12941|1.15275|6.14759|2.57143|3.54556|0.576078|0.741623|0.795098|0.66565|2.87575|3.57535|5.70191|1.61346|5.5964|4.28182|0.257261|1.60192|1.43787,30.2686|24.4191|88.6198|37.015|10.4739|52.1141|66.6304|58.7029|31.5608|97.1045|61.2725|70.4589|63.8366|11.0615|32.2763|27.3162|28.0546|10.3361|29.3778,0.233793|0.238508|0.1753|0.162173|0.183499|0.232653|0.223135|0.171068|0.162794|0.16832|0.213753|0.237671|0.246412|0.225802|0.206947|0.195193|0.21248|0.236076|0.163527,0.365721|0.981001|0.836696|0.488085|0.949324|0.731436|0.324891|0.195268|0.442657|0.317503|0.977027|0.388609|0.780822|0.777864|0.756824|0.721446|0.717834|0.380012|0.849414,0.836712,0.95003,0.0605752,0.0262135,0.963917,0.465123,0.15314,0.474832,0.221241,0.939811,45.7498,4.30327e-11,91817,0.946666,47.3408,5.83316e-12,89819,0.806875,0.804562,0.0308693,0.827622,0.153213,0.478528,0.188721,0.468424,0.0909349,0.884044,30.5298,9.32513e-10,24710,0.952989,52.309,3.28469e-13,20664
11,162,n1->n11->n21->n31->n32->n22->n23->n24->n34->n35->n36->n26->n16->n17->n27->n28->n18->n19->n9->n10,3.81628e+09|2.52501e+13|2.14937e+09|3.81124e+09|2.53898e+13|3.67533e+09|6.10326e+09|4.58897e+12|5.50719e+10|7.81812e+12|2.65625e+13|2.34091e+12|6.90472e+11|1.49573e+11|1.06797e+10|1.97271e+12|1.26146e+12|1.16537e+09|2.30789e+12|4.53093e+09,3.25333e+09|3.47681e+12|6.95475e+08|6.00756e+08|6.33615e+12|2.7041e+09|4.29963e+09|2.50135e+12|2.63856e+10|9.95548e+11|3.06441e+12|1.00891e+12|6.89981e+11|2.52876e+10|5.90481e+09|5.32754e+11|2.026e+11|6.99014e+08|1.03773e+12|9.31081e+08,1.65606e-05|0.000333482|3.31663e-05|0.000405301|3.07271e-05|0.000252666|0.000453384|0.00040566|0.000454829|6.26079e-05|6.7152e-05|1.13419e-05|0.000342499|0.000106677|0.000385595|3.13497e-05|0.00077073|2.23892e-05|0.000314672|0.000962884,0.000261068|0.000106174|0.000798295|0.000295348|0.0011838|0.000120953|0.00368377|0.00129631|0.000993263|0.00467613|0.00183418|0.00105353|0.00111591|0.00206961|0.0053547|0.00494547|0.000223728|0.000391715|0.000259122|0.00020631,0.0149239|0.020331|0.022815|0.0368533|0.0192821|0.00578932|0.0307353|0.0106514|0.0165406|0.0202053|0.0185019|0.00180998|0.0327472|0.0327897|0.0129799|0.024784|0.00757137|0.0161043|0.00551956|0.0149268,0.0412895|0.0123668|0.0159416|0.0136531|0.0395099|0.00482572|0.0361747|0.00422712|0.0150697|0.0147381|0.0267303|0.0338682|0.00971357|0.0446882|0.0225417|0.0497329|0.0158785|0.0166223|0.033459|0.0460367,0.966562|0.966881|0.946201|0.922328|0.994092|0.905866|0.970156|0.939809|0.931027|0.990084|0.91938|0.988902|0.901048|0.9918|0.921043|0.975369|0.954493|0.972235|0.922419|0.991514,0.044073|0.100884|2.38856|1.87964|3.30856|0.371065|5.58772|0.576078|0.741623|0.795098|3.57535|5.70191|1.61346|5.5964|0.152741|5.46142|4.28182|0.257261|0.720084|1.43787,30.2686|65.1286|89.2299|63.0993|86.2435|55.8812|67.5745|58.7029|31.5608|18.7034|63.8366|11.0615|32.2763|72.2829|15.3326|43.2583|28.0546|99.0064|65.9961,0.233793|0.246374|0.249364|0.190598|0.187315|0.198716|0.245578|0.171068|0.162794|0.243248|0.246412|0.225802|0.206947|0.181484|0.218114|0.24208|0.21248|0.220943|0.211961,0.365721|0.670433|0.943299|0.438574|0.852537|0.142489|0.848505|0.195268|0.442657|0.57611|0.780822|0.777864|0.756824|0.529686|0.769449|0.374292|0.717834|0.31779|0.74,0.836712,0.95003,0.0605752,0.0262135,0.963917,0.465123,0.15314,0.474832,0.221241,0.939811,45.7498,4.30327e-11,91817,0.946666,47.3408,5.83316e-12,89819,0.806875,0.804562,0.0308693,0.827622,0.153213,0.478528,0.188721,0.468424,0.0909349,0.884044,30.5298,9.32513e-10,24710,0.952989,52.309,3.28469e-13,20664
11,163,n1->n11->n21->n22->n32->n33->n34->n24->n25->n35->n45->n46->n47->n48->n49->n50->n40->n30->n20->n10,3.81628e+09|2.52501e+13|2.14937e+09|3.67533e+09|2.53898e+13|1.81445e+11|5.50719e+10|4.58897e+12|7.02296e+09|7.81812e+12|1.12054e+12|1.06921e+12|5.47496e+12|3.04067e+09|2.01187e+09|1.2951e+09|5.6157e+10|1.3379e+10|9.60703e+09|4.53093e+09,3.25333e+09|3.47681e+12|6.95475e+08|2.7041e+09|6.33615e+12|3.99742e+10|2.63856e+10|2.50135e+12|7.41925e+08|9.95548e+11|7.67422e+11|4.22679e+11|4.37433e+12|1.93485e+09|1.86798e+09|1.51594e+08|8.17539e+09|3.91441e+09|1.01137e+09|9.31081e+08,1.65606e-05|0.000333482|3.31663e-05|0.000252666|3.07271e-05|0.000884459|0.000454829|0.00040566|3.98486e-05|6.26079e-05|0.000121008|0.000372398|3.35753e-05|0.00092996|0.000715535|0.000387288|3.37418e-05|5.26975e-05|0.000360246|0.000962884,0.000261068|0.000106174|0.000798295|0.000120953|0.0011838|0.000925905|0.000993263|0.00129631|0.00870955|0.00467613|0.00028017|0.000141013|0.0063526|0.000392602|0.000172535|0.000566096|0.000197847|0.00225502|0.00927779|0.00020631,0.0149239|0.020331|0.022815|0.00578932|0.0192821|0.00889984|0.0165406|0.0106514|0.0189466|0.0202053|0.0130833|0.0101456|0.00543473|0.0162806|0.0264762|0.0334216|0.0197123|0.00375381|0.0329774|0.0149268,0.0412895|0.0123668|0.0159416|0.00482572|0.0395099|0.0484608|0.0150697|0.00422712|0.0120446|0.0147381|0.00504203|0.0454781|0.0488842|0.013949|0.0496426|0.0369591|0.0436284|0.0244379|0.029507|0.0460367,0.966562|0.966881|0.946201|0.905866|0.994092|0.991284|0.931027|0.939809|0.938328|0.990084|0.969913|0.954362|0.915661|0.914709|0.980999|0.940107|0.932971|0.916555|0.986266|0.991514,0.044073|0.100884|2.38856|0.371065|3.30856|2.73774|0.741623|0.576078|1.89337|0.795098|0.66565|2.87575|1.67281|4.94766|4.49332|0.900894|0.935081|3.81217|1.60192|1.43787,30.2686|65.1286|34.0839|86.2435|67.4197|23.5709|58.7029|18.2346|88.4205|97.1045|61.2725|46.986|13.4252|52.0957|38.9947|91.3525|98.0873|23.9015|29.3778,0.233793|0.246374|0.233339|0.187315|0.160716|0.204516|0.171068|0.206582|0.227841|0.16832|0.213753|0.205561|0.211188|0.218349|0.241866|0.221517|0.204989|0.225083|0.163527,0.365721|0.670433|0.348713|0.852537|0.175903|0.616785|0.195268|0.438744|0.443533|0.317503|0.977027|0.259186|0.85369|0.822843|0.145806|0.3459|0.197154|0.876583|0.849414,0.836712,0.95003,0.0605752,0.0262135,0.963917,0.465123,0.15314,0.474832,0.221241,0.939811,45.7498,4.30327e-11,91817,0.946666,47.3408,5.83316e-12,89819,0.806875,0.804562,0.0308693,0.827622,0.153213,0.478528,0.188721,0.468424,0.0909349,0.884044,30.5298,9.32513e-10,24710,0.952989,52.309,3.28469e-13,20664
11,164,n1->n11->n21->n31->n41->n51->n52->n42->n43->n33->n34->n24->n25->n15->n16->n17->n7->n8->n9->n10,3.81628e+09|2.52501e+13|2.14937e+09|3.81124e+09|4.10359e+11|8.57971e+10|1.13711e+11|2.04944e+10|4.33813e+09|1.81445e+11|5.50719e+10|4.58897e+12|7.02296e+09|3.5907e+10|6.90472e+11|1.49573e+11|4.80907e+13|8.1696e+11|2.30789e+12|4.53093e+09,3.25333e+09|3.47681e+12|6.95475e+08|6.00756e+08|4.02817e+11|6.3756e+10|1.0988e+11|5.46706e+09|1.9995e+09|3.99742e+10|2.63856e+10|2.50135e+12|7.41925e+08|3.62158e+09|6.89981e+11|2.52876e+10|1.83015e+13|1.84853e+11|1.03773e+12|9.31081e+08,1.65606e-05|0.000333482|3.31663e-05|0.000405301|2.37882e-05|4.59379e-05|0.000518975|1.55089e-05|1.85445e-05|0.000884459|0.000454829|0.00040566|3.98486e-05|0.00098768|0.000342499|0.000106677|0.000167308|0.000187958|0.000314672|0.000962884,0.000261068|0.000106174|0.000798295|0.000295348|0.00359542|0.000133444|0.00036399|0.00259366|0.00366402|0.000925905|0.000993263|0.00129631|0.00870955|0.000302079|0.00111591|0.00206961|0.00108045|0.00124643|0.000259122|0.00020631,0.0149239|0.020331|0.022815|0.0368533|0.0411679|0.0479566|0.0185524|0.0414597|0.0135877|0.00889984|0.0165406|0.0106514|0.0189466|0.0486551|0.0327472|0.0327897|0.0277248|0.008984|0.00551956|0.0149268,0.0412895|0.0123668|0.0159416|0.0136531|0.0200669|0.0340338|0.0137871|0.01537|0.0409257|0.0484608|0.0150697|0.00422712|0.0120446|0.0326516|0.00971357|0.0446882|0.0333838|0.0367367|0.033459|0.0460367,0.966562|0.966881|0.946201|0.922328|0.958857|0.951381|0.962637|0.953815|0.935008|0.991284|0.931027|0.939809|0.938328|0.985874|0.901048|0.9918|0.962228|0.943416|0.922419|0.991514,0.044073|0.100884|2.38856|1.87964|2.71668|5.20944|4.01704|1.45863|2.31751|2.73774|0.741623|0.576078|1.89337|6.07711|1.61346|5.5964|1.34553|3.46481|0.720084|1.43787,30.2686|65.1286|89.2299|64.4551|23.0914|43.4967|93.5115|27.3217|49.6282|23.5709|58.7029|18.2346|54.7186|56.2706|32.2763|59.8148|55.4093|99.595|65.9961,0.233793|0.246374|0.249364|0.223623|0.196006|0.226545|0.189898|0.21768|0.244009|0.204516|0.171068|0.206582|0.2102|0.224038|0.206947|0.19432|0.210203|0.184736|0.211961,0.365721|0.670433|0.943299|0.399603|0.5921|0.952383|0.626372|0.946258|0.690022|0.616785|0.195268|0.438744|0.433332|0.441456|0.756824|0.320068|0.426554|0.509202|0.74,0.836712,0.95003,0.0605752,0.0262135,0.963917,0.465123,0.15314,0.474832,0.221241,0.939811,45.7498,4.30327e-11,91817,0.946666,47.3408,5.83316e-12,89819,0.806875,0.804562,0.0308693,0.827622,0.153213,0.478528,0.188721,0.468424,0.0909349,0.884044,30.5298,9.32513e-10,24710,0.952989,52.309,3.28469e-13,20664
11,165,n1->n11->n12->n22->n23->n33->n34->n35->n36->n46->n56->n57->n47->n48->n49->n50->n40->n30->n20->n10,3.81628e+09|2.52501e+13|2.1111e+11|3.67533e+09|6.10326e+09|1.81445e+11|5.50719e+10|7.81812e+12|2.65625e+13|1.06921e+12|9.4832e+10|2.56015e+09|5.47496e+12|3.04067e+09|2.01187e+09|1.2951e+09|5.6157e+10|1.3379e+10|9.60703e+09|4.53093e+09,3.25333e+09|3.47681e+12|1.05012e+11|2.7041e+09|4.29963e+09|3.99742e+10|2.63856e+10|9.95548e+11|3.06441e+12|4.22679e+11|1.88694e+10|2.52335e+09|4.37433e+12|1.93485e+09|1.86798e+09|1.51594e+08|8.17539e+09|3.91441e+09|1.01137e+09|9.31081e+08,1.65606e-05|0.000333482|1.23997e-05|0.000252666|0.000453384|0.000884459|0.000454829|6.26079e-05|6.7152e-05|0.000372398|0.000691749|1.04176e-05|3.35753e-05|0.00092996|0.000715535|0.000387288|3.37418e-05|5.26975e-05|0.000360246|0.000962884,0.000261068|0.000106174|0.00623448|0.000120953|0.00368377|0.000925905|0.000993263|0.00467613|0.00183418|0.000141013|0.000940469|0.00260849|0.0063526|0.000392602|0.000172535|0.000566096|0.000197847|0.00225502|0.00927779|0.00020631,0.0149239|0.020331|0.0180599|0.00578932|0.0307353|0.00889984|0.0165406|0.0202053|0.0185019|0.0101456|0.0307163|0.0305533|0.00543473|0.0162806|0.0264762|0.0334216|0.0197123|0.00375381|0.0329774|0.0149268,0.0412895|0.0123668|0.00826329|0.00482572|0.0361747|0.0484608|0.0150697|0.0147381|0.0267303|0.0454781|0.0347925|0.0276276|0.0488842|0.013949|0.0496426|0.0369591|0.0436284|0.0244379|0.029507|0.0460367,0.966562|0.966881|0.921419|0.905866|0.970156|0.991284|0.931027|0.990084|0.91938|0.954362|0.982784|0.974654|0.915661|0.914709|0.980999|0.940107|0.932971|0.916555|0.986266|0.991514,0.044073|0.100884|2.12941|0.371065|5.58772|2.73774|0.741623|0.795098|3.57535|2.87575|0.815193|6.23589|1.67281|4.94766|4.49332|0.900894|0.935081|3.81217|1.60192|1.43787,30.2686|24.4191|13.2112|55.8812|76.7594|23.5709|31.5608|18.7034|70.4589|31.554|71.5316|88.8597|13.4252|52.0957|38.9947|91.3525|98.0873|23.9015|29.3778,0.233793|0.238508|0.23086|0.198716|0.195707|0.204516|0.162794|0.243248|0.237671|0.217918|0.201489|0.192928|0.211188|0.218349|0.241866|0.221517|0.204989|0.225083|0.163527,0.365721|0.981001|0.959801|0.142489|0.150883|0.616785|0.442657|0.57611|0.388609|0.813184|0.172824|0.922391|0.85369|0.822843|0.145806|0.3459|0.197154|0.876583|0.849414,0.836712,0.95003,0.0605752,0.0262135,0.963917,0.465123,0.15314,0.474832,0.221241,0.939811,45.7498,4.30327e-11,91817,0.946666,47.3408,5.83316e-12,89819,0.806875,0.804562,0.0308693,0.827622,0.153213,0.478528,0.188721,0.468424,0.0909349,0.884044,30.5298,9.32513e-10,24710,0.952989,52.309,3.28469e-13,20664
11,166,n1->n11->n21->n22->n23->n24->n14->n4->n5->n15->n25->n35->n36->n37->n38->n39->n29->n30->n20->n10,3.81628e+09|2.52501e+13|2.14937e+09|3.67533e+09|6.10326e+09|4.58897e+12|2.91479e+13|8.2339e+09|1.37938e+13|3.5907e+10|7.02296e+09|7.81812e+12|2.65625e+13|4.70754e+09|2.44316e+12|1.80903e+09|7.35633e+12|1.3379e+10|9.60703e+09|4.53093e+09,3.25333e+09|3.47681e+12|6.95475e+08|2.7041e+09|4.29963e+09|2.50135e+12|4.85425e+12|1.86231e+09|1.38001e+12|3.62158e+09|7.41925e+08|9.95548e+11|3.06441e+12|2.94368e+09|2.91553e+11|2.42123e+08|9.38828e+11|3.91441e+09|1.01137e+09|9.31081e+08,1.65606e-05|0.000333482|3.31663e-05|0.000252666|0.000453384|0.00040566|0.000173701|5.62105e-05|0.000116756|0.00098768|3.98486e-05|6.26079e-05|6.7152e-05|0.000147089|2.61444e-05|7.80254e-05|1.34914e-05|5.26975e-05|0.000360246|0.000962884,0.000261068|0.000106174|0.000798295|0.000120953|0.00368377|0.00129631|0.00786944|0.0010007|0.000330332|0.000302079|0.00870955|0.00467613|0.00183418|0.000920162|0.00298605|0.00153317|0.00676328|0.00225502|0.00927779|0.00020631,0.0149239|0.020331|0.022815|0.00578932|0.0307353|0.0106514|0.0264898|0.0435318|0.0206384|0.0486551|0.0189466|0.0202053|0.0185019|0.00273334|0.00736111|0.0226891|0.00690986|0.00375381|0.0329774|0.0149268,0.0412895|0.0123668|0.0159416|0.00482572|0.0361747|0.00422712|0.0488449|0.0417385|0.0210152|0.0326516|0.0120446|0.0147381|0.0267303|0.0249887|0.0122774|0.0323535|0.0195613|0.0244379|0.029507|0.0460367,0.966562|0.966881|0.946201|0.905866|0.970156|0.939809|0.929454|0.900946|0.937217|0.985874|0.938328|0.990084|0.91938|0.953539|0.961831|0.971819|0.957942|0.916555|0.986266|0.991514,0.044073|0.100884|2.38856|0.371065|5.58772|0.576078|3.54556|2.57143|5.60429|6.07711|1.89337|0.795098|3.57535|1.66924|4.57945|5.96616|1.3314|3.81217|1.60192|1.43787,30.2686|65.1286|34.0839|55.8812|67.5745|66.6304|52.1141|81.7362|35.0583|54.7186|88.4205|18.7034|29.3504|37.0378|69.5993|44.1502|83.4704|23.9015|29.3778,0.233793|0.246374|0.233339|0.198716|0.245578|0.223135|0.232653|0.213965|0.165289|0.2102|0.227841|0.243248|0.241567|0.229194|0.247201|0.198568|0.184369|0.225083|0.163527,0.365721|0.670433|0.348713|0.142489|0.848505|0.324891|0.731436|0.340685|0.998548|0.433332|0.443533|0.57611|0.992314|0.300005|0.495278|0.621441|0.419692|0.876583|0.849414,0.836712,0.95003,0.0605752,0.0262135,0.963917,0.465123,0.15314,0.474832,0.221241,0.939811,45.7498,4.30327e-11,91817,0.946666,47.3408,5.83316e-12,89819,0.806875,0.804562,0.0308693,0.827622,0.153213,0.478528,0.188721,0.468424,0.0909349,0.884044,30.5298,9.32513e-10,24710,0.952989,52.309,3.28469e-13,20664
11,167,n1->n2->n3->n4->n5->n6->n7->n8->n18->n17->n27->n26->n36->n37->n38->n39->n40->n30->n20->n10,3.81628e+09|3.17307e+11|9.55297e+11|8.2339e+09|1.37938e+13|4.81192e+11|4.80907e+13|8.1696e+11|1.26146e+12|1.49573e+11|1.06797e+10|2.34091e+12|2.65625e+13|4.70754e+09|2.44316e+12|1.80903e+09|5.6157e+10|1.3379e+10|9.60703e+09|4.53093e+09,3.25333e+09|7.16144e+10|1.77834e+11|1.86231e+09|1.38001e+12|3.85536e+11|1.83015e+13|1.84853e+11|2.026e+11|2.52876e+10|5.90481e+09|1.00891e+12|3.06441e+12|2.94368e+09|2.91553e+11|2.42123e+08|8.17539e+09|3.91441e+09|1.01137e+09|9.31081e+08,1.65606e-05|2.94581e-05|2.34356e-05|5.62105e-05|0.000116756|0.000284109|0.000167308|0.000187958|0.00077073|0.000106677|0.000385595|1.13419e-05|6.7152e-05|0.000147089|2.61444e-05|7.80254e-05|3.37418e-05|5.26975e-05|0.000360246|0.000962884,0.000261068|0.0082771|0.000154657|0.0010007|0.000330332|0.000503779|0.00108045|0.00124643|0.000223728|0.00206961|0.0053547|0.00105353|0.00183418|0.000920162|0.00298605|0.00153317|0.000197847|0.00225502|0.00927779|0.00020631,0.0149239|0.023169|0.00381353|0.0435318|0.0206384|0.0246782|0.0277248|0.008984|0.00757137|0.0327897|0.0129799|0.00180998|0.0185019|0.00273334|0.00736111|0.0226891|0.0197123|0.00375381|0.0329774|0.0149268,0.0412895|0.0464405|0.0376584|0.0417385|0.0210152|0.0194929|0.0333838|0.0367367|0.0158785|0.0446882|0.0225417|0.0338682|0.0267303|0.0249887|0.0122774|0.0323535|0.0436284|0.0244379|0.029507|0.0460367,0.966562|0.91558|0.926805|0.900946|0.937217|0.978715|0.962228|0.943416|0.954493|0.9918|0.921043|0.988902|0.91938|0.953539|0.961831|0.971819|0.932971|0.916555|0.986266|0.991514,0.044073|1.15275|6.14759|2.57143|5.60429|1.17871|1.34553|3.46481|4.28182|5.5964|0.152741|5.70191|3.57535|1.66924|4.57945|5.96616|0.935081|3.81217|1.60192|1.43787,79.8117|37.015|10.4739|81.7362|37.2729|32.9383|55.4093|81.3396|27.3162|72.2829|42.5138|63.8366|29.3504|37.0378|69.5993|86.0567|98.0873|23.9015|29.3778,0.180405|0.162173|0.183499|0.213965|0.247945|0.235444|0.210203|0.182333|0.195193|0.181484|0.199324|0.246412|0.241567|0.229194|0.247201|0.19629|0.204989|0.225083|0.163527,0.820707|0.488085|0.949324|0.340685|0.439527|0.299341|0.426554|0.519796|0.721446|0.529686|0.638543|0.780822|0.992314|0.300005|0.495278|0.156717|0.197154|0.876583|0.849414,0.836712,0.95003,0.0605752,0.0262135,0.963917,0.465123,0.15314,0.474832,0.221241,0.939811,45.7498,4.30327e-11,91817,0.946666,47.3408,5.83316e-12,89819,0.806875,0.804562,0.0308693,0.827622,0.153213,0.478528,0.188721,0.468424,0.0909349,0.884044,30.5298,9.32513e-10,24710,0.952989,52.309,3.28469e-13,20664
11,168,n1->n2->n12->n11->n21->n31->n32->n22->n23->n33->n34->n35->n36->n26->n16->n17->n7->n8->n9->n10,3.81628e+09|3.17307e+11|2.1111e+11|2.52501e+13|2.14937e+09|3.81124e+09|2.53898e+13|3.67533e+09|6.10326e+09|1.81445e+11|5.50719e+10|7.81812e+12|2.65625e+13|2.34091e+12|6.90472e+11|1.49573e+11|4.80907e+13|8.1696e+11|2.30789e+12|4.53093e+09,3.25333e+09|7.16144e+10|1.05012e+11|3.47681e+12|6.95475e+08|6.00756e+08|6.33615e+12|2.7041e+09|4.29963e+09|3.99742e+10|2.63856e+10|9.95548e+11|3.06441e+12|1.00891e+12|6.89981e+11|2.52876e+10|1.83015e+13|1.84853e+11|1.03773e+12|9.31081e+08,1.65606e-05|2.94581e-05|1.23997e-05|0.000333482|3.31663e-05|0.000405301|3.07271e-05|0.000252666|0.000453384|0.000884459|0.000454829|6.26079e-05|6.7152e-05|1.13419e-05|0.000342499|0.000106677|0.000167308|0.000187958|0.000314672|0.000962884,0.000261068|0.0082771|0.00623448|0.000106174|0.000798295|0.000295348|0.0011838|0.000120953|0.00368377|0.000925905|0.000993263|0.00467613|0.00183418|0.00105353|0.00111591|0.00206961|0.00108045|0.00124643|0.000259122|0.00020631,0.0149239|0.023169|0.0180599|0.020331|0.022815|0.0368533|0.0192821|0.00578932|0.0307353|0.00889984|0.0165406|0.0202053|0.0185019|0.00180998|0.0327472|0.0327897|0.0277248|0.008984|0.00551956|0.0149268,0.0412895|0.0464405|0.00826329|0.0123668|0.0159416|0.0136531|0.0395099|0.00482572|0.0361747|0.0484608|0.0150697|0.0147381|0.0267303|0.0338682|0.00971357|0.0446882|0.0333838|0.0367367|0.033459|0.0460367,0.966562|0.91558|0.921419|0.966881|0.946201|0.922328|0.994092|0.905866|0.970156|0.991284|0.931027|0.990084|0.91938|0.988902|0.901048|0.9918|0.962228|0.943416|0.922419|0.991514,0.044073|1.15275|2.12941|0.100884|2.38856|1.87964|3.30856|0.371065|5.58772|2.73774|0.741623|0.795098|3.57535|5.70191|1.61346|5.5964|1.34553|3.46481|0.720084|1.43787,79.8117|88.6198|24.4191|65.1286|89.2299|63.0993|86.2435|55.8812|76.7594|23.5709|31.5608|18.7034|63.8366|11.0615|32.2763|59.8148|55.4093|99.595|65.9961,0.180405|0.1753|0.238508|0.246374|0.249364|0.190598|0.187315|0.198716|0.195707|0.204516|0.162794|0.243248|0.246412|0.225802|0.206947|0.19432|0.210203|0.184736|0.211961,0.820707|0.836696|0.981001|0.670433|0.943299|0.438574|0.852537|0.142489|0.150883|0.616785|0.442657|0.57611|0.780822|0.777864|0.756824|0.320068|0.426554|0.509202|0.74,0.836712,0.95003,0.0605752,0.0262135,0.963917,0.465123,0.15314,0.474832,0.221241,0.939811,45.7498,4.30327e-11,91817,0.946666,47.3408,5.83316e-12,89819,0.806875,0.804562,0.0308693,0.827622,0.153213,0.478528,0.188721,0.468424,0.0909349,0.884044,30.5298,9.32513e-10,24710,0.952989,52.309,3.28469e-13,20664
11,169,n1->n2->n3->n13->n23->n33->n34->n35->n45->n55->n56->n46->n47->n37->n27->n17->n18->n8->n9->n10,3.81628e+09|3.17307e+11|9.55297e+11|9.81467e+09|6.10326e+09|1.81445e+11|5.50719e+10|7.81812e+12|1.12054e+12|1.22906e+12|9.4832e+10|1.06921e+12|5.47496e+12|4.70754e+09|1.06797e+10|1.49573e+11|1.26146e+12|8.1696e+11|2.30789e+12|4.53093e+09,3.25333e+09|7.16144e+10|1.77834e+11|3.1802e+09|4.29963e+09|3.99742e+10|2.63856e+10|9.95548e+11|7.67422e+11|1.38797e+11|1.88694e+10|4.22679e+11|4.37433e+12|2.94368e+09|5.90481e+09|2.52876e+10|2.026e+11|1.84853e+11|1.03773e+12|9.31081e+08,1.65606e-05|2.94581e-05|2.34356e-05|0.000184444|0.000453384|0.000884459|0.000454829|6.26079e-05|0.000121008|7.00918e-05|0.000691749|0.000372398|3.35753e-05|0.000147089|0.000385595|0.000106677|0.00077073|0.000187958|0.000314672|0.000962884,0.000261068|0.0082771|0.000154657|0.00073597|0.00368377|0.000925905|0.000993263|0.00467613|0.00028017|0.00027897|0.000940469|0.000141013|0.0063526|0.000920162|0.0053547|0.00206961|0.000223728|0.00124643|0.000259122|0.00020631,0.0149239|0.023169|0.00381353|0.0213516|0.0307353|0.00889984|0.0165406|0.0202053|0.0130833|0.00997853|0.0307163|0.0101456|0.00543473|0.00273334|0.0129799|0.0327897|0.00757137|0.008984|0.00551956|0.0149268,0.0412895|0.0464405|0.0376584|0.039085|0.0361747|0.0484608|0.0150697|0.0147381|0.00504203|0.0327481|0.0347925|0.0454781|0.0488842|0.0249887|0.0225417|0.0446882|0.0158785|0.0367367|0.033459|0.0460367,0.966562|0.91558|0.926805|0.928597|0.970156|0.991284|0.931027|0.990084|0.969913|0.901084|0.982784|0.954362|0.915661|0.953539|0.921043|0.9918|0.954493|0.943416|0.922419|0.991514,0.044073|1.15275|6.14759|3.91297|5.58772|2.73774|0.741623|0.795098|0.66565|6.0889|0.815193|2.87575|1.67281|1.66924|0.152741|5.5964|4.28182|3.46481|0.720084|1.43787,79.8117|37.015|83.9106|51.9585|76.7594|23.5709|31.5608|97.1045|43.8659|40.979|31.554|46.986|88.6669|44.8869|72.2829|27.3162|81.3396|99.595|65.9961,0.180405|0.162173|0.247463|0.193998|0.195707|0.204516|0.162794|0.16832|0.182601|0.180459|0.217918|0.205561|0.194607|0.224736|0.181484|0.195193|0.182333|0.184736|0.211961,0.820707|0.488085|0.917952|0.362388|0.150883|0.616785|0.442657|0.317503|0.813292|0.54089|0.813184|0.259186|0.727451|0.721224|0.529686|0.721446|0.519796|0.509202|0.74,0.836712,0.95003,0.0605752,0.0262135,0.963917,0.465123,0.15314,0.474832,0.221241,0.939811,45.7498,4.30327e-11,91817,0.946666,47.3408,5.83316e-12,89819,0.806875,0.804562,0.0308693,0.827622,0.153213,0.478528,0.188721,0.468424,0.0909349,0.884044,30.5298,9.32513e-10,24710,0.952989,52.309,3.28469e-13,20664
11,170,n1->n2->n3->n13->n23->n33->n34->n35->n36->n46->n47->n48->n38->n37->n27->n17->n18->n19->n20->n10,3.81628e+09|3.17307e+11|9.55297e+11|9.81467e+09|6.10326e+09|1.81445e+11|5.50719e+10|7.81812e+12|2.65625e+13|1.06921e+12|5.47496e+12|3.04067e+09|2.44316e+12|4.70754e+09|1.06797e+10|1.49573e+11|1.26146e+12|1.16537e+09|9.60703e+09|4.53093e+09,3.25333e+09|7.16144e+10|1.77834e+11|3.1802e+09|4.29963e+09|3.99742e+10|2.63856e+10|9.95548e+11|3.06441e+12|4.22679e+11|4.37433e+12|1.93485e+09|2.91553e+11|2.94368e+09|5.90481e+09|2.52876e+10|2.026e+11|6.99014e+08|1.01137e+09|9.31081e+08,1.65606e-05|2.94581e-05|2.34356e-05|0.000184444|0.000453384|0.000884459|0.000454829|6.26079e-05|6.7152e-05|0.000372398|3.35753e-05|0.00092996|2.61444e-05|0.000147089|0.000385595|0.000106677|0.00077073|2.23892e-05|0.000360246|0.000962884,0.000261068|0.0082771|0.000154657|0.00073597|0.00368377|0.000925905|0.000993263|0.00467613|0.00183418|0.000141013|0.0063526|0.000392602|0.00298605|0.000920162|0.0053547|0.00206961|0.000223728|0.000391715|0.00927779|0.00020631,0.0149239|0.023169|0.00381353|0.0213516|0.0307353|0.00889984|0.0165406|0.0202053|0.0185019|0.0101456|0.00543473|0.0162806|0.00736111|0.00273334|0.0129799|0.0327897|0.00757137|0.0161043|0.0329774|0.0149268,0.0412895|0.0464405|0.0376584|0.039085|0.0361747|0.0484608|0.0150697|0.0147381|0.0267303|0.0454781|0.0488842|0.013949|0.0122774|0.0249887|0.0225417|0.0446882|0.0158785|0.0166223|0.029507|0.0460367,0.966562|0.91558|0.926805|0.928597|0.970156|0.991284|0.931027|0.990084|0.91938|0.954362|0.915661|0.914709|0.961831|0.953539|0.921043|0.9918|0.954493|0.972235|0.986266|0.991514,0.044073|1.15275|6.14759|3.91297|5.58772|2.73774|0.741623|0.795098|3.57535|2.87575|1.67281|4.94766|4.57945|1.66924|0.152741|5.5964|4.28182|0.257261|1.60192|1.43787,79.8117|37.015|83.9106|51.9585|76.7594|23.5709|31.5608|18.7034|70.4589|46.986|13.4252|21.8454|37.0378|44.8869|72.2829|27.3162|28.0546|10.3361|29.3778,0.180405|0.162173|0.247463|0.193998|0.195707|0.204516|0.162794|0.243248|0.237671|0.205561|0.211188|0.204625|0.229194|0.224736|0.181484|0.195193|0.21248|0.236076|0.163527,0.820707|0.488085|0.917952|0.362388|0.150883|0.616785|0.442657|0.57611|0.388609|0.259186|0.85369|0.298152|0.300005|0.721224|0.529686|0.721446|0.717834|0.380012|0.849414,0.836712,0.95003,0.0605752,0.0262135,0.963917,0.465123,0.15314,0.474832,0.221241,0.939811,45.7498,4.30327e-11,91817,0.946666,47.3408,5.83316e-12,89819,0.806875,0.804562,0.0308693,0.827622,0.153213,0.478528,0.188721,0.468424,0.0909349,0.884044,30.5298,9.32513e-10,24710,0.952989,52.309,3.28469e-13,20664
11,171,n1->n2->n12->n22->n23->n33->n34->n44->n45->n35->n25->n26->n16->n17->n7->n8->n9->n19->n20->n10,3.81628e+09|3.17307e+11|2.1111e+11|3.67533e+09|6.10326e+09|1.81445e+11|5.50719e+10|5.66062e+12|1.12054e+12|7.81812e+12|7.02296e+09|2.34091e+12|6.90472e+11|1.49573e+11|4.80907e+13|8.1696e+11|2.30789e+12|1.16537e+09|9.60703e+09|4.53093e+09,3.25333e+09|7.16144e+10|1.05012e+11|2.7041e+09|4.29963e+09|3.99742e+10|2.63856e+10|1.83286e+12|7.67422e+11|9.95548e+11|7.41925e+08|1.00891e+12|6.89981e+11|2.52876e+10|1.83015e+13|1.84853e+11|1.03773e+12|6.99014e+08|1.01137e+09|9.31081e+08,1.65606e-05|2.94581e-05|1.23997e-05|0.000252666|0.000453384|0.000884459|0.000454829|2.52322e-05|0.000121008|6.26079e-05|3.98486e-05|1.13419e-05|0.000342499|0.000106677|0.000167308|0.000187958|0.000314672|2.23892e-05|0.000360246|0.000962884,0.000261068|0.0082771|0.00623448|0.000120953|0.00368377|0.000925905|0.000993263|0.00502131|0.00028017|0.00467613|0.00870955|0.00105353|0.00111591|0.00206961|0.00108045|0.00124643|0.000259122|0.000391715|0.00927779|0.00020631,0.0149239|0.023169|0.0180599|0.00578932|0.0307353|0.00889984|0.0165406|0.0170077|0.0130833|0.0202053|0.0189466|0.00180998|0.0327472|0.0327897|0.0277248|0.008984|0.00551956|0.0161043|0.0329774|0.0149268,0.0412895|0.0464405|0.00826329|0.00482572|0.0361747|0.0484608|0.0150697|0.00513884|0.00504203|0.0147381|0.0120446|0.0338682|0.00971357|0.0446882|0.0333838|0.0367367|0.033459|0.0166223|0.029507|0.0460367,0.966562|0.91558|0.921419|0.905866|0.970156|0.991284|0.931027|0.93952|0.969913|0.990084|0.938328|0.988902|0.901048|0.9918|0.962228|0.943416|0.922419|0.972235|0.986266|0.991514,0.044073|1.15275|2.12941|0.371065|5.58772|2.73774|0.741623|3.60631|0.66565|0.795098|1.89337|5.70191|1.61346|5.5964|1.34553|3.46481|0.720084|0.257261|1.60192|1.43787,79.8117|88.6198|13.2112|55.8812|76.7594|23.5709|46.2248|89.5651|97.1045|88.4205|55.6995|11.0615|32.2763|59.8148|55.4093|99.595|99.0064|10.3361|29.3778,0.180405|0.1753|0.23086|0.198716|0.195707|0.204516|0.231411|0.236274|0.16832|0.227841|0.173773|0.225802|0.206947|0.19432|0.210203|0.184736|0.220943|0.236076|0.163527,0.820707|0.836696|0.959801|0.142489|0.150883|0.616785|0.334506|0.612874|0.317503|0.443533|0.285241|0.777864|0.756824|0.320068|0.426554|0.509202|0.31779|0.380012|0.849414,0.836712,0.95003,0.0605752,0.0262135,0.963917,0.465123,0.15314,0.474832,0.221241,0.939811,45.7498,4.30327e-11,91817,0.946666,47.3408,5.83316e-12,89819,0.806875,0.804562,0.0308693,0.827622,0.153213,0.478528,0.188721,0.468424,0.0909349,0.884044,30.5298,9.32513e-10,24710,0.952989,52.309,3.28469e-13,20664
11,172,n1->n2->n12->n11->n21->n22->n32->n33->n34->n35->n25->n24->n14->n4->n5->n6->n7->n8->n9->n10,3.81628e+09|3.17307e+11|2.1111e+11|2.52501e+13|2.14937e+09|3.67533e+09|2.53898e+13|1.81445e+11|5.50719e+10|7.81812e+12|7.02296e+09|4.58897e+12|2.91479e+13|8.2339e+09|1.37938e+13|4.81192e+11|4.80907e+13|8.1696e+11|2.30789e+12|4.53093e+09,3.25333e+09|7.16144e+10|1.05012e+11|3.47681e+12|6.95475e+08|2.7041e+09|6.33615e+12|3.99742e+10|2.63856e+10|9.95548e+11|7.41925e+08|2.50135e+12|4.85425e+12|1.86231e+09|1.38001e+12|3.85536e+11|1.83015e+13|1.84853e+11|1.03773e+12|9.31081e+08,1.65606e-05|2.94581e-05|1.23997e-05|0.000333482|3.31663e-05|0.000252666|3.07271e-05|0.000884459|0.000454829|6.26079e-05|3.98486e-05|0.00040566|0.000173701|5.62105e-05|0.000116756|0.000284109|0.000167308|0.000187958|0.000314672|0.000962884,0.000261068|0.0082771|0.00623448|0.000106174|0.000798295|0.000120953|0.0011838|0.000925905|0.000993263|0.00467613|0.00870955|0.00129631|0.00786944|0.0010007|0.000330332|0.000503779|0.00108045|0.00124643|0.000259122|0.00020631,0.0149239|0.023169|0.0180599|0.020331|0.022815|0.00578932|0.0192821|0.00889984|0.0165406|0.0202053|0.0189466|0.0106514|0.0264898|0.0435318|0.0206384|0.0246782|0.0277248|0.008984|0.00551956|0.0149268,0.0412895|0.0464405|0.00826329|0.0123668|0.0159416|0.00482572|0.0395099|0.0484608|0.0150697|0.0147381|0.0120446|0.00422712|0.0488449|0.0417385|0.0210152|0.0194929|0.0333838|0.0367367|0.033459|0.0460367,0.966562|0.91558|0.921419|0.966881|0.946201|0.905866|0.994092|0.991284|0.931027|0.990084|0.938328|0.939809|0.929454|0.900946|0.937217|0.978715|0.962228|0.943416|0.922419|0.991514,0.044073|1.15275|2.12941|0.100884|2.38856|0.371065|3.30856|2.73774|0.741623|0.795098|1.89337|0.576078|3.54556|2.57143|5.60429|1.17871|1.34553|3.46481|0.720084|1.43787,79.8117|88.6198|24.4191|65.1286|34.0839|86.2435|67.4197|23.5709|31.5608|88.4205|18.2346|66.6304|52.1141|81.7362|37.2729|32.9383|55.4093|99.595|65.9961,0.180405|0.1753|0.238508|0.246374|0.233339|0.187315|0.160716|0.204516|0.162794|0.227841|0.206582|0.223135|0.232653|0.213965|0.247945|0.235444|0.210203|0.184736|0.211961,0.820707|0.836696|0.981001|0.670433|0.348713|0.852537|0.175903|0.616785|0.442657|0.443533|0.438744|0.324891|0.731436|0.340685|0.439527|0.299341|0.426554|0.509202|0.74,0.836712,0.95003,0.0605752,0.0262135,0.963917,0.465123,0.15314,0.474832,0.221241,0.939811,45.7498,4.30327e-11,91817,0.946666,47.3408,5.83316e-12,89819,0.806875,0.804562,0.0308693,0.827622,0.153213,0.478528,0.188721,0.468424,0.0909349,0.884044,30.5298,9.32513e-10,24710,0.952989,52.309,3.28469e-13,20664
11,173,n1->n2->n3->n4->n5->n15->n25->n24->n34->n35->n45->n46->n36->n37->n27->n28->n29->n19->n9->n10,3.81628e+09|3.17307e+11|9.55297e+11|8.2339e+09|1.37938e+13|3.5907e+10|7.02296e+09|4.58897e+12|5.50719e+10|7.81812e+12|1.12054e+12|1.06921e+12|2.65625e+13|4.70754e+09|1.06797e+10|1.97271e+12|7.35633e+12|1.16537e+09|2.30789e+12|4.53093e+09,3.25333e+09|7.16144e+10|1.77834e+11|1.86231e+09|1.38001e+12|3.62158e+09|7.41925e+08|2.50135e+12|2.63856e+10|9.95548e+11|7.67422e+11|4.22679e+11|3.06441e+12|2.94368e+09|5.90481e+09|5.32754e+11|9.38828e+11|6.99014e+08|1.03773e+12|9.31081e+08,1.65606e-05|2.94581e-05|2.34356e-05|5.62105e-05|0.000116756|0.00098768|3.98486e-05|0.00040566|0.000454829|6.26079e-05|0.000121008|0.000372398|6.7152e-05|0.000147089|0.000385595|3.13497e-05|1.34914e-05|2.23892e-05|0.000314672|0.000962884,0.000261068|0.0082771|0.000154657|0.0010007|0.000330332|0.000302079|0.00870955|0.00129631|0.000993263|0.00467613|0.00028017|0.000141013|0.00183418|0.000920162|0.0053547|0.00494547|0.00676328|0.000391715|0.000259122|0.00020631,0.0149239|0.023169|0.00381353|0.0435318|0.0206384|0.0486551|0.0189466|0.0106514|0.0165406|0.0202053|0.0130833|0.0101456|0.0185019|0.00273334|0.0129799|0.024784|0.00690986|0.0161043|0.00551956|0.0149268,0.0412895|0.0464405|0.0376584|0.0417385|0.0210152|0.0326516|0.0120446|0.00422712|0.0150697|0.0147381|0.00504203|0.0454781|0.0267303|0.0249887|0.0225417|0.0497329|0.0195613|0.0166223|0.033459|0.0460367,0.966562|0.91558|0.926805|0.900946|0.937217|0.985874|0.938328|0.939809|0.931027|0.990084|0.969913|0.954362|0.91938|0.953539|0.921043|0.975369|0.957942|0.972235|0.922419|0.991514,0.044073|1.15275|6.14759|2.57143|5.60429|6.07711|1.89337|0.576078|0.741623|0.795098|0.66565|2.87575|3.57535|1.66924|0.152741|5.46142|1.3314|0.257261|0.720084|1.43787,79.8117|37.015|10.4739|81.7362|35.0583|54.7186|18.2346|58.7029|31.5608|97.1045|61.2725|70.4589|29.3504|44.8869|15.3326|39.0733|84.7043|99.0064|65.9961,0.180405|0.162173|0.183499|0.213965|0.165289|0.2102|0.206582|0.171068|0.162794|0.16832|0.213753|0.237671|0.241567|0.224736|0.218114|0.204677|0.209672|0.220943|0.211961,0.820707|0.488085|0.949324|0.340685|0.998548|0.433332|0.438744|0.195268|0.442657|0.317503|0.977027|0.388609|0.992314|0.721224|0.769449|0.610162|0.84529|0.31779|0.74,0.836712,0.95003,0.0605752,0.0262135,0.963917,0.465123,0.15314,0.474832,0.221241,0.939811,45.7498,4.30327e-11,91817,0.946666,47.3408,5.83316e-12,89819,0.806875,0.804562,0.0308693,0.827622,0.153213,0.478528,0.188721,0.468424,0.0909349,0.884044,30.5298,9.32513e-10,24710,0.952989,52.309,3.28469e-13,20664
11,174,n1->n2->n12->n22->n23->n13->n3->n4->n5->n15->n14->n24->n25->n26->n16->n17->n7->n8->n9->n10,3.81628e+09|3.17307e+11|2.1111e+11|3.67533e+09|6.10326e+09|9.81467e+09|9.55297e+11|8.2339e+09|1.37938e+13|3.5907e+10|2.91479e+13|4.58897e+12|7.02296e+09|2.34091e+12|6.90472e+11|1.49573e+11|4.80907e+13|8.1696e+11|2.30789e+12|4.53093e+09,3.25333e+09|7.16144e+10|1.05012e+11|2.7041e+09|4.29963e+09|3.1802e+09|1.77834e+11|1.86231e+09|1.38001e+12|3.62158e+09|4.85425e+12|2.50135e+12|7.41925e+08|1.00891e+12|6.89981e+11|2.52876e+10|1.83015e+13|1.84853e+11|1.03773e+12|9.31081e+08,1.65606e-05|2.94581e-05|1.23997e-05|0.000252666|0.000453384|0.000184444|2.34356e-05|5.62105e-05|0.000116756|0.00098768|0.000173701|0.00040566|3.98486e-05|1.13419e-05|0.000342499|0.000106677|0.000167308|0.000187958|0.000314672|0.000962884,0.000261068|0.0082771|0.00623448|0.000120953|0.00368377|0.00073597|0.000154657|0.0010007|0.000330332|0.000302079|0.00786944|0.00129631|0.00870955|0.00105353|0.00111591|0.00206961|0.00108045|0.00124643|0.000259122|0.00020631,0.0149239|0.023169|0.0180599|0.00578932|0.0307353|0.0213516|0.00381353|0.0435318|0.0206384|0.0486551|0.0264898|0.0106514|0.0189466|0.00180998|0.0327472|0.0327897|0.0277248|0.008984|0.00551956|0.0149268,0.0412895|0.0464405|0.00826329|0.00482572|0.0361747|0.039085|0.0376584|0.0417385|0.0210152|0.0326516|0.0488449|0.00422712|0.0120446|0.0338682|0.00971357|0.0446882|0.0333838|0.0367367|0.033459|0.0460367,0.966562|0.91558|0.921419|0.905866|0.970156|0.928597|0.926805|0.900946|0.937217|0.985874|0.929454|0.939809|0.938328|0.988902|0.901048|0.9918|0.962228|0.943416|0.922419|0.991514,0.044073|1.15275|2.12941|0.371065|5.58772|3.91297|6.14759|2.57143|5.60429|6.07711|3.54556|0.576078|1.89337|5.70191|1.61346|5.5964|1.34553|3.46481|0.720084|1.43787,79.8117|88.6198|13.2112|55.8812|51.9585|83.9106|10.4739|81.7362|35.0583|92.5451|66.6304|18.2346|55.6995|11.0615|32.2763|59.8148|55.4093|99.595|65.9961,0.180405|0.1753|0.23086|0.198716|0.193998|0.247463|0.183499|0.213965|0.165289|0.193036|0.223135|0.206582|0.173773|0.225802|0.206947|0.19432|0.210203|0.184736|0.211961,0.820707|0.836696|0.959801|0.142489|0.362388|0.917952|0.949324|0.340685|0.998548|0.838519|0.324891|0.438744|0.285241|0.777864|0.756824|0.320068|0.426554|0.509202|0.74,0.836712,0.95003,0.0605752,0.0262135,0.963917,0.465123,0.15314,0.474832,0.221241,0.939811,45.7498,4.30327e-11,91817,0.946666,47.3408,5.83316e-12,89819,0.806875,0.804562,0.0308693,0.827622,0.153213,0.478528,0.188721,0.468424,0.0909349,0.884044,30.5298,9.32513e-10,24710,0.952989,52.309,3.28469e-13,20664
11,175,n1->n11->n21->n22->n32->n42->n52->n53->n43->n33->n23->n13->n3->n4->n5->n6->n7->n8->n9->n10,3.81628e+09|2.52501e+13|2.14937e+09|3.67533e+09|2.53898e+13|2.04944e+10|1.13711e+11|4.0976e+11|4.33813e+09|1.81445e+11|6.10326e+09|9.81467e+09|9.55297e+11|8.2339e+09|1.37938e+13|4.81192e+11|4.80907e+13|8.1696e+11|2.30789e+12|4.53093e+09,3.25333e+09|3.47681e+12|6.95475e+08|2.7041e+09|6.33615e+12|5.46706e+09|1.0988e+11|3.78765e+11|1.9995e+09|3.99742e+10|4.29963e+09|3.1802e+09|1.77834e+11|1.86231e+09|1.38001e+12|3.85536e+11|1.83015e+13|1.84853e+11|1.03773e+12|9.31081e+08,1.65606e-05|0.000333482|3.31663e-05|0.000252666|3.07271e-05|1.55089e-05|0.000518975|8.80138e-05|1.85445e-05|0.000884459|0.000453384|0.000184444|2.34356e-05|5.62105e-05|0.000116756|0.000284109|0.000167308|0.000187958|0.000314672|0.000962884,0.000261068|0.000106174|0.000798295|0.000120953|0.0011838|0.00259366|0.00036399|0.00369356|0.00366402|0.000925905|0.00368377|0.00073597|0.000154657|0.0010007|0.000330332|0.000503779|0.00108045|0.00124643|0.000259122|0.00020631,0.0149239|0.020331|0.022815|0.00578932|0.0192821|0.0414597|0.0185524|0.0329048|0.0135877|0.00889984|0.0307353|0.0213516|0.00381353|0.0435318|0.0206384|0.0246782|0.0277248|0.008984|0.00551956|0.0149268,0.0412895|0.0123668|0.0159416|0.00482572|0.0395099|0.01537|0.0137871|0.0259092|0.0409257|0.0484608|0.0361747|0.039085|0.0376584|0.0417385|0.0210152|0.0194929|0.0333838|0.0367367|0.033459|0.0460367,0.966562|0.966881|0.946201|0.905866|0.994092|0.953815|0.962637|0.903999|0.935008|0.991284|0.970156|0.928597|0.926805|0.900946|0.937217|0.978715|0.962228|0.943416|0.922419|0.991514,0.044073|0.100884|2.38856|0.371065|3.30856|1.45863|4.01704|4.13116|2.31751|2.73774|5.58772|3.91297|6.14759|2.57143|5.60429|1.17871|1.34553|3.46481|0.720084|1.43787,30.2686|65.1286|34.0839|86.2435|70.8805|93.5115|21.0603|26.2497|49.6282|76.7594|51.9585|83.9106|10.4739|81.7362|37.2729|32.9383|55.4093|99.595|65.9961,0.233793|0.246374|0.233339|0.187315|0.20473|0.189898|0.236294|0.237854|0.244009|0.195707|0.193998|0.247463|0.183499|0.213965|0.247945|0.235444|0.210203|0.184736|0.211961,0.365721|0.670433|0.348713|0.852537|0.269646|0.626372|0.731522|0.9618|0.690022|0.150883|0.362388|0.917952|0.949324|0.340685|0.439527|0.299341|0.426554|0.509202|0.74,0.836712,0.95003,0.0605752,0.0262135,0.963917,0.465123,0.15314,0.474832,0.221241,0.939811,45.7498,4.30327e-11,91817,0.946666,47.3408,5.83316e-12,89819,0.806875,0.804562,0.0308693,0.827622,0.153213,0.478528,0.188721,0.468424,0.0909349,0.884044,30.5298,9.32513e-10,24710,0.952989,52.309,3.28469e-13,20664
11,176,n1->n11->n21->n22->n12->n2->n3->n4->n14->n15->n5->n6->n16->n17->n7->n8->n9->n19->n20->n10,3.81628e+09|2.52501e+13|2.14937e+09|3.67533e+09|2.1111e+11|3.17307e+11|9.55297e+11|8.2339e+09|2.91479e+13|3.5907e+10|1.37938e+13|4.81192e+11|6.90472e+11|1.49573e+11|4.80907e+13|8.1696e+11|2.30789e+12|1.16537e+09|9.60703e+09|4.53093e+09,3.25333e+09|3.47681e+12|6.95475e+08|2.7041e+09|1.05012e+11|7.16144e+10|1.77834e+11|1.86231e+09|4.85425e+12|3.62158e+09|1.38001e+12|3.85536e+11|6.89981e+11|2.52876e+10|1.83015e+13|1.84853e+11|1.03773e+12|6.99014e+08|1.01137e+09|9.31081e+08,1.65606e-05|0.000333482|3.31663e-05|0.000252666|1.23997e-05|2.94581e-05|2.34356e-05|5.62105e-05|0.000173701|0.00098768|0.000116756|0.000284109|0.000342499|0.000106677|0.000167308|0.000187958|0.000314672|2.23892e-05|0.000360246|0.000962884,0.000261068|0.000106174|0.000798295|0.000120953|0.00623448|0.0082771|0.000154657|0.0010007|0.00786944|0.000302079|0.000330332|0.000503779|0.00111591|0.00206961|0.00108045|0.00124643|0.000259122|0.000391715|0.00927779|0.00020631,0.0149239|0.020331|0.022815|0.00578932|0.0180599|0.023169|0.00381353|0.0435318|0.0264898|0.0486551|0.0206384|0.0246782|0.0327472|0.0327897|0.0277248|0.008984|0.00551956|0.0161043|0.0329774|0.0149268,0.0412895|0.0123668|0.0159416|0.00482572|0.00826329|0.0464405|0.0376584|0.0417385|0.0488449|0.0326516|0.0210152|0.0194929|0.00971357|0.0446882|0.0333838|0.0367367|0.033459|0.0166223|0.029507|0.0460367,0.966562|0.966881|0.946201|0.905866|0.921419|0.91558|0.926805|0.900946|0.929454|0.985874|0.937217|0.978715|0.901048|0.9918|0.962228|0.943416|0.922419|0.972235|0.986266|0.991514,0.044073|0.100884|2.38856|0.371065|2.12941|1.15275|6.14759|2.57143|3.54556|6.07711|5.60429|1.17871|1.61346|5.5964|1.34553|3.46481|0.720084|0.257261|1.60192|1.43787,30.2686|65.1286|34.0839|13.2112|88.6198|37.015|10.4739|52.1141|92.5451|35.0583|37.2729|50.0569|32.2763|59.8148|55.4093|99.595|99.0064|10.3361|29.3778,0.233793|0.246374|0.233339|0.23086|0.1753|0.162173|0.183499|0.232653|0.193036|0.165289|0.247945|0.225307|0.206947|0.19432|0.210203|0.184736|0.220943|0.236076|0.163527,0.365721|0.670433|0.348713|0.959801|0.836696|0.488085|0.949324|0.731436|0.838519|0.998548|0.439527|0.100621|0.756824|0.320068|0.426554|0.509202|0.31779|0.380012|0.849414,0.836712,0.95003,0.0605752,0.0262135,0.963917,0.465123,0.15314,0.474832,0.221241,0.939811,45.7498,4.30327e-11,91817,0.946666,47.3408,5.83316e-12,89819,0.806875,0.804562,0.0308693,0.827622,0.153213,0.478528,0.188721,0.468424,0.0909349,0.884044,30.5298,9.32513e-10,24710,0.952989,52.309,3.28469e-13,20664
11,177,n1->n11->n12->n13->n14->n15->n25->n35->n34->n44->n45->n46->n36->n26->n27->n17->n7->n8->n9->n10,3.81628e+09|2.52501e+13|2.1111e+11|9.81467e+09|2.91479e+13|3.5907e+10|7.02296e+09|7.81812e+12|5.50719e+10|5.66062e+12|1.12054e+12|1.06921e+12|2.65625e+13|2.34091e+12|1.06797e+10|1.49573e+11|4.80907e+13|8.1696e+11|2.30789e+12|4.53093e+09,3.25333e+09|3.47681e+12|1.05012e+11|3.1802e+09|4.85425e+12|3.62158e+09|7.41925e+08|9.95548e+11|2.63856e+10|1.83286e+12|7.67422e+11|4.22679e+11|3.06441e+12|1.00891e+12|5.90481e+09|2.52876e+10|1.83015e+13|1.84853e+11|1.03773e+12|9.31081e+08,1.65606e-05|0.000333482|1.23997e-05|0.000184444|0.000173701|0.00098768|3.98486e-05|6.26079e-05|0.000454829|2.52322e-05|0.000121008|0.000372398|6.7152e-05|1.13419e-05|0.000385595|0.000106677|0.000167308|0.000187958|0.000314672|0.000962884,0.000261068|0.000106174|0.00623448|0.00073597|0.00786944|0.000302079|0.00870955|0.00467613|0.000993263|0.00502131|0.00028017|0.000141013|0.00183418|0.00105353|0.0053547|0.00206961|0.00108045|0.00124643|0.000259122|0.00020631,0.0149239|0.020331|0.0180599|0.0213516|0.0264898|0.0486551|0.0189466|0.0202053|0.0165406|0.0170077|0.0130833|0.0101456|0.0185019|0.00180998|0.0129799|0.0327897|0.0277248|0.008984|0.00551956|0.0149268,0.0412895|0.0123668|0.00826329|0.039085|0.0488449|0.0326516|0.0120446|0.0147381|0.0150697|0.00513884|0.00504203|0.0454781|0.0267303|0.0338682|0.0225417|0.0446882|0.0333838|0.0367367|0.033459|0.0460367,0.966562|0.966881|0.921419|0.928597|0.929454|0.985874|0.938328|0.990084|0.931027|0.93952|0.969913|0.954362|0.91938|0.988902|0.921043|0.9918|0.962228|0.943416|0.922419|0.991514,0.044073|0.100884|2.12941|3.91297|3.54556|6.07711|1.89337|0.795098|0.741623|3.60631|0.66565|2.87575|3.57535|5.70191|0.152741|5.5964|1.34553|3.46481|0.720084|1.43787,30.2686|24.4191|13.9548|56.34|92.5451|54.7186|88.4205|31.5608|46.2248|89.5651|61.2725|70.4589|63.8366|42.5138|72.2829|59.8148|55.4093|99.595|65.9961,0.233793|0.238508|0.240484|0.231665|0.193036|0.2102|0.227841|0.162794|0.231411|0.236274|0.213753|0.237671|0.246412|0.199324|0.181484|0.19432|0.210203|0.184736|0.211961,0.365721|0.981001|0.503208|0.474189|0.838519|0.433332|0.443533|0.442657|0.334506|0.612874|0.977027|0.388609|0.780822|0.638543|0.529686|0.320068|0.426554|0.509202|0.74,0.836712,0.95003,0.0605752,0.0262135,0.963917,0.465123,0.15314,0.474832,0.221241,0.939811,45.7498,4.30327e-11,91817,0.946666,47.3408,5.83316e-12,89819,0.806875,0.804562,0.0308693,0.827622,0.153213,0.478528,0.188721,0.468424,0.0909349,0.884044,30.5298,9.32513e-10,24710,0.952989,52.309,3.28469e-13,20664
11,178,n1->n11->n12->n2->n3->n4->n14->n13->n23->n33->n34->n24->n25->n15->n5->n6->n7->n8->n9->n10,3.81628e+09|2.52501e+13|2.1111e+11|3.17307e+11|9.55297e+11|8.2339e+09|2.91479e+13|9.81467e+09|6.10326e+09|1.81445e+11|5.50719e+10|4.58897e+12|7.02296e+09|3.5907e+10|1.37938e+13|4.81192e+11|4.80907e+13|8.1696e+11|2.30789e+12|4.53093e+09,3.25333e+09|3.47681e+12|1.05012e+11|7.16144e+10|1.77834e+11|1.86231e+09|4.85425e+12|3.1802e+09|4.29963e+09|3.99742e+10|2.63856e+10|2.50135e+12|7.41925e+08|3.62158e+09|1.38001e+12|3.85536e+11|1.83015e+13|1.84853e+11|1.03773e+12|9.31081e+08,1.65606e-05|0.000333482|1.23997e-05|2.94581e-05|2.34356e-05|5.62105e-05|0.000173701|0.000184444|0.000453384|0.000884459|0.000454829|0.00040566|3.98486e-05|0.00098768|0.000116756|0.000284109|0.000167308|0.000187958|0.000314672|0.000962884,0.000261068|0.000106174|0.00623448|0.0082771|0.000154657|0.0010007|0.00786944|0.00073597|0.00368377|0.000925905|0.000993263|0.00129631|0.00870955|0.000302079|0.000330332|0.000503779|0.00108045|0.00124643|0.000259122|0.00020631,0.0149239|0.020331|0.0180599|0.023169|0.00381353|0.0435318|0.0264898|0.0213516|0.0307353|0.00889984|0.0165406|0.0106514|0.0189466|0.0486551|0.0206384|0.0246782|0.0277248|0.008984|0.00551956|0.0149268,0.0412895|0.0123668|0.00826329|0.0464405|0.0376584|0.0417385|0.0488449|0.039085|0.0361747|0.0484608|0.0150697|0.00422712|0.0120446|0.0326516|0.0210152|0.0194929|0.0333838|0.0367367|0.033459|0.0460367,0.966562|0.966881|0.921419|0.91558|0.926805|0.900946|0.929454|0.928597|0.970156|0.991284|0.931027|0.939809|0.938328|0.985874|0.937217|0.978715|0.962228|0.943416|0.922419|0.991514,0.044073|0.100884|2.12941|1.15275|6.14759|2.57143|3.54556|3.91297|5.58772|2.73774|0.741623|0.576078|1.89337|6.07711|5.60429|1.17871|1.34553|3.46481|0.720084|1.43787,30.2686|24.4191|88.6198|37.015|10.4739|52.1141|56.34|51.9585|76.7594|23.5709|58.7029|18.2346|54.7186|35.0583|37.2729|32.9383|55.4093|99.595|65.9961,0.233793|0.238508|0.1753|0.162173|0.183499|0.232653|0.231665|0.193998|0.195707|0.204516|0.171068|0.206582|0.2102|0.165289|0.247945|0.235444|0.210203|0.184736|0.211961,0.365721|0.981001|0.836696|0.488085|0.949324|0.731436|0.474189|0.362388|0.150883|0.616785|0.195268|0.438744|0.433332|0.998548|0.439527|0.299341|0.426554|0.509202|0.74,0.836712,0.95003,0.0605752,0.0262135,0.963917,0.465123,0.15314,0.474832,0.221241,0.939811,45.7498,4.30327e-11,91817,0.946666,47.3408,5.83316e-12,89819,0.806875,0.804562,0.0308693,0.827622,0.153213,0.478528,0.188721,0.468424,0.0909349,0.884044,30.5298,9.32513e-10,24710,0.952989,52.309,3.28469e-13,20664
11,179,n1->n11->n21->n31->n41->n42->n43->n44->n54->n55->n56->n57->n47->n37->n38->n39->n29->n19->n9->n10,3.81628e+09|2.52501e+13|2.14937e+09|3.81124e+09|4.10359e+11|2.04944e+10|4.33813e+09|5.66062e+12|1.63296e+12|1.22906e+12|9.4832e+10|2.56015e+09|5.47496e+12|4.70754e+09|2.44316e+12|1.80903e+09|7.35633e+12|1.16537e+09|2.30789e+12|4.53093e+09,3.25333e+09|3.47681e+12|6.95475e+08|6.00756e+08|4.02817e+11|5.46706e+09|1.9995e+09|1.83286e+12|2.17695e+11|1.38797e+11|1.88694e+10|2.52335e+09|4.37433e+12|2.94368e+09|2.91553e+11|2.42123e+08|9.38828e+11|6.99014e+08|1.03773e+12|9.31081e+08,1.65606e-05|0.000333482|3.31663e-05|0.000405301|2.37882e-05|1.55089e-05|1.85445e-05|2.52322e-05|0.000390688|7.00918e-05|0.000691749|1.04176e-05|3.35753e-05|0.000147089|2.61444e-05|7.80254e-05|1.34914e-05|2.23892e-05|0.000314672|0.000962884,0.000261068|0.000106174|0.000798295|0.000295348|0.00359542|0.00259366|0.00366402|0.00502131|0.00085899|0.00027897|0.000940469|0.00260849|0.0063526|0.000920162|0.00298605|0.00153317|0.00676328|0.000391715|0.000259122|0.00020631,0.0149239|0.020331|0.022815|0.0368533|0.0411679|0.0414597|0.0135877|0.0170077|0.0162073|0.00997853|0.0307163|0.0305533|0.00543473|0.00273334|0.00736111|0.0226891|0.00690986|0.0161043|0.00551956|0.0149268,0.0412895|0.0123668|0.0159416|0.0136531|0.0200669|0.01537|0.0409257|0.00513884|0.041198|0.0327481|0.0347925|0.0276276|0.0488842|0.0249887|0.0122774|0.0323535|0.0195613|0.0166223|0.033459|0.0460367,0.966562|0.966881|0.946201|0.922328|0.958857|0.953815|0.935008|0.93952|0.93262|0.901084|0.982784|0.974654|0.915661|0.953539|0.961831|0.971819|0.957942|0.972235|0.922419|0.991514,0.044073|0.100884|2.38856|1.87964|2.71668|1.45863|2.31751|3.60631|3.9072|6.0889|0.815193|6.23589|1.67281|1.66924|4.57945|5.96616|1.3314|0.257261|0.720084|1.43787,30.2686|65.1286|89.2299|64.4551|61.2747|27.3217|59.7094|67.7415|57.1366|40.979|71.5316|88.8597|88.6669|37.0378|69.5993|44.1502|84.7043|99.0064|65.9961,0.233793|0.246374|0.249364|0.223623|0.20285|0.21768|0.241155|0.22499|0.235385|0.180459|0.201489|0.192928|0.194607|0.229194|0.247201|0.198568|0.209672|0.220943|0.211961,0.365721|0.670433|0.943299|0.399603|0.353403|0.946258|0.361209|0.532959|0.338615|0.54089|0.172824|0.922391|0.727451|0.300005|0.495278|0.621441|0.84529|0.31779|0.74,0.836712,0.95003,0.0605752,0.0262135,0.963917,0.465123,0.15314,0.474832,0.221241,0.939811,45.7498,4.30327e-11,91817,0.946666,47.3408,5.83316e-12,89819,0.806875,0.804562,0.0308693,0.827622,0.153213,0.478528,0.188721,0.468424,0.0909349,0.884044,30.5298,9.32513e-10,24710,0.952989,52.309,3.28469e-13,20664
11,180,n1->n2->n3->n4->n5->n15->n16->n26->n27->n37->n38->n39->n49->n50->n40->n30->n20->n19->n9->n10,3.81628e+09|3.17307e+11|9.55297e+11|8.2339e+09|1.37938e+13|3.5907e+10|6.90472e+11|2.34091e+12|1.06797e+10|4.70754e+09|2.44316e+12|1.80903e+09|2.01187e+09|1.2951e+09|5.6157e+10|1.3379e+10|9.60703e+09|1.16537e+09|2.30789e+12|4.53093e+09,3.25333e+09|7.16144e+10|1.77834e+11|1.86231e+09|1.38001e+12|3.62158e+09|6.89981e+11|1.00891e+12|5.90481e+09|2.94368e+09|2.91553e+11|2.42123e+08|1.86798e+09|1.51594e+08|8.17539e+09|3.91441e+09|1.01137e+09|6.99014e+08|1.03773e+12|9.31081e+08,1.65606e-05|2.94581e-05|2.34356e-05|5.62105e-05|0.000116756|0.00098768|0.000342499|1.13419e-05|0.000385595|0.000147089|2.61444e-05|7.80254e-05|0.000715535|0.000387288|3.37418e-05|5.26975e-05|0.000360246|2.23892e-05|0.000314672|0.000962884,0.000261068|0.0082771|0.000154657|0.0010007|0.000330332|0.000302079|0.00111591|0.00105353|0.0053547|0.000920162|0.00298605|0.00153317|0.000172535|0.000566096|0.000197847|0.00225502|0.00927779|0.000391715|0.000259122|0.00020631,0.0149239|0.023169|0.00381353|0.0435318|0.0206384|0.0486551|0.0327472|0.00180998|0.0129799|0.00273334|0.00736111|0.0226891|0.0264762|0.0334216|0.0197123|0.00375381|0.0329774|0.0161043|0.00551956|0.0149268,0.0412895|0.0464405|0.0376584|0.0417385|0.0210152|0.0326516|0.00971357|0.0338682|0.0225417|0.0249887|0.0122774|0.0323535|0.0496426|0.0369591|0.0436284|0.0244379|0.029507|0.0166223|0.033459|0.0460367,0.966562|0.91558|0.926805|0.900946|0.937217|0.985874|0.901048|0.988902|0.921043|0.953539|0.961831|0.971819|0.980999|0.940107|0.932971|0.916555|0.986266|0.972235|0.922419|0.991514,0.044073|1.15275|6.14759|2.57143|5.60429|6.07711|1.61346|5.70191|0.152741|1.66924|4.57945|5.96616|4.49332|0.900894|0.935081|3.81217|1.60192|0.257261|0.720084|1.43787,79.8117|37.015|10.4739|81.7362|35.0583|56.2706|11.0615|42.5138|44.8869|37.0378|69.5993|95.0453|38.9947|91.3525|98.0873|23.9015|10.3361|99.0064|65.9961,0.180405|0.162173|0.183499|0.213965|0.165289|0.224038|0.225802|0.199324|0.224736|0.229194|0.247201|0.237273|0.241866|0.221517|0.204989|0.225083|0.236076|0.220943|0.211961,0.820707|0.488085|0.949324|0.340685|0.998548|0.441456|0.777864|0.638543|0.721224|0.300005|0.495278|0.121001|0.145806|0.3459|0.197154|0.876583|0.380012|0.31779|0.74,0.836712,0.95003,0.0605752,0.0262135,0.963917,0.465123,0.15314,0.474832,0.221241,0.939811,45.7498,4.30327e-11,91817,0.946666,47.3408,5.83316e-12,89819,0.806875,0.804562,0.0308693,0.827622,0.153213,0.478528,0.188721,0.468424,0.0909349,0.884044,30.5298,9.32513e-10,24710,0.952989,52.309,3.28469e-13,20664
11,181,n1->n11->n12->n22->n32->n33->n23->n13->n14->n4->n5->n6->n16->n26->n27->n28->n29->n19->n20->n10,3.81628e+09|2.52501e+13|2.1111e+11|3.67533e+09|2.53898e+13|1.81445e+11|6.10326e+09|9.81467e+09|2.91479e+13|8.2339e+09|1.37938e+13|4.81192e+11|6.90472e+11|2.34091e+12|1.06797e+10|1.97271e+12|7.35633e+12|1.16537e+09|9.60703e+09|4.53093e+09,3.25333e+09|3.47681e+12|1.05012e+11|2.7041e+09|6.33615e+12|3.99742e+10|4.29963e+09|3.1802e+09|4.85425e+12|1.86231e+09|1.38001e+12|3.85536e+11|6.89981e+11|1.00891e+12|5.90481e+09|5.32754e+11|9.38828e+11|6.99014e+08|1.01137e+09|9.31081e+08,1.65606e-05|0.000333482|1.23997e-05|0.000252666|3.07271e-05|0.000884459|0.000453384|0.000184444|0.000173701|5.62105e-05|0.000116756|0.000284109|0.000342499|1.13419e-05|0.000385595|3.13497e-05|1.34914e-05|2.23892e-05|0.000360246|0.000962884,0.000261068|0.000106174|0.00623448|0.000120953|0.0011838|0.000925905|0.00368377|0.00073597|0.00786944|0.0010007|0.000330332|0.000503779|0.00111591|0.00105353|0.0053547|0.00494547|0.00676328|0.000391715|0.00927779|0.00020631,0.0149239|0.020331|0.0180599|0.00578932|0.0192821|0.00889984|0.0307353|0.0213516|0.0264898|0.0435318|0.0206384|0.0246782|0.0327472|0.00180998|0.0129799|0.024784|0.00690986|0.0161043|0.0329774|0.0149268,0.0412895|0.0123668|0.00826329|0.00482572|0.0395099|0.0484608|0.0361747|0.039085|0.0488449|0.0417385|0.0210152|0.0194929|0.00971357|0.0338682|0.0225417|0.0497329|0.0195613|0.0166223|0.029507|0.0460367,0.966562|0.966881|0.921419|0.905866|0.994092|0.991284|0.970156|0.928597|0.929454|0.900946|0.937217|0.978715|0.901048|0.988902|0.921043|0.975369|0.957942|0.972235|0.986266|0.991514,0.044073|0.100884|2.12941|0.371065|3.30856|2.73774|5.58772|3.91297|3.54556|2.57143|5.60429|1.17871|1.61346|5.70191|0.152741|5.46142|1.3314|0.257261|1.60192|1.43787,30.2686|24.4191|13.2112|86.2435|67.4197|76.7594|51.9585|56.34|52.1141|81.7362|37.2729|50.0569|11.0615|42.5138|15.3326|39.0733|84.7043|10.3361|29.3778,0.233793|0.238508|0.23086|0.187315|0.160716|0.195707|0.193998|0.231665|0.232653|0.213965|0.247945|0.225307|0.225802|0.199324|0.218114|0.204677|0.209672|0.236076|0.163527,0.365721|0.981001|0.959801|0.852537|0.175903|0.150883|0.362388|0.474189|0.731436|0.340685|0.439527|0.100621|0.777864|0.638543|0.769449|0.610162|0.84529|0.380012|0.849414,0.836712,0.95003,0.0605752,0.0262135,0.963917,0.465123,0.15314,0.474832,0.221241,0.939811,45.7498,4.30327e-11,91817,0.946666,47.3408,5.83316e-12,89819,0.806875,0.804562,0.0308693,0.827622,0.153213,0.478528,0.188721,0.468424,0.0909349,0.884044,30.5298,9.32513e-10,24710,0.952989,52.309,3.28469e-13,20664
11,182,n1->n2->n3->n4->n14->n15->n25->n24->n23->n33->n34->n35->n36->n37->n38->n28->n18->n8->n9->n10,3.81628e+09|3.17307e+11|9.55297e+11|8.2339e+09|2.91479e+13|3.5907e+10|7.02296e+09|4.58897e+12|6.10326e+09|1.81445e+11|5.50719e+10|7.81812e+12|2.65625e+13|4.70754e+09|2.44316e+12|1.97271e+12|1.26146e+12|8.1696e+11|2.30789e+12|4.53093e+09,3.25333e+09|7.16144e+10|1.77834e+11|1.86231e+09|4.85425e+12|3.62158e+09|7.41925e+08|2.50135e+12|4.29963e+09|3.99742e+10|2.63856e+10|9.95548e+11|3.06441e+12|2.94368e+09|2.91553e+11|5.32754e+11|2.026e+11|1.84853e+11|1.03773e+12|9.31081e+08,1.65606e-05|2.94581e-05|2.34356e-05|5.62105e-05|0.000173701|0.00098768|3.98486e-05|0.00040566|0.000453384|0.000884459|0.000454829|6.26079e-05|6.7152e-05|0.000147089|2.61444e-05|3.13497e-05|0.00077073|0.000187958|0.000314672|0.000962884,0.000261068|0.0082771|0.000154657|0.0010007|0.00786944|0.000302079|0.00870955|0.00129631|0.00368377|0.000925905|0.000993263|0.00467613|0.00183418|0.000920162|0.00298605|0.00494547|0.000223728|0.00124643|0.000259122|0.00020631,0.0149239|0.023169|0.00381353|0.0435318|0.0264898|0.0486551|0.0189466|0.0106514|0.0307353|0.00889984|0.0165406|0.0202053|0.0185019|0.00273334|0.00736111|0.024784|0.00757137|0.008984|0.00551956|0.0149268,0.0412895|0.0464405|0.0376584|0.0417385|0.0488449|0.0326516|0.0120446|0.00422712|0.0361747|0.0484608|0.0150697|0.0147381|0.0267303|0.0249887|0.0122774|0.0497329|0.0158785|0.0367367|0.033459|0.0460367,0.966562|0.91558|0.926805|0.900946|0.929454|0.985874|0.938328|0.939809|0.970156|0.991284|0.931027|0.990084|0.91938|0.953539|0.961831|0.975369|0.954493|0.943416|0.922419|0.991514,0.044073|1.15275|6.14759|2.57143|3.54556|6.07711|1.89337|0.576078|5.58772|2.73774|0.741623|0.795098|3.57535|1.66924|4.57945|5.46142|4.28182|3.46481|0.720084|1.43787,79.8117|37.015|10.4739|52.1141|92.5451|54.7186|18.2346|67.5745|76.7594|23.5709|31.5608|18.7034|29.3504|37.0378|23.518|43.2583|81.3396|99.595|65.9961,0.180405|0.162173|0.183499|0.232653|0.193036|0.2102|0.206582|0.245578|0.195707|0.204516|0.162794|0.243248|0.241567|0.229194|0.201534|0.24208|0.182333|0.184736|0.211961,0.820707|0.488085|0.949324|0.731436|0.838519|0.433332|0.438744|0.848505|0.150883|0.616785|0.442657|0.57611|0.992314|0.300005|0.455463|0.374292|0.519796|0.509202|0.74,0.836712,0.95003,0.0605752,0.0262135,0.963917,0.465123,0.15314,0.474832,0.221241,0.939811,45.7498,4.30327e-11,91817,0.946666,47.3408,5.83316e-12,89819,0.806875,0.804562,0.0308693,0.827622,0.153213,0.478528,0.188721,0.468424,0.0909349,0.884044,30.5298,9.32513e-10,24710,0.952989,52.309,3.28469e-13,20664
11,183,n1->n11->n12->n22->n21->n31->n32->n42->n43->n33->n23->n24->n14->n15->n5->n6->n7->n8->n9->n10,3.81628e+09|2.52501e+13|2.1111e+11|3.67533e+09|2.14937e+09|3.81124e+09|2.53898e+13|2.04944e+10|4.33813e+09|1.81445e+11|6.10326e+09|4.58897e+12|2.91479e+13|3.5907e+10|1.37938e+13|4.81192e+11|4.80907e+13|8.1696e+11|2.30789e+12|4.53093e+09,3.25333e+09|3.47681e+12|1.05012e+11|2.7041e+09|6.95475e+08|6.00756e+08|6.33615e+12|5.46706e+09|1.9995e+09|3.99742e+10|4.29963e+09|2.50135e+12|4.85425e+12|3.62158e+09|1.38001e+12|3.85536e+11|1.83015e+13|1.84853e+11|1.03773e+12|9.31081e+08,1.65606e-05|0.000333482|1.23997e-05|0.000252666|3.31663e-05|0.000405301|3.07271e-05|1.55089e-05|1.85445e-05|0.000884459|0.000453384|0.00040566|0.000173701|0.00098768|0.000116756|0.000284109|0.000167308|0.000187958|0.000314672|0.000962884,0.000261068|0.000106174|0.00623448|0.000120953|0.000798295|0.000295348|0.0011838|0.00259366|0.00366402|0.000925905|0.00368377|0.00129631|0.00786944|0.000302079|0.000330332|0.000503779|0.00108045|0.00124643|0.000259122|0.00020631,0.0149239|0.020331|0.0180599|0.00578932|0.022815|0.0368533|0.0192821|0.0414597|0.0135877|0.00889984|0.0307353|0.0106514|0.0264898|0.0486551|0.0206384|0.0246782|0.0277248|0.008984|0.00551956|0.0149268,0.0412895|0.0123668|0.00826329|0.00482572|0.0159416|0.0136531|0.0395099|0.01537|0.0409257|0.0484608|0.0361747|0.00422712|0.0488449|0.0326516|0.0210152|0.0194929|0.0333838|0.0367367|0.033459|0.0460367,0.966562|0.966881|0.921419|0.905866|0.946201|0.922328|0.994092|0.953815|0.935008|0.991284|0.970156|0.939809|0.929454|0.985874|0.937217|0.978715|0.962228|0.943416|0.922419|0.991514,0.044073|0.100884|2.12941|0.371065|2.38856|1.87964|3.30856|1.45863|2.31751|2.73774|5.58772|0.576078|3.54556|6.07711|5.60429|1.17871|1.34553|3.46481|0.720084|1.43787,30.2686|24.4191|13.2112|34.0839|89.2299|63.0993|70.8805|27.3217|49.6282|76.7594|67.5745|66.6304|92.5451|35.0583|37.2729|32.9383|55.4093|99.595|65.9961,0.233793|0.238508|0.23086|0.233339|0.249364|0.190598|0.20473|0.21768|0.244009|0.195707|0.245578|0.223135|0.193036|0.165289|0.247945|0.235444|0.210203|0.184736|0.211961,0.365721|0.981001|0.959801|0.348713|0.943299|0.438574|0.269646|0.946258|0.690022|0.150883|0.848505|0.324891|0.838519|0.998548|0.439527|0.299341|0.426554|0.509202|0.74,0.836712,0.95003,0.0605752,0.0262135,0.963917,0.465123,0.15314,0.474832,0.221241,0.939811,45.7498,4.30327e-11,91817,0.946666,47.3408,5.83316e-12,89819,0.806875,0.804562,0.0308693,0.827622,0.153213,0.478528,0.188721,0.468424,0.0909349,0.884044,30.5298,9.32513e-10,24710,0.952989,52.309,3.28469e-13,20664
11,184,n1->n2->n3->n4->n5->n15->n14->n13->n23->n24->n25->n35->n36->n37->n27->n17->n7->n8->n9->n10,3.81628e+09|3.17307e+11|9.55297e+11|8.2339e+09|1.37938e+13|3.5907e+10|2.91479e+13|9.81467e+09|6.10326e+09|4.58897e+12|7.02296e+09|7.81812e+12|2.65625e+13|4.70754e+09|1.06797e+10|1.49573e+11|4.80907e+13|8.1696e+11|2.30789e+12|4.53093e+09,3.25333e+09|7.16144e+10|1.77834e+11|1.86231e+09|1.38001e+12|3.62158e+09|4.85425e+12|3.1802e+09|4.29963e+09|2.50135e+12|7.41925e+08|9.95548e+11|3.06441e+12|2.94368e+09|5.90481e+09|2.52876e+10|1.83015e+13|1.84853e+11|1.03773e+12|9.31081e+08,1.65606e-05|2.94581e-05|2.34356e-05|5.62105e-05|0.000116756|0.00098768|0.000173701|0.000184444|0.000453384|0.00040566|3.98486e-05|6.26079e-05|6.7152e-05|0.000147089|0.000385595|0.000106677|0.000167308|0.000187958|0.000314672|0.000962884,0.000261068|0.0082771|0.000154657|0.0010007|0.000330332|0.000302079|0.00786944|0.00073597|0.00368377|0.00129631|0.00870955|0.00467613|0.00183418|0.000920162|0.0053547|0.00206961|0.00108045|0.00124643|0.000259122|0.00020631,0.0149239|0.023169|0.00381353|0.0435318|0.0206384|0.0486551|0.0264898|0.0213516|0.0307353|0.0106514|0.0189466|0.0202053|0.0185019|0.00273334|0.0129799|0.0327897|0.0277248|0.008984|0.00551956|0.0149268,0.0412895|0.0464405|0.0376584|0.0417385|0.0210152|0.0326516|0.0488449|0.039085|0.0361747|0.00422712|0.0120446|0.0147381|0.0267303|0.0249887|0.0225417|0.0446882|0.0333838|0.0367367|0.033459|0.0460367,0.966562|0.91558|0.926805|0.900946|0.937217|0.985874|0.929454|0.928597|0.970156|0.939809|0.938328|0.990084|0.91938|0.953539|0.921043|0.9918|0.962228|0.943416|0.922419|0.991514,0.044073|1.15275|6.14759|2.57143|5.60429|6.07711|3.54556|3.91297|5.58772|0.576078|1.89337|0.795098|3.57535|1.66924|0.152741|5.5964|1.34553|3.46481|0.720084|1.43787,79.8117|37.015|10.4739|81.7362|35.0583|92.5451|56.34|51.9585|67.5745|18.2346|88.4205|18.7034|29.3504|44.8869|72.2829|59.8148|55.4093|99.595|65.9961,0.180405|0.162173|0.183499|0.213965|0.165289|0.193036|0.231665|0.193998|0.245578|0.206582|0.227841|0.243248|0.241567|0.224736|0.181484|0.19432|0.210203|0.184736|0.211961,0.820707|0.488085|0.949324|0.340685|0.998548|0.838519|0.474189|0.362388|0.848505|0.438744|0.443533|0.57611|0.992314|0.721224|0.529686|0.320068|0.426554|0.509202|0.74,0.836712,0.95003,0.0605752,0.0262135,0.963917,0.465123,0.15314,0.474832,0.221241,0.939811,45.7498,4.30327e-11,91817,0.946666,47.3408,5.83316e-12,89819,0.806875,0.804562,0.0308693,0.827622,0.153213,0.478528,0.188721,0.468424,0.0909349,0.884044,30.5298,9.32513e-10,24710,0.952989,52.309,3.28469e-13,20664
11,185,n1->n11->n12->n22->n21->n31->n32->n42->n43->n33->n23->n24->n25->n15->n16->n17->n18->n8->n9->n10,3.81628e+09|2.52501e+13|2.1111e+11|3.67533e+09|2.14937e+09|3.81124e+09|2.53898e+13|2.04944e+10|4.33813e+09|1.81445e+11|6.10326e+09|4.58897e+12|7.02296e+09|3.5907e+10|6.90472e+11|1.49573e+11|1.26146e+12|8.1696e+11|2.30789e+12|4.53093e+09,3.25333e+09|3.47681e+12|1.05012e+11|2.7041e+09|6.95475e+08|6.00756e+08|6.33615e+12|5.46706e+09|1.9995e+09|3.99742e+10|4.29963e+09|2.50135e+12|7.41925e+08|3.62158e+09|6.89981e+11|2.52876e+10|2.026e+11|1.84853e+11|1.03773e+12|9.31081e+08,1.65606e-05|0.000333482|1.23997e-05|0.000252666|3.31663e-05|0.000405301|3.07271e-05|1.55089e-05|1.85445e-05|0.000884459|0.000453384|0.00040566|3.98486e-05|0.00098768|0.000342499|0.000106677|0.00077073|0.000187958|0.000314672|0.000962884,0.000261068|0.000106174|0.00623448|0.000120953|0.000798295|0.000295348|0.0011838|0.00259366|0.00366402|0.000925905|0.00368377|0.00129631|0.00870955|0.000302079|0.00111591|0.00206961|0.000223728|0.00124643|0.000259122|0.00020631,0.0149239|0.020331|0.0180599|0.00578932|0.022815|0.0368533|0.0192821|0.0414597|0.0135877|0.00889984|0.0307353|0.0106514|0.0189466|0.0486551|0.0327472|0.0327897|0.00757137|0.008984|0.00551956|0.0149268,0.0412895|0.0123668|0.00826329|0.00482572|0.0159416|0.0136531|0.0395099|0.01537|0.0409257|0.0484608|0.0361747|0.00422712|0.0120446|0.0326516|0.00971357|0.0446882|0.0158785|0.0367367|0.033459|0.0460367,0.966562|0.966881|0.921419|0.905866|0.946201|0.922328|0.994092|0.953815|0.935008|0.991284|0.970156|0.939809|0.938328|0.985874|0.901048|0.9918|0.954493|0.943416|0.922419|0.991514,0.044073|0.100884|2.12941|0.371065|2.38856|1.87964|3.30856|1.45863|2.31751|2.73774|5.58772|0.576078|1.89337|6.07711|1.61346|5.5964|4.28182|3.46481|0.720084|1.43787,30.2686|24.4191|13.2112|34.0839|89.2299|63.0993|70.8805|27.3217|49.6282|76.7594|67.5745|18.2346|54.7186|56.2706|32.2763|27.3162|81.3396|99.595|65.9961,0.233793|0.238508|0.23086|0.233339|0.249364|0.190598|0.20473|0.21768|0.244009|0.195707|0.245578|0.206582|0.2102|0.224038|0.206947|0.195193|0.182333|0.184736|0.211961,0.365721|0.981001|0.959801|0.348713|0.943299|0.438574|0.269646|0.946258|0.690022|0.150883|0.848505|0.438744|0.433332|0.441456|0.756824|0.721446|0.519796|0.509202|0.74,0.836712,0.95003,0.0605752,0.0262135,0.963917,0.465123,0.15314,0.474832,0.221241,0.939811,45.7498,4.30327e-11,91817,0.946666,47.3408,5.83316e-12,89819,0.806875,0.804562,0.0308693,0.827622,0.153213,0.478528,0.188721,0.468424,0.0909349,0.884044,30.5298,9.32513e-10,24710,0.952989,52.309,3.28469e-13,20664
11,186,n1->n11->n21->n31->n41->n51->n52->n42->n43->n33->n23->n13->n3->n4->n5->n6->n7->n8->n9->n10,3.81628e+09|2.52501e+13|2.14937e+09|3.81124e+09|4.10359e+11|8.57971e+10|1.13711e+11|2.04944e+10|4.33813e+09|1.81445e+11|6.10326e+09|9.81467e+09|9.55297e+11|8.2339e+09|1.37938e+13|4.81192e+11|4.80907e+13|8.1696e+11|2.30789e+12|4.53093e+09,3.25333e+09|3.47681e+12|6.95475e+08|6.00756e+08|4.02817e+11|6.3756e+10|1.0988e+11|5.46706e+09|1.9995e+09|3.99742e+10|4.29963e+09|3.1802e+09|1.77834e+11|1.86231e+09|1.38001e+12|3.85536e+11|1.83015e+13|1.84853e+11|1.03773e+12|9.31081e+08,1.65606e-05|0.000333482|3.31663e-05|0.000405301|2.37882e-05|4.59379e-05|0.000518975|1.55089e-05|1.85445e-05|0.000884459|0.000453384|0.000184444|2.34356e-05|5.62105e-05|0.000116756|0.000284109|0.000167308|0.000187958|0.000314672|0.000962884,0.000261068|0.000106174|0.000798295|0.000295348|0.00359542|0.000133444|0.00036399|0.00259366|0.00366402|0.000925905|0.00368377|0.00073597|0.000154657|0.0010007|0.000330332|0.000503779|0.00108045|0.00124643|0.000259122|0.00020631,0.0149239|0.020331|0.022815|0.0368533|0.0411679|0.0479566|0.0185524|0.0414597|0.0135877|0.00889984|0.0307353|0.0213516|0.00381353|0.0435318|0.0206384|0.0246782|0.0277248|0.008984|0.00551956|0.0149268,0.0412895|0.0123668|0.0159416|0.0136531|0.0200669|0.0340338|0.0137871|0.01537|0.0409257|0.0484608|0.0361747|0.039085|0.0376584|0.0417385|0.0210152|0.0194929|0.0333838|0.0367367|0.033459|0.0460367,0.966562|0.966881|0.946201|0.922328|0.958857|0.951381|0.962637|0.953815|0.935008|0.991284|0.970156|0.928597|0.926805|0.900946|0.937217|0.978715|0.962228|0.943416|0.922419|0.991514,0.044073|0.100884|2.38856|1.87964|2.71668|5.20944|4.01704|1.45863|2.31751|2.73774|5.58772|3.91297|6.14759|2.57143|5.60429|1.17871|1.34553|3.46481|0.720084|1.43787,30.2686|65.1286|89.2299|64.4551|23.0914|43.4967|93.5115|27.3217|49.6282|76.7594|51.9585|83.9106|10.4739|81.7362|37.2729|32.9383|55.4093|99.595|65.9961,0.233793|0.246374|0.249364|0.223623|0.196006|0.226545|0.189898|0.21768|0.244009|0.195707|0.193998|0.247463|0.183499|0.213965|0.247945|0.235444|0.210203|0.184736|0.211961,0.365721|0.670433|0.943299|0.399603|0.5921|0.952383|0.626372|0.946258|0.690022|0.150883|0.362388|0.917952|0.949324|0.340685|0.439527|0.299341|0.426554|0.509202|0.74,0.836712,0.95003,0.0605752,0.0262135,0.963917,0.465123,0.15314,0.474832,0.221241,0.939811,45.7498,4.30327e-11,91817,0.946666,47.3408,5.83316e-12,89819,0.806875,0.804562,0.0308693,0.827622,0.153213,0.478528,0.188721,0.468424,0.0909349,0.884044,30.5298,9.32513e-10,24710,0.952989,52.309,3.28469e-13,20664
11,187,n1->n11->n12->n13->n3->n4->n14->n24->n25->n26->n27->n37->n47->n48->n38->n39->n40->n30->n20->n10,3.81628e+09|2.52501e+13|2.1111e+11|9.81467e+09|9.55297e+11|8.2339e+09|2.91479e+13|4.58897e+12|7.02296e+09|2.34091e+12|1.06797e+10|4.70754e+09|5.47496e+12|3.04067e+09|2.44316e+12|1.80903e+09|5.6157e+10|1.3379e+10|9.60703e+09|4.53093e+09,3.25333e+09|3.47681e+12|1.05012e+11|3.1802e+09|1.77834e+11|1.86231e+09|4.85425e+12|2.50135e+12|7.41925e+08|1.00891e+12|5.90481e+09|2.94368e+09|4.37433e+12|1.93485e+09|2.91553e+11|2.42123e+08|8.17539e+09|3.91441e+09|1.01137e+09|9.31081e+08,1.65606e-05|0.000333482|1.23997e-05|0.000184444|2.34356e-05|5.62105e-05|0.000173701|0.00040566|3.98486e-05|1.13419e-05|0.000385595|0.000147089|3.35753e-05|0.00092996|2.61444e-05|7.80254e-05|3.37418e-05|5.26975e-05|0.000360246|0.000962884,0.000261068|0.000106174|0.00623448|0.00073597|0.000154657|0.0010007|0.00786944|0.00129631|0.00870955|0.00105353|0.0053547|0.000920162|0.0063526|0.000392602|0.00298605|0.00153317|0.000197847|0.00225502|0.00927779|0.00020631,0.0149239|0.020331|0.0180599|0.0213516|0.00381353|0.0435318|0.0264898|0.0106514|0.0189466|0.00180998|0.0129799|0.00273334|0.00543473|0.0162806|0.00736111|0.0226891|0.0197123|0.00375381|0.0329774|0.0149268,0.0412895|0.0123668|0.00826329|0.039085|0.0376584|0.0417385|0.0488449|0.00422712|0.0120446|0.0338682|0.0225417|0.0249887|0.0488842|0.013949|0.0122774|0.0323535|0.0436284|0.0244379|0.029507|0.0460367,0.966562|0.966881|0.921419|0.928597|0.926805|0.900946|0.929454|0.939809|0.938328|0.988902|0.921043|0.953539|0.915661|0.914709|0.961831|0.971819|0.932971|0.916555|0.986266|0.991514,0.044073|0.100884|2.12941|3.91297|6.14759|2.57143|3.54556|0.576078|1.89337|5.70191|0.152741|1.66924|1.67281|4.94766|4.57945|5.96616|0.935081|3.81217|1.60192|1.43787,30.2686|24.4191|13.9548|83.9106|10.4739|52.1141|66.6304|18.2346|55.6995|42.5138|44.8869|88.6669|13.4252|21.8454|69.5993|86.0567|98.0873|23.9015|29.3778,0.233793|0.238508|0.240484|0.247463|0.183499|0.232653|0.223135|0.206582|0.173773|0.199324|0.224736|0.194607|0.211188|0.204625|0.247201|0.19629|0.204989|0.225083|0.163527,0.365721|0.981001|0.503208|0.917952|0.949324|0.731436|0.324891|0.438744|0.285241|0.638543|0.721224|0.727451|0.85369|0.298152|0.495278|0.156717|0.197154|0.876583|0.849414,0.836712,0.95003,0.0605752,0.0262135,0.963917,0.465123,0.15314,0.474832,0.221241,0.939811,45.7498,4.30327e-11,91817,0.946666,47.3408,5.83316e-12,89819,0.806875,0.804562,0.0308693,0.827622,0.153213,0.478528,0.188721,0.468424,0.0909349,0.884044,30.5298,9.32513e-10,24710,0.952989,52.309,3.28469e-13,20664
11,188,n1->n11->n21->n31->n41->n51->n52->n53->n54->n44->n45->n35->n36->n26->n27->n28->n18->n19->n20->n10,3.81628e+09|2.52501e+13|2.14937e+09|3.81124e+09|4.10359e+11|8.57971e+10|1.13711e+11|4.0976e+11|1.63296e+12|5.66062e+12|1.12054e+12|7.81812e+12|2.65625e+13|2.34091e+12|1.06797e+10|1.97271e+12|1.26146e+12|1.16537e+09|9.60703e+09|4.53093e+09,3.25333e+09|3.47681e+12|6.95475e+08|6.00756e+08|4.02817e+11|6.3756e+10|1.0988e+11|3.78765e+11|2.17695e+11|1.83286e+12|7.67422e+11|9.95548e+11|3.06441e+12|1.00891e+12|5.90481e+09|5.32754e+11|2.026e+11|6.99014e+08|1.01137e+09|9.31081e+08,1.65606e-05|0.000333482|3.31663e-05|0.000405301|2.37882e-05|4.59379e-05|0.000518975|8.80138e-05|0.000390688|2.52322e-05|0.000121008|6.26079e-05|6.7152e-05|1.13419e-05|0.000385595|3.13497e-05|0.00077073|2.23892e-05|0.000360246|0.000962884,0.000261068|0.000106174|0.000798295|0.000295348|0.00359542|0.000133444|0.00036399|0.00369356|0.00085899|0.00502131|0.00028017|0.00467613|0.00183418|0.00105353|0.0053547|0.00494547|0.000223728|0.000391715|0.00927779|0.00020631,0.0149239|0.020331|0.022815|0.0368533|0.0411679|0.0479566|0.0185524|0.0329048|0.0162073|0.0170077|0.0130833|0.0202053|0.0185019|0.00180998|0.0129799|0.024784|0.00757137|0.0161043|0.0329774|0.0149268,0.0412895|0.0123668|0.0159416|0.0136531|0.0200669|0.0340338|0.0137871|0.0259092|0.041198|0.00513884|0.00504203|0.0147381|0.0267303|0.0338682|0.0225417|0.0497329|0.0158785|0.0166223|0.029507|0.0460367,0.966562|0.966881|0.946201|0.922328|0.958857|0.951381|0.962637|0.903999|0.93262|0.93952|0.969913|0.990084|0.91938|0.988902|0.921043|0.975369|0.954493|0.972235|0.986266|0.991514,0.044073|0.100884|2.38856|1.87964|2.71668|5.20944|4.01704|4.13116|3.9072|3.60631|0.66565|0.795098|3.57535|5.70191|0.152741|5.46142|4.28182|0.257261|1.60192|1.43787,30.2686|65.1286|89.2299|64.4551|23.0914|43.4967|21.0603|69.1985|67.7415|89.5651|97.1045|18.7034|63.8366|42.5138|15.3326|43.2583|28.0546|10.3361|29.3778,0.233793|0.246374|0.249364|0.223623|0.196006|0.226545|0.236294|0.209733|0.22499|0.236274|0.16832|0.243248|0.246412|0.199324|0.218114|0.24208|0.21248|0.236076|0.163527,0.365721|0.670433|0.943299|0.399603|0.5921|0.952383|0.731522|0.779246|0.532959|0.612874|0.317503|0.57611|0.780822|0.638543|0.769449|0.374292|0.717834|0.380012|0.849414,0.836712,0.95003,0.0605752,0.0262135,0.963917,0.465123,0.15314,0.474832,0.221241,0.939811,45.7498,4.30327e-11,91817,0.946666,47.3408,5.83316e-12,89819,0.806875,0.804562,0.0308693,0.827622,0.153213,0.478528,0.188721,0.468424,0.0909349,0.884044,30.5298,9.32513e-10,24710,0.952989,52.309,3.28469e-13,20664
11,189,n1->n2->n12->n11->n21->n31->n41->n42->n43->n33->n23->n24->n14->n15->n5->n6->n7->n8->n9->n10,3.81628e+09|3.17307e+11|2.1111e+11|2.52501e+13|2.14937e+09|3.81124e+09|4.10359e+11|2.04944e+10|4.33813e+09|1.81445e+11|6.10326e+09|4.58897e+12|2.91479e+13|3.5907e+10|1.37938e+13|4.81192e+11|4.80907e+13|8.1696e+11|2.30789e+12|4.53093e+09,3.25333e+09|7.16144e+10|1.05012e+11|3.47681e+12|6.95475e+08|6.00756e+08|4.02817e+11|5.46706e+09|1.9995e+09|3.99742e+10|4.29963e+09|2.50135e+12|4.85425e+12|3.62158e+09|1.38001e+12|3.85536e+11|1.83015e+13|1.84853e+11|1.03773e+12|9.31081e+08,1.65606e-05|2.94581e-05|1.23997e-05|0.000333482|3.31663e-05|0.000405301|2.37882e-05|1.55089e-05|1.85445e-05|0.000884459|0.000453384|0.00040566|0.000173701|0.00098768|0.000116756|0.000284109|0.000167308|0.000187958|0.000314672|0.000962884,0.000261068|0.0082771|0.00623448|0.000106174|0.000798295|0.000295348|0.00359542|0.00259366|0.00366402|0.000925905|0.00368377|0.00129631|0.00786944|0.000302079|0.000330332|0.000503779|0.00108045|0.00124643|0.000259122|0.00020631,0.0149239|0.023169|0.0180599|0.020331|0.022815|0.0368533|0.0411679|0.0414597|0.0135877|0.00889984|0.0307353|0.0106514|0.0264898|0.0486551|0.0206384|0.0246782|0.0277248|0.008984|0.00551956|0.0149268,0.0412895|0.0464405|0.00826329|0.0123668|0.0159416|0.0136531|0.0200669|0.01537|0.0409257|0.0484608|0.0361747|0.00422712|0.0488449|0.0326516|0.0210152|0.0194929|0.0333838|0.0367367|0.033459|0.0460367,0.966562|0.91558|0.921419|0.966881|0.946201|0.922328|0.958857|0.953815|0.935008|0.991284|0.970156|0.939809|0.929454|0.985874|0.937217|0.978715|0.962228|0.943416|0.922419|0.991514,0.044073|1.15275|2.12941|0.100884|2.38856|1.87964|2.71668|1.45863|2.31751|2.73774|5.58772|0.576078|3.54556|6.07711|5.60429|1.17871|1.34553|3.46481|0.720084|1.43787,79.8117|88.6198|24.4191|65.1286|89.2299|64.4551|61.2747|27.3217|49.6282|76.7594|67.5745|66.6304|92.5451|35.0583|37.2729|32.9383|55.4093|99.595|65.9961,0.180405|0.1753|0.238508|0.246374|0.249364|0.223623|0.20285|0.21768|0.244009|0.195707|0.245578|0.223135|0.193036|0.165289|0.247945|0.235444|0.210203|0.184736|0.211961,0.820707|0.836696|0.981001|0.670433|0.943299|0.399603|0.353403|0.946258|0.690022|0.150883|0.848505|0.324891|0.838519|0.998548|0.439527|0.299341|0.426554|0.509202|0.74,0.836712,0.95003,0.0605752,0.0262135,0.963917,0.465123,0.15314,0.474832,0.221241,0.939811,45.7498,4.30327e-11,91817,0.946666,47.3408,5.83316e-12,89819,0.806875,0.804562,0.0308693,0.827622,0.153213,0.478528,0.188721,0.468424,0.0909349,0.884044,30.5298,9.32513e-10,24710,0.952989,52.309,3.28469e-13,20664
11,190,n1->n11->n12->n13->n23->n24->n25->n15->n14->n4->n5->n6->n7->n17->n18->n8->n9->n19->n20->n10,3.81628e+09|2.52501e+13|2.1111e+11|9.81467e+09|6.10326e+09|4.58897e+12|7.02296e+09|3.5907e+10|2.91479e+13|8.2339e+09|1.37938e+13|4.81192e+11|4.80907e+13|1.49573e+11|1.26146e+12|8.1696e+11|2.30789e+12|1.16537e+09|9.60703e+09|4.53093e+09,3.25333e+09|3.47681e+12|1.05012e+11|3.1802e+09|4.29963e+09|2.50135e+12|7.41925e+08|3.62158e+09|4.85425e+12|1.86231e+09|1.38001e+12|3.85536e+11|1.83015e+13|2.52876e+10|2.026e+11|1.84853e+11|1.03773e+12|6.99014e+08|1.01137e+09|9.31081e+08,1.65606e-05|0.000333482|1.23997e-05|0.000184444|0.000453384|0.00040566|3.98486e-05|0.00098768|0.000173701|5.62105e-05|0.000116756|0.000284109|0.000167308|0.000106677|0.00077073|0.000187958|0.000314672|2.23892e-05|0.000360246|0.000962884,0.000261068|0.000106174|0.00623448|0.00073597|0.00368377|0.00129631|0.00870955|0.000302079|0.00786944|0.0010007|0.000330332|0.000503779|0.00108045|0.00206961|0.000223728|0.00124643|0.000259122|0.000391715|0.00927779|0.00020631,0.0149239|0.020331|0.0180599|0.0213516|0.0307353|0.0106514|0.0189466|0.0486551|0.0264898|0.0435318|0.0206384|0.0246782|0.0277248|0.0327897|0.00757137|0.008984|0.00551956|0.0161043|0.0329774|0.0149268,0.0412895|0.0123668|0.00826329|0.039085|0.0361747|0.00422712|0.0120446|0.0326516|0.0488449|0.0417385|0.0210152|0.0194929|0.0333838|0.0446882|0.0158785|0.0367367|0.033459|0.0166223|0.029507|0.0460367,0.966562|0.966881|0.921419|0.928597|0.970156|0.939809|0.938328|0.985874|0.929454|0.900946|0.937217|0.978715|0.962228|0.9918|0.954493|0.943416|0.922419|0.972235|0.986266|0.991514,0.044073|0.100884|2.12941|3.91297|5.58772|0.576078|1.89337|6.07711|3.54556|2.57143|5.60429|1.17871|1.34553|5.5964|4.28182|3.46481|0.720084|0.257261|1.60192|1.43787,30.2686|24.4191|13.9548|51.9585|67.5745|18.2346|54.7186|92.5451|52.1141|81.7362|37.2729|32.9383|59.8148|27.3162|81.3396|99.595|99.0064|10.3361|29.3778,0.233793|0.238508|0.240484|0.193998|0.245578|0.206582|0.2102|0.193036|0.232653|0.213965|0.247945|0.235444|0.19432|0.195193|0.182333|0.184736|0.220943|0.236076|0.163527,0.365721|0.981001|0.503208|0.362388|0.848505|0.438744|0.433332|0.838519|0.731436|0.340685|0.439527|0.299341|0.320068|0.721446|0.519796|0.509202|0.31779|0.380012|0.849414,0.836712,0.95003,0.0605752,0.0262135,0.963917,0.465123,0.15314,0.474832,0.221241,0.939811,45.7498,4.30327e-11,91817,0.946666,47.3408,5.83316e-12,89819,0.806875,0.804562,0.0308693,0.827622,0.153213,0.478528,0.188721,0.468424,0.0909349,0.884044,30.5298,9.32513e-10,24710,0.952989,52.309,3.28469e-13,20664
11,191,n1->n11->n12->n2->n3->n13->n23->n33->n34->n35->n45->n46->n36->n26->n16->n17->n18->n8->n9->n10,3.81628e+09|2.52501e+13|2.1111e+11|3.17307e+11|9.55297e+11|9.81467e+09|6.10326e+09|1.81445e+11|5.50719e+10|7.81812e+12|1.12054e+12|1.06921e+12|2.65625e+13|2.34091e+12|6.90472e+11|1.49573e+11|1.26146e+12|8.1696e+11|2.30789e+12|4.53093e+09,3.25333e+09|3.47681e+12|1.05012e+11|7.16144e+10|1.77834e+11|3.1802e+09|4.29963e+09|3.99742e+10|2.63856e+10|9.95548e+11|7.67422e+11|4.22679e+11|3.06441e+12|1.00891e+12|6.89981e+11|2.52876e+10|2.026e+11|1.84853e+11|1.03773e+12|9.31081e+08,1.65606e-05|0.000333482|1.23997e-05|2.94581e-05|2.34356e-05|0.000184444|0.000453384|0.000884459|0.000454829|6.26079e-05|0.000121008|0.000372398|6.7152e-05|1.13419e-05|0.000342499|0.000106677|0.00077073|0.000187958|0.000314672|0.000962884,0.000261068|0.000106174|0.00623448|0.0082771|0.000154657|0.00073597|0.00368377|0.000925905|0.000993263|0.00467613|0.00028017|0.000141013|0.00183418|0.00105353|0.00111591|0.00206961|0.000223728|0.00124643|0.000259122|0.00020631,0.0149239|0.020331|0.0180599|0.023169|0.00381353|0.0213516|0.0307353|0.00889984|0.0165406|0.0202053|0.0130833|0.0101456|0.0185019|0.00180998|0.0327472|0.0327897|0.00757137|0.008984|0.00551956|0.0149268,0.0412895|0.0123668|0.00826329|0.0464405|0.0376584|0.039085|0.0361747|0.0484608|0.0150697|0.0147381|0.00504203|0.0454781|0.0267303|0.0338682|0.00971357|0.0446882|0.0158785|0.0367367|0.033459|0.0460367,0.966562|0.966881|0.921419|0.91558|0.926805|0.928597|0.970156|0.991284|0.931027|0.990084|0.969913|0.954362|0.91938|0.988902|0.901048|0.9918|0.954493|0.943416|0.922419|0.991514,0.044073|0.100884|2.12941|1.15275|6.14759|3.91297|5.58772|2.73774|0.741623|0.795098|0.66565|2.87575|3.57535|5.70191|1.61346|5.5964|4.28182|3.46481|0.720084|1.43787,30.2686|24.4191|88.6198|37.015|83.9106|51.9585|76.7594|23.5709|31.5608|97.1045|61.2725|70.4589|63.8366|11.0615|32.2763|27.3162|81.3396|99.595|65.9961,0.233793|0.238508|0.1753|0.162173|0.247463|0.193998|0.195707|0.204516|0.162794|0.16832|0.213753|0.237671|0.246412|0.225802|0.206947|0.195193|0.182333|0.184736|0.211961,0.365721|0.981001|0.836696|0.488085|0.917952|0.362388|0.150883|0.616785|0.442657|0.317503|0.977027|0.388609|0.780822|0.777864|0.756824|0.721446|0.519796|0.509202|0.74,0.836712,0.95003,0.0605752,0.0262135,0.963917,0.465123,0.15314,0.474832,0.221241,0.939811,45.7498,4.30327e-11,91817,0.946666,47.3408,5.83316e-12,89819,0.806875,0.804562,0.0308693,0.827622,0.153213,0.478528,0.188721,0.468424,0.0909349,0.884044,30.5298,9.32513e-10,24710,0.952989,52.309,3.28469e-13,20664
11,192,n1->n11->n12->n22->n32->n42->n43->n44->n34->n33->n23->n24->n14->n4->n5->n6->n7->n8->n9->n10,3.81628e+09|2.52501e+13|2.1111e+11|3.67533e+09|2.53898e+13|2.04944e+10|4.33813e+09|5.66062e+12|5.50719e+10|1.81445e+11|6.10326e+09|4.58897e+12|2.91479e+13|8.2339e+09|1.37938e+13|4.81192e+11|4.80907e+13|8.1696e+11|2.30789e+12|4.53093e+09,3.25333e+09|3.47681e+12|1.05012e+11|2.7041e+09|6.33615e+12|5.46706e+09|1.9995e+09|1.83286e+12|2.63856e+10|3.99742e+10|4.29963e+09|2.50135e+12|4.85425e+12|1.86231e+09|1.38001e+12|3.85536e+11|1.83015e+13|1.84853e+11|1.03773e+12|9.31081e+08,1.65606e-05|0.000333482|1.23997e-05|0.000252666|3.07271e-05|1.55089e-05|1.85445e-05|2.52322e-05|0.000454829|0.000884459|0.000453384|0.00040566|0.000173701|5.62105e-05|0.000116756|0.000284109|0.000167308|0.000187958|0.000314672|0.000962884,0.000261068|0.000106174|0.00623448|0.000120953|0.0011838|0.00259366|0.00366402|0.00502131|0.000993263|0.000925905|0.00368377|0.00129631|0.00786944|0.0010007|0.000330332|0.000503779|0.00108045|0.00124643|0.000259122|0.00020631,0.0149239|0.020331|0.0180599|0.00578932|0.0192821|0.0414597|0.0135877|0.0170077|0.0165406|0.00889984|0.0307353|0.0106514|0.0264898|0.0435318|0.0206384|0.0246782|0.0277248|0.008984|0.00551956|0.0149268,0.0412895|0.0123668|0.00826329|0.00482572|0.0395099|0.01537|0.0409257|0.00513884|0.0150697|0.0484608|0.0361747|0.00422712|0.0488449|0.0417385|0.0210152|0.0194929|0.0333838|0.0367367|0.033459|0.0460367,0.966562|0.966881|0.921419|0.905866|0.994092|0.953815|0.935008|0.93952|0.931027|0.991284|0.970156|0.939809|0.929454|0.900946|0.937217|0.978715|0.962228|0.943416|0.922419|0.991514,0.044073|0.100884|2.12941|0.371065|3.30856|1.45863|2.31751|3.60631|0.741623|2.73774|5.58772|0.576078|3.54556|2.57143|5.60429|1.17871|1.34553|3.46481|0.720084|1.43787,30.2686|24.4191|13.2112|86.2435|70.8805|27.3217|59.7094|46.2248|23.5709|76.7594|67.5745|66.6304|52.1141|81.7362|37.2729|32.9383|55.4093|99.595|65.9961,0.233793|0.238508|0.23086|0.187315|0.20473|0.21768|0.241155|0.231411|0.204516|0.195707|0.245578|0.223135|0.232653|0.213965|0.247945|0.235444|0.210203|0.184736|0.211961,0.365721|0.981001|0.959801|0.852537|0.269646|0.946258|0.361209|0.334506|0.616785|0.150883|0.848505|0.324891|0.731436|0.340685|0.439527|0.299341|0.426554|0.509202|0.74,0.836712,0.95003,0.0605752,0.0262135,0.963917,0.465123,0.15314,0.474832,0.221241,0.939811,45.7498,4.30327e-11,91817,0.946666,47.3408,5.83316e-12,89819,0.806875,0.804562,0.0308693,0.827622,0.153213,0.478528,0.188721,0.468424,0.0909349,0.884044,30.5298,9.32513e-10,24710,0.952989,52.309,3.28469e-13,20664
11,193,n1->n11->n12->n22->n32->n33->n34->n44->n45->n35->n25->n26->n27->n17->n18->n28->n29->n30->n20->n10,3.81628e+09|2.52501e+13|2.1111e+11|3.67533e+09|2.53898e+13|1.81445e+11|5.50719e+10|5.66062e+12|1.12054e+12|7.81812e+12|7.02296e+09|2.34091e+12|1.06797e+10|1.49573e+11|1.26146e+12|1.97271e+12|7.35633e+12|1.3379e+10|9.60703e+09|4.53093e+09,3.25333e+09|3.47681e+12|1.05012e+11|2.7041e+09|6.33615e+12|3.99742e+10|2.63856e+10|1.83286e+12|7.67422e+11|9.95548e+11|7.41925e+08|1.00891e+12|5.90481e+09|2.52876e+10|2.026e+11|5.32754e+11|9.38828e+11|3.91441e+09|1.01137e+09|9.31081e+08,1.65606e-05|0.000333482|1.23997e-05|0.000252666|3.07271e-05|0.000884459|0.000454829|2.52322e-05|0.000121008|6.26079e-05|3.98486e-05|1.13419e-05|0.000385595|0.000106677|0.00077073|3.13497e-05|1.34914e-05|5.26975e-05|0.000360246|0.000962884,0.000261068|0.000106174|0.00623448|0.000120953|0.0011838|0.000925905|0.000993263|0.00502131|0.00028017|0.00467613|0.00870955|0.00105353|0.0053547|0.00206961|0.000223728|0.00494547|0.00676328|0.00225502|0.00927779|0.00020631,0.0149239|0.020331|0.0180599|0.00578932|0.0192821|0.00889984|0.0165406|0.0170077|0.0130833|0.0202053|0.0189466|0.00180998|0.0129799|0.0327897|0.00757137|0.024784|0.00690986|0.00375381|0.0329774|0.0149268,0.0412895|0.0123668|0.00826329|0.00482572|0.0395099|0.0484608|0.0150697|0.00513884|0.00504203|0.0147381|0.0120446|0.0338682|0.0225417|0.0446882|0.0158785|0.0497329|0.0195613|0.0244379|0.029507|0.0460367,0.966562|0.966881|0.921419|0.905866|0.994092|0.991284|0.931027|0.93952|0.969913|0.990084|0.938328|0.988902|0.921043|0.9918|0.954493|0.975369|0.957942|0.916555|0.986266|0.991514,0.044073|0.100884|2.12941|0.371065|3.30856|2.73774|0.741623|3.60631|0.66565|0.795098|1.89337|5.70191|0.152741|5.5964|4.28182|5.46142|1.3314|3.81217|1.60192|1.43787,30.2686|24.4191|13.2112|86.2435|67.4197|23.5709|46.2248|89.5651|97.1045|88.4205|55.6995|42.5138|72.2829|27.3162|43.2583|39.0733|83.4704|23.9015|29.3778,0.233793|0.238508|0.23086|0.187315|0.160716|0.204516|0.231411|0.236274|0.16832|0.227841|0.173773|0.199324|0.181484|0.195193|0.24208|0.204677|0.184369|0.225083|0.163527,0.365721|0.981001|0.959801|0.852537|0.175903|0.616785|0.334506|0.612874|0.317503|0.443533|0.285241|0.638543|0.529686|0.721446|0.374292|0.610162|0.419692|0.876583|0.849414,0.836712,0.95003,0.0605752,0.0262135,0.963917,0.465123,0.15314,0.474832,0.221241,0.939811,45.7498,4.30327e-11,91817,0.946666,47.3408,5.83316e-12,89819,0.806875,0.804562,0.0308693,0.827622,0.153213,0.478528,0.188721,0.468424,0.0909349,0.884044,30.5298,9.32513e-10,24710,0.952989,52.309,3.28469e-13,20664
11,194,n1->n2->n12->n11->n21->n22->n32->n33->n23->n13->n3->n4->n14->n15->n16->n6->n7->n8->n9->n10,3.81628e+09|3.17307e+11|2.1111e+11|2.52501e+13|2.14937e+09|3.67533e+09|2.53898e+13|1.81445e+11|6.10326e+09|9.81467e+09|9.55297e+11|8.2339e+09|2.91479e+13|3.5907e+10|6.90472e+11|4.81192e+11|4.80907e+13|8.1696e+11|2.30789e+12|4.53093e+09,3.25333e+09|7.16144e+10|1.05012e+11|3.47681e+12|6.95475e+08|2.7041e+09|6.33615e+12|3.99742e+10|4.29963e+09|3.1802e+09|1.77834e+11|1.86231e+09|4.85425e+12|3.62158e+09|6.89981e+11|3.85536e+11|1.83015e+13|1.84853e+11|1.03773e+12|9.31081e+08,1.65606e-05|2.94581e-05|1.23997e-05|0.000333482|3.31663e-05|0.000252666|3.07271e-05|0.000884459|0.000453384|0.000184444|2.34356e-05|5.62105e-05|0.000173701|0.00098768|0.000342499|0.000284109|0.000167308|0.000187958|0.000314672|0.000962884,0.000261068|0.0082771|0.00623448|0.000106174|0.000798295|0.000120953|0.0011838|0.000925905|0.00368377|0.00073597|0.000154657|0.0010007|0.00786944|0.000302079|0.00111591|0.000503779|0.00108045|0.00124643|0.000259122|0.00020631,0.0149239|0.023169|0.0180599|0.020331|0.022815|0.00578932|0.0192821|0.00889984|0.0307353|0.0213516|0.00381353|0.0435318|0.0264898|0.0486551|0.0327472|0.0246782|0.0277248|0.008984|0.00551956|0.0149268,0.0412895|0.0464405|0.00826329|0.0123668|0.0159416|0.00482572|0.0395099|0.0484608|0.0361747|0.039085|0.0376584|0.0417385|0.0488449|0.0326516|0.00971357|0.0194929|0.0333838|0.0367367|0.033459|0.0460367,0.966562|0.91558|0.921419|0.966881|0.946201|0.905866|0.994092|0.991284|0.970156|0.928597|0.926805|0.900946|0.929454|0.985874|0.901048|0.978715|0.962228|0.943416|0.922419|0.991514,0.044073|1.15275|2.12941|0.100884|2.38856|0.371065|3.30856|2.73774|5.58772|3.91297|6.14759|2.57143|3.54556|6.07711|1.61346|1.17871|1.34553|3.46481|0.720084|1.43787,79.8117|88.6198|24.4191|65.1286|34.0839|86.2435|67.4197|76.7594|51.9585|83.9106|10.4739|52.1141|92.5451|56.2706|50.0569|32.9383|55.4093|99.595|65.9961,0.180405|0.1753|0.238508|0.246374|0.233339|0.187315|0.160716|0.195707|0.193998|0.247463|0.183499|0.232653|0.193036|0.224038|0.225307|0.235444|0.210203|0.184736|0.211961,0.820707|0.836696|0.981001|0.670433|0.348713|0.852537|0.175903|0.150883|0.362388|0.917952|0.949324|0.731436|0.838519|0.441456|0.100621|0.299341|0.426554|0.509202|0.74,0.836712,0.95003,0.0605752,0.0262135,0.963917,0.465123,0.15314,0.474832,0.221241,0.939811,45.7498,4.30327e-11,91817,0.946666,47.3408,5.83316e-12,89819,0.806875,0.804562,0.0308693,0.827622,0.153213,0.478528,0.188721,0.468424,0.0909349,0.884044,30.5298,9.32513e-10,24710,0.952989,52.309,3.28469e-13,20664
11,195,n1->n2->n3->n4->n5->n6->n7->n17->n16->n26->n27->n37->n38->n48->n49->n39->n29->n19->n20->n10,3.81628e+09|3.17307e+11|9.55297e+11|8.2339e+09|1.37938e+13|4.81192e+11|4.80907e+13|1.49573e+11|6.90472e+11|2.34091e+12|1.06797e+10|4.70754e+09|2.44316e+12|3.04067e+09|2.01187e+09|1.80903e+09|7.35633e+12|1.16537e+09|9.60703e+09|4.53093e+09,3.25333e+09|7.16144e+10|1.77834e+11|1.86231e+09|1.38001e+12|3.85536e+11|1.83015e+13|2.52876e+10|6.89981e+11|1.00891e+12|5.90481e+09|2.94368e+09|2.91553e+11|1.93485e+09|1.86798e+09|2.42123e+08|9.38828e+11|6.99014e+08|1.01137e+09|9.31081e+08,1.65606e-05|2.94581e-05|2.34356e-05|5.62105e-05|0.000116756|0.000284109|0.000167308|0.000106677|0.000342499|1.13419e-05|0.000385595|0.000147089|2.61444e-05|0.00092996|0.000715535|7.80254e-05|1.34914e-05|2.23892e-05|0.000360246|0.000962884,0.000261068|0.0082771|0.000154657|0.0010007|0.000330332|0.000503779|0.00108045|0.00206961|0.00111591|0.00105353|0.0053547|0.000920162|0.00298605|0.000392602|0.000172535|0.00153317|0.00676328|0.000391715|0.00927779|0.00020631,0.0149239|0.023169|0.00381353|0.0435318|0.0206384|0.0246782|0.0277248|0.0327897|0.0327472|0.00180998|0.0129799|0.00273334|0.00736111|0.0162806|0.0264762|0.0226891|0.00690986|0.0161043|0.0329774|0.0149268,0.0412895|0.0464405|0.0376584|0.0417385|0.0210152|0.0194929|0.0333838|0.0446882|0.00971357|0.0338682|0.0225417|0.0249887|0.0122774|0.013949|0.0496426|0.0323535|0.0195613|0.0166223|0.029507|0.0460367,0.966562|0.91558|0.926805|0.900946|0.937217|0.978715|0.962228|0.9918|0.901048|0.988902|0.921043|0.953539|0.961831|0.914709|0.980999|0.971819|0.957942|0.972235|0.986266|0.991514,0.044073|1.15275|6.14759|2.57143|5.60429|1.17871|1.34553|5.5964|1.61346|5.70191|0.152741|1.66924|4.57945|4.94766|4.49332|5.96616|1.3314|0.257261|1.60192|1.43787,79.8117|37.015|10.4739|81.7362|37.2729|32.9383|59.8148|32.2763|11.0615|42.5138|44.8869|37.0378|21.8454|52.0957|95.0453|44.1502|84.7043|10.3361|29.3778,0.180405|0.162173|0.183499|0.213965|0.247945|0.235444|0.19432|0.206947|0.225802|0.199324|0.224736|0.229194|0.204625|0.218349|0.237273|0.198568|0.209672|0.236076|0.163527,0.820707|0.488085|0.949324|0.340685|0.439527|0.299341|0.320068|0.756824|0.777864|0.638543|0.721224|0.300005|0.298152|0.822843|0.121001|0.621441|0.84529|0.380012|0.849414,0.836712,0.95003,0.0605752,0.0262135,0.963917,0.465123,0.15314,0.474832,0.221241,0.939811,45.7498,4.30327e-11,91817,0.946666,47.3408,5.83316e-12,89819,0.806875,0.804562,0.0308693,0.827622,0.153213,0.478528,0.188721,0.468424,0.0909349,0.884044,30.5298,9.32513e-10,24710,0.952989,52.309,3.28469e-13,20664
11,196,n1->n11->n21->n31->n32->n33->n23->n22->n12->n13->n3->n4->n14->n15->n5->n6->n7->n8->n9->n10,3.81628e+09|2.52501e+13|2.14937e+09|3.81124e+09|2.53898e+13|1.81445e+11|6.10326e+09|3.67533e+09|2.1111e+11|9.81467e+09|9.55297e+11|8.2339e+09|2.91479e+13|3.5907e+10|1.37938e+13|4.81192e+11|4.80907e+13|8.1696e+11|2.30789e+12|4.53093e+09,3.25333e+09|3.47681e+12|6.95475e+08|6.00756e+08|6.33615e+12|3.99742e+10|4.29963e+09|2.7041e+09|1.05012e+11|3.1802e+09|1.77834e+11|1.86231e+09|4.85425e+12|3.62158e+09|1.38001e+12|3.85536e+11|1.83015e+13|1.84853e+11|1.03773e+12|9.31081e+08,1.65606e-05|0.000333482|3.31663e-05|0.000405301|3.07271e-05|0.000884459|0.000453384|0.000252666|1.23997e-05|0.000184444|2.34356e-05|5.62105e-05|0.000173701|0.00098768|0.000116756|0.000284109|0.000167308|0.000187958|0.000314672|0.000962884,0.000261068|0.000106174|0.000798295|0.000295348|0.0011838|0.000925905|0.00368377|0.000120953|0.00623448|0.00073597|0.000154657|0.0010007|0.00786944|0.000302079|0.000330332|0.000503779|0.00108045|0.00124643|0.000259122|0.00020631,0.0149239|0.020331|0.022815|0.0368533|0.0192821|0.00889984|0.0307353|0.00578932|0.0180599|0.0213516|0.00381353|0.0435318|0.0264898|0.0486551|0.0206384|0.0246782|0.0277248|0.008984|0.00551956|0.0149268,0.0412895|0.0123668|0.0159416|0.0136531|0.0395099|0.0484608|0.0361747|0.00482572|0.00826329|0.039085|0.0376584|0.0417385|0.0488449|0.0326516|0.0210152|0.0194929|0.0333838|0.0367367|0.033459|0.0460367,0.966562|0.966881|0.946201|0.922328|0.994092|0.991284|0.970156|0.905866|0.921419|0.928597|0.926805|0.900946|0.929454|0.985874|0.937217|0.978715|0.962228|0.943416|0.922419|0.991514,0.044073|0.100884|2.38856|1.87964|3.30856|2.73774|5.58772|0.371065|2.12941|3.91297|6.14759|2.57143|3.54556|6.07711|5.60429|1.17871|1.34553|3.46481|0.720084|1.43787,30.2686|65.1286|89.2299|63.0993|67.4197|76.7594|55.8812|13.2112|13.9548|83.9106|10.4739|52.1141|92.5451|35.0583|37.2729|32.9383|55.4093|99.595|65.9961,0.233793|0.246374|0.249364|0.190598|0.160716|0.195707|0.198716|0.23086|0.240484|0.247463|0.183499|0.232653|0.193036|0.165289|0.247945|0.235444|0.210203|0.184736|0.211961,0.365721|0.670433|0.943299|0.438574|0.175903|0.150883|0.142489|0.959801|0.503208|0.917952|0.949324|0.731436|0.838519|0.998548|0.439527|0.299341|0.426554|0.509202|0.74,0.836712,0.95003,0.0605752,0.0262135,0.963917,0.465123,0.15314,0.474832,0.221241,0.939811,45.7498,4.30327e-11,91817,0.946666,47.3408,5.83316e-12,89819,0.806875,0.804562,0.0308693,0.827622,0.153213,0.478528,0.188721,0.468424,0.0909349,0.884044,30.5298,9.32513e-10,24710,0.952989,52.309,3.28469e-13,20664
11,197,n1->n11->n12->n22->n32->n31->n41->n42->n43->n33->n34->n24->n14->n4->n5->n6->n7->n8->n9->n10,3.81628e+09|2.52501e+13|2.1111e+11|3.67533e+09|2.53898e+13|3.81124e+09|4.10359e+11|2.04944e+10|4.33813e+09|1.81445e+11|5.50719e+10|4.58897e+12|2.91479e+13|8.2339e+09|1.37938e+13|4.81192e+11|4.80907e+13|8.1696e+11|2.30789e+12|4.53093e+09,3.25333e+09|3.47681e+12|1.05012e+11|2.7041e+09|6.33615e+12|6.00756e+08|4.02817e+11|5.46706e+09|1.9995e+09|3.99742e+10|2.63856e+10|2.50135e+12|4.85425e+12|1.86231e+09|1.38001e+12|3.85536e+11|1.83015e+13|1.84853e+11|1.03773e+12|9.31081e+08,1.65606e-05|0.000333482|1.23997e-05|0.000252666|3.07271e-05|0.000405301|2.37882e-05|1.55089e-05|1.85445e-05|0.000884459|0.000454829|0.00040566|0.000173701|5.62105e-05|0.000116756|0.000284109|0.000167308|0.000187958|0.000314672|0.000962884,0.000261068|0.000106174|0.00623448|0.000120953|0.0011838|0.000295348|0.00359542|0.00259366|0.00366402|0.000925905|0.000993263|0.00129631|0.00786944|0.0010007|0.000330332|0.000503779|0.00108045|0.00124643|0.000259122|0.00020631,0.0149239|0.020331|0.0180599|0.00578932|0.0192821|0.0368533|0.0411679|0.0414597|0.0135877|0.00889984|0.0165406|0.0106514|0.0264898|0.0435318|0.0206384|0.0246782|0.0277248|0.008984|0.00551956|0.0149268,0.0412895|0.0123668|0.00826329|0.00482572|0.0395099|0.0136531|0.0200669|0.01537|0.0409257|0.0484608|0.0150697|0.00422712|0.0488449|0.0417385|0.0210152|0.0194929|0.0333838|0.0367367|0.033459|0.0460367,0.966562|0.966881|0.921419|0.905866|0.994092|0.922328|0.958857|0.953815|0.935008|0.991284|0.931027|0.939809|0.929454|0.900946|0.937217|0.978715|0.962228|0.943416|0.922419|0.991514,0.044073|0.100884|2.12941|0.371065|3.30856|1.87964|2.71668|1.45863|2.31751|2.73774|0.741623|0.576078|3.54556|2.57143|5.60429|1.17871|1.34553|3.46481|0.720084|1.43787,30.2686|24.4191|13.2112|86.2435|63.0993|64.4551|61.2747|27.3217|49.6282|23.5709|58.7029|66.6304|52.1141|81.7362|37.2729|32.9383|55.4093|99.595|65.9961,0.233793|0.238508|0.23086|0.187315|0.190598|0.223623|0.20285|0.21768|0.244009|0.204516|0.171068|0.223135|0.232653|0.213965|0.247945|0.235444|0.210203|0.184736|0.211961,0.365721|0.981001|0.959801|0.852537|0.438574|0.399603|0.353403|0.946258|0.690022|0.616785|0.195268|0.324891|0.731436|0.340685|0.439527|0.299341|0.426554|0.509202|0.74,0.836712,0.95003,0.0605752,0.0262135,0.963917,0.465123,0.15314,0.474832,0.221241,0.939811,45.7498,4.30327e-11,91817,0.946666,47.3408,5.83316e-12,89819,0.806875,0.804562,0.0308693,0.827622,0.153213,0.478528,0.188721,0.468424,0.0909349,0.884044,30.5298,9.32513e-10,24710,0.952989,52.309,3.28469e-13,20664
11,198,n1->n11->n12->n22->n23->n33->n34->n35->n36->n37->n27->n26->n25->n15->n5->n6->n7->n8->n9->n10,3.81628e+09|2.52501e+13|2.1111e+11|3.67533e+09|6.10326e+09|1.81445e+11|5.50719e+10|7.81812e+12|2.65625e+13|4.70754e+09|1.06797e+10|2.34091e+12|7.02296e+09|3.5907e+10|1.37938e+13|4.81192e+11|4.80907e+13|8.1696e+11|2.30789e+12|4.53093e+09,3.25333e+09|3.47681e+12|1.05012e+11|2.7041e+09|4.29963e+09|3.99742e+10|2.63856e+10|9.95548e+11|3.06441e+12|2.94368e+09|5.90481e+09|1.00891e+12|7.41925e+08|3.62158e+09|1.38001e+12|3.85536e+11|1.83015e+13|1.84853e+11|1.03773e+12|9.31081e+08,1.65606e-05|0.000333482|1.23997e-05|0.000252666|0.000453384|0.000884459|0.000454829|6.26079e-05|6.7152e-05|0.000147089|0.000385595|1.13419e-05|3.98486e-05|0.00098768|0.000116756|0.000284109|0.000167308|0.000187958|0.000314672|0.000962884,0.000261068|0.000106174|0.00623448|0.000120953|0.00368377|0.000925905|0.000993263|0.00467613|0.00183418|0.000920162|0.0053547|0.00105353|0.00870955|0.000302079|0.000330332|0.000503779|0.00108045|0.00124643|0.000259122|0.00020631,0.0149239|0.020331|0.0180599|0.00578932|0.0307353|0.00889984|0.0165406|0.0202053|0.0185019|0.00273334|0.0129799|0.00180998|0.0189466|0.0486551|0.0206384|0.0246782|0.0277248|0.008984|0.00551956|0.0149268,0.0412895|0.0123668|0.00826329|0.00482572|0.0361747|0.0484608|0.0150697|0.0147381|0.0267303|0.0249887|0.0225417|0.0338682|0.0120446|0.0326516|0.0210152|0.0194929|0.0333838|0.0367367|0.033459|0.0460367,0.966562|0.966881|0.921419|0.905866|0.970156|0.991284|0.931027|0.990084|0.91938|0.953539|0.921043|0.988902|0.938328|0.985874|0.937217|0.978715|0.962228|0.943416|0.922419|0.991514,0.044073|0.100884|2.12941|0.371065|5.58772|2.73774|0.741623|0.795098|3.57535|1.66924|0.152741|5.70191|1.89337|6.07711|5.60429|1.17871|1.34553|3.46481|0.720084|1.43787,30.2686|24.4191|13.2112|55.8812|76.7594|23.5709|31.5608|18.7034|29.3504|44.8869|42.5138|55.6995|54.7186|35.0583|37.2729|32.9383|55.4093|99.595|65.9961,0.233793|0.238508|0.23086|0.198716|0.195707|0.204516|0.162794|0.243248|0.241567|0.224736|0.199324|0.173773|0.2102|0.165289|0.247945|0.235444|0.210203|0.184736|0.211961,0.365721|0.981001|0.959801|0.142489|0.150883|0.616785|0.442657|0.57611|0.992314|0.721224|0.638543|0.285241|0.433332|0.998548|0.439527|0.299341|0.426554|0.509202|0.74,0.836712,0.95003,0.0605752,0.0262135,0.963917,0.465123,0.15314,0.474832,0.221241,0.939811,45.7498,4.30327e-11,91817,0.946666,47.3408,5.83316e-12,89819,0.806875,0.804562,0.0308693,0.827622,0.153213,0.478528,0.188721,0.468424,0.0909349,0.884044,30.5298,9.32513e-10,24710,0.952989,52.309,3.28469e-13,20664
11,199,n1->n11->n21->n22->n32->n31->n41->n42->n43->n44->n34->n35->n36->n37->n38->n39->n40->n30->n20->n10,3.81628e+09|2.52501e+13|2.14937e+09|3.67533e+09|2.53898e+13|3.81124e+09|4.10359e+11|2.04944e+10|4.33813e+09|5.66062e+12|5.50719e+10|7.81812e+12|2.65625e+13|4.70754e+09|2.44316e+12|1.80903e+09|5.6157e+10|1.3379e+10|9.60703e+09|4.53093e+09,3.25333e+09|3.47681e+12|6.95475e+08|2.7041e+09|6.33615e+12|6.00756e+08|4.02817e+11|5.46706e+09|1.9995e+09|1.83286e+12|2.63856e+10|9.95548e+11|3.06441e+12|2.94368e+09|2.91553e+11|2.42123e+08|8.17539e+09|3.91441e+09|1.01137e+09|9.31081e+08,1.65606e-05|0.000333482|3.31663e-05|0.000252666|3.07271e-05|0.000405301|2.37882e-05|1.55089e-05|1.85445e-05|2.52322e-05|0.000454829|6.26079e-05|6.7152e-05|0.000147089|2.61444e-05|7.80254e-05|3.37418e-05|5.26975e-05|0.000360246|0.000962884,0.000261068|0.000106174|0.000798295|0.000120953|0.0011838|0.000295348|0.00359542|0.00259366|0.00366402|0.00502131|0.000993263|0.00467613|0.00183418|0.000920162|0.00298605|0.00153317|0.000197847|0.00225502|0.00927779|0.00020631,0.0149239|0.020331|0.022815|0.00578932|0.0192821|0.0368533|0.0411679|0.0414597|0.0135877|0.0170077|0.0165406|0.0202053|0.0185019|0.00273334|0.00736111|0.0226891|0.0197123|0.00375381|0.0329774|0.0149268,0.0412895|0.0123668|0.0159416|0.00482572|0.0395099|0.0136531|0.0200669|0.01537|0.0409257|0.00513884|0.0150697|0.0147381|0.0267303|0.0249887|0.0122774|0.0323535|0.0436284|0.0244379|0.029507|0.0460367,0.966562|0.966881|0.946201|0.905866|0.994092|0.922328|0.958857|0.953815|0.935008|0.93952|0.931027|0.990084|0.91938|0.953539|0.961831|0.971819|0.932971|0.916555|0.986266|0.991514,0.044073|0.100884|2.38856|0.371065|3.30856|1.87964|2.71668|1.45863|2.31751|3.60631|0.741623|0.795098|3.57535|1.66924|4.57945|5.96616|0.935081|3.81217|1.60192|1.43787,30.2686|65.1286|34.0839|86.2435|63.0993|64.4551|61.2747|27.3217|59.7094|46.2248|31.5608|18.7034|29.3504|37.0378|69.5993|86.0567|98.0873|23.9015|29.3778,0.233793|0.246374|0.233339|0.187315|0.190598|0.223623|0.20285|0.21768|0.241155|0.231411|0.162794|0.243248|0.241567|0.229194|0.247201|0.19629|0.204989|0.225083|0.163527,0.365721|0.670433|0.348713|0.852537|0.438574|0.399603|0.353403|0.946258|0.361209|0.334506|0.442657|0.57611|0.992314|0.300005|0.495278|0.156717|0.197154|0.876583|0.849414,0.836712,0.95003,0.0605752,0.0262135,0.963917,0.465123,0.15314,0.474832,0.221241,0.939811,45.7498,4.30327e-11,91817,0.946666,47.3408,5.83316e-12,89819,0.806875,0.804562,0.0308693,0.827622,0.153213,0.478528,0.188721,0.468424,0.0909349,0.884044,30.5298,9.32513e-10,24710,0.952989,52.309,3.28469e-13,20664
11,200,n1->n11->n12->n2->n3->n4->n14->n15->n5->n6->n7->n17->n27->n37->n38->n28->n18->n8->n9->n10,3.81628e+09|2.52501e+13|2.1111e+11|3.17307e+11|9.55297e+11|8.2339e+09|2.91479e+13|3.5907e+10|1.37938e+13|4.81192e+11|4.80907e+13|1.49573e+11|1.06797e+10|4.70754e+09|2.44316e+12|1.97271e+12|1.26146e+12|8.1696e+11|2.30789e+12|4.53093e+09,3.25333e+09|3.47681e+12|1.05012e+11|7.16144e+10|1.77834e+11|1.86231e+09|4.85425e+12|3.62158e+09|1.38001e+12|3.85536e+11|1.83015e+13|2.52876e+10|5.90481e+09|2.94368e+09|2.91553e+11|5.32754e+11|2.026e+11|1.84853e+11|1.03773e+12|9.31081e+08,1.65606e-05|0.000333482|1.23997e-05|2.94581e-05|2.34356e-05|5.62105e-05|0.000173701|0.00098768|0.000116756|0.000284109|0.000167308|0.000106677|0.000385595|0.000147089|2.61444e-05|3.13497e-05|0.00077073|0.000187958|0.000314672|0.000962884,0.000261068|0.000106174|0.00623448|0.0082771|0.000154657|0.0010007|0.00786944|0.000302079|0.000330332|0.000503779|0.00108045|0.00206961|0.0053547|0.000920162|0.00298605|0.00494547|0.000223728|0.00124643|0.000259122|0.00020631,0.0149239|0.020331|0.0180599|0.023169|0.00381353|0.0435318|0.0264898|0.0486551|0.0206384|0.0246782|0.0277248|0.0327897|0.0129799|0.00273334|0.00736111|0.024784|0.00757137|0.008984|0.00551956|0.0149268,0.0412895|0.0123668|0.00826329|0.0464405|0.0376584|0.0417385|0.0488449|0.0326516|0.0210152|0.0194929|0.0333838|0.0446882|0.0225417|0.0249887|0.0122774|0.0497329|0.0158785|0.0367367|0.033459|0.0460367,0.966562|0.966881|0.921419|0.91558|0.926805|0.900946|0.929454|0.985874|0.937217|0.978715|0.962228|0.9918|0.921043|0.953539|0.961831|0.975369|0.954493|0.943416|0.922419|0.991514,0.044073|0.100884|2.12941|1.15275|6.14759|2.57143|3.54556|6.07711|5.60429|1.17871|1.34553|5.5964|0.152741|1.66924|4.57945|5.46142|4.28182|3.46481|0.720084|1.43787,30.2686|24.4191|88.6198|37.015|10.4739|52.1141|92.5451|35.0583|37.2729|32.9383|59.8148|72.2829|44.8869|37.0378|23.518|43.2583|81.3396|99.595|65.9961,0.233793|0.238508|0.1753|0.162173|0.183499|0.232653|0.193036|0.165289|0.247945|0.235444|0.19432|0.181484|0.224736|0.229194|0.201534|0.24208|0.182333|0.184736|0.211961,0.365721|0.981001|0.836696|0.488085|0.949324|0.731436|0.838519|0.998548|0.439527|0.299341|0.320068|0.529686|0.721224|0.300005|0.455463|0.374292|0.519796|0.509202|0.74,0.836712,0.95003,0.0605752,0.0262135,0.963917,0.465123,0.15314,0.474832,0.221241,0.939811,45.7498,4.30327e-11,91817,0.946666,47.3408,5.83316e-12,89819,0.806875,0.804562,0.0308693,0.827622,0.153213,0.478528,0.188721,0.468424,0.0909349,0.884044,30.5298,9.32513e-10,24710,0.952989,52.309,3.28469e-13,20664
