DatasetID,PathID,PathString,node_t1,node_t2,node_p_depol_1q,node_p_depol_2q,node_coh1_angle,node_coh2_zz_angle,node_src_visibility,node_src_phase,edge_length,edge_attenuation,edge_insertion_loss_db,d1_coupling_1,d1_coupling_2,d1_mzi_phase_error,d1_mzi_loss_short,d1_mzi_loss_long,d1_bs1_reflectivity,d1_bs1_loss,d1_bs2_reflectivity,d1_bs2_loss,d1_snspd1_efficiency,d1_snspd1_jitter,d1_snspd1_dark,d1_snspd1_dead,d1_snspd2_efficiency,d1_snspd2_jitter,d1_snspd2_dark,d1_snspd2_dead,d2_coupling_1,d2_coupling_2,d2_mzi_phase_error,d2_mzi_loss_short,d2_mzi_loss_long,d2_bs1_reflectivity,d2_bs1_loss,d2_bs2_reflectivity,d2_bs2_loss,d2_snspd1_efficiency,d2_snspd1_jitter,d2_snspd1_dark,d2_snspd1_dead,d2_snspd2_efficiency,d2_snspd2_jitter,d2_snspd2_dark,d2_snspd2_dead
7,1,n1->n2->n12->n13->n14->n4->n5->n6->n7->n8->n9->n10,3.00404e+13|3.30326e+11|1.24762e+09|9.91228e+12|6.27509e+09|5.19663e+13|5.16898e+10|2.5768e+13|6.61732e+12|3.56515e+09|5.76717e+13|1.84599e+12,4.34899e+12|4.87974e+10|1.86352e+08|5.06921e+12|5.15166e+09|3.73718e+13|1.84025e+10|1.13857e+13|1.34423e+12|2.20969e+09|4.50387e+13|5.88715e+11,2.20593e-05|0.000150149|0.000450723|2.59449e-05|0.000129815|4.65401e-05|0.000380256|0.00033585|4.39527e-05|0.000765253|0.000204857|6.01787e-05,0.00633895|0.00466227|0.00126271|0.00730137|0.000102845|0.000153837|0.000293754|0.00369855|0.000669129|0.000152009|0.00126725|0.00101454,0.0242308|0.0466207|0.0386825|0.0202101|0.000914227|0.0140069|0.0482045|0.021023|0.043186|0.00764741|0.0459616|0.0261239,0.0186446|0.0412655|0.0419088|0.0443805|0.0388816|0.0421418|0.0296199|0.0399306|0.0011028|0.0487049|0.032776|0.0180416,0.952597|0.917952|0.989487|0.957486|0.915384|0.962302|0.90075|0.989066|0.941223|0.918796|0.962548|0.942571,6.1663|4.47725|0.398509|3.30965|3.76198|6.07392|0.158043|1.08178|4.27287|0.495993|5.30103|5.03831,79.8117|88.6198|13.9548|56.34|52.1141|81.7362|37.2729|32.9383|55.4093|99.595|65.9961,0.206816|0.186425|0.170437|0.230897|0.216325|0.162628|0.182098|0.172139|0.248326|0.247994|0.164414,0.332644|0.549125|0.374611|0.964918|0.474765|0.858929|0.770624|0.198275|0.993536|0.395032|0.843193,0.823926,0.95139,0.0501489,0.117049,0.421933,0.504875,0.0617885,0.490527,0.190703,0.903761,75.0845,2.21625e-10,46823,0.876134,54.7023,1.84253e-11,19749,0.862527,0.834378,0.0578779,0.973354,0.582731,0.492938,0.169781,0.516908,0.130486,0.880588,73.1261,1.75166e-13,58607,0.898519,78.1077,8.52274e-10,81618
7,2,n1->n2->n12->n13->n3->n4->n5->n6->n7->n8->n9->n10,3.00404e+13|3.30326e+11|1.24762e+09|9.91228e+12|2.51637e+13|5.19663e+13|5.16898e+10|2.5768e+13|6.61732e+12|3.56515e+09|5.76717e+13|1.84599e+12,4.34899e+12|4.87974e+10|1.86352e+08|5.06921e+12|1.20723e+13|3.73718e+13|1.84025e+10|1.13857e+13|1.34423e+12|2.20969e+09|4.50387e+13|5.88715e+11,2.20593e-05|0.000150149|0.000450723|2.59449e-05|0.000235236|4.65401e-05|0.000380256|0.00033585|4.39527e-05|0.000765253|0.000204857|6.01787e-05,0.00633895|0.00466227|0.00126271|0.00730137|0.00100075|0.000153837|0.000293754|0.00369855|0.000669129|0.000152009|0.00126725|0.00101454,0.0242308|0.0466207|0.0386825|0.0202101|0.0318488|0.0140069|0.0482045|0.021023|0.043186|0.00764741|0.0459616|0.0261239,0.0186446|0.0412655|0.0419088|0.0443805|0.014719|0.0421418|0.0296199|0.0399306|0.0011028|0.0487049|0.032776|0.0180416,0.952597|0.917952|0.989487|0.957486|0.908437|0.962302|0.90075|0.989066|0.941223|0.918796|0.962548|0.942571,6.1663|4.47725|0.398509|3.30965|5.20069|6.07392|0.158043|1.08178|4.27287|0.495993|5.30103|5.03831,79.8117|88.6198|13.9548|83.9106|10.4739|81.7362|37.2729|32.9383|55.4093|99.595|65.9961,0.206816|0.186425|0.170437|0.200225|0.174627|0.162628|0.182098|0.172139|0.248326|0.247994|0.164414,0.332644|0.549125|0.374611|0.417051|0.966142|0.858929|0.770624|0.198275|0.993536|0.395032|0.843193,0.823926,0.95139,0.0501489,0.117049,0.421933,0.504875,0.0617885,0.490527,0.190703,0.903761,75.0845,2.21625e-10,46823,0.876134,54.7023,1.84253e-11,19749,0.862527,0.834378,0.0578779,0.973354,0.582731,0.492938,0.169781,0.516908,0.130486,0.880588,73.1261,1.75166e-13,58607,0.898519,78.1077,8.52274e-10,81618
7,3,n1->n11->n12->n2->n3->n4->n5->n6->n7->n8->n9->n10,3.00404e+13|1.20939e+11|1.24762e+09|3.30326e+11|2.51637e+13|5.19663e+13|5.16898e+10|2.5768e+13|6.61732e+12|3.56515e+09|5.76717e+13|1.84599e+12,4.34899e+12|1.2827e+10|1.86352e+08|4.87974e+10|1.20723e+13|3.73718e+13|1.84025e+10|1.13857e+13|1.34423e+12|2.20969e+09|4.50387e+13|5.88715e+11,2.20593e-05|3.68162e-05|0.000450723|0.000150149|0.000235236|4.65401e-05|0.000380256|0.00033585|4.39527e-05|0.000765253|0.000204857|6.01787e-05,0.00633895|0.000290726|0.00126271|0.00466227|0.00100075|0.000153837|0.000293754|0.00369855|0.000669129|0.000152009|0.00126725|0.00101454,0.0242308|0.0396791|0.0386825|0.0466207|0.0318488|0.0140069|0.0482045|0.021023|0.043186|0.00764741|0.0459616|0.0261239,0.0186446|0.0224647|0.0419088|0.0412655|0.014719|0.0421418|0.0296199|0.0399306|0.0011028|0.0487049|0.032776|0.0180416,0.952597|0.92663|0.989487|0.917952|0.908437|0.962302|0.90075|0.989066|0.941223|0.918796|0.962548|0.942571,6.1663|5.09381|0.398509|4.47725|5.20069|6.07392|0.158043|1.08178|4.27287|0.495993|5.30103|5.03831,30.2686|24.4191|88.6198|37.015|10.4739|81.7362|37.2729|32.9383|55.4093|99.595|65.9961,0.203801|0.165933|0.186425|0.210886|0.174627|0.162628|0.182098|0.172139|0.248326|0.247994|0.164414,0.231522|0.813401|0.549125|0.320755|0.966142|0.858929|0.770624|0.198275|0.993536|0.395032|0.843193,0.823926,0.95139,0.0501489,0.117049,0.421933,0.504875,0.0617885,0.490527,0.190703,0.903761,75.0845,2.21625e-10,46823,0.876134,54.7023,1.84253e-11,19749,0.862527,0.834378,0.0578779,0.973354,0.582731,0.492938,0.169781,0.516908,0.130486,0.880588,73.1261,1.75166e-13,58607,0.898519,78.1077,8.52274e-10,81618
7,4,n1->n2->n12->n13->n14->n15->n5->n6->n7->n8->n9->n10,3.00404e+13|3.30326e+11|1.24762e+09|9.91228e+12|6.27509e+09|2.54337e+12|5.16898e+10|2.5768e+13|6.61732e+12|3.56515e+09|5.76717e+13|1.84599e+12,4.34899e+12|4.87974e+10|1.86352e+08|5.06921e+12|5.15166e+09|4.83922e+11|1.84025e+10|1.13857e+13|1.34423e+12|2.20969e+09|4.50387e+13|5.88715e+11,2.20593e-05|0.000150149|0.000450723|2.59449e-05|0.000129815|0.000137603|0.000380256|0.00033585|4.39527e-05|0.000765253|0.000204857|6.01787e-05,0.00633895|0.00466227|0.00126271|0.00730137|0.000102845|0.000302355|0.000293754|0.00369855|0.000669129|0.000152009|0.00126725|0.00101454,0.0242308|0.0466207|0.0386825|0.0202101|0.000914227|0.0473158|0.0482045|0.021023|0.043186|0.00764741|0.0459616|0.0261239,0.0186446|0.0412655|0.0419088|0.0443805|0.0388816|0.0430085|0.0296199|0.0399306|0.0011028|0.0487049|0.032776|0.0180416,0.952597|0.917952|0.989487|0.957486|0.915384|0.927364|0.90075|0.989066|0.941223|0.918796|0.962548|0.942571,6.1663|4.47725|0.398509|3.30965|3.76198|3.32264|0.158043|1.08178|4.27287|0.495993|5.30103|5.03831,79.8117|88.6198|13.9548|56.34|92.5451|35.0583|37.2729|32.9383|55.4093|99.595|65.9961,0.206816|0.186425|0.170437|0.230897|0.162606|0.245093|0.182098|0.172139|0.248326|0.247994|0.164414,0.332644|0.549125|0.374611|0.964918|0.327689|0.442729|0.770624|0.198275|0.993536|0.395032|0.843193,0.823926,0.95139,0.0501489,0.117049,0.421933,0.504875,0.0617885,0.490527,0.190703,0.903761,75.0845,2.21625e-10,46823,0.876134,54.7023,1.84253e-11,19749,0.862527,0.834378,0.0578779,0.973354,0.582731,0.492938,0.169781,0.516908,0.130486,0.880588,73.1261,1.75166e-13,58607,0.898519,78.1077,8.52274e-10,81618
7,5,n1->n11->n12->n13->n3->n4->n5->n6->n7->n8->n9->n10,3.00404e+13|1.20939e+11|1.24762e+09|9.91228e+12|2.51637e+13|5.19663e+13|5.16898e+10|2.5768e+13|6.61732e+12|3.56515e+09|5.76717e+13|1.84599e+12,4.34899e+12|1.2827e+10|1.86352e+08|5.06921e+12|1.20723e+13|3.73718e+13|1.84025e+10|1.13857e+13|1.34423e+12|2.20969e+09|4.50387e+13|5.88715e+11,2.20593e-05|3.68162e-05|0.000450723|2.59449e-05|0.000235236|4.65401e-05|0.000380256|0.00033585|4.39527e-05|0.000765253|0.000204857|6.01787e-05,0.00633895|0.000290726|0.00126271|0.00730137|0.00100075|0.000153837|0.000293754|0.00369855|0.000669129|0.000152009|0.00126725|0.00101454,0.0242308|0.0396791|0.0386825|0.0202101|0.0318488|0.0140069|0.0482045|0.021023|0.043186|0.00764741|0.0459616|0.0261239,0.0186446|0.0224647|0.0419088|0.0443805|0.014719|0.0421418|0.0296199|0.0399306|0.0011028|0.0487049|0.032776|0.0180416,0.952597|0.92663|0.989487|0.957486|0.908437|0.962302|0.90075|0.989066|0.941223|0.918796|0.962548|0.942571,6.1663|5.09381|0.398509|3.30965|5.20069|6.07392|0.158043|1.08178|4.27287|0.495993|5.30103|5.03831,30.2686|24.4191|13.9548|83.9106|10.4739|81.7362|37.2729|32.9383|55.4093|99.595|65.9961,0.203801|0.165933|0.170437|0.200225|0.174627|0.162628|0.182098|0.172139|0.248326|0.247994|0.164414,0.231522|0.813401|0.374611|0.417051|0.966142|0.858929|0.770624|0.198275|0.993536|0.395032|0.843193,0.823926,0.95139,0.0501489,0.117049,0.421933,0.504875,0.0617885,0.490527,0.190703,0.903761,75.0845,2.21625e-10,46823,0.876134,54.7023,1.84253e-11,19749,0.862527,0.834378,0.0578779,0.973354,0.582731,0.492938,0.169781,0.516908,0.130486,0.880588,73.1261,1.75166e-13,58607,0.898519,78.1077,8.52274e-10,81618
7,6,n1->n2->n3->n4->n14->n15->n16->n6->n7->n8->n9->n10,3.00404e+13|3.30326e+11|2.51637e+13|5.19663e+13|6.27509e+09|2.54337e+12|3.1854e+11|2.5768e+13|6.61732e+12|3.56515e+09|5.76717e+13|1.84599e+12,4.34899e+12|4.87974e+10|1.20723e+13|3.73718e+13|5.15166e+09|4.83922e+11|2.90528e+11|1.13857e+13|1.34423e+12|2.20969e+09|4.50387e+13|5.88715e+11,2.20593e-05|0.000150149|0.000235236|4.65401e-05|0.000129815|0.000137603|6.13843e-05|0.00033585|4.39527e-05|0.000765253|0.000204857|6.01787e-05,0.00633895|0.00466227|0.00100075|0.000153837|0.000102845|0.000302355|0.00133185|0.00369855|0.000669129|0.000152009|0.00126725|0.00101454,0.0242308|0.0466207|0.0318488|0.0140069|0.000914227|0.0473158|0.0464353|0.021023|0.043186|0.00764741|0.0459616|0.0261239,0.0186446|0.0412655|0.014719|0.0421418|0.0388816|0.0430085|0.00814055|0.0399306|0.0011028|0.0487049|0.032776|0.0180416,0.952597|0.917952|0.908437|0.962302|0.915384|0.927364|0.952296|0.989066|0.941223|0.918796|0.962548|0.942571,6.1663|4.47725|5.20069|6.07392|3.76198|3.32264|0.663963|1.08178|4.27287|0.495993|5.30103|5.03831,79.8117|37.015|10.4739|52.1141|92.5451|56.2706|50.0569|32.9383|55.4093|99.595|65.9961,0.206816|0.210886|0.174627|0.216325|0.162606|0.202376|0.160573|0.172139|0.248326|0.247994|0.164414,0.332644|0.320755|0.966142|0.474765|0.327689|0.428028|0.76956|0.198275|0.993536|0.395032|0.843193,0.823926,0.95139,0.0501489,0.117049,0.421933,0.504875,0.0617885,0.490527,0.190703,0.903761,75.0845,2.21625e-10,46823,0.876134,54.7023,1.84253e-11,19749,0.862527,0.834378,0.0578779,0.973354,0.582731,0.492938,0.169781,0.516908,0.130486,0.880588,73.1261,1.75166e-13,58607,0.898519,78.1077,8.52274e-10,81618
7,7,n1->n11->n12->n13->n14->n15->n5->n6->n7->n8->n9->n10,3.00404e+13|1.20939e+11|1.24762e+09|9.91228e+12|6.27509e+09|2.54337e+12|5.16898e+10|2.5768e+13|6.61732e+12|3.56515e+09|5.76717e+13|1.84599e+12,4.34899e+12|1.2827e+10|1.86352e+08|5.06921e+12|5.15166e+09|4.83922e+11|1.84025e+10|1.13857e+13|1.34423e+12|2.20969e+09|4.50387e+13|5.88715e+11,2.20593e-05|3.68162e-05|0.000450723|2.59449e-05|0.000129815|0.000137603|0.000380256|0.00033585|4.39527e-05|0.000765253|0.000204857|6.01787e-05,0.00633895|0.000290726|0.00126271|0.00730137|0.000102845|0.000302355|0.000293754|0.00369855|0.000669129|0.000152009|0.00126725|0.00101454,0.0242308|0.0396791|0.0386825|0.0202101|0.000914227|0.0473158|0.0482045|0.021023|0.043186|0.00764741|0.0459616|0.0261239,0.0186446|0.0224647|0.0419088|0.0443805|0.0388816|0.0430085|0.0296199|0.0399306|0.0011028|0.0487049|0.032776|0.0180416,0.952597|0.92663|0.989487|0.957486|0.915384|0.927364|0.90075|0.989066|0.941223|0.918796|0.962548|0.942571,6.1663|5.09381|0.398509|3.30965|3.76198|3.32264|0.158043|1.08178|4.27287|0.495993|5.30103|5.03831,30.2686|24.4191|13.9548|56.34|92.5451|35.0583|37.2729|32.9383|55.4093|99.595|65.9961,0.203801|0.165933|0.170437|0.230897|0.162606|0.245093|0.182098|0.172139|0.248326|0.247994|0.164414,0.231522|0.813401|0.374611|0.964918|0.327689|0.442729|0.770624|0.198275|0.993536|0.395032|0.843193,0.823926,0.95139,0.0501489,0.117049,0.421933,0.504875,0.0617885,0.490527,0.190703,0.903761,75.0845,2.21625e-10,46823,0.876134,54.7023,1.84253e-11,19749,0.862527,0.834378,0.0578779,0.973354,0.582731,0.492938,0.169781,0.516908,0.130486,0.880588,73.1261,1.75166e-13,58607,0.898519,78.1077,8.52274e-10,81618
7,8,n1->n2->n3->n4->n5->n15->n16->n6->n7->n8->n9->n10,3.00404e+13|3.30326e+11|2.51637e+13|5.19663e+13|5.16898e+10|2.54337e+12|3.1854e+11|2.5768e+13|6.61732e+12|3.56515e+09|5.76717e+13|1.84599e+12,4.34899e+12|4.87974e+10|1.20723e+13|3.73718e+13|1.84025e+10|4.83922e+11|2.90528e+11|1.13857e+13|1.34423e+12|2.20969e+09|4.50387e+13|5.88715e+11,2.20593e-05|0.000150149|0.000235236|4.65401e-05|0.000380256|0.000137603|6.13843e-05|0.00033585|4.39527e-05|0.000765253|0.000204857|6.01787e-05,0.00633895|0.00466227|0.00100075|0.000153837|0.000293754|0.000302355|0.00133185|0.00369855|0.000669129|0.000152009|0.00126725|0.00101454,0.0242308|0.0466207|0.0318488|0.0140069|0.0482045|0.0473158|0.0464353|0.021023|0.043186|0.00764741|0.0459616|0.0261239,0.0186446|0.0412655|0.014719|0.0421418|0.0296199|0.0430085|0.00814055|0.0399306|0.0011028|0.0487049|0.032776|0.0180416,0.952597|0.917952|0.908437|0.962302|0.90075|0.927364|0.952296|0.989066|0.941223|0.918796|0.962548|0.942571,6.1663|4.47725|5.20069|6.07392|0.158043|3.32264|0.663963|1.08178|4.27287|0.495993|5.30103|5.03831,79.8117|37.015|10.4739|81.7362|35.0583|56.2706|50.0569|32.9383|55.4093|99.595|65.9961,0.206816|0.210886|0.174627|0.162628|0.245093|0.202376|0.160573|0.172139|0.248326|0.247994|0.164414,0.332644|0.320755|0.966142|0.858929|0.442729|0.428028|0.76956|0.198275|0.993536|0.395032|0.843193,0.823926,0.95139,0.0501489,0.117049,0.421933,0.504875,0.0617885,0.490527,0.190703,0.903761,75.0845,2.21625e-10,46823,0.876134,54.7023,1.84253e-11,19749,0.862527,0.834378,0.0578779,0.973354,0.582731,0.492938,0.169781,0.516908,0.130486,0.880588,73.1261,1.75166e-13,58607,0.898519,78.1077,8.52274e-10,81618
7,9,n1->n2->n3->n13->n14->n4->n5->n6->n7->n8->n9->n10,3.00404e+13|3.30326e+11|2.51637e+13|9.91228e+12|6.27509e+09|5.19663e+13|5.16898e+10|2.5768e+13|6.61732e+12|3.56515e+09|5.76717e+13|1.84599e+12,4.34899e+12|4.87974e+10|1.20723e+13|5.06921e+12|5.15166e+09|3.73718e+13|1.84025e+10|1.13857e+13|1.34423e+12|2.20969e+09|4.50387e+13|5.88715e+11,2.20593e-05|0.000150149|0.000235236|2.59449e-05|0.000129815|4.65401e-05|0.000380256|0.00033585|4.39527e-05|0.000765253|0.000204857|6.01787e-05,0.00633895|0.00466227|0.00100075|0.00730137|0.000102845|0.000153837|0.000293754|0.00369855|0.000669129|0.000152009|0.00126725|0.00101454,0.0242308|0.0466207|0.0318488|0.0202101|0.000914227|0.0140069|0.0482045|0.021023|0.043186|0.00764741|0.0459616|0.0261239,0.0186446|0.0412655|0.014719|0.0443805|0.0388816|0.0421418|0.0296199|0.0399306|0.0011028|0.0487049|0.032776|0.0180416,0.952597|0.917952|0.908437|0.957486|0.915384|0.962302|0.90075|0.989066|0.941223|0.918796|0.962548|0.942571,6.1663|4.47725|5.20069|3.30965|3.76198|6.07392|0.158043|1.08178|4.27287|0.495993|5.30103|5.03831,79.8117|37.015|83.9106|56.34|52.1141|81.7362|37.2729|32.9383|55.4093|99.595|65.9961,0.206816|0.210886|0.200225|0.230897|0.216325|0.162628|0.182098|0.172139|0.248326|0.247994|0.164414,0.332644|0.320755|0.417051|0.964918|0.474765|0.858929|0.770624|0.198275|0.993536|0.395032|0.843193,0.823926,0.95139,0.0501489,0.117049,0.421933,0.504875,0.0617885,0.490527,0.190703,0.903761,75.0845,2.21625e-10,46823,0.876134,54.7023,1.84253e-11,19749,0.862527,0.834378,0.0578779,0.973354,0.582731,0.492938,0.169781,0.516908,0.130486,0.880588,73.1261,1.75166e-13,58607,0.898519,78.1077,8.52274e-10,81618
7,10,n1->n2->n3->n13->n14->n15->n16->n6->n7->n8->n9->n10,3.00404e+13|3.30326e+11|2.51637e+13|9.91228e+12|6.27509e+09|2.54337e+12|3.1854e+11|2.5768e+13|6.61732e+12|3.56515e+09|5.76717e+13|1.84599e+12,4.34899e+12|4.87974e+10|1.20723e+13|5.06921e+12|5.15166e+09|4.83922e+11|2.90528e+11|1.13857e+13|1.34423e+12|2.20969e+09|4.50387e+13|5.88715e+11,2.20593e-05|0.000150149|0.000235236|2.59449e-05|0.000129815|0.000137603|6.13843e-05|0.00033585|4.39527e-05|0.000765253|0.000204857|6.01787e-05,0.00633895|0.00466227|0.00100075|0.00730137|0.000102845|0.000302355|0.00133185|0.00369855|0.000669129|0.000152009|0.00126725|0.00101454,0.0242308|0.0466207|0.0318488|0.0202101|0.000914227|0.0473158|0.0464353|0.021023|0.043186|0.00764741|0.0459616|0.0261239,0.0186446|0.0412655|0.014719|0.0443805|0.0388816|0.0430085|0.00814055|0.0399306|0.0011028|0.0487049|0.032776|0.0180416,0.952597|0.917952|0.908437|0.957486|0.915384|0.927364|0.952296|0.989066|0.941223|0.918796|0.962548|0.942571,6.1663|4.47725|5.20069|3.30965|3.76198|3.32264|0.663963|1.08178|4.27287|0.495993|5.30103|5.03831,79.8117|37.015|83.9106|56.34|92.5451|56.2706|50.0569|32.9383|55.4093|99.595|65.9961,0.206816|0.210886|0.200225|0.230897|0.162606|0.202376|0.160573|0.172139|0.248326|0.247994|0.164414,0.332644|0.320755|0.417051|0.964918|0.327689|0.428028|0.76956|0.198275|0.993536|0.395032|0.843193,0.823926,0.95139,0.0501489,0.117049,0.421933,0.504875,0.0617885,0.490527,0.190703,0.903761,75.0845,2.21625e-10,46823,0.876134,54.7023,1.84253e-11,19749,0.862527,0.834378,0.0578779,0.973354,0.582731,0.492938,0.169781,0.516908,0.130486,0.880588,73.1261,1.75166e-13,58607,0.898519,78.1077,8.52274e-10,81618
7,11,n1->n2->n3->n4->n5->n15->n16->n17->n7->n8->n9->n10,3.00404e+13|3.30326e+11|2.51637e+13|5.19663e+13|5.16898e+10|2.54337e+12|3.1854e+11|1.22319e+12|6.61732e+12|3.56515e+09|5.76717e+13|1.84599e+12,4.34899e+12|4.87974e+10|1.20723e+13|3.73718e+13|1.84025e+10|4.83922e+11|2.90528e+11|2.83908e+11|1.34423e+12|2.20969e+09|4.50387e+13|5.88715e+11,2.20593e-05|0.000150149|0.000235236|4.65401e-05|0.000380256|0.000137603|6.13843e-05|0.000861533|4.39527e-05|0.000765253|0.000204857|6.01787e-05,0.00633895|0.00466227|0.00100075|0.000153837|0.000293754|0.000302355|0.00133185|0.000677358|0.000669129|0.000152009|0.00126725|0.00101454,0.0242308|0.0466207|0.0318488|0.0140069|0.0482045|0.0473158|0.0464353|0.00680938|0.043186|0.00764741|0.0459616|0.0261239,0.0186446|0.0412655|0.014719|0.0421418|0.0296199|0.0430085|0.00814055|0.0417|0.0011028|0.0487049|0.032776|0.0180416,0.952597|0.917952|0.908437|0.962302|0.90075|0.927364|0.952296|0.977982|0.941223|0.918796|0.962548|0.942571,6.1663|4.47725|5.20069|6.07392|0.158043|3.32264|0.663963|4.36593|4.27287|0.495993|5.30103|5.03831,79.8117|37.015|10.4739|81.7362|35.0583|56.2706|32.2763|59.8148|55.4093|99.595|65.9961,0.206816|0.210886|0.174627|0.162628|0.245093|0.202376|0.181751|0.230578|0.248326|0.247994|0.164414,0.332644|0.320755|0.966142|0.858929|0.442729|0.428028|0.408588|0.245965|0.993536|0.395032|0.843193,0.823926,0.95139,0.0501489,0.117049,0.421933,0.504875,0.0617885,0.490527,0.190703,0.903761,75.0845,2.21625e-10,46823,0.876134,54.7023,1.84253e-11,19749,0.862527,0.834378,0.0578779,0.973354,0.582731,0.492938,0.169781,0.516908,0.130486,0.880588,73.1261,1.75166e-13,58607,0.898519,78.1077,8.52274e-10,81618
7,12,n1->n11->n12->n13->n14->n15->n16->n6->n7->n8->n9->n10,3.00404e+13|1.20939e+11|1.24762e+09|9.91228e+12|6.27509e+09|2.54337e+12|3.1854e+11|2.5768e+13|6.61732e+12|3.56515e+09|5.76717e+13|1.84599e+12,4.34899e+12|1.2827e+10|1.86352e+08|5.06921e+12|5.15166e+09|4.83922e+11|2.90528e+11|1.13857e+13|1.34423e+12|2.20969e+09|4.50387e+13|5.88715e+11,2.20593e-05|3.68162e-05|0.000450723|2.59449e-05|0.000129815|0.000137603|6.13843e-05|0.00033585|4.39527e-05|0.000765253|0.000204857|6.01787e-05,0.00633895|0.000290726|0.00126271|0.00730137|0.000102845|0.000302355|0.00133185|0.00369855|0.000669129|0.000152009|0.00126725|0.00101454,0.0242308|0.0396791|0.0386825|0.0202101|0.000914227|0.0473158|0.0464353|0.021023|0.043186|0.00764741|0.0459616|0.0261239,0.0186446|0.0224647|0.0419088|0.0443805|0.0388816|0.0430085|0.00814055|0.0399306|0.0011028|0.0487049|0.032776|0.0180416,0.952597|0.92663|0.989487|0.957486|0.915384|0.927364|0.952296|0.989066|0.941223|0.918796|0.962548|0.942571,6.1663|5.09381|0.398509|3.30965|3.76198|3.32264|0.663963|1.08178|4.27287|0.495993|5.30103|5.03831,30.2686|24.4191|13.9548|56.34|92.5451|56.2706|50.0569|32.9383|55.4093|99.595|65.9961,0.203801|0.165933|0.170437|0.230897|0.162606|0.202376|0.160573|0.172139|0.248326|0.247994|0.164414,0.231522|0.813401|0.374611|0.964918|0.327689|0.428028|0.76956|0.198275|0.993536|0.395032|0.843193,0.823926,0.95139,0.0501489,0.117049,0.421933,0.504875,0.0617885,0.490527,0.190703,0.903761,75.0845,2.21625e-10,46823,0.876134,54.7023,1.84253e-11,19749,0.862527,0.834378,0.0578779,0.973354,0.582731,0.492938,0.169781,0.516908,0.130486,0.880588,73.1261,1.75166e-13,58607,0.898519,78.1077,8.52274e-10,81618
7,13,n1->n2->n3->n13->n14->n15->n5->n6->n7->n8->n9->n10,3.00404e+13|3.30326e+11|2.51637e+13|9.91228e+12|6.27509e+09|2.54337e+12|5.16898e+10|2.5768e+13|6.61732e+12|3.56515e+09|5.76717e+13|1.84599e+12,4.34899e+12|4.87974e+10|1.20723e+13|5.06921e+12|5.15166e+09|4.83922e+11|1.84025e+10|1.13857e+13|1.34423e+12|2.20969e+09|4.50387e+13|5.88715e+11,2.20593e-05|0.000150149|0.000235236|2.59449e-05|0.000129815|0.000137603|0.000380256|0.00033585|4.39527e-05|0.000765253|0.000204857|6.01787e-05,0.00633895|0.00466227|0.00100075|0.00730137|0.000102845|0.000302355|0.000293754|0.00369855|0.000669129|0.000152009|0.00126725|0.00101454,0.0242308|0.0466207|0.0318488|0.0202101|0.000914227|0.0473158|0.0482045|0.021023|0.043186|0.00764741|0.0459616|0.0261239,0.0186446|0.0412655|0.014719|0.0443805|0.0388816|0.0430085|0.0296199|0.0399306|0.0011028|0.0487049|0.032776|0.0180416,0.952597|0.917952|0.908437|0.957486|0.915384|0.927364|0.90075|0.989066|0.941223|0.918796|0.962548|0.942571,6.1663|4.47725|5.20069|3.30965|3.76198|3.32264|0.158043|1.08178|4.27287|0.495993|5.30103|5.03831,79.8117|37.015|83.9106|56.34|92.5451|35.0583|37.2729|32.9383|55.4093|99.595|65.9961,0.206816|0.210886|0.200225|0.230897|0.162606|0.245093|0.182098|0.172139|0.248326|0.247994|0.164414,0.332644|0.320755|0.417051|0.964918|0.327689|0.442729|0.770624|0.198275|0.993536|0.395032|0.843193,0.823926,0.95139,0.0501489,0.117049,0.421933,0.504875,0.0617885,0.490527,0.190703,0.903761,75.0845,2.21625e-10,46823,0.876134,54.7023,1.84253e-11,19749,0.862527,0.834378,0.0578779,0.973354,0.582731,0.492938,0.169781,0.516908,0.130486,0.880588,73.1261,1.75166e-13,58607,0.898519,78.1077,8.52274e-10,81618
7,14,n1->n2->n3->n4->n5->n6->n16->n17->n18->n19->n9->n10,3.00404e+13|3.30326e+11|2.51637e+13|5.19663e+13|5.16898e+10|2.5768e+13|3.1854e+11|1.22319e+12|5.54701e+12|3.60508e+09|5.76717e+13|1.84599e+12,4.34899e+12|4.87974e+10|1.20723e+13|3.73718e+13|1.84025e+10|1.13857e+13|2.90528e+11|2.83908e+11|1.02041e+12|3.20505e+09|4.50387e+13|5.88715e+11,2.20593e-05|0.000150149|0.000235236|4.65401e-05|0.000380256|0.00033585|6.13843e-05|0.000861533|0.000192357|1.67639e-05|0.000204857|6.01787e-05,0.00633895|0.00466227|0.00100075|0.000153837|0.000293754|0.00369855|0.00133185|0.000677358|0.000119135|0.000326693|0.00126725|0.00101454,0.0242308|0.0466207|0.0318488|0.0140069|0.0482045|0.021023|0.0464353|0.00680938|0.00984451|0.0091317|0.0459616|0.0261239,0.0186446|0.0412655|0.014719|0.0421418|0.0296199|0.0399306|0.00814055|0.0417|0.046614|0.000373191|0.032776|0.0180416,0.952597|0.917952|0.908437|0.962302|0.90075|0.989066|0.952296|0.977982|0.970227|0.929843|0.962548|0.942571,6.1663|4.47725|5.20069|6.07392|0.158043|1.08178|0.663963|4.36593|1.44936|6.12095|5.30103|5.03831,79.8117|37.015|10.4739|81.7362|37.2729|50.0569|32.2763|27.3162|28.0546|99.0064|65.9961,0.206816|0.210886|0.174627|0.162628|0.182098|0.160573|0.181751|0.234286|0.195276|0.249757|0.164414,0.332644|0.320755|0.966142|0.858929|0.770624|0.76956|0.408588|0.288398|0.486895|0.797563|0.843193,0.823926,0.95139,0.0501489,0.117049,0.421933,0.504875,0.0617885,0.490527,0.190703,0.903761,75.0845,2.21625e-10,46823,0.876134,54.7023,1.84253e-11,19749,0.862527,0.834378,0.0578779,0.973354,0.582731,0.492938,0.169781,0.516908,0.130486,0.880588,73.1261,1.75166e-13,58607,0.898519,78.1077,8.52274e-10,81618
7,15,n1->n11->n12->n13->n14->n4->n5->n6->n7->n8->n9->n10,3.00404e+13|1.20939e+11|1.24762e+09|9.91228e+12|6.27509e+09|5.19663e+13|5.16898e+10|2.5768e+13|6.61732e+12|3.56515e+09|5.76717e+13|1.84599e+12,4.34899e+12|1.2827e+10|1.86352e+08|5.06921e+12|5.15166e+09|3.73718e+13|1.84025e+10|1.13857e+13|1.34423e+12|2.20969e+09|4.50387e+13|5.88715e+11,2.20593e-05|3.68162e-05|0.000450723|2.59449e-05|0.000129815|4.65401e-05|0.000380256|0.00033585|4.39527e-05|0.000765253|0.000204857|6.01787e-05,0.00633895|0.000290726|0.00126271|0.00730137|0.000102845|0.000153837|0.000293754|0.00369855|0.000669129|0.000152009|0.00126725|0.00101454,0.0242308|0.0396791|0.0386825|0.0202101|0.000914227|0.0140069|0.0482045|0.021023|0.043186|0.00764741|0.0459616|0.0261239,0.0186446|0.0224647|0.0419088|0.0443805|0.0388816|0.0421418|0.0296199|0.0399306|0.0011028|0.0487049|0.032776|0.0180416,0.952597|0.92663|0.989487|0.957486|0.915384|0.962302|0.90075|0.989066|0.941223|0.918796|0.962548|0.942571,6.1663|5.09381|0.398509|3.30965|3.76198|6.07392|0.158043|1.08178|4.27287|0.495993|5.30103|5.03831,30.2686|24.4191|13.9548|56.34|52.1141|81.7362|37.2729|32.9383|55.4093|99.595|65.9961,0.203801|0.165933|0.170437|0.230897|0.216325|0.162628|0.182098|0.172139|0.248326|0.247994|0.164414,0.231522|0.813401|0.374611|0.964918|0.474765|0.858929|0.770624|0.198275|0.993536|0.395032|0.843193,0.823926,0.95139,0.0501489,0.117049,0.421933,0.504875,0.0617885,0.490527,0.190703,0.903761,75.0845,2.21625e-10,46823,0.876134,54.7023,1.84253e-11,19749,0.862527,0.834378,0.0578779,0.973354,0.582731,0.492938,0.169781,0.516908,0.130486,0.880588,73.1261,1.75166e-13,58607,0.898519,78.1077,8.52274e-10,81618
7,16,n1->n2->n3->n4->n14->n15->n5->n6->n7->n8->n9->n10,3.00404e+13|3.30326e+11|2.51637e+13|5.19663e+13|6.27509e+09|2.54337e+12|5.16898e+10|2.5768e+13|6.61732e+12|3.56515e+09|5.76717e+13|1.84599e+12,4.34899e+12|4.87974e+10|1.20723e+13|3.73718e+13|5.15166e+09|4.83922e+11|1.84025e+10|1.13857e+13|1.34423e+12|2.20969e+09|4.50387e+13|5.88715e+11,2.20593e-05|0.000150149|0.000235236|4.65401e-05|0.000129815|0.000137603|0.000380256|0.00033585|4.39527e-05|0.000765253|0.000204857|6.01787e-05,0.00633895|0.00466227|0.00100075|0.000153837|0.000102845|0.000302355|0.000293754|0.00369855|0.000669129|0.000152009|0.00126725|0.00101454,0.0242308|0.0466207|0.0318488|0.0140069|0.000914227|0.0473158|0.0482045|0.021023|0.043186|0.00764741|0.0459616|0.0261239,0.0186446|0.0412655|0.014719|0.0421418|0.0388816|0.0430085|0.0296199|0.0399306|0.0011028|0.0487049|0.032776|0.0180416,0.952597|0.917952|0.908437|0.962302|0.915384|0.927364|0.90075|0.989066|0.941223|0.918796|0.962548|0.942571,6.1663|4.47725|5.20069|6.07392|3.76198|3.32264|0.158043|1.08178|4.27287|0.495993|5.30103|5.03831,79.8117|37.015|10.4739|52.1141|92.5451|35.0583|37.2729|32.9383|55.4093|99.595|65.9961,0.206816|0.210886|0.174627|0.216325|0.162606|0.245093|0.182098|0.172139|0.248326|0.247994|0.164414,0.332644|0.320755|0.966142|0.474765|0.327689|0.442729|0.770624|0.198275|0.993536|0.395032|0.843193,0.823926,0.95139,0.0501489,0.117049,0.421933,0.504875,0.0617885,0.490527,0.190703,0.903761,75.0845,2.21625e-10,46823,0.876134,54.7023,1.84253e-11,19749,0.862527,0.834378,0.0578779,0.973354,0.582731,0.492938,0.169781,0.516908,0.130486,0.880588,73.1261,1.75166e-13,58607,0.898519,78.1077,8.52274e-10,81618
7,17,n1->n2->n3->n13->n14->n15->n16->n17->n18->n8->n9->n10,3.00404e+13|3.30326e+11|2.51637e+13|9.91228e+12|6.27509e+09|2.54337e+12|3.1854e+11|1.22319e+12|5.54701e+12|3.56515e+09|5.76717e+13|1.84599e+12,4.34899e+12|4.87974e+10|1.20723e+13|5.06921e+12|5.15166e+09|4.83922e+11|2.90528e+11|2.83908e+11|1.02041e+12|2.20969e+09|4.50387e+13|5.88715e+11,2.20593e-05|0.000150149|0.000235236|2.59449e-05|0.000129815|0.000137603|6.13843e-05|0.000861533|0.000192357|0.000765253|0.000204857|6.01787e-05,0.00633895|0.00466227|0.00100075|0.00730137|0.000102845|0.000302355|0.00133185|0.000677358|0.000119135|0.000152009|0.00126725|0.00101454,0.0242308|0.0466207|0.0318488|0.0202101|0.000914227|0.0473158|0.0464353|0.00680938|0.00984451|0.00764741|0.0459616|0.0261239,0.0186446|0.0412655|0.014719|0.0443805|0.0388816|0.0430085|0.00814055|0.0417|0.046614|0.0487049|0.032776|0.0180416,0.952597|0.917952|0.908437|0.957486|0.915384|0.927364|0.952296|0.977982|0.970227|0.918796|0.962548|0.942571,6.1663|4.47725|5.20069|3.30965|3.76198|3.32264|0.663963|4.36593|1.44936|0.495993|5.30103|5.03831,79.8117|37.015|83.9106|56.34|92.5451|56.2706|32.2763|27.3162|81.3396|99.595|65.9961,0.206816|0.210886|0.200225|0.230897|0.162606|0.202376|0.181751|0.234286|0.190026|0.247994|0.164414,0.332644|0.320755|0.417051|0.964918|0.327689|0.428028|0.408588|0.288398|0.718603|0.395032|0.843193,0.823926,0.95139,0.0501489,0.117049,0.421933,0.504875,0.0617885,0.490527,0.190703,0.903761,75.0845,2.21625e-10,46823,0.876134,54.7023,1.84253e-11,19749,0.862527,0.834378,0.0578779,0.973354,0.582731,0.492938,0.169781,0.516908,0.130486,0.880588,73.1261,1.75166e-13,58607,0.898519,78.1077,8.52274e-10,81618
7,18,n1->n2->n3->n4->n5->n6->n16->n17->n18->n8->n9->n10,3.00404e+13|3.30326e+11|2.51637e+13|5.19663e+13|5.16898e+10|2.5768e+13|3.1854e+11|1.22319e+12|5.54701e+12|3.56515e+09|5.76717e+13|1.84599e+12,4.34899e+12|4.87974e+10|1.20723e+13|3.73718e+13|1.84025e+10|1.13857e+13|2.90528e+11|2.83908e+11|1.02041e+12|2.20969e+09|4.50387e+13|5.88715e+11,2.20593e-05|0.000150149|0.000235236|4.65401e-05|0.000380256|0.00033585|6.13843e-05|0.000861533|0.000192357|0.000765253|0.000204857|6.01787e-05,0.00633895|0.00466227|0.00100075|0.000153837|0.000293754|0.00369855|0.00133185|0.000677358|0.000119135|0.000152009|0.00126725|0.00101454,0.0242308|0.0466207|0.0318488|0.0140069|0.0482045|0.021023|0.0464353|0.00680938|0.00984451|0.00764741|0.0459616|0.0261239,0.0186446|0.0412655|0.014719|0.0421418|0.0296199|0.0399306|0.00814055|0.0417|0.046614|0.0487049|0.032776|0.0180416,0.952597|0.917952|0.908437|0.962302|0.90075|0.989066|0.952296|0.977982|0.970227|0.918796|0.962548|0.942571,6.1663|4.47725|5.20069|6.07392|0.158043|1.08178|0.663963|4.36593|1.44936|0.495993|5.30103|5.03831,79.8117|37.015|10.4739|81.7362|37.2729|50.0569|32.2763|27.3162|81.3396|99.595|65.9961,0.206816|0.210886|0.174627|0.162628|0.182098|0.160573|0.181751|0.234286|0.190026|0.247994|0.164414,0.332644|0.320755|0.966142|0.858929|0.770624|0.76956|0.408588|0.288398|0.718603|0.395032|0.843193,0.823926,0.95139,0.0501489,0.117049,0.421933,0.504875,0.0617885,0.490527,0.190703,0.903761,75.0845,2.21625e-10,46823,0.876134,54.7023,1.84253e-11,19749,0.862527,0.834378,0.0578779,0.973354,0.582731,0.492938,0.169781,0.516908,0.130486,0.880588,73.1261,1.75166e-13,58607,0.898519,78.1077,8.52274e-10,81618
7,19,n1->n2->n3->n13->n14->n15->n16->n17->n18->n19->n20->n10,3.00404e+13|3.30326e+11|2.51637e+13|9.91228e+12|6.27509e+09|2.54337e+12|3.1854e+11|1.22319e+12|5.54701e+12|3.60508e+09|5.12291e+10|1.84599e+12,4.34899e+12|4.87974e+10|1.20723e+13|5.06921e+12|5.15166e+09|4.83922e+11|2.90528e+11|2.83908e+11|1.02041e+12|3.20505e+09|1.63614e+10|5.88715e+11,2.20593e-05|0.000150149|0.000235236|2.59449e-05|0.000129815|0.000137603|6.13843e-05|0.000861533|0.000192357|1.67639e-05|0.000310364|6.01787e-05,0.00633895|0.00466227|0.00100075|0.00730137|0.000102845|0.000302355|0.00133185|0.000677358|0.000119135|0.000326693|0.0012652|0.00101454,0.0242308|0.0466207|0.0318488|0.0202101|0.000914227|0.0473158|0.0464353|0.00680938|0.00984451|0.0091317|0.0371796|0.0261239,0.0186446|0.0412655|0.014719|0.0443805|0.0388816|0.0430085|0.00814055|0.0417|0.046614|0.000373191|0.0330818|0.0180416,0.952597|0.917952|0.908437|0.957486|0.915384|0.927364|0.952296|0.977982|0.970227|0.929843|0.957813|0.942571,6.1663|4.47725|5.20069|3.30965|3.76198|3.32264|0.663963|4.36593|1.44936|6.12095|4.08186|5.03831,79.8117|37.015|83.9106|56.34|92.5451|56.2706|32.2763|27.3162|28.0546|10.3361|29.3778,0.206816|0.210886|0.200225|0.230897|0.162606|0.202376|0.181751|0.234286|0.195276|0.223504|0.230351,0.332644|0.320755|0.417051|0.964918|0.327689|0.428028|0.408588|0.288398|0.486895|0.865166|0.451282,0.823926,0.95139,0.0501489,0.117049,0.421933,0.504875,0.0617885,0.490527,0.190703,0.903761,75.0845,2.21625e-10,46823,0.876134,54.7023,1.84253e-11,19749,0.862527,0.834378,0.0578779,0.973354,0.582731,0.492938,0.169781,0.516908,0.130486,0.880588,73.1261,1.75166e-13,58607,0.898519,78.1077,8.52274e-10,81618
7,20,n1->n2->n12->n13->n14->n15->n16->n6->n7->n8->n9->n10,3.00404e+13|3.30326e+11|1.24762e+09|9.91228e+12|6.27509e+09|2.54337e+12|3.1854e+11|2.5768e+13|6.61732e+12|3.56515e+09|5.76717e+13|1.84599e+12,4.34899e+12|4.87974e+10|1.86352e+08|5.06921e+12|5.15166e+09|4.83922e+11|2.90528e+11|1.13857e+13|1.34423e+12|2.20969e+09|4.50387e+13|5.88715e+11,2.20593e-05|0.000150149|0.000450723|2.59449e-05|0.000129815|0.000137603|6.13843e-05|0.00033585|4.39527e-05|0.000765253|0.000204857|6.01787e-05,0.00633895|0.00466227|0.00126271|0.00730137|0.000102845|0.000302355|0.00133185|0.00369855|0.000669129|0.000152009|0.00126725|0.00101454,0.0242308|0.0466207|0.0386825|0.0202101|0.000914227|0.0473158|0.0464353|0.021023|0.043186|0.00764741|0.0459616|0.0261239,0.0186446|0.0412655|0.0419088|0.0443805|0.0388816|0.0430085|0.00814055|0.0399306|0.0011028|0.0487049|0.032776|0.0180416,0.952597|0.917952|0.989487|0.957486|0.915384|0.927364|0.952296|0.989066|0.941223|0.918796|0.962548|0.942571,6.1663|4.47725|0.398509|3.30965|3.76198|3.32264|0.663963|1.08178|4.27287|0.495993|5.30103|5.03831,79.8117|88.6198|13.9548|56.34|92.5451|56.2706|50.0569|32.9383|55.4093|99.595|65.9961,0.206816|0.186425|0.170437|0.230897|0.162606|0.202376|0.160573|0.172139|0.248326|0.247994|0.164414,0.332644|0.549125|0.374611|0.964918|0.327689|0.428028|0.76956|0.198275|0.993536|0.395032|0.843193,0.823926,0.95139,0.0501489,0.117049,0.421933,0.504875,0.0617885,0.490527,0.190703,0.903761,75.0845,2.21625e-10,46823,0.876134,54.7023,1.84253e-11,19749,0.862527,0.834378,0.0578779,0.973354,0.582731,0.492938,0.169781,0.516908,0.130486,0.880588,73.1261,1.75166e-13,58607,0.898519,78.1077,8.52274e-10,81618
7,21,n1->n11->n12->n13->n14->n15->n16->n17->n18->n8->n9->n10,3.00404e+13|1.20939e+11|1.24762e+09|9.91228e+12|6.27509e+09|2.54337e+12|3.1854e+11|1.22319e+12|5.54701e+12|3.56515e+09|5.76717e+13|1.84599e+12,4.34899e+12|1.2827e+10|1.86352e+08|5.06921e+12|5.15166e+09|4.83922e+11|2.90528e+11|2.83908e+11|1.02041e+12|2.20969e+09|4.50387e+13|5.88715e+11,2.20593e-05|3.68162e-05|0.000450723|2.59449e-05|0.000129815|0.000137603|6.13843e-05|0.000861533|0.000192357|0.000765253|0.000204857|6.01787e-05,0.00633895|0.000290726|0.00126271|0.00730137|0.000102845|0.000302355|0.00133185|0.000677358|0.000119135|0.000152009|0.00126725|0.00101454,0.0242308|0.0396791|0.0386825|0.0202101|0.000914227|0.0473158|0.0464353|0.00680938|0.00984451|0.00764741|0.0459616|0.0261239,0.0186446|0.0224647|0.0419088|0.0443805|0.0388816|0.0430085|0.00814055|0.0417|0.046614|0.0487049|0.032776|0.0180416,0.952597|0.92663|0.989487|0.957486|0.915384|0.927364|0.952296|0.977982|0.970227|0.918796|0.962548|0.942571,6.1663|5.09381|0.398509|3.30965|3.76198|3.32264|0.663963|4.36593|1.44936|0.495993|5.30103|5.03831,30.2686|24.4191|13.9548|56.34|92.5451|56.2706|32.2763|27.3162|81.3396|99.595|65.9961,0.203801|0.165933|0.170437|0.230897|0.162606|0.202376|0.181751|0.234286|0.190026|0.247994|0.164414,0.231522|0.813401|0.374611|0.964918|0.327689|0.428028|0.408588|0.288398|0.718603|0.395032|0.843193,0.823926,0.95139,0.0501489,0.117049,0.421933,0.504875,0.0617885,0.490527,0.190703,0.903761,75.0845,2.21625e-10,46823,0.876134,54.7023,1.84253e-11,19749,0.862527,0.834378,0.0578779,0.973354,0.582731,0.492938,0.169781,0.516908,0.130486,0.880588,73.1261,1.75166e-13,58607,0.898519,78.1077,8.52274e-10,81618
7,22,n1->n2->n3->n4->n5->n15->n16->n17->n18->n8->n9->n10,3.00404e+13|3.30326e+11|2.51637e+13|5.19663e+13|5.16898e+10|2.54337e+12|3.1854e+11|1.22319e+12|5.54701e+12|3.56515e+09|5.76717e+13|1.84599e+12,4.34899e+12|4.87974e+10|1.20723e+13|3.73718e+13|1.84025e+10|4.83922e+11|2.90528e+11|2.83908e+11|1.02041e+12|2.20969e+09|4.50387e+13|5.88715e+11,2.20593e-05|0.000150149|0.000235236|4.65401e-05|0.000380256|0.000137603|6.13843e-05|0.000861533|0.000192357|0.000765253|0.000204857|6.01787e-05,0.00633895|0.00466227|0.00100075|0.000153837|0.000293754|0.000302355|0.00133185|0.000677358|0.000119135|0.000152009|0.00126725|0.00101454,0.0242308|0.0466207|0.0318488|0.0140069|0.0482045|0.0473158|0.0464353|0.00680938|0.00984451|0.00764741|0.0459616|0.0261239,0.0186446|0.0412655|0.014719|0.0421418|0.0296199|0.0430085|0.00814055|0.0417|0.046614|0.0487049|0.032776|0.0180416,0.952597|0.917952|0.908437|0.962302|0.90075|0.927364|0.952296|0.977982|0.970227|0.918796|0.962548|0.942571,6.1663|4.47725|5.20069|6.07392|0.158043|3.32264|0.663963|4.36593|1.44936|0.495993|5.30103|5.03831,79.8117|37.015|10.4739|81.7362|35.0583|56.2706|32.2763|27.3162|81.3396|99.595|65.9961,0.206816|0.210886|0.174627|0.162628|0.245093|0.202376|0.181751|0.234286|0.190026|0.247994|0.164414,0.332644|0.320755|0.966142|0.858929|0.442729|0.428028|0.408588|0.288398|0.718603|0.395032|0.843193,0.823926,0.95139,0.0501489,0.117049,0.421933,0.504875,0.0617885,0.490527,0.190703,0.903761,75.0845,2.21625e-10,46823,0.876134,54.7023,1.84253e-11,19749,0.862527,0.834378,0.0578779,0.973354,0.582731,0.492938,0.169781,0.516908,0.130486,0.880588,73.1261,1.75166e-13,58607,0.898519,78.1077,8.52274e-10,81618
7,23,n1->n11->n12->n13->n14->n15->n16->n17->n18->n19->n9->n10,3.00404e+13|1.20939e+11|1.24762e+09|9.91228e+12|6.27509e+09|2.54337e+12|3.1854e+11|1.22319e+12|5.54701e+12|3.60508e+09|5.76717e+13|1.84599e+12,4.34899e+12|1.2827e+10|1.86352e+08|5.06921e+12|5.15166e+09|4.83922e+11|2.90528e+11|2.83908e+11|1.02041e+12|3.20505e+09|4.50387e+13|5.88715e+11,2.20593e-05|3.68162e-05|0.000450723|2.59449e-05|0.000129815|0.000137603|6.13843e-05|0.000861533|0.000192357|1.67639e-05|0.000204857|6.01787e-05,0.00633895|0.000290726|0.00126271|0.00730137|0.000102845|0.000302355|0.00133185|0.000677358|0.000119135|0.000326693|0.00126725|0.00101454,0.0242308|0.0396791|0.0386825|0.0202101|0.000914227|0.0473158|0.0464353|0.00680938|0.00984451|0.0091317|0.0459616|0.0261239,0.0186446|0.0224647|0.0419088|0.0443805|0.0388816|0.0430085|0.00814055|0.0417|0.046614|0.000373191|0.032776|0.0180416,0.952597|0.92663|0.989487|0.957486|0.915384|0.927364|0.952296|0.977982|0.970227|0.929843|0.962548|0.942571,6.1663|5.09381|0.398509|3.30965|3.76198|3.32264|0.663963|4.36593|1.44936|6.12095|5.30103|5.03831,30.2686|24.4191|13.9548|56.34|92.5451|56.2706|32.2763|27.3162|28.0546|99.0064|65.9961,0.203801|0.165933|0.170437|0.230897|0.162606|0.202376|0.181751|0.234286|0.195276|0.249757|0.164414,0.231522|0.813401|0.374611|0.964918|0.327689|0.428028|0.408588|0.288398|0.486895|0.797563|0.843193,0.823926,0.95139,0.0501489,0.117049,0.421933,0.504875,0.0617885,0.490527,0.190703,0.903761,75.0845,2.21625e-10,46823,0.876134,54.7023,1.84253e-11,19749,0.862527,0.834378,0.0578779,0.973354,0.582731,0.492938,0.169781,0.516908,0.130486,0.880588,73.1261,1.75166e-13,58607,0.898519,78.1077,8.52274e-10,81618
7,24,n1->n2->n3->n4->n5->n6->n7->n8->n18->n19->n9->n10,3.00404e+13|3.30326e+11|2.51637e+13|5.19663e+13|5.16898e+10|2.5768e+13|6.61732e+12|3.56515e+09|5.54701e+12|3.60508e+09|5.76717e+13|1.84599e+12,4.34899e+12|4.87974e+10|1.20723e+13|3.73718e+13|1.84025e+10|1.13857e+13|1.34423e+12|2.20969e+09|1.02041e+12|3.20505e+09|4.50387e+13|5.88715e+11,2.20593e-05|0.000150149|0.000235236|4.65401e-05|0.000380256|0.00033585|4.39527e-05|0.000765253|0.000192357|1.67639e-05|0.000204857|6.01787e-05,0.00633895|0.00466227|0.00100075|0.000153837|0.000293754|0.00369855|0.000669129|0.000152009|0.000119135|0.000326693|0.00126725|0.00101454,0.0242308|0.0466207|0.0318488|0.0140069|0.0482045|0.021023|0.043186|0.00764741|0.00984451|0.0091317|0.0459616|0.0261239,0.0186446|0.0412655|0.014719|0.0421418|0.0296199|0.0399306|0.0011028|0.0487049|0.046614|0.000373191|0.032776|0.0180416,0.952597|0.917952|0.908437|0.962302|0.90075|0.989066|0.941223|0.918796|0.970227|0.929843|0.962548|0.942571,6.1663|4.47725|5.20069|6.07392|0.158043|1.08178|4.27287|0.495993|1.44936|6.12095|5.30103|5.03831,79.8117|37.015|10.4739|81.7362|37.2729|32.9383|55.4093|81.3396|28.0546|99.0064|65.9961,0.206816|0.210886|0.174627|0.162628|0.182098|0.172139|0.248326|0.190026|0.195276|0.249757|0.164414,0.332644|0.320755|0.966142|0.858929|0.770624|0.198275|0.993536|0.718603|0.486895|0.797563|0.843193,0.823926,0.95139,0.0501489,0.117049,0.421933,0.504875,0.0617885,0.490527,0.190703,0.903761,75.0845,2.21625e-10,46823,0.876134,54.7023,1.84253e-11,19749,0.862527,0.834378,0.0578779,0.973354,0.582731,0.492938,0.169781,0.516908,0.130486,0.880588,73.1261,1.75166e-13,58607,0.898519,78.1077,8.52274e-10,81618
7,25,n1->n2->n3->n4->n5->n15->n16->n17->n18->n19->n20->n10,3.00404e+13|3.30326e+11|2.51637e+13|5.19663e+13|5.16898e+10|2.54337e+12|3.1854e+11|1.22319e+12|5.54701e+12|3.60508e+09|5.12291e+10|1.84599e+12,4.34899e+12|4.87974e+10|1.20723e+13|3.73718e+13|1.84025e+10|4.83922e+11|2.90528e+11|2.83908e+11|1.02041e+12|3.20505e+09|1.63614e+10|5.88715e+11,2.20593e-05|0.000150149|0.000235236|4.65401e-05|0.000380256|0.000137603|6.13843e-05|0.000861533|0.000192357|1.67639e-05|0.000310364|6.01787e-05,0.00633895|0.00466227|0.00100075|0.000153837|0.000293754|0.000302355|0.00133185|0.000677358|0.000119135|0.000326693|0.0012652|0.00101454,0.0242308|0.0466207|0.0318488|0.0140069|0.0482045|0.0473158|0.0464353|0.00680938|0.00984451|0.0091317|0.0371796|0.0261239,0.0186446|0.0412655|0.014719|0.0421418|0.0296199|0.0430085|0.00814055|0.0417|0.046614|0.000373191|0.0330818|0.0180416,0.952597|0.917952|0.908437|0.962302|0.90075|0.927364|0.952296|0.977982|0.970227|0.929843|0.957813|0.942571,6.1663|4.47725|5.20069|6.07392|0.158043|3.32264|0.663963|4.36593|1.44936|6.12095|4.08186|5.03831,79.8117|37.015|10.4739|81.7362|35.0583|56.2706|32.2763|27.3162|28.0546|10.3361|29.3778,0.206816|0.210886|0.174627|0.162628|0.245093|0.202376|0.181751|0.234286|0.195276|0.223504|0.230351,0.332644|0.320755|0.966142|0.858929|0.442729|0.428028|0.408588|0.288398|0.486895|0.865166|0.451282,0.823926,0.95139,0.0501489,0.117049,0.421933,0.504875,0.0617885,0.490527,0.190703,0.903761,75.0845,2.21625e-10,46823,0.876134,54.7023,1.84253e-11,19749,0.862527,0.834378,0.0578779,0.973354,0.582731,0.492938,0.169781,0.516908,0.130486,0.880588,73.1261,1.75166e-13,58607,0.898519,78.1077,8.52274e-10,81618
7,26,n1->n2->n3->n4->n5->n6->n16->n17->n18->n19->n20->n10,3.00404e+13|3.30326e+11|2.51637e+13|5.19663e+13|5.16898e+10|2.5768e+13|3.1854e+11|1.22319e+12|5.54701e+12|3.60508e+09|5.12291e+10|1.84599e+12,4.34899e+12|4.87974e+10|1.20723e+13|3.73718e+13|1.84025e+10|1.13857e+13|2.90528e+11|2.83908e+11|1.02041e+12|3.20505e+09|1.63614e+10|5.88715e+11,2.20593e-05|0.000150149|0.000235236|4.65401e-05|0.000380256|0.00033585|6.13843e-05|0.000861533|0.000192357|1.67639e-05|0.000310364|6.01787e-05,0.00633895|0.00466227|0.00100075|0.000153837|0.000293754|0.00369855|0.00133185|0.000677358|0.000119135|0.000326693|0.0012652|0.00101454,0.0242308|0.0466207|0.0318488|0.0140069|0.0482045|0.021023|0.0464353|0.00680938|0.00984451|0.0091317|0.0371796|0.0261239,0.0186446|0.0412655|0.014719|0.0421418|0.0296199|0.0399306|0.00814055|0.0417|0.046614|0.000373191|0.0330818|0.0180416,0.952597|0.917952|0.908437|0.962302|0.90075|0.989066|0.952296|0.977982|0.970227|0.929843|0.957813|0.942571,6.1663|4.47725|5.20069|6.07392|0.158043|1.08178|0.663963|4.36593|1.44936|6.12095|4.08186|5.03831,79.8117|37.015|10.4739|81.7362|37.2729|50.0569|32.2763|27.3162|28.0546|10.3361|29.3778,0.206816|0.210886|0.174627|0.162628|0.182098|0.160573|0.181751|0.234286|0.195276|0.223504|0.230351,0.332644|0.320755|0.966142|0.858929|0.770624|0.76956|0.408588|0.288398|0.486895|0.865166|0.451282,0.823926,0.95139,0.0501489,0.117049,0.421933,0.504875,0.0617885,0.490527,0.190703,0.903761,75.0845,2.21625e-10,46823,0.876134,54.7023,1.84253e-11,19749,0.862527,0.834378,0.0578779,0.973354,0.582731,0.492938,0.169781,0.516908,0.130486,0.880588,73.1261,1.75166e-13,58607,0.898519,78.1077,8.52274e-10,81618
7,27,n1->n2->n3->n13->n14->n15->n16->n17->n7->n8->n9->n10,3.00404e+13|3.30326e+11|2.51637e+13|9.91228e+12|6.27509e+09|2.54337e+12|3.1854e+11|1.22319e+12|6.61732e+12|3.56515e+09|5.76717e+13|1.84599e+12,4.34899e+12|4.87974e+10|1.20723e+13|5.06921e+12|5.15166e+09|4.83922e+11|2.90528e+11|2.83908e+11|1.34423e+12|2.20969e+09|4.50387e+13|5.88715e+11,2.20593e-05|0.000150149|0.000235236|2.59449e-05|0.000129815|0.000137603|6.13843e-05|0.000861533|4.39527e-05|0.000765253|0.000204857|6.01787e-05,0.00633895|0.00466227|0.00100075|0.00730137|0.000102845|0.000302355|0.00133185|0.000677358|0.000669129|0.000152009|0.00126725|0.00101454,0.0242308|0.0466207|0.0318488|0.0202101|0.000914227|0.0473158|0.0464353|0.00680938|0.043186|0.00764741|0.0459616|0.0261239,0.0186446|0.0412655|0.014719|0.0443805|0.0388816|0.0430085|0.00814055|0.0417|0.0011028|0.0487049|0.032776|0.0180416,0.952597|0.917952|0.908437|0.957486|0.915384|0.927364|0.952296|0.977982|0.941223|0.918796|0.962548|0.942571,6.1663|4.47725|5.20069|3.30965|3.76198|3.32264|0.663963|4.36593|4.27287|0.495993|5.30103|5.03831,79.8117|37.015|83.9106|56.34|92.5451|56.2706|32.2763|59.8148|55.4093|99.595|65.9961,0.206816|0.210886|0.200225|0.230897|0.162606|0.202376|0.181751|0.230578|0.248326|0.247994|0.164414,0.332644|0.320755|0.417051|0.964918|0.327689|0.428028|0.408588|0.245965|0.993536|0.395032|0.843193,0.823926,0.95139,0.0501489,0.117049,0.421933,0.504875,0.0617885,0.490527,0.190703,0.903761,75.0845,2.21625e-10,46823,0.876134,54.7023,1.84253e-11,19749,0.862527,0.834378,0.0578779,0.973354,0.582731,0.492938,0.169781,0.516908,0.130486,0.880588,73.1261,1.75166e-13,58607,0.898519,78.1077,8.52274e-10,81618
7,28,n1->n2->n3->n4->n5->n6->n7->n8->n18->n19->n20->n10,3.00404e+13|3.30326e+11|2.51637e+13|5.19663e+13|5.16898e+10|2.5768e+13|6.61732e+12|3.56515e+09|5.54701e+12|3.60508e+09|5.12291e+10|1.84599e+12,4.34899e+12|4.87974e+10|1.20723e+13|3.73718e+13|1.84025e+10|1.13857e+13|1.34423e+12|2.20969e+09|1.02041e+12|3.20505e+09|1.63614e+10|5.88715e+11,2.20593e-05|0.000150149|0.000235236|4.65401e-05|0.000380256|0.00033585|4.39527e-05|0.000765253|0.000192357|1.67639e-05|0.000310364|6.01787e-05,0.00633895|0.00466227|0.00100075|0.000153837|0.000293754|0.00369855|0.000669129|0.000152009|0.000119135|0.000326693|0.0012652|0.00101454,0.0242308|0.0466207|0.0318488|0.0140069|0.0482045|0.021023|0.043186|0.00764741|0.00984451|0.0091317|0.0371796|0.0261239,0.0186446|0.0412655|0.014719|0.0421418|0.0296199|0.0399306|0.0011028|0.0487049|0.046614|0.000373191|0.0330818|0.0180416,0.952597|0.917952|0.908437|0.962302|0.90075|0.989066|0.941223|0.918796|0.970227|0.929843|0.957813|0.942571,6.1663|4.47725|5.20069|6.07392|0.158043|1.08178|4.27287|0.495993|1.44936|6.12095|4.08186|5.03831,79.8117|37.015|10.4739|81.7362|37.2729|32.9383|55.4093|81.3396|28.0546|10.3361|29.3778,0.206816|0.210886|0.174627|0.162628|0.182098|0.172139|0.248326|0.190026|0.195276|0.223504|0.230351,0.332644|0.320755|0.966142|0.858929|0.770624|0.198275|0.993536|0.718603|0.486895|0.865166|0.451282,0.823926,0.95139,0.0501489,0.117049,0.421933,0.504875,0.0617885,0.490527,0.190703,0.903761,75.0845,2.21625e-10,46823,0.876134,54.7023,1.84253e-11,19749,0.862527,0.834378,0.0578779,0.973354,0.582731,0.492938,0.169781,0.516908,0.130486,0.880588,73.1261,1.75166e-13,58607,0.898519,78.1077,8.52274e-10,81618
7,29,n1->n2->n3->n4->n14->n15->n16->n17->n18->n19->n20->n10,3.00404e+13|3.30326e+11|2.51637e+13|5.19663e+13|6.27509e+09|2.54337e+12|3.1854e+11|1.22319e+12|5.54701e+12|3.60508e+09|5.12291e+10|1.84599e+12,4.34899e+12|4.87974e+10|1.20723e+13|3.73718e+13|5.15166e+09|4.83922e+11|2.90528e+11|2.83908e+11|1.02041e+12|3.20505e+09|1.63614e+10|5.88715e+11,2.20593e-05|0.000150149|0.000235236|4.65401e-05|0.000129815|0.000137603|6.13843e-05|0.000861533|0.000192357|1.67639e-05|0.000310364|6.01787e-05,0.00633895|0.00466227|0.00100075|0.000153837|0.000102845|0.000302355|0.00133185|0.000677358|0.000119135|0.000326693|0.0012652|0.00101454,0.0242308|0.0466207|0.0318488|0.0140069|0.000914227|0.0473158|0.0464353|0.00680938|0.00984451|0.0091317|0.0371796|0.0261239,0.0186446|0.0412655|0.014719|0.0421418|0.0388816|0.0430085|0.00814055|0.0417|0.046614|0.000373191|0.0330818|0.0180416,0.952597|0.917952|0.908437|0.962302|0.915384|0.927364|0.952296|0.977982|0.970227|0.929843|0.957813|0.942571,6.1663|4.47725|5.20069|6.07392|3.76198|3.32264|0.663963|4.36593|1.44936|6.12095|4.08186|5.03831,79.8117|37.015|10.4739|52.1141|92.5451|56.2706|32.2763|27.3162|28.0546|10.3361|29.3778,0.206816|0.210886|0.174627|0.216325|0.162606|0.202376|0.181751|0.234286|0.195276|0.223504|0.230351,0.332644|0.320755|0.966142|0.474765|0.327689|0.428028|0.408588|0.288398|0.486895|0.865166|0.451282,0.823926,0.95139,0.0501489,0.117049,0.421933,0.504875,0.0617885,0.490527,0.190703,0.903761,75.0845,2.21625e-10,46823,0.876134,54.7023,1.84253e-11,19749,0.862527,0.834378,0.0578779,0.973354,0.582731,0.492938,0.169781,0.516908,0.130486,0.880588,73.1261,1.75166e-13,58607,0.898519,78.1077,8.52274e-10,81618
7,30,n1->n2->n3->n4->n14->n15->n16->n17->n7->n8->n9->n10,3.00404e+13|3.30326e+11|2.51637e+13|5.19663e+13|6.27509e+09|2.54337e+12|3.1854e+11|1.22319e+12|6.61732e+12|3.56515e+09|5.76717e+13|1.84599e+12,4.34899e+12|4.87974e+10|1.20723e+13|3.73718e+13|5.15166e+09|4.83922e+11|2.90528e+11|2.83908e+11|1.34423e+12|2.20969e+09|4.50387e+13|5.88715e+11,2.20593e-05|0.000150149|0.000235236|4.65401e-05|0.000129815|0.000137603|6.13843e-05|0.000861533|4.39527e-05|0.000765253|0.000204857|6.01787e-05,0.00633895|0.00466227|0.00100075|0.000153837|0.000102845|0.000302355|0.00133185|0.000677358|0.000669129|0.000152009|0.00126725|0.00101454,0.0242308|0.0466207|0.0318488|0.0140069|0.000914227|0.0473158|0.0464353|0.00680938|0.043186|0.00764741|0.0459616|0.0261239,0.0186446|0.0412655|0.014719|0.0421418|0.0388816|0.0430085|0.00814055|0.0417|0.0011028|0.0487049|0.032776|0.0180416,0.952597|0.917952|0.908437|0.962302|0.915384|0.927364|0.952296|0.977982|0.941223|0.918796|0.962548|0.942571,6.1663|4.47725|5.20069|6.07392|3.76198|3.32264|0.663963|4.36593|4.27287|0.495993|5.30103|5.03831,79.8117|37.015|10.4739|52.1141|92.5451|56.2706|32.2763|59.8148|55.4093|99.595|65.9961,0.206816|0.210886|0.174627|0.216325|0.162606|0.202376|0.181751|0.230578|0.248326|0.247994|0.164414,0.332644|0.320755|0.966142|0.474765|0.327689|0.428028|0.408588|0.245965|0.993536|0.395032|0.843193,0.823926,0.95139,0.0501489,0.117049,0.421933,0.504875,0.0617885,0.490527,0.190703,0.903761,75.0845,2.21625e-10,46823,0.876134,54.7023,1.84253e-11,19749,0.862527,0.834378,0.0578779,0.973354,0.582731,0.492938,0.169781,0.516908,0.130486,0.880588,73.1261,1.75166e-13,58607,0.898519,78.1077,8.52274e-10,81618
7,31,n1->n2->n3->n4->n5->n6->n7->n8->n9->n19->n20->n10,3.00404e+13|3.30326e+11|2.51637e+13|5.19663e+13|5.16898e+10|2.5768e+13|6.61732e+12|3.56515e+09|5.76717e+13|3.60508e+09|5.12291e+10|1.84599e+12,4.34899e+12|4.87974e+10|1.20723e+13|3.73718e+13|1.84025e+10|1.13857e+13|1.34423e+12|2.20969e+09|4.50387e+13|3.20505e+09|1.63614e+10|5.88715e+11,2.20593e-05|0.000150149|0.000235236|4.65401e-05|0.000380256|0.00033585|4.39527e-05|0.000765253|0.000204857|1.67639e-05|0.000310364|6.01787e-05,0.00633895|0.00466227|0.00100075|0.000153837|0.000293754|0.00369855|0.000669129|0.000152009|0.00126725|0.000326693|0.0012652|0.00101454,0.0242308|0.0466207|0.0318488|0.0140069|0.0482045|0.021023|0.043186|0.00764741|0.0459616|0.0091317|0.0371796|0.0261239,0.0186446|0.0412655|0.014719|0.0421418|0.0296199|0.0399306|0.0011028|0.0487049|0.032776|0.000373191|0.0330818|0.0180416,0.952597|0.917952|0.908437|0.962302|0.90075|0.989066|0.941223|0.918796|0.962548|0.929843|0.957813|0.942571,6.1663|4.47725|5.20069|6.07392|0.158043|1.08178|4.27287|0.495993|5.30103|6.12095|4.08186|5.03831,79.8117|37.015|10.4739|81.7362|37.2729|32.9383|55.4093|99.595|99.0064|10.3361|29.3778,0.206816|0.210886|0.174627|0.162628|0.182098|0.172139|0.248326|0.247994|0.249757|0.223504|0.230351,0.332644|0.320755|0.966142|0.858929|0.770624|0.198275|0.993536|0.395032|0.797563|0.865166|0.451282,0.823926,0.95139,0.0501489,0.117049,0.421933,0.504875,0.0617885,0.490527,0.190703,0.903761,75.0845,2.21625e-10,46823,0.876134,54.7023,1.84253e-11,19749,0.862527,0.834378,0.0578779,0.973354,0.582731,0.492938,0.169781,0.516908,0.130486,0.880588,73.1261,1.75166e-13,58607,0.898519,78.1077,8.52274e-10,81618
7,32,n1->n2->n3->n4->n5->n6->n16->n17->n7->n8->n9->n10,3.00404e+13|3.30326e+11|2.51637e+13|5.19663e+13|5.16898e+10|2.5768e+13|3.1854e+11|1.22319e+12|6.61732e+12|3.56515e+09|5.76717e+13|1.84599e+12,4.34899e+12|4.87974e+10|1.20723e+13|3.73718e+13|1.84025e+10|1.13857e+13|2.90528e+11|2.83908e+11|1.34423e+12|2.20969e+09|4.50387e+13|5.88715e+11,2.20593e-05|0.000150149|0.000235236|4.65401e-05|0.000380256|0.00033585|6.13843e-05|0.000861533|4.39527e-05|0.000765253|0.000204857|6.01787e-05,0.00633895|0.00466227|0.00100075|0.000153837|0.000293754|0.00369855|0.00133185|0.000677358|0.000669129|0.000152009|0.00126725|0.00101454,0.0242308|0.0466207|0.0318488|0.0140069|0.0482045|0.021023|0.0464353|0.00680938|0.043186|0.00764741|0.0459616|0.0261239,0.0186446|0.0412655|0.014719|0.0421418|0.0296199|0.0399306|0.00814055|0.0417|0.0011028|0.0487049|0.032776|0.0180416,0.952597|0.917952|0.908437|0.962302|0.90075|0.989066|0.952296|0.977982|0.941223|0.918796|0.962548|0.942571,6.1663|4.47725|5.20069|6.07392|0.158043|1.08178|0.663963|4.36593|4.27287|0.495993|5.30103|5.03831,79.8117|37.015|10.4739|81.7362|37.2729|50.0569|32.2763|59.8148|55.4093|99.595|65.9961,0.206816|0.210886|0.174627|0.162628|0.182098|0.160573|0.181751|0.230578|0.248326|0.247994|0.164414,0.332644|0.320755|0.966142|0.858929|0.770624|0.76956|0.408588|0.245965|0.993536|0.395032|0.843193,0.823926,0.95139,0.0501489,0.117049,0.421933,0.504875,0.0617885,0.490527,0.190703,0.903761,75.0845,2.21625e-10,46823,0.876134,54.7023,1.84253e-11,19749,0.862527,0.834378,0.0578779,0.973354,0.582731,0.492938,0.169781,0.516908,0.130486,0.880588,73.1261,1.75166e-13,58607,0.898519,78.1077,8.52274e-10,81618
7,33,n1->n2->n3->n4->n14->n15->n16->n17->n18->n19->n9->n10,3.00404e+13|3.30326e+11|2.51637e+13|5.19663e+13|6.27509e+09|2.54337e+12|3.1854e+11|1.22319e+12|5.54701e+12|3.60508e+09|5.76717e+13|1.84599e+12,4.34899e+12|4.87974e+10|1.20723e+13|3.73718e+13|5.15166e+09|4.83922e+11|2.90528e+11|2.83908e+11|1.02041e+12|3.20505e+09|4.50387e+13|5.88715e+11,2.20593e-05|0.000150149|0.000235236|4.65401e-05|0.000129815|0.000137603|6.13843e-05|0.000861533|0.000192357|1.67639e-05|0.000204857|6.01787e-05,0.00633895|0.00466227|0.00100075|0.000153837|0.000102845|0.000302355|0.00133185|0.000677358|0.000119135|0.000326693|0.00126725|0.00101454,0.0242308|0.0466207|0.0318488|0.0140069|0.000914227|0.0473158|0.0464353|0.00680938|0.00984451|0.0091317|0.0459616|0.0261239,0.0186446|0.0412655|0.014719|0.0421418|0.0388816|0.0430085|0.00814055|0.0417|0.046614|0.000373191|0.032776|0.0180416,0.952597|0.917952|0.908437|0.962302|0.915384|0.927364|0.952296|0.977982|0.970227|0.929843|0.962548|0.942571,6.1663|4.47725|5.20069|6.07392|3.76198|3.32264|0.663963|4.36593|1.44936|6.12095|5.30103|5.03831,79.8117|37.015|10.4739|52.1141|92.5451|56.2706|32.2763|27.3162|28.0546|99.0064|65.9961,0.206816|0.210886|0.174627|0.216325|0.162606|0.202376|0.181751|0.234286|0.195276|0.249757|0.164414,0.332644|0.320755|0.966142|0.474765|0.327689|0.428028|0.408588|0.288398|0.486895|0.797563|0.843193,0.823926,0.95139,0.0501489,0.117049,0.421933,0.504875,0.0617885,0.490527,0.190703,0.903761,75.0845,2.21625e-10,46823,0.876134,54.7023,1.84253e-11,19749,0.862527,0.834378,0.0578779,0.973354,0.582731,0.492938,0.169781,0.516908,0.130486,0.880588,73.1261,1.75166e-13,58607,0.898519,78.1077,8.52274e-10,81618
7,34,n1->n2->n3->n4->n5->n6->n7->n17->n18->n8->n9->n10,3.00404e+13|3.30326e+11|2.51637e+13|5.19663e+13|5.16898e+10|2.5768e+13|6.61732e+12|1.22319e+12|5.54701e+12|3.56515e+09|5.76717e+13|1.84599e+12,4.34899e+12|4.87974e+10|1.20723e+13|3.73718e+13|1.84025e+10|1.13857e+13|1.34423e+12|2.83908e+11|1.02041e+12|2.20969e+09|4.50387e+13|5.88715e+11,2.20593e-05|0.000150149|0.000235236|4.65401e-05|0.000380256|0.00033585|4.39527e-05|0.000861533|0.000192357|0.000765253|0.000204857|6.01787e-05,0.00633895|0.00466227|0.00100075|0.000153837|0.000293754|0.00369855|0.000669129|0.000677358|0.000119135|0.000152009|0.00126725|0.00101454,0.0242308|0.0466207|0.0318488|0.0140069|0.0482045|0.021023|0.043186|0.00680938|0.00984451|0.00764741|0.0459616|0.0261239,0.0186446|0.0412655|0.014719|0.0421418|0.0296199|0.0399306|0.0011028|0.0417|0.046614|0.0487049|0.032776|0.0180416,0.952597|0.917952|0.908437|0.962302|0.90075|0.989066|0.941223|0.977982|0.970227|0.918796|0.962548|0.942571,6.1663|4.47725|5.20069|6.07392|0.158043|1.08178|4.27287|4.36593|1.44936|0.495993|5.30103|5.03831,79.8117|37.015|10.4739|81.7362|37.2729|32.9383|59.8148|27.3162|81.3396|99.595|65.9961,0.206816|0.210886|0.174627|0.162628|0.182098|0.172139|0.230578|0.234286|0.190026|0.247994|0.164414,0.332644|0.320755|0.966142|0.858929|0.770624|0.198275|0.245965|0.288398|0.718603|0.395032|0.843193,0.823926,0.95139,0.0501489,0.117049,0.421933,0.504875,0.0617885,0.490527,0.190703,0.903761,75.0845,2.21625e-10,46823,0.876134,54.7023,1.84253e-11,19749,0.862527,0.834378,0.0578779,0.973354,0.582731,0.492938,0.169781,0.516908,0.130486,0.880588,73.1261,1.75166e-13,58607,0.898519,78.1077,8.52274e-10,81618
7,35,n1->n2->n3->n4->n14->n15->n16->n17->n18->n8->n9->n10,3.00404e+13|3.30326e+11|2.51637e+13|5.19663e+13|6.27509e+09|2.54337e+12|3.1854e+11|1.22319e+12|5.54701e+12|3.56515e+09|5.76717e+13|1.84599e+12,4.34899e+12|4.87974e+10|1.20723e+13|3.73718e+13|5.15166e+09|4.83922e+11|2.90528e+11|2.83908e+11|1.02041e+12|2.20969e+09|4.50387e+13|5.88715e+11,2.20593e-05|0.000150149|0.000235236|4.65401e-05|0.000129815|0.000137603|6.13843e-05|0.000861533|0.000192357|0.000765253|0.000204857|6.01787e-05,0.00633895|0.00466227|0.00100075|0.000153837|0.000102845|0.000302355|0.00133185|0.000677358|0.000119135|0.000152009|0.00126725|0.00101454,0.0242308|0.0466207|0.0318488|0.0140069|0.000914227|0.0473158|0.0464353|0.00680938|0.00984451|0.00764741|0.0459616|0.0261239,0.0186446|0.0412655|0.014719|0.0421418|0.0388816|0.0430085|0.00814055|0.0417|0.046614|0.0487049|0.032776|0.0180416,0.952597|0.917952|0.908437|0.962302|0.915384|0.927364|0.952296|0.977982|0.970227|0.918796|0.962548|0.942571,6.1663|4.47725|5.20069|6.07392|3.76198|3.32264|0.663963|4.36593|1.44936|0.495993|5.30103|5.03831,79.8117|37.015|10.4739|52.1141|92.5451|56.2706|32.2763|27.3162|81.3396|99.595|65.9961,0.206816|0.210886|0.174627|0.216325|0.162606|0.202376|0.181751|0.234286|0.190026|0.247994|0.164414,0.332644|0.320755|0.966142|0.474765|0.327689|0.428028|0.408588|0.288398|0.718603|0.395032|0.843193,0.823926,0.95139,0.0501489,0.117049,0.421933,0.504875,0.0617885,0.490527,0.190703,0.903761,75.0845,2.21625e-10,46823,0.876134,54.7023,1.84253e-11,19749,0.862527,0.834378,0.0578779,0.973354,0.582731,0.492938,0.169781,0.516908,0.130486,0.880588,73.1261,1.75166e-13,58607,0.898519,78.1077,8.52274e-10,81618
7,36,n1->n11->n12->n13->n14->n15->n16->n17->n18->n19->n20->n10,3.00404e+13|1.20939e+11|1.24762e+09|9.91228e+12|6.27509e+09|2.54337e+12|3.1854e+11|1.22319e+12|5.54701e+12|3.60508e+09|5.12291e+10|1.84599e+12,4.34899e+12|1.2827e+10|1.86352e+08|5.06921e+12|5.15166e+09|4.83922e+11|2.90528e+11|2.83908e+11|1.02041e+12|3.20505e+09|1.63614e+10|5.88715e+11,2.20593e-05|3.68162e-05|0.000450723|2.59449e-05|0.000129815|0.000137603|6.13843e-05|0.000861533|0.000192357|1.67639e-05|0.000310364|6.01787e-05,0.00633895|0.000290726|0.00126271|0.00730137|0.000102845|0.000302355|0.00133185|0.000677358|0.000119135|0.000326693|0.0012652|0.00101454,0.0242308|0.0396791|0.0386825|0.0202101|0.000914227|0.0473158|0.0464353|0.00680938|0.00984451|0.0091317|0.0371796|0.0261239,0.0186446|0.0224647|0.0419088|0.0443805|0.0388816|0.0430085|0.00814055|0.0417|0.046614|0.000373191|0.0330818|0.0180416,0.952597|0.92663|0.989487|0.957486|0.915384|0.927364|0.952296|0.977982|0.970227|0.929843|0.957813|0.942571,6.1663|5.09381|0.398509|3.30965|3.76198|3.32264|0.663963|4.36593|1.44936|6.12095|4.08186|5.03831,30.2686|24.4191|13.9548|56.34|92.5451|56.2706|32.2763|27.3162|28.0546|10.3361|29.3778,0.203801|0.165933|0.170437|0.230897|0.162606|0.202376|0.181751|0.234286|0.195276|0.223504|0.230351,0.231522|0.813401|0.374611|0.964918|0.327689|0.428028|0.408588|0.288398|0.486895|0.865166|0.451282,0.823926,0.95139,0.0501489,0.117049,0.421933,0.504875,0.0617885,0.490527,0.190703,0.903761,75.0845,2.21625e-10,46823,0.876134,54.7023,1.84253e-11,19749,0.862527,0.834378,0.0578779,0.973354,0.582731,0.492938,0.169781,0.516908,0.130486,0.880588,73.1261,1.75166e-13,58607,0.898519,78.1077,8.52274e-10,81618
7,37,n1->n2->n12->n13->n14->n15->n16->n17->n18->n8->n9->n10,3.00404e+13|3.30326e+11|1.24762e+09|9.91228e+12|6.27509e+09|2.54337e+12|3.1854e+11|1.22319e+12|5.54701e+12|3.56515e+09|5.76717e+13|1.84599e+12,4.34899e+12|4.87974e+10|1.86352e+08|5.06921e+12|5.15166e+09|4.83922e+11|2.90528e+11|2.83908e+11|1.02041e+12|2.20969e+09|4.50387e+13|5.88715e+11,2.20593e-05|0.000150149|0.000450723|2.59449e-05|0.000129815|0.000137603|6.13843e-05|0.000861533|0.000192357|0.000765253|0.000204857|6.01787e-05,0.00633895|0.00466227|0.00126271|0.00730137|0.000102845|0.000302355|0.00133185|0.000677358|0.000119135|0.000152009|0.00126725|0.00101454,0.0242308|0.0466207|0.0386825|0.0202101|0.000914227|0.0473158|0.0464353|0.00680938|0.00984451|0.00764741|0.0459616|0.0261239,0.0186446|0.0412655|0.0419088|0.0443805|0.0388816|0.0430085|0.00814055|0.0417|0.046614|0.0487049|0.032776|0.0180416,0.952597|0.917952|0.989487|0.957486|0.915384|0.927364|0.952296|0.977982|0.970227|0.918796|0.962548|0.942571,6.1663|4.47725|0.398509|3.30965|3.76198|3.32264|0.663963|4.36593|1.44936|0.495993|5.30103|5.03831,79.8117|88.6198|13.9548|56.34|92.5451|56.2706|32.2763|27.3162|81.3396|99.595|65.9961,0.206816|0.186425|0.170437|0.230897|0.162606|0.202376|0.181751|0.234286|0.190026|0.247994|0.164414,0.332644|0.549125|0.374611|0.964918|0.327689|0.428028|0.408588|0.288398|0.718603|0.395032|0.843193,0.823926,0.95139,0.0501489,0.117049,0.421933,0.504875,0.0617885,0.490527,0.190703,0.903761,75.0845,2.21625e-10,46823,0.876134,54.7023,1.84253e-11,19749,0.862527,0.834378,0.0578779,0.973354,0.582731,0.492938,0.169781,0.516908,0.130486,0.880588,73.1261,1.75166e-13,58607,0.898519,78.1077,8.52274e-10,81618
7,38,n1->n2->n3->n4->n5->n6->n7->n17->n18->n19->n20->n10,3.00404e+13|3.30326e+11|2.51637e+13|5.19663e+13|5.16898e+10|2.5768e+13|6.61732e+12|1.22319e+12|5.54701e+12|3.60508e+09|5.12291e+10|1.84599e+12,4.34899e+12|4.87974e+10|1.20723e+13|3.73718e+13|1.84025e+10|1.13857e+13|1.34423e+12|2.83908e+11|1.02041e+12|3.20505e+09|1.63614e+10|5.88715e+11,2.20593e-05|0.000150149|0.000235236|4.65401e-05|0.000380256|0.00033585|4.39527e-05|0.000861533|0.000192357|1.67639e-05|0.000310364|6.01787e-05,0.00633895|0.00466227|0.00100075|0.000153837|0.000293754|0.00369855|0.000669129|0.000677358|0.000119135|0.000326693|0.0012652|0.00101454,0.0242308|0.0466207|0.0318488|0.0140069|0.0482045|0.021023|0.043186|0.00680938|0.00984451|0.0091317|0.0371796|0.0261239,0.0186446|0.0412655|0.014719|0.0421418|0.0296199|0.0399306|0.0011028|0.0417|0.046614|0.000373191|0.0330818|0.0180416,0.952597|0.917952|0.908437|0.962302|0.90075|0.989066|0.941223|0.977982|0.970227|0.929843|0.957813|0.942571,6.1663|4.47725|5.20069|6.07392|0.158043|1.08178|4.27287|4.36593|1.44936|6.12095|4.08186|5.03831,79.8117|37.015|10.4739|81.7362|37.2729|32.9383|59.8148|27.3162|28.0546|10.3361|29.3778,0.206816|0.210886|0.174627|0.162628|0.182098|0.172139|0.230578|0.234286|0.195276|0.223504|0.230351,0.332644|0.320755|0.966142|0.858929|0.770624|0.198275|0.245965|0.288398|0.486895|0.865166|0.451282,0.823926,0.95139,0.0501489,0.117049,0.421933,0.504875,0.0617885,0.490527,0.190703,0.903761,75.0845,2.21625e-10,46823,0.876134,54.7023,1.84253e-11,19749,0.862527,0.834378,0.0578779,0.973354,0.582731,0.492938,0.169781,0.516908,0.130486,0.880588,73.1261,1.75166e-13,58607,0.898519,78.1077,8.52274e-10,81618
7,39,n1->n2->n12->n13->n14->n15->n16->n17->n18->n19->n20->n10,3.00404e+13|3.30326e+11|1.24762e+09|9.91228e+12|6.27509e+09|2.54337e+12|3.1854e+11|1.22319e+12|5.54701e+12|3.60508e+09|5.12291e+10|1.84599e+12,4.34899e+12|4.87974e+10|1.86352e+08|5.06921e+12|5.15166e+09|4.83922e+11|2.90528e+11|2.83908e+11|1.02041e+12|3.20505e+09|1.63614e+10|5.88715e+11,2.20593e-05|0.000150149|0.000450723|2.59449e-05|0.000129815|0.000137603|6.13843e-05|0.000861533|0.000192357|1.67639e-05|0.000310364|6.01787e-05,0.00633895|0.00466227|0.00126271|0.00730137|0.000102845|0.000302355|0.00133185|0.000677358|0.000119135|0.000326693|0.0012652|0.00101454,0.0242308|0.0466207|0.0386825|0.0202101|0.000914227|0.0473158|0.0464353|0.00680938|0.00984451|0.0091317|0.0371796|0.0261239,0.0186446|0.0412655|0.0419088|0.0443805|0.0388816|0.0430085|0.00814055|0.0417|0.046614|0.000373191|0.0330818|0.0180416,0.952597|0.917952|0.989487|0.957486|0.915384|0.927364|0.952296|0.977982|0.970227|0.929843|0.957813|0.942571,6.1663|4.47725|0.398509|3.30965|3.76198|3.32264|0.663963|4.36593|1.44936|6.12095|4.08186|5.03831,79.8117|88.6198|13.9548|56.34|92.5451|56.2706|32.2763|27.3162|28.0546|10.3361|29.3778,0.206816|0.186425|0.170437|0.230897|0.162606|0.202376|0.181751|0.234286|0.195276|0.223504|0.230351,0.332644|0.549125|0.374611|0.964918|0.327689|0.428028|0.408588|0.288398|0.486895|0.865166|0.451282,0.823926,0.95139,0.0501489,0.117049,0.421933,0.504875,0.0617885,0.490527,0.190703,0.903761,75.0845,2.21625e-10,46823,0.876134,54.7023,1.84253e-11,19749,0.862527,0.834378,0.0578779,0.973354,0.582731,0.492938,0.169781,0.516908,0.130486,0.880588,73.1261,1.75166e-13,58607,0.898519,78.1077,8.52274e-10,81618
7,40,n1->n2->n3->n4->n5->n6->n7->n17->n18->n19->n9->n10,3.00404e+13|3.30326e+11|2.51637e+13|5.19663e+13|5.16898e+10|2.5768e+13|6.61732e+12|1.22319e+12|5.54701e+12|3.60508e+09|5.76717e+13|1.84599e+12,4.34899e+12|4.87974e+10|1.20723e+13|3.73718e+13|1.84025e+10|1.13857e+13|1.34423e+12|2.83908e+11|1.02041e+12|3.20505e+09|4.50387e+13|5.88715e+11,2.20593e-05|0.000150149|0.000235236|4.65401e-05|0.000380256|0.00033585|4.39527e-05|0.000861533|0.000192357|1.67639e-05|0.000204857|6.01787e-05,0.00633895|0.00466227|0.00100075|0.000153837|0.000293754|0.00369855|0.000669129|0.000677358|0.000119135|0.000326693|0.00126725|0.00101454,0.0242308|0.0466207|0.0318488|0.0140069|0.0482045|0.021023|0.043186|0.00680938|0.00984451|0.0091317|0.0459616|0.0261239,0.0186446|0.0412655|0.014719|0.0421418|0.0296199|0.0399306|0.0011028|0.0417|0.046614|0.000373191|0.032776|0.0180416,0.952597|0.917952|0.908437|0.962302|0.90075|0.989066|0.941223|0.977982|0.970227|0.929843|0.962548|0.942571,6.1663|4.47725|5.20069|6.07392|0.158043|1.08178|4.27287|4.36593|1.44936|6.12095|5.30103|5.03831,79.8117|37.015|10.4739|81.7362|37.2729|32.9383|59.8148|27.3162|28.0546|99.0064|65.9961,0.206816|0.210886|0.174627|0.162628|0.182098|0.172139|0.230578|0.234286|0.195276|0.249757|0.164414,0.332644|0.320755|0.966142|0.858929|0.770624|0.198275|0.245965|0.288398|0.486895|0.797563|0.843193,0.823926,0.95139,0.0501489,0.117049,0.421933,0.504875,0.0617885,0.490527,0.190703,0.903761,75.0845,2.21625e-10,46823,0.876134,54.7023,1.84253e-11,19749,0.862527,0.834378,0.0578779,0.973354,0.582731,0.492938,0.169781,0.516908,0.130486,0.880588,73.1261,1.75166e-13,58607,0.898519,78.1077,8.52274e-10,81618
7,41,n1->n11->n12->n22->n23->n13->n14->n4->n5->n6->n7->n8->n9->n10,3.00404e+13|1.20939e+11|1.24762e+09|3.33855e+10|2.96172e+12|9.91228e+12|6.27509e+09|5.19663e+13|5.16898e+10|2.5768e+13|6.61732e+12|3.56515e+09|5.76717e+13|1.84599e+12,4.34899e+12|1.2827e+10|1.86352e+08|5.85316e+09|1.84325e+12|5.06921e+12|5.15166e+09|3.73718e+13|1.84025e+10|1.13857e+13|1.34423e+12|2.20969e+09|4.50387e+13|5.88715e+11,2.20593e-05|3.68162e-05|0.000450723|0.000542243|0.000180222|2.59449e-05|0.000129815|4.65401e-05|0.000380256|0.00033585|4.39527e-05|0.000765253|0.000204857|6.01787e-05,0.00633895|0.000290726|0.00126271|0.000311917|0.00771594|0.00730137|0.000102845|0.000153837|0.000293754|0.00369855|0.000669129|0.000152009|0.00126725|0.00101454,0.0242308|0.0396791|0.0386825|0.0207751|0.0401254|0.0202101|0.000914227|0.0140069|0.0482045|0.021023|0.043186|0.00764741|0.0459616|0.0261239,0.0186446|0.0224647|0.0419088|0.0183961|0.0200103|0.0443805|0.0388816|0.0421418|0.0296199|0.0399306|0.0011028|0.0487049|0.032776|0.0180416,0.952597|0.92663|0.989487|0.985316|0.990327|0.957486|0.915384|0.962302|0.90075|0.989066|0.941223|0.918796|0.962548|0.942571,6.1663|5.09381|0.398509|2.86033|3.296|3.30965|3.76198|6.07392|0.158043|1.08178|4.27287|0.495993|5.30103|5.03831,30.2686|24.4191|13.2112|55.8812|51.9585|56.34|52.1141|81.7362|37.2729|32.9383|55.4093|99.595|65.9961,0.203801|0.165933|0.192459|0.242937|0.186587|0.230897|0.216325|0.162628|0.182098|0.172139|0.248326|0.247994|0.164414,0.231522|0.813401|0.714952|0.659214|0.544273|0.964918|0.474765|0.858929|0.770624|0.198275|0.993536|0.395032|0.843193,0.823926,0.95139,0.0501489,0.117049,0.421933,0.504875,0.0617885,0.490527,0.190703,0.903761,75.0845,2.21625e-10,46823,0.876134,54.7023,1.84253e-11,19749,0.862527,0.834378,0.0578779,0.973354,0.582731,0.492938,0.169781,0.516908,0.130486,0.880588,73.1261,1.75166e-13,58607,0.898519,78.1077,8.52274e-10,81618
7,42,n1->n11->n12->n22->n23->n24->n25->n15->n5->n6->n7->n8->n9->n10,3.00404e+13|1.20939e+11|1.24762e+09|3.33855e+10|2.96172e+12|1.29684e+09|1.74625e+13|2.54337e+12|5.16898e+10|2.5768e+13|6.61732e+12|3.56515e+09|5.76717e+13|1.84599e+12,4.34899e+12|1.2827e+10|1.86352e+08|5.85316e+09|1.84325e+12|2.35993e+08|4.01821e+12|4.83922e+11|1.84025e+10|1.13857e+13|1.34423e+12|2.20969e+09|4.50387e+13|5.88715e+11,2.20593e-05|3.68162e-05|0.000450723|0.000542243|0.000180222|0.00017517|1.90685e-05|0.000137603|0.000380256|0.00033585|4.39527e-05|0.000765253|0.000204857|6.01787e-05,0.00633895|0.000290726|0.00126271|0.000311917|0.00771594|0.000205887|0.000751332|0.000302355|0.000293754|0.00369855|0.000669129|0.000152009|0.00126725|0.00101454,0.0242308|0.0396791|0.0386825|0.0207751|0.0401254|0.0292034|0.0243089|0.0473158|0.0482045|0.021023|0.043186|0.00764741|0.0459616|0.0261239,0.0186446|0.0224647|0.0419088|0.0183961|0.0200103|0.0180799|0.0318701|0.0430085|0.0296199|0.0399306|0.0011028|0.0487049|0.032776|0.0180416,0.952597|0.92663|0.989487|0.985316|0.990327|0.950767|0.949833|0.927364|0.90075|0.989066|0.941223|0.918796|0.962548|0.942571,6.1663|5.09381|0.398509|2.86033|3.296|0.01178|0.273467|3.32264|0.158043|1.08178|4.27287|0.495993|5.30103|5.03831,30.2686|24.4191|13.2112|55.8812|67.5745|18.2346|54.7186|35.0583|37.2729|32.9383|55.4093|99.595|65.9961,0.203801|0.165933|0.192459|0.242937|0.237043|0.245477|0.216167|0.245093|0.182098|0.172139|0.248326|0.247994|0.164414,0.231522|0.813401|0.714952|0.659214|0.141763|0.99271|0.845754|0.442729|0.770624|0.198275|0.993536|0.395032|0.843193,0.823926,0.95139,0.0501489,0.117049,0.421933,0.504875,0.0617885,0.490527,0.190703,0.903761,75.0845,2.21625e-10,46823,0.876134,54.7023,1.84253e-11,19749,0.862527,0.834378,0.0578779,0.973354,0.582731,0.492938,0.169781,0.516908,0.130486,0.880588,73.1261,1.75166e-13,58607,0.898519,78.1077,8.52274e-10,81618
7,43,n1->n2->n12->n22->n23->n13->n14->n4->n5->n6->n7->n8->n9->n10,3.00404e+13|3.30326e+11|1.24762e+09|3.33855e+10|2.96172e+12|9.91228e+12|6.27509e+09|5.19663e+13|5.16898e+10|2.5768e+13|6.61732e+12|3.56515e+09|5.76717e+13|1.84599e+12,4.34899e+12|4.87974e+10|1.86352e+08|5.85316e+09|1.84325e+12|5.06921e+12|5.15166e+09|3.73718e+13|1.84025e+10|1.13857e+13|1.34423e+12|2.20969e+09|4.50387e+13|5.88715e+11,2.20593e-05|0.000150149|0.000450723|0.000542243|0.000180222|2.59449e-05|0.000129815|4.65401e-05|0.000380256|0.00033585|4.39527e-05|0.000765253|0.000204857|6.01787e-05,0.00633895|0.00466227|0.00126271|0.000311917|0.00771594|0.00730137|0.000102845|0.000153837|0.000293754|0.00369855|0.000669129|0.000152009|0.00126725|0.00101454,0.0242308|0.0466207|0.0386825|0.0207751|0.0401254|0.0202101|0.000914227|0.0140069|0.0482045|0.021023|0.043186|0.00764741|0.0459616|0.0261239,0.0186446|0.0412655|0.0419088|0.0183961|0.0200103|0.0443805|0.0388816|0.0421418|0.0296199|0.0399306|0.0011028|0.0487049|0.032776|0.0180416,0.952597|0.917952|0.989487|0.985316|0.990327|0.957486|0.915384|0.962302|0.90075|0.989066|0.941223|0.918796|0.962548|0.942571,6.1663|4.47725|0.398509|2.86033|3.296|3.30965|3.76198|6.07392|0.158043|1.08178|4.27287|0.495993|5.30103|5.03831,79.8117|88.6198|13.2112|55.8812|51.9585|56.34|52.1141|81.7362|37.2729|32.9383|55.4093|99.595|65.9961,0.206816|0.186425|0.192459|0.242937|0.186587|0.230897|0.216325|0.162628|0.182098|0.172139|0.248326|0.247994|0.164414,0.332644|0.549125|0.714952|0.659214|0.544273|0.964918|0.474765|0.858929|0.770624|0.198275|0.993536|0.395032|0.843193,0.823926,0.95139,0.0501489,0.117049,0.421933,0.504875,0.0617885,0.490527,0.190703,0.903761,75.0845,2.21625e-10,46823,0.876134,54.7023,1.84253e-11,19749,0.862527,0.834378,0.0578779,0.973354,0.582731,0.492938,0.169781,0.516908,0.130486,0.880588,73.1261,1.75166e-13,58607,0.898519,78.1077,8.52274e-10,81618
7,44,n1->n11->n12->n2->n3->n4->n5->n6->n7->n8->n9->n19->n20->n10,3.00404e+13|1.20939e+11|1.24762e+09|3.30326e+11|2.51637e+13|5.19663e+13|5.16898e+10|2.5768e+13|6.61732e+12|3.56515e+09|5.76717e+13|3.60508e+09|5.12291e+10|1.84599e+12,4.34899e+12|1.2827e+10|1.86352e+08|4.87974e+10|1.20723e+13|3.73718e+13|1.84025e+10|1.13857e+13|1.34423e+12|2.20969e+09|4.50387e+13|3.20505e+09|1.63614e+10|5.88715e+11,2.20593e-05|3.68162e-05|0.000450723|0.000150149|0.000235236|4.65401e-05|0.000380256|0.00033585|4.39527e-05|0.000765253|0.000204857|1.67639e-05|0.000310364|6.01787e-05,0.00633895|0.000290726|0.00126271|0.00466227|0.00100075|0.000153837|0.000293754|0.00369855|0.000669129|0.000152009|0.00126725|0.000326693|0.0012652|0.00101454,0.0242308|0.0396791|0.0386825|0.0466207|0.0318488|0.0140069|0.0482045|0.021023|0.043186|0.00764741|0.0459616|0.0091317|0.0371796|0.0261239,0.0186446|0.0224647|0.0419088|0.0412655|0.014719|0.0421418|0.0296199|0.0399306|0.0011028|0.0487049|0.032776|0.000373191|0.0330818|0.0180416,0.952597|0.92663|0.989487|0.917952|0.908437|0.962302|0.90075|0.989066|0.941223|0.918796|0.962548|0.929843|0.957813|0.942571,6.1663|5.09381|0.398509|4.47725|5.20069|6.07392|0.158043|1.08178|4.27287|0.495993|5.30103|6.12095|4.08186|5.03831,30.2686|24.4191|88.6198|37.015|10.4739|81.7362|37.2729|32.9383|55.4093|99.595|99.0064|10.3361|29.3778,0.203801|0.165933|0.186425|0.210886|0.174627|0.162628|0.182098|0.172139|0.248326|0.247994|0.249757|0.223504|0.230351,0.231522|0.813401|0.549125|0.320755|0.966142|0.858929|0.770624|0.198275|0.993536|0.395032|0.797563|0.865166|0.451282,0.823926,0.95139,0.0501489,0.117049,0.421933,0.504875,0.0617885,0.490527,0.190703,0.903761,75.0845,2.21625e-10,46823,0.876134,54.7023,1.84253e-11,19749,0.862527,0.834378,0.0578779,0.973354,0.582731,0.492938,0.169781,0.516908,0.130486,0.880588,73.1261,1.75166e-13,58607,0.898519,78.1077,8.52274e-10,81618
7,45,n1->n11->n21->n22->n23->n13->n3->n4->n5->n6->n7->n8->n9->n10,3.00404e+13|1.20939e+11|9.90425e+12|3.33855e+10|2.96172e+12|9.91228e+12|2.51637e+13|5.19663e+13|5.16898e+10|2.5768e+13|6.61732e+12|3.56515e+09|5.76717e+13|1.84599e+12,4.34899e+12|1.2827e+10|5.08175e+12|5.85316e+09|1.84325e+12|5.06921e+12|1.20723e+13|3.73718e+13|1.84025e+10|1.13857e+13|1.34423e+12|2.20969e+09|4.50387e+13|5.88715e+11,2.20593e-05|3.68162e-05|0.00038331|0.000542243|0.000180222|2.59449e-05|0.000235236|4.65401e-05|0.000380256|0.00033585|4.39527e-05|0.000765253|0.000204857|6.01787e-05,0.00633895|0.000290726|0.000195522|0.000311917|0.00771594|0.00730137|0.00100075|0.000153837|0.000293754|0.00369855|0.000669129|0.000152009|0.00126725|0.00101454,0.0242308|0.0396791|0.0338837|0.0207751|0.0401254|0.0202101|0.0318488|0.0140069|0.0482045|0.021023|0.043186|0.00764741|0.0459616|0.0261239,0.0186446|0.0224647|0.0368511|0.0183961|0.0200103|0.0443805|0.014719|0.0421418|0.0296199|0.0399306|0.0011028|0.0487049|0.032776|0.0180416,0.952597|0.92663|0.928497|0.985316|0.990327|0.957486|0.908437|0.962302|0.90075|0.989066|0.941223|0.918796|0.962548|0.942571,6.1663|5.09381|5.49513|2.86033|3.296|3.30965|5.20069|6.07392|0.158043|1.08178|4.27287|0.495993|5.30103|5.03831,30.2686|65.1286|34.0839|55.8812|51.9585|83.9106|10.4739|81.7362|37.2729|32.9383|55.4093|99.595|65.9961,0.203801|0.213744|0.241671|0.242937|0.186587|0.200225|0.174627|0.162628|0.182098|0.172139|0.248326|0.247994|0.164414,0.231522|0.918405|0.885236|0.659214|0.544273|0.417051|0.966142|0.858929|0.770624|0.198275|0.993536|0.395032|0.843193,0.823926,0.95139,0.0501489,0.117049,0.421933,0.504875,0.0617885,0.490527,0.190703,0.903761,75.0845,2.21625e-10,46823,0.876134,54.7023,1.84253e-11,19749,0.862527,0.834378,0.0578779,0.973354,0.582731,0.492938,0.169781,0.516908,0.130486,0.880588,73.1261,1.75166e-13,58607,0.898519,78.1077,8.52274e-10,81618
7,46,n1->n2->n12->n22->n23->n24->n25->n15->n5->n6->n7->n8->n9->n10,3.00404e+13|3.30326e+11|1.24762e+09|3.33855e+10|2.96172e+12|1.29684e+09|1.74625e+13|2.54337e+12|5.16898e+10|2.5768e+13|6.61732e+12|3.56515e+09|5.76717e+13|1.84599e+12,4.34899e+12|4.87974e+10|1.86352e+08|5.85316e+09|1.84325e+12|2.35993e+08|4.01821e+12|4.83922e+11|1.84025e+10|1.13857e+13|1.34423e+12|2.20969e+09|4.50387e+13|5.88715e+11,2.20593e-05|0.000150149|0.000450723|0.000542243|0.000180222|0.00017517|1.90685e-05|0.000137603|0.000380256|0.00033585|4.39527e-05|0.000765253|0.000204857|6.01787e-05,0.00633895|0.00466227|0.00126271|0.000311917|0.00771594|0.000205887|0.000751332|0.000302355|0.000293754|0.00369855|0.000669129|0.000152009|0.00126725|0.00101454,0.0242308|0.0466207|0.0386825|0.0207751|0.0401254|0.0292034|0.0243089|0.0473158|0.0482045|0.021023|0.043186|0.00764741|0.0459616|0.0261239,0.0186446|0.0412655|0.0419088|0.0183961|0.0200103|0.0180799|0.0318701|0.0430085|0.0296199|0.0399306|0.0011028|0.0487049|0.032776|0.0180416,0.952597|0.917952|0.989487|0.985316|0.990327|0.950767|0.949833|0.927364|0.90075|0.989066|0.941223|0.918796|0.962548|0.942571,6.1663|4.47725|0.398509|2.86033|3.296|0.01178|0.273467|3.32264|0.158043|1.08178|4.27287|0.495993|5.30103|5.03831,79.8117|88.6198|13.2112|55.8812|67.5745|18.2346|54.7186|35.0583|37.2729|32.9383|55.4093|99.595|65.9961,0.206816|0.186425|0.192459|0.242937|0.237043|0.245477|0.216167|0.245093|0.182098|0.172139|0.248326|0.247994|0.164414,0.332644|0.549125|0.714952|0.659214|0.141763|0.99271|0.845754|0.442729|0.770624|0.198275|0.993536|0.395032|0.843193,0.823926,0.95139,0.0501489,0.117049,0.421933,0.504875,0.0617885,0.490527,0.190703,0.903761,75.0845,2.21625e-10,46823,0.876134,54.7023,1.84253e-11,19749,0.862527,0.834378,0.0578779,0.973354,0.582731,0.492938,0.169781,0.516908,0.130486,0.880588,73.1261,1.75166e-13,58607,0.898519,78.1077,8.52274e-10,81618
7,47,n1->n11->n21->n22->n12->n2->n3->n4->n5->n6->n7->n8->n9->n10,3.00404e+13|1.20939e+11|9.90425e+12|3.33855e+10|1.24762e+09|3.30326e+11|2.51637e+13|5.19663e+13|5.16898e+10|2.5768e+13|6.61732e+12|3.56515e+09|5.76717e+13|1.84599e+12,4.34899e+12|1.2827e+10|5.08175e+12|5.85316e+09|1.86352e+08|4.87974e+10|1.20723e+13|3.73718e+13|1.84025e+10|1.13857e+13|1.34423e+12|2.20969e+09|4.50387e+13|5.88715e+11,2.20593e-05|3.68162e-05|0.00038331|0.000542243|0.000450723|0.000150149|0.000235236|4.65401e-05|0.000380256|0.00033585|4.39527e-05|0.000765253|0.000204857|6.01787e-05,0.00633895|0.000290726|0.000195522|0.000311917|0.00126271|0.00466227|0.00100075|0.000153837|0.000293754|0.00369855|0.000669129|0.000152009|0.00126725|0.00101454,0.0242308|0.0396791|0.0338837|0.0207751|0.0386825|0.0466207|0.0318488|0.0140069|0.0482045|0.021023|0.043186|0.00764741|0.0459616|0.0261239,0.0186446|0.0224647|0.0368511|0.0183961|0.0419088|0.0412655|0.014719|0.0421418|0.0296199|0.0399306|0.0011028|0.0487049|0.032776|0.0180416,0.952597|0.92663|0.928497|0.985316|0.989487|0.917952|0.908437|0.962302|0.90075|0.989066|0.941223|0.918796|0.962548|0.942571,6.1663|5.09381|5.49513|2.86033|0.398509|4.47725|5.20069|6.07392|0.158043|1.08178|4.27287|0.495993|5.30103|5.03831,30.2686|65.1286|34.0839|13.2112|88.6198|37.015|10.4739|81.7362|37.2729|32.9383|55.4093|99.595|65.9961,0.203801|0.213744|0.241671|0.192459|0.186425|0.210886|0.174627|0.162628|0.182098|0.172139|0.248326|0.247994|0.164414,0.231522|0.918405|0.885236|0.714952|0.549125|0.320755|0.966142|0.858929|0.770624|0.198275|0.993536|0.395032|0.843193,0.823926,0.95139,0.0501489,0.117049,0.421933,0.504875,0.0617885,0.490527,0.190703,0.903761,75.0845,2.21625e-10,46823,0.876134,54.7023,1.84253e-11,19749,0.862527,0.834378,0.0578779,0.973354,0.582731,0.492938,0.169781,0.516908,0.130486,0.880588,73.1261,1.75166e-13,58607,0.898519,78.1077,8.52274e-10,81618
7,48,n1->n2->n12->n13->n23->n24->n14->n4->n5->n6->n7->n8->n9->n10,3.00404e+13|3.30326e+11|1.24762e+09|9.91228e+12|2.96172e+12|1.29684e+09|6.27509e+09|5.19663e+13|5.16898e+10|2.5768e+13|6.61732e+12|3.56515e+09|5.76717e+13|1.84599e+12,4.34899e+12|4.87974e+10|1.86352e+08|5.06921e+12|1.84325e+12|2.35993e+08|5.15166e+09|3.73718e+13|1.84025e+10|1.13857e+13|1.34423e+12|2.20969e+09|4.50387e+13|5.88715e+11,2.20593e-05|0.000150149|0.000450723|2.59449e-05|0.000180222|0.00017517|0.000129815|4.65401e-05|0.000380256|0.00033585|4.39527e-05|0.000765253|0.000204857|6.01787e-05,0.00633895|0.00466227|0.00126271|0.00730137|0.00771594|0.000205887|0.000102845|0.000153837|0.000293754|0.00369855|0.000669129|0.000152009|0.00126725|0.00101454,0.0242308|0.0466207|0.0386825|0.0202101|0.0401254|0.0292034|0.000914227|0.0140069|0.0482045|0.021023|0.043186|0.00764741|0.0459616|0.0261239,0.0186446|0.0412655|0.0419088|0.0443805|0.0200103|0.0180799|0.0388816|0.0421418|0.0296199|0.0399306|0.0011028|0.0487049|0.032776|0.0180416,0.952597|0.917952|0.989487|0.957486|0.990327|0.950767|0.915384|0.962302|0.90075|0.989066|0.941223|0.918796|0.962548|0.942571,6.1663|4.47725|0.398509|3.30965|3.296|0.01178|3.76198|6.07392|0.158043|1.08178|4.27287|0.495993|5.30103|5.03831,79.8117|88.6198|13.9548|51.9585|67.5745|66.6304|52.1141|81.7362|37.2729|32.9383|55.4093|99.595|65.9961,0.206816|0.186425|0.170437|0.186587|0.237043|0.19366|0.216325|0.162628|0.182098|0.172139|0.248326|0.247994|0.164414,0.332644|0.549125|0.374611|0.544273|0.141763|0.634426|0.474765|0.858929|0.770624|0.198275|0.993536|0.395032|0.843193,0.823926,0.95139,0.0501489,0.117049,0.421933,0.504875,0.0617885,0.490527,0.190703,0.903761,75.0845,2.21625e-10,46823,0.876134,54.7023,1.84253e-11,19749,0.862527,0.834378,0.0578779,0.973354,0.582731,0.492938,0.169781,0.516908,0.130486,0.880588,73.1261,1.75166e-13,58607,0.898519,78.1077,8.52274e-10,81618
7,49,n1->n11->n12->n13->n23->n24->n25->n26->n16->n6->n7->n8->n9->n10,3.00404e+13|1.20939e+11|1.24762e+09|9.91228e+12|2.96172e+12|1.29684e+09|1.74625e+13|2.27804e+13|3.1854e+11|2.5768e+13|6.61732e+12|3.56515e+09|5.76717e+13|1.84599e+12,4.34899e+12|1.2827e+10|1.86352e+08|5.06921e+12|1.84325e+12|2.35993e+08|4.01821e+12|6.51734e+12|2.90528e+11|1.13857e+13|1.34423e+12|2.20969e+09|4.50387e+13|5.88715e+11,2.20593e-05|3.68162e-05|0.000450723|2.59449e-05|0.000180222|0.00017517|1.90685e-05|1.42553e-05|6.13843e-05|0.00033585|4.39527e-05|0.000765253|0.000204857|6.01787e-05,0.00633895|0.000290726|0.00126271|0.00730137|0.00771594|0.000205887|0.000751332|0.00351282|0.00133185|0.00369855|0.000669129|0.000152009|0.00126725|0.00101454,0.0242308|0.0396791|0.0386825|0.0202101|0.0401254|0.0292034|0.0243089|0.0330077|0.0464353|0.021023|0.043186|0.00764741|0.0459616|0.0261239,0.0186446|0.0224647|0.0419088|0.0443805|0.0200103|0.0180799|0.0318701|0.0324719|0.00814055|0.0399306|0.0011028|0.0487049|0.032776|0.0180416,0.952597|0.92663|0.989487|0.957486|0.990327|0.950767|0.949833|0.940557|0.952296|0.989066|0.941223|0.918796|0.962548|0.942571,6.1663|5.09381|0.398509|3.30965|3.296|0.01178|0.273467|2.57923|0.663963|1.08178|4.27287|0.495993|5.30103|5.03831,30.2686|24.4191|13.9548|51.9585|67.5745|18.2346|55.6995|11.0615|50.0569|32.9383|55.4093|99.595|65.9961,0.203801|0.165933|0.170437|0.186587|0.237043|0.245477|0.203915|0.223443|0.160573|0.172139|0.248326|0.247994|0.164414,0.231522|0.813401|0.374611|0.544273|0.141763|0.99271|0.192082|0.800147|0.76956|0.198275|0.993536|0.395032|0.843193,0.823926,0.95139,0.0501489,0.117049,0.421933,0.504875,0.0617885,0.490527,0.190703,0.903761,75.0845,2.21625e-10,46823,0.876134,54.7023,1.84253e-11,19749,0.862527,0.834378,0.0578779,0.973354,0.582731,0.492938,0.169781,0.516908,0.130486,0.880588,73.1261,1.75166e-13,58607,0.898519,78.1077,8.52274e-10,81618
7,50,n1->n11->n21->n22->n12->n13->n14->n4->n5->n6->n7->n8->n9->n10,3.00404e+13|1.20939e+11|9.90425e+12|3.33855e+10|1.24762e+09|9.91228e+12|6.27509e+09|5.19663e+13|5.16898e+10|2.5768e+13|6.61732e+12|3.56515e+09|5.76717e+13|1.84599e+12,4.34899e+12|1.2827e+10|5.08175e+12|5.85316e+09|1.86352e+08|5.06921e+12|5.15166e+09|3.73718e+13|1.84025e+10|1.13857e+13|1.34423e+12|2.20969e+09|4.50387e+13|5.88715e+11,2.20593e-05|3.68162e-05|0.00038331|0.000542243|0.000450723|2.59449e-05|0.000129815|4.65401e-05|0.000380256|0.00033585|4.39527e-05|0.000765253|0.000204857|6.01787e-05,0.00633895|0.000290726|0.000195522|0.000311917|0.00126271|0.00730137|0.000102845|0.000153837|0.000293754|0.00369855|0.000669129|0.000152009|0.00126725|0.00101454,0.0242308|0.0396791|0.0338837|0.0207751|0.0386825|0.0202101|0.000914227|0.0140069|0.0482045|0.021023|0.043186|0.00764741|0.0459616|0.0261239,0.0186446|0.0224647|0.0368511|0.0183961|0.0419088|0.0443805|0.0388816|0.0421418|0.0296199|0.0399306|0.0011028|0.0487049|0.032776|0.0180416,0.952597|0.92663|0.928497|0.985316|0.989487|0.957486|0.915384|0.962302|0.90075|0.989066|0.941223|0.918796|0.962548|0.942571,6.1663|5.09381|5.49513|2.86033|0.398509|3.30965|3.76198|6.07392|0.158043|1.08178|4.27287|0.495993|5.30103|5.03831,30.2686|65.1286|34.0839|13.2112|13.9548|56.34|52.1141|81.7362|37.2729|32.9383|55.4093|99.595|65.9961,0.203801|0.213744|0.241671|0.192459|0.170437|0.230897|0.216325|0.162628|0.182098|0.172139|0.248326|0.247994|0.164414,0.231522|0.918405|0.885236|0.714952|0.374611|0.964918|0.474765|0.858929|0.770624|0.198275|0.993536|0.395032|0.843193,0.823926,0.95139,0.0501489,0.117049,0.421933,0.504875,0.0617885,0.490527,0.190703,0.903761,75.0845,2.21625e-10,46823,0.876134,54.7023,1.84253e-11,19749,0.862527,0.834378,0.0578779,0.973354,0.582731,0.492938,0.169781,0.516908,0.130486,0.880588,73.1261,1.75166e-13,58607,0.898519,78.1077,8.52274e-10,81618
7,51,n1->n2->n3->n4->n5->n15->n25->n26->n16->n6->n7->n8->n9->n10,3.00404e+13|3.30326e+11|2.51637e+13|5.19663e+13|5.16898e+10|2.54337e+12|1.74625e+13|2.27804e+13|3.1854e+11|2.5768e+13|6.61732e+12|3.56515e+09|5.76717e+13|1.84599e+12,4.34899e+12|4.87974e+10|1.20723e+13|3.73718e+13|1.84025e+10|4.83922e+11|4.01821e+12|6.51734e+12|2.90528e+11|1.13857e+13|1.34423e+12|2.20969e+09|4.50387e+13|5.88715e+11,2.20593e-05|0.000150149|0.000235236|4.65401e-05|0.000380256|0.000137603|1.90685e-05|1.42553e-05|6.13843e-05|0.00033585|4.39527e-05|0.000765253|0.000204857|6.01787e-05,0.00633895|0.00466227|0.00100075|0.000153837|0.000293754|0.000302355|0.000751332|0.00351282|0.00133185|0.00369855|0.000669129|0.000152009|0.00126725|0.00101454,0.0242308|0.0466207|0.0318488|0.0140069|0.0482045|0.0473158|0.0243089|0.0330077|0.0464353|0.021023|0.043186|0.00764741|0.0459616|0.0261239,0.0186446|0.0412655|0.014719|0.0421418|0.0296199|0.0430085|0.0318701|0.0324719|0.00814055|0.0399306|0.0011028|0.0487049|0.032776|0.0180416,0.952597|0.917952|0.908437|0.962302|0.90075|0.927364|0.949833|0.940557|0.952296|0.989066|0.941223|0.918796|0.962548|0.942571,6.1663|4.47725|5.20069|6.07392|0.158043|3.32264|0.273467|2.57923|0.663963|1.08178|4.27287|0.495993|5.30103|5.03831,79.8117|37.015|10.4739|81.7362|35.0583|54.7186|55.6995|11.0615|50.0569|32.9383|55.4093|99.595|65.9961,0.206816|0.210886|0.174627|0.162628|0.245093|0.216167|0.203915|0.223443|0.160573|0.172139|0.248326|0.247994|0.164414,0.332644|0.320755|0.966142|0.858929|0.442729|0.845754|0.192082|0.800147|0.76956|0.198275|0.993536|0.395032|0.843193,0.823926,0.95139,0.0501489,0.117049,0.421933,0.504875,0.0617885,0.490527,0.190703,0.903761,75.0845,2.21625e-10,46823,0.876134,54.7023,1.84253e-11,19749,0.862527,0.834378,0.0578779,0.973354,0.582731,0.492938,0.169781,0.516908,0.130486,0.880588,73.1261,1.75166e-13,58607,0.898519,78.1077,8.52274e-10,81618
7,52,n1->n2->n12->n22->n23->n13->n14->n15->n16->n17->n7->n8->n9->n10,3.00404e+13|3.30326e+11|1.24762e+09|3.33855e+10|2.96172e+12|9.91228e+12|6.27509e+09|2.54337e+12|3.1854e+11|1.22319e+12|6.61732e+12|3.56515e+09|5.76717e+13|1.84599e+12,4.34899e+12|4.87974e+10|1.86352e+08|5.85316e+09|1.84325e+12|5.06921e+12|5.15166e+09|4.83922e+11|2.90528e+11|2.83908e+11|1.34423e+12|2.20969e+09|4.50387e+13|5.88715e+11,2.20593e-05|0.000150149|0.000450723|0.000542243|0.000180222|2.59449e-05|0.000129815|0.000137603|6.13843e-05|0.000861533|4.39527e-05|0.000765253|0.000204857|6.01787e-05,0.00633895|0.00466227|0.00126271|0.000311917|0.00771594|0.00730137|0.000102845|0.000302355|0.00133185|0.000677358|0.000669129|0.000152009|0.00126725|0.00101454,0.0242308|0.0466207|0.0386825|0.0207751|0.0401254|0.0202101|0.000914227|0.0473158|0.0464353|0.00680938|0.043186|0.00764741|0.0459616|0.0261239,0.0186446|0.0412655|0.0419088|0.0183961|0.0200103|0.0443805|0.0388816|0.0430085|0.00814055|0.0417|0.0011028|0.0487049|0.032776|0.0180416,0.952597|0.917952|0.989487|0.985316|0.990327|0.957486|0.915384|0.927364|0.952296|0.977982|0.941223|0.918796|0.962548|0.942571,6.1663|4.47725|0.398509|2.86033|3.296|3.30965|3.76198|3.32264|0.663963|4.36593|4.27287|0.495993|5.30103|5.03831,79.8117|88.6198|13.2112|55.8812|51.9585|56.34|92.5451|56.2706|32.2763|59.8148|55.4093|99.595|65.9961,0.206816|0.186425|0.192459|0.242937|0.186587|0.230897|0.162606|0.202376|0.181751|0.230578|0.248326|0.247994|0.164414,0.332644|0.549125|0.714952|0.659214|0.544273|0.964918|0.327689|0.428028|0.408588|0.245965|0.993536|0.395032|0.843193,0.823926,0.95139,0.0501489,0.117049,0.421933,0.504875,0.0617885,0.490527,0.190703,0.903761,75.0845,2.21625e-10,46823,0.876134,54.7023,1.84253e-11,19749,0.862527,0.834378,0.0578779,0.973354,0.582731,0.492938,0.169781,0.516908,0.130486,0.880588,73.1261,1.75166e-13,58607,0.898519,78.1077,8.52274e-10,81618
7,53,n1->n11->n21->n22->n23->n24->n25->n26->n27->n28->n29->n19->n20->n10,3.00404e+13|1.20939e+11|9.90425e+12|3.33855e+10|2.96172e+12|1.29684e+09|1.74625e+13|2.27804e+13|4.805e+11|2.00194e+10|7.17101e+11|3.60508e+09|5.12291e+10|1.84599e+12,4.34899e+12|1.2827e+10|5.08175e+12|5.85316e+09|1.84325e+12|2.35993e+08|4.01821e+12|6.51734e+12|5.39868e+10|2.90952e+09|3.48e+11|3.20505e+09|1.63614e+10|5.88715e+11,2.20593e-05|3.68162e-05|0.00038331|0.000542243|0.000180222|0.00017517|1.90685e-05|1.42553e-05|3.96201e-05|2.03718e-05|2.27027e-05|1.67639e-05|0.000310364|6.01787e-05,0.00633895|0.000290726|0.000195522|0.000311917|0.00771594|0.000205887|0.000751332|0.00351282|0.00945776|0.00287426|0.00283907|0.000326693|0.0012652|0.00101454,0.0242308|0.0396791|0.0338837|0.0207751|0.0401254|0.0292034|0.0243089|0.0330077|0.0331096|0.0321405|0.0468048|0.0091317|0.0371796|0.0261239,0.0186446|0.0224647|0.0368511|0.0183961|0.0200103|0.0180799|0.0318701|0.0324719|0.0209467|0.0034903|0.0300525|0.000373191|0.0330818|0.0180416,0.952597|0.92663|0.928497|0.985316|0.990327|0.950767|0.949833|0.940557|0.921124|0.910929|0.918632|0.929843|0.957813|0.942571,6.1663|5.09381|5.49513|2.86033|3.296|0.01178|0.273467|2.57923|4.68229|3.98258|4.2697|6.12095|4.08186|5.03831,30.2686|65.1286|34.0839|55.8812|67.5745|18.2346|55.6995|42.5138|15.3326|39.0733|84.7043|10.3361|29.3778,0.203801|0.213744|0.241671|0.242937|0.237043|0.245477|0.203915|0.196406|0.223307|0.169124|0.173571|0.223504|0.230351,0.231522|0.918405|0.885236|0.659214|0.141763|0.99271|0.192082|0.171578|0.17421|0.940637|0.743008|0.865166|0.451282,0.823926,0.95139,0.0501489,0.117049,0.421933,0.504875,0.0617885,0.490527,0.190703,0.903761,75.0845,2.21625e-10,46823,0.876134,54.7023,1.84253e-11,19749,0.862527,0.834378,0.0578779,0.973354,0.582731,0.492938,0.169781,0.516908,0.130486,0.880588,73.1261,1.75166e-13,58607,0.898519,78.1077,8.52274e-10,81618
7,54,n1->n11->n21->n22->n23->n24->n25->n15->n5->n6->n7->n8->n9->n10,3.00404e+13|1.20939e+11|9.90425e+12|3.33855e+10|2.96172e+12|1.29684e+09|1.74625e+13|2.54337e+12|5.16898e+10|2.5768e+13|6.61732e+12|3.56515e+09|5.76717e+13|1.84599e+12,4.34899e+12|1.2827e+10|5.08175e+12|5.85316e+09|1.84325e+12|2.35993e+08|4.01821e+12|4.83922e+11|1.84025e+10|1.13857e+13|1.34423e+12|2.20969e+09|4.50387e+13|5.88715e+11,2.20593e-05|3.68162e-05|0.00038331|0.000542243|0.000180222|0.00017517|1.90685e-05|0.000137603|0.000380256|0.00033585|4.39527e-05|0.000765253|0.000204857|6.01787e-05,0.00633895|0.000290726|0.000195522|0.000311917|0.00771594|0.000205887|0.000751332|0.000302355|0.000293754|0.00369855|0.000669129|0.000152009|0.00126725|0.00101454,0.0242308|0.0396791|0.0338837|0.0207751|0.0401254|0.0292034|0.0243089|0.0473158|0.0482045|0.021023|0.043186|0.00764741|0.0459616|0.0261239,0.0186446|0.0224647|0.0368511|0.0183961|0.0200103|0.0180799|0.0318701|0.0430085|0.0296199|0.0399306|0.0011028|0.0487049|0.032776|0.0180416,0.952597|0.92663|0.928497|0.985316|0.990327|0.950767|0.949833|0.927364|0.90075|0.989066|0.941223|0.918796|0.962548|0.942571,6.1663|5.09381|5.49513|2.86033|3.296|0.01178|0.273467|3.32264|0.158043|1.08178|4.27287|0.495993|5.30103|5.03831,30.2686|65.1286|34.0839|55.8812|67.5745|18.2346|54.7186|35.0583|37.2729|32.9383|55.4093|99.595|65.9961,0.203801|0.213744|0.241671|0.242937|0.237043|0.245477|0.216167|0.245093|0.182098|0.172139|0.248326|0.247994|0.164414,0.231522|0.918405|0.885236|0.659214|0.141763|0.99271|0.845754|0.442729|0.770624|0.198275|0.993536|0.395032|0.843193,0.823926,0.95139,0.0501489,0.117049,0.421933,0.504875,0.0617885,0.490527,0.190703,0.903761,75.0845,2.21625e-10,46823,0.876134,54.7023,1.84253e-11,19749,0.862527,0.834378,0.0578779,0.973354,0.582731,0.492938,0.169781,0.516908,0.130486,0.880588,73.1261,1.75166e-13,58607,0.898519,78.1077,8.52274e-10,81618
7,55,n1->n11->n21->n22->n23->n24->n25->n26->n27->n17->n18->n19->n9->n10,3.00404e+13|1.20939e+11|9.90425e+12|3.33855e+10|2.96172e+12|1.29684e+09|1.74625e+13|2.27804e+13|4.805e+11|1.22319e+12|5.54701e+12|3.60508e+09|5.76717e+13|1.84599e+12,4.34899e+12|1.2827e+10|5.08175e+12|5.85316e+09|1.84325e+12|2.35993e+08|4.01821e+12|6.51734e+12|5.39868e+10|2.83908e+11|1.02041e+12|3.20505e+09|4.50387e+13|5.88715e+11,2.20593e-05|3.68162e-05|0.00038331|0.000542243|0.000180222|0.00017517|1.90685e-05|1.42553e-05|3.96201e-05|0.000861533|0.000192357|1.67639e-05|0.000204857|6.01787e-05,0.00633895|0.000290726|0.000195522|0.000311917|0.00771594|0.000205887|0.000751332|0.00351282|0.00945776|0.000677358|0.000119135|0.000326693|0.00126725|0.00101454,0.0242308|0.0396791|0.0338837|0.0207751|0.0401254|0.0292034|0.0243089|0.0330077|0.0331096|0.00680938|0.00984451|0.0091317|0.0459616|0.0261239,0.0186446|0.0224647|0.0368511|0.0183961|0.0200103|0.0180799|0.0318701|0.0324719|0.0209467|0.0417|0.046614|0.000373191|0.032776|0.0180416,0.952597|0.92663|0.928497|0.985316|0.990327|0.950767|0.949833|0.940557|0.921124|0.977982|0.970227|0.929843|0.962548|0.942571,6.1663|5.09381|5.49513|2.86033|3.296|0.01178|0.273467|2.57923|4.68229|4.36593|1.44936|6.12095|5.30103|5.03831,30.2686|65.1286|34.0839|55.8812|67.5745|18.2346|55.6995|42.5138|72.2829|27.3162|28.0546|99.0064|65.9961,0.203801|0.213744|0.241671|0.242937|0.237043|0.245477|0.203915|0.196406|0.208534|0.234286|0.195276|0.249757|0.164414,0.231522|0.918405|0.885236|0.659214|0.141763|0.99271|0.192082|0.171578|0.91001|0.288398|0.486895|0.797563|0.843193,0.823926,0.95139,0.0501489,0.117049,0.421933,0.504875,0.0617885,0.490527,0.190703,0.903761,75.0845,2.21625e-10,46823,0.876134,54.7023,1.84253e-11,19749,0.862527,0.834378,0.0578779,0.973354,0.582731,0.492938,0.169781,0.516908,0.130486,0.880588,73.1261,1.75166e-13,58607,0.898519,78.1077,8.52274e-10,81618
7,56,n1->n11->n21->n22->n23->n13->n14->n4->n5->n6->n7->n8->n9->n10,3.00404e+13|1.20939e+11|9.90425e+12|3.33855e+10|2.96172e+12|9.91228e+12|6.27509e+09|5.19663e+13|5.16898e+10|2.5768e+13|6.61732e+12|3.56515e+09|5.76717e+13|1.84599e+12,4.34899e+12|1.2827e+10|5.08175e+12|5.85316e+09|1.84325e+12|5.06921e+12|5.15166e+09|3.73718e+13|1.84025e+10|1.13857e+13|1.34423e+12|2.20969e+09|4.50387e+13|5.88715e+11,2.20593e-05|3.68162e-05|0.00038331|0.000542243|0.000180222|2.59449e-05|0.000129815|4.65401e-05|0.000380256|0.00033585|4.39527e-05|0.000765253|0.000204857|6.01787e-05,0.00633895|0.000290726|0.000195522|0.000311917|0.00771594|0.00730137|0.000102845|0.000153837|0.000293754|0.00369855|0.000669129|0.000152009|0.00126725|0.00101454,0.0242308|0.0396791|0.0338837|0.0207751|0.0401254|0.0202101|0.000914227|0.0140069|0.0482045|0.021023|0.043186|0.00764741|0.0459616|0.0261239,0.0186446|0.0224647|0.0368511|0.0183961|0.0200103|0.0443805|0.0388816|0.0421418|0.0296199|0.0399306|0.0011028|0.0487049|0.032776|0.0180416,0.952597|0.92663|0.928497|0.985316|0.990327|0.957486|0.915384|0.962302|0.90075|0.989066|0.941223|0.918796|0.962548|0.942571,6.1663|5.09381|5.49513|2.86033|3.296|3.30965|3.76198|6.07392|0.158043|1.08178|4.27287|0.495993|5.30103|5.03831,30.2686|65.1286|34.0839|55.8812|51.9585|56.34|52.1141|81.7362|37.2729|32.9383|55.4093|99.595|65.9961,0.203801|0.213744|0.241671|0.242937|0.186587|0.230897|0.216325|0.162628|0.182098|0.172139|0.248326|0.247994|0.164414,0.231522|0.918405|0.885236|0.659214|0.544273|0.964918|0.474765|0.858929|0.770624|0.198275|0.993536|0.395032|0.843193,0.823926,0.95139,0.0501489,0.117049,0.421933,0.504875,0.0617885,0.490527,0.190703,0.903761,75.0845,2.21625e-10,46823,0.876134,54.7023,1.84253e-11,19749,0.862527,0.834378,0.0578779,0.973354,0.582731,0.492938,0.169781,0.516908,0.130486,0.880588,73.1261,1.75166e-13,58607,0.898519,78.1077,8.52274e-10,81618
7,57,n1->n11->n21->n22->n23->n24->n14->n15->n16->n6->n7->n8->n9->n10,3.00404e+13|1.20939e+11|9.90425e+12|3.33855e+10|2.96172e+12|1.29684e+09|6.27509e+09|2.54337e+12|3.1854e+11|2.5768e+13|6.61732e+12|3.56515e+09|5.76717e+13|1.84599e+12,4.34899e+12|1.2827e+10|5.08175e+12|5.85316e+09|1.84325e+12|2.35993e+08|5.15166e+09|4.83922e+11|2.90528e+11|1.13857e+13|1.34423e+12|2.20969e+09|4.50387e+13|5.88715e+11,2.20593e-05|3.68162e-05|0.00038331|0.000542243|0.000180222|0.00017517|0.000129815|0.000137603|6.13843e-05|0.00033585|4.39527e-05|0.000765253|0.000204857|6.01787e-05,0.00633895|0.000290726|0.000195522|0.000311917|0.00771594|0.000205887|0.000102845|0.000302355|0.00133185|0.00369855|0.000669129|0.000152009|0.00126725|0.00101454,0.0242308|0.0396791|0.0338837|0.0207751|0.0401254|0.0292034|0.000914227|0.0473158|0.0464353|0.021023|0.043186|0.00764741|0.0459616|0.0261239,0.0186446|0.0224647|0.0368511|0.0183961|0.0200103|0.0180799|0.0388816|0.0430085|0.00814055|0.0399306|0.0011028|0.0487049|0.032776|0.0180416,0.952597|0.92663|0.928497|0.985316|0.990327|0.950767|0.915384|0.927364|0.952296|0.989066|0.941223|0.918796|0.962548|0.942571,6.1663|5.09381|5.49513|2.86033|3.296|0.01178|3.76198|3.32264|0.663963|1.08178|4.27287|0.495993|5.30103|5.03831,30.2686|65.1286|34.0839|55.8812|67.5745|66.6304|92.5451|56.2706|50.0569|32.9383|55.4093|99.595|65.9961,0.203801|0.213744|0.241671|0.242937|0.237043|0.19366|0.162606|0.202376|0.160573|0.172139|0.248326|0.247994|0.164414,0.231522|0.918405|0.885236|0.659214|0.141763|0.634426|0.327689|0.428028|0.76956|0.198275|0.993536|0.395032|0.843193,0.823926,0.95139,0.0501489,0.117049,0.421933,0.504875,0.0617885,0.490527,0.190703,0.903761,75.0845,2.21625e-10,46823,0.876134,54.7023,1.84253e-11,19749,0.862527,0.834378,0.0578779,0.973354,0.582731,0.492938,0.169781,0.516908,0.130486,0.880588,73.1261,1.75166e-13,58607,0.898519,78.1077,8.52274e-10,81618
7,58,n1->n2->n3->n13->n23->n24->n25->n26->n16->n17->n7->n8->n9->n10,3.00404e+13|3.30326e+11|2.51637e+13|9.91228e+12|2.96172e+12|1.29684e+09|1.74625e+13|2.27804e+13|3.1854e+11|1.22319e+12|6.61732e+12|3.56515e+09|5.76717e+13|1.84599e+12,4.34899e+12|4.87974e+10|1.20723e+13|5.06921e+12|1.84325e+12|2.35993e+08|4.01821e+12|6.51734e+12|2.90528e+11|2.83908e+11|1.34423e+12|2.20969e+09|4.50387e+13|5.88715e+11,2.20593e-05|0.000150149|0.000235236|2.59449e-05|0.000180222|0.00017517|1.90685e-05|1.42553e-05|6.13843e-05|0.000861533|4.39527e-05|0.000765253|0.000204857|6.01787e-05,0.00633895|0.00466227|0.00100075|0.00730137|0.00771594|0.000205887|0.000751332|0.00351282|0.00133185|0.000677358|0.000669129|0.000152009|0.00126725|0.00101454,0.0242308|0.0466207|0.0318488|0.0202101|0.0401254|0.0292034|0.0243089|0.0330077|0.0464353|0.00680938|0.043186|0.00764741|0.0459616|0.0261239,0.0186446|0.0412655|0.014719|0.0443805|0.0200103|0.0180799|0.0318701|0.0324719|0.00814055|0.0417|0.0011028|0.0487049|0.032776|0.0180416,0.952597|0.917952|0.908437|0.957486|0.990327|0.950767|0.949833|0.940557|0.952296|0.977982|0.941223|0.918796|0.962548|0.942571,6.1663|4.47725|5.20069|3.30965|3.296|0.01178|0.273467|2.57923|0.663963|4.36593|4.27287|0.495993|5.30103|5.03831,79.8117|37.015|83.9106|51.9585|67.5745|18.2346|55.6995|11.0615|32.2763|59.8148|55.4093|99.595|65.9961,0.206816|0.210886|0.200225|0.186587|0.237043|0.245477|0.203915|0.223443|0.181751|0.230578|0.248326|0.247994|0.164414,0.332644|0.320755|0.417051|0.544273|0.141763|0.99271|0.192082|0.800147|0.408588|0.245965|0.993536|0.395032|0.843193,0.823926,0.95139,0.0501489,0.117049,0.421933,0.504875,0.0617885,0.490527,0.190703,0.903761,75.0845,2.21625e-10,46823,0.876134,54.7023,1.84253e-11,19749,0.862527,0.834378,0.0578779,0.973354,0.582731,0.492938,0.169781,0.516908,0.130486,0.880588,73.1261,1.75166e-13,58607,0.898519,78.1077,8.52274e-10,81618
7,59,n1->n2->n3->n4->n14->n24->n25->n26->n16->n6->n7->n8->n9->n10,3.00404e+13|3.30326e+11|2.51637e+13|5.19663e+13|6.27509e+09|1.29684e+09|1.74625e+13|2.27804e+13|3.1854e+11|2.5768e+13|6.61732e+12|3.56515e+09|5.76717e+13|1.84599e+12,4.34899e+12|4.87974e+10|1.20723e+13|3.73718e+13|5.15166e+09|2.35993e+08|4.01821e+12|6.51734e+12|2.90528e+11|1.13857e+13|1.34423e+12|2.20969e+09|4.50387e+13|5.88715e+11,2.20593e-05|0.000150149|0.000235236|4.65401e-05|0.000129815|0.00017517|1.90685e-05|1.42553e-05|6.13843e-05|0.00033585|4.39527e-05|0.000765253|0.000204857|6.01787e-05,0.00633895|0.00466227|0.00100075|0.000153837|0.000102845|0.000205887|0.000751332|0.00351282|0.00133185|0.00369855|0.000669129|0.000152009|0.00126725|0.00101454,0.0242308|0.0466207|0.0318488|0.0140069|0.000914227|0.0292034|0.0243089|0.0330077|0.0464353|0.021023|0.043186|0.00764741|0.0459616|0.0261239,0.0186446|0.0412655|0.014719|0.0421418|0.0388816|0.0180799|0.0318701|0.0324719|0.00814055|0.0399306|0.0011028|0.0487049|0.032776|0.0180416,0.952597|0.917952|0.908437|0.962302|0.915384|0.950767|0.949833|0.940557|0.952296|0.989066|0.941223|0.918796|0.962548|0.942571,6.1663|4.47725|5.20069|6.07392|3.76198|0.01178|0.273467|2.57923|0.663963|1.08178|4.27287|0.495993|5.30103|5.03831,79.8117|37.015|10.4739|52.1141|66.6304|18.2346|55.6995|11.0615|50.0569|32.9383|55.4093|99.595|65.9961,0.206816|0.210886|0.174627|0.216325|0.19366|0.245477|0.203915|0.223443|0.160573|0.172139|0.248326|0.247994|0.164414,0.332644|0.320755|0.966142|0.474765|0.634426|0.99271|0.192082|0.800147|0.76956|0.198275|0.993536|0.395032|0.843193,0.823926,0.95139,0.0501489,0.117049,0.421933,0.504875,0.0617885,0.490527,0.190703,0.903761,75.0845,2.21625e-10,46823,0.876134,54.7023,1.84253e-11,19749,0.862527,0.834378,0.0578779,0.973354,0.582731,0.492938,0.169781,0.516908,0.130486,0.880588,73.1261,1.75166e-13,58607,0.898519,78.1077,8.52274e-10,81618
7,60,n1->n2->n12->n22->n23->n24->n14->n15->n5->n6->n7->n8->n9->n10,3.00404e+13|3.30326e+11|1.24762e+09|3.33855e+10|2.96172e+12|1.29684e+09|6.27509e+09|2.54337e+12|5.16898e+10|2.5768e+13|6.61732e+12|3.56515e+09|5.76717e+13|1.84599e+12,4.34899e+12|4.87974e+10|1.86352e+08|5.85316e+09|1.84325e+12|2.35993e+08|5.15166e+09|4.83922e+11|1.84025e+10|1.13857e+13|1.34423e+12|2.20969e+09|4.50387e+13|5.88715e+11,2.20593e-05|0.000150149|0.000450723|0.000542243|0.000180222|0.00017517|0.000129815|0.000137603|0.000380256|0.00033585|4.39527e-05|0.000765253|0.000204857|6.01787e-05,0.00633895|0.00466227|0.00126271|0.000311917|0.00771594|0.000205887|0.000102845|0.000302355|0.000293754|0.00369855|0.000669129|0.000152009|0.00126725|0.00101454,0.0242308|0.0466207|0.0386825|0.0207751|0.0401254|0.0292034|0.000914227|0.0473158|0.0482045|0.021023|0.043186|0.00764741|0.0459616|0.0261239,0.0186446|0.0412655|0.0419088|0.0183961|0.0200103|0.0180799|0.0388816|0.0430085|0.0296199|0.0399306|0.0011028|0.0487049|0.032776|0.0180416,0.952597|0.917952|0.989487|0.985316|0.990327|0.950767|0.915384|0.927364|0.90075|0.989066|0.941223|0.918796|0.962548|0.942571,6.1663|4.47725|0.398509|2.86033|3.296|0.01178|3.76198|3.32264|0.158043|1.08178|4.27287|0.495993|5.30103|5.03831,79.8117|88.6198|13.2112|55.8812|67.5745|66.6304|92.5451|35.0583|37.2729|32.9383|55.4093|99.595|65.9961,0.206816|0.186425|0.192459|0.242937|0.237043|0.19366|0.162606|0.245093|0.182098|0.172139|0.248326|0.247994|0.164414,0.332644|0.549125|0.714952|0.659214|0.141763|0.634426|0.327689|0.442729|0.770624|0.198275|0.993536|0.395032|0.843193,0.823926,0.95139,0.0501489,0.117049,0.421933,0.504875,0.0617885,0.490527,0.190703,0.903761,75.0845,2.21625e-10,46823,0.876134,54.7023,1.84253e-11,19749,0.862527,0.834378,0.0578779,0.973354,0.582731,0.492938,0.169781,0.516908,0.130486,0.880588,73.1261,1.75166e-13,58607,0.898519,78.1077,8.52274e-10,81618
7,61,n1->n2->n3->n13->n14->n4->n5->n6->n7->n8->n9->n19->n20->n10,3.00404e+13|3.30326e+11|2.51637e+13|9.91228e+12|6.27509e+09|5.19663e+13|5.16898e+10|2.5768e+13|6.61732e+12|3.56515e+09|5.76717e+13|3.60508e+09|5.12291e+10|1.84599e+12,4.34899e+12|4.87974e+10|1.20723e+13|5.06921e+12|5.15166e+09|3.73718e+13|1.84025e+10|1.13857e+13|1.34423e+12|2.20969e+09|4.50387e+13|3.20505e+09|1.63614e+10|5.88715e+11,2.20593e-05|0.000150149|0.000235236|2.59449e-05|0.000129815|4.65401e-05|0.000380256|0.00033585|4.39527e-05|0.000765253|0.000204857|1.67639e-05|0.000310364|6.01787e-05,0.00633895|0.00466227|0.00100075|0.00730137|0.000102845|0.000153837|0.000293754|0.00369855|0.000669129|0.000152009|0.00126725|0.000326693|0.0012652|0.00101454,0.0242308|0.0466207|0.0318488|0.0202101|0.000914227|0.0140069|0.0482045|0.021023|0.043186|0.00764741|0.0459616|0.0091317|0.0371796|0.0261239,0.0186446|0.0412655|0.014719|0.0443805|0.0388816|0.0421418|0.0296199|0.0399306|0.0011028|0.0487049|0.032776|0.000373191|0.0330818|0.0180416,0.952597|0.917952|0.908437|0.957486|0.915384|0.962302|0.90075|0.989066|0.941223|0.918796|0.962548|0.929843|0.957813|0.942571,6.1663|4.47725|5.20069|3.30965|3.76198|6.07392|0.158043|1.08178|4.27287|0.495993|5.30103|6.12095|4.08186|5.03831,79.8117|37.015|83.9106|56.34|52.1141|81.7362|37.2729|32.9383|55.4093|99.595|99.0064|10.3361|29.3778,0.206816|0.210886|0.200225|0.230897|0.216325|0.162628|0.182098|0.172139|0.248326|0.247994|0.249757|0.223504|0.230351,0.332644|0.320755|0.417051|0.964918|0.474765|0.858929|0.770624|0.198275|0.993536|0.395032|0.797563|0.865166|0.451282,0.823926,0.95139,0.0501489,0.117049,0.421933,0.504875,0.0617885,0.490527,0.190703,0.903761,75.0845,2.21625e-10,46823,0.876134,54.7023,1.84253e-11,19749,0.862527,0.834378,0.0578779,0.973354,0.582731,0.492938,0.169781,0.516908,0.130486,0.880588,73.1261,1.75166e-13,58607,0.898519,78.1077,8.52274e-10,81618
7,62,n1->n11->n12->n22->n23->n13->n3->n4->n5->n6->n7->n8->n9->n10,3.00404e+13|1.20939e+11|1.24762e+09|3.33855e+10|2.96172e+12|9.91228e+12|2.51637e+13|5.19663e+13|5.16898e+10|2.5768e+13|6.61732e+12|3.56515e+09|5.76717e+13|1.84599e+12,4.34899e+12|1.2827e+10|1.86352e+08|5.85316e+09|1.84325e+12|5.06921e+12|1.20723e+13|3.73718e+13|1.84025e+10|1.13857e+13|1.34423e+12|2.20969e+09|4.50387e+13|5.88715e+11,2.20593e-05|3.68162e-05|0.000450723|0.000542243|0.000180222|2.59449e-05|0.000235236|4.65401e-05|0.000380256|0.00033585|4.39527e-05|0.000765253|0.000204857|6.01787e-05,0.00633895|0.000290726|0.00126271|0.000311917|0.00771594|0.00730137|0.00100075|0.000153837|0.000293754|0.00369855|0.000669129|0.000152009|0.00126725|0.00101454,0.0242308|0.0396791|0.0386825|0.0207751|0.0401254|0.0202101|0.0318488|0.0140069|0.0482045|0.021023|0.043186|0.00764741|0.0459616|0.0261239,0.0186446|0.0224647|0.0419088|0.0183961|0.0200103|0.0443805|0.014719|0.0421418|0.0296199|0.0399306|0.0011028|0.0487049|0.032776|0.0180416,0.952597|0.92663|0.989487|0.985316|0.990327|0.957486|0.908437|0.962302|0.90075|0.989066|0.941223|0.918796|0.962548|0.942571,6.1663|5.09381|0.398509|2.86033|3.296|3.30965|5.20069|6.07392|0.158043|1.08178|4.27287|0.495993|5.30103|5.03831,30.2686|24.4191|13.2112|55.8812|51.9585|83.9106|10.4739|81.7362|37.2729|32.9383|55.4093|99.595|65.9961,0.203801|0.165933|0.192459|0.242937|0.186587|0.200225|0.174627|0.162628|0.182098|0.172139|0.248326|0.247994|0.164414,0.231522|0.813401|0.714952|0.659214|0.544273|0.417051|0.966142|0.858929|0.770624|0.198275|0.993536|0.395032|0.843193,0.823926,0.95139,0.0501489,0.117049,0.421933,0.504875,0.0617885,0.490527,0.190703,0.903761,75.0845,2.21625e-10,46823,0.876134,54.7023,1.84253e-11,19749,0.862527,0.834378,0.0578779,0.973354,0.582731,0.492938,0.169781,0.516908,0.130486,0.880588,73.1261,1.75166e-13,58607,0.898519,78.1077,8.52274e-10,81618
7,63,n1->n2->n12->n22->n23->n24->n14->n15->n16->n6->n7->n8->n9->n10,3.00404e+13|3.30326e+11|1.24762e+09|3.33855e+10|2.96172e+12|1.29684e+09|6.27509e+09|2.54337e+12|3.1854e+11|2.5768e+13|6.61732e+12|3.56515e+09|5.76717e+13|1.84599e+12,4.34899e+12|4.87974e+10|1.86352e+08|5.85316e+09|1.84325e+12|2.35993e+08|5.15166e+09|4.83922e+11|2.90528e+11|1.13857e+13|1.34423e+12|2.20969e+09|4.50387e+13|5.88715e+11,2.20593e-05|0.000150149|0.000450723|0.000542243|0.000180222|0.00017517|0.000129815|0.000137603|6.13843e-05|0.00033585|4.39527e-05|0.000765253|0.000204857|6.01787e-05,0.00633895|0.00466227|0.00126271|0.000311917|0.00771594|0.000205887|0.000102845|0.000302355|0.00133185|0.00369855|0.000669129|0.000152009|0.00126725|0.00101454,0.0242308|0.0466207|0.0386825|0.0207751|0.0401254|0.0292034|0.000914227|0.0473158|0.0464353|0.021023|0.043186|0.00764741|0.0459616|0.0261239,0.0186446|0.0412655|0.0419088|0.0183961|0.0200103|0.0180799|0.0388816|0.0430085|0.00814055|0.0399306|0.0011028|0.0487049|0.032776|0.0180416,0.952597|0.917952|0.989487|0.985316|0.990327|0.950767|0.915384|0.927364|0.952296|0.989066|0.941223|0.918796|0.962548|0.942571,6.1663|4.47725|0.398509|2.86033|3.296|0.01178|3.76198|3.32264|0.663963|1.08178|4.27287|0.495993|5.30103|5.03831,79.8117|88.6198|13.2112|55.8812|67.5745|66.6304|92.5451|56.2706|50.0569|32.9383|55.4093|99.595|65.9961,0.206816|0.186425|0.192459|0.242937|0.237043|0.19366|0.162606|0.202376|0.160573|0.172139|0.248326|0.247994|0.164414,0.332644|0.549125|0.714952|0.659214|0.141763|0.634426|0.327689|0.428028|0.76956|0.198275|0.993536|0.395032|0.843193,0.823926,0.95139,0.0501489,0.117049,0.421933,0.504875,0.0617885,0.490527,0.190703,0.903761,75.0845,2.21625e-10,46823,0.876134,54.7023,1.84253e-11,19749,0.862527,0.834378,0.0578779,0.973354,0.582731,0.492938,0.169781,0.516908,0.130486,0.880588,73.1261,1.75166e-13,58607,0.898519,78.1077,8.52274e-10,81618
7,64,n1->n11->n12->n13->n23->n24->n14->n4->n5->n6->n7->n8->n9->n10,3.00404e+13|1.20939e+11|1.24762e+09|9.91228e+12|2.96172e+12|1.29684e+09|6.27509e+09|5.19663e+13|5.16898e+10|2.5768e+13|6.61732e+12|3.56515e+09|5.76717e+13|1.84599e+12,4.34899e+12|1.2827e+10|1.86352e+08|5.06921e+12|1.84325e+12|2.35993e+08|5.15166e+09|3.73718e+13|1.84025e+10|1.13857e+13|1.34423e+12|2.20969e+09|4.50387e+13|5.88715e+11,2.20593e-05|3.68162e-05|0.000450723|2.59449e-05|0.000180222|0.00017517|0.000129815|4.65401e-05|0.000380256|0.00033585|4.39527e-05|0.000765253|0.000204857|6.01787e-05,0.00633895|0.000290726|0.00126271|0.00730137|0.00771594|0.000205887|0.000102845|0.000153837|0.000293754|0.00369855|0.000669129|0.000152009|0.00126725|0.00101454,0.0242308|0.0396791|0.0386825|0.0202101|0.0401254|0.0292034|0.000914227|0.0140069|0.0482045|0.021023|0.043186|0.00764741|0.0459616|0.0261239,0.0186446|0.0224647|0.0419088|0.0443805|0.0200103|0.0180799|0.0388816|0.0421418|0.0296199|0.0399306|0.0011028|0.0487049|0.032776|0.0180416,0.952597|0.92663|0.989487|0.957486|0.990327|0.950767|0.915384|0.962302|0.90075|0.989066|0.941223|0.918796|0.962548|0.942571,6.1663|5.09381|0.398509|3.30965|3.296|0.01178|3.76198|6.07392|0.158043|1.08178|4.27287|0.495993|5.30103|5.03831,30.2686|24.4191|13.9548|51.9585|67.5745|66.6304|52.1141|81.7362|37.2729|32.9383|55.4093|99.595|65.9961,0.203801|0.165933|0.170437|0.186587|0.237043|0.19366|0.216325|0.162628|0.182098|0.172139|0.248326|0.247994|0.164414,0.231522|0.813401|0.374611|0.544273|0.141763|0.634426|0.474765|0.858929|0.770624|0.198275|0.993536|0.395032|0.843193,0.823926,0.95139,0.0501489,0.117049,0.421933,0.504875,0.0617885,0.490527,0.190703,0.903761,75.0845,2.21625e-10,46823,0.876134,54.7023,1.84253e-11,19749,0.862527,0.834378,0.0578779,0.973354,0.582731,0.492938,0.169781,0.516908,0.130486,0.880588,73.1261,1.75166e-13,58607,0.898519,78.1077,8.52274e-10,81618
7,65,n1->n11->n12->n2->n3->n4->n14->n15->n5->n6->n7->n8->n9->n10,3.00404e+13|1.20939e+11|1.24762e+09|3.30326e+11|2.51637e+13|5.19663e+13|6.27509e+09|2.54337e+12|5.16898e+10|2.5768e+13|6.61732e+12|3.56515e+09|5.76717e+13|1.84599e+12,4.34899e+12|1.2827e+10|1.86352e+08|4.87974e+10|1.20723e+13|3.73718e+13|5.15166e+09|4.83922e+11|1.84025e+10|1.13857e+13|1.34423e+12|2.20969e+09|4.50387e+13|5.88715e+11,2.20593e-05|3.68162e-05|0.000450723|0.000150149|0.000235236|4.65401e-05|0.000129815|0.000137603|0.000380256|0.00033585|4.39527e-05|0.000765253|0.000204857|6.01787e-05,0.00633895|0.000290726|0.00126271|0.00466227|0.00100075|0.000153837|0.000102845|0.000302355|0.000293754|0.00369855|0.000669129|0.000152009|0.00126725|0.00101454,0.0242308|0.0396791|0.0386825|0.0466207|0.0318488|0.0140069|0.000914227|0.0473158|0.0482045|0.021023|0.043186|0.00764741|0.0459616|0.0261239,0.0186446|0.0224647|0.0419088|0.0412655|0.014719|0.0421418|0.0388816|0.0430085|0.0296199|0.0399306|0.0011028|0.0487049|0.032776|0.0180416,0.952597|0.92663|0.989487|0.917952|0.908437|0.962302|0.915384|0.927364|0.90075|0.989066|0.941223|0.918796|0.962548|0.942571,6.1663|5.09381|0.398509|4.47725|5.20069|6.07392|3.76198|3.32264|0.158043|1.08178|4.27287|0.495993|5.30103|5.03831,30.2686|24.4191|88.6198|37.015|10.4739|52.1141|92.5451|35.0583|37.2729|32.9383|55.4093|99.595|65.9961,0.203801|0.165933|0.186425|0.210886|0.174627|0.216325|0.162606|0.245093|0.182098|0.172139|0.248326|0.247994|0.164414,0.231522|0.813401|0.549125|0.320755|0.966142|0.474765|0.327689|0.442729|0.770624|0.198275|0.993536|0.395032|0.843193,0.823926,0.95139,0.0501489,0.117049,0.421933,0.504875,0.0617885,0.490527,0.190703,0.903761,75.0845,2.21625e-10,46823,0.876134,54.7023,1.84253e-11,19749,0.862527,0.834378,0.0578779,0.973354,0.582731,0.492938,0.169781,0.516908,0.130486,0.880588,73.1261,1.75166e-13,58607,0.898519,78.1077,8.52274e-10,81618
7,66,n1->n2->n3->n4->n5->n6->n7->n17->n27->n28->n29->n30->n20->n10,3.00404e+13|3.30326e+11|2.51637e+13|5.19663e+13|5.16898e+10|2.5768e+13|6.61732e+12|1.22319e+12|4.805e+11|2.00194e+10|7.17101e+11|5.19288e+10|5.12291e+10|1.84599e+12,4.34899e+12|4.87974e+10|1.20723e+13|3.73718e+13|1.84025e+10|1.13857e+13|1.34423e+12|2.83908e+11|5.39868e+10|2.90952e+09|3.48e+11|5.81696e+09|1.63614e+10|5.88715e+11,2.20593e-05|0.000150149|0.000235236|4.65401e-05|0.000380256|0.00033585|4.39527e-05|0.000861533|3.96201e-05|2.03718e-05|2.27027e-05|4.02418e-05|0.000310364|6.01787e-05,0.00633895|0.00466227|0.00100075|0.000153837|0.000293754|0.00369855|0.000669129|0.000677358|0.00945776|0.00287426|0.00283907|0.00647396|0.0012652|0.00101454,0.0242308|0.0466207|0.0318488|0.0140069|0.0482045|0.021023|0.043186|0.00680938|0.0331096|0.0321405|0.0468048|0.020557|0.0371796|0.0261239,0.0186446|0.0412655|0.014719|0.0421418|0.0296199|0.0399306|0.0011028|0.0417|0.0209467|0.0034903|0.0300525|0.0432333|0.0330818|0.0180416,0.952597|0.917952|0.908437|0.962302|0.90075|0.989066|0.941223|0.977982|0.921124|0.910929|0.918632|0.948323|0.957813|0.942571,6.1663|4.47725|5.20069|6.07392|0.158043|1.08178|4.27287|4.36593|4.68229|3.98258|4.2697|3.24827|4.08186|5.03831,79.8117|37.015|10.4739|81.7362|37.2729|32.9383|59.8148|72.2829|15.3326|39.0733|83.4704|23.9015|29.3778,0.206816|0.210886|0.174627|0.162628|0.182098|0.172139|0.230578|0.208534|0.223307|0.169124|0.230925|0.202276|0.230351,0.332644|0.320755|0.966142|0.858929|0.770624|0.198275|0.245965|0.91001|0.17421|0.940637|0.431565|0.867602|0.451282,0.823926,0.95139,0.0501489,0.117049,0.421933,0.504875,0.0617885,0.490527,0.190703,0.903761,75.0845,2.21625e-10,46823,0.876134,54.7023,1.84253e-11,19749,0.862527,0.834378,0.0578779,0.973354,0.582731,0.492938,0.169781,0.516908,0.130486,0.880588,73.1261,1.75166e-13,58607,0.898519,78.1077,8.52274e-10,81618
7,67,n1->n11->n12->n22->n23->n24->n25->n26->n16->n17->n18->n8->n9->n10,3.00404e+13|1.20939e+11|1.24762e+09|3.33855e+10|2.96172e+12|1.29684e+09|1.74625e+13|2.27804e+13|3.1854e+11|1.22319e+12|5.54701e+12|3.56515e+09|5.76717e+13|1.84599e+12,4.34899e+12|1.2827e+10|1.86352e+08|5.85316e+09|1.84325e+12|2.35993e+08|4.01821e+12|6.51734e+12|2.90528e+11|2.83908e+11|1.02041e+12|2.20969e+09|4.50387e+13|5.88715e+11,2.20593e-05|3.68162e-05|0.000450723|0.000542243|0.000180222|0.00017517|1.90685e-05|1.42553e-05|6.13843e-05|0.000861533|0.000192357|0.000765253|0.000204857|6.01787e-05,0.00633895|0.000290726|0.00126271|0.000311917|0.00771594|0.000205887|0.000751332|0.00351282|0.00133185|0.000677358|0.000119135|0.000152009|0.00126725|0.00101454,0.0242308|0.0396791|0.0386825|0.0207751|0.0401254|0.0292034|0.0243089|0.0330077|0.0464353|0.00680938|0.00984451|0.00764741|0.0459616|0.0261239,0.0186446|0.0224647|0.0419088|0.0183961|0.0200103|0.0180799|0.0318701|0.0324719|0.00814055|0.0417|0.046614|0.0487049|0.032776|0.0180416,0.952597|0.92663|0.989487|0.985316|0.990327|0.950767|0.949833|0.940557|0.952296|0.977982|0.970227|0.918796|0.962548|0.942571,6.1663|5.09381|0.398509|2.86033|3.296|0.01178|0.273467|2.57923|0.663963|4.36593|1.44936|0.495993|5.30103|5.03831,30.2686|24.4191|13.2112|55.8812|67.5745|18.2346|55.6995|11.0615|32.2763|27.3162|81.3396|99.595|65.9961,0.203801|0.165933|0.192459|0.242937|0.237043|0.245477|0.203915|0.223443|0.181751|0.234286|0.190026|0.247994|0.164414,0.231522|0.813401|0.714952|0.659214|0.141763|0.99271|0.192082|0.800147|0.408588|0.288398|0.718603|0.395032|0.843193,0.823926,0.95139,0.0501489,0.117049,0.421933,0.504875,0.0617885,0.490527,0.190703,0.903761,75.0845,2.21625e-10,46823,0.876134,54.7023,1.84253e-11,19749,0.862527,0.834378,0.0578779,0.973354,0.582731,0.492938,0.169781,0.516908,0.130486,0.880588,73.1261,1.75166e-13,58607,0.898519,78.1077,8.52274e-10,81618
7,68,n1->n2->n12->n13->n3->n4->n5->n15->n16->n6->n7->n8->n9->n10,3.00404e+13|3.30326e+11|1.24762e+09|9.91228e+12|2.51637e+13|5.19663e+13|5.16898e+10|2.54337e+12|3.1854e+11|2.5768e+13|6.61732e+12|3.56515e+09|5.76717e+13|1.84599e+12,4.34899e+12|4.87974e+10|1.86352e+08|5.06921e+12|1.20723e+13|3.73718e+13|1.84025e+10|4.83922e+11|2.90528e+11|1.13857e+13|1.34423e+12|2.20969e+09|4.50387e+13|5.88715e+11,2.20593e-05|0.000150149|0.000450723|2.59449e-05|0.000235236|4.65401e-05|0.000380256|0.000137603|6.13843e-05|0.00033585|4.39527e-05|0.000765253|0.000204857|6.01787e-05,0.00633895|0.00466227|0.00126271|0.00730137|0.00100075|0.000153837|0.000293754|0.000302355|0.00133185|0.00369855|0.000669129|0.000152009|0.00126725|0.00101454,0.0242308|0.0466207|0.0386825|0.0202101|0.0318488|0.0140069|0.0482045|0.0473158|0.0464353|0.021023|0.043186|0.00764741|0.0459616|0.0261239,0.0186446|0.0412655|0.0419088|0.0443805|0.014719|0.0421418|0.0296199|0.0430085|0.00814055|0.0399306|0.0011028|0.0487049|0.032776|0.0180416,0.952597|0.917952|0.989487|0.957486|0.908437|0.962302|0.90075|0.927364|0.952296|0.989066|0.941223|0.918796|0.962548|0.942571,6.1663|4.47725|0.398509|3.30965|5.20069|6.07392|0.158043|3.32264|0.663963|1.08178|4.27287|0.495993|5.30103|5.03831,79.8117|88.6198|13.9548|83.9106|10.4739|81.7362|35.0583|56.2706|50.0569|32.9383|55.4093|99.595|65.9961,0.206816|0.186425|0.170437|0.200225|0.174627|0.162628|0.245093|0.202376|0.160573|0.172139|0.248326|0.247994|0.164414,0.332644|0.549125|0.374611|0.417051|0.966142|0.858929|0.442729|0.428028|0.76956|0.198275|0.993536|0.395032|0.843193,0.823926,0.95139,0.0501489,0.117049,0.421933,0.504875,0.0617885,0.490527,0.190703,0.903761,75.0845,2.21625e-10,46823,0.876134,54.7023,1.84253e-11,19749,0.862527,0.834378,0.0578779,0.973354,0.582731,0.492938,0.169781,0.516908,0.130486,0.880588,73.1261,1.75166e-13,58607,0.898519,78.1077,8.52274e-10,81618
7,69,n1->n2->n3->n4->n14->n24->n25->n26->n27->n28->n18->n19->n9->n10,3.00404e+13|3.30326e+11|2.51637e+13|5.19663e+13|6.27509e+09|1.29684e+09|1.74625e+13|2.27804e+13|4.805e+11|2.00194e+10|5.54701e+12|3.60508e+09|5.76717e+13|1.84599e+12,4.34899e+12|4.87974e+10|1.20723e+13|3.73718e+13|5.15166e+09|2.35993e+08|4.01821e+12|6.51734e+12|5.39868e+10|2.90952e+09|1.02041e+12|3.20505e+09|4.50387e+13|5.88715e+11,2.20593e-05|0.000150149|0.000235236|4.65401e-05|0.000129815|0.00017517|1.90685e-05|1.42553e-05|3.96201e-05|2.03718e-05|0.000192357|1.67639e-05|0.000204857|6.01787e-05,0.00633895|0.00466227|0.00100075|0.000153837|0.000102845|0.000205887|0.000751332|0.00351282|0.00945776|0.00287426|0.000119135|0.000326693|0.00126725|0.00101454,0.0242308|0.0466207|0.0318488|0.0140069|0.000914227|0.0292034|0.0243089|0.0330077|0.0331096|0.0321405|0.00984451|0.0091317|0.0459616|0.0261239,0.0186446|0.0412655|0.014719|0.0421418|0.0388816|0.0180799|0.0318701|0.0324719|0.0209467|0.0034903|0.046614|0.000373191|0.032776|0.0180416,0.952597|0.917952|0.908437|0.962302|0.915384|0.950767|0.949833|0.940557|0.921124|0.910929|0.970227|0.929843|0.962548|0.942571,6.1663|4.47725|5.20069|6.07392|3.76198|0.01178|0.273467|2.57923|4.68229|3.98258|1.44936|6.12095|5.30103|5.03831,79.8117|37.015|10.4739|52.1141|66.6304|18.2346|55.6995|42.5138|15.3326|43.2583|28.0546|99.0064|65.9961,0.206816|0.210886|0.174627|0.216325|0.19366|0.245477|0.203915|0.196406|0.223307|0.248634|0.195276|0.249757|0.164414,0.332644|0.320755|0.966142|0.474765|0.634426|0.99271|0.192082|0.171578|0.17421|0.201747|0.486895|0.797563|0.843193,0.823926,0.95139,0.0501489,0.117049,0.421933,0.504875,0.0617885,0.490527,0.190703,0.903761,75.0845,2.21625e-10,46823,0.876134,54.7023,1.84253e-11,19749,0.862527,0.834378,0.0578779,0.973354,0.582731,0.492938,0.169781,0.516908,0.130486,0.880588,73.1261,1.75166e-13,58607,0.898519,78.1077,8.52274e-10,81618
7,70,n1->n11->n12->n2->n3->n4->n5->n15->n16->n17->n18->n19->n20->n10,3.00404e+13|1.20939e+11|1.24762e+09|3.30326e+11|2.51637e+13|5.19663e+13|5.16898e+10|2.54337e+12|3.1854e+11|1.22319e+12|5.54701e+12|3.60508e+09|5.12291e+10|1.84599e+12,4.34899e+12|1.2827e+10|1.86352e+08|4.87974e+10|1.20723e+13|3.73718e+13|1.84025e+10|4.83922e+11|2.90528e+11|2.83908e+11|1.02041e+12|3.20505e+09|1.63614e+10|5.88715e+11,2.20593e-05|3.68162e-05|0.000450723|0.000150149|0.000235236|4.65401e-05|0.000380256|0.000137603|6.13843e-05|0.000861533|0.000192357|1.67639e-05|0.000310364|6.01787e-05,0.00633895|0.000290726|0.00126271|0.00466227|0.00100075|0.000153837|0.000293754|0.000302355|0.00133185|0.000677358|0.000119135|0.000326693|0.0012652|0.00101454,0.0242308|0.0396791|0.0386825|0.0466207|0.0318488|0.0140069|0.0482045|0.0473158|0.0464353|0.00680938|0.00984451|0.0091317|0.0371796|0.0261239,0.0186446|0.0224647|0.0419088|0.0412655|0.014719|0.0421418|0.0296199|0.0430085|0.00814055|0.0417|0.046614|0.000373191|0.0330818|0.0180416,0.952597|0.92663|0.989487|0.917952|0.908437|0.962302|0.90075|0.927364|0.952296|0.977982|0.970227|0.929843|0.957813|0.942571,6.1663|5.09381|0.398509|4.47725|5.20069|6.07392|0.158043|3.32264|0.663963|4.36593|1.44936|6.12095|4.08186|5.03831,30.2686|24.4191|88.6198|37.015|10.4739|81.7362|35.0583|56.2706|32.2763|27.3162|28.0546|10.3361|29.3778,0.203801|0.165933|0.186425|0.210886|0.174627|0.162628|0.245093|0.202376|0.181751|0.234286|0.195276|0.223504|0.230351,0.231522|0.813401|0.549125|0.320755|0.966142|0.858929|0.442729|0.428028|0.408588|0.288398|0.486895|0.865166|0.451282,0.823926,0.95139,0.0501489,0.117049,0.421933,0.504875,0.0617885,0.490527,0.190703,0.903761,75.0845,2.21625e-10,46823,0.876134,54.7023,1.84253e-11,19749,0.862527,0.834378,0.0578779,0.973354,0.582731,0.492938,0.169781,0.516908,0.130486,0.880588,73.1261,1.75166e-13,58607,0.898519,78.1077,8.52274e-10,81618
7,71,n1->n2->n3->n13->n23->n24->n14->n15->n5->n6->n7->n8->n9->n10,3.00404e+13|3.30326e+11|2.51637e+13|9.91228e+12|2.96172e+12|1.29684e+09|6.27509e+09|2.54337e+12|5.16898e+10|2.5768e+13|6.61732e+12|3.56515e+09|5.76717e+13|1.84599e+12,4.34899e+12|4.87974e+10|1.20723e+13|5.06921e+12|1.84325e+12|2.35993e+08|5.15166e+09|4.83922e+11|1.84025e+10|1.13857e+13|1.34423e+12|2.20969e+09|4.50387e+13|5.88715e+11,2.20593e-05|0.000150149|0.000235236|2.59449e-05|0.000180222|0.00017517|0.000129815|0.000137603|0.000380256|0.00033585|4.39527e-05|0.000765253|0.000204857|6.01787e-05,0.00633895|0.00466227|0.00100075|0.00730137|0.00771594|0.000205887|0.000102845|0.000302355|0.000293754|0.00369855|0.000669129|0.000152009|0.00126725|0.00101454,0.0242308|0.0466207|0.0318488|0.0202101|0.0401254|0.0292034|0.000914227|0.0473158|0.0482045|0.021023|0.043186|0.00764741|0.0459616|0.0261239,0.0186446|0.0412655|0.014719|0.0443805|0.0200103|0.0180799|0.0388816|0.0430085|0.0296199|0.0399306|0.0011028|0.0487049|0.032776|0.0180416,0.952597|0.917952|0.908437|0.957486|0.990327|0.950767|0.915384|0.927364|0.90075|0.989066|0.941223|0.918796|0.962548|0.942571,6.1663|4.47725|5.20069|3.30965|3.296|0.01178|3.76198|3.32264|0.158043|1.08178|4.27287|0.495993|5.30103|5.03831,79.8117|37.015|83.9106|51.9585|67.5745|66.6304|92.5451|35.0583|37.2729|32.9383|55.4093|99.595|65.9961,0.206816|0.210886|0.200225|0.186587|0.237043|0.19366|0.162606|0.245093|0.182098|0.172139|0.248326|0.247994|0.164414,0.332644|0.320755|0.417051|0.544273|0.141763|0.634426|0.327689|0.442729|0.770624|0.198275|0.993536|0.395032|0.843193,0.823926,0.95139,0.0501489,0.117049,0.421933,0.504875,0.0617885,0.490527,0.190703,0.903761,75.0845,2.21625e-10,46823,0.876134,54.7023,1.84253e-11,19749,0.862527,0.834378,0.0578779,0.973354,0.582731,0.492938,0.169781,0.516908,0.130486,0.880588,73.1261,1.75166e-13,58607,0.898519,78.1077,8.52274e-10,81618
7,72,n1->n2->n3->n4->n5->n15->n25->n26->n27->n17->n18->n19->n9->n10,3.00404e+13|3.30326e+11|2.51637e+13|5.19663e+13|5.16898e+10|2.54337e+12|1.74625e+13|2.27804e+13|4.805e+11|1.22319e+12|5.54701e+12|3.60508e+09|5.76717e+13|1.84599e+12,4.34899e+12|4.87974e+10|1.20723e+13|3.73718e+13|1.84025e+10|4.83922e+11|4.01821e+12|6.51734e+12|5.39868e+10|2.83908e+11|1.02041e+12|3.20505e+09|4.50387e+13|5.88715e+11,2.20593e-05|0.000150149|0.000235236|4.65401e-05|0.000380256|0.000137603|1.90685e-05|1.42553e-05|3.96201e-05|0.000861533|0.000192357|1.67639e-05|0.000204857|6.01787e-05,0.00633895|0.00466227|0.00100075|0.000153837|0.000293754|0.000302355|0.000751332|0.00351282|0.00945776|0.000677358|0.000119135|0.000326693|0.00126725|0.00101454,0.0242308|0.0466207|0.0318488|0.0140069|0.0482045|0.0473158|0.0243089|0.0330077|0.0331096|0.00680938|0.00984451|0.0091317|0.0459616|0.0261239,0.0186446|0.0412655|0.014719|0.0421418|0.0296199|0.0430085|0.0318701|0.0324719|0.0209467|0.0417|0.046614|0.000373191|0.032776|0.0180416,0.952597|0.917952|0.908437|0.962302|0.90075|0.927364|0.949833|0.940557|0.921124|0.977982|0.970227|0.929843|0.962548|0.942571,6.1663|4.47725|5.20069|6.07392|0.158043|3.32264|0.273467|2.57923|4.68229|4.36593|1.44936|6.12095|5.30103|5.03831,79.8117|37.015|10.4739|81.7362|35.0583|54.7186|55.6995|42.5138|72.2829|27.3162|28.0546|99.0064|65.9961,0.206816|0.210886|0.174627|0.162628|0.245093|0.216167|0.203915|0.196406|0.208534|0.234286|0.195276|0.249757|0.164414,0.332644|0.320755|0.966142|0.858929|0.442729|0.845754|0.192082|0.171578|0.91001|0.288398|0.486895|0.797563|0.843193,0.823926,0.95139,0.0501489,0.117049,0.421933,0.504875,0.0617885,0.490527,0.190703,0.903761,75.0845,2.21625e-10,46823,0.876134,54.7023,1.84253e-11,19749,0.862527,0.834378,0.0578779,0.973354,0.582731,0.492938,0.169781,0.516908,0.130486,0.880588,73.1261,1.75166e-13,58607,0.898519,78.1077,8.52274e-10,81618
7,73,n1->n2->n3->n13->n23->n24->n25->n26->n27->n17->n18->n8->n9->n10,3.00404e+13|3.30326e+11|2.51637e+13|9.91228e+12|2.96172e+12|1.29684e+09|1.74625e+13|2.27804e+13|4.805e+11|1.22319e+12|5.54701e+12|3.56515e+09|5.76717e+13|1.84599e+12,4.34899e+12|4.87974e+10|1.20723e+13|5.06921e+12|1.84325e+12|2.35993e+08|4.01821e+12|6.51734e+12|5.39868e+10|2.83908e+11|1.02041e+12|2.20969e+09|4.50387e+13|5.88715e+11,2.20593e-05|0.000150149|0.000235236|2.59449e-05|0.000180222|0.00017517|1.90685e-05|1.42553e-05|3.96201e-05|0.000861533|0.000192357|0.000765253|0.000204857|6.01787e-05,0.00633895|0.00466227|0.00100075|0.00730137|0.00771594|0.000205887|0.000751332|0.00351282|0.00945776|0.000677358|0.000119135|0.000152009|0.00126725|0.00101454,0.0242308|0.0466207|0.0318488|0.0202101|0.0401254|0.0292034|0.0243089|0.0330077|0.0331096|0.00680938|0.00984451|0.00764741|0.0459616|0.0261239,0.0186446|0.0412655|0.014719|0.0443805|0.0200103|0.0180799|0.0318701|0.0324719|0.0209467|0.0417|0.046614|0.0487049|0.032776|0.0180416,0.952597|0.917952|0.908437|0.957486|0.990327|0.950767|0.949833|0.940557|0.921124|0.977982|0.970227|0.918796|0.962548|0.942571,6.1663|4.47725|5.20069|3.30965|3.296|0.01178|0.273467|2.57923|4.68229|4.36593|1.44936|0.495993|5.30103|5.03831,79.8117|37.015|83.9106|51.9585|67.5745|18.2346|55.6995|42.5138|72.2829|27.3162|81.3396|99.595|65.9961,0.206816|0.210886|0.200225|0.186587|0.237043|0.245477|0.203915|0.196406|0.208534|0.234286|0.190026|0.247994|0.164414,0.332644|0.320755|0.417051|0.544273|0.141763|0.99271|0.192082|0.171578|0.91001|0.288398|0.718603|0.395032|0.843193,0.823926,0.95139,0.0501489,0.117049,0.421933,0.504875,0.0617885,0.490527,0.190703,0.903761,75.0845,2.21625e-10,46823,0.876134,54.7023,1.84253e-11,19749,0.862527,0.834378,0.0578779,0.973354,0.582731,0.492938,0.169781,0.516908,0.130486,0.880588,73.1261,1.75166e-13,58607,0.898519,78.1077,8.52274e-10,81618
7,74,n1->n11->n21->n22->n23->n13->n14->n15->n16->n17->n7->n8->n9->n10,3.00404e+13|1.20939e+11|9.90425e+12|3.33855e+10|2.96172e+12|9.91228e+12|6.27509e+09|2.54337e+12|3.1854e+11|1.22319e+12|6.61732e+12|3.56515e+09|5.76717e+13|1.84599e+12,4.34899e+12|1.2827e+10|5.08175e+12|5.85316e+09|1.84325e+12|5.06921e+12|5.15166e+09|4.83922e+11|2.90528e+11|2.83908e+11|1.34423e+12|2.20969e+09|4.50387e+13|5.88715e+11,2.20593e-05|3.68162e-05|0.00038331|0.000542243|0.000180222|2.59449e-05|0.000129815|0.000137603|6.13843e-05|0.000861533|4.39527e-05|0.000765253|0.000204857|6.01787e-05,0.00633895|0.000290726|0.000195522|0.000311917|0.00771594|0.00730137|0.000102845|0.000302355|0.00133185|0.000677358|0.000669129|0.000152009|0.00126725|0.00101454,0.0242308|0.0396791|0.0338837|0.0207751|0.0401254|0.0202101|0.000914227|0.0473158|0.0464353|0.00680938|0.043186|0.00764741|0.0459616|0.0261239,0.0186446|0.0224647|0.0368511|0.0183961|0.0200103|0.0443805|0.0388816|0.0430085|0.00814055|0.0417|0.0011028|0.0487049|0.032776|0.0180416,0.952597|0.92663|0.928497|0.985316|0.990327|0.957486|0.915384|0.927364|0.952296|0.977982|0.941223|0.918796|0.962548|0.942571,6.1663|5.09381|5.49513|2.86033|3.296|3.30965|3.76198|3.32264|0.663963|4.36593|4.27287|0.495993|5.30103|5.03831,30.2686|65.1286|34.0839|55.8812|51.9585|56.34|92.5451|56.2706|32.2763|59.8148|55.4093|99.595|65.9961,0.203801|0.213744|0.241671|0.242937|0.186587|0.230897|0.162606|0.202376|0.181751|0.230578|0.248326|0.247994|0.164414,0.231522|0.918405|0.885236|0.659214|0.544273|0.964918|0.327689|0.428028|0.408588|0.245965|0.993536|0.395032|0.843193,0.823926,0.95139,0.0501489,0.117049,0.421933,0.504875,0.0617885,0.490527,0.190703,0.903761,75.0845,2.21625e-10,46823,0.876134,54.7023,1.84253e-11,19749,0.862527,0.834378,0.0578779,0.973354,0.582731,0.492938,0.169781,0.516908,0.130486,0.880588,73.1261,1.75166e-13,58607,0.898519,78.1077,8.52274e-10,81618
7,75,n1->n2->n3->n13->n14->n15->n5->n6->n7->n17->n18->n8->n9->n10,3.00404e+13|3.30326e+11|2.51637e+13|9.91228e+12|6.27509e+09|2.54337e+12|5.16898e+10|2.5768e+13|6.61732e+12|1.22319e+12|5.54701e+12|3.56515e+09|5.76717e+13|1.84599e+12,4.34899e+12|4.87974e+10|1.20723e+13|5.06921e+12|5.15166e+09|4.83922e+11|1.84025e+10|1.13857e+13|1.34423e+12|2.83908e+11|1.02041e+12|2.20969e+09|4.50387e+13|5.88715e+11,2.20593e-05|0.000150149|0.000235236|2.59449e-05|0.000129815|0.000137603|0.000380256|0.00033585|4.39527e-05|0.000861533|0.000192357|0.000765253|0.000204857|6.01787e-05,0.00633895|0.00466227|0.00100075|0.00730137|0.000102845|0.000302355|0.000293754|0.00369855|0.000669129|0.000677358|0.000119135|0.000152009|0.00126725|0.00101454,0.0242308|0.0466207|0.0318488|0.0202101|0.000914227|0.0473158|0.0482045|0.021023|0.043186|0.00680938|0.00984451|0.00764741|0.0459616|0.0261239,0.0186446|0.0412655|0.014719|0.0443805|0.0388816|0.0430085|0.0296199|0.0399306|0.0011028|0.0417|0.046614|0.0487049|0.032776|0.0180416,0.952597|0.917952|0.908437|0.957486|0.915384|0.927364|0.90075|0.989066|0.941223|0.977982|0.970227|0.918796|0.962548|0.942571,6.1663|4.47725|5.20069|3.30965|3.76198|3.32264|0.158043|1.08178|4.27287|4.36593|1.44936|0.495993|5.30103|5.03831,79.8117|37.015|83.9106|56.34|92.5451|35.0583|37.2729|32.9383|59.8148|27.3162|81.3396|99.595|65.9961,0.206816|0.210886|0.200225|0.230897|0.162606|0.245093|0.182098|0.172139|0.230578|0.234286|0.190026|0.247994|0.164414,0.332644|0.320755|0.417051|0.964918|0.327689|0.442729|0.770624|0.198275|0.245965|0.288398|0.718603|0.395032|0.843193,0.823926,0.95139,0.0501489,0.117049,0.421933,0.504875,0.0617885,0.490527,0.190703,0.903761,75.0845,2.21625e-10,46823,0.876134,54.7023,1.84253e-11,19749,0.862527,0.834378,0.0578779,0.973354,0.582731,0.492938,0.169781,0.516908,0.130486,0.880588,73.1261,1.75166e-13,58607,0.898519,78.1077,8.52274e-10,81618
7,76,n1->n2->n12->n22->n23->n13->n3->n4->n5->n6->n7->n8->n9->n10,3.00404e+13|3.30326e+11|1.24762e+09|3.33855e+10|2.96172e+12|9.91228e+12|2.51637e+13|5.19663e+13|5.16898e+10|2.5768e+13|6.61732e+12|3.56515e+09|5.76717e+13|1.84599e+12,4.34899e+12|4.87974e+10|1.86352e+08|5.85316e+09|1.84325e+12|5.06921e+12|1.20723e+13|3.73718e+13|1.84025e+10|1.13857e+13|1.34423e+12|2.20969e+09|4.50387e+13|5.88715e+11,2.20593e-05|0.000150149|0.000450723|0.000542243|0.000180222|2.59449e-05|0.000235236|4.65401e-05|0.000380256|0.00033585|4.39527e-05|0.000765253|0.000204857|6.01787e-05,0.00633895|0.00466227|0.00126271|0.000311917|0.00771594|0.00730137|0.00100075|0.000153837|0.000293754|0.00369855|0.000669129|0.000152009|0.00126725|0.00101454,0.0242308|0.0466207|0.0386825|0.0207751|0.0401254|0.0202101|0.0318488|0.0140069|0.0482045|0.021023|0.043186|0.00764741|0.0459616|0.0261239,0.0186446|0.0412655|0.0419088|0.0183961|0.0200103|0.0443805|0.014719|0.0421418|0.0296199|0.0399306|0.0011028|0.0487049|0.032776|0.0180416,0.952597|0.917952|0.989487|0.985316|0.990327|0.957486|0.908437|0.962302|0.90075|0.989066|0.941223|0.918796|0.962548|0.942571,6.1663|4.47725|0.398509|2.86033|3.296|3.30965|5.20069|6.07392|0.158043|1.08178|4.27287|0.495993|5.30103|5.03831,79.8117|88.6198|13.2112|55.8812|51.9585|83.9106|10.4739|81.7362|37.2729|32.9383|55.4093|99.595|65.9961,0.206816|0.186425|0.192459|0.242937|0.186587|0.200225|0.174627|0.162628|0.182098|0.172139|0.248326|0.247994|0.164414,0.332644|0.549125|0.714952|0.659214|0.544273|0.417051|0.966142|0.858929|0.770624|0.198275|0.993536|0.395032|0.843193,0.823926,0.95139,0.0501489,0.117049,0.421933,0.504875,0.0617885,0.490527,0.190703,0.903761,75.0845,2.21625e-10,46823,0.876134,54.7023,1.84253e-11,19749,0.862527,0.834378,0.0578779,0.973354,0.582731,0.492938,0.169781,0.516908,0.130486,0.880588,73.1261,1.75166e-13,58607,0.898519,78.1077,8.52274e-10,81618
7,77,n1->n2->n3->n13->n23->n24->n14->n4->n5->n6->n7->n8->n9->n10,3.00404e+13|3.30326e+11|2.51637e+13|9.91228e+12|2.96172e+12|1.29684e+09|6.27509e+09|5.19663e+13|5.16898e+10|2.5768e+13|6.61732e+12|3.56515e+09|5.76717e+13|1.84599e+12,4.34899e+12|4.87974e+10|1.20723e+13|5.06921e+12|1.84325e+12|2.35993e+08|5.15166e+09|3.73718e+13|1.84025e+10|1.13857e+13|1.34423e+12|2.20969e+09|4.50387e+13|5.88715e+11,2.20593e-05|0.000150149|0.000235236|2.59449e-05|0.000180222|0.00017517|0.000129815|4.65401e-05|0.000380256|0.00033585|4.39527e-05|0.000765253|0.000204857|6.01787e-05,0.00633895|0.00466227|0.00100075|0.00730137|0.00771594|0.000205887|0.000102845|0.000153837|0.000293754|0.00369855|0.000669129|0.000152009|0.00126725|0.00101454,0.0242308|0.0466207|0.0318488|0.0202101|0.0401254|0.0292034|0.000914227|0.0140069|0.0482045|0.021023|0.043186|0.00764741|0.0459616|0.0261239,0.0186446|0.0412655|0.014719|0.0443805|0.0200103|0.0180799|0.0388816|0.0421418|0.0296199|0.0399306|0.0011028|0.0487049|0.032776|0.0180416,0.952597|0.917952|0.908437|0.957486|0.990327|0.950767|0.915384|0.962302|0.90075|0.989066|0.941223|0.918796|0.962548|0.942571,6.1663|4.47725|5.20069|3.30965|3.296|0.01178|3.76198|6.07392|0.158043|1.08178|4.27287|0.495993|5.30103|5.03831,79.8117|37.015|83.9106|51.9585|67.5745|66.6304|52.1141|81.7362|37.2729|32.9383|55.4093|99.595|65.9961,0.206816|0.210886|0.200225|0.186587|0.237043|0.19366|0.216325|0.162628|0.182098|0.172139|0.248326|0.247994|0.164414,0.332644|0.320755|0.417051|0.544273|0.141763|0.634426|0.474765|0.858929|0.770624|0.198275|0.993536|0.395032|0.843193,0.823926,0.95139,0.0501489,0.117049,0.421933,0.504875,0.0617885,0.490527,0.190703,0.903761,75.0845,2.21625e-10,46823,0.876134,54.7023,1.84253e-11,19749,0.862527,0.834378,0.0578779,0.973354,0.582731,0.492938,0.169781,0.516908,0.130486,0.880588,73.1261,1.75166e-13,58607,0.898519,78.1077,8.52274e-10,81618
7,78,n1->n2->n12->n13->n14->n24->n25->n26->n27->n17->n18->n19->n9->n10,3.00404e+13|3.30326e+11|1.24762e+09|9.91228e+12|6.27509e+09|1.29684e+09|1.74625e+13|2.27804e+13|4.805e+11|1.22319e+12|5.54701e+12|3.60508e+09|5.76717e+13|1.84599e+12,4.34899e+12|4.87974e+10|1.86352e+08|5.06921e+12|5.15166e+09|2.35993e+08|4.01821e+12|6.51734e+12|5.39868e+10|2.83908e+11|1.02041e+12|3.20505e+09|4.50387e+13|5.88715e+11,2.20593e-05|0.000150149|0.000450723|2.59449e-05|0.000129815|0.00017517|1.90685e-05|1.42553e-05|3.96201e-05|0.000861533|0.000192357|1.67639e-05|0.000204857|6.01787e-05,0.00633895|0.00466227|0.00126271|0.00730137|0.000102845|0.000205887|0.000751332|0.00351282|0.00945776|0.000677358|0.000119135|0.000326693|0.00126725|0.00101454,0.0242308|0.0466207|0.0386825|0.0202101|0.000914227|0.0292034|0.0243089|0.0330077|0.0331096|0.00680938|0.00984451|0.0091317|0.0459616|0.0261239,0.0186446|0.0412655|0.0419088|0.0443805|0.0388816|0.0180799|0.0318701|0.0324719|0.0209467|0.0417|0.046614|0.000373191|0.032776|0.0180416,0.952597|0.917952|0.989487|0.957486|0.915384|0.950767|0.949833|0.940557|0.921124|0.977982|0.970227|0.929843|0.962548|0.942571,6.1663|4.47725|0.398509|3.30965|3.76198|0.01178|0.273467|2.57923|4.68229|4.36593|1.44936|6.12095|5.30103|5.03831,79.8117|88.6198|13.9548|56.34|66.6304|18.2346|55.6995|42.5138|72.2829|27.3162|28.0546|99.0064|65.9961,0.206816|0.186425|0.170437|0.230897|0.19366|0.245477|0.203915|0.196406|0.208534|0.234286|0.195276|0.249757|0.164414,0.332644|0.549125|0.374611|0.964918|0.634426|0.99271|0.192082|0.171578|0.91001|0.288398|0.486895|0.797563|0.843193,0.823926,0.95139,0.0501489,0.117049,0.421933,0.504875,0.0617885,0.490527,0.190703,0.903761,75.0845,2.21625e-10,46823,0.876134,54.7023,1.84253e-11,19749,0.862527,0.834378,0.0578779,0.973354,0.582731,0.492938,0.169781,0.516908,0.130486,0.880588,73.1261,1.75166e-13,58607,0.898519,78.1077,8.52274e-10,81618
7,79,n1->n2->n12->n22->n23->n13->n14->n15->n16->n6->n7->n8->n9->n10,3.00404e+13|3.30326e+11|1.24762e+09|3.33855e+10|2.96172e+12|9.91228e+12|6.27509e+09|2.54337e+12|3.1854e+11|2.5768e+13|6.61732e+12|3.56515e+09|5.76717e+13|1.84599e+12,4.34899e+12|4.87974e+10|1.86352e+08|5.85316e+09|1.84325e+12|5.06921e+12|5.15166e+09|4.83922e+11|2.90528e+11|1.13857e+13|1.34423e+12|2.20969e+09|4.50387e+13|5.88715e+11,2.20593e-05|0.000150149|0.000450723|0.000542243|0.000180222|2.59449e-05|0.000129815|0.000137603|6.13843e-05|0.00033585|4.39527e-05|0.000765253|0.000204857|6.01787e-05,0.00633895|0.00466227|0.00126271|0.000311917|0.00771594|0.00730137|0.000102845|0.000302355|0.00133185|0.00369855|0.000669129|0.000152009|0.00126725|0.00101454,0.0242308|0.0466207|0.0386825|0.0207751|0.0401254|0.0202101|0.000914227|0.0473158|0.0464353|0.021023|0.043186|0.00764741|0.0459616|0.0261239,0.0186446|0.0412655|0.0419088|0.0183961|0.0200103|0.0443805|0.0388816|0.0430085|0.00814055|0.0399306|0.0011028|0.0487049|0.032776|0.0180416,0.952597|0.917952|0.989487|0.985316|0.990327|0.957486|0.915384|0.927364|0.952296|0.989066|0.941223|0.918796|0.962548|0.942571,6.1663|4.47725|0.398509|2.86033|3.296|3.30965|3.76198|3.32264|0.663963|1.08178|4.27287|0.495993|5.30103|5.03831,79.8117|88.6198|13.2112|55.8812|51.9585|56.34|92.5451|56.2706|50.0569|32.9383|55.4093|99.595|65.9961,0.206816|0.186425|0.192459|0.242937|0.186587|0.230897|0.162606|0.202376|0.160573|0.172139|0.248326|0.247994|0.164414,0.332644|0.549125|0.714952|0.659214|0.544273|0.964918|0.327689|0.428028|0.76956|0.198275|0.993536|0.395032|0.843193,0.823926,0.95139,0.0501489,0.117049,0.421933,0.504875,0.0617885,0.490527,0.190703,0.903761,75.0845,2.21625e-10,46823,0.876134,54.7023,1.84253e-11,19749,0.862527,0.834378,0.0578779,0.973354,0.582731,0.492938,0.169781,0.516908,0.130486,0.880588,73.1261,1.75166e-13,58607,0.898519,78.1077,8.52274e-10,81618
7,80,n1->n11->n21->n22->n12->n13->n14->n15->n16->n17->n18->n19->n20->n10,3.00404e+13|1.20939e+11|9.90425e+12|3.33855e+10|1.24762e+09|9.91228e+12|6.27509e+09|2.54337e+12|3.1854e+11|1.22319e+12|5.54701e+12|3.60508e+09|5.12291e+10|1.84599e+12,4.34899e+12|1.2827e+10|5.08175e+12|5.85316e+09|1.86352e+08|5.06921e+12|5.15166e+09|4.83922e+11|2.90528e+11|2.83908e+11|1.02041e+12|3.20505e+09|1.63614e+10|5.88715e+11,2.20593e-05|3.68162e-05|0.00038331|0.000542243|0.000450723|2.59449e-05|0.000129815|0.000137603|6.13843e-05|0.000861533|0.000192357|1.67639e-05|0.000310364|6.01787e-05,0.00633895|0.000290726|0.000195522|0.000311917|0.00126271|0.00730137|0.000102845|0.000302355|0.00133185|0.000677358|0.000119135|0.000326693|0.0012652|0.00101454,0.0242308|0.0396791|0.0338837|0.0207751|0.0386825|0.0202101|0.000914227|0.0473158|0.0464353|0.00680938|0.00984451|0.0091317|0.0371796|0.0261239,0.0186446|0.0224647|0.0368511|0.0183961|0.0419088|0.0443805|0.0388816|0.0430085|0.00814055|0.0417|0.046614|0.000373191|0.0330818|0.0180416,0.952597|0.92663|0.928497|0.985316|0.989487|0.957486|0.915384|0.927364|0.952296|0.977982|0.970227|0.929843|0.957813|0.942571,6.1663|5.09381|5.49513|2.86033|0.398509|3.30965|3.76198|3.32264|0.663963|4.36593|1.44936|6.12095|4.08186|5.03831,30.2686|65.1286|34.0839|13.2112|13.9548|56.34|92.5451|56.2706|32.2763|27.3162|28.0546|10.3361|29.3778,0.203801|0.213744|0.241671|0.192459|0.170437|0.230897|0.162606|0.202376|0.181751|0.234286|0.195276|0.223504|0.230351,0.231522|0.918405|0.885236|0.714952|0.374611|0.964918|0.327689|0.428028|0.408588|0.288398|0.486895|0.865166|0.451282,0.823926,0.95139,0.0501489,0.117049,0.421933,0.504875,0.0617885,0.490527,0.190703,0.903761,75.0845,2.21625e-10,46823,0.876134,54.7023,1.84253e-11,19749,0.862527,0.834378,0.0578779,0.973354,0.582731,0.492938,0.169781,0.516908,0.130486,0.880588,73.1261,1.75166e-13,58607,0.898519,78.1077,8.52274e-10,81618
7,81,n1->n2->n3->n4->n14->n13->n23->n24->n25->n15->n5->n6->n7->n8->n9->n10,3.00404e+13|3.30326e+11|2.51637e+13|5.19663e+13|6.27509e+09|9.91228e+12|2.96172e+12|1.29684e+09|1.74625e+13|2.54337e+12|5.16898e+10|2.5768e+13|6.61732e+12|3.56515e+09|5.76717e+13|1.84599e+12,4.34899e+12|4.87974e+10|1.20723e+13|3.73718e+13|5.15166e+09|5.06921e+12|1.84325e+12|2.35993e+08|4.01821e+12|4.83922e+11|1.84025e+10|1.13857e+13|1.34423e+12|2.20969e+09|4.50387e+13|5.88715e+11,2.20593e-05|0.000150149|0.000235236|4.65401e-05|0.000129815|2.59449e-05|0.000180222|0.00017517|1.90685e-05|0.000137603|0.000380256|0.00033585|4.39527e-05|0.000765253|0.000204857|6.01787e-05,0.00633895|0.00466227|0.00100075|0.000153837|0.000102845|0.00730137|0.00771594|0.000205887|0.000751332|0.000302355|0.000293754|0.00369855|0.000669129|0.000152009|0.00126725|0.00101454,0.0242308|0.0466207|0.0318488|0.0140069|0.000914227|0.0202101|0.0401254|0.0292034|0.0243089|0.0473158|0.0482045|0.021023|0.043186|0.00764741|0.0459616|0.0261239,0.0186446|0.0412655|0.014719|0.0421418|0.0388816|0.0443805|0.0200103|0.0180799|0.0318701|0.0430085|0.0296199|0.0399306|0.0011028|0.0487049|0.032776|0.0180416,0.952597|0.917952|0.908437|0.962302|0.915384|0.957486|0.990327|0.950767|0.949833|0.927364|0.90075|0.989066|0.941223|0.918796|0.962548|0.942571,6.1663|4.47725|5.20069|6.07392|3.76198|3.30965|3.296|0.01178|0.273467|3.32264|0.158043|1.08178|4.27287|0.495993|5.30103|5.03831,79.8117|37.015|10.4739|52.1141|56.34|51.9585|67.5745|18.2346|54.7186|35.0583|37.2729|32.9383|55.4093|99.595|65.9961,0.206816|0.210886|0.174627|0.216325|0.230897|0.186587|0.237043|0.245477|0.216167|0.245093|0.182098|0.172139|0.248326|0.247994|0.164414,0.332644|0.320755|0.966142|0.474765|0.964918|0.544273|0.141763|0.99271|0.845754|0.442729|0.770624|0.198275|0.993536|0.395032|0.843193,0.823926,0.95139,0.0501489,0.117049,0.421933,0.504875,0.0617885,0.490527,0.190703,0.903761,75.0845,2.21625e-10,46823,0.876134,54.7023,1.84253e-11,19749,0.862527,0.834378,0.0578779,0.973354,0.582731,0.492938,0.169781,0.516908,0.130486,0.880588,73.1261,1.75166e-13,58607,0.898519,78.1077,8.52274e-10,81618
7,82,n1->n2->n12->n22->n32->n33->n34->n24->n25->n15->n5->n6->n7->n8->n9->n10,3.00404e+13|3.30326e+11|1.24762e+09|3.33855e+10|2.648e+10|2.00146e+11|8.58911e+09|1.29684e+09|1.74625e+13|2.54337e+12|5.16898e+10|2.5768e+13|6.61732e+12|3.56515e+09|5.76717e+13|1.84599e+12,4.34899e+12|4.87974e+10|1.86352e+08|5.85316e+09|2.58541e+10|8.83508e+10|2.66028e+09|2.35993e+08|4.01821e+12|4.83922e+11|1.84025e+10|1.13857e+13|1.34423e+12|2.20969e+09|4.50387e+13|5.88715e+11,2.20593e-05|0.000150149|0.000450723|0.000542243|1.30256e-05|4.41209e-05|0.00013417|0.00017517|1.90685e-05|0.000137603|0.000380256|0.00033585|4.39527e-05|0.000765253|0.000204857|6.01787e-05,0.00633895|0.00466227|0.00126271|0.000311917|0.000435298|0.00789851|0.000710075|0.000205887|0.000751332|0.000302355|0.000293754|0.00369855|0.000669129|0.000152009|0.00126725|0.00101454,0.0242308|0.0466207|0.0386825|0.0207751|0.0160711|0.0489836|0.0136277|0.0292034|0.0243089|0.0473158|0.0482045|0.021023|0.043186|0.00764741|0.0459616|0.0261239,0.0186446|0.0412655|0.0419088|0.0183961|0.0189693|0.00598368|0.0139311|0.0180799|0.0318701|0.0430085|0.0296199|0.0399306|0.0011028|0.0487049|0.032776|0.0180416,0.952597|0.917952|0.989487|0.985316|0.965054|0.932663|0.994252|0.950767|0.949833|0.927364|0.90075|0.989066|0.941223|0.918796|0.962548|0.942571,6.1663|4.47725|0.398509|2.86033|1.55662|1.30673|5.80364|0.01178|0.273467|3.32264|0.158043|1.08178|4.27287|0.495993|5.30103|5.03831,79.8117|88.6198|13.2112|86.2435|67.4197|23.5709|58.7029|18.2346|54.7186|35.0583|37.2729|32.9383|55.4093|99.595|65.9961,0.206816|0.186425|0.192459|0.214079|0.180414|0.175455|0.202876|0.245477|0.216167|0.245093|0.182098|0.172139|0.248326|0.247994|0.164414,0.332644|0.549125|0.714952|0.140505|0.604192|0.947109|0.259687|0.99271|0.845754|0.442729|0.770624|0.198275|0.993536|0.395032|0.843193,0.823926,0.95139,0.0501489,0.117049,0.421933,0.504875,0.0617885,0.490527,0.190703,0.903761,75.0845,2.21625e-10,46823,0.876134,54.7023,1.84253e-11,19749,0.862527,0.834378,0.0578779,0.973354,0.582731,0.492938,0.169781,0.516908,0.130486,0.880588,73.1261,1.75166e-13,58607,0.898519,78.1077,8.52274e-10,81618
7,83,n1->n11->n21->n22->n32->n33->n23->n24->n25->n26->n27->n28->n18->n19->n9->n10,3.00404e+13|1.20939e+11|9.90425e+12|3.33855e+10|2.648e+10|2.00146e+11|2.96172e+12|1.29684e+09|1.74625e+13|2.27804e+13|4.805e+11|2.00194e+10|5.54701e+12|3.60508e+09|5.76717e+13|1.84599e+12,4.34899e+12|1.2827e+10|5.08175e+12|5.85316e+09|2.58541e+10|8.83508e+10|1.84325e+12|2.35993e+08|4.01821e+12|6.51734e+12|5.39868e+10|2.90952e+09|1.02041e+12|3.20505e+09|4.50387e+13|5.88715e+11,2.20593e-05|3.68162e-05|0.00038331|0.000542243|1.30256e-05|4.41209e-05|0.000180222|0.00017517|1.90685e-05|1.42553e-05|3.96201e-05|2.03718e-05|0.000192357|1.67639e-05|0.000204857|6.01787e-05,0.00633895|0.000290726|0.000195522|0.000311917|0.000435298|0.00789851|0.00771594|0.000205887|0.000751332|0.00351282|0.00945776|0.00287426|0.000119135|0.000326693|0.00126725|0.00101454,0.0242308|0.0396791|0.0338837|0.0207751|0.0160711|0.0489836|0.0401254|0.0292034|0.0243089|0.0330077|0.0331096|0.0321405|0.00984451|0.0091317|0.0459616|0.0261239,0.0186446|0.0224647|0.0368511|0.0183961|0.0189693|0.00598368|0.0200103|0.0180799|0.0318701|0.0324719|0.0209467|0.0034903|0.046614|0.000373191|0.032776|0.0180416,0.952597|0.92663|0.928497|0.985316|0.965054|0.932663|0.990327|0.950767|0.949833|0.940557|0.921124|0.910929|0.970227|0.929843|0.962548|0.942571,6.1663|5.09381|5.49513|2.86033|1.55662|1.30673|3.296|0.01178|0.273467|2.57923|4.68229|3.98258|1.44936|6.12095|5.30103|5.03831,30.2686|65.1286|34.0839|86.2435|67.4197|76.7594|67.5745|18.2346|55.6995|42.5138|15.3326|43.2583|28.0546|99.0064|65.9961,0.203801|0.213744|0.241671|0.214079|0.180414|0.188216|0.237043|0.245477|0.203915|0.196406|0.223307|0.248634|0.195276|0.249757|0.164414,0.231522|0.918405|0.885236|0.140505|0.604192|0.933277|0.141763|0.99271|0.192082|0.171578|0.17421|0.201747|0.486895|0.797563|0.843193,0.823926,0.95139,0.0501489,0.117049,0.421933,0.504875,0.0617885,0.490527,0.190703,0.903761,75.0845,2.21625e-10,46823,0.876134,54.7023,1.84253e-11,19749,0.862527,0.834378,0.0578779,0.973354,0.582731,0.492938,0.169781,0.516908,0.130486,0.880588,73.1261,1.75166e-13,58607,0.898519,78.1077,8.52274e-10,81618
7,84,n1->n2->n12->n13->n3->n4->n5->n6->n16->n26->n27->n28->n18->n19->n20->n10,3.00404e+13|3.30326e+11|1.24762e+09|9.91228e+12|2.51637e+13|5.19663e+13|5.16898e+10|2.5768e+13|3.1854e+11|2.27804e+13|4.805e+11|2.00194e+10|5.54701e+12|3.60508e+09|5.12291e+10|1.84599e+12,4.34899e+12|4.87974e+10|1.86352e+08|5.06921e+12|1.20723e+13|3.73718e+13|1.84025e+10|1.13857e+13|2.90528e+11|6.51734e+12|5.39868e+10|2.90952e+09|1.02041e+12|3.20505e+09|1.63614e+10|5.88715e+11,2.20593e-05|0.000150149|0.000450723|2.59449e-05|0.000235236|4.65401e-05|0.000380256|0.00033585|6.13843e-05|1.42553e-05|3.96201e-05|2.03718e-05|0.000192357|1.67639e-05|0.000310364|6.01787e-05,0.00633895|0.00466227|0.00126271|0.00730137|0.00100075|0.000153837|0.000293754|0.00369855|0.00133185|0.00351282|0.00945776|0.00287426|0.000119135|0.000326693|0.0012652|0.00101454,0.0242308|0.0466207|0.0386825|0.0202101|0.0318488|0.0140069|0.0482045|0.021023|0.0464353|0.0330077|0.0331096|0.0321405|0.00984451|0.0091317|0.0371796|0.0261239,0.0186446|0.0412655|0.0419088|0.0443805|0.014719|0.0421418|0.0296199|0.0399306|0.00814055|0.0324719|0.0209467|0.0034903|0.046614|0.000373191|0.0330818|0.0180416,0.952597|0.917952|0.989487|0.957486|0.908437|0.962302|0.90075|0.989066|0.952296|0.940557|0.921124|0.910929|0.970227|0.929843|0.957813|0.942571,6.1663|4.47725|0.398509|3.30965|5.20069|6.07392|0.158043|1.08178|0.663963|2.57923|4.68229|3.98258|1.44936|6.12095|4.08186|5.03831,79.8117|88.6198|13.9548|83.9106|10.4739|81.7362|37.2729|50.0569|11.0615|42.5138|15.3326|43.2583|28.0546|10.3361|29.3778,0.206816|0.186425|0.170437|0.200225|0.174627|0.162628|0.182098|0.160573|0.223443|0.196406|0.223307|0.248634|0.195276|0.223504|0.230351,0.332644|0.549125|0.374611|0.417051|0.966142|0.858929|0.770624|0.76956|0.800147|0.171578|0.17421|0.201747|0.486895|0.865166|0.451282,0.823926,0.95139,0.0501489,0.117049,0.421933,0.504875,0.0617885,0.490527,0.190703,0.903761,75.0845,2.21625e-10,46823,0.876134,54.7023,1.84253e-11,19749,0.862527,0.834378,0.0578779,0.973354,0.582731,0.492938,0.169781,0.516908,0.130486,0.880588,73.1261,1.75166e-13,58607,0.898519,78.1077,8.52274e-10,81618
7,85,n1->n2->n12->n11->n21->n22->n23->n24->n25->n26->n16->n6->n7->n8->n9->n10,3.00404e+13|3.30326e+11|1.24762e+09|1.20939e+11|9.90425e+12|3.33855e+10|2.96172e+12|1.29684e+09|1.74625e+13|2.27804e+13|3.1854e+11|2.5768e+13|6.61732e+12|3.56515e+09|5.76717e+13|1.84599e+12,4.34899e+12|4.87974e+10|1.86352e+08|1.2827e+10|5.08175e+12|5.85316e+09|1.84325e+12|2.35993e+08|4.01821e+12|6.51734e+12|2.90528e+11|1.13857e+13|1.34423e+12|2.20969e+09|4.50387e+13|5.88715e+11,2.20593e-05|0.000150149|0.000450723|3.68162e-05|0.00038331|0.000542243|0.000180222|0.00017517|1.90685e-05|1.42553e-05|6.13843e-05|0.00033585|4.39527e-05|0.000765253|0.000204857|6.01787e-05,0.00633895|0.00466227|0.00126271|0.000290726|0.000195522|0.000311917|0.00771594|0.000205887|0.000751332|0.00351282|0.00133185|0.00369855|0.000669129|0.000152009|0.00126725|0.00101454,0.0242308|0.0466207|0.0386825|0.0396791|0.0338837|0.0207751|0.0401254|0.0292034|0.0243089|0.0330077|0.0464353|0.021023|0.043186|0.00764741|0.0459616|0.0261239,0.0186446|0.0412655|0.0419088|0.0224647|0.0368511|0.0183961|0.0200103|0.0180799|0.0318701|0.0324719|0.00814055|0.0399306|0.0011028|0.0487049|0.032776|0.0180416,0.952597|0.917952|0.989487|0.92663|0.928497|0.985316|0.990327|0.950767|0.949833|0.940557|0.952296|0.989066|0.941223|0.918796|0.962548|0.942571,6.1663|4.47725|0.398509|5.09381|5.49513|2.86033|3.296|0.01178|0.273467|2.57923|0.663963|1.08178|4.27287|0.495993|5.30103|5.03831,79.8117|88.6198|24.4191|65.1286|34.0839|55.8812|67.5745|18.2346|55.6995|11.0615|50.0569|32.9383|55.4093|99.595|65.9961,0.206816|0.186425|0.165933|0.213744|0.241671|0.242937|0.237043|0.245477|0.203915|0.223443|0.160573|0.172139|0.248326|0.247994|0.164414,0.332644|0.549125|0.813401|0.918405|0.885236|0.659214|0.141763|0.99271|0.192082|0.800147|0.76956|0.198275|0.993536|0.395032|0.843193,0.823926,0.95139,0.0501489,0.117049,0.421933,0.504875,0.0617885,0.490527,0.190703,0.903761,75.0845,2.21625e-10,46823,0.876134,54.7023,1.84253e-11,19749,0.862527,0.834378,0.0578779,0.973354,0.582731,0.492938,0.169781,0.516908,0.130486,0.880588,73.1261,1.75166e-13,58607,0.898519,78.1077,8.52274e-10,81618
7,86,n1->n2->n3->n13->n12->n22->n23->n24->n14->n4->n5->n6->n7->n8->n9->n10,3.00404e+13|3.30326e+11|2.51637e+13|9.91228e+12|1.24762e+09|3.33855e+10|2.96172e+12|1.29684e+09|6.27509e+09|5.19663e+13|5.16898e+10|2.5768e+13|6.61732e+12|3.56515e+09|5.76717e+13|1.84599e+12,4.34899e+12|4.87974e+10|1.20723e+13|5.06921e+12|1.86352e+08|5.85316e+09|1.84325e+12|2.35993e+08|5.15166e+09|3.73718e+13|1.84025e+10|1.13857e+13|1.34423e+12|2.20969e+09|4.50387e+13|5.88715e+11,2.20593e-05|0.000150149|0.000235236|2.59449e-05|0.000450723|0.000542243|0.000180222|0.00017517|0.000129815|4.65401e-05|0.000380256|0.00033585|4.39527e-05|0.000765253|0.000204857|6.01787e-05,0.00633895|0.00466227|0.00100075|0.00730137|0.00126271|0.000311917|0.00771594|0.000205887|0.000102845|0.000153837|0.000293754|0.00369855|0.000669129|0.000152009|0.00126725|0.00101454,0.0242308|0.0466207|0.0318488|0.0202101|0.0386825|0.0207751|0.0401254|0.0292034|0.000914227|0.0140069|0.0482045|0.021023|0.043186|0.00764741|0.0459616|0.0261239,0.0186446|0.0412655|0.014719|0.0443805|0.0419088|0.0183961|0.0200103|0.0180799|0.0388816|0.0421418|0.0296199|0.0399306|0.0011028|0.0487049|0.032776|0.0180416,0.952597|0.917952|0.908437|0.957486|0.989487|0.985316|0.990327|0.950767|0.915384|0.962302|0.90075|0.989066|0.941223|0.918796|0.962548|0.942571,6.1663|4.47725|5.20069|3.30965|0.398509|2.86033|3.296|0.01178|3.76198|6.07392|0.158043|1.08178|4.27287|0.495993|5.30103|5.03831,79.8117|37.015|83.9106|13.9548|13.2112|55.8812|67.5745|66.6304|52.1141|81.7362|37.2729|32.9383|55.4093|99.595|65.9961,0.206816|0.210886|0.200225|0.170437|0.192459|0.242937|0.237043|0.19366|0.216325|0.162628|0.182098|0.172139|0.248326|0.247994|0.164414,0.332644|0.320755|0.417051|0.374611|0.714952|0.659214|0.141763|0.634426|0.474765|0.858929|0.770624|0.198275|0.993536|0.395032|0.843193,0.823926,0.95139,0.0501489,0.117049,0.421933,0.504875,0.0617885,0.490527,0.190703,0.903761,75.0845,2.21625e-10,46823,0.876134,54.7023,1.84253e-11,19749,0.862527,0.834378,0.0578779,0.973354,0.582731,0.492938,0.169781,0.516908,0.130486,0.880588,73.1261,1.75166e-13,58607,0.898519,78.1077,8.52274e-10,81618
7,87,n1->n11->n12->n22->n32->n33->n34->n24->n14->n4->n5->n6->n7->n8->n9->n10,3.00404e+13|1.20939e+11|1.24762e+09|3.33855e+10|2.648e+10|2.00146e+11|8.58911e+09|1.29684e+09|6.27509e+09|5.19663e+13|5.16898e+10|2.5768e+13|6.61732e+12|3.56515e+09|5.76717e+13|1.84599e+12,4.34899e+12|1.2827e+10|1.86352e+08|5.85316e+09|2.58541e+10|8.83508e+10|2.66028e+09|2.35993e+08|5.15166e+09|3.73718e+13|1.84025e+10|1.13857e+13|1.34423e+12|2.20969e+09|4.50387e+13|5.88715e+11,2.20593e-05|3.68162e-05|0.000450723|0.000542243|1.30256e-05|4.41209e-05|0.00013417|0.00017517|0.000129815|4.65401e-05|0.000380256|0.00033585|4.39527e-05|0.000765253|0.000204857|6.01787e-05,0.00633895|0.000290726|0.00126271|0.000311917|0.000435298|0.00789851|0.000710075|0.000205887|0.000102845|0.000153837|0.000293754|0.00369855|0.000669129|0.000152009|0.00126725|0.00101454,0.0242308|0.0396791|0.0386825|0.0207751|0.0160711|0.0489836|0.0136277|0.0292034|0.000914227|0.0140069|0.0482045|0.021023|0.043186|0.00764741|0.0459616|0.0261239,0.0186446|0.0224647|0.0419088|0.0183961|0.0189693|0.00598368|0.0139311|0.0180799|0.0388816|0.0421418|0.0296199|0.0399306|0.0011028|0.0487049|0.032776|0.0180416,0.952597|0.92663|0.989487|0.985316|0.965054|0.932663|0.994252|0.950767|0.915384|0.962302|0.90075|0.989066|0.941223|0.918796|0.962548|0.942571,6.1663|5.09381|0.398509|2.86033|1.55662|1.30673|5.80364|0.01178|3.76198|6.07392|0.158043|1.08178|4.27287|0.495993|5.30103|5.03831,30.2686|24.4191|13.2112|86.2435|67.4197|23.5709|58.7029|66.6304|52.1141|81.7362|37.2729|32.9383|55.4093|99.595|65.9961,0.203801|0.165933|0.192459|0.214079|0.180414|0.175455|0.202876|0.19366|0.216325|0.162628|0.182098|0.172139|0.248326|0.247994|0.164414,0.231522|0.813401|0.714952|0.140505|0.604192|0.947109|0.259687|0.634426|0.474765|0.858929|0.770624|0.198275|0.993536|0.395032|0.843193,0.823926,0.95139,0.0501489,0.117049,0.421933,0.504875,0.0617885,0.490527,0.190703,0.903761,75.0845,2.21625e-10,46823,0.876134,54.7023,1.84253e-11,19749,0.862527,0.834378,0.0578779,0.973354,0.582731,0.492938,0.169781,0.516908,0.130486,0.880588,73.1261,1.75166e-13,58607,0.898519,78.1077,8.52274e-10,81618
7,88,n1->n2->n12->n13->n23->n33->n34->n35->n25->n15->n5->n6->n7->n8->n9->n10,3.00404e+13|3.30326e+11|1.24762e+09|9.91228e+12|2.96172e+12|2.00146e+11|8.58911e+09|2.39604e+09|1.74625e+13|2.54337e+12|5.16898e+10|2.5768e+13|6.61732e+12|3.56515e+09|5.76717e+13|1.84599e+12,4.34899e+12|4.87974e+10|1.86352e+08|5.06921e+12|1.84325e+12|8.83508e+10|2.66028e+09|1.08654e+09|4.01821e+12|4.83922e+11|1.84025e+10|1.13857e+13|1.34423e+12|2.20969e+09|4.50387e+13|5.88715e+11,2.20593e-05|0.000150149|0.000450723|2.59449e-05|0.000180222|4.41209e-05|0.00013417|8.19889e-05|1.90685e-05|0.000137603|0.000380256|0.00033585|4.39527e-05|0.000765253|0.000204857|6.01787e-05,0.00633895|0.00466227|0.00126271|0.00730137|0.00771594|0.00789851|0.000710075|0.00238577|0.000751332|0.000302355|0.000293754|0.00369855|0.000669129|0.000152009|0.00126725|0.00101454,0.0242308|0.0466207|0.0386825|0.0202101|0.0401254|0.0489836|0.0136277|0.029848|0.0243089|0.0473158|0.0482045|0.021023|0.043186|0.00764741|0.0459616|0.0261239,0.0186446|0.0412655|0.0419088|0.0443805|0.0200103|0.00598368|0.0139311|0.0444626|0.0318701|0.0430085|0.0296199|0.0399306|0.0011028|0.0487049|0.032776|0.0180416,0.952597|0.917952|0.989487|0.957486|0.990327|0.932663|0.994252|0.906364|0.949833|0.927364|0.90075|0.989066|0.941223|0.918796|0.962548|0.942571,6.1663|4.47725|0.398509|3.30965|3.296|1.30673|5.80364|2.19659|0.273467|3.32264|0.158043|1.08178|4.27287|0.495993|5.30103|5.03831,79.8117|88.6198|13.9548|51.9585|76.7594|23.5709|31.5608|88.4205|54.7186|35.0583|37.2729|32.9383|55.4093|99.595|65.9961,0.206816|0.186425|0.170437|0.186587|0.188216|0.175455|0.2299|0.238528|0.216167|0.245093|0.182098|0.172139|0.248326|0.247994|0.164414,0.332644|0.549125|0.374611|0.544273|0.933277|0.947109|0.185954|0.604484|0.845754|0.442729|0.770624|0.198275|0.993536|0.395032|0.843193,0.823926,0.95139,0.0501489,0.117049,0.421933,0.504875,0.0617885,0.490527,0.190703,0.903761,75.0845,2.21625e-10,46823,0.876134,54.7023,1.84253e-11,19749,0.862527,0.834378,0.0578779,0.973354,0.582731,0.492938,0.169781,0.516908,0.130486,0.880588,73.1261,1.75166e-13,58607,0.898519,78.1077,8.52274e-10,81618
7,89,n1->n11->n21->n22->n12->n2->n3->n4->n5->n15->n16->n6->n7->n8->n9->n10,3.00404e+13|1.20939e+11|9.90425e+12|3.33855e+10|1.24762e+09|3.30326e+11|2.51637e+13|5.19663e+13|5.16898e+10|2.54337e+12|3.1854e+11|2.5768e+13|6.61732e+12|3.56515e+09|5.76717e+13|1.84599e+12,4.34899e+12|1.2827e+10|5.08175e+12|5.85316e+09|1.86352e+08|4.87974e+10|1.20723e+13|3.73718e+13|1.84025e+10|4.83922e+11|2.90528e+11|1.13857e+13|1.34423e+12|2.20969e+09|4.50387e+13|5.88715e+11,2.20593e-05|3.68162e-05|0.00038331|0.000542243|0.000450723|0.000150149|0.000235236|4.65401e-05|0.000380256|0.000137603|6.13843e-05|0.00033585|4.39527e-05|0.000765253|0.000204857|6.01787e-05,0.00633895|0.000290726|0.000195522|0.000311917|0.00126271|0.00466227|0.00100075|0.000153837|0.000293754|0.000302355|0.00133185|0.00369855|0.000669129|0.000152009|0.00126725|0.00101454,0.0242308|0.0396791|0.0338837|0.0207751|0.0386825|0.0466207|0.0318488|0.0140069|0.0482045|0.0473158|0.0464353|0.021023|0.043186|0.00764741|0.0459616|0.0261239,0.0186446|0.0224647|0.0368511|0.0183961|0.0419088|0.0412655|0.014719|0.0421418|0.0296199|0.0430085|0.00814055|0.0399306|0.0011028|0.0487049|0.032776|0.0180416,0.952597|0.92663|0.928497|0.985316|0.989487|0.917952|0.908437|0.962302|0.90075|0.927364|0.952296|0.989066|0.941223|0.918796|0.962548|0.942571,6.1663|5.09381|5.49513|2.86033|0.398509|4.47725|5.20069|6.07392|0.158043|3.32264|0.663963|1.08178|4.27287|0.495993|5.30103|5.03831,30.2686|65.1286|34.0839|13.2112|88.6198|37.015|10.4739|81.7362|35.0583|56.2706|50.0569|32.9383|55.4093|99.595|65.9961,0.203801|0.213744|0.241671|0.192459|0.186425|0.210886|0.174627|0.162628|0.245093|0.202376|0.160573|0.172139|0.248326|0.247994|0.164414,0.231522|0.918405|0.885236|0.714952|0.549125|0.320755|0.966142|0.858929|0.442729|0.428028|0.76956|0.198275|0.993536|0.395032|0.843193,0.823926,0.95139,0.0501489,0.117049,0.421933,0.504875,0.0617885,0.490527,0.190703,0.903761,75.0845,2.21625e-10,46823,0.876134,54.7023,1.84253e-11,19749,0.862527,0.834378,0.0578779,0.973354,0.582731,0.492938,0.169781,0.516908,0.130486,0.880588,73.1261,1.75166e-13,58607,0.898519,78.1077,8.52274e-10,81618
7,90,n1->n2->n12->n11->n21->n22->n23->n13->n3->n4->n5->n6->n7->n8->n9->n10,3.00404e+13|3.30326e+11|1.24762e+09|1.20939e+11|9.90425e+12|3.33855e+10|2.96172e+12|9.91228e+12|2.51637e+13|5.19663e+13|5.16898e+10|2.5768e+13|6.61732e+12|3.56515e+09|5.76717e+13|1.84599e+12,4.34899e+12|4.87974e+10|1.86352e+08|1.2827e+10|5.08175e+12|5.85316e+09|1.84325e+12|5.06921e+12|1.20723e+13|3.73718e+13|1.84025e+10|1.13857e+13|1.34423e+12|2.20969e+09|4.50387e+13|5.88715e+11,2.20593e-05|0.000150149|0.000450723|3.68162e-05|0.00038331|0.000542243|0.000180222|2.59449e-05|0.000235236|4.65401e-05|0.000380256|0.00033585|4.39527e-05|0.000765253|0.000204857|6.01787e-05,0.00633895|0.00466227|0.00126271|0.000290726|0.000195522|0.000311917|0.00771594|0.00730137|0.00100075|0.000153837|0.000293754|0.00369855|0.000669129|0.000152009|0.00126725|0.00101454,0.0242308|0.0466207|0.0386825|0.0396791|0.0338837|0.0207751|0.0401254|0.0202101|0.0318488|0.0140069|0.0482045|0.021023|0.043186|0.00764741|0.0459616|0.0261239,0.0186446|0.0412655|0.0419088|0.0224647|0.0368511|0.0183961|0.0200103|0.0443805|0.014719|0.0421418|0.0296199|0.0399306|0.0011028|0.0487049|0.032776|0.0180416,0.952597|0.917952|0.989487|0.92663|0.928497|0.985316|0.990327|0.957486|0.908437|0.962302|0.90075|0.989066|0.941223|0.918796|0.962548|0.942571,6.1663|4.47725|0.398509|5.09381|5.49513|2.86033|3.296|3.30965|5.20069|6.07392|0.158043|1.08178|4.27287|0.495993|5.30103|5.03831,79.8117|88.6198|24.4191|65.1286|34.0839|55.8812|51.9585|83.9106|10.4739|81.7362|37.2729|32.9383|55.4093|99.595|65.9961,0.206816|0.186425|0.165933|0.213744|0.241671|0.242937|0.186587|0.200225|0.174627|0.162628|0.182098|0.172139|0.248326|0.247994|0.164414,0.332644|0.549125|0.813401|0.918405|0.885236|0.659214|0.544273|0.417051|0.966142|0.858929|0.770624|0.198275|0.993536|0.395032|0.843193,0.823926,0.95139,0.0501489,0.117049,0.421933,0.504875,0.0617885,0.490527,0.190703,0.903761,75.0845,2.21625e-10,46823,0.876134,54.7023,1.84253e-11,19749,0.862527,0.834378,0.0578779,0.973354,0.582731,0.492938,0.169781,0.516908,0.130486,0.880588,73.1261,1.75166e-13,58607,0.898519,78.1077,8.52274e-10,81618
7,91,n1->n2->n3->n13->n23->n24->n14->n15->n16->n26->n27->n17->n18->n8->n9->n10,3.00404e+13|3.30326e+11|2.51637e+13|9.91228e+12|2.96172e+12|1.29684e+09|6.27509e+09|2.54337e+12|3.1854e+11|2.27804e+13|4.805e+11|1.22319e+12|5.54701e+12|3.56515e+09|5.76717e+13|1.84599e+12,4.34899e+12|4.87974e+10|1.20723e+13|5.06921e+12|1.84325e+12|2.35993e+08|5.15166e+09|4.83922e+11|2.90528e+11|6.51734e+12|5.39868e+10|2.83908e+11|1.02041e+12|2.20969e+09|4.50387e+13|5.88715e+11,2.20593e-05|0.000150149|0.000235236|2.59449e-05|0.000180222|0.00017517|0.000129815|0.000137603|6.13843e-05|1.42553e-05|3.96201e-05|0.000861533|0.000192357|0.000765253|0.000204857|6.01787e-05,0.00633895|0.00466227|0.00100075|0.00730137|0.00771594|0.000205887|0.000102845|0.000302355|0.00133185|0.00351282|0.00945776|0.000677358|0.000119135|0.000152009|0.00126725|0.00101454,0.0242308|0.0466207|0.0318488|0.0202101|0.0401254|0.0292034|0.000914227|0.0473158|0.0464353|0.0330077|0.0331096|0.00680938|0.00984451|0.00764741|0.0459616|0.0261239,0.0186446|0.0412655|0.014719|0.0443805|0.0200103|0.0180799|0.0388816|0.0430085|0.00814055|0.0324719|0.0209467|0.0417|0.046614|0.0487049|0.032776|0.0180416,0.952597|0.917952|0.908437|0.957486|0.990327|0.950767|0.915384|0.927364|0.952296|0.940557|0.921124|0.977982|0.970227|0.918796|0.962548|0.942571,6.1663|4.47725|5.20069|3.30965|3.296|0.01178|3.76198|3.32264|0.663963|2.57923|4.68229|4.36593|1.44936|0.495993|5.30103|5.03831,79.8117|37.015|83.9106|51.9585|67.5745|66.6304|92.5451|56.2706|11.0615|42.5138|72.2829|27.3162|81.3396|99.595|65.9961,0.206816|0.210886|0.200225|0.186587|0.237043|0.19366|0.162606|0.202376|0.223443|0.196406|0.208534|0.234286|0.190026|0.247994|0.164414,0.332644|0.320755|0.417051|0.544273|0.141763|0.634426|0.327689|0.428028|0.800147|0.171578|0.91001|0.288398|0.718603|0.395032|0.843193,0.823926,0.95139,0.0501489,0.117049,0.421933,0.504875,0.0617885,0.490527,0.190703,0.903761,75.0845,2.21625e-10,46823,0.876134,54.7023,1.84253e-11,19749,0.862527,0.834378,0.0578779,0.973354,0.582731,0.492938,0.169781,0.516908,0.130486,0.880588,73.1261,1.75166e-13,58607,0.898519,78.1077,8.52274e-10,81618
7,92,n1->n11->n12->n22->n23->n33->n34->n35->n25->n15->n16->n6->n7->n8->n9->n10,3.00404e+13|1.20939e+11|1.24762e+09|3.33855e+10|2.96172e+12|2.00146e+11|8.58911e+09|2.39604e+09|1.74625e+13|2.54337e+12|3.1854e+11|2.5768e+13|6.61732e+12|3.56515e+09|5.76717e+13|1.84599e+12,4.34899e+12|1.2827e+10|1.86352e+08|5.85316e+09|1.84325e+12|8.83508e+10|2.66028e+09|1.08654e+09|4.01821e+12|4.83922e+11|2.90528e+11|1.13857e+13|1.34423e+12|2.20969e+09|4.50387e+13|5.88715e+11,2.20593e-05|3.68162e-05|0.000450723|0.000542243|0.000180222|4.41209e-05|0.00013417|8.19889e-05|1.90685e-05|0.000137603|6.13843e-05|0.00033585|4.39527e-05|0.000765253|0.000204857|6.01787e-05,0.00633895|0.000290726|0.00126271|0.000311917|0.00771594|0.00789851|0.000710075|0.00238577|0.000751332|0.000302355|0.00133185|0.00369855|0.000669129|0.000152009|0.00126725|0.00101454,0.0242308|0.0396791|0.0386825|0.0207751|0.0401254|0.0489836|0.0136277|0.029848|0.0243089|0.0473158|0.0464353|0.021023|0.043186|0.00764741|0.0459616|0.0261239,0.0186446|0.0224647|0.0419088|0.0183961|0.0200103|0.00598368|0.0139311|0.0444626|0.0318701|0.0430085|0.00814055|0.0399306|0.0011028|0.0487049|0.032776|0.0180416,0.952597|0.92663|0.989487|0.985316|0.990327|0.932663|0.994252|0.906364|0.949833|0.927364|0.952296|0.989066|0.941223|0.918796|0.962548|0.942571,6.1663|5.09381|0.398509|2.86033|3.296|1.30673|5.80364|2.19659|0.273467|3.32264|0.663963|1.08178|4.27287|0.495993|5.30103|5.03831,30.2686|24.4191|13.2112|55.8812|76.7594|23.5709|31.5608|88.4205|54.7186|56.2706|50.0569|32.9383|55.4093|99.595|65.9961,0.203801|0.165933|0.192459|0.242937|0.188216|0.175455|0.2299|0.238528|0.216167|0.202376|0.160573|0.172139|0.248326|0.247994|0.164414,0.231522|0.813401|0.714952|0.659214|0.933277|0.947109|0.185954|0.604484|0.845754|0.428028|0.76956|0.198275|0.993536|0.395032|0.843193,0.823926,0.95139,0.0501489,0.117049,0.421933,0.504875,0.0617885,0.490527,0.190703,0.903761,75.0845,2.21625e-10,46823,0.876134,54.7023,1.84253e-11,19749,0.862527,0.834378,0.0578779,0.973354,0.582731,0.492938,0.169781,0.516908,0.130486,0.880588,73.1261,1.75166e-13,58607,0.898519,78.1077,8.52274e-10,81618
7,93,n1->n11->n21->n31->n32->n22->n23->n13->n14->n4->n5->n6->n7->n8->n9->n10,3.00404e+13|1.20939e+11|9.90425e+12|1.0619e+09|2.648e+10|3.33855e+10|2.96172e+12|9.91228e+12|6.27509e+09|5.19663e+13|5.16898e+10|2.5768e+13|6.61732e+12|3.56515e+09|5.76717e+13|1.84599e+12,4.34899e+12|1.2827e+10|5.08175e+12|4.60453e+08|2.58541e+10|5.85316e+09|1.84325e+12|5.06921e+12|5.15166e+09|3.73718e+13|1.84025e+10|1.13857e+13|1.34423e+12|2.20969e+09|4.50387e+13|5.88715e+11,2.20593e-05|3.68162e-05|0.00038331|1.64296e-05|1.30256e-05|0.000542243|0.000180222|2.59449e-05|0.000129815|4.65401e-05|0.000380256|0.00033585|4.39527e-05|0.000765253|0.000204857|6.01787e-05,0.00633895|0.000290726|0.000195522|0.000906769|0.000435298|0.000311917|0.00771594|0.00730137|0.000102845|0.000153837|0.000293754|0.00369855|0.000669129|0.000152009|0.00126725|0.00101454,0.0242308|0.0396791|0.0338837|0.0130158|0.0160711|0.0207751|0.0401254|0.0202101|0.000914227|0.0140069|0.0482045|0.021023|0.043186|0.00764741|0.0459616|0.0261239,0.0186446|0.0224647|0.0368511|0.0196191|0.0189693|0.0183961|0.0200103|0.0443805|0.0388816|0.0421418|0.0296199|0.0399306|0.0011028|0.0487049|0.032776|0.0180416,0.952597|0.92663|0.928497|0.951022|0.965054|0.985316|0.990327|0.957486|0.915384|0.962302|0.90075|0.989066|0.941223|0.918796|0.962548|0.942571,6.1663|5.09381|5.49513|0.0908807|1.55662|2.86033|3.296|3.30965|3.76198|6.07392|0.158043|1.08178|4.27287|0.495993|5.30103|5.03831,30.2686|65.1286|89.2299|63.0993|86.2435|55.8812|51.9585|56.34|52.1141|81.7362|37.2729|32.9383|55.4093|99.595|65.9961,0.203801|0.213744|0.165795|0.235942|0.214079|0.242937|0.186587|0.230897|0.216325|0.162628|0.182098|0.172139|0.248326|0.247994|0.164414,0.231522|0.918405|0.78117|0.935252|0.140505|0.659214|0.544273|0.964918|0.474765|0.858929|0.770624|0.198275|0.993536|0.395032|0.843193,0.823926,0.95139,0.0501489,0.117049,0.421933,0.504875,0.0617885,0.490527,0.190703,0.903761,75.0845,2.21625e-10,46823,0.876134,54.7023,1.84253e-11,19749,0.862527,0.834378,0.0578779,0.973354,0.582731,0.492938,0.169781,0.516908,0.130486,0.880588,73.1261,1.75166e-13,58607,0.898519,78.1077,8.52274e-10,81618
7,94,n1->n2->n3->n4->n5->n15->n14->n24->n25->n26->n16->n17->n7->n8->n9->n10,3.00404e+13|3.30326e+11|2.51637e+13|5.19663e+13|5.16898e+10|2.54337e+12|6.27509e+09|1.29684e+09|1.74625e+13|2.27804e+13|3.1854e+11|1.22319e+12|6.61732e+12|3.56515e+09|5.76717e+13|1.84599e+12,4.34899e+12|4.87974e+10|1.20723e+13|3.73718e+13|1.84025e+10|4.83922e+11|5.15166e+09|2.35993e+08|4.01821e+12|6.51734e+12|2.90528e+11|2.83908e+11|1.34423e+12|2.20969e+09|4.50387e+13|5.88715e+11,2.20593e-05|0.000150149|0.000235236|4.65401e-05|0.000380256|0.000137603|0.000129815|0.00017517|1.90685e-05|1.42553e-05|6.13843e-05|0.000861533|4.39527e-05|0.000765253|0.000204857|6.01787e-05,0.00633895|0.00466227|0.00100075|0.000153837|0.000293754|0.000302355|0.000102845|0.000205887|0.000751332|0.00351282|0.00133185|0.000677358|0.000669129|0.000152009|0.00126725|0.00101454,0.0242308|0.0466207|0.0318488|0.0140069|0.0482045|0.0473158|0.000914227|0.0292034|0.0243089|0.0330077|0.0464353|0.00680938|0.043186|0.00764741|0.0459616|0.0261239,0.0186446|0.0412655|0.014719|0.0421418|0.0296199|0.0430085|0.0388816|0.0180799|0.0318701|0.0324719|0.00814055|0.0417|0.0011028|0.0487049|0.032776|0.0180416,0.952597|0.917952|0.908437|0.962302|0.90075|0.927364|0.915384|0.950767|0.949833|0.940557|0.952296|0.977982|0.941223|0.918796|0.962548|0.942571,6.1663|4.47725|5.20069|6.07392|0.158043|3.32264|3.76198|0.01178|0.273467|2.57923|0.663963|4.36593|4.27287|0.495993|5.30103|5.03831,79.8117|37.015|10.4739|81.7362|35.0583|92.5451|66.6304|18.2346|55.6995|11.0615|32.2763|59.8148|55.4093|99.595|65.9961,0.206816|0.210886|0.174627|0.162628|0.245093|0.162606|0.19366|0.245477|0.203915|0.223443|0.181751|0.230578|0.248326|0.247994|0.164414,0.332644|0.320755|0.966142|0.858929|0.442729|0.327689|0.634426|0.99271|0.192082|0.800147|0.408588|0.245965|0.993536|0.395032|0.843193,0.823926,0.95139,0.0501489,0.117049,0.421933,0.504875,0.0617885,0.490527,0.190703,0.903761,75.0845,2.21625e-10,46823,0.876134,54.7023,1.84253e-11,19749,0.862527,0.834378,0.0578779,0.973354,0.582731,0.492938,0.169781,0.516908,0.130486,0.880588,73.1261,1.75166e-13,58607,0.898519,78.1077,8.52274e-10,81618
7,95,n1->n2->n12->n22->n23->n13->n3->n4->n14->n15->n16->n6->n7->n8->n9->n10,3.00404e+13|3.30326e+11|1.24762e+09|3.33855e+10|2.96172e+12|9.91228e+12|2.51637e+13|5.19663e+13|6.27509e+09|2.54337e+12|3.1854e+11|2.5768e+13|6.61732e+12|3.56515e+09|5.76717e+13|1.84599e+12,4.34899e+12|4.87974e+10|1.86352e+08|5.85316e+09|1.84325e+12|5.06921e+12|1.20723e+13|3.73718e+13|5.15166e+09|4.83922e+11|2.90528e+11|1.13857e+13|1.34423e+12|2.20969e+09|4.50387e+13|5.88715e+11,2.20593e-05|0.000150149|0.000450723|0.000542243|0.000180222|2.59449e-05|0.000235236|4.65401e-05|0.000129815|0.000137603|6.13843e-05|0.00033585|4.39527e-05|0.000765253|0.000204857|6.01787e-05,0.00633895|0.00466227|0.00126271|0.000311917|0.00771594|0.00730137|0.00100075|0.000153837|0.000102845|0.000302355|0.00133185|0.00369855|0.000669129|0.000152009|0.00126725|0.00101454,0.0242308|0.0466207|0.0386825|0.0207751|0.0401254|0.0202101|0.0318488|0.0140069|0.000914227|0.0473158|0.0464353|0.021023|0.043186|0.00764741|0.0459616|0.0261239,0.0186446|0.0412655|0.0419088|0.0183961|0.0200103|0.0443805|0.014719|0.0421418|0.0388816|0.0430085|0.00814055|0.0399306|0.0011028|0.0487049|0.032776|0.0180416,0.952597|0.917952|0.989487|0.985316|0.990327|0.957486|0.908437|0.962302|0.915384|0.927364|0.952296|0.989066|0.941223|0.918796|0.962548|0.942571,6.1663|4.47725|0.398509|2.86033|3.296|3.30965|5.20069|6.07392|3.76198|3.32264|0.663963|1.08178|4.27287|0.495993|5.30103|5.03831,79.8117|88.6198|13.2112|55.8812|51.9585|83.9106|10.4739|52.1141|92.5451|56.2706|50.0569|32.9383|55.4093|99.595|65.9961,0.206816|0.186425|0.192459|0.242937|0.186587|0.200225|0.174627|0.216325|0.162606|0.202376|0.160573|0.172139|0.248326|0.247994|0.164414,0.332644|0.549125|0.714952|0.659214|0.544273|0.417051|0.966142|0.474765|0.327689|0.428028|0.76956|0.198275|0.993536|0.395032|0.843193,0.823926,0.95139,0.0501489,0.117049,0.421933,0.504875,0.0617885,0.490527,0.190703,0.903761,75.0845,2.21625e-10,46823,0.876134,54.7023,1.84253e-11,19749,0.862527,0.834378,0.0578779,0.973354,0.582731,0.492938,0.169781,0.516908,0.130486,0.880588,73.1261,1.75166e-13,58607,0.898519,78.1077,8.52274e-10,81618
7,96,n1->n11->n12->n2->n3->n13->n23->n24->n14->n4->n5->n6->n7->n8->n9->n10,3.00404e+13|1.20939e+11|1.24762e+09|3.30326e+11|2.51637e+13|9.91228e+12|2.96172e+12|1.29684e+09|6.27509e+09|5.19663e+13|5.16898e+10|2.5768e+13|6.61732e+12|3.56515e+09|5.76717e+13|1.84599e+12,4.34899e+12|1.2827e+10|1.86352e+08|4.87974e+10|1.20723e+13|5.06921e+12|1.84325e+12|2.35993e+08|5.15166e+09|3.73718e+13|1.84025e+10|1.13857e+13|1.34423e+12|2.20969e+09|4.50387e+13|5.88715e+11,2.20593e-05|3.68162e-05|0.000450723|0.000150149|0.000235236|2.59449e-05|0.000180222|0.00017517|0.000129815|4.65401e-05|0.000380256|0.00033585|4.39527e-05|0.000765253|0.000204857|6.01787e-05,0.00633895|0.000290726|0.00126271|0.00466227|0.00100075|0.00730137|0.00771594|0.000205887|0.000102845|0.000153837|0.000293754|0.00369855|0.000669129|0.000152009|0.00126725|0.00101454,0.0242308|0.0396791|0.0386825|0.0466207|0.0318488|0.0202101|0.0401254|0.0292034|0.000914227|0.0140069|0.0482045|0.021023|0.043186|0.00764741|0.0459616|0.0261239,0.0186446|0.0224647|0.0419088|0.0412655|0.014719|0.0443805|0.0200103|0.0180799|0.0388816|0.0421418|0.0296199|0.0399306|0.0011028|0.0487049|0.032776|0.0180416,0.952597|0.92663|0.989487|0.917952|0.908437|0.957486|0.990327|0.950767|0.915384|0.962302|0.90075|0.989066|0.941223|0.918796|0.962548|0.942571,6.1663|5.09381|0.398509|4.47725|5.20069|3.30965|3.296|0.01178|3.76198|6.07392|0.158043|1.08178|4.27287|0.495993|5.30103|5.03831,30.2686|24.4191|88.6198|37.015|83.9106|51.9585|67.5745|66.6304|52.1141|81.7362|37.2729|32.9383|55.4093|99.595|65.9961,0.203801|0.165933|0.186425|0.210886|0.200225|0.186587|0.237043|0.19366|0.216325|0.162628|0.182098|0.172139|0.248326|0.247994|0.164414,0.231522|0.813401|0.549125|0.320755|0.417051|0.544273|0.141763|0.634426|0.474765|0.858929|0.770624|0.198275|0.993536|0.395032|0.843193,0.823926,0.95139,0.0501489,0.117049,0.421933,0.504875,0.0617885,0.490527,0.190703,0.903761,75.0845,2.21625e-10,46823,0.876134,54.7023,1.84253e-11,19749,0.862527,0.834378,0.0578779,0.973354,0.582731,0.492938,0.169781,0.516908,0.130486,0.880588,73.1261,1.75166e-13,58607,0.898519,78.1077,8.52274e-10,81618
7,97,n1->n11->n21->n31->n32->n22->n23->n13->n14->n15->n16->n17->n7->n8->n9->n10,3.00404e+13|1.20939e+11|9.90425e+12|1.0619e+09|2.648e+10|3.33855e+10|2.96172e+12|9.91228e+12|6.27509e+09|2.54337e+12|3.1854e+11|1.22319e+12|6.61732e+12|3.56515e+09|5.76717e+13|1.84599e+12,4.34899e+12|1.2827e+10|5.08175e+12|4.60453e+08|2.58541e+10|5.85316e+09|1.84325e+12|5.06921e+12|5.15166e+09|4.83922e+11|2.90528e+11|2.83908e+11|1.34423e+12|2.20969e+09|4.50387e+13|5.88715e+11,2.20593e-05|3.68162e-05|0.00038331|1.64296e-05|1.30256e-05|0.000542243|0.000180222|2.59449e-05|0.000129815|0.000137603|6.13843e-05|0.000861533|4.39527e-05|0.000765253|0.000204857|6.01787e-05,0.00633895|0.000290726|0.000195522|0.000906769|0.000435298|0.000311917|0.00771594|0.00730137|0.000102845|0.000302355|0.00133185|0.000677358|0.000669129|0.000152009|0.00126725|0.00101454,0.0242308|0.0396791|0.0338837|0.0130158|0.0160711|0.0207751|0.0401254|0.0202101|0.000914227|0.0473158|0.0464353|0.00680938|0.043186|0.00764741|0.0459616|0.0261239,0.0186446|0.0224647|0.0368511|0.0196191|0.0189693|0.0183961|0.0200103|0.0443805|0.0388816|0.0430085|0.00814055|0.0417|0.0011028|0.0487049|0.032776|0.0180416,0.952597|0.92663|0.928497|0.951022|0.965054|0.985316|0.990327|0.957486|0.915384|0.927364|0.952296|0.977982|0.941223|0.918796|0.962548|0.942571,6.1663|5.09381|5.49513|0.0908807|1.55662|2.86033|3.296|3.30965|3.76198|3.32264|0.663963|4.36593|4.27287|0.495993|5.30103|5.03831,30.2686|65.1286|89.2299|63.0993|86.2435|55.8812|51.9585|56.34|92.5451|56.2706|32.2763|59.8148|55.4093|99.595|65.9961,0.203801|0.213744|0.165795|0.235942|0.214079|0.242937|0.186587|0.230897|0.162606|0.202376|0.181751|0.230578|0.248326|0.247994|0.164414,0.231522|0.918405|0.78117|0.935252|0.140505|0.659214|0.544273|0.964918|0.327689|0.428028|0.408588|0.245965|0.993536|0.395032|0.843193,0.823926,0.95139,0.0501489,0.117049,0.421933,0.504875,0.0617885,0.490527,0.190703,0.903761,75.0845,2.21625e-10,46823,0.876134,54.7023,1.84253e-11,19749,0.862527,0.834378,0.0578779,0.973354,0.582731,0.492938,0.169781,0.516908,0.130486,0.880588,73.1261,1.75166e-13,58607,0.898519,78.1077,8.52274e-10,81618
7,98,n1->n11->n21->n22->n23->n13->n12->n2->n3->n4->n5->n6->n7->n8->n9->n10,3.00404e+13|1.20939e+11|9.90425e+12|3.33855e+10|2.96172e+12|9.91228e+12|1.24762e+09|3.30326e+11|2.51637e+13|5.19663e+13|5.16898e+10|2.5768e+13|6.61732e+12|3.56515e+09|5.76717e+13|1.84599e+12,4.34899e+12|1.2827e+10|5.08175e+12|5.85316e+09|1.84325e+12|5.06921e+12|1.86352e+08|4.87974e+10|1.20723e+13|3.73718e+13|1.84025e+10|1.13857e+13|1.34423e+12|2.20969e+09|4.50387e+13|5.88715e+11,2.20593e-05|3.68162e-05|0.00038331|0.000542243|0.000180222|2.59449e-05|0.000450723|0.000150149|0.000235236|4.65401e-05|0.000380256|0.00033585|4.39527e-05|0.000765253|0.000204857|6.01787e-05,0.00633895|0.000290726|0.000195522|0.000311917|0.00771594|0.00730137|0.00126271|0.00466227|0.00100075|0.000153837|0.000293754|0.00369855|0.000669129|0.000152009|0.00126725|0.00101454,0.0242308|0.0396791|0.0338837|0.0207751|0.0401254|0.0202101|0.0386825|0.0466207|0.0318488|0.0140069|0.0482045|0.021023|0.043186|0.00764741|0.0459616|0.0261239,0.0186446|0.0224647|0.0368511|0.0183961|0.0200103|0.0443805|0.0419088|0.0412655|0.014719|0.0421418|0.0296199|0.0399306|0.0011028|0.0487049|0.032776|0.0180416,0.952597|0.92663|0.928497|0.985316|0.990327|0.957486|0.989487|0.917952|0.908437|0.962302|0.90075|0.989066|0.941223|0.918796|0.962548|0.942571,6.1663|5.09381|5.49513|2.86033|3.296|3.30965|0.398509|4.47725|5.20069|6.07392|0.158043|1.08178|4.27287|0.495993|5.30103|5.03831,30.2686|65.1286|34.0839|55.8812|51.9585|13.9548|88.6198|37.015|10.4739|81.7362|37.2729|32.9383|55.4093|99.595|65.9961,0.203801|0.213744|0.241671|0.242937|0.186587|0.170437|0.186425|0.210886|0.174627|0.162628|0.182098|0.172139|0.248326|0.247994|0.164414,0.231522|0.918405|0.885236|0.659214|0.544273|0.374611|0.549125|0.320755|0.966142|0.858929|0.770624|0.198275|0.993536|0.395032|0.843193,0.823926,0.95139,0.0501489,0.117049,0.421933,0.504875,0.0617885,0.490527,0.190703,0.903761,75.0845,2.21625e-10,46823,0.876134,54.7023,1.84253e-11,19749,0.862527,0.834378,0.0578779,0.973354,0.582731,0.492938,0.169781,0.516908,0.130486,0.880588,73.1261,1.75166e-13,58607,0.898519,78.1077,8.52274e-10,81618
7,99,n1->n11->n21->n22->n23->n33->n34->n24->n14->n4->n5->n6->n7->n8->n9->n10,3.00404e+13|1.20939e+11|9.90425e+12|3.33855e+10|2.96172e+12|2.00146e+11|8.58911e+09|1.29684e+09|6.27509e+09|5.19663e+13|5.16898e+10|2.5768e+13|6.61732e+12|3.56515e+09|5.76717e+13|1.84599e+12,4.34899e+12|1.2827e+10|5.08175e+12|5.85316e+09|1.84325e+12|8.83508e+10|2.66028e+09|2.35993e+08|5.15166e+09|3.73718e+13|1.84025e+10|1.13857e+13|1.34423e+12|2.20969e+09|4.50387e+13|5.88715e+11,2.20593e-05|3.68162e-05|0.00038331|0.000542243|0.000180222|4.41209e-05|0.00013417|0.00017517|0.000129815|4.65401e-05|0.000380256|0.00033585|4.39527e-05|0.000765253|0.000204857|6.01787e-05,0.00633895|0.000290726|0.000195522|0.000311917|0.00771594|0.00789851|0.000710075|0.000205887|0.000102845|0.000153837|0.000293754|0.00369855|0.000669129|0.000152009|0.00126725|0.00101454,0.0242308|0.0396791|0.0338837|0.0207751|0.0401254|0.0489836|0.0136277|0.0292034|0.000914227|0.0140069|0.0482045|0.021023|0.043186|0.00764741|0.0459616|0.0261239,0.0186446|0.0224647|0.0368511|0.0183961|0.0200103|0.00598368|0.0139311|0.0180799|0.0388816|0.0421418|0.0296199|0.0399306|0.0011028|0.0487049|0.032776|0.0180416,0.952597|0.92663|0.928497|0.985316|0.990327|0.932663|0.994252|0.950767|0.915384|0.962302|0.90075|0.989066|0.941223|0.918796|0.962548|0.942571,6.1663|5.09381|5.49513|2.86033|3.296|1.30673|5.80364|0.01178|3.76198|6.07392|0.158043|1.08178|4.27287|0.495993|5.30103|5.03831,30.2686|65.1286|34.0839|55.8812|76.7594|23.5709|58.7029|66.6304|52.1141|81.7362|37.2729|32.9383|55.4093|99.595|65.9961,0.203801|0.213744|0.241671|0.242937|0.188216|0.175455|0.202876|0.19366|0.216325|0.162628|0.182098|0.172139|0.248326|0.247994|0.164414,0.231522|0.918405|0.885236|0.659214|0.933277|0.947109|0.259687|0.634426|0.474765|0.858929|0.770624|0.198275|0.993536|0.395032|0.843193,0.823926,0.95139,0.0501489,0.117049,0.421933,0.504875,0.0617885,0.490527,0.190703,0.903761,75.0845,2.21625e-10,46823,0.876134,54.7023,1.84253e-11,19749,0.862527,0.834378,0.0578779,0.973354,0.582731,0.492938,0.169781,0.516908,0.130486,0.880588,73.1261,1.75166e-13,58607,0.898519,78.1077,8.52274e-10,81618
7,100,n1->n11->n12->n22->n32->n33->n34->n24->n14->n15->n16->n6->n7->n8->n9->n10,3.00404e+13|1.20939e+11|1.24762e+09|3.33855e+10|2.648e+10|2.00146e+11|8.58911e+09|1.29684e+09|6.27509e+09|2.54337e+12|3.1854e+11|2.5768e+13|6.61732e+12|3.56515e+09|5.76717e+13|1.84599e+12,4.34899e+12|1.2827e+10|1.86352e+08|5.85316e+09|2.58541e+10|8.83508e+10|2.66028e+09|2.35993e+08|5.15166e+09|4.83922e+11|2.90528e+11|1.13857e+13|1.34423e+12|2.20969e+09|4.50387e+13|5.88715e+11,2.20593e-05|3.68162e-05|0.000450723|0.000542243|1.30256e-05|4.41209e-05|0.00013417|0.00017517|0.000129815|0.000137603|6.13843e-05|0.00033585|4.39527e-05|0.000765253|0.000204857|6.01787e-05,0.00633895|0.000290726|0.00126271|0.000311917|0.000435298|0.00789851|0.000710075|0.000205887|0.000102845|0.000302355|0.00133185|0.00369855|0.000669129|0.000152009|0.00126725|0.00101454,0.0242308|0.0396791|0.0386825|0.0207751|0.0160711|0.0489836|0.0136277|0.0292034|0.000914227|0.0473158|0.0464353|0.021023|0.043186|0.00764741|0.0459616|0.0261239,0.0186446|0.0224647|0.0419088|0.0183961|0.0189693|0.00598368|0.0139311|0.0180799|0.0388816|0.0430085|0.00814055|0.0399306|0.0011028|0.0487049|0.032776|0.0180416,0.952597|0.92663|0.989487|0.985316|0.965054|0.932663|0.994252|0.950767|0.915384|0.927364|0.952296|0.989066|0.941223|0.918796|0.962548|0.942571,6.1663|5.09381|0.398509|2.86033|1.55662|1.30673|5.80364|0.01178|3.76198|3.32264|0.663963|1.08178|4.27287|0.495993|5.30103|5.03831,30.2686|24.4191|13.2112|86.2435|67.4197|23.5709|58.7029|66.6304|92.5451|56.2706|50.0569|32.9383|55.4093|99.595|65.9961,0.203801|0.165933|0.192459|0.214079|0.180414|0.175455|0.202876|0.19366|0.162606|0.202376|0.160573|0.172139|0.248326|0.247994|0.164414,0.231522|0.813401|0.714952|0.140505|0.604192|0.947109|0.259687|0.634426|0.327689|0.428028|0.76956|0.198275|0.993536|0.395032|0.843193,0.823926,0.95139,0.0501489,0.117049,0.421933,0.504875,0.0617885,0.490527,0.190703,0.903761,75.0845,2.21625e-10,46823,0.876134,54.7023,1.84253e-11,19749,0.862527,0.834378,0.0578779,0.973354,0.582731,0.492938,0.169781,0.516908,0.130486,0.880588,73.1261,1.75166e-13,58607,0.898519,78.1077,8.52274e-10,81618
7,101,n1->n11->n21->n31->n32->n22->n23->n24->n25->n15->n16->n6->n7->n8->n9->n10,3.00404e+13|1.20939e+11|9.90425e+12|1.0619e+09|2.648e+10|3.33855e+10|2.96172e+12|1.29684e+09|1.74625e+13|2.54337e+12|3.1854e+11|2.5768e+13|6.61732e+12|3.56515e+09|5.76717e+13|1.84599e+12,4.34899e+12|1.2827e+10|5.08175e+12|4.60453e+08|2.58541e+10|5.85316e+09|1.84325e+12|2.35993e+08|4.01821e+12|4.83922e+11|2.90528e+11|1.13857e+13|1.34423e+12|2.20969e+09|4.50387e+13|5.88715e+11,2.20593e-05|3.68162e-05|0.00038331|1.64296e-05|1.30256e-05|0.000542243|0.000180222|0.00017517|1.90685e-05|0.000137603|6.13843e-05|0.00033585|4.39527e-05|0.000765253|0.000204857|6.01787e-05,0.00633895|0.000290726|0.000195522|0.000906769|0.000435298|0.000311917|0.00771594|0.000205887|0.000751332|0.000302355|0.00133185|0.00369855|0.000669129|0.000152009|0.00126725|0.00101454,0.0242308|0.0396791|0.0338837|0.0130158|0.0160711|0.0207751|0.0401254|0.0292034|0.0243089|0.0473158|0.0464353|0.021023|0.043186|0.00764741|0.0459616|0.0261239,0.0186446|0.0224647|0.0368511|0.0196191|0.0189693|0.0183961|0.0200103|0.0180799|0.0318701|0.0430085|0.00814055|0.0399306|0.0011028|0.0487049|0.032776|0.0180416,0.952597|0.92663|0.928497|0.951022|0.965054|0.985316|0.990327|0.950767|0.949833|0.927364|0.952296|0.989066|0.941223|0.918796|0.962548|0.942571,6.1663|5.09381|5.49513|0.0908807|1.55662|2.86033|3.296|0.01178|0.273467|3.32264|0.663963|1.08178|4.27287|0.495993|5.30103|5.03831,30.2686|65.1286|89.2299|63.0993|86.2435|55.8812|67.5745|18.2346|54.7186|56.2706|50.0569|32.9383|55.4093|99.595|65.9961,0.203801|0.213744|0.165795|0.235942|0.214079|0.242937|0.237043|0.245477|0.216167|0.202376|0.160573|0.172139|0.248326|0.247994|0.164414,0.231522|0.918405|0.78117|0.935252|0.140505|0.659214|0.141763|0.99271|0.845754|0.428028|0.76956|0.198275|0.993536|0.395032|0.843193,0.823926,0.95139,0.0501489,0.117049,0.421933,0.504875,0.0617885,0.490527,0.190703,0.903761,75.0845,2.21625e-10,46823,0.876134,54.7023,1.84253e-11,19749,0.862527,0.834378,0.0578779,0.973354,0.582731,0.492938,0.169781,0.516908,0.130486,0.880588,73.1261,1.75166e-13,58607,0.898519,78.1077,8.52274e-10,81618
7,102,n1->n2->n3->n13->n14->n4->n5->n15->n25->n26->n27->n28->n29->n19->n20->n10,3.00404e+13|3.30326e+11|2.51637e+13|9.91228e+12|6.27509e+09|5.19663e+13|5.16898e+10|2.54337e+12|1.74625e+13|2.27804e+13|4.805e+11|2.00194e+10|7.17101e+11|3.60508e+09|5.12291e+10|1.84599e+12,4.34899e+12|4.87974e+10|1.20723e+13|5.06921e+12|5.15166e+09|3.73718e+13|1.84025e+10|4.83922e+11|4.01821e+12|6.51734e+12|5.39868e+10|2.90952e+09|3.48e+11|3.20505e+09|1.63614e+10|5.88715e+11,2.20593e-05|0.000150149|0.000235236|2.59449e-05|0.000129815|4.65401e-05|0.000380256|0.000137603|1.90685e-05|1.42553e-05|3.96201e-05|2.03718e-05|2.27027e-05|1.67639e-05|0.000310364|6.01787e-05,0.00633895|0.00466227|0.00100075|0.00730137|0.000102845|0.000153837|0.000293754|0.000302355|0.000751332|0.00351282|0.00945776|0.00287426|0.00283907|0.000326693|0.0012652|0.00101454,0.0242308|0.0466207|0.0318488|0.0202101|0.000914227|0.0140069|0.0482045|0.0473158|0.0243089|0.0330077|0.0331096|0.0321405|0.0468048|0.0091317|0.0371796|0.0261239,0.0186446|0.0412655|0.014719|0.0443805|0.0388816|0.0421418|0.0296199|0.0430085|0.0318701|0.0324719|0.0209467|0.0034903|0.0300525|0.000373191|0.0330818|0.0180416,0.952597|0.917952|0.908437|0.957486|0.915384|0.962302|0.90075|0.927364|0.949833|0.940557|0.921124|0.910929|0.918632|0.929843|0.957813|0.942571,6.1663|4.47725|5.20069|3.30965|3.76198|6.07392|0.158043|3.32264|0.273467|2.57923|4.68229|3.98258|4.2697|6.12095|4.08186|5.03831,79.8117|37.015|83.9106|56.34|52.1141|81.7362|35.0583|54.7186|55.6995|42.5138|15.3326|39.0733|84.7043|10.3361|29.3778,0.206816|0.210886|0.200225|0.230897|0.216325|0.162628|0.245093|0.216167|0.203915|0.196406|0.223307|0.169124|0.173571|0.223504|0.230351,0.332644|0.320755|0.417051|0.964918|0.474765|0.858929|0.442729|0.845754|0.192082|0.171578|0.17421|0.940637|0.743008|0.865166|0.451282,0.823926,0.95139,0.0501489,0.117049,0.421933,0.504875,0.0617885,0.490527,0.190703,0.903761,75.0845,2.21625e-10,46823,0.876134,54.7023,1.84253e-11,19749,0.862527,0.834378,0.0578779,0.973354,0.582731,0.492938,0.169781,0.516908,0.130486,0.880588,73.1261,1.75166e-13,58607,0.898519,78.1077,8.52274e-10,81618
7,103,n1->n2->n3->n13->n23->n33->n34->n24->n25->n15->n16->n6->n7->n8->n9->n10,3.00404e+13|3.30326e+11|2.51637e+13|9.91228e+12|2.96172e+12|2.00146e+11|8.58911e+09|1.29684e+09|1.74625e+13|2.54337e+12|3.1854e+11|2.5768e+13|6.61732e+12|3.56515e+09|5.76717e+13|1.84599e+12,4.34899e+12|4.87974e+10|1.20723e+13|5.06921e+12|1.84325e+12|8.83508e+10|2.66028e+09|2.35993e+08|4.01821e+12|4.83922e+11|2.90528e+11|1.13857e+13|1.34423e+12|2.20969e+09|4.50387e+13|5.88715e+11,2.20593e-05|0.000150149|0.000235236|2.59449e-05|0.000180222|4.41209e-05|0.00013417|0.00017517|1.90685e-05|0.000137603|6.13843e-05|0.00033585|4.39527e-05|0.000765253|0.000204857|6.01787e-05,0.00633895|0.00466227|0.00100075|0.00730137|0.00771594|0.00789851|0.000710075|0.000205887|0.000751332|0.000302355|0.00133185|0.00369855|0.000669129|0.000152009|0.00126725|0.00101454,0.0242308|0.0466207|0.0318488|0.0202101|0.0401254|0.0489836|0.0136277|0.0292034|0.0243089|0.0473158|0.0464353|0.021023|0.043186|0.00764741|0.0459616|0.0261239,0.0186446|0.0412655|0.014719|0.0443805|0.0200103|0.00598368|0.0139311|0.0180799|0.0318701|0.0430085|0.00814055|0.0399306|0.0011028|0.0487049|0.032776|0.0180416,0.952597|0.917952|0.908437|0.957486|0.990327|0.932663|0.994252|0.950767|0.949833|0.927364|0.952296|0.989066|0.941223|0.918796|0.962548|0.942571,6.1663|4.47725|5.20069|3.30965|3.296|1.30673|5.80364|0.01178|0.273467|3.32264|0.663963|1.08178|4.27287|0.495993|5.30103|5.03831,79.8117|37.015|83.9106|51.9585|76.7594|23.5709|58.7029|18.2346|54.7186|56.2706|50.0569|32.9383|55.4093|99.595|65.9961,0.206816|0.210886|0.200225|0.186587|0.188216|0.175455|0.202876|0.245477|0.216167|0.202376|0.160573|0.172139|0.248326|0.247994|0.164414,0.332644|0.320755|0.417051|0.544273|0.933277|0.947109|0.259687|0.99271|0.845754|0.428028|0.76956|0.198275|0.993536|0.395032|0.843193,0.823926,0.95139,0.0501489,0.117049,0.421933,0.504875,0.0617885,0.490527,0.190703,0.903761,75.0845,2.21625e-10,46823,0.876134,54.7023,1.84253e-11,19749,0.862527,0.834378,0.0578779,0.973354,0.582731,0.492938,0.169781,0.516908,0.130486,0.880588,73.1261,1.75166e-13,58607,0.898519,78.1077,8.52274e-10,81618
7,104,n1->n11->n21->n31->n32->n33->n23->n13->n3->n4->n5->n6->n7->n8->n9->n10,3.00404e+13|1.20939e+11|9.90425e+12|1.0619e+09|2.648e+10|2.00146e+11|2.96172e+12|9.91228e+12|2.51637e+13|5.19663e+13|5.16898e+10|2.5768e+13|6.61732e+12|3.56515e+09|5.76717e+13|1.84599e+12,4.34899e+12|1.2827e+10|5.08175e+12|4.60453e+08|2.58541e+10|8.83508e+10|1.84325e+12|5.06921e+12|1.20723e+13|3.73718e+13|1.84025e+10|1.13857e+13|1.34423e+12|2.20969e+09|4.50387e+13|5.88715e+11,2.20593e-05|3.68162e-05|0.00038331|1.64296e-05|1.30256e-05|4.41209e-05|0.000180222|2.59449e-05|0.000235236|4.65401e-05|0.000380256|0.00033585|4.39527e-05|0.000765253|0.000204857|6.01787e-05,0.00633895|0.000290726|0.000195522|0.000906769|0.000435298|0.00789851|0.00771594|0.00730137|0.00100075|0.000153837|0.000293754|0.00369855|0.000669129|0.000152009|0.00126725|0.00101454,0.0242308|0.0396791|0.0338837|0.0130158|0.0160711|0.0489836|0.0401254|0.0202101|0.0318488|0.0140069|0.0482045|0.021023|0.043186|0.00764741|0.0459616|0.0261239,0.0186446|0.0224647|0.0368511|0.0196191|0.0189693|0.00598368|0.0200103|0.0443805|0.014719|0.0421418|0.0296199|0.0399306|0.0011028|0.0487049|0.032776|0.0180416,0.952597|0.92663|0.928497|0.951022|0.965054|0.932663|0.990327|0.957486|0.908437|0.962302|0.90075|0.989066|0.941223|0.918796|0.962548|0.942571,6.1663|5.09381|5.49513|0.0908807|1.55662|1.30673|3.296|3.30965|5.20069|6.07392|0.158043|1.08178|4.27287|0.495993|5.30103|5.03831,30.2686|65.1286|89.2299|63.0993|67.4197|76.7594|51.9585|83.9106|10.4739|81.7362|37.2729|32.9383|55.4093|99.595|65.9961,0.203801|0.213744|0.165795|0.235942|0.180414|0.188216|0.186587|0.200225|0.174627|0.162628|0.182098|0.172139|0.248326|0.247994|0.164414,0.231522|0.918405|0.78117|0.935252|0.604192|0.933277|0.544273|0.417051|0.966142|0.858929|0.770624|0.198275|0.993536|0.395032|0.843193,0.823926,0.95139,0.0501489,0.117049,0.421933,0.504875,0.0617885,0.490527,0.190703,0.903761,75.0845,2.21625e-10,46823,0.876134,54.7023,1.84253e-11,19749,0.862527,0.834378,0.0578779,0.973354,0.582731,0.492938,0.169781,0.516908,0.130486,0.880588,73.1261,1.75166e-13,58607,0.898519,78.1077,8.52274e-10,81618
7,105,n1->n2->n3->n4->n5->n15->n14->n24->n25->n26->n16->n17->n18->n19->n9->n10,3.00404e+13|3.30326e+11|2.51637e+13|5.19663e+13|5.16898e+10|2.54337e+12|6.27509e+09|1.29684e+09|1.74625e+13|2.27804e+13|3.1854e+11|1.22319e+12|5.54701e+12|3.60508e+09|5.76717e+13|1.84599e+12,4.34899e+12|4.87974e+10|1.20723e+13|3.73718e+13|1.84025e+10|4.83922e+11|5.15166e+09|2.35993e+08|4.01821e+12|6.51734e+12|2.90528e+11|2.83908e+11|1.02041e+12|3.20505e+09|4.50387e+13|5.88715e+11,2.20593e-05|0.000150149|0.000235236|4.65401e-05|0.000380256|0.000137603|0.000129815|0.00017517|1.90685e-05|1.42553e-05|6.13843e-05|0.000861533|0.000192357|1.67639e-05|0.000204857|6.01787e-05,0.00633895|0.00466227|0.00100075|0.000153837|0.000293754|0.000302355|0.000102845|0.000205887|0.000751332|0.00351282|0.00133185|0.000677358|0.000119135|0.000326693|0.00126725|0.00101454,0.0242308|0.0466207|0.0318488|0.0140069|0.0482045|0.0473158|0.000914227|0.0292034|0.0243089|0.0330077|0.0464353|0.00680938|0.00984451|0.0091317|0.0459616|0.0261239,0.0186446|0.0412655|0.014719|0.0421418|0.0296199|0.0430085|0.0388816|0.0180799|0.0318701|0.0324719|0.00814055|0.0417|0.046614|0.000373191|0.032776|0.0180416,0.952597|0.917952|0.908437|0.962302|0.90075|0.927364|0.915384|0.950767|0.949833|0.940557|0.952296|0.977982|0.970227|0.929843|0.962548|0.942571,6.1663|4.47725|5.20069|6.07392|0.158043|3.32264|3.76198|0.01178|0.273467|2.57923|0.663963|4.36593|1.44936|6.12095|5.30103|5.03831,79.8117|37.015|10.4739|81.7362|35.0583|92.5451|66.6304|18.2346|55.6995|11.0615|32.2763|27.3162|28.0546|99.0064|65.9961,0.206816|0.210886|0.174627|0.162628|0.245093|0.162606|0.19366|0.245477|0.203915|0.223443|0.181751|0.234286|0.195276|0.249757|0.164414,0.332644|0.320755|0.966142|0.858929|0.442729|0.327689|0.634426|0.99271|0.192082|0.800147|0.408588|0.288398|0.486895|0.797563|0.843193,0.823926,0.95139,0.0501489,0.117049,0.421933,0.504875,0.0617885,0.490527,0.190703,0.903761,75.0845,2.21625e-10,46823,0.876134,54.7023,1.84253e-11,19749,0.862527,0.834378,0.0578779,0.973354,0.582731,0.492938,0.169781,0.516908,0.130486,0.880588,73.1261,1.75166e-13,58607,0.898519,78.1077,8.52274e-10,81618
7,106,n1->n11->n21->n22->n32->n33->n34->n24->n25->n26->n27->n17->n18->n8->n9->n10,3.00404e+13|1.20939e+11|9.90425e+12|3.33855e+10|2.648e+10|2.00146e+11|8.58911e+09|1.29684e+09|1.74625e+13|2.27804e+13|4.805e+11|1.22319e+12|5.54701e+12|3.56515e+09|5.76717e+13|1.84599e+12,4.34899e+12|1.2827e+10|5.08175e+12|5.85316e+09|2.58541e+10|8.83508e+10|2.66028e+09|2.35993e+08|4.01821e+12|6.51734e+12|5.39868e+10|2.83908e+11|1.02041e+12|2.20969e+09|4.50387e+13|5.88715e+11,2.20593e-05|3.68162e-05|0.00038331|0.000542243|1.30256e-05|4.41209e-05|0.00013417|0.00017517|1.90685e-05|1.42553e-05|3.96201e-05|0.000861533|0.000192357|0.000765253|0.000204857|6.01787e-05,0.00633895|0.000290726|0.000195522|0.000311917|0.000435298|0.00789851|0.000710075|0.000205887|0.000751332|0.00351282|0.00945776|0.000677358|0.000119135|0.000152009|0.00126725|0.00101454,0.0242308|0.0396791|0.0338837|0.0207751|0.0160711|0.0489836|0.0136277|0.0292034|0.0243089|0.0330077|0.0331096|0.00680938|0.00984451|0.00764741|0.0459616|0.0261239,0.0186446|0.0224647|0.0368511|0.0183961|0.0189693|0.00598368|0.0139311|0.0180799|0.0318701|0.0324719|0.0209467|0.0417|0.046614|0.0487049|0.032776|0.0180416,0.952597|0.92663|0.928497|0.985316|0.965054|0.932663|0.994252|0.950767|0.949833|0.940557|0.921124|0.977982|0.970227|0.918796|0.962548|0.942571,6.1663|5.09381|5.49513|2.86033|1.55662|1.30673|5.80364|0.01178|0.273467|2.57923|4.68229|4.36593|1.44936|0.495993|5.30103|5.03831,30.2686|65.1286|34.0839|86.2435|67.4197|23.5709|58.7029|18.2346|55.6995|42.5138|72.2829|27.3162|81.3396|99.595|65.9961,0.203801|0.213744|0.241671|0.214079|0.180414|0.175455|0.202876|0.245477|0.203915|0.196406|0.208534|0.234286|0.190026|0.247994|0.164414,0.231522|0.918405|0.885236|0.140505|0.604192|0.947109|0.259687|0.99271|0.192082|0.171578|0.91001|0.288398|0.718603|0.395032|0.843193,0.823926,0.95139,0.0501489,0.117049,0.421933,0.504875,0.0617885,0.490527,0.190703,0.903761,75.0845,2.21625e-10,46823,0.876134,54.7023,1.84253e-11,19749,0.862527,0.834378,0.0578779,0.973354,0.582731,0.492938,0.169781,0.516908,0.130486,0.880588,73.1261,1.75166e-13,58607,0.898519,78.1077,8.52274e-10,81618
7,107,n1->n2->n12->n22->n32->n33->n34->n35->n36->n26->n27->n17->n7->n8->n9->n10,3.00404e+13|3.30326e+11|1.24762e+09|3.33855e+10|2.648e+10|2.00146e+11|8.58911e+09|2.39604e+09|8.46195e+13|2.27804e+13|4.805e+11|1.22319e+12|6.61732e+12|3.56515e+09|5.76717e+13|1.84599e+12,4.34899e+12|4.87974e+10|1.86352e+08|5.85316e+09|2.58541e+10|8.83508e+10|2.66028e+09|1.08654e+09|1.28753e+13|6.51734e+12|5.39868e+10|2.83908e+11|1.34423e+12|2.20969e+09|4.50387e+13|5.88715e+11,2.20593e-05|0.000150149|0.000450723|0.000542243|1.30256e-05|4.41209e-05|0.00013417|8.19889e-05|1.79749e-05|1.42553e-05|3.96201e-05|0.000861533|4.39527e-05|0.000765253|0.000204857|6.01787e-05,0.00633895|0.00466227|0.00126271|0.000311917|0.000435298|0.00789851|0.000710075|0.00238577|0.00287041|0.00351282|0.00945776|0.000677358|0.000669129|0.000152009|0.00126725|0.00101454,0.0242308|0.0466207|0.0386825|0.0207751|0.0160711|0.0489836|0.0136277|0.029848|0.0388718|0.0330077|0.0331096|0.00680938|0.043186|0.00764741|0.0459616|0.0261239,0.0186446|0.0412655|0.0419088|0.0183961|0.0189693|0.00598368|0.0139311|0.0444626|0.0336137|0.0324719|0.0209467|0.0417|0.0011028|0.0487049|0.032776|0.0180416,0.952597|0.917952|0.989487|0.985316|0.965054|0.932663|0.994252|0.906364|0.973739|0.940557|0.921124|0.977982|0.941223|0.918796|0.962548|0.942571,6.1663|4.47725|0.398509|2.86033|1.55662|1.30673|5.80364|2.19659|4.35878|2.57923|4.68229|4.36593|4.27287|0.495993|5.30103|5.03831,79.8117|88.6198|13.2112|86.2435|67.4197|23.5709|31.5608|18.7034|63.8366|42.5138|72.2829|59.8148|55.4093|99.595|65.9961,0.206816|0.186425|0.192459|0.214079|0.180414|0.175455|0.2299|0.172208|0.196472|0.196406|0.208534|0.230578|0.248326|0.247994|0.164414,0.332644|0.549125|0.714952|0.140505|0.604192|0.947109|0.185954|0.710372|0.879572|0.171578|0.91001|0.245965|0.993536|0.395032|0.843193,0.823926,0.95139,0.0501489,0.117049,0.421933,0.504875,0.0617885,0.490527,0.190703,0.903761,75.0845,2.21625e-10,46823,0.876134,54.7023,1.84253e-11,19749,0.862527,0.834378,0.0578779,0.973354,0.582731,0.492938,0.169781,0.516908,0.130486,0.880588,73.1261,1.75166e-13,58607,0.898519,78.1077,8.52274e-10,81618
7,108,n1->n11->n12->n13->n14->n24->n25->n15->n5->n6->n16->n17->n7->n8->n9->n10,3.00404e+13|1.20939e+11|1.24762e+09|9.91228e+12|6.27509e+09|1.29684e+09|1.74625e+13|2.54337e+12|5.16898e+10|2.5768e+13|3.1854e+11|1.22319e+12|6.61732e+12|3.56515e+09|5.76717e+13|1.84599e+12,4.34899e+12|1.2827e+10|1.86352e+08|5.06921e+12|5.15166e+09|2.35993e+08|4.01821e+12|4.83922e+11|1.84025e+10|1.13857e+13|2.90528e+11|2.83908e+11|1.34423e+12|2.20969e+09|4.50387e+13|5.88715e+11,2.20593e-05|3.68162e-05|0.000450723|2.59449e-05|0.000129815|0.00017517|1.90685e-05|0.000137603|0.000380256|0.00033585|6.13843e-05|0.000861533|4.39527e-05|0.000765253|0.000204857|6.01787e-05,0.00633895|0.000290726|0.00126271|0.00730137|0.000102845|0.000205887|0.000751332|0.000302355|0.000293754|0.00369855|0.00133185|0.000677358|0.000669129|0.000152009|0.00126725|0.00101454,0.0242308|0.0396791|0.0386825|0.0202101|0.000914227|0.0292034|0.0243089|0.0473158|0.0482045|0.021023|0.0464353|0.00680938|0.043186|0.00764741|0.0459616|0.0261239,0.0186446|0.0224647|0.0419088|0.0443805|0.0388816|0.0180799|0.0318701|0.0430085|0.0296199|0.0399306|0.00814055|0.0417|0.0011028|0.0487049|0.032776|0.0180416,0.952597|0.92663|0.989487|0.957486|0.915384|0.950767|0.949833|0.927364|0.90075|0.989066|0.952296|0.977982|0.941223|0.918796|0.962548|0.942571,6.1663|5.09381|0.398509|3.30965|3.76198|0.01178|0.273467|3.32264|0.158043|1.08178|0.663963|4.36593|4.27287|0.495993|5.30103|5.03831,30.2686|24.4191|13.9548|56.34|66.6304|18.2346|54.7186|35.0583|37.2729|50.0569|32.2763|59.8148|55.4093|99.595|65.9961,0.203801|0.165933|0.170437|0.230897|0.19366|0.245477|0.216167|0.245093|0.182098|0.160573|0.181751|0.230578|0.248326|0.247994|0.164414,0.231522|0.813401|0.374611|0.964918|0.634426|0.99271|0.845754|0.442729|0.770624|0.76956|0.408588|0.245965|0.993536|0.395032|0.843193,0.823926,0.95139,0.0501489,0.117049,0.421933,0.504875,0.0617885,0.490527,0.190703,0.903761,75.0845,2.21625e-10,46823,0.876134,54.7023,1.84253e-11,19749,0.862527,0.834378,0.0578779,0.973354,0.582731,0.492938,0.169781,0.516908,0.130486,0.880588,73.1261,1.75166e-13,58607,0.898519,78.1077,8.52274e-10,81618
7,109,n1->n11->n21->n31->n32->n33->n34->n35->n36->n37->n27->n17->n7->n8->n9->n10,3.00404e+13|1.20939e+11|9.90425e+12|1.0619e+09|2.648e+10|2.00146e+11|8.58911e+09|2.39604e+09|8.46195e+13|4.77368e+09|4.805e+11|1.22319e+12|6.61732e+12|3.56515e+09|5.76717e+13|1.84599e+12,4.34899e+12|1.2827e+10|5.08175e+12|4.60453e+08|2.58541e+10|8.83508e+10|2.66028e+09|1.08654e+09|1.28753e+13|1.93676e+09|5.39868e+10|2.83908e+11|1.34423e+12|2.20969e+09|4.50387e+13|5.88715e+11,2.20593e-05|3.68162e-05|0.00038331|1.64296e-05|1.30256e-05|4.41209e-05|0.00013417|8.19889e-05|1.79749e-05|0.000357893|3.96201e-05|0.000861533|4.39527e-05|0.000765253|0.000204857|6.01787e-05,0.00633895|0.000290726|0.000195522|0.000906769|0.000435298|0.00789851|0.000710075|0.00238577|0.00287041|0.00538311|0.00945776|0.000677358|0.000669129|0.000152009|0.00126725|0.00101454,0.0242308|0.0396791|0.0338837|0.0130158|0.0160711|0.0489836|0.0136277|0.029848|0.0388718|0.0123118|0.0331096|0.00680938|0.043186|0.00764741|0.0459616|0.0261239,0.0186446|0.0224647|0.0368511|0.0196191|0.0189693|0.00598368|0.0139311|0.0444626|0.0336137|0.00637154|0.0209467|0.0417|0.0011028|0.0487049|0.032776|0.0180416,0.952597|0.92663|0.928497|0.951022|0.965054|0.932663|0.994252|0.906364|0.973739|0.974204|0.921124|0.977982|0.941223|0.918796|0.962548|0.942571,6.1663|5.09381|5.49513|0.0908807|1.55662|1.30673|5.80364|2.19659|4.35878|1.61194|4.68229|4.36593|4.27287|0.495993|5.30103|5.03831,30.2686|65.1286|89.2299|63.0993|67.4197|23.5709|31.5608|18.7034|29.3504|44.8869|72.2829|59.8148|55.4093|99.595|65.9961,0.203801|0.213744|0.165795|0.235942|0.180414|0.175455|0.2299|0.172208|0.206848|0.174392|0.208534|0.230578|0.248326|0.247994|0.164414,0.231522|0.918405|0.78117|0.935252|0.604192|0.947109|0.185954|0.710372|0.153503|0.453078|0.91001|0.245965|0.993536|0.395032|0.843193,0.823926,0.95139,0.0501489,0.117049,0.421933,0.504875,0.0617885,0.490527,0.190703,0.903761,75.0845,2.21625e-10,46823,0.876134,54.7023,1.84253e-11,19749,0.862527,0.834378,0.0578779,0.973354,0.582731,0.492938,0.169781,0.516908,0.130486,0.880588,73.1261,1.75166e-13,58607,0.898519,78.1077,8.52274e-10,81618
7,110,n1->n11->n12->n22->n32->n33->n34->n24->n25->n26->n16->n6->n7->n8->n9->n10,3.00404e+13|1.20939e+11|1.24762e+09|3.33855e+10|2.648e+10|2.00146e+11|8.58911e+09|1.29684e+09|1.74625e+13|2.27804e+13|3.1854e+11|2.5768e+13|6.61732e+12|3.56515e+09|5.76717e+13|1.84599e+12,4.34899e+12|1.2827e+10|1.86352e+08|5.85316e+09|2.58541e+10|8.83508e+10|2.66028e+09|2.35993e+08|4.01821e+12|6.51734e+12|2.90528e+11|1.13857e+13|1.34423e+12|2.20969e+09|4.50387e+13|5.88715e+11,2.20593e-05|3.68162e-05|0.000450723|0.000542243|1.30256e-05|4.41209e-05|0.00013417|0.00017517|1.90685e-05|1.42553e-05|6.13843e-05|0.00033585|4.39527e-05|0.000765253|0.000204857|6.01787e-05,0.00633895|0.000290726|0.00126271|0.000311917|0.000435298|0.00789851|0.000710075|0.000205887|0.000751332|0.00351282|0.00133185|0.00369855|0.000669129|0.000152009|0.00126725|0.00101454,0.0242308|0.0396791|0.0386825|0.0207751|0.0160711|0.0489836|0.0136277|0.0292034|0.0243089|0.0330077|0.0464353|0.021023|0.043186|0.00764741|0.0459616|0.0261239,0.0186446|0.0224647|0.0419088|0.0183961|0.0189693|0.00598368|0.0139311|0.0180799|0.0318701|0.0324719|0.00814055|0.0399306|0.0011028|0.0487049|0.032776|0.0180416,0.952597|0.92663|0.989487|0.985316|0.965054|0.932663|0.994252|0.950767|0.949833|0.940557|0.952296|0.989066|0.941223|0.918796|0.962548|0.942571,6.1663|5.09381|0.398509|2.86033|1.55662|1.30673|5.80364|0.01178|0.273467|2.57923|0.663963|1.08178|4.27287|0.495993|5.30103|5.03831,30.2686|24.4191|13.2112|86.2435|67.4197|23.5709|58.7029|18.2346|55.6995|11.0615|50.0569|32.9383|55.4093|99.595|65.9961,0.203801|0.165933|0.192459|0.214079|0.180414|0.175455|0.202876|0.245477|0.203915|0.223443|0.160573|0.172139|0.248326|0.247994|0.164414,0.231522|0.813401|0.714952|0.140505|0.604192|0.947109|0.259687|0.99271|0.192082|0.800147|0.76956|0.198275|0.993536|0.395032|0.843193,0.823926,0.95139,0.0501489,0.117049,0.421933,0.504875,0.0617885,0.490527,0.190703,0.903761,75.0845,2.21625e-10,46823,0.876134,54.7023,1.84253e-11,19749,0.862527,0.834378,0.0578779,0.973354,0.582731,0.492938,0.169781,0.516908,0.130486,0.880588,73.1261,1.75166e-13,58607,0.898519,78.1077,8.52274e-10,81618
7,111,n1->n2->n3->n4->n5->n6->n16->n26->n27->n17->n7->n8->n18->n19->n9->n10,3.00404e+13|3.30326e+11|2.51637e+13|5.19663e+13|5.16898e+10|2.5768e+13|3.1854e+11|2.27804e+13|4.805e+11|1.22319e+12|6.61732e+12|3.56515e+09|5.54701e+12|3.60508e+09|5.76717e+13|1.84599e+12,4.34899e+12|4.87974e+10|1.20723e+13|3.73718e+13|1.84025e+10|1.13857e+13|2.90528e+11|6.51734e+12|5.39868e+10|2.83908e+11|1.34423e+12|2.20969e+09|1.02041e+12|3.20505e+09|4.50387e+13|5.88715e+11,2.20593e-05|0.000150149|0.000235236|4.65401e-05|0.000380256|0.00033585|6.13843e-05|1.42553e-05|3.96201e-05|0.000861533|4.39527e-05|0.000765253|0.000192357|1.67639e-05|0.000204857|6.01787e-05,0.00633895|0.00466227|0.00100075|0.000153837|0.000293754|0.00369855|0.00133185|0.00351282|0.00945776|0.000677358|0.000669129|0.000152009|0.000119135|0.000326693|0.00126725|0.00101454,0.0242308|0.0466207|0.0318488|0.0140069|0.0482045|0.021023|0.0464353|0.0330077|0.0331096|0.00680938|0.043186|0.00764741|0.00984451|0.0091317|0.0459616|0.0261239,0.0186446|0.0412655|0.014719|0.0421418|0.0296199|0.0399306|0.00814055|0.0324719|0.0209467|0.0417|0.0011028|0.0487049|0.046614|0.000373191|0.032776|0.0180416,0.952597|0.917952|0.908437|0.962302|0.90075|0.989066|0.952296|0.940557|0.921124|0.977982|0.941223|0.918796|0.970227|0.929843|0.962548|0.942571,6.1663|4.47725|5.20069|6.07392|0.158043|1.08178|0.663963|2.57923|4.68229|4.36593|4.27287|0.495993|1.44936|6.12095|5.30103|5.03831,79.8117|37.015|10.4739|81.7362|37.2729|50.0569|11.0615|42.5138|72.2829|59.8148|55.4093|81.3396|28.0546|99.0064|65.9961,0.206816|0.210886|0.174627|0.162628|0.182098|0.160573|0.223443|0.196406|0.208534|0.230578|0.248326|0.190026|0.195276|0.249757|0.164414,0.332644|0.320755|0.966142|0.858929|0.770624|0.76956|0.800147|0.171578|0.91001|0.245965|0.993536|0.718603|0.486895|0.797563|0.843193,0.823926,0.95139,0.0501489,0.117049,0.421933,0.504875,0.0617885,0.490527,0.190703,0.903761,75.0845,2.21625e-10,46823,0.876134,54.7023,1.84253e-11,19749,0.862527,0.834378,0.0578779,0.973354,0.582731,0.492938,0.169781,0.516908,0.130486,0.880588,73.1261,1.75166e-13,58607,0.898519,78.1077,8.52274e-10,81618
7,112,n1->n2->n12->n13->n3->n4->n5->n15->n16->n17->n7->n8->n18->n19->n9->n10,3.00404e+13|3.30326e+11|1.24762e+09|9.91228e+12|2.51637e+13|5.19663e+13|5.16898e+10|2.54337e+12|3.1854e+11|1.22319e+12|6.61732e+12|3.56515e+09|5.54701e+12|3.60508e+09|5.76717e+13|1.84599e+12,4.34899e+12|4.87974e+10|1.86352e+08|5.06921e+12|1.20723e+13|3.73718e+13|1.84025e+10|4.83922e+11|2.90528e+11|2.83908e+11|1.34423e+12|2.20969e+09|1.02041e+12|3.20505e+09|4.50387e+13|5.88715e+11,2.20593e-05|0.000150149|0.000450723|2.59449e-05|0.000235236|4.65401e-05|0.000380256|0.000137603|6.13843e-05|0.000861533|4.39527e-05|0.000765253|0.000192357|1.67639e-05|0.000204857|6.01787e-05,0.00633895|0.00466227|0.00126271|0.00730137|0.00100075|0.000153837|0.000293754|0.000302355|0.00133185|0.000677358|0.000669129|0.000152009|0.000119135|0.000326693|0.00126725|0.00101454,0.0242308|0.0466207|0.0386825|0.0202101|0.0318488|0.0140069|0.0482045|0.0473158|0.0464353|0.00680938|0.043186|0.00764741|0.00984451|0.0091317|0.0459616|0.0261239,0.0186446|0.0412655|0.0419088|0.0443805|0.014719|0.0421418|0.0296199|0.0430085|0.00814055|0.0417|0.0011028|0.0487049|0.046614|0.000373191|0.032776|0.0180416,0.952597|0.917952|0.989487|0.957486|0.908437|0.962302|0.90075|0.927364|0.952296|0.977982|0.941223|0.918796|0.970227|0.929843|0.962548|0.942571,6.1663|4.47725|0.398509|3.30965|5.20069|6.07392|0.158043|3.32264|0.663963|4.36593|4.27287|0.495993|1.44936|6.12095|5.30103|5.03831,79.8117|88.6198|13.9548|83.9106|10.4739|81.7362|35.0583|56.2706|32.2763|59.8148|55.4093|81.3396|28.0546|99.0064|65.9961,0.206816|0.186425|0.170437|0.200225|0.174627|0.162628|0.245093|0.202376|0.181751|0.230578|0.248326|0.190026|0.195276|0.249757|0.164414,0.332644|0.549125|0.374611|0.417051|0.966142|0.858929|0.442729|0.428028|0.408588|0.245965|0.993536|0.718603|0.486895|0.797563|0.843193,0.823926,0.95139,0.0501489,0.117049,0.421933,0.504875,0.0617885,0.490527,0.190703,0.903761,75.0845,2.21625e-10,46823,0.876134,54.7023,1.84253e-11,19749,0.862527,0.834378,0.0578779,0.973354,0.582731,0.492938,0.169781,0.516908,0.130486,0.880588,73.1261,1.75166e-13,58607,0.898519,78.1077,8.52274e-10,81618
7,113,n1->n11->n12->n22->n23->n24->n25->n26->n27->n37->n38->n39->n29->n30->n20->n10,3.00404e+13|1.20939e+11|1.24762e+09|3.33855e+10|2.96172e+12|1.29684e+09|1.74625e+13|2.27804e+13|4.805e+11|4.77368e+09|1.44427e+09|5.60545e+09|7.17101e+11|5.19288e+10|5.12291e+10|1.84599e+12,4.34899e+12|1.2827e+10|1.86352e+08|5.85316e+09|1.84325e+12|2.35993e+08|4.01821e+12|6.51734e+12|5.39868e+10|1.93676e+09|9.65742e+08|1.27972e+09|3.48e+11|5.81696e+09|1.63614e+10|5.88715e+11,2.20593e-05|3.68162e-05|0.000450723|0.000542243|0.000180222|0.00017517|1.90685e-05|1.42553e-05|3.96201e-05|0.000357893|0.000102797|2.14097e-05|2.27027e-05|4.02418e-05|0.000310364|6.01787e-05,0.00633895|0.000290726|0.00126271|0.000311917|0.00771594|0.000205887|0.000751332|0.00351282|0.00945776|0.00538311|0.000450056|0.000168176|0.00283907|0.00647396|0.0012652|0.00101454,0.0242308|0.0396791|0.0386825|0.0207751|0.0401254|0.0292034|0.0243089|0.0330077|0.0331096|0.0123118|0.000571455|0.0138154|0.0468048|0.020557|0.0371796|0.0261239,0.0186446|0.0224647|0.0419088|0.0183961|0.0200103|0.0180799|0.0318701|0.0324719|0.0209467|0.00637154|0.00176637|0.0274754|0.0300525|0.0432333|0.0330818|0.0180416,0.952597|0.92663|0.989487|0.985316|0.990327|0.950767|0.949833|0.940557|0.921124|0.974204|0.975299|0.919951|0.918632|0.948323|0.957813|0.942571,6.1663|5.09381|0.398509|2.86033|3.296|0.01178|0.273467|2.57923|4.68229|1.61194|3.07691|2.15935|4.2697|3.24827|4.08186|5.03831,30.2686|24.4191|13.2112|55.8812|67.5745|18.2346|55.6995|42.5138|44.8869|37.0378|69.5993|44.1502|83.4704|23.9015|29.3778,0.203801|0.165933|0.192459|0.242937|0.237043|0.245477|0.203915|0.196406|0.174392|0.216148|0.219101|0.182038|0.230925|0.202276|0.230351,0.231522|0.813401|0.714952|0.659214|0.141763|0.99271|0.192082|0.171578|0.453078|0.142457|0.845448|0.612986|0.431565|0.867602|0.451282,0.823926,0.95139,0.0501489,0.117049,0.421933,0.504875,0.0617885,0.490527,0.190703,0.903761,75.0845,2.21625e-10,46823,0.876134,54.7023,1.84253e-11,19749,0.862527,0.834378,0.0578779,0.973354,0.582731,0.492938,0.169781,0.516908,0.130486,0.880588,73.1261,1.75166e-13,58607,0.898519,78.1077,8.52274e-10,81618
7,114,n1->n2->n12->n11->n21->n22->n23->n13->n14->n15->n5->n6->n7->n8->n9->n10,3.00404e+13|3.30326e+11|1.24762e+09|1.20939e+11|9.90425e+12|3.33855e+10|2.96172e+12|9.91228e+12|6.27509e+09|2.54337e+12|5.16898e+10|2.5768e+13|6.61732e+12|3.56515e+09|5.76717e+13|1.84599e+12,4.34899e+12|4.87974e+10|1.86352e+08|1.2827e+10|5.08175e+12|5.85316e+09|1.84325e+12|5.06921e+12|5.15166e+09|4.83922e+11|1.84025e+10|1.13857e+13|1.34423e+12|2.20969e+09|4.50387e+13|5.88715e+11,2.20593e-05|0.000150149|0.000450723|3.68162e-05|0.00038331|0.000542243|0.000180222|2.59449e-05|0.000129815|0.000137603|0.000380256|0.00033585|4.39527e-05|0.000765253|0.000204857|6.01787e-05,0.00633895|0.00466227|0.00126271|0.000290726|0.000195522|0.000311917|0.00771594|0.00730137|0.000102845|0.000302355|0.000293754|0.00369855|0.000669129|0.000152009|0.00126725|0.00101454,0.0242308|0.0466207|0.0386825|0.0396791|0.0338837|0.0207751|0.0401254|0.0202101|0.000914227|0.0473158|0.0482045|0.021023|0.043186|0.00764741|0.0459616|0.0261239,0.0186446|0.0412655|0.0419088|0.0224647|0.0368511|0.0183961|0.0200103|0.0443805|0.0388816|0.0430085|0.0296199|0.0399306|0.0011028|0.0487049|0.032776|0.0180416,0.952597|0.917952|0.989487|0.92663|0.928497|0.985316|0.990327|0.957486|0.915384|0.927364|0.90075|0.989066|0.941223|0.918796|0.962548|0.942571,6.1663|4.47725|0.398509|5.09381|5.49513|2.86033|3.296|3.30965|3.76198|3.32264|0.158043|1.08178|4.27287|0.495993|5.30103|5.03831,79.8117|88.6198|24.4191|65.1286|34.0839|55.8812|51.9585|56.34|92.5451|35.0583|37.2729|32.9383|55.4093|99.595|65.9961,0.206816|0.186425|0.165933|0.213744|0.241671|0.242937|0.186587|0.230897|0.162606|0.245093|0.182098|0.172139|0.248326|0.247994|0.164414,0.332644|0.549125|0.813401|0.918405|0.885236|0.659214|0.544273|0.964918|0.327689|0.442729|0.770624|0.198275|0.993536|0.395032|0.843193,0.823926,0.95139,0.0501489,0.117049,0.421933,0.504875,0.0617885,0.490527,0.190703,0.903761,75.0845,2.21625e-10,46823,0.876134,54.7023,1.84253e-11,19749,0.862527,0.834378,0.0578779,0.973354,0.582731,0.492938,0.169781,0.516908,0.130486,0.880588,73.1261,1.75166e-13,58607,0.898519,78.1077,8.52274e-10,81618
7,115,n1->n11->n12->n13->n14->n24->n34->n35->n36->n37->n38->n28->n29->n30->n20->n10,3.00404e+13|1.20939e+11|1.24762e+09|9.91228e+12|6.27509e+09|1.29684e+09|8.58911e+09|2.39604e+09|8.46195e+13|4.77368e+09|1.44427e+09|2.00194e+10|7.17101e+11|5.19288e+10|5.12291e+10|1.84599e+12,4.34899e+12|1.2827e+10|1.86352e+08|5.06921e+12|5.15166e+09|2.35993e+08|2.66028e+09|1.08654e+09|1.28753e+13|1.93676e+09|9.65742e+08|2.90952e+09|3.48e+11|5.81696e+09|1.63614e+10|5.88715e+11,2.20593e-05|3.68162e-05|0.000450723|2.59449e-05|0.000129815|0.00017517|0.00013417|8.19889e-05|1.79749e-05|0.000357893|0.000102797|2.03718e-05|2.27027e-05|4.02418e-05|0.000310364|6.01787e-05,0.00633895|0.000290726|0.00126271|0.00730137|0.000102845|0.000205887|0.000710075|0.00238577|0.00287041|0.00538311|0.000450056|0.00287426|0.00283907|0.00647396|0.0012652|0.00101454,0.0242308|0.0396791|0.0386825|0.0202101|0.000914227|0.0292034|0.0136277|0.029848|0.0388718|0.0123118|0.000571455|0.0321405|0.0468048|0.020557|0.0371796|0.0261239,0.0186446|0.0224647|0.0419088|0.0443805|0.0388816|0.0180799|0.0139311|0.0444626|0.0336137|0.00637154|0.00176637|0.0034903|0.0300525|0.0432333|0.0330818|0.0180416,0.952597|0.92663|0.989487|0.957486|0.915384|0.950767|0.994252|0.906364|0.973739|0.974204|0.975299|0.910929|0.918632|0.948323|0.957813|0.942571,6.1663|5.09381|0.398509|3.30965|3.76198|0.01178|5.80364|2.19659|4.35878|1.61194|3.07691|3.98258|4.2697|3.24827|4.08186|5.03831,30.2686|24.4191|13.9548|56.34|66.6304|58.7029|31.5608|18.7034|29.3504|37.0378|23.518|39.0733|83.4704|23.9015|29.3778,0.203801|0.165933|0.170437|0.230897|0.19366|0.202876|0.2299|0.172208|0.206848|0.216148|0.218706|0.169124|0.230925|0.202276|0.230351,0.231522|0.813401|0.374611|0.964918|0.634426|0.259687|0.185954|0.710372|0.153503|0.142457|0.185341|0.940637|0.431565|0.867602|0.451282,0.823926,0.95139,0.0501489,0.117049,0.421933,0.504875,0.0617885,0.490527,0.190703,0.903761,75.0845,2.21625e-10,46823,0.876134,54.7023,1.84253e-11,19749,0.862527,0.834378,0.0578779,0.973354,0.582731,0.492938,0.169781,0.516908,0.130486,0.880588,73.1261,1.75166e-13,58607,0.898519,78.1077,8.52274e-10,81618
7,116,n1->n2->n12->n22->n23->n24->n25->n35->n36->n37->n38->n39->n29->n30->n20->n10,3.00404e+13|3.30326e+11|1.24762e+09|3.33855e+10|2.96172e+12|1.29684e+09|1.74625e+13|2.39604e+09|8.46195e+13|4.77368e+09|1.44427e+09|5.60545e+09|7.17101e+11|5.19288e+10|5.12291e+10|1.84599e+12,4.34899e+12|4.87974e+10|1.86352e+08|5.85316e+09|1.84325e+12|2.35993e+08|4.01821e+12|1.08654e+09|1.28753e+13|1.93676e+09|9.65742e+08|1.27972e+09|3.48e+11|5.81696e+09|1.63614e+10|5.88715e+11,2.20593e-05|0.000150149|0.000450723|0.000542243|0.000180222|0.00017517|1.90685e-05|8.19889e-05|1.79749e-05|0.000357893|0.000102797|2.14097e-05|2.27027e-05|4.02418e-05|0.000310364|6.01787e-05,0.00633895|0.00466227|0.00126271|0.000311917|0.00771594|0.000205887|0.000751332|0.00238577|0.00287041|0.00538311|0.000450056|0.000168176|0.00283907|0.00647396|0.0012652|0.00101454,0.0242308|0.0466207|0.0386825|0.0207751|0.0401254|0.0292034|0.0243089|0.029848|0.0388718|0.0123118|0.000571455|0.0138154|0.0468048|0.020557|0.0371796|0.0261239,0.0186446|0.0412655|0.0419088|0.0183961|0.0200103|0.0180799|0.0318701|0.0444626|0.0336137|0.00637154|0.00176637|0.0274754|0.0300525|0.0432333|0.0330818|0.0180416,0.952597|0.917952|0.989487|0.985316|0.990327|0.950767|0.949833|0.906364|0.973739|0.974204|0.975299|0.919951|0.918632|0.948323|0.957813|0.942571,6.1663|4.47725|0.398509|2.86033|3.296|0.01178|0.273467|2.19659|4.35878|1.61194|3.07691|2.15935|4.2697|3.24827|4.08186|5.03831,79.8117|88.6198|13.2112|55.8812|67.5745|18.2346|88.4205|18.7034|29.3504|37.0378|69.5993|44.1502|83.4704|23.9015|29.3778,0.206816|0.186425|0.192459|0.242937|0.237043|0.245477|0.238528|0.172208|0.206848|0.216148|0.219101|0.182038|0.230925|0.202276|0.230351,0.332644|0.549125|0.714952|0.659214|0.141763|0.99271|0.604484|0.710372|0.153503|0.142457|0.845448|0.612986|0.431565|0.867602|0.451282,0.823926,0.95139,0.0501489,0.117049,0.421933,0.504875,0.0617885,0.490527,0.190703,0.903761,75.0845,2.21625e-10,46823,0.876134,54.7023,1.84253e-11,19749,0.862527,0.834378,0.0578779,0.973354,0.582731,0.492938,0.169781,0.516908,0.130486,0.880588,73.1261,1.75166e-13,58607,0.898519,78.1077,8.52274e-10,81618
7,117,n1->n2->n3->n4->n14->n15->n5->n6->n7->n8->n18->n28->n29->n30->n20->n10,3.00404e+13|3.30326e+11|2.51637e+13|5.19663e+13|6.27509e+09|2.54337e+12|5.16898e+10|2.5768e+13|6.61732e+12|3.56515e+09|5.54701e+12|2.00194e+10|7.17101e+11|5.19288e+10|5.12291e+10|1.84599e+12,4.34899e+12|4.87974e+10|1.20723e+13|3.73718e+13|5.15166e+09|4.83922e+11|1.84025e+10|1.13857e+13|1.34423e+12|2.20969e+09|1.02041e+12|2.90952e+09|3.48e+11|5.81696e+09|1.63614e+10|5.88715e+11,2.20593e-05|0.000150149|0.000235236|4.65401e-05|0.000129815|0.000137603|0.000380256|0.00033585|4.39527e-05|0.000765253|0.000192357|2.03718e-05|2.27027e-05|4.02418e-05|0.000310364|6.01787e-05,0.00633895|0.00466227|0.00100075|0.000153837|0.000102845|0.000302355|0.000293754|0.00369855|0.000669129|0.000152009|0.000119135|0.00287426|0.00283907|0.00647396|0.0012652|0.00101454,0.0242308|0.0466207|0.0318488|0.0140069|0.000914227|0.0473158|0.0482045|0.021023|0.043186|0.00764741|0.00984451|0.0321405|0.0468048|0.020557|0.0371796|0.0261239,0.0186446|0.0412655|0.014719|0.0421418|0.0388816|0.0430085|0.0296199|0.0399306|0.0011028|0.0487049|0.046614|0.0034903|0.0300525|0.0432333|0.0330818|0.0180416,0.952597|0.917952|0.908437|0.962302|0.915384|0.927364|0.90075|0.989066|0.941223|0.918796|0.970227|0.910929|0.918632|0.948323|0.957813|0.942571,6.1663|4.47725|5.20069|6.07392|3.76198|3.32264|0.158043|1.08178|4.27287|0.495993|1.44936|3.98258|4.2697|3.24827|4.08186|5.03831,79.8117|37.015|10.4739|52.1141|92.5451|35.0583|37.2729|32.9383|55.4093|81.3396|43.2583|39.0733|83.4704|23.9015|29.3778,0.206816|0.210886|0.174627|0.216325|0.162606|0.245093|0.182098|0.172139|0.248326|0.190026|0.248634|0.169124|0.230925|0.202276|0.230351,0.332644|0.320755|0.966142|0.474765|0.327689|0.442729|0.770624|0.198275|0.993536|0.718603|0.201747|0.940637|0.431565|0.867602|0.451282,0.823926,0.95139,0.0501489,0.117049,0.421933,0.504875,0.0617885,0.490527,0.190703,0.903761,75.0845,2.21625e-10,46823,0.876134,54.7023,1.84253e-11,19749,0.862527,0.834378,0.0578779,0.973354,0.582731,0.492938,0.169781,0.516908,0.130486,0.880588,73.1261,1.75166e-13,58607,0.898519,78.1077,8.52274e-10,81618
7,118,n1->n11->n21->n31->n32->n22->n23->n24->n25->n15->n5->n6->n7->n8->n9->n10,3.00404e+13|1.20939e+11|9.90425e+12|1.0619e+09|2.648e+10|3.33855e+10|2.96172e+12|1.29684e+09|1.74625e+13|2.54337e+12|5.16898e+10|2.5768e+13|6.61732e+12|3.56515e+09|5.76717e+13|1.84599e+12,4.34899e+12|1.2827e+10|5.08175e+12|4.60453e+08|2.58541e+10|5.85316e+09|1.84325e+12|2.35993e+08|4.01821e+12|4.83922e+11|1.84025e+10|1.13857e+13|1.34423e+12|2.20969e+09|4.50387e+13|5.88715e+11,2.20593e-05|3.68162e-05|0.00038331|1.64296e-05|1.30256e-05|0.000542243|0.000180222|0.00017517|1.90685e-05|0.000137603|0.000380256|0.00033585|4.39527e-05|0.000765253|0.000204857|6.01787e-05,0.00633895|0.000290726|0.000195522|0.000906769|0.000435298|0.000311917|0.00771594|0.000205887|0.000751332|0.000302355|0.000293754|0.00369855|0.000669129|0.000152009|0.00126725|0.00101454,0.0242308|0.0396791|0.0338837|0.0130158|0.0160711|0.0207751|0.0401254|0.0292034|0.0243089|0.0473158|0.0482045|0.021023|0.043186|0.00764741|0.0459616|0.0261239,0.0186446|0.0224647|0.0368511|0.0196191|0.0189693|0.0183961|0.0200103|0.0180799|0.0318701|0.0430085|0.0296199|0.0399306|0.0011028|0.0487049|0.032776|0.0180416,0.952597|0.92663|0.928497|0.951022|0.965054|0.985316|0.990327|0.950767|0.949833|0.927364|0.90075|0.989066|0.941223|0.918796|0.962548|0.942571,6.1663|5.09381|5.49513|0.0908807|1.55662|2.86033|3.296|0.01178|0.273467|3.32264|0.158043|1.08178|4.27287|0.495993|5.30103|5.03831,30.2686|65.1286|89.2299|63.0993|86.2435|55.8812|67.5745|18.2346|54.7186|35.0583|37.2729|32.9383|55.4093|99.595|65.9961,0.203801|0.213744|0.165795|0.235942|0.214079|0.242937|0.237043|0.245477|0.216167|0.245093|0.182098|0.172139|0.248326|0.247994|0.164414,0.231522|0.918405|0.78117|0.935252|0.140505|0.659214|0.141763|0.99271|0.845754|0.442729|0.770624|0.198275|0.993536|0.395032|0.843193,0.823926,0.95139,0.0501489,0.117049,0.421933,0.504875,0.0617885,0.490527,0.190703,0.903761,75.0845,2.21625e-10,46823,0.876134,54.7023,1.84253e-11,19749,0.862527,0.834378,0.0578779,0.973354,0.582731,0.492938,0.169781,0.516908,0.130486,0.880588,73.1261,1.75166e-13,58607,0.898519,78.1077,8.52274e-10,81618
7,119,n1->n11->n21->n22->n32->n33->n23->n24->n14->n4->n5->n6->n7->n8->n9->n10,3.00404e+13|1.20939e+11|9.90425e+12|3.33855e+10|2.648e+10|2.00146e+11|2.96172e+12|1.29684e+09|6.27509e+09|5.19663e+13|5.16898e+10|2.5768e+13|6.61732e+12|3.56515e+09|5.76717e+13|1.84599e+12,4.34899e+12|1.2827e+10|5.08175e+12|5.85316e+09|2.58541e+10|8.83508e+10|1.84325e+12|2.35993e+08|5.15166e+09|3.73718e+13|1.84025e+10|1.13857e+13|1.34423e+12|2.20969e+09|4.50387e+13|5.88715e+11,2.20593e-05|3.68162e-05|0.00038331|0.000542243|1.30256e-05|4.41209e-05|0.000180222|0.00017517|0.000129815|4.65401e-05|0.000380256|0.00033585|4.39527e-05|0.000765253|0.000204857|6.01787e-05,0.00633895|0.000290726|0.000195522|0.000311917|0.000435298|0.00789851|0.00771594|0.000205887|0.000102845|0.000153837|0.000293754|0.00369855|0.000669129|0.000152009|0.00126725|0.00101454,0.0242308|0.0396791|0.0338837|0.0207751|0.0160711|0.0489836|0.0401254|0.0292034|0.000914227|0.0140069|0.0482045|0.021023|0.043186|0.00764741|0.0459616|0.0261239,0.0186446|0.0224647|0.0368511|0.0183961|0.0189693|0.00598368|0.0200103|0.0180799|0.0388816|0.0421418|0.0296199|0.0399306|0.0011028|0.0487049|0.032776|0.0180416,0.952597|0.92663|0.928497|0.985316|0.965054|0.932663|0.990327|0.950767|0.915384|0.962302|0.90075|0.989066|0.941223|0.918796|0.962548|0.942571,6.1663|5.09381|5.49513|2.86033|1.55662|1.30673|3.296|0.01178|3.76198|6.07392|0.158043|1.08178|4.27287|0.495993|5.30103|5.03831,30.2686|65.1286|34.0839|86.2435|67.4197|76.7594|67.5745|66.6304|52.1141|81.7362|37.2729|32.9383|55.4093|99.595|65.9961,0.203801|0.213744|0.241671|0.214079|0.180414|0.188216|0.237043|0.19366|0.216325|0.162628|0.182098|0.172139|0.248326|0.247994|0.164414,0.231522|0.918405|0.885236|0.140505|0.604192|0.933277|0.141763|0.634426|0.474765|0.858929|0.770624|0.198275|0.993536|0.395032|0.843193,0.823926,0.95139,0.0501489,0.117049,0.421933,0.504875,0.0617885,0.490527,0.190703,0.903761,75.0845,2.21625e-10,46823,0.876134,54.7023,1.84253e-11,19749,0.862527,0.834378,0.0578779,0.973354,0.582731,0.492938,0.169781,0.516908,0.130486,0.880588,73.1261,1.75166e-13,58607,0.898519,78.1077,8.52274e-10,81618
7,120,n1->n11->n21->n22->n12->n13->n3->n4->n14->n15->n16->n6->n7->n8->n9->n10,3.00404e+13|1.20939e+11|9.90425e+12|3.33855e+10|1.24762e+09|9.91228e+12|2.51637e+13|5.19663e+13|6.27509e+09|2.54337e+12|3.1854e+11|2.5768e+13|6.61732e+12|3.56515e+09|5.76717e+13|1.84599e+12,4.34899e+12|1.2827e+10|5.08175e+12|5.85316e+09|1.86352e+08|5.06921e+12|1.20723e+13|3.73718e+13|5.15166e+09|4.83922e+11|2.90528e+11|1.13857e+13|1.34423e+12|2.20969e+09|4.50387e+13|5.88715e+11,2.20593e-05|3.68162e-05|0.00038331|0.000542243|0.000450723|2.59449e-05|0.000235236|4.65401e-05|0.000129815|0.000137603|6.13843e-05|0.00033585|4.39527e-05|0.000765253|0.000204857|6.01787e-05,0.00633895|0.000290726|0.000195522|0.000311917|0.00126271|0.00730137|0.00100075|0.000153837|0.000102845|0.000302355|0.00133185|0.00369855|0.000669129|0.000152009|0.00126725|0.00101454,0.0242308|0.0396791|0.0338837|0.0207751|0.0386825|0.0202101|0.0318488|0.0140069|0.000914227|0.0473158|0.0464353|0.021023|0.043186|0.00764741|0.0459616|0.0261239,0.0186446|0.0224647|0.0368511|0.0183961|0.0419088|0.0443805|0.014719|0.0421418|0.0388816|0.0430085|0.00814055|0.0399306|0.0011028|0.0487049|0.032776|0.0180416,0.952597|0.92663|0.928497|0.985316|0.989487|0.957486|0.908437|0.962302|0.915384|0.927364|0.952296|0.989066|0.941223|0.918796|0.962548|0.942571,6.1663|5.09381|5.49513|2.86033|0.398509|3.30965|5.20069|6.07392|3.76198|3.32264|0.663963|1.08178|4.27287|0.495993|5.30103|5.03831,30.2686|65.1286|34.0839|13.2112|13.9548|83.9106|10.4739|52.1141|92.5451|56.2706|50.0569|32.9383|55.4093|99.595|65.9961,0.203801|0.213744|0.241671|0.192459|0.170437|0.200225|0.174627|0.216325|0.162606|0.202376|0.160573|0.172139|0.248326|0.247994|0.164414,0.231522|0.918405|0.885236|0.714952|0.374611|0.417051|0.966142|0.474765|0.327689|0.428028|0.76956|0.198275|0.993536|0.395032|0.843193,0.823926,0.95139,0.0501489,0.117049,0.421933,0.504875,0.0617885,0.490527,0.190703,0.903761,75.0845,2.21625e-10,46823,0.876134,54.7023,1.84253e-11,19749,0.862527,0.834378,0.0578779,0.973354,0.582731,0.492938,0.169781,0.516908,0.130486,0.880588,73.1261,1.75166e-13,58607,0.898519,78.1077,8.52274e-10,81618
7,121,n1->n2->n12->n11->n21->n31->n32->n22->n23->n24->n14->n15->n16->n6->n7->n8->n9->n10,3.00404e+13|3.30326e+11|1.24762e+09|1.20939e+11|9.90425e+12|1.0619e+09|2.648e+10|3.33855e+10|2.96172e+12|1.29684e+09|6.27509e+09|2.54337e+12|3.1854e+11|2.5768e+13|6.61732e+12|3.56515e+09|5.76717e+13|1.84599e+12,4.34899e+12|4.87974e+10|1.86352e+08|1.2827e+10|5.08175e+12|4.60453e+08|2.58541e+10|5.85316e+09|1.84325e+12|2.35993e+08|5.15166e+09|4.83922e+11|2.90528e+11|1.13857e+13|1.34423e+12|2.20969e+09|4.50387e+13|5.88715e+11,2.20593e-05|0.000150149|0.000450723|3.68162e-05|0.00038331|1.64296e-05|1.30256e-05|0.000542243|0.000180222|0.00017517|0.000129815|0.000137603|6.13843e-05|0.00033585|4.39527e-05|0.000765253|0.000204857|6.01787e-05,0.00633895|0.00466227|0.00126271|0.000290726|0.000195522|0.000906769|0.000435298|0.000311917|0.00771594|0.000205887|0.000102845|0.000302355|0.00133185|0.00369855|0.000669129|0.000152009|0.00126725|0.00101454,0.0242308|0.0466207|0.0386825|0.0396791|0.0338837|0.0130158|0.0160711|0.0207751|0.0401254|0.0292034|0.000914227|0.0473158|0.0464353|0.021023|0.043186|0.00764741|0.0459616|0.0261239,0.0186446|0.0412655|0.0419088|0.0224647|0.0368511|0.0196191|0.0189693|0.0183961|0.0200103|0.0180799|0.0388816|0.0430085|0.00814055|0.0399306|0.0011028|0.0487049|0.032776|0.0180416,0.952597|0.917952|0.989487|0.92663|0.928497|0.951022|0.965054|0.985316|0.990327|0.950767|0.915384|0.927364|0.952296|0.989066|0.941223|0.918796|0.962548|0.942571,6.1663|4.47725|0.398509|5.09381|5.49513|0.0908807|1.55662|2.86033|3.296|0.01178|3.76198|3.32264|0.663963|1.08178|4.27287|0.495993|5.30103|5.03831,79.8117|88.6198|24.4191|65.1286|89.2299|63.0993|86.2435|55.8812|67.5745|66.6304|92.5451|56.2706|50.0569|32.9383|55.4093|99.595|65.9961,0.206816|0.186425|0.165933|0.213744|0.165795|0.235942|0.214079|0.242937|0.237043|0.19366|0.162606|0.202376|0.160573|0.172139|0.248326|0.247994|0.164414,0.332644|0.549125|0.813401|0.918405|0.78117|0.935252|0.140505|0.659214|0.141763|0.634426|0.327689|0.428028|0.76956|0.198275|0.993536|0.395032|0.843193,0.823926,0.95139,0.0501489,0.117049,0.421933,0.504875,0.0617885,0.490527,0.190703,0.903761,75.0845,2.21625e-10,46823,0.876134,54.7023,1.84253e-11,19749,0.862527,0.834378,0.0578779,0.973354,0.582731,0.492938,0.169781,0.516908,0.130486,0.880588,73.1261,1.75166e-13,58607,0.898519,78.1077,8.52274e-10,81618
7,122,n1->n2->n3->n4->n5->n6->n16->n17->n7->n8->n9->n19->n18->n28->n29->n30->n20->n10,3.00404e+13|3.30326e+11|2.51637e+13|5.19663e+13|5.16898e+10|2.5768e+13|3.1854e+11|1.22319e+12|6.61732e+12|3.56515e+09|5.76717e+13|3.60508e+09|5.54701e+12|2.00194e+10|7.17101e+11|5.19288e+10|5.12291e+10|1.84599e+12,4.34899e+12|4.87974e+10|1.20723e+13|3.73718e+13|1.84025e+10|1.13857e+13|2.90528e+11|2.83908e+11|1.34423e+12|2.20969e+09|4.50387e+13|3.20505e+09|1.02041e+12|2.90952e+09|3.48e+11|5.81696e+09|1.63614e+10|5.88715e+11,2.20593e-05|0.000150149|0.000235236|4.65401e-05|0.000380256|0.00033585|6.13843e-05|0.000861533|4.39527e-05|0.000765253|0.000204857|1.67639e-05|0.000192357|2.03718e-05|2.27027e-05|4.02418e-05|0.000310364|6.01787e-05,0.00633895|0.00466227|0.00100075|0.000153837|0.000293754|0.00369855|0.00133185|0.000677358|0.000669129|0.000152009|0.00126725|0.000326693|0.000119135|0.00287426|0.00283907|0.00647396|0.0012652|0.00101454,0.0242308|0.0466207|0.0318488|0.0140069|0.0482045|0.021023|0.0464353|0.00680938|0.043186|0.00764741|0.0459616|0.0091317|0.00984451|0.0321405|0.0468048|0.020557|0.0371796|0.0261239,0.0186446|0.0412655|0.014719|0.0421418|0.0296199|0.0399306|0.00814055|0.0417|0.0011028|0.0487049|0.032776|0.000373191|0.046614|0.0034903|0.0300525|0.0432333|0.0330818|0.0180416,0.952597|0.917952|0.908437|0.962302|0.90075|0.989066|0.952296|0.977982|0.941223|0.918796|0.962548|0.929843|0.970227|0.910929|0.918632|0.948323|0.957813|0.942571,6.1663|4.47725|5.20069|6.07392|0.158043|1.08178|0.663963|4.36593|4.27287|0.495993|5.30103|6.12095|1.44936|3.98258|4.2697|3.24827|4.08186|5.03831,79.8117|37.015|10.4739|81.7362|37.2729|50.0569|32.2763|59.8148|55.4093|99.595|99.0064|28.0546|43.2583|39.0733|83.4704|23.9015|29.3778,0.206816|0.210886|0.174627|0.162628|0.182098|0.160573|0.181751|0.230578|0.248326|0.247994|0.249757|0.195276|0.248634|0.169124|0.230925|0.202276|0.230351,0.332644|0.320755|0.966142|0.858929|0.770624|0.76956|0.408588|0.245965|0.993536|0.395032|0.797563|0.486895|0.201747|0.940637|0.431565|0.867602|0.451282,0.823926,0.95139,0.0501489,0.117049,0.421933,0.504875,0.0617885,0.490527,0.190703,0.903761,75.0845,2.21625e-10,46823,0.876134,54.7023,1.84253e-11,19749,0.862527,0.834378,0.0578779,0.973354,0.582731,0.492938,0.169781,0.516908,0.130486,0.880588,73.1261,1.75166e-13,58607,0.898519,78.1077,8.52274e-10,81618
7,123,n1->n11->n12->n2->n3->n4->n14->n13->n23->n24->n25->n26->n16->n6->n7->n8->n9->n10,3.00404e+13|1.20939e+11|1.24762e+09|3.30326e+11|2.51637e+13|5.19663e+13|6.27509e+09|9.91228e+12|2.96172e+12|1.29684e+09|1.74625e+13|2.27804e+13|3.1854e+11|2.5768e+13|6.61732e+12|3.56515e+09|5.76717e+13|1.84599e+12,4.34899e+12|1.2827e+10|1.86352e+08|4.87974e+10|1.20723e+13|3.73718e+13|5.15166e+09|5.06921e+12|1.84325e+12|2.35993e+08|4.01821e+12|6.51734e+12|2.90528e+11|1.13857e+13|1.34423e+12|2.20969e+09|4.50387e+13|5.88715e+11,2.20593e-05|3.68162e-05|0.000450723|0.000150149|0.000235236|4.65401e-05|0.000129815|2.59449e-05|0.000180222|0.00017517|1.90685e-05|1.42553e-05|6.13843e-05|0.00033585|4.39527e-05|0.000765253|0.000204857|6.01787e-05,0.00633895|0.000290726|0.00126271|0.00466227|0.00100075|0.000153837|0.000102845|0.00730137|0.00771594|0.000205887|0.000751332|0.00351282|0.00133185|0.00369855|0.000669129|0.000152009|0.00126725|0.00101454,0.0242308|0.0396791|0.0386825|0.0466207|0.0318488|0.0140069|0.000914227|0.0202101|0.0401254|0.0292034|0.0243089|0.0330077|0.0464353|0.021023|0.043186|0.00764741|0.0459616|0.0261239,0.0186446|0.0224647|0.0419088|0.0412655|0.014719|0.0421418|0.0388816|0.0443805|0.0200103|0.0180799|0.0318701|0.0324719|0.00814055|0.0399306|0.0011028|0.0487049|0.032776|0.0180416,0.952597|0.92663|0.989487|0.917952|0.908437|0.962302|0.915384|0.957486|0.990327|0.950767|0.949833|0.940557|0.952296|0.989066|0.941223|0.918796|0.962548|0.942571,6.1663|5.09381|0.398509|4.47725|5.20069|6.07392|3.76198|3.30965|3.296|0.01178|0.273467|2.57923|0.663963|1.08178|4.27287|0.495993|5.30103|5.03831,30.2686|24.4191|88.6198|37.015|10.4739|52.1141|56.34|51.9585|67.5745|18.2346|55.6995|11.0615|50.0569|32.9383|55.4093|99.595|65.9961,0.203801|0.165933|0.186425|0.210886|0.174627|0.216325|0.230897|0.186587|0.237043|0.245477|0.203915|0.223443|0.160573|0.172139|0.248326|0.247994|0.164414,0.231522|0.813401|0.549125|0.320755|0.966142|0.474765|0.964918|0.544273|0.141763|0.99271|0.192082|0.800147|0.76956|0.198275|0.993536|0.395032|0.843193,0.823926,0.95139,0.0501489,0.117049,0.421933,0.504875,0.0617885,0.490527,0.190703,0.903761,75.0845,2.21625e-10,46823,0.876134,54.7023,1.84253e-11,19749,0.862527,0.834378,0.0578779,0.973354,0.582731,0.492938,0.169781,0.516908,0.130486,0.880588,73.1261,1.75166e-13,58607,0.898519,78.1077,8.52274e-10,81618
7,124,n1->n2->n3->n13->n14->n15->n5->n6->n7->n17->n27->n37->n38->n39->n40->n30->n20->n10,3.00404e+13|3.30326e+11|2.51637e+13|9.91228e+12|6.27509e+09|2.54337e+12|5.16898e+10|2.5768e+13|6.61732e+12|1.22319e+12|4.805e+11|4.77368e+09|1.44427e+09|5.60545e+09|2.45276e+11|5.19288e+10|5.12291e+10|1.84599e+12,4.34899e+12|4.87974e+10|1.20723e+13|5.06921e+12|5.15166e+09|4.83922e+11|1.84025e+10|1.13857e+13|1.34423e+12|2.83908e+11|5.39868e+10|1.93676e+09|9.65742e+08|1.27972e+09|6.45185e+10|5.81696e+09|1.63614e+10|5.88715e+11,2.20593e-05|0.000150149|0.000235236|2.59449e-05|0.000129815|0.000137603|0.000380256|0.00033585|4.39527e-05|0.000861533|3.96201e-05|0.000357893|0.000102797|2.14097e-05|1.80824e-05|4.02418e-05|0.000310364|6.01787e-05,0.00633895|0.00466227|0.00100075|0.00730137|0.000102845|0.000302355|0.000293754|0.00369855|0.000669129|0.000677358|0.00945776|0.00538311|0.000450056|0.000168176|0.0001196|0.00647396|0.0012652|0.00101454,0.0242308|0.0466207|0.0318488|0.0202101|0.000914227|0.0473158|0.0482045|0.021023|0.043186|0.00680938|0.0331096|0.0123118|0.000571455|0.0138154|0.00177294|0.020557|0.0371796|0.0261239,0.0186446|0.0412655|0.014719|0.0443805|0.0388816|0.0430085|0.0296199|0.0399306|0.0011028|0.0417|0.0209467|0.00637154|0.00176637|0.0274754|0.017509|0.0432333|0.0330818|0.0180416,0.952597|0.917952|0.908437|0.957486|0.915384|0.927364|0.90075|0.989066|0.941223|0.977982|0.921124|0.974204|0.975299|0.919951|0.968286|0.948323|0.957813|0.942571,6.1663|4.47725|5.20069|3.30965|3.76198|3.32264|0.158043|1.08178|4.27287|4.36593|4.68229|1.61194|3.07691|2.15935|0.824701|3.24827|4.08186|5.03831,79.8117|37.015|83.9106|56.34|92.5451|35.0583|37.2729|32.9383|59.8148|72.2829|44.8869|37.0378|69.5993|86.0567|98.0873|23.9015|29.3778,0.206816|0.210886|0.200225|0.230897|0.162606|0.245093|0.182098|0.172139|0.230578|0.208534|0.174392|0.216148|0.219101|0.21207|0.161203|0.202276|0.230351,0.332644|0.320755|0.417051|0.964918|0.327689|0.442729|0.770624|0.198275|0.245965|0.91001|0.453078|0.142457|0.845448|0.380841|0.518858|0.867602|0.451282,0.823926,0.95139,0.0501489,0.117049,0.421933,0.504875,0.0617885,0.490527,0.190703,0.903761,75.0845,2.21625e-10,46823,0.876134,54.7023,1.84253e-11,19749,0.862527,0.834378,0.0578779,0.973354,0.582731,0.492938,0.169781,0.516908,0.130486,0.880588,73.1261,1.75166e-13,58607,0.898519,78.1077,8.52274e-10,81618
7,125,n1->n11->n12->n13->n14->n24->n34->n35->n36->n37->n38->n39->n49->n50->n40->n30->n20->n10,3.00404e+13|1.20939e+11|1.24762e+09|9.91228e+12|6.27509e+09|1.29684e+09|8.58911e+09|2.39604e+09|8.46195e+13|4.77368e+09|1.44427e+09|5.60545e+09|1.74506e+11|4.2971e+12|2.45276e+11|5.19288e+10|5.12291e+10|1.84599e+12,4.34899e+12|1.2827e+10|1.86352e+08|5.06921e+12|5.15166e+09|2.35993e+08|2.66028e+09|1.08654e+09|1.28753e+13|1.93676e+09|9.65742e+08|1.27972e+09|1.0962e+11|7.31625e+11|6.45185e+10|5.81696e+09|1.63614e+10|5.88715e+11,2.20593e-05|3.68162e-05|0.000450723|2.59449e-05|0.000129815|0.00017517|0.00013417|8.19889e-05|1.79749e-05|0.000357893|0.000102797|2.14097e-05|0.000540413|0.000170651|1.80824e-05|4.02418e-05|0.000310364|6.01787e-05,0.00633895|0.000290726|0.00126271|0.00730137|0.000102845|0.000205887|0.000710075|0.00238577|0.00287041|0.00538311|0.000450056|0.000168176|0.000298312|0.00208223|0.0001196|0.00647396|0.0012652|0.00101454,0.0242308|0.0396791|0.0386825|0.0202101|0.000914227|0.0292034|0.0136277|0.029848|0.0388718|0.0123118|0.000571455|0.0138154|0.0297981|0.0164214|0.00177294|0.020557|0.0371796|0.0261239,0.0186446|0.0224647|0.0419088|0.0443805|0.0388816|0.0180799|0.0139311|0.0444626|0.0336137|0.00637154|0.00176637|0.0274754|0.0078551|0.0409417|0.017509|0.0432333|0.0330818|0.0180416,0.952597|0.92663|0.989487|0.957486|0.915384|0.950767|0.994252|0.906364|0.973739|0.974204|0.975299|0.919951|0.991036|0.98411|0.968286|0.948323|0.957813|0.942571,6.1663|5.09381|0.398509|3.30965|3.76198|0.01178|5.80364|2.19659|4.35878|1.61194|3.07691|2.15935|1.58465|5.37256|0.824701|3.24827|4.08186|5.03831,30.2686|24.4191|13.9548|56.34|66.6304|58.7029|31.5608|18.7034|29.3504|37.0378|69.5993|95.0453|38.9947|91.3525|98.0873|23.9015|29.3778,0.203801|0.165933|0.170437|0.230897|0.19366|0.202876|0.2299|0.172208|0.206848|0.216148|0.219101|0.164844|0.249888|0.235251|0.161203|0.202276|0.230351,0.231522|0.813401|0.374611|0.964918|0.634426|0.259687|0.185954|0.710372|0.153503|0.142457|0.845448|0.103803|0.25721|0.280209|0.518858|0.867602|0.451282,0.823926,0.95139,0.0501489,0.117049,0.421933,0.504875,0.0617885,0.490527,0.190703,0.903761,75.0845,2.21625e-10,46823,0.876134,54.7023,1.84253e-11,19749,0.862527,0.834378,0.0578779,0.973354,0.582731,0.492938,0.169781,0.516908,0.130486,0.880588,73.1261,1.75166e-13,58607,0.898519,78.1077,8.52274e-10,81618
7,126,n1->n2->n3->n4->n5->n6->n16->n15->n25->n35->n36->n26->n27->n28->n18->n19->n9->n10,3.00404e+13|3.30326e+11|2.51637e+13|5.19663e+13|5.16898e+10|2.5768e+13|3.1854e+11|2.54337e+12|1.74625e+13|2.39604e+09|8.46195e+13|2.27804e+13|4.805e+11|2.00194e+10|5.54701e+12|3.60508e+09|5.76717e+13|1.84599e+12,4.34899e+12|4.87974e+10|1.20723e+13|3.73718e+13|1.84025e+10|1.13857e+13|2.90528e+11|4.83922e+11|4.01821e+12|1.08654e+09|1.28753e+13|6.51734e+12|5.39868e+10|2.90952e+09|1.02041e+12|3.20505e+09|4.50387e+13|5.88715e+11,2.20593e-05|0.000150149|0.000235236|4.65401e-05|0.000380256|0.00033585|6.13843e-05|0.000137603|1.90685e-05|8.19889e-05|1.79749e-05|1.42553e-05|3.96201e-05|2.03718e-05|0.000192357|1.67639e-05|0.000204857|6.01787e-05,0.00633895|0.00466227|0.00100075|0.000153837|0.000293754|0.00369855|0.00133185|0.000302355|0.000751332|0.00238577|0.00287041|0.00351282|0.00945776|0.00287426|0.000119135|0.000326693|0.00126725|0.00101454,0.0242308|0.0466207|0.0318488|0.0140069|0.0482045|0.021023|0.0464353|0.0473158|0.0243089|0.029848|0.0388718|0.0330077|0.0331096|0.0321405|0.00984451|0.0091317|0.0459616|0.0261239,0.0186446|0.0412655|0.014719|0.0421418|0.0296199|0.0399306|0.00814055|0.0430085|0.0318701|0.0444626|0.0336137|0.0324719|0.0209467|0.0034903|0.046614|0.000373191|0.032776|0.0180416,0.952597|0.917952|0.908437|0.962302|0.90075|0.989066|0.952296|0.927364|0.949833|0.906364|0.973739|0.940557|0.921124|0.910929|0.970227|0.929843|0.962548|0.942571,6.1663|4.47725|5.20069|6.07392|0.158043|1.08178|0.663963|3.32264|0.273467|2.19659|4.35878|2.57923|4.68229|3.98258|1.44936|6.12095|5.30103|5.03831,79.8117|37.015|10.4739|81.7362|37.2729|50.0569|56.2706|54.7186|88.4205|18.7034|63.8366|42.5138|15.3326|43.2583|28.0546|99.0064|65.9961,0.206816|0.210886|0.174627|0.162628|0.182098|0.160573|0.202376|0.216167|0.238528|0.172208|0.196472|0.196406|0.223307|0.248634|0.195276|0.249757|0.164414,0.332644|0.320755|0.966142|0.858929|0.770624|0.76956|0.428028|0.845754|0.604484|0.710372|0.879572|0.171578|0.17421|0.201747|0.486895|0.797563|0.843193,0.823926,0.95139,0.0501489,0.117049,0.421933,0.504875,0.0617885,0.490527,0.190703,0.903761,75.0845,2.21625e-10,46823,0.876134,54.7023,1.84253e-11,19749,0.862527,0.834378,0.0578779,0.973354,0.582731,0.492938,0.169781,0.516908,0.130486,0.880588,73.1261,1.75166e-13,58607,0.898519,78.1077,8.52274e-10,81618
7,127,n1->n11->n21->n31->n32->n33->n43->n44->n45->n46->n36->n26->n27->n28->n29->n30->n20->n10,3.00404e+13|1.20939e+11|9.90425e+12|1.0619e+09|2.648e+10|2.00146e+11|4.25913e+09|4.86826e+11|6.86583e+11|8.81314e+12|8.46195e+13|2.27804e+13|4.805e+11|2.00194e+10|7.17101e+11|5.19288e+10|5.12291e+10|1.84599e+12,4.34899e+12|1.2827e+10|5.08175e+12|4.60453e+08|2.58541e+10|8.83508e+10|9.83012e+08|1.05326e+11|1.73052e+11|5.94542e+12|1.28753e+13|6.51734e+12|5.39868e+10|2.90952e+09|3.48e+11|5.81696e+09|1.63614e+10|5.88715e+11,2.20593e-05|3.68162e-05|0.00038331|1.64296e-05|1.30256e-05|4.41209e-05|2.7971e-05|0.000371468|0.000244418|1.88186e-05|1.79749e-05|1.42553e-05|3.96201e-05|2.03718e-05|2.27027e-05|4.02418e-05|0.000310364|6.01787e-05,0.00633895|0.000290726|0.000195522|0.000906769|0.000435298|0.00789851|0.00115348|0.0019014|0.00516638|0.00029927|0.00287041|0.00351282|0.00945776|0.00287426|0.00283907|0.00647396|0.0012652|0.00101454,0.0242308|0.0396791|0.0338837|0.0130158|0.0160711|0.0489836|0.0189194|0.000425237|0.0389372|0.0134994|0.0388718|0.0330077|0.0331096|0.0321405|0.0468048|0.020557|0.0371796|0.0261239,0.0186446|0.0224647|0.0368511|0.0196191|0.0189693|0.00598368|0.0240225|0.0330026|0.027269|0.00830409|0.0336137|0.0324719|0.0209467|0.0034903|0.0300525|0.0432333|0.0330818|0.0180416,0.952597|0.92663|0.928497|0.951022|0.965054|0.932663|0.972503|0.916165|0.968656|0.937291|0.973739|0.940557|0.921124|0.910929|0.918632|0.948323|0.957813|0.942571,6.1663|5.09381|5.49513|0.0908807|1.55662|1.30673|1.72172|4.552|2.6007|1.21286|4.35878|2.57923|4.68229|3.98258|4.2697|3.24827|4.08186|5.03831,30.2686|65.1286|89.2299|63.0993|67.4197|49.6282|59.7094|89.5651|61.2725|70.4589|63.8366|42.5138|15.3326|39.0733|83.4704|23.9015|29.3778,0.203801|0.213744|0.165795|0.235942|0.180414|0.239823|0.191232|0.248473|0.185139|0.164624|0.196472|0.196406|0.223307|0.169124|0.230925|0.202276|0.230351,0.231522|0.918405|0.78117|0.935252|0.604192|0.403226|0.754196|0.683838|0.502277|0.641051|0.879572|0.171578|0.17421|0.940637|0.431565|0.867602|0.451282,0.823926,0.95139,0.0501489,0.117049,0.421933,0.504875,0.0617885,0.490527,0.190703,0.903761,75.0845,2.21625e-10,46823,0.876134,54.7023,1.84253e-11,19749,0.862527,0.834378,0.0578779,0.973354,0.582731,0.492938,0.169781,0.516908,0.130486,0.880588,73.1261,1.75166e-13,58607,0.898519,78.1077,8.52274e-10,81618
7,128,n1->n11->n21->n31->n32->n22->n23->n13->n12->n2->n3->n4->n5->n6->n7->n8->n9->n10,3.00404e+13|1.20939e+11|9.90425e+12|1.0619e+09|2.648e+10|3.33855e+10|2.96172e+12|9.91228e+12|1.24762e+09|3.30326e+11|2.51637e+13|5.19663e+13|5.16898e+10|2.5768e+13|6.61732e+12|3.56515e+09|5.76717e+13|1.84599e+12,4.34899e+12|1.2827e+10|5.08175e+12|4.60453e+08|2.58541e+10|5.85316e+09|1.84325e+12|5.06921e+12|1.86352e+08|4.87974e+10|1.20723e+13|3.73718e+13|1.84025e+10|1.13857e+13|1.34423e+12|2.20969e+09|4.50387e+13|5.88715e+11,2.20593e-05|3.68162e-05|0.00038331|1.64296e-05|1.30256e-05|0.000542243|0.000180222|2.59449e-05|0.000450723|0.000150149|0.000235236|4.65401e-05|0.000380256|0.00033585|4.39527e-05|0.000765253|0.000204857|6.01787e-05,0.00633895|0.000290726|0.000195522|0.000906769|0.000435298|0.000311917|0.00771594|0.00730137|0.00126271|0.00466227|0.00100075|0.000153837|0.000293754|0.00369855|0.000669129|0.000152009|0.00126725|0.00101454,0.0242308|0.0396791|0.0338837|0.0130158|0.0160711|0.0207751|0.0401254|0.0202101|0.0386825|0.0466207|0.0318488|0.0140069|0.0482045|0.021023|0.043186|0.00764741|0.0459616|0.0261239,0.0186446|0.0224647|0.0368511|0.0196191|0.0189693|0.0183961|0.0200103|0.0443805|0.0419088|0.0412655|0.014719|0.0421418|0.0296199|0.0399306|0.0011028|0.0487049|0.032776|0.0180416,0.952597|0.92663|0.928497|0.951022|0.965054|0.985316|0.990327|0.957486|0.989487|0.917952|0.908437|0.962302|0.90075|0.989066|0.941223|0.918796|0.962548|0.942571,6.1663|5.09381|5.49513|0.0908807|1.55662|2.86033|3.296|3.30965|0.398509|4.47725|5.20069|6.07392|0.158043|1.08178|4.27287|0.495993|5.30103|5.03831,30.2686|65.1286|89.2299|63.0993|86.2435|55.8812|51.9585|13.9548|88.6198|37.015|10.4739|81.7362|37.2729|32.9383|55.4093|99.595|65.9961,0.203801|0.213744|0.165795|0.235942|0.214079|0.242937|0.186587|0.170437|0.186425|0.210886|0.174627|0.162628|0.182098|0.172139|0.248326|0.247994|0.164414,0.231522|0.918405|0.78117|0.935252|0.140505|0.659214|0.544273|0.374611|0.549125|0.320755|0.966142|0.858929|0.770624|0.198275|0.993536|0.395032|0.843193,0.823926,0.95139,0.0501489,0.117049,0.421933,0.504875,0.0617885,0.490527,0.190703,0.903761,75.0845,2.21625e-10,46823,0.876134,54.7023,1.84253e-11,19749,0.862527,0.834378,0.0578779,0.973354,0.582731,0.492938,0.169781,0.516908,0.130486,0.880588,73.1261,1.75166e-13,58607,0.898519,78.1077,8.52274e-10,81618
7,129,n1->n11->n21->n31->n32->n42->n43->n33->n23->n24->n25->n15->n5->n6->n7->n8->n9->n10,3.00404e+13|1.20939e+11|9.90425e+12|1.0619e+09|2.648e+10|1.03093e+13|4.25913e+09|2.00146e+11|2.96172e+12|1.29684e+09|1.74625e+13|2.54337e+12|5.16898e+10|2.5768e+13|6.61732e+12|3.56515e+09|5.76717e+13|1.84599e+12,4.34899e+12|1.2827e+10|5.08175e+12|4.60453e+08|2.58541e+10|3.20768e+12|9.83012e+08|8.83508e+10|1.84325e+12|2.35993e+08|4.01821e+12|4.83922e+11|1.84025e+10|1.13857e+13|1.34423e+12|2.20969e+09|4.50387e+13|5.88715e+11,2.20593e-05|3.68162e-05|0.00038331|1.64296e-05|1.30256e-05|0.000285699|2.7971e-05|4.41209e-05|0.000180222|0.00017517|1.90685e-05|0.000137603|0.000380256|0.00033585|4.39527e-05|0.000765253|0.000204857|6.01787e-05,0.00633895|0.000290726|0.000195522|0.000906769|0.000435298|0.00317253|0.00115348|0.00789851|0.00771594|0.000205887|0.000751332|0.000302355|0.000293754|0.00369855|0.000669129|0.000152009|0.00126725|0.00101454,0.0242308|0.0396791|0.0338837|0.0130158|0.0160711|0.0253382|0.0189194|0.0489836|0.0401254|0.0292034|0.0243089|0.0473158|0.0482045|0.021023|0.043186|0.00764741|0.0459616|0.0261239,0.0186446|0.0224647|0.0368511|0.0196191|0.0189693|0.0462681|0.0240225|0.00598368|0.0200103|0.0180799|0.0318701|0.0430085|0.0296199|0.0399306|0.0011028|0.0487049|0.032776|0.0180416,0.952597|0.92663|0.928497|0.951022|0.965054|0.994073|0.972503|0.932663|0.990327|0.950767|0.949833|0.927364|0.90075|0.989066|0.941223|0.918796|0.962548|0.942571,6.1663|5.09381|5.49513|0.0908807|1.55662|2.25701|1.72172|1.30673|3.296|0.01178|0.273467|3.32264|0.158043|1.08178|4.27287|0.495993|5.30103|5.03831,30.2686|65.1286|89.2299|63.0993|70.8805|27.3217|49.6282|76.7594|67.5745|18.2346|54.7186|35.0583|37.2729|32.9383|55.4093|99.595|65.9961,0.203801|0.213744|0.165795|0.235942|0.182862|0.222856|0.239823|0.188216|0.237043|0.245477|0.216167|0.245093|0.182098|0.172139|0.248326|0.247994|0.164414,0.231522|0.918405|0.78117|0.935252|0.614221|0.120467|0.403226|0.933277|0.141763|0.99271|0.845754|0.442729|0.770624|0.198275|0.993536|0.395032|0.843193,0.823926,0.95139,0.0501489,0.117049,0.421933,0.504875,0.0617885,0.490527,0.190703,0.903761,75.0845,2.21625e-10,46823,0.876134,54.7023,1.84253e-11,19749,0.862527,0.834378,0.0578779,0.973354,0.582731,0.492938,0.169781,0.516908,0.130486,0.880588,73.1261,1.75166e-13,58607,0.898519,78.1077,8.52274e-10,81618
7,130,n1->n11->n21->n22->n32->n42->n43->n44->n34->n35->n36->n37->n38->n28->n18->n8->n9->n10,3.00404e+13|1.20939e+11|9.90425e+12|3.33855e+10|2.648e+10|1.03093e+13|4.25913e+09|4.86826e+11|8.58911e+09|2.39604e+09|8.46195e+13|4.77368e+09|1.44427e+09|2.00194e+10|5.54701e+12|3.56515e+09|5.76717e+13|1.84599e+12,4.34899e+12|1.2827e+10|5.08175e+12|5.85316e+09|2.58541e+10|3.20768e+12|9.83012e+08|1.05326e+11|2.66028e+09|1.08654e+09|1.28753e+13|1.93676e+09|9.65742e+08|2.90952e+09|1.02041e+12|2.20969e+09|4.50387e+13|5.88715e+11,2.20593e-05|3.68162e-05|0.00038331|0.000542243|1.30256e-05|0.000285699|2.7971e-05|0.000371468|0.00013417|8.19889e-05|1.79749e-05|0.000357893|0.000102797|2.03718e-05|0.000192357|0.000765253|0.000204857|6.01787e-05,0.00633895|0.000290726|0.000195522|0.000311917|0.000435298|0.00317253|0.00115348|0.0019014|0.000710075|0.00238577|0.00287041|0.00538311|0.000450056|0.00287426|0.000119135|0.000152009|0.00126725|0.00101454,0.0242308|0.0396791|0.0338837|0.0207751|0.0160711|0.0253382|0.0189194|0.000425237|0.0136277|0.029848|0.0388718|0.0123118|0.000571455|0.0321405|0.00984451|0.00764741|0.0459616|0.0261239,0.0186446|0.0224647|0.0368511|0.0183961|0.0189693|0.0462681|0.0240225|0.0330026|0.0139311|0.0444626|0.0336137|0.00637154|0.00176637|0.0034903|0.046614|0.0487049|0.032776|0.0180416,0.952597|0.92663|0.928497|0.985316|0.965054|0.994073|0.972503|0.916165|0.994252|0.906364|0.973739|0.974204|0.975299|0.910929|0.970227|0.918796|0.962548|0.942571,6.1663|5.09381|5.49513|2.86033|1.55662|2.25701|1.72172|4.552|5.80364|2.19659|4.35878|1.61194|3.07691|3.98258|1.44936|0.495993|5.30103|5.03831,30.2686|65.1286|34.0839|86.2435|70.8805|27.3217|59.7094|46.2248|31.5608|18.7034|29.3504|37.0378|23.518|43.2583|81.3396|99.595|65.9961,0.203801|0.213744|0.241671|0.214079|0.182862|0.222856|0.191232|0.226632|0.2299|0.172208|0.206848|0.216148|0.218706|0.248634|0.190026|0.247994|0.164414,0.231522|0.918405|0.885236|0.140505|0.614221|0.120467|0.754196|0.354213|0.185954|0.710372|0.153503|0.142457|0.185341|0.201747|0.718603|0.395032|0.843193,0.823926,0.95139,0.0501489,0.117049,0.421933,0.504875,0.0617885,0.490527,0.190703,0.903761,75.0845,2.21625e-10,46823,0.876134,54.7023,1.84253e-11,19749,0.862527,0.834378,0.0578779,0.973354,0.582731,0.492938,0.169781,0.516908,0.130486,0.880588,73.1261,1.75166e-13,58607,0.898519,78.1077,8.52274e-10,81618
7,131,n1->n11->n21->n31->n32->n42->n43->n44->n34->n24->n25->n15->n16->n6->n7->n8->n9->n10,3.00404e+13|1.20939e+11|9.90425e+12|1.0619e+09|2.648e+10|1.03093e+13|4.25913e+09|4.86826e+11|8.58911e+09|1.29684e+09|1.74625e+13|2.54337e+12|3.1854e+11|2.5768e+13|6.61732e+12|3.56515e+09|5.76717e+13|1.84599e+12,4.34899e+12|1.2827e+10|5.08175e+12|4.60453e+08|2.58541e+10|3.20768e+12|9.83012e+08|1.05326e+11|2.66028e+09|2.35993e+08|4.01821e+12|4.83922e+11|2.90528e+11|1.13857e+13|1.34423e+12|2.20969e+09|4.50387e+13|5.88715e+11,2.20593e-05|3.68162e-05|0.00038331|1.64296e-05|1.30256e-05|0.000285699|2.7971e-05|0.000371468|0.00013417|0.00017517|1.90685e-05|0.000137603|6.13843e-05|0.00033585|4.39527e-05|0.000765253|0.000204857|6.01787e-05,0.00633895|0.000290726|0.000195522|0.000906769|0.000435298|0.00317253|0.00115348|0.0019014|0.000710075|0.000205887|0.000751332|0.000302355|0.00133185|0.00369855|0.000669129|0.000152009|0.00126725|0.00101454,0.0242308|0.0396791|0.0338837|0.0130158|0.0160711|0.0253382|0.0189194|0.000425237|0.0136277|0.0292034|0.0243089|0.0473158|0.0464353|0.021023|0.043186|0.00764741|0.0459616|0.0261239,0.0186446|0.0224647|0.0368511|0.0196191|0.0189693|0.0462681|0.0240225|0.0330026|0.0139311|0.0180799|0.0318701|0.0430085|0.00814055|0.0399306|0.0011028|0.0487049|0.032776|0.0180416,0.952597|0.92663|0.928497|0.951022|0.965054|0.994073|0.972503|0.916165|0.994252|0.950767|0.949833|0.927364|0.952296|0.989066|0.941223|0.918796|0.962548|0.942571,6.1663|5.09381|5.49513|0.0908807|1.55662|2.25701|1.72172|4.552|5.80364|0.01178|0.273467|3.32264|0.663963|1.08178|4.27287|0.495993|5.30103|5.03831,30.2686|65.1286|89.2299|63.0993|70.8805|27.3217|59.7094|46.2248|58.7029|18.2346|54.7186|56.2706|50.0569|32.9383|55.4093|99.595|65.9961,0.203801|0.213744|0.165795|0.235942|0.182862|0.222856|0.191232|0.226632|0.202876|0.245477|0.216167|0.202376|0.160573|0.172139|0.248326|0.247994|0.164414,0.231522|0.918405|0.78117|0.935252|0.614221|0.120467|0.754196|0.354213|0.259687|0.99271|0.845754|0.428028|0.76956|0.198275|0.993536|0.395032|0.843193,0.823926,0.95139,0.0501489,0.117049,0.421933,0.504875,0.0617885,0.490527,0.190703,0.903761,75.0845,2.21625e-10,46823,0.876134,54.7023,1.84253e-11,19749,0.862527,0.834378,0.0578779,0.973354,0.582731,0.492938,0.169781,0.516908,0.130486,0.880588,73.1261,1.75166e-13,58607,0.898519,78.1077,8.52274e-10,81618
7,132,n1->n2->n12->n11->n21->n22->n23->n24->n25->n15->n14->n4->n5->n6->n7->n8->n9->n10,3.00404e+13|3.30326e+11|1.24762e+09|1.20939e+11|9.90425e+12|3.33855e+10|2.96172e+12|1.29684e+09|1.74625e+13|2.54337e+12|6.27509e+09|5.19663e+13|5.16898e+10|2.5768e+13|6.61732e+12|3.56515e+09|5.76717e+13|1.84599e+12,4.34899e+12|4.87974e+10|1.86352e+08|1.2827e+10|5.08175e+12|5.85316e+09|1.84325e+12|2.35993e+08|4.01821e+12|4.83922e+11|5.15166e+09|3.73718e+13|1.84025e+10|1.13857e+13|1.34423e+12|2.20969e+09|4.50387e+13|5.88715e+11,2.20593e-05|0.000150149|0.000450723|3.68162e-05|0.00038331|0.000542243|0.000180222|0.00017517|1.90685e-05|0.000137603|0.000129815|4.65401e-05|0.000380256|0.00033585|4.39527e-05|0.000765253|0.000204857|6.01787e-05,0.00633895|0.00466227|0.00126271|0.000290726|0.000195522|0.000311917|0.00771594|0.000205887|0.000751332|0.000302355|0.000102845|0.000153837|0.000293754|0.00369855|0.000669129|0.000152009|0.00126725|0.00101454,0.0242308|0.0466207|0.0386825|0.0396791|0.0338837|0.0207751|0.0401254|0.0292034|0.0243089|0.0473158|0.000914227|0.0140069|0.0482045|0.021023|0.043186|0.00764741|0.0459616|0.0261239,0.0186446|0.0412655|0.0419088|0.0224647|0.0368511|0.0183961|0.0200103|0.0180799|0.0318701|0.0430085|0.0388816|0.0421418|0.0296199|0.0399306|0.0011028|0.0487049|0.032776|0.0180416,0.952597|0.917952|0.989487|0.92663|0.928497|0.985316|0.990327|0.950767|0.949833|0.927364|0.915384|0.962302|0.90075|0.989066|0.941223|0.918796|0.962548|0.942571,6.1663|4.47725|0.398509|5.09381|5.49513|2.86033|3.296|0.01178|0.273467|3.32264|3.76198|6.07392|0.158043|1.08178|4.27287|0.495993|5.30103|5.03831,79.8117|88.6198|24.4191|65.1286|34.0839|55.8812|67.5745|18.2346|54.7186|92.5451|52.1141|81.7362|37.2729|32.9383|55.4093|99.595|65.9961,0.206816|0.186425|0.165933|0.213744|0.241671|0.242937|0.237043|0.245477|0.216167|0.162606|0.216325|0.162628|0.182098|0.172139|0.248326|0.247994|0.164414,0.332644|0.549125|0.813401|0.918405|0.885236|0.659214|0.141763|0.99271|0.845754|0.327689|0.474765|0.858929|0.770624|0.198275|0.993536|0.395032|0.843193,0.823926,0.95139,0.0501489,0.117049,0.421933,0.504875,0.0617885,0.490527,0.190703,0.903761,75.0845,2.21625e-10,46823,0.876134,54.7023,1.84253e-11,19749,0.862527,0.834378,0.0578779,0.973354,0.582731,0.492938,0.169781,0.516908,0.130486,0.880588,73.1261,1.75166e-13,58607,0.898519,78.1077,8.52274e-10,81618
7,133,n1->n11->n21->n22->n23->n13->n12->n2->n3->n4->n14->n15->n16->n6->n7->n8->n9->n10,3.00404e+13|1.20939e+11|9.90425e+12|3.33855e+10|2.96172e+12|9.91228e+12|1.24762e+09|3.30326e+11|2.51637e+13|5.19663e+13|6.27509e+09|2.54337e+12|3.1854e+11|2.5768e+13|6.61732e+12|3.56515e+09|5.76717e+13|1.84599e+12,4.34899e+12|1.2827e+10|5.08175e+12|5.85316e+09|1.84325e+12|5.06921e+12|1.86352e+08|4.87974e+10|1.20723e+13|3.73718e+13|5.15166e+09|4.83922e+11|2.90528e+11|1.13857e+13|1.34423e+12|2.20969e+09|4.50387e+13|5.88715e+11,2.20593e-05|3.68162e-05|0.00038331|0.000542243|0.000180222|2.59449e-05|0.000450723|0.000150149|0.000235236|4.65401e-05|0.000129815|0.000137603|6.13843e-05|0.00033585|4.39527e-05|0.000765253|0.000204857|6.01787e-05,0.00633895|0.000290726|0.000195522|0.000311917|0.00771594|0.00730137|0.00126271|0.00466227|0.00100075|0.000153837|0.000102845|0.000302355|0.00133185|0.00369855|0.000669129|0.000152009|0.00126725|0.00101454,0.0242308|0.0396791|0.0338837|0.0207751|0.0401254|0.0202101|0.0386825|0.0466207|0.0318488|0.0140069|0.000914227|0.0473158|0.0464353|0.021023|0.043186|0.00764741|0.0459616|0.0261239,0.0186446|0.0224647|0.0368511|0.0183961|0.0200103|0.0443805|0.0419088|0.0412655|0.014719|0.0421418|0.0388816|0.0430085|0.00814055|0.0399306|0.0011028|0.0487049|0.032776|0.0180416,0.952597|0.92663|0.928497|0.985316|0.990327|0.957486|0.989487|0.917952|0.908437|0.962302|0.915384|0.927364|0.952296|0.989066|0.941223|0.918796|0.962548|0.942571,6.1663|5.09381|5.49513|2.86033|3.296|3.30965|0.398509|4.47725|5.20069|6.07392|3.76198|3.32264|0.663963|1.08178|4.27287|0.495993|5.30103|5.03831,30.2686|65.1286|34.0839|55.8812|51.9585|13.9548|88.6198|37.015|10.4739|52.1141|92.5451|56.2706|50.0569|32.9383|55.4093|99.595|65.9961,0.203801|0.213744|0.241671|0.242937|0.186587|0.170437|0.186425|0.210886|0.174627|0.216325|0.162606|0.202376|0.160573|0.172139|0.248326|0.247994|0.164414,0.231522|0.918405|0.885236|0.659214|0.544273|0.374611|0.549125|0.320755|0.966142|0.474765|0.327689|0.428028|0.76956|0.198275|0.993536|0.395032|0.843193,0.823926,0.95139,0.0501489,0.117049,0.421933,0.504875,0.0617885,0.490527,0.190703,0.903761,75.0845,2.21625e-10,46823,0.876134,54.7023,1.84253e-11,19749,0.862527,0.834378,0.0578779,0.973354,0.582731,0.492938,0.169781,0.516908,0.130486,0.880588,73.1261,1.75166e-13,58607,0.898519,78.1077,8.52274e-10,81618
7,134,n1->n2->n12->n13->n23->n33->n43->n44->n34->n35->n36->n26->n27->n28->n29->n30->n20->n10,3.00404e+13|3.30326e+11|1.24762e+09|9.91228e+12|2.96172e+12|2.00146e+11|4.25913e+09|4.86826e+11|8.58911e+09|2.39604e+09|8.46195e+13|2.27804e+13|4.805e+11|2.00194e+10|7.17101e+11|5.19288e+10|5.12291e+10|1.84599e+12,4.34899e+12|4.87974e+10|1.86352e+08|5.06921e+12|1.84325e+12|8.83508e+10|9.83012e+08|1.05326e+11|2.66028e+09|1.08654e+09|1.28753e+13|6.51734e+12|5.39868e+10|2.90952e+09|3.48e+11|5.81696e+09|1.63614e+10|5.88715e+11,2.20593e-05|0.000150149|0.000450723|2.59449e-05|0.000180222|4.41209e-05|2.7971e-05|0.000371468|0.00013417|8.19889e-05|1.79749e-05|1.42553e-05|3.96201e-05|2.03718e-05|2.27027e-05|4.02418e-05|0.000310364|6.01787e-05,0.00633895|0.00466227|0.00126271|0.00730137|0.00771594|0.00789851|0.00115348|0.0019014|0.000710075|0.00238577|0.00287041|0.00351282|0.00945776|0.00287426|0.00283907|0.00647396|0.0012652|0.00101454,0.0242308|0.0466207|0.0386825|0.0202101|0.0401254|0.0489836|0.0189194|0.000425237|0.0136277|0.029848|0.0388718|0.0330077|0.0331096|0.0321405|0.0468048|0.020557|0.0371796|0.0261239,0.0186446|0.0412655|0.0419088|0.0443805|0.0200103|0.00598368|0.0240225|0.0330026|0.0139311|0.0444626|0.0336137|0.0324719|0.0209467|0.0034903|0.0300525|0.0432333|0.0330818|0.0180416,0.952597|0.917952|0.989487|0.957486|0.990327|0.932663|0.972503|0.916165|0.994252|0.906364|0.973739|0.940557|0.921124|0.910929|0.918632|0.948323|0.957813|0.942571,6.1663|4.47725|0.398509|3.30965|3.296|1.30673|1.72172|4.552|5.80364|2.19659|4.35878|2.57923|4.68229|3.98258|4.2697|3.24827|4.08186|5.03831,79.8117|88.6198|13.9548|51.9585|76.7594|49.6282|59.7094|46.2248|31.5608|18.7034|63.8366|42.5138|15.3326|39.0733|83.4704|23.9015|29.3778,0.206816|0.186425|0.170437|0.186587|0.188216|0.239823|0.191232|0.226632|0.2299|0.172208|0.196472|0.196406|0.223307|0.169124|0.230925|0.202276|0.230351,0.332644|0.549125|0.374611|0.544273|0.933277|0.403226|0.754196|0.354213|0.185954|0.710372|0.879572|0.171578|0.17421|0.940637|0.431565|0.867602|0.451282,0.823926,0.95139,0.0501489,0.117049,0.421933,0.504875,0.0617885,0.490527,0.190703,0.903761,75.0845,2.21625e-10,46823,0.876134,54.7023,1.84253e-11,19749,0.862527,0.834378,0.0578779,0.973354,0.582731,0.492938,0.169781,0.516908,0.130486,0.880588,73.1261,1.75166e-13,58607,0.898519,78.1077,8.52274e-10,81618
7,135,n1->n2->n12->n13->n23->n22->n32->n33->n34->n35->n25->n26->n27->n17->n7->n8->n9->n10,3.00404e+13|3.30326e+11|1.24762e+09|9.91228e+12|2.96172e+12|3.33855e+10|2.648e+10|2.00146e+11|8.58911e+09|2.39604e+09|1.74625e+13|2.27804e+13|4.805e+11|1.22319e+12|6.61732e+12|3.56515e+09|5.76717e+13|1.84599e+12,4.34899e+12|4.87974e+10|1.86352e+08|5.06921e+12|1.84325e+12|5.85316e+09|2.58541e+10|8.83508e+10|2.66028e+09|1.08654e+09|4.01821e+12|6.51734e+12|5.39868e+10|2.83908e+11|1.34423e+12|2.20969e+09|4.50387e+13|5.88715e+11,2.20593e-05|0.000150149|0.000450723|2.59449e-05|0.000180222|0.000542243|1.30256e-05|4.41209e-05|0.00013417|8.19889e-05|1.90685e-05|1.42553e-05|3.96201e-05|0.000861533|4.39527e-05|0.000765253|0.000204857|6.01787e-05,0.00633895|0.00466227|0.00126271|0.00730137|0.00771594|0.000311917|0.000435298|0.00789851|0.000710075|0.00238577|0.000751332|0.00351282|0.00945776|0.000677358|0.000669129|0.000152009|0.00126725|0.00101454,0.0242308|0.0466207|0.0386825|0.0202101|0.0401254|0.0207751|0.0160711|0.0489836|0.0136277|0.029848|0.0243089|0.0330077|0.0331096|0.00680938|0.043186|0.00764741|0.0459616|0.0261239,0.0186446|0.0412655|0.0419088|0.0443805|0.0200103|0.0183961|0.0189693|0.00598368|0.0139311|0.0444626|0.0318701|0.0324719|0.0209467|0.0417|0.0011028|0.0487049|0.032776|0.0180416,0.952597|0.917952|0.989487|0.957486|0.990327|0.985316|0.965054|0.932663|0.994252|0.906364|0.949833|0.940557|0.921124|0.977982|0.941223|0.918796|0.962548|0.942571,6.1663|4.47725|0.398509|3.30965|3.296|2.86033|1.55662|1.30673|5.80364|2.19659|0.273467|2.57923|4.68229|4.36593|4.27287|0.495993|5.30103|5.03831,79.8117|88.6198|13.9548|51.9585|55.8812|86.2435|67.4197|23.5709|31.5608|88.4205|55.6995|42.5138|72.2829|59.8148|55.4093|99.595|65.9961,0.206816|0.186425|0.170437|0.186587|0.242937|0.214079|0.180414|0.175455|0.2299|0.238528|0.203915|0.196406|0.208534|0.230578|0.248326|0.247994|0.164414,0.332644|0.549125|0.374611|0.544273|0.659214|0.140505|0.604192|0.947109|0.185954|0.604484|0.192082|0.171578|0.91001|0.245965|0.993536|0.395032|0.843193,0.823926,0.95139,0.0501489,0.117049,0.421933,0.504875,0.0617885,0.490527,0.190703,0.903761,75.0845,2.21625e-10,46823,0.876134,54.7023,1.84253e-11,19749,0.862527,0.834378,0.0578779,0.973354,0.582731,0.492938,0.169781,0.516908,0.130486,0.880588,73.1261,1.75166e-13,58607,0.898519,78.1077,8.52274e-10,81618
7,136,n1->n2->n3->n13->n12->n22->n23->n33->n34->n35->n36->n26->n16->n6->n7->n8->n9->n10,3.00404e+13|3.30326e+11|2.51637e+13|9.91228e+12|1.24762e+09|3.33855e+10|2.96172e+12|2.00146e+11|8.58911e+09|2.39604e+09|8.46195e+13|2.27804e+13|3.1854e+11|2.5768e+13|6.61732e+12|3.56515e+09|5.76717e+13|1.84599e+12,4.34899e+12|4.87974e+10|1.20723e+13|5.06921e+12|1.86352e+08|5.85316e+09|1.84325e+12|8.83508e+10|2.66028e+09|1.08654e+09|1.28753e+13|6.51734e+12|2.90528e+11|1.13857e+13|1.34423e+12|2.20969e+09|4.50387e+13|5.88715e+11,2.20593e-05|0.000150149|0.000235236|2.59449e-05|0.000450723|0.000542243|0.000180222|4.41209e-05|0.00013417|8.19889e-05|1.79749e-05|1.42553e-05|6.13843e-05|0.00033585|4.39527e-05|0.000765253|0.000204857|6.01787e-05,0.00633895|0.00466227|0.00100075|0.00730137|0.00126271|0.000311917|0.00771594|0.00789851|0.000710075|0.00238577|0.00287041|0.00351282|0.00133185|0.00369855|0.000669129|0.000152009|0.00126725|0.00101454,0.0242308|0.0466207|0.0318488|0.0202101|0.0386825|0.0207751|0.0401254|0.0489836|0.0136277|0.029848|0.0388718|0.0330077|0.0464353|0.021023|0.043186|0.00764741|0.0459616|0.0261239,0.0186446|0.0412655|0.014719|0.0443805|0.0419088|0.0183961|0.0200103|0.00598368|0.0139311|0.0444626|0.0336137|0.0324719|0.00814055|0.0399306|0.0011028|0.0487049|0.032776|0.0180416,0.952597|0.917952|0.908437|0.957486|0.989487|0.985316|0.990327|0.932663|0.994252|0.906364|0.973739|0.940557|0.952296|0.989066|0.941223|0.918796|0.962548|0.942571,6.1663|4.47725|5.20069|3.30965|0.398509|2.86033|3.296|1.30673|5.80364|2.19659|4.35878|2.57923|0.663963|1.08178|4.27287|0.495993|5.30103|5.03831,79.8117|37.015|83.9106|13.9548|13.2112|55.8812|76.7594|23.5709|31.5608|18.7034|63.8366|11.0615|50.0569|32.9383|55.4093|99.595|65.9961,0.206816|0.210886|0.200225|0.170437|0.192459|0.242937|0.188216|0.175455|0.2299|0.172208|0.196472|0.223443|0.160573|0.172139|0.248326|0.247994|0.164414,0.332644|0.320755|0.417051|0.374611|0.714952|0.659214|0.933277|0.947109|0.185954|0.710372|0.879572|0.800147|0.76956|0.198275|0.993536|0.395032|0.843193,0.823926,0.95139,0.0501489,0.117049,0.421933,0.504875,0.0617885,0.490527,0.190703,0.903761,75.0845,2.21625e-10,46823,0.876134,54.7023,1.84253e-11,19749,0.862527,0.834378,0.0578779,0.973354,0.582731,0.492938,0.169781,0.516908,0.130486,0.880588,73.1261,1.75166e-13,58607,0.898519,78.1077,8.52274e-10,81618
7,137,n1->n11->n21->n22->n12->n13->n23->n24->n34->n35->n36->n37->n27->n28->n29->n30->n20->n10,3.00404e+13|1.20939e+11|9.90425e+12|3.33855e+10|1.24762e+09|9.91228e+12|2.96172e+12|1.29684e+09|8.58911e+09|2.39604e+09|8.46195e+13|4.77368e+09|4.805e+11|2.00194e+10|7.17101e+11|5.19288e+10|5.12291e+10|1.84599e+12,4.34899e+12|1.2827e+10|5.08175e+12|5.85316e+09|1.86352e+08|5.06921e+12|1.84325e+12|2.35993e+08|2.66028e+09|1.08654e+09|1.28753e+13|1.93676e+09|5.39868e+10|2.90952e+09|3.48e+11|5.81696e+09|1.63614e+10|5.88715e+11,2.20593e-05|3.68162e-05|0.00038331|0.000542243|0.000450723|2.59449e-05|0.000180222|0.00017517|0.00013417|8.19889e-05|1.79749e-05|0.000357893|3.96201e-05|2.03718e-05|2.27027e-05|4.02418e-05|0.000310364|6.01787e-05,0.00633895|0.000290726|0.000195522|0.000311917|0.00126271|0.00730137|0.00771594|0.000205887|0.000710075|0.00238577|0.00287041|0.00538311|0.00945776|0.00287426|0.00283907|0.00647396|0.0012652|0.00101454,0.0242308|0.0396791|0.0338837|0.0207751|0.0386825|0.0202101|0.0401254|0.0292034|0.0136277|0.029848|0.0388718|0.0123118|0.0331096|0.0321405|0.0468048|0.020557|0.0371796|0.0261239,0.0186446|0.0224647|0.0368511|0.0183961|0.0419088|0.0443805|0.0200103|0.0180799|0.0139311|0.0444626|0.0336137|0.00637154|0.0209467|0.0034903|0.0300525|0.0432333|0.0330818|0.0180416,0.952597|0.92663|0.928497|0.985316|0.989487|0.957486|0.990327|0.950767|0.994252|0.906364|0.973739|0.974204|0.921124|0.910929|0.918632|0.948323|0.957813|0.942571,6.1663|5.09381|5.49513|2.86033|0.398509|3.30965|3.296|0.01178|5.80364|2.19659|4.35878|1.61194|4.68229|3.98258|4.2697|3.24827|4.08186|5.03831,30.2686|65.1286|34.0839|13.2112|13.9548|51.9585|67.5745|58.7029|31.5608|18.7034|29.3504|44.8869|15.3326|39.0733|83.4704|23.9015|29.3778,0.203801|0.213744|0.241671|0.192459|0.170437|0.186587|0.237043|0.202876|0.2299|0.172208|0.206848|0.174392|0.223307|0.169124|0.230925|0.202276|0.230351,0.231522|0.918405|0.885236|0.714952|0.374611|0.544273|0.141763|0.259687|0.185954|0.710372|0.153503|0.453078|0.17421|0.940637|0.431565|0.867602|0.451282,0.823926,0.95139,0.0501489,0.117049,0.421933,0.504875,0.0617885,0.490527,0.190703,0.903761,75.0845,2.21625e-10,46823,0.876134,54.7023,1.84253e-11,19749,0.862527,0.834378,0.0578779,0.973354,0.582731,0.492938,0.169781,0.516908,0.130486,0.880588,73.1261,1.75166e-13,58607,0.898519,78.1077,8.52274e-10,81618
7,138,n1->n2->n12->n13->n3->n4->n14->n15->n25->n26->n27->n17->n16->n6->n7->n8->n9->n10,3.00404e+13|3.30326e+11|1.24762e+09|9.91228e+12|2.51637e+13|5.19663e+13|6.27509e+09|2.54337e+12|1.74625e+13|2.27804e+13|4.805e+11|1.22319e+12|3.1854e+11|2.5768e+13|6.61732e+12|3.56515e+09|5.76717e+13|1.84599e+12,4.34899e+12|4.87974e+10|1.86352e+08|5.06921e+12|1.20723e+13|3.73718e+13|5.15166e+09|4.83922e+11|4.01821e+12|6.51734e+12|5.39868e+10|2.83908e+11|2.90528e+11|1.13857e+13|1.34423e+12|2.20969e+09|4.50387e+13|5.88715e+11,2.20593e-05|0.000150149|0.000450723|2.59449e-05|0.000235236|4.65401e-05|0.000129815|0.000137603|1.90685e-05|1.42553e-05|3.96201e-05|0.000861533|6.13843e-05|0.00033585|4.39527e-05|0.000765253|0.000204857|6.01787e-05,0.00633895|0.00466227|0.00126271|0.00730137|0.00100075|0.000153837|0.000102845|0.000302355|0.000751332|0.00351282|0.00945776|0.000677358|0.00133185|0.00369855|0.000669129|0.000152009|0.00126725|0.00101454,0.0242308|0.0466207|0.0386825|0.0202101|0.0318488|0.0140069|0.000914227|0.0473158|0.0243089|0.0330077|0.0331096|0.00680938|0.0464353|0.021023|0.043186|0.00764741|0.0459616|0.0261239,0.0186446|0.0412655|0.0419088|0.0443805|0.014719|0.0421418|0.0388816|0.0430085|0.0318701|0.0324719|0.0209467|0.0417|0.00814055|0.0399306|0.0011028|0.0487049|0.032776|0.0180416,0.952597|0.917952|0.989487|0.957486|0.908437|0.962302|0.915384|0.927364|0.949833|0.940557|0.921124|0.977982|0.952296|0.989066|0.941223|0.918796|0.962548|0.942571,6.1663|4.47725|0.398509|3.30965|5.20069|6.07392|3.76198|3.32264|0.273467|2.57923|4.68229|4.36593|0.663963|1.08178|4.27287|0.495993|5.30103|5.03831,79.8117|88.6198|13.9548|83.9106|10.4739|52.1141|92.5451|54.7186|55.6995|42.5138|72.2829|32.2763|50.0569|32.9383|55.4093|99.595|65.9961,0.206816|0.186425|0.170437|0.200225|0.174627|0.216325|0.162606|0.216167|0.203915|0.196406|0.208534|0.181751|0.160573|0.172139|0.248326|0.247994|0.164414,0.332644|0.549125|0.374611|0.417051|0.966142|0.474765|0.327689|0.845754|0.192082|0.171578|0.91001|0.408588|0.76956|0.198275|0.993536|0.395032|0.843193,0.823926,0.95139,0.0501489,0.117049,0.421933,0.504875,0.0617885,0.490527,0.190703,0.903761,75.0845,2.21625e-10,46823,0.876134,54.7023,1.84253e-11,19749,0.862527,0.834378,0.0578779,0.973354,0.582731,0.492938,0.169781,0.516908,0.130486,0.880588,73.1261,1.75166e-13,58607,0.898519,78.1077,8.52274e-10,81618
7,139,n1->n11->n12->n22->n32->n42->n43->n44->n34->n35->n25->n26->n27->n28->n18->n19->n20->n10,3.00404e+13|1.20939e+11|1.24762e+09|3.33855e+10|2.648e+10|1.03093e+13|4.25913e+09|4.86826e+11|8.58911e+09|2.39604e+09|1.74625e+13|2.27804e+13|4.805e+11|2.00194e+10|5.54701e+12|3.60508e+09|5.12291e+10|1.84599e+12,4.34899e+12|1.2827e+10|1.86352e+08|5.85316e+09|2.58541e+10|3.20768e+12|9.83012e+08|1.05326e+11|2.66028e+09|1.08654e+09|4.01821e+12|6.51734e+12|5.39868e+10|2.90952e+09|1.02041e+12|3.20505e+09|1.63614e+10|5.88715e+11,2.20593e-05|3.68162e-05|0.000450723|0.000542243|1.30256e-05|0.000285699|2.7971e-05|0.000371468|0.00013417|8.19889e-05|1.90685e-05|1.42553e-05|3.96201e-05|2.03718e-05|0.000192357|1.67639e-05|0.000310364|6.01787e-05,0.00633895|0.000290726|0.00126271|0.000311917|0.000435298|0.00317253|0.00115348|0.0019014|0.000710075|0.00238577|0.000751332|0.00351282|0.00945776|0.00287426|0.000119135|0.000326693|0.0012652|0.00101454,0.0242308|0.0396791|0.0386825|0.0207751|0.0160711|0.0253382|0.0189194|0.000425237|0.0136277|0.029848|0.0243089|0.0330077|0.0331096|0.0321405|0.00984451|0.0091317|0.0371796|0.0261239,0.0186446|0.0224647|0.0419088|0.0183961|0.0189693|0.0462681|0.0240225|0.0330026|0.0139311|0.0444626|0.0318701|0.0324719|0.0209467|0.0034903|0.046614|0.000373191|0.0330818|0.0180416,0.952597|0.92663|0.989487|0.985316|0.965054|0.994073|0.972503|0.916165|0.994252|0.906364|0.949833|0.940557|0.921124|0.910929|0.970227|0.929843|0.957813|0.942571,6.1663|5.09381|0.398509|2.86033|1.55662|2.25701|1.72172|4.552|5.80364|2.19659|0.273467|2.57923|4.68229|3.98258|1.44936|6.12095|4.08186|5.03831,30.2686|24.4191|13.2112|86.2435|70.8805|27.3217|59.7094|46.2248|31.5608|88.4205|55.6995|42.5138|15.3326|43.2583|28.0546|10.3361|29.3778,0.203801|0.165933|0.192459|0.214079|0.182862|0.222856|0.191232|0.226632|0.2299|0.238528|0.203915|0.196406|0.223307|0.248634|0.195276|0.223504|0.230351,0.231522|0.813401|0.714952|0.140505|0.614221|0.120467|0.754196|0.354213|0.185954|0.604484|0.192082|0.171578|0.17421|0.201747|0.486895|0.865166|0.451282,0.823926,0.95139,0.0501489,0.117049,0.421933,0.504875,0.0617885,0.490527,0.190703,0.903761,75.0845,2.21625e-10,46823,0.876134,54.7023,1.84253e-11,19749,0.862527,0.834378,0.0578779,0.973354,0.582731,0.492938,0.169781,0.516908,0.130486,0.880588,73.1261,1.75166e-13,58607,0.898519,78.1077,8.52274e-10,81618
7,140,n1->n11->n21->n31->n41->n42->n43->n44->n45->n35->n25->n15->n16->n17->n7->n8->n9->n10,3.00404e+13|1.20939e+11|9.90425e+12|1.0619e+09|8.60797e+12|1.03093e+13|4.25913e+09|4.86826e+11|6.86583e+11|2.39604e+09|1.74625e+13|2.54337e+12|3.1854e+11|1.22319e+12|6.61732e+12|3.56515e+09|5.76717e+13|1.84599e+12,4.34899e+12|1.2827e+10|5.08175e+12|4.60453e+08|4.47275e+12|3.20768e+12|9.83012e+08|1.05326e+11|1.73052e+11|1.08654e+09|4.01821e+12|4.83922e+11|2.90528e+11|2.83908e+11|1.34423e+12|2.20969e+09|4.50387e+13|5.88715e+11,2.20593e-05|3.68162e-05|0.00038331|1.64296e-05|1.01833e-05|0.000285699|2.7971e-05|0.000371468|0.000244418|8.19889e-05|1.90685e-05|0.000137603|6.13843e-05|0.000861533|4.39527e-05|0.000765253|0.000204857|6.01787e-05,0.00633895|0.000290726|0.000195522|0.000906769|0.000113109|0.00317253|0.00115348|0.0019014|0.00516638|0.00238577|0.000751332|0.000302355|0.00133185|0.000677358|0.000669129|0.000152009|0.00126725|0.00101454,0.0242308|0.0396791|0.0338837|0.0130158|0.00975166|0.0253382|0.0189194|0.000425237|0.0389372|0.029848|0.0243089|0.0473158|0.0464353|0.00680938|0.043186|0.00764741|0.0459616|0.0261239,0.0186446|0.0224647|0.0368511|0.0196191|0.00280605|0.0462681|0.0240225|0.0330026|0.027269|0.0444626|0.0318701|0.0430085|0.00814055|0.0417|0.0011028|0.0487049|0.032776|0.0180416,0.952597|0.92663|0.928497|0.951022|0.950478|0.994073|0.972503|0.916165|0.968656|0.906364|0.949833|0.927364|0.952296|0.977982|0.941223|0.918796|0.962548|0.942571,6.1663|5.09381|5.49513|0.0908807|0.248985|2.25701|1.72172|4.552|2.6007|2.19659|0.273467|3.32264|0.663963|4.36593|4.27287|0.495993|5.30103|5.03831,30.2686|65.1286|89.2299|64.4551|61.2747|27.3217|59.7094|89.5651|97.1045|88.4205|54.7186|56.2706|32.2763|59.8148|55.4093|99.595|65.9961,0.203801|0.213744|0.165795|0.19083|0.216723|0.222856|0.191232|0.248473|0.202283|0.238528|0.216167|0.202376|0.181751|0.230578|0.248326|0.247994|0.164414,0.231522|0.918405|0.78117|0.678193|0.619343|0.120467|0.754196|0.683838|0.577126|0.604484|0.845754|0.428028|0.408588|0.245965|0.993536|0.395032|0.843193,0.823926,0.95139,0.0501489,0.117049,0.421933,0.504875,0.0617885,0.490527,0.190703,0.903761,75.0845,2.21625e-10,46823,0.876134,54.7023,1.84253e-11,19749,0.862527,0.834378,0.0578779,0.973354,0.582731,0.492938,0.169781,0.516908,0.130486,0.880588,73.1261,1.75166e-13,58607,0.898519,78.1077,8.52274e-10,81618
7,141,n1->n2->n12->n13->n3->n4->n5->n15->n14->n24->n25->n26->n16->n17->n7->n8->n9->n10,3.00404e+13|3.30326e+11|1.24762e+09|9.91228e+12|2.51637e+13|5.19663e+13|5.16898e+10|2.54337e+12|6.27509e+09|1.29684e+09|1.74625e+13|2.27804e+13|3.1854e+11|1.22319e+12|6.61732e+12|3.56515e+09|5.76717e+13|1.84599e+12,4.34899e+12|4.87974e+10|1.86352e+08|5.06921e+12|1.20723e+13|3.73718e+13|1.84025e+10|4.83922e+11|5.15166e+09|2.35993e+08|4.01821e+12|6.51734e+12|2.90528e+11|2.83908e+11|1.34423e+12|2.20969e+09|4.50387e+13|5.88715e+11,2.20593e-05|0.000150149|0.000450723|2.59449e-05|0.000235236|4.65401e-05|0.000380256|0.000137603|0.000129815|0.00017517|1.90685e-05|1.42553e-05|6.13843e-05|0.000861533|4.39527e-05|0.000765253|0.000204857|6.01787e-05,0.00633895|0.00466227|0.00126271|0.00730137|0.00100075|0.000153837|0.000293754|0.000302355|0.000102845|0.000205887|0.000751332|0.00351282|0.00133185|0.000677358|0.000669129|0.000152009|0.00126725|0.00101454,0.0242308|0.0466207|0.0386825|0.0202101|0.0318488|0.0140069|0.0482045|0.0473158|0.000914227|0.0292034|0.0243089|0.0330077|0.0464353|0.00680938|0.043186|0.00764741|0.0459616|0.0261239,0.0186446|0.0412655|0.0419088|0.0443805|0.014719|0.0421418|0.0296199|0.0430085|0.0388816|0.0180799|0.0318701|0.0324719|0.00814055|0.0417|0.0011028|0.0487049|0.032776|0.0180416,0.952597|0.917952|0.989487|0.957486|0.908437|0.962302|0.90075|0.927364|0.915384|0.950767|0.949833|0.940557|0.952296|0.977982|0.941223|0.918796|0.962548|0.942571,6.1663|4.47725|0.398509|3.30965|5.20069|6.07392|0.158043|3.32264|3.76198|0.01178|0.273467|2.57923|0.663963|4.36593|4.27287|0.495993|5.30103|5.03831,79.8117|88.6198|13.9548|83.9106|10.4739|81.7362|35.0583|92.5451|66.6304|18.2346|55.6995|11.0615|32.2763|59.8148|55.4093|99.595|65.9961,0.206816|0.186425|0.170437|0.200225|0.174627|0.162628|0.245093|0.162606|0.19366|0.245477|0.203915|0.223443|0.181751|0.230578|0.248326|0.247994|0.164414,0.332644|0.549125|0.374611|0.417051|0.966142|0.858929|0.442729|0.327689|0.634426|0.99271|0.192082|0.800147|0.408588|0.245965|0.993536|0.395032|0.843193,0.823926,0.95139,0.0501489,0.117049,0.421933,0.504875,0.0617885,0.490527,0.190703,0.903761,75.0845,2.21625e-10,46823,0.876134,54.7023,1.84253e-11,19749,0.862527,0.834378,0.0578779,0.973354,0.582731,0.492938,0.169781,0.516908,0.130486,0.880588,73.1261,1.75166e-13,58607,0.898519,78.1077,8.52274e-10,81618
7,142,n1->n11->n12->n2->n3->n13->n23->n33->n34->n35->n36->n37->n38->n28->n29->n19->n20->n10,3.00404e+13|1.20939e+11|1.24762e+09|3.30326e+11|2.51637e+13|9.91228e+12|2.96172e+12|2.00146e+11|8.58911e+09|2.39604e+09|8.46195e+13|4.77368e+09|1.44427e+09|2.00194e+10|7.17101e+11|3.60508e+09|5.12291e+10|1.84599e+12,4.34899e+12|1.2827e+10|1.86352e+08|4.87974e+10|1.20723e+13|5.06921e+12|1.84325e+12|8.83508e+10|2.66028e+09|1.08654e+09|1.28753e+13|1.93676e+09|9.65742e+08|2.90952e+09|3.48e+11|3.20505e+09|1.63614e+10|5.88715e+11,2.20593e-05|3.68162e-05|0.000450723|0.000150149|0.000235236|2.59449e-05|0.000180222|4.41209e-05|0.00013417|8.19889e-05|1.79749e-05|0.000357893|0.000102797|2.03718e-05|2.27027e-05|1.67639e-05|0.000310364|6.01787e-05,0.00633895|0.000290726|0.00126271|0.00466227|0.00100075|0.00730137|0.00771594|0.00789851|0.000710075|0.00238577|0.00287041|0.00538311|0.000450056|0.00287426|0.00283907|0.000326693|0.0012652|0.00101454,0.0242308|0.0396791|0.0386825|0.0466207|0.0318488|0.0202101|0.0401254|0.0489836|0.0136277|0.029848|0.0388718|0.0123118|0.000571455|0.0321405|0.0468048|0.0091317|0.0371796|0.0261239,0.0186446|0.0224647|0.0419088|0.0412655|0.014719|0.0443805|0.0200103|0.00598368|0.0139311|0.0444626|0.0336137|0.00637154|0.00176637|0.0034903|0.0300525|0.000373191|0.0330818|0.0180416,0.952597|0.92663|0.989487|0.917952|0.908437|0.957486|0.990327|0.932663|0.994252|0.906364|0.973739|0.974204|0.975299|0.910929|0.918632|0.929843|0.957813|0.942571,6.1663|5.09381|0.398509|4.47725|5.20069|3.30965|3.296|1.30673|5.80364|2.19659|4.35878|1.61194|3.07691|3.98258|4.2697|6.12095|4.08186|5.03831,30.2686|24.4191|88.6198|37.015|83.9106|51.9585|76.7594|23.5709|31.5608|18.7034|29.3504|37.0378|23.518|39.0733|84.7043|10.3361|29.3778,0.203801|0.165933|0.186425|0.210886|0.200225|0.186587|0.188216|0.175455|0.2299|0.172208|0.206848|0.216148|0.218706|0.169124|0.173571|0.223504|0.230351,0.231522|0.813401|0.549125|0.320755|0.417051|0.544273|0.933277|0.947109|0.185954|0.710372|0.153503|0.142457|0.185341|0.940637|0.743008|0.865166|0.451282,0.823926,0.95139,0.0501489,0.117049,0.421933,0.504875,0.0617885,0.490527,0.190703,0.903761,75.0845,2.21625e-10,46823,0.876134,54.7023,1.84253e-11,19749,0.862527,0.834378,0.0578779,0.973354,0.582731,0.492938,0.169781,0.516908,0.130486,0.880588,73.1261,1.75166e-13,58607,0.898519,78.1077,8.52274e-10,81618
7,143,n1->n2->n12->n13->n14->n24->n25->n26->n27->n37->n47->n48->n38->n28->n18->n19->n9->n10,3.00404e+13|3.30326e+11|1.24762e+09|9.91228e+12|6.27509e+09|1.29684e+09|1.74625e+13|2.27804e+13|4.805e+11|4.77368e+09|9.49941e+11|6.68866e+11|1.44427e+09|2.00194e+10|5.54701e+12|3.60508e+09|5.76717e+13|1.84599e+12,4.34899e+12|4.87974e+10|1.86352e+08|5.06921e+12|5.15166e+09|2.35993e+08|4.01821e+12|6.51734e+12|5.39868e+10|1.93676e+09|1.20036e+11|8.02428e+10|9.65742e+08|2.90952e+09|1.02041e+12|3.20505e+09|4.50387e+13|5.88715e+11,2.20593e-05|0.000150149|0.000450723|2.59449e-05|0.000129815|0.00017517|1.90685e-05|1.42553e-05|3.96201e-05|0.000357893|3.46608e-05|1.60622e-05|0.000102797|2.03718e-05|0.000192357|1.67639e-05|0.000204857|6.01787e-05,0.00633895|0.00466227|0.00126271|0.00730137|0.000102845|0.000205887|0.000751332|0.00351282|0.00945776|0.00538311|0.00214309|0.00864971|0.000450056|0.00287426|0.000119135|0.000326693|0.00126725|0.00101454,0.0242308|0.0466207|0.0386825|0.0202101|0.000914227|0.0292034|0.0243089|0.0330077|0.0331096|0.0123118|0.0199273|0.0339617|0.000571455|0.0321405|0.00984451|0.0091317|0.0459616|0.0261239,0.0186446|0.0412655|0.0419088|0.0443805|0.0388816|0.0180799|0.0318701|0.0324719|0.0209467|0.00637154|0.0210731|0.0376235|0.00176637|0.0034903|0.046614|0.000373191|0.032776|0.0180416,0.952597|0.917952|0.989487|0.957486|0.915384|0.950767|0.949833|0.940557|0.921124|0.974204|0.975803|0.964198|0.975299|0.910929|0.970227|0.929843|0.962548|0.942571,6.1663|4.47725|0.398509|3.30965|3.76198|0.01178|0.273467|2.57923|4.68229|1.61194|6.18587|1.12857|3.07691|3.98258|1.44936|6.12095|5.30103|5.03831,79.8117|88.6198|13.9548|56.34|66.6304|18.2346|55.6995|42.5138|44.8869|88.6669|13.4252|21.8454|23.518|43.2583|28.0546|99.0064|65.9961,0.206816|0.186425|0.170437|0.230897|0.19366|0.245477|0.203915|0.196406|0.174392|0.19406|0.228854|0.197866|0.218706|0.248634|0.195276|0.249757|0.164414,0.332644|0.549125|0.374611|0.964918|0.634426|0.99271|0.192082|0.171578|0.453078|0.651566|0.793762|0.593432|0.185341|0.201747|0.486895|0.797563|0.843193,0.823926,0.95139,0.0501489,0.117049,0.421933,0.504875,0.0617885,0.490527,0.190703,0.903761,75.0845,2.21625e-10,46823,0.876134,54.7023,1.84253e-11,19749,0.862527,0.834378,0.0578779,0.973354,0.582731,0.492938,0.169781,0.516908,0.130486,0.880588,73.1261,1.75166e-13,58607,0.898519,78.1077,8.52274e-10,81618
7,144,n1->n11->n21->n22->n12->n13->n3->n4->n14->n24->n25->n26->n27->n17->n7->n8->n9->n10,3.00404e+13|1.20939e+11|9.90425e+12|3.33855e+10|1.24762e+09|9.91228e+12|2.51637e+13|5.19663e+13|6.27509e+09|1.29684e+09|1.74625e+13|2.27804e+13|4.805e+11|1.22319e+12|6.61732e+12|3.56515e+09|5.76717e+13|1.84599e+12,4.34899e+12|1.2827e+10|5.08175e+12|5.85316e+09|1.86352e+08|5.06921e+12|1.20723e+13|3.73718e+13|5.15166e+09|2.35993e+08|4.01821e+12|6.51734e+12|5.39868e+10|2.83908e+11|1.34423e+12|2.20969e+09|4.50387e+13|5.88715e+11,2.20593e-05|3.68162e-05|0.00038331|0.000542243|0.000450723|2.59449e-05|0.000235236|4.65401e-05|0.000129815|0.00017517|1.90685e-05|1.42553e-05|3.96201e-05|0.000861533|4.39527e-05|0.000765253|0.000204857|6.01787e-05,0.00633895|0.000290726|0.000195522|0.000311917|0.00126271|0.00730137|0.00100075|0.000153837|0.000102845|0.000205887|0.000751332|0.00351282|0.00945776|0.000677358|0.000669129|0.000152009|0.00126725|0.00101454,0.0242308|0.0396791|0.0338837|0.0207751|0.0386825|0.0202101|0.0318488|0.0140069|0.000914227|0.0292034|0.0243089|0.0330077|0.0331096|0.00680938|0.043186|0.00764741|0.0459616|0.0261239,0.0186446|0.0224647|0.0368511|0.0183961|0.0419088|0.0443805|0.014719|0.0421418|0.0388816|0.0180799|0.0318701|0.0324719|0.0209467|0.0417|0.0011028|0.0487049|0.032776|0.0180416,0.952597|0.92663|0.928497|0.985316|0.989487|0.957486|0.908437|0.962302|0.915384|0.950767|0.949833|0.940557|0.921124|0.977982|0.941223|0.918796|0.962548|0.942571,6.1663|5.09381|5.49513|2.86033|0.398509|3.30965|5.20069|6.07392|3.76198|0.01178|0.273467|2.57923|4.68229|4.36593|4.27287|0.495993|5.30103|5.03831,30.2686|65.1286|34.0839|13.2112|13.9548|83.9106|10.4739|52.1141|66.6304|18.2346|55.6995|42.5138|72.2829|59.8148|55.4093|99.595|65.9961,0.203801|0.213744|0.241671|0.192459|0.170437|0.200225|0.174627|0.216325|0.19366|0.245477|0.203915|0.196406|0.208534|0.230578|0.248326|0.247994|0.164414,0.231522|0.918405|0.885236|0.714952|0.374611|0.417051|0.966142|0.474765|0.634426|0.99271|0.192082|0.171578|0.91001|0.245965|0.993536|0.395032|0.843193,0.823926,0.95139,0.0501489,0.117049,0.421933,0.504875,0.0617885,0.490527,0.190703,0.903761,75.0845,2.21625e-10,46823,0.876134,54.7023,1.84253e-11,19749,0.862527,0.834378,0.0578779,0.973354,0.582731,0.492938,0.169781,0.516908,0.130486,0.880588,73.1261,1.75166e-13,58607,0.898519,78.1077,8.52274e-10,81618
7,145,n1->n2->n12->n13->n3->n4->n5->n15->n14->n24->n25->n26->n27->n28->n18->n8->n9->n10,3.00404e+13|3.30326e+11|1.24762e+09|9.91228e+12|2.51637e+13|5.19663e+13|5.16898e+10|2.54337e+12|6.27509e+09|1.29684e+09|1.74625e+13|2.27804e+13|4.805e+11|2.00194e+10|5.54701e+12|3.56515e+09|5.76717e+13|1.84599e+12,4.34899e+12|4.87974e+10|1.86352e+08|5.06921e+12|1.20723e+13|3.73718e+13|1.84025e+10|4.83922e+11|5.15166e+09|2.35993e+08|4.01821e+12|6.51734e+12|5.39868e+10|2.90952e+09|1.02041e+12|2.20969e+09|4.50387e+13|5.88715e+11,2.20593e-05|0.000150149|0.000450723|2.59449e-05|0.000235236|4.65401e-05|0.000380256|0.000137603|0.000129815|0.00017517|1.90685e-05|1.42553e-05|3.96201e-05|2.03718e-05|0.000192357|0.000765253|0.000204857|6.01787e-05,0.00633895|0.00466227|0.00126271|0.00730137|0.00100075|0.000153837|0.000293754|0.000302355|0.000102845|0.000205887|0.000751332|0.00351282|0.00945776|0.00287426|0.000119135|0.000152009|0.00126725|0.00101454,0.0242308|0.0466207|0.0386825|0.0202101|0.0318488|0.0140069|0.0482045|0.0473158|0.000914227|0.0292034|0.0243089|0.0330077|0.0331096|0.0321405|0.00984451|0.00764741|0.0459616|0.0261239,0.0186446|0.0412655|0.0419088|0.0443805|0.014719|0.0421418|0.0296199|0.0430085|0.0388816|0.0180799|0.0318701|0.0324719|0.0209467|0.0034903|0.046614|0.0487049|0.032776|0.0180416,0.952597|0.917952|0.989487|0.957486|0.908437|0.962302|0.90075|0.927364|0.915384|0.950767|0.949833|0.940557|0.921124|0.910929|0.970227|0.918796|0.962548|0.942571,6.1663|4.47725|0.398509|3.30965|5.20069|6.07392|0.158043|3.32264|3.76198|0.01178|0.273467|2.57923|4.68229|3.98258|1.44936|0.495993|5.30103|5.03831,79.8117|88.6198|13.9548|83.9106|10.4739|81.7362|35.0583|92.5451|66.6304|18.2346|55.6995|42.5138|15.3326|43.2583|81.3396|99.595|65.9961,0.206816|0.186425|0.170437|0.200225|0.174627|0.162628|0.245093|0.162606|0.19366|0.245477|0.203915|0.196406|0.223307|0.248634|0.190026|0.247994|0.164414,0.332644|0.549125|0.374611|0.417051|0.966142|0.858929|0.442729|0.327689|0.634426|0.99271|0.192082|0.171578|0.17421|0.201747|0.718603|0.395032|0.843193,0.823926,0.95139,0.0501489,0.117049,0.421933,0.504875,0.0617885,0.490527,0.190703,0.903761,75.0845,2.21625e-10,46823,0.876134,54.7023,1.84253e-11,19749,0.862527,0.834378,0.0578779,0.973354,0.582731,0.492938,0.169781,0.516908,0.130486,0.880588,73.1261,1.75166e-13,58607,0.898519,78.1077,8.52274e-10,81618
7,146,n1->n2->n12->n11->n21->n22->n32->n33->n23->n24->n14->n4->n5->n6->n7->n8->n9->n10,3.00404e+13|3.30326e+11|1.24762e+09|1.20939e+11|9.90425e+12|3.33855e+10|2.648e+10|2.00146e+11|2.96172e+12|1.29684e+09|6.27509e+09|5.19663e+13|5.16898e+10|2.5768e+13|6.61732e+12|3.56515e+09|5.76717e+13|1.84599e+12,4.34899e+12|4.87974e+10|1.86352e+08|1.2827e+10|5.08175e+12|5.85316e+09|2.58541e+10|8.83508e+10|1.84325e+12|2.35993e+08|5.15166e+09|3.73718e+13|1.84025e+10|1.13857e+13|1.34423e+12|2.20969e+09|4.50387e+13|5.88715e+11,2.20593e-05|0.000150149|0.000450723|3.68162e-05|0.00038331|0.000542243|1.30256e-05|4.41209e-05|0.000180222|0.00017517|0.000129815|4.65401e-05|0.000380256|0.00033585|4.39527e-05|0.000765253|0.000204857|6.01787e-05,0.00633895|0.00466227|0.00126271|0.000290726|0.000195522|0.000311917|0.000435298|0.00789851|0.00771594|0.000205887|0.000102845|0.000153837|0.000293754|0.00369855|0.000669129|0.000152009|0.00126725|0.00101454,0.0242308|0.0466207|0.0386825|0.0396791|0.0338837|0.0207751|0.0160711|0.0489836|0.0401254|0.0292034|0.000914227|0.0140069|0.0482045|0.021023|0.043186|0.00764741|0.0459616|0.0261239,0.0186446|0.0412655|0.0419088|0.0224647|0.0368511|0.0183961|0.0189693|0.00598368|0.0200103|0.0180799|0.0388816|0.0421418|0.0296199|0.0399306|0.0011028|0.0487049|0.032776|0.0180416,0.952597|0.917952|0.989487|0.92663|0.928497|0.985316|0.965054|0.932663|0.990327|0.950767|0.915384|0.962302|0.90075|0.989066|0.941223|0.918796|0.962548|0.942571,6.1663|4.47725|0.398509|5.09381|5.49513|2.86033|1.55662|1.30673|3.296|0.01178|3.76198|6.07392|0.158043|1.08178|4.27287|0.495993|5.30103|5.03831,79.8117|88.6198|24.4191|65.1286|34.0839|86.2435|67.4197|76.7594|67.5745|66.6304|52.1141|81.7362|37.2729|32.9383|55.4093|99.595|65.9961,0.206816|0.186425|0.165933|0.213744|0.241671|0.214079|0.180414|0.188216|0.237043|0.19366|0.216325|0.162628|0.182098|0.172139|0.248326|0.247994|0.164414,0.332644|0.549125|0.813401|0.918405|0.885236|0.140505|0.604192|0.933277|0.141763|0.634426|0.474765|0.858929|0.770624|0.198275|0.993536|0.395032|0.843193,0.823926,0.95139,0.0501489,0.117049,0.421933,0.504875,0.0617885,0.490527,0.190703,0.903761,75.0845,2.21625e-10,46823,0.876134,54.7023,1.84253e-11,19749,0.862527,0.834378,0.0578779,0.973354,0.582731,0.492938,0.169781,0.516908,0.130486,0.880588,73.1261,1.75166e-13,58607,0.898519,78.1077,8.52274e-10,81618
7,147,n1->n2->n3->n4->n14->n13->n23->n33->n34->n35->n36->n26->n16->n17->n18->n8->n9->n10,3.00404e+13|3.30326e+11|2.51637e+13|5.19663e+13|6.27509e+09|9.91228e+12|2.96172e+12|2.00146e+11|8.58911e+09|2.39604e+09|8.46195e+13|2.27804e+13|3.1854e+11|1.22319e+12|5.54701e+12|3.56515e+09|5.76717e+13|1.84599e+12,4.34899e+12|4.87974e+10|1.20723e+13|3.73718e+13|5.15166e+09|5.06921e+12|1.84325e+12|8.83508e+10|2.66028e+09|1.08654e+09|1.28753e+13|6.51734e+12|2.90528e+11|2.83908e+11|1.02041e+12|2.20969e+09|4.50387e+13|5.88715e+11,2.20593e-05|0.000150149|0.000235236|4.65401e-05|0.000129815|2.59449e-05|0.000180222|4.41209e-05|0.00013417|8.19889e-05|1.79749e-05|1.42553e-05|6.13843e-05|0.000861533|0.000192357|0.000765253|0.000204857|6.01787e-05,0.00633895|0.00466227|0.00100075|0.000153837|0.000102845|0.00730137|0.00771594|0.00789851|0.000710075|0.00238577|0.00287041|0.00351282|0.00133185|0.000677358|0.000119135|0.000152009|0.00126725|0.00101454,0.0242308|0.0466207|0.0318488|0.0140069|0.000914227|0.0202101|0.0401254|0.0489836|0.0136277|0.029848|0.0388718|0.0330077|0.0464353|0.00680938|0.00984451|0.00764741|0.0459616|0.0261239,0.0186446|0.0412655|0.014719|0.0421418|0.0388816|0.0443805|0.0200103|0.00598368|0.0139311|0.0444626|0.0336137|0.0324719|0.00814055|0.0417|0.046614|0.0487049|0.032776|0.0180416,0.952597|0.917952|0.908437|0.962302|0.915384|0.957486|0.990327|0.932663|0.994252|0.906364|0.973739|0.940557|0.952296|0.977982|0.970227|0.918796|0.962548|0.942571,6.1663|4.47725|5.20069|6.07392|3.76198|3.30965|3.296|1.30673|5.80364|2.19659|4.35878|2.57923|0.663963|4.36593|1.44936|0.495993|5.30103|5.03831,79.8117|37.015|10.4739|52.1141|56.34|51.9585|76.7594|23.5709|31.5608|18.7034|63.8366|11.0615|32.2763|27.3162|81.3396|99.595|65.9961,0.206816|0.210886|0.174627|0.216325|0.230897|0.186587|0.188216|0.175455|0.2299|0.172208|0.196472|0.223443|0.181751|0.234286|0.190026|0.247994|0.164414,0.332644|0.320755|0.966142|0.474765|0.964918|0.544273|0.933277|0.947109|0.185954|0.710372|0.879572|0.800147|0.408588|0.288398|0.718603|0.395032|0.843193,0.823926,0.95139,0.0501489,0.117049,0.421933,0.504875,0.0617885,0.490527,0.190703,0.903761,75.0845,2.21625e-10,46823,0.876134,54.7023,1.84253e-11,19749,0.862527,0.834378,0.0578779,0.973354,0.582731,0.492938,0.169781,0.516908,0.130486,0.880588,73.1261,1.75166e-13,58607,0.898519,78.1077,8.52274e-10,81618
7,148,n1->n11->n21->n31->n32->n22->n12->n2->n3->n4->n5->n6->n7->n8->n9->n19->n20->n10,3.00404e+13|1.20939e+11|9.90425e+12|1.0619e+09|2.648e+10|3.33855e+10|1.24762e+09|3.30326e+11|2.51637e+13|5.19663e+13|5.16898e+10|2.5768e+13|6.61732e+12|3.56515e+09|5.76717e+13|3.60508e+09|5.12291e+10|1.84599e+12,4.34899e+12|1.2827e+10|5.08175e+12|4.60453e+08|2.58541e+10|5.85316e+09|1.86352e+08|4.87974e+10|1.20723e+13|3.73718e+13|1.84025e+10|1.13857e+13|1.34423e+12|2.20969e+09|4.50387e+13|3.20505e+09|1.63614e+10|5.88715e+11,2.20593e-05|3.68162e-05|0.00038331|1.64296e-05|1.30256e-05|0.000542243|0.000450723|0.000150149|0.000235236|4.65401e-05|0.000380256|0.00033585|4.39527e-05|0.000765253|0.000204857|1.67639e-05|0.000310364|6.01787e-05,0.00633895|0.000290726|0.000195522|0.000906769|0.000435298|0.000311917|0.00126271|0.00466227|0.00100075|0.000153837|0.000293754|0.00369855|0.000669129|0.000152009|0.00126725|0.000326693|0.0012652|0.00101454,0.0242308|0.0396791|0.0338837|0.0130158|0.0160711|0.0207751|0.0386825|0.0466207|0.0318488|0.0140069|0.0482045|0.021023|0.043186|0.00764741|0.0459616|0.0091317|0.0371796|0.0261239,0.0186446|0.0224647|0.0368511|0.0196191|0.0189693|0.0183961|0.0419088|0.0412655|0.014719|0.0421418|0.0296199|0.0399306|0.0011028|0.0487049|0.032776|0.000373191|0.0330818|0.0180416,0.952597|0.92663|0.928497|0.951022|0.965054|0.985316|0.989487|0.917952|0.908437|0.962302|0.90075|0.989066|0.941223|0.918796|0.962548|0.929843|0.957813|0.942571,6.1663|5.09381|5.49513|0.0908807|1.55662|2.86033|0.398509|4.47725|5.20069|6.07392|0.158043|1.08178|4.27287|0.495993|5.30103|6.12095|4.08186|5.03831,30.2686|65.1286|89.2299|63.0993|86.2435|13.2112|88.6198|37.015|10.4739|81.7362|37.2729|32.9383|55.4093|99.595|99.0064|10.3361|29.3778,0.203801|0.213744|0.165795|0.235942|0.214079|0.192459|0.186425|0.210886|0.174627|0.162628|0.182098|0.172139|0.248326|0.247994|0.249757|0.223504|0.230351,0.231522|0.918405|0.78117|0.935252|0.140505|0.714952|0.549125|0.320755|0.966142|0.858929|0.770624|0.198275|0.993536|0.395032|0.797563|0.865166|0.451282,0.823926,0.95139,0.0501489,0.117049,0.421933,0.504875,0.0617885,0.490527,0.190703,0.903761,75.0845,2.21625e-10,46823,0.876134,54.7023,1.84253e-11,19749,0.862527,0.834378,0.0578779,0.973354,0.582731,0.492938,0.169781,0.516908,0.130486,0.880588,73.1261,1.75166e-13,58607,0.898519,78.1077,8.52274e-10,81618
7,149,n1->n2->n12->n22->n32->n33->n23->n24->n25->n35->n36->n26->n16->n6->n7->n8->n9->n10,3.00404e+13|3.30326e+11|1.24762e+09|3.33855e+10|2.648e+10|2.00146e+11|2.96172e+12|1.29684e+09|1.74625e+13|2.39604e+09|8.46195e+13|2.27804e+13|3.1854e+11|2.5768e+13|6.61732e+12|3.56515e+09|5.76717e+13|1.84599e+12,4.34899e+12|4.87974e+10|1.86352e+08|5.85316e+09|2.58541e+10|8.83508e+10|1.84325e+12|2.35993e+08|4.01821e+12|1.08654e+09|1.28753e+13|6.51734e+12|2.90528e+11|1.13857e+13|1.34423e+12|2.20969e+09|4.50387e+13|5.88715e+11,2.20593e-05|0.000150149|0.000450723|0.000542243|1.30256e-05|4.41209e-05|0.000180222|0.00017517|1.90685e-05|8.19889e-05|1.79749e-05|1.42553e-05|6.13843e-05|0.00033585|4.39527e-05|0.000765253|0.000204857|6.01787e-05,0.00633895|0.00466227|0.00126271|0.000311917|0.000435298|0.00789851|0.00771594|0.000205887|0.000751332|0.00238577|0.00287041|0.00351282|0.00133185|0.00369855|0.000669129|0.000152009|0.00126725|0.00101454,0.0242308|0.0466207|0.0386825|0.0207751|0.0160711|0.0489836|0.0401254|0.0292034|0.0243089|0.029848|0.0388718|0.0330077|0.0464353|0.021023|0.043186|0.00764741|0.0459616|0.0261239,0.0186446|0.0412655|0.0419088|0.0183961|0.0189693|0.00598368|0.0200103|0.0180799|0.0318701|0.0444626|0.0336137|0.0324719|0.00814055|0.0399306|0.0011028|0.0487049|0.032776|0.0180416,0.952597|0.917952|0.989487|0.985316|0.965054|0.932663|0.990327|0.950767|0.949833|0.906364|0.973739|0.940557|0.952296|0.989066|0.941223|0.918796|0.962548|0.942571,6.1663|4.47725|0.398509|2.86033|1.55662|1.30673|3.296|0.01178|0.273467|2.19659|4.35878|2.57923|0.663963|1.08178|4.27287|0.495993|5.30103|5.03831,79.8117|88.6198|13.2112|86.2435|67.4197|76.7594|67.5745|18.2346|88.4205|18.7034|63.8366|11.0615|50.0569|32.9383|55.4093|99.595|65.9961,0.206816|0.186425|0.192459|0.214079|0.180414|0.188216|0.237043|0.245477|0.238528|0.172208|0.196472|0.223443|0.160573|0.172139|0.248326|0.247994|0.164414,0.332644|0.549125|0.714952|0.140505|0.604192|0.933277|0.141763|0.99271|0.604484|0.710372|0.879572|0.800147|0.76956|0.198275|0.993536|0.395032|0.843193,0.823926,0.95139,0.0501489,0.117049,0.421933,0.504875,0.0617885,0.490527,0.190703,0.903761,75.0845,2.21625e-10,46823,0.876134,54.7023,1.84253e-11,19749,0.862527,0.834378,0.0578779,0.973354,0.582731,0.492938,0.169781,0.516908,0.130486,0.880588,73.1261,1.75166e-13,58607,0.898519,78.1077,8.52274e-10,81618
7,150,n1->n11->n21->n31->n41->n42->n43->n44->n45->n35->n36->n26->n16->n17->n7->n8->n9->n10,3.00404e+13|1.20939e+11|9.90425e+12|1.0619e+09|8.60797e+12|1.03093e+13|4.25913e+09|4.86826e+11|6.86583e+11|2.39604e+09|8.46195e+13|2.27804e+13|3.1854e+11|1.22319e+12|6.61732e+12|3.56515e+09|5.76717e+13|1.84599e+12,4.34899e+12|1.2827e+10|5.08175e+12|4.60453e+08|4.47275e+12|3.20768e+12|9.83012e+08|1.05326e+11|1.73052e+11|1.08654e+09|1.28753e+13|6.51734e+12|2.90528e+11|2.83908e+11|1.34423e+12|2.20969e+09|4.50387e+13|5.88715e+11,2.20593e-05|3.68162e-05|0.00038331|1.64296e-05|1.01833e-05|0.000285699|2.7971e-05|0.000371468|0.000244418|8.19889e-05|1.79749e-05|1.42553e-05|6.13843e-05|0.000861533|4.39527e-05|0.000765253|0.000204857|6.01787e-05,0.00633895|0.000290726|0.000195522|0.000906769|0.000113109|0.00317253|0.00115348|0.0019014|0.00516638|0.00238577|0.00287041|0.00351282|0.00133185|0.000677358|0.000669129|0.000152009|0.00126725|0.00101454,0.0242308|0.0396791|0.0338837|0.0130158|0.00975166|0.0253382|0.0189194|0.000425237|0.0389372|0.029848|0.0388718|0.0330077|0.0464353|0.00680938|0.043186|0.00764741|0.0459616|0.0261239,0.0186446|0.0224647|0.0368511|0.0196191|0.00280605|0.0462681|0.0240225|0.0330026|0.027269|0.0444626|0.0336137|0.0324719|0.00814055|0.0417|0.0011028|0.0487049|0.032776|0.0180416,0.952597|0.92663|0.928497|0.951022|0.950478|0.994073|0.972503|0.916165|0.968656|0.906364|0.973739|0.940557|0.952296|0.977982|0.941223|0.918796|0.962548|0.942571,6.1663|5.09381|5.49513|0.0908807|0.248985|2.25701|1.72172|4.552|2.6007|2.19659|4.35878|2.57923|0.663963|4.36593|4.27287|0.495993|5.30103|5.03831,30.2686|65.1286|89.2299|64.4551|61.2747|27.3217|59.7094|89.5651|97.1045|18.7034|63.8366|11.0615|32.2763|59.8148|55.4093|99.595|65.9961,0.203801|0.213744|0.165795|0.19083|0.216723|0.222856|0.191232|0.248473|0.202283|0.172208|0.196472|0.223443|0.181751|0.230578|0.248326|0.247994|0.164414,0.231522|0.918405|0.78117|0.678193|0.619343|0.120467|0.754196|0.683838|0.577126|0.710372|0.879572|0.800147|0.408588|0.245965|0.993536|0.395032|0.843193,0.823926,0.95139,0.0501489,0.117049,0.421933,0.504875,0.0617885,0.490527,0.190703,0.903761,75.0845,2.21625e-10,46823,0.876134,54.7023,1.84253e-11,19749,0.862527,0.834378,0.0578779,0.973354,0.582731,0.492938,0.169781,0.516908,0.130486,0.880588,73.1261,1.75166e-13,58607,0.898519,78.1077,8.52274e-10,81618
7,151,n1->n11->n21->n22->n12->n13->n23->n33->n34->n24->n25->n15->n5->n6->n7->n8->n9->n10,3.00404e+13|1.20939e+11|9.90425e+12|3.33855e+10|1.24762e+09|9.91228e+12|2.96172e+12|2.00146e+11|8.58911e+09|1.29684e+09|1.74625e+13|2.54337e+12|5.16898e+10|2.5768e+13|6.61732e+12|3.56515e+09|5.76717e+13|1.84599e+12,4.34899e+12|1.2827e+10|5.08175e+12|5.85316e+09|1.86352e+08|5.06921e+12|1.84325e+12|8.83508e+10|2.66028e+09|2.35993e+08|4.01821e+12|4.83922e+11|1.84025e+10|1.13857e+13|1.34423e+12|2.20969e+09|4.50387e+13|5.88715e+11,2.20593e-05|3.68162e-05|0.00038331|0.000542243|0.000450723|2.59449e-05|0.000180222|4.41209e-05|0.00013417|0.00017517|1.90685e-05|0.000137603|0.000380256|0.00033585|4.39527e-05|0.000765253|0.000204857|6.01787e-05,0.00633895|0.000290726|0.000195522|0.000311917|0.00126271|0.00730137|0.00771594|0.00789851|0.000710075|0.000205887|0.000751332|0.000302355|0.000293754|0.00369855|0.000669129|0.000152009|0.00126725|0.00101454,0.0242308|0.0396791|0.0338837|0.0207751|0.0386825|0.0202101|0.0401254|0.0489836|0.0136277|0.0292034|0.0243089|0.0473158|0.0482045|0.021023|0.043186|0.00764741|0.0459616|0.0261239,0.0186446|0.0224647|0.0368511|0.0183961|0.0419088|0.0443805|0.0200103|0.00598368|0.0139311|0.0180799|0.0318701|0.0430085|0.0296199|0.0399306|0.0011028|0.0487049|0.032776|0.0180416,0.952597|0.92663|0.928497|0.985316|0.989487|0.957486|0.990327|0.932663|0.994252|0.950767|0.949833|0.927364|0.90075|0.989066|0.941223|0.918796|0.962548|0.942571,6.1663|5.09381|5.49513|2.86033|0.398509|3.30965|3.296|1.30673|5.80364|0.01178|0.273467|3.32264|0.158043|1.08178|4.27287|0.495993|5.30103|5.03831,30.2686|65.1286|34.0839|13.2112|13.9548|51.9585|76.7594|23.5709|58.7029|18.2346|54.7186|35.0583|37.2729|32.9383|55.4093|99.595|65.9961,0.203801|0.213744|0.241671|0.192459|0.170437|0.186587|0.188216|0.175455|0.202876|0.245477|0.216167|0.245093|0.182098|0.172139|0.248326|0.247994|0.164414,0.231522|0.918405|0.885236|0.714952|0.374611|0.544273|0.933277|0.947109|0.259687|0.99271|0.845754|0.442729|0.770624|0.198275|0.993536|0.395032|0.843193,0.823926,0.95139,0.0501489,0.117049,0.421933,0.504875,0.0617885,0.490527,0.190703,0.903761,75.0845,2.21625e-10,46823,0.876134,54.7023,1.84253e-11,19749,0.862527,0.834378,0.0578779,0.973354,0.582731,0.492938,0.169781,0.516908,0.130486,0.880588,73.1261,1.75166e-13,58607,0.898519,78.1077,8.52274e-10,81618
7,152,n1->n11->n21->n31->n41->n42->n32->n22->n23->n24->n14->n4->n5->n6->n7->n8->n9->n10,3.00404e+13|1.20939e+11|9.90425e+12|1.0619e+09|8.60797e+12|1.03093e+13|2.648e+10|3.33855e+10|2.96172e+12|1.29684e+09|6.27509e+09|5.19663e+13|5.16898e+10|2.5768e+13|6.61732e+12|3.56515e+09|5.76717e+13|1.84599e+12,4.34899e+12|1.2827e+10|5.08175e+12|4.60453e+08|4.47275e+12|3.20768e+12|2.58541e+10|5.85316e+09|1.84325e+12|2.35993e+08|5.15166e+09|3.73718e+13|1.84025e+10|1.13857e+13|1.34423e+12|2.20969e+09|4.50387e+13|5.88715e+11,2.20593e-05|3.68162e-05|0.00038331|1.64296e-05|1.01833e-05|0.000285699|1.30256e-05|0.000542243|0.000180222|0.00017517|0.000129815|4.65401e-05|0.000380256|0.00033585|4.39527e-05|0.000765253|0.000204857|6.01787e-05,0.00633895|0.000290726|0.000195522|0.000906769|0.000113109|0.00317253|0.000435298|0.000311917|0.00771594|0.000205887|0.000102845|0.000153837|0.000293754|0.00369855|0.000669129|0.000152009|0.00126725|0.00101454,0.0242308|0.0396791|0.0338837|0.0130158|0.00975166|0.0253382|0.0160711|0.0207751|0.0401254|0.0292034|0.000914227|0.0140069|0.0482045|0.021023|0.043186|0.00764741|0.0459616|0.0261239,0.0186446|0.0224647|0.0368511|0.0196191|0.00280605|0.0462681|0.0189693|0.0183961|0.0200103|0.0180799|0.0388816|0.0421418|0.0296199|0.0399306|0.0011028|0.0487049|0.032776|0.0180416,0.952597|0.92663|0.928497|0.951022|0.950478|0.994073|0.965054|0.985316|0.990327|0.950767|0.915384|0.962302|0.90075|0.989066|0.941223|0.918796|0.962548|0.942571,6.1663|5.09381|5.49513|0.0908807|0.248985|2.25701|1.55662|2.86033|3.296|0.01178|3.76198|6.07392|0.158043|1.08178|4.27287|0.495993|5.30103|5.03831,30.2686|65.1286|89.2299|64.4551|61.2747|70.8805|86.2435|55.8812|67.5745|66.6304|52.1141|81.7362|37.2729|32.9383|55.4093|99.595|65.9961,0.203801|0.213744|0.165795|0.19083|0.216723|0.182862|0.214079|0.242937|0.237043|0.19366|0.216325|0.162628|0.182098|0.172139|0.248326|0.247994|0.164414,0.231522|0.918405|0.78117|0.678193|0.619343|0.614221|0.140505|0.659214|0.141763|0.634426|0.474765|0.858929|0.770624|0.198275|0.993536|0.395032|0.843193,0.823926,0.95139,0.0501489,0.117049,0.421933,0.504875,0.0617885,0.490527,0.190703,0.903761,75.0845,2.21625e-10,46823,0.876134,54.7023,1.84253e-11,19749,0.862527,0.834378,0.0578779,0.973354,0.582731,0.492938,0.169781,0.516908,0.130486,0.880588,73.1261,1.75166e-13,58607,0.898519,78.1077,8.52274e-10,81618
7,153,n1->n2->n12->n13->n14->n24->n25->n35->n45->n46->n47->n37->n27->n28->n29->n19->n9->n10,3.00404e+13|3.30326e+11|1.24762e+09|9.91228e+12|6.27509e+09|1.29684e+09|1.74625e+13|2.39604e+09|6.86583e+11|8.81314e+12|9.49941e+11|4.77368e+09|4.805e+11|2.00194e+10|7.17101e+11|3.60508e+09|5.76717e+13|1.84599e+12,4.34899e+12|4.87974e+10|1.86352e+08|5.06921e+12|5.15166e+09|2.35993e+08|4.01821e+12|1.08654e+09|1.73052e+11|5.94542e+12|1.20036e+11|1.93676e+09|5.39868e+10|2.90952e+09|3.48e+11|3.20505e+09|4.50387e+13|5.88715e+11,2.20593e-05|0.000150149|0.000450723|2.59449e-05|0.000129815|0.00017517|1.90685e-05|8.19889e-05|0.000244418|1.88186e-05|3.46608e-05|0.000357893|3.96201e-05|2.03718e-05|2.27027e-05|1.67639e-05|0.000204857|6.01787e-05,0.00633895|0.00466227|0.00126271|0.00730137|0.000102845|0.000205887|0.000751332|0.00238577|0.00516638|0.00029927|0.00214309|0.00538311|0.00945776|0.00287426|0.00283907|0.000326693|0.00126725|0.00101454,0.0242308|0.0466207|0.0386825|0.0202101|0.000914227|0.0292034|0.0243089|0.029848|0.0389372|0.0134994|0.0199273|0.0123118|0.0331096|0.0321405|0.0468048|0.0091317|0.0459616|0.0261239,0.0186446|0.0412655|0.0419088|0.0443805|0.0388816|0.0180799|0.0318701|0.0444626|0.027269|0.00830409|0.0210731|0.00637154|0.0209467|0.0034903|0.0300525|0.000373191|0.032776|0.0180416,0.952597|0.917952|0.989487|0.957486|0.915384|0.950767|0.949833|0.906364|0.968656|0.937291|0.975803|0.974204|0.921124|0.910929|0.918632|0.929843|0.962548|0.942571,6.1663|4.47725|0.398509|3.30965|3.76198|0.01178|0.273467|2.19659|2.6007|1.21286|6.18587|1.61194|4.68229|3.98258|4.2697|6.12095|5.30103|5.03831,79.8117|88.6198|13.9548|56.34|66.6304|18.2346|88.4205|97.1045|61.2725|46.986|88.6669|44.8869|15.3326|39.0733|84.7043|99.0064|65.9961,0.206816|0.186425|0.170437|0.230897|0.19366|0.245477|0.238528|0.202283|0.185139|0.228673|0.19406|0.174392|0.223307|0.169124|0.173571|0.249757|0.164414,0.332644|0.549125|0.374611|0.964918|0.634426|0.99271|0.604484|0.577126|0.502277|0.336311|0.651566|0.453078|0.17421|0.940637|0.743008|0.797563|0.843193,0.823926,0.95139,0.0501489,0.117049,0.421933,0.504875,0.0617885,0.490527,0.190703,0.903761,75.0845,2.21625e-10,46823,0.876134,54.7023,1.84253e-11,19749,0.862527,0.834378,0.0578779,0.973354,0.582731,0.492938,0.169781,0.516908,0.130486,0.880588,73.1261,1.75166e-13,58607,0.898519,78.1077,8.52274e-10,81618
7,154,n1->n11->n12->n2->n3->n13->n14->n24->n25->n35->n36->n37->n38->n39->n29->n30->n20->n10,3.00404e+13|1.20939e+11|1.24762e+09|3.30326e+11|2.51637e+13|9.91228e+12|6.27509e+09|1.29684e+09|1.74625e+13|2.39604e+09|8.46195e+13|4.77368e+09|1.44427e+09|5.60545e+09|7.17101e+11|5.19288e+10|5.12291e+10|1.84599e+12,4.34899e+12|1.2827e+10|1.86352e+08|4.87974e+10|1.20723e+13|5.06921e+12|5.15166e+09|2.35993e+08|4.01821e+12|1.08654e+09|1.28753e+13|1.93676e+09|9.65742e+08|1.27972e+09|3.48e+11|5.81696e+09|1.63614e+10|5.88715e+11,2.20593e-05|3.68162e-05|0.000450723|0.000150149|0.000235236|2.59449e-05|0.000129815|0.00017517|1.90685e-05|8.19889e-05|1.79749e-05|0.000357893|0.000102797|2.14097e-05|2.27027e-05|4.02418e-05|0.000310364|6.01787e-05,0.00633895|0.000290726|0.00126271|0.00466227|0.00100075|0.00730137|0.000102845|0.000205887|0.000751332|0.00238577|0.00287041|0.00538311|0.000450056|0.000168176|0.00283907|0.00647396|0.0012652|0.00101454,0.0242308|0.0396791|0.0386825|0.0466207|0.0318488|0.0202101|0.000914227|0.0292034|0.0243089|0.029848|0.0388718|0.0123118|0.000571455|0.0138154|0.0468048|0.020557|0.0371796|0.0261239,0.0186446|0.0224647|0.0419088|0.0412655|0.014719|0.0443805|0.0388816|0.0180799|0.0318701|0.0444626|0.0336137|0.00637154|0.00176637|0.0274754|0.0300525|0.0432333|0.0330818|0.0180416,0.952597|0.92663|0.989487|0.917952|0.908437|0.957486|0.915384|0.950767|0.949833|0.906364|0.973739|0.974204|0.975299|0.919951|0.918632|0.948323|0.957813|0.942571,6.1663|5.09381|0.398509|4.47725|5.20069|3.30965|3.76198|0.01178|0.273467|2.19659|4.35878|1.61194|3.07691|2.15935|4.2697|3.24827|4.08186|5.03831,30.2686|24.4191|88.6198|37.015|83.9106|56.34|66.6304|18.2346|88.4205|18.7034|29.3504|37.0378|69.5993|44.1502|83.4704|23.9015|29.3778,0.203801|0.165933|0.186425|0.210886|0.200225|0.230897|0.19366|0.245477|0.238528|0.172208|0.206848|0.216148|0.219101|0.182038|0.230925|0.202276|0.230351,0.231522|0.813401|0.549125|0.320755|0.417051|0.964918|0.634426|0.99271|0.604484|0.710372|0.153503|0.142457|0.845448|0.612986|0.431565|0.867602|0.451282,0.823926,0.95139,0.0501489,0.117049,0.421933,0.504875,0.0617885,0.490527,0.190703,0.903761,75.0845,2.21625e-10,46823,0.876134,54.7023,1.84253e-11,19749,0.862527,0.834378,0.0578779,0.973354,0.582731,0.492938,0.169781,0.516908,0.130486,0.880588,73.1261,1.75166e-13,58607,0.898519,78.1077,8.52274e-10,81618
7,155,n1->n11->n12->n22->n23->n13->n14->n15->n25->n26->n36->n37->n27->n17->n7->n8->n9->n10,3.00404e+13|1.20939e+11|1.24762e+09|3.33855e+10|2.96172e+12|9.91228e+12|6.27509e+09|2.54337e+12|1.74625e+13|2.27804e+13|8.46195e+13|4.77368e+09|4.805e+11|1.22319e+12|6.61732e+12|3.56515e+09|5.76717e+13|1.84599e+12,4.34899e+12|1.2827e+10|1.86352e+08|5.85316e+09|1.84325e+12|5.06921e+12|5.15166e+09|4.83922e+11|4.01821e+12|6.51734e+12|1.28753e+13|1.93676e+09|5.39868e+10|2.83908e+11|1.34423e+12|2.20969e+09|4.50387e+13|5.88715e+11,2.20593e-05|3.68162e-05|0.000450723|0.000542243|0.000180222|2.59449e-05|0.000129815|0.000137603|1.90685e-05|1.42553e-05|1.79749e-05|0.000357893|3.96201e-05|0.000861533|4.39527e-05|0.000765253|0.000204857|6.01787e-05,0.00633895|0.000290726|0.00126271|0.000311917|0.00771594|0.00730137|0.000102845|0.000302355|0.000751332|0.00351282|0.00287041|0.00538311|0.00945776|0.000677358|0.000669129|0.000152009|0.00126725|0.00101454,0.0242308|0.0396791|0.0386825|0.0207751|0.0401254|0.0202101|0.000914227|0.0473158|0.0243089|0.0330077|0.0388718|0.0123118|0.0331096|0.00680938|0.043186|0.00764741|0.0459616|0.0261239,0.0186446|0.0224647|0.0419088|0.0183961|0.0200103|0.0443805|0.0388816|0.0430085|0.0318701|0.0324719|0.0336137|0.00637154|0.0209467|0.0417|0.0011028|0.0487049|0.032776|0.0180416,0.952597|0.92663|0.989487|0.985316|0.990327|0.957486|0.915384|0.927364|0.949833|0.940557|0.973739|0.974204|0.921124|0.977982|0.941223|0.918796|0.962548|0.942571,6.1663|5.09381|0.398509|2.86033|3.296|3.30965|3.76198|3.32264|0.273467|2.57923|4.35878|1.61194|4.68229|4.36593|4.27287|0.495993|5.30103|5.03831,30.2686|24.4191|13.2112|55.8812|51.9585|56.34|92.5451|54.7186|55.6995|63.8366|29.3504|44.8869|72.2829|59.8148|55.4093|99.595|65.9961,0.203801|0.165933|0.192459|0.242937|0.186587|0.230897|0.162606|0.216167|0.203915|0.196472|0.206848|0.174392|0.208534|0.230578|0.248326|0.247994|0.164414,0.231522|0.813401|0.714952|0.659214|0.544273|0.964918|0.327689|0.845754|0.192082|0.879572|0.153503|0.453078|0.91001|0.245965|0.993536|0.395032|0.843193,0.823926,0.95139,0.0501489,0.117049,0.421933,0.504875,0.0617885,0.490527,0.190703,0.903761,75.0845,2.21625e-10,46823,0.876134,54.7023,1.84253e-11,19749,0.862527,0.834378,0.0578779,0.973354,0.582731,0.492938,0.169781,0.516908,0.130486,0.880588,73.1261,1.75166e-13,58607,0.898519,78.1077,8.52274e-10,81618
7,156,n1->n11->n12->n2->n3->n13->n23->n33->n34->n35->n36->n37->n38->n28->n29->n19->n9->n10,3.00404e+13|1.20939e+11|1.24762e+09|3.30326e+11|2.51637e+13|9.91228e+12|2.96172e+12|2.00146e+11|8.58911e+09|2.39604e+09|8.46195e+13|4.77368e+09|1.44427e+09|2.00194e+10|7.17101e+11|3.60508e+09|5.76717e+13|1.84599e+12,4.34899e+12|1.2827e+10|1.86352e+08|4.87974e+10|1.20723e+13|5.06921e+12|1.84325e+12|8.83508e+10|2.66028e+09|1.08654e+09|1.28753e+13|1.93676e+09|9.65742e+08|2.90952e+09|3.48e+11|3.20505e+09|4.50387e+13|5.88715e+11,2.20593e-05|3.68162e-05|0.000450723|0.000150149|0.000235236|2.59449e-05|0.000180222|4.41209e-05|0.00013417|8.19889e-05|1.79749e-05|0.000357893|0.000102797|2.03718e-05|2.27027e-05|1.67639e-05|0.000204857|6.01787e-05,0.00633895|0.000290726|0.00126271|0.00466227|0.00100075|0.00730137|0.00771594|0.00789851|0.000710075|0.00238577|0.00287041|0.00538311|0.000450056|0.00287426|0.00283907|0.000326693|0.00126725|0.00101454,0.0242308|0.0396791|0.0386825|0.0466207|0.0318488|0.0202101|0.0401254|0.0489836|0.0136277|0.029848|0.0388718|0.0123118|0.000571455|0.0321405|0.0468048|0.0091317|0.0459616|0.0261239,0.0186446|0.0224647|0.0419088|0.0412655|0.014719|0.0443805|0.0200103|0.00598368|0.0139311|0.0444626|0.0336137|0.00637154|0.00176637|0.0034903|0.0300525|0.000373191|0.032776|0.0180416,0.952597|0.92663|0.989487|0.917952|0.908437|0.957486|0.990327|0.932663|0.994252|0.906364|0.973739|0.974204|0.975299|0.910929|0.918632|0.929843|0.962548|0.942571,6.1663|5.09381|0.398509|4.47725|5.20069|3.30965|3.296|1.30673|5.80364|2.19659|4.35878|1.61194|3.07691|3.98258|4.2697|6.12095|5.30103|5.03831,30.2686|24.4191|88.6198|37.015|83.9106|51.9585|76.7594|23.5709|31.5608|18.7034|29.3504|37.0378|23.518|39.0733|84.7043|99.0064|65.9961,0.203801|0.165933|0.186425|0.210886|0.200225|0.186587|0.188216|0.175455|0.2299|0.172208|0.206848|0.216148|0.218706|0.169124|0.173571|0.249757|0.164414,0.231522|0.813401|0.549125|0.320755|0.417051|0.544273|0.933277|0.947109|0.185954|0.710372|0.153503|0.142457|0.185341|0.940637|0.743008|0.797563|0.843193,0.823926,0.95139,0.0501489,0.117049,0.421933,0.504875,0.0617885,0.490527,0.190703,0.903761,75.0845,2.21625e-10,46823,0.876134,54.7023,1.84253e-11,19749,0.862527,0.834378,0.0578779,0.973354,0.582731,0.492938,0.169781,0.516908,0.130486,0.880588,73.1261,1.75166e-13,58607,0.898519,78.1077,8.52274e-10,81618
7,157,n1->n11->n21->n31->n41->n42->n32->n33->n23->n24->n14->n15->n16->n17->n18->n8->n9->n10,3.00404e+13|1.20939e+11|9.90425e+12|1.0619e+09|8.60797e+12|1.03093e+13|2.648e+10|2.00146e+11|2.96172e+12|1.29684e+09|6.27509e+09|2.54337e+12|3.1854e+11|1.22319e+12|5.54701e+12|3.56515e+09|5.76717e+13|1.84599e+12,4.34899e+12|1.2827e+10|5.08175e+12|4.60453e+08|4.47275e+12|3.20768e+12|2.58541e+10|8.83508e+10|1.84325e+12|2.35993e+08|5.15166e+09|4.83922e+11|2.90528e+11|2.83908e+11|1.02041e+12|2.20969e+09|4.50387e+13|5.88715e+11,2.20593e-05|3.68162e-05|0.00038331|1.64296e-05|1.01833e-05|0.000285699|1.30256e-05|4.41209e-05|0.000180222|0.00017517|0.000129815|0.000137603|6.13843e-05|0.000861533|0.000192357|0.000765253|0.000204857|6.01787e-05,0.00633895|0.000290726|0.000195522|0.000906769|0.000113109|0.00317253|0.000435298|0.00789851|0.00771594|0.000205887|0.000102845|0.000302355|0.00133185|0.000677358|0.000119135|0.000152009|0.00126725|0.00101454,0.0242308|0.0396791|0.0338837|0.0130158|0.00975166|0.0253382|0.0160711|0.0489836|0.0401254|0.0292034|0.000914227|0.0473158|0.0464353|0.00680938|0.00984451|0.00764741|0.0459616|0.0261239,0.0186446|0.0224647|0.0368511|0.0196191|0.00280605|0.0462681|0.0189693|0.00598368|0.0200103|0.0180799|0.0388816|0.0430085|0.00814055|0.0417|0.046614|0.0487049|0.032776|0.0180416,0.952597|0.92663|0.928497|0.951022|0.950478|0.994073|0.965054|0.932663|0.990327|0.950767|0.915384|0.927364|0.952296|0.977982|0.970227|0.918796|0.962548|0.942571,6.1663|5.09381|5.49513|0.0908807|0.248985|2.25701|1.55662|1.30673|3.296|0.01178|3.76198|3.32264|0.663963|4.36593|1.44936|0.495993|5.30103|5.03831,30.2686|65.1286|89.2299|64.4551|61.2747|70.8805|67.4197|76.7594|67.5745|66.6304|92.5451|56.2706|32.2763|27.3162|81.3396|99.595|65.9961,0.203801|0.213744|0.165795|0.19083|0.216723|0.182862|0.180414|0.188216|0.237043|0.19366|0.162606|0.202376|0.181751|0.234286|0.190026|0.247994|0.164414,0.231522|0.918405|0.78117|0.678193|0.619343|0.614221|0.604192|0.933277|0.141763|0.634426|0.327689|0.428028|0.408588|0.288398|0.718603|0.395032|0.843193,0.823926,0.95139,0.0501489,0.117049,0.421933,0.504875,0.0617885,0.490527,0.190703,0.903761,75.0845,2.21625e-10,46823,0.876134,54.7023,1.84253e-11,19749,0.862527,0.834378,0.0578779,0.973354,0.582731,0.492938,0.169781,0.516908,0.130486,0.880588,73.1261,1.75166e-13,58607,0.898519,78.1077,8.52274e-10,81618
7,158,n1->n11->n21->n31->n41->n42->n43->n33->n34->n35->n36->n26->n27->n28->n18->n8->n9->n10,3.00404e+13|1.20939e+11|9.90425e+12|1.0619e+09|8.60797e+12|1.03093e+13|4.25913e+09|2.00146e+11|8.58911e+09|2.39604e+09|8.46195e+13|2.27804e+13|4.805e+11|2.00194e+10|5.54701e+12|3.56515e+09|5.76717e+13|1.84599e+12,4.34899e+12|1.2827e+10|5.08175e+12|4.60453e+08|4.47275e+12|3.20768e+12|9.83012e+08|8.83508e+10|2.66028e+09|1.08654e+09|1.28753e+13|6.51734e+12|5.39868e+10|2.90952e+09|1.02041e+12|2.20969e+09|4.50387e+13|5.88715e+11,2.20593e-05|3.68162e-05|0.00038331|1.64296e-05|1.01833e-05|0.000285699|2.7971e-05|4.41209e-05|0.00013417|8.19889e-05|1.79749e-05|1.42553e-05|3.96201e-05|2.03718e-05|0.000192357|0.000765253|0.000204857|6.01787e-05,0.00633895|0.000290726|0.000195522|0.000906769|0.000113109|0.00317253|0.00115348|0.00789851|0.000710075|0.00238577|0.00287041|0.00351282|0.00945776|0.00287426|0.000119135|0.000152009|0.00126725|0.00101454,0.0242308|0.0396791|0.0338837|0.0130158|0.00975166|0.0253382|0.0189194|0.0489836|0.0136277|0.029848|0.0388718|0.0330077|0.0331096|0.0321405|0.00984451|0.00764741|0.0459616|0.0261239,0.0186446|0.0224647|0.0368511|0.0196191|0.00280605|0.0462681|0.0240225|0.00598368|0.0139311|0.0444626|0.0336137|0.0324719|0.0209467|0.0034903|0.046614|0.0487049|0.032776|0.0180416,0.952597|0.92663|0.928497|0.951022|0.950478|0.994073|0.972503|0.932663|0.994252|0.906364|0.973739|0.940557|0.921124|0.910929|0.970227|0.918796|0.962548|0.942571,6.1663|5.09381|5.49513|0.0908807|0.248985|2.25701|1.72172|1.30673|5.80364|2.19659|4.35878|2.57923|4.68229|3.98258|1.44936|0.495993|5.30103|5.03831,30.2686|65.1286|89.2299|64.4551|61.2747|27.3217|49.6282|23.5709|31.5608|18.7034|63.8366|42.5138|15.3326|43.2583|81.3396|99.595|65.9961,0.203801|0.213744|0.165795|0.19083|0.216723|0.222856|0.239823|0.175455|0.2299|0.172208|0.196472|0.196406|0.223307|0.248634|0.190026|0.247994|0.164414,0.231522|0.918405|0.78117|0.678193|0.619343|0.120467|0.403226|0.947109|0.185954|0.710372|0.879572|0.171578|0.17421|0.201747|0.718603|0.395032|0.843193,0.823926,0.95139,0.0501489,0.117049,0.421933,0.504875,0.0617885,0.490527,0.190703,0.903761,75.0845,2.21625e-10,46823,0.876134,54.7023,1.84253e-11,19749,0.862527,0.834378,0.0578779,0.973354,0.582731,0.492938,0.169781,0.516908,0.130486,0.880588,73.1261,1.75166e-13,58607,0.898519,78.1077,8.52274e-10,81618
7,159,n1->n2->n3->n13->n12->n11->n21->n22->n23->n24->n14->n4->n5->n6->n7->n8->n9->n10,3.00404e+13|3.30326e+11|2.51637e+13|9.91228e+12|1.24762e+09|1.20939e+11|9.90425e+12|3.33855e+10|2.96172e+12|1.29684e+09|6.27509e+09|5.19663e+13|5.16898e+10|2.5768e+13|6.61732e+12|3.56515e+09|5.76717e+13|1.84599e+12,4.34899e+12|4.87974e+10|1.20723e+13|5.06921e+12|1.86352e+08|1.2827e+10|5.08175e+12|5.85316e+09|1.84325e+12|2.35993e+08|5.15166e+09|3.73718e+13|1.84025e+10|1.13857e+13|1.34423e+12|2.20969e+09|4.50387e+13|5.88715e+11,2.20593e-05|0.000150149|0.000235236|2.59449e-05|0.000450723|3.68162e-05|0.00038331|0.000542243|0.000180222|0.00017517|0.000129815|4.65401e-05|0.000380256|0.00033585|4.39527e-05|0.000765253|0.000204857|6.01787e-05,0.00633895|0.00466227|0.00100075|0.00730137|0.00126271|0.000290726|0.000195522|0.000311917|0.00771594|0.000205887|0.000102845|0.000153837|0.000293754|0.00369855|0.000669129|0.000152009|0.00126725|0.00101454,0.0242308|0.0466207|0.0318488|0.0202101|0.0386825|0.0396791|0.0338837|0.0207751|0.0401254|0.0292034|0.000914227|0.0140069|0.0482045|0.021023|0.043186|0.00764741|0.0459616|0.0261239,0.0186446|0.0412655|0.014719|0.0443805|0.0419088|0.0224647|0.0368511|0.0183961|0.0200103|0.0180799|0.0388816|0.0421418|0.0296199|0.0399306|0.0011028|0.0487049|0.032776|0.0180416,0.952597|0.917952|0.908437|0.957486|0.989487|0.92663|0.928497|0.985316|0.990327|0.950767|0.915384|0.962302|0.90075|0.989066|0.941223|0.918796|0.962548|0.942571,6.1663|4.47725|5.20069|3.30965|0.398509|5.09381|5.49513|2.86033|3.296|0.01178|3.76198|6.07392|0.158043|1.08178|4.27287|0.495993|5.30103|5.03831,79.8117|37.015|83.9106|13.9548|24.4191|65.1286|34.0839|55.8812|67.5745|66.6304|52.1141|81.7362|37.2729|32.9383|55.4093|99.595|65.9961,0.206816|0.210886|0.200225|0.170437|0.165933|0.213744|0.241671|0.242937|0.237043|0.19366|0.216325|0.162628|0.182098|0.172139|0.248326|0.247994|0.164414,0.332644|0.320755|0.417051|0.374611|0.813401|0.918405|0.885236|0.659214|0.141763|0.634426|0.474765|0.858929|0.770624|0.198275|0.993536|0.395032|0.843193,0.823926,0.95139,0.0501489,0.117049,0.421933,0.504875,0.0617885,0.490527,0.190703,0.903761,75.0845,2.21625e-10,46823,0.876134,54.7023,1.84253e-11,19749,0.862527,0.834378,0.0578779,0.973354,0.582731,0.492938,0.169781,0.516908,0.130486,0.880588,73.1261,1.75166e-13,58607,0.898519,78.1077,8.52274e-10,81618
7,160,n1->n11->n21->n22->n12->n2->n3->n13->n14->n24->n25->n26->n16->n6->n7->n8->n9->n10,3.00404e+13|1.20939e+11|9.90425e+12|3.33855e+10|1.24762e+09|3.30326e+11|2.51637e+13|9.91228e+12|6.27509e+09|1.29684e+09|1.74625e+13|2.27804e+13|3.1854e+11|2.5768e+13|6.61732e+12|3.56515e+09|5.76717e+13|1.84599e+12,4.34899e+12|1.2827e+10|5.08175e+12|5.85316e+09|1.86352e+08|4.87974e+10|1.20723e+13|5.06921e+12|5.15166e+09|2.35993e+08|4.01821e+12|6.51734e+12|2.90528e+11|1.13857e+13|1.34423e+12|2.20969e+09|4.50387e+13|5.88715e+11,2.20593e-05|3.68162e-05|0.00038331|0.000542243|0.000450723|0.000150149|0.000235236|2.59449e-05|0.000129815|0.00017517|1.90685e-05|1.42553e-05|6.13843e-05|0.00033585|4.39527e-05|0.000765253|0.000204857|6.01787e-05,0.00633895|0.000290726|0.000195522|0.000311917|0.00126271|0.00466227|0.00100075|0.00730137|0.000102845|0.000205887|0.000751332|0.00351282|0.00133185|0.00369855|0.000669129|0.000152009|0.00126725|0.00101454,0.0242308|0.0396791|0.0338837|0.0207751|0.0386825|0.0466207|0.0318488|0.0202101|0.000914227|0.0292034|0.0243089|0.0330077|0.0464353|0.021023|0.043186|0.00764741|0.0459616|0.0261239,0.0186446|0.0224647|0.0368511|0.0183961|0.0419088|0.0412655|0.014719|0.0443805|0.0388816|0.0180799|0.0318701|0.0324719|0.00814055|0.0399306|0.0011028|0.0487049|0.032776|0.0180416,0.952597|0.92663|0.928497|0.985316|0.989487|0.917952|0.908437|0.957486|0.915384|0.950767|0.949833|0.940557|0.952296|0.989066|0.941223|0.918796|0.962548|0.942571,6.1663|5.09381|5.49513|2.86033|0.398509|4.47725|5.20069|3.30965|3.76198|0.01178|0.273467|2.57923|0.663963|1.08178|4.27287|0.495993|5.30103|5.03831,30.2686|65.1286|34.0839|13.2112|88.6198|37.015|83.9106|56.34|66.6304|18.2346|55.6995|11.0615|50.0569|32.9383|55.4093|99.595|65.9961,0.203801|0.213744|0.241671|0.192459|0.186425|0.210886|0.200225|0.230897|0.19366|0.245477|0.203915|0.223443|0.160573|0.172139|0.248326|0.247994|0.164414,0.231522|0.918405|0.885236|0.714952|0.549125|0.320755|0.417051|0.964918|0.634426|0.99271|0.192082|0.800147|0.76956|0.198275|0.993536|0.395032|0.843193,0.823926,0.95139,0.0501489,0.117049,0.421933,0.504875,0.0617885,0.490527,0.190703,0.903761,75.0845,2.21625e-10,46823,0.876134,54.7023,1.84253e-11,19749,0.862527,0.834378,0.0578779,0.973354,0.582731,0.492938,0.169781,0.516908,0.130486,0.880588,73.1261,1.75166e-13,58607,0.898519,78.1077,8.52274e-10,81618
7,161,n1->n11->n12->n2->n3->n4->n14->n24->n34->n35->n45->n46->n36->n26->n16->n17->n18->n19->n20->n10,3.00404e+13|1.20939e+11|1.24762e+09|3.30326e+11|2.51637e+13|5.19663e+13|6.27509e+09|1.29684e+09|8.58911e+09|2.39604e+09|6.86583e+11|8.81314e+12|8.46195e+13|2.27804e+13|3.1854e+11|1.22319e+12|5.54701e+12|3.60508e+09|5.12291e+10|1.84599e+12,4.34899e+12|1.2827e+10|1.86352e+08|4.87974e+10|1.20723e+13|3.73718e+13|5.15166e+09|2.35993e+08|2.66028e+09|1.08654e+09|1.73052e+11|5.94542e+12|1.28753e+13|6.51734e+12|2.90528e+11|2.83908e+11|1.02041e+12|3.20505e+09|1.63614e+10|5.88715e+11,2.20593e-05|3.68162e-05|0.000450723|0.000150149|0.000235236|4.65401e-05|0.000129815|0.00017517|0.00013417|8.19889e-05|0.000244418|1.88186e-05|1.79749e-05|1.42553e-05|6.13843e-05|0.000861533|0.000192357|1.67639e-05|0.000310364|6.01787e-05,0.00633895|0.000290726|0.00126271|0.00466227|0.00100075|0.000153837|0.000102845|0.000205887|0.000710075|0.00238577|0.00516638|0.00029927|0.00287041|0.00351282|0.00133185|0.000677358|0.000119135|0.000326693|0.0012652|0.00101454,0.0242308|0.0396791|0.0386825|0.0466207|0.0318488|0.0140069|0.000914227|0.0292034|0.0136277|0.029848|0.0389372|0.0134994|0.0388718|0.0330077|0.0464353|0.00680938|0.00984451|0.0091317|0.0371796|0.0261239,0.0186446|0.0224647|0.0419088|0.0412655|0.014719|0.0421418|0.0388816|0.0180799|0.0139311|0.0444626|0.027269|0.00830409|0.0336137|0.0324719|0.00814055|0.0417|0.046614|0.000373191|0.0330818|0.0180416,0.952597|0.92663|0.989487|0.917952|0.908437|0.962302|0.915384|0.950767|0.994252|0.906364|0.968656|0.937291|0.973739|0.940557|0.952296|0.977982|0.970227|0.929843|0.957813|0.942571,6.1663|5.09381|0.398509|4.47725|5.20069|6.07392|3.76198|0.01178|5.80364|2.19659|2.6007|1.21286|4.35878|2.57923|0.663963|4.36593|1.44936|6.12095|4.08186|5.03831,30.2686|24.4191|88.6198|37.015|10.4739|52.1141|66.6304|58.7029|31.5608|97.1045|61.2725|70.4589|63.8366|11.0615|32.2763|27.3162|28.0546|10.3361|29.3778,0.203801|0.165933|0.186425|0.210886|0.174627|0.216325|0.19366|0.202876|0.2299|0.202283|0.185139|0.164624|0.196472|0.223443|0.181751|0.234286|0.195276|0.223504|0.230351,0.231522|0.813401|0.549125|0.320755|0.966142|0.474765|0.634426|0.259687|0.185954|0.577126|0.502277|0.641051|0.879572|0.800147|0.408588|0.288398|0.486895|0.865166|0.451282,0.823926,0.95139,0.0501489,0.117049,0.421933,0.504875,0.0617885,0.490527,0.190703,0.903761,75.0845,2.21625e-10,46823,0.876134,54.7023,1.84253e-11,19749,0.862527,0.834378,0.0578779,0.973354,0.582731,0.492938,0.169781,0.516908,0.130486,0.880588,73.1261,1.75166e-13,58607,0.898519,78.1077,8.52274e-10,81618
7,162,n1->n11->n21->n31->n32->n22->n23->n24->n34->n35->n36->n26->n16->n17->n27->n28->n18->n19->n9->n10,3.00404e+13|1.20939e+11|9.90425e+12|1.0619e+09|2.648e+10|3.33855e+10|2.96172e+12|1.29684e+09|8.58911e+09|2.39604e+09|8.46195e+13|2.27804e+13|3.1854e+11|1.22319e+12|4.805e+11|2.00194e+10|5.54701e+12|3.60508e+09|5.76717e+13|1.84599e+12,4.34899e+12|1.2827e+10|5.08175e+12|4.60453e+08|2.58541e+10|5.85316e+09|1.84325e+12|2.35993e+08|2.66028e+09|1.08654e+09|1.28753e+13|6.51734e+12|2.90528e+11|2.83908e+11|5.39868e+10|2.90952e+09|1.02041e+12|3.20505e+09|4.50387e+13|5.88715e+11,2.20593e-05|3.68162e-05|0.00038331|1.64296e-05|1.30256e-05|0.000542243|0.000180222|0.00017517|0.00013417|8.19889e-05|1.79749e-05|1.42553e-05|6.13843e-05|0.000861533|3.96201e-05|2.03718e-05|0.000192357|1.67639e-05|0.000204857|6.01787e-05,0.00633895|0.000290726|0.000195522|0.000906769|0.000435298|0.000311917|0.00771594|0.000205887|0.000710075|0.00238577|0.00287041|0.00351282|0.00133185|0.000677358|0.00945776|0.00287426|0.000119135|0.000326693|0.00126725|0.00101454,0.0242308|0.0396791|0.0338837|0.0130158|0.0160711|0.0207751|0.0401254|0.0292034|0.0136277|0.029848|0.0388718|0.0330077|0.0464353|0.00680938|0.0331096|0.0321405|0.00984451|0.0091317|0.0459616|0.0261239,0.0186446|0.0224647|0.0368511|0.0196191|0.0189693|0.0183961|0.0200103|0.0180799|0.0139311|0.0444626|0.0336137|0.0324719|0.00814055|0.0417|0.0209467|0.0034903|0.046614|0.000373191|0.032776|0.0180416,0.952597|0.92663|0.928497|0.951022|0.965054|0.985316|0.990327|0.950767|0.994252|0.906364|0.973739|0.940557|0.952296|0.977982|0.921124|0.910929|0.970227|0.929843|0.962548|0.942571,6.1663|5.09381|5.49513|0.0908807|1.55662|2.86033|3.296|0.01178|5.80364|2.19659|4.35878|2.57923|0.663963|4.36593|4.68229|3.98258|1.44936|6.12095|5.30103|5.03831,30.2686|65.1286|89.2299|63.0993|86.2435|55.8812|67.5745|58.7029|31.5608|18.7034|63.8366|11.0615|32.2763|72.2829|15.3326|43.2583|28.0546|99.0064|65.9961,0.203801|0.213744|0.165795|0.235942|0.214079|0.242937|0.237043|0.202876|0.2299|0.172208|0.196472|0.223443|0.181751|0.208534|0.223307|0.248634|0.195276|0.249757|0.164414,0.231522|0.918405|0.78117|0.935252|0.140505|0.659214|0.141763|0.259687|0.185954|0.710372|0.879572|0.800147|0.408588|0.91001|0.17421|0.201747|0.486895|0.797563|0.843193,0.823926,0.95139,0.0501489,0.117049,0.421933,0.504875,0.0617885,0.490527,0.190703,0.903761,75.0845,2.21625e-10,46823,0.876134,54.7023,1.84253e-11,19749,0.862527,0.834378,0.0578779,0.973354,0.582731,0.492938,0.169781,0.516908,0.130486,0.880588,73.1261,1.75166e-13,58607,0.898519,78.1077,8.52274e-10,81618
7,163,n1->n11->n21->n22->n32->n33->n34->n24->n25->n35->n45->n46->n47->n48->n49->n50->n40->n30->n20->n10,3.00404e+13|1.20939e+11|9.90425e+12|3.33855e+10|2.648e+10|2.00146e+11|8.58911e+09|1.29684e+09|1.74625e+13|2.39604e+09|6.86583e+11|8.81314e+12|9.49941e+11|6.68866e+11|1.74506e+11|4.2971e+12|2.45276e+11|5.19288e+10|5.12291e+10|1.84599e+12,4.34899e+12|1.2827e+10|5.08175e+12|5.85316e+09|2.58541e+10|8.83508e+10|2.66028e+09|2.35993e+08|4.01821e+12|1.08654e+09|1.73052e+11|5.94542e+12|1.20036e+11|8.02428e+10|1.0962e+11|7.31625e+11|6.45185e+10|5.81696e+09|1.63614e+10|5.88715e+11,2.20593e-05|3.68162e-05|0.00038331|0.000542243|1.30256e-05|4.41209e-05|0.00013417|0.00017517|1.90685e-05|8.19889e-05|0.000244418|1.88186e-05|3.46608e-05|1.60622e-05|0.000540413|0.000170651|1.80824e-05|4.02418e-05|0.000310364|6.01787e-05,0.00633895|0.000290726|0.000195522|0.000311917|0.000435298|0.00789851|0.000710075|0.000205887|0.000751332|0.00238577|0.00516638|0.00029927|0.00214309|0.00864971|0.000298312|0.00208223|0.0001196|0.00647396|0.0012652|0.00101454,0.0242308|0.0396791|0.0338837|0.0207751|0.0160711|0.0489836|0.0136277|0.0292034|0.0243089|0.029848|0.0389372|0.0134994|0.0199273|0.0339617|0.0297981|0.0164214|0.00177294|0.020557|0.0371796|0.0261239,0.0186446|0.0224647|0.0368511|0.0183961|0.0189693|0.00598368|0.0139311|0.0180799|0.0318701|0.0444626|0.027269|0.00830409|0.0210731|0.0376235|0.0078551|0.0409417|0.017509|0.0432333|0.0330818|0.0180416,0.952597|0.92663|0.928497|0.985316|0.965054|0.932663|0.994252|0.950767|0.949833|0.906364|0.968656|0.937291|0.975803|0.964198|0.991036|0.98411|0.968286|0.948323|0.957813|0.942571,6.1663|5.09381|5.49513|2.86033|1.55662|1.30673|5.80364|0.01178|0.273467|2.19659|2.6007|1.21286|6.18587|1.12857|1.58465|5.37256|0.824701|3.24827|4.08186|5.03831,30.2686|65.1286|34.0839|86.2435|67.4197|23.5709|58.7029|18.2346|88.4205|97.1045|61.2725|46.986|13.4252|52.0957|38.9947|91.3525|98.0873|23.9015|29.3778,0.203801|0.213744|0.241671|0.214079|0.180414|0.175455|0.202876|0.245477|0.238528|0.202283|0.185139|0.228673|0.228854|0.222747|0.249888|0.235251|0.161203|0.202276|0.230351,0.231522|0.918405|0.885236|0.140505|0.604192|0.947109|0.259687|0.99271|0.604484|0.577126|0.502277|0.336311|0.793762|0.97181|0.25721|0.280209|0.518858|0.867602|0.451282,0.823926,0.95139,0.0501489,0.117049,0.421933,0.504875,0.0617885,0.490527,0.190703,0.903761,75.0845,2.21625e-10,46823,0.876134,54.7023,1.84253e-11,19749,0.862527,0.834378,0.0578779,0.973354,0.582731,0.492938,0.169781,0.516908,0.130486,0.880588,73.1261,1.75166e-13,58607,0.898519,78.1077,8.52274e-10,81618
7,164,n1->n11->n21->n31->n41->n51->n52->n42->n43->n33->n34->n24->n25->n15->n16->n17->n7->n8->n9->n10,3.00404e+13|1.20939e+11|9.90425e+12|1.0619e+09|8.60797e+12|4.50807e+10|7.73319e+09|1.03093e+13|4.25913e+09|2.00146e+11|8.58911e+09|1.29684e+09|1.74625e+13|2.54337e+12|3.1854e+11|1.22319e+12|6.61732e+12|3.56515e+09|5.76717e+13|1.84599e+12,4.34899e+12|1.2827e+10|5.08175e+12|4.60453e+08|4.47275e+12|2.50225e+10|1.47389e+09|3.20768e+12|9.83012e+08|8.83508e+10|2.66028e+09|2.35993e+08|4.01821e+12|4.83922e+11|2.90528e+11|2.83908e+11|1.34423e+12|2.20969e+09|4.50387e+13|5.88715e+11,2.20593e-05|3.68162e-05|0.00038331|1.64296e-05|1.01833e-05|0.000131517|1.80148e-05|0.000285699|2.7971e-05|4.41209e-05|0.00013417|0.00017517|1.90685e-05|0.000137603|6.13843e-05|0.000861533|4.39527e-05|0.000765253|0.000204857|6.01787e-05,0.00633895|0.000290726|0.000195522|0.000906769|0.000113109|0.00153199|0.000266067|0.00317253|0.00115348|0.00789851|0.000710075|0.000205887|0.000751332|0.000302355|0.00133185|0.000677358|0.000669129|0.000152009|0.00126725|0.00101454,0.0242308|0.0396791|0.0338837|0.0130158|0.00975166|0.0238713|0.0390965|0.0253382|0.0189194|0.0489836|0.0136277|0.0292034|0.0243089|0.0473158|0.0464353|0.00680938|0.043186|0.00764741|0.0459616|0.0261239,0.0186446|0.0224647|0.0368511|0.0196191|0.00280605|0.0300131|0.0274918|0.0462681|0.0240225|0.00598368|0.0139311|0.0180799|0.0318701|0.0430085|0.00814055|0.0417|0.0011028|0.0487049|0.032776|0.0180416,0.952597|0.92663|0.928497|0.951022|0.950478|0.912887|0.902246|0.994073|0.972503|0.932663|0.994252|0.950767|0.949833|0.927364|0.952296|0.977982|0.941223|0.918796|0.962548|0.942571,6.1663|5.09381|5.49513|0.0908807|0.248985|2.56886|4.95445|2.25701|1.72172|1.30673|5.80364|0.01178|0.273467|3.32264|0.663963|4.36593|4.27287|0.495993|5.30103|5.03831,30.2686|65.1286|89.2299|64.4551|23.0914|43.4967|93.5115|27.3217|49.6282|23.5709|58.7029|18.2346|54.7186|56.2706|32.2763|59.8148|55.4093|99.595|65.9961,0.203801|0.213744|0.165795|0.19083|0.195967|0.204212|0.229902|0.222856|0.239823|0.175455|0.202876|0.245477|0.216167|0.202376|0.181751|0.230578|0.248326|0.247994|0.164414,0.231522|0.918405|0.78117|0.678193|0.850144|0.935185|0.556299|0.120467|0.403226|0.947109|0.259687|0.99271|0.845754|0.428028|0.408588|0.245965|0.993536|0.395032|0.843193,0.823926,0.95139,0.0501489,0.117049,0.421933,0.504875,0.0617885,0.490527,0.190703,0.903761,75.0845,2.21625e-10,46823,0.876134,54.7023,1.84253e-11,19749,0.862527,0.834378,0.0578779,0.973354,0.582731,0.492938,0.169781,0.516908,0.130486,0.880588,73.1261,1.75166e-13,58607,0.898519,78.1077,8.52274e-10,81618
7,165,n1->n11->n12->n22->n23->n33->n34->n35->n36->n46->n56->n57->n47->n48->n49->n50->n40->n30->n20->n10,3.00404e+13|1.20939e+11|1.24762e+09|3.33855e+10|2.96172e+12|2.00146e+11|8.58911e+09|2.39604e+09|8.46195e+13|8.81314e+12|2.82478e+09|7.85666e+09|9.49941e+11|6.68866e+11|1.74506e+11|4.2971e+12|2.45276e+11|5.19288e+10|5.12291e+10|1.84599e+12,4.34899e+12|1.2827e+10|1.86352e+08|5.85316e+09|1.84325e+12|8.83508e+10|2.66028e+09|1.08654e+09|1.28753e+13|5.94542e+12|1.04469e+09|1.07804e+09|1.20036e+11|8.02428e+10|1.0962e+11|7.31625e+11|6.45185e+10|5.81696e+09|1.63614e+10|5.88715e+11,2.20593e-05|3.68162e-05|0.000450723|0.000542243|0.000180222|4.41209e-05|0.00013417|8.19889e-05|1.79749e-05|1.88186e-05|6.02864e-05|1.97118e-05|3.46608e-05|1.60622e-05|0.000540413|0.000170651|1.80824e-05|4.02418e-05|0.000310364|6.01787e-05,0.00633895|0.000290726|0.00126271|0.000311917|0.00771594|0.00789851|0.000710075|0.00238577|0.00287041|0.00029927|0.000145619|0.00157818|0.00214309|0.00864971|0.000298312|0.00208223|0.0001196|0.00647396|0.0012652|0.00101454,0.0242308|0.0396791|0.0386825|0.0207751|0.0401254|0.0489836|0.0136277|0.029848|0.0388718|0.0134994|0.0324058|0.0389395|0.0199273|0.0339617|0.0297981|0.0164214|0.00177294|0.020557|0.0371796|0.0261239,0.0186446|0.0224647|0.0419088|0.0183961|0.0200103|0.00598368|0.0139311|0.0444626|0.0336137|0.00830409|0.0365599|0.0298447|0.0210731|0.0376235|0.0078551|0.0409417|0.017509|0.0432333|0.0330818|0.0180416,0.952597|0.92663|0.989487|0.985316|0.990327|0.932663|0.994252|0.906364|0.973739|0.937291|0.916548|0.976888|0.975803|0.964198|0.991036|0.98411|0.968286|0.948323|0.957813|0.942571,6.1663|5.09381|0.398509|2.86033|3.296|1.30673|5.80364|2.19659|4.35878|1.21286|4.36327|3.71636|6.18587|1.12857|1.58465|5.37256|0.824701|3.24827|4.08186|5.03831,30.2686|24.4191|13.2112|55.8812|76.7594|23.5709|31.5608|18.7034|70.4589|31.554|71.5316|88.8597|13.4252|52.0957|38.9947|91.3525|98.0873|23.9015|29.3778,0.203801|0.165933|0.192459|0.242937|0.188216|0.175455|0.2299|0.172208|0.164624|0.223194|0.207265|0.239966|0.228854|0.222747|0.249888|0.235251|0.161203|0.202276|0.230351,0.231522|0.813401|0.714952|0.659214|0.933277|0.947109|0.185954|0.710372|0.641051|0.834937|0.517529|0.175761|0.793762|0.97181|0.25721|0.280209|0.518858|0.867602|0.451282,0.823926,0.95139,0.0501489,0.117049,0.421933,0.504875,0.0617885,0.490527,0.190703,0.903761,75.0845,2.21625e-10,46823,0.876134,54.7023,1.84253e-11,19749,0.862527,0.834378,0.0578779,0.973354,0.582731,0.492938,0.169781,0.516908,0.130486,0.880588,73.1261,1.75166e-13,58607,0.898519,78.1077,8.52274e-10,81618
7,166,n1->n11->n21->n22->n23->n24->n14->n4->n5->n15->n25->n35->n36->n37->n38->n39->n29->n30->n20->n10,3.00404e+13|1.20939e+11|9.90425e+12|3.33855e+10|2.96172e+12|1.29684e+09|6.27509e+09|5.19663e+13|5.16898e+10|2.54337e+12|1.74625e+13|2.39604e+09|8.46195e+13|4.77368e+09|1.44427e+09|5.60545e+09|7.17101e+11|5.19288e+10|5.12291e+10|1.84599e+12,4.34899e+12|1.2827e+10|5.08175e+12|5.85316e+09|1.84325e+12|2.35993e+08|5.15166e+09|3.73718e+13|1.84025e+10|4.83922e+11|4.01821e+12|1.08654e+09|1.28753e+13|1.93676e+09|9.65742e+08|1.27972e+09|3.48e+11|5.81696e+09|1.63614e+10|5.88715e+11,2.20593e-05|3.68162e-05|0.00038331|0.000542243|0.000180222|0.00017517|0.000129815|4.65401e-05|0.000380256|0.000137603|1.90685e-05|8.19889e-05|1.79749e-05|0.000357893|0.000102797|2.14097e-05|2.27027e-05|4.02418e-05|0.000310364|6.01787e-05,0.00633895|0.000290726|0.000195522|0.000311917|0.00771594|0.000205887|0.000102845|0.000153837|0.000293754|0.000302355|0.000751332|0.00238577|0.00287041|0.00538311|0.000450056|0.000168176|0.00283907|0.00647396|0.0012652|0.00101454,0.0242308|0.0396791|0.0338837|0.0207751|0.0401254|0.0292034|0.000914227|0.0140069|0.0482045|0.0473158|0.0243089|0.029848|0.0388718|0.0123118|0.000571455|0.0138154|0.0468048|0.020557|0.0371796|0.0261239,0.0186446|0.0224647|0.0368511|0.0183961|0.0200103|0.0180799|0.0388816|0.0421418|0.0296199|0.0430085|0.0318701|0.0444626|0.0336137|0.00637154|0.00176637|0.0274754|0.0300525|0.0432333|0.0330818|0.0180416,0.952597|0.92663|0.928497|0.985316|0.990327|0.950767|0.915384|0.962302|0.90075|0.927364|0.949833|0.906364|0.973739|0.974204|0.975299|0.919951|0.918632|0.948323|0.957813|0.942571,6.1663|5.09381|5.49513|2.86033|3.296|0.01178|3.76198|6.07392|0.158043|3.32264|0.273467|2.19659|4.35878|1.61194|3.07691|2.15935|4.2697|3.24827|4.08186|5.03831,30.2686|65.1286|34.0839|55.8812|67.5745|66.6304|52.1141|81.7362|35.0583|54.7186|88.4205|18.7034|29.3504|37.0378|69.5993|44.1502|83.4704|23.9015|29.3778,0.203801|0.213744|0.241671|0.242937|0.237043|0.19366|0.216325|0.162628|0.245093|0.216167|0.238528|0.172208|0.206848|0.216148|0.219101|0.182038|0.230925|0.202276|0.230351,0.231522|0.918405|0.885236|0.659214|0.141763|0.634426|0.474765|0.858929|0.442729|0.845754|0.604484|0.710372|0.153503|0.142457|0.845448|0.612986|0.431565|0.867602|0.451282,0.823926,0.95139,0.0501489,0.117049,0.421933,0.504875,0.0617885,0.490527,0.190703,0.903761,75.0845,2.21625e-10,46823,0.876134,54.7023,1.84253e-11,19749,0.862527,0.834378,0.0578779,0.973354,0.582731,0.492938,0.169781,0.516908,0.130486,0.880588,73.1261,1.75166e-13,58607,0.898519,78.1077,8.52274e-10,81618
7,167,n1->n2->n3->n4->n5->n6->n7->n8->n18->n17->n27->n26->n36->n37->n38->n39->n40->n30->n20->n10,3.00404e+13|3.30326e+11|2.51637e+13|5.19663e+13|5.16898e+10|2.5768e+13|6.61732e+12|3.56515e+09|5.54701e+12|1.22319e+12|4.805e+11|2.27804e+13|8.46195e+13|4.77368e+09|1.44427e+09|5.60545e+09|2.45276e+11|5.19288e+10|5.12291e+10|1.84599e+12,4.34899e+12|4.87974e+10|1.20723e+13|3.73718e+13|1.84025e+10|1.13857e+13|1.34423e+12|2.20969e+09|1.02041e+12|2.83908e+11|5.39868e+10|6.51734e+12|1.28753e+13|1.93676e+09|9.65742e+08|1.27972e+09|6.45185e+10|5.81696e+09|1.63614e+10|5.88715e+11,2.20593e-05|0.000150149|0.000235236|4.65401e-05|0.000380256|0.00033585|4.39527e-05|0.000765253|0.000192357|0.000861533|3.96201e-05|1.42553e-05|1.79749e-05|0.000357893|0.000102797|2.14097e-05|1.80824e-05|4.02418e-05|0.000310364|6.01787e-05,0.00633895|0.00466227|0.00100075|0.000153837|0.000293754|0.00369855|0.000669129|0.000152009|0.000119135|0.000677358|0.00945776|0.00351282|0.00287041|0.00538311|0.000450056|0.000168176|0.0001196|0.00647396|0.0012652|0.00101454,0.0242308|0.0466207|0.0318488|0.0140069|0.0482045|0.021023|0.043186|0.00764741|0.00984451|0.00680938|0.0331096|0.0330077|0.0388718|0.0123118|0.000571455|0.0138154|0.00177294|0.020557|0.0371796|0.0261239,0.0186446|0.0412655|0.014719|0.0421418|0.0296199|0.0399306|0.0011028|0.0487049|0.046614|0.0417|0.0209467|0.0324719|0.0336137|0.00637154|0.00176637|0.0274754|0.017509|0.0432333|0.0330818|0.0180416,0.952597|0.917952|0.908437|0.962302|0.90075|0.989066|0.941223|0.918796|0.970227|0.977982|0.921124|0.940557|0.973739|0.974204|0.975299|0.919951|0.968286|0.948323|0.957813|0.942571,6.1663|4.47725|5.20069|6.07392|0.158043|1.08178|4.27287|0.495993|1.44936|4.36593|4.68229|2.57923|4.35878|1.61194|3.07691|2.15935|0.824701|3.24827|4.08186|5.03831,79.8117|37.015|10.4739|81.7362|37.2729|32.9383|55.4093|81.3396|27.3162|72.2829|42.5138|63.8366|29.3504|37.0378|69.5993|86.0567|98.0873|23.9015|29.3778,0.206816|0.210886|0.174627|0.162628|0.182098|0.172139|0.248326|0.190026|0.234286|0.208534|0.196406|0.196472|0.206848|0.216148|0.219101|0.21207|0.161203|0.202276|0.230351,0.332644|0.320755|0.966142|0.858929|0.770624|0.198275|0.993536|0.718603|0.288398|0.91001|0.171578|0.879572|0.153503|0.142457|0.845448|0.380841|0.518858|0.867602|0.451282,0.823926,0.95139,0.0501489,0.117049,0.421933,0.504875,0.0617885,0.490527,0.190703,0.903761,75.0845,2.21625e-10,46823,0.876134,54.7023,1.84253e-11,19749,0.862527,0.834378,0.0578779,0.973354,0.582731,0.492938,0.169781,0.516908,0.130486,0.880588,73.1261,1.75166e-13,58607,0.898519,78.1077,8.52274e-10,81618
7,168,n1->n2->n12->n11->n21->n31->n32->n22->n23->n33->n34->n35->n36->n26->n16->n17->n7->n8->n9->n10,3.00404e+13|3.30326e+11|1.24762e+09|1.20939e+11|9.90425e+12|1.0619e+09|2.648e+10|3.33855e+10|2.96172e+12|2.00146e+11|8.58911e+09|2.39604e+09|8.46195e+13|2.27804e+13|3.1854e+11|1.22319e+12|6.61732e+12|3.56515e+09|5.76717e+13|1.84599e+12,4.34899e+12|4.87974e+10|1.86352e+08|1.2827e+10|5.08175e+12|4.60453e+08|2.58541e+10|5.85316e+09|1.84325e+12|8.83508e+10|2.66028e+09|1.08654e+09|1.28753e+13|6.51734e+12|2.90528e+11|2.83908e+11|1.34423e+12|2.20969e+09|4.50387e+13|5.88715e+11,2.20593e-05|0.000150149|0.000450723|3.68162e-05|0.00038331|1.64296e-05|1.30256e-05|0.000542243|0.000180222|4.41209e-05|0.00013417|8.19889e-05|1.79749e-05|1.42553e-05|6.13843e-05|0.000861533|4.39527e-05|0.000765253|0.000204857|6.01787e-05,0.00633895|0.00466227|0.00126271|0.000290726|0.000195522|0.000906769|0.000435298|0.000311917|0.00771594|0.00789851|0.000710075|0.00238577|0.00287041|0.00351282|0.00133185|0.000677358|0.000669129|0.000152009|0.00126725|0.00101454,0.0242308|0.0466207|0.0386825|0.0396791|0.0338837|0.0130158|0.0160711|0.0207751|0.0401254|0.0489836|0.0136277|0.029848|0.0388718|0.0330077|0.0464353|0.00680938|0.043186|0.00764741|0.0459616|0.0261239,0.0186446|0.0412655|0.0419088|0.0224647|0.0368511|0.0196191|0.0189693|0.0183961|0.0200103|0.00598368|0.0139311|0.0444626|0.0336137|0.0324719|0.00814055|0.0417|0.0011028|0.0487049|0.032776|0.0180416,0.952597|0.917952|0.989487|0.92663|0.928497|0.951022|0.965054|0.985316|0.990327|0.932663|0.994252|0.906364|0.973739|0.940557|0.952296|0.977982|0.941223|0.918796|0.962548|0.942571,6.1663|4.47725|0.398509|5.09381|5.49513|0.0908807|1.55662|2.86033|3.296|1.30673|5.80364|2.19659|4.35878|2.57923|0.663963|4.36593|4.27287|0.495993|5.30103|5.03831,79.8117|88.6198|24.4191|65.1286|89.2299|63.0993|86.2435|55.8812|76.7594|23.5709|31.5608|18.7034|63.8366|11.0615|32.2763|59.8148|55.4093|99.595|65.9961,0.206816|0.186425|0.165933|0.213744|0.165795|0.235942|0.214079|0.242937|0.188216|0.175455|0.2299|0.172208|0.196472|0.223443|0.181751|0.230578|0.248326|0.247994|0.164414,0.332644|0.549125|0.813401|0.918405|0.78117|0.935252|0.140505|0.659214|0.933277|0.947109|0.185954|0.710372|0.879572|0.800147|0.408588|0.245965|0.993536|0.395032|0.843193,0.823926,0.95139,0.0501489,0.117049,0.421933,0.504875,0.0617885,0.490527,0.190703,0.903761,75.0845,2.21625e-10,46823,0.876134,54.7023,1.84253e-11,19749,0.862527,0.834378,0.0578779,0.973354,0.582731,0.492938,0.169781,0.516908,0.130486,0.880588,73.1261,1.75166e-13,58607,0.898519,78.1077,8.52274e-10,81618
7,169,n1->n2->n3->n13->n23->n33->n34->n35->n45->n55->n56->n46->n47->n37->n27->n17->n18->n8->n9->n10,3.00404e+13|3.30326e+11|2.51637e+13|9.91228e+12|2.96172e+12|2.00146e+11|8.58911e+09|2.39604e+09|6.86583e+11|2.5043e+13|2.82478e+09|8.81314e+12|9.49941e+11|4.77368e+09|4.805e+11|1.22319e+12|5.54701e+12|3.56515e+09|5.76717e+13|1.84599e+12,4.34899e+12|4.87974e+10|1.20723e+13|5.06921e+12|1.84325e+12|8.83508e+10|2.66028e+09|1.08654e+09|1.73052e+11|1.88162e+13|1.04469e+09|5.94542e+12|1.20036e+11|1.93676e+09|5.39868e+10|2.83908e+11|1.02041e+12|2.20969e+09|4.50387e+13|5.88715e+11,2.20593e-05|0.000150149|0.000235236|2.59449e-05|0.000180222|4.41209e-05|0.00013417|8.19889e-05|0.000244418|0.000277127|6.02864e-05|1.88186e-05|3.46608e-05|0.000357893|3.96201e-05|0.000861533|0.000192357|0.000765253|0.000204857|6.01787e-05,0.00633895|0.00466227|0.00100075|0.00730137|0.00771594|0.00789851|0.000710075|0.00238577|0.00516638|0.00819947|0.000145619|0.00029927|0.00214309|0.00538311|0.00945776|0.000677358|0.000119135|0.000152009|0.00126725|0.00101454,0.0242308|0.0466207|0.0318488|0.0202101|0.0401254|0.0489836|0.0136277|0.029848|0.0389372|0.00893143|0.0324058|0.0134994|0.0199273|0.0123118|0.0331096|0.00680938|0.00984451|0.00764741|0.0459616|0.0261239,0.0186446|0.0412655|0.014719|0.0443805|0.0200103|0.00598368|0.0139311|0.0444626|0.027269|0.047517|0.0365599|0.00830409|0.0210731|0.00637154|0.0209467|0.0417|0.046614|0.0487049|0.032776|0.0180416,0.952597|0.917952|0.908437|0.957486|0.990327|0.932663|0.994252|0.906364|0.968656|0.906098|0.916548|0.937291|0.975803|0.974204|0.921124|0.977982|0.970227|0.918796|0.962548|0.942571,6.1663|4.47725|5.20069|3.30965|3.296|1.30673|5.80364|2.19659|2.6007|3.49108|4.36327|1.21286|6.18587|1.61194|4.68229|4.36593|1.44936|0.495993|5.30103|5.03831,79.8117|37.015|83.9106|51.9585|76.7594|23.5709|31.5608|97.1045|43.8659|40.979|31.554|46.986|88.6669|44.8869|72.2829|27.3162|81.3396|99.595|65.9961,0.206816|0.210886|0.200225|0.186587|0.188216|0.175455|0.2299|0.202283|0.216756|0.230582|0.223194|0.228673|0.19406|0.174392|0.208534|0.234286|0.190026|0.247994|0.164414,0.332644|0.320755|0.417051|0.544273|0.933277|0.947109|0.185954|0.577126|0.561487|0.701157|0.834937|0.336311|0.651566|0.453078|0.91001|0.288398|0.718603|0.395032|0.843193,0.823926,0.95139,0.0501489,0.117049,0.421933,0.504875,0.0617885,0.490527,0.190703,0.903761,75.0845,2.21625e-10,46823,0.876134,54.7023,1.84253e-11,19749,0.862527,0.834378,0.0578779,0.973354,0.582731,0.492938,0.169781,0.516908,0.130486,0.880588,73.1261,1.75166e-13,58607,0.898519,78.1077,8.52274e-10,81618
7,170,n1->n2->n3->n13->n23->n33->n34->n35->n36->n46->n47->n48->n38->n37->n27->n17->n18->n19->n20->n10,3.00404e+13|3.30326e+11|2.51637e+13|9.91228e+12|2.96172e+12|2.00146e+11|8.58911e+09|2.39604e+09|8.46195e+13|8.81314e+12|9.49941e+11|6.68866e+11|1.44427e+09|4.77368e+09|4.805e+11|1.22319e+12|5.54701e+12|3.60508e+09|5.12291e+10|1.84599e+12,4.34899e+12|4.87974e+10|1.20723e+13|5.06921e+12|1.84325e+12|8.83508e+10|2.66028e+09|1.08654e+09|1.28753e+13|5.94542e+12|1.20036e+11|8.02428e+10|9.65742e+08|1.93676e+09|5.39868e+10|2.83908e+11|1.02041e+12|3.20505e+09|1.63614e+10|5.88715e+11,2.20593e-05|0.000150149|0.000235236|2.59449e-05|0.000180222|4.41209e-05|0.00013417|8.19889e-05|1.79749e-05|1.88186e-05|3.46608e-05|1.60622e-05|0.000102797|0.000357893|3.96201e-05|0.000861533|0.000192357|1.67639e-05|0.000310364|6.01787e-05,0.00633895|0.00466227|0.00100075|0.00730137|0.00771594|0.00789851|0.000710075|0.00238577|0.00287041|0.00029927|0.00214309|0.00864971|0.000450056|0.00538311|0.00945776|0.000677358|0.000119135|0.000326693|0.0012652|0.00101454,0.0242308|0.0466207|0.0318488|0.0202101|0.0401254|0.0489836|0.0136277|0.029848|0.0388718|0.0134994|0.0199273|0.0339617|0.000571455|0.0123118|0.0331096|0.00680938|0.00984451|0.0091317|0.0371796|0.0261239,0.0186446|0.0412655|0.014719|0.0443805|0.0200103|0.00598368|0.0139311|0.0444626|0.0336137|0.00830409|0.0210731|0.0376235|0.00176637|0.00637154|0.0209467|0.0417|0.046614|0.000373191|0.0330818|0.0180416,0.952597|0.917952|0.908437|0.957486|0.990327|0.932663|0.994252|0.906364|0.973739|0.937291|0.975803|0.964198|0.975299|0.974204|0.921124|0.977982|0.970227|0.929843|0.957813|0.942571,6.1663|4.47725|5.20069|3.30965|3.296|1.30673|5.80364|2.19659|4.35878|1.21286|6.18587|1.12857|3.07691|1.61194|4.68229|4.36593|1.44936|6.12095|4.08186|5.03831,79.8117|37.015|83.9106|51.9585|76.7594|23.5709|31.5608|18.7034|70.4589|46.986|13.4252|21.8454|37.0378|44.8869|72.2829|27.3162|28.0546|10.3361|29.3778,0.206816|0.210886|0.200225|0.186587|0.188216|0.175455|0.2299|0.172208|0.164624|0.228673|0.228854|0.197866|0.216148|0.174392|0.208534|0.234286|0.195276|0.223504|0.230351,0.332644|0.320755|0.417051|0.544273|0.933277|0.947109|0.185954|0.710372|0.641051|0.336311|0.793762|0.593432|0.142457|0.453078|0.91001|0.288398|0.486895|0.865166|0.451282,0.823926,0.95139,0.0501489,0.117049,0.421933,0.504875,0.0617885,0.490527,0.190703,0.903761,75.0845,2.21625e-10,46823,0.876134,54.7023,1.84253e-11,19749,0.862527,0.834378,0.0578779,0.973354,0.582731,0.492938,0.169781,0.516908,0.130486,0.880588,73.1261,1.75166e-13,58607,0.898519,78.1077,8.52274e-10,81618
7,171,n1->n2->n12->n22->n23->n33->n34->n44->n45->n35->n25->n26->n16->n17->n7->n8->n9->n19->n20->n10,3.00404e+13|3.30326e+11|1.24762e+09|3.33855e+10|2.96172e+12|2.00146e+11|8.58911e+09|4.86826e+11|6.86583e+11|2.39604e+09|1.74625e+13|2.27804e+13|3.1854e+11|1.22319e+12|6.61732e+12|3.56515e+09|5.76717e+13|3.60508e+09|5.12291e+10|1.84599e+12,4.34899e+12|4.87974e+10|1.86352e+08|5.85316e+09|1.84325e+12|8.83508e+10|2.66028e+09|1.05326e+11|1.73052e+11|1.08654e+09|4.01821e+12|6.51734e+12|2.90528e+11|2.83908e+11|1.34423e+12|2.20969e+09|4.50387e+13|3.20505e+09|1.63614e+10|5.88715e+11,2.20593e-05|0.000150149|0.000450723|0.000542243|0.000180222|4.41209e-05|0.00013417|0.000371468|0.000244418|8.19889e-05|1.90685e-05|1.42553e-05|6.13843e-05|0.000861533|4.39527e-05|0.000765253|0.000204857|1.67639e-05|0.000310364|6.01787e-05,0.00633895|0.00466227|0.00126271|0.000311917|0.00771594|0.00789851|0.000710075|0.0019014|0.00516638|0.00238577|0.000751332|0.00351282|0.00133185|0.000677358|0.000669129|0.000152009|0.00126725|0.000326693|0.0012652|0.00101454,0.0242308|0.0466207|0.0386825|0.0207751|0.0401254|0.0489836|0.0136277|0.000425237|0.0389372|0.029848|0.0243089|0.0330077|0.0464353|0.00680938|0.043186|0.00764741|0.0459616|0.0091317|0.0371796|0.0261239,0.0186446|0.0412655|0.0419088|0.0183961|0.0200103|0.00598368|0.0139311|0.0330026|0.027269|0.0444626|0.0318701|0.0324719|0.00814055|0.0417|0.0011028|0.0487049|0.032776|0.000373191|0.0330818|0.0180416,0.952597|0.917952|0.989487|0.985316|0.990327|0.932663|0.994252|0.916165|0.968656|0.906364|0.949833|0.940557|0.952296|0.977982|0.941223|0.918796|0.962548|0.929843|0.957813|0.942571,6.1663|4.47725|0.398509|2.86033|3.296|1.30673|5.80364|4.552|2.6007|2.19659|0.273467|2.57923|0.663963|4.36593|4.27287|0.495993|5.30103|6.12095|4.08186|5.03831,79.8117|88.6198|13.2112|55.8812|76.7594|23.5709|46.2248|89.5651|97.1045|88.4205|55.6995|11.0615|32.2763|59.8148|55.4093|99.595|99.0064|10.3361|29.3778,0.206816|0.186425|0.192459|0.242937|0.188216|0.175455|0.226632|0.248473|0.202283|0.238528|0.203915|0.223443|0.181751|0.230578|0.248326|0.247994|0.249757|0.223504|0.230351,0.332644|0.549125|0.714952|0.659214|0.933277|0.947109|0.354213|0.683838|0.577126|0.604484|0.192082|0.800147|0.408588|0.245965|0.993536|0.395032|0.797563|0.865166|0.451282,0.823926,0.95139,0.0501489,0.117049,0.421933,0.504875,0.0617885,0.490527,0.190703,0.903761,75.0845,2.21625e-10,46823,0.876134,54.7023,1.84253e-11,19749,0.862527,0.834378,0.0578779,0.973354,0.582731,0.492938,0.169781,0.516908,0.130486,0.880588,73.1261,1.75166e-13,58607,0.898519,78.1077,8.52274e-10,81618
7,172,n1->n2->n12->n11->n21->n22->n32->n33->n34->n35->n25->n24->n14->n4->n5->n6->n7->n8->n9->n10,3.00404e+13|3.30326e+11|1.24762e+09|1.20939e+11|9.90425e+12|3.33855e+10|2.648e+10|2.00146e+11|8.58911e+09|2.39604e+09|1.74625e+13|1.29684e+09|6.27509e+09|5.19663e+13|5.16898e+10|2.5768e+13|6.61732e+12|3.56515e+09|5.76717e+13|1.84599e+12,4.34899e+12|4.87974e+10|1.86352e+08|1.2827e+10|5.08175e+12|5.85316e+09|2.58541e+10|8.83508e+10|2.66028e+09|1.08654e+09|4.01821e+12|2.35993e+08|5.15166e+09|3.73718e+13|1.84025e+10|1.13857e+13|1.34423e+12|2.20969e+09|4.50387e+13|5.88715e+11,2.20593e-05|0.000150149|0.000450723|3.68162e-05|0.00038331|0.000542243|1.30256e-05|4.41209e-05|0.00013417|8.19889e-05|1.90685e-05|0.00017517|0.000129815|4.65401e-05|0.000380256|0.00033585|4.39527e-05|0.000765253|0.000204857|6.01787e-05,0.00633895|0.00466227|0.00126271|0.000290726|0.000195522|0.000311917|0.000435298|0.00789851|0.000710075|0.00238577|0.000751332|0.000205887|0.000102845|0.000153837|0.000293754|0.00369855|0.000669129|0.000152009|0.00126725|0.00101454,0.0242308|0.0466207|0.0386825|0.0396791|0.0338837|0.0207751|0.0160711|0.0489836|0.0136277|0.029848|0.0243089|0.0292034|0.000914227|0.0140069|0.0482045|0.021023|0.043186|0.00764741|0.0459616|0.0261239,0.0186446|0.0412655|0.0419088|0.0224647|0.0368511|0.0183961|0.0189693|0.00598368|0.0139311|0.0444626|0.0318701|0.0180799|0.0388816|0.0421418|0.0296199|0.0399306|0.0011028|0.0487049|0.032776|0.0180416,0.952597|0.917952|0.989487|0.92663|0.928497|0.985316|0.965054|0.932663|0.994252|0.906364|0.949833|0.950767|0.915384|0.962302|0.90075|0.989066|0.941223|0.918796|0.962548|0.942571,6.1663|4.47725|0.398509|5.09381|5.49513|2.86033|1.55662|1.30673|5.80364|2.19659|0.273467|0.01178|3.76198|6.07392|0.158043|1.08178|4.27287|0.495993|5.30103|5.03831,79.8117|88.6198|24.4191|65.1286|34.0839|86.2435|67.4197|23.5709|31.5608|88.4205|18.2346|66.6304|52.1141|81.7362|37.2729|32.9383|55.4093|99.595|65.9961,0.206816|0.186425|0.165933|0.213744|0.241671|0.214079|0.180414|0.175455|0.2299|0.238528|0.245477|0.19366|0.216325|0.162628|0.182098|0.172139|0.248326|0.247994|0.164414,0.332644|0.549125|0.813401|0.918405|0.885236|0.140505|0.604192|0.947109|0.185954|0.604484|0.99271|0.634426|0.474765|0.858929|0.770624|0.198275|0.993536|0.395032|0.843193,0.823926,0.95139,0.0501489,0.117049,0.421933,0.504875,0.0617885,0.490527,0.190703,0.903761,75.0845,2.21625e-10,46823,0.876134,54.7023,1.84253e-11,19749,0.862527,0.834378,0.0578779,0.973354,0.582731,0.492938,0.169781,0.516908,0.130486,0.880588,73.1261,1.75166e-13,58607,0.898519,78.1077,8.52274e-10,81618
7,173,n1->n2->n3->n4->n5->n15->n25->n24->n34->n35->n45->n46->n36->n37->n27->n28->n29->n19->n9->n10,3.00404e+13|3.30326e+11|2.51637e+13|5.19663e+13|5.16898e+10|2.54337e+12|1.74625e+13|1.29684e+09|8.58911e+09|2.39604e+09|6.86583e+11|8.81314e+12|8.46195e+13|4.77368e+09|4.805e+11|2.00194e+10|7.17101e+11|3.60508e+09|5.76717e+13|1.84599e+12,4.34899e+12|4.87974e+10|1.20723e+13|3.73718e+13|1.84025e+10|4.83922e+11|4.01821e+12|2.35993e+08|2.66028e+09|1.08654e+09|1.73052e+11|5.94542e+12|1.28753e+13|1.93676e+09|5.39868e+10|2.90952e+09|3.48e+11|3.20505e+09|4.50387e+13|5.88715e+11,2.20593e-05|0.000150149|0.000235236|4.65401e-05|0.000380256|0.000137603|1.90685e-05|0.00017517|0.00013417|8.19889e-05|0.000244418|1.88186e-05|1.79749e-05|0.000357893|3.96201e-05|2.03718e-05|2.27027e-05|1.67639e-05|0.000204857|6.01787e-05,0.00633895|0.00466227|0.00100075|0.000153837|0.000293754|0.000302355|0.000751332|0.000205887|0.000710075|0.00238577|0.00516638|0.00029927|0.00287041|0.00538311|0.00945776|0.00287426|0.00283907|0.000326693|0.00126725|0.00101454,0.0242308|0.0466207|0.0318488|0.0140069|0.0482045|0.0473158|0.0243089|0.0292034|0.0136277|0.029848|0.0389372|0.0134994|0.0388718|0.0123118|0.0331096|0.0321405|0.0468048|0.0091317|0.0459616|0.0261239,0.0186446|0.0412655|0.014719|0.0421418|0.0296199|0.0430085|0.0318701|0.0180799|0.0139311|0.0444626|0.027269|0.00830409|0.0336137|0.00637154|0.0209467|0.0034903|0.0300525|0.000373191|0.032776|0.0180416,0.952597|0.917952|0.908437|0.962302|0.90075|0.927364|0.949833|0.950767|0.994252|0.906364|0.968656|0.937291|0.973739|0.974204|0.921124|0.910929|0.918632|0.929843|0.962548|0.942571,6.1663|4.47725|5.20069|6.07392|0.158043|3.32264|0.273467|0.01178|5.80364|2.19659|2.6007|1.21286|4.35878|1.61194|4.68229|3.98258|4.2697|6.12095|5.30103|5.03831,79.8117|37.015|10.4739|81.7362|35.0583|54.7186|18.2346|58.7029|31.5608|97.1045|61.2725|70.4589|29.3504|44.8869|15.3326|39.0733|84.7043|99.0064|65.9961,0.206816|0.210886|0.174627|0.162628|0.245093|0.216167|0.245477|0.202876|0.2299|0.202283|0.185139|0.164624|0.206848|0.174392|0.223307|0.169124|0.173571|0.249757|0.164414,0.332644|0.320755|0.966142|0.858929|0.442729|0.845754|0.99271|0.259687|0.185954|0.577126|0.502277|0.641051|0.153503|0.453078|0.17421|0.940637|0.743008|0.797563|0.843193,0.823926,0.95139,0.0501489,0.117049,0.421933,0.504875,0.0617885,0.490527,0.190703,0.903761,75.0845,2.21625e-10,46823,0.876134,54.7023,1.84253e-11,19749,0.862527,0.834378,0.0578779,0.973354,0.582731,0.492938,0.169781,0.516908,0.130486,0.880588,73.1261,1.75166e-13,58607,0.898519,78.1077,8.52274e-10,81618
7,174,n1->n2->n12->n22->n23->n13->n3->n4->n5->n15->n14->n24->n25->n26->n16->n17->n7->n8->n9->n10,3.00404e+13|3.30326e+11|1.24762e+09|3.33855e+10|2.96172e+12|9.91228e+12|2.51637e+13|5.19663e+13|5.16898e+10|2.54337e+12|6.27509e+09|1.29684e+09|1.74625e+13|2.27804e+13|3.1854e+11|1.22319e+12|6.61732e+12|3.56515e+09|5.76717e+13|1.84599e+12,4.34899e+12|4.87974e+10|1.86352e+08|5.85316e+09|1.84325e+12|5.06921e+12|1.20723e+13|3.73718e+13|1.84025e+10|4.83922e+11|5.15166e+09|2.35993e+08|4.01821e+12|6.51734e+12|2.90528e+11|2.83908e+11|1.34423e+12|2.20969e+09|4.50387e+13|5.88715e+11,2.20593e-05|0.000150149|0.000450723|0.000542243|0.000180222|2.59449e-05|0.000235236|4.65401e-05|0.000380256|0.000137603|0.000129815|0.00017517|1.90685e-05|1.42553e-05|6.13843e-05|0.000861533|4.39527e-05|0.000765253|0.000204857|6.01787e-05,0.00633895|0.00466227|0.00126271|0.000311917|0.00771594|0.00730137|0.00100075|0.000153837|0.000293754|0.000302355|0.000102845|0.000205887|0.000751332|0.00351282|0.00133185|0.000677358|0.000669129|0.000152009|0.00126725|0.00101454,0.0242308|0.0466207|0.0386825|0.0207751|0.0401254|0.0202101|0.0318488|0.0140069|0.0482045|0.0473158|0.000914227|0.0292034|0.0243089|0.0330077|0.0464353|0.00680938|0.043186|0.00764741|0.0459616|0.0261239,0.0186446|0.0412655|0.0419088|0.0183961|0.0200103|0.0443805|0.014719|0.0421418|0.0296199|0.0430085|0.0388816|0.0180799|0.0318701|0.0324719|0.00814055|0.0417|0.0011028|0.0487049|0.032776|0.0180416,0.952597|0.917952|0.989487|0.985316|0.990327|0.957486|0.908437|0.962302|0.90075|0.927364|0.915384|0.950767|0.949833|0.940557|0.952296|0.977982|0.941223|0.918796|0.962548|0.942571,6.1663|4.47725|0.398509|2.86033|3.296|3.30965|5.20069|6.07392|0.158043|3.32264|3.76198|0.01178|0.273467|2.57923|0.663963|4.36593|4.27287|0.495993|5.30103|5.03831,79.8117|88.6198|13.2112|55.8812|51.9585|83.9106|10.4739|81.7362|35.0583|92.5451|66.6304|18.2346|55.6995|11.0615|32.2763|59.8148|55.4093|99.595|65.9961,0.206816|0.186425|0.192459|0.242937|0.186587|0.200225|0.174627|0.162628|0.245093|0.162606|0.19366|0.245477|0.203915|0.223443|0.181751|0.230578|0.248326|0.247994|0.164414,0.332644|0.549125|0.714952|0.659214|0.544273|0.417051|0.966142|0.858929|0.442729|0.327689|0.634426|0.99271|0.192082|0.800147|0.408588|0.245965|0.993536|0.395032|0.843193,0.823926,0.95139,0.0501489,0.117049,0.421933,0.504875,0.0617885,0.490527,0.190703,0.903761,75.0845,2.21625e-10,46823,0.876134,54.7023,1.84253e-11,19749,0.862527,0.834378,0.0578779,0.973354,0.582731,0.492938,0.169781,0.516908,0.130486,0.880588,73.1261,1.75166e-13,58607,0.898519,78.1077,8.52274e-10,81618
7,175,n1->n11->n21->n22->n32->n42->n52->n53->n43->n33->n23->n13->n3->n4->n5->n6->n7->n8->n9->n10,3.00404e+13|1.20939e+11|9.90425e+12|3.33855e+10|2.648e+10|1.03093e+13|7.73319e+09|3.52648e+13|4.25913e+09|2.00146e+11|2.96172e+12|9.91228e+12|2.51637e+13|5.19663e+13|5.16898e+10|2.5768e+13|6.61732e+12|3.56515e+09|5.76717e+13|1.84599e+12,4.34899e+12|1.2827e+10|5.08175e+12|5.85316e+09|2.58541e+10|3.20768e+12|1.47389e+09|2.67776e+13|9.83012e+08|8.83508e+10|1.84325e+12|5.06921e+12|1.20723e+13|3.73718e+13|1.84025e+10|1.13857e+13|1.34423e+12|2.20969e+09|4.50387e+13|5.88715e+11,2.20593e-05|3.68162e-05|0.00038331|0.000542243|1.30256e-05|0.000285699|1.80148e-05|0.000442623|2.7971e-05|4.41209e-05|0.000180222|2.59449e-05|0.000235236|4.65401e-05|0.000380256|0.00033585|4.39527e-05|0.000765253|0.000204857|6.01787e-05,0.00633895|0.000290726|0.000195522|0.000311917|0.000435298|0.00317253|0.000266067|0.0096479|0.00115348|0.00789851|0.00771594|0.00730137|0.00100075|0.000153837|0.000293754|0.00369855|0.000669129|0.000152009|0.00126725|0.00101454,0.0242308|0.0396791|0.0338837|0.0207751|0.0160711|0.0253382|0.0390965|0.0293201|0.0189194|0.0489836|0.0401254|0.0202101|0.0318488|0.0140069|0.0482045|0.021023|0.043186|0.00764741|0.0459616|0.0261239,0.0186446|0.0224647|0.0368511|0.0183961|0.0189693|0.0462681|0.0274918|0.0481294|0.0240225|0.00598368|0.0200103|0.0443805|0.014719|0.0421418|0.0296199|0.0399306|0.0011028|0.0487049|0.032776|0.0180416,0.952597|0.92663|0.928497|0.985316|0.965054|0.994073|0.902246|0.99014|0.972503|0.932663|0.990327|0.957486|0.908437|0.962302|0.90075|0.989066|0.941223|0.918796|0.962548|0.942571,6.1663|5.09381|5.49513|2.86033|1.55662|2.25701|4.95445|1.96814|1.72172|1.30673|3.296|3.30965|5.20069|6.07392|0.158043|1.08178|4.27287|0.495993|5.30103|5.03831,30.2686|65.1286|34.0839|86.2435|70.8805|93.5115|21.0603|26.2497|49.6282|76.7594|51.9585|83.9106|10.4739|81.7362|37.2729|32.9383|55.4093|99.595|65.9961,0.203801|0.213744|0.241671|0.214079|0.182862|0.229902|0.239801|0.221746|0.239823|0.188216|0.186587|0.200225|0.174627|0.162628|0.182098|0.172139|0.248326|0.247994|0.164414,0.231522|0.918405|0.885236|0.140505|0.614221|0.556299|0.835982|0.379529|0.403226|0.933277|0.544273|0.417051|0.966142|0.858929|0.770624|0.198275|0.993536|0.395032|0.843193,0.823926,0.95139,0.0501489,0.117049,0.421933,0.504875,0.0617885,0.490527,0.190703,0.903761,75.0845,2.21625e-10,46823,0.876134,54.7023,1.84253e-11,19749,0.862527,0.834378,0.0578779,0.973354,0.582731,0.492938,0.169781,0.516908,0.130486,0.880588,73.1261,1.75166e-13,58607,0.898519,78.1077,8.52274e-10,81618
7,176,n1->n11->n21->n22->n12->n2->n3->n4->n14->n15->n5->n6->n16->n17->n7->n8->n9->n19->n20->n10,3.00404e+13|1.20939e+11|9.90425e+12|3.33855e+10|1.24762e+09|3.30326e+11|2.51637e+13|5.19663e+13|6.27509e+09|2.54337e+12|5.16898e+10|2.5768e+13|3.1854e+11|1.22319e+12|6.61732e+12|3.56515e+09|5.76717e+13|3.60508e+09|5.12291e+10|1.84599e+12,4.34899e+12|1.2827e+10|5.08175e+12|5.85316e+09|1.86352e+08|4.87974e+10|1.20723e+13|3.73718e+13|5.15166e+09|4.83922e+11|1.84025e+10|1.13857e+13|2.90528e+11|2.83908e+11|1.34423e+12|2.20969e+09|4.50387e+13|3.20505e+09|1.63614e+10|5.88715e+11,2.20593e-05|3.68162e-05|0.00038331|0.000542243|0.000450723|0.000150149|0.000235236|4.65401e-05|0.000129815|0.000137603|0.000380256|0.00033585|6.13843e-05|0.000861533|4.39527e-05|0.000765253|0.000204857|1.67639e-05|0.000310364|6.01787e-05,0.00633895|0.000290726|0.000195522|0.000311917|0.00126271|0.00466227|0.00100075|0.000153837|0.000102845|0.000302355|0.000293754|0.00369855|0.00133185|0.000677358|0.000669129|0.000152009|0.00126725|0.000326693|0.0012652|0.00101454,0.0242308|0.0396791|0.0338837|0.0207751|0.0386825|0.0466207|0.0318488|0.0140069|0.000914227|0.0473158|0.0482045|0.021023|0.0464353|0.00680938|0.043186|0.00764741|0.0459616|0.0091317|0.0371796|0.0261239,0.0186446|0.0224647|0.0368511|0.0183961|0.0419088|0.0412655|0.014719|0.0421418|0.0388816|0.0430085|0.0296199|0.0399306|0.00814055|0.0417|0.0011028|0.0487049|0.032776|0.000373191|0.0330818|0.0180416,0.952597|0.92663|0.928497|0.985316|0.989487|0.917952|0.908437|0.962302|0.915384|0.927364|0.90075|0.989066|0.952296|0.977982|0.941223|0.918796|0.962548|0.929843|0.957813|0.942571,6.1663|5.09381|5.49513|2.86033|0.398509|4.47725|5.20069|6.07392|3.76198|3.32264|0.158043|1.08178|0.663963|4.36593|4.27287|0.495993|5.30103|6.12095|4.08186|5.03831,30.2686|65.1286|34.0839|13.2112|88.6198|37.015|10.4739|52.1141|92.5451|35.0583|37.2729|50.0569|32.2763|59.8148|55.4093|99.595|99.0064|10.3361|29.3778,0.203801|0.213744|0.241671|0.192459|0.186425|0.210886|0.174627|0.216325|0.162606|0.245093|0.182098|0.160573|0.181751|0.230578|0.248326|0.247994|0.249757|0.223504|0.230351,0.231522|0.918405|0.885236|0.714952|0.549125|0.320755|0.966142|0.474765|0.327689|0.442729|0.770624|0.76956|0.408588|0.245965|0.993536|0.395032|0.797563|0.865166|0.451282,0.823926,0.95139,0.0501489,0.117049,0.421933,0.504875,0.0617885,0.490527,0.190703,0.903761,75.0845,2.21625e-10,46823,0.876134,54.7023,1.84253e-11,19749,0.862527,0.834378,0.0578779,0.973354,0.582731,0.492938,0.169781,0.516908,0.130486,0.880588,73.1261,1.75166e-13,58607,0.898519,78.1077,8.52274e-10,81618
7,177,n1->n11->n12->n13->n14->n15->n25->n35->n34->n44->n45->n46->n36->n26->n27->n17->n7->n8->n9->n10,3.00404e+13|1.20939e+11|1.24762e+09|9.91228e+12|6.27509e+09|2.54337e+12|1.74625e+13|2.39604e+09|8.58911e+09|4.86826e+11|6.86583e+11|8.81314e+12|8.46195e+13|2.27804e+13|4.805e+11|1.22319e+12|6.61732e+12|3.56515e+09|5.76717e+13|1.84599e+12,4.34899e+12|1.2827e+10|1.86352e+08|5.06921e+12|5.15166e+09|4.83922e+11|4.01821e+12|1.08654e+09|2.66028e+09|1.05326e+11|1.73052e+11|5.94542e+12|1.28753e+13|6.51734e+12|5.39868e+10|2.83908e+11|1.34423e+12|2.20969e+09|4.50387e+13|5.88715e+11,2.20593e-05|3.68162e-05|0.000450723|2.59449e-05|0.000129815|0.000137603|1.90685e-05|8.19889e-05|0.00013417|0.000371468|0.000244418|1.88186e-05|1.79749e-05|1.42553e-05|3.96201e-05|0.000861533|4.39527e-05|0.000765253|0.000204857|6.01787e-05,0.00633895|0.000290726|0.00126271|0.00730137|0.000102845|0.000302355|0.000751332|0.00238577|0.000710075|0.0019014|0.00516638|0.00029927|0.00287041|0.00351282|0.00945776|0.000677358|0.000669129|0.000152009|0.00126725|0.00101454,0.0242308|0.0396791|0.0386825|0.0202101|0.000914227|0.0473158|0.0243089|0.029848|0.0136277|0.000425237|0.0389372|0.0134994|0.0388718|0.0330077|0.0331096|0.00680938|0.043186|0.00764741|0.0459616|0.0261239,0.0186446|0.0224647|0.0419088|0.0443805|0.0388816|0.0430085|0.0318701|0.0444626|0.0139311|0.0330026|0.027269|0.00830409|0.0336137|0.0324719|0.0209467|0.0417|0.0011028|0.0487049|0.032776|0.0180416,0.952597|0.92663|0.989487|0.957486|0.915384|0.927364|0.949833|0.906364|0.994252|0.916165|0.968656|0.937291|0.973739|0.940557|0.921124|0.977982|0.941223|0.918796|0.962548|0.942571,6.1663|5.09381|0.398509|3.30965|3.76198|3.32264|0.273467|2.19659|5.80364|4.552|2.6007|1.21286|4.35878|2.57923|4.68229|4.36593|4.27287|0.495993|5.30103|5.03831,30.2686|24.4191|13.9548|56.34|92.5451|54.7186|88.4205|31.5608|46.2248|89.5651|61.2725|70.4589|63.8366|42.5138|72.2829|59.8148|55.4093|99.595|65.9961,0.203801|0.165933|0.170437|0.230897|0.162606|0.216167|0.238528|0.2299|0.226632|0.248473|0.185139|0.164624|0.196472|0.196406|0.208534|0.230578|0.248326|0.247994|0.164414,0.231522|0.813401|0.374611|0.964918|0.327689|0.845754|0.604484|0.185954|0.354213|0.683838|0.502277|0.641051|0.879572|0.171578|0.91001|0.245965|0.993536|0.395032|0.843193,0.823926,0.95139,0.0501489,0.117049,0.421933,0.504875,0.0617885,0.490527,0.190703,0.903761,75.0845,2.21625e-10,46823,0.876134,54.7023,1.84253e-11,19749,0.862527,0.834378,0.0578779,0.973354,0.582731,0.492938,0.169781,0.516908,0.130486,0.880588,73.1261,1.75166e-13,58607,0.898519,78.1077,8.52274e-10,81618
7,178,n1->n11->n12->n2->n3->n4->n14->n13->n23->n33->n34->n24->n25->n15->n5->n6->n7->n8->n9->n10,3.00404e+13|1.20939e+11|1.24762e+09|3.30326e+11|2.51637e+13|5.19663e+13|6.27509e+09|9.91228e+12|2.96172e+12|2.00146e+11|8.58911e+09|1.29684e+09|1.74625e+13|2.54337e+12|5.16898e+10|2.5768e+13|6.61732e+12|3.56515e+09|5.76717e+13|1.84599e+12,4.34899e+12|1.2827e+10|1.86352e+08|4.87974e+10|1.20723e+13|3.73718e+13|5.15166e+09|5.06921e+12|1.84325e+12|8.83508e+10|2.66028e+09|2.35993e+08|4.01821e+12|4.83922e+11|1.84025e+10|1.13857e+13|1.34423e+12|2.20969e+09|4.50387e+13|5.88715e+11,2.20593e-05|3.68162e-05|0.000450723|0.000150149|0.000235236|4.65401e-05|0.000129815|2.59449e-05|0.000180222|4.41209e-05|0.00013417|0.00017517|1.90685e-05|0.000137603|0.000380256|0.00033585|4.39527e-05|0.000765253|0.000204857|6.01787e-05,0.00633895|0.000290726|0.00126271|0.00466227|0.00100075|0.000153837|0.000102845|0.00730137|0.00771594|0.00789851|0.000710075|0.000205887|0.000751332|0.000302355|0.000293754|0.00369855|0.000669129|0.000152009|0.00126725|0.00101454,0.0242308|0.0396791|0.0386825|0.0466207|0.0318488|0.0140069|0.000914227|0.0202101|0.0401254|0.0489836|0.0136277|0.0292034|0.0243089|0.0473158|0.0482045|0.021023|0.043186|0.00764741|0.0459616|0.0261239,0.0186446|0.0224647|0.0419088|0.0412655|0.014719|0.0421418|0.0388816|0.0443805|0.0200103|0.00598368|0.0139311|0.0180799|0.0318701|0.0430085|0.0296199|0.0399306|0.0011028|0.0487049|0.032776|0.0180416,0.952597|0.92663|0.989487|0.917952|0.908437|0.962302|0.915384|0.957486|0.990327|0.932663|0.994252|0.950767|0.949833|0.927364|0.90075|0.989066|0.941223|0.918796|0.962548|0.942571,6.1663|5.09381|0.398509|4.47725|5.20069|6.07392|3.76198|3.30965|3.296|1.30673|5.80364|0.01178|0.273467|3.32264|0.158043|1.08178|4.27287|0.495993|5.30103|5.03831,30.2686|24.4191|88.6198|37.015|10.4739|52.1141|56.34|51.9585|76.7594|23.5709|58.7029|18.2346|54.7186|35.0583|37.2729|32.9383|55.4093|99.595|65.9961,0.203801|0.165933|0.186425|0.210886|0.174627|0.216325|0.230897|0.186587|0.188216|0.175455|0.202876|0.245477|0.216167|0.245093|0.182098|0.172139|0.248326|0.247994|0.164414,0.231522|0.813401|0.549125|0.320755|0.966142|0.474765|0.964918|0.544273|0.933277|0.947109|0.259687|0.99271|0.845754|0.442729|0.770624|0.198275|0.993536|0.395032|0.843193,0.823926,0.95139,0.0501489,0.117049,0.421933,0.504875,0.0617885,0.490527,0.190703,0.903761,75.0845,2.21625e-10,46823,0.876134,54.7023,1.84253e-11,19749,0.862527,0.834378,0.0578779,0.973354,0.582731,0.492938,0.169781,0.516908,0.130486,0.880588,73.1261,1.75166e-13,58607,0.898519,78.1077,8.52274e-10,81618
7,179,n1->n11->n21->n31->n41->n42->n43->n44->n54->n55->n56->n57->n47->n37->n38->n39->n29->n19->n9->n10,3.00404e+13|1.20939e+11|9.90425e+12|1.0619e+09|8.60797e+12|1.03093e+13|4.25913e+09|4.86826e+11|2.07572e+13|2.5043e+13|2.82478e+09|7.85666e+09|9.49941e+11|4.77368e+09|1.44427e+09|5.60545e+09|7.17101e+11|3.60508e+09|5.76717e+13|1.84599e+12,4.34899e+12|1.2827e+10|5.08175e+12|4.60453e+08|4.47275e+12|3.20768e+12|9.83012e+08|1.05326e+11|1.28719e+13|1.88162e+13|1.04469e+09|1.07804e+09|1.20036e+11|1.93676e+09|9.65742e+08|1.27972e+09|3.48e+11|3.20505e+09|4.50387e+13|5.88715e+11,2.20593e-05|3.68162e-05|0.00038331|1.64296e-05|1.01833e-05|0.000285699|2.7971e-05|0.000371468|0.000356121|0.000277127|6.02864e-05|1.97118e-05|3.46608e-05|0.000357893|0.000102797|2.14097e-05|2.27027e-05|1.67639e-05|0.000204857|6.01787e-05,0.00633895|0.000290726|0.000195522|0.000906769|0.000113109|0.00317253|0.00115348|0.0019014|0.00620243|0.00819947|0.000145619|0.00157818|0.00214309|0.00538311|0.000450056|0.000168176|0.00283907|0.000326693|0.00126725|0.00101454,0.0242308|0.0396791|0.0338837|0.0130158|0.00975166|0.0253382|0.0189194|0.000425237|0.0192095|0.00893143|0.0324058|0.0389395|0.0199273|0.0123118|0.000571455|0.0138154|0.0468048|0.0091317|0.0459616|0.0261239,0.0186446|0.0224647|0.0368511|0.0196191|0.00280605|0.0462681|0.0240225|0.0330026|0.0200027|0.047517|0.0365599|0.0298447|0.0210731|0.00637154|0.00176637|0.0274754|0.0300525|0.000373191|0.032776|0.0180416,0.952597|0.92663|0.928497|0.951022|0.950478|0.994073|0.972503|0.916165|0.960805|0.906098|0.916548|0.976888|0.975803|0.974204|0.975299|0.919951|0.918632|0.929843|0.962548|0.942571,6.1663|5.09381|5.49513|0.0908807|0.248985|2.25701|1.72172|4.552|4.63576|3.49108|4.36327|3.71636|6.18587|1.61194|3.07691|2.15935|4.2697|6.12095|5.30103|5.03831,30.2686|65.1286|89.2299|64.4551|61.2747|27.3217|59.7094|67.7415|57.1366|40.979|71.5316|88.8597|88.6669|37.0378|69.5993|44.1502|84.7043|99.0064|65.9961,0.203801|0.213744|0.165795|0.19083|0.216723|0.222856|0.191232|0.21452|0.226722|0.230582|0.207265|0.239966|0.19406|0.216148|0.219101|0.182038|0.173571|0.249757|0.164414,0.231522|0.918405|0.78117|0.678193|0.619343|0.120467|0.754196|0.162892|0.702585|0.701157|0.517529|0.175761|0.651566|0.142457|0.845448|0.612986|0.743008|0.797563|0.843193,0.823926,0.95139,0.0501489,0.117049,0.421933,0.504875,0.0617885,0.490527,0.190703,0.903761,75.0845,2.21625e-10,46823,0.876134,54.7023,1.84253e-11,19749,0.862527,0.834378,0.0578779,0.973354,0.582731,0.492938,0.169781,0.516908,0.130486,0.880588,73.1261,1.75166e-13,58607,0.898519,78.1077,8.52274e-10,81618
7,180,n1->n2->n3->n4->n5->n15->n16->n26->n27->n37->n38->n39->n49->n50->n40->n30->n20->n19->n9->n10,3.00404e+13|3.30326e+11|2.51637e+13|5.19663e+13|5.16898e+10|2.54337e+12|3.1854e+11|2.27804e+13|4.805e+11|4.77368e+09|1.44427e+09|5.60545e+09|1.74506e+11|4.2971e+12|2.45276e+11|5.19288e+10|5.12291e+10|3.60508e+09|5.76717e+13|1.84599e+12,4.34899e+12|4.87974e+10|1.20723e+13|3.73718e+13|1.84025e+10|4.83922e+11|2.90528e+11|6.51734e+12|5.39868e+10|1.93676e+09|9.65742e+08|1.27972e+09|1.0962e+11|7.31625e+11|6.45185e+10|5.81696e+09|1.63614e+10|3.20505e+09|4.50387e+13|5.88715e+11,2.20593e-05|0.000150149|0.000235236|4.65401e-05|0.000380256|0.000137603|6.13843e-05|1.42553e-05|3.96201e-05|0.000357893|0.000102797|2.14097e-05|0.000540413|0.000170651|1.80824e-05|4.02418e-05|0.000310364|1.67639e-05|0.000204857|6.01787e-05,0.00633895|0.00466227|0.00100075|0.000153837|0.000293754|0.000302355|0.00133185|0.00351282|0.00945776|0.00538311|0.000450056|0.000168176|0.000298312|0.00208223|0.0001196|0.00647396|0.0012652|0.000326693|0.00126725|0.00101454,0.0242308|0.0466207|0.0318488|0.0140069|0.0482045|0.0473158|0.0464353|0.0330077|0.0331096|0.0123118|0.000571455|0.0138154|0.0297981|0.0164214|0.00177294|0.020557|0.0371796|0.0091317|0.0459616|0.0261239,0.0186446|0.0412655|0.014719|0.0421418|0.0296199|0.0430085|0.00814055|0.0324719|0.0209467|0.00637154|0.00176637|0.0274754|0.0078551|0.0409417|0.017509|0.0432333|0.0330818|0.000373191|0.032776|0.0180416,0.952597|0.917952|0.908437|0.962302|0.90075|0.927364|0.952296|0.940557|0.921124|0.974204|0.975299|0.919951|0.991036|0.98411|0.968286|0.948323|0.957813|0.929843|0.962548|0.942571,6.1663|4.47725|5.20069|6.07392|0.158043|3.32264|0.663963|2.57923|4.68229|1.61194|3.07691|2.15935|1.58465|5.37256|0.824701|3.24827|4.08186|6.12095|5.30103|5.03831,79.8117|37.015|10.4739|81.7362|35.0583|56.2706|11.0615|42.5138|44.8869|37.0378|69.5993|95.0453|38.9947|91.3525|98.0873|23.9015|10.3361|99.0064|65.9961,0.206816|0.210886|0.174627|0.162628|0.245093|0.202376|0.223443|0.196406|0.174392|0.216148|0.219101|0.164844|0.249888|0.235251|0.161203|0.202276|0.223504|0.249757|0.164414,0.332644|0.320755|0.966142|0.858929|0.442729|0.428028|0.800147|0.171578|0.453078|0.142457|0.845448|0.103803|0.25721|0.280209|0.518858|0.867602|0.865166|0.797563|0.843193,0.823926,0.95139,0.0501489,0.117049,0.421933,0.504875,0.0617885,0.490527,0.190703,0.903761,75.0845,2.21625e-10,46823,0.876134,54.7023,1.84253e-11,19749,0.862527,0.834378,0.0578779,0.973354,0.582731,0.492938,0.169781,0.516908,0.130486,0.880588,73.1261,1.75166e-13,58607,0.898519,78.1077,8.52274e-10,81618
7,181,n1->n11->n12->n22->n32->n33->n23->n13->n14->n4->n5->n6->n16->n26->n27->n28->n29->n19->n20->n10,3.00404e+13|1.20939e+11|1.24762e+09|3.33855e+10|2.648e+10|2.00146e+11|2.96172e+12|9.91228e+12|6.27509e+09|5.19663e+13|5.16898e+10|2.5768e+13|3.1854e+11|2.27804e+13|4.805e+11|2.00194e+10|7.17101e+11|3.60508e+09|5.12291e+10|1.84599e+12,4.34899e+12|1.2827e+10|1.86352e+08|5.85316e+09|2.58541e+10|8.83508e+10|1.84325e+12|5.06921e+12|5.15166e+09|3.73718e+13|1.84025e+10|1.13857e+13|2.90528e+11|6.51734e+12|5.39868e+10|2.90952e+09|3.48e+11|3.20505e+09|1.63614e+10|5.88715e+11,2.20593e-05|3.68162e-05|0.000450723|0.000542243|1.30256e-05|4.41209e-05|0.000180222|2.59449e-05|0.000129815|4.65401e-05|0.000380256|0.00033585|6.13843e-05|1.42553e-05|3.96201e-05|2.03718e-05|2.27027e-05|1.67639e-05|0.000310364|6.01787e-05,0.00633895|0.000290726|0.00126271|0.000311917|0.000435298|0.00789851|0.00771594|0.00730137|0.000102845|0.000153837|0.000293754|0.00369855|0.00133185|0.00351282|0.00945776|0.00287426|0.00283907|0.000326693|0.0012652|0.00101454,0.0242308|0.0396791|0.0386825|0.0207751|0.0160711|0.0489836|0.0401254|0.0202101|0.000914227|0.0140069|0.0482045|0.021023|0.0464353|0.0330077|0.0331096|0.0321405|0.0468048|0.0091317|0.0371796|0.0261239,0.0186446|0.0224647|0.0419088|0.0183961|0.0189693|0.00598368|0.0200103|0.0443805|0.0388816|0.0421418|0.0296199|0.0399306|0.00814055|0.0324719|0.0209467|0.0034903|0.0300525|0.000373191|0.0330818|0.0180416,0.952597|0.92663|0.989487|0.985316|0.965054|0.932663|0.990327|0.957486|0.915384|0.962302|0.90075|0.989066|0.952296|0.940557|0.921124|0.910929|0.918632|0.929843|0.957813|0.942571,6.1663|5.09381|0.398509|2.86033|1.55662|1.30673|3.296|3.30965|3.76198|6.07392|0.158043|1.08178|0.663963|2.57923|4.68229|3.98258|4.2697|6.12095|4.08186|5.03831,30.2686|24.4191|13.2112|86.2435|67.4197|76.7594|51.9585|56.34|52.1141|81.7362|37.2729|50.0569|11.0615|42.5138|15.3326|39.0733|84.7043|10.3361|29.3778,0.203801|0.165933|0.192459|0.214079|0.180414|0.188216|0.186587|0.230897|0.216325|0.162628|0.182098|0.160573|0.223443|0.196406|0.223307|0.169124|0.173571|0.223504|0.230351,0.231522|0.813401|0.714952|0.140505|0.604192|0.933277|0.544273|0.964918|0.474765|0.858929|0.770624|0.76956|0.800147|0.171578|0.17421|0.940637|0.743008|0.865166|0.451282,0.823926,0.95139,0.0501489,0.117049,0.421933,0.504875,0.0617885,0.490527,0.190703,0.903761,75.0845,2.21625e-10,46823,0.876134,54.7023,1.84253e-11,19749,0.862527,0.834378,0.0578779,0.973354,0.582731,0.492938,0.169781,0.516908,0.130486,0.880588,73.1261,1.75166e-13,58607,0.898519,78.1077,8.52274e-10,81618
7,182,n1->n2->n3->n4->n14->n15->n25->n24->n23->n33->n34->n35->n36->n37->n38->n28->n18->n8->n9->n10,3.00404e+13|3.30326e+11|2.51637e+13|5.19663e+13|6.27509e+09|2.54337e+12|1.74625e+13|1.29684e+09|2.96172e+12|2.00146e+11|8.58911e+09|2.39604e+09|8.46195e+13|4.77368e+09|1.44427e+09|2.00194e+10|5.54701e+12|3.56515e+09|5.76717e+13|1.84599e+12,4.34899e+12|4.87974e+10|1.20723e+13|3.73718e+13|5.15166e+09|4.83922e+11|4.01821e+12|2.35993e+08|1.84325e+12|8.83508e+10|2.66028e+09|1.08654e+09|1.28753e+13|1.93676e+09|9.65742e+08|2.90952e+09|1.02041e+12|2.20969e+09|4.50387e+13|5.88715e+11,2.20593e-05|0.000150149|0.000235236|4.65401e-05|0.000129815|0.000137603|1.90685e-05|0.00017517|0.000180222|4.41209e-05|0.00013417|8.19889e-05|1.79749e-05|0.000357893|0.000102797|2.03718e-05|0.000192357|0.000765253|0.000204857|6.01787e-05,0.00633895|0.00466227|0.00100075|0.000153837|0.000102845|0.000302355|0.000751332|0.000205887|0.00771594|0.00789851|0.000710075|0.00238577|0.00287041|0.00538311|0.000450056|0.00287426|0.000119135|0.000152009|0.00126725|0.00101454,0.0242308|0.0466207|0.0318488|0.0140069|0.000914227|0.0473158|0.0243089|0.0292034|0.0401254|0.0489836|0.0136277|0.029848|0.0388718|0.0123118|0.000571455|0.0321405|0.00984451|0.00764741|0.0459616|0.0261239,0.0186446|0.0412655|0.014719|0.0421418|0.0388816|0.0430085|0.0318701|0.0180799|0.0200103|0.00598368|0.0139311|0.0444626|0.0336137|0.00637154|0.00176637|0.0034903|0.046614|0.0487049|0.032776|0.0180416,0.952597|0.917952|0.908437|0.962302|0.915384|0.927364|0.949833|0.950767|0.990327|0.932663|0.994252|0.906364|0.973739|0.974204|0.975299|0.910929|0.970227|0.918796|0.962548|0.942571,6.1663|4.47725|5.20069|6.07392|3.76198|3.32264|0.273467|0.01178|3.296|1.30673|5.80364|2.19659|4.35878|1.61194|3.07691|3.98258|1.44936|0.495993|5.30103|5.03831,79.8117|37.015|10.4739|52.1141|92.5451|54.7186|18.2346|67.5745|76.7594|23.5709|31.5608|18.7034|29.3504|37.0378|23.518|43.2583|81.3396|99.595|65.9961,0.206816|0.210886|0.174627|0.216325|0.162606|0.216167|0.245477|0.237043|0.188216|0.175455|0.2299|0.172208|0.206848|0.216148|0.218706|0.248634|0.190026|0.247994|0.164414,0.332644|0.320755|0.966142|0.474765|0.327689|0.845754|0.99271|0.141763|0.933277|0.947109|0.185954|0.710372|0.153503|0.142457|0.185341|0.201747|0.718603|0.395032|0.843193,0.823926,0.95139,0.0501489,0.117049,0.421933,0.504875,0.0617885,0.490527,0.190703,0.903761,75.0845,2.21625e-10,46823,0.876134,54.7023,1.84253e-11,19749,0.862527,0.834378,0.0578779,0.973354,0.582731,0.492938,0.169781,0.516908,0.130486,0.880588,73.1261,1.75166e-13,58607,0.898519,78.1077,8.52274e-10,81618
7,183,n1->n11->n12->n22->n21->n31->n32->n42->n43->n33->n23->n24->n14->n15->n5->n6->n7->n8->n9->n10,3.00404e+13|1.20939e+11|1.24762e+09|3.33855e+10|9.90425e+12|1.0619e+09|2.648e+10|1.03093e+13|4.25913e+09|2.00146e+11|2.96172e+12|1.29684e+09|6.27509e+09|2.54337e+12|5.16898e+10|2.5768e+13|6.61732e+12|3.56515e+09|5.76717e+13|1.84599e+12,4.34899e+12|1.2827e+10|1.86352e+08|5.85316e+09|5.08175e+12|4.60453e+08|2.58541e+10|3.20768e+12|9.83012e+08|8.83508e+10|1.84325e+12|2.35993e+08|5.15166e+09|4.83922e+11|1.84025e+10|1.13857e+13|1.34423e+12|2.20969e+09|4.50387e+13|5.88715e+11,2.20593e-05|3.68162e-05|0.000450723|0.000542243|0.00038331|1.64296e-05|1.30256e-05|0.000285699|2.7971e-05|4.41209e-05|0.000180222|0.00017517|0.000129815|0.000137603|0.000380256|0.00033585|4.39527e-05|0.000765253|0.000204857|6.01787e-05,0.00633895|0.000290726|0.00126271|0.000311917|0.000195522|0.000906769|0.000435298|0.00317253|0.00115348|0.00789851|0.00771594|0.000205887|0.000102845|0.000302355|0.000293754|0.00369855|0.000669129|0.000152009|0.00126725|0.00101454,0.0242308|0.0396791|0.0386825|0.0207751|0.0338837|0.0130158|0.0160711|0.0253382|0.0189194|0.0489836|0.0401254|0.0292034|0.000914227|0.0473158|0.0482045|0.021023|0.043186|0.00764741|0.0459616|0.0261239,0.0186446|0.0224647|0.0419088|0.0183961|0.0368511|0.0196191|0.0189693|0.0462681|0.0240225|0.00598368|0.0200103|0.0180799|0.0388816|0.0430085|0.0296199|0.0399306|0.0011028|0.0487049|0.032776|0.0180416,0.952597|0.92663|0.989487|0.985316|0.928497|0.951022|0.965054|0.994073|0.972503|0.932663|0.990327|0.950767|0.915384|0.927364|0.90075|0.989066|0.941223|0.918796|0.962548|0.942571,6.1663|5.09381|0.398509|2.86033|5.49513|0.0908807|1.55662|2.25701|1.72172|1.30673|3.296|0.01178|3.76198|3.32264|0.158043|1.08178|4.27287|0.495993|5.30103|5.03831,30.2686|24.4191|13.2112|34.0839|89.2299|63.0993|70.8805|27.3217|49.6282|76.7594|67.5745|66.6304|92.5451|35.0583|37.2729|32.9383|55.4093|99.595|65.9961,0.203801|0.165933|0.192459|0.241671|0.165795|0.235942|0.182862|0.222856|0.239823|0.188216|0.237043|0.19366|0.162606|0.245093|0.182098|0.172139|0.248326|0.247994|0.164414,0.231522|0.813401|0.714952|0.885236|0.78117|0.935252|0.614221|0.120467|0.403226|0.933277|0.141763|0.634426|0.327689|0.442729|0.770624|0.198275|0.993536|0.395032|0.843193,0.823926,0.95139,0.0501489,0.117049,0.421933,0.504875,0.0617885,0.490527,0.190703,0.903761,75.0845,2.21625e-10,46823,0.876134,54.7023,1.84253e-11,19749,0.862527,0.834378,0.0578779,0.973354,0.582731,0.492938,0.169781,0.516908,0.130486,0.880588,73.1261,1.75166e-13,58607,0.898519,78.1077,8.52274e-10,81618
7,184,n1->n2->n3->n4->n5->n15->n14->n13->n23->n24->n25->n35->n36->n37->n27->n17->n7->n8->n9->n10,3.00404e+13|3.30326e+11|2.51637e+13|5.19663e+13|5.16898e+10|2.54337e+12|6.27509e+09|9.91228e+12|2.96172e+12|1.29684e+09|1.74625e+13|2.39604e+09|8.46195e+13|4.77368e+09|4.805e+11|1.22319e+12|6.61732e+12|3.56515e+09|5.76717e+13|1.84599e+12,4.34899e+12|4.87974e+10|1.20723e+13|3.73718e+13|1.84025e+10|4.83922e+11|5.15166e+09|5.06921e+12|1.84325e+12|2.35993e+08|4.01821e+12|1.08654e+09|1.28753e+13|1.93676e+09|5.39868e+10|2.83908e+11|1.34423e+12|2.20969e+09|4.50387e+13|5.88715e+11,2.20593e-05|0.000150149|0.000235236|4.65401e-05|0.000380256|0.000137603|0.000129815|2.59449e-05|0.000180222|0.00017517|1.90685e-05|8.19889e-05|1.79749e-05|0.000357893|3.96201e-05|0.000861533|4.39527e-05|0.000765253|0.000204857|6.01787e-05,0.00633895|0.00466227|0.00100075|0.000153837|0.000293754|0.000302355|0.000102845|0.00730137|0.00771594|0.000205887|0.000751332|0.00238577|0.00287041|0.00538311|0.00945776|0.000677358|0.000669129|0.000152009|0.00126725|0.00101454,0.0242308|0.0466207|0.0318488|0.0140069|0.0482045|0.0473158|0.000914227|0.0202101|0.0401254|0.0292034|0.0243089|0.029848|0.0388718|0.0123118|0.0331096|0.00680938|0.043186|0.00764741|0.0459616|0.0261239,0.0186446|0.0412655|0.014719|0.0421418|0.0296199|0.0430085|0.0388816|0.0443805|0.0200103|0.0180799|0.0318701|0.0444626|0.0336137|0.00637154|0.0209467|0.0417|0.0011028|0.0487049|0.032776|0.0180416,0.952597|0.917952|0.908437|0.962302|0.90075|0.927364|0.915384|0.957486|0.990327|0.950767|0.949833|0.906364|0.973739|0.974204|0.921124|0.977982|0.941223|0.918796|0.962548|0.942571,6.1663|4.47725|5.20069|6.07392|0.158043|3.32264|3.76198|3.30965|3.296|0.01178|0.273467|2.19659|4.35878|1.61194|4.68229|4.36593|4.27287|0.495993|5.30103|5.03831,79.8117|37.015|10.4739|81.7362|35.0583|92.5451|56.34|51.9585|67.5745|18.2346|88.4205|18.7034|29.3504|44.8869|72.2829|59.8148|55.4093|99.595|65.9961,0.206816|0.210886|0.174627|0.162628|0.245093|0.162606|0.230897|0.186587|0.237043|0.245477|0.238528|0.172208|0.206848|0.174392|0.208534|0.230578|0.248326|0.247994|0.164414,0.332644|0.320755|0.966142|0.858929|0.442729|0.327689|0.964918|0.544273|0.141763|0.99271|0.604484|0.710372|0.153503|0.453078|0.91001|0.245965|0.993536|0.395032|0.843193,0.823926,0.95139,0.0501489,0.117049,0.421933,0.504875,0.0617885,0.490527,0.190703,0.903761,75.0845,2.21625e-10,46823,0.876134,54.7023,1.84253e-11,19749,0.862527,0.834378,0.0578779,0.973354,0.582731,0.492938,0.169781,0.516908,0.130486,0.880588,73.1261,1.75166e-13,58607,0.898519,78.1077,8.52274e-10,81618
7,185,n1->n11->n12->n22->n21->n31->n32->n42->n43->n33->n23->n24->n25->n15->n16->n17->n18->n8->n9->n10,3.00404e+13|1.20939e+11|1.24762e+09|3.33855e+10|9.90425e+12|1.0619e+09|2.648e+10|1.03093e+13|4.25913e+09|2.00146e+11|2.96172e+12|1.29684e+09|1.74625e+13|2.54337e+12|3.1854e+11|1.22319e+12|5.54701e+12|3.56515e+09|5.76717e+13|1.84599e+12,4.34899e+12|1.2827e+10|1.86352e+08|5.85316e+09|5.08175e+12|4.60453e+08|2.58541e+10|3.20768e+12|9.83012e+08|8.83508e+10|1.84325e+12|2.35993e+08|4.01821e+12|4.83922e+11|2.90528e+11|2.83908e+11|1.02041e+12|2.20969e+09|4.50387e+13|5.88715e+11,2.20593e-05|3.68162e-05|0.000450723|0.000542243|0.00038331|1.64296e-05|1.30256e-05|0.000285699|2.7971e-05|4.41209e-05|0.000180222|0.00017517|1.90685e-05|0.000137603|6.13843e-05|0.000861533|0.000192357|0.000765253|0.000204857|6.01787e-05,0.00633895|0.000290726|0.00126271|0.000311917|0.000195522|0.000906769|0.000435298|0.00317253|0.00115348|0.00789851|0.00771594|0.000205887|0.000751332|0.000302355|0.00133185|0.000677358|0.000119135|0.000152009|0.00126725|0.00101454,0.0242308|0.0396791|0.0386825|0.0207751|0.0338837|0.0130158|0.0160711|0.0253382|0.0189194|0.0489836|0.0401254|0.0292034|0.0243089|0.0473158|0.0464353|0.00680938|0.00984451|0.00764741|0.0459616|0.0261239,0.0186446|0.0224647|0.0419088|0.0183961|0.0368511|0.0196191|0.0189693|0.0462681|0.0240225|0.00598368|0.0200103|0.0180799|0.0318701|0.0430085|0.00814055|0.0417|0.046614|0.0487049|0.032776|0.0180416,0.952597|0.92663|0.989487|0.985316|0.928497|0.951022|0.965054|0.994073|0.972503|0.932663|0.990327|0.950767|0.949833|0.927364|0.952296|0.977982|0.970227|0.918796|0.962548|0.942571,6.1663|5.09381|0.398509|2.86033|5.49513|0.0908807|1.55662|2.25701|1.72172|1.30673|3.296|0.01178|0.273467|3.32264|0.663963|4.36593|1.44936|0.495993|5.30103|5.03831,30.2686|24.4191|13.2112|34.0839|89.2299|63.0993|70.8805|27.3217|49.6282|76.7594|67.5745|18.2346|54.7186|56.2706|32.2763|27.3162|81.3396|99.595|65.9961,0.203801|0.165933|0.192459|0.241671|0.165795|0.235942|0.182862|0.222856|0.239823|0.188216|0.237043|0.245477|0.216167|0.202376|0.181751|0.234286|0.190026|0.247994|0.164414,0.231522|0.813401|0.714952|0.885236|0.78117|0.935252|0.614221|0.120467|0.403226|0.933277|0.141763|0.99271|0.845754|0.428028|0.408588|0.288398|0.718603|0.395032|0.843193,0.823926,0.95139,0.0501489,0.117049,0.421933,0.504875,0.0617885,0.490527,0.190703,0.903761,75.0845,2.21625e-10,46823,0.876134,54.7023,1.84253e-11,19749,0.862527,0.834378,0.0578779,0.973354,0.582731,0.492938,0.169781,0.516908,0.130486,0.880588,73.1261,1.75166e-13,58607,0.898519,78.1077,8.52274e-10,81618
7,186,n1->n11->n21->n31->n41->n51->n52->n42->n43->n33->n23->n13->n3->n4->n5->n6->n7->n8->n9->n10,3.00404e+13|1.20939e+11|9.90425e+12|1.0619e+09|8.60797e+12|4.50807e+10|7.73319e+09|1.03093e+13|4.25913e+09|2.00146e+11|2.96172e+12|9.91228e+12|2.51637e+13|5.19663e+13|5.16898e+10|2.5768e+13|6.61732e+12|3.56515e+09|5.76717e+13|1.84599e+12,4.34899e+12|1.2827e+10|5.08175e+12|4.60453e+08|4.47275e+12|2.50225e+10|1.47389e+09|3.20768e+12|9.83012e+08|8.83508e+10|1.84325e+12|5.06921e+12|1.20723e+13|3.73718e+13|1.84025e+10|1.13857e+13|1.34423e+12|2.20969e+09|4.50387e+13|5.88715e+11,2.20593e-05|3.68162e-05|0.00038331|1.64296e-05|1.01833e-05|0.000131517|1.80148e-05|0.000285699|2.7971e-05|4.41209e-05|0.000180222|2.59449e-05|0.000235236|4.65401e-05|0.000380256|0.00033585|4.39527e-05|0.000765253|0.000204857|6.01787e-05,0.00633895|0.000290726|0.000195522|0.000906769|0.000113109|0.00153199|0.000266067|0.00317253|0.00115348|0.00789851|0.00771594|0.00730137|0.00100075|0.000153837|0.000293754|0.00369855|0.000669129|0.000152009|0.00126725|0.00101454,0.0242308|0.0396791|0.0338837|0.0130158|0.00975166|0.0238713|0.0390965|0.0253382|0.0189194|0.0489836|0.0401254|0.0202101|0.0318488|0.0140069|0.0482045|0.021023|0.043186|0.00764741|0.0459616|0.0261239,0.0186446|0.0224647|0.0368511|0.0196191|0.00280605|0.0300131|0.0274918|0.0462681|0.0240225|0.00598368|0.0200103|0.0443805|0.014719|0.0421418|0.0296199|0.0399306|0.0011028|0.0487049|0.032776|0.0180416,0.952597|0.92663|0.928497|0.951022|0.950478|0.912887|0.902246|0.994073|0.972503|0.932663|0.990327|0.957486|0.908437|0.962302|0.90075|0.989066|0.941223|0.918796|0.962548|0.942571,6.1663|5.09381|5.49513|0.0908807|0.248985|2.56886|4.95445|2.25701|1.72172|1.30673|3.296|3.30965|5.20069|6.07392|0.158043|1.08178|4.27287|0.495993|5.30103|5.03831,30.2686|65.1286|89.2299|64.4551|23.0914|43.4967|93.5115|27.3217|49.6282|76.7594|51.9585|83.9106|10.4739|81.7362|37.2729|32.9383|55.4093|99.595|65.9961,0.203801|0.213744|0.165795|0.19083|0.195967|0.204212|0.229902|0.222856|0.239823|0.188216|0.186587|0.200225|0.174627|0.162628|0.182098|0.172139|0.248326|0.247994|0.164414,0.231522|0.918405|0.78117|0.678193|0.850144|0.935185|0.556299|0.120467|0.403226|0.933277|0.544273|0.417051|0.966142|0.858929|0.770624|0.198275|0.993536|0.395032|0.843193,0.823926,0.95139,0.0501489,0.117049,0.421933,0.504875,0.0617885,0.490527,0.190703,0.903761,75.0845,2.21625e-10,46823,0.876134,54.7023,1.84253e-11,19749,0.862527,0.834378,0.0578779,0.973354,0.582731,0.492938,0.169781,0.516908,0.130486,0.880588,73.1261,1.75166e-13,58607,0.898519,78.1077,8.52274e-10,81618
7,187,n1->n11->n12->n13->n3->n4->n14->n24->n25->n26->n27->n37->n47->n48->n38->n39->n40->n30->n20->n10,3.00404e+13|1.20939e+11|1.24762e+09|9.91228e+12|2.51637e+13|5.19663e+13|6.27509e+09|1.29684e+09|1.74625e+13|2.27804e+13|4.805e+11|4.77368e+09|9.49941e+11|6.68866e+11|1.44427e+09|5.60545e+09|2.45276e+11|5.19288e+10|5.12291e+10|1.84599e+12,4.34899e+12|1.2827e+10|1.86352e+08|5.06921e+12|1.20723e+13|3.73718e+13|5.15166e+09|2.35993e+08|4.01821e+12|6.51734e+12|5.39868e+10|1.93676e+09|1.20036e+11|8.02428e+10|9.65742e+08|1.27972e+09|6.45185e+10|5.81696e+09|1.63614e+10|5.88715e+11,2.20593e-05|3.68162e-05|0.000450723|2.59449e-05|0.000235236|4.65401e-05|0.000129815|0.00017517|1.90685e-05|1.42553e-05|3.96201e-05|0.000357893|3.46608e-05|1.60622e-05|0.000102797|2.14097e-05|1.80824e-05|4.02418e-05|0.000310364|6.01787e-05,0.00633895|0.000290726|0.00126271|0.00730137|0.00100075|0.000153837|0.000102845|0.000205887|0.000751332|0.00351282|0.00945776|0.00538311|0.00214309|0.00864971|0.000450056|0.000168176|0.0001196|0.00647396|0.0012652|0.00101454,0.0242308|0.0396791|0.0386825|0.0202101|0.0318488|0.0140069|0.000914227|0.0292034|0.0243089|0.0330077|0.0331096|0.0123118|0.0199273|0.0339617|0.000571455|0.0138154|0.00177294|0.020557|0.0371796|0.0261239,0.0186446|0.0224647|0.0419088|0.0443805|0.014719|0.0421418|0.0388816|0.0180799|0.0318701|0.0324719|0.0209467|0.00637154|0.0210731|0.0376235|0.00176637|0.0274754|0.017509|0.0432333|0.0330818|0.0180416,0.952597|0.92663|0.989487|0.957486|0.908437|0.962302|0.915384|0.950767|0.949833|0.940557|0.921124|0.974204|0.975803|0.964198|0.975299|0.919951|0.968286|0.948323|0.957813|0.942571,6.1663|5.09381|0.398509|3.30965|5.20069|6.07392|3.76198|0.01178|0.273467|2.57923|4.68229|1.61194|6.18587|1.12857|3.07691|2.15935|0.824701|3.24827|4.08186|5.03831,30.2686|24.4191|13.9548|83.9106|10.4739|52.1141|66.6304|18.2346|55.6995|42.5138|44.8869|88.6669|13.4252|21.8454|69.5993|86.0567|98.0873|23.9015|29.3778,0.203801|0.165933|0.170437|0.200225|0.174627|0.216325|0.19366|0.245477|0.203915|0.196406|0.174392|0.19406|0.228854|0.197866|0.219101|0.21207|0.161203|0.202276|0.230351,0.231522|0.813401|0.374611|0.417051|0.966142|0.474765|0.634426|0.99271|0.192082|0.171578|0.453078|0.651566|0.793762|0.593432|0.845448|0.380841|0.518858|0.867602|0.451282,0.823926,0.95139,0.0501489,0.117049,0.421933,0.504875,0.0617885,0.490527,0.190703,0.903761,75.0845,2.21625e-10,46823,0.876134,54.7023,1.84253e-11,19749,0.862527,0.834378,0.0578779,0.973354,0.582731,0.492938,0.169781,0.516908,0.130486,0.880588,73.1261,1.75166e-13,58607,0.898519,78.1077,8.52274e-10,81618
7,188,n1->n11->n21->n31->n41->n51->n52->n53->n54->n44->n45->n35->n36->n26->n27->n28->n18->n19->n20->n10,3.00404e+13|1.20939e+11|9.90425e+12|1.0619e+09|8.60797e+12|4.50807e+10|7.73319e+09|3.52648e+13|2.07572e+13|4.86826e+11|6.86583e+11|2.39604e+09|8.46195e+13|2.27804e+13|4.805e+11|2.00194e+10|5.54701e+12|3.60508e+09|5.12291e+10|1.84599e+12,4.34899e+12|1.2827e+10|5.08175e+12|4.60453e+08|4.47275e+12|2.50225e+10|1.47389e+09|2.67776e+13|1.28719e+13|1.05326e+11|1.73052e+11|1.08654e+09|1.28753e+13|6.51734e+12|5.39868e+10|2.90952e+09|1.02041e+12|3.20505e+09|1.63614e+10|5.88715e+11,2.20593e-05|3.68162e-05|0.00038331|1.64296e-05|1.01833e-05|0.000131517|1.80148e-05|0.000442623|0.000356121|0.000371468|0.000244418|8.19889e-05|1.79749e-05|1.42553e-05|3.96201e-05|2.03718e-05|0.000192357|1.67639e-05|0.000310364|6.01787e-05,0.00633895|0.000290726|0.000195522|0.000906769|0.000113109|0.00153199|0.000266067|0.0096479|0.00620243|0.0019014|0.00516638|0.00238577|0.00287041|0.00351282|0.00945776|0.00287426|0.000119135|0.000326693|0.0012652|0.00101454,0.0242308|0.0396791|0.0338837|0.0130158|0.00975166|0.0238713|0.0390965|0.0293201|0.0192095|0.000425237|0.0389372|0.029848|0.0388718|0.0330077|0.0331096|0.0321405|0.00984451|0.0091317|0.0371796|0.0261239,0.0186446|0.0224647|0.0368511|0.0196191|0.00280605|0.0300131|0.0274918|0.0481294|0.0200027|0.0330026|0.027269|0.0444626|0.0336137|0.0324719|0.0209467|0.0034903|0.046614|0.000373191|0.0330818|0.0180416,0.952597|0.92663|0.928497|0.951022|0.950478|0.912887|0.902246|0.99014|0.960805|0.916165|0.968656|0.906364|0.973739|0.940557|0.921124|0.910929|0.970227|0.929843|0.957813|0.942571,6.1663|5.09381|5.49513|0.0908807|0.248985|2.56886|4.95445|1.96814|4.63576|4.552|2.6007|2.19659|4.35878|2.57923|4.68229|3.98258|1.44936|6.12095|4.08186|5.03831,30.2686|65.1286|89.2299|64.4551|23.0914|43.4967|21.0603|69.1985|67.7415|89.5651|97.1045|18.7034|63.8366|42.5138|15.3326|43.2583|28.0546|10.3361|29.3778,0.203801|0.213744|0.165795|0.19083|0.195967|0.204212|0.239801|0.216655|0.21452|0.248473|0.202283|0.172208|0.196472|0.196406|0.223307|0.248634|0.195276|0.223504|0.230351,0.231522|0.918405|0.78117|0.678193|0.850144|0.935185|0.835982|0.860365|0.162892|0.683838|0.577126|0.710372|0.879572|0.171578|0.17421|0.201747|0.486895|0.865166|0.451282,0.823926,0.95139,0.0501489,0.117049,0.421933,0.504875,0.0617885,0.490527,0.190703,0.903761,75.0845,2.21625e-10,46823,0.876134,54.7023,1.84253e-11,19749,0.862527,0.834378,0.0578779,0.973354,0.582731,0.492938,0.169781,0.516908,0.130486,0.880588,73.1261,1.75166e-13,58607,0.898519,78.1077,8.52274e-10,81618
7,189,n1->n2->n12->n11->n21->n31->n41->n42->n43->n33->n23->n24->n14->n15->n5->n6->n7->n8->n9->n10,3.00404e+13|3.30326e+11|1.24762e+09|1.20939e+11|9.90425e+12|1.0619e+09|8.60797e+12|1.03093e+13|4.25913e+09|2.00146e+11|2.96172e+12|1.29684e+09|6.27509e+09|2.54337e+12|5.16898e+10|2.5768e+13|6.61732e+12|3.56515e+09|5.76717e+13|1.84599e+12,4.34899e+12|4.87974e+10|1.86352e+08|1.2827e+10|5.08175e+12|4.60453e+08|4.47275e+12|3.20768e+12|9.83012e+08|8.83508e+10|1.84325e+12|2.35993e+08|5.15166e+09|4.83922e+11|1.84025e+10|1.13857e+13|1.34423e+12|2.20969e+09|4.50387e+13|5.88715e+11,2.20593e-05|0.000150149|0.000450723|3.68162e-05|0.00038331|1.64296e-05|1.01833e-05|0.000285699|2.7971e-05|4.41209e-05|0.000180222|0.00017517|0.000129815|0.000137603|0.000380256|0.00033585|4.39527e-05|0.000765253|0.000204857|6.01787e-05,0.00633895|0.00466227|0.00126271|0.000290726|0.000195522|0.000906769|0.000113109|0.00317253|0.00115348|0.00789851|0.00771594|0.000205887|0.000102845|0.000302355|0.000293754|0.00369855|0.000669129|0.000152009|0.00126725|0.00101454,0.0242308|0.0466207|0.0386825|0.0396791|0.0338837|0.0130158|0.00975166|0.0253382|0.0189194|0.0489836|0.0401254|0.0292034|0.000914227|0.0473158|0.0482045|0.021023|0.043186|0.00764741|0.0459616|0.0261239,0.0186446|0.0412655|0.0419088|0.0224647|0.0368511|0.0196191|0.00280605|0.0462681|0.0240225|0.00598368|0.0200103|0.0180799|0.0388816|0.0430085|0.0296199|0.0399306|0.0011028|0.0487049|0.032776|0.0180416,0.952597|0.917952|0.989487|0.92663|0.928497|0.951022|0.950478|0.994073|0.972503|0.932663|0.990327|0.950767|0.915384|0.927364|0.90075|0.989066|0.941223|0.918796|0.962548|0.942571,6.1663|4.47725|0.398509|5.09381|5.49513|0.0908807|0.248985|2.25701|1.72172|1.30673|3.296|0.01178|3.76198|3.32264|0.158043|1.08178|4.27287|0.495993|5.30103|5.03831,79.8117|88.6198|24.4191|65.1286|89.2299|64.4551|61.2747|27.3217|49.6282|76.7594|67.5745|66.6304|92.5451|35.0583|37.2729|32.9383|55.4093|99.595|65.9961,0.206816|0.186425|0.165933|0.213744|0.165795|0.19083|0.216723|0.222856|0.239823|0.188216|0.237043|0.19366|0.162606|0.245093|0.182098|0.172139|0.248326|0.247994|0.164414,0.332644|0.549125|0.813401|0.918405|0.78117|0.678193|0.619343|0.120467|0.403226|0.933277|0.141763|0.634426|0.327689|0.442729|0.770624|0.198275|0.993536|0.395032|0.843193,0.823926,0.95139,0.0501489,0.117049,0.421933,0.504875,0.0617885,0.490527,0.190703,0.903761,75.0845,2.21625e-10,46823,0.876134,54.7023,1.84253e-11,19749,0.862527,0.834378,0.0578779,0.973354,0.582731,0.492938,0.169781,0.516908,0.130486,0.880588,73.1261,1.75166e-13,58607,0.898519,78.1077,8.52274e-10,81618
7,190,n1->n11->n12->n13->n23->n24->n25->n15->n14->n4->n5->n6->n7->n17->n18->n8->n9->n19->n20->n10,3.00404e+13|1.20939e+11|1.24762e+09|9.91228e+12|2.96172e+12|1.29684e+09|1.74625e+13|2.54337e+12|6.27509e+09|5.19663e+13|5.16898e+10|2.5768e+13|6.61732e+12|1.22319e+12|5.54701e+12|3.56515e+09|5.76717e+13|3.60508e+09|5.12291e+10|1.84599e+12,4.34899e+12|1.2827e+10|1.86352e+08|5.06921e+12|1.84325e+12|2.35993e+08|4.01821e+12|4.83922e+11|5.15166e+09|3.73718e+13|1.84025e+10|1.13857e+13|1.34423e+12|2.83908e+11|1.02041e+12|2.20969e+09|4.50387e+13|3.20505e+09|1.63614e+10|5.88715e+11,2.20593e-05|3.68162e-05|0.000450723|2.59449e-05|0.000180222|0.00017517|1.90685e-05|0.000137603|0.000129815|4.65401e-05|0.000380256|0.00033585|4.39527e-05|0.000861533|0.000192357|0.000765253|0.000204857|1.67639e-05|0.000310364|6.01787e-05,0.00633895|0.000290726|0.00126271|0.00730137|0.00771594|0.000205887|0.000751332|0.000302355|0.000102845|0.000153837|0.000293754|0.00369855|0.000669129|0.000677358|0.000119135|0.000152009|0.00126725|0.000326693|0.0012652|0.00101454,0.0242308|0.0396791|0.0386825|0.0202101|0.0401254|0.0292034|0.0243089|0.0473158|0.000914227|0.0140069|0.0482045|0.021023|0.043186|0.00680938|0.00984451|0.00764741|0.0459616|0.0091317|0.0371796|0.0261239,0.0186446|0.0224647|0.0419088|0.0443805|0.0200103|0.0180799|0.0318701|0.0430085|0.0388816|0.0421418|0.0296199|0.0399306|0.0011028|0.0417|0.046614|0.0487049|0.032776|0.000373191|0.0330818|0.0180416,0.952597|0.92663|0.989487|0.957486|0.990327|0.950767|0.949833|0.927364|0.915384|0.962302|0.90075|0.989066|0.941223|0.977982|0.970227|0.918796|0.962548|0.929843|0.957813|0.942571,6.1663|5.09381|0.398509|3.30965|3.296|0.01178|0.273467|3.32264|3.76198|6.07392|0.158043|1.08178|4.27287|4.36593|1.44936|0.495993|5.30103|6.12095|4.08186|5.03831,30.2686|24.4191|13.9548|51.9585|67.5745|18.2346|54.7186|92.5451|52.1141|81.7362|37.2729|32.9383|59.8148|27.3162|81.3396|99.595|99.0064|10.3361|29.3778,0.203801|0.165933|0.170437|0.186587|0.237043|0.245477|0.216167|0.162606|0.216325|0.162628|0.182098|0.172139|0.230578|0.234286|0.190026|0.247994|0.249757|0.223504|0.230351,0.231522|0.813401|0.374611|0.544273|0.141763|0.99271|0.845754|0.327689|0.474765|0.858929|0.770624|0.198275|0.245965|0.288398|0.718603|0.395032|0.797563|0.865166|0.451282,0.823926,0.95139,0.0501489,0.117049,0.421933,0.504875,0.0617885,0.490527,0.190703,0.903761,75.0845,2.21625e-10,46823,0.876134,54.7023,1.84253e-11,19749,0.862527,0.834378,0.0578779,0.973354,0.582731,0.492938,0.169781,0.516908,0.130486,0.880588,73.1261,1.75166e-13,58607,0.898519,78.1077,8.52274e-10,81618
7,191,n1->n11->n12->n2->n3->n13->n23->n33->n34->n35->n45->n46->n36->n26->n16->n17->n18->n8->n9->n10,3.00404e+13|1.20939e+11|1.24762e+09|3.30326e+11|2.51637e+13|9.91228e+12|2.96172e+12|2.00146e+11|8.58911e+09|2.39604e+09|6.86583e+11|8.81314e+12|8.46195e+13|2.27804e+13|3.1854e+11|1.22319e+12|5.54701e+12|3.56515e+09|5.76717e+13|1.84599e+12,4.34899e+12|1.2827e+10|1.86352e+08|4.87974e+10|1.20723e+13|5.06921e+12|1.84325e+12|8.83508e+10|2.66028e+09|1.08654e+09|1.73052e+11|5.94542e+12|1.28753e+13|6.51734e+12|2.90528e+11|2.83908e+11|1.02041e+12|2.20969e+09|4.50387e+13|5.88715e+11,2.20593e-05|3.68162e-05|0.000450723|0.000150149|0.000235236|2.59449e-05|0.000180222|4.41209e-05|0.00013417|8.19889e-05|0.000244418|1.88186e-05|1.79749e-05|1.42553e-05|6.13843e-05|0.000861533|0.000192357|0.000765253|0.000204857|6.01787e-05,0.00633895|0.000290726|0.00126271|0.00466227|0.00100075|0.00730137|0.00771594|0.00789851|0.000710075|0.00238577|0.00516638|0.00029927|0.00287041|0.00351282|0.00133185|0.000677358|0.000119135|0.000152009|0.00126725|0.00101454,0.0242308|0.0396791|0.0386825|0.0466207|0.0318488|0.0202101|0.0401254|0.0489836|0.0136277|0.029848|0.0389372|0.0134994|0.0388718|0.0330077|0.0464353|0.00680938|0.00984451|0.00764741|0.0459616|0.0261239,0.0186446|0.0224647|0.0419088|0.0412655|0.014719|0.0443805|0.0200103|0.00598368|0.0139311|0.0444626|0.027269|0.00830409|0.0336137|0.0324719|0.00814055|0.0417|0.046614|0.0487049|0.032776|0.0180416,0.952597|0.92663|0.989487|0.917952|0.908437|0.957486|0.990327|0.932663|0.994252|0.906364|0.968656|0.937291|0.973739|0.940557|0.952296|0.977982|0.970227|0.918796|0.962548|0.942571,6.1663|5.09381|0.398509|4.47725|5.20069|3.30965|3.296|1.30673|5.80364|2.19659|2.6007|1.21286|4.35878|2.57923|0.663963|4.36593|1.44936|0.495993|5.30103|5.03831,30.2686|24.4191|88.6198|37.015|83.9106|51.9585|76.7594|23.5709|31.5608|97.1045|61.2725|70.4589|63.8366|11.0615|32.2763|27.3162|81.3396|99.595|65.9961,0.203801|0.165933|0.186425|0.210886|0.200225|0.186587|0.188216|0.175455|0.2299|0.202283|0.185139|0.164624|0.196472|0.223443|0.181751|0.234286|0.190026|0.247994|0.164414,0.231522|0.813401|0.549125|0.320755|0.417051|0.544273|0.933277|0.947109|0.185954|0.577126|0.502277|0.641051|0.879572|0.800147|0.408588|0.288398|0.718603|0.395032|0.843193,0.823926,0.95139,0.0501489,0.117049,0.421933,0.504875,0.0617885,0.490527,0.190703,0.903761,75.0845,2.21625e-10,46823,0.876134,54.7023,1.84253e-11,19749,0.862527,0.834378,0.0578779,0.973354,0.582731,0.492938,0.169781,0.516908,0.130486,0.880588,73.1261,1.75166e-13,58607,0.898519,78.1077,8.52274e-10,81618
7,192,n1->n11->n12->n22->n32->n42->n43->n44->n34->n33->n23->n24->n14->n4->n5->n6->n7->n8->n9->n10,3.00404e+13|1.20939e+11|1.24762e+09|3.33855e+10|2.648e+10|1.03093e+13|4.25913e+09|4.86826e+11|8.58911e+09|2.00146e+11|2.96172e+12|1.29684e+09|6.27509e+09|5.19663e+13|5.16898e+10|2.5768e+13|6.61732e+12|3.56515e+09|5.76717e+13|1.84599e+12,4.34899e+12|1.2827e+10|1.86352e+08|5.85316e+09|2.58541e+10|3.20768e+12|9.83012e+08|1.05326e+11|2.66028e+09|8.83508e+10|1.84325e+12|2.35993e+08|5.15166e+09|3.73718e+13|1.84025e+10|1.13857e+13|1.34423e+12|2.20969e+09|4.50387e+13|5.88715e+11,2.20593e-05|3.68162e-05|0.000450723|0.000542243|1.30256e-05|0.000285699|2.7971e-05|0.000371468|0.00013417|4.41209e-05|0.000180222|0.00017517|0.000129815|4.65401e-05|0.000380256|0.00033585|4.39527e-05|0.000765253|0.000204857|6.01787e-05,0.00633895|0.000290726|0.00126271|0.000311917|0.000435298|0.00317253|0.00115348|0.0019014|0.000710075|0.00789851|0.00771594|0.000205887|0.000102845|0.000153837|0.000293754|0.00369855|0.000669129|0.000152009|0.00126725|0.00101454,0.0242308|0.0396791|0.0386825|0.0207751|0.0160711|0.0253382|0.0189194|0.000425237|0.0136277|0.0489836|0.0401254|0.0292034|0.000914227|0.0140069|0.0482045|0.021023|0.043186|0.00764741|0.0459616|0.0261239,0.0186446|0.0224647|0.0419088|0.0183961|0.0189693|0.0462681|0.0240225|0.0330026|0.0139311|0.00598368|0.0200103|0.0180799|0.0388816|0.0421418|0.0296199|0.0399306|0.0011028|0.0487049|0.032776|0.0180416,0.952597|0.92663|0.989487|0.985316|0.965054|0.994073|0.972503|0.916165|0.994252|0.932663|0.990327|0.950767|0.915384|0.962302|0.90075|0.989066|0.941223|0.918796|0.962548|0.942571,6.1663|5.09381|0.398509|2.86033|1.55662|2.25701|1.72172|4.552|5.80364|1.30673|3.296|0.01178|3.76198|6.07392|0.158043|1.08178|4.27287|0.495993|5.30103|5.03831,30.2686|24.4191|13.2112|86.2435|70.8805|27.3217|59.7094|46.2248|23.5709|76.7594|67.5745|66.6304|52.1141|81.7362|37.2729|32.9383|55.4093|99.595|65.9961,0.203801|0.165933|0.192459|0.214079|0.182862|0.222856|0.191232|0.226632|0.175455|0.188216|0.237043|0.19366|0.216325|0.162628|0.182098|0.172139|0.248326|0.247994|0.164414,0.231522|0.813401|0.714952|0.140505|0.614221|0.120467|0.754196|0.354213|0.947109|0.933277|0.141763|0.634426|0.474765|0.858929|0.770624|0.198275|0.993536|0.395032|0.843193,0.823926,0.95139,0.0501489,0.117049,0.421933,0.504875,0.0617885,0.490527,0.190703,0.903761,75.0845,2.21625e-10,46823,0.876134,54.7023,1.84253e-11,19749,0.862527,0.834378,0.0578779,0.973354,0.582731,0.492938,0.169781,0.516908,0.130486,0.880588,73.1261,1.75166e-13,58607,0.898519,78.1077,8.52274e-10,81618
7,193,n1->n11->n12->n22->n32->n33->n34->n44->n45->n35->n25->n26->n27->n17->n18->n28->n29->n30->n20->n10,3.00404e+13|1.20939e+11|1.24762e+09|3.33855e+10|2.648e+10|2.00146e+11|8.58911e+09|4.86826e+11|6.86583e+11|2.39604e+09|1.74625e+13|2.27804e+13|4.805e+11|1.22319e+12|5.54701e+12|2.00194e+10|7.17101e+11|5.19288e+10|5.12291e+10|1.84599e+12,4.34899e+12|1.2827e+10|1.86352e+08|5.85316e+09|2.58541e+10|8.83508e+10|2.66028e+09|1.05326e+11|1.73052e+11|1.08654e+09|4.01821e+12|6.51734e+12|5.39868e+10|2.83908e+11|1.02041e+12|2.90952e+09|3.48e+11|5.81696e+09|1.63614e+10|5.88715e+11,2.20593e-05|3.68162e-05|0.000450723|0.000542243|1.30256e-05|4.41209e-05|0.00013417|0.000371468|0.000244418|8.19889e-05|1.90685e-05|1.42553e-05|3.96201e-05|0.000861533|0.000192357|2.03718e-05|2.27027e-05|4.02418e-05|0.000310364|6.01787e-05,0.00633895|0.000290726|0.00126271|0.000311917|0.000435298|0.00789851|0.000710075|0.0019014|0.00516638|0.00238577|0.000751332|0.00351282|0.00945776|0.000677358|0.000119135|0.00287426|0.00283907|0.00647396|0.0012652|0.00101454,0.0242308|0.0396791|0.0386825|0.0207751|0.0160711|0.0489836|0.0136277|0.000425237|0.0389372|0.029848|0.0243089|0.0330077|0.0331096|0.00680938|0.00984451|0.0321405|0.0468048|0.020557|0.0371796|0.0261239,0.0186446|0.0224647|0.0419088|0.0183961|0.0189693|0.00598368|0.0139311|0.0330026|0.027269|0.0444626|0.0318701|0.0324719|0.0209467|0.0417|0.046614|0.0034903|0.0300525|0.0432333|0.0330818|0.0180416,0.952597|0.92663|0.989487|0.985316|0.965054|0.932663|0.994252|0.916165|0.968656|0.906364|0.949833|0.940557|0.921124|0.977982|0.970227|0.910929|0.918632|0.948323|0.957813|0.942571,6.1663|5.09381|0.398509|2.86033|1.55662|1.30673|5.80364|4.552|2.6007|2.19659|0.273467|2.57923|4.68229|4.36593|1.44936|3.98258|4.2697|3.24827|4.08186|5.03831,30.2686|24.4191|13.2112|86.2435|67.4197|23.5709|46.2248|89.5651|97.1045|88.4205|55.6995|42.5138|72.2829|27.3162|43.2583|39.0733|83.4704|23.9015|29.3778,0.203801|0.165933|0.192459|0.214079|0.180414|0.175455|0.226632|0.248473|0.202283|0.238528|0.203915|0.196406|0.208534|0.234286|0.248634|0.169124|0.230925|0.202276|0.230351,0.231522|0.813401|0.714952|0.140505|0.604192|0.947109|0.354213|0.683838|0.577126|0.604484|0.192082|0.171578|0.91001|0.288398|0.201747|0.940637|0.431565|0.867602|0.451282,0.823926,0.95139,0.0501489,0.117049,0.421933,0.504875,0.0617885,0.490527,0.190703,0.903761,75.0845,2.21625e-10,46823,0.876134,54.7023,1.84253e-11,19749,0.862527,0.834378,0.0578779,0.973354,0.582731,0.492938,0.169781,0.516908,0.130486,0.880588,73.1261,1.75166e-13,58607,0.898519,78.1077,8.52274e-10,81618
7,194,n1->n2->n12->n11->n21->n22->n32->n33->n23->n13->n3->n4->n14->n15->n16->n6->n7->n8->n9->n10,3.00404e+13|3.30326e+11|1.24762e+09|1.20939e+11|9.90425e+12|3.33855e+10|2.648e+10|2.00146e+11|2.96172e+12|9.91228e+12|2.51637e+13|5.19663e+13|6.27509e+09|2.54337e+12|3.1854e+11|2.5768e+13|6.61732e+12|3.56515e+09|5.76717e+13|1.84599e+12,4.34899e+12|4.87974e+10|1.86352e+08|1.2827e+10|5.08175e+12|5.85316e+09|2.58541e+10|8.83508e+10|1.84325e+12|5.06921e+12|1.20723e+13|3.73718e+13|5.15166e+09|4.83922e+11|2.90528e+11|1.13857e+13|1.34423e+12|2.20969e+09|4.50387e+13|5.88715e+11,2.20593e-05|0.000150149|0.000450723|3.68162e-05|0.00038331|0.000542243|1.30256e-05|4.41209e-05|0.000180222|2.59449e-05|0.000235236|4.65401e-05|0.000129815|0.000137603|6.13843e-05|0.00033585|4.39527e-05|0.000765253|0.000204857|6.01787e-05,0.00633895|0.00466227|0.00126271|0.000290726|0.000195522|0.000311917|0.000435298|0.00789851|0.00771594|0.00730137|0.00100075|0.000153837|0.000102845|0.000302355|0.00133185|0.00369855|0.000669129|0.000152009|0.00126725|0.00101454,0.0242308|0.0466207|0.0386825|0.0396791|0.0338837|0.0207751|0.0160711|0.0489836|0.0401254|0.0202101|0.0318488|0.0140069|0.000914227|0.0473158|0.0464353|0.021023|0.043186|0.00764741|0.0459616|0.0261239,0.0186446|0.0412655|0.0419088|0.0224647|0.0368511|0.0183961|0.0189693|0.00598368|0.0200103|0.0443805|0.014719|0.0421418|0.0388816|0.0430085|0.00814055|0.0399306|0.0011028|0.0487049|0.032776|0.0180416,0.952597|0.917952|0.989487|0.92663|0.928497|0.985316|0.965054|0.932663|0.990327|0.957486|0.908437|0.962302|0.915384|0.927364|0.952296|0.989066|0.941223|0.918796|0.962548|0.942571,6.1663|4.47725|0.398509|5.09381|5.49513|2.86033|1.55662|1.30673|3.296|3.30965|5.20069|6.07392|3.76198|3.32264|0.663963|1.08178|4.27287|0.495993|5.30103|5.03831,79.8117|88.6198|24.4191|65.1286|34.0839|86.2435|67.4197|76.7594|51.9585|83.9106|10.4739|52.1141|92.5451|56.2706|50.0569|32.9383|55.4093|99.595|65.9961,0.206816|0.186425|0.165933|0.213744|0.241671|0.214079|0.180414|0.188216|0.186587|0.200225|0.174627|0.216325|0.162606|0.202376|0.160573|0.172139|0.248326|0.247994|0.164414,0.332644|0.549125|0.813401|0.918405|0.885236|0.140505|0.604192|0.933277|0.544273|0.417051|0.966142|0.474765|0.327689|0.428028|0.76956|0.198275|0.993536|0.395032|0.843193,0.823926,0.95139,0.0501489,0.117049,0.421933,0.504875,0.0617885,0.490527,0.190703,0.903761,75.0845,2.21625e-10,46823,0.876134,54.7023,1.84253e-11,19749,0.862527,0.834378,0.0578779,0.973354,0.582731,0.492938,0.169781,0.516908,0.130486,0.880588,73.1261,1.75166e-13,58607,0.898519,78.1077,8.52274e-10,81618
7,195,n1->n2->n3->n4->n5->n6->n7->n17->n16->n26->n27->n37->n38->n48->n49->n39->n29->n19->n20->n10,3.00404e+13|3.30326e+11|2.51637e+13|5.19663e+13|5.16898e+10|2.5768e+13|6.61732e+12|1.22319e+12|3.1854e+11|2.27804e+13|4.805e+11|4.77368e+09|1.44427e+09|6.68866e+11|1.74506e+11|5.60545e+09|7.17101e+11|3.60508e+09|5.12291e+10|1.84599e+12,4.34899e+12|4.87974e+10|1.20723e+13|3.73718e+13|1.84025e+10|1.13857e+13|1.34423e+12|2.83908e+11|2.90528e+11|6.51734e+12|5.39868e+10|1.93676e+09|9.65742e+08|8.02428e+10|1.0962e+11|1.27972e+09|3.48e+11|3.20505e+09|1.63614e+10|5.88715e+11,2.20593e-05|0.000150149|0.000235236|4.65401e-05|0.000380256|0.00033585|4.39527e-05|0.000861533|6.13843e-05|1.42553e-05|3.96201e-05|0.000357893|0.000102797|1.60622e-05|0.000540413|2.14097e-05|2.27027e-05|1.67639e-05|0.000310364|6.01787e-05,0.00633895|0.00466227|0.00100075|0.000153837|0.000293754|0.00369855|0.000669129|0.000677358|0.00133185|0.00351282|0.00945776|0.00538311|0.000450056|0.00864971|0.000298312|0.000168176|0.00283907|0.000326693|0.0012652|0.00101454,0.0242308|0.0466207|0.0318488|0.0140069|0.0482045|0.021023|0.043186|0.00680938|0.0464353|0.0330077|0.0331096|0.0123118|0.000571455|0.0339617|0.0297981|0.0138154|0.0468048|0.0091317|0.0371796|0.0261239,0.0186446|0.0412655|0.014719|0.0421418|0.0296199|0.0399306|0.0011028|0.0417|0.00814055|0.0324719|0.0209467|0.00637154|0.00176637|0.0376235|0.0078551|0.0274754|0.0300525|0.000373191|0.0330818|0.0180416,0.952597|0.917952|0.908437|0.962302|0.90075|0.989066|0.941223|0.977982|0.952296|0.940557|0.921124|0.974204|0.975299|0.964198|0.991036|0.919951|0.918632|0.929843|0.957813|0.942571,6.1663|4.47725|5.20069|6.07392|0.158043|1.08178|4.27287|4.36593|0.663963|2.57923|4.68229|1.61194|3.07691|1.12857|1.58465|2.15935|4.2697|6.12095|4.08186|5.03831,79.8117|37.015|10.4739|81.7362|37.2729|32.9383|59.8148|32.2763|11.0615|42.5138|44.8869|37.0378|21.8454|52.0957|95.0453|44.1502|84.7043|10.3361|29.3778,0.206816|0.210886|0.174627|0.162628|0.182098|0.172139|0.230578|0.181751|0.223443|0.196406|0.174392|0.216148|0.197866|0.222747|0.164844|0.182038|0.173571|0.223504|0.230351,0.332644|0.320755|0.966142|0.858929|0.770624|0.198275|0.245965|0.408588|0.800147|0.171578|0.453078|0.142457|0.593432|0.97181|0.103803|0.612986|0.743008|0.865166|0.451282,0.823926,0.95139,0.0501489,0.117049,0.421933,0.504875,0.0617885,0.490527,0.190703,0.903761,75.0845,2.21625e-10,46823,0.876134,54.7023,1.84253e-11,19749,0.862527,0.834378,0.0578779,0.973354,0.582731,0.492938,0.169781,0.516908,0.130486,0.880588,73.1261,1.75166e-13,58607,0.898519,78.1077,8.52274e-10,81618
7,196,n1->n11->n21->n31->n32->n33->n23->n22->n12->n13->n3->n4->n14->n15->n5->n6->n7->n8->n9->n10,3.00404e+13|1.20939e+11|9.90425e+12|1.0619e+09|2.648e+10|2.00146e+11|2.96172e+12|3.33855e+10|1.24762e+09|9.91228e+12|2.51637e+13|5.19663e+13|6.27509e+09|2.54337e+12|5.16898e+10|2.5768e+13|6.61732e+12|3.56515e+09|5.76717e+13|1.84599e+12,4.34899e+12|1.2827e+10|5.08175e+12|4.60453e+08|2.58541e+10|8.83508e+10|1.84325e+12|5.85316e+09|1.86352e+08|5.06921e+12|1.20723e+13|3.73718e+13|5.15166e+09|4.83922e+11|1.84025e+10|1.13857e+13|1.34423e+12|2.20969e+09|4.50387e+13|5.88715e+11,2.20593e-05|3.68162e-05|0.00038331|1.64296e-05|1.30256e-05|4.41209e-05|0.000180222|0.000542243|0.000450723|2.59449e-05|0.000235236|4.65401e-05|0.000129815|0.000137603|0.000380256|0.00033585|4.39527e-05|0.000765253|0.000204857|6.01787e-05,0.00633895|0.000290726|0.000195522|0.000906769|0.000435298|0.00789851|0.00771594|0.000311917|0.00126271|0.00730137|0.00100075|0.000153837|0.000102845|0.000302355|0.000293754|0.00369855|0.000669129|0.000152009|0.00126725|0.00101454,0.0242308|0.0396791|0.0338837|0.0130158|0.0160711|0.0489836|0.0401254|0.0207751|0.0386825|0.0202101|0.0318488|0.0140069|0.000914227|0.0473158|0.0482045|0.021023|0.043186|0.00764741|0.0459616|0.0261239,0.0186446|0.0224647|0.0368511|0.0196191|0.0189693|0.00598368|0.0200103|0.0183961|0.0419088|0.0443805|0.014719|0.0421418|0.0388816|0.0430085|0.0296199|0.0399306|0.0011028|0.0487049|0.032776|0.0180416,0.952597|0.92663|0.928497|0.951022|0.965054|0.932663|0.990327|0.985316|0.989487|0.957486|0.908437|0.962302|0.915384|0.927364|0.90075|0.989066|0.941223|0.918796|0.962548|0.942571,6.1663|5.09381|5.49513|0.0908807|1.55662|1.30673|3.296|2.86033|0.398509|3.30965|5.20069|6.07392|3.76198|3.32264|0.158043|1.08178|4.27287|0.495993|5.30103|5.03831,30.2686|65.1286|89.2299|63.0993|67.4197|76.7594|55.8812|13.2112|13.9548|83.9106|10.4739|52.1141|92.5451|35.0583|37.2729|32.9383|55.4093|99.595|65.9961,0.203801|0.213744|0.165795|0.235942|0.180414|0.188216|0.242937|0.192459|0.170437|0.200225|0.174627|0.216325|0.162606|0.245093|0.182098|0.172139|0.248326|0.247994|0.164414,0.231522|0.918405|0.78117|0.935252|0.604192|0.933277|0.659214|0.714952|0.374611|0.417051|0.966142|0.474765|0.327689|0.442729|0.770624|0.198275|0.993536|0.395032|0.843193,0.823926,0.95139,0.0501489,0.117049,0.421933,0.504875,0.0617885,0.490527,0.190703,0.903761,75.0845,2.21625e-10,46823,0.876134,54.7023,1.84253e-11,19749,0.862527,0.834378,0.0578779,0.973354,0.582731,0.492938,0.169781,0.516908,0.130486,0.880588,73.1261,1.75166e-13,58607,0.898519,78.1077,8.52274e-10,81618
7,197,n1->n11->n12->n22->n32->n31->n41->n42->n43->n33->n34->n24->n14->n4->n5->n6->n7->n8->n9->n10,3.00404e+13|1.20939e+11|1.24762e+09|3.33855e+10|2.648e+10|1.0619e+09|8.60797e+12|1.03093e+13|4.25913e+09|2.00146e+11|8.58911e+09|1.29684e+09|6.27509e+09|5.19663e+13|5.16898e+10|2.5768e+13|6.61732e+12|3.56515e+09|5.76717e+13|1.84599e+12,4.34899e+12|1.2827e+10|1.86352e+08|5.85316e+09|2.58541e+10|4.60453e+08|4.47275e+12|3.20768e+12|9.83012e+08|8.83508e+10|2.66028e+09|2.35993e+08|5.15166e+09|3.73718e+13|1.84025e+10|1.13857e+13|1.34423e+12|2.20969e+09|4.50387e+13|5.88715e+11,2.20593e-05|3.68162e-05|0.000450723|0.000542243|1.30256e-05|1.64296e-05|1.01833e-05|0.000285699|2.7971e-05|4.41209e-05|0.00013417|0.00017517|0.000129815|4.65401e-05|0.000380256|0.00033585|4.39527e-05|0.000765253|0.000204857|6.01787e-05,0.00633895|0.000290726|0.00126271|0.000311917|0.000435298|0.000906769|0.000113109|0.00317253|0.00115348|0.00789851|0.000710075|0.000205887|0.000102845|0.000153837|0.000293754|0.00369855|0.000669129|0.000152009|0.00126725|0.00101454,0.0242308|0.0396791|0.0386825|0.0207751|0.0160711|0.0130158|0.00975166|0.0253382|0.0189194|0.0489836|0.0136277|0.0292034|0.000914227|0.0140069|0.0482045|0.021023|0.043186|0.00764741|0.0459616|0.0261239,0.0186446|0.0224647|0.0419088|0.0183961|0.0189693|0.0196191|0.00280605|0.0462681|0.0240225|0.00598368|0.0139311|0.0180799|0.0388816|0.0421418|0.0296199|0.0399306|0.0011028|0.0487049|0.032776|0.0180416,0.952597|0.92663|0.989487|0.985316|0.965054|0.951022|0.950478|0.994073|0.972503|0.932663|0.994252|0.950767|0.915384|0.962302|0.90075|0.989066|0.941223|0.918796|0.962548|0.942571,6.1663|5.09381|0.398509|2.86033|1.55662|0.0908807|0.248985|2.25701|1.72172|1.30673|5.80364|0.01178|3.76198|6.07392|0.158043|1.08178|4.27287|0.495993|5.30103|5.03831,30.2686|24.4191|13.2112|86.2435|63.0993|64.4551|61.2747|27.3217|49.6282|23.5709|58.7029|66.6304|52.1141|81.7362|37.2729|32.9383|55.4093|99.595|65.9961,0.203801|0.165933|0.192459|0.214079|0.235942|0.19083|0.216723|0.222856|0.239823|0.175455|0.202876|0.19366|0.216325|0.162628|0.182098|0.172139|0.248326|0.247994|0.164414,0.231522|0.813401|0.714952|0.140505|0.935252|0.678193|0.619343|0.120467|0.403226|0.947109|0.259687|0.634426|0.474765|0.858929|0.770624|0.198275|0.993536|0.395032|0.843193,0.823926,0.95139,0.0501489,0.117049,0.421933,0.504875,0.0617885,0.490527,0.190703,0.903761,75.0845,2.21625e-10,46823,0.876134,54.7023,1.84253e-11,19749,0.862527,0.834378,0.0578779,0.973354,0.582731,0.492938,0.169781,0.516908,0.130486,0.880588,73.1261,1.75166e-13,58607,0.898519,78.1077,8.52274e-10,81618
7,198,n1->n11->n12->n22->n23->n33->n34->n35->n36->n37->n27->n26->n25->n15->n5->n6->n7->n8->n9->n10,3.00404e+13|1.20939e+11|1.24762e+09|3.33855e+10|2.96172e+12|2.00146e+11|8.58911e+09|2.39604e+09|8.46195e+13|4.77368e+09|4.805e+11|2.27804e+13|1.74625e+13|2.54337e+12|5.16898e+10|2.5768e+13|6.61732e+12|3.56515e+09|5.76717e+13|1.84599e+12,4.34899e+12|1.2827e+10|1.86352e+08|5.85316e+09|1.84325e+12|8.83508e+10|2.66028e+09|1.08654e+09|1.28753e+13|1.93676e+09|5.39868e+10|6.51734e+12|4.01821e+12|4.83922e+11|1.84025e+10|1.13857e+13|1.34423e+12|2.20969e+09|4.50387e+13|5.88715e+11,2.20593e-05|3.68162e-05|0.000450723|0.000542243|0.000180222|4.41209e-05|0.00013417|8.19889e-05|1.79749e-05|0.000357893|3.96201e-05|1.42553e-05|1.90685e-05|0.000137603|0.000380256|0.00033585|4.39527e-05|0.000765253|0.000204857|6.01787e-05,0.00633895|0.000290726|0.00126271|0.000311917|0.00771594|0.00789851|0.000710075|0.00238577|0.00287041|0.00538311|0.00945776|0.00351282|0.000751332|0.000302355|0.000293754|0.00369855|0.000669129|0.000152009|0.00126725|0.00101454,0.0242308|0.0396791|0.0386825|0.0207751|0.0401254|0.0489836|0.0136277|0.029848|0.0388718|0.0123118|0.0331096|0.0330077|0.0243089|0.0473158|0.0482045|0.021023|0.043186|0.00764741|0.0459616|0.0261239,0.0186446|0.0224647|0.0419088|0.0183961|0.0200103|0.00598368|0.0139311|0.0444626|0.0336137|0.00637154|0.0209467|0.0324719|0.0318701|0.0430085|0.0296199|0.0399306|0.0011028|0.0487049|0.032776|0.0180416,0.952597|0.92663|0.989487|0.985316|0.990327|0.932663|0.994252|0.906364|0.973739|0.974204|0.921124|0.940557|0.949833|0.927364|0.90075|0.989066|0.941223|0.918796|0.962548|0.942571,6.1663|5.09381|0.398509|2.86033|3.296|1.30673|5.80364|2.19659|4.35878|1.61194|4.68229|2.57923|0.273467|3.32264|0.158043|1.08178|4.27287|0.495993|5.30103|5.03831,30.2686|24.4191|13.2112|55.8812|76.7594|23.5709|31.5608|18.7034|29.3504|44.8869|42.5138|55.6995|54.7186|35.0583|37.2729|32.9383|55.4093|99.595|65.9961,0.203801|0.165933|0.192459|0.242937|0.188216|0.175455|0.2299|0.172208|0.206848|0.174392|0.196406|0.203915|0.216167|0.245093|0.182098|0.172139|0.248326|0.247994|0.164414,0.231522|0.813401|0.714952|0.659214|0.933277|0.947109|0.185954|0.710372|0.153503|0.453078|0.171578|0.192082|0.845754|0.442729|0.770624|0.198275|0.993536|0.395032|0.843193,0.823926,0.95139,0.0501489,0.117049,0.421933,0.504875,0.0617885,0.490527,0.190703,0.903761,75.0845,2.21625e-10,46823,0.876134,54.7023,1.84253e-11,19749,0.862527,0.834378,0.0578779,0.973354,0.582731,0.492938,0.169781,0.516908,0.130486,0.880588,73.1261,1.75166e-13,58607,0.898519,78.1077,8.52274e-10,81618
7,199,n1->n11->n21->n22->n32->n31->n41->n42->n43->n44->n34->n35->n36->n37->n38->n39->n40->n30->n20->n10,3.00404e+13|1.20939e+11|9.90425e+12|3.33855e+10|2.648e+10|1.0619e+09|8.60797e+12|1.03093e+13|4.25913e+09|4.86826e+11|8.58911e+09|2.39604e+09|8.46195e+13|4.77368e+09|1.44427e+09|5.60545e+09|2.45276e+11|5.19288e+10|5.12291e+10|1.84599e+12,4.34899e+12|1.2827e+10|5.08175e+12|5.85316e+09|2.58541e+10|4.60453e+08|4.47275e+12|3.20768e+12|9.83012e+08|1.05326e+11|2.66028e+09|1.08654e+09|1.28753e+13|1.93676e+09|9.65742e+08|1.27972e+09|6.45185e+10|5.81696e+09|1.63614e+10|5.88715e+11,2.20593e-05|3.68162e-05|0.00038331|0.000542243|1.30256e-05|1.64296e-05|1.01833e-05|0.000285699|2.7971e-05|0.000371468|0.00013417|8.19889e-05|1.79749e-05|0.000357893|0.000102797|2.14097e-05|1.80824e-05|4.02418e-05|0.000310364|6.01787e-05,0.00633895|0.000290726|0.000195522|0.000311917|0.000435298|0.000906769|0.000113109|0.00317253|0.00115348|0.0019014|0.000710075|0.00238577|0.00287041|0.00538311|0.000450056|0.000168176|0.0001196|0.00647396|0.0012652|0.00101454,0.0242308|0.0396791|0.0338837|0.0207751|0.0160711|0.0130158|0.00975166|0.0253382|0.0189194|0.000425237|0.0136277|0.029848|0.0388718|0.0123118|0.000571455|0.0138154|0.00177294|0.020557|0.0371796|0.0261239,0.0186446|0.0224647|0.0368511|0.0183961|0.0189693|0.0196191|0.00280605|0.0462681|0.0240225|0.0330026|0.0139311|0.0444626|0.0336137|0.00637154|0.00176637|0.0274754|0.017509|0.0432333|0.0330818|0.0180416,0.952597|0.92663|0.928497|0.985316|0.965054|0.951022|0.950478|0.994073|0.972503|0.916165|0.994252|0.906364|0.973739|0.974204|0.975299|0.919951|0.968286|0.948323|0.957813|0.942571,6.1663|5.09381|5.49513|2.86033|1.55662|0.0908807|0.248985|2.25701|1.72172|4.552|5.80364|2.19659|4.35878|1.61194|3.07691|2.15935|0.824701|3.24827|4.08186|5.03831,30.2686|65.1286|34.0839|86.2435|63.0993|64.4551|61.2747|27.3217|59.7094|46.2248|31.5608|18.7034|29.3504|37.0378|69.5993|86.0567|98.0873|23.9015|29.3778,0.203801|0.213744|0.241671|0.214079|0.235942|0.19083|0.216723|0.222856|0.191232|0.226632|0.2299|0.172208|0.206848|0.216148|0.219101|0.21207|0.161203|0.202276|0.230351,0.231522|0.918405|0.885236|0.140505|0.935252|0.678193|0.619343|0.120467|0.754196|0.354213|0.185954|0.710372|0.153503|0.142457|0.845448|0.380841|0.518858|0.867602|0.451282,0.823926,0.95139,0.0501489,0.117049,0.421933,0.504875,0.0617885,0.490527,0.190703,0.903761,75.0845,2.21625e-10,46823,0.876134,54.7023,1.84253e-11,19749,0.862527,0.834378,0.0578779,0.973354,0.582731,0.492938,0.169781,0.516908,0.130486,0.880588,73.1261,1.75166e-13,58607,0.898519,78.1077,8.52274e-10,81618
7,200,n1->n11->n12->n2->n3->n4->n14->n15->n5->n6->n7->n17->n27->n37->n38->n28->n18->n8->n9->n10,3.00404e+13|1.20939e+11|1.24762e+09|3.30326e+11|2.51637e+13|5.19663e+13|6.27509e+09|2.54337e+12|5.16898e+10|2.5768e+13|6.61732e+12|1.22319e+12|4.805e+11|4.77368e+09|1.44427e+09|2.00194e+10|5.54701e+12|3.56515e+09|5.76717e+13|1.84599e+12,4.34899e+12|1.2827e+10|1.86352e+08|4.87974e+10|1.20723e+13|3.73718e+13|5.15166e+09|4.83922e+11|1.84025e+10|1.13857e+13|1.34423e+12|2.83908e+11|5.39868e+10|1.93676e+09|9.65742e+08|2.90952e+09|1.02041e+12|2.20969e+09|4.50387e+13|5.88715e+11,2.20593e-05|3.68162e-05|0.000450723|0.000150149|0.000235236|4.65401e-05|0.000129815|0.000137603|0.000380256|0.00033585|4.39527e-05|0.000861533|3.96201e-05|0.000357893|0.000102797|2.03718e-05|0.000192357|0.000765253|0.000204857|6.01787e-05,0.00633895|0.000290726|0.00126271|0.00466227|0.00100075|0.000153837|0.000102845|0.000302355|0.000293754|0.00369855|0.000669129|0.000677358|0.00945776|0.00538311|0.000450056|0.00287426|0.000119135|0.000152009|0.00126725|0.00101454,0.0242308|0.0396791|0.0386825|0.0466207|0.0318488|0.0140069|0.000914227|0.0473158|0.0482045|0.021023|0.043186|0.00680938|0.0331096|0.0123118|0.000571455|0.0321405|0.00984451|0.00764741|0.0459616|0.0261239,0.0186446|0.0224647|0.0419088|0.0412655|0.014719|0.0421418|0.0388816|0.0430085|0.0296199|0.0399306|0.0011028|0.0417|0.0209467|0.00637154|0.00176637|0.0034903|0.046614|0.0487049|0.032776|0.0180416,0.952597|0.92663|0.989487|0.917952|0.908437|0.962302|0.915384|0.927364|0.90075|0.989066|0.941223|0.977982|0.921124|0.974204|0.975299|0.910929|0.970227|0.918796|0.962548|0.942571,6.1663|5.09381|0.398509|4.47725|5.20069|6.07392|3.76198|3.32264|0.158043|1.08178|4.27287|4.36593|4.68229|1.61194|3.07691|3.98258|1.44936|0.495993|5.30103|5.03831,30.2686|24.4191|88.6198|37.015|10.4739|52.1141|92.5451|35.0583|37.2729|32.9383|59.8148|72.2829|44.8869|37.0378|23.518|43.2583|81.3396|99.595|65.9961,0.203801|0.165933|0.186425|0.210886|0.174627|0.216325|0.162606|0.245093|0.182098|0.172139|0.230578|0.208534|0.174392|0.216148|0.218706|0.248634|0.190026|0.247994|0.164414,0.231522|0.813401|0.549125|0.320755|0.966142|0.474765|0.327689|0.442729|0.770624|0.198275|0.245965|0.91001|0.453078|0.142457|0.185341|0.201747|0.718603|0.395032|0.843193,0.823926,0.95139,0.0501489,0.117049,0.421933,0.504875,0.0617885,0.490527,0.190703,0.903761,75.0845,2.21625e-10,46823,0.876134,54.7023,1.84253e-11,19749,0.862527,0.834378,0.0578779,0.973354,0.582731,0.492938,0.169781,0.516908,0.130486,0.880588,73.1261,1.75166e-13,58607,0.898519,78.1077,8.52274e-10,81618
