DatasetID,PathID,PathString,node_t1,node_t2,node_p_depol_1q,node_p_depol_2q,node_coh1_angle,node_coh2_zz_angle,node_src_visibility,node_src_phase,edge_length,edge_attenuation,edge_insertion_loss_db,d1_coupling_1,d1_coupling_2,d1_mzi_phase_error,d1_mzi_loss_short,d1_mzi_loss_long,d1_bs1_reflectivity,d1_bs1_loss,d1_bs2_reflectivity,d1_bs2_loss,d1_snspd1_efficiency,d1_snspd1_jitter,d1_snspd1_dark,d1_snspd1_dead,d1_snspd2_efficiency,d1_snspd2_jitter,d1_snspd2_dark,d1_snspd2_dead,d2_coupling_1,d2_coupling_2,d2_mzi_phase_error,d2_mzi_loss_short,d2_mzi_loss_long,d2_bs1_reflectivity,d2_bs1_loss,d2_bs2_reflectivity,d2_bs2_loss,d2_snspd1_efficiency,d2_snspd1_jitter,d2_snspd1_dark,d2_snspd1_dead,d2_snspd2_efficiency,d2_snspd2_jitter,d2_snspd2_dark,d2_snspd2_dead
6,1,n1->n2->n12->n13->n14->n4->n5->n6->n7->n8->n9->n10,4.55588e+13|5.23413e+11|9.70647e+12|1.70175e+12|2.4844e+13|4.15825e+11|3.27327e+10|2.57217e+11|2.4859e+13|4.88124e+11|5.41279e+11|1.99581e+13,1.19121e+13|5.74607e+10|1.26993e+12|1.6398e+12|7.4533e+12|5.68247e+10|5.45815e+09|1.80632e+11|3.91236e+12|5.46248e+10|5.69937e+10|1.65379e+13,0.000272813|2.22486e-05|0.000140781|0.000236651|0.000115516|0.000208244|2.4748e-05|0.000137431|0.000374552|7.88144e-05|0.000133309|1.10176e-05,0.000247513|0.0017649|0.000236843|0.000144035|0.000803332|0.000162239|0.000559379|0.00038|0.00159185|0.00654761|0.000128581|0.0003012,0.0267276|0.0257131|0.0184192|0.0453925|0.00362957|0.00134448|0.0302924|0.0351794|0.0267406|0.0355868|0.0160189|0.0354931,0.00109024|0.0393537|0.0133546|0.032154|0.0393535|0.0159645|0.0390973|0.0410032|0.0256969|0.0025477|0.0314455|0.0378422,0.947856|0.962581|0.978748|0.94335|0.912009|0.918227|0.934635|0.944217|0.981074|0.983979|0.986727|0.93728,3.42645|3.77893|0.907615|4.14497|2.47916|6.21195|3.93309|6.20274|3.83823|5.1941|2.2481|4.12651,79.8117|88.6198|13.9548|56.34|52.1141|81.7362|37.2729|32.9383|55.4093|99.595|65.9961,0.180902|0.229809|0.17533|0.243804|0.220919|0.246934|0.160203|0.189792|0.245267|0.194831|0.213203,0.956865|0.73214|0.469559|0.288383|0.42528|0.747741|0.316848|0.663025|0.471863|0.756576|0.42835,0.947089,0.929897,0.0537595,0.0057309,0.115486,0.547306,0.2767,0.482509,0.0776559,0.878555,72.0946,2.67492e-12,16056,0.872503,33.453,1.99398e-12,24666,0.931768,0.905326,0.0406295,0.553862,0.492708,0.529597,0.286795,0.463067,0.265174,0.926863,72.3298,3.14198e-12,40952,0.801015,98.3984,2.667e-11,46210
6,2,n1->n2->n12->n13->n3->n4->n5->n6->n7->n8->n9->n10,4.55588e+13|5.23413e+11|9.70647e+12|1.70175e+12|1.19214e+13|4.15825e+11|3.27327e+10|2.57217e+11|2.4859e+13|4.88124e+11|5.41279e+11|1.99581e+13,1.19121e+13|5.74607e+10|1.26993e+12|1.6398e+12|1.39506e+12|5.68247e+10|5.45815e+09|1.80632e+11|3.91236e+12|5.46248e+10|5.69937e+10|1.65379e+13,0.000272813|2.22486e-05|0.000140781|0.000236651|0.000240865|0.000208244|2.4748e-05|0.000137431|0.000374552|7.88144e-05|0.000133309|1.10176e-05,0.000247513|0.0017649|0.000236843|0.000144035|0.00269887|0.000162239|0.000559379|0.00038|0.00159185|0.00654761|0.000128581|0.0003012,0.0267276|0.0257131|0.0184192|0.0453925|0.0137582|0.00134448|0.0302924|0.0351794|0.0267406|0.0355868|0.0160189|0.0354931,0.00109024|0.0393537|0.0133546|0.032154|0.00978248|0.0159645|0.0390973|0.0410032|0.0256969|0.0025477|0.0314455|0.0378422,0.947856|0.962581|0.978748|0.94335|0.920316|0.918227|0.934635|0.944217|0.981074|0.983979|0.986727|0.93728,3.42645|3.77893|0.907615|4.14497|1.24496|6.21195|3.93309|6.20274|3.83823|5.1941|2.2481|4.12651,79.8117|88.6198|13.9548|83.9106|10.4739|81.7362|37.2729|32.9383|55.4093|99.595|65.9961,0.180902|0.229809|0.17533|0.235608|0.209094|0.246934|0.160203|0.189792|0.245267|0.194831|0.213203,0.956865|0.73214|0.469559|0.629113|0.833808|0.747741|0.316848|0.663025|0.471863|0.756576|0.42835,0.947089,0.929897,0.0537595,0.0057309,0.115486,0.547306,0.2767,0.482509,0.0776559,0.878555,72.0946,2.67492e-12,16056,0.872503,33.453,1.99398e-12,24666,0.931768,0.905326,0.0406295,0.553862,0.492708,0.529597,0.286795,0.463067,0.265174,0.926863,72.3298,3.14198e-12,40952,0.801015,98.3984,2.667e-11,46210
6,3,n1->n11->n12->n2->n3->n4->n5->n6->n7->n8->n9->n10,4.55588e+13|1.15025e+12|9.70647e+12|5.23413e+11|1.19214e+13|4.15825e+11|3.27327e+10|2.57217e+11|2.4859e+13|4.88124e+11|5.41279e+11|1.99581e+13,1.19121e+13|6.31783e+11|1.26993e+12|5.74607e+10|1.39506e+12|5.68247e+10|5.45815e+09|1.80632e+11|3.91236e+12|5.46248e+10|5.69937e+10|1.65379e+13,0.000272813|0.000273727|0.000140781|2.22486e-05|0.000240865|0.000208244|2.4748e-05|0.000137431|0.000374552|7.88144e-05|0.000133309|1.10176e-05,0.000247513|0.000148505|0.000236843|0.0017649|0.00269887|0.000162239|0.000559379|0.00038|0.00159185|0.00654761|0.000128581|0.0003012,0.0267276|0.00791251|0.0184192|0.0257131|0.0137582|0.00134448|0.0302924|0.0351794|0.0267406|0.0355868|0.0160189|0.0354931,0.00109024|0.00663636|0.0133546|0.0393537|0.00978248|0.0159645|0.0390973|0.0410032|0.0256969|0.0025477|0.0314455|0.0378422,0.947856|0.988586|0.978748|0.962581|0.920316|0.918227|0.934635|0.944217|0.981074|0.983979|0.986727|0.93728,3.42645|5.73996|0.907615|3.77893|1.24496|6.21195|3.93309|6.20274|3.83823|5.1941|2.2481|4.12651,30.2686|24.4191|88.6198|37.015|10.4739|81.7362|37.2729|32.9383|55.4093|99.595|65.9961,0.210339|0.19865|0.229809|0.185025|0.209094|0.246934|0.160203|0.189792|0.245267|0.194831|0.213203,0.907958|0.54288|0.73214|0.12338|0.833808|0.747741|0.316848|0.663025|0.471863|0.756576|0.42835,0.947089,0.929897,0.0537595,0.0057309,0.115486,0.547306,0.2767,0.482509,0.0776559,0.878555,72.0946,2.67492e-12,16056,0.872503,33.453,1.99398e-12,24666,0.931768,0.905326,0.0406295,0.553862,0.492708,0.529597,0.286795,0.463067,0.265174,0.926863,72.3298,3.14198e-12,40952,0.801015,98.3984,2.667e-11,46210
6,4,n1->n2->n12->n13->n14->n15->n5->n6->n7->n8->n9->n10,4.55588e+13|5.23413e+11|9.70647e+12|1.70175e+12|2.4844e+13|8.59239e+10|3.27327e+10|2.57217e+11|2.4859e+13|4.88124e+11|5.41279e+11|1.99581e+13,1.19121e+13|5.74607e+10|1.26993e+12|1.6398e+12|7.4533e+12|1.6374e+10|5.45815e+09|1.80632e+11|3.91236e+12|5.46248e+10|5.69937e+10|1.65379e+13,0.000272813|2.22486e-05|0.000140781|0.000236651|0.000115516|6.38284e-05|2.4748e-05|0.000137431|0.000374552|7.88144e-05|0.000133309|1.10176e-05,0.000247513|0.0017649|0.000236843|0.000144035|0.000803332|0.00172194|0.000559379|0.00038|0.00159185|0.00654761|0.000128581|0.0003012,0.0267276|0.0257131|0.0184192|0.0453925|0.00362957|0.0155694|0.0302924|0.0351794|0.0267406|0.0355868|0.0160189|0.0354931,0.00109024|0.0393537|0.0133546|0.032154|0.0393535|0.0086256|0.0390973|0.0410032|0.0256969|0.0025477|0.0314455|0.0378422,0.947856|0.962581|0.978748|0.94335|0.912009|0.98259|0.934635|0.944217|0.981074|0.983979|0.986727|0.93728,3.42645|3.77893|0.907615|4.14497|2.47916|6.09992|3.93309|6.20274|3.83823|5.1941|2.2481|4.12651,79.8117|88.6198|13.9548|56.34|92.5451|35.0583|37.2729|32.9383|55.4093|99.595|65.9961,0.180902|0.229809|0.17533|0.243804|0.209465|0.228753|0.160203|0.189792|0.245267|0.194831|0.213203,0.956865|0.73214|0.469559|0.288383|0.722966|0.738884|0.316848|0.663025|0.471863|0.756576|0.42835,0.947089,0.929897,0.0537595,0.0057309,0.115486,0.547306,0.2767,0.482509,0.0776559,0.878555,72.0946,2.67492e-12,16056,0.872503,33.453,1.99398e-12,24666,0.931768,0.905326,0.0406295,0.553862,0.492708,0.529597,0.286795,0.463067,0.265174,0.926863,72.3298,3.14198e-12,40952,0.801015,98.3984,2.667e-11,46210
6,5,n1->n11->n12->n13->n3->n4->n5->n6->n7->n8->n9->n10,4.55588e+13|1.15025e+12|9.70647e+12|1.70175e+12|1.19214e+13|4.15825e+11|3.27327e+10|2.57217e+11|2.4859e+13|4.88124e+11|5.41279e+11|1.99581e+13,1.19121e+13|6.31783e+11|1.26993e+12|1.6398e+12|1.39506e+12|5.68247e+10|5.45815e+09|1.80632e+11|3.91236e+12|5.46248e+10|5.69937e+10|1.65379e+13,0.000272813|0.000273727|0.000140781|0.000236651|0.000240865|0.000208244|2.4748e-05|0.000137431|0.000374552|7.88144e-05|0.000133309|1.10176e-05,0.000247513|0.000148505|0.000236843|0.000144035|0.00269887|0.000162239|0.000559379|0.00038|0.00159185|0.00654761|0.000128581|0.0003012,0.0267276|0.00791251|0.0184192|0.0453925|0.0137582|0.00134448|0.0302924|0.0351794|0.0267406|0.0355868|0.0160189|0.0354931,0.00109024|0.00663636|0.0133546|0.032154|0.00978248|0.0159645|0.0390973|0.0410032|0.0256969|0.0025477|0.0314455|0.0378422,0.947856|0.988586|0.978748|0.94335|0.920316|0.918227|0.934635|0.944217|0.981074|0.983979|0.986727|0.93728,3.42645|5.73996|0.907615|4.14497|1.24496|6.21195|3.93309|6.20274|3.83823|5.1941|2.2481|4.12651,30.2686|24.4191|13.9548|83.9106|10.4739|81.7362|37.2729|32.9383|55.4093|99.595|65.9961,0.210339|0.19865|0.17533|0.235608|0.209094|0.246934|0.160203|0.189792|0.245267|0.194831|0.213203,0.907958|0.54288|0.469559|0.629113|0.833808|0.747741|0.316848|0.663025|0.471863|0.756576|0.42835,0.947089,0.929897,0.0537595,0.0057309,0.115486,0.547306,0.2767,0.482509,0.0776559,0.878555,72.0946,2.67492e-12,16056,0.872503,33.453,1.99398e-12,24666,0.931768,0.905326,0.0406295,0.553862,0.492708,0.529597,0.286795,0.463067,0.265174,0.926863,72.3298,3.14198e-12,40952,0.801015,98.3984,2.667e-11,46210
6,6,n1->n2->n3->n4->n14->n15->n16->n6->n7->n8->n9->n10,4.55588e+13|5.23413e+11|1.19214e+13|4.15825e+11|2.4844e+13|8.59239e+10|1.96299e+11|2.57217e+11|2.4859e+13|4.88124e+11|5.41279e+11|1.99581e+13,1.19121e+13|5.74607e+10|1.39506e+12|5.68247e+10|7.4533e+12|1.6374e+10|4.16811e+10|1.80632e+11|3.91236e+12|5.46248e+10|5.69937e+10|1.65379e+13,0.000272813|2.22486e-05|0.000240865|0.000208244|0.000115516|6.38284e-05|1.24441e-05|0.000137431|0.000374552|7.88144e-05|0.000133309|1.10176e-05,0.000247513|0.0017649|0.00269887|0.000162239|0.000803332|0.00172194|0.000118496|0.00038|0.00159185|0.00654761|0.000128581|0.0003012,0.0267276|0.0257131|0.0137582|0.00134448|0.00362957|0.0155694|0.0196441|0.0351794|0.0267406|0.0355868|0.0160189|0.0354931,0.00109024|0.0393537|0.00978248|0.0159645|0.0393535|0.0086256|0.0465121|0.0410032|0.0256969|0.0025477|0.0314455|0.0378422,0.947856|0.962581|0.920316|0.918227|0.912009|0.98259|0.969417|0.944217|0.981074|0.983979|0.986727|0.93728,3.42645|3.77893|1.24496|6.21195|2.47916|6.09992|2.19452|6.20274|3.83823|5.1941|2.2481|4.12651,79.8117|37.015|10.4739|52.1141|92.5451|56.2706|50.0569|32.9383|55.4093|99.595|65.9961,0.180902|0.185025|0.209094|0.220919|0.209465|0.241799|0.177576|0.189792|0.245267|0.194831|0.213203,0.956865|0.12338|0.833808|0.42528|0.722966|0.73275|0.337265|0.663025|0.471863|0.756576|0.42835,0.947089,0.929897,0.0537595,0.0057309,0.115486,0.547306,0.2767,0.482509,0.0776559,0.878555,72.0946,2.67492e-12,16056,0.872503,33.453,1.99398e-12,24666,0.931768,0.905326,0.0406295,0.553862,0.492708,0.529597,0.286795,0.463067,0.265174,0.926863,72.3298,3.14198e-12,40952,0.801015,98.3984,2.667e-11,46210
6,7,n1->n11->n12->n13->n14->n15->n5->n6->n7->n8->n9->n10,4.55588e+13|1.15025e+12|9.70647e+12|1.70175e+12|2.4844e+13|8.59239e+10|3.27327e+10|2.57217e+11|2.4859e+13|4.88124e+11|5.41279e+11|1.99581e+13,1.19121e+13|6.31783e+11|1.26993e+12|1.6398e+12|7.4533e+12|1.6374e+10|5.45815e+09|1.80632e+11|3.91236e+12|5.46248e+10|5.69937e+10|1.65379e+13,0.000272813|0.000273727|0.000140781|0.000236651|0.000115516|6.38284e-05|2.4748e-05|0.000137431|0.000374552|7.88144e-05|0.000133309|1.10176e-05,0.000247513|0.000148505|0.000236843|0.000144035|0.000803332|0.00172194|0.000559379|0.00038|0.00159185|0.00654761|0.000128581|0.0003012,0.0267276|0.00791251|0.0184192|0.0453925|0.00362957|0.0155694|0.0302924|0.0351794|0.0267406|0.0355868|0.0160189|0.0354931,0.00109024|0.00663636|0.0133546|0.032154|0.0393535|0.0086256|0.0390973|0.0410032|0.0256969|0.0025477|0.0314455|0.0378422,0.947856|0.988586|0.978748|0.94335|0.912009|0.98259|0.934635|0.944217|0.981074|0.983979|0.986727|0.93728,3.42645|5.73996|0.907615|4.14497|2.47916|6.09992|3.93309|6.20274|3.83823|5.1941|2.2481|4.12651,30.2686|24.4191|13.9548|56.34|92.5451|35.0583|37.2729|32.9383|55.4093|99.595|65.9961,0.210339|0.19865|0.17533|0.243804|0.209465|0.228753|0.160203|0.189792|0.245267|0.194831|0.213203,0.907958|0.54288|0.469559|0.288383|0.722966|0.738884|0.316848|0.663025|0.471863|0.756576|0.42835,0.947089,0.929897,0.0537595,0.0057309,0.115486,0.547306,0.2767,0.482509,0.0776559,0.878555,72.0946,2.67492e-12,16056,0.872503,33.453,1.99398e-12,24666,0.931768,0.905326,0.0406295,0.553862,0.492708,0.529597,0.286795,0.463067,0.265174,0.926863,72.3298,3.14198e-12,40952,0.801015,98.3984,2.667e-11,46210
6,8,n1->n2->n3->n4->n5->n15->n16->n6->n7->n8->n9->n10,4.55588e+13|5.23413e+11|1.19214e+13|4.15825e+11|3.27327e+10|8.59239e+10|1.96299e+11|2.57217e+11|2.4859e+13|4.88124e+11|5.41279e+11|1.99581e+13,1.19121e+13|5.74607e+10|1.39506e+12|5.68247e+10|5.45815e+09|1.6374e+10|4.16811e+10|1.80632e+11|3.91236e+12|5.46248e+10|5.69937e+10|1.65379e+13,0.000272813|2.22486e-05|0.000240865|0.000208244|2.4748e-05|6.38284e-05|1.24441e-05|0.000137431|0.000374552|7.88144e-05|0.000133309|1.10176e-05,0.000247513|0.0017649|0.00269887|0.000162239|0.000559379|0.00172194|0.000118496|0.00038|0.00159185|0.00654761|0.000128581|0.0003012,0.0267276|0.0257131|0.0137582|0.00134448|0.0302924|0.0155694|0.0196441|0.0351794|0.0267406|0.0355868|0.0160189|0.0354931,0.00109024|0.0393537|0.00978248|0.0159645|0.0390973|0.0086256|0.0465121|0.0410032|0.0256969|0.0025477|0.0314455|0.0378422,0.947856|0.962581|0.920316|0.918227|0.934635|0.98259|0.969417|0.944217|0.981074|0.983979|0.986727|0.93728,3.42645|3.77893|1.24496|6.21195|3.93309|6.09992|2.19452|6.20274|3.83823|5.1941|2.2481|4.12651,79.8117|37.015|10.4739|81.7362|35.0583|56.2706|50.0569|32.9383|55.4093|99.595|65.9961,0.180902|0.185025|0.209094|0.246934|0.228753|0.241799|0.177576|0.189792|0.245267|0.194831|0.213203,0.956865|0.12338|0.833808|0.747741|0.738884|0.73275|0.337265|0.663025|0.471863|0.756576|0.42835,0.947089,0.929897,0.0537595,0.0057309,0.115486,0.547306,0.2767,0.482509,0.0776559,0.878555,72.0946,2.67492e-12,16056,0.872503,33.453,1.99398e-12,24666,0.931768,0.905326,0.0406295,0.553862,0.492708,0.529597,0.286795,0.463067,0.265174,0.926863,72.3298,3.14198e-12,40952,0.801015,98.3984,2.667e-11,46210
6,9,n1->n2->n3->n13->n14->n4->n5->n6->n7->n8->n9->n10,4.55588e+13|5.23413e+11|1.19214e+13|1.70175e+12|2.4844e+13|4.15825e+11|3.27327e+10|2.57217e+11|2.4859e+13|4.88124e+11|5.41279e+11|1.99581e+13,1.19121e+13|5.74607e+10|1.39506e+12|1.6398e+12|7.4533e+12|5.68247e+10|5.45815e+09|1.80632e+11|3.91236e+12|5.46248e+10|5.69937e+10|1.65379e+13,0.000272813|2.22486e-05|0.000240865|0.000236651|0.000115516|0.000208244|2.4748e-05|0.000137431|0.000374552|7.88144e-05|0.000133309|1.10176e-05,0.000247513|0.0017649|0.00269887|0.000144035|0.000803332|0.000162239|0.000559379|0.00038|0.00159185|0.00654761|0.000128581|0.0003012,0.0267276|0.0257131|0.0137582|0.0453925|0.00362957|0.00134448|0.0302924|0.0351794|0.0267406|0.0355868|0.0160189|0.0354931,0.00109024|0.0393537|0.00978248|0.032154|0.0393535|0.0159645|0.0390973|0.0410032|0.0256969|0.0025477|0.0314455|0.0378422,0.947856|0.962581|0.920316|0.94335|0.912009|0.918227|0.934635|0.944217|0.981074|0.983979|0.986727|0.93728,3.42645|3.77893|1.24496|4.14497|2.47916|6.21195|3.93309|6.20274|3.83823|5.1941|2.2481|4.12651,79.8117|37.015|83.9106|56.34|52.1141|81.7362|37.2729|32.9383|55.4093|99.595|65.9961,0.180902|0.185025|0.235608|0.243804|0.220919|0.246934|0.160203|0.189792|0.245267|0.194831|0.213203,0.956865|0.12338|0.629113|0.288383|0.42528|0.747741|0.316848|0.663025|0.471863|0.756576|0.42835,0.947089,0.929897,0.0537595,0.0057309,0.115486,0.547306,0.2767,0.482509,0.0776559,0.878555,72.0946,2.67492e-12,16056,0.872503,33.453,1.99398e-12,24666,0.931768,0.905326,0.0406295,0.553862,0.492708,0.529597,0.286795,0.463067,0.265174,0.926863,72.3298,3.14198e-12,40952,0.801015,98.3984,2.667e-11,46210
6,10,n1->n2->n3->n13->n14->n15->n16->n6->n7->n8->n9->n10,4.55588e+13|5.23413e+11|1.19214e+13|1.70175e+12|2.4844e+13|8.59239e+10|1.96299e+11|2.57217e+11|2.4859e+13|4.88124e+11|5.41279e+11|1.99581e+13,1.19121e+13|5.74607e+10|1.39506e+12|1.6398e+12|7.4533e+12|1.6374e+10|4.16811e+10|1.80632e+11|3.91236e+12|5.46248e+10|5.69937e+10|1.65379e+13,0.000272813|2.22486e-05|0.000240865|0.000236651|0.000115516|6.38284e-05|1.24441e-05|0.000137431|0.000374552|7.88144e-05|0.000133309|1.10176e-05,0.000247513|0.0017649|0.00269887|0.000144035|0.000803332|0.00172194|0.000118496|0.00038|0.00159185|0.00654761|0.000128581|0.0003012,0.0267276|0.0257131|0.0137582|0.0453925|0.00362957|0.0155694|0.0196441|0.0351794|0.0267406|0.0355868|0.0160189|0.0354931,0.00109024|0.0393537|0.00978248|0.032154|0.0393535|0.0086256|0.0465121|0.0410032|0.0256969|0.0025477|0.0314455|0.0378422,0.947856|0.962581|0.920316|0.94335|0.912009|0.98259|0.969417|0.944217|0.981074|0.983979|0.986727|0.93728,3.42645|3.77893|1.24496|4.14497|2.47916|6.09992|2.19452|6.20274|3.83823|5.1941|2.2481|4.12651,79.8117|37.015|83.9106|56.34|92.5451|56.2706|50.0569|32.9383|55.4093|99.595|65.9961,0.180902|0.185025|0.235608|0.243804|0.209465|0.241799|0.177576|0.189792|0.245267|0.194831|0.213203,0.956865|0.12338|0.629113|0.288383|0.722966|0.73275|0.337265|0.663025|0.471863|0.756576|0.42835,0.947089,0.929897,0.0537595,0.0057309,0.115486,0.547306,0.2767,0.482509,0.0776559,0.878555,72.0946,2.67492e-12,16056,0.872503,33.453,1.99398e-12,24666,0.931768,0.905326,0.0406295,0.553862,0.492708,0.529597,0.286795,0.463067,0.265174,0.926863,72.3298,3.14198e-12,40952,0.801015,98.3984,2.667e-11,46210
6,11,n1->n2->n3->n4->n5->n15->n16->n17->n7->n8->n9->n10,4.55588e+13|5.23413e+11|1.19214e+13|4.15825e+11|3.27327e+10|8.59239e+10|1.96299e+11|6.92201e+13|2.4859e+13|4.88124e+11|5.41279e+11|1.99581e+13,1.19121e+13|5.74607e+10|1.39506e+12|5.68247e+10|5.45815e+09|1.6374e+10|4.16811e+10|1.85776e+13|3.91236e+12|5.46248e+10|5.69937e+10|1.65379e+13,0.000272813|2.22486e-05|0.000240865|0.000208244|2.4748e-05|6.38284e-05|1.24441e-05|3.57755e-05|0.000374552|7.88144e-05|0.000133309|1.10176e-05,0.000247513|0.0017649|0.00269887|0.000162239|0.000559379|0.00172194|0.000118496|0.000712371|0.00159185|0.00654761|0.000128581|0.0003012,0.0267276|0.0257131|0.0137582|0.00134448|0.0302924|0.0155694|0.0196441|0.0105772|0.0267406|0.0355868|0.0160189|0.0354931,0.00109024|0.0393537|0.00978248|0.0159645|0.0390973|0.0086256|0.0465121|0.0442819|0.0256969|0.0025477|0.0314455|0.0378422,0.947856|0.962581|0.920316|0.918227|0.934635|0.98259|0.969417|0.934311|0.981074|0.983979|0.986727|0.93728,3.42645|3.77893|1.24496|6.21195|3.93309|6.09992|2.19452|4.13414|3.83823|5.1941|2.2481|4.12651,79.8117|37.015|10.4739|81.7362|35.0583|56.2706|32.2763|59.8148|55.4093|99.595|65.9961,0.180902|0.185025|0.209094|0.246934|0.228753|0.241799|0.211942|0.182049|0.245267|0.194831|0.213203,0.956865|0.12338|0.833808|0.747741|0.738884|0.73275|0.374165|0.538397|0.471863|0.756576|0.42835,0.947089,0.929897,0.0537595,0.0057309,0.115486,0.547306,0.2767,0.482509,0.0776559,0.878555,72.0946,2.67492e-12,16056,0.872503,33.453,1.99398e-12,24666,0.931768,0.905326,0.0406295,0.553862,0.492708,0.529597,0.286795,0.463067,0.265174,0.926863,72.3298,3.14198e-12,40952,0.801015,98.3984,2.667e-11,46210
6,12,n1->n11->n12->n13->n14->n15->n16->n6->n7->n8->n9->n10,4.55588e+13|1.15025e+12|9.70647e+12|1.70175e+12|2.4844e+13|8.59239e+10|1.96299e+11|2.57217e+11|2.4859e+13|4.88124e+11|5.41279e+11|1.99581e+13,1.19121e+13|6.31783e+11|1.26993e+12|1.6398e+12|7.4533e+12|1.6374e+10|4.16811e+10|1.80632e+11|3.91236e+12|5.46248e+10|5.69937e+10|1.65379e+13,0.000272813|0.000273727|0.000140781|0.000236651|0.000115516|6.38284e-05|1.24441e-05|0.000137431|0.000374552|7.88144e-05|0.000133309|1.10176e-05,0.000247513|0.000148505|0.000236843|0.000144035|0.000803332|0.00172194|0.000118496|0.00038|0.00159185|0.00654761|0.000128581|0.0003012,0.0267276|0.00791251|0.0184192|0.0453925|0.00362957|0.0155694|0.0196441|0.0351794|0.0267406|0.0355868|0.0160189|0.0354931,0.00109024|0.00663636|0.0133546|0.032154|0.0393535|0.0086256|0.0465121|0.0410032|0.0256969|0.0025477|0.0314455|0.0378422,0.947856|0.988586|0.978748|0.94335|0.912009|0.98259|0.969417|0.944217|0.981074|0.983979|0.986727|0.93728,3.42645|5.73996|0.907615|4.14497|2.47916|6.09992|2.19452|6.20274|3.83823|5.1941|2.2481|4.12651,30.2686|24.4191|13.9548|56.34|92.5451|56.2706|50.0569|32.9383|55.4093|99.595|65.9961,0.210339|0.19865|0.17533|0.243804|0.209465|0.241799|0.177576|0.189792|0.245267|0.194831|0.213203,0.907958|0.54288|0.469559|0.288383|0.722966|0.73275|0.337265|0.663025|0.471863|0.756576|0.42835,0.947089,0.929897,0.0537595,0.0057309,0.115486,0.547306,0.2767,0.482509,0.0776559,0.878555,72.0946,2.67492e-12,16056,0.872503,33.453,1.99398e-12,24666,0.931768,0.905326,0.0406295,0.553862,0.492708,0.529597,0.286795,0.463067,0.265174,0.926863,72.3298,3.14198e-12,40952,0.801015,98.3984,2.667e-11,46210
6,13,n1->n2->n3->n13->n14->n15->n5->n6->n7->n8->n9->n10,4.55588e+13|5.23413e+11|1.19214e+13|1.70175e+12|2.4844e+13|8.59239e+10|3.27327e+10|2.57217e+11|2.4859e+13|4.88124e+11|5.41279e+11|1.99581e+13,1.19121e+13|5.74607e+10|1.39506e+12|1.6398e+12|7.4533e+12|1.6374e+10|5.45815e+09|1.80632e+11|3.91236e+12|5.46248e+10|5.69937e+10|1.65379e+13,0.000272813|2.22486e-05|0.000240865|0.000236651|0.000115516|6.38284e-05|2.4748e-05|0.000137431|0.000374552|7.88144e-05|0.000133309|1.10176e-05,0.000247513|0.0017649|0.00269887|0.000144035|0.000803332|0.00172194|0.000559379|0.00038|0.00159185|0.00654761|0.000128581|0.0003012,0.0267276|0.0257131|0.0137582|0.0453925|0.00362957|0.0155694|0.0302924|0.0351794|0.0267406|0.0355868|0.0160189|0.0354931,0.00109024|0.0393537|0.00978248|0.032154|0.0393535|0.0086256|0.0390973|0.0410032|0.0256969|0.0025477|0.0314455|0.0378422,0.947856|0.962581|0.920316|0.94335|0.912009|0.98259|0.934635|0.944217|0.981074|0.983979|0.986727|0.93728,3.42645|3.77893|1.24496|4.14497|2.47916|6.09992|3.93309|6.20274|3.83823|5.1941|2.2481|4.12651,79.8117|37.015|83.9106|56.34|92.5451|35.0583|37.2729|32.9383|55.4093|99.595|65.9961,0.180902|0.185025|0.235608|0.243804|0.209465|0.228753|0.160203|0.189792|0.245267|0.194831|0.213203,0.956865|0.12338|0.629113|0.288383|0.722966|0.738884|0.316848|0.663025|0.471863|0.756576|0.42835,0.947089,0.929897,0.0537595,0.0057309,0.115486,0.547306,0.2767,0.482509,0.0776559,0.878555,72.0946,2.67492e-12,16056,0.872503,33.453,1.99398e-12,24666,0.931768,0.905326,0.0406295,0.553862,0.492708,0.529597,0.286795,0.463067,0.265174,0.926863,72.3298,3.14198e-12,40952,0.801015,98.3984,2.667e-11,46210
6,14,n1->n2->n3->n4->n5->n6->n16->n17->n18->n19->n9->n10,4.55588e+13|5.23413e+11|1.19214e+13|4.15825e+11|3.27327e+10|2.57217e+11|1.96299e+11|6.92201e+13|8.81528e+10|2.45264e+13|5.41279e+11|1.99581e+13,1.19121e+13|5.74607e+10|1.39506e+12|5.68247e+10|5.45815e+09|1.80632e+11|4.16811e+10|1.85776e+13|7.0302e+10|2.78019e+12|5.69937e+10|1.65379e+13,0.000272813|2.22486e-05|0.000240865|0.000208244|2.4748e-05|0.000137431|1.24441e-05|3.57755e-05|0.000192647|4.2477e-05|0.000133309|1.10176e-05,0.000247513|0.0017649|0.00269887|0.000162239|0.000559379|0.00038|0.000118496|0.000712371|0.000947335|0.00118483|0.000128581|0.0003012,0.0267276|0.0257131|0.0137582|0.00134448|0.0302924|0.0351794|0.0196441|0.0105772|0.00660715|0.0169907|0.0160189|0.0354931,0.00109024|0.0393537|0.00978248|0.0159645|0.0390973|0.0410032|0.0465121|0.0442819|0.0450958|0.0238367|0.0314455|0.0378422,0.947856|0.962581|0.920316|0.918227|0.934635|0.944217|0.969417|0.934311|0.951948|0.92511|0.986727|0.93728,3.42645|3.77893|1.24496|6.21195|3.93309|6.20274|2.19452|4.13414|1.79104|0.817336|2.2481|4.12651,79.8117|37.015|10.4739|81.7362|37.2729|50.0569|32.2763|27.3162|28.0546|99.0064|65.9961,0.180902|0.185025|0.209094|0.246934|0.160203|0.177576|0.211942|0.218168|0.244543|0.210817|0.213203,0.956865|0.12338|0.833808|0.747741|0.316848|0.337265|0.374165|0.309735|0.240936|0.387396|0.42835,0.947089,0.929897,0.0537595,0.0057309,0.115486,0.547306,0.2767,0.482509,0.0776559,0.878555,72.0946,2.67492e-12,16056,0.872503,33.453,1.99398e-12,24666,0.931768,0.905326,0.0406295,0.553862,0.492708,0.529597,0.286795,0.463067,0.265174,0.926863,72.3298,3.14198e-12,40952,0.801015,98.3984,2.667e-11,46210
6,15,n1->n11->n12->n13->n14->n4->n5->n6->n7->n8->n9->n10,4.55588e+13|1.15025e+12|9.70647e+12|1.70175e+12|2.4844e+13|4.15825e+11|3.27327e+10|2.57217e+11|2.4859e+13|4.88124e+11|5.41279e+11|1.99581e+13,1.19121e+13|6.31783e+11|1.26993e+12|1.6398e+12|7.4533e+12|5.68247e+10|5.45815e+09|1.80632e+11|3.91236e+12|5.46248e+10|5.69937e+10|1.65379e+13,0.000272813|0.000273727|0.000140781|0.000236651|0.000115516|0.000208244|2.4748e-05|0.000137431|0.000374552|7.88144e-05|0.000133309|1.10176e-05,0.000247513|0.000148505|0.000236843|0.000144035|0.000803332|0.000162239|0.000559379|0.00038|0.00159185|0.00654761|0.000128581|0.0003012,0.0267276|0.00791251|0.0184192|0.0453925|0.00362957|0.00134448|0.0302924|0.0351794|0.0267406|0.0355868|0.0160189|0.0354931,0.00109024|0.00663636|0.0133546|0.032154|0.0393535|0.0159645|0.0390973|0.0410032|0.0256969|0.0025477|0.0314455|0.0378422,0.947856|0.988586|0.978748|0.94335|0.912009|0.918227|0.934635|0.944217|0.981074|0.983979|0.986727|0.93728,3.42645|5.73996|0.907615|4.14497|2.47916|6.21195|3.93309|6.20274|3.83823|5.1941|2.2481|4.12651,30.2686|24.4191|13.9548|56.34|52.1141|81.7362|37.2729|32.9383|55.4093|99.595|65.9961,0.210339|0.19865|0.17533|0.243804|0.220919|0.246934|0.160203|0.189792|0.245267|0.194831|0.213203,0.907958|0.54288|0.469559|0.288383|0.42528|0.747741|0.316848|0.663025|0.471863|0.756576|0.42835,0.947089,0.929897,0.0537595,0.0057309,0.115486,0.547306,0.2767,0.482509,0.0776559,0.878555,72.0946,2.67492e-12,16056,0.872503,33.453,1.99398e-12,24666,0.931768,0.905326,0.0406295,0.553862,0.492708,0.529597,0.286795,0.463067,0.265174,0.926863,72.3298,3.14198e-12,40952,0.801015,98.3984,2.667e-11,46210
6,16,n1->n2->n3->n4->n14->n15->n5->n6->n7->n8->n9->n10,4.55588e+13|5.23413e+11|1.19214e+13|4.15825e+11|2.4844e+13|8.59239e+10|3.27327e+10|2.57217e+11|2.4859e+13|4.88124e+11|5.41279e+11|1.99581e+13,1.19121e+13|5.74607e+10|1.39506e+12|5.68247e+10|7.4533e+12|1.6374e+10|5.45815e+09|1.80632e+11|3.91236e+12|5.46248e+10|5.69937e+10|1.65379e+13,0.000272813|2.22486e-05|0.000240865|0.000208244|0.000115516|6.38284e-05|2.4748e-05|0.000137431|0.000374552|7.88144e-05|0.000133309|1.10176e-05,0.000247513|0.0017649|0.00269887|0.000162239|0.000803332|0.00172194|0.000559379|0.00038|0.00159185|0.00654761|0.000128581|0.0003012,0.0267276|0.0257131|0.0137582|0.00134448|0.00362957|0.0155694|0.0302924|0.0351794|0.0267406|0.0355868|0.0160189|0.0354931,0.00109024|0.0393537|0.00978248|0.0159645|0.0393535|0.0086256|0.0390973|0.0410032|0.0256969|0.0025477|0.0314455|0.0378422,0.947856|0.962581|0.920316|0.918227|0.912009|0.98259|0.934635|0.944217|0.981074|0.983979|0.986727|0.93728,3.42645|3.77893|1.24496|6.21195|2.47916|6.09992|3.93309|6.20274|3.83823|5.1941|2.2481|4.12651,79.8117|37.015|10.4739|52.1141|92.5451|35.0583|37.2729|32.9383|55.4093|99.595|65.9961,0.180902|0.185025|0.209094|0.220919|0.209465|0.228753|0.160203|0.189792|0.245267|0.194831|0.213203,0.956865|0.12338|0.833808|0.42528|0.722966|0.738884|0.316848|0.663025|0.471863|0.756576|0.42835,0.947089,0.929897,0.0537595,0.0057309,0.115486,0.547306,0.2767,0.482509,0.0776559,0.878555,72.0946,2.67492e-12,16056,0.872503,33.453,1.99398e-12,24666,0.931768,0.905326,0.0406295,0.553862,0.492708,0.529597,0.286795,0.463067,0.265174,0.926863,72.3298,3.14198e-12,40952,0.801015,98.3984,2.667e-11,46210
6,17,n1->n2->n3->n13->n14->n15->n16->n17->n18->n8->n9->n10,4.55588e+13|5.23413e+11|1.19214e+13|1.70175e+12|2.4844e+13|8.59239e+10|1.96299e+11|6.92201e+13|8.81528e+10|4.88124e+11|5.41279e+11|1.99581e+13,1.19121e+13|5.74607e+10|1.39506e+12|1.6398e+12|7.4533e+12|1.6374e+10|4.16811e+10|1.85776e+13|7.0302e+10|5.46248e+10|5.69937e+10|1.65379e+13,0.000272813|2.22486e-05|0.000240865|0.000236651|0.000115516|6.38284e-05|1.24441e-05|3.57755e-05|0.000192647|7.88144e-05|0.000133309|1.10176e-05,0.000247513|0.0017649|0.00269887|0.000144035|0.000803332|0.00172194|0.000118496|0.000712371|0.000947335|0.00654761|0.000128581|0.0003012,0.0267276|0.0257131|0.0137582|0.0453925|0.00362957|0.0155694|0.0196441|0.0105772|0.00660715|0.0355868|0.0160189|0.0354931,0.00109024|0.0393537|0.00978248|0.032154|0.0393535|0.0086256|0.0465121|0.0442819|0.0450958|0.0025477|0.0314455|0.0378422,0.947856|0.962581|0.920316|0.94335|0.912009|0.98259|0.969417|0.934311|0.951948|0.983979|0.986727|0.93728,3.42645|3.77893|1.24496|4.14497|2.47916|6.09992|2.19452|4.13414|1.79104|5.1941|2.2481|4.12651,79.8117|37.015|83.9106|56.34|92.5451|56.2706|32.2763|27.3162|81.3396|99.595|65.9961,0.180902|0.185025|0.235608|0.243804|0.209465|0.241799|0.211942|0.218168|0.24659|0.194831|0.213203,0.956865|0.12338|0.629113|0.288383|0.722966|0.73275|0.374165|0.309735|0.632564|0.756576|0.42835,0.947089,0.929897,0.0537595,0.0057309,0.115486,0.547306,0.2767,0.482509,0.0776559,0.878555,72.0946,2.67492e-12,16056,0.872503,33.453,1.99398e-12,24666,0.931768,0.905326,0.0406295,0.553862,0.492708,0.529597,0.286795,0.463067,0.265174,0.926863,72.3298,3.14198e-12,40952,0.801015,98.3984,2.667e-11,46210
6,18,n1->n2->n3->n4->n5->n6->n16->n17->n18->n8->n9->n10,4.55588e+13|5.23413e+11|1.19214e+13|4.15825e+11|3.27327e+10|2.57217e+11|1.96299e+11|6.92201e+13|8.81528e+10|4.88124e+11|5.41279e+11|1.99581e+13,1.19121e+13|5.74607e+10|1.39506e+12|5.68247e+10|5.45815e+09|1.80632e+11|4.16811e+10|1.85776e+13|7.0302e+10|5.46248e+10|5.69937e+10|1.65379e+13,0.000272813|2.22486e-05|0.000240865|0.000208244|2.4748e-05|0.000137431|1.24441e-05|3.57755e-05|0.000192647|7.88144e-05|0.000133309|1.10176e-05,0.000247513|0.0017649|0.00269887|0.000162239|0.000559379|0.00038|0.000118496|0.000712371|0.000947335|0.00654761|0.000128581|0.0003012,0.0267276|0.0257131|0.0137582|0.00134448|0.0302924|0.0351794|0.0196441|0.0105772|0.00660715|0.0355868|0.0160189|0.0354931,0.00109024|0.0393537|0.00978248|0.0159645|0.0390973|0.0410032|0.0465121|0.0442819|0.0450958|0.0025477|0.0314455|0.0378422,0.947856|0.962581|0.920316|0.918227|0.934635|0.944217|0.969417|0.934311|0.951948|0.983979|0.986727|0.93728,3.42645|3.77893|1.24496|6.21195|3.93309|6.20274|2.19452|4.13414|1.79104|5.1941|2.2481|4.12651,79.8117|37.015|10.4739|81.7362|37.2729|50.0569|32.2763|27.3162|81.3396|99.595|65.9961,0.180902|0.185025|0.209094|0.246934|0.160203|0.177576|0.211942|0.218168|0.24659|0.194831|0.213203,0.956865|0.12338|0.833808|0.747741|0.316848|0.337265|0.374165|0.309735|0.632564|0.756576|0.42835,0.947089,0.929897,0.0537595,0.0057309,0.115486,0.547306,0.2767,0.482509,0.0776559,0.878555,72.0946,2.67492e-12,16056,0.872503,33.453,1.99398e-12,24666,0.931768,0.905326,0.0406295,0.553862,0.492708,0.529597,0.286795,0.463067,0.265174,0.926863,72.3298,3.14198e-12,40952,0.801015,98.3984,2.667e-11,46210
6,19,n1->n2->n3->n13->n14->n15->n16->n17->n18->n19->n20->n10,4.55588e+13|5.23413e+11|1.19214e+13|1.70175e+12|2.4844e+13|8.59239e+10|1.96299e+11|6.92201e+13|8.81528e+10|2.45264e+13|1.52852e+09|1.99581e+13,1.19121e+13|5.74607e+10|1.39506e+12|1.6398e+12|7.4533e+12|1.6374e+10|4.16811e+10|1.85776e+13|7.0302e+10|2.78019e+12|2.19744e+08|1.65379e+13,0.000272813|2.22486e-05|0.000240865|0.000236651|0.000115516|6.38284e-05|1.24441e-05|3.57755e-05|0.000192647|4.2477e-05|0.00080518|1.10176e-05,0.000247513|0.0017649|0.00269887|0.000144035|0.000803332|0.00172194|0.000118496|0.000712371|0.000947335|0.00118483|0.00141516|0.0003012,0.0267276|0.0257131|0.0137582|0.0453925|0.00362957|0.0155694|0.0196441|0.0105772|0.00660715|0.0169907|0.024448|0.0354931,0.00109024|0.0393537|0.00978248|0.032154|0.0393535|0.0086256|0.0465121|0.0442819|0.0450958|0.0238367|0.0192162|0.0378422,0.947856|0.962581|0.920316|0.94335|0.912009|0.98259|0.969417|0.934311|0.951948|0.92511|0.9673|0.93728,3.42645|3.77893|1.24496|4.14497|2.47916|6.09992|2.19452|4.13414|1.79104|0.817336|0.887559|4.12651,79.8117|37.015|83.9106|56.34|92.5451|56.2706|32.2763|27.3162|28.0546|10.3361|29.3778,0.180902|0.185025|0.235608|0.243804|0.209465|0.241799|0.211942|0.218168|0.244543|0.171305|0.160098,0.956865|0.12338|0.629113|0.288383|0.722966|0.73275|0.374165|0.309735|0.240936|0.982386|0.879487,0.947089,0.929897,0.0537595,0.0057309,0.115486,0.547306,0.2767,0.482509,0.0776559,0.878555,72.0946,2.67492e-12,16056,0.872503,33.453,1.99398e-12,24666,0.931768,0.905326,0.0406295,0.553862,0.492708,0.529597,0.286795,0.463067,0.265174,0.926863,72.3298,3.14198e-12,40952,0.801015,98.3984,2.667e-11,46210
6,20,n1->n2->n12->n13->n14->n15->n16->n6->n7->n8->n9->n10,4.55588e+13|5.23413e+11|9.70647e+12|1.70175e+12|2.4844e+13|8.59239e+10|1.96299e+11|2.57217e+11|2.4859e+13|4.88124e+11|5.41279e+11|1.99581e+13,1.19121e+13|5.74607e+10|1.26993e+12|1.6398e+12|7.4533e+12|1.6374e+10|4.16811e+10|1.80632e+11|3.91236e+12|5.46248e+10|5.69937e+10|1.65379e+13,0.000272813|2.22486e-05|0.000140781|0.000236651|0.000115516|6.38284e-05|1.24441e-05|0.000137431|0.000374552|7.88144e-05|0.000133309|1.10176e-05,0.000247513|0.0017649|0.000236843|0.000144035|0.000803332|0.00172194|0.000118496|0.00038|0.00159185|0.00654761|0.000128581|0.0003012,0.0267276|0.0257131|0.0184192|0.0453925|0.00362957|0.0155694|0.0196441|0.0351794|0.0267406|0.0355868|0.0160189|0.0354931,0.00109024|0.0393537|0.0133546|0.032154|0.0393535|0.0086256|0.0465121|0.0410032|0.0256969|0.0025477|0.0314455|0.0378422,0.947856|0.962581|0.978748|0.94335|0.912009|0.98259|0.969417|0.944217|0.981074|0.983979|0.986727|0.93728,3.42645|3.77893|0.907615|4.14497|2.47916|6.09992|2.19452|6.20274|3.83823|5.1941|2.2481|4.12651,79.8117|88.6198|13.9548|56.34|92.5451|56.2706|50.0569|32.9383|55.4093|99.595|65.9961,0.180902|0.229809|0.17533|0.243804|0.209465|0.241799|0.177576|0.189792|0.245267|0.194831|0.213203,0.956865|0.73214|0.469559|0.288383|0.722966|0.73275|0.337265|0.663025|0.471863|0.756576|0.42835,0.947089,0.929897,0.0537595,0.0057309,0.115486,0.547306,0.2767,0.482509,0.0776559,0.878555,72.0946,2.67492e-12,16056,0.872503,33.453,1.99398e-12,24666,0.931768,0.905326,0.0406295,0.553862,0.492708,0.529597,0.286795,0.463067,0.265174,0.926863,72.3298,3.14198e-12,40952,0.801015,98.3984,2.667e-11,46210
6,21,n1->n11->n12->n13->n14->n15->n16->n17->n18->n8->n9->n10,4.55588e+13|1.15025e+12|9.70647e+12|1.70175e+12|2.4844e+13|8.59239e+10|1.96299e+11|6.92201e+13|8.81528e+10|4.88124e+11|5.41279e+11|1.99581e+13,1.19121e+13|6.31783e+11|1.26993e+12|1.6398e+12|7.4533e+12|1.6374e+10|4.16811e+10|1.85776e+13|7.0302e+10|5.46248e+10|5.69937e+10|1.65379e+13,0.000272813|0.000273727|0.000140781|0.000236651|0.000115516|6.38284e-05|1.24441e-05|3.57755e-05|0.000192647|7.88144e-05|0.000133309|1.10176e-05,0.000247513|0.000148505|0.000236843|0.000144035|0.000803332|0.00172194|0.000118496|0.000712371|0.000947335|0.00654761|0.000128581|0.0003012,0.0267276|0.00791251|0.0184192|0.0453925|0.00362957|0.0155694|0.0196441|0.0105772|0.00660715|0.0355868|0.0160189|0.0354931,0.00109024|0.00663636|0.0133546|0.032154|0.0393535|0.0086256|0.0465121|0.0442819|0.0450958|0.0025477|0.0314455|0.0378422,0.947856|0.988586|0.978748|0.94335|0.912009|0.98259|0.969417|0.934311|0.951948|0.983979|0.986727|0.93728,3.42645|5.73996|0.907615|4.14497|2.47916|6.09992|2.19452|4.13414|1.79104|5.1941|2.2481|4.12651,30.2686|24.4191|13.9548|56.34|92.5451|56.2706|32.2763|27.3162|81.3396|99.595|65.9961,0.210339|0.19865|0.17533|0.243804|0.209465|0.241799|0.211942|0.218168|0.24659|0.194831|0.213203,0.907958|0.54288|0.469559|0.288383|0.722966|0.73275|0.374165|0.309735|0.632564|0.756576|0.42835,0.947089,0.929897,0.0537595,0.0057309,0.115486,0.547306,0.2767,0.482509,0.0776559,0.878555,72.0946,2.67492e-12,16056,0.872503,33.453,1.99398e-12,24666,0.931768,0.905326,0.0406295,0.553862,0.492708,0.529597,0.286795,0.463067,0.265174,0.926863,72.3298,3.14198e-12,40952,0.801015,98.3984,2.667e-11,46210
6,22,n1->n2->n3->n4->n5->n15->n16->n17->n18->n8->n9->n10,4.55588e+13|5.23413e+11|1.19214e+13|4.15825e+11|3.27327e+10|8.59239e+10|1.96299e+11|6.92201e+13|8.81528e+10|4.88124e+11|5.41279e+11|1.99581e+13,1.19121e+13|5.74607e+10|1.39506e+12|5.68247e+10|5.45815e+09|1.6374e+10|4.16811e+10|1.85776e+13|7.0302e+10|5.46248e+10|5.69937e+10|1.65379e+13,0.000272813|2.22486e-05|0.000240865|0.000208244|2.4748e-05|6.38284e-05|1.24441e-05|3.57755e-05|0.000192647|7.88144e-05|0.000133309|1.10176e-05,0.000247513|0.0017649|0.00269887|0.000162239|0.000559379|0.00172194|0.000118496|0.000712371|0.000947335|0.00654761|0.000128581|0.0003012,0.0267276|0.0257131|0.0137582|0.00134448|0.0302924|0.0155694|0.0196441|0.0105772|0.00660715|0.0355868|0.0160189|0.0354931,0.00109024|0.0393537|0.00978248|0.0159645|0.0390973|0.0086256|0.0465121|0.0442819|0.0450958|0.0025477|0.0314455|0.0378422,0.947856|0.962581|0.920316|0.918227|0.934635|0.98259|0.969417|0.934311|0.951948|0.983979|0.986727|0.93728,3.42645|3.77893|1.24496|6.21195|3.93309|6.09992|2.19452|4.13414|1.79104|5.1941|2.2481|4.12651,79.8117|37.015|10.4739|81.7362|35.0583|56.2706|32.2763|27.3162|81.3396|99.595|65.9961,0.180902|0.185025|0.209094|0.246934|0.228753|0.241799|0.211942|0.218168|0.24659|0.194831|0.213203,0.956865|0.12338|0.833808|0.747741|0.738884|0.73275|0.374165|0.309735|0.632564|0.756576|0.42835,0.947089,0.929897,0.0537595,0.0057309,0.115486,0.547306,0.2767,0.482509,0.0776559,0.878555,72.0946,2.67492e-12,16056,0.872503,33.453,1.99398e-12,24666,0.931768,0.905326,0.0406295,0.553862,0.492708,0.529597,0.286795,0.463067,0.265174,0.926863,72.3298,3.14198e-12,40952,0.801015,98.3984,2.667e-11,46210
6,23,n1->n11->n12->n13->n14->n15->n16->n17->n18->n19->n9->n10,4.55588e+13|1.15025e+12|9.70647e+12|1.70175e+12|2.4844e+13|8.59239e+10|1.96299e+11|6.92201e+13|8.81528e+10|2.45264e+13|5.41279e+11|1.99581e+13,1.19121e+13|6.31783e+11|1.26993e+12|1.6398e+12|7.4533e+12|1.6374e+10|4.16811e+10|1.85776e+13|7.0302e+10|2.78019e+12|5.69937e+10|1.65379e+13,0.000272813|0.000273727|0.000140781|0.000236651|0.000115516|6.38284e-05|1.24441e-05|3.57755e-05|0.000192647|4.2477e-05|0.000133309|1.10176e-05,0.000247513|0.000148505|0.000236843|0.000144035|0.000803332|0.00172194|0.000118496|0.000712371|0.000947335|0.00118483|0.000128581|0.0003012,0.0267276|0.00791251|0.0184192|0.0453925|0.00362957|0.0155694|0.0196441|0.0105772|0.00660715|0.0169907|0.0160189|0.0354931,0.00109024|0.00663636|0.0133546|0.032154|0.0393535|0.0086256|0.0465121|0.0442819|0.0450958|0.0238367|0.0314455|0.0378422,0.947856|0.988586|0.978748|0.94335|0.912009|0.98259|0.969417|0.934311|0.951948|0.92511|0.986727|0.93728,3.42645|5.73996|0.907615|4.14497|2.47916|6.09992|2.19452|4.13414|1.79104|0.817336|2.2481|4.12651,30.2686|24.4191|13.9548|56.34|92.5451|56.2706|32.2763|27.3162|28.0546|99.0064|65.9961,0.210339|0.19865|0.17533|0.243804|0.209465|0.241799|0.211942|0.218168|0.244543|0.210817|0.213203,0.907958|0.54288|0.469559|0.288383|0.722966|0.73275|0.374165|0.309735|0.240936|0.387396|0.42835,0.947089,0.929897,0.0537595,0.0057309,0.115486,0.547306,0.2767,0.482509,0.0776559,0.878555,72.0946,2.67492e-12,16056,0.872503,33.453,1.99398e-12,24666,0.931768,0.905326,0.0406295,0.553862,0.492708,0.529597,0.286795,0.463067,0.265174,0.926863,72.3298,3.14198e-12,40952,0.801015,98.3984,2.667e-11,46210
6,24,n1->n2->n3->n4->n5->n6->n7->n8->n18->n19->n9->n10,4.55588e+13|5.23413e+11|1.19214e+13|4.15825e+11|3.27327e+10|2.57217e+11|2.4859e+13|4.88124e+11|8.81528e+10|2.45264e+13|5.41279e+11|1.99581e+13,1.19121e+13|5.74607e+10|1.39506e+12|5.68247e+10|5.45815e+09|1.80632e+11|3.91236e+12|5.46248e+10|7.0302e+10|2.78019e+12|5.69937e+10|1.65379e+13,0.000272813|2.22486e-05|0.000240865|0.000208244|2.4748e-05|0.000137431|0.000374552|7.88144e-05|0.000192647|4.2477e-05|0.000133309|1.10176e-05,0.000247513|0.0017649|0.00269887|0.000162239|0.000559379|0.00038|0.00159185|0.00654761|0.000947335|0.00118483|0.000128581|0.0003012,0.0267276|0.0257131|0.0137582|0.00134448|0.0302924|0.0351794|0.0267406|0.0355868|0.00660715|0.0169907|0.0160189|0.0354931,0.00109024|0.0393537|0.00978248|0.0159645|0.0390973|0.0410032|0.0256969|0.0025477|0.0450958|0.0238367|0.0314455|0.0378422,0.947856|0.962581|0.920316|0.918227|0.934635|0.944217|0.981074|0.983979|0.951948|0.92511|0.986727|0.93728,3.42645|3.77893|1.24496|6.21195|3.93309|6.20274|3.83823|5.1941|1.79104|0.817336|2.2481|4.12651,79.8117|37.015|10.4739|81.7362|37.2729|32.9383|55.4093|81.3396|28.0546|99.0064|65.9961,0.180902|0.185025|0.209094|0.246934|0.160203|0.189792|0.245267|0.24659|0.244543|0.210817|0.213203,0.956865|0.12338|0.833808|0.747741|0.316848|0.663025|0.471863|0.632564|0.240936|0.387396|0.42835,0.947089,0.929897,0.0537595,0.0057309,0.115486,0.547306,0.2767,0.482509,0.0776559,0.878555,72.0946,2.67492e-12,16056,0.872503,33.453,1.99398e-12,24666,0.931768,0.905326,0.0406295,0.553862,0.492708,0.529597,0.286795,0.463067,0.265174,0.926863,72.3298,3.14198e-12,40952,0.801015,98.3984,2.667e-11,46210
6,25,n1->n2->n3->n4->n5->n15->n16->n17->n18->n19->n20->n10,4.55588e+13|5.23413e+11|1.19214e+13|4.15825e+11|3.27327e+10|8.59239e+10|1.96299e+11|6.92201e+13|8.81528e+10|2.45264e+13|1.52852e+09|1.99581e+13,1.19121e+13|5.74607e+10|1.39506e+12|5.68247e+10|5.45815e+09|1.6374e+10|4.16811e+10|1.85776e+13|7.0302e+10|2.78019e+12|2.19744e+08|1.65379e+13,0.000272813|2.22486e-05|0.000240865|0.000208244|2.4748e-05|6.38284e-05|1.24441e-05|3.57755e-05|0.000192647|4.2477e-05|0.00080518|1.10176e-05,0.000247513|0.0017649|0.00269887|0.000162239|0.000559379|0.00172194|0.000118496|0.000712371|0.000947335|0.00118483|0.00141516|0.0003012,0.0267276|0.0257131|0.0137582|0.00134448|0.0302924|0.0155694|0.0196441|0.0105772|0.00660715|0.0169907|0.024448|0.0354931,0.00109024|0.0393537|0.00978248|0.0159645|0.0390973|0.0086256|0.0465121|0.0442819|0.0450958|0.0238367|0.0192162|0.0378422,0.947856|0.962581|0.920316|0.918227|0.934635|0.98259|0.969417|0.934311|0.951948|0.92511|0.9673|0.93728,3.42645|3.77893|1.24496|6.21195|3.93309|6.09992|2.19452|4.13414|1.79104|0.817336|0.887559|4.12651,79.8117|37.015|10.4739|81.7362|35.0583|56.2706|32.2763|27.3162|28.0546|10.3361|29.3778,0.180902|0.185025|0.209094|0.246934|0.228753|0.241799|0.211942|0.218168|0.244543|0.171305|0.160098,0.956865|0.12338|0.833808|0.747741|0.738884|0.73275|0.374165|0.309735|0.240936|0.982386|0.879487,0.947089,0.929897,0.0537595,0.0057309,0.115486,0.547306,0.2767,0.482509,0.0776559,0.878555,72.0946,2.67492e-12,16056,0.872503,33.453,1.99398e-12,24666,0.931768,0.905326,0.0406295,0.553862,0.492708,0.529597,0.286795,0.463067,0.265174,0.926863,72.3298,3.14198e-12,40952,0.801015,98.3984,2.667e-11,46210
6,26,n1->n2->n3->n4->n5->n6->n16->n17->n18->n19->n20->n10,4.55588e+13|5.23413e+11|1.19214e+13|4.15825e+11|3.27327e+10|2.57217e+11|1.96299e+11|6.92201e+13|8.81528e+10|2.45264e+13|1.52852e+09|1.99581e+13,1.19121e+13|5.74607e+10|1.39506e+12|5.68247e+10|5.45815e+09|1.80632e+11|4.16811e+10|1.85776e+13|7.0302e+10|2.78019e+12|2.19744e+08|1.65379e+13,0.000272813|2.22486e-05|0.000240865|0.000208244|2.4748e-05|0.000137431|1.24441e-05|3.57755e-05|0.000192647|4.2477e-05|0.00080518|1.10176e-05,0.000247513|0.0017649|0.00269887|0.000162239|0.000559379|0.00038|0.000118496|0.000712371|0.000947335|0.00118483|0.00141516|0.0003012,0.0267276|0.0257131|0.0137582|0.00134448|0.0302924|0.0351794|0.0196441|0.0105772|0.00660715|0.0169907|0.024448|0.0354931,0.00109024|0.0393537|0.00978248|0.0159645|0.0390973|0.0410032|0.0465121|0.0442819|0.0450958|0.0238367|0.0192162|0.0378422,0.947856|0.962581|0.920316|0.918227|0.934635|0.944217|0.969417|0.934311|0.951948|0.92511|0.9673|0.93728,3.42645|3.77893|1.24496|6.21195|3.93309|6.20274|2.19452|4.13414|1.79104|0.817336|0.887559|4.12651,79.8117|37.015|10.4739|81.7362|37.2729|50.0569|32.2763|27.3162|28.0546|10.3361|29.3778,0.180902|0.185025|0.209094|0.246934|0.160203|0.177576|0.211942|0.218168|0.244543|0.171305|0.160098,0.956865|0.12338|0.833808|0.747741|0.316848|0.337265|0.374165|0.309735|0.240936|0.982386|0.879487,0.947089,0.929897,0.0537595,0.0057309,0.115486,0.547306,0.2767,0.482509,0.0776559,0.878555,72.0946,2.67492e-12,16056,0.872503,33.453,1.99398e-12,24666,0.931768,0.905326,0.0406295,0.553862,0.492708,0.529597,0.286795,0.463067,0.265174,0.926863,72.3298,3.14198e-12,40952,0.801015,98.3984,2.667e-11,46210
6,27,n1->n2->n3->n13->n14->n15->n16->n17->n7->n8->n9->n10,4.55588e+13|5.23413e+11|1.19214e+13|1.70175e+12|2.4844e+13|8.59239e+10|1.96299e+11|6.92201e+13|2.4859e+13|4.88124e+11|5.41279e+11|1.99581e+13,1.19121e+13|5.74607e+10|1.39506e+12|1.6398e+12|7.4533e+12|1.6374e+10|4.16811e+10|1.85776e+13|3.91236e+12|5.46248e+10|5.69937e+10|1.65379e+13,0.000272813|2.22486e-05|0.000240865|0.000236651|0.000115516|6.38284e-05|1.24441e-05|3.57755e-05|0.000374552|7.88144e-05|0.000133309|1.10176e-05,0.000247513|0.0017649|0.00269887|0.000144035|0.000803332|0.00172194|0.000118496|0.000712371|0.00159185|0.00654761|0.000128581|0.0003012,0.0267276|0.0257131|0.0137582|0.0453925|0.00362957|0.0155694|0.0196441|0.0105772|0.0267406|0.0355868|0.0160189|0.0354931,0.00109024|0.0393537|0.00978248|0.032154|0.0393535|0.0086256|0.0465121|0.0442819|0.0256969|0.0025477|0.0314455|0.0378422,0.947856|0.962581|0.920316|0.94335|0.912009|0.98259|0.969417|0.934311|0.981074|0.983979|0.986727|0.93728,3.42645|3.77893|1.24496|4.14497|2.47916|6.09992|2.19452|4.13414|3.83823|5.1941|2.2481|4.12651,79.8117|37.015|83.9106|56.34|92.5451|56.2706|32.2763|59.8148|55.4093|99.595|65.9961,0.180902|0.185025|0.235608|0.243804|0.209465|0.241799|0.211942|0.182049|0.245267|0.194831|0.213203,0.956865|0.12338|0.629113|0.288383|0.722966|0.73275|0.374165|0.538397|0.471863|0.756576|0.42835,0.947089,0.929897,0.0537595,0.0057309,0.115486,0.547306,0.2767,0.482509,0.0776559,0.878555,72.0946,2.67492e-12,16056,0.872503,33.453,1.99398e-12,24666,0.931768,0.905326,0.0406295,0.553862,0.492708,0.529597,0.286795,0.463067,0.265174,0.926863,72.3298,3.14198e-12,40952,0.801015,98.3984,2.667e-11,46210
6,28,n1->n2->n3->n4->n5->n6->n7->n8->n18->n19->n20->n10,4.55588e+13|5.23413e+11|1.19214e+13|4.15825e+11|3.27327e+10|2.57217e+11|2.4859e+13|4.88124e+11|8.81528e+10|2.45264e+13|1.52852e+09|1.99581e+13,1.19121e+13|5.74607e+10|1.39506e+12|5.68247e+10|5.45815e+09|1.80632e+11|3.91236e+12|5.46248e+10|7.0302e+10|2.78019e+12|2.19744e+08|1.65379e+13,0.000272813|2.22486e-05|0.000240865|0.000208244|2.4748e-05|0.000137431|0.000374552|7.88144e-05|0.000192647|4.2477e-05|0.00080518|1.10176e-05,0.000247513|0.0017649|0.00269887|0.000162239|0.000559379|0.00038|0.00159185|0.00654761|0.000947335|0.00118483|0.00141516|0.0003012,0.0267276|0.0257131|0.0137582|0.00134448|0.0302924|0.0351794|0.0267406|0.0355868|0.00660715|0.0169907|0.024448|0.0354931,0.00109024|0.0393537|0.00978248|0.0159645|0.0390973|0.0410032|0.0256969|0.0025477|0.0450958|0.0238367|0.0192162|0.0378422,0.947856|0.962581|0.920316|0.918227|0.934635|0.944217|0.981074|0.983979|0.951948|0.92511|0.9673|0.93728,3.42645|3.77893|1.24496|6.21195|3.93309|6.20274|3.83823|5.1941|1.79104|0.817336|0.887559|4.12651,79.8117|37.015|10.4739|81.7362|37.2729|32.9383|55.4093|81.3396|28.0546|10.3361|29.3778,0.180902|0.185025|0.209094|0.246934|0.160203|0.189792|0.245267|0.24659|0.244543|0.171305|0.160098,0.956865|0.12338|0.833808|0.747741|0.316848|0.663025|0.471863|0.632564|0.240936|0.982386|0.879487,0.947089,0.929897,0.0537595,0.0057309,0.115486,0.547306,0.2767,0.482509,0.0776559,0.878555,72.0946,2.67492e-12,16056,0.872503,33.453,1.99398e-12,24666,0.931768,0.905326,0.0406295,0.553862,0.492708,0.529597,0.286795,0.463067,0.265174,0.926863,72.3298,3.14198e-12,40952,0.801015,98.3984,2.667e-11,46210
6,29,n1->n2->n3->n4->n14->n15->n16->n17->n18->n19->n20->n10,4.55588e+13|5.23413e+11|1.19214e+13|4.15825e+11|2.4844e+13|8.59239e+10|1.96299e+11|6.92201e+13|8.81528e+10|2.45264e+13|1.52852e+09|1.99581e+13,1.19121e+13|5.74607e+10|1.39506e+12|5.68247e+10|7.4533e+12|1.6374e+10|4.16811e+10|1.85776e+13|7.0302e+10|2.78019e+12|2.19744e+08|1.65379e+13,0.000272813|2.22486e-05|0.000240865|0.000208244|0.000115516|6.38284e-05|1.24441e-05|3.57755e-05|0.000192647|4.2477e-05|0.00080518|1.10176e-05,0.000247513|0.0017649|0.00269887|0.000162239|0.000803332|0.00172194|0.000118496|0.000712371|0.000947335|0.00118483|0.00141516|0.0003012,0.0267276|0.0257131|0.0137582|0.00134448|0.00362957|0.0155694|0.0196441|0.0105772|0.00660715|0.0169907|0.024448|0.0354931,0.00109024|0.0393537|0.00978248|0.0159645|0.0393535|0.0086256|0.0465121|0.0442819|0.0450958|0.0238367|0.0192162|0.0378422,0.947856|0.962581|0.920316|0.918227|0.912009|0.98259|0.969417|0.934311|0.951948|0.92511|0.9673|0.93728,3.42645|3.77893|1.24496|6.21195|2.47916|6.09992|2.19452|4.13414|1.79104|0.817336|0.887559|4.12651,79.8117|37.015|10.4739|52.1141|92.5451|56.2706|32.2763|27.3162|28.0546|10.3361|29.3778,0.180902|0.185025|0.209094|0.220919|0.209465|0.241799|0.211942|0.218168|0.244543|0.171305|0.160098,0.956865|0.12338|0.833808|0.42528|0.722966|0.73275|0.374165|0.309735|0.240936|0.982386|0.879487,0.947089,0.929897,0.0537595,0.0057309,0.115486,0.547306,0.2767,0.482509,0.0776559,0.878555,72.0946,2.67492e-12,16056,0.872503,33.453,1.99398e-12,24666,0.931768,0.905326,0.0406295,0.553862,0.492708,0.529597,0.286795,0.463067,0.265174,0.926863,72.3298,3.14198e-12,40952,0.801015,98.3984,2.667e-11,46210
6,30,n1->n2->n3->n4->n14->n15->n16->n17->n7->n8->n9->n10,4.55588e+13|5.23413e+11|1.19214e+13|4.15825e+11|2.4844e+13|8.59239e+10|1.96299e+11|6.92201e+13|2.4859e+13|4.88124e+11|5.41279e+11|1.99581e+13,1.19121e+13|5.74607e+10|1.39506e+12|5.68247e+10|7.4533e+12|1.6374e+10|4.16811e+10|1.85776e+13|3.91236e+12|5.46248e+10|5.69937e+10|1.65379e+13,0.000272813|2.22486e-05|0.000240865|0.000208244|0.000115516|6.38284e-05|1.24441e-05|3.57755e-05|0.000374552|7.88144e-05|0.000133309|1.10176e-05,0.000247513|0.0017649|0.00269887|0.000162239|0.000803332|0.00172194|0.000118496|0.000712371|0.00159185|0.00654761|0.000128581|0.0003012,0.0267276|0.0257131|0.0137582|0.00134448|0.00362957|0.0155694|0.0196441|0.0105772|0.0267406|0.0355868|0.0160189|0.0354931,0.00109024|0.0393537|0.00978248|0.0159645|0.0393535|0.0086256|0.0465121|0.0442819|0.0256969|0.0025477|0.0314455|0.0378422,0.947856|0.962581|0.920316|0.918227|0.912009|0.98259|0.969417|0.934311|0.981074|0.983979|0.986727|0.93728,3.42645|3.77893|1.24496|6.21195|2.47916|6.09992|2.19452|4.13414|3.83823|5.1941|2.2481|4.12651,79.8117|37.015|10.4739|52.1141|92.5451|56.2706|32.2763|59.8148|55.4093|99.595|65.9961,0.180902|0.185025|0.209094|0.220919|0.209465|0.241799|0.211942|0.182049|0.245267|0.194831|0.213203,0.956865|0.12338|0.833808|0.42528|0.722966|0.73275|0.374165|0.538397|0.471863|0.756576|0.42835,0.947089,0.929897,0.0537595,0.0057309,0.115486,0.547306,0.2767,0.482509,0.0776559,0.878555,72.0946,2.67492e-12,16056,0.872503,33.453,1.99398e-12,24666,0.931768,0.905326,0.0406295,0.553862,0.492708,0.529597,0.286795,0.463067,0.265174,0.926863,72.3298,3.14198e-12,40952,0.801015,98.3984,2.667e-11,46210
6,31,n1->n2->n3->n4->n5->n6->n7->n8->n9->n19->n20->n10,4.55588e+13|5.23413e+11|1.19214e+13|4.15825e+11|3.27327e+10|2.57217e+11|2.4859e+13|4.88124e+11|5.41279e+11|2.45264e+13|1.52852e+09|1.99581e+13,1.19121e+13|5.74607e+10|1.39506e+12|5.68247e+10|5.45815e+09|1.80632e+11|3.91236e+12|5.46248e+10|5.69937e+10|2.78019e+12|2.19744e+08|1.65379e+13,0.000272813|2.22486e-05|0.000240865|0.000208244|2.4748e-05|0.000137431|0.000374552|7.88144e-05|0.000133309|4.2477e-05|0.00080518|1.10176e-05,0.000247513|0.0017649|0.00269887|0.000162239|0.000559379|0.00038|0.00159185|0.00654761|0.000128581|0.00118483|0.00141516|0.0003012,0.0267276|0.0257131|0.0137582|0.00134448|0.0302924|0.0351794|0.0267406|0.0355868|0.0160189|0.0169907|0.024448|0.0354931,0.00109024|0.0393537|0.00978248|0.0159645|0.0390973|0.0410032|0.0256969|0.0025477|0.0314455|0.0238367|0.0192162|0.0378422,0.947856|0.962581|0.920316|0.918227|0.934635|0.944217|0.981074|0.983979|0.986727|0.92511|0.9673|0.93728,3.42645|3.77893|1.24496|6.21195|3.93309|6.20274|3.83823|5.1941|2.2481|0.817336|0.887559|4.12651,79.8117|37.015|10.4739|81.7362|37.2729|32.9383|55.4093|99.595|99.0064|10.3361|29.3778,0.180902|0.185025|0.209094|0.246934|0.160203|0.189792|0.245267|0.194831|0.210817|0.171305|0.160098,0.956865|0.12338|0.833808|0.747741|0.316848|0.663025|0.471863|0.756576|0.387396|0.982386|0.879487,0.947089,0.929897,0.0537595,0.0057309,0.115486,0.547306,0.2767,0.482509,0.0776559,0.878555,72.0946,2.67492e-12,16056,0.872503,33.453,1.99398e-12,24666,0.931768,0.905326,0.0406295,0.553862,0.492708,0.529597,0.286795,0.463067,0.265174,0.926863,72.3298,3.14198e-12,40952,0.801015,98.3984,2.667e-11,46210
6,32,n1->n2->n3->n4->n5->n6->n16->n17->n7->n8->n9->n10,4.55588e+13|5.23413e+11|1.19214e+13|4.15825e+11|3.27327e+10|2.57217e+11|1.96299e+11|6.92201e+13|2.4859e+13|4.88124e+11|5.41279e+11|1.99581e+13,1.19121e+13|5.74607e+10|1.39506e+12|5.68247e+10|5.45815e+09|1.80632e+11|4.16811e+10|1.85776e+13|3.91236e+12|5.46248e+10|5.69937e+10|1.65379e+13,0.000272813|2.22486e-05|0.000240865|0.000208244|2.4748e-05|0.000137431|1.24441e-05|3.57755e-05|0.000374552|7.88144e-05|0.000133309|1.10176e-05,0.000247513|0.0017649|0.00269887|0.000162239|0.000559379|0.00038|0.000118496|0.000712371|0.00159185|0.00654761|0.000128581|0.0003012,0.0267276|0.0257131|0.0137582|0.00134448|0.0302924|0.0351794|0.0196441|0.0105772|0.0267406|0.0355868|0.0160189|0.0354931,0.00109024|0.0393537|0.00978248|0.0159645|0.0390973|0.0410032|0.0465121|0.0442819|0.0256969|0.0025477|0.0314455|0.0378422,0.947856|0.962581|0.920316|0.918227|0.934635|0.944217|0.969417|0.934311|0.981074|0.983979|0.986727|0.93728,3.42645|3.77893|1.24496|6.21195|3.93309|6.20274|2.19452|4.13414|3.83823|5.1941|2.2481|4.12651,79.8117|37.015|10.4739|81.7362|37.2729|50.0569|32.2763|59.8148|55.4093|99.595|65.9961,0.180902|0.185025|0.209094|0.246934|0.160203|0.177576|0.211942|0.182049|0.245267|0.194831|0.213203,0.956865|0.12338|0.833808|0.747741|0.316848|0.337265|0.374165|0.538397|0.471863|0.756576|0.42835,0.947089,0.929897,0.0537595,0.0057309,0.115486,0.547306,0.2767,0.482509,0.0776559,0.878555,72.0946,2.67492e-12,16056,0.872503,33.453,1.99398e-12,24666,0.931768,0.905326,0.0406295,0.553862,0.492708,0.529597,0.286795,0.463067,0.265174,0.926863,72.3298,3.14198e-12,40952,0.801015,98.3984,2.667e-11,46210
6,33,n1->n2->n3->n4->n14->n15->n16->n17->n18->n19->n9->n10,4.55588e+13|5.23413e+11|1.19214e+13|4.15825e+11|2.4844e+13|8.59239e+10|1.96299e+11|6.92201e+13|8.81528e+10|2.45264e+13|5.41279e+11|1.99581e+13,1.19121e+13|5.74607e+10|1.39506e+12|5.68247e+10|7.4533e+12|1.6374e+10|4.16811e+10|1.85776e+13|7.0302e+10|2.78019e+12|5.69937e+10|1.65379e+13,0.000272813|2.22486e-05|0.000240865|0.000208244|0.000115516|6.38284e-05|1.24441e-05|3.57755e-05|0.000192647|4.2477e-05|0.000133309|1.10176e-05,0.000247513|0.0017649|0.00269887|0.000162239|0.000803332|0.00172194|0.000118496|0.000712371|0.000947335|0.00118483|0.000128581|0.0003012,0.0267276|0.0257131|0.0137582|0.00134448|0.00362957|0.0155694|0.0196441|0.0105772|0.00660715|0.0169907|0.0160189|0.0354931,0.00109024|0.0393537|0.00978248|0.0159645|0.0393535|0.0086256|0.0465121|0.0442819|0.0450958|0.0238367|0.0314455|0.0378422,0.947856|0.962581|0.920316|0.918227|0.912009|0.98259|0.969417|0.934311|0.951948|0.92511|0.986727|0.93728,3.42645|3.77893|1.24496|6.21195|2.47916|6.09992|2.19452|4.13414|1.79104|0.817336|2.2481|4.12651,79.8117|37.015|10.4739|52.1141|92.5451|56.2706|32.2763|27.3162|28.0546|99.0064|65.9961,0.180902|0.185025|0.209094|0.220919|0.209465|0.241799|0.211942|0.218168|0.244543|0.210817|0.213203,0.956865|0.12338|0.833808|0.42528|0.722966|0.73275|0.374165|0.309735|0.240936|0.387396|0.42835,0.947089,0.929897,0.0537595,0.0057309,0.115486,0.547306,0.2767,0.482509,0.0776559,0.878555,72.0946,2.67492e-12,16056,0.872503,33.453,1.99398e-12,24666,0.931768,0.905326,0.0406295,0.553862,0.492708,0.529597,0.286795,0.463067,0.265174,0.926863,72.3298,3.14198e-12,40952,0.801015,98.3984,2.667e-11,46210
6,34,n1->n2->n3->n4->n5->n6->n7->n17->n18->n8->n9->n10,4.55588e+13|5.23413e+11|1.19214e+13|4.15825e+11|3.27327e+10|2.57217e+11|2.4859e+13|6.92201e+13|8.81528e+10|4.88124e+11|5.41279e+11|1.99581e+13,1.19121e+13|5.74607e+10|1.39506e+12|5.68247e+10|5.45815e+09|1.80632e+11|3.91236e+12|1.85776e+13|7.0302e+10|5.46248e+10|5.69937e+10|1.65379e+13,0.000272813|2.22486e-05|0.000240865|0.000208244|2.4748e-05|0.000137431|0.000374552|3.57755e-05|0.000192647|7.88144e-05|0.000133309|1.10176e-05,0.000247513|0.0017649|0.00269887|0.000162239|0.000559379|0.00038|0.00159185|0.000712371|0.000947335|0.00654761|0.000128581|0.0003012,0.0267276|0.0257131|0.0137582|0.00134448|0.0302924|0.0351794|0.0267406|0.0105772|0.00660715|0.0355868|0.0160189|0.0354931,0.00109024|0.0393537|0.00978248|0.0159645|0.0390973|0.0410032|0.0256969|0.0442819|0.0450958|0.0025477|0.0314455|0.0378422,0.947856|0.962581|0.920316|0.918227|0.934635|0.944217|0.981074|0.934311|0.951948|0.983979|0.986727|0.93728,3.42645|3.77893|1.24496|6.21195|3.93309|6.20274|3.83823|4.13414|1.79104|5.1941|2.2481|4.12651,79.8117|37.015|10.4739|81.7362|37.2729|32.9383|59.8148|27.3162|81.3396|99.595|65.9961,0.180902|0.185025|0.209094|0.246934|0.160203|0.189792|0.182049|0.218168|0.24659|0.194831|0.213203,0.956865|0.12338|0.833808|0.747741|0.316848|0.663025|0.538397|0.309735|0.632564|0.756576|0.42835,0.947089,0.929897,0.0537595,0.0057309,0.115486,0.547306,0.2767,0.482509,0.0776559,0.878555,72.0946,2.67492e-12,16056,0.872503,33.453,1.99398e-12,24666,0.931768,0.905326,0.0406295,0.553862,0.492708,0.529597,0.286795,0.463067,0.265174,0.926863,72.3298,3.14198e-12,40952,0.801015,98.3984,2.667e-11,46210
6,35,n1->n2->n3->n4->n14->n15->n16->n17->n18->n8->n9->n10,4.55588e+13|5.23413e+11|1.19214e+13|4.15825e+11|2.4844e+13|8.59239e+10|1.96299e+11|6.92201e+13|8.81528e+10|4.88124e+11|5.41279e+11|1.99581e+13,1.19121e+13|5.74607e+10|1.39506e+12|5.68247e+10|7.4533e+12|1.6374e+10|4.16811e+10|1.85776e+13|7.0302e+10|5.46248e+10|5.69937e+10|1.65379e+13,0.000272813|2.22486e-05|0.000240865|0.000208244|0.000115516|6.38284e-05|1.24441e-05|3.57755e-05|0.000192647|7.88144e-05|0.000133309|1.10176e-05,0.000247513|0.0017649|0.00269887|0.000162239|0.000803332|0.00172194|0.000118496|0.000712371|0.000947335|0.00654761|0.000128581|0.0003012,0.0267276|0.0257131|0.0137582|0.00134448|0.00362957|0.0155694|0.0196441|0.0105772|0.00660715|0.0355868|0.0160189|0.0354931,0.00109024|0.0393537|0.00978248|0.0159645|0.0393535|0.0086256|0.0465121|0.0442819|0.0450958|0.0025477|0.0314455|0.0378422,0.947856|0.962581|0.920316|0.918227|0.912009|0.98259|0.969417|0.934311|0.951948|0.983979|0.986727|0.93728,3.42645|3.77893|1.24496|6.21195|2.47916|6.09992|2.19452|4.13414|1.79104|5.1941|2.2481|4.12651,79.8117|37.015|10.4739|52.1141|92.5451|56.2706|32.2763|27.3162|81.3396|99.595|65.9961,0.180902|0.185025|0.209094|0.220919|0.209465|0.241799|0.211942|0.218168|0.24659|0.194831|0.213203,0.956865|0.12338|0.833808|0.42528|0.722966|0.73275|0.374165|0.309735|0.632564|0.756576|0.42835,0.947089,0.929897,0.0537595,0.0057309,0.115486,0.547306,0.2767,0.482509,0.0776559,0.878555,72.0946,2.67492e-12,16056,0.872503,33.453,1.99398e-12,24666,0.931768,0.905326,0.0406295,0.553862,0.492708,0.529597,0.286795,0.463067,0.265174,0.926863,72.3298,3.14198e-12,40952,0.801015,98.3984,2.667e-11,46210
6,36,n1->n11->n12->n13->n14->n15->n16->n17->n18->n19->n20->n10,4.55588e+13|1.15025e+12|9.70647e+12|1.70175e+12|2.4844e+13|8.59239e+10|1.96299e+11|6.92201e+13|8.81528e+10|2.45264e+13|1.52852e+09|1.99581e+13,1.19121e+13|6.31783e+11|1.26993e+12|1.6398e+12|7.4533e+12|1.6374e+10|4.16811e+10|1.85776e+13|7.0302e+10|2.78019e+12|2.19744e+08|1.65379e+13,0.000272813|0.000273727|0.000140781|0.000236651|0.000115516|6.38284e-05|1.24441e-05|3.57755e-05|0.000192647|4.2477e-05|0.00080518|1.10176e-05,0.000247513|0.000148505|0.000236843|0.000144035|0.000803332|0.00172194|0.000118496|0.000712371|0.000947335|0.00118483|0.00141516|0.0003012,0.0267276|0.00791251|0.0184192|0.0453925|0.00362957|0.0155694|0.0196441|0.0105772|0.00660715|0.0169907|0.024448|0.0354931,0.00109024|0.00663636|0.0133546|0.032154|0.0393535|0.0086256|0.0465121|0.0442819|0.0450958|0.0238367|0.0192162|0.0378422,0.947856|0.988586|0.978748|0.94335|0.912009|0.98259|0.969417|0.934311|0.951948|0.92511|0.9673|0.93728,3.42645|5.73996|0.907615|4.14497|2.47916|6.09992|2.19452|4.13414|1.79104|0.817336|0.887559|4.12651,30.2686|24.4191|13.9548|56.34|92.5451|56.2706|32.2763|27.3162|28.0546|10.3361|29.3778,0.210339|0.19865|0.17533|0.243804|0.209465|0.241799|0.211942|0.218168|0.244543|0.171305|0.160098,0.907958|0.54288|0.469559|0.288383|0.722966|0.73275|0.374165|0.309735|0.240936|0.982386|0.879487,0.947089,0.929897,0.0537595,0.0057309,0.115486,0.547306,0.2767,0.482509,0.0776559,0.878555,72.0946,2.67492e-12,16056,0.872503,33.453,1.99398e-12,24666,0.931768,0.905326,0.0406295,0.553862,0.492708,0.529597,0.286795,0.463067,0.265174,0.926863,72.3298,3.14198e-12,40952,0.801015,98.3984,2.667e-11,46210
6,37,n1->n2->n12->n13->n14->n15->n16->n17->n18->n8->n9->n10,4.55588e+13|5.23413e+11|9.70647e+12|1.70175e+12|2.4844e+13|8.59239e+10|1.96299e+11|6.92201e+13|8.81528e+10|4.88124e+11|5.41279e+11|1.99581e+13,1.19121e+13|5.74607e+10|1.26993e+12|1.6398e+12|7.4533e+12|1.6374e+10|4.16811e+10|1.85776e+13|7.0302e+10|5.46248e+10|5.69937e+10|1.65379e+13,0.000272813|2.22486e-05|0.000140781|0.000236651|0.000115516|6.38284e-05|1.24441e-05|3.57755e-05|0.000192647|7.88144e-05|0.000133309|1.10176e-05,0.000247513|0.0017649|0.000236843|0.000144035|0.000803332|0.00172194|0.000118496|0.000712371|0.000947335|0.00654761|0.000128581|0.0003012,0.0267276|0.0257131|0.0184192|0.0453925|0.00362957|0.0155694|0.0196441|0.0105772|0.00660715|0.0355868|0.0160189|0.0354931,0.00109024|0.0393537|0.0133546|0.032154|0.0393535|0.0086256|0.0465121|0.0442819|0.0450958|0.0025477|0.0314455|0.0378422,0.947856|0.962581|0.978748|0.94335|0.912009|0.98259|0.969417|0.934311|0.951948|0.983979|0.986727|0.93728,3.42645|3.77893|0.907615|4.14497|2.47916|6.09992|2.19452|4.13414|1.79104|5.1941|2.2481|4.12651,79.8117|88.6198|13.9548|56.34|92.5451|56.2706|32.2763|27.3162|81.3396|99.595|65.9961,0.180902|0.229809|0.17533|0.243804|0.209465|0.241799|0.211942|0.218168|0.24659|0.194831|0.213203,0.956865|0.73214|0.469559|0.288383|0.722966|0.73275|0.374165|0.309735|0.632564|0.756576|0.42835,0.947089,0.929897,0.0537595,0.0057309,0.115486,0.547306,0.2767,0.482509,0.0776559,0.878555,72.0946,2.67492e-12,16056,0.872503,33.453,1.99398e-12,24666,0.931768,0.905326,0.0406295,0.553862,0.492708,0.529597,0.286795,0.463067,0.265174,0.926863,72.3298,3.14198e-12,40952,0.801015,98.3984,2.667e-11,46210
6,38,n1->n2->n3->n4->n5->n6->n7->n17->n18->n19->n20->n10,4.55588e+13|5.23413e+11|1.19214e+13|4.15825e+11|3.27327e+10|2.57217e+11|2.4859e+13|6.92201e+13|8.81528e+10|2.45264e+13|1.52852e+09|1.99581e+13,1.19121e+13|5.74607e+10|1.39506e+12|5.68247e+10|5.45815e+09|1.80632e+11|3.91236e+12|1.85776e+13|7.0302e+10|2.78019e+12|2.19744e+08|1.65379e+13,0.000272813|2.22486e-05|0.000240865|0.000208244|2.4748e-05|0.000137431|0.000374552|3.57755e-05|0.000192647|4.2477e-05|0.00080518|1.10176e-05,0.000247513|0.0017649|0.00269887|0.000162239|0.000559379|0.00038|0.00159185|0.000712371|0.000947335|0.00118483|0.00141516|0.0003012,0.0267276|0.0257131|0.0137582|0.00134448|0.0302924|0.0351794|0.0267406|0.0105772|0.00660715|0.0169907|0.024448|0.0354931,0.00109024|0.0393537|0.00978248|0.0159645|0.0390973|0.0410032|0.0256969|0.0442819|0.0450958|0.0238367|0.0192162|0.0378422,0.947856|0.962581|0.920316|0.918227|0.934635|0.944217|0.981074|0.934311|0.951948|0.92511|0.9673|0.93728,3.42645|3.77893|1.24496|6.21195|3.93309|6.20274|3.83823|4.13414|1.79104|0.817336|0.887559|4.12651,79.8117|37.015|10.4739|81.7362|37.2729|32.9383|59.8148|27.3162|28.0546|10.3361|29.3778,0.180902|0.185025|0.209094|0.246934|0.160203|0.189792|0.182049|0.218168|0.244543|0.171305|0.160098,0.956865|0.12338|0.833808|0.747741|0.316848|0.663025|0.538397|0.309735|0.240936|0.982386|0.879487,0.947089,0.929897,0.0537595,0.0057309,0.115486,0.547306,0.2767,0.482509,0.0776559,0.878555,72.0946,2.67492e-12,16056,0.872503,33.453,1.99398e-12,24666,0.931768,0.905326,0.0406295,0.553862,0.492708,0.529597,0.286795,0.463067,0.265174,0.926863,72.3298,3.14198e-12,40952,0.801015,98.3984,2.667e-11,46210
6,39,n1->n2->n12->n13->n14->n15->n16->n17->n18->n19->n20->n10,4.55588e+13|5.23413e+11|9.70647e+12|1.70175e+12|2.4844e+13|8.59239e+10|1.96299e+11|6.92201e+13|8.81528e+10|2.45264e+13|1.52852e+09|1.99581e+13,1.19121e+13|5.74607e+10|1.26993e+12|1.6398e+12|7.4533e+12|1.6374e+10|4.16811e+10|1.85776e+13|7.0302e+10|2.78019e+12|2.19744e+08|1.65379e+13,0.000272813|2.22486e-05|0.000140781|0.000236651|0.000115516|6.38284e-05|1.24441e-05|3.57755e-05|0.000192647|4.2477e-05|0.00080518|1.10176e-05,0.000247513|0.0017649|0.000236843|0.000144035|0.000803332|0.00172194|0.000118496|0.000712371|0.000947335|0.00118483|0.00141516|0.0003012,0.0267276|0.0257131|0.0184192|0.0453925|0.00362957|0.0155694|0.0196441|0.0105772|0.00660715|0.0169907|0.024448|0.0354931,0.00109024|0.0393537|0.0133546|0.032154|0.0393535|0.0086256|0.0465121|0.0442819|0.0450958|0.0238367|0.0192162|0.0378422,0.947856|0.962581|0.978748|0.94335|0.912009|0.98259|0.969417|0.934311|0.951948|0.92511|0.9673|0.93728,3.42645|3.77893|0.907615|4.14497|2.47916|6.09992|2.19452|4.13414|1.79104|0.817336|0.887559|4.12651,79.8117|88.6198|13.9548|56.34|92.5451|56.2706|32.2763|27.3162|28.0546|10.3361|29.3778,0.180902|0.229809|0.17533|0.243804|0.209465|0.241799|0.211942|0.218168|0.244543|0.171305|0.160098,0.956865|0.73214|0.469559|0.288383|0.722966|0.73275|0.374165|0.309735|0.240936|0.982386|0.879487,0.947089,0.929897,0.0537595,0.0057309,0.115486,0.547306,0.2767,0.482509,0.0776559,0.878555,72.0946,2.67492e-12,16056,0.872503,33.453,1.99398e-12,24666,0.931768,0.905326,0.0406295,0.553862,0.492708,0.529597,0.286795,0.463067,0.265174,0.926863,72.3298,3.14198e-12,40952,0.801015,98.3984,2.667e-11,46210
6,40,n1->n2->n3->n4->n5->n6->n7->n17->n18->n19->n9->n10,4.55588e+13|5.23413e+11|1.19214e+13|4.15825e+11|3.27327e+10|2.57217e+11|2.4859e+13|6.92201e+13|8.81528e+10|2.45264e+13|5.41279e+11|1.99581e+13,1.19121e+13|5.74607e+10|1.39506e+12|5.68247e+10|5.45815e+09|1.80632e+11|3.91236e+12|1.85776e+13|7.0302e+10|2.78019e+12|5.69937e+10|1.65379e+13,0.000272813|2.22486e-05|0.000240865|0.000208244|2.4748e-05|0.000137431|0.000374552|3.57755e-05|0.000192647|4.2477e-05|0.000133309|1.10176e-05,0.000247513|0.0017649|0.00269887|0.000162239|0.000559379|0.00038|0.00159185|0.000712371|0.000947335|0.00118483|0.000128581|0.0003012,0.0267276|0.0257131|0.0137582|0.00134448|0.0302924|0.0351794|0.0267406|0.0105772|0.00660715|0.0169907|0.0160189|0.0354931,0.00109024|0.0393537|0.00978248|0.0159645|0.0390973|0.0410032|0.0256969|0.0442819|0.0450958|0.0238367|0.0314455|0.0378422,0.947856|0.962581|0.920316|0.918227|0.934635|0.944217|0.981074|0.934311|0.951948|0.92511|0.986727|0.93728,3.42645|3.77893|1.24496|6.21195|3.93309|6.20274|3.83823|4.13414|1.79104|0.817336|2.2481|4.12651,79.8117|37.015|10.4739|81.7362|37.2729|32.9383|59.8148|27.3162|28.0546|99.0064|65.9961,0.180902|0.185025|0.209094|0.246934|0.160203|0.189792|0.182049|0.218168|0.244543|0.210817|0.213203,0.956865|0.12338|0.833808|0.747741|0.316848|0.663025|0.538397|0.309735|0.240936|0.387396|0.42835,0.947089,0.929897,0.0537595,0.0057309,0.115486,0.547306,0.2767,0.482509,0.0776559,0.878555,72.0946,2.67492e-12,16056,0.872503,33.453,1.99398e-12,24666,0.931768,0.905326,0.0406295,0.553862,0.492708,0.529597,0.286795,0.463067,0.265174,0.926863,72.3298,3.14198e-12,40952,0.801015,98.3984,2.667e-11,46210
6,41,n1->n11->n12->n22->n23->n13->n14->n4->n5->n6->n7->n8->n9->n10,4.55588e+13|1.15025e+12|9.70647e+12|7.03401e+09|5.51854e+11|1.70175e+12|2.4844e+13|4.15825e+11|3.27327e+10|2.57217e+11|2.4859e+13|4.88124e+11|5.41279e+11|1.99581e+13,1.19121e+13|6.31783e+11|1.26993e+12|4.27301e+09|7.72178e+10|1.6398e+12|7.4533e+12|5.68247e+10|5.45815e+09|1.80632e+11|3.91236e+12|5.46248e+10|5.69937e+10|1.65379e+13,0.000272813|0.000273727|0.000140781|0.000672453|1.44025e-05|0.000236651|0.000115516|0.000208244|2.4748e-05|0.000137431|0.000374552|7.88144e-05|0.000133309|1.10176e-05,0.000247513|0.000148505|0.000236843|0.00709411|0.0082118|0.000144035|0.000803332|0.000162239|0.000559379|0.00038|0.00159185|0.00654761|0.000128581|0.0003012,0.0267276|0.00791251|0.0184192|0.0149108|0.0212901|0.0453925|0.00362957|0.00134448|0.0302924|0.0351794|0.0267406|0.0355868|0.0160189|0.0354931,0.00109024|0.00663636|0.0133546|0.0420171|0.017526|0.032154|0.0393535|0.0159645|0.0390973|0.0410032|0.0256969|0.0025477|0.0314455|0.0378422,0.947856|0.988586|0.978748|0.950942|0.933849|0.94335|0.912009|0.918227|0.934635|0.944217|0.981074|0.983979|0.986727|0.93728,3.42645|5.73996|0.907615|5.16975|2.38092|4.14497|2.47916|6.21195|3.93309|6.20274|3.83823|5.1941|2.2481|4.12651,30.2686|24.4191|13.2112|55.8812|51.9585|56.34|52.1141|81.7362|37.2729|32.9383|55.4093|99.595|65.9961,0.210339|0.19865|0.235624|0.248061|0.224371|0.243804|0.220919|0.246934|0.160203|0.189792|0.245267|0.194831|0.213203,0.907958|0.54288|0.512005|0.990161|0.980199|0.288383|0.42528|0.747741|0.316848|0.663025|0.471863|0.756576|0.42835,0.947089,0.929897,0.0537595,0.0057309,0.115486,0.547306,0.2767,0.482509,0.0776559,0.878555,72.0946,2.67492e-12,16056,0.872503,33.453,1.99398e-12,24666,0.931768,0.905326,0.0406295,0.553862,0.492708,0.529597,0.286795,0.463067,0.265174,0.926863,72.3298,3.14198e-12,40952,0.801015,98.3984,2.667e-11,46210
6,42,n1->n11->n12->n22->n23->n24->n25->n15->n5->n6->n7->n8->n9->n10,4.55588e+13|1.15025e+12|9.70647e+12|7.03401e+09|5.51854e+11|5.30865e+13|2.01397e+10|8.59239e+10|3.27327e+10|2.57217e+11|2.4859e+13|4.88124e+11|5.41279e+11|1.99581e+13,1.19121e+13|6.31783e+11|1.26993e+12|4.27301e+09|7.72178e+10|6.13322e+12|2.08097e+09|1.6374e+10|5.45815e+09|1.80632e+11|3.91236e+12|5.46248e+10|5.69937e+10|1.65379e+13,0.000272813|0.000273727|0.000140781|0.000672453|1.44025e-05|1.7303e-05|2.70509e-05|6.38284e-05|2.4748e-05|0.000137431|0.000374552|7.88144e-05|0.000133309|1.10176e-05,0.000247513|0.000148505|0.000236843|0.00709411|0.0082118|0.0037958|0.00299666|0.00172194|0.000559379|0.00038|0.00159185|0.00654761|0.000128581|0.0003012,0.0267276|0.00791251|0.0184192|0.0149108|0.0212901|0.0274705|0.0427717|0.0155694|0.0302924|0.0351794|0.0267406|0.0355868|0.0160189|0.0354931,0.00109024|0.00663636|0.0133546|0.0420171|0.017526|0.00642684|0.0449118|0.0086256|0.0390973|0.0410032|0.0256969|0.0025477|0.0314455|0.0378422,0.947856|0.988586|0.978748|0.950942|0.933849|0.903274|0.937042|0.98259|0.934635|0.944217|0.981074|0.983979|0.986727|0.93728,3.42645|5.73996|0.907615|5.16975|2.38092|1.40891|2.00694|6.09992|3.93309|6.20274|3.83823|5.1941|2.2481|4.12651,30.2686|24.4191|13.2112|55.8812|67.5745|18.2346|54.7186|35.0583|37.2729|32.9383|55.4093|99.595|65.9961,0.210339|0.19865|0.235624|0.248061|0.166922|0.244562|0.244234|0.228753|0.160203|0.189792|0.245267|0.194831|0.213203,0.907958|0.54288|0.512005|0.990161|0.619697|0.255688|0.629787|0.738884|0.316848|0.663025|0.471863|0.756576|0.42835,0.947089,0.929897,0.0537595,0.0057309,0.115486,0.547306,0.2767,0.482509,0.0776559,0.878555,72.0946,2.67492e-12,16056,0.872503,33.453,1.99398e-12,24666,0.931768,0.905326,0.0406295,0.553862,0.492708,0.529597,0.286795,0.463067,0.265174,0.926863,72.3298,3.14198e-12,40952,0.801015,98.3984,2.667e-11,46210
6,43,n1->n2->n12->n22->n23->n13->n14->n4->n5->n6->n7->n8->n9->n10,4.55588e+13|5.23413e+11|9.70647e+12|7.03401e+09|5.51854e+11|1.70175e+12|2.4844e+13|4.15825e+11|3.27327e+10|2.57217e+11|2.4859e+13|4.88124e+11|5.41279e+11|1.99581e+13,1.19121e+13|5.74607e+10|1.26993e+12|4.27301e+09|7.72178e+10|1.6398e+12|7.4533e+12|5.68247e+10|5.45815e+09|1.80632e+11|3.91236e+12|5.46248e+10|5.69937e+10|1.65379e+13,0.000272813|2.22486e-05|0.000140781|0.000672453|1.44025e-05|0.000236651|0.000115516|0.000208244|2.4748e-05|0.000137431|0.000374552|7.88144e-05|0.000133309|1.10176e-05,0.000247513|0.0017649|0.000236843|0.00709411|0.0082118|0.000144035|0.000803332|0.000162239|0.000559379|0.00038|0.00159185|0.00654761|0.000128581|0.0003012,0.0267276|0.0257131|0.0184192|0.0149108|0.0212901|0.0453925|0.00362957|0.00134448|0.0302924|0.0351794|0.0267406|0.0355868|0.0160189|0.0354931,0.00109024|0.0393537|0.0133546|0.0420171|0.017526|0.032154|0.0393535|0.0159645|0.0390973|0.0410032|0.0256969|0.0025477|0.0314455|0.0378422,0.947856|0.962581|0.978748|0.950942|0.933849|0.94335|0.912009|0.918227|0.934635|0.944217|0.981074|0.983979|0.986727|0.93728,3.42645|3.77893|0.907615|5.16975|2.38092|4.14497|2.47916|6.21195|3.93309|6.20274|3.83823|5.1941|2.2481|4.12651,79.8117|88.6198|13.2112|55.8812|51.9585|56.34|52.1141|81.7362|37.2729|32.9383|55.4093|99.595|65.9961,0.180902|0.229809|0.235624|0.248061|0.224371|0.243804|0.220919|0.246934|0.160203|0.189792|0.245267|0.194831|0.213203,0.956865|0.73214|0.512005|0.990161|0.980199|0.288383|0.42528|0.747741|0.316848|0.663025|0.471863|0.756576|0.42835,0.947089,0.929897,0.0537595,0.0057309,0.115486,0.547306,0.2767,0.482509,0.0776559,0.878555,72.0946,2.67492e-12,16056,0.872503,33.453,1.99398e-12,24666,0.931768,0.905326,0.0406295,0.553862,0.492708,0.529597,0.286795,0.463067,0.265174,0.926863,72.3298,3.14198e-12,40952,0.801015,98.3984,2.667e-11,46210
6,44,n1->n11->n12->n2->n3->n4->n5->n6->n7->n8->n9->n19->n20->n10,4.55588e+13|1.15025e+12|9.70647e+12|5.23413e+11|1.19214e+13|4.15825e+11|3.27327e+10|2.57217e+11|2.4859e+13|4.88124e+11|5.41279e+11|2.45264e+13|1.52852e+09|1.99581e+13,1.19121e+13|6.31783e+11|1.26993e+12|5.74607e+10|1.39506e+12|5.68247e+10|5.45815e+09|1.80632e+11|3.91236e+12|5.46248e+10|5.69937e+10|2.78019e+12|2.19744e+08|1.65379e+13,0.000272813|0.000273727|0.000140781|2.22486e-05|0.000240865|0.000208244|2.4748e-05|0.000137431|0.000374552|7.88144e-05|0.000133309|4.2477e-05|0.00080518|1.10176e-05,0.000247513|0.000148505|0.000236843|0.0017649|0.00269887|0.000162239|0.000559379|0.00038|0.00159185|0.00654761|0.000128581|0.00118483|0.00141516|0.0003012,0.0267276|0.00791251|0.0184192|0.0257131|0.0137582|0.00134448|0.0302924|0.0351794|0.0267406|0.0355868|0.0160189|0.0169907|0.024448|0.0354931,0.00109024|0.00663636|0.0133546|0.0393537|0.00978248|0.0159645|0.0390973|0.0410032|0.0256969|0.0025477|0.0314455|0.0238367|0.0192162|0.0378422,0.947856|0.988586|0.978748|0.962581|0.920316|0.918227|0.934635|0.944217|0.981074|0.983979|0.986727|0.92511|0.9673|0.93728,3.42645|5.73996|0.907615|3.77893|1.24496|6.21195|3.93309|6.20274|3.83823|5.1941|2.2481|0.817336|0.887559|4.12651,30.2686|24.4191|88.6198|37.015|10.4739|81.7362|37.2729|32.9383|55.4093|99.595|99.0064|10.3361|29.3778,0.210339|0.19865|0.229809|0.185025|0.209094|0.246934|0.160203|0.189792|0.245267|0.194831|0.210817|0.171305|0.160098,0.907958|0.54288|0.73214|0.12338|0.833808|0.747741|0.316848|0.663025|0.471863|0.756576|0.387396|0.982386|0.879487,0.947089,0.929897,0.0537595,0.0057309,0.115486,0.547306,0.2767,0.482509,0.0776559,0.878555,72.0946,2.67492e-12,16056,0.872503,33.453,1.99398e-12,24666,0.931768,0.905326,0.0406295,0.553862,0.492708,0.529597,0.286795,0.463067,0.265174,0.926863,72.3298,3.14198e-12,40952,0.801015,98.3984,2.667e-11,46210
6,45,n1->n11->n21->n22->n23->n13->n3->n4->n5->n6->n7->n8->n9->n10,4.55588e+13|1.15025e+12|2.40242e+10|7.03401e+09|5.51854e+11|1.70175e+12|1.19214e+13|4.15825e+11|3.27327e+10|2.57217e+11|2.4859e+13|4.88124e+11|5.41279e+11|1.99581e+13,1.19121e+13|6.31783e+11|1.08781e+10|4.27301e+09|7.72178e+10|1.6398e+12|1.39506e+12|5.68247e+10|5.45815e+09|1.80632e+11|3.91236e+12|5.46248e+10|5.69937e+10|1.65379e+13,0.000272813|0.000273727|9.0809e-05|0.000672453|1.44025e-05|0.000236651|0.000240865|0.000208244|2.4748e-05|0.000137431|0.000374552|7.88144e-05|0.000133309|1.10176e-05,0.000247513|0.000148505|0.00346885|0.00709411|0.0082118|0.000144035|0.00269887|0.000162239|0.000559379|0.00038|0.00159185|0.00654761|0.000128581|0.0003012,0.0267276|0.00791251|0.0448555|0.0149108|0.0212901|0.0453925|0.0137582|0.00134448|0.0302924|0.0351794|0.0267406|0.0355868|0.0160189|0.0354931,0.00109024|0.00663636|0.0411686|0.0420171|0.017526|0.032154|0.00978248|0.0159645|0.0390973|0.0410032|0.0256969|0.0025477|0.0314455|0.0378422,0.947856|0.988586|0.9175|0.950942|0.933849|0.94335|0.920316|0.918227|0.934635|0.944217|0.981074|0.983979|0.986727|0.93728,3.42645|5.73996|0.574724|5.16975|2.38092|4.14497|1.24496|6.21195|3.93309|6.20274|3.83823|5.1941|2.2481|4.12651,30.2686|65.1286|34.0839|55.8812|51.9585|83.9106|10.4739|81.7362|37.2729|32.9383|55.4093|99.595|65.9961,0.210339|0.167515|0.248622|0.248061|0.224371|0.235608|0.209094|0.246934|0.160203|0.189792|0.245267|0.194831|0.213203,0.907958|0.853399|0.539818|0.990161|0.980199|0.629113|0.833808|0.747741|0.316848|0.663025|0.471863|0.756576|0.42835,0.947089,0.929897,0.0537595,0.0057309,0.115486,0.547306,0.2767,0.482509,0.0776559,0.878555,72.0946,2.67492e-12,16056,0.872503,33.453,1.99398e-12,24666,0.931768,0.905326,0.0406295,0.553862,0.492708,0.529597,0.286795,0.463067,0.265174,0.926863,72.3298,3.14198e-12,40952,0.801015,98.3984,2.667e-11,46210
6,46,n1->n2->n12->n22->n23->n24->n25->n15->n5->n6->n7->n8->n9->n10,4.55588e+13|5.23413e+11|9.70647e+12|7.03401e+09|5.51854e+11|5.30865e+13|2.01397e+10|8.59239e+10|3.27327e+10|2.57217e+11|2.4859e+13|4.88124e+11|5.41279e+11|1.99581e+13,1.19121e+13|5.74607e+10|1.26993e+12|4.27301e+09|7.72178e+10|6.13322e+12|2.08097e+09|1.6374e+10|5.45815e+09|1.80632e+11|3.91236e+12|5.46248e+10|5.69937e+10|1.65379e+13,0.000272813|2.22486e-05|0.000140781|0.000672453|1.44025e-05|1.7303e-05|2.70509e-05|6.38284e-05|2.4748e-05|0.000137431|0.000374552|7.88144e-05|0.000133309|1.10176e-05,0.000247513|0.0017649|0.000236843|0.00709411|0.0082118|0.0037958|0.00299666|0.00172194|0.000559379|0.00038|0.00159185|0.00654761|0.000128581|0.0003012,0.0267276|0.0257131|0.0184192|0.0149108|0.0212901|0.0274705|0.0427717|0.0155694|0.0302924|0.0351794|0.0267406|0.0355868|0.0160189|0.0354931,0.00109024|0.0393537|0.0133546|0.0420171|0.017526|0.00642684|0.0449118|0.0086256|0.0390973|0.0410032|0.0256969|0.0025477|0.0314455|0.0378422,0.947856|0.962581|0.978748|0.950942|0.933849|0.903274|0.937042|0.98259|0.934635|0.944217|0.981074|0.983979|0.986727|0.93728,3.42645|3.77893|0.907615|5.16975|2.38092|1.40891|2.00694|6.09992|3.93309|6.20274|3.83823|5.1941|2.2481|4.12651,79.8117|88.6198|13.2112|55.8812|67.5745|18.2346|54.7186|35.0583|37.2729|32.9383|55.4093|99.595|65.9961,0.180902|0.229809|0.235624|0.248061|0.166922|0.244562|0.244234|0.228753|0.160203|0.189792|0.245267|0.194831|0.213203,0.956865|0.73214|0.512005|0.990161|0.619697|0.255688|0.629787|0.738884|0.316848|0.663025|0.471863|0.756576|0.42835,0.947089,0.929897,0.0537595,0.0057309,0.115486,0.547306,0.2767,0.482509,0.0776559,0.878555,72.0946,2.67492e-12,16056,0.872503,33.453,1.99398e-12,24666,0.931768,0.905326,0.0406295,0.553862,0.492708,0.529597,0.286795,0.463067,0.265174,0.926863,72.3298,3.14198e-12,40952,0.801015,98.3984,2.667e-11,46210
6,47,n1->n11->n21->n22->n12->n2->n3->n4->n5->n6->n7->n8->n9->n10,4.55588e+13|1.15025e+12|2.40242e+10|7.03401e+09|9.70647e+12|5.23413e+11|1.19214e+13|4.15825e+11|3.27327e+10|2.57217e+11|2.4859e+13|4.88124e+11|5.41279e+11|1.99581e+13,1.19121e+13|6.31783e+11|1.08781e+10|4.27301e+09|1.26993e+12|5.74607e+10|1.39506e+12|5.68247e+10|5.45815e+09|1.80632e+11|3.91236e+12|5.46248e+10|5.69937e+10|1.65379e+13,0.000272813|0.000273727|9.0809e-05|0.000672453|0.000140781|2.22486e-05|0.000240865|0.000208244|2.4748e-05|0.000137431|0.000374552|7.88144e-05|0.000133309|1.10176e-05,0.000247513|0.000148505|0.00346885|0.00709411|0.000236843|0.0017649|0.00269887|0.000162239|0.000559379|0.00038|0.00159185|0.00654761|0.000128581|0.0003012,0.0267276|0.00791251|0.0448555|0.0149108|0.0184192|0.0257131|0.0137582|0.00134448|0.0302924|0.0351794|0.0267406|0.0355868|0.0160189|0.0354931,0.00109024|0.00663636|0.0411686|0.0420171|0.0133546|0.0393537|0.00978248|0.0159645|0.0390973|0.0410032|0.0256969|0.0025477|0.0314455|0.0378422,0.947856|0.988586|0.9175|0.950942|0.978748|0.962581|0.920316|0.918227|0.934635|0.944217|0.981074|0.983979|0.986727|0.93728,3.42645|5.73996|0.574724|5.16975|0.907615|3.77893|1.24496|6.21195|3.93309|6.20274|3.83823|5.1941|2.2481|4.12651,30.2686|65.1286|34.0839|13.2112|88.6198|37.015|10.4739|81.7362|37.2729|32.9383|55.4093|99.595|65.9961,0.210339|0.167515|0.248622|0.235624|0.229809|0.185025|0.209094|0.246934|0.160203|0.189792|0.245267|0.194831|0.213203,0.907958|0.853399|0.539818|0.512005|0.73214|0.12338|0.833808|0.747741|0.316848|0.663025|0.471863|0.756576|0.42835,0.947089,0.929897,0.0537595,0.0057309,0.115486,0.547306,0.2767,0.482509,0.0776559,0.878555,72.0946,2.67492e-12,16056,0.872503,33.453,1.99398e-12,24666,0.931768,0.905326,0.0406295,0.553862,0.492708,0.529597,0.286795,0.463067,0.265174,0.926863,72.3298,3.14198e-12,40952,0.801015,98.3984,2.667e-11,46210
6,48,n1->n2->n12->n13->n23->n24->n14->n4->n5->n6->n7->n8->n9->n10,4.55588e+13|5.23413e+11|9.70647e+12|1.70175e+12|5.51854e+11|5.30865e+13|2.4844e+13|4.15825e+11|3.27327e+10|2.57217e+11|2.4859e+13|4.88124e+11|5.41279e+11|1.99581e+13,1.19121e+13|5.74607e+10|1.26993e+12|1.6398e+12|7.72178e+10|6.13322e+12|7.4533e+12|5.68247e+10|5.45815e+09|1.80632e+11|3.91236e+12|5.46248e+10|5.69937e+10|1.65379e+13,0.000272813|2.22486e-05|0.000140781|0.000236651|1.44025e-05|1.7303e-05|0.000115516|0.000208244|2.4748e-05|0.000137431|0.000374552|7.88144e-05|0.000133309|1.10176e-05,0.000247513|0.0017649|0.000236843|0.000144035|0.0082118|0.0037958|0.000803332|0.000162239|0.000559379|0.00038|0.00159185|0.00654761|0.000128581|0.0003012,0.0267276|0.0257131|0.0184192|0.0453925|0.0212901|0.0274705|0.00362957|0.00134448|0.0302924|0.0351794|0.0267406|0.0355868|0.0160189|0.0354931,0.00109024|0.0393537|0.0133546|0.032154|0.017526|0.00642684|0.0393535|0.0159645|0.0390973|0.0410032|0.0256969|0.0025477|0.0314455|0.0378422,0.947856|0.962581|0.978748|0.94335|0.933849|0.903274|0.912009|0.918227|0.934635|0.944217|0.981074|0.983979|0.986727|0.93728,3.42645|3.77893|0.907615|4.14497|2.38092|1.40891|2.47916|6.21195|3.93309|6.20274|3.83823|5.1941|2.2481|4.12651,79.8117|88.6198|13.9548|51.9585|67.5745|66.6304|52.1141|81.7362|37.2729|32.9383|55.4093|99.595|65.9961,0.180902|0.229809|0.17533|0.224371|0.166922|0.19539|0.220919|0.246934|0.160203|0.189792|0.245267|0.194831|0.213203,0.956865|0.73214|0.469559|0.980199|0.619697|0.776204|0.42528|0.747741|0.316848|0.663025|0.471863|0.756576|0.42835,0.947089,0.929897,0.0537595,0.0057309,0.115486,0.547306,0.2767,0.482509,0.0776559,0.878555,72.0946,2.67492e-12,16056,0.872503,33.453,1.99398e-12,24666,0.931768,0.905326,0.0406295,0.553862,0.492708,0.529597,0.286795,0.463067,0.265174,0.926863,72.3298,3.14198e-12,40952,0.801015,98.3984,2.667e-11,46210
6,49,n1->n11->n12->n13->n23->n24->n25->n26->n16->n6->n7->n8->n9->n10,4.55588e+13|1.15025e+12|9.70647e+12|1.70175e+12|5.51854e+11|5.30865e+13|2.01397e+10|9.98399e+13|1.96299e+11|2.57217e+11|2.4859e+13|4.88124e+11|5.41279e+11|1.99581e+13,1.19121e+13|6.31783e+11|1.26993e+12|1.6398e+12|7.72178e+10|6.13322e+12|2.08097e+09|5.87009e+13|4.16811e+10|1.80632e+11|3.91236e+12|5.46248e+10|5.69937e+10|1.65379e+13,0.000272813|0.000273727|0.000140781|0.000236651|1.44025e-05|1.7303e-05|2.70509e-05|0.000118769|1.24441e-05|0.000137431|0.000374552|7.88144e-05|0.000133309|1.10176e-05,0.000247513|0.000148505|0.000236843|0.000144035|0.0082118|0.0037958|0.00299666|0.000323253|0.000118496|0.00038|0.00159185|0.00654761|0.000128581|0.0003012,0.0267276|0.00791251|0.0184192|0.0453925|0.0212901|0.0274705|0.0427717|0.0160653|0.0196441|0.0351794|0.0267406|0.0355868|0.0160189|0.0354931,0.00109024|0.00663636|0.0133546|0.032154|0.017526|0.00642684|0.0449118|0.0257682|0.0465121|0.0410032|0.0256969|0.0025477|0.0314455|0.0378422,0.947856|0.988586|0.978748|0.94335|0.933849|0.903274|0.937042|0.951498|0.969417|0.944217|0.981074|0.983979|0.986727|0.93728,3.42645|5.73996|0.907615|4.14497|2.38092|1.40891|2.00694|0.0859455|2.19452|6.20274|3.83823|5.1941|2.2481|4.12651,30.2686|24.4191|13.9548|51.9585|67.5745|18.2346|55.6995|11.0615|50.0569|32.9383|55.4093|99.595|65.9961,0.210339|0.19865|0.17533|0.224371|0.166922|0.244562|0.190523|0.223866|0.177576|0.189792|0.245267|0.194831|0.213203,0.907958|0.54288|0.469559|0.980199|0.619697|0.255688|0.158588|0.893757|0.337265|0.663025|0.471863|0.756576|0.42835,0.947089,0.929897,0.0537595,0.0057309,0.115486,0.547306,0.2767,0.482509,0.0776559,0.878555,72.0946,2.67492e-12,16056,0.872503,33.453,1.99398e-12,24666,0.931768,0.905326,0.0406295,0.553862,0.492708,0.529597,0.286795,0.463067,0.265174,0.926863,72.3298,3.14198e-12,40952,0.801015,98.3984,2.667e-11,46210
6,50,n1->n11->n21->n22->n12->n13->n14->n4->n5->n6->n7->n8->n9->n10,4.55588e+13|1.15025e+12|2.40242e+10|7.03401e+09|9.70647e+12|1.70175e+12|2.4844e+13|4.15825e+11|3.27327e+10|2.57217e+11|2.4859e+13|4.88124e+11|5.41279e+11|1.99581e+13,1.19121e+13|6.31783e+11|1.08781e+10|4.27301e+09|1.26993e+12|1.6398e+12|7.4533e+12|5.68247e+10|5.45815e+09|1.80632e+11|3.91236e+12|5.46248e+10|5.69937e+10|1.65379e+13,0.000272813|0.000273727|9.0809e-05|0.000672453|0.000140781|0.000236651|0.000115516|0.000208244|2.4748e-05|0.000137431|0.000374552|7.88144e-05|0.000133309|1.10176e-05,0.000247513|0.000148505|0.00346885|0.00709411|0.000236843|0.000144035|0.000803332|0.000162239|0.000559379|0.00038|0.00159185|0.00654761|0.000128581|0.0003012,0.0267276|0.00791251|0.0448555|0.0149108|0.0184192|0.0453925|0.00362957|0.00134448|0.0302924|0.0351794|0.0267406|0.0355868|0.0160189|0.0354931,0.00109024|0.00663636|0.0411686|0.0420171|0.0133546|0.032154|0.0393535|0.0159645|0.0390973|0.0410032|0.0256969|0.0025477|0.0314455|0.0378422,0.947856|0.988586|0.9175|0.950942|0.978748|0.94335|0.912009|0.918227|0.934635|0.944217|0.981074|0.983979|0.986727|0.93728,3.42645|5.73996|0.574724|5.16975|0.907615|4.14497|2.47916|6.21195|3.93309|6.20274|3.83823|5.1941|2.2481|4.12651,30.2686|65.1286|34.0839|13.2112|13.9548|56.34|52.1141|81.7362|37.2729|32.9383|55.4093|99.595|65.9961,0.210339|0.167515|0.248622|0.235624|0.17533|0.243804|0.220919|0.246934|0.160203|0.189792|0.245267|0.194831|0.213203,0.907958|0.853399|0.539818|0.512005|0.469559|0.288383|0.42528|0.747741|0.316848|0.663025|0.471863|0.756576|0.42835,0.947089,0.929897,0.0537595,0.0057309,0.115486,0.547306,0.2767,0.482509,0.0776559,0.878555,72.0946,2.67492e-12,16056,0.872503,33.453,1.99398e-12,24666,0.931768,0.905326,0.0406295,0.553862,0.492708,0.529597,0.286795,0.463067,0.265174,0.926863,72.3298,3.14198e-12,40952,0.801015,98.3984,2.667e-11,46210
6,51,n1->n2->n3->n4->n5->n15->n25->n26->n16->n6->n7->n8->n9->n10,4.55588e+13|5.23413e+11|1.19214e+13|4.15825e+11|3.27327e+10|8.59239e+10|2.01397e+10|9.98399e+13|1.96299e+11|2.57217e+11|2.4859e+13|4.88124e+11|5.41279e+11|1.99581e+13,1.19121e+13|5.74607e+10|1.39506e+12|5.68247e+10|5.45815e+09|1.6374e+10|2.08097e+09|5.87009e+13|4.16811e+10|1.80632e+11|3.91236e+12|5.46248e+10|5.69937e+10|1.65379e+13,0.000272813|2.22486e-05|0.000240865|0.000208244|2.4748e-05|6.38284e-05|2.70509e-05|0.000118769|1.24441e-05|0.000137431|0.000374552|7.88144e-05|0.000133309|1.10176e-05,0.000247513|0.0017649|0.00269887|0.000162239|0.000559379|0.00172194|0.00299666|0.000323253|0.000118496|0.00038|0.00159185|0.00654761|0.000128581|0.0003012,0.0267276|0.0257131|0.0137582|0.00134448|0.0302924|0.0155694|0.0427717|0.0160653|0.0196441|0.0351794|0.0267406|0.0355868|0.0160189|0.0354931,0.00109024|0.0393537|0.00978248|0.0159645|0.0390973|0.0086256|0.0449118|0.0257682|0.0465121|0.0410032|0.0256969|0.0025477|0.0314455|0.0378422,0.947856|0.962581|0.920316|0.918227|0.934635|0.98259|0.937042|0.951498|0.969417|0.944217|0.981074|0.983979|0.986727|0.93728,3.42645|3.77893|1.24496|6.21195|3.93309|6.09992|2.00694|0.0859455|2.19452|6.20274|3.83823|5.1941|2.2481|4.12651,79.8117|37.015|10.4739|81.7362|35.0583|54.7186|55.6995|11.0615|50.0569|32.9383|55.4093|99.595|65.9961,0.180902|0.185025|0.209094|0.246934|0.228753|0.244234|0.190523|0.223866|0.177576|0.189792|0.245267|0.194831|0.213203,0.956865|0.12338|0.833808|0.747741|0.738884|0.629787|0.158588|0.893757|0.337265|0.663025|0.471863|0.756576|0.42835,0.947089,0.929897,0.0537595,0.0057309,0.115486,0.547306,0.2767,0.482509,0.0776559,0.878555,72.0946,2.67492e-12,16056,0.872503,33.453,1.99398e-12,24666,0.931768,0.905326,0.0406295,0.553862,0.492708,0.529597,0.286795,0.463067,0.265174,0.926863,72.3298,3.14198e-12,40952,0.801015,98.3984,2.667e-11,46210
6,52,n1->n2->n12->n22->n23->n13->n14->n15->n16->n17->n7->n8->n9->n10,4.55588e+13|5.23413e+11|9.70647e+12|7.03401e+09|5.51854e+11|1.70175e+12|2.4844e+13|8.59239e+10|1.96299e+11|6.92201e+13|2.4859e+13|4.88124e+11|5.41279e+11|1.99581e+13,1.19121e+13|5.74607e+10|1.26993e+12|4.27301e+09|7.72178e+10|1.6398e+12|7.4533e+12|1.6374e+10|4.16811e+10|1.85776e+13|3.91236e+12|5.46248e+10|5.69937e+10|1.65379e+13,0.000272813|2.22486e-05|0.000140781|0.000672453|1.44025e-05|0.000236651|0.000115516|6.38284e-05|1.24441e-05|3.57755e-05|0.000374552|7.88144e-05|0.000133309|1.10176e-05,0.000247513|0.0017649|0.000236843|0.00709411|0.0082118|0.000144035|0.000803332|0.00172194|0.000118496|0.000712371|0.00159185|0.00654761|0.000128581|0.0003012,0.0267276|0.0257131|0.0184192|0.0149108|0.0212901|0.0453925|0.00362957|0.0155694|0.0196441|0.0105772|0.0267406|0.0355868|0.0160189|0.0354931,0.00109024|0.0393537|0.0133546|0.0420171|0.017526|0.032154|0.0393535|0.0086256|0.0465121|0.0442819|0.0256969|0.0025477|0.0314455|0.0378422,0.947856|0.962581|0.978748|0.950942|0.933849|0.94335|0.912009|0.98259|0.969417|0.934311|0.981074|0.983979|0.986727|0.93728,3.42645|3.77893|0.907615|5.16975|2.38092|4.14497|2.47916|6.09992|2.19452|4.13414|3.83823|5.1941|2.2481|4.12651,79.8117|88.6198|13.2112|55.8812|51.9585|56.34|92.5451|56.2706|32.2763|59.8148|55.4093|99.595|65.9961,0.180902|0.229809|0.235624|0.248061|0.224371|0.243804|0.209465|0.241799|0.211942|0.182049|0.245267|0.194831|0.213203,0.956865|0.73214|0.512005|0.990161|0.980199|0.288383|0.722966|0.73275|0.374165|0.538397|0.471863|0.756576|0.42835,0.947089,0.929897,0.0537595,0.0057309,0.115486,0.547306,0.2767,0.482509,0.0776559,0.878555,72.0946,2.67492e-12,16056,0.872503,33.453,1.99398e-12,24666,0.931768,0.905326,0.0406295,0.553862,0.492708,0.529597,0.286795,0.463067,0.265174,0.926863,72.3298,3.14198e-12,40952,0.801015,98.3984,2.667e-11,46210
6,53,n1->n11->n21->n22->n23->n24->n25->n26->n27->n28->n29->n19->n20->n10,4.55588e+13|1.15025e+12|2.40242e+10|7.03401e+09|5.51854e+11|5.30865e+13|2.01397e+10|9.98399e+13|6.26614e+13|1.9542e+12|2.59271e+10|2.45264e+13|1.52852e+09|1.99581e+13,1.19121e+13|6.31783e+11|1.08781e+10|4.27301e+09|7.72178e+10|6.13322e+12|2.08097e+09|5.87009e+13|2.35834e+13|1.33825e+12|8.13129e+09|2.78019e+12|2.19744e+08|1.65379e+13,0.000272813|0.000273727|9.0809e-05|0.000672453|1.44025e-05|1.7303e-05|2.70509e-05|0.000118769|0.000150771|2.58334e-05|0.000314414|4.2477e-05|0.00080518|1.10176e-05,0.000247513|0.000148505|0.00346885|0.00709411|0.0082118|0.0037958|0.00299666|0.000323253|0.000264815|0.00569206|0.000236294|0.00118483|0.00141516|0.0003012,0.0267276|0.00791251|0.0448555|0.0149108|0.0212901|0.0274705|0.0427717|0.0160653|0.0382494|0.0230741|0.0496326|0.0169907|0.024448|0.0354931,0.00109024|0.00663636|0.0411686|0.0420171|0.017526|0.00642684|0.0449118|0.0257682|0.0368632|0.00482618|0.0080761|0.0238367|0.0192162|0.0378422,0.947856|0.988586|0.9175|0.950942|0.933849|0.903274|0.937042|0.951498|0.90904|0.910034|0.956941|0.92511|0.9673|0.93728,3.42645|5.73996|0.574724|5.16975|2.38092|1.40891|2.00694|0.0859455|3.73846|1.24284|5.8367|0.817336|0.887559|4.12651,30.2686|65.1286|34.0839|55.8812|67.5745|18.2346|55.6995|42.5138|15.3326|39.0733|84.7043|10.3361|29.3778,0.210339|0.167515|0.248622|0.248061|0.166922|0.244562|0.190523|0.164014|0.200691|0.227384|0.198187|0.171305|0.160098,0.907958|0.853399|0.539818|0.990161|0.619697|0.255688|0.158588|0.873071|0.938399|0.753148|0.580249|0.982386|0.879487,0.947089,0.929897,0.0537595,0.0057309,0.115486,0.547306,0.2767,0.482509,0.0776559,0.878555,72.0946,2.67492e-12,16056,0.872503,33.453,1.99398e-12,24666,0.931768,0.905326,0.0406295,0.553862,0.492708,0.529597,0.286795,0.463067,0.265174,0.926863,72.3298,3.14198e-12,40952,0.801015,98.3984,2.667e-11,46210
6,54,n1->n11->n21->n22->n23->n24->n25->n15->n5->n6->n7->n8->n9->n10,4.55588e+13|1.15025e+12|2.40242e+10|7.03401e+09|5.51854e+11|5.30865e+13|2.01397e+10|8.59239e+10|3.27327e+10|2.57217e+11|2.4859e+13|4.88124e+11|5.41279e+11|1.99581e+13,1.19121e+13|6.31783e+11|1.08781e+10|4.27301e+09|7.72178e+10|6.13322e+12|2.08097e+09|1.6374e+10|5.45815e+09|1.80632e+11|3.91236e+12|5.46248e+10|5.69937e+10|1.65379e+13,0.000272813|0.000273727|9.0809e-05|0.000672453|1.44025e-05|1.7303e-05|2.70509e-05|6.38284e-05|2.4748e-05|0.000137431|0.000374552|7.88144e-05|0.000133309|1.10176e-05,0.000247513|0.000148505|0.00346885|0.00709411|0.0082118|0.0037958|0.00299666|0.00172194|0.000559379|0.00038|0.00159185|0.00654761|0.000128581|0.0003012,0.0267276|0.00791251|0.0448555|0.0149108|0.0212901|0.0274705|0.0427717|0.0155694|0.0302924|0.0351794|0.0267406|0.0355868|0.0160189|0.0354931,0.00109024|0.00663636|0.0411686|0.0420171|0.017526|0.00642684|0.0449118|0.0086256|0.0390973|0.0410032|0.0256969|0.0025477|0.0314455|0.0378422,0.947856|0.988586|0.9175|0.950942|0.933849|0.903274|0.937042|0.98259|0.934635|0.944217|0.981074|0.983979|0.986727|0.93728,3.42645|5.73996|0.574724|5.16975|2.38092|1.40891|2.00694|6.09992|3.93309|6.20274|3.83823|5.1941|2.2481|4.12651,30.2686|65.1286|34.0839|55.8812|67.5745|18.2346|54.7186|35.0583|37.2729|32.9383|55.4093|99.595|65.9961,0.210339|0.167515|0.248622|0.248061|0.166922|0.244562|0.244234|0.228753|0.160203|0.189792|0.245267|0.194831|0.213203,0.907958|0.853399|0.539818|0.990161|0.619697|0.255688|0.629787|0.738884|0.316848|0.663025|0.471863|0.756576|0.42835,0.947089,0.929897,0.0537595,0.0057309,0.115486,0.547306,0.2767,0.482509,0.0776559,0.878555,72.0946,2.67492e-12,16056,0.872503,33.453,1.99398e-12,24666,0.931768,0.905326,0.0406295,0.553862,0.492708,0.529597,0.286795,0.463067,0.265174,0.926863,72.3298,3.14198e-12,40952,0.801015,98.3984,2.667e-11,46210
6,55,n1->n11->n21->n22->n23->n24->n25->n26->n27->n17->n18->n19->n9->n10,4.55588e+13|1.15025e+12|2.40242e+10|7.03401e+09|5.51854e+11|5.30865e+13|2.01397e+10|9.98399e+13|6.26614e+13|6.92201e+13|8.81528e+10|2.45264e+13|5.41279e+11|1.99581e+13,1.19121e+13|6.31783e+11|1.08781e+10|4.27301e+09|7.72178e+10|6.13322e+12|2.08097e+09|5.87009e+13|2.35834e+13|1.85776e+13|7.0302e+10|2.78019e+12|5.69937e+10|1.65379e+13,0.000272813|0.000273727|9.0809e-05|0.000672453|1.44025e-05|1.7303e-05|2.70509e-05|0.000118769|0.000150771|3.57755e-05|0.000192647|4.2477e-05|0.000133309|1.10176e-05,0.000247513|0.000148505|0.00346885|0.00709411|0.0082118|0.0037958|0.00299666|0.000323253|0.000264815|0.000712371|0.000947335|0.00118483|0.000128581|0.0003012,0.0267276|0.00791251|0.0448555|0.0149108|0.0212901|0.0274705|0.0427717|0.0160653|0.0382494|0.0105772|0.00660715|0.0169907|0.0160189|0.0354931,0.00109024|0.00663636|0.0411686|0.0420171|0.017526|0.00642684|0.0449118|0.0257682|0.0368632|0.0442819|0.0450958|0.0238367|0.0314455|0.0378422,0.947856|0.988586|0.9175|0.950942|0.933849|0.903274|0.937042|0.951498|0.90904|0.934311|0.951948|0.92511|0.986727|0.93728,3.42645|5.73996|0.574724|5.16975|2.38092|1.40891|2.00694|0.0859455|3.73846|4.13414|1.79104|0.817336|2.2481|4.12651,30.2686|65.1286|34.0839|55.8812|67.5745|18.2346|55.6995|42.5138|72.2829|27.3162|28.0546|99.0064|65.9961,0.210339|0.167515|0.248622|0.248061|0.166922|0.244562|0.190523|0.164014|0.20897|0.218168|0.244543|0.210817|0.213203,0.907958|0.853399|0.539818|0.990161|0.619697|0.255688|0.158588|0.873071|0.780344|0.309735|0.240936|0.387396|0.42835,0.947089,0.929897,0.0537595,0.0057309,0.115486,0.547306,0.2767,0.482509,0.0776559,0.878555,72.0946,2.67492e-12,16056,0.872503,33.453,1.99398e-12,24666,0.931768,0.905326,0.0406295,0.553862,0.492708,0.529597,0.286795,0.463067,0.265174,0.926863,72.3298,3.14198e-12,40952,0.801015,98.3984,2.667e-11,46210
6,56,n1->n11->n21->n22->n23->n13->n14->n4->n5->n6->n7->n8->n9->n10,4.55588e+13|1.15025e+12|2.40242e+10|7.03401e+09|5.51854e+11|1.70175e+12|2.4844e+13|4.15825e+11|3.27327e+10|2.57217e+11|2.4859e+13|4.88124e+11|5.41279e+11|1.99581e+13,1.19121e+13|6.31783e+11|1.08781e+10|4.27301e+09|7.72178e+10|1.6398e+12|7.4533e+12|5.68247e+10|5.45815e+09|1.80632e+11|3.91236e+12|5.46248e+10|5.69937e+10|1.65379e+13,0.000272813|0.000273727|9.0809e-05|0.000672453|1.44025e-05|0.000236651|0.000115516|0.000208244|2.4748e-05|0.000137431|0.000374552|7.88144e-05|0.000133309|1.10176e-05,0.000247513|0.000148505|0.00346885|0.00709411|0.0082118|0.000144035|0.000803332|0.000162239|0.000559379|0.00038|0.00159185|0.00654761|0.000128581|0.0003012,0.0267276|0.00791251|0.0448555|0.0149108|0.0212901|0.0453925|0.00362957|0.00134448|0.0302924|0.0351794|0.0267406|0.0355868|0.0160189|0.0354931,0.00109024|0.00663636|0.0411686|0.0420171|0.017526|0.032154|0.0393535|0.0159645|0.0390973|0.0410032|0.0256969|0.0025477|0.0314455|0.0378422,0.947856|0.988586|0.9175|0.950942|0.933849|0.94335|0.912009|0.918227|0.934635|0.944217|0.981074|0.983979|0.986727|0.93728,3.42645|5.73996|0.574724|5.16975|2.38092|4.14497|2.47916|6.21195|3.93309|6.20274|3.83823|5.1941|2.2481|4.12651,30.2686|65.1286|34.0839|55.8812|51.9585|56.34|52.1141|81.7362|37.2729|32.9383|55.4093|99.595|65.9961,0.210339|0.167515|0.248622|0.248061|0.224371|0.243804|0.220919|0.246934|0.160203|0.189792|0.245267|0.194831|0.213203,0.907958|0.853399|0.539818|0.990161|0.980199|0.288383|0.42528|0.747741|0.316848|0.663025|0.471863|0.756576|0.42835,0.947089,0.929897,0.0537595,0.0057309,0.115486,0.547306,0.2767,0.482509,0.0776559,0.878555,72.0946,2.67492e-12,16056,0.872503,33.453,1.99398e-12,24666,0.931768,0.905326,0.0406295,0.553862,0.492708,0.529597,0.286795,0.463067,0.265174,0.926863,72.3298,3.14198e-12,40952,0.801015,98.3984,2.667e-11,46210
6,57,n1->n11->n21->n22->n23->n24->n14->n15->n16->n6->n7->n8->n9->n10,4.55588e+13|1.15025e+12|2.40242e+10|7.03401e+09|5.51854e+11|5.30865e+13|2.4844e+13|8.59239e+10|1.96299e+11|2.57217e+11|2.4859e+13|4.88124e+11|5.41279e+11|1.99581e+13,1.19121e+13|6.31783e+11|1.08781e+10|4.27301e+09|7.72178e+10|6.13322e+12|7.4533e+12|1.6374e+10|4.16811e+10|1.80632e+11|3.91236e+12|5.46248e+10|5.69937e+10|1.65379e+13,0.000272813|0.000273727|9.0809e-05|0.000672453|1.44025e-05|1.7303e-05|0.000115516|6.38284e-05|1.24441e-05|0.000137431|0.000374552|7.88144e-05|0.000133309|1.10176e-05,0.000247513|0.000148505|0.00346885|0.00709411|0.0082118|0.0037958|0.000803332|0.00172194|0.000118496|0.00038|0.00159185|0.00654761|0.000128581|0.0003012,0.0267276|0.00791251|0.0448555|0.0149108|0.0212901|0.0274705|0.00362957|0.0155694|0.0196441|0.0351794|0.0267406|0.0355868|0.0160189|0.0354931,0.00109024|0.00663636|0.0411686|0.0420171|0.017526|0.00642684|0.0393535|0.0086256|0.0465121|0.0410032|0.0256969|0.0025477|0.0314455|0.0378422,0.947856|0.988586|0.9175|0.950942|0.933849|0.903274|0.912009|0.98259|0.969417|0.944217|0.981074|0.983979|0.986727|0.93728,3.42645|5.73996|0.574724|5.16975|2.38092|1.40891|2.47916|6.09992|2.19452|6.20274|3.83823|5.1941|2.2481|4.12651,30.2686|65.1286|34.0839|55.8812|67.5745|66.6304|92.5451|56.2706|50.0569|32.9383|55.4093|99.595|65.9961,0.210339|0.167515|0.248622|0.248061|0.166922|0.19539|0.209465|0.241799|0.177576|0.189792|0.245267|0.194831|0.213203,0.907958|0.853399|0.539818|0.990161|0.619697|0.776204|0.722966|0.73275|0.337265|0.663025|0.471863|0.756576|0.42835,0.947089,0.929897,0.0537595,0.0057309,0.115486,0.547306,0.2767,0.482509,0.0776559,0.878555,72.0946,2.67492e-12,16056,0.872503,33.453,1.99398e-12,24666,0.931768,0.905326,0.0406295,0.553862,0.492708,0.529597,0.286795,0.463067,0.265174,0.926863,72.3298,3.14198e-12,40952,0.801015,98.3984,2.667e-11,46210
6,58,n1->n2->n3->n13->n23->n24->n25->n26->n16->n17->n7->n8->n9->n10,4.55588e+13|5.23413e+11|1.19214e+13|1.70175e+12|5.51854e+11|5.30865e+13|2.01397e+10|9.98399e+13|1.96299e+11|6.92201e+13|2.4859e+13|4.88124e+11|5.41279e+11|1.99581e+13,1.19121e+13|5.74607e+10|1.39506e+12|1.6398e+12|7.72178e+10|6.13322e+12|2.08097e+09|5.87009e+13|4.16811e+10|1.85776e+13|3.91236e+12|5.46248e+10|5.69937e+10|1.65379e+13,0.000272813|2.22486e-05|0.000240865|0.000236651|1.44025e-05|1.7303e-05|2.70509e-05|0.000118769|1.24441e-05|3.57755e-05|0.000374552|7.88144e-05|0.000133309|1.10176e-05,0.000247513|0.0017649|0.00269887|0.000144035|0.0082118|0.0037958|0.00299666|0.000323253|0.000118496|0.000712371|0.00159185|0.00654761|0.000128581|0.0003012,0.0267276|0.0257131|0.0137582|0.0453925|0.0212901|0.0274705|0.0427717|0.0160653|0.0196441|0.0105772|0.0267406|0.0355868|0.0160189|0.0354931,0.00109024|0.0393537|0.00978248|0.032154|0.017526|0.00642684|0.0449118|0.0257682|0.0465121|0.0442819|0.0256969|0.0025477|0.0314455|0.0378422,0.947856|0.962581|0.920316|0.94335|0.933849|0.903274|0.937042|0.951498|0.969417|0.934311|0.981074|0.983979|0.986727|0.93728,3.42645|3.77893|1.24496|4.14497|2.38092|1.40891|2.00694|0.0859455|2.19452|4.13414|3.83823|5.1941|2.2481|4.12651,79.8117|37.015|83.9106|51.9585|67.5745|18.2346|55.6995|11.0615|32.2763|59.8148|55.4093|99.595|65.9961,0.180902|0.185025|0.235608|0.224371|0.166922|0.244562|0.190523|0.223866|0.211942|0.182049|0.245267|0.194831|0.213203,0.956865|0.12338|0.629113|0.980199|0.619697|0.255688|0.158588|0.893757|0.374165|0.538397|0.471863|0.756576|0.42835,0.947089,0.929897,0.0537595,0.0057309,0.115486,0.547306,0.2767,0.482509,0.0776559,0.878555,72.0946,2.67492e-12,16056,0.872503,33.453,1.99398e-12,24666,0.931768,0.905326,0.0406295,0.553862,0.492708,0.529597,0.286795,0.463067,0.265174,0.926863,72.3298,3.14198e-12,40952,0.801015,98.3984,2.667e-11,46210
6,59,n1->n2->n3->n4->n14->n24->n25->n26->n16->n6->n7->n8->n9->n10,4.55588e+13|5.23413e+11|1.19214e+13|4.15825e+11|2.4844e+13|5.30865e+13|2.01397e+10|9.98399e+13|1.96299e+11|2.57217e+11|2.4859e+13|4.88124e+11|5.41279e+11|1.99581e+13,1.19121e+13|5.74607e+10|1.39506e+12|5.68247e+10|7.4533e+12|6.13322e+12|2.08097e+09|5.87009e+13|4.16811e+10|1.80632e+11|3.91236e+12|5.46248e+10|5.69937e+10|1.65379e+13,0.000272813|2.22486e-05|0.000240865|0.000208244|0.000115516|1.7303e-05|2.70509e-05|0.000118769|1.24441e-05|0.000137431|0.000374552|7.88144e-05|0.000133309|1.10176e-05,0.000247513|0.0017649|0.00269887|0.000162239|0.000803332|0.0037958|0.00299666|0.000323253|0.000118496|0.00038|0.00159185|0.00654761|0.000128581|0.0003012,0.0267276|0.0257131|0.0137582|0.00134448|0.00362957|0.0274705|0.0427717|0.0160653|0.0196441|0.0351794|0.0267406|0.0355868|0.0160189|0.0354931,0.00109024|0.0393537|0.00978248|0.0159645|0.0393535|0.00642684|0.0449118|0.0257682|0.0465121|0.0410032|0.0256969|0.0025477|0.0314455|0.0378422,0.947856|0.962581|0.920316|0.918227|0.912009|0.903274|0.937042|0.951498|0.969417|0.944217|0.981074|0.983979|0.986727|0.93728,3.42645|3.77893|1.24496|6.21195|2.47916|1.40891|2.00694|0.0859455|2.19452|6.20274|3.83823|5.1941|2.2481|4.12651,79.8117|37.015|10.4739|52.1141|66.6304|18.2346|55.6995|11.0615|50.0569|32.9383|55.4093|99.595|65.9961,0.180902|0.185025|0.209094|0.220919|0.19539|0.244562|0.190523|0.223866|0.177576|0.189792|0.245267|0.194831|0.213203,0.956865|0.12338|0.833808|0.42528|0.776204|0.255688|0.158588|0.893757|0.337265|0.663025|0.471863|0.756576|0.42835,0.947089,0.929897,0.0537595,0.0057309,0.115486,0.547306,0.2767,0.482509,0.0776559,0.878555,72.0946,2.67492e-12,16056,0.872503,33.453,1.99398e-12,24666,0.931768,0.905326,0.0406295,0.553862,0.492708,0.529597,0.286795,0.463067,0.265174,0.926863,72.3298,3.14198e-12,40952,0.801015,98.3984,2.667e-11,46210
6,60,n1->n2->n12->n22->n23->n24->n14->n15->n5->n6->n7->n8->n9->n10,4.55588e+13|5.23413e+11|9.70647e+12|7.03401e+09|5.51854e+11|5.30865e+13|2.4844e+13|8.59239e+10|3.27327e+10|2.57217e+11|2.4859e+13|4.88124e+11|5.41279e+11|1.99581e+13,1.19121e+13|5.74607e+10|1.26993e+12|4.27301e+09|7.72178e+10|6.13322e+12|7.4533e+12|1.6374e+10|5.45815e+09|1.80632e+11|3.91236e+12|5.46248e+10|5.69937e+10|1.65379e+13,0.000272813|2.22486e-05|0.000140781|0.000672453|1.44025e-05|1.7303e-05|0.000115516|6.38284e-05|2.4748e-05|0.000137431|0.000374552|7.88144e-05|0.000133309|1.10176e-05,0.000247513|0.0017649|0.000236843|0.00709411|0.0082118|0.0037958|0.000803332|0.00172194|0.000559379|0.00038|0.00159185|0.00654761|0.000128581|0.0003012,0.0267276|0.0257131|0.0184192|0.0149108|0.0212901|0.0274705|0.00362957|0.0155694|0.0302924|0.0351794|0.0267406|0.0355868|0.0160189|0.0354931,0.00109024|0.0393537|0.0133546|0.0420171|0.017526|0.00642684|0.0393535|0.0086256|0.0390973|0.0410032|0.0256969|0.0025477|0.0314455|0.0378422,0.947856|0.962581|0.978748|0.950942|0.933849|0.903274|0.912009|0.98259|0.934635|0.944217|0.981074|0.983979|0.986727|0.93728,3.42645|3.77893|0.907615|5.16975|2.38092|1.40891|2.47916|6.09992|3.93309|6.20274|3.83823|5.1941|2.2481|4.12651,79.8117|88.6198|13.2112|55.8812|67.5745|66.6304|92.5451|35.0583|37.2729|32.9383|55.4093|99.595|65.9961,0.180902|0.229809|0.235624|0.248061|0.166922|0.19539|0.209465|0.228753|0.160203|0.189792|0.245267|0.194831|0.213203,0.956865|0.73214|0.512005|0.990161|0.619697|0.776204|0.722966|0.738884|0.316848|0.663025|0.471863|0.756576|0.42835,0.947089,0.929897,0.0537595,0.0057309,0.115486,0.547306,0.2767,0.482509,0.0776559,0.878555,72.0946,2.67492e-12,16056,0.872503,33.453,1.99398e-12,24666,0.931768,0.905326,0.0406295,0.553862,0.492708,0.529597,0.286795,0.463067,0.265174,0.926863,72.3298,3.14198e-12,40952,0.801015,98.3984,2.667e-11,46210
6,61,n1->n2->n3->n13->n14->n4->n5->n6->n7->n8->n9->n19->n20->n10,4.55588e+13|5.23413e+11|1.19214e+13|1.70175e+12|2.4844e+13|4.15825e+11|3.27327e+10|2.57217e+11|2.4859e+13|4.88124e+11|5.41279e+11|2.45264e+13|1.52852e+09|1.99581e+13,1.19121e+13|5.74607e+10|1.39506e+12|1.6398e+12|7.4533e+12|5.68247e+10|5.45815e+09|1.80632e+11|3.91236e+12|5.46248e+10|5.69937e+10|2.78019e+12|2.19744e+08|1.65379e+13,0.000272813|2.22486e-05|0.000240865|0.000236651|0.000115516|0.000208244|2.4748e-05|0.000137431|0.000374552|7.88144e-05|0.000133309|4.2477e-05|0.00080518|1.10176e-05,0.000247513|0.0017649|0.00269887|0.000144035|0.000803332|0.000162239|0.000559379|0.00038|0.00159185|0.00654761|0.000128581|0.00118483|0.00141516|0.0003012,0.0267276|0.0257131|0.0137582|0.0453925|0.00362957|0.00134448|0.0302924|0.0351794|0.0267406|0.0355868|0.0160189|0.0169907|0.024448|0.0354931,0.00109024|0.0393537|0.00978248|0.032154|0.0393535|0.0159645|0.0390973|0.0410032|0.0256969|0.0025477|0.0314455|0.0238367|0.0192162|0.0378422,0.947856|0.962581|0.920316|0.94335|0.912009|0.918227|0.934635|0.944217|0.981074|0.983979|0.986727|0.92511|0.9673|0.93728,3.42645|3.77893|1.24496|4.14497|2.47916|6.21195|3.93309|6.20274|3.83823|5.1941|2.2481|0.817336|0.887559|4.12651,79.8117|37.015|83.9106|56.34|52.1141|81.7362|37.2729|32.9383|55.4093|99.595|99.0064|10.3361|29.3778,0.180902|0.185025|0.235608|0.243804|0.220919|0.246934|0.160203|0.189792|0.245267|0.194831|0.210817|0.171305|0.160098,0.956865|0.12338|0.629113|0.288383|0.42528|0.747741|0.316848|0.663025|0.471863|0.756576|0.387396|0.982386|0.879487,0.947089,0.929897,0.0537595,0.0057309,0.115486,0.547306,0.2767,0.482509,0.0776559,0.878555,72.0946,2.67492e-12,16056,0.872503,33.453,1.99398e-12,24666,0.931768,0.905326,0.0406295,0.553862,0.492708,0.529597,0.286795,0.463067,0.265174,0.926863,72.3298,3.14198e-12,40952,0.801015,98.3984,2.667e-11,46210
6,62,n1->n11->n12->n22->n23->n13->n3->n4->n5->n6->n7->n8->n9->n10,4.55588e+13|1.15025e+12|9.70647e+12|7.03401e+09|5.51854e+11|1.70175e+12|1.19214e+13|4.15825e+11|3.27327e+10|2.57217e+11|2.4859e+13|4.88124e+11|5.41279e+11|1.99581e+13,1.19121e+13|6.31783e+11|1.26993e+12|4.27301e+09|7.72178e+10|1.6398e+12|1.39506e+12|5.68247e+10|5.45815e+09|1.80632e+11|3.91236e+12|5.46248e+10|5.69937e+10|1.65379e+13,0.000272813|0.000273727|0.000140781|0.000672453|1.44025e-05|0.000236651|0.000240865|0.000208244|2.4748e-05|0.000137431|0.000374552|7.88144e-05|0.000133309|1.10176e-05,0.000247513|0.000148505|0.000236843|0.00709411|0.0082118|0.000144035|0.00269887|0.000162239|0.000559379|0.00038|0.00159185|0.00654761|0.000128581|0.0003012,0.0267276|0.00791251|0.0184192|0.0149108|0.0212901|0.0453925|0.0137582|0.00134448|0.0302924|0.0351794|0.0267406|0.0355868|0.0160189|0.0354931,0.00109024|0.00663636|0.0133546|0.0420171|0.017526|0.032154|0.00978248|0.0159645|0.0390973|0.0410032|0.0256969|0.0025477|0.0314455|0.0378422,0.947856|0.988586|0.978748|0.950942|0.933849|0.94335|0.920316|0.918227|0.934635|0.944217|0.981074|0.983979|0.986727|0.93728,3.42645|5.73996|0.907615|5.16975|2.38092|4.14497|1.24496|6.21195|3.93309|6.20274|3.83823|5.1941|2.2481|4.12651,30.2686|24.4191|13.2112|55.8812|51.9585|83.9106|10.4739|81.7362|37.2729|32.9383|55.4093|99.595|65.9961,0.210339|0.19865|0.235624|0.248061|0.224371|0.235608|0.209094|0.246934|0.160203|0.189792|0.245267|0.194831|0.213203,0.907958|0.54288|0.512005|0.990161|0.980199|0.629113|0.833808|0.747741|0.316848|0.663025|0.471863|0.756576|0.42835,0.947089,0.929897,0.0537595,0.0057309,0.115486,0.547306,0.2767,0.482509,0.0776559,0.878555,72.0946,2.67492e-12,16056,0.872503,33.453,1.99398e-12,24666,0.931768,0.905326,0.0406295,0.553862,0.492708,0.529597,0.286795,0.463067,0.265174,0.926863,72.3298,3.14198e-12,40952,0.801015,98.3984,2.667e-11,46210
6,63,n1->n2->n12->n22->n23->n24->n14->n15->n16->n6->n7->n8->n9->n10,4.55588e+13|5.23413e+11|9.70647e+12|7.03401e+09|5.51854e+11|5.30865e+13|2.4844e+13|8.59239e+10|1.96299e+11|2.57217e+11|2.4859e+13|4.88124e+11|5.41279e+11|1.99581e+13,1.19121e+13|5.74607e+10|1.26993e+12|4.27301e+09|7.72178e+10|6.13322e+12|7.4533e+12|1.6374e+10|4.16811e+10|1.80632e+11|3.91236e+12|5.46248e+10|5.69937e+10|1.65379e+13,0.000272813|2.22486e-05|0.000140781|0.000672453|1.44025e-05|1.7303e-05|0.000115516|6.38284e-05|1.24441e-05|0.000137431|0.000374552|7.88144e-05|0.000133309|1.10176e-05,0.000247513|0.0017649|0.000236843|0.00709411|0.0082118|0.0037958|0.000803332|0.00172194|0.000118496|0.00038|0.00159185|0.00654761|0.000128581|0.0003012,0.0267276|0.0257131|0.0184192|0.0149108|0.0212901|0.0274705|0.00362957|0.0155694|0.0196441|0.0351794|0.0267406|0.0355868|0.0160189|0.0354931,0.00109024|0.0393537|0.0133546|0.0420171|0.017526|0.00642684|0.0393535|0.0086256|0.0465121|0.0410032|0.0256969|0.0025477|0.0314455|0.0378422,0.947856|0.962581|0.978748|0.950942|0.933849|0.903274|0.912009|0.98259|0.969417|0.944217|0.981074|0.983979|0.986727|0.93728,3.42645|3.77893|0.907615|5.16975|2.38092|1.40891|2.47916|6.09992|2.19452|6.20274|3.83823|5.1941|2.2481|4.12651,79.8117|88.6198|13.2112|55.8812|67.5745|66.6304|92.5451|56.2706|50.0569|32.9383|55.4093|99.595|65.9961,0.180902|0.229809|0.235624|0.248061|0.166922|0.19539|0.209465|0.241799|0.177576|0.189792|0.245267|0.194831|0.213203,0.956865|0.73214|0.512005|0.990161|0.619697|0.776204|0.722966|0.73275|0.337265|0.663025|0.471863|0.756576|0.42835,0.947089,0.929897,0.0537595,0.0057309,0.115486,0.547306,0.2767,0.482509,0.0776559,0.878555,72.0946,2.67492e-12,16056,0.872503,33.453,1.99398e-12,24666,0.931768,0.905326,0.0406295,0.553862,0.492708,0.529597,0.286795,0.463067,0.265174,0.926863,72.3298,3.14198e-12,40952,0.801015,98.3984,2.667e-11,46210
6,64,n1->n11->n12->n13->n23->n24->n14->n4->n5->n6->n7->n8->n9->n10,4.55588e+13|1.15025e+12|9.70647e+12|1.70175e+12|5.51854e+11|5.30865e+13|2.4844e+13|4.15825e+11|3.27327e+10|2.57217e+11|2.4859e+13|4.88124e+11|5.41279e+11|1.99581e+13,1.19121e+13|6.31783e+11|1.26993e+12|1.6398e+12|7.72178e+10|6.13322e+12|7.4533e+12|5.68247e+10|5.45815e+09|1.80632e+11|3.91236e+12|5.46248e+10|5.69937e+10|1.65379e+13,0.000272813|0.000273727|0.000140781|0.000236651|1.44025e-05|1.7303e-05|0.000115516|0.000208244|2.4748e-05|0.000137431|0.000374552|7.88144e-05|0.000133309|1.10176e-05,0.000247513|0.000148505|0.000236843|0.000144035|0.0082118|0.0037958|0.000803332|0.000162239|0.000559379|0.00038|0.00159185|0.00654761|0.000128581|0.0003012,0.0267276|0.00791251|0.0184192|0.0453925|0.0212901|0.0274705|0.00362957|0.00134448|0.0302924|0.0351794|0.0267406|0.0355868|0.0160189|0.0354931,0.00109024|0.00663636|0.0133546|0.032154|0.017526|0.00642684|0.0393535|0.0159645|0.0390973|0.0410032|0.0256969|0.0025477|0.0314455|0.0378422,0.947856|0.988586|0.978748|0.94335|0.933849|0.903274|0.912009|0.918227|0.934635|0.944217|0.981074|0.983979|0.986727|0.93728,3.42645|5.73996|0.907615|4.14497|2.38092|1.40891|2.47916|6.21195|3.93309|6.20274|3.83823|5.1941|2.2481|4.12651,30.2686|24.4191|13.9548|51.9585|67.5745|66.6304|52.1141|81.7362|37.2729|32.9383|55.4093|99.595|65.9961,0.210339|0.19865|0.17533|0.224371|0.166922|0.19539|0.220919|0.246934|0.160203|0.189792|0.245267|0.194831|0.213203,0.907958|0.54288|0.469559|0.980199|0.619697|0.776204|0.42528|0.747741|0.316848|0.663025|0.471863|0.756576|0.42835,0.947089,0.929897,0.0537595,0.0057309,0.115486,0.547306,0.2767,0.482509,0.0776559,0.878555,72.0946,2.67492e-12,16056,0.872503,33.453,1.99398e-12,24666,0.931768,0.905326,0.0406295,0.553862,0.492708,0.529597,0.286795,0.463067,0.265174,0.926863,72.3298,3.14198e-12,40952,0.801015,98.3984,2.667e-11,46210
6,65,n1->n11->n12->n2->n3->n4->n14->n15->n5->n6->n7->n8->n9->n10,4.55588e+13|1.15025e+12|9.70647e+12|5.23413e+11|1.19214e+13|4.15825e+11|2.4844e+13|8.59239e+10|3.27327e+10|2.57217e+11|2.4859e+13|4.88124e+11|5.41279e+11|1.99581e+13,1.19121e+13|6.31783e+11|1.26993e+12|5.74607e+10|1.39506e+12|5.68247e+10|7.4533e+12|1.6374e+10|5.45815e+09|1.80632e+11|3.91236e+12|5.46248e+10|5.69937e+10|1.65379e+13,0.000272813|0.000273727|0.000140781|2.22486e-05|0.000240865|0.000208244|0.000115516|6.38284e-05|2.4748e-05|0.000137431|0.000374552|7.88144e-05|0.000133309|1.10176e-05,0.000247513|0.000148505|0.000236843|0.0017649|0.00269887|0.000162239|0.000803332|0.00172194|0.000559379|0.00038|0.00159185|0.00654761|0.000128581|0.0003012,0.0267276|0.00791251|0.0184192|0.0257131|0.0137582|0.00134448|0.00362957|0.0155694|0.0302924|0.0351794|0.0267406|0.0355868|0.0160189|0.0354931,0.00109024|0.00663636|0.0133546|0.0393537|0.00978248|0.0159645|0.0393535|0.0086256|0.0390973|0.0410032|0.0256969|0.0025477|0.0314455|0.0378422,0.947856|0.988586|0.978748|0.962581|0.920316|0.918227|0.912009|0.98259|0.934635|0.944217|0.981074|0.983979|0.986727|0.93728,3.42645|5.73996|0.907615|3.77893|1.24496|6.21195|2.47916|6.09992|3.93309|6.20274|3.83823|5.1941|2.2481|4.12651,30.2686|24.4191|88.6198|37.015|10.4739|52.1141|92.5451|35.0583|37.2729|32.9383|55.4093|99.595|65.9961,0.210339|0.19865|0.229809|0.185025|0.209094|0.220919|0.209465|0.228753|0.160203|0.189792|0.245267|0.194831|0.213203,0.907958|0.54288|0.73214|0.12338|0.833808|0.42528|0.722966|0.738884|0.316848|0.663025|0.471863|0.756576|0.42835,0.947089,0.929897,0.0537595,0.0057309,0.115486,0.547306,0.2767,0.482509,0.0776559,0.878555,72.0946,2.67492e-12,16056,0.872503,33.453,1.99398e-12,24666,0.931768,0.905326,0.0406295,0.553862,0.492708,0.529597,0.286795,0.463067,0.265174,0.926863,72.3298,3.14198e-12,40952,0.801015,98.3984,2.667e-11,46210
6,66,n1->n2->n3->n4->n5->n6->n7->n17->n27->n28->n29->n30->n20->n10,4.55588e+13|5.23413e+11|1.19214e+13|4.15825e+11|3.27327e+10|2.57217e+11|2.4859e+13|6.92201e+13|6.26614e+13|1.9542e+12|2.59271e+10|1.45391e+13|1.52852e+09|1.99581e+13,1.19121e+13|5.74607e+10|1.39506e+12|5.68247e+10|5.45815e+09|1.80632e+11|3.91236e+12|1.85776e+13|2.35834e+13|1.33825e+12|8.13129e+09|6.46288e+12|2.19744e+08|1.65379e+13,0.000272813|2.22486e-05|0.000240865|0.000208244|2.4748e-05|0.000137431|0.000374552|3.57755e-05|0.000150771|2.58334e-05|0.000314414|0.000269765|0.00080518|1.10176e-05,0.000247513|0.0017649|0.00269887|0.000162239|0.000559379|0.00038|0.00159185|0.000712371|0.000264815|0.00569206|0.000236294|0.000185529|0.00141516|0.0003012,0.0267276|0.0257131|0.0137582|0.00134448|0.0302924|0.0351794|0.0267406|0.0105772|0.0382494|0.0230741|0.0496326|0.000483153|0.024448|0.0354931,0.00109024|0.0393537|0.00978248|0.0159645|0.0390973|0.0410032|0.0256969|0.0442819|0.0368632|0.00482618|0.0080761|0.0217074|0.0192162|0.0378422,0.947856|0.962581|0.920316|0.918227|0.934635|0.944217|0.981074|0.934311|0.90904|0.910034|0.956941|0.908504|0.9673|0.93728,3.42645|3.77893|1.24496|6.21195|3.93309|6.20274|3.83823|4.13414|3.73846|1.24284|5.8367|2.24783|0.887559|4.12651,79.8117|37.015|10.4739|81.7362|37.2729|32.9383|59.8148|72.2829|15.3326|39.0733|83.4704|23.9015|29.3778,0.180902|0.185025|0.209094|0.246934|0.160203|0.189792|0.182049|0.20897|0.200691|0.227384|0.183396|0.180438|0.160098,0.956865|0.12338|0.833808|0.747741|0.316848|0.663025|0.538397|0.780344|0.938399|0.753148|0.855906|0.504214|0.879487,0.947089,0.929897,0.0537595,0.0057309,0.115486,0.547306,0.2767,0.482509,0.0776559,0.878555,72.0946,2.67492e-12,16056,0.872503,33.453,1.99398e-12,24666,0.931768,0.905326,0.0406295,0.553862,0.492708,0.529597,0.286795,0.463067,0.265174,0.926863,72.3298,3.14198e-12,40952,0.801015,98.3984,2.667e-11,46210
6,67,n1->n11->n12->n22->n23->n24->n25->n26->n16->n17->n18->n8->n9->n10,4.55588e+13|1.15025e+12|9.70647e+12|7.03401e+09|5.51854e+11|5.30865e+13|2.01397e+10|9.98399e+13|1.96299e+11|6.92201e+13|8.81528e+10|4.88124e+11|5.41279e+11|1.99581e+13,1.19121e+13|6.31783e+11|1.26993e+12|4.27301e+09|7.72178e+10|6.13322e+12|2.08097e+09|5.87009e+13|4.16811e+10|1.85776e+13|7.0302e+10|5.46248e+10|5.69937e+10|1.65379e+13,0.000272813|0.000273727|0.000140781|0.000672453|1.44025e-05|1.7303e-05|2.70509e-05|0.000118769|1.24441e-05|3.57755e-05|0.000192647|7.88144e-05|0.000133309|1.10176e-05,0.000247513|0.000148505|0.000236843|0.00709411|0.0082118|0.0037958|0.00299666|0.000323253|0.000118496|0.000712371|0.000947335|0.00654761|0.000128581|0.0003012,0.0267276|0.00791251|0.0184192|0.0149108|0.0212901|0.0274705|0.0427717|0.0160653|0.0196441|0.0105772|0.00660715|0.0355868|0.0160189|0.0354931,0.00109024|0.00663636|0.0133546|0.0420171|0.017526|0.00642684|0.0449118|0.0257682|0.0465121|0.0442819|0.0450958|0.0025477|0.0314455|0.0378422,0.947856|0.988586|0.978748|0.950942|0.933849|0.903274|0.937042|0.951498|0.969417|0.934311|0.951948|0.983979|0.986727|0.93728,3.42645|5.73996|0.907615|5.16975|2.38092|1.40891|2.00694|0.0859455|2.19452|4.13414|1.79104|5.1941|2.2481|4.12651,30.2686|24.4191|13.2112|55.8812|67.5745|18.2346|55.6995|11.0615|32.2763|27.3162|81.3396|99.595|65.9961,0.210339|0.19865|0.235624|0.248061|0.166922|0.244562|0.190523|0.223866|0.211942|0.218168|0.24659|0.194831|0.213203,0.907958|0.54288|0.512005|0.990161|0.619697|0.255688|0.158588|0.893757|0.374165|0.309735|0.632564|0.756576|0.42835,0.947089,0.929897,0.0537595,0.0057309,0.115486,0.547306,0.2767,0.482509,0.0776559,0.878555,72.0946,2.67492e-12,16056,0.872503,33.453,1.99398e-12,24666,0.931768,0.905326,0.0406295,0.553862,0.492708,0.529597,0.286795,0.463067,0.265174,0.926863,72.3298,3.14198e-12,40952,0.801015,98.3984,2.667e-11,46210
6,68,n1->n2->n12->n13->n3->n4->n5->n15->n16->n6->n7->n8->n9->n10,4.55588e+13|5.23413e+11|9.70647e+12|1.70175e+12|1.19214e+13|4.15825e+11|3.27327e+10|8.59239e+10|1.96299e+11|2.57217e+11|2.4859e+13|4.88124e+11|5.41279e+11|1.99581e+13,1.19121e+13|5.74607e+10|1.26993e+12|1.6398e+12|1.39506e+12|5.68247e+10|5.45815e+09|1.6374e+10|4.16811e+10|1.80632e+11|3.91236e+12|5.46248e+10|5.69937e+10|1.65379e+13,0.000272813|2.22486e-05|0.000140781|0.000236651|0.000240865|0.000208244|2.4748e-05|6.38284e-05|1.24441e-05|0.000137431|0.000374552|7.88144e-05|0.000133309|1.10176e-05,0.000247513|0.0017649|0.000236843|0.000144035|0.00269887|0.000162239|0.000559379|0.00172194|0.000118496|0.00038|0.00159185|0.00654761|0.000128581|0.0003012,0.0267276|0.0257131|0.0184192|0.0453925|0.0137582|0.00134448|0.0302924|0.0155694|0.0196441|0.0351794|0.0267406|0.0355868|0.0160189|0.0354931,0.00109024|0.0393537|0.0133546|0.032154|0.00978248|0.0159645|0.0390973|0.0086256|0.0465121|0.0410032|0.0256969|0.0025477|0.0314455|0.0378422,0.947856|0.962581|0.978748|0.94335|0.920316|0.918227|0.934635|0.98259|0.969417|0.944217|0.981074|0.983979|0.986727|0.93728,3.42645|3.77893|0.907615|4.14497|1.24496|6.21195|3.93309|6.09992|2.19452|6.20274|3.83823|5.1941|2.2481|4.12651,79.8117|88.6198|13.9548|83.9106|10.4739|81.7362|35.0583|56.2706|50.0569|32.9383|55.4093|99.595|65.9961,0.180902|0.229809|0.17533|0.235608|0.209094|0.246934|0.228753|0.241799|0.177576|0.189792|0.245267|0.194831|0.213203,0.956865|0.73214|0.469559|0.629113|0.833808|0.747741|0.738884|0.73275|0.337265|0.663025|0.471863|0.756576|0.42835,0.947089,0.929897,0.0537595,0.0057309,0.115486,0.547306,0.2767,0.482509,0.0776559,0.878555,72.0946,2.67492e-12,16056,0.872503,33.453,1.99398e-12,24666,0.931768,0.905326,0.0406295,0.553862,0.492708,0.529597,0.286795,0.463067,0.265174,0.926863,72.3298,3.14198e-12,40952,0.801015,98.3984,2.667e-11,46210
6,69,n1->n2->n3->n4->n14->n24->n25->n26->n27->n28->n18->n19->n9->n10,4.55588e+13|5.23413e+11|1.19214e+13|4.15825e+11|2.4844e+13|5.30865e+13|2.01397e+10|9.98399e+13|6.26614e+13|1.9542e+12|8.81528e+10|2.45264e+13|5.41279e+11|1.99581e+13,1.19121e+13|5.74607e+10|1.39506e+12|5.68247e+10|7.4533e+12|6.13322e+12|2.08097e+09|5.87009e+13|2.35834e+13|1.33825e+12|7.0302e+10|2.78019e+12|5.69937e+10|1.65379e+13,0.000272813|2.22486e-05|0.000240865|0.000208244|0.000115516|1.7303e-05|2.70509e-05|0.000118769|0.000150771|2.58334e-05|0.000192647|4.2477e-05|0.000133309|1.10176e-05,0.000247513|0.0017649|0.00269887|0.000162239|0.000803332|0.0037958|0.00299666|0.000323253|0.000264815|0.00569206|0.000947335|0.00118483|0.000128581|0.0003012,0.0267276|0.0257131|0.0137582|0.00134448|0.00362957|0.0274705|0.0427717|0.0160653|0.0382494|0.0230741|0.00660715|0.0169907|0.0160189|0.0354931,0.00109024|0.0393537|0.00978248|0.0159645|0.0393535|0.00642684|0.0449118|0.0257682|0.0368632|0.00482618|0.0450958|0.0238367|0.0314455|0.0378422,0.947856|0.962581|0.920316|0.918227|0.912009|0.903274|0.937042|0.951498|0.90904|0.910034|0.951948|0.92511|0.986727|0.93728,3.42645|3.77893|1.24496|6.21195|2.47916|1.40891|2.00694|0.0859455|3.73846|1.24284|1.79104|0.817336|2.2481|4.12651,79.8117|37.015|10.4739|52.1141|66.6304|18.2346|55.6995|42.5138|15.3326|43.2583|28.0546|99.0064|65.9961,0.180902|0.185025|0.209094|0.220919|0.19539|0.244562|0.190523|0.164014|0.200691|0.171475|0.244543|0.210817|0.213203,0.956865|0.12338|0.833808|0.42528|0.776204|0.255688|0.158588|0.873071|0.938399|0.471649|0.240936|0.387396|0.42835,0.947089,0.929897,0.0537595,0.0057309,0.115486,0.547306,0.2767,0.482509,0.0776559,0.878555,72.0946,2.67492e-12,16056,0.872503,33.453,1.99398e-12,24666,0.931768,0.905326,0.0406295,0.553862,0.492708,0.529597,0.286795,0.463067,0.265174,0.926863,72.3298,3.14198e-12,40952,0.801015,98.3984,2.667e-11,46210
6,70,n1->n11->n12->n2->n3->n4->n5->n15->n16->n17->n18->n19->n20->n10,4.55588e+13|1.15025e+12|9.70647e+12|5.23413e+11|1.19214e+13|4.15825e+11|3.27327e+10|8.59239e+10|1.96299e+11|6.92201e+13|8.81528e+10|2.45264e+13|1.52852e+09|1.99581e+13,1.19121e+13|6.31783e+11|1.26993e+12|5.74607e+10|1.39506e+12|5.68247e+10|5.45815e+09|1.6374e+10|4.16811e+10|1.85776e+13|7.0302e+10|2.78019e+12|2.19744e+08|1.65379e+13,0.000272813|0.000273727|0.000140781|2.22486e-05|0.000240865|0.000208244|2.4748e-05|6.38284e-05|1.24441e-05|3.57755e-05|0.000192647|4.2477e-05|0.00080518|1.10176e-05,0.000247513|0.000148505|0.000236843|0.0017649|0.00269887|0.000162239|0.000559379|0.00172194|0.000118496|0.000712371|0.000947335|0.00118483|0.00141516|0.0003012,0.0267276|0.00791251|0.0184192|0.0257131|0.0137582|0.00134448|0.0302924|0.0155694|0.0196441|0.0105772|0.00660715|0.0169907|0.024448|0.0354931,0.00109024|0.00663636|0.0133546|0.0393537|0.00978248|0.0159645|0.0390973|0.0086256|0.0465121|0.0442819|0.0450958|0.0238367|0.0192162|0.0378422,0.947856|0.988586|0.978748|0.962581|0.920316|0.918227|0.934635|0.98259|0.969417|0.934311|0.951948|0.92511|0.9673|0.93728,3.42645|5.73996|0.907615|3.77893|1.24496|6.21195|3.93309|6.09992|2.19452|4.13414|1.79104|0.817336|0.887559|4.12651,30.2686|24.4191|88.6198|37.015|10.4739|81.7362|35.0583|56.2706|32.2763|27.3162|28.0546|10.3361|29.3778,0.210339|0.19865|0.229809|0.185025|0.209094|0.246934|0.228753|0.241799|0.211942|0.218168|0.244543|0.171305|0.160098,0.907958|0.54288|0.73214|0.12338|0.833808|0.747741|0.738884|0.73275|0.374165|0.309735|0.240936|0.982386|0.879487,0.947089,0.929897,0.0537595,0.0057309,0.115486,0.547306,0.2767,0.482509,0.0776559,0.878555,72.0946,2.67492e-12,16056,0.872503,33.453,1.99398e-12,24666,0.931768,0.905326,0.0406295,0.553862,0.492708,0.529597,0.286795,0.463067,0.265174,0.926863,72.3298,3.14198e-12,40952,0.801015,98.3984,2.667e-11,46210
6,71,n1->n2->n3->n13->n23->n24->n14->n15->n5->n6->n7->n8->n9->n10,4.55588e+13|5.23413e+11|1.19214e+13|1.70175e+12|5.51854e+11|5.30865e+13|2.4844e+13|8.59239e+10|3.27327e+10|2.57217e+11|2.4859e+13|4.88124e+11|5.41279e+11|1.99581e+13,1.19121e+13|5.74607e+10|1.39506e+12|1.6398e+12|7.72178e+10|6.13322e+12|7.4533e+12|1.6374e+10|5.45815e+09|1.80632e+11|3.91236e+12|5.46248e+10|5.69937e+10|1.65379e+13,0.000272813|2.22486e-05|0.000240865|0.000236651|1.44025e-05|1.7303e-05|0.000115516|6.38284e-05|2.4748e-05|0.000137431|0.000374552|7.88144e-05|0.000133309|1.10176e-05,0.000247513|0.0017649|0.00269887|0.000144035|0.0082118|0.0037958|0.000803332|0.00172194|0.000559379|0.00038|0.00159185|0.00654761|0.000128581|0.0003012,0.0267276|0.0257131|0.0137582|0.0453925|0.0212901|0.0274705|0.00362957|0.0155694|0.0302924|0.0351794|0.0267406|0.0355868|0.0160189|0.0354931,0.00109024|0.0393537|0.00978248|0.032154|0.017526|0.00642684|0.0393535|0.0086256|0.0390973|0.0410032|0.0256969|0.0025477|0.0314455|0.0378422,0.947856|0.962581|0.920316|0.94335|0.933849|0.903274|0.912009|0.98259|0.934635|0.944217|0.981074|0.983979|0.986727|0.93728,3.42645|3.77893|1.24496|4.14497|2.38092|1.40891|2.47916|6.09992|3.93309|6.20274|3.83823|5.1941|2.2481|4.12651,79.8117|37.015|83.9106|51.9585|67.5745|66.6304|92.5451|35.0583|37.2729|32.9383|55.4093|99.595|65.9961,0.180902|0.185025|0.235608|0.224371|0.166922|0.19539|0.209465|0.228753|0.160203|0.189792|0.245267|0.194831|0.213203,0.956865|0.12338|0.629113|0.980199|0.619697|0.776204|0.722966|0.738884|0.316848|0.663025|0.471863|0.756576|0.42835,0.947089,0.929897,0.0537595,0.0057309,0.115486,0.547306,0.2767,0.482509,0.0776559,0.878555,72.0946,2.67492e-12,16056,0.872503,33.453,1.99398e-12,24666,0.931768,0.905326,0.0406295,0.553862,0.492708,0.529597,0.286795,0.463067,0.265174,0.926863,72.3298,3.14198e-12,40952,0.801015,98.3984,2.667e-11,46210
6,72,n1->n2->n3->n4->n5->n15->n25->n26->n27->n17->n18->n19->n9->n10,4.55588e+13|5.23413e+11|1.19214e+13|4.15825e+11|3.27327e+10|8.59239e+10|2.01397e+10|9.98399e+13|6.26614e+13|6.92201e+13|8.81528e+10|2.45264e+13|5.41279e+11|1.99581e+13,1.19121e+13|5.74607e+10|1.39506e+12|5.68247e+10|5.45815e+09|1.6374e+10|2.08097e+09|5.87009e+13|2.35834e+13|1.85776e+13|7.0302e+10|2.78019e+12|5.69937e+10|1.65379e+13,0.000272813|2.22486e-05|0.000240865|0.000208244|2.4748e-05|6.38284e-05|2.70509e-05|0.000118769|0.000150771|3.57755e-05|0.000192647|4.2477e-05|0.000133309|1.10176e-05,0.000247513|0.0017649|0.00269887|0.000162239|0.000559379|0.00172194|0.00299666|0.000323253|0.000264815|0.000712371|0.000947335|0.00118483|0.000128581|0.0003012,0.0267276|0.0257131|0.0137582|0.00134448|0.0302924|0.0155694|0.0427717|0.0160653|0.0382494|0.0105772|0.00660715|0.0169907|0.0160189|0.0354931,0.00109024|0.0393537|0.00978248|0.0159645|0.0390973|0.0086256|0.0449118|0.0257682|0.0368632|0.0442819|0.0450958|0.0238367|0.0314455|0.0378422,0.947856|0.962581|0.920316|0.918227|0.934635|0.98259|0.937042|0.951498|0.90904|0.934311|0.951948|0.92511|0.986727|0.93728,3.42645|3.77893|1.24496|6.21195|3.93309|6.09992|2.00694|0.0859455|3.73846|4.13414|1.79104|0.817336|2.2481|4.12651,79.8117|37.015|10.4739|81.7362|35.0583|54.7186|55.6995|42.5138|72.2829|27.3162|28.0546|99.0064|65.9961,0.180902|0.185025|0.209094|0.246934|0.228753|0.244234|0.190523|0.164014|0.20897|0.218168|0.244543|0.210817|0.213203,0.956865|0.12338|0.833808|0.747741|0.738884|0.629787|0.158588|0.873071|0.780344|0.309735|0.240936|0.387396|0.42835,0.947089,0.929897,0.0537595,0.0057309,0.115486,0.547306,0.2767,0.482509,0.0776559,0.878555,72.0946,2.67492e-12,16056,0.872503,33.453,1.99398e-12,24666,0.931768,0.905326,0.0406295,0.553862,0.492708,0.529597,0.286795,0.463067,0.265174,0.926863,72.3298,3.14198e-12,40952,0.801015,98.3984,2.667e-11,46210
6,73,n1->n2->n3->n13->n23->n24->n25->n26->n27->n17->n18->n8->n9->n10,4.55588e+13|5.23413e+11|1.19214e+13|1.70175e+12|5.51854e+11|5.30865e+13|2.01397e+10|9.98399e+13|6.26614e+13|6.92201e+13|8.81528e+10|4.88124e+11|5.41279e+11|1.99581e+13,1.19121e+13|5.74607e+10|1.39506e+12|1.6398e+12|7.72178e+10|6.13322e+12|2.08097e+09|5.87009e+13|2.35834e+13|1.85776e+13|7.0302e+10|5.46248e+10|5.69937e+10|1.65379e+13,0.000272813|2.22486e-05|0.000240865|0.000236651|1.44025e-05|1.7303e-05|2.70509e-05|0.000118769|0.000150771|3.57755e-05|0.000192647|7.88144e-05|0.000133309|1.10176e-05,0.000247513|0.0017649|0.00269887|0.000144035|0.0082118|0.0037958|0.00299666|0.000323253|0.000264815|0.000712371|0.000947335|0.00654761|0.000128581|0.0003012,0.0267276|0.0257131|0.0137582|0.0453925|0.0212901|0.0274705|0.0427717|0.0160653|0.0382494|0.0105772|0.00660715|0.0355868|0.0160189|0.0354931,0.00109024|0.0393537|0.00978248|0.032154|0.017526|0.00642684|0.0449118|0.0257682|0.0368632|0.0442819|0.0450958|0.0025477|0.0314455|0.0378422,0.947856|0.962581|0.920316|0.94335|0.933849|0.903274|0.937042|0.951498|0.90904|0.934311|0.951948|0.983979|0.986727|0.93728,3.42645|3.77893|1.24496|4.14497|2.38092|1.40891|2.00694|0.0859455|3.73846|4.13414|1.79104|5.1941|2.2481|4.12651,79.8117|37.015|83.9106|51.9585|67.5745|18.2346|55.6995|42.5138|72.2829|27.3162|81.3396|99.595|65.9961,0.180902|0.185025|0.235608|0.224371|0.166922|0.244562|0.190523|0.164014|0.20897|0.218168|0.24659|0.194831|0.213203,0.956865|0.12338|0.629113|0.980199|0.619697|0.255688|0.158588|0.873071|0.780344|0.309735|0.632564|0.756576|0.42835,0.947089,0.929897,0.0537595,0.0057309,0.115486,0.547306,0.2767,0.482509,0.0776559,0.878555,72.0946,2.67492e-12,16056,0.872503,33.453,1.99398e-12,24666,0.931768,0.905326,0.0406295,0.553862,0.492708,0.529597,0.286795,0.463067,0.265174,0.926863,72.3298,3.14198e-12,40952,0.801015,98.3984,2.667e-11,46210
6,74,n1->n11->n21->n22->n23->n13->n14->n15->n16->n17->n7->n8->n9->n10,4.55588e+13|1.15025e+12|2.40242e+10|7.03401e+09|5.51854e+11|1.70175e+12|2.4844e+13|8.59239e+10|1.96299e+11|6.92201e+13|2.4859e+13|4.88124e+11|5.41279e+11|1.99581e+13,1.19121e+13|6.31783e+11|1.08781e+10|4.27301e+09|7.72178e+10|1.6398e+12|7.4533e+12|1.6374e+10|4.16811e+10|1.85776e+13|3.91236e+12|5.46248e+10|5.69937e+10|1.65379e+13,0.000272813|0.000273727|9.0809e-05|0.000672453|1.44025e-05|0.000236651|0.000115516|6.38284e-05|1.24441e-05|3.57755e-05|0.000374552|7.88144e-05|0.000133309|1.10176e-05,0.000247513|0.000148505|0.00346885|0.00709411|0.0082118|0.000144035|0.000803332|0.00172194|0.000118496|0.000712371|0.00159185|0.00654761|0.000128581|0.0003012,0.0267276|0.00791251|0.0448555|0.0149108|0.0212901|0.0453925|0.00362957|0.0155694|0.0196441|0.0105772|0.0267406|0.0355868|0.0160189|0.0354931,0.00109024|0.00663636|0.0411686|0.0420171|0.017526|0.032154|0.0393535|0.0086256|0.0465121|0.0442819|0.0256969|0.0025477|0.0314455|0.0378422,0.947856|0.988586|0.9175|0.950942|0.933849|0.94335|0.912009|0.98259|0.969417|0.934311|0.981074|0.983979|0.986727|0.93728,3.42645|5.73996|0.574724|5.16975|2.38092|4.14497|2.47916|6.09992|2.19452|4.13414|3.83823|5.1941|2.2481|4.12651,30.2686|65.1286|34.0839|55.8812|51.9585|56.34|92.5451|56.2706|32.2763|59.8148|55.4093|99.595|65.9961,0.210339|0.167515|0.248622|0.248061|0.224371|0.243804|0.209465|0.241799|0.211942|0.182049|0.245267|0.194831|0.213203,0.907958|0.853399|0.539818|0.990161|0.980199|0.288383|0.722966|0.73275|0.374165|0.538397|0.471863|0.756576|0.42835,0.947089,0.929897,0.0537595,0.0057309,0.115486,0.547306,0.2767,0.482509,0.0776559,0.878555,72.0946,2.67492e-12,16056,0.872503,33.453,1.99398e-12,24666,0.931768,0.905326,0.0406295,0.553862,0.492708,0.529597,0.286795,0.463067,0.265174,0.926863,72.3298,3.14198e-12,40952,0.801015,98.3984,2.667e-11,46210
6,75,n1->n2->n3->n13->n14->n15->n5->n6->n7->n17->n18->n8->n9->n10,4.55588e+13|5.23413e+11|1.19214e+13|1.70175e+12|2.4844e+13|8.59239e+10|3.27327e+10|2.57217e+11|2.4859e+13|6.92201e+13|8.81528e+10|4.88124e+11|5.41279e+11|1.99581e+13,1.19121e+13|5.74607e+10|1.39506e+12|1.6398e+12|7.4533e+12|1.6374e+10|5.45815e+09|1.80632e+11|3.91236e+12|1.85776e+13|7.0302e+10|5.46248e+10|5.69937e+10|1.65379e+13,0.000272813|2.22486e-05|0.000240865|0.000236651|0.000115516|6.38284e-05|2.4748e-05|0.000137431|0.000374552|3.57755e-05|0.000192647|7.88144e-05|0.000133309|1.10176e-05,0.000247513|0.0017649|0.00269887|0.000144035|0.000803332|0.00172194|0.000559379|0.00038|0.00159185|0.000712371|0.000947335|0.00654761|0.000128581|0.0003012,0.0267276|0.0257131|0.0137582|0.0453925|0.00362957|0.0155694|0.0302924|0.0351794|0.0267406|0.0105772|0.00660715|0.0355868|0.0160189|0.0354931,0.00109024|0.0393537|0.00978248|0.032154|0.0393535|0.0086256|0.0390973|0.0410032|0.0256969|0.0442819|0.0450958|0.0025477|0.0314455|0.0378422,0.947856|0.962581|0.920316|0.94335|0.912009|0.98259|0.934635|0.944217|0.981074|0.934311|0.951948|0.983979|0.986727|0.93728,3.42645|3.77893|1.24496|4.14497|2.47916|6.09992|3.93309|6.20274|3.83823|4.13414|1.79104|5.1941|2.2481|4.12651,79.8117|37.015|83.9106|56.34|92.5451|35.0583|37.2729|32.9383|59.8148|27.3162|81.3396|99.595|65.9961,0.180902|0.185025|0.235608|0.243804|0.209465|0.228753|0.160203|0.189792|0.182049|0.218168|0.24659|0.194831|0.213203,0.956865|0.12338|0.629113|0.288383|0.722966|0.738884|0.316848|0.663025|0.538397|0.309735|0.632564|0.756576|0.42835,0.947089,0.929897,0.0537595,0.0057309,0.115486,0.547306,0.2767,0.482509,0.0776559,0.878555,72.0946,2.67492e-12,16056,0.872503,33.453,1.99398e-12,24666,0.931768,0.905326,0.0406295,0.553862,0.492708,0.529597,0.286795,0.463067,0.265174,0.926863,72.3298,3.14198e-12,40952,0.801015,98.3984,2.667e-11,46210
6,76,n1->n2->n12->n22->n23->n13->n3->n4->n5->n6->n7->n8->n9->n10,4.55588e+13|5.23413e+11|9.70647e+12|7.03401e+09|5.51854e+11|1.70175e+12|1.19214e+13|4.15825e+11|3.27327e+10|2.57217e+11|2.4859e+13|4.88124e+11|5.41279e+11|1.99581e+13,1.19121e+13|5.74607e+10|1.26993e+12|4.27301e+09|7.72178e+10|1.6398e+12|1.39506e+12|5.68247e+10|5.45815e+09|1.80632e+11|3.91236e+12|5.46248e+10|5.69937e+10|1.65379e+13,0.000272813|2.22486e-05|0.000140781|0.000672453|1.44025e-05|0.000236651|0.000240865|0.000208244|2.4748e-05|0.000137431|0.000374552|7.88144e-05|0.000133309|1.10176e-05,0.000247513|0.0017649|0.000236843|0.00709411|0.0082118|0.000144035|0.00269887|0.000162239|0.000559379|0.00038|0.00159185|0.00654761|0.000128581|0.0003012,0.0267276|0.0257131|0.0184192|0.0149108|0.0212901|0.0453925|0.0137582|0.00134448|0.0302924|0.0351794|0.0267406|0.0355868|0.0160189|0.0354931,0.00109024|0.0393537|0.0133546|0.0420171|0.017526|0.032154|0.00978248|0.0159645|0.0390973|0.0410032|0.0256969|0.0025477|0.0314455|0.0378422,0.947856|0.962581|0.978748|0.950942|0.933849|0.94335|0.920316|0.918227|0.934635|0.944217|0.981074|0.983979|0.986727|0.93728,3.42645|3.77893|0.907615|5.16975|2.38092|4.14497|1.24496|6.21195|3.93309|6.20274|3.83823|5.1941|2.2481|4.12651,79.8117|88.6198|13.2112|55.8812|51.9585|83.9106|10.4739|81.7362|37.2729|32.9383|55.4093|99.595|65.9961,0.180902|0.229809|0.235624|0.248061|0.224371|0.235608|0.209094|0.246934|0.160203|0.189792|0.245267|0.194831|0.213203,0.956865|0.73214|0.512005|0.990161|0.980199|0.629113|0.833808|0.747741|0.316848|0.663025|0.471863|0.756576|0.42835,0.947089,0.929897,0.0537595,0.0057309,0.115486,0.547306,0.2767,0.482509,0.0776559,0.878555,72.0946,2.67492e-12,16056,0.872503,33.453,1.99398e-12,24666,0.931768,0.905326,0.0406295,0.553862,0.492708,0.529597,0.286795,0.463067,0.265174,0.926863,72.3298,3.14198e-12,40952,0.801015,98.3984,2.667e-11,46210
6,77,n1->n2->n3->n13->n23->n24->n14->n4->n5->n6->n7->n8->n9->n10,4.55588e+13|5.23413e+11|1.19214e+13|1.70175e+12|5.51854e+11|5.30865e+13|2.4844e+13|4.15825e+11|3.27327e+10|2.57217e+11|2.4859e+13|4.88124e+11|5.41279e+11|1.99581e+13,1.19121e+13|5.74607e+10|1.39506e+12|1.6398e+12|7.72178e+10|6.13322e+12|7.4533e+12|5.68247e+10|5.45815e+09|1.80632e+11|3.91236e+12|5.46248e+10|5.69937e+10|1.65379e+13,0.000272813|2.22486e-05|0.000240865|0.000236651|1.44025e-05|1.7303e-05|0.000115516|0.000208244|2.4748e-05|0.000137431|0.000374552|7.88144e-05|0.000133309|1.10176e-05,0.000247513|0.0017649|0.00269887|0.000144035|0.0082118|0.0037958|0.000803332|0.000162239|0.000559379|0.00038|0.00159185|0.00654761|0.000128581|0.0003012,0.0267276|0.0257131|0.0137582|0.0453925|0.0212901|0.0274705|0.00362957|0.00134448|0.0302924|0.0351794|0.0267406|0.0355868|0.0160189|0.0354931,0.00109024|0.0393537|0.00978248|0.032154|0.017526|0.00642684|0.0393535|0.0159645|0.0390973|0.0410032|0.0256969|0.0025477|0.0314455|0.0378422,0.947856|0.962581|0.920316|0.94335|0.933849|0.903274|0.912009|0.918227|0.934635|0.944217|0.981074|0.983979|0.986727|0.93728,3.42645|3.77893|1.24496|4.14497|2.38092|1.40891|2.47916|6.21195|3.93309|6.20274|3.83823|5.1941|2.2481|4.12651,79.8117|37.015|83.9106|51.9585|67.5745|66.6304|52.1141|81.7362|37.2729|32.9383|55.4093|99.595|65.9961,0.180902|0.185025|0.235608|0.224371|0.166922|0.19539|0.220919|0.246934|0.160203|0.189792|0.245267|0.194831|0.213203,0.956865|0.12338|0.629113|0.980199|0.619697|0.776204|0.42528|0.747741|0.316848|0.663025|0.471863|0.756576|0.42835,0.947089,0.929897,0.0537595,0.0057309,0.115486,0.547306,0.2767,0.482509,0.0776559,0.878555,72.0946,2.67492e-12,16056,0.872503,33.453,1.99398e-12,24666,0.931768,0.905326,0.0406295,0.553862,0.492708,0.529597,0.286795,0.463067,0.265174,0.926863,72.3298,3.14198e-12,40952,0.801015,98.3984,2.667e-11,46210
6,78,n1->n2->n12->n13->n14->n24->n25->n26->n27->n17->n18->n19->n9->n10,4.55588e+13|5.23413e+11|9.70647e+12|1.70175e+12|2.4844e+13|5.30865e+13|2.01397e+10|9.98399e+13|6.26614e+13|6.92201e+13|8.81528e+10|2.45264e+13|5.41279e+11|1.99581e+13,1.19121e+13|5.74607e+10|1.26993e+12|1.6398e+12|7.4533e+12|6.13322e+12|2.08097e+09|5.87009e+13|2.35834e+13|1.85776e+13|7.0302e+10|2.78019e+12|5.69937e+10|1.65379e+13,0.000272813|2.22486e-05|0.000140781|0.000236651|0.000115516|1.7303e-05|2.70509e-05|0.000118769|0.000150771|3.57755e-05|0.000192647|4.2477e-05|0.000133309|1.10176e-05,0.000247513|0.0017649|0.000236843|0.000144035|0.000803332|0.0037958|0.00299666|0.000323253|0.000264815|0.000712371|0.000947335|0.00118483|0.000128581|0.0003012,0.0267276|0.0257131|0.0184192|0.0453925|0.00362957|0.0274705|0.0427717|0.0160653|0.0382494|0.0105772|0.00660715|0.0169907|0.0160189|0.0354931,0.00109024|0.0393537|0.0133546|0.032154|0.0393535|0.00642684|0.0449118|0.0257682|0.0368632|0.0442819|0.0450958|0.0238367|0.0314455|0.0378422,0.947856|0.962581|0.978748|0.94335|0.912009|0.903274|0.937042|0.951498|0.90904|0.934311|0.951948|0.92511|0.986727|0.93728,3.42645|3.77893|0.907615|4.14497|2.47916|1.40891|2.00694|0.0859455|3.73846|4.13414|1.79104|0.817336|2.2481|4.12651,79.8117|88.6198|13.9548|56.34|66.6304|18.2346|55.6995|42.5138|72.2829|27.3162|28.0546|99.0064|65.9961,0.180902|0.229809|0.17533|0.243804|0.19539|0.244562|0.190523|0.164014|0.20897|0.218168|0.244543|0.210817|0.213203,0.956865|0.73214|0.469559|0.288383|0.776204|0.255688|0.158588|0.873071|0.780344|0.309735|0.240936|0.387396|0.42835,0.947089,0.929897,0.0537595,0.0057309,0.115486,0.547306,0.2767,0.482509,0.0776559,0.878555,72.0946,2.67492e-12,16056,0.872503,33.453,1.99398e-12,24666,0.931768,0.905326,0.0406295,0.553862,0.492708,0.529597,0.286795,0.463067,0.265174,0.926863,72.3298,3.14198e-12,40952,0.801015,98.3984,2.667e-11,46210
6,79,n1->n2->n12->n22->n23->n13->n14->n15->n16->n6->n7->n8->n9->n10,4.55588e+13|5.23413e+11|9.70647e+12|7.03401e+09|5.51854e+11|1.70175e+12|2.4844e+13|8.59239e+10|1.96299e+11|2.57217e+11|2.4859e+13|4.88124e+11|5.41279e+11|1.99581e+13,1.19121e+13|5.74607e+10|1.26993e+12|4.27301e+09|7.72178e+10|1.6398e+12|7.4533e+12|1.6374e+10|4.16811e+10|1.80632e+11|3.91236e+12|5.46248e+10|5.69937e+10|1.65379e+13,0.000272813|2.22486e-05|0.000140781|0.000672453|1.44025e-05|0.000236651|0.000115516|6.38284e-05|1.24441e-05|0.000137431|0.000374552|7.88144e-05|0.000133309|1.10176e-05,0.000247513|0.0017649|0.000236843|0.00709411|0.0082118|0.000144035|0.000803332|0.00172194|0.000118496|0.00038|0.00159185|0.00654761|0.000128581|0.0003012,0.0267276|0.0257131|0.0184192|0.0149108|0.0212901|0.0453925|0.00362957|0.0155694|0.0196441|0.0351794|0.0267406|0.0355868|0.0160189|0.0354931,0.00109024|0.0393537|0.0133546|0.0420171|0.017526|0.032154|0.0393535|0.0086256|0.0465121|0.0410032|0.0256969|0.0025477|0.0314455|0.0378422,0.947856|0.962581|0.978748|0.950942|0.933849|0.94335|0.912009|0.98259|0.969417|0.944217|0.981074|0.983979|0.986727|0.93728,3.42645|3.77893|0.907615|5.16975|2.38092|4.14497|2.47916|6.09992|2.19452|6.20274|3.83823|5.1941|2.2481|4.12651,79.8117|88.6198|13.2112|55.8812|51.9585|56.34|92.5451|56.2706|50.0569|32.9383|55.4093|99.595|65.9961,0.180902|0.229809|0.235624|0.248061|0.224371|0.243804|0.209465|0.241799|0.177576|0.189792|0.245267|0.194831|0.213203,0.956865|0.73214|0.512005|0.990161|0.980199|0.288383|0.722966|0.73275|0.337265|0.663025|0.471863|0.756576|0.42835,0.947089,0.929897,0.0537595,0.0057309,0.115486,0.547306,0.2767,0.482509,0.0776559,0.878555,72.0946,2.67492e-12,16056,0.872503,33.453,1.99398e-12,24666,0.931768,0.905326,0.0406295,0.553862,0.492708,0.529597,0.286795,0.463067,0.265174,0.926863,72.3298,3.14198e-12,40952,0.801015,98.3984,2.667e-11,46210
6,80,n1->n11->n21->n22->n12->n13->n14->n15->n16->n17->n18->n19->n20->n10,4.55588e+13|1.15025e+12|2.40242e+10|7.03401e+09|9.70647e+12|1.70175e+12|2.4844e+13|8.59239e+10|1.96299e+11|6.92201e+13|8.81528e+10|2.45264e+13|1.52852e+09|1.99581e+13,1.19121e+13|6.31783e+11|1.08781e+10|4.27301e+09|1.26993e+12|1.6398e+12|7.4533e+12|1.6374e+10|4.16811e+10|1.85776e+13|7.0302e+10|2.78019e+12|2.19744e+08|1.65379e+13,0.000272813|0.000273727|9.0809e-05|0.000672453|0.000140781|0.000236651|0.000115516|6.38284e-05|1.24441e-05|3.57755e-05|0.000192647|4.2477e-05|0.00080518|1.10176e-05,0.000247513|0.000148505|0.00346885|0.00709411|0.000236843|0.000144035|0.000803332|0.00172194|0.000118496|0.000712371|0.000947335|0.00118483|0.00141516|0.0003012,0.0267276|0.00791251|0.0448555|0.0149108|0.0184192|0.0453925|0.00362957|0.0155694|0.0196441|0.0105772|0.00660715|0.0169907|0.024448|0.0354931,0.00109024|0.00663636|0.0411686|0.0420171|0.0133546|0.032154|0.0393535|0.0086256|0.0465121|0.0442819|0.0450958|0.0238367|0.0192162|0.0378422,0.947856|0.988586|0.9175|0.950942|0.978748|0.94335|0.912009|0.98259|0.969417|0.934311|0.951948|0.92511|0.9673|0.93728,3.42645|5.73996|0.574724|5.16975|0.907615|4.14497|2.47916|6.09992|2.19452|4.13414|1.79104|0.817336|0.887559|4.12651,30.2686|65.1286|34.0839|13.2112|13.9548|56.34|92.5451|56.2706|32.2763|27.3162|28.0546|10.3361|29.3778,0.210339|0.167515|0.248622|0.235624|0.17533|0.243804|0.209465|0.241799|0.211942|0.218168|0.244543|0.171305|0.160098,0.907958|0.853399|0.539818|0.512005|0.469559|0.288383|0.722966|0.73275|0.374165|0.309735|0.240936|0.982386|0.879487,0.947089,0.929897,0.0537595,0.0057309,0.115486,0.547306,0.2767,0.482509,0.0776559,0.878555,72.0946,2.67492e-12,16056,0.872503,33.453,1.99398e-12,24666,0.931768,0.905326,0.0406295,0.553862,0.492708,0.529597,0.286795,0.463067,0.265174,0.926863,72.3298,3.14198e-12,40952,0.801015,98.3984,2.667e-11,46210
6,81,n1->n2->n3->n4->n14->n13->n23->n24->n25->n15->n5->n6->n7->n8->n9->n10,4.55588e+13|5.23413e+11|1.19214e+13|4.15825e+11|2.4844e+13|1.70175e+12|5.51854e+11|5.30865e+13|2.01397e+10|8.59239e+10|3.27327e+10|2.57217e+11|2.4859e+13|4.88124e+11|5.41279e+11|1.99581e+13,1.19121e+13|5.74607e+10|1.39506e+12|5.68247e+10|7.4533e+12|1.6398e+12|7.72178e+10|6.13322e+12|2.08097e+09|1.6374e+10|5.45815e+09|1.80632e+11|3.91236e+12|5.46248e+10|5.69937e+10|1.65379e+13,0.000272813|2.22486e-05|0.000240865|0.000208244|0.000115516|0.000236651|1.44025e-05|1.7303e-05|2.70509e-05|6.38284e-05|2.4748e-05|0.000137431|0.000374552|7.88144e-05|0.000133309|1.10176e-05,0.000247513|0.0017649|0.00269887|0.000162239|0.000803332|0.000144035|0.0082118|0.0037958|0.00299666|0.00172194|0.000559379|0.00038|0.00159185|0.00654761|0.000128581|0.0003012,0.0267276|0.0257131|0.0137582|0.00134448|0.00362957|0.0453925|0.0212901|0.0274705|0.0427717|0.0155694|0.0302924|0.0351794|0.0267406|0.0355868|0.0160189|0.0354931,0.00109024|0.0393537|0.00978248|0.0159645|0.0393535|0.032154|0.017526|0.00642684|0.0449118|0.0086256|0.0390973|0.0410032|0.0256969|0.0025477|0.0314455|0.0378422,0.947856|0.962581|0.920316|0.918227|0.912009|0.94335|0.933849|0.903274|0.937042|0.98259|0.934635|0.944217|0.981074|0.983979|0.986727|0.93728,3.42645|3.77893|1.24496|6.21195|2.47916|4.14497|2.38092|1.40891|2.00694|6.09992|3.93309|6.20274|3.83823|5.1941|2.2481|4.12651,79.8117|37.015|10.4739|52.1141|56.34|51.9585|67.5745|18.2346|54.7186|35.0583|37.2729|32.9383|55.4093|99.595|65.9961,0.180902|0.185025|0.209094|0.220919|0.243804|0.224371|0.166922|0.244562|0.244234|0.228753|0.160203|0.189792|0.245267|0.194831|0.213203,0.956865|0.12338|0.833808|0.42528|0.288383|0.980199|0.619697|0.255688|0.629787|0.738884|0.316848|0.663025|0.471863|0.756576|0.42835,0.947089,0.929897,0.0537595,0.0057309,0.115486,0.547306,0.2767,0.482509,0.0776559,0.878555,72.0946,2.67492e-12,16056,0.872503,33.453,1.99398e-12,24666,0.931768,0.905326,0.0406295,0.553862,0.492708,0.529597,0.286795,0.463067,0.265174,0.926863,72.3298,3.14198e-12,40952,0.801015,98.3984,2.667e-11,46210
6,82,n1->n2->n12->n22->n32->n33->n34->n24->n25->n15->n5->n6->n7->n8->n9->n10,4.55588e+13|5.23413e+11|9.70647e+12|7.03401e+09|1.62664e+12|6.01307e+13|1.55627e+09|5.30865e+13|2.01397e+10|8.59239e+10|3.27327e+10|2.57217e+11|2.4859e+13|4.88124e+11|5.41279e+11|1.99581e+13,1.19121e+13|5.74607e+10|1.26993e+12|4.27301e+09|3.80816e+11|2.07769e+13|1.25401e+09|6.13322e+12|2.08097e+09|1.6374e+10|5.45815e+09|1.80632e+11|3.91236e+12|5.46248e+10|5.69937e+10|1.65379e+13,0.000272813|2.22486e-05|0.000140781|0.000672453|8.81807e-05|0.000289953|0.000804578|1.7303e-05|2.70509e-05|6.38284e-05|2.4748e-05|0.000137431|0.000374552|7.88144e-05|0.000133309|1.10176e-05,0.000247513|0.0017649|0.000236843|0.00709411|0.000951259|0.00411152|0.000101616|0.0037958|0.00299666|0.00172194|0.000559379|0.00038|0.00159185|0.00654761|0.000128581|0.0003012,0.0267276|0.0257131|0.0184192|0.0149108|0.0119964|0.00567541|0.0106396|0.0274705|0.0427717|0.0155694|0.0302924|0.0351794|0.0267406|0.0355868|0.0160189|0.0354931,0.00109024|0.0393537|0.0133546|0.0420171|0.0157083|0.0326562|0.00900971|0.00642684|0.0449118|0.0086256|0.0390973|0.0410032|0.0256969|0.0025477|0.0314455|0.0378422,0.947856|0.962581|0.978748|0.950942|0.939747|0.945801|0.974224|0.903274|0.937042|0.98259|0.934635|0.944217|0.981074|0.983979|0.986727|0.93728,3.42645|3.77893|0.907615|5.16975|3.78989|3.59669|3.75785|1.40891|2.00694|6.09992|3.93309|6.20274|3.83823|5.1941|2.2481|4.12651,79.8117|88.6198|13.2112|86.2435|67.4197|23.5709|58.7029|18.2346|54.7186|35.0583|37.2729|32.9383|55.4093|99.595|65.9961,0.180902|0.229809|0.235624|0.178944|0.212413|0.193865|0.201644|0.244562|0.244234|0.228753|0.160203|0.189792|0.245267|0.194831|0.213203,0.956865|0.73214|0.512005|0.653738|0.400026|0.62087|0.191839|0.255688|0.629787|0.738884|0.316848|0.663025|0.471863|0.756576|0.42835,0.947089,0.929897,0.0537595,0.0057309,0.115486,0.547306,0.2767,0.482509,0.0776559,0.878555,72.0946,2.67492e-12,16056,0.872503,33.453,1.99398e-12,24666,0.931768,0.905326,0.0406295,0.553862,0.492708,0.529597,0.286795,0.463067,0.265174,0.926863,72.3298,3.14198e-12,40952,0.801015,98.3984,2.667e-11,46210
6,83,n1->n11->n21->n22->n32->n33->n23->n24->n25->n26->n27->n28->n18->n19->n9->n10,4.55588e+13|1.15025e+12|2.40242e+10|7.03401e+09|1.62664e+12|6.01307e+13|5.51854e+11|5.30865e+13|2.01397e+10|9.98399e+13|6.26614e+13|1.9542e+12|8.81528e+10|2.45264e+13|5.41279e+11|1.99581e+13,1.19121e+13|6.31783e+11|1.08781e+10|4.27301e+09|3.80816e+11|2.07769e+13|7.72178e+10|6.13322e+12|2.08097e+09|5.87009e+13|2.35834e+13|1.33825e+12|7.0302e+10|2.78019e+12|5.69937e+10|1.65379e+13,0.000272813|0.000273727|9.0809e-05|0.000672453|8.81807e-05|0.000289953|1.44025e-05|1.7303e-05|2.70509e-05|0.000118769|0.000150771|2.58334e-05|0.000192647|4.2477e-05|0.000133309|1.10176e-05,0.000247513|0.000148505|0.00346885|0.00709411|0.000951259|0.00411152|0.0082118|0.0037958|0.00299666|0.000323253|0.000264815|0.00569206|0.000947335|0.00118483|0.000128581|0.0003012,0.0267276|0.00791251|0.0448555|0.0149108|0.0119964|0.00567541|0.0212901|0.0274705|0.0427717|0.0160653|0.0382494|0.0230741|0.00660715|0.0169907|0.0160189|0.0354931,0.00109024|0.00663636|0.0411686|0.0420171|0.0157083|0.0326562|0.017526|0.00642684|0.0449118|0.0257682|0.0368632|0.00482618|0.0450958|0.0238367|0.0314455|0.0378422,0.947856|0.988586|0.9175|0.950942|0.939747|0.945801|0.933849|0.903274|0.937042|0.951498|0.90904|0.910034|0.951948|0.92511|0.986727|0.93728,3.42645|5.73996|0.574724|5.16975|3.78989|3.59669|2.38092|1.40891|2.00694|0.0859455|3.73846|1.24284|1.79104|0.817336|2.2481|4.12651,30.2686|65.1286|34.0839|86.2435|67.4197|76.7594|67.5745|18.2346|55.6995|42.5138|15.3326|43.2583|28.0546|99.0064|65.9961,0.210339|0.167515|0.248622|0.178944|0.212413|0.171333|0.166922|0.244562|0.190523|0.164014|0.200691|0.171475|0.244543|0.210817|0.213203,0.907958|0.853399|0.539818|0.653738|0.400026|0.836795|0.619697|0.255688|0.158588|0.873071|0.938399|0.471649|0.240936|0.387396|0.42835,0.947089,0.929897,0.0537595,0.0057309,0.115486,0.547306,0.2767,0.482509,0.0776559,0.878555,72.0946,2.67492e-12,16056,0.872503,33.453,1.99398e-12,24666,0.931768,0.905326,0.0406295,0.553862,0.492708,0.529597,0.286795,0.463067,0.265174,0.926863,72.3298,3.14198e-12,40952,0.801015,98.3984,2.667e-11,46210
6,84,n1->n2->n12->n13->n3->n4->n5->n6->n16->n26->n27->n28->n18->n19->n20->n10,4.55588e+13|5.23413e+11|9.70647e+12|1.70175e+12|1.19214e+13|4.15825e+11|3.27327e+10|2.57217e+11|1.96299e+11|9.98399e+13|6.26614e+13|1.9542e+12|8.81528e+10|2.45264e+13|1.52852e+09|1.99581e+13,1.19121e+13|5.74607e+10|1.26993e+12|1.6398e+12|1.39506e+12|5.68247e+10|5.45815e+09|1.80632e+11|4.16811e+10|5.87009e+13|2.35834e+13|1.33825e+12|7.0302e+10|2.78019e+12|2.19744e+08|1.65379e+13,0.000272813|2.22486e-05|0.000140781|0.000236651|0.000240865|0.000208244|2.4748e-05|0.000137431|1.24441e-05|0.000118769|0.000150771|2.58334e-05|0.000192647|4.2477e-05|0.00080518|1.10176e-05,0.000247513|0.0017649|0.000236843|0.000144035|0.00269887|0.000162239|0.000559379|0.00038|0.000118496|0.000323253|0.000264815|0.00569206|0.000947335|0.00118483|0.00141516|0.0003012,0.0267276|0.0257131|0.0184192|0.0453925|0.0137582|0.00134448|0.0302924|0.0351794|0.0196441|0.0160653|0.0382494|0.0230741|0.00660715|0.0169907|0.024448|0.0354931,0.00109024|0.0393537|0.0133546|0.032154|0.00978248|0.0159645|0.0390973|0.0410032|0.0465121|0.0257682|0.0368632|0.00482618|0.0450958|0.0238367|0.0192162|0.0378422,0.947856|0.962581|0.978748|0.94335|0.920316|0.918227|0.934635|0.944217|0.969417|0.951498|0.90904|0.910034|0.951948|0.92511|0.9673|0.93728,3.42645|3.77893|0.907615|4.14497|1.24496|6.21195|3.93309|6.20274|2.19452|0.0859455|3.73846|1.24284|1.79104|0.817336|0.887559|4.12651,79.8117|88.6198|13.9548|83.9106|10.4739|81.7362|37.2729|50.0569|11.0615|42.5138|15.3326|43.2583|28.0546|10.3361|29.3778,0.180902|0.229809|0.17533|0.235608|0.209094|0.246934|0.160203|0.177576|0.223866|0.164014|0.200691|0.171475|0.244543|0.171305|0.160098,0.956865|0.73214|0.469559|0.629113|0.833808|0.747741|0.316848|0.337265|0.893757|0.873071|0.938399|0.471649|0.240936|0.982386|0.879487,0.947089,0.929897,0.0537595,0.0057309,0.115486,0.547306,0.2767,0.482509,0.0776559,0.878555,72.0946,2.67492e-12,16056,0.872503,33.453,1.99398e-12,24666,0.931768,0.905326,0.0406295,0.553862,0.492708,0.529597,0.286795,0.463067,0.265174,0.926863,72.3298,3.14198e-12,40952,0.801015,98.3984,2.667e-11,46210
6,85,n1->n2->n12->n11->n21->n22->n23->n24->n25->n26->n16->n6->n7->n8->n9->n10,4.55588e+13|5.23413e+11|9.70647e+12|1.15025e+12|2.40242e+10|7.03401e+09|5.51854e+11|5.30865e+13|2.01397e+10|9.98399e+13|1.96299e+11|2.57217e+11|2.4859e+13|4.88124e+11|5.41279e+11|1.99581e+13,1.19121e+13|5.74607e+10|1.26993e+12|6.31783e+11|1.08781e+10|4.27301e+09|7.72178e+10|6.13322e+12|2.08097e+09|5.87009e+13|4.16811e+10|1.80632e+11|3.91236e+12|5.46248e+10|5.69937e+10|1.65379e+13,0.000272813|2.22486e-05|0.000140781|0.000273727|9.0809e-05|0.000672453|1.44025e-05|1.7303e-05|2.70509e-05|0.000118769|1.24441e-05|0.000137431|0.000374552|7.88144e-05|0.000133309|1.10176e-05,0.000247513|0.0017649|0.000236843|0.000148505|0.00346885|0.00709411|0.0082118|0.0037958|0.00299666|0.000323253|0.000118496|0.00038|0.00159185|0.00654761|0.000128581|0.0003012,0.0267276|0.0257131|0.0184192|0.00791251|0.0448555|0.0149108|0.0212901|0.0274705|0.0427717|0.0160653|0.0196441|0.0351794|0.0267406|0.0355868|0.0160189|0.0354931,0.00109024|0.0393537|0.0133546|0.00663636|0.0411686|0.0420171|0.017526|0.00642684|0.0449118|0.0257682|0.0465121|0.0410032|0.0256969|0.0025477|0.0314455|0.0378422,0.947856|0.962581|0.978748|0.988586|0.9175|0.950942|0.933849|0.903274|0.937042|0.951498|0.969417|0.944217|0.981074|0.983979|0.986727|0.93728,3.42645|3.77893|0.907615|5.73996|0.574724|5.16975|2.38092|1.40891|2.00694|0.0859455|2.19452|6.20274|3.83823|5.1941|2.2481|4.12651,79.8117|88.6198|24.4191|65.1286|34.0839|55.8812|67.5745|18.2346|55.6995|11.0615|50.0569|32.9383|55.4093|99.595|65.9961,0.180902|0.229809|0.19865|0.167515|0.248622|0.248061|0.166922|0.244562|0.190523|0.223866|0.177576|0.189792|0.245267|0.194831|0.213203,0.956865|0.73214|0.54288|0.853399|0.539818|0.990161|0.619697|0.255688|0.158588|0.893757|0.337265|0.663025|0.471863|0.756576|0.42835,0.947089,0.929897,0.0537595,0.0057309,0.115486,0.547306,0.2767,0.482509,0.0776559,0.878555,72.0946,2.67492e-12,16056,0.872503,33.453,1.99398e-12,24666,0.931768,0.905326,0.0406295,0.553862,0.492708,0.529597,0.286795,0.463067,0.265174,0.926863,72.3298,3.14198e-12,40952,0.801015,98.3984,2.667e-11,46210
6,86,n1->n2->n3->n13->n12->n22->n23->n24->n14->n4->n5->n6->n7->n8->n9->n10,4.55588e+13|5.23413e+11|1.19214e+13|1.70175e+12|9.70647e+12|7.03401e+09|5.51854e+11|5.30865e+13|2.4844e+13|4.15825e+11|3.27327e+10|2.57217e+11|2.4859e+13|4.88124e+11|5.41279e+11|1.99581e+13,1.19121e+13|5.74607e+10|1.39506e+12|1.6398e+12|1.26993e+12|4.27301e+09|7.72178e+10|6.13322e+12|7.4533e+12|5.68247e+10|5.45815e+09|1.80632e+11|3.91236e+12|5.46248e+10|5.69937e+10|1.65379e+13,0.000272813|2.22486e-05|0.000240865|0.000236651|0.000140781|0.000672453|1.44025e-05|1.7303e-05|0.000115516|0.000208244|2.4748e-05|0.000137431|0.000374552|7.88144e-05|0.000133309|1.10176e-05,0.000247513|0.0017649|0.00269887|0.000144035|0.000236843|0.00709411|0.0082118|0.0037958|0.000803332|0.000162239|0.000559379|0.00038|0.00159185|0.00654761|0.000128581|0.0003012,0.0267276|0.0257131|0.0137582|0.0453925|0.0184192|0.0149108|0.0212901|0.0274705|0.00362957|0.00134448|0.0302924|0.0351794|0.0267406|0.0355868|0.0160189|0.0354931,0.00109024|0.0393537|0.00978248|0.032154|0.0133546|0.0420171|0.017526|0.00642684|0.0393535|0.0159645|0.0390973|0.0410032|0.0256969|0.0025477|0.0314455|0.0378422,0.947856|0.962581|0.920316|0.94335|0.978748|0.950942|0.933849|0.903274|0.912009|0.918227|0.934635|0.944217|0.981074|0.983979|0.986727|0.93728,3.42645|3.77893|1.24496|4.14497|0.907615|5.16975|2.38092|1.40891|2.47916|6.21195|3.93309|6.20274|3.83823|5.1941|2.2481|4.12651,79.8117|37.015|83.9106|13.9548|13.2112|55.8812|67.5745|66.6304|52.1141|81.7362|37.2729|32.9383|55.4093|99.595|65.9961,0.180902|0.185025|0.235608|0.17533|0.235624|0.248061|0.166922|0.19539|0.220919|0.246934|0.160203|0.189792|0.245267|0.194831|0.213203,0.956865|0.12338|0.629113|0.469559|0.512005|0.990161|0.619697|0.776204|0.42528|0.747741|0.316848|0.663025|0.471863|0.756576|0.42835,0.947089,0.929897,0.0537595,0.0057309,0.115486,0.547306,0.2767,0.482509,0.0776559,0.878555,72.0946,2.67492e-12,16056,0.872503,33.453,1.99398e-12,24666,0.931768,0.905326,0.0406295,0.553862,0.492708,0.529597,0.286795,0.463067,0.265174,0.926863,72.3298,3.14198e-12,40952,0.801015,98.3984,2.667e-11,46210
6,87,n1->n11->n12->n22->n32->n33->n34->n24->n14->n4->n5->n6->n7->n8->n9->n10,4.55588e+13|1.15025e+12|9.70647e+12|7.03401e+09|1.62664e+12|6.01307e+13|1.55627e+09|5.30865e+13|2.4844e+13|4.15825e+11|3.27327e+10|2.57217e+11|2.4859e+13|4.88124e+11|5.41279e+11|1.99581e+13,1.19121e+13|6.31783e+11|1.26993e+12|4.27301e+09|3.80816e+11|2.07769e+13|1.25401e+09|6.13322e+12|7.4533e+12|5.68247e+10|5.45815e+09|1.80632e+11|3.91236e+12|5.46248e+10|5.69937e+10|1.65379e+13,0.000272813|0.000273727|0.000140781|0.000672453|8.81807e-05|0.000289953|0.000804578|1.7303e-05|0.000115516|0.000208244|2.4748e-05|0.000137431|0.000374552|7.88144e-05|0.000133309|1.10176e-05,0.000247513|0.000148505|0.000236843|0.00709411|0.000951259|0.00411152|0.000101616|0.0037958|0.000803332|0.000162239|0.000559379|0.00038|0.00159185|0.00654761|0.000128581|0.0003012,0.0267276|0.00791251|0.0184192|0.0149108|0.0119964|0.00567541|0.0106396|0.0274705|0.00362957|0.00134448|0.0302924|0.0351794|0.0267406|0.0355868|0.0160189|0.0354931,0.00109024|0.00663636|0.0133546|0.0420171|0.0157083|0.0326562|0.00900971|0.00642684|0.0393535|0.0159645|0.0390973|0.0410032|0.0256969|0.0025477|0.0314455|0.0378422,0.947856|0.988586|0.978748|0.950942|0.939747|0.945801|0.974224|0.903274|0.912009|0.918227|0.934635|0.944217|0.981074|0.983979|0.986727|0.93728,3.42645|5.73996|0.907615|5.16975|3.78989|3.59669|3.75785|1.40891|2.47916|6.21195|3.93309|6.20274|3.83823|5.1941|2.2481|4.12651,30.2686|24.4191|13.2112|86.2435|67.4197|23.5709|58.7029|66.6304|52.1141|81.7362|37.2729|32.9383|55.4093|99.595|65.9961,0.210339|0.19865|0.235624|0.178944|0.212413|0.193865|0.201644|0.19539|0.220919|0.246934|0.160203|0.189792|0.245267|0.194831|0.213203,0.907958|0.54288|0.512005|0.653738|0.400026|0.62087|0.191839|0.776204|0.42528|0.747741|0.316848|0.663025|0.471863|0.756576|0.42835,0.947089,0.929897,0.0537595,0.0057309,0.115486,0.547306,0.2767,0.482509,0.0776559,0.878555,72.0946,2.67492e-12,16056,0.872503,33.453,1.99398e-12,24666,0.931768,0.905326,0.0406295,0.553862,0.492708,0.529597,0.286795,0.463067,0.265174,0.926863,72.3298,3.14198e-12,40952,0.801015,98.3984,2.667e-11,46210
6,88,n1->n2->n12->n13->n23->n33->n34->n35->n25->n15->n5->n6->n7->n8->n9->n10,4.55588e+13|5.23413e+11|9.70647e+12|1.70175e+12|5.51854e+11|6.01307e+13|1.55627e+09|7.70315e+09|2.01397e+10|8.59239e+10|3.27327e+10|2.57217e+11|2.4859e+13|4.88124e+11|5.41279e+11|1.99581e+13,1.19121e+13|5.74607e+10|1.26993e+12|1.6398e+12|7.72178e+10|2.07769e+13|1.25401e+09|5.01926e+09|2.08097e+09|1.6374e+10|5.45815e+09|1.80632e+11|3.91236e+12|5.46248e+10|5.69937e+10|1.65379e+13,0.000272813|2.22486e-05|0.000140781|0.000236651|1.44025e-05|0.000289953|0.000804578|5.09272e-05|2.70509e-05|6.38284e-05|2.4748e-05|0.000137431|0.000374552|7.88144e-05|0.000133309|1.10176e-05,0.000247513|0.0017649|0.000236843|0.000144035|0.0082118|0.00411152|0.000101616|0.000835052|0.00299666|0.00172194|0.000559379|0.00038|0.00159185|0.00654761|0.000128581|0.0003012,0.0267276|0.0257131|0.0184192|0.0453925|0.0212901|0.00567541|0.0106396|0.0193653|0.0427717|0.0155694|0.0302924|0.0351794|0.0267406|0.0355868|0.0160189|0.0354931,0.00109024|0.0393537|0.0133546|0.032154|0.017526|0.0326562|0.00900971|0.026069|0.0449118|0.0086256|0.0390973|0.0410032|0.0256969|0.0025477|0.0314455|0.0378422,0.947856|0.962581|0.978748|0.94335|0.933849|0.945801|0.974224|0.945614|0.937042|0.98259|0.934635|0.944217|0.981074|0.983979|0.986727|0.93728,3.42645|3.77893|0.907615|4.14497|2.38092|3.59669|3.75785|1.72526|2.00694|6.09992|3.93309|6.20274|3.83823|5.1941|2.2481|4.12651,79.8117|88.6198|13.9548|51.9585|76.7594|23.5709|31.5608|88.4205|54.7186|35.0583|37.2729|32.9383|55.4093|99.595|65.9961,0.180902|0.229809|0.17533|0.224371|0.171333|0.193865|0.244982|0.183809|0.244234|0.228753|0.160203|0.189792|0.245267|0.194831|0.213203,0.956865|0.73214|0.469559|0.980199|0.836795|0.62087|0.420555|0.991201|0.629787|0.738884|0.316848|0.663025|0.471863|0.756576|0.42835,0.947089,0.929897,0.0537595,0.0057309,0.115486,0.547306,0.2767,0.482509,0.0776559,0.878555,72.0946,2.67492e-12,16056,0.872503,33.453,1.99398e-12,24666,0.931768,0.905326,0.0406295,0.553862,0.492708,0.529597,0.286795,0.463067,0.265174,0.926863,72.3298,3.14198e-12,40952,0.801015,98.3984,2.667e-11,46210
6,89,n1->n11->n21->n22->n12->n2->n3->n4->n5->n15->n16->n6->n7->n8->n9->n10,4.55588e+13|1.15025e+12|2.40242e+10|7.03401e+09|9.70647e+12|5.23413e+11|1.19214e+13|4.15825e+11|3.27327e+10|8.59239e+10|1.96299e+11|2.57217e+11|2.4859e+13|4.88124e+11|5.41279e+11|1.99581e+13,1.19121e+13|6.31783e+11|1.08781e+10|4.27301e+09|1.26993e+12|5.74607e+10|1.39506e+12|5.68247e+10|5.45815e+09|1.6374e+10|4.16811e+10|1.80632e+11|3.91236e+12|5.46248e+10|5.69937e+10|1.65379e+13,0.000272813|0.000273727|9.0809e-05|0.000672453|0.000140781|2.22486e-05|0.000240865|0.000208244|2.4748e-05|6.38284e-05|1.24441e-05|0.000137431|0.000374552|7.88144e-05|0.000133309|1.10176e-05,0.000247513|0.000148505|0.00346885|0.00709411|0.000236843|0.0017649|0.00269887|0.000162239|0.000559379|0.00172194|0.000118496|0.00038|0.00159185|0.00654761|0.000128581|0.0003012,0.0267276|0.00791251|0.0448555|0.0149108|0.0184192|0.0257131|0.0137582|0.00134448|0.0302924|0.0155694|0.0196441|0.0351794|0.0267406|0.0355868|0.0160189|0.0354931,0.00109024|0.00663636|0.0411686|0.0420171|0.0133546|0.0393537|0.00978248|0.0159645|0.0390973|0.0086256|0.0465121|0.0410032|0.0256969|0.0025477|0.0314455|0.0378422,0.947856|0.988586|0.9175|0.950942|0.978748|0.962581|0.920316|0.918227|0.934635|0.98259|0.969417|0.944217|0.981074|0.983979|0.986727|0.93728,3.42645|5.73996|0.574724|5.16975|0.907615|3.77893|1.24496|6.21195|3.93309|6.09992|2.19452|6.20274|3.83823|5.1941|2.2481|4.12651,30.2686|65.1286|34.0839|13.2112|88.6198|37.015|10.4739|81.7362|35.0583|56.2706|50.0569|32.9383|55.4093|99.595|65.9961,0.210339|0.167515|0.248622|0.235624|0.229809|0.185025|0.209094|0.246934|0.228753|0.241799|0.177576|0.189792|0.245267|0.194831|0.213203,0.907958|0.853399|0.539818|0.512005|0.73214|0.12338|0.833808|0.747741|0.738884|0.73275|0.337265|0.663025|0.471863|0.756576|0.42835,0.947089,0.929897,0.0537595,0.0057309,0.115486,0.547306,0.2767,0.482509,0.0776559,0.878555,72.0946,2.67492e-12,16056,0.872503,33.453,1.99398e-12,24666,0.931768,0.905326,0.0406295,0.553862,0.492708,0.529597,0.286795,0.463067,0.265174,0.926863,72.3298,3.14198e-12,40952,0.801015,98.3984,2.667e-11,46210
6,90,n1->n2->n12->n11->n21->n22->n23->n13->n3->n4->n5->n6->n7->n8->n9->n10,4.55588e+13|5.23413e+11|9.70647e+12|1.15025e+12|2.40242e+10|7.03401e+09|5.51854e+11|1.70175e+12|1.19214e+13|4.15825e+11|3.27327e+10|2.57217e+11|2.4859e+13|4.88124e+11|5.41279e+11|1.99581e+13,1.19121e+13|5.74607e+10|1.26993e+12|6.31783e+11|1.08781e+10|4.27301e+09|7.72178e+10|1.6398e+12|1.39506e+12|5.68247e+10|5.45815e+09|1.80632e+11|3.91236e+12|5.46248e+10|5.69937e+10|1.65379e+13,0.000272813|2.22486e-05|0.000140781|0.000273727|9.0809e-05|0.000672453|1.44025e-05|0.000236651|0.000240865|0.000208244|2.4748e-05|0.000137431|0.000374552|7.88144e-05|0.000133309|1.10176e-05,0.000247513|0.0017649|0.000236843|0.000148505|0.00346885|0.00709411|0.0082118|0.000144035|0.00269887|0.000162239|0.000559379|0.00038|0.00159185|0.00654761|0.000128581|0.0003012,0.0267276|0.0257131|0.0184192|0.00791251|0.0448555|0.0149108|0.0212901|0.0453925|0.0137582|0.00134448|0.0302924|0.0351794|0.0267406|0.0355868|0.0160189|0.0354931,0.00109024|0.0393537|0.0133546|0.00663636|0.0411686|0.0420171|0.017526|0.032154|0.00978248|0.0159645|0.0390973|0.0410032|0.0256969|0.0025477|0.0314455|0.0378422,0.947856|0.962581|0.978748|0.988586|0.9175|0.950942|0.933849|0.94335|0.920316|0.918227|0.934635|0.944217|0.981074|0.983979|0.986727|0.93728,3.42645|3.77893|0.907615|5.73996|0.574724|5.16975|2.38092|4.14497|1.24496|6.21195|3.93309|6.20274|3.83823|5.1941|2.2481|4.12651,79.8117|88.6198|24.4191|65.1286|34.0839|55.8812|51.9585|83.9106|10.4739|81.7362|37.2729|32.9383|55.4093|99.595|65.9961,0.180902|0.229809|0.19865|0.167515|0.248622|0.248061|0.224371|0.235608|0.209094|0.246934|0.160203|0.189792|0.245267|0.194831|0.213203,0.956865|0.73214|0.54288|0.853399|0.539818|0.990161|0.980199|0.629113|0.833808|0.747741|0.316848|0.663025|0.471863|0.756576|0.42835,0.947089,0.929897,0.0537595,0.0057309,0.115486,0.547306,0.2767,0.482509,0.0776559,0.878555,72.0946,2.67492e-12,16056,0.872503,33.453,1.99398e-12,24666,0.931768,0.905326,0.0406295,0.553862,0.492708,0.529597,0.286795,0.463067,0.265174,0.926863,72.3298,3.14198e-12,40952,0.801015,98.3984,2.667e-11,46210
6,91,n1->n2->n3->n13->n23->n24->n14->n15->n16->n26->n27->n17->n18->n8->n9->n10,4.55588e+13|5.23413e+11|1.19214e+13|1.70175e+12|5.51854e+11|5.30865e+13|2.4844e+13|8.59239e+10|1.96299e+11|9.98399e+13|6.26614e+13|6.92201e+13|8.81528e+10|4.88124e+11|5.41279e+11|1.99581e+13,1.19121e+13|5.74607e+10|1.39506e+12|1.6398e+12|7.72178e+10|6.13322e+12|7.4533e+12|1.6374e+10|4.16811e+10|5.87009e+13|2.35834e+13|1.85776e+13|7.0302e+10|5.46248e+10|5.69937e+10|1.65379e+13,0.000272813|2.22486e-05|0.000240865|0.000236651|1.44025e-05|1.7303e-05|0.000115516|6.38284e-05|1.24441e-05|0.000118769|0.000150771|3.57755e-05|0.000192647|7.88144e-05|0.000133309|1.10176e-05,0.000247513|0.0017649|0.00269887|0.000144035|0.0082118|0.0037958|0.000803332|0.00172194|0.000118496|0.000323253|0.000264815|0.000712371|0.000947335|0.00654761|0.000128581|0.0003012,0.0267276|0.0257131|0.0137582|0.0453925|0.0212901|0.0274705|0.00362957|0.0155694|0.0196441|0.0160653|0.0382494|0.0105772|0.00660715|0.0355868|0.0160189|0.0354931,0.00109024|0.0393537|0.00978248|0.032154|0.017526|0.00642684|0.0393535|0.0086256|0.0465121|0.0257682|0.0368632|0.0442819|0.0450958|0.0025477|0.0314455|0.0378422,0.947856|0.962581|0.920316|0.94335|0.933849|0.903274|0.912009|0.98259|0.969417|0.951498|0.90904|0.934311|0.951948|0.983979|0.986727|0.93728,3.42645|3.77893|1.24496|4.14497|2.38092|1.40891|2.47916|6.09992|2.19452|0.0859455|3.73846|4.13414|1.79104|5.1941|2.2481|4.12651,79.8117|37.015|83.9106|51.9585|67.5745|66.6304|92.5451|56.2706|11.0615|42.5138|72.2829|27.3162|81.3396|99.595|65.9961,0.180902|0.185025|0.235608|0.224371|0.166922|0.19539|0.209465|0.241799|0.223866|0.164014|0.20897|0.218168|0.24659|0.194831|0.213203,0.956865|0.12338|0.629113|0.980199|0.619697|0.776204|0.722966|0.73275|0.893757|0.873071|0.780344|0.309735|0.632564|0.756576|0.42835,0.947089,0.929897,0.0537595,0.0057309,0.115486,0.547306,0.2767,0.482509,0.0776559,0.878555,72.0946,2.67492e-12,16056,0.872503,33.453,1.99398e-12,24666,0.931768,0.905326,0.0406295,0.553862,0.492708,0.529597,0.286795,0.463067,0.265174,0.926863,72.3298,3.14198e-12,40952,0.801015,98.3984,2.667e-11,46210
6,92,n1->n11->n12->n22->n23->n33->n34->n35->n25->n15->n16->n6->n7->n8->n9->n10,4.55588e+13|1.15025e+12|9.70647e+12|7.03401e+09|5.51854e+11|6.01307e+13|1.55627e+09|7.70315e+09|2.01397e+10|8.59239e+10|1.96299e+11|2.57217e+11|2.4859e+13|4.88124e+11|5.41279e+11|1.99581e+13,1.19121e+13|6.31783e+11|1.26993e+12|4.27301e+09|7.72178e+10|2.07769e+13|1.25401e+09|5.01926e+09|2.08097e+09|1.6374e+10|4.16811e+10|1.80632e+11|3.91236e+12|5.46248e+10|5.69937e+10|1.65379e+13,0.000272813|0.000273727|0.000140781|0.000672453|1.44025e-05|0.000289953|0.000804578|5.09272e-05|2.70509e-05|6.38284e-05|1.24441e-05|0.000137431|0.000374552|7.88144e-05|0.000133309|1.10176e-05,0.000247513|0.000148505|0.000236843|0.00709411|0.0082118|0.00411152|0.000101616|0.000835052|0.00299666|0.00172194|0.000118496|0.00038|0.00159185|0.00654761|0.000128581|0.0003012,0.0267276|0.00791251|0.0184192|0.0149108|0.0212901|0.00567541|0.0106396|0.0193653|0.0427717|0.0155694|0.0196441|0.0351794|0.0267406|0.0355868|0.0160189|0.0354931,0.00109024|0.00663636|0.0133546|0.0420171|0.017526|0.0326562|0.00900971|0.026069|0.0449118|0.0086256|0.0465121|0.0410032|0.0256969|0.0025477|0.0314455|0.0378422,0.947856|0.988586|0.978748|0.950942|0.933849|0.945801|0.974224|0.945614|0.937042|0.98259|0.969417|0.944217|0.981074|0.983979|0.986727|0.93728,3.42645|5.73996|0.907615|5.16975|2.38092|3.59669|3.75785|1.72526|2.00694|6.09992|2.19452|6.20274|3.83823|5.1941|2.2481|4.12651,30.2686|24.4191|13.2112|55.8812|76.7594|23.5709|31.5608|88.4205|54.7186|56.2706|50.0569|32.9383|55.4093|99.595|65.9961,0.210339|0.19865|0.235624|0.248061|0.171333|0.193865|0.244982|0.183809|0.244234|0.241799|0.177576|0.189792|0.245267|0.194831|0.213203,0.907958|0.54288|0.512005|0.990161|0.836795|0.62087|0.420555|0.991201|0.629787|0.73275|0.337265|0.663025|0.471863|0.756576|0.42835,0.947089,0.929897,0.0537595,0.0057309,0.115486,0.547306,0.2767,0.482509,0.0776559,0.878555,72.0946,2.67492e-12,16056,0.872503,33.453,1.99398e-12,24666,0.931768,0.905326,0.0406295,0.553862,0.492708,0.529597,0.286795,0.463067,0.265174,0.926863,72.3298,3.14198e-12,40952,0.801015,98.3984,2.667e-11,46210
6,93,n1->n11->n21->n31->n32->n22->n23->n13->n14->n4->n5->n6->n7->n8->n9->n10,4.55588e+13|1.15025e+12|2.40242e+10|1.31436e+10|1.62664e+12|7.03401e+09|5.51854e+11|1.70175e+12|2.4844e+13|4.15825e+11|3.27327e+10|2.57217e+11|2.4859e+13|4.88124e+11|5.41279e+11|1.99581e+13,1.19121e+13|6.31783e+11|1.08781e+10|1.08408e+10|3.80816e+11|4.27301e+09|7.72178e+10|1.6398e+12|7.4533e+12|5.68247e+10|5.45815e+09|1.80632e+11|3.91236e+12|5.46248e+10|5.69937e+10|1.65379e+13,0.000272813|0.000273727|9.0809e-05|0.000575588|8.81807e-05|0.000672453|1.44025e-05|0.000236651|0.000115516|0.000208244|2.4748e-05|0.000137431|0.000374552|7.88144e-05|0.000133309|1.10176e-05,0.000247513|0.000148505|0.00346885|0.00434396|0.000951259|0.00709411|0.0082118|0.000144035|0.000803332|0.000162239|0.000559379|0.00038|0.00159185|0.00654761|0.000128581|0.0003012,0.0267276|0.00791251|0.0448555|0.0356972|0.0119964|0.0149108|0.0212901|0.0453925|0.00362957|0.00134448|0.0302924|0.0351794|0.0267406|0.0355868|0.0160189|0.0354931,0.00109024|0.00663636|0.0411686|0.0077036|0.0157083|0.0420171|0.017526|0.032154|0.0393535|0.0159645|0.0390973|0.0410032|0.0256969|0.0025477|0.0314455|0.0378422,0.947856|0.988586|0.9175|0.904595|0.939747|0.950942|0.933849|0.94335|0.912009|0.918227|0.934635|0.944217|0.981074|0.983979|0.986727|0.93728,3.42645|5.73996|0.574724|4.1085|3.78989|5.16975|2.38092|4.14497|2.47916|6.21195|3.93309|6.20274|3.83823|5.1941|2.2481|4.12651,30.2686|65.1286|89.2299|63.0993|86.2435|55.8812|51.9585|56.34|52.1141|81.7362|37.2729|32.9383|55.4093|99.595|65.9961,0.210339|0.167515|0.160794|0.24519|0.178944|0.248061|0.224371|0.243804|0.220919|0.246934|0.160203|0.189792|0.245267|0.194831|0.213203,0.907958|0.853399|0.318275|0.75498|0.653738|0.990161|0.980199|0.288383|0.42528|0.747741|0.316848|0.663025|0.471863|0.756576|0.42835,0.947089,0.929897,0.0537595,0.0057309,0.115486,0.547306,0.2767,0.482509,0.0776559,0.878555,72.0946,2.67492e-12,16056,0.872503,33.453,1.99398e-12,24666,0.931768,0.905326,0.0406295,0.553862,0.492708,0.529597,0.286795,0.463067,0.265174,0.926863,72.3298,3.14198e-12,40952,0.801015,98.3984,2.667e-11,46210
6,94,n1->n2->n3->n4->n5->n15->n14->n24->n25->n26->n16->n17->n7->n8->n9->n10,4.55588e+13|5.23413e+11|1.19214e+13|4.15825e+11|3.27327e+10|8.59239e+10|2.4844e+13|5.30865e+13|2.01397e+10|9.98399e+13|1.96299e+11|6.92201e+13|2.4859e+13|4.88124e+11|5.41279e+11|1.99581e+13,1.19121e+13|5.74607e+10|1.39506e+12|5.68247e+10|5.45815e+09|1.6374e+10|7.4533e+12|6.13322e+12|2.08097e+09|5.87009e+13|4.16811e+10|1.85776e+13|3.91236e+12|5.46248e+10|5.69937e+10|1.65379e+13,0.000272813|2.22486e-05|0.000240865|0.000208244|2.4748e-05|6.38284e-05|0.000115516|1.7303e-05|2.70509e-05|0.000118769|1.24441e-05|3.57755e-05|0.000374552|7.88144e-05|0.000133309|1.10176e-05,0.000247513|0.0017649|0.00269887|0.000162239|0.000559379|0.00172194|0.000803332|0.0037958|0.00299666|0.000323253|0.000118496|0.000712371|0.00159185|0.00654761|0.000128581|0.0003012,0.0267276|0.0257131|0.0137582|0.00134448|0.0302924|0.0155694|0.00362957|0.0274705|0.0427717|0.0160653|0.0196441|0.0105772|0.0267406|0.0355868|0.0160189|0.0354931,0.00109024|0.0393537|0.00978248|0.0159645|0.0390973|0.0086256|0.0393535|0.00642684|0.0449118|0.0257682|0.0465121|0.0442819|0.0256969|0.0025477|0.0314455|0.0378422,0.947856|0.962581|0.920316|0.918227|0.934635|0.98259|0.912009|0.903274|0.937042|0.951498|0.969417|0.934311|0.981074|0.983979|0.986727|0.93728,3.42645|3.77893|1.24496|6.21195|3.93309|6.09992|2.47916|1.40891|2.00694|0.0859455|2.19452|4.13414|3.83823|5.1941|2.2481|4.12651,79.8117|37.015|10.4739|81.7362|35.0583|92.5451|66.6304|18.2346|55.6995|11.0615|32.2763|59.8148|55.4093|99.595|65.9961,0.180902|0.185025|0.209094|0.246934|0.228753|0.209465|0.19539|0.244562|0.190523|0.223866|0.211942|0.182049|0.245267|0.194831|0.213203,0.956865|0.12338|0.833808|0.747741|0.738884|0.722966|0.776204|0.255688|0.158588|0.893757|0.374165|0.538397|0.471863|0.756576|0.42835,0.947089,0.929897,0.0537595,0.0057309,0.115486,0.547306,0.2767,0.482509,0.0776559,0.878555,72.0946,2.67492e-12,16056,0.872503,33.453,1.99398e-12,24666,0.931768,0.905326,0.0406295,0.553862,0.492708,0.529597,0.286795,0.463067,0.265174,0.926863,72.3298,3.14198e-12,40952,0.801015,98.3984,2.667e-11,46210
6,95,n1->n2->n12->n22->n23->n13->n3->n4->n14->n15->n16->n6->n7->n8->n9->n10,4.55588e+13|5.23413e+11|9.70647e+12|7.03401e+09|5.51854e+11|1.70175e+12|1.19214e+13|4.15825e+11|2.4844e+13|8.59239e+10|1.96299e+11|2.57217e+11|2.4859e+13|4.88124e+11|5.41279e+11|1.99581e+13,1.19121e+13|5.74607e+10|1.26993e+12|4.27301e+09|7.72178e+10|1.6398e+12|1.39506e+12|5.68247e+10|7.4533e+12|1.6374e+10|4.16811e+10|1.80632e+11|3.91236e+12|5.46248e+10|5.69937e+10|1.65379e+13,0.000272813|2.22486e-05|0.000140781|0.000672453|1.44025e-05|0.000236651|0.000240865|0.000208244|0.000115516|6.38284e-05|1.24441e-05|0.000137431|0.000374552|7.88144e-05|0.000133309|1.10176e-05,0.000247513|0.0017649|0.000236843|0.00709411|0.0082118|0.000144035|0.00269887|0.000162239|0.000803332|0.00172194|0.000118496|0.00038|0.00159185|0.00654761|0.000128581|0.0003012,0.0267276|0.0257131|0.0184192|0.0149108|0.0212901|0.0453925|0.0137582|0.00134448|0.00362957|0.0155694|0.0196441|0.0351794|0.0267406|0.0355868|0.0160189|0.0354931,0.00109024|0.0393537|0.0133546|0.0420171|0.017526|0.032154|0.00978248|0.0159645|0.0393535|0.0086256|0.0465121|0.0410032|0.0256969|0.0025477|0.0314455|0.0378422,0.947856|0.962581|0.978748|0.950942|0.933849|0.94335|0.920316|0.918227|0.912009|0.98259|0.969417|0.944217|0.981074|0.983979|0.986727|0.93728,3.42645|3.77893|0.907615|5.16975|2.38092|4.14497|1.24496|6.21195|2.47916|6.09992|2.19452|6.20274|3.83823|5.1941|2.2481|4.12651,79.8117|88.6198|13.2112|55.8812|51.9585|83.9106|10.4739|52.1141|92.5451|56.2706|50.0569|32.9383|55.4093|99.595|65.9961,0.180902|0.229809|0.235624|0.248061|0.224371|0.235608|0.209094|0.220919|0.209465|0.241799|0.177576|0.189792|0.245267|0.194831|0.213203,0.956865|0.73214|0.512005|0.990161|0.980199|0.629113|0.833808|0.42528|0.722966|0.73275|0.337265|0.663025|0.471863|0.756576|0.42835,0.947089,0.929897,0.0537595,0.0057309,0.115486,0.547306,0.2767,0.482509,0.0776559,0.878555,72.0946,2.67492e-12,16056,0.872503,33.453,1.99398e-12,24666,0.931768,0.905326,0.0406295,0.553862,0.492708,0.529597,0.286795,0.463067,0.265174,0.926863,72.3298,3.14198e-12,40952,0.801015,98.3984,2.667e-11,46210
6,96,n1->n11->n12->n2->n3->n13->n23->n24->n14->n4->n5->n6->n7->n8->n9->n10,4.55588e+13|1.15025e+12|9.70647e+12|5.23413e+11|1.19214e+13|1.70175e+12|5.51854e+11|5.30865e+13|2.4844e+13|4.15825e+11|3.27327e+10|2.57217e+11|2.4859e+13|4.88124e+11|5.41279e+11|1.99581e+13,1.19121e+13|6.31783e+11|1.26993e+12|5.74607e+10|1.39506e+12|1.6398e+12|7.72178e+10|6.13322e+12|7.4533e+12|5.68247e+10|5.45815e+09|1.80632e+11|3.91236e+12|5.46248e+10|5.69937e+10|1.65379e+13,0.000272813|0.000273727|0.000140781|2.22486e-05|0.000240865|0.000236651|1.44025e-05|1.7303e-05|0.000115516|0.000208244|2.4748e-05|0.000137431|0.000374552|7.88144e-05|0.000133309|1.10176e-05,0.000247513|0.000148505|0.000236843|0.0017649|0.00269887|0.000144035|0.0082118|0.0037958|0.000803332|0.000162239|0.000559379|0.00038|0.00159185|0.00654761|0.000128581|0.0003012,0.0267276|0.00791251|0.0184192|0.0257131|0.0137582|0.0453925|0.0212901|0.0274705|0.00362957|0.00134448|0.0302924|0.0351794|0.0267406|0.0355868|0.0160189|0.0354931,0.00109024|0.00663636|0.0133546|0.0393537|0.00978248|0.032154|0.017526|0.00642684|0.0393535|0.0159645|0.0390973|0.0410032|0.0256969|0.0025477|0.0314455|0.0378422,0.947856|0.988586|0.978748|0.962581|0.920316|0.94335|0.933849|0.903274|0.912009|0.918227|0.934635|0.944217|0.981074|0.983979|0.986727|0.93728,3.42645|5.73996|0.907615|3.77893|1.24496|4.14497|2.38092|1.40891|2.47916|6.21195|3.93309|6.20274|3.83823|5.1941|2.2481|4.12651,30.2686|24.4191|88.6198|37.015|83.9106|51.9585|67.5745|66.6304|52.1141|81.7362|37.2729|32.9383|55.4093|99.595|65.9961,0.210339|0.19865|0.229809|0.185025|0.235608|0.224371|0.166922|0.19539|0.220919|0.246934|0.160203|0.189792|0.245267|0.194831|0.213203,0.907958|0.54288|0.73214|0.12338|0.629113|0.980199|0.619697|0.776204|0.42528|0.747741|0.316848|0.663025|0.471863|0.756576|0.42835,0.947089,0.929897,0.0537595,0.0057309,0.115486,0.547306,0.2767,0.482509,0.0776559,0.878555,72.0946,2.67492e-12,16056,0.872503,33.453,1.99398e-12,24666,0.931768,0.905326,0.0406295,0.553862,0.492708,0.529597,0.286795,0.463067,0.265174,0.926863,72.3298,3.14198e-12,40952,0.801015,98.3984,2.667e-11,46210
6,97,n1->n11->n21->n31->n32->n22->n23->n13->n14->n15->n16->n17->n7->n8->n9->n10,4.55588e+13|1.15025e+12|2.40242e+10|1.31436e+10|1.62664e+12|7.03401e+09|5.51854e+11|1.70175e+12|2.4844e+13|8.59239e+10|1.96299e+11|6.92201e+13|2.4859e+13|4.88124e+11|5.41279e+11|1.99581e+13,1.19121e+13|6.31783e+11|1.08781e+10|1.08408e+10|3.80816e+11|4.27301e+09|7.72178e+10|1.6398e+12|7.4533e+12|1.6374e+10|4.16811e+10|1.85776e+13|3.91236e+12|5.46248e+10|5.69937e+10|1.65379e+13,0.000272813|0.000273727|9.0809e-05|0.000575588|8.81807e-05|0.000672453|1.44025e-05|0.000236651|0.000115516|6.38284e-05|1.24441e-05|3.57755e-05|0.000374552|7.88144e-05|0.000133309|1.10176e-05,0.000247513|0.000148505|0.00346885|0.00434396|0.000951259|0.00709411|0.0082118|0.000144035|0.000803332|0.00172194|0.000118496|0.000712371|0.00159185|0.00654761|0.000128581|0.0003012,0.0267276|0.00791251|0.0448555|0.0356972|0.0119964|0.0149108|0.0212901|0.0453925|0.00362957|0.0155694|0.0196441|0.0105772|0.0267406|0.0355868|0.0160189|0.0354931,0.00109024|0.00663636|0.0411686|0.0077036|0.0157083|0.0420171|0.017526|0.032154|0.0393535|0.0086256|0.0465121|0.0442819|0.0256969|0.0025477|0.0314455|0.0378422,0.947856|0.988586|0.9175|0.904595|0.939747|0.950942|0.933849|0.94335|0.912009|0.98259|0.969417|0.934311|0.981074|0.983979|0.986727|0.93728,3.42645|5.73996|0.574724|4.1085|3.78989|5.16975|2.38092|4.14497|2.47916|6.09992|2.19452|4.13414|3.83823|5.1941|2.2481|4.12651,30.2686|65.1286|89.2299|63.0993|86.2435|55.8812|51.9585|56.34|92.5451|56.2706|32.2763|59.8148|55.4093|99.595|65.9961,0.210339|0.167515|0.160794|0.24519|0.178944|0.248061|0.224371|0.243804|0.209465|0.241799|0.211942|0.182049|0.245267|0.194831|0.213203,0.907958|0.853399|0.318275|0.75498|0.653738|0.990161|0.980199|0.288383|0.722966|0.73275|0.374165|0.538397|0.471863|0.756576|0.42835,0.947089,0.929897,0.0537595,0.0057309,0.115486,0.547306,0.2767,0.482509,0.0776559,0.878555,72.0946,2.67492e-12,16056,0.872503,33.453,1.99398e-12,24666,0.931768,0.905326,0.0406295,0.553862,0.492708,0.529597,0.286795,0.463067,0.265174,0.926863,72.3298,3.14198e-12,40952,0.801015,98.3984,2.667e-11,46210
6,98,n1->n11->n21->n22->n23->n13->n12->n2->n3->n4->n5->n6->n7->n8->n9->n10,4.55588e+13|1.15025e+12|2.40242e+10|7.03401e+09|5.51854e+11|1.70175e+12|9.70647e+12|5.23413e+11|1.19214e+13|4.15825e+11|3.27327e+10|2.57217e+11|2.4859e+13|4.88124e+11|5.41279e+11|1.99581e+13,1.19121e+13|6.31783e+11|1.08781e+10|4.27301e+09|7.72178e+10|1.6398e+12|1.26993e+12|5.74607e+10|1.39506e+12|5.68247e+10|5.45815e+09|1.80632e+11|3.91236e+12|5.46248e+10|5.69937e+10|1.65379e+13,0.000272813|0.000273727|9.0809e-05|0.000672453|1.44025e-05|0.000236651|0.000140781|2.22486e-05|0.000240865|0.000208244|2.4748e-05|0.000137431|0.000374552|7.88144e-05|0.000133309|1.10176e-05,0.000247513|0.000148505|0.00346885|0.00709411|0.0082118|0.000144035|0.000236843|0.0017649|0.00269887|0.000162239|0.000559379|0.00038|0.00159185|0.00654761|0.000128581|0.0003012,0.0267276|0.00791251|0.0448555|0.0149108|0.0212901|0.0453925|0.0184192|0.0257131|0.0137582|0.00134448|0.0302924|0.0351794|0.0267406|0.0355868|0.0160189|0.0354931,0.00109024|0.00663636|0.0411686|0.0420171|0.017526|0.032154|0.0133546|0.0393537|0.00978248|0.0159645|0.0390973|0.0410032|0.0256969|0.0025477|0.0314455|0.0378422,0.947856|0.988586|0.9175|0.950942|0.933849|0.94335|0.978748|0.962581|0.920316|0.918227|0.934635|0.944217|0.981074|0.983979|0.986727|0.93728,3.42645|5.73996|0.574724|5.16975|2.38092|4.14497|0.907615|3.77893|1.24496|6.21195|3.93309|6.20274|3.83823|5.1941|2.2481|4.12651,30.2686|65.1286|34.0839|55.8812|51.9585|13.9548|88.6198|37.015|10.4739|81.7362|37.2729|32.9383|55.4093|99.595|65.9961,0.210339|0.167515|0.248622|0.248061|0.224371|0.17533|0.229809|0.185025|0.209094|0.246934|0.160203|0.189792|0.245267|0.194831|0.213203,0.907958|0.853399|0.539818|0.990161|0.980199|0.469559|0.73214|0.12338|0.833808|0.747741|0.316848|0.663025|0.471863|0.756576|0.42835,0.947089,0.929897,0.0537595,0.0057309,0.115486,0.547306,0.2767,0.482509,0.0776559,0.878555,72.0946,2.67492e-12,16056,0.872503,33.453,1.99398e-12,24666,0.931768,0.905326,0.0406295,0.553862,0.492708,0.529597,0.286795,0.463067,0.265174,0.926863,72.3298,3.14198e-12,40952,0.801015,98.3984,2.667e-11,46210
6,99,n1->n11->n21->n22->n23->n33->n34->n24->n14->n4->n5->n6->n7->n8->n9->n10,4.55588e+13|1.15025e+12|2.40242e+10|7.03401e+09|5.51854e+11|6.01307e+13|1.55627e+09|5.30865e+13|2.4844e+13|4.15825e+11|3.27327e+10|2.57217e+11|2.4859e+13|4.88124e+11|5.41279e+11|1.99581e+13,1.19121e+13|6.31783e+11|1.08781e+10|4.27301e+09|7.72178e+10|2.07769e+13|1.25401e+09|6.13322e+12|7.4533e+12|5.68247e+10|5.45815e+09|1.80632e+11|3.91236e+12|5.46248e+10|5.69937e+10|1.65379e+13,0.000272813|0.000273727|9.0809e-05|0.000672453|1.44025e-05|0.000289953|0.000804578|1.7303e-05|0.000115516|0.000208244|2.4748e-05|0.000137431|0.000374552|7.88144e-05|0.000133309|1.10176e-05,0.000247513|0.000148505|0.00346885|0.00709411|0.0082118|0.00411152|0.000101616|0.0037958|0.000803332|0.000162239|0.000559379|0.00038|0.00159185|0.00654761|0.000128581|0.0003012,0.0267276|0.00791251|0.0448555|0.0149108|0.0212901|0.00567541|0.0106396|0.0274705|0.00362957|0.00134448|0.0302924|0.0351794|0.0267406|0.0355868|0.0160189|0.0354931,0.00109024|0.00663636|0.0411686|0.0420171|0.017526|0.0326562|0.00900971|0.00642684|0.0393535|0.0159645|0.0390973|0.0410032|0.0256969|0.0025477|0.0314455|0.0378422,0.947856|0.988586|0.9175|0.950942|0.933849|0.945801|0.974224|0.903274|0.912009|0.918227|0.934635|0.944217|0.981074|0.983979|0.986727|0.93728,3.42645|5.73996|0.574724|5.16975|2.38092|3.59669|3.75785|1.40891|2.47916|6.21195|3.93309|6.20274|3.83823|5.1941|2.2481|4.12651,30.2686|65.1286|34.0839|55.8812|76.7594|23.5709|58.7029|66.6304|52.1141|81.7362|37.2729|32.9383|55.4093|99.595|65.9961,0.210339|0.167515|0.248622|0.248061|0.171333|0.193865|0.201644|0.19539|0.220919|0.246934|0.160203|0.189792|0.245267|0.194831|0.213203,0.907958|0.853399|0.539818|0.990161|0.836795|0.62087|0.191839|0.776204|0.42528|0.747741|0.316848|0.663025|0.471863|0.756576|0.42835,0.947089,0.929897,0.0537595,0.0057309,0.115486,0.547306,0.2767,0.482509,0.0776559,0.878555,72.0946,2.67492e-12,16056,0.872503,33.453,1.99398e-12,24666,0.931768,0.905326,0.0406295,0.553862,0.492708,0.529597,0.286795,0.463067,0.265174,0.926863,72.3298,3.14198e-12,40952,0.801015,98.3984,2.667e-11,46210
6,100,n1->n11->n12->n22->n32->n33->n34->n24->n14->n15->n16->n6->n7->n8->n9->n10,4.55588e+13|1.15025e+12|9.70647e+12|7.03401e+09|1.62664e+12|6.01307e+13|1.55627e+09|5.30865e+13|2.4844e+13|8.59239e+10|1.96299e+11|2.57217e+11|2.4859e+13|4.88124e+11|5.41279e+11|1.99581e+13,1.19121e+13|6.31783e+11|1.26993e+12|4.27301e+09|3.80816e+11|2.07769e+13|1.25401e+09|6.13322e+12|7.4533e+12|1.6374e+10|4.16811e+10|1.80632e+11|3.91236e+12|5.46248e+10|5.69937e+10|1.65379e+13,0.000272813|0.000273727|0.000140781|0.000672453|8.81807e-05|0.000289953|0.000804578|1.7303e-05|0.000115516|6.38284e-05|1.24441e-05|0.000137431|0.000374552|7.88144e-05|0.000133309|1.10176e-05,0.000247513|0.000148505|0.000236843|0.00709411|0.000951259|0.00411152|0.000101616|0.0037958|0.000803332|0.00172194|0.000118496|0.00038|0.00159185|0.00654761|0.000128581|0.0003012,0.0267276|0.00791251|0.0184192|0.0149108|0.0119964|0.00567541|0.0106396|0.0274705|0.00362957|0.0155694|0.0196441|0.0351794|0.0267406|0.0355868|0.0160189|0.0354931,0.00109024|0.00663636|0.0133546|0.0420171|0.0157083|0.0326562|0.00900971|0.00642684|0.0393535|0.0086256|0.0465121|0.0410032|0.0256969|0.0025477|0.0314455|0.0378422,0.947856|0.988586|0.978748|0.950942|0.939747|0.945801|0.974224|0.903274|0.912009|0.98259|0.969417|0.944217|0.981074|0.983979|0.986727|0.93728,3.42645|5.73996|0.907615|5.16975|3.78989|3.59669|3.75785|1.40891|2.47916|6.09992|2.19452|6.20274|3.83823|5.1941|2.2481|4.12651,30.2686|24.4191|13.2112|86.2435|67.4197|23.5709|58.7029|66.6304|92.5451|56.2706|50.0569|32.9383|55.4093|99.595|65.9961,0.210339|0.19865|0.235624|0.178944|0.212413|0.193865|0.201644|0.19539|0.209465|0.241799|0.177576|0.189792|0.245267|0.194831|0.213203,0.907958|0.54288|0.512005|0.653738|0.400026|0.62087|0.191839|0.776204|0.722966|0.73275|0.337265|0.663025|0.471863|0.756576|0.42835,0.947089,0.929897,0.0537595,0.0057309,0.115486,0.547306,0.2767,0.482509,0.0776559,0.878555,72.0946,2.67492e-12,16056,0.872503,33.453,1.99398e-12,24666,0.931768,0.905326,0.0406295,0.553862,0.492708,0.529597,0.286795,0.463067,0.265174,0.926863,72.3298,3.14198e-12,40952,0.801015,98.3984,2.667e-11,46210
6,101,n1->n11->n21->n31->n32->n22->n23->n24->n25->n15->n16->n6->n7->n8->n9->n10,4.55588e+13|1.15025e+12|2.40242e+10|1.31436e+10|1.62664e+12|7.03401e+09|5.51854e+11|5.30865e+13|2.01397e+10|8.59239e+10|1.96299e+11|2.57217e+11|2.4859e+13|4.88124e+11|5.41279e+11|1.99581e+13,1.19121e+13|6.31783e+11|1.08781e+10|1.08408e+10|3.80816e+11|4.27301e+09|7.72178e+10|6.13322e+12|2.08097e+09|1.6374e+10|4.16811e+10|1.80632e+11|3.91236e+12|5.46248e+10|5.69937e+10|1.65379e+13,0.000272813|0.000273727|9.0809e-05|0.000575588|8.81807e-05|0.000672453|1.44025e-05|1.7303e-05|2.70509e-05|6.38284e-05|1.24441e-05|0.000137431|0.000374552|7.88144e-05|0.000133309|1.10176e-05,0.000247513|0.000148505|0.00346885|0.00434396|0.000951259|0.00709411|0.0082118|0.0037958|0.00299666|0.00172194|0.000118496|0.00038|0.00159185|0.00654761|0.000128581|0.0003012,0.0267276|0.00791251|0.0448555|0.0356972|0.0119964|0.0149108|0.0212901|0.0274705|0.0427717|0.0155694|0.0196441|0.0351794|0.0267406|0.0355868|0.0160189|0.0354931,0.00109024|0.00663636|0.0411686|0.0077036|0.0157083|0.0420171|0.017526|0.00642684|0.0449118|0.0086256|0.0465121|0.0410032|0.0256969|0.0025477|0.0314455|0.0378422,0.947856|0.988586|0.9175|0.904595|0.939747|0.950942|0.933849|0.903274|0.937042|0.98259|0.969417|0.944217|0.981074|0.983979|0.986727|0.93728,3.42645|5.73996|0.574724|4.1085|3.78989|5.16975|2.38092|1.40891|2.00694|6.09992|2.19452|6.20274|3.83823|5.1941|2.2481|4.12651,30.2686|65.1286|89.2299|63.0993|86.2435|55.8812|67.5745|18.2346|54.7186|56.2706|50.0569|32.9383|55.4093|99.595|65.9961,0.210339|0.167515|0.160794|0.24519|0.178944|0.248061|0.166922|0.244562|0.244234|0.241799|0.177576|0.189792|0.245267|0.194831|0.213203,0.907958|0.853399|0.318275|0.75498|0.653738|0.990161|0.619697|0.255688|0.629787|0.73275|0.337265|0.663025|0.471863|0.756576|0.42835,0.947089,0.929897,0.0537595,0.0057309,0.115486,0.547306,0.2767,0.482509,0.0776559,0.878555,72.0946,2.67492e-12,16056,0.872503,33.453,1.99398e-12,24666,0.931768,0.905326,0.0406295,0.553862,0.492708,0.529597,0.286795,0.463067,0.265174,0.926863,72.3298,3.14198e-12,40952,0.801015,98.3984,2.667e-11,46210
6,102,n1->n2->n3->n13->n14->n4->n5->n15->n25->n26->n27->n28->n29->n19->n20->n10,4.55588e+13|5.23413e+11|1.19214e+13|1.70175e+12|2.4844e+13|4.15825e+11|3.27327e+10|8.59239e+10|2.01397e+10|9.98399e+13|6.26614e+13|1.9542e+12|2.59271e+10|2.45264e+13|1.52852e+09|1.99581e+13,1.19121e+13|5.74607e+10|1.39506e+12|1.6398e+12|7.4533e+12|5.68247e+10|5.45815e+09|1.6374e+10|2.08097e+09|5.87009e+13|2.35834e+13|1.33825e+12|8.13129e+09|2.78019e+12|2.19744e+08|1.65379e+13,0.000272813|2.22486e-05|0.000240865|0.000236651|0.000115516|0.000208244|2.4748e-05|6.38284e-05|2.70509e-05|0.000118769|0.000150771|2.58334e-05|0.000314414|4.2477e-05|0.00080518|1.10176e-05,0.000247513|0.0017649|0.00269887|0.000144035|0.000803332|0.000162239|0.000559379|0.00172194|0.00299666|0.000323253|0.000264815|0.00569206|0.000236294|0.00118483|0.00141516|0.0003012,0.0267276|0.0257131|0.0137582|0.0453925|0.00362957|0.00134448|0.0302924|0.0155694|0.0427717|0.0160653|0.0382494|0.0230741|0.0496326|0.0169907|0.024448|0.0354931,0.00109024|0.0393537|0.00978248|0.032154|0.0393535|0.0159645|0.0390973|0.0086256|0.0449118|0.0257682|0.0368632|0.00482618|0.0080761|0.0238367|0.0192162|0.0378422,0.947856|0.962581|0.920316|0.94335|0.912009|0.918227|0.934635|0.98259|0.937042|0.951498|0.90904|0.910034|0.956941|0.92511|0.9673|0.93728,3.42645|3.77893|1.24496|4.14497|2.47916|6.21195|3.93309|6.09992|2.00694|0.0859455|3.73846|1.24284|5.8367|0.817336|0.887559|4.12651,79.8117|37.015|83.9106|56.34|52.1141|81.7362|35.0583|54.7186|55.6995|42.5138|15.3326|39.0733|84.7043|10.3361|29.3778,0.180902|0.185025|0.235608|0.243804|0.220919|0.246934|0.228753|0.244234|0.190523|0.164014|0.200691|0.227384|0.198187|0.171305|0.160098,0.956865|0.12338|0.629113|0.288383|0.42528|0.747741|0.738884|0.629787|0.158588|0.873071|0.938399|0.753148|0.580249|0.982386|0.879487,0.947089,0.929897,0.0537595,0.0057309,0.115486,0.547306,0.2767,0.482509,0.0776559,0.878555,72.0946,2.67492e-12,16056,0.872503,33.453,1.99398e-12,24666,0.931768,0.905326,0.0406295,0.553862,0.492708,0.529597,0.286795,0.463067,0.265174,0.926863,72.3298,3.14198e-12,40952,0.801015,98.3984,2.667e-11,46210
6,103,n1->n2->n3->n13->n23->n33->n34->n24->n25->n15->n16->n6->n7->n8->n9->n10,4.55588e+13|5.23413e+11|1.19214e+13|1.70175e+12|5.51854e+11|6.01307e+13|1.55627e+09|5.30865e+13|2.01397e+10|8.59239e+10|1.96299e+11|2.57217e+11|2.4859e+13|4.88124e+11|5.41279e+11|1.99581e+13,1.19121e+13|5.74607e+10|1.39506e+12|1.6398e+12|7.72178e+10|2.07769e+13|1.25401e+09|6.13322e+12|2.08097e+09|1.6374e+10|4.16811e+10|1.80632e+11|3.91236e+12|5.46248e+10|5.69937e+10|1.65379e+13,0.000272813|2.22486e-05|0.000240865|0.000236651|1.44025e-05|0.000289953|0.000804578|1.7303e-05|2.70509e-05|6.38284e-05|1.24441e-05|0.000137431|0.000374552|7.88144e-05|0.000133309|1.10176e-05,0.000247513|0.0017649|0.00269887|0.000144035|0.0082118|0.00411152|0.000101616|0.0037958|0.00299666|0.00172194|0.000118496|0.00038|0.00159185|0.00654761|0.000128581|0.0003012,0.0267276|0.0257131|0.0137582|0.0453925|0.0212901|0.00567541|0.0106396|0.0274705|0.0427717|0.0155694|0.0196441|0.0351794|0.0267406|0.0355868|0.0160189|0.0354931,0.00109024|0.0393537|0.00978248|0.032154|0.017526|0.0326562|0.00900971|0.00642684|0.0449118|0.0086256|0.0465121|0.0410032|0.0256969|0.0025477|0.0314455|0.0378422,0.947856|0.962581|0.920316|0.94335|0.933849|0.945801|0.974224|0.903274|0.937042|0.98259|0.969417|0.944217|0.981074|0.983979|0.986727|0.93728,3.42645|3.77893|1.24496|4.14497|2.38092|3.59669|3.75785|1.40891|2.00694|6.09992|2.19452|6.20274|3.83823|5.1941|2.2481|4.12651,79.8117|37.015|83.9106|51.9585|76.7594|23.5709|58.7029|18.2346|54.7186|56.2706|50.0569|32.9383|55.4093|99.595|65.9961,0.180902|0.185025|0.235608|0.224371|0.171333|0.193865|0.201644|0.244562|0.244234|0.241799|0.177576|0.189792|0.245267|0.194831|0.213203,0.956865|0.12338|0.629113|0.980199|0.836795|0.62087|0.191839|0.255688|0.629787|0.73275|0.337265|0.663025|0.471863|0.756576|0.42835,0.947089,0.929897,0.0537595,0.0057309,0.115486,0.547306,0.2767,0.482509,0.0776559,0.878555,72.0946,2.67492e-12,16056,0.872503,33.453,1.99398e-12,24666,0.931768,0.905326,0.0406295,0.553862,0.492708,0.529597,0.286795,0.463067,0.265174,0.926863,72.3298,3.14198e-12,40952,0.801015,98.3984,2.667e-11,46210
6,104,n1->n11->n21->n31->n32->n33->n23->n13->n3->n4->n5->n6->n7->n8->n9->n10,4.55588e+13|1.15025e+12|2.40242e+10|1.31436e+10|1.62664e+12|6.01307e+13|5.51854e+11|1.70175e+12|1.19214e+13|4.15825e+11|3.27327e+10|2.57217e+11|2.4859e+13|4.88124e+11|5.41279e+11|1.99581e+13,1.19121e+13|6.31783e+11|1.08781e+10|1.08408e+10|3.80816e+11|2.07769e+13|7.72178e+10|1.6398e+12|1.39506e+12|5.68247e+10|5.45815e+09|1.80632e+11|3.91236e+12|5.46248e+10|5.69937e+10|1.65379e+13,0.000272813|0.000273727|9.0809e-05|0.000575588|8.81807e-05|0.000289953|1.44025e-05|0.000236651|0.000240865|0.000208244|2.4748e-05|0.000137431|0.000374552|7.88144e-05|0.000133309|1.10176e-05,0.000247513|0.000148505|0.00346885|0.00434396|0.000951259|0.00411152|0.0082118|0.000144035|0.00269887|0.000162239|0.000559379|0.00038|0.00159185|0.00654761|0.000128581|0.0003012,0.0267276|0.00791251|0.0448555|0.0356972|0.0119964|0.00567541|0.0212901|0.0453925|0.0137582|0.00134448|0.0302924|0.0351794|0.0267406|0.0355868|0.0160189|0.0354931,0.00109024|0.00663636|0.0411686|0.0077036|0.0157083|0.0326562|0.017526|0.032154|0.00978248|0.0159645|0.0390973|0.0410032|0.0256969|0.0025477|0.0314455|0.0378422,0.947856|0.988586|0.9175|0.904595|0.939747|0.945801|0.933849|0.94335|0.920316|0.918227|0.934635|0.944217|0.981074|0.983979|0.986727|0.93728,3.42645|5.73996|0.574724|4.1085|3.78989|3.59669|2.38092|4.14497|1.24496|6.21195|3.93309|6.20274|3.83823|5.1941|2.2481|4.12651,30.2686|65.1286|89.2299|63.0993|67.4197|76.7594|51.9585|83.9106|10.4739|81.7362|37.2729|32.9383|55.4093|99.595|65.9961,0.210339|0.167515|0.160794|0.24519|0.212413|0.171333|0.224371|0.235608|0.209094|0.246934|0.160203|0.189792|0.245267|0.194831|0.213203,0.907958|0.853399|0.318275|0.75498|0.400026|0.836795|0.980199|0.629113|0.833808|0.747741|0.316848|0.663025|0.471863|0.756576|0.42835,0.947089,0.929897,0.0537595,0.0057309,0.115486,0.547306,0.2767,0.482509,0.0776559,0.878555,72.0946,2.67492e-12,16056,0.872503,33.453,1.99398e-12,24666,0.931768,0.905326,0.0406295,0.553862,0.492708,0.529597,0.286795,0.463067,0.265174,0.926863,72.3298,3.14198e-12,40952,0.801015,98.3984,2.667e-11,46210
6,105,n1->n2->n3->n4->n5->n15->n14->n24->n25->n26->n16->n17->n18->n19->n9->n10,4.55588e+13|5.23413e+11|1.19214e+13|4.15825e+11|3.27327e+10|8.59239e+10|2.4844e+13|5.30865e+13|2.01397e+10|9.98399e+13|1.96299e+11|6.92201e+13|8.81528e+10|2.45264e+13|5.41279e+11|1.99581e+13,1.19121e+13|5.74607e+10|1.39506e+12|5.68247e+10|5.45815e+09|1.6374e+10|7.4533e+12|6.13322e+12|2.08097e+09|5.87009e+13|4.16811e+10|1.85776e+13|7.0302e+10|2.78019e+12|5.69937e+10|1.65379e+13,0.000272813|2.22486e-05|0.000240865|0.000208244|2.4748e-05|6.38284e-05|0.000115516|1.7303e-05|2.70509e-05|0.000118769|1.24441e-05|3.57755e-05|0.000192647|4.2477e-05|0.000133309|1.10176e-05,0.000247513|0.0017649|0.00269887|0.000162239|0.000559379|0.00172194|0.000803332|0.0037958|0.00299666|0.000323253|0.000118496|0.000712371|0.000947335|0.00118483|0.000128581|0.0003012,0.0267276|0.0257131|0.0137582|0.00134448|0.0302924|0.0155694|0.00362957|0.0274705|0.0427717|0.0160653|0.0196441|0.0105772|0.00660715|0.0169907|0.0160189|0.0354931,0.00109024|0.0393537|0.00978248|0.0159645|0.0390973|0.0086256|0.0393535|0.00642684|0.0449118|0.0257682|0.0465121|0.0442819|0.0450958|0.0238367|0.0314455|0.0378422,0.947856|0.962581|0.920316|0.918227|0.934635|0.98259|0.912009|0.903274|0.937042|0.951498|0.969417|0.934311|0.951948|0.92511|0.986727|0.93728,3.42645|3.77893|1.24496|6.21195|3.93309|6.09992|2.47916|1.40891|2.00694|0.0859455|2.19452|4.13414|1.79104|0.817336|2.2481|4.12651,79.8117|37.015|10.4739|81.7362|35.0583|92.5451|66.6304|18.2346|55.6995|11.0615|32.2763|27.3162|28.0546|99.0064|65.9961,0.180902|0.185025|0.209094|0.246934|0.228753|0.209465|0.19539|0.244562|0.190523|0.223866|0.211942|0.218168|0.244543|0.210817|0.213203,0.956865|0.12338|0.833808|0.747741|0.738884|0.722966|0.776204|0.255688|0.158588|0.893757|0.374165|0.309735|0.240936|0.387396|0.42835,0.947089,0.929897,0.0537595,0.0057309,0.115486,0.547306,0.2767,0.482509,0.0776559,0.878555,72.0946,2.67492e-12,16056,0.872503,33.453,1.99398e-12,24666,0.931768,0.905326,0.0406295,0.553862,0.492708,0.529597,0.286795,0.463067,0.265174,0.926863,72.3298,3.14198e-12,40952,0.801015,98.3984,2.667e-11,46210
6,106,n1->n11->n21->n22->n32->n33->n34->n24->n25->n26->n27->n17->n18->n8->n9->n10,4.55588e+13|1.15025e+12|2.40242e+10|7.03401e+09|1.62664e+12|6.01307e+13|1.55627e+09|5.30865e+13|2.01397e+10|9.98399e+13|6.26614e+13|6.92201e+13|8.81528e+10|4.88124e+11|5.41279e+11|1.99581e+13,1.19121e+13|6.31783e+11|1.08781e+10|4.27301e+09|3.80816e+11|2.07769e+13|1.25401e+09|6.13322e+12|2.08097e+09|5.87009e+13|2.35834e+13|1.85776e+13|7.0302e+10|5.46248e+10|5.69937e+10|1.65379e+13,0.000272813|0.000273727|9.0809e-05|0.000672453|8.81807e-05|0.000289953|0.000804578|1.7303e-05|2.70509e-05|0.000118769|0.000150771|3.57755e-05|0.000192647|7.88144e-05|0.000133309|1.10176e-05,0.000247513|0.000148505|0.00346885|0.00709411|0.000951259|0.00411152|0.000101616|0.0037958|0.00299666|0.000323253|0.000264815|0.000712371|0.000947335|0.00654761|0.000128581|0.0003012,0.0267276|0.00791251|0.0448555|0.0149108|0.0119964|0.00567541|0.0106396|0.0274705|0.0427717|0.0160653|0.0382494|0.0105772|0.00660715|0.0355868|0.0160189|0.0354931,0.00109024|0.00663636|0.0411686|0.0420171|0.0157083|0.0326562|0.00900971|0.00642684|0.0449118|0.0257682|0.0368632|0.0442819|0.0450958|0.0025477|0.0314455|0.0378422,0.947856|0.988586|0.9175|0.950942|0.939747|0.945801|0.974224|0.903274|0.937042|0.951498|0.90904|0.934311|0.951948|0.983979|0.986727|0.93728,3.42645|5.73996|0.574724|5.16975|3.78989|3.59669|3.75785|1.40891|2.00694|0.0859455|3.73846|4.13414|1.79104|5.1941|2.2481|4.12651,30.2686|65.1286|34.0839|86.2435|67.4197|23.5709|58.7029|18.2346|55.6995|42.5138|72.2829|27.3162|81.3396|99.595|65.9961,0.210339|0.167515|0.248622|0.178944|0.212413|0.193865|0.201644|0.244562|0.190523|0.164014|0.20897|0.218168|0.24659|0.194831|0.213203,0.907958|0.853399|0.539818|0.653738|0.400026|0.62087|0.191839|0.255688|0.158588|0.873071|0.780344|0.309735|0.632564|0.756576|0.42835,0.947089,0.929897,0.0537595,0.0057309,0.115486,0.547306,0.2767,0.482509,0.0776559,0.878555,72.0946,2.67492e-12,16056,0.872503,33.453,1.99398e-12,24666,0.931768,0.905326,0.0406295,0.553862,0.492708,0.529597,0.286795,0.463067,0.265174,0.926863,72.3298,3.14198e-12,40952,0.801015,98.3984,2.667e-11,46210
6,107,n1->n2->n12->n22->n32->n33->n34->n35->n36->n26->n27->n17->n7->n8->n9->n10,4.55588e+13|5.23413e+11|9.70647e+12|7.03401e+09|1.62664e+12|6.01307e+13|1.55627e+09|7.70315e+09|1.32672e+11|9.98399e+13|6.26614e+13|6.92201e+13|2.4859e+13|4.88124e+11|5.41279e+11|1.99581e+13,1.19121e+13|5.74607e+10|1.26993e+12|4.27301e+09|3.80816e+11|2.07769e+13|1.25401e+09|5.01926e+09|1.07428e+11|5.87009e+13|2.35834e+13|1.85776e+13|3.91236e+12|5.46248e+10|5.69937e+10|1.65379e+13,0.000272813|2.22486e-05|0.000140781|0.000672453|8.81807e-05|0.000289953|0.000804578|5.09272e-05|0.000101342|0.000118769|0.000150771|3.57755e-05|0.000374552|7.88144e-05|0.000133309|1.10176e-05,0.000247513|0.0017649|0.000236843|0.00709411|0.000951259|0.00411152|0.000101616|0.000835052|0.00680413|0.000323253|0.000264815|0.000712371|0.00159185|0.00654761|0.000128581|0.0003012,0.0267276|0.0257131|0.0184192|0.0149108|0.0119964|0.00567541|0.0106396|0.0193653|0.0275064|0.0160653|0.0382494|0.0105772|0.0267406|0.0355868|0.0160189|0.0354931,0.00109024|0.0393537|0.0133546|0.0420171|0.0157083|0.0326562|0.00900971|0.026069|0.0384409|0.0257682|0.0368632|0.0442819|0.0256969|0.0025477|0.0314455|0.0378422,0.947856|0.962581|0.978748|0.950942|0.939747|0.945801|0.974224|0.945614|0.927891|0.951498|0.90904|0.934311|0.981074|0.983979|0.986727|0.93728,3.42645|3.77893|0.907615|5.16975|3.78989|3.59669|3.75785|1.72526|4.96631|0.0859455|3.73846|4.13414|3.83823|5.1941|2.2481|4.12651,79.8117|88.6198|13.2112|86.2435|67.4197|23.5709|31.5608|18.7034|63.8366|42.5138|72.2829|59.8148|55.4093|99.595|65.9961,0.180902|0.229809|0.235624|0.178944|0.212413|0.193865|0.244982|0.214791|0.166971|0.164014|0.20897|0.182049|0.245267|0.194831|0.213203,0.956865|0.73214|0.512005|0.653738|0.400026|0.62087|0.420555|0.496108|0.576097|0.873071|0.780344|0.538397|0.471863|0.756576|0.42835,0.947089,0.929897,0.0537595,0.0057309,0.115486,0.547306,0.2767,0.482509,0.0776559,0.878555,72.0946,2.67492e-12,16056,0.872503,33.453,1.99398e-12,24666,0.931768,0.905326,0.0406295,0.553862,0.492708,0.529597,0.286795,0.463067,0.265174,0.926863,72.3298,3.14198e-12,40952,0.801015,98.3984,2.667e-11,46210
6,108,n1->n11->n12->n13->n14->n24->n25->n15->n5->n6->n16->n17->n7->n8->n9->n10,4.55588e+13|1.15025e+12|9.70647e+12|1.70175e+12|2.4844e+13|5.30865e+13|2.01397e+10|8.59239e+10|3.27327e+10|2.57217e+11|1.96299e+11|6.92201e+13|2.4859e+13|4.88124e+11|5.41279e+11|1.99581e+13,1.19121e+13|6.31783e+11|1.26993e+12|1.6398e+12|7.4533e+12|6.13322e+12|2.08097e+09|1.6374e+10|5.45815e+09|1.80632e+11|4.16811e+10|1.85776e+13|3.91236e+12|5.46248e+10|5.69937e+10|1.65379e+13,0.000272813|0.000273727|0.000140781|0.000236651|0.000115516|1.7303e-05|2.70509e-05|6.38284e-05|2.4748e-05|0.000137431|1.24441e-05|3.57755e-05|0.000374552|7.88144e-05|0.000133309|1.10176e-05,0.000247513|0.000148505|0.000236843|0.000144035|0.000803332|0.0037958|0.00299666|0.00172194|0.000559379|0.00038|0.000118496|0.000712371|0.00159185|0.00654761|0.000128581|0.0003012,0.0267276|0.00791251|0.0184192|0.0453925|0.00362957|0.0274705|0.0427717|0.0155694|0.0302924|0.0351794|0.0196441|0.0105772|0.0267406|0.0355868|0.0160189|0.0354931,0.00109024|0.00663636|0.0133546|0.032154|0.0393535|0.00642684|0.0449118|0.0086256|0.0390973|0.0410032|0.0465121|0.0442819|0.0256969|0.0025477|0.0314455|0.0378422,0.947856|0.988586|0.978748|0.94335|0.912009|0.903274|0.937042|0.98259|0.934635|0.944217|0.969417|0.934311|0.981074|0.983979|0.986727|0.93728,3.42645|5.73996|0.907615|4.14497|2.47916|1.40891|2.00694|6.09992|3.93309|6.20274|2.19452|4.13414|3.83823|5.1941|2.2481|4.12651,30.2686|24.4191|13.9548|56.34|66.6304|18.2346|54.7186|35.0583|37.2729|50.0569|32.2763|59.8148|55.4093|99.595|65.9961,0.210339|0.19865|0.17533|0.243804|0.19539|0.244562|0.244234|0.228753|0.160203|0.177576|0.211942|0.182049|0.245267|0.194831|0.213203,0.907958|0.54288|0.469559|0.288383|0.776204|0.255688|0.629787|0.738884|0.316848|0.337265|0.374165|0.538397|0.471863|0.756576|0.42835,0.947089,0.929897,0.0537595,0.0057309,0.115486,0.547306,0.2767,0.482509,0.0776559,0.878555,72.0946,2.67492e-12,16056,0.872503,33.453,1.99398e-12,24666,0.931768,0.905326,0.0406295,0.553862,0.492708,0.529597,0.286795,0.463067,0.265174,0.926863,72.3298,3.14198e-12,40952,0.801015,98.3984,2.667e-11,46210
6,109,n1->n11->n21->n31->n32->n33->n34->n35->n36->n37->n27->n17->n7->n8->n9->n10,4.55588e+13|1.15025e+12|2.40242e+10|1.31436e+10|1.62664e+12|6.01307e+13|1.55627e+09|7.70315e+09|1.32672e+11|2.09705e+10|6.26614e+13|6.92201e+13|2.4859e+13|4.88124e+11|5.41279e+11|1.99581e+13,1.19121e+13|6.31783e+11|1.08781e+10|1.08408e+10|3.80816e+11|2.07769e+13|1.25401e+09|5.01926e+09|1.07428e+11|2.1936e+09|2.35834e+13|1.85776e+13|3.91236e+12|5.46248e+10|5.69937e+10|1.65379e+13,0.000272813|0.000273727|9.0809e-05|0.000575588|8.81807e-05|0.000289953|0.000804578|5.09272e-05|0.000101342|2.09632e-05|0.000150771|3.57755e-05|0.000374552|7.88144e-05|0.000133309|1.10176e-05,0.000247513|0.000148505|0.00346885|0.00434396|0.000951259|0.00411152|0.000101616|0.000835052|0.00680413|0.000110486|0.000264815|0.000712371|0.00159185|0.00654761|0.000128581|0.0003012,0.0267276|0.00791251|0.0448555|0.0356972|0.0119964|0.00567541|0.0106396|0.0193653|0.0275064|0.0473531|0.0382494|0.0105772|0.0267406|0.0355868|0.0160189|0.0354931,0.00109024|0.00663636|0.0411686|0.0077036|0.0157083|0.0326562|0.00900971|0.026069|0.0384409|0.0499989|0.0368632|0.0442819|0.0256969|0.0025477|0.0314455|0.0378422,0.947856|0.988586|0.9175|0.904595|0.939747|0.945801|0.974224|0.945614|0.927891|0.972412|0.90904|0.934311|0.981074|0.983979|0.986727|0.93728,3.42645|5.73996|0.574724|4.1085|3.78989|3.59669|3.75785|1.72526|4.96631|0.679389|3.73846|4.13414|3.83823|5.1941|2.2481|4.12651,30.2686|65.1286|89.2299|63.0993|67.4197|23.5709|31.5608|18.7034|29.3504|44.8869|72.2829|59.8148|55.4093|99.595|65.9961,0.210339|0.167515|0.160794|0.24519|0.212413|0.193865|0.244982|0.214791|0.232026|0.177914|0.20897|0.182049|0.245267|0.194831|0.213203,0.907958|0.853399|0.318275|0.75498|0.400026|0.62087|0.420555|0.496108|0.841833|0.261714|0.780344|0.538397|0.471863|0.756576|0.42835,0.947089,0.929897,0.0537595,0.0057309,0.115486,0.547306,0.2767,0.482509,0.0776559,0.878555,72.0946,2.67492e-12,16056,0.872503,33.453,1.99398e-12,24666,0.931768,0.905326,0.0406295,0.553862,0.492708,0.529597,0.286795,0.463067,0.265174,0.926863,72.3298,3.14198e-12,40952,0.801015,98.3984,2.667e-11,46210
6,110,n1->n11->n12->n22->n32->n33->n34->n24->n25->n26->n16->n6->n7->n8->n9->n10,4.55588e+13|1.15025e+12|9.70647e+12|7.03401e+09|1.62664e+12|6.01307e+13|1.55627e+09|5.30865e+13|2.01397e+10|9.98399e+13|1.96299e+11|2.57217e+11|2.4859e+13|4.88124e+11|5.41279e+11|1.99581e+13,1.19121e+13|6.31783e+11|1.26993e+12|4.27301e+09|3.80816e+11|2.07769e+13|1.25401e+09|6.13322e+12|2.08097e+09|5.87009e+13|4.16811e+10|1.80632e+11|3.91236e+12|5.46248e+10|5.69937e+10|1.65379e+13,0.000272813|0.000273727|0.000140781|0.000672453|8.81807e-05|0.000289953|0.000804578|1.7303e-05|2.70509e-05|0.000118769|1.24441e-05|0.000137431|0.000374552|7.88144e-05|0.000133309|1.10176e-05,0.000247513|0.000148505|0.000236843|0.00709411|0.000951259|0.00411152|0.000101616|0.0037958|0.00299666|0.000323253|0.000118496|0.00038|0.00159185|0.00654761|0.000128581|0.0003012,0.0267276|0.00791251|0.0184192|0.0149108|0.0119964|0.00567541|0.0106396|0.0274705|0.0427717|0.0160653|0.0196441|0.0351794|0.0267406|0.0355868|0.0160189|0.0354931,0.00109024|0.00663636|0.0133546|0.0420171|0.0157083|0.0326562|0.00900971|0.00642684|0.0449118|0.0257682|0.0465121|0.0410032|0.0256969|0.0025477|0.0314455|0.0378422,0.947856|0.988586|0.978748|0.950942|0.939747|0.945801|0.974224|0.903274|0.937042|0.951498|0.969417|0.944217|0.981074|0.983979|0.986727|0.93728,3.42645|5.73996|0.907615|5.16975|3.78989|3.59669|3.75785|1.40891|2.00694|0.0859455|2.19452|6.20274|3.83823|5.1941|2.2481|4.12651,30.2686|24.4191|13.2112|86.2435|67.4197|23.5709|58.7029|18.2346|55.6995|11.0615|50.0569|32.9383|55.4093|99.595|65.9961,0.210339|0.19865|0.235624|0.178944|0.212413|0.193865|0.201644|0.244562|0.190523|0.223866|0.177576|0.189792|0.245267|0.194831|0.213203,0.907958|0.54288|0.512005|0.653738|0.400026|0.62087|0.191839|0.255688|0.158588|0.893757|0.337265|0.663025|0.471863|0.756576|0.42835,0.947089,0.929897,0.0537595,0.0057309,0.115486,0.547306,0.2767,0.482509,0.0776559,0.878555,72.0946,2.67492e-12,16056,0.872503,33.453,1.99398e-12,24666,0.931768,0.905326,0.0406295,0.553862,0.492708,0.529597,0.286795,0.463067,0.265174,0.926863,72.3298,3.14198e-12,40952,0.801015,98.3984,2.667e-11,46210
6,111,n1->n2->n3->n4->n5->n6->n16->n26->n27->n17->n7->n8->n18->n19->n9->n10,4.55588e+13|5.23413e+11|1.19214e+13|4.15825e+11|3.27327e+10|2.57217e+11|1.96299e+11|9.98399e+13|6.26614e+13|6.92201e+13|2.4859e+13|4.88124e+11|8.81528e+10|2.45264e+13|5.41279e+11|1.99581e+13,1.19121e+13|5.74607e+10|1.39506e+12|5.68247e+10|5.45815e+09|1.80632e+11|4.16811e+10|5.87009e+13|2.35834e+13|1.85776e+13|3.91236e+12|5.46248e+10|7.0302e+10|2.78019e+12|5.69937e+10|1.65379e+13,0.000272813|2.22486e-05|0.000240865|0.000208244|2.4748e-05|0.000137431|1.24441e-05|0.000118769|0.000150771|3.57755e-05|0.000374552|7.88144e-05|0.000192647|4.2477e-05|0.000133309|1.10176e-05,0.000247513|0.0017649|0.00269887|0.000162239|0.000559379|0.00038|0.000118496|0.000323253|0.000264815|0.000712371|0.00159185|0.00654761|0.000947335|0.00118483|0.000128581|0.0003012,0.0267276|0.0257131|0.0137582|0.00134448|0.0302924|0.0351794|0.0196441|0.0160653|0.0382494|0.0105772|0.0267406|0.0355868|0.00660715|0.0169907|0.0160189|0.0354931,0.00109024|0.0393537|0.00978248|0.0159645|0.0390973|0.0410032|0.0465121|0.0257682|0.0368632|0.0442819|0.0256969|0.0025477|0.0450958|0.0238367|0.0314455|0.0378422,0.947856|0.962581|0.920316|0.918227|0.934635|0.944217|0.969417|0.951498|0.90904|0.934311|0.981074|0.983979|0.951948|0.92511|0.986727|0.93728,3.42645|3.77893|1.24496|6.21195|3.93309|6.20274|2.19452|0.0859455|3.73846|4.13414|3.83823|5.1941|1.79104|0.817336|2.2481|4.12651,79.8117|37.015|10.4739|81.7362|37.2729|50.0569|11.0615|42.5138|72.2829|59.8148|55.4093|81.3396|28.0546|99.0064|65.9961,0.180902|0.185025|0.209094|0.246934|0.160203|0.177576|0.223866|0.164014|0.20897|0.182049|0.245267|0.24659|0.244543|0.210817|0.213203,0.956865|0.12338|0.833808|0.747741|0.316848|0.337265|0.893757|0.873071|0.780344|0.538397|0.471863|0.632564|0.240936|0.387396|0.42835,0.947089,0.929897,0.0537595,0.0057309,0.115486,0.547306,0.2767,0.482509,0.0776559,0.878555,72.0946,2.67492e-12,16056,0.872503,33.453,1.99398e-12,24666,0.931768,0.905326,0.0406295,0.553862,0.492708,0.529597,0.286795,0.463067,0.265174,0.926863,72.3298,3.14198e-12,40952,0.801015,98.3984,2.667e-11,46210
6,112,n1->n2->n12->n13->n3->n4->n5->n15->n16->n17->n7->n8->n18->n19->n9->n10,4.55588e+13|5.23413e+11|9.70647e+12|1.70175e+12|1.19214e+13|4.15825e+11|3.27327e+10|8.59239e+10|1.96299e+11|6.92201e+13|2.4859e+13|4.88124e+11|8.81528e+10|2.45264e+13|5.41279e+11|1.99581e+13,1.19121e+13|5.74607e+10|1.26993e+12|1.6398e+12|1.39506e+12|5.68247e+10|5.45815e+09|1.6374e+10|4.16811e+10|1.85776e+13|3.91236e+12|5.46248e+10|7.0302e+10|2.78019e+12|5.69937e+10|1.65379e+13,0.000272813|2.22486e-05|0.000140781|0.000236651|0.000240865|0.000208244|2.4748e-05|6.38284e-05|1.24441e-05|3.57755e-05|0.000374552|7.88144e-05|0.000192647|4.2477e-05|0.000133309|1.10176e-05,0.000247513|0.0017649|0.000236843|0.000144035|0.00269887|0.000162239|0.000559379|0.00172194|0.000118496|0.000712371|0.00159185|0.00654761|0.000947335|0.00118483|0.000128581|0.0003012,0.0267276|0.0257131|0.0184192|0.0453925|0.0137582|0.00134448|0.0302924|0.0155694|0.0196441|0.0105772|0.0267406|0.0355868|0.00660715|0.0169907|0.0160189|0.0354931,0.00109024|0.0393537|0.0133546|0.032154|0.00978248|0.0159645|0.0390973|0.0086256|0.0465121|0.0442819|0.0256969|0.0025477|0.0450958|0.0238367|0.0314455|0.0378422,0.947856|0.962581|0.978748|0.94335|0.920316|0.918227|0.934635|0.98259|0.969417|0.934311|0.981074|0.983979|0.951948|0.92511|0.986727|0.93728,3.42645|3.77893|0.907615|4.14497|1.24496|6.21195|3.93309|6.09992|2.19452|4.13414|3.83823|5.1941|1.79104|0.817336|2.2481|4.12651,79.8117|88.6198|13.9548|83.9106|10.4739|81.7362|35.0583|56.2706|32.2763|59.8148|55.4093|81.3396|28.0546|99.0064|65.9961,0.180902|0.229809|0.17533|0.235608|0.209094|0.246934|0.228753|0.241799|0.211942|0.182049|0.245267|0.24659|0.244543|0.210817|0.213203,0.956865|0.73214|0.469559|0.629113|0.833808|0.747741|0.738884|0.73275|0.374165|0.538397|0.471863|0.632564|0.240936|0.387396|0.42835,0.947089,0.929897,0.0537595,0.0057309,0.115486,0.547306,0.2767,0.482509,0.0776559,0.878555,72.0946,2.67492e-12,16056,0.872503,33.453,1.99398e-12,24666,0.931768,0.905326,0.0406295,0.553862,0.492708,0.529597,0.286795,0.463067,0.265174,0.926863,72.3298,3.14198e-12,40952,0.801015,98.3984,2.667e-11,46210
6,113,n1->n11->n12->n22->n23->n24->n25->n26->n27->n37->n38->n39->n29->n30->n20->n10,4.55588e+13|1.15025e+12|9.70647e+12|7.03401e+09|5.51854e+11|5.30865e+13|2.01397e+10|9.98399e+13|6.26614e+13|2.09705e+10|3.12412e+13|8.73226e+09|2.59271e+10|1.45391e+13|1.52852e+09|1.99581e+13,1.19121e+13|6.31783e+11|1.26993e+12|4.27301e+09|7.72178e+10|6.13322e+12|2.08097e+09|5.87009e+13|2.35834e+13|2.1936e+09|1.73182e+13|2.42615e+09|8.13129e+09|6.46288e+12|2.19744e+08|1.65379e+13,0.000272813|0.000273727|0.000140781|0.000672453|1.44025e-05|1.7303e-05|2.70509e-05|0.000118769|0.000150771|2.09632e-05|4.61837e-05|0.000116161|0.000314414|0.000269765|0.00080518|1.10176e-05,0.000247513|0.000148505|0.000236843|0.00709411|0.0082118|0.0037958|0.00299666|0.000323253|0.000264815|0.000110486|0.00101055|0.0029589|0.000236294|0.000185529|0.00141516|0.0003012,0.0267276|0.00791251|0.0184192|0.0149108|0.0212901|0.0274705|0.0427717|0.0160653|0.0382494|0.0473531|0.033088|0.0482227|0.0496326|0.000483153|0.024448|0.0354931,0.00109024|0.00663636|0.0133546|0.0420171|0.017526|0.00642684|0.0449118|0.0257682|0.0368632|0.0499989|0.00120252|0.0424138|0.0080761|0.0217074|0.0192162|0.0378422,0.947856|0.988586|0.978748|0.950942|0.933849|0.903274|0.937042|0.951498|0.90904|0.972412|0.947646|0.959044|0.956941|0.908504|0.9673|0.93728,3.42645|5.73996|0.907615|5.16975|2.38092|1.40891|2.00694|0.0859455|3.73846|0.679389|4.60178|3.66712|5.8367|2.24783|0.887559|4.12651,30.2686|24.4191|13.2112|55.8812|67.5745|18.2346|55.6995|42.5138|44.8869|37.0378|69.5993|44.1502|83.4704|23.9015|29.3778,0.210339|0.19865|0.235624|0.248061|0.166922|0.244562|0.190523|0.164014|0.177914|0.209844|0.185434|0.214077|0.183396|0.180438|0.160098,0.907958|0.54288|0.512005|0.990161|0.619697|0.255688|0.158588|0.873071|0.261714|0.139772|0.333363|0.641975|0.855906|0.504214|0.879487,0.947089,0.929897,0.0537595,0.0057309,0.115486,0.547306,0.2767,0.482509,0.0776559,0.878555,72.0946,2.67492e-12,16056,0.872503,33.453,1.99398e-12,24666,0.931768,0.905326,0.0406295,0.553862,0.492708,0.529597,0.286795,0.463067,0.265174,0.926863,72.3298,3.14198e-12,40952,0.801015,98.3984,2.667e-11,46210
6,114,n1->n2->n12->n11->n21->n22->n23->n13->n14->n15->n5->n6->n7->n8->n9->n10,4.55588e+13|5.23413e+11|9.70647e+12|1.15025e+12|2.40242e+10|7.03401e+09|5.51854e+11|1.70175e+12|2.4844e+13|8.59239e+10|3.27327e+10|2.57217e+11|2.4859e+13|4.88124e+11|5.41279e+11|1.99581e+13,1.19121e+13|5.74607e+10|1.26993e+12|6.31783e+11|1.08781e+10|4.27301e+09|7.72178e+10|1.6398e+12|7.4533e+12|1.6374e+10|5.45815e+09|1.80632e+11|3.91236e+12|5.46248e+10|5.69937e+10|1.65379e+13,0.000272813|2.22486e-05|0.000140781|0.000273727|9.0809e-05|0.000672453|1.44025e-05|0.000236651|0.000115516|6.38284e-05|2.4748e-05|0.000137431|0.000374552|7.88144e-05|0.000133309|1.10176e-05,0.000247513|0.0017649|0.000236843|0.000148505|0.00346885|0.00709411|0.0082118|0.000144035|0.000803332|0.00172194|0.000559379|0.00038|0.00159185|0.00654761|0.000128581|0.0003012,0.0267276|0.0257131|0.0184192|0.00791251|0.0448555|0.0149108|0.0212901|0.0453925|0.00362957|0.0155694|0.0302924|0.0351794|0.0267406|0.0355868|0.0160189|0.0354931,0.00109024|0.0393537|0.0133546|0.00663636|0.0411686|0.0420171|0.017526|0.032154|0.0393535|0.0086256|0.0390973|0.0410032|0.0256969|0.0025477|0.0314455|0.0378422,0.947856|0.962581|0.978748|0.988586|0.9175|0.950942|0.933849|0.94335|0.912009|0.98259|0.934635|0.944217|0.981074|0.983979|0.986727|0.93728,3.42645|3.77893|0.907615|5.73996|0.574724|5.16975|2.38092|4.14497|2.47916|6.09992|3.93309|6.20274|3.83823|5.1941|2.2481|4.12651,79.8117|88.6198|24.4191|65.1286|34.0839|55.8812|51.9585|56.34|92.5451|35.0583|37.2729|32.9383|55.4093|99.595|65.9961,0.180902|0.229809|0.19865|0.167515|0.248622|0.248061|0.224371|0.243804|0.209465|0.228753|0.160203|0.189792|0.245267|0.194831|0.213203,0.956865|0.73214|0.54288|0.853399|0.539818|0.990161|0.980199|0.288383|0.722966|0.738884|0.316848|0.663025|0.471863|0.756576|0.42835,0.947089,0.929897,0.0537595,0.0057309,0.115486,0.547306,0.2767,0.482509,0.0776559,0.878555,72.0946,2.67492e-12,16056,0.872503,33.453,1.99398e-12,24666,0.931768,0.905326,0.0406295,0.553862,0.492708,0.529597,0.286795,0.463067,0.265174,0.926863,72.3298,3.14198e-12,40952,0.801015,98.3984,2.667e-11,46210
6,115,n1->n11->n12->n13->n14->n24->n34->n35->n36->n37->n38->n28->n29->n30->n20->n10,4.55588e+13|1.15025e+12|9.70647e+12|1.70175e+12|2.4844e+13|5.30865e+13|1.55627e+09|7.70315e+09|1.32672e+11|2.09705e+10|3.12412e+13|1.9542e+12|2.59271e+10|1.45391e+13|1.52852e+09|1.99581e+13,1.19121e+13|6.31783e+11|1.26993e+12|1.6398e+12|7.4533e+12|6.13322e+12|1.25401e+09|5.01926e+09|1.07428e+11|2.1936e+09|1.73182e+13|1.33825e+12|8.13129e+09|6.46288e+12|2.19744e+08|1.65379e+13,0.000272813|0.000273727|0.000140781|0.000236651|0.000115516|1.7303e-05|0.000804578|5.09272e-05|0.000101342|2.09632e-05|4.61837e-05|2.58334e-05|0.000314414|0.000269765|0.00080518|1.10176e-05,0.000247513|0.000148505|0.000236843|0.000144035|0.000803332|0.0037958|0.000101616|0.000835052|0.00680413|0.000110486|0.00101055|0.00569206|0.000236294|0.000185529|0.00141516|0.0003012,0.0267276|0.00791251|0.0184192|0.0453925|0.00362957|0.0274705|0.0106396|0.0193653|0.0275064|0.0473531|0.033088|0.0230741|0.0496326|0.000483153|0.024448|0.0354931,0.00109024|0.00663636|0.0133546|0.032154|0.0393535|0.00642684|0.00900971|0.026069|0.0384409|0.0499989|0.00120252|0.00482618|0.0080761|0.0217074|0.0192162|0.0378422,0.947856|0.988586|0.978748|0.94335|0.912009|0.903274|0.974224|0.945614|0.927891|0.972412|0.947646|0.910034|0.956941|0.908504|0.9673|0.93728,3.42645|5.73996|0.907615|4.14497|2.47916|1.40891|3.75785|1.72526|4.96631|0.679389|4.60178|1.24284|5.8367|2.24783|0.887559|4.12651,30.2686|24.4191|13.9548|56.34|66.6304|58.7029|31.5608|18.7034|29.3504|37.0378|23.518|39.0733|83.4704|23.9015|29.3778,0.210339|0.19865|0.17533|0.243804|0.19539|0.201644|0.244982|0.214791|0.232026|0.209844|0.222926|0.227384|0.183396|0.180438|0.160098,0.907958|0.54288|0.469559|0.288383|0.776204|0.191839|0.420555|0.496108|0.841833|0.139772|0.123514|0.753148|0.855906|0.504214|0.879487,0.947089,0.929897,0.0537595,0.0057309,0.115486,0.547306,0.2767,0.482509,0.0776559,0.878555,72.0946,2.67492e-12,16056,0.872503,33.453,1.99398e-12,24666,0.931768,0.905326,0.0406295,0.553862,0.492708,0.529597,0.286795,0.463067,0.265174,0.926863,72.3298,3.14198e-12,40952,0.801015,98.3984,2.667e-11,46210
6,116,n1->n2->n12->n22->n23->n24->n25->n35->n36->n37->n38->n39->n29->n30->n20->n10,4.55588e+13|5.23413e+11|9.70647e+12|7.03401e+09|5.51854e+11|5.30865e+13|2.01397e+10|7.70315e+09|1.32672e+11|2.09705e+10|3.12412e+13|8.73226e+09|2.59271e+10|1.45391e+13|1.52852e+09|1.99581e+13,1.19121e+13|5.74607e+10|1.26993e+12|4.27301e+09|7.72178e+10|6.13322e+12|2.08097e+09|5.01926e+09|1.07428e+11|2.1936e+09|1.73182e+13|2.42615e+09|8.13129e+09|6.46288e+12|2.19744e+08|1.65379e+13,0.000272813|2.22486e-05|0.000140781|0.000672453|1.44025e-05|1.7303e-05|2.70509e-05|5.09272e-05|0.000101342|2.09632e-05|4.61837e-05|0.000116161|0.000314414|0.000269765|0.00080518|1.10176e-05,0.000247513|0.0017649|0.000236843|0.00709411|0.0082118|0.0037958|0.00299666|0.000835052|0.00680413|0.000110486|0.00101055|0.0029589|0.000236294|0.000185529|0.00141516|0.0003012,0.0267276|0.0257131|0.0184192|0.0149108|0.0212901|0.0274705|0.0427717|0.0193653|0.0275064|0.0473531|0.033088|0.0482227|0.0496326|0.000483153|0.024448|0.0354931,0.00109024|0.0393537|0.0133546|0.0420171|0.017526|0.00642684|0.0449118|0.026069|0.0384409|0.0499989|0.00120252|0.0424138|0.0080761|0.0217074|0.0192162|0.0378422,0.947856|0.962581|0.978748|0.950942|0.933849|0.903274|0.937042|0.945614|0.927891|0.972412|0.947646|0.959044|0.956941|0.908504|0.9673|0.93728,3.42645|3.77893|0.907615|5.16975|2.38092|1.40891|2.00694|1.72526|4.96631|0.679389|4.60178|3.66712|5.8367|2.24783|0.887559|4.12651,79.8117|88.6198|13.2112|55.8812|67.5745|18.2346|88.4205|18.7034|29.3504|37.0378|69.5993|44.1502|83.4704|23.9015|29.3778,0.180902|0.229809|0.235624|0.248061|0.166922|0.244562|0.183809|0.214791|0.232026|0.209844|0.185434|0.214077|0.183396|0.180438|0.160098,0.956865|0.73214|0.512005|0.990161|0.619697|0.255688|0.991201|0.496108|0.841833|0.139772|0.333363|0.641975|0.855906|0.504214|0.879487,0.947089,0.929897,0.0537595,0.0057309,0.115486,0.547306,0.2767,0.482509,0.0776559,0.878555,72.0946,2.67492e-12,16056,0.872503,33.453,1.99398e-12,24666,0.931768,0.905326,0.0406295,0.553862,0.492708,0.529597,0.286795,0.463067,0.265174,0.926863,72.3298,3.14198e-12,40952,0.801015,98.3984,2.667e-11,46210
6,117,n1->n2->n3->n4->n14->n15->n5->n6->n7->n8->n18->n28->n29->n30->n20->n10,4.55588e+13|5.23413e+11|1.19214e+13|4.15825e+11|2.4844e+13|8.59239e+10|3.27327e+10|2.57217e+11|2.4859e+13|4.88124e+11|8.81528e+10|1.9542e+12|2.59271e+10|1.45391e+13|1.52852e+09|1.99581e+13,1.19121e+13|5.74607e+10|1.39506e+12|5.68247e+10|7.4533e+12|1.6374e+10|5.45815e+09|1.80632e+11|3.91236e+12|5.46248e+10|7.0302e+10|1.33825e+12|8.13129e+09|6.46288e+12|2.19744e+08|1.65379e+13,0.000272813|2.22486e-05|0.000240865|0.000208244|0.000115516|6.38284e-05|2.4748e-05|0.000137431|0.000374552|7.88144e-05|0.000192647|2.58334e-05|0.000314414|0.000269765|0.00080518|1.10176e-05,0.000247513|0.0017649|0.00269887|0.000162239|0.000803332|0.00172194|0.000559379|0.00038|0.00159185|0.00654761|0.000947335|0.00569206|0.000236294|0.000185529|0.00141516|0.0003012,0.0267276|0.0257131|0.0137582|0.00134448|0.00362957|0.0155694|0.0302924|0.0351794|0.0267406|0.0355868|0.00660715|0.0230741|0.0496326|0.000483153|0.024448|0.0354931,0.00109024|0.0393537|0.00978248|0.0159645|0.0393535|0.0086256|0.0390973|0.0410032|0.0256969|0.0025477|0.0450958|0.00482618|0.0080761|0.0217074|0.0192162|0.0378422,0.947856|0.962581|0.920316|0.918227|0.912009|0.98259|0.934635|0.944217|0.981074|0.983979|0.951948|0.910034|0.956941|0.908504|0.9673|0.93728,3.42645|3.77893|1.24496|6.21195|2.47916|6.09992|3.93309|6.20274|3.83823|5.1941|1.79104|1.24284|5.8367|2.24783|0.887559|4.12651,79.8117|37.015|10.4739|52.1141|92.5451|35.0583|37.2729|32.9383|55.4093|81.3396|43.2583|39.0733|83.4704|23.9015|29.3778,0.180902|0.185025|0.209094|0.220919|0.209465|0.228753|0.160203|0.189792|0.245267|0.24659|0.171475|0.227384|0.183396|0.180438|0.160098,0.956865|0.12338|0.833808|0.42528|0.722966|0.738884|0.316848|0.663025|0.471863|0.632564|0.471649|0.753148|0.855906|0.504214|0.879487,0.947089,0.929897,0.0537595,0.0057309,0.115486,0.547306,0.2767,0.482509,0.0776559,0.878555,72.0946,2.67492e-12,16056,0.872503,33.453,1.99398e-12,24666,0.931768,0.905326,0.0406295,0.553862,0.492708,0.529597,0.286795,0.463067,0.265174,0.926863,72.3298,3.14198e-12,40952,0.801015,98.3984,2.667e-11,46210
6,118,n1->n11->n21->n31->n32->n22->n23->n24->n25->n15->n5->n6->n7->n8->n9->n10,4.55588e+13|1.15025e+12|2.40242e+10|1.31436e+10|1.62664e+12|7.03401e+09|5.51854e+11|5.30865e+13|2.01397e+10|8.59239e+10|3.27327e+10|2.57217e+11|2.4859e+13|4.88124e+11|5.41279e+11|1.99581e+13,1.19121e+13|6.31783e+11|1.08781e+10|1.08408e+10|3.80816e+11|4.27301e+09|7.72178e+10|6.13322e+12|2.08097e+09|1.6374e+10|5.45815e+09|1.80632e+11|3.91236e+12|5.46248e+10|5.69937e+10|1.65379e+13,0.000272813|0.000273727|9.0809e-05|0.000575588|8.81807e-05|0.000672453|1.44025e-05|1.7303e-05|2.70509e-05|6.38284e-05|2.4748e-05|0.000137431|0.000374552|7.88144e-05|0.000133309|1.10176e-05,0.000247513|0.000148505|0.00346885|0.00434396|0.000951259|0.00709411|0.0082118|0.0037958|0.00299666|0.00172194|0.000559379|0.00038|0.00159185|0.00654761|0.000128581|0.0003012,0.0267276|0.00791251|0.0448555|0.0356972|0.0119964|0.0149108|0.0212901|0.0274705|0.0427717|0.0155694|0.0302924|0.0351794|0.0267406|0.0355868|0.0160189|0.0354931,0.00109024|0.00663636|0.0411686|0.0077036|0.0157083|0.0420171|0.017526|0.00642684|0.0449118|0.0086256|0.0390973|0.0410032|0.0256969|0.0025477|0.0314455|0.0378422,0.947856|0.988586|0.9175|0.904595|0.939747|0.950942|0.933849|0.903274|0.937042|0.98259|0.934635|0.944217|0.981074|0.983979|0.986727|0.93728,3.42645|5.73996|0.574724|4.1085|3.78989|5.16975|2.38092|1.40891|2.00694|6.09992|3.93309|6.20274|3.83823|5.1941|2.2481|4.12651,30.2686|65.1286|89.2299|63.0993|86.2435|55.8812|67.5745|18.2346|54.7186|35.0583|37.2729|32.9383|55.4093|99.595|65.9961,0.210339|0.167515|0.160794|0.24519|0.178944|0.248061|0.166922|0.244562|0.244234|0.228753|0.160203|0.189792|0.245267|0.194831|0.213203,0.907958|0.853399|0.318275|0.75498|0.653738|0.990161|0.619697|0.255688|0.629787|0.738884|0.316848|0.663025|0.471863|0.756576|0.42835,0.947089,0.929897,0.0537595,0.0057309,0.115486,0.547306,0.2767,0.482509,0.0776559,0.878555,72.0946,2.67492e-12,16056,0.872503,33.453,1.99398e-12,24666,0.931768,0.905326,0.0406295,0.553862,0.492708,0.529597,0.286795,0.463067,0.265174,0.926863,72.3298,3.14198e-12,40952,0.801015,98.3984,2.667e-11,46210
6,119,n1->n11->n21->n22->n32->n33->n23->n24->n14->n4->n5->n6->n7->n8->n9->n10,4.55588e+13|1.15025e+12|2.40242e+10|7.03401e+09|1.62664e+12|6.01307e+13|5.51854e+11|5.30865e+13|2.4844e+13|4.15825e+11|3.27327e+10|2.57217e+11|2.4859e+13|4.88124e+11|5.41279e+11|1.99581e+13,1.19121e+13|6.31783e+11|1.08781e+10|4.27301e+09|3.80816e+11|2.07769e+13|7.72178e+10|6.13322e+12|7.4533e+12|5.68247e+10|5.45815e+09|1.80632e+11|3.91236e+12|5.46248e+10|5.69937e+10|1.65379e+13,0.000272813|0.000273727|9.0809e-05|0.000672453|8.81807e-05|0.000289953|1.44025e-05|1.7303e-05|0.000115516|0.000208244|2.4748e-05|0.000137431|0.000374552|7.88144e-05|0.000133309|1.10176e-05,0.000247513|0.000148505|0.00346885|0.00709411|0.000951259|0.00411152|0.0082118|0.0037958|0.000803332|0.000162239|0.000559379|0.00038|0.00159185|0.00654761|0.000128581|0.0003012,0.0267276|0.00791251|0.0448555|0.0149108|0.0119964|0.00567541|0.0212901|0.0274705|0.00362957|0.00134448|0.0302924|0.0351794|0.0267406|0.0355868|0.0160189|0.0354931,0.00109024|0.00663636|0.0411686|0.0420171|0.0157083|0.0326562|0.017526|0.00642684|0.0393535|0.0159645|0.0390973|0.0410032|0.0256969|0.0025477|0.0314455|0.0378422,0.947856|0.988586|0.9175|0.950942|0.939747|0.945801|0.933849|0.903274|0.912009|0.918227|0.934635|0.944217|0.981074|0.983979|0.986727|0.93728,3.42645|5.73996|0.574724|5.16975|3.78989|3.59669|2.38092|1.40891|2.47916|6.21195|3.93309|6.20274|3.83823|5.1941|2.2481|4.12651,30.2686|65.1286|34.0839|86.2435|67.4197|76.7594|67.5745|66.6304|52.1141|81.7362|37.2729|32.9383|55.4093|99.595|65.9961,0.210339|0.167515|0.248622|0.178944|0.212413|0.171333|0.166922|0.19539|0.220919|0.246934|0.160203|0.189792|0.245267|0.194831|0.213203,0.907958|0.853399|0.539818|0.653738|0.400026|0.836795|0.619697|0.776204|0.42528|0.747741|0.316848|0.663025|0.471863|0.756576|0.42835,0.947089,0.929897,0.0537595,0.0057309,0.115486,0.547306,0.2767,0.482509,0.0776559,0.878555,72.0946,2.67492e-12,16056,0.872503,33.453,1.99398e-12,24666,0.931768,0.905326,0.0406295,0.553862,0.492708,0.529597,0.286795,0.463067,0.265174,0.926863,72.3298,3.14198e-12,40952,0.801015,98.3984,2.667e-11,46210
6,120,n1->n11->n21->n22->n12->n13->n3->n4->n14->n15->n16->n6->n7->n8->n9->n10,4.55588e+13|1.15025e+12|2.40242e+10|7.03401e+09|9.70647e+12|1.70175e+12|1.19214e+13|4.15825e+11|2.4844e+13|8.59239e+10|1.96299e+11|2.57217e+11|2.4859e+13|4.88124e+11|5.41279e+11|1.99581e+13,1.19121e+13|6.31783e+11|1.08781e+10|4.27301e+09|1.26993e+12|1.6398e+12|1.39506e+12|5.68247e+10|7.4533e+12|1.6374e+10|4.16811e+10|1.80632e+11|3.91236e+12|5.46248e+10|5.69937e+10|1.65379e+13,0.000272813|0.000273727|9.0809e-05|0.000672453|0.000140781|0.000236651|0.000240865|0.000208244|0.000115516|6.38284e-05|1.24441e-05|0.000137431|0.000374552|7.88144e-05|0.000133309|1.10176e-05,0.000247513|0.000148505|0.00346885|0.00709411|0.000236843|0.000144035|0.00269887|0.000162239|0.000803332|0.00172194|0.000118496|0.00038|0.00159185|0.00654761|0.000128581|0.0003012,0.0267276|0.00791251|0.0448555|0.0149108|0.0184192|0.0453925|0.0137582|0.00134448|0.00362957|0.0155694|0.0196441|0.0351794|0.0267406|0.0355868|0.0160189|0.0354931,0.00109024|0.00663636|0.0411686|0.0420171|0.0133546|0.032154|0.00978248|0.0159645|0.0393535|0.0086256|0.0465121|0.0410032|0.0256969|0.0025477|0.0314455|0.0378422,0.947856|0.988586|0.9175|0.950942|0.978748|0.94335|0.920316|0.918227|0.912009|0.98259|0.969417|0.944217|0.981074|0.983979|0.986727|0.93728,3.42645|5.73996|0.574724|5.16975|0.907615|4.14497|1.24496|6.21195|2.47916|6.09992|2.19452|6.20274|3.83823|5.1941|2.2481|4.12651,30.2686|65.1286|34.0839|13.2112|13.9548|83.9106|10.4739|52.1141|92.5451|56.2706|50.0569|32.9383|55.4093|99.595|65.9961,0.210339|0.167515|0.248622|0.235624|0.17533|0.235608|0.209094|0.220919|0.209465|0.241799|0.177576|0.189792|0.245267|0.194831|0.213203,0.907958|0.853399|0.539818|0.512005|0.469559|0.629113|0.833808|0.42528|0.722966|0.73275|0.337265|0.663025|0.471863|0.756576|0.42835,0.947089,0.929897,0.0537595,0.0057309,0.115486,0.547306,0.2767,0.482509,0.0776559,0.878555,72.0946,2.67492e-12,16056,0.872503,33.453,1.99398e-12,24666,0.931768,0.905326,0.0406295,0.553862,0.492708,0.529597,0.286795,0.463067,0.265174,0.926863,72.3298,3.14198e-12,40952,0.801015,98.3984,2.667e-11,46210
6,121,n1->n2->n12->n11->n21->n31->n32->n22->n23->n24->n14->n15->n16->n6->n7->n8->n9->n10,4.55588e+13|5.23413e+11|9.70647e+12|1.15025e+12|2.40242e+10|1.31436e+10|1.62664e+12|7.03401e+09|5.51854e+11|5.30865e+13|2.4844e+13|8.59239e+10|1.96299e+11|2.57217e+11|2.4859e+13|4.88124e+11|5.41279e+11|1.99581e+13,1.19121e+13|5.74607e+10|1.26993e+12|6.31783e+11|1.08781e+10|1.08408e+10|3.80816e+11|4.27301e+09|7.72178e+10|6.13322e+12|7.4533e+12|1.6374e+10|4.16811e+10|1.80632e+11|3.91236e+12|5.46248e+10|5.69937e+10|1.65379e+13,0.000272813|2.22486e-05|0.000140781|0.000273727|9.0809e-05|0.000575588|8.81807e-05|0.000672453|1.44025e-05|1.7303e-05|0.000115516|6.38284e-05|1.24441e-05|0.000137431|0.000374552|7.88144e-05|0.000133309|1.10176e-05,0.000247513|0.0017649|0.000236843|0.000148505|0.00346885|0.00434396|0.000951259|0.00709411|0.0082118|0.0037958|0.000803332|0.00172194|0.000118496|0.00038|0.00159185|0.00654761|0.000128581|0.0003012,0.0267276|0.0257131|0.0184192|0.00791251|0.0448555|0.0356972|0.0119964|0.0149108|0.0212901|0.0274705|0.00362957|0.0155694|0.0196441|0.0351794|0.0267406|0.0355868|0.0160189|0.0354931,0.00109024|0.0393537|0.0133546|0.00663636|0.0411686|0.0077036|0.0157083|0.0420171|0.017526|0.00642684|0.0393535|0.0086256|0.0465121|0.0410032|0.0256969|0.0025477|0.0314455|0.0378422,0.947856|0.962581|0.978748|0.988586|0.9175|0.904595|0.939747|0.950942|0.933849|0.903274|0.912009|0.98259|0.969417|0.944217|0.981074|0.983979|0.986727|0.93728,3.42645|3.77893|0.907615|5.73996|0.574724|4.1085|3.78989|5.16975|2.38092|1.40891|2.47916|6.09992|2.19452|6.20274|3.83823|5.1941|2.2481|4.12651,79.8117|88.6198|24.4191|65.1286|89.2299|63.0993|86.2435|55.8812|67.5745|66.6304|92.5451|56.2706|50.0569|32.9383|55.4093|99.595|65.9961,0.180902|0.229809|0.19865|0.167515|0.160794|0.24519|0.178944|0.248061|0.166922|0.19539|0.209465|0.241799|0.177576|0.189792|0.245267|0.194831|0.213203,0.956865|0.73214|0.54288|0.853399|0.318275|0.75498|0.653738|0.990161|0.619697|0.776204|0.722966|0.73275|0.337265|0.663025|0.471863|0.756576|0.42835,0.947089,0.929897,0.0537595,0.0057309,0.115486,0.547306,0.2767,0.482509,0.0776559,0.878555,72.0946,2.67492e-12,16056,0.872503,33.453,1.99398e-12,24666,0.931768,0.905326,0.0406295,0.553862,0.492708,0.529597,0.286795,0.463067,0.265174,0.926863,72.3298,3.14198e-12,40952,0.801015,98.3984,2.667e-11,46210
6,122,n1->n2->n3->n4->n5->n6->n16->n17->n7->n8->n9->n19->n18->n28->n29->n30->n20->n10,4.55588e+13|5.23413e+11|1.19214e+13|4.15825e+11|3.27327e+10|2.57217e+11|1.96299e+11|6.92201e+13|2.4859e+13|4.88124e+11|5.41279e+11|2.45264e+13|8.81528e+10|1.9542e+12|2.59271e+10|1.45391e+13|1.52852e+09|1.99581e+13,1.19121e+13|5.74607e+10|1.39506e+12|5.68247e+10|5.45815e+09|1.80632e+11|4.16811e+10|1.85776e+13|3.91236e+12|5.46248e+10|5.69937e+10|2.78019e+12|7.0302e+10|1.33825e+12|8.13129e+09|6.46288e+12|2.19744e+08|1.65379e+13,0.000272813|2.22486e-05|0.000240865|0.000208244|2.4748e-05|0.000137431|1.24441e-05|3.57755e-05|0.000374552|7.88144e-05|0.000133309|4.2477e-05|0.000192647|2.58334e-05|0.000314414|0.000269765|0.00080518|1.10176e-05,0.000247513|0.0017649|0.00269887|0.000162239|0.000559379|0.00038|0.000118496|0.000712371|0.00159185|0.00654761|0.000128581|0.00118483|0.000947335|0.00569206|0.000236294|0.000185529|0.00141516|0.0003012,0.0267276|0.0257131|0.0137582|0.00134448|0.0302924|0.0351794|0.0196441|0.0105772|0.0267406|0.0355868|0.0160189|0.0169907|0.00660715|0.0230741|0.0496326|0.000483153|0.024448|0.0354931,0.00109024|0.0393537|0.00978248|0.0159645|0.0390973|0.0410032|0.0465121|0.0442819|0.0256969|0.0025477|0.0314455|0.0238367|0.0450958|0.00482618|0.0080761|0.0217074|0.0192162|0.0378422,0.947856|0.962581|0.920316|0.918227|0.934635|0.944217|0.969417|0.934311|0.981074|0.983979|0.986727|0.92511|0.951948|0.910034|0.956941|0.908504|0.9673|0.93728,3.42645|3.77893|1.24496|6.21195|3.93309|6.20274|2.19452|4.13414|3.83823|5.1941|2.2481|0.817336|1.79104|1.24284|5.8367|2.24783|0.887559|4.12651,79.8117|37.015|10.4739|81.7362|37.2729|50.0569|32.2763|59.8148|55.4093|99.595|99.0064|28.0546|43.2583|39.0733|83.4704|23.9015|29.3778,0.180902|0.185025|0.209094|0.246934|0.160203|0.177576|0.211942|0.182049|0.245267|0.194831|0.210817|0.244543|0.171475|0.227384|0.183396|0.180438|0.160098,0.956865|0.12338|0.833808|0.747741|0.316848|0.337265|0.374165|0.538397|0.471863|0.756576|0.387396|0.240936|0.471649|0.753148|0.855906|0.504214|0.879487,0.947089,0.929897,0.0537595,0.0057309,0.115486,0.547306,0.2767,0.482509,0.0776559,0.878555,72.0946,2.67492e-12,16056,0.872503,33.453,1.99398e-12,24666,0.931768,0.905326,0.0406295,0.553862,0.492708,0.529597,0.286795,0.463067,0.265174,0.926863,72.3298,3.14198e-12,40952,0.801015,98.3984,2.667e-11,46210
6,123,n1->n11->n12->n2->n3->n4->n14->n13->n23->n24->n25->n26->n16->n6->n7->n8->n9->n10,4.55588e+13|1.15025e+12|9.70647e+12|5.23413e+11|1.19214e+13|4.15825e+11|2.4844e+13|1.70175e+12|5.51854e+11|5.30865e+13|2.01397e+10|9.98399e+13|1.96299e+11|2.57217e+11|2.4859e+13|4.88124e+11|5.41279e+11|1.99581e+13,1.19121e+13|6.31783e+11|1.26993e+12|5.74607e+10|1.39506e+12|5.68247e+10|7.4533e+12|1.6398e+12|7.72178e+10|6.13322e+12|2.08097e+09|5.87009e+13|4.16811e+10|1.80632e+11|3.91236e+12|5.46248e+10|5.69937e+10|1.65379e+13,0.000272813|0.000273727|0.000140781|2.22486e-05|0.000240865|0.000208244|0.000115516|0.000236651|1.44025e-05|1.7303e-05|2.70509e-05|0.000118769|1.24441e-05|0.000137431|0.000374552|7.88144e-05|0.000133309|1.10176e-05,0.000247513|0.000148505|0.000236843|0.0017649|0.00269887|0.000162239|0.000803332|0.000144035|0.0082118|0.0037958|0.00299666|0.000323253|0.000118496|0.00038|0.00159185|0.00654761|0.000128581|0.0003012,0.0267276|0.00791251|0.0184192|0.0257131|0.0137582|0.00134448|0.00362957|0.0453925|0.0212901|0.0274705|0.0427717|0.0160653|0.0196441|0.0351794|0.0267406|0.0355868|0.0160189|0.0354931,0.00109024|0.00663636|0.0133546|0.0393537|0.00978248|0.0159645|0.0393535|0.032154|0.017526|0.00642684|0.0449118|0.0257682|0.0465121|0.0410032|0.0256969|0.0025477|0.0314455|0.0378422,0.947856|0.988586|0.978748|0.962581|0.920316|0.918227|0.912009|0.94335|0.933849|0.903274|0.937042|0.951498|0.969417|0.944217|0.981074|0.983979|0.986727|0.93728,3.42645|5.73996|0.907615|3.77893|1.24496|6.21195|2.47916|4.14497|2.38092|1.40891|2.00694|0.0859455|2.19452|6.20274|3.83823|5.1941|2.2481|4.12651,30.2686|24.4191|88.6198|37.015|10.4739|52.1141|56.34|51.9585|67.5745|18.2346|55.6995|11.0615|50.0569|32.9383|55.4093|99.595|65.9961,0.210339|0.19865|0.229809|0.185025|0.209094|0.220919|0.243804|0.224371|0.166922|0.244562|0.190523|0.223866|0.177576|0.189792|0.245267|0.194831|0.213203,0.907958|0.54288|0.73214|0.12338|0.833808|0.42528|0.288383|0.980199|0.619697|0.255688|0.158588|0.893757|0.337265|0.663025|0.471863|0.756576|0.42835,0.947089,0.929897,0.0537595,0.0057309,0.115486,0.547306,0.2767,0.482509,0.0776559,0.878555,72.0946,2.67492e-12,16056,0.872503,33.453,1.99398e-12,24666,0.931768,0.905326,0.0406295,0.553862,0.492708,0.529597,0.286795,0.463067,0.265174,0.926863,72.3298,3.14198e-12,40952,0.801015,98.3984,2.667e-11,46210
6,124,n1->n2->n3->n13->n14->n15->n5->n6->n7->n17->n27->n37->n38->n39->n40->n30->n20->n10,4.55588e+13|5.23413e+11|1.19214e+13|1.70175e+12|2.4844e+13|8.59239e+10|3.27327e+10|2.57217e+11|2.4859e+13|6.92201e+13|6.26614e+13|2.09705e+10|3.12412e+13|8.73226e+09|1.03737e+12|1.45391e+13|1.52852e+09|1.99581e+13,1.19121e+13|5.74607e+10|1.39506e+12|1.6398e+12|7.4533e+12|1.6374e+10|5.45815e+09|1.80632e+11|3.91236e+12|1.85776e+13|2.35834e+13|2.1936e+09|1.73182e+13|2.42615e+09|3.64009e+11|6.46288e+12|2.19744e+08|1.65379e+13,0.000272813|2.22486e-05|0.000240865|0.000236651|0.000115516|6.38284e-05|2.4748e-05|0.000137431|0.000374552|3.57755e-05|0.000150771|2.09632e-05|4.61837e-05|0.000116161|1.31439e-05|0.000269765|0.00080518|1.10176e-05,0.000247513|0.0017649|0.00269887|0.000144035|0.000803332|0.00172194|0.000559379|0.00038|0.00159185|0.000712371|0.000264815|0.000110486|0.00101055|0.0029589|0.00249226|0.000185529|0.00141516|0.0003012,0.0267276|0.0257131|0.0137582|0.0453925|0.00362957|0.0155694|0.0302924|0.0351794|0.0267406|0.0105772|0.0382494|0.0473531|0.033088|0.0482227|0.0358168|0.000483153|0.024448|0.0354931,0.00109024|0.0393537|0.00978248|0.032154|0.0393535|0.0086256|0.0390973|0.0410032|0.0256969|0.0442819|0.0368632|0.0499989|0.00120252|0.0424138|0.025624|0.0217074|0.0192162|0.0378422,0.947856|0.962581|0.920316|0.94335|0.912009|0.98259|0.934635|0.944217|0.981074|0.934311|0.90904|0.972412|0.947646|0.959044|0.982687|0.908504|0.9673|0.93728,3.42645|3.77893|1.24496|4.14497|2.47916|6.09992|3.93309|6.20274|3.83823|4.13414|3.73846|0.679389|4.60178|3.66712|4.22505|2.24783|0.887559|4.12651,79.8117|37.015|83.9106|56.34|92.5451|35.0583|37.2729|32.9383|59.8148|72.2829|44.8869|37.0378|69.5993|86.0567|98.0873|23.9015|29.3778,0.180902|0.185025|0.235608|0.243804|0.209465|0.228753|0.160203|0.189792|0.182049|0.20897|0.177914|0.209844|0.185434|0.214434|0.186632|0.180438|0.160098,0.956865|0.12338|0.629113|0.288383|0.722966|0.738884|0.316848|0.663025|0.538397|0.780344|0.261714|0.139772|0.333363|0.625209|0.334156|0.504214|0.879487,0.947089,0.929897,0.0537595,0.0057309,0.115486,0.547306,0.2767,0.482509,0.0776559,0.878555,72.0946,2.67492e-12,16056,0.872503,33.453,1.99398e-12,24666,0.931768,0.905326,0.0406295,0.553862,0.492708,0.529597,0.286795,0.463067,0.265174,0.926863,72.3298,3.14198e-12,40952,0.801015,98.3984,2.667e-11,46210
6,125,n1->n11->n12->n13->n14->n24->n34->n35->n36->n37->n38->n39->n49->n50->n40->n30->n20->n10,4.55588e+13|1.15025e+12|9.70647e+12|1.70175e+12|2.4844e+13|5.30865e+13|1.55627e+09|7.70315e+09|1.32672e+11|2.09705e+10|3.12412e+13|8.73226e+09|6.34486e+09|7.17196e+10|1.03737e+12|1.45391e+13|1.52852e+09|1.99581e+13,1.19121e+13|6.31783e+11|1.26993e+12|1.6398e+12|7.4533e+12|6.13322e+12|1.25401e+09|5.01926e+09|1.07428e+11|2.1936e+09|1.73182e+13|2.42615e+09|3.91806e+09|5.77253e+10|3.64009e+11|6.46288e+12|2.19744e+08|1.65379e+13,0.000272813|0.000273727|0.000140781|0.000236651|0.000115516|1.7303e-05|0.000804578|5.09272e-05|0.000101342|2.09632e-05|4.61837e-05|0.000116161|0.000128505|0.000438918|1.31439e-05|0.000269765|0.00080518|1.10176e-05,0.000247513|0.000148505|0.000236843|0.000144035|0.000803332|0.0037958|0.000101616|0.000835052|0.00680413|0.000110486|0.00101055|0.0029589|0.000568569|0.00419152|0.00249226|0.000185529|0.00141516|0.0003012,0.0267276|0.00791251|0.0184192|0.0453925|0.00362957|0.0274705|0.0106396|0.0193653|0.0275064|0.0473531|0.033088|0.0482227|0.00728599|0.0308099|0.0358168|0.000483153|0.024448|0.0354931,0.00109024|0.00663636|0.0133546|0.032154|0.0393535|0.00642684|0.00900971|0.026069|0.0384409|0.0499989|0.00120252|0.0424138|0.0498846|0.0443978|0.025624|0.0217074|0.0192162|0.0378422,0.947856|0.988586|0.978748|0.94335|0.912009|0.903274|0.974224|0.945614|0.927891|0.972412|0.947646|0.959044|0.958709|0.928431|0.982687|0.908504|0.9673|0.93728,3.42645|5.73996|0.907615|4.14497|2.47916|1.40891|3.75785|1.72526|4.96631|0.679389|4.60178|3.66712|2.76072|4.42152|4.22505|2.24783|0.887559|4.12651,30.2686|24.4191|13.9548|56.34|66.6304|58.7029|31.5608|18.7034|29.3504|37.0378|69.5993|95.0453|38.9947|91.3525|98.0873|23.9015|29.3778,0.210339|0.19865|0.17533|0.243804|0.19539|0.201644|0.244982|0.214791|0.232026|0.209844|0.185434|0.183014|0.205861|0.234372|0.186632|0.180438|0.160098,0.907958|0.54288|0.469559|0.288383|0.776204|0.191839|0.420555|0.496108|0.841833|0.139772|0.333363|0.285782|0.130546|0.183451|0.334156|0.504214|0.879487,0.947089,0.929897,0.0537595,0.0057309,0.115486,0.547306,0.2767,0.482509,0.0776559,0.878555,72.0946,2.67492e-12,16056,0.872503,33.453,1.99398e-12,24666,0.931768,0.905326,0.0406295,0.553862,0.492708,0.529597,0.286795,0.463067,0.265174,0.926863,72.3298,3.14198e-12,40952,0.801015,98.3984,2.667e-11,46210
6,126,n1->n2->n3->n4->n5->n6->n16->n15->n25->n35->n36->n26->n27->n28->n18->n19->n9->n10,4.55588e+13|5.23413e+11|1.19214e+13|4.15825e+11|3.27327e+10|2.57217e+11|1.96299e+11|8.59239e+10|2.01397e+10|7.70315e+09|1.32672e+11|9.98399e+13|6.26614e+13|1.9542e+12|8.81528e+10|2.45264e+13|5.41279e+11|1.99581e+13,1.19121e+13|5.74607e+10|1.39506e+12|5.68247e+10|5.45815e+09|1.80632e+11|4.16811e+10|1.6374e+10|2.08097e+09|5.01926e+09|1.07428e+11|5.87009e+13|2.35834e+13|1.33825e+12|7.0302e+10|2.78019e+12|5.69937e+10|1.65379e+13,0.000272813|2.22486e-05|0.000240865|0.000208244|2.4748e-05|0.000137431|1.24441e-05|6.38284e-05|2.70509e-05|5.09272e-05|0.000101342|0.000118769|0.000150771|2.58334e-05|0.000192647|4.2477e-05|0.000133309|1.10176e-05,0.000247513|0.0017649|0.00269887|0.000162239|0.000559379|0.00038|0.000118496|0.00172194|0.00299666|0.000835052|0.00680413|0.000323253|0.000264815|0.00569206|0.000947335|0.00118483|0.000128581|0.0003012,0.0267276|0.0257131|0.0137582|0.00134448|0.0302924|0.0351794|0.0196441|0.0155694|0.0427717|0.0193653|0.0275064|0.0160653|0.0382494|0.0230741|0.00660715|0.0169907|0.0160189|0.0354931,0.00109024|0.0393537|0.00978248|0.0159645|0.0390973|0.0410032|0.0465121|0.0086256|0.0449118|0.026069|0.0384409|0.0257682|0.0368632|0.00482618|0.0450958|0.0238367|0.0314455|0.0378422,0.947856|0.962581|0.920316|0.918227|0.934635|0.944217|0.969417|0.98259|0.937042|0.945614|0.927891|0.951498|0.90904|0.910034|0.951948|0.92511|0.986727|0.93728,3.42645|3.77893|1.24496|6.21195|3.93309|6.20274|2.19452|6.09992|2.00694|1.72526|4.96631|0.0859455|3.73846|1.24284|1.79104|0.817336|2.2481|4.12651,79.8117|37.015|10.4739|81.7362|37.2729|50.0569|56.2706|54.7186|88.4205|18.7034|63.8366|42.5138|15.3326|43.2583|28.0546|99.0064|65.9961,0.180902|0.185025|0.209094|0.246934|0.160203|0.177576|0.241799|0.244234|0.183809|0.214791|0.166971|0.164014|0.200691|0.171475|0.244543|0.210817|0.213203,0.956865|0.12338|0.833808|0.747741|0.316848|0.337265|0.73275|0.629787|0.991201|0.496108|0.576097|0.873071|0.938399|0.471649|0.240936|0.387396|0.42835,0.947089,0.929897,0.0537595,0.0057309,0.115486,0.547306,0.2767,0.482509,0.0776559,0.878555,72.0946,2.67492e-12,16056,0.872503,33.453,1.99398e-12,24666,0.931768,0.905326,0.0406295,0.553862,0.492708,0.529597,0.286795,0.463067,0.265174,0.926863,72.3298,3.14198e-12,40952,0.801015,98.3984,2.667e-11,46210
6,127,n1->n11->n21->n31->n32->n33->n43->n44->n45->n46->n36->n26->n27->n28->n29->n30->n20->n10,4.55588e+13|1.15025e+12|2.40242e+10|1.31436e+10|1.62664e+12|6.01307e+13|4.65774e+10|1.74595e+12|2.63664e+13|1.86725e+13|1.32672e+11|9.98399e+13|6.26614e+13|1.9542e+12|2.59271e+10|1.45391e+13|1.52852e+09|1.99581e+13,1.19121e+13|6.31783e+11|1.08781e+10|1.08408e+10|3.80816e+11|2.07769e+13|4.26293e+10|1.65256e+12|1.23689e+13|1.46076e+13|1.07428e+11|5.87009e+13|2.35834e+13|1.33825e+12|8.13129e+09|6.46288e+12|2.19744e+08|1.65379e+13,0.000272813|0.000273727|9.0809e-05|0.000575588|8.81807e-05|0.000289953|0.000103516|0.00012635|3.95057e-05|0.00067309|0.000101342|0.000118769|0.000150771|2.58334e-05|0.000314414|0.000269765|0.00080518|1.10176e-05,0.000247513|0.000148505|0.00346885|0.00434396|0.000951259|0.00411152|0.00441865|0.00040803|0.0002769|0.000385752|0.00680413|0.000323253|0.000264815|0.00569206|0.000236294|0.000185529|0.00141516|0.0003012,0.0267276|0.00791251|0.0448555|0.0356972|0.0119964|0.00567541|0.0064633|0.0265974|0.0341538|0.00601563|0.0275064|0.0160653|0.0382494|0.0230741|0.0496326|0.000483153|0.024448|0.0354931,0.00109024|0.00663636|0.0411686|0.0077036|0.0157083|0.0326562|0.0134039|0.00273186|0.0459766|0.0219999|0.0384409|0.0257682|0.0368632|0.00482618|0.0080761|0.0217074|0.0192162|0.0378422,0.947856|0.988586|0.9175|0.904595|0.939747|0.945801|0.989922|0.910675|0.928418|0.928098|0.927891|0.951498|0.90904|0.910034|0.956941|0.908504|0.9673|0.93728,3.42645|5.73996|0.574724|4.1085|3.78989|3.59669|2.40993|0.0450574|2.02042|5.5535|4.96631|0.0859455|3.73846|1.24284|5.8367|2.24783|0.887559|4.12651,30.2686|65.1286|89.2299|63.0993|67.4197|49.6282|59.7094|89.5651|61.2725|70.4589|63.8366|42.5138|15.3326|39.0733|83.4704|23.9015|29.3778,0.210339|0.167515|0.160794|0.24519|0.212413|0.223945|0.181706|0.180926|0.221931|0.183257|0.166971|0.164014|0.200691|0.227384|0.183396|0.180438|0.160098,0.907958|0.853399|0.318275|0.75498|0.400026|0.275837|0.410297|0.300111|0.978505|0.477463|0.576097|0.873071|0.938399|0.753148|0.855906|0.504214|0.879487,0.947089,0.929897,0.0537595,0.0057309,0.115486,0.547306,0.2767,0.482509,0.0776559,0.878555,72.0946,2.67492e-12,16056,0.872503,33.453,1.99398e-12,24666,0.931768,0.905326,0.0406295,0.553862,0.492708,0.529597,0.286795,0.463067,0.265174,0.926863,72.3298,3.14198e-12,40952,0.801015,98.3984,2.667e-11,46210
6,128,n1->n11->n21->n31->n32->n22->n23->n13->n12->n2->n3->n4->n5->n6->n7->n8->n9->n10,4.55588e+13|1.15025e+12|2.40242e+10|1.31436e+10|1.62664e+12|7.03401e+09|5.51854e+11|1.70175e+12|9.70647e+12|5.23413e+11|1.19214e+13|4.15825e+11|3.27327e+10|2.57217e+11|2.4859e+13|4.88124e+11|5.41279e+11|1.99581e+13,1.19121e+13|6.31783e+11|1.08781e+10|1.08408e+10|3.80816e+11|4.27301e+09|7.72178e+10|1.6398e+12|1.26993e+12|5.74607e+10|1.39506e+12|5.68247e+10|5.45815e+09|1.80632e+11|3.91236e+12|5.46248e+10|5.69937e+10|1.65379e+13,0.000272813|0.000273727|9.0809e-05|0.000575588|8.81807e-05|0.000672453|1.44025e-05|0.000236651|0.000140781|2.22486e-05|0.000240865|0.000208244|2.4748e-05|0.000137431|0.000374552|7.88144e-05|0.000133309|1.10176e-05,0.000247513|0.000148505|0.00346885|0.00434396|0.000951259|0.00709411|0.0082118|0.000144035|0.000236843|0.0017649|0.00269887|0.000162239|0.000559379|0.00038|0.00159185|0.00654761|0.000128581|0.0003012,0.0267276|0.00791251|0.0448555|0.0356972|0.0119964|0.0149108|0.0212901|0.0453925|0.0184192|0.0257131|0.0137582|0.00134448|0.0302924|0.0351794|0.0267406|0.0355868|0.0160189|0.0354931,0.00109024|0.00663636|0.0411686|0.0077036|0.0157083|0.0420171|0.017526|0.032154|0.0133546|0.0393537|0.00978248|0.0159645|0.0390973|0.0410032|0.0256969|0.0025477|0.0314455|0.0378422,0.947856|0.988586|0.9175|0.904595|0.939747|0.950942|0.933849|0.94335|0.978748|0.962581|0.920316|0.918227|0.934635|0.944217|0.981074|0.983979|0.986727|0.93728,3.42645|5.73996|0.574724|4.1085|3.78989|5.16975|2.38092|4.14497|0.907615|3.77893|1.24496|6.21195|3.93309|6.20274|3.83823|5.1941|2.2481|4.12651,30.2686|65.1286|89.2299|63.0993|86.2435|55.8812|51.9585|13.9548|88.6198|37.015|10.4739|81.7362|37.2729|32.9383|55.4093|99.595|65.9961,0.210339|0.167515|0.160794|0.24519|0.178944|0.248061|0.224371|0.17533|0.229809|0.185025|0.209094|0.246934|0.160203|0.189792|0.245267|0.194831|0.213203,0.907958|0.853399|0.318275|0.75498|0.653738|0.990161|0.980199|0.469559|0.73214|0.12338|0.833808|0.747741|0.316848|0.663025|0.471863|0.756576|0.42835,0.947089,0.929897,0.0537595,0.0057309,0.115486,0.547306,0.2767,0.482509,0.0776559,0.878555,72.0946,2.67492e-12,16056,0.872503,33.453,1.99398e-12,24666,0.931768,0.905326,0.0406295,0.553862,0.492708,0.529597,0.286795,0.463067,0.265174,0.926863,72.3298,3.14198e-12,40952,0.801015,98.3984,2.667e-11,46210
6,129,n1->n11->n21->n31->n32->n42->n43->n33->n23->n24->n25->n15->n5->n6->n7->n8->n9->n10,4.55588e+13|1.15025e+12|2.40242e+10|1.31436e+10|1.62664e+12|7.99037e+12|4.65774e+10|6.01307e+13|5.51854e+11|5.30865e+13|2.01397e+10|8.59239e+10|3.27327e+10|2.57217e+11|2.4859e+13|4.88124e+11|5.41279e+11|1.99581e+13,1.19121e+13|6.31783e+11|1.08781e+10|1.08408e+10|3.80816e+11|4.71905e+12|4.26293e+10|2.07769e+13|7.72178e+10|6.13322e+12|2.08097e+09|1.6374e+10|5.45815e+09|1.80632e+11|3.91236e+12|5.46248e+10|5.69937e+10|1.65379e+13,0.000272813|0.000273727|9.0809e-05|0.000575588|8.81807e-05|5.83281e-05|0.000103516|0.000289953|1.44025e-05|1.7303e-05|2.70509e-05|6.38284e-05|2.4748e-05|0.000137431|0.000374552|7.88144e-05|0.000133309|1.10176e-05,0.000247513|0.000148505|0.00346885|0.00434396|0.000951259|0.000221171|0.00441865|0.00411152|0.0082118|0.0037958|0.00299666|0.00172194|0.000559379|0.00038|0.00159185|0.00654761|0.000128581|0.0003012,0.0267276|0.00791251|0.0448555|0.0356972|0.0119964|0.00554542|0.0064633|0.00567541|0.0212901|0.0274705|0.0427717|0.0155694|0.0302924|0.0351794|0.0267406|0.0355868|0.0160189|0.0354931,0.00109024|0.00663636|0.0411686|0.0077036|0.0157083|0.00435647|0.0134039|0.0326562|0.017526|0.00642684|0.0449118|0.0086256|0.0390973|0.0410032|0.0256969|0.0025477|0.0314455|0.0378422,0.947856|0.988586|0.9175|0.904595|0.939747|0.937172|0.989922|0.945801|0.933849|0.903274|0.937042|0.98259|0.934635|0.944217|0.981074|0.983979|0.986727|0.93728,3.42645|5.73996|0.574724|4.1085|3.78989|0.286152|2.40993|3.59669|2.38092|1.40891|2.00694|6.09992|3.93309|6.20274|3.83823|5.1941|2.2481|4.12651,30.2686|65.1286|89.2299|63.0993|70.8805|27.3217|49.6282|76.7594|67.5745|18.2346|54.7186|35.0583|37.2729|32.9383|55.4093|99.595|65.9961,0.210339|0.167515|0.160794|0.24519|0.195743|0.216152|0.223945|0.171333|0.166922|0.244562|0.244234|0.228753|0.160203|0.189792|0.245267|0.194831|0.213203,0.907958|0.853399|0.318275|0.75498|0.752864|0.97627|0.275837|0.836795|0.619697|0.255688|0.629787|0.738884|0.316848|0.663025|0.471863|0.756576|0.42835,0.947089,0.929897,0.0537595,0.0057309,0.115486,0.547306,0.2767,0.482509,0.0776559,0.878555,72.0946,2.67492e-12,16056,0.872503,33.453,1.99398e-12,24666,0.931768,0.905326,0.0406295,0.553862,0.492708,0.529597,0.286795,0.463067,0.265174,0.926863,72.3298,3.14198e-12,40952,0.801015,98.3984,2.667e-11,46210
6,130,n1->n11->n21->n22->n32->n42->n43->n44->n34->n35->n36->n37->n38->n28->n18->n8->n9->n10,4.55588e+13|1.15025e+12|2.40242e+10|7.03401e+09|1.62664e+12|7.99037e+12|4.65774e+10|1.74595e+12|1.55627e+09|7.70315e+09|1.32672e+11|2.09705e+10|3.12412e+13|1.9542e+12|8.81528e+10|4.88124e+11|5.41279e+11|1.99581e+13,1.19121e+13|6.31783e+11|1.08781e+10|4.27301e+09|3.80816e+11|4.71905e+12|4.26293e+10|1.65256e+12|1.25401e+09|5.01926e+09|1.07428e+11|2.1936e+09|1.73182e+13|1.33825e+12|7.0302e+10|5.46248e+10|5.69937e+10|1.65379e+13,0.000272813|0.000273727|9.0809e-05|0.000672453|8.81807e-05|5.83281e-05|0.000103516|0.00012635|0.000804578|5.09272e-05|0.000101342|2.09632e-05|4.61837e-05|2.58334e-05|0.000192647|7.88144e-05|0.000133309|1.10176e-05,0.000247513|0.000148505|0.00346885|0.00709411|0.000951259|0.000221171|0.00441865|0.00040803|0.000101616|0.000835052|0.00680413|0.000110486|0.00101055|0.00569206|0.000947335|0.00654761|0.000128581|0.0003012,0.0267276|0.00791251|0.0448555|0.0149108|0.0119964|0.00554542|0.0064633|0.0265974|0.0106396|0.0193653|0.0275064|0.0473531|0.033088|0.0230741|0.00660715|0.0355868|0.0160189|0.0354931,0.00109024|0.00663636|0.0411686|0.0420171|0.0157083|0.00435647|0.0134039|0.00273186|0.00900971|0.026069|0.0384409|0.0499989|0.00120252|0.00482618|0.0450958|0.0025477|0.0314455|0.0378422,0.947856|0.988586|0.9175|0.950942|0.939747|0.937172|0.989922|0.910675|0.974224|0.945614|0.927891|0.972412|0.947646|0.910034|0.951948|0.983979|0.986727|0.93728,3.42645|5.73996|0.574724|5.16975|3.78989|0.286152|2.40993|0.0450574|3.75785|1.72526|4.96631|0.679389|4.60178|1.24284|1.79104|5.1941|2.2481|4.12651,30.2686|65.1286|34.0839|86.2435|70.8805|27.3217|59.7094|46.2248|31.5608|18.7034|29.3504|37.0378|23.518|43.2583|81.3396|99.595|65.9961,0.210339|0.167515|0.248622|0.178944|0.195743|0.216152|0.181706|0.197744|0.244982|0.214791|0.232026|0.209844|0.222926|0.171475|0.24659|0.194831|0.213203,0.907958|0.853399|0.539818|0.653738|0.752864|0.97627|0.410297|0.728663|0.420555|0.496108|0.841833|0.139772|0.123514|0.471649|0.632564|0.756576|0.42835,0.947089,0.929897,0.0537595,0.0057309,0.115486,0.547306,0.2767,0.482509,0.0776559,0.878555,72.0946,2.67492e-12,16056,0.872503,33.453,1.99398e-12,24666,0.931768,0.905326,0.0406295,0.553862,0.492708,0.529597,0.286795,0.463067,0.265174,0.926863,72.3298,3.14198e-12,40952,0.801015,98.3984,2.667e-11,46210
6,131,n1->n11->n21->n31->n32->n42->n43->n44->n34->n24->n25->n15->n16->n6->n7->n8->n9->n10,4.55588e+13|1.15025e+12|2.40242e+10|1.31436e+10|1.62664e+12|7.99037e+12|4.65774e+10|1.74595e+12|1.55627e+09|5.30865e+13|2.01397e+10|8.59239e+10|1.96299e+11|2.57217e+11|2.4859e+13|4.88124e+11|5.41279e+11|1.99581e+13,1.19121e+13|6.31783e+11|1.08781e+10|1.08408e+10|3.80816e+11|4.71905e+12|4.26293e+10|1.65256e+12|1.25401e+09|6.13322e+12|2.08097e+09|1.6374e+10|4.16811e+10|1.80632e+11|3.91236e+12|5.46248e+10|5.69937e+10|1.65379e+13,0.000272813|0.000273727|9.0809e-05|0.000575588|8.81807e-05|5.83281e-05|0.000103516|0.00012635|0.000804578|1.7303e-05|2.70509e-05|6.38284e-05|1.24441e-05|0.000137431|0.000374552|7.88144e-05|0.000133309|1.10176e-05,0.000247513|0.000148505|0.00346885|0.00434396|0.000951259|0.000221171|0.00441865|0.00040803|0.000101616|0.0037958|0.00299666|0.00172194|0.000118496|0.00038|0.00159185|0.00654761|0.000128581|0.0003012,0.0267276|0.00791251|0.0448555|0.0356972|0.0119964|0.00554542|0.0064633|0.0265974|0.0106396|0.0274705|0.0427717|0.0155694|0.0196441|0.0351794|0.0267406|0.0355868|0.0160189|0.0354931,0.00109024|0.00663636|0.0411686|0.0077036|0.0157083|0.00435647|0.0134039|0.00273186|0.00900971|0.00642684|0.0449118|0.0086256|0.0465121|0.0410032|0.0256969|0.0025477|0.0314455|0.0378422,0.947856|0.988586|0.9175|0.904595|0.939747|0.937172|0.989922|0.910675|0.974224|0.903274|0.937042|0.98259|0.969417|0.944217|0.981074|0.983979|0.986727|0.93728,3.42645|5.73996|0.574724|4.1085|3.78989|0.286152|2.40993|0.0450574|3.75785|1.40891|2.00694|6.09992|2.19452|6.20274|3.83823|5.1941|2.2481|4.12651,30.2686|65.1286|89.2299|63.0993|70.8805|27.3217|59.7094|46.2248|58.7029|18.2346|54.7186|56.2706|50.0569|32.9383|55.4093|99.595|65.9961,0.210339|0.167515|0.160794|0.24519|0.195743|0.216152|0.181706|0.197744|0.201644|0.244562|0.244234|0.241799|0.177576|0.189792|0.245267|0.194831|0.213203,0.907958|0.853399|0.318275|0.75498|0.752864|0.97627|0.410297|0.728663|0.191839|0.255688|0.629787|0.73275|0.337265|0.663025|0.471863|0.756576|0.42835,0.947089,0.929897,0.0537595,0.0057309,0.115486,0.547306,0.2767,0.482509,0.0776559,0.878555,72.0946,2.67492e-12,16056,0.872503,33.453,1.99398e-12,24666,0.931768,0.905326,0.0406295,0.553862,0.492708,0.529597,0.286795,0.463067,0.265174,0.926863,72.3298,3.14198e-12,40952,0.801015,98.3984,2.667e-11,46210
6,132,n1->n2->n12->n11->n21->n22->n23->n24->n25->n15->n14->n4->n5->n6->n7->n8->n9->n10,4.55588e+13|5.23413e+11|9.70647e+12|1.15025e+12|2.40242e+10|7.03401e+09|5.51854e+11|5.30865e+13|2.01397e+10|8.59239e+10|2.4844e+13|4.15825e+11|3.27327e+10|2.57217e+11|2.4859e+13|4.88124e+11|5.41279e+11|1.99581e+13,1.19121e+13|5.74607e+10|1.26993e+12|6.31783e+11|1.08781e+10|4.27301e+09|7.72178e+10|6.13322e+12|2.08097e+09|1.6374e+10|7.4533e+12|5.68247e+10|5.45815e+09|1.80632e+11|3.91236e+12|5.46248e+10|5.69937e+10|1.65379e+13,0.000272813|2.22486e-05|0.000140781|0.000273727|9.0809e-05|0.000672453|1.44025e-05|1.7303e-05|2.70509e-05|6.38284e-05|0.000115516|0.000208244|2.4748e-05|0.000137431|0.000374552|7.88144e-05|0.000133309|1.10176e-05,0.000247513|0.0017649|0.000236843|0.000148505|0.00346885|0.00709411|0.0082118|0.0037958|0.00299666|0.00172194|0.000803332|0.000162239|0.000559379|0.00038|0.00159185|0.00654761|0.000128581|0.0003012,0.0267276|0.0257131|0.0184192|0.00791251|0.0448555|0.0149108|0.0212901|0.0274705|0.0427717|0.0155694|0.00362957|0.00134448|0.0302924|0.0351794|0.0267406|0.0355868|0.0160189|0.0354931,0.00109024|0.0393537|0.0133546|0.00663636|0.0411686|0.0420171|0.017526|0.00642684|0.0449118|0.0086256|0.0393535|0.0159645|0.0390973|0.0410032|0.0256969|0.0025477|0.0314455|0.0378422,0.947856|0.962581|0.978748|0.988586|0.9175|0.950942|0.933849|0.903274|0.937042|0.98259|0.912009|0.918227|0.934635|0.944217|0.981074|0.983979|0.986727|0.93728,3.42645|3.77893|0.907615|5.73996|0.574724|5.16975|2.38092|1.40891|2.00694|6.09992|2.47916|6.21195|3.93309|6.20274|3.83823|5.1941|2.2481|4.12651,79.8117|88.6198|24.4191|65.1286|34.0839|55.8812|67.5745|18.2346|54.7186|92.5451|52.1141|81.7362|37.2729|32.9383|55.4093|99.595|65.9961,0.180902|0.229809|0.19865|0.167515|0.248622|0.248061|0.166922|0.244562|0.244234|0.209465|0.220919|0.246934|0.160203|0.189792|0.245267|0.194831|0.213203,0.956865|0.73214|0.54288|0.853399|0.539818|0.990161|0.619697|0.255688|0.629787|0.722966|0.42528|0.747741|0.316848|0.663025|0.471863|0.756576|0.42835,0.947089,0.929897,0.0537595,0.0057309,0.115486,0.547306,0.2767,0.482509,0.0776559,0.878555,72.0946,2.67492e-12,16056,0.872503,33.453,1.99398e-12,24666,0.931768,0.905326,0.0406295,0.553862,0.492708,0.529597,0.286795,0.463067,0.265174,0.926863,72.3298,3.14198e-12,40952,0.801015,98.3984,2.667e-11,46210
6,133,n1->n11->n21->n22->n23->n13->n12->n2->n3->n4->n14->n15->n16->n6->n7->n8->n9->n10,4.55588e+13|1.15025e+12|2.40242e+10|7.03401e+09|5.51854e+11|1.70175e+12|9.70647e+12|5.23413e+11|1.19214e+13|4.15825e+11|2.4844e+13|8.59239e+10|1.96299e+11|2.57217e+11|2.4859e+13|4.88124e+11|5.41279e+11|1.99581e+13,1.19121e+13|6.31783e+11|1.08781e+10|4.27301e+09|7.72178e+10|1.6398e+12|1.26993e+12|5.74607e+10|1.39506e+12|5.68247e+10|7.4533e+12|1.6374e+10|4.16811e+10|1.80632e+11|3.91236e+12|5.46248e+10|5.69937e+10|1.65379e+13,0.000272813|0.000273727|9.0809e-05|0.000672453|1.44025e-05|0.000236651|0.000140781|2.22486e-05|0.000240865|0.000208244|0.000115516|6.38284e-05|1.24441e-05|0.000137431|0.000374552|7.88144e-05|0.000133309|1.10176e-05,0.000247513|0.000148505|0.00346885|0.00709411|0.0082118|0.000144035|0.000236843|0.0017649|0.00269887|0.000162239|0.000803332|0.00172194|0.000118496|0.00038|0.00159185|0.00654761|0.000128581|0.0003012,0.0267276|0.00791251|0.0448555|0.0149108|0.0212901|0.0453925|0.0184192|0.0257131|0.0137582|0.00134448|0.00362957|0.0155694|0.0196441|0.0351794|0.0267406|0.0355868|0.0160189|0.0354931,0.00109024|0.00663636|0.0411686|0.0420171|0.017526|0.032154|0.0133546|0.0393537|0.00978248|0.0159645|0.0393535|0.0086256|0.0465121|0.0410032|0.0256969|0.0025477|0.0314455|0.0378422,0.947856|0.988586|0.9175|0.950942|0.933849|0.94335|0.978748|0.962581|0.920316|0.918227|0.912009|0.98259|0.969417|0.944217|0.981074|0.983979|0.986727|0.93728,3.42645|5.73996|0.574724|5.16975|2.38092|4.14497|0.907615|3.77893|1.24496|6.21195|2.47916|6.09992|2.19452|6.20274|3.83823|5.1941|2.2481|4.12651,30.2686|65.1286|34.0839|55.8812|51.9585|13.9548|88.6198|37.015|10.4739|52.1141|92.5451|56.2706|50.0569|32.9383|55.4093|99.595|65.9961,0.210339|0.167515|0.248622|0.248061|0.224371|0.17533|0.229809|0.185025|0.209094|0.220919|0.209465|0.241799|0.177576|0.189792|0.245267|0.194831|0.213203,0.907958|0.853399|0.539818|0.990161|0.980199|0.469559|0.73214|0.12338|0.833808|0.42528|0.722966|0.73275|0.337265|0.663025|0.471863|0.756576|0.42835,0.947089,0.929897,0.0537595,0.0057309,0.115486,0.547306,0.2767,0.482509,0.0776559,0.878555,72.0946,2.67492e-12,16056,0.872503,33.453,1.99398e-12,24666,0.931768,0.905326,0.0406295,0.553862,0.492708,0.529597,0.286795,0.463067,0.265174,0.926863,72.3298,3.14198e-12,40952,0.801015,98.3984,2.667e-11,46210
6,134,n1->n2->n12->n13->n23->n33->n43->n44->n34->n35->n36->n26->n27->n28->n29->n30->n20->n10,4.55588e+13|5.23413e+11|9.70647e+12|1.70175e+12|5.51854e+11|6.01307e+13|4.65774e+10|1.74595e+12|1.55627e+09|7.70315e+09|1.32672e+11|9.98399e+13|6.26614e+13|1.9542e+12|2.59271e+10|1.45391e+13|1.52852e+09|1.99581e+13,1.19121e+13|5.74607e+10|1.26993e+12|1.6398e+12|7.72178e+10|2.07769e+13|4.26293e+10|1.65256e+12|1.25401e+09|5.01926e+09|1.07428e+11|5.87009e+13|2.35834e+13|1.33825e+12|8.13129e+09|6.46288e+12|2.19744e+08|1.65379e+13,0.000272813|2.22486e-05|0.000140781|0.000236651|1.44025e-05|0.000289953|0.000103516|0.00012635|0.000804578|5.09272e-05|0.000101342|0.000118769|0.000150771|2.58334e-05|0.000314414|0.000269765|0.00080518|1.10176e-05,0.000247513|0.0017649|0.000236843|0.000144035|0.0082118|0.00411152|0.00441865|0.00040803|0.000101616|0.000835052|0.00680413|0.000323253|0.000264815|0.00569206|0.000236294|0.000185529|0.00141516|0.0003012,0.0267276|0.0257131|0.0184192|0.0453925|0.0212901|0.00567541|0.0064633|0.0265974|0.0106396|0.0193653|0.0275064|0.0160653|0.0382494|0.0230741|0.0496326|0.000483153|0.024448|0.0354931,0.00109024|0.0393537|0.0133546|0.032154|0.017526|0.0326562|0.0134039|0.00273186|0.00900971|0.026069|0.0384409|0.0257682|0.0368632|0.00482618|0.0080761|0.0217074|0.0192162|0.0378422,0.947856|0.962581|0.978748|0.94335|0.933849|0.945801|0.989922|0.910675|0.974224|0.945614|0.927891|0.951498|0.90904|0.910034|0.956941|0.908504|0.9673|0.93728,3.42645|3.77893|0.907615|4.14497|2.38092|3.59669|2.40993|0.0450574|3.75785|1.72526|4.96631|0.0859455|3.73846|1.24284|5.8367|2.24783|0.887559|4.12651,79.8117|88.6198|13.9548|51.9585|76.7594|49.6282|59.7094|46.2248|31.5608|18.7034|63.8366|42.5138|15.3326|39.0733|83.4704|23.9015|29.3778,0.180902|0.229809|0.17533|0.224371|0.171333|0.223945|0.181706|0.197744|0.244982|0.214791|0.166971|0.164014|0.200691|0.227384|0.183396|0.180438|0.160098,0.956865|0.73214|0.469559|0.980199|0.836795|0.275837|0.410297|0.728663|0.420555|0.496108|0.576097|0.873071|0.938399|0.753148|0.855906|0.504214|0.879487,0.947089,0.929897,0.0537595,0.0057309,0.115486,0.547306,0.2767,0.482509,0.0776559,0.878555,72.0946,2.67492e-12,16056,0.872503,33.453,1.99398e-12,24666,0.931768,0.905326,0.0406295,0.553862,0.492708,0.529597,0.286795,0.463067,0.265174,0.926863,72.3298,3.14198e-12,40952,0.801015,98.3984,2.667e-11,46210
6,135,n1->n2->n12->n13->n23->n22->n32->n33->n34->n35->n25->n26->n27->n17->n7->n8->n9->n10,4.55588e+13|5.23413e+11|9.70647e+12|1.70175e+12|5.51854e+11|7.03401e+09|1.62664e+12|6.01307e+13|1.55627e+09|7.70315e+09|2.01397e+10|9.98399e+13|6.26614e+13|6.92201e+13|2.4859e+13|4.88124e+11|5.41279e+11|1.99581e+13,1.19121e+13|5.74607e+10|1.26993e+12|1.6398e+12|7.72178e+10|4.27301e+09|3.80816e+11|2.07769e+13|1.25401e+09|5.01926e+09|2.08097e+09|5.87009e+13|2.35834e+13|1.85776e+13|3.91236e+12|5.46248e+10|5.69937e+10|1.65379e+13,0.000272813|2.22486e-05|0.000140781|0.000236651|1.44025e-05|0.000672453|8.81807e-05|0.000289953|0.000804578|5.09272e-05|2.70509e-05|0.000118769|0.000150771|3.57755e-05|0.000374552|7.88144e-05|0.000133309|1.10176e-05,0.000247513|0.0017649|0.000236843|0.000144035|0.0082118|0.00709411|0.000951259|0.00411152|0.000101616|0.000835052|0.00299666|0.000323253|0.000264815|0.000712371|0.00159185|0.00654761|0.000128581|0.0003012,0.0267276|0.0257131|0.0184192|0.0453925|0.0212901|0.0149108|0.0119964|0.00567541|0.0106396|0.0193653|0.0427717|0.0160653|0.0382494|0.0105772|0.0267406|0.0355868|0.0160189|0.0354931,0.00109024|0.0393537|0.0133546|0.032154|0.017526|0.0420171|0.0157083|0.0326562|0.00900971|0.026069|0.0449118|0.0257682|0.0368632|0.0442819|0.0256969|0.0025477|0.0314455|0.0378422,0.947856|0.962581|0.978748|0.94335|0.933849|0.950942|0.939747|0.945801|0.974224|0.945614|0.937042|0.951498|0.90904|0.934311|0.981074|0.983979|0.986727|0.93728,3.42645|3.77893|0.907615|4.14497|2.38092|5.16975|3.78989|3.59669|3.75785|1.72526|2.00694|0.0859455|3.73846|4.13414|3.83823|5.1941|2.2481|4.12651,79.8117|88.6198|13.9548|51.9585|55.8812|86.2435|67.4197|23.5709|31.5608|88.4205|55.6995|42.5138|72.2829|59.8148|55.4093|99.595|65.9961,0.180902|0.229809|0.17533|0.224371|0.248061|0.178944|0.212413|0.193865|0.244982|0.183809|0.190523|0.164014|0.20897|0.182049|0.245267|0.194831|0.213203,0.956865|0.73214|0.469559|0.980199|0.990161|0.653738|0.400026|0.62087|0.420555|0.991201|0.158588|0.873071|0.780344|0.538397|0.471863|0.756576|0.42835,0.947089,0.929897,0.0537595,0.0057309,0.115486,0.547306,0.2767,0.482509,0.0776559,0.878555,72.0946,2.67492e-12,16056,0.872503,33.453,1.99398e-12,24666,0.931768,0.905326,0.0406295,0.553862,0.492708,0.529597,0.286795,0.463067,0.265174,0.926863,72.3298,3.14198e-12,40952,0.801015,98.3984,2.667e-11,46210
6,136,n1->n2->n3->n13->n12->n22->n23->n33->n34->n35->n36->n26->n16->n6->n7->n8->n9->n10,4.55588e+13|5.23413e+11|1.19214e+13|1.70175e+12|9.70647e+12|7.03401e+09|5.51854e+11|6.01307e+13|1.55627e+09|7.70315e+09|1.32672e+11|9.98399e+13|1.96299e+11|2.57217e+11|2.4859e+13|4.88124e+11|5.41279e+11|1.99581e+13,1.19121e+13|5.74607e+10|1.39506e+12|1.6398e+12|1.26993e+12|4.27301e+09|7.72178e+10|2.07769e+13|1.25401e+09|5.01926e+09|1.07428e+11|5.87009e+13|4.16811e+10|1.80632e+11|3.91236e+12|5.46248e+10|5.69937e+10|1.65379e+13,0.000272813|2.22486e-05|0.000240865|0.000236651|0.000140781|0.000672453|1.44025e-05|0.000289953|0.000804578|5.09272e-05|0.000101342|0.000118769|1.24441e-05|0.000137431|0.000374552|7.88144e-05|0.000133309|1.10176e-05,0.000247513|0.0017649|0.00269887|0.000144035|0.000236843|0.00709411|0.0082118|0.00411152|0.000101616|0.000835052|0.00680413|0.000323253|0.000118496|0.00038|0.00159185|0.00654761|0.000128581|0.0003012,0.0267276|0.0257131|0.0137582|0.0453925|0.0184192|0.0149108|0.0212901|0.00567541|0.0106396|0.0193653|0.0275064|0.0160653|0.0196441|0.0351794|0.0267406|0.0355868|0.0160189|0.0354931,0.00109024|0.0393537|0.00978248|0.032154|0.0133546|0.0420171|0.017526|0.0326562|0.00900971|0.026069|0.0384409|0.0257682|0.0465121|0.0410032|0.0256969|0.0025477|0.0314455|0.0378422,0.947856|0.962581|0.920316|0.94335|0.978748|0.950942|0.933849|0.945801|0.974224|0.945614|0.927891|0.951498|0.969417|0.944217|0.981074|0.983979|0.986727|0.93728,3.42645|3.77893|1.24496|4.14497|0.907615|5.16975|2.38092|3.59669|3.75785|1.72526|4.96631|0.0859455|2.19452|6.20274|3.83823|5.1941|2.2481|4.12651,79.8117|37.015|83.9106|13.9548|13.2112|55.8812|76.7594|23.5709|31.5608|18.7034|63.8366|11.0615|50.0569|32.9383|55.4093|99.595|65.9961,0.180902|0.185025|0.235608|0.17533|0.235624|0.248061|0.171333|0.193865|0.244982|0.214791|0.166971|0.223866|0.177576|0.189792|0.245267|0.194831|0.213203,0.956865|0.12338|0.629113|0.469559|0.512005|0.990161|0.836795|0.62087|0.420555|0.496108|0.576097|0.893757|0.337265|0.663025|0.471863|0.756576|0.42835,0.947089,0.929897,0.0537595,0.0057309,0.115486,0.547306,0.2767,0.482509,0.0776559,0.878555,72.0946,2.67492e-12,16056,0.872503,33.453,1.99398e-12,24666,0.931768,0.905326,0.0406295,0.553862,0.492708,0.529597,0.286795,0.463067,0.265174,0.926863,72.3298,3.14198e-12,40952,0.801015,98.3984,2.667e-11,46210
6,137,n1->n11->n21->n22->n12->n13->n23->n24->n34->n35->n36->n37->n27->n28->n29->n30->n20->n10,4.55588e+13|1.15025e+12|2.40242e+10|7.03401e+09|9.70647e+12|1.70175e+12|5.51854e+11|5.30865e+13|1.55627e+09|7.70315e+09|1.32672e+11|2.09705e+10|6.26614e+13|1.9542e+12|2.59271e+10|1.45391e+13|1.52852e+09|1.99581e+13,1.19121e+13|6.31783e+11|1.08781e+10|4.27301e+09|1.26993e+12|1.6398e+12|7.72178e+10|6.13322e+12|1.25401e+09|5.01926e+09|1.07428e+11|2.1936e+09|2.35834e+13|1.33825e+12|8.13129e+09|6.46288e+12|2.19744e+08|1.65379e+13,0.000272813|0.000273727|9.0809e-05|0.000672453|0.000140781|0.000236651|1.44025e-05|1.7303e-05|0.000804578|5.09272e-05|0.000101342|2.09632e-05|0.000150771|2.58334e-05|0.000314414|0.000269765|0.00080518|1.10176e-05,0.000247513|0.000148505|0.00346885|0.00709411|0.000236843|0.000144035|0.0082118|0.0037958|0.000101616|0.000835052|0.00680413|0.000110486|0.000264815|0.00569206|0.000236294|0.000185529|0.00141516|0.0003012,0.0267276|0.00791251|0.0448555|0.0149108|0.0184192|0.0453925|0.0212901|0.0274705|0.0106396|0.0193653|0.0275064|0.0473531|0.0382494|0.0230741|0.0496326|0.000483153|0.024448|0.0354931,0.00109024|0.00663636|0.0411686|0.0420171|0.0133546|0.032154|0.017526|0.00642684|0.00900971|0.026069|0.0384409|0.0499989|0.0368632|0.00482618|0.0080761|0.0217074|0.0192162|0.0378422,0.947856|0.988586|0.9175|0.950942|0.978748|0.94335|0.933849|0.903274|0.974224|0.945614|0.927891|0.972412|0.90904|0.910034|0.956941|0.908504|0.9673|0.93728,3.42645|5.73996|0.574724|5.16975|0.907615|4.14497|2.38092|1.40891|3.75785|1.72526|4.96631|0.679389|3.73846|1.24284|5.8367|2.24783|0.887559|4.12651,30.2686|65.1286|34.0839|13.2112|13.9548|51.9585|67.5745|58.7029|31.5608|18.7034|29.3504|44.8869|15.3326|39.0733|83.4704|23.9015|29.3778,0.210339|0.167515|0.248622|0.235624|0.17533|0.224371|0.166922|0.201644|0.244982|0.214791|0.232026|0.177914|0.200691|0.227384|0.183396|0.180438|0.160098,0.907958|0.853399|0.539818|0.512005|0.469559|0.980199|0.619697|0.191839|0.420555|0.496108|0.841833|0.261714|0.938399|0.753148|0.855906|0.504214|0.879487,0.947089,0.929897,0.0537595,0.0057309,0.115486,0.547306,0.2767,0.482509,0.0776559,0.878555,72.0946,2.67492e-12,16056,0.872503,33.453,1.99398e-12,24666,0.931768,0.905326,0.0406295,0.553862,0.492708,0.529597,0.286795,0.463067,0.265174,0.926863,72.3298,3.14198e-12,40952,0.801015,98.3984,2.667e-11,46210
6,138,n1->n2->n12->n13->n3->n4->n14->n15->n25->n26->n27->n17->n16->n6->n7->n8->n9->n10,4.55588e+13|5.23413e+11|9.70647e+12|1.70175e+12|1.19214e+13|4.15825e+11|2.4844e+13|8.59239e+10|2.01397e+10|9.98399e+13|6.26614e+13|6.92201e+13|1.96299e+11|2.57217e+11|2.4859e+13|4.88124e+11|5.41279e+11|1.99581e+13,1.19121e+13|5.74607e+10|1.26993e+12|1.6398e+12|1.39506e+12|5.68247e+10|7.4533e+12|1.6374e+10|2.08097e+09|5.87009e+13|2.35834e+13|1.85776e+13|4.16811e+10|1.80632e+11|3.91236e+12|5.46248e+10|5.69937e+10|1.65379e+13,0.000272813|2.22486e-05|0.000140781|0.000236651|0.000240865|0.000208244|0.000115516|6.38284e-05|2.70509e-05|0.000118769|0.000150771|3.57755e-05|1.24441e-05|0.000137431|0.000374552|7.88144e-05|0.000133309|1.10176e-05,0.000247513|0.0017649|0.000236843|0.000144035|0.00269887|0.000162239|0.000803332|0.00172194|0.00299666|0.000323253|0.000264815|0.000712371|0.000118496|0.00038|0.00159185|0.00654761|0.000128581|0.0003012,0.0267276|0.0257131|0.0184192|0.0453925|0.0137582|0.00134448|0.00362957|0.0155694|0.0427717|0.0160653|0.0382494|0.0105772|0.0196441|0.0351794|0.0267406|0.0355868|0.0160189|0.0354931,0.00109024|0.0393537|0.0133546|0.032154|0.00978248|0.0159645|0.0393535|0.0086256|0.0449118|0.0257682|0.0368632|0.0442819|0.0465121|0.0410032|0.0256969|0.0025477|0.0314455|0.0378422,0.947856|0.962581|0.978748|0.94335|0.920316|0.918227|0.912009|0.98259|0.937042|0.951498|0.90904|0.934311|0.969417|0.944217|0.981074|0.983979|0.986727|0.93728,3.42645|3.77893|0.907615|4.14497|1.24496|6.21195|2.47916|6.09992|2.00694|0.0859455|3.73846|4.13414|2.19452|6.20274|3.83823|5.1941|2.2481|4.12651,79.8117|88.6198|13.9548|83.9106|10.4739|52.1141|92.5451|54.7186|55.6995|42.5138|72.2829|32.2763|50.0569|32.9383|55.4093|99.595|65.9961,0.180902|0.229809|0.17533|0.235608|0.209094|0.220919|0.209465|0.244234|0.190523|0.164014|0.20897|0.211942|0.177576|0.189792|0.245267|0.194831|0.213203,0.956865|0.73214|0.469559|0.629113|0.833808|0.42528|0.722966|0.629787|0.158588|0.873071|0.780344|0.374165|0.337265|0.663025|0.471863|0.756576|0.42835,0.947089,0.929897,0.0537595,0.0057309,0.115486,0.547306,0.2767,0.482509,0.0776559,0.878555,72.0946,2.67492e-12,16056,0.872503,33.453,1.99398e-12,24666,0.931768,0.905326,0.0406295,0.553862,0.492708,0.529597,0.286795,0.463067,0.265174,0.926863,72.3298,3.14198e-12,40952,0.801015,98.3984,2.667e-11,46210
6,139,n1->n11->n12->n22->n32->n42->n43->n44->n34->n35->n25->n26->n27->n28->n18->n19->n20->n10,4.55588e+13|1.15025e+12|9.70647e+12|7.03401e+09|1.62664e+12|7.99037e+12|4.65774e+10|1.74595e+12|1.55627e+09|7.70315e+09|2.01397e+10|9.98399e+13|6.26614e+13|1.9542e+12|8.81528e+10|2.45264e+13|1.52852e+09|1.99581e+13,1.19121e+13|6.31783e+11|1.26993e+12|4.27301e+09|3.80816e+11|4.71905e+12|4.26293e+10|1.65256e+12|1.25401e+09|5.01926e+09|2.08097e+09|5.87009e+13|2.35834e+13|1.33825e+12|7.0302e+10|2.78019e+12|2.19744e+08|1.65379e+13,0.000272813|0.000273727|0.000140781|0.000672453|8.81807e-05|5.83281e-05|0.000103516|0.00012635|0.000804578|5.09272e-05|2.70509e-05|0.000118769|0.000150771|2.58334e-05|0.000192647|4.2477e-05|0.00080518|1.10176e-05,0.000247513|0.000148505|0.000236843|0.00709411|0.000951259|0.000221171|0.00441865|0.00040803|0.000101616|0.000835052|0.00299666|0.000323253|0.000264815|0.00569206|0.000947335|0.00118483|0.00141516|0.0003012,0.0267276|0.00791251|0.0184192|0.0149108|0.0119964|0.00554542|0.0064633|0.0265974|0.0106396|0.0193653|0.0427717|0.0160653|0.0382494|0.0230741|0.00660715|0.0169907|0.024448|0.0354931,0.00109024|0.00663636|0.0133546|0.0420171|0.0157083|0.00435647|0.0134039|0.00273186|0.00900971|0.026069|0.0449118|0.0257682|0.0368632|0.00482618|0.0450958|0.0238367|0.0192162|0.0378422,0.947856|0.988586|0.978748|0.950942|0.939747|0.937172|0.989922|0.910675|0.974224|0.945614|0.937042|0.951498|0.90904|0.910034|0.951948|0.92511|0.9673|0.93728,3.42645|5.73996|0.907615|5.16975|3.78989|0.286152|2.40993|0.0450574|3.75785|1.72526|2.00694|0.0859455|3.73846|1.24284|1.79104|0.817336|0.887559|4.12651,30.2686|24.4191|13.2112|86.2435|70.8805|27.3217|59.7094|46.2248|31.5608|88.4205|55.6995|42.5138|15.3326|43.2583|28.0546|10.3361|29.3778,0.210339|0.19865|0.235624|0.178944|0.195743|0.216152|0.181706|0.197744|0.244982|0.183809|0.190523|0.164014|0.200691|0.171475|0.244543|0.171305|0.160098,0.907958|0.54288|0.512005|0.653738|0.752864|0.97627|0.410297|0.728663|0.420555|0.991201|0.158588|0.873071|0.938399|0.471649|0.240936|0.982386|0.879487,0.947089,0.929897,0.0537595,0.0057309,0.115486,0.547306,0.2767,0.482509,0.0776559,0.878555,72.0946,2.67492e-12,16056,0.872503,33.453,1.99398e-12,24666,0.931768,0.905326,0.0406295,0.553862,0.492708,0.529597,0.286795,0.463067,0.265174,0.926863,72.3298,3.14198e-12,40952,0.801015,98.3984,2.667e-11,46210
6,140,n1->n11->n21->n31->n41->n42->n43->n44->n45->n35->n25->n15->n16->n17->n7->n8->n9->n10,4.55588e+13|1.15025e+12|2.40242e+10|1.31436e+10|6.50614e+10|7.99037e+12|4.65774e+10|1.74595e+12|2.63664e+13|7.70315e+09|2.01397e+10|8.59239e+10|1.96299e+11|6.92201e+13|2.4859e+13|4.88124e+11|5.41279e+11|1.99581e+13,1.19121e+13|6.31783e+11|1.08781e+10|1.08408e+10|6.80797e+09|4.71905e+12|4.26293e+10|1.65256e+12|1.23689e+13|5.01926e+09|2.08097e+09|1.6374e+10|4.16811e+10|1.85776e+13|3.91236e+12|5.46248e+10|5.69937e+10|1.65379e+13,0.000272813|0.000273727|9.0809e-05|0.000575588|1.31318e-05|5.83281e-05|0.000103516|0.00012635|3.95057e-05|5.09272e-05|2.70509e-05|6.38284e-05|1.24441e-05|3.57755e-05|0.000374552|7.88144e-05|0.000133309|1.10176e-05,0.000247513|0.000148505|0.00346885|0.00434396|0.000505355|0.000221171|0.00441865|0.00040803|0.0002769|0.000835052|0.00299666|0.00172194|0.000118496|0.000712371|0.00159185|0.00654761|0.000128581|0.0003012,0.0267276|0.00791251|0.0448555|0.0356972|0.0231053|0.00554542|0.0064633|0.0265974|0.0341538|0.0193653|0.0427717|0.0155694|0.0196441|0.0105772|0.0267406|0.0355868|0.0160189|0.0354931,0.00109024|0.00663636|0.0411686|0.0077036|0.00834356|0.00435647|0.0134039|0.00273186|0.0459766|0.026069|0.0449118|0.0086256|0.0465121|0.0442819|0.0256969|0.0025477|0.0314455|0.0378422,0.947856|0.988586|0.9175|0.904595|0.917986|0.937172|0.989922|0.910675|0.928418|0.945614|0.937042|0.98259|0.969417|0.934311|0.981074|0.983979|0.986727|0.93728,3.42645|5.73996|0.574724|4.1085|1.44646|0.286152|2.40993|0.0450574|2.02042|1.72526|2.00694|6.09992|2.19452|4.13414|3.83823|5.1941|2.2481|4.12651,30.2686|65.1286|89.2299|64.4551|61.2747|27.3217|59.7094|89.5651|97.1045|88.4205|54.7186|56.2706|32.2763|59.8148|55.4093|99.595|65.9961,0.210339|0.167515|0.160794|0.171418|0.206154|0.216152|0.181706|0.180926|0.218477|0.183809|0.244234|0.241799|0.211942|0.182049|0.245267|0.194831|0.213203,0.907958|0.853399|0.318275|0.943936|0.568505|0.97627|0.410297|0.300111|0.912545|0.991201|0.629787|0.73275|0.374165|0.538397|0.471863|0.756576|0.42835,0.947089,0.929897,0.0537595,0.0057309,0.115486,0.547306,0.2767,0.482509,0.0776559,0.878555,72.0946,2.67492e-12,16056,0.872503,33.453,1.99398e-12,24666,0.931768,0.905326,0.0406295,0.553862,0.492708,0.529597,0.286795,0.463067,0.265174,0.926863,72.3298,3.14198e-12,40952,0.801015,98.3984,2.667e-11,46210
6,141,n1->n2->n12->n13->n3->n4->n5->n15->n14->n24->n25->n26->n16->n17->n7->n8->n9->n10,4.55588e+13|5.23413e+11|9.70647e+12|1.70175e+12|1.19214e+13|4.15825e+11|3.27327e+10|8.59239e+10|2.4844e+13|5.30865e+13|2.01397e+10|9.98399e+13|1.96299e+11|6.92201e+13|2.4859e+13|4.88124e+11|5.41279e+11|1.99581e+13,1.19121e+13|5.74607e+10|1.26993e+12|1.6398e+12|1.39506e+12|5.68247e+10|5.45815e+09|1.6374e+10|7.4533e+12|6.13322e+12|2.08097e+09|5.87009e+13|4.16811e+10|1.85776e+13|3.91236e+12|5.46248e+10|5.69937e+10|1.65379e+13,0.000272813|2.22486e-05|0.000140781|0.000236651|0.000240865|0.000208244|2.4748e-05|6.38284e-05|0.000115516|1.7303e-05|2.70509e-05|0.000118769|1.24441e-05|3.57755e-05|0.000374552|7.88144e-05|0.000133309|1.10176e-05,0.000247513|0.0017649|0.000236843|0.000144035|0.00269887|0.000162239|0.000559379|0.00172194|0.000803332|0.0037958|0.00299666|0.000323253|0.000118496|0.000712371|0.00159185|0.00654761|0.000128581|0.0003012,0.0267276|0.0257131|0.0184192|0.0453925|0.0137582|0.00134448|0.0302924|0.0155694|0.00362957|0.0274705|0.0427717|0.0160653|0.0196441|0.0105772|0.0267406|0.0355868|0.0160189|0.0354931,0.00109024|0.0393537|0.0133546|0.032154|0.00978248|0.0159645|0.0390973|0.0086256|0.0393535|0.00642684|0.0449118|0.0257682|0.0465121|0.0442819|0.0256969|0.0025477|0.0314455|0.0378422,0.947856|0.962581|0.978748|0.94335|0.920316|0.918227|0.934635|0.98259|0.912009|0.903274|0.937042|0.951498|0.969417|0.934311|0.981074|0.983979|0.986727|0.93728,3.42645|3.77893|0.907615|4.14497|1.24496|6.21195|3.93309|6.09992|2.47916|1.40891|2.00694|0.0859455|2.19452|4.13414|3.83823|5.1941|2.2481|4.12651,79.8117|88.6198|13.9548|83.9106|10.4739|81.7362|35.0583|92.5451|66.6304|18.2346|55.6995|11.0615|32.2763|59.8148|55.4093|99.595|65.9961,0.180902|0.229809|0.17533|0.235608|0.209094|0.246934|0.228753|0.209465|0.19539|0.244562|0.190523|0.223866|0.211942|0.182049|0.245267|0.194831|0.213203,0.956865|0.73214|0.469559|0.629113|0.833808|0.747741|0.738884|0.722966|0.776204|0.255688|0.158588|0.893757|0.374165|0.538397|0.471863|0.756576|0.42835,0.947089,0.929897,0.0537595,0.0057309,0.115486,0.547306,0.2767,0.482509,0.0776559,0.878555,72.0946,2.67492e-12,16056,0.872503,33.453,1.99398e-12,24666,0.931768,0.905326,0.0406295,0.553862,0.492708,0.529597,0.286795,0.463067,0.265174,0.926863,72.3298,3.14198e-12,40952,0.801015,98.3984,2.667e-11,46210
6,142,n1->n11->n12->n2->n3->n13->n23->n33->n34->n35->n36->n37->n38->n28->n29->n19->n20->n10,4.55588e+13|1.15025e+12|9.70647e+12|5.23413e+11|1.19214e+13|1.70175e+12|5.51854e+11|6.01307e+13|1.55627e+09|7.70315e+09|1.32672e+11|2.09705e+10|3.12412e+13|1.9542e+12|2.59271e+10|2.45264e+13|1.52852e+09|1.99581e+13,1.19121e+13|6.31783e+11|1.26993e+12|5.74607e+10|1.39506e+12|1.6398e+12|7.72178e+10|2.07769e+13|1.25401e+09|5.01926e+09|1.07428e+11|2.1936e+09|1.73182e+13|1.33825e+12|8.13129e+09|2.78019e+12|2.19744e+08|1.65379e+13,0.000272813|0.000273727|0.000140781|2.22486e-05|0.000240865|0.000236651|1.44025e-05|0.000289953|0.000804578|5.09272e-05|0.000101342|2.09632e-05|4.61837e-05|2.58334e-05|0.000314414|4.2477e-05|0.00080518|1.10176e-05,0.000247513|0.000148505|0.000236843|0.0017649|0.00269887|0.000144035|0.0082118|0.00411152|0.000101616|0.000835052|0.00680413|0.000110486|0.00101055|0.00569206|0.000236294|0.00118483|0.00141516|0.0003012,0.0267276|0.00791251|0.0184192|0.0257131|0.0137582|0.0453925|0.0212901|0.00567541|0.0106396|0.0193653|0.0275064|0.0473531|0.033088|0.0230741|0.0496326|0.0169907|0.024448|0.0354931,0.00109024|0.00663636|0.0133546|0.0393537|0.00978248|0.032154|0.017526|0.0326562|0.00900971|0.026069|0.0384409|0.0499989|0.00120252|0.00482618|0.0080761|0.0238367|0.0192162|0.0378422,0.947856|0.988586|0.978748|0.962581|0.920316|0.94335|0.933849|0.945801|0.974224|0.945614|0.927891|0.972412|0.947646|0.910034|0.956941|0.92511|0.9673|0.93728,3.42645|5.73996|0.907615|3.77893|1.24496|4.14497|2.38092|3.59669|3.75785|1.72526|4.96631|0.679389|4.60178|1.24284|5.8367|0.817336|0.887559|4.12651,30.2686|24.4191|88.6198|37.015|83.9106|51.9585|76.7594|23.5709|31.5608|18.7034|29.3504|37.0378|23.518|39.0733|84.7043|10.3361|29.3778,0.210339|0.19865|0.229809|0.185025|0.235608|0.224371|0.171333|0.193865|0.244982|0.214791|0.232026|0.209844|0.222926|0.227384|0.198187|0.171305|0.160098,0.907958|0.54288|0.73214|0.12338|0.629113|0.980199|0.836795|0.62087|0.420555|0.496108|0.841833|0.139772|0.123514|0.753148|0.580249|0.982386|0.879487,0.947089,0.929897,0.0537595,0.0057309,0.115486,0.547306,0.2767,0.482509,0.0776559,0.878555,72.0946,2.67492e-12,16056,0.872503,33.453,1.99398e-12,24666,0.931768,0.905326,0.0406295,0.553862,0.492708,0.529597,0.286795,0.463067,0.265174,0.926863,72.3298,3.14198e-12,40952,0.801015,98.3984,2.667e-11,46210
6,143,n1->n2->n12->n13->n14->n24->n25->n26->n27->n37->n47->n48->n38->n28->n18->n19->n9->n10,4.55588e+13|5.23413e+11|9.70647e+12|1.70175e+12|2.4844e+13|5.30865e+13|2.01397e+10|9.98399e+13|6.26614e+13|2.09705e+10|1.52467e+09|1.10554e+09|3.12412e+13|1.9542e+12|8.81528e+10|2.45264e+13|5.41279e+11|1.99581e+13,1.19121e+13|5.74607e+10|1.26993e+12|1.6398e+12|7.4533e+12|6.13322e+12|2.08097e+09|5.87009e+13|2.35834e+13|2.1936e+09|6.56229e+08|1.05866e+09|1.73182e+13|1.33825e+12|7.0302e+10|2.78019e+12|5.69937e+10|1.65379e+13,0.000272813|2.22486e-05|0.000140781|0.000236651|0.000115516|1.7303e-05|2.70509e-05|0.000118769|0.000150771|2.09632e-05|0.000649176|0.00063893|4.61837e-05|2.58334e-05|0.000192647|4.2477e-05|0.000133309|1.10176e-05,0.000247513|0.0017649|0.000236843|0.000144035|0.000803332|0.0037958|0.00299666|0.000323253|0.000264815|0.000110486|0.00898133|0.00011379|0.00101055|0.00569206|0.000947335|0.00118483|0.000128581|0.0003012,0.0267276|0.0257131|0.0184192|0.0453925|0.00362957|0.0274705|0.0427717|0.0160653|0.0382494|0.0473531|0.0325065|0.000906633|0.033088|0.0230741|0.00660715|0.0169907|0.0160189|0.0354931,0.00109024|0.0393537|0.0133546|0.032154|0.0393535|0.00642684|0.0449118|0.0257682|0.0368632|0.0499989|0.0474961|0.0183485|0.00120252|0.00482618|0.0450958|0.0238367|0.0314455|0.0378422,0.947856|0.962581|0.978748|0.94335|0.912009|0.903274|0.937042|0.951498|0.90904|0.972412|0.907188|0.924561|0.947646|0.910034|0.951948|0.92511|0.986727|0.93728,3.42645|3.77893|0.907615|4.14497|2.47916|1.40891|2.00694|0.0859455|3.73846|0.679389|2.25741|5.32143|4.60178|1.24284|1.79104|0.817336|2.2481|4.12651,79.8117|88.6198|13.9548|56.34|66.6304|18.2346|55.6995|42.5138|44.8869|88.6669|13.4252|21.8454|23.518|43.2583|28.0546|99.0064|65.9961,0.180902|0.229809|0.17533|0.243804|0.19539|0.244562|0.190523|0.164014|0.177914|0.229281|0.166796|0.185504|0.222926|0.171475|0.244543|0.210817|0.213203,0.956865|0.73214|0.469559|0.288383|0.776204|0.255688|0.158588|0.873071|0.261714|0.391117|0.904036|0.404213|0.123514|0.471649|0.240936|0.387396|0.42835,0.947089,0.929897,0.0537595,0.0057309,0.115486,0.547306,0.2767,0.482509,0.0776559,0.878555,72.0946,2.67492e-12,16056,0.872503,33.453,1.99398e-12,24666,0.931768,0.905326,0.0406295,0.553862,0.492708,0.529597,0.286795,0.463067,0.265174,0.926863,72.3298,3.14198e-12,40952,0.801015,98.3984,2.667e-11,46210
6,144,n1->n11->n21->n22->n12->n13->n3->n4->n14->n24->n25->n26->n27->n17->n7->n8->n9->n10,4.55588e+13|1.15025e+12|2.40242e+10|7.03401e+09|9.70647e+12|1.70175e+12|1.19214e+13|4.15825e+11|2.4844e+13|5.30865e+13|2.01397e+10|9.98399e+13|6.26614e+13|6.92201e+13|2.4859e+13|4.88124e+11|5.41279e+11|1.99581e+13,1.19121e+13|6.31783e+11|1.08781e+10|4.27301e+09|1.26993e+12|1.6398e+12|1.39506e+12|5.68247e+10|7.4533e+12|6.13322e+12|2.08097e+09|5.87009e+13|2.35834e+13|1.85776e+13|3.91236e+12|5.46248e+10|5.69937e+10|1.65379e+13,0.000272813|0.000273727|9.0809e-05|0.000672453|0.000140781|0.000236651|0.000240865|0.000208244|0.000115516|1.7303e-05|2.70509e-05|0.000118769|0.000150771|3.57755e-05|0.000374552|7.88144e-05|0.000133309|1.10176e-05,0.000247513|0.000148505|0.00346885|0.00709411|0.000236843|0.000144035|0.00269887|0.000162239|0.000803332|0.0037958|0.00299666|0.000323253|0.000264815|0.000712371|0.00159185|0.00654761|0.000128581|0.0003012,0.0267276|0.00791251|0.0448555|0.0149108|0.0184192|0.0453925|0.0137582|0.00134448|0.00362957|0.0274705|0.0427717|0.0160653|0.0382494|0.0105772|0.0267406|0.0355868|0.0160189|0.0354931,0.00109024|0.00663636|0.0411686|0.0420171|0.0133546|0.032154|0.00978248|0.0159645|0.0393535|0.00642684|0.0449118|0.0257682|0.0368632|0.0442819|0.0256969|0.0025477|0.0314455|0.0378422,0.947856|0.988586|0.9175|0.950942|0.978748|0.94335|0.920316|0.918227|0.912009|0.903274|0.937042|0.951498|0.90904|0.934311|0.981074|0.983979|0.986727|0.93728,3.42645|5.73996|0.574724|5.16975|0.907615|4.14497|1.24496|6.21195|2.47916|1.40891|2.00694|0.0859455|3.73846|4.13414|3.83823|5.1941|2.2481|4.12651,30.2686|65.1286|34.0839|13.2112|13.9548|83.9106|10.4739|52.1141|66.6304|18.2346|55.6995|42.5138|72.2829|59.8148|55.4093|99.595|65.9961,0.210339|0.167515|0.248622|0.235624|0.17533|0.235608|0.209094|0.220919|0.19539|0.244562|0.190523|0.164014|0.20897|0.182049|0.245267|0.194831|0.213203,0.907958|0.853399|0.539818|0.512005|0.469559|0.629113|0.833808|0.42528|0.776204|0.255688|0.158588|0.873071|0.780344|0.538397|0.471863|0.756576|0.42835,0.947089,0.929897,0.0537595,0.0057309,0.115486,0.547306,0.2767,0.482509,0.0776559,0.878555,72.0946,2.67492e-12,16056,0.872503,33.453,1.99398e-12,24666,0.931768,0.905326,0.0406295,0.553862,0.492708,0.529597,0.286795,0.463067,0.265174,0.926863,72.3298,3.14198e-12,40952,0.801015,98.3984,2.667e-11,46210
6,145,n1->n2->n12->n13->n3->n4->n5->n15->n14->n24->n25->n26->n27->n28->n18->n8->n9->n10,4.55588e+13|5.23413e+11|9.70647e+12|1.70175e+12|1.19214e+13|4.15825e+11|3.27327e+10|8.59239e+10|2.4844e+13|5.30865e+13|2.01397e+10|9.98399e+13|6.26614e+13|1.9542e+12|8.81528e+10|4.88124e+11|5.41279e+11|1.99581e+13,1.19121e+13|5.74607e+10|1.26993e+12|1.6398e+12|1.39506e+12|5.68247e+10|5.45815e+09|1.6374e+10|7.4533e+12|6.13322e+12|2.08097e+09|5.87009e+13|2.35834e+13|1.33825e+12|7.0302e+10|5.46248e+10|5.69937e+10|1.65379e+13,0.000272813|2.22486e-05|0.000140781|0.000236651|0.000240865|0.000208244|2.4748e-05|6.38284e-05|0.000115516|1.7303e-05|2.70509e-05|0.000118769|0.000150771|2.58334e-05|0.000192647|7.88144e-05|0.000133309|1.10176e-05,0.000247513|0.0017649|0.000236843|0.000144035|0.00269887|0.000162239|0.000559379|0.00172194|0.000803332|0.0037958|0.00299666|0.000323253|0.000264815|0.00569206|0.000947335|0.00654761|0.000128581|0.0003012,0.0267276|0.0257131|0.0184192|0.0453925|0.0137582|0.00134448|0.0302924|0.0155694|0.00362957|0.0274705|0.0427717|0.0160653|0.0382494|0.0230741|0.00660715|0.0355868|0.0160189|0.0354931,0.00109024|0.0393537|0.0133546|0.032154|0.00978248|0.0159645|0.0390973|0.0086256|0.0393535|0.00642684|0.0449118|0.0257682|0.0368632|0.00482618|0.0450958|0.0025477|0.0314455|0.0378422,0.947856|0.962581|0.978748|0.94335|0.920316|0.918227|0.934635|0.98259|0.912009|0.903274|0.937042|0.951498|0.90904|0.910034|0.951948|0.983979|0.986727|0.93728,3.42645|3.77893|0.907615|4.14497|1.24496|6.21195|3.93309|6.09992|2.47916|1.40891|2.00694|0.0859455|3.73846|1.24284|1.79104|5.1941|2.2481|4.12651,79.8117|88.6198|13.9548|83.9106|10.4739|81.7362|35.0583|92.5451|66.6304|18.2346|55.6995|42.5138|15.3326|43.2583|81.3396|99.595|65.9961,0.180902|0.229809|0.17533|0.235608|0.209094|0.246934|0.228753|0.209465|0.19539|0.244562|0.190523|0.164014|0.200691|0.171475|0.24659|0.194831|0.213203,0.956865|0.73214|0.469559|0.629113|0.833808|0.747741|0.738884|0.722966|0.776204|0.255688|0.158588|0.873071|0.938399|0.471649|0.632564|0.756576|0.42835,0.947089,0.929897,0.0537595,0.0057309,0.115486,0.547306,0.2767,0.482509,0.0776559,0.878555,72.0946,2.67492e-12,16056,0.872503,33.453,1.99398e-12,24666,0.931768,0.905326,0.0406295,0.553862,0.492708,0.529597,0.286795,0.463067,0.265174,0.926863,72.3298,3.14198e-12,40952,0.801015,98.3984,2.667e-11,46210
6,146,n1->n2->n12->n11->n21->n22->n32->n33->n23->n24->n14->n4->n5->n6->n7->n8->n9->n10,4.55588e+13|5.23413e+11|9.70647e+12|1.15025e+12|2.40242e+10|7.03401e+09|1.62664e+12|6.01307e+13|5.51854e+11|5.30865e+13|2.4844e+13|4.15825e+11|3.27327e+10|2.57217e+11|2.4859e+13|4.88124e+11|5.41279e+11|1.99581e+13,1.19121e+13|5.74607e+10|1.26993e+12|6.31783e+11|1.08781e+10|4.27301e+09|3.80816e+11|2.07769e+13|7.72178e+10|6.13322e+12|7.4533e+12|5.68247e+10|5.45815e+09|1.80632e+11|3.91236e+12|5.46248e+10|5.69937e+10|1.65379e+13,0.000272813|2.22486e-05|0.000140781|0.000273727|9.0809e-05|0.000672453|8.81807e-05|0.000289953|1.44025e-05|1.7303e-05|0.000115516|0.000208244|2.4748e-05|0.000137431|0.000374552|7.88144e-05|0.000133309|1.10176e-05,0.000247513|0.0017649|0.000236843|0.000148505|0.00346885|0.00709411|0.000951259|0.00411152|0.0082118|0.0037958|0.000803332|0.000162239|0.000559379|0.00038|0.00159185|0.00654761|0.000128581|0.0003012,0.0267276|0.0257131|0.0184192|0.00791251|0.0448555|0.0149108|0.0119964|0.00567541|0.0212901|0.0274705|0.00362957|0.00134448|0.0302924|0.0351794|0.0267406|0.0355868|0.0160189|0.0354931,0.00109024|0.0393537|0.0133546|0.00663636|0.0411686|0.0420171|0.0157083|0.0326562|0.017526|0.00642684|0.0393535|0.0159645|0.0390973|0.0410032|0.0256969|0.0025477|0.0314455|0.0378422,0.947856|0.962581|0.978748|0.988586|0.9175|0.950942|0.939747|0.945801|0.933849|0.903274|0.912009|0.918227|0.934635|0.944217|0.981074|0.983979|0.986727|0.93728,3.42645|3.77893|0.907615|5.73996|0.574724|5.16975|3.78989|3.59669|2.38092|1.40891|2.47916|6.21195|3.93309|6.20274|3.83823|5.1941|2.2481|4.12651,79.8117|88.6198|24.4191|65.1286|34.0839|86.2435|67.4197|76.7594|67.5745|66.6304|52.1141|81.7362|37.2729|32.9383|55.4093|99.595|65.9961,0.180902|0.229809|0.19865|0.167515|0.248622|0.178944|0.212413|0.171333|0.166922|0.19539|0.220919|0.246934|0.160203|0.189792|0.245267|0.194831|0.213203,0.956865|0.73214|0.54288|0.853399|0.539818|0.653738|0.400026|0.836795|0.619697|0.776204|0.42528|0.747741|0.316848|0.663025|0.471863|0.756576|0.42835,0.947089,0.929897,0.0537595,0.0057309,0.115486,0.547306,0.2767,0.482509,0.0776559,0.878555,72.0946,2.67492e-12,16056,0.872503,33.453,1.99398e-12,24666,0.931768,0.905326,0.0406295,0.553862,0.492708,0.529597,0.286795,0.463067,0.265174,0.926863,72.3298,3.14198e-12,40952,0.801015,98.3984,2.667e-11,46210
6,147,n1->n2->n3->n4->n14->n13->n23->n33->n34->n35->n36->n26->n16->n17->n18->n8->n9->n10,4.55588e+13|5.23413e+11|1.19214e+13|4.15825e+11|2.4844e+13|1.70175e+12|5.51854e+11|6.01307e+13|1.55627e+09|7.70315e+09|1.32672e+11|9.98399e+13|1.96299e+11|6.92201e+13|8.81528e+10|4.88124e+11|5.41279e+11|1.99581e+13,1.19121e+13|5.74607e+10|1.39506e+12|5.68247e+10|7.4533e+12|1.6398e+12|7.72178e+10|2.07769e+13|1.25401e+09|5.01926e+09|1.07428e+11|5.87009e+13|4.16811e+10|1.85776e+13|7.0302e+10|5.46248e+10|5.69937e+10|1.65379e+13,0.000272813|2.22486e-05|0.000240865|0.000208244|0.000115516|0.000236651|1.44025e-05|0.000289953|0.000804578|5.09272e-05|0.000101342|0.000118769|1.24441e-05|3.57755e-05|0.000192647|7.88144e-05|0.000133309|1.10176e-05,0.000247513|0.0017649|0.00269887|0.000162239|0.000803332|0.000144035|0.0082118|0.00411152|0.000101616|0.000835052|0.00680413|0.000323253|0.000118496|0.000712371|0.000947335|0.00654761|0.000128581|0.0003012,0.0267276|0.0257131|0.0137582|0.00134448|0.00362957|0.0453925|0.0212901|0.00567541|0.0106396|0.0193653|0.0275064|0.0160653|0.0196441|0.0105772|0.00660715|0.0355868|0.0160189|0.0354931,0.00109024|0.0393537|0.00978248|0.0159645|0.0393535|0.032154|0.017526|0.0326562|0.00900971|0.026069|0.0384409|0.0257682|0.0465121|0.0442819|0.0450958|0.0025477|0.0314455|0.0378422,0.947856|0.962581|0.920316|0.918227|0.912009|0.94335|0.933849|0.945801|0.974224|0.945614|0.927891|0.951498|0.969417|0.934311|0.951948|0.983979|0.986727|0.93728,3.42645|3.77893|1.24496|6.21195|2.47916|4.14497|2.38092|3.59669|3.75785|1.72526|4.96631|0.0859455|2.19452|4.13414|1.79104|5.1941|2.2481|4.12651,79.8117|37.015|10.4739|52.1141|56.34|51.9585|76.7594|23.5709|31.5608|18.7034|63.8366|11.0615|32.2763|27.3162|81.3396|99.595|65.9961,0.180902|0.185025|0.209094|0.220919|0.243804|0.224371|0.171333|0.193865|0.244982|0.214791|0.166971|0.223866|0.211942|0.218168|0.24659|0.194831|0.213203,0.956865|0.12338|0.833808|0.42528|0.288383|0.980199|0.836795|0.62087|0.420555|0.496108|0.576097|0.893757|0.374165|0.309735|0.632564|0.756576|0.42835,0.947089,0.929897,0.0537595,0.0057309,0.115486,0.547306,0.2767,0.482509,0.0776559,0.878555,72.0946,2.67492e-12,16056,0.872503,33.453,1.99398e-12,24666,0.931768,0.905326,0.0406295,0.553862,0.492708,0.529597,0.286795,0.463067,0.265174,0.926863,72.3298,3.14198e-12,40952,0.801015,98.3984,2.667e-11,46210
6,148,n1->n11->n21->n31->n32->n22->n12->n2->n3->n4->n5->n6->n7->n8->n9->n19->n20->n10,4.55588e+13|1.15025e+12|2.40242e+10|1.31436e+10|1.62664e+12|7.03401e+09|9.70647e+12|5.23413e+11|1.19214e+13|4.15825e+11|3.27327e+10|2.57217e+11|2.4859e+13|4.88124e+11|5.41279e+11|2.45264e+13|1.52852e+09|1.99581e+13,1.19121e+13|6.31783e+11|1.08781e+10|1.08408e+10|3.80816e+11|4.27301e+09|1.26993e+12|5.74607e+10|1.39506e+12|5.68247e+10|5.45815e+09|1.80632e+11|3.91236e+12|5.46248e+10|5.69937e+10|2.78019e+12|2.19744e+08|1.65379e+13,0.000272813|0.000273727|9.0809e-05|0.000575588|8.81807e-05|0.000672453|0.000140781|2.22486e-05|0.000240865|0.000208244|2.4748e-05|0.000137431|0.000374552|7.88144e-05|0.000133309|4.2477e-05|0.00080518|1.10176e-05,0.000247513|0.000148505|0.00346885|0.00434396|0.000951259|0.00709411|0.000236843|0.0017649|0.00269887|0.000162239|0.000559379|0.00038|0.00159185|0.00654761|0.000128581|0.00118483|0.00141516|0.0003012,0.0267276|0.00791251|0.0448555|0.0356972|0.0119964|0.0149108|0.0184192|0.0257131|0.0137582|0.00134448|0.0302924|0.0351794|0.0267406|0.0355868|0.0160189|0.0169907|0.024448|0.0354931,0.00109024|0.00663636|0.0411686|0.0077036|0.0157083|0.0420171|0.0133546|0.0393537|0.00978248|0.0159645|0.0390973|0.0410032|0.0256969|0.0025477|0.0314455|0.0238367|0.0192162|0.0378422,0.947856|0.988586|0.9175|0.904595|0.939747|0.950942|0.978748|0.962581|0.920316|0.918227|0.934635|0.944217|0.981074|0.983979|0.986727|0.92511|0.9673|0.93728,3.42645|5.73996|0.574724|4.1085|3.78989|5.16975|0.907615|3.77893|1.24496|6.21195|3.93309|6.20274|3.83823|5.1941|2.2481|0.817336|0.887559|4.12651,30.2686|65.1286|89.2299|63.0993|86.2435|13.2112|88.6198|37.015|10.4739|81.7362|37.2729|32.9383|55.4093|99.595|99.0064|10.3361|29.3778,0.210339|0.167515|0.160794|0.24519|0.178944|0.235624|0.229809|0.185025|0.209094|0.246934|0.160203|0.189792|0.245267|0.194831|0.210817|0.171305|0.160098,0.907958|0.853399|0.318275|0.75498|0.653738|0.512005|0.73214|0.12338|0.833808|0.747741|0.316848|0.663025|0.471863|0.756576|0.387396|0.982386|0.879487,0.947089,0.929897,0.0537595,0.0057309,0.115486,0.547306,0.2767,0.482509,0.0776559,0.878555,72.0946,2.67492e-12,16056,0.872503,33.453,1.99398e-12,24666,0.931768,0.905326,0.0406295,0.553862,0.492708,0.529597,0.286795,0.463067,0.265174,0.926863,72.3298,3.14198e-12,40952,0.801015,98.3984,2.667e-11,46210
6,149,n1->n2->n12->n22->n32->n33->n23->n24->n25->n35->n36->n26->n16->n6->n7->n8->n9->n10,4.55588e+13|5.23413e+11|9.70647e+12|7.03401e+09|1.62664e+12|6.01307e+13|5.51854e+11|5.30865e+13|2.01397e+10|7.70315e+09|1.32672e+11|9.98399e+13|1.96299e+11|2.57217e+11|2.4859e+13|4.88124e+11|5.41279e+11|1.99581e+13,1.19121e+13|5.74607e+10|1.26993e+12|4.27301e+09|3.80816e+11|2.07769e+13|7.72178e+10|6.13322e+12|2.08097e+09|5.01926e+09|1.07428e+11|5.87009e+13|4.16811e+10|1.80632e+11|3.91236e+12|5.46248e+10|5.69937e+10|1.65379e+13,0.000272813|2.22486e-05|0.000140781|0.000672453|8.81807e-05|0.000289953|1.44025e-05|1.7303e-05|2.70509e-05|5.09272e-05|0.000101342|0.000118769|1.24441e-05|0.000137431|0.000374552|7.88144e-05|0.000133309|1.10176e-05,0.000247513|0.0017649|0.000236843|0.00709411|0.000951259|0.00411152|0.0082118|0.0037958|0.00299666|0.000835052|0.00680413|0.000323253|0.000118496|0.00038|0.00159185|0.00654761|0.000128581|0.0003012,0.0267276|0.0257131|0.0184192|0.0149108|0.0119964|0.00567541|0.0212901|0.0274705|0.0427717|0.0193653|0.0275064|0.0160653|0.0196441|0.0351794|0.0267406|0.0355868|0.0160189|0.0354931,0.00109024|0.0393537|0.0133546|0.0420171|0.0157083|0.0326562|0.017526|0.00642684|0.0449118|0.026069|0.0384409|0.0257682|0.0465121|0.0410032|0.0256969|0.0025477|0.0314455|0.0378422,0.947856|0.962581|0.978748|0.950942|0.939747|0.945801|0.933849|0.903274|0.937042|0.945614|0.927891|0.951498|0.969417|0.944217|0.981074|0.983979|0.986727|0.93728,3.42645|3.77893|0.907615|5.16975|3.78989|3.59669|2.38092|1.40891|2.00694|1.72526|4.96631|0.0859455|2.19452|6.20274|3.83823|5.1941|2.2481|4.12651,79.8117|88.6198|13.2112|86.2435|67.4197|76.7594|67.5745|18.2346|88.4205|18.7034|63.8366|11.0615|50.0569|32.9383|55.4093|99.595|65.9961,0.180902|0.229809|0.235624|0.178944|0.212413|0.171333|0.166922|0.244562|0.183809|0.214791|0.166971|0.223866|0.177576|0.189792|0.245267|0.194831|0.213203,0.956865|0.73214|0.512005|0.653738|0.400026|0.836795|0.619697|0.255688|0.991201|0.496108|0.576097|0.893757|0.337265|0.663025|0.471863|0.756576|0.42835,0.947089,0.929897,0.0537595,0.0057309,0.115486,0.547306,0.2767,0.482509,0.0776559,0.878555,72.0946,2.67492e-12,16056,0.872503,33.453,1.99398e-12,24666,0.931768,0.905326,0.0406295,0.553862,0.492708,0.529597,0.286795,0.463067,0.265174,0.926863,72.3298,3.14198e-12,40952,0.801015,98.3984,2.667e-11,46210
6,150,n1->n11->n21->n31->n41->n42->n43->n44->n45->n35->n36->n26->n16->n17->n7->n8->n9->n10,4.55588e+13|1.15025e+12|2.40242e+10|1.31436e+10|6.50614e+10|7.99037e+12|4.65774e+10|1.74595e+12|2.63664e+13|7.70315e+09|1.32672e+11|9.98399e+13|1.96299e+11|6.92201e+13|2.4859e+13|4.88124e+11|5.41279e+11|1.99581e+13,1.19121e+13|6.31783e+11|1.08781e+10|1.08408e+10|6.80797e+09|4.71905e+12|4.26293e+10|1.65256e+12|1.23689e+13|5.01926e+09|1.07428e+11|5.87009e+13|4.16811e+10|1.85776e+13|3.91236e+12|5.46248e+10|5.69937e+10|1.65379e+13,0.000272813|0.000273727|9.0809e-05|0.000575588|1.31318e-05|5.83281e-05|0.000103516|0.00012635|3.95057e-05|5.09272e-05|0.000101342|0.000118769|1.24441e-05|3.57755e-05|0.000374552|7.88144e-05|0.000133309|1.10176e-05,0.000247513|0.000148505|0.00346885|0.00434396|0.000505355|0.000221171|0.00441865|0.00040803|0.0002769|0.000835052|0.00680413|0.000323253|0.000118496|0.000712371|0.00159185|0.00654761|0.000128581|0.0003012,0.0267276|0.00791251|0.0448555|0.0356972|0.0231053|0.00554542|0.0064633|0.0265974|0.0341538|0.0193653|0.0275064|0.0160653|0.0196441|0.0105772|0.0267406|0.0355868|0.0160189|0.0354931,0.00109024|0.00663636|0.0411686|0.0077036|0.00834356|0.00435647|0.0134039|0.00273186|0.0459766|0.026069|0.0384409|0.0257682|0.0465121|0.0442819|0.0256969|0.0025477|0.0314455|0.0378422,0.947856|0.988586|0.9175|0.904595|0.917986|0.937172|0.989922|0.910675|0.928418|0.945614|0.927891|0.951498|0.969417|0.934311|0.981074|0.983979|0.986727|0.93728,3.42645|5.73996|0.574724|4.1085|1.44646|0.286152|2.40993|0.0450574|2.02042|1.72526|4.96631|0.0859455|2.19452|4.13414|3.83823|5.1941|2.2481|4.12651,30.2686|65.1286|89.2299|64.4551|61.2747|27.3217|59.7094|89.5651|97.1045|18.7034|63.8366|11.0615|32.2763|59.8148|55.4093|99.595|65.9961,0.210339|0.167515|0.160794|0.171418|0.206154|0.216152|0.181706|0.180926|0.218477|0.214791|0.166971|0.223866|0.211942|0.182049|0.245267|0.194831|0.213203,0.907958|0.853399|0.318275|0.943936|0.568505|0.97627|0.410297|0.300111|0.912545|0.496108|0.576097|0.893757|0.374165|0.538397|0.471863|0.756576|0.42835,0.947089,0.929897,0.0537595,0.0057309,0.115486,0.547306,0.2767,0.482509,0.0776559,0.878555,72.0946,2.67492e-12,16056,0.872503,33.453,1.99398e-12,24666,0.931768,0.905326,0.0406295,0.553862,0.492708,0.529597,0.286795,0.463067,0.265174,0.926863,72.3298,3.14198e-12,40952,0.801015,98.3984,2.667e-11,46210
6,151,n1->n11->n21->n22->n12->n13->n23->n33->n34->n24->n25->n15->n5->n6->n7->n8->n9->n10,4.55588e+13|1.15025e+12|2.40242e+10|7.03401e+09|9.70647e+12|1.70175e+12|5.51854e+11|6.01307e+13|1.55627e+09|5.30865e+13|2.01397e+10|8.59239e+10|3.27327e+10|2.57217e+11|2.4859e+13|4.88124e+11|5.41279e+11|1.99581e+13,1.19121e+13|6.31783e+11|1.08781e+10|4.27301e+09|1.26993e+12|1.6398e+12|7.72178e+10|2.07769e+13|1.25401e+09|6.13322e+12|2.08097e+09|1.6374e+10|5.45815e+09|1.80632e+11|3.91236e+12|5.46248e+10|5.69937e+10|1.65379e+13,0.000272813|0.000273727|9.0809e-05|0.000672453|0.000140781|0.000236651|1.44025e-05|0.000289953|0.000804578|1.7303e-05|2.70509e-05|6.38284e-05|2.4748e-05|0.000137431|0.000374552|7.88144e-05|0.000133309|1.10176e-05,0.000247513|0.000148505|0.00346885|0.00709411|0.000236843|0.000144035|0.0082118|0.00411152|0.000101616|0.0037958|0.00299666|0.00172194|0.000559379|0.00038|0.00159185|0.00654761|0.000128581|0.0003012,0.0267276|0.00791251|0.0448555|0.0149108|0.0184192|0.0453925|0.0212901|0.00567541|0.0106396|0.0274705|0.0427717|0.0155694|0.0302924|0.0351794|0.0267406|0.0355868|0.0160189|0.0354931,0.00109024|0.00663636|0.0411686|0.0420171|0.0133546|0.032154|0.017526|0.0326562|0.00900971|0.00642684|0.0449118|0.0086256|0.0390973|0.0410032|0.0256969|0.0025477|0.0314455|0.0378422,0.947856|0.988586|0.9175|0.950942|0.978748|0.94335|0.933849|0.945801|0.974224|0.903274|0.937042|0.98259|0.934635|0.944217|0.981074|0.983979|0.986727|0.93728,3.42645|5.73996|0.574724|5.16975|0.907615|4.14497|2.38092|3.59669|3.75785|1.40891|2.00694|6.09992|3.93309|6.20274|3.83823|5.1941|2.2481|4.12651,30.2686|65.1286|34.0839|13.2112|13.9548|51.9585|76.7594|23.5709|58.7029|18.2346|54.7186|35.0583|37.2729|32.9383|55.4093|99.595|65.9961,0.210339|0.167515|0.248622|0.235624|0.17533|0.224371|0.171333|0.193865|0.201644|0.244562|0.244234|0.228753|0.160203|0.189792|0.245267|0.194831|0.213203,0.907958|0.853399|0.539818|0.512005|0.469559|0.980199|0.836795|0.62087|0.191839|0.255688|0.629787|0.738884|0.316848|0.663025|0.471863|0.756576|0.42835,0.947089,0.929897,0.0537595,0.0057309,0.115486,0.547306,0.2767,0.482509,0.0776559,0.878555,72.0946,2.67492e-12,16056,0.872503,33.453,1.99398e-12,24666,0.931768,0.905326,0.0406295,0.553862,0.492708,0.529597,0.286795,0.463067,0.265174,0.926863,72.3298,3.14198e-12,40952,0.801015,98.3984,2.667e-11,46210
6,152,n1->n11->n21->n31->n41->n42->n32->n22->n23->n24->n14->n4->n5->n6->n7->n8->n9->n10,4.55588e+13|1.15025e+12|2.40242e+10|1.31436e+10|6.50614e+10|7.99037e+12|1.62664e+12|7.03401e+09|5.51854e+11|5.30865e+13|2.4844e+13|4.15825e+11|3.27327e+10|2.57217e+11|2.4859e+13|4.88124e+11|5.41279e+11|1.99581e+13,1.19121e+13|6.31783e+11|1.08781e+10|1.08408e+10|6.80797e+09|4.71905e+12|3.80816e+11|4.27301e+09|7.72178e+10|6.13322e+12|7.4533e+12|5.68247e+10|5.45815e+09|1.80632e+11|3.91236e+12|5.46248e+10|5.69937e+10|1.65379e+13,0.000272813|0.000273727|9.0809e-05|0.000575588|1.31318e-05|5.83281e-05|8.81807e-05|0.000672453|1.44025e-05|1.7303e-05|0.000115516|0.000208244|2.4748e-05|0.000137431|0.000374552|7.88144e-05|0.000133309|1.10176e-05,0.000247513|0.000148505|0.00346885|0.00434396|0.000505355|0.000221171|0.000951259|0.00709411|0.0082118|0.0037958|0.000803332|0.000162239|0.000559379|0.00038|0.00159185|0.00654761|0.000128581|0.0003012,0.0267276|0.00791251|0.0448555|0.0356972|0.0231053|0.00554542|0.0119964|0.0149108|0.0212901|0.0274705|0.00362957|0.00134448|0.0302924|0.0351794|0.0267406|0.0355868|0.0160189|0.0354931,0.00109024|0.00663636|0.0411686|0.0077036|0.00834356|0.00435647|0.0157083|0.0420171|0.017526|0.00642684|0.0393535|0.0159645|0.0390973|0.0410032|0.0256969|0.0025477|0.0314455|0.0378422,0.947856|0.988586|0.9175|0.904595|0.917986|0.937172|0.939747|0.950942|0.933849|0.903274|0.912009|0.918227|0.934635|0.944217|0.981074|0.983979|0.986727|0.93728,3.42645|5.73996|0.574724|4.1085|1.44646|0.286152|3.78989|5.16975|2.38092|1.40891|2.47916|6.21195|3.93309|6.20274|3.83823|5.1941|2.2481|4.12651,30.2686|65.1286|89.2299|64.4551|61.2747|70.8805|86.2435|55.8812|67.5745|66.6304|52.1141|81.7362|37.2729|32.9383|55.4093|99.595|65.9961,0.210339|0.167515|0.160794|0.171418|0.206154|0.195743|0.178944|0.248061|0.166922|0.19539|0.220919|0.246934|0.160203|0.189792|0.245267|0.194831|0.213203,0.907958|0.853399|0.318275|0.943936|0.568505|0.752864|0.653738|0.990161|0.619697|0.776204|0.42528|0.747741|0.316848|0.663025|0.471863|0.756576|0.42835,0.947089,0.929897,0.0537595,0.0057309,0.115486,0.547306,0.2767,0.482509,0.0776559,0.878555,72.0946,2.67492e-12,16056,0.872503,33.453,1.99398e-12,24666,0.931768,0.905326,0.0406295,0.553862,0.492708,0.529597,0.286795,0.463067,0.265174,0.926863,72.3298,3.14198e-12,40952,0.801015,98.3984,2.667e-11,46210
6,153,n1->n2->n12->n13->n14->n24->n25->n35->n45->n46->n47->n37->n27->n28->n29->n19->n9->n10,4.55588e+13|5.23413e+11|9.70647e+12|1.70175e+12|2.4844e+13|5.30865e+13|2.01397e+10|7.70315e+09|2.63664e+13|1.86725e+13|1.52467e+09|2.09705e+10|6.26614e+13|1.9542e+12|2.59271e+10|2.45264e+13|5.41279e+11|1.99581e+13,1.19121e+13|5.74607e+10|1.26993e+12|1.6398e+12|7.4533e+12|6.13322e+12|2.08097e+09|5.01926e+09|1.23689e+13|1.46076e+13|6.56229e+08|2.1936e+09|2.35834e+13|1.33825e+12|8.13129e+09|2.78019e+12|5.69937e+10|1.65379e+13,0.000272813|2.22486e-05|0.000140781|0.000236651|0.000115516|1.7303e-05|2.70509e-05|5.09272e-05|3.95057e-05|0.00067309|0.000649176|2.09632e-05|0.000150771|2.58334e-05|0.000314414|4.2477e-05|0.000133309|1.10176e-05,0.000247513|0.0017649|0.000236843|0.000144035|0.000803332|0.0037958|0.00299666|0.000835052|0.0002769|0.000385752|0.00898133|0.000110486|0.000264815|0.00569206|0.000236294|0.00118483|0.000128581|0.0003012,0.0267276|0.0257131|0.0184192|0.0453925|0.00362957|0.0274705|0.0427717|0.0193653|0.0341538|0.00601563|0.0325065|0.0473531|0.0382494|0.0230741|0.0496326|0.0169907|0.0160189|0.0354931,0.00109024|0.0393537|0.0133546|0.032154|0.0393535|0.00642684|0.0449118|0.026069|0.0459766|0.0219999|0.0474961|0.0499989|0.0368632|0.00482618|0.0080761|0.0238367|0.0314455|0.0378422,0.947856|0.962581|0.978748|0.94335|0.912009|0.903274|0.937042|0.945614|0.928418|0.928098|0.907188|0.972412|0.90904|0.910034|0.956941|0.92511|0.986727|0.93728,3.42645|3.77893|0.907615|4.14497|2.47916|1.40891|2.00694|1.72526|2.02042|5.5535|2.25741|0.679389|3.73846|1.24284|5.8367|0.817336|2.2481|4.12651,79.8117|88.6198|13.9548|56.34|66.6304|18.2346|88.4205|97.1045|61.2725|46.986|88.6669|44.8869|15.3326|39.0733|84.7043|99.0064|65.9961,0.180902|0.229809|0.17533|0.243804|0.19539|0.244562|0.183809|0.218477|0.221931|0.246821|0.229281|0.177914|0.200691|0.227384|0.198187|0.210817|0.213203,0.956865|0.73214|0.469559|0.288383|0.776204|0.255688|0.991201|0.912545|0.978505|0.721008|0.391117|0.261714|0.938399|0.753148|0.580249|0.387396|0.42835,0.947089,0.929897,0.0537595,0.0057309,0.115486,0.547306,0.2767,0.482509,0.0776559,0.878555,72.0946,2.67492e-12,16056,0.872503,33.453,1.99398e-12,24666,0.931768,0.905326,0.0406295,0.553862,0.492708,0.529597,0.286795,0.463067,0.265174,0.926863,72.3298,3.14198e-12,40952,0.801015,98.3984,2.667e-11,46210
6,154,n1->n11->n12->n2->n3->n13->n14->n24->n25->n35->n36->n37->n38->n39->n29->n30->n20->n10,4.55588e+13|1.15025e+12|9.70647e+12|5.23413e+11|1.19214e+13|1.70175e+12|2.4844e+13|5.30865e+13|2.01397e+10|7.70315e+09|1.32672e+11|2.09705e+10|3.12412e+13|8.73226e+09|2.59271e+10|1.45391e+13|1.52852e+09|1.99581e+13,1.19121e+13|6.31783e+11|1.26993e+12|5.74607e+10|1.39506e+12|1.6398e+12|7.4533e+12|6.13322e+12|2.08097e+09|5.01926e+09|1.07428e+11|2.1936e+09|1.73182e+13|2.42615e+09|8.13129e+09|6.46288e+12|2.19744e+08|1.65379e+13,0.000272813|0.000273727|0.000140781|2.22486e-05|0.000240865|0.000236651|0.000115516|1.7303e-05|2.70509e-05|5.09272e-05|0.000101342|2.09632e-05|4.61837e-05|0.000116161|0.000314414|0.000269765|0.00080518|1.10176e-05,0.000247513|0.000148505|0.000236843|0.0017649|0.00269887|0.000144035|0.000803332|0.0037958|0.00299666|0.000835052|0.00680413|0.000110486|0.00101055|0.0029589|0.000236294|0.000185529|0.00141516|0.0003012,0.0267276|0.00791251|0.0184192|0.0257131|0.0137582|0.0453925|0.00362957|0.0274705|0.0427717|0.0193653|0.0275064|0.0473531|0.033088|0.0482227|0.0496326|0.000483153|0.024448|0.0354931,0.00109024|0.00663636|0.0133546|0.0393537|0.00978248|0.032154|0.0393535|0.00642684|0.0449118|0.026069|0.0384409|0.0499989|0.00120252|0.0424138|0.0080761|0.0217074|0.0192162|0.0378422,0.947856|0.988586|0.978748|0.962581|0.920316|0.94335|0.912009|0.903274|0.937042|0.945614|0.927891|0.972412|0.947646|0.959044|0.956941|0.908504|0.9673|0.93728,3.42645|5.73996|0.907615|3.77893|1.24496|4.14497|2.47916|1.40891|2.00694|1.72526|4.96631|0.679389|4.60178|3.66712|5.8367|2.24783|0.887559|4.12651,30.2686|24.4191|88.6198|37.015|83.9106|56.34|66.6304|18.2346|88.4205|18.7034|29.3504|37.0378|69.5993|44.1502|83.4704|23.9015|29.3778,0.210339|0.19865|0.229809|0.185025|0.235608|0.243804|0.19539|0.244562|0.183809|0.214791|0.232026|0.209844|0.185434|0.214077|0.183396|0.180438|0.160098,0.907958|0.54288|0.73214|0.12338|0.629113|0.288383|0.776204|0.255688|0.991201|0.496108|0.841833|0.139772|0.333363|0.641975|0.855906|0.504214|0.879487,0.947089,0.929897,0.0537595,0.0057309,0.115486,0.547306,0.2767,0.482509,0.0776559,0.878555,72.0946,2.67492e-12,16056,0.872503,33.453,1.99398e-12,24666,0.931768,0.905326,0.0406295,0.553862,0.492708,0.529597,0.286795,0.463067,0.265174,0.926863,72.3298,3.14198e-12,40952,0.801015,98.3984,2.667e-11,46210
6,155,n1->n11->n12->n22->n23->n13->n14->n15->n25->n26->n36->n37->n27->n17->n7->n8->n9->n10,4.55588e+13|1.15025e+12|9.70647e+12|7.03401e+09|5.51854e+11|1.70175e+12|2.4844e+13|8.59239e+10|2.01397e+10|9.98399e+13|1.32672e+11|2.09705e+10|6.26614e+13|6.92201e+13|2.4859e+13|4.88124e+11|5.41279e+11|1.99581e+13,1.19121e+13|6.31783e+11|1.26993e+12|4.27301e+09|7.72178e+10|1.6398e+12|7.4533e+12|1.6374e+10|2.08097e+09|5.87009e+13|1.07428e+11|2.1936e+09|2.35834e+13|1.85776e+13|3.91236e+12|5.46248e+10|5.69937e+10|1.65379e+13,0.000272813|0.000273727|0.000140781|0.000672453|1.44025e-05|0.000236651|0.000115516|6.38284e-05|2.70509e-05|0.000118769|0.000101342|2.09632e-05|0.000150771|3.57755e-05|0.000374552|7.88144e-05|0.000133309|1.10176e-05,0.000247513|0.000148505|0.000236843|0.00709411|0.0082118|0.000144035|0.000803332|0.00172194|0.00299666|0.000323253|0.00680413|0.000110486|0.000264815|0.000712371|0.00159185|0.00654761|0.000128581|0.0003012,0.0267276|0.00791251|0.0184192|0.0149108|0.0212901|0.0453925|0.00362957|0.0155694|0.0427717|0.0160653|0.0275064|0.0473531|0.0382494|0.0105772|0.0267406|0.0355868|0.0160189|0.0354931,0.00109024|0.00663636|0.0133546|0.0420171|0.017526|0.032154|0.0393535|0.0086256|0.0449118|0.0257682|0.0384409|0.0499989|0.0368632|0.0442819|0.0256969|0.0025477|0.0314455|0.0378422,0.947856|0.988586|0.978748|0.950942|0.933849|0.94335|0.912009|0.98259|0.937042|0.951498|0.927891|0.972412|0.90904|0.934311|0.981074|0.983979|0.986727|0.93728,3.42645|5.73996|0.907615|5.16975|2.38092|4.14497|2.47916|6.09992|2.00694|0.0859455|4.96631|0.679389|3.73846|4.13414|3.83823|5.1941|2.2481|4.12651,30.2686|24.4191|13.2112|55.8812|51.9585|56.34|92.5451|54.7186|55.6995|63.8366|29.3504|44.8869|72.2829|59.8148|55.4093|99.595|65.9961,0.210339|0.19865|0.235624|0.248061|0.224371|0.243804|0.209465|0.244234|0.190523|0.166971|0.232026|0.177914|0.20897|0.182049|0.245267|0.194831|0.213203,0.907958|0.54288|0.512005|0.990161|0.980199|0.288383|0.722966|0.629787|0.158588|0.576097|0.841833|0.261714|0.780344|0.538397|0.471863|0.756576|0.42835,0.947089,0.929897,0.0537595,0.0057309,0.115486,0.547306,0.2767,0.482509,0.0776559,0.878555,72.0946,2.67492e-12,16056,0.872503,33.453,1.99398e-12,24666,0.931768,0.905326,0.0406295,0.553862,0.492708,0.529597,0.286795,0.463067,0.265174,0.926863,72.3298,3.14198e-12,40952,0.801015,98.3984,2.667e-11,46210
6,156,n1->n11->n12->n2->n3->n13->n23->n33->n34->n35->n36->n37->n38->n28->n29->n19->n9->n10,4.55588e+13|1.15025e+12|9.70647e+12|5.23413e+11|1.19214e+13|1.70175e+12|5.51854e+11|6.01307e+13|1.55627e+09|7.70315e+09|1.32672e+11|2.09705e+10|3.12412e+13|1.9542e+12|2.59271e+10|2.45264e+13|5.41279e+11|1.99581e+13,1.19121e+13|6.31783e+11|1.26993e+12|5.74607e+10|1.39506e+12|1.6398e+12|7.72178e+10|2.07769e+13|1.25401e+09|5.01926e+09|1.07428e+11|2.1936e+09|1.73182e+13|1.33825e+12|8.13129e+09|2.78019e+12|5.69937e+10|1.65379e+13,0.000272813|0.000273727|0.000140781|2.22486e-05|0.000240865|0.000236651|1.44025e-05|0.000289953|0.000804578|5.09272e-05|0.000101342|2.09632e-05|4.61837e-05|2.58334e-05|0.000314414|4.2477e-05|0.000133309|1.10176e-05,0.000247513|0.000148505|0.000236843|0.0017649|0.00269887|0.000144035|0.0082118|0.00411152|0.000101616|0.000835052|0.00680413|0.000110486|0.00101055|0.00569206|0.000236294|0.00118483|0.000128581|0.0003012,0.0267276|0.00791251|0.0184192|0.0257131|0.0137582|0.0453925|0.0212901|0.00567541|0.0106396|0.0193653|0.0275064|0.0473531|0.033088|0.0230741|0.0496326|0.0169907|0.0160189|0.0354931,0.00109024|0.00663636|0.0133546|0.0393537|0.00978248|0.032154|0.017526|0.0326562|0.00900971|0.026069|0.0384409|0.0499989|0.00120252|0.00482618|0.0080761|0.0238367|0.0314455|0.0378422,0.947856|0.988586|0.978748|0.962581|0.920316|0.94335|0.933849|0.945801|0.974224|0.945614|0.927891|0.972412|0.947646|0.910034|0.956941|0.92511|0.986727|0.93728,3.42645|5.73996|0.907615|3.77893|1.24496|4.14497|2.38092|3.59669|3.75785|1.72526|4.96631|0.679389|4.60178|1.24284|5.8367|0.817336|2.2481|4.12651,30.2686|24.4191|88.6198|37.015|83.9106|51.9585|76.7594|23.5709|31.5608|18.7034|29.3504|37.0378|23.518|39.0733|84.7043|99.0064|65.9961,0.210339|0.19865|0.229809|0.185025|0.235608|0.224371|0.171333|0.193865|0.244982|0.214791|0.232026|0.209844|0.222926|0.227384|0.198187|0.210817|0.213203,0.907958|0.54288|0.73214|0.12338|0.629113|0.980199|0.836795|0.62087|0.420555|0.496108|0.841833|0.139772|0.123514|0.753148|0.580249|0.387396|0.42835,0.947089,0.929897,0.0537595,0.0057309,0.115486,0.547306,0.2767,0.482509,0.0776559,0.878555,72.0946,2.67492e-12,16056,0.872503,33.453,1.99398e-12,24666,0.931768,0.905326,0.0406295,0.553862,0.492708,0.529597,0.286795,0.463067,0.265174,0.926863,72.3298,3.14198e-12,40952,0.801015,98.3984,2.667e-11,46210
6,157,n1->n11->n21->n31->n41->n42->n32->n33->n23->n24->n14->n15->n16->n17->n18->n8->n9->n10,4.55588e+13|1.15025e+12|2.40242e+10|1.31436e+10|6.50614e+10|7.99037e+12|1.62664e+12|6.01307e+13|5.51854e+11|5.30865e+13|2.4844e+13|8.59239e+10|1.96299e+11|6.92201e+13|8.81528e+10|4.88124e+11|5.41279e+11|1.99581e+13,1.19121e+13|6.31783e+11|1.08781e+10|1.08408e+10|6.80797e+09|4.71905e+12|3.80816e+11|2.07769e+13|7.72178e+10|6.13322e+12|7.4533e+12|1.6374e+10|4.16811e+10|1.85776e+13|7.0302e+10|5.46248e+10|5.69937e+10|1.65379e+13,0.000272813|0.000273727|9.0809e-05|0.000575588|1.31318e-05|5.83281e-05|8.81807e-05|0.000289953|1.44025e-05|1.7303e-05|0.000115516|6.38284e-05|1.24441e-05|3.57755e-05|0.000192647|7.88144e-05|0.000133309|1.10176e-05,0.000247513|0.000148505|0.00346885|0.00434396|0.000505355|0.000221171|0.000951259|0.00411152|0.0082118|0.0037958|0.000803332|0.00172194|0.000118496|0.000712371|0.000947335|0.00654761|0.000128581|0.0003012,0.0267276|0.00791251|0.0448555|0.0356972|0.0231053|0.00554542|0.0119964|0.00567541|0.0212901|0.0274705|0.00362957|0.0155694|0.0196441|0.0105772|0.00660715|0.0355868|0.0160189|0.0354931,0.00109024|0.00663636|0.0411686|0.0077036|0.00834356|0.00435647|0.0157083|0.0326562|0.017526|0.00642684|0.0393535|0.0086256|0.0465121|0.0442819|0.0450958|0.0025477|0.0314455|0.0378422,0.947856|0.988586|0.9175|0.904595|0.917986|0.937172|0.939747|0.945801|0.933849|0.903274|0.912009|0.98259|0.969417|0.934311|0.951948|0.983979|0.986727|0.93728,3.42645|5.73996|0.574724|4.1085|1.44646|0.286152|3.78989|3.59669|2.38092|1.40891|2.47916|6.09992|2.19452|4.13414|1.79104|5.1941|2.2481|4.12651,30.2686|65.1286|89.2299|64.4551|61.2747|70.8805|67.4197|76.7594|67.5745|66.6304|92.5451|56.2706|32.2763|27.3162|81.3396|99.595|65.9961,0.210339|0.167515|0.160794|0.171418|0.206154|0.195743|0.212413|0.171333|0.166922|0.19539|0.209465|0.241799|0.211942|0.218168|0.24659|0.194831|0.213203,0.907958|0.853399|0.318275|0.943936|0.568505|0.752864|0.400026|0.836795|0.619697|0.776204|0.722966|0.73275|0.374165|0.309735|0.632564|0.756576|0.42835,0.947089,0.929897,0.0537595,0.0057309,0.115486,0.547306,0.2767,0.482509,0.0776559,0.878555,72.0946,2.67492e-12,16056,0.872503,33.453,1.99398e-12,24666,0.931768,0.905326,0.0406295,0.553862,0.492708,0.529597,0.286795,0.463067,0.265174,0.926863,72.3298,3.14198e-12,40952,0.801015,98.3984,2.667e-11,46210
6,158,n1->n11->n21->n31->n41->n42->n43->n33->n34->n35->n36->n26->n27->n28->n18->n8->n9->n10,4.55588e+13|1.15025e+12|2.40242e+10|1.31436e+10|6.50614e+10|7.99037e+12|4.65774e+10|6.01307e+13|1.55627e+09|7.70315e+09|1.32672e+11|9.98399e+13|6.26614e+13|1.9542e+12|8.81528e+10|4.88124e+11|5.41279e+11|1.99581e+13,1.19121e+13|6.31783e+11|1.08781e+10|1.08408e+10|6.80797e+09|4.71905e+12|4.26293e+10|2.07769e+13|1.25401e+09|5.01926e+09|1.07428e+11|5.87009e+13|2.35834e+13|1.33825e+12|7.0302e+10|5.46248e+10|5.69937e+10|1.65379e+13,0.000272813|0.000273727|9.0809e-05|0.000575588|1.31318e-05|5.83281e-05|0.000103516|0.000289953|0.000804578|5.09272e-05|0.000101342|0.000118769|0.000150771|2.58334e-05|0.000192647|7.88144e-05|0.000133309|1.10176e-05,0.000247513|0.000148505|0.00346885|0.00434396|0.000505355|0.000221171|0.00441865|0.00411152|0.000101616|0.000835052|0.00680413|0.000323253|0.000264815|0.00569206|0.000947335|0.00654761|0.000128581|0.0003012,0.0267276|0.00791251|0.0448555|0.0356972|0.0231053|0.00554542|0.0064633|0.00567541|0.0106396|0.0193653|0.0275064|0.0160653|0.0382494|0.0230741|0.00660715|0.0355868|0.0160189|0.0354931,0.00109024|0.00663636|0.0411686|0.0077036|0.00834356|0.00435647|0.0134039|0.0326562|0.00900971|0.026069|0.0384409|0.0257682|0.0368632|0.00482618|0.0450958|0.0025477|0.0314455|0.0378422,0.947856|0.988586|0.9175|0.904595|0.917986|0.937172|0.989922|0.945801|0.974224|0.945614|0.927891|0.951498|0.90904|0.910034|0.951948|0.983979|0.986727|0.93728,3.42645|5.73996|0.574724|4.1085|1.44646|0.286152|2.40993|3.59669|3.75785|1.72526|4.96631|0.0859455|3.73846|1.24284|1.79104|5.1941|2.2481|4.12651,30.2686|65.1286|89.2299|64.4551|61.2747|27.3217|49.6282|23.5709|31.5608|18.7034|63.8366|42.5138|15.3326|43.2583|81.3396|99.595|65.9961,0.210339|0.167515|0.160794|0.171418|0.206154|0.216152|0.223945|0.193865|0.244982|0.214791|0.166971|0.164014|0.200691|0.171475|0.24659|0.194831|0.213203,0.907958|0.853399|0.318275|0.943936|0.568505|0.97627|0.275837|0.62087|0.420555|0.496108|0.576097|0.873071|0.938399|0.471649|0.632564|0.756576|0.42835,0.947089,0.929897,0.0537595,0.0057309,0.115486,0.547306,0.2767,0.482509,0.0776559,0.878555,72.0946,2.67492e-12,16056,0.872503,33.453,1.99398e-12,24666,0.931768,0.905326,0.0406295,0.553862,0.492708,0.529597,0.286795,0.463067,0.265174,0.926863,72.3298,3.14198e-12,40952,0.801015,98.3984,2.667e-11,46210
6,159,n1->n2->n3->n13->n12->n11->n21->n22->n23->n24->n14->n4->n5->n6->n7->n8->n9->n10,4.55588e+13|5.23413e+11|1.19214e+13|1.70175e+12|9.70647e+12|1.15025e+12|2.40242e+10|7.03401e+09|5.51854e+11|5.30865e+13|2.4844e+13|4.15825e+11|3.27327e+10|2.57217e+11|2.4859e+13|4.88124e+11|5.41279e+11|1.99581e+13,1.19121e+13|5.74607e+10|1.39506e+12|1.6398e+12|1.26993e+12|6.31783e+11|1.08781e+10|4.27301e+09|7.72178e+10|6.13322e+12|7.4533e+12|5.68247e+10|5.45815e+09|1.80632e+11|3.91236e+12|5.46248e+10|5.69937e+10|1.65379e+13,0.000272813|2.22486e-05|0.000240865|0.000236651|0.000140781|0.000273727|9.0809e-05|0.000672453|1.44025e-05|1.7303e-05|0.000115516|0.000208244|2.4748e-05|0.000137431|0.000374552|7.88144e-05|0.000133309|1.10176e-05,0.000247513|0.0017649|0.00269887|0.000144035|0.000236843|0.000148505|0.00346885|0.00709411|0.0082118|0.0037958|0.000803332|0.000162239|0.000559379|0.00038|0.00159185|0.00654761|0.000128581|0.0003012,0.0267276|0.0257131|0.0137582|0.0453925|0.0184192|0.00791251|0.0448555|0.0149108|0.0212901|0.0274705|0.00362957|0.00134448|0.0302924|0.0351794|0.0267406|0.0355868|0.0160189|0.0354931,0.00109024|0.0393537|0.00978248|0.032154|0.0133546|0.00663636|0.0411686|0.0420171|0.017526|0.00642684|0.0393535|0.0159645|0.0390973|0.0410032|0.0256969|0.0025477|0.0314455|0.0378422,0.947856|0.962581|0.920316|0.94335|0.978748|0.988586|0.9175|0.950942|0.933849|0.903274|0.912009|0.918227|0.934635|0.944217|0.981074|0.983979|0.986727|0.93728,3.42645|3.77893|1.24496|4.14497|0.907615|5.73996|0.574724|5.16975|2.38092|1.40891|2.47916|6.21195|3.93309|6.20274|3.83823|5.1941|2.2481|4.12651,79.8117|37.015|83.9106|13.9548|24.4191|65.1286|34.0839|55.8812|67.5745|66.6304|52.1141|81.7362|37.2729|32.9383|55.4093|99.595|65.9961,0.180902|0.185025|0.235608|0.17533|0.19865|0.167515|0.248622|0.248061|0.166922|0.19539|0.220919|0.246934|0.160203|0.189792|0.245267|0.194831|0.213203,0.956865|0.12338|0.629113|0.469559|0.54288|0.853399|0.539818|0.990161|0.619697|0.776204|0.42528|0.747741|0.316848|0.663025|0.471863|0.756576|0.42835,0.947089,0.929897,0.0537595,0.0057309,0.115486,0.547306,0.2767,0.482509,0.0776559,0.878555,72.0946,2.67492e-12,16056,0.872503,33.453,1.99398e-12,24666,0.931768,0.905326,0.0406295,0.553862,0.492708,0.529597,0.286795,0.463067,0.265174,0.926863,72.3298,3.14198e-12,40952,0.801015,98.3984,2.667e-11,46210
6,160,n1->n11->n21->n22->n12->n2->n3->n13->n14->n24->n25->n26->n16->n6->n7->n8->n9->n10,4.55588e+13|1.15025e+12|2.40242e+10|7.03401e+09|9.70647e+12|5.23413e+11|1.19214e+13|1.70175e+12|2.4844e+13|5.30865e+13|2.01397e+10|9.98399e+13|1.96299e+11|2.57217e+11|2.4859e+13|4.88124e+11|5.41279e+11|1.99581e+13,1.19121e+13|6.31783e+11|1.08781e+10|4.27301e+09|1.26993e+12|5.74607e+10|1.39506e+12|1.6398e+12|7.4533e+12|6.13322e+12|2.08097e+09|5.87009e+13|4.16811e+10|1.80632e+11|3.91236e+12|5.46248e+10|5.69937e+10|1.65379e+13,0.000272813|0.000273727|9.0809e-05|0.000672453|0.000140781|2.22486e-05|0.000240865|0.000236651|0.000115516|1.7303e-05|2.70509e-05|0.000118769|1.24441e-05|0.000137431|0.000374552|7.88144e-05|0.000133309|1.10176e-05,0.000247513|0.000148505|0.00346885|0.00709411|0.000236843|0.0017649|0.00269887|0.000144035|0.000803332|0.0037958|0.00299666|0.000323253|0.000118496|0.00038|0.00159185|0.00654761|0.000128581|0.0003012,0.0267276|0.00791251|0.0448555|0.0149108|0.0184192|0.0257131|0.0137582|0.0453925|0.00362957|0.0274705|0.0427717|0.0160653|0.0196441|0.0351794|0.0267406|0.0355868|0.0160189|0.0354931,0.00109024|0.00663636|0.0411686|0.0420171|0.0133546|0.0393537|0.00978248|0.032154|0.0393535|0.00642684|0.0449118|0.0257682|0.0465121|0.0410032|0.0256969|0.0025477|0.0314455|0.0378422,0.947856|0.988586|0.9175|0.950942|0.978748|0.962581|0.920316|0.94335|0.912009|0.903274|0.937042|0.951498|0.969417|0.944217|0.981074|0.983979|0.986727|0.93728,3.42645|5.73996|0.574724|5.16975|0.907615|3.77893|1.24496|4.14497|2.47916|1.40891|2.00694|0.0859455|2.19452|6.20274|3.83823|5.1941|2.2481|4.12651,30.2686|65.1286|34.0839|13.2112|88.6198|37.015|83.9106|56.34|66.6304|18.2346|55.6995|11.0615|50.0569|32.9383|55.4093|99.595|65.9961,0.210339|0.167515|0.248622|0.235624|0.229809|0.185025|0.235608|0.243804|0.19539|0.244562|0.190523|0.223866|0.177576|0.189792|0.245267|0.194831|0.213203,0.907958|0.853399|0.539818|0.512005|0.73214|0.12338|0.629113|0.288383|0.776204|0.255688|0.158588|0.893757|0.337265|0.663025|0.471863|0.756576|0.42835,0.947089,0.929897,0.0537595,0.0057309,0.115486,0.547306,0.2767,0.482509,0.0776559,0.878555,72.0946,2.67492e-12,16056,0.872503,33.453,1.99398e-12,24666,0.931768,0.905326,0.0406295,0.553862,0.492708,0.529597,0.286795,0.463067,0.265174,0.926863,72.3298,3.14198e-12,40952,0.801015,98.3984,2.667e-11,46210
6,161,n1->n11->n12->n2->n3->n4->n14->n24->n34->n35->n45->n46->n36->n26->n16->n17->n18->n19->n20->n10,4.55588e+13|1.15025e+12|9.70647e+12|5.23413e+11|1.19214e+13|4.15825e+11|2.4844e+13|5.30865e+13|1.55627e+09|7.70315e+09|2.63664e+13|1.86725e+13|1.32672e+11|9.98399e+13|1.96299e+11|6.92201e+13|8.81528e+10|2.45264e+13|1.52852e+09|1.99581e+13,1.19121e+13|6.31783e+11|1.26993e+12|5.74607e+10|1.39506e+12|5.68247e+10|7.4533e+12|6.13322e+12|1.25401e+09|5.01926e+09|1.23689e+13|1.46076e+13|1.07428e+11|5.87009e+13|4.16811e+10|1.85776e+13|7.0302e+10|2.78019e+12|2.19744e+08|1.65379e+13,0.000272813|0.000273727|0.000140781|2.22486e-05|0.000240865|0.000208244|0.000115516|1.7303e-05|0.000804578|5.09272e-05|3.95057e-05|0.00067309|0.000101342|0.000118769|1.24441e-05|3.57755e-05|0.000192647|4.2477e-05|0.00080518|1.10176e-05,0.000247513|0.000148505|0.000236843|0.0017649|0.00269887|0.000162239|0.000803332|0.0037958|0.000101616|0.000835052|0.0002769|0.000385752|0.00680413|0.000323253|0.000118496|0.000712371|0.000947335|0.00118483|0.00141516|0.0003012,0.0267276|0.00791251|0.0184192|0.0257131|0.0137582|0.00134448|0.00362957|0.0274705|0.0106396|0.0193653|0.0341538|0.00601563|0.0275064|0.0160653|0.0196441|0.0105772|0.00660715|0.0169907|0.024448|0.0354931,0.00109024|0.00663636|0.0133546|0.0393537|0.00978248|0.0159645|0.0393535|0.00642684|0.00900971|0.026069|0.0459766|0.0219999|0.0384409|0.0257682|0.0465121|0.0442819|0.0450958|0.0238367|0.0192162|0.0378422,0.947856|0.988586|0.978748|0.962581|0.920316|0.918227|0.912009|0.903274|0.974224|0.945614|0.928418|0.928098|0.927891|0.951498|0.969417|0.934311|0.951948|0.92511|0.9673|0.93728,3.42645|5.73996|0.907615|3.77893|1.24496|6.21195|2.47916|1.40891|3.75785|1.72526|2.02042|5.5535|4.96631|0.0859455|2.19452|4.13414|1.79104|0.817336|0.887559|4.12651,30.2686|24.4191|88.6198|37.015|10.4739|52.1141|66.6304|58.7029|31.5608|97.1045|61.2725|70.4589|63.8366|11.0615|32.2763|27.3162|28.0546|10.3361|29.3778,0.210339|0.19865|0.229809|0.185025|0.209094|0.220919|0.19539|0.201644|0.244982|0.218477|0.221931|0.183257|0.166971|0.223866|0.211942|0.218168|0.244543|0.171305|0.160098,0.907958|0.54288|0.73214|0.12338|0.833808|0.42528|0.776204|0.191839|0.420555|0.912545|0.978505|0.477463|0.576097|0.893757|0.374165|0.309735|0.240936|0.982386|0.879487,0.947089,0.929897,0.0537595,0.0057309,0.115486,0.547306,0.2767,0.482509,0.0776559,0.878555,72.0946,2.67492e-12,16056,0.872503,33.453,1.99398e-12,24666,0.931768,0.905326,0.0406295,0.553862,0.492708,0.529597,0.286795,0.463067,0.265174,0.926863,72.3298,3.14198e-12,40952,0.801015,98.3984,2.667e-11,46210
6,162,n1->n11->n21->n31->n32->n22->n23->n24->n34->n35->n36->n26->n16->n17->n27->n28->n18->n19->n9->n10,4.55588e+13|1.15025e+12|2.40242e+10|1.31436e+10|1.62664e+12|7.03401e+09|5.51854e+11|5.30865e+13|1.55627e+09|7.70315e+09|1.32672e+11|9.98399e+13|1.96299e+11|6.92201e+13|6.26614e+13|1.9542e+12|8.81528e+10|2.45264e+13|5.41279e+11|1.99581e+13,1.19121e+13|6.31783e+11|1.08781e+10|1.08408e+10|3.80816e+11|4.27301e+09|7.72178e+10|6.13322e+12|1.25401e+09|5.01926e+09|1.07428e+11|5.87009e+13|4.16811e+10|1.85776e+13|2.35834e+13|1.33825e+12|7.0302e+10|2.78019e+12|5.69937e+10|1.65379e+13,0.000272813|0.000273727|9.0809e-05|0.000575588|8.81807e-05|0.000672453|1.44025e-05|1.7303e-05|0.000804578|5.09272e-05|0.000101342|0.000118769|1.24441e-05|3.57755e-05|0.000150771|2.58334e-05|0.000192647|4.2477e-05|0.000133309|1.10176e-05,0.000247513|0.000148505|0.00346885|0.00434396|0.000951259|0.00709411|0.0082118|0.0037958|0.000101616|0.000835052|0.00680413|0.000323253|0.000118496|0.000712371|0.000264815|0.00569206|0.000947335|0.00118483|0.000128581|0.0003012,0.0267276|0.00791251|0.0448555|0.0356972|0.0119964|0.0149108|0.0212901|0.0274705|0.0106396|0.0193653|0.0275064|0.0160653|0.0196441|0.0105772|0.0382494|0.0230741|0.00660715|0.0169907|0.0160189|0.0354931,0.00109024|0.00663636|0.0411686|0.0077036|0.0157083|0.0420171|0.017526|0.00642684|0.00900971|0.026069|0.0384409|0.0257682|0.0465121|0.0442819|0.0368632|0.00482618|0.0450958|0.0238367|0.0314455|0.0378422,0.947856|0.988586|0.9175|0.904595|0.939747|0.950942|0.933849|0.903274|0.974224|0.945614|0.927891|0.951498|0.969417|0.934311|0.90904|0.910034|0.951948|0.92511|0.986727|0.93728,3.42645|5.73996|0.574724|4.1085|3.78989|5.16975|2.38092|1.40891|3.75785|1.72526|4.96631|0.0859455|2.19452|4.13414|3.73846|1.24284|1.79104|0.817336|2.2481|4.12651,30.2686|65.1286|89.2299|63.0993|86.2435|55.8812|67.5745|58.7029|31.5608|18.7034|63.8366|11.0615|32.2763|72.2829|15.3326|43.2583|28.0546|99.0064|65.9961,0.210339|0.167515|0.160794|0.24519|0.178944|0.248061|0.166922|0.201644|0.244982|0.214791|0.166971|0.223866|0.211942|0.20897|0.200691|0.171475|0.244543|0.210817|0.213203,0.907958|0.853399|0.318275|0.75498|0.653738|0.990161|0.619697|0.191839|0.420555|0.496108|0.576097|0.893757|0.374165|0.780344|0.938399|0.471649|0.240936|0.387396|0.42835,0.947089,0.929897,0.0537595,0.0057309,0.115486,0.547306,0.2767,0.482509,0.0776559,0.878555,72.0946,2.67492e-12,16056,0.872503,33.453,1.99398e-12,24666,0.931768,0.905326,0.0406295,0.553862,0.492708,0.529597,0.286795,0.463067,0.265174,0.926863,72.3298,3.14198e-12,40952,0.801015,98.3984,2.667e-11,46210
6,163,n1->n11->n21->n22->n32->n33->n34->n24->n25->n35->n45->n46->n47->n48->n49->n50->n40->n30->n20->n10,4.55588e+13|1.15025e+12|2.40242e+10|7.03401e+09|1.62664e+12|6.01307e+13|1.55627e+09|5.30865e+13|2.01397e+10|7.70315e+09|2.63664e+13|1.86725e+13|1.52467e+09|1.10554e+09|6.34486e+09|7.17196e+10|1.03737e+12|1.45391e+13|1.52852e+09|1.99581e+13,1.19121e+13|6.31783e+11|1.08781e+10|4.27301e+09|3.80816e+11|2.07769e+13|1.25401e+09|6.13322e+12|2.08097e+09|5.01926e+09|1.23689e+13|1.46076e+13|6.56229e+08|1.05866e+09|3.91806e+09|5.77253e+10|3.64009e+11|6.46288e+12|2.19744e+08|1.65379e+13,0.000272813|0.000273727|9.0809e-05|0.000672453|8.81807e-05|0.000289953|0.000804578|1.7303e-05|2.70509e-05|5.09272e-05|3.95057e-05|0.00067309|0.000649176|0.00063893|0.000128505|0.000438918|1.31439e-05|0.000269765|0.00080518|1.10176e-05,0.000247513|0.000148505|0.00346885|0.00709411|0.000951259|0.00411152|0.000101616|0.0037958|0.00299666|0.000835052|0.0002769|0.000385752|0.00898133|0.00011379|0.000568569|0.00419152|0.00249226|0.000185529|0.00141516|0.0003012,0.0267276|0.00791251|0.0448555|0.0149108|0.0119964|0.00567541|0.0106396|0.0274705|0.0427717|0.0193653|0.0341538|0.00601563|0.0325065|0.000906633|0.00728599|0.0308099|0.0358168|0.000483153|0.024448|0.0354931,0.00109024|0.00663636|0.0411686|0.0420171|0.0157083|0.0326562|0.00900971|0.00642684|0.0449118|0.026069|0.0459766|0.0219999|0.0474961|0.0183485|0.0498846|0.0443978|0.025624|0.0217074|0.0192162|0.0378422,0.947856|0.988586|0.9175|0.950942|0.939747|0.945801|0.974224|0.903274|0.937042|0.945614|0.928418|0.928098|0.907188|0.924561|0.958709|0.928431|0.982687|0.908504|0.9673|0.93728,3.42645|5.73996|0.574724|5.16975|3.78989|3.59669|3.75785|1.40891|2.00694|1.72526|2.02042|5.5535|2.25741|5.32143|2.76072|4.42152|4.22505|2.24783|0.887559|4.12651,30.2686|65.1286|34.0839|86.2435|67.4197|23.5709|58.7029|18.2346|88.4205|97.1045|61.2725|46.986|13.4252|52.0957|38.9947|91.3525|98.0873|23.9015|29.3778,0.210339|0.167515|0.248622|0.178944|0.212413|0.193865|0.201644|0.244562|0.183809|0.218477|0.221931|0.246821|0.166796|0.208555|0.205861|0.234372|0.186632|0.180438|0.160098,0.907958|0.853399|0.539818|0.653738|0.400026|0.62087|0.191839|0.255688|0.991201|0.912545|0.978505|0.721008|0.904036|0.452723|0.130546|0.183451|0.334156|0.504214|0.879487,0.947089,0.929897,0.0537595,0.0057309,0.115486,0.547306,0.2767,0.482509,0.0776559,0.878555,72.0946,2.67492e-12,16056,0.872503,33.453,1.99398e-12,24666,0.931768,0.905326,0.0406295,0.553862,0.492708,0.529597,0.286795,0.463067,0.265174,0.926863,72.3298,3.14198e-12,40952,0.801015,98.3984,2.667e-11,46210
6,164,n1->n11->n21->n31->n41->n51->n52->n42->n43->n33->n34->n24->n25->n15->n16->n17->n7->n8->n9->n10,4.55588e+13|1.15025e+12|2.40242e+10|1.31436e+10|6.50614e+10|1.05254e+11|7.81698e+12|7.99037e+12|4.65774e+10|6.01307e+13|1.55627e+09|5.30865e+13|2.01397e+10|8.59239e+10|1.96299e+11|6.92201e+13|2.4859e+13|4.88124e+11|5.41279e+11|1.99581e+13,1.19121e+13|6.31783e+11|1.08781e+10|1.08408e+10|6.80797e+09|4.19023e+10|9.08288e+11|4.71905e+12|4.26293e+10|2.07769e+13|1.25401e+09|6.13322e+12|2.08097e+09|1.6374e+10|4.16811e+10|1.85776e+13|3.91236e+12|5.46248e+10|5.69937e+10|1.65379e+13,0.000272813|0.000273727|9.0809e-05|0.000575588|1.31318e-05|0.00099153|4.41855e-05|5.83281e-05|0.000103516|0.000289953|0.000804578|1.7303e-05|2.70509e-05|6.38284e-05|1.24441e-05|3.57755e-05|0.000374552|7.88144e-05|0.000133309|1.10176e-05,0.000247513|0.000148505|0.00346885|0.00434396|0.000505355|0.00931214|0.00621047|0.000221171|0.00441865|0.00411152|0.000101616|0.0037958|0.00299666|0.00172194|0.000118496|0.000712371|0.00159185|0.00654761|0.000128581|0.0003012,0.0267276|0.00791251|0.0448555|0.0356972|0.0231053|0.025631|0.0384176|0.00554542|0.0064633|0.00567541|0.0106396|0.0274705|0.0427717|0.0155694|0.0196441|0.0105772|0.0267406|0.0355868|0.0160189|0.0354931,0.00109024|0.00663636|0.0411686|0.0077036|0.00834356|0.0286932|0.0371117|0.00435647|0.0134039|0.0326562|0.00900971|0.00642684|0.0449118|0.0086256|0.0465121|0.0442819|0.0256969|0.0025477|0.0314455|0.0378422,0.947856|0.988586|0.9175|0.904595|0.917986|0.985246|0.963453|0.937172|0.989922|0.945801|0.974224|0.903274|0.937042|0.98259|0.969417|0.934311|0.981074|0.983979|0.986727|0.93728,3.42645|5.73996|0.574724|4.1085|1.44646|6.19293|2.60918|0.286152|2.40993|3.59669|3.75785|1.40891|2.00694|6.09992|2.19452|4.13414|3.83823|5.1941|2.2481|4.12651,30.2686|65.1286|89.2299|64.4551|23.0914|43.4967|93.5115|27.3217|49.6282|23.5709|58.7029|18.2346|54.7186|56.2706|32.2763|59.8148|55.4093|99.595|65.9961,0.210339|0.167515|0.160794|0.171418|0.211672|0.216157|0.238422|0.216152|0.223945|0.193865|0.201644|0.244562|0.244234|0.241799|0.211942|0.182049|0.245267|0.194831|0.213203,0.907958|0.853399|0.318275|0.943936|0.897085|0.821507|0.293266|0.97627|0.275837|0.62087|0.191839|0.255688|0.629787|0.73275|0.374165|0.538397|0.471863|0.756576|0.42835,0.947089,0.929897,0.0537595,0.0057309,0.115486,0.547306,0.2767,0.482509,0.0776559,0.878555,72.0946,2.67492e-12,16056,0.872503,33.453,1.99398e-12,24666,0.931768,0.905326,0.0406295,0.553862,0.492708,0.529597,0.286795,0.463067,0.265174,0.926863,72.3298,3.14198e-12,40952,0.801015,98.3984,2.667e-11,46210
6,165,n1->n11->n12->n22->n23->n33->n34->n35->n36->n46->n56->n57->n47->n48->n49->n50->n40->n30->n20->n10,4.55588e+13|1.15025e+12|9.70647e+12|7.03401e+09|5.51854e+11|6.01307e+13|1.55627e+09|7.70315e+09|1.32672e+11|1.86725e+13|7.29641e+11|2.08395e+09|1.52467e+09|1.10554e+09|6.34486e+09|7.17196e+10|1.03737e+12|1.45391e+13|1.52852e+09|1.99581e+13,1.19121e+13|6.31783e+11|1.26993e+12|4.27301e+09|7.72178e+10|2.07769e+13|1.25401e+09|5.01926e+09|1.07428e+11|1.46076e+13|1.72206e+11|5.05694e+08|6.56229e+08|1.05866e+09|3.91806e+09|5.77253e+10|3.64009e+11|6.46288e+12|2.19744e+08|1.65379e+13,0.000272813|0.000273727|0.000140781|0.000672453|1.44025e-05|0.000289953|0.000804578|5.09272e-05|0.000101342|0.00067309|1.15304e-05|4.30786e-05|0.000649176|0.00063893|0.000128505|0.000438918|1.31439e-05|0.000269765|0.00080518|1.10176e-05,0.000247513|0.000148505|0.000236843|0.00709411|0.0082118|0.00411152|0.000101616|0.000835052|0.00680413|0.000385752|0.00676019|0.00251485|0.00898133|0.00011379|0.000568569|0.00419152|0.00249226|0.000185529|0.00141516|0.0003012,0.0267276|0.00791251|0.0184192|0.0149108|0.0212901|0.00567541|0.0106396|0.0193653|0.0275064|0.00601563|0.0163578|0.0409891|0.0325065|0.000906633|0.00728599|0.0308099|0.0358168|0.000483153|0.024448|0.0354931,0.00109024|0.00663636|0.0133546|0.0420171|0.017526|0.0326562|0.00900971|0.026069|0.0384409|0.0219999|0.0352389|0.0111223|0.0474961|0.0183485|0.0498846|0.0443978|0.025624|0.0217074|0.0192162|0.0378422,0.947856|0.988586|0.978748|0.950942|0.933849|0.945801|0.974224|0.945614|0.927891|0.928098|0.965953|0.950182|0.907188|0.924561|0.958709|0.928431|0.982687|0.908504|0.9673|0.93728,3.42645|5.73996|0.907615|5.16975|2.38092|3.59669|3.75785|1.72526|4.96631|5.5535|1.59519|0.25515|2.25741|5.32143|2.76072|4.42152|4.22505|2.24783|0.887559|4.12651,30.2686|24.4191|13.2112|55.8812|76.7594|23.5709|31.5608|18.7034|70.4589|31.554|71.5316|88.8597|13.4252|52.0957|38.9947|91.3525|98.0873|23.9015|29.3778,0.210339|0.19865|0.235624|0.248061|0.171333|0.193865|0.244982|0.214791|0.183257|0.213305|0.217366|0.216295|0.166796|0.208555|0.205861|0.234372|0.186632|0.180438|0.160098,0.907958|0.54288|0.512005|0.990161|0.836795|0.62087|0.420555|0.496108|0.477463|0.585681|0.964843|0.614501|0.904036|0.452723|0.130546|0.183451|0.334156|0.504214|0.879487,0.947089,0.929897,0.0537595,0.0057309,0.115486,0.547306,0.2767,0.482509,0.0776559,0.878555,72.0946,2.67492e-12,16056,0.872503,33.453,1.99398e-12,24666,0.931768,0.905326,0.0406295,0.553862,0.492708,0.529597,0.286795,0.463067,0.265174,0.926863,72.3298,3.14198e-12,40952,0.801015,98.3984,2.667e-11,46210
6,166,n1->n11->n21->n22->n23->n24->n14->n4->n5->n15->n25->n35->n36->n37->n38->n39->n29->n30->n20->n10,4.55588e+13|1.15025e+12|2.40242e+10|7.03401e+09|5.51854e+11|5.30865e+13|2.4844e+13|4.15825e+11|3.27327e+10|8.59239e+10|2.01397e+10|7.70315e+09|1.32672e+11|2.09705e+10|3.12412e+13|8.73226e+09|2.59271e+10|1.45391e+13|1.52852e+09|1.99581e+13,1.19121e+13|6.31783e+11|1.08781e+10|4.27301e+09|7.72178e+10|6.13322e+12|7.4533e+12|5.68247e+10|5.45815e+09|1.6374e+10|2.08097e+09|5.01926e+09|1.07428e+11|2.1936e+09|1.73182e+13|2.42615e+09|8.13129e+09|6.46288e+12|2.19744e+08|1.65379e+13,0.000272813|0.000273727|9.0809e-05|0.000672453|1.44025e-05|1.7303e-05|0.000115516|0.000208244|2.4748e-05|6.38284e-05|2.70509e-05|5.09272e-05|0.000101342|2.09632e-05|4.61837e-05|0.000116161|0.000314414|0.000269765|0.00080518|1.10176e-05,0.000247513|0.000148505|0.00346885|0.00709411|0.0082118|0.0037958|0.000803332|0.000162239|0.000559379|0.00172194|0.00299666|0.000835052|0.00680413|0.000110486|0.00101055|0.0029589|0.000236294|0.000185529|0.00141516|0.0003012,0.0267276|0.00791251|0.0448555|0.0149108|0.0212901|0.0274705|0.00362957|0.00134448|0.0302924|0.0155694|0.0427717|0.0193653|0.0275064|0.0473531|0.033088|0.0482227|0.0496326|0.000483153|0.024448|0.0354931,0.00109024|0.00663636|0.0411686|0.0420171|0.017526|0.00642684|0.0393535|0.0159645|0.0390973|0.0086256|0.0449118|0.026069|0.0384409|0.0499989|0.00120252|0.0424138|0.0080761|0.0217074|0.0192162|0.0378422,0.947856|0.988586|0.9175|0.950942|0.933849|0.903274|0.912009|0.918227|0.934635|0.98259|0.937042|0.945614|0.927891|0.972412|0.947646|0.959044|0.956941|0.908504|0.9673|0.93728,3.42645|5.73996|0.574724|5.16975|2.38092|1.40891|2.47916|6.21195|3.93309|6.09992|2.00694|1.72526|4.96631|0.679389|4.60178|3.66712|5.8367|2.24783|0.887559|4.12651,30.2686|65.1286|34.0839|55.8812|67.5745|66.6304|52.1141|81.7362|35.0583|54.7186|88.4205|18.7034|29.3504|37.0378|69.5993|44.1502|83.4704|23.9015|29.3778,0.210339|0.167515|0.248622|0.248061|0.166922|0.19539|0.220919|0.246934|0.228753|0.244234|0.183809|0.214791|0.232026|0.209844|0.185434|0.214077|0.183396|0.180438|0.160098,0.907958|0.853399|0.539818|0.990161|0.619697|0.776204|0.42528|0.747741|0.738884|0.629787|0.991201|0.496108|0.841833|0.139772|0.333363|0.641975|0.855906|0.504214|0.879487,0.947089,0.929897,0.0537595,0.0057309,0.115486,0.547306,0.2767,0.482509,0.0776559,0.878555,72.0946,2.67492e-12,16056,0.872503,33.453,1.99398e-12,24666,0.931768,0.905326,0.0406295,0.553862,0.492708,0.529597,0.286795,0.463067,0.265174,0.926863,72.3298,3.14198e-12,40952,0.801015,98.3984,2.667e-11,46210
6,167,n1->n2->n3->n4->n5->n6->n7->n8->n18->n17->n27->n26->n36->n37->n38->n39->n40->n30->n20->n10,4.55588e+13|5.23413e+11|1.19214e+13|4.15825e+11|3.27327e+10|2.57217e+11|2.4859e+13|4.88124e+11|8.81528e+10|6.92201e+13|6.26614e+13|9.98399e+13|1.32672e+11|2.09705e+10|3.12412e+13|8.73226e+09|1.03737e+12|1.45391e+13|1.52852e+09|1.99581e+13,1.19121e+13|5.74607e+10|1.39506e+12|5.68247e+10|5.45815e+09|1.80632e+11|3.91236e+12|5.46248e+10|7.0302e+10|1.85776e+13|2.35834e+13|5.87009e+13|1.07428e+11|2.1936e+09|1.73182e+13|2.42615e+09|3.64009e+11|6.46288e+12|2.19744e+08|1.65379e+13,0.000272813|2.22486e-05|0.000240865|0.000208244|2.4748e-05|0.000137431|0.000374552|7.88144e-05|0.000192647|3.57755e-05|0.000150771|0.000118769|0.000101342|2.09632e-05|4.61837e-05|0.000116161|1.31439e-05|0.000269765|0.00080518|1.10176e-05,0.000247513|0.0017649|0.00269887|0.000162239|0.000559379|0.00038|0.00159185|0.00654761|0.000947335|0.000712371|0.000264815|0.000323253|0.00680413|0.000110486|0.00101055|0.0029589|0.00249226|0.000185529|0.00141516|0.0003012,0.0267276|0.0257131|0.0137582|0.00134448|0.0302924|0.0351794|0.0267406|0.0355868|0.00660715|0.0105772|0.0382494|0.0160653|0.0275064|0.0473531|0.033088|0.0482227|0.0358168|0.000483153|0.024448|0.0354931,0.00109024|0.0393537|0.00978248|0.0159645|0.0390973|0.0410032|0.0256969|0.0025477|0.0450958|0.0442819|0.0368632|0.0257682|0.0384409|0.0499989|0.00120252|0.0424138|0.025624|0.0217074|0.0192162|0.0378422,0.947856|0.962581|0.920316|0.918227|0.934635|0.944217|0.981074|0.983979|0.951948|0.934311|0.90904|0.951498|0.927891|0.972412|0.947646|0.959044|0.982687|0.908504|0.9673|0.93728,3.42645|3.77893|1.24496|6.21195|3.93309|6.20274|3.83823|5.1941|1.79104|4.13414|3.73846|0.0859455|4.96631|0.679389|4.60178|3.66712|4.22505|2.24783|0.887559|4.12651,79.8117|37.015|10.4739|81.7362|37.2729|32.9383|55.4093|81.3396|27.3162|72.2829|42.5138|63.8366|29.3504|37.0378|69.5993|86.0567|98.0873|23.9015|29.3778,0.180902|0.185025|0.209094|0.246934|0.160203|0.189792|0.245267|0.24659|0.218168|0.20897|0.164014|0.166971|0.232026|0.209844|0.185434|0.214434|0.186632|0.180438|0.160098,0.956865|0.12338|0.833808|0.747741|0.316848|0.663025|0.471863|0.632564|0.309735|0.780344|0.873071|0.576097|0.841833|0.139772|0.333363|0.625209|0.334156|0.504214|0.879487,0.947089,0.929897,0.0537595,0.0057309,0.115486,0.547306,0.2767,0.482509,0.0776559,0.878555,72.0946,2.67492e-12,16056,0.872503,33.453,1.99398e-12,24666,0.931768,0.905326,0.0406295,0.553862,0.492708,0.529597,0.286795,0.463067,0.265174,0.926863,72.3298,3.14198e-12,40952,0.801015,98.3984,2.667e-11,46210
6,168,n1->n2->n12->n11->n21->n31->n32->n22->n23->n33->n34->n35->n36->n26->n16->n17->n7->n8->n9->n10,4.55588e+13|5.23413e+11|9.70647e+12|1.15025e+12|2.40242e+10|1.31436e+10|1.62664e+12|7.03401e+09|5.51854e+11|6.01307e+13|1.55627e+09|7.70315e+09|1.32672e+11|9.98399e+13|1.96299e+11|6.92201e+13|2.4859e+13|4.88124e+11|5.41279e+11|1.99581e+13,1.19121e+13|5.74607e+10|1.26993e+12|6.31783e+11|1.08781e+10|1.08408e+10|3.80816e+11|4.27301e+09|7.72178e+10|2.07769e+13|1.25401e+09|5.01926e+09|1.07428e+11|5.87009e+13|4.16811e+10|1.85776e+13|3.91236e+12|5.46248e+10|5.69937e+10|1.65379e+13,0.000272813|2.22486e-05|0.000140781|0.000273727|9.0809e-05|0.000575588|8.81807e-05|0.000672453|1.44025e-05|0.000289953|0.000804578|5.09272e-05|0.000101342|0.000118769|1.24441e-05|3.57755e-05|0.000374552|7.88144e-05|0.000133309|1.10176e-05,0.000247513|0.0017649|0.000236843|0.000148505|0.00346885|0.00434396|0.000951259|0.00709411|0.0082118|0.00411152|0.000101616|0.000835052|0.00680413|0.000323253|0.000118496|0.000712371|0.00159185|0.00654761|0.000128581|0.0003012,0.0267276|0.0257131|0.0184192|0.00791251|0.0448555|0.0356972|0.0119964|0.0149108|0.0212901|0.00567541|0.0106396|0.0193653|0.0275064|0.0160653|0.0196441|0.0105772|0.0267406|0.0355868|0.0160189|0.0354931,0.00109024|0.0393537|0.0133546|0.00663636|0.0411686|0.0077036|0.0157083|0.0420171|0.017526|0.0326562|0.00900971|0.026069|0.0384409|0.0257682|0.0465121|0.0442819|0.0256969|0.0025477|0.0314455|0.0378422,0.947856|0.962581|0.978748|0.988586|0.9175|0.904595|0.939747|0.950942|0.933849|0.945801|0.974224|0.945614|0.927891|0.951498|0.969417|0.934311|0.981074|0.983979|0.986727|0.93728,3.42645|3.77893|0.907615|5.73996|0.574724|4.1085|3.78989|5.16975|2.38092|3.59669|3.75785|1.72526|4.96631|0.0859455|2.19452|4.13414|3.83823|5.1941|2.2481|4.12651,79.8117|88.6198|24.4191|65.1286|89.2299|63.0993|86.2435|55.8812|76.7594|23.5709|31.5608|18.7034|63.8366|11.0615|32.2763|59.8148|55.4093|99.595|65.9961,0.180902|0.229809|0.19865|0.167515|0.160794|0.24519|0.178944|0.248061|0.171333|0.193865|0.244982|0.214791|0.166971|0.223866|0.211942|0.182049|0.245267|0.194831|0.213203,0.956865|0.73214|0.54288|0.853399|0.318275|0.75498|0.653738|0.990161|0.836795|0.62087|0.420555|0.496108|0.576097|0.893757|0.374165|0.538397|0.471863|0.756576|0.42835,0.947089,0.929897,0.0537595,0.0057309,0.115486,0.547306,0.2767,0.482509,0.0776559,0.878555,72.0946,2.67492e-12,16056,0.872503,33.453,1.99398e-12,24666,0.931768,0.905326,0.0406295,0.553862,0.492708,0.529597,0.286795,0.463067,0.265174,0.926863,72.3298,3.14198e-12,40952,0.801015,98.3984,2.667e-11,46210
6,169,n1->n2->n3->n13->n23->n33->n34->n35->n45->n55->n56->n46->n47->n37->n27->n17->n18->n8->n9->n10,4.55588e+13|5.23413e+11|1.19214e+13|1.70175e+12|5.51854e+11|6.01307e+13|1.55627e+09|7.70315e+09|2.63664e+13|3.50244e+11|7.29641e+11|1.86725e+13|1.52467e+09|2.09705e+10|6.26614e+13|6.92201e+13|8.81528e+10|4.88124e+11|5.41279e+11|1.99581e+13,1.19121e+13|5.74607e+10|1.39506e+12|1.6398e+12|7.72178e+10|2.07769e+13|1.25401e+09|5.01926e+09|1.23689e+13|1.76333e+11|1.72206e+11|1.46076e+13|6.56229e+08|2.1936e+09|2.35834e+13|1.85776e+13|7.0302e+10|5.46248e+10|5.69937e+10|1.65379e+13,0.000272813|2.22486e-05|0.000240865|0.000236651|1.44025e-05|0.000289953|0.000804578|5.09272e-05|3.95057e-05|0.000594104|1.15304e-05|0.00067309|0.000649176|2.09632e-05|0.000150771|3.57755e-05|0.000192647|7.88144e-05|0.000133309|1.10176e-05,0.000247513|0.0017649|0.00269887|0.000144035|0.0082118|0.00411152|0.000101616|0.000835052|0.0002769|0.00142544|0.00676019|0.000385752|0.00898133|0.000110486|0.000264815|0.000712371|0.000947335|0.00654761|0.000128581|0.0003012,0.0267276|0.0257131|0.0137582|0.0453925|0.0212901|0.00567541|0.0106396|0.0193653|0.0341538|0.00581636|0.0163578|0.00601563|0.0325065|0.0473531|0.0382494|0.0105772|0.00660715|0.0355868|0.0160189|0.0354931,0.00109024|0.0393537|0.00978248|0.032154|0.017526|0.0326562|0.00900971|0.026069|0.0459766|0.000128931|0.0352389|0.0219999|0.0474961|0.0499989|0.0368632|0.0442819|0.0450958|0.0025477|0.0314455|0.0378422,0.947856|0.962581|0.920316|0.94335|0.933849|0.945801|0.974224|0.945614|0.928418|0.947208|0.965953|0.928098|0.907188|0.972412|0.90904|0.934311|0.951948|0.983979|0.986727|0.93728,3.42645|3.77893|1.24496|4.14497|2.38092|3.59669|3.75785|1.72526|2.02042|5.9642|1.59519|5.5535|2.25741|0.679389|3.73846|4.13414|1.79104|5.1941|2.2481|4.12651,79.8117|37.015|83.9106|51.9585|76.7594|23.5709|31.5608|97.1045|43.8659|40.979|31.554|46.986|88.6669|44.8869|72.2829|27.3162|81.3396|99.595|65.9961,0.180902|0.185025|0.235608|0.224371|0.171333|0.193865|0.244982|0.218477|0.178217|0.187023|0.213305|0.246821|0.229281|0.177914|0.20897|0.218168|0.24659|0.194831|0.213203,0.956865|0.12338|0.629113|0.980199|0.836795|0.62087|0.420555|0.912545|0.453573|0.433559|0.585681|0.721008|0.391117|0.261714|0.780344|0.309735|0.632564|0.756576|0.42835,0.947089,0.929897,0.0537595,0.0057309,0.115486,0.547306,0.2767,0.482509,0.0776559,0.878555,72.0946,2.67492e-12,16056,0.872503,33.453,1.99398e-12,24666,0.931768,0.905326,0.0406295,0.553862,0.492708,0.529597,0.286795,0.463067,0.265174,0.926863,72.3298,3.14198e-12,40952,0.801015,98.3984,2.667e-11,46210
6,170,n1->n2->n3->n13->n23->n33->n34->n35->n36->n46->n47->n48->n38->n37->n27->n17->n18->n19->n20->n10,4.55588e+13|5.23413e+11|1.19214e+13|1.70175e+12|5.51854e+11|6.01307e+13|1.55627e+09|7.70315e+09|1.32672e+11|1.86725e+13|1.52467e+09|1.10554e+09|3.12412e+13|2.09705e+10|6.26614e+13|6.92201e+13|8.81528e+10|2.45264e+13|1.52852e+09|1.99581e+13,1.19121e+13|5.74607e+10|1.39506e+12|1.6398e+12|7.72178e+10|2.07769e+13|1.25401e+09|5.01926e+09|1.07428e+11|1.46076e+13|6.56229e+08|1.05866e+09|1.73182e+13|2.1936e+09|2.35834e+13|1.85776e+13|7.0302e+10|2.78019e+12|2.19744e+08|1.65379e+13,0.000272813|2.22486e-05|0.000240865|0.000236651|1.44025e-05|0.000289953|0.000804578|5.09272e-05|0.000101342|0.00067309|0.000649176|0.00063893|4.61837e-05|2.09632e-05|0.000150771|3.57755e-05|0.000192647|4.2477e-05|0.00080518|1.10176e-05,0.000247513|0.0017649|0.00269887|0.000144035|0.0082118|0.00411152|0.000101616|0.000835052|0.00680413|0.000385752|0.00898133|0.00011379|0.00101055|0.000110486|0.000264815|0.000712371|0.000947335|0.00118483|0.00141516|0.0003012,0.0267276|0.0257131|0.0137582|0.0453925|0.0212901|0.00567541|0.0106396|0.0193653|0.0275064|0.00601563|0.0325065|0.000906633|0.033088|0.0473531|0.0382494|0.0105772|0.00660715|0.0169907|0.024448|0.0354931,0.00109024|0.0393537|0.00978248|0.032154|0.017526|0.0326562|0.00900971|0.026069|0.0384409|0.0219999|0.0474961|0.0183485|0.00120252|0.0499989|0.0368632|0.0442819|0.0450958|0.0238367|0.0192162|0.0378422,0.947856|0.962581|0.920316|0.94335|0.933849|0.945801|0.974224|0.945614|0.927891|0.928098|0.907188|0.924561|0.947646|0.972412|0.90904|0.934311|0.951948|0.92511|0.9673|0.93728,3.42645|3.77893|1.24496|4.14497|2.38092|3.59669|3.75785|1.72526|4.96631|5.5535|2.25741|5.32143|4.60178|0.679389|3.73846|4.13414|1.79104|0.817336|0.887559|4.12651,79.8117|37.015|83.9106|51.9585|76.7594|23.5709|31.5608|18.7034|70.4589|46.986|13.4252|21.8454|37.0378|44.8869|72.2829|27.3162|28.0546|10.3361|29.3778,0.180902|0.185025|0.235608|0.224371|0.171333|0.193865|0.244982|0.214791|0.183257|0.246821|0.166796|0.185504|0.209844|0.177914|0.20897|0.218168|0.244543|0.171305|0.160098,0.956865|0.12338|0.629113|0.980199|0.836795|0.62087|0.420555|0.496108|0.477463|0.721008|0.904036|0.404213|0.139772|0.261714|0.780344|0.309735|0.240936|0.982386|0.879487,0.947089,0.929897,0.0537595,0.0057309,0.115486,0.547306,0.2767,0.482509,0.0776559,0.878555,72.0946,2.67492e-12,16056,0.872503,33.453,1.99398e-12,24666,0.931768,0.905326,0.0406295,0.553862,0.492708,0.529597,0.286795,0.463067,0.265174,0.926863,72.3298,3.14198e-12,40952,0.801015,98.3984,2.667e-11,46210
6,171,n1->n2->n12->n22->n23->n33->n34->n44->n45->n35->n25->n26->n16->n17->n7->n8->n9->n19->n20->n10,4.55588e+13|5.23413e+11|9.70647e+12|7.03401e+09|5.51854e+11|6.01307e+13|1.55627e+09|1.74595e+12|2.63664e+13|7.70315e+09|2.01397e+10|9.98399e+13|1.96299e+11|6.92201e+13|2.4859e+13|4.88124e+11|5.41279e+11|2.45264e+13|1.52852e+09|1.99581e+13,1.19121e+13|5.74607e+10|1.26993e+12|4.27301e+09|7.72178e+10|2.07769e+13|1.25401e+09|1.65256e+12|1.23689e+13|5.01926e+09|2.08097e+09|5.87009e+13|4.16811e+10|1.85776e+13|3.91236e+12|5.46248e+10|5.69937e+10|2.78019e+12|2.19744e+08|1.65379e+13,0.000272813|2.22486e-05|0.000140781|0.000672453|1.44025e-05|0.000289953|0.000804578|0.00012635|3.95057e-05|5.09272e-05|2.70509e-05|0.000118769|1.24441e-05|3.57755e-05|0.000374552|7.88144e-05|0.000133309|4.2477e-05|0.00080518|1.10176e-05,0.000247513|0.0017649|0.000236843|0.00709411|0.0082118|0.00411152|0.000101616|0.00040803|0.0002769|0.000835052|0.00299666|0.000323253|0.000118496|0.000712371|0.00159185|0.00654761|0.000128581|0.00118483|0.00141516|0.0003012,0.0267276|0.0257131|0.0184192|0.0149108|0.0212901|0.00567541|0.0106396|0.0265974|0.0341538|0.0193653|0.0427717|0.0160653|0.0196441|0.0105772|0.0267406|0.0355868|0.0160189|0.0169907|0.024448|0.0354931,0.00109024|0.0393537|0.0133546|0.0420171|0.017526|0.0326562|0.00900971|0.00273186|0.0459766|0.026069|0.0449118|0.0257682|0.0465121|0.0442819|0.0256969|0.0025477|0.0314455|0.0238367|0.0192162|0.0378422,0.947856|0.962581|0.978748|0.950942|0.933849|0.945801|0.974224|0.910675|0.928418|0.945614|0.937042|0.951498|0.969417|0.934311|0.981074|0.983979|0.986727|0.92511|0.9673|0.93728,3.42645|3.77893|0.907615|5.16975|2.38092|3.59669|3.75785|0.0450574|2.02042|1.72526|2.00694|0.0859455|2.19452|4.13414|3.83823|5.1941|2.2481|0.817336|0.887559|4.12651,79.8117|88.6198|13.2112|55.8812|76.7594|23.5709|46.2248|89.5651|97.1045|88.4205|55.6995|11.0615|32.2763|59.8148|55.4093|99.595|99.0064|10.3361|29.3778,0.180902|0.229809|0.235624|0.248061|0.171333|0.193865|0.197744|0.180926|0.218477|0.183809|0.190523|0.223866|0.211942|0.182049|0.245267|0.194831|0.210817|0.171305|0.160098,0.956865|0.73214|0.512005|0.990161|0.836795|0.62087|0.728663|0.300111|0.912545|0.991201|0.158588|0.893757|0.374165|0.538397|0.471863|0.756576|0.387396|0.982386|0.879487,0.947089,0.929897,0.0537595,0.0057309,0.115486,0.547306,0.2767,0.482509,0.0776559,0.878555,72.0946,2.67492e-12,16056,0.872503,33.453,1.99398e-12,24666,0.931768,0.905326,0.0406295,0.553862,0.492708,0.529597,0.286795,0.463067,0.265174,0.926863,72.3298,3.14198e-12,40952,0.801015,98.3984,2.667e-11,46210
6,172,n1->n2->n12->n11->n21->n22->n32->n33->n34->n35->n25->n24->n14->n4->n5->n6->n7->n8->n9->n10,4.55588e+13|5.23413e+11|9.70647e+12|1.15025e+12|2.40242e+10|7.03401e+09|1.62664e+12|6.01307e+13|1.55627e+09|7.70315e+09|2.01397e+10|5.30865e+13|2.4844e+13|4.15825e+11|3.27327e+10|2.57217e+11|2.4859e+13|4.88124e+11|5.41279e+11|1.99581e+13,1.19121e+13|5.74607e+10|1.26993e+12|6.31783e+11|1.08781e+10|4.27301e+09|3.80816e+11|2.07769e+13|1.25401e+09|5.01926e+09|2.08097e+09|6.13322e+12|7.4533e+12|5.68247e+10|5.45815e+09|1.80632e+11|3.91236e+12|5.46248e+10|5.69937e+10|1.65379e+13,0.000272813|2.22486e-05|0.000140781|0.000273727|9.0809e-05|0.000672453|8.81807e-05|0.000289953|0.000804578|5.09272e-05|2.70509e-05|1.7303e-05|0.000115516|0.000208244|2.4748e-05|0.000137431|0.000374552|7.88144e-05|0.000133309|1.10176e-05,0.000247513|0.0017649|0.000236843|0.000148505|0.00346885|0.00709411|0.000951259|0.00411152|0.000101616|0.000835052|0.00299666|0.0037958|0.000803332|0.000162239|0.000559379|0.00038|0.00159185|0.00654761|0.000128581|0.0003012,0.0267276|0.0257131|0.0184192|0.00791251|0.0448555|0.0149108|0.0119964|0.00567541|0.0106396|0.0193653|0.0427717|0.0274705|0.00362957|0.00134448|0.0302924|0.0351794|0.0267406|0.0355868|0.0160189|0.0354931,0.00109024|0.0393537|0.0133546|0.00663636|0.0411686|0.0420171|0.0157083|0.0326562|0.00900971|0.026069|0.0449118|0.00642684|0.0393535|0.0159645|0.0390973|0.0410032|0.0256969|0.0025477|0.0314455|0.0378422,0.947856|0.962581|0.978748|0.988586|0.9175|0.950942|0.939747|0.945801|0.974224|0.945614|0.937042|0.903274|0.912009|0.918227|0.934635|0.944217|0.981074|0.983979|0.986727|0.93728,3.42645|3.77893|0.907615|5.73996|0.574724|5.16975|3.78989|3.59669|3.75785|1.72526|2.00694|1.40891|2.47916|6.21195|3.93309|6.20274|3.83823|5.1941|2.2481|4.12651,79.8117|88.6198|24.4191|65.1286|34.0839|86.2435|67.4197|23.5709|31.5608|88.4205|18.2346|66.6304|52.1141|81.7362|37.2729|32.9383|55.4093|99.595|65.9961,0.180902|0.229809|0.19865|0.167515|0.248622|0.178944|0.212413|0.193865|0.244982|0.183809|0.244562|0.19539|0.220919|0.246934|0.160203|0.189792|0.245267|0.194831|0.213203,0.956865|0.73214|0.54288|0.853399|0.539818|0.653738|0.400026|0.62087|0.420555|0.991201|0.255688|0.776204|0.42528|0.747741|0.316848|0.663025|0.471863|0.756576|0.42835,0.947089,0.929897,0.0537595,0.0057309,0.115486,0.547306,0.2767,0.482509,0.0776559,0.878555,72.0946,2.67492e-12,16056,0.872503,33.453,1.99398e-12,24666,0.931768,0.905326,0.0406295,0.553862,0.492708,0.529597,0.286795,0.463067,0.265174,0.926863,72.3298,3.14198e-12,40952,0.801015,98.3984,2.667e-11,46210
6,173,n1->n2->n3->n4->n5->n15->n25->n24->n34->n35->n45->n46->n36->n37->n27->n28->n29->n19->n9->n10,4.55588e+13|5.23413e+11|1.19214e+13|4.15825e+11|3.27327e+10|8.59239e+10|2.01397e+10|5.30865e+13|1.55627e+09|7.70315e+09|2.63664e+13|1.86725e+13|1.32672e+11|2.09705e+10|6.26614e+13|1.9542e+12|2.59271e+10|2.45264e+13|5.41279e+11|1.99581e+13,1.19121e+13|5.74607e+10|1.39506e+12|5.68247e+10|5.45815e+09|1.6374e+10|2.08097e+09|6.13322e+12|1.25401e+09|5.01926e+09|1.23689e+13|1.46076e+13|1.07428e+11|2.1936e+09|2.35834e+13|1.33825e+12|8.13129e+09|2.78019e+12|5.69937e+10|1.65379e+13,0.000272813|2.22486e-05|0.000240865|0.000208244|2.4748e-05|6.38284e-05|2.70509e-05|1.7303e-05|0.000804578|5.09272e-05|3.95057e-05|0.00067309|0.000101342|2.09632e-05|0.000150771|2.58334e-05|0.000314414|4.2477e-05|0.000133309|1.10176e-05,0.000247513|0.0017649|0.00269887|0.000162239|0.000559379|0.00172194|0.00299666|0.0037958|0.000101616|0.000835052|0.0002769|0.000385752|0.00680413|0.000110486|0.000264815|0.00569206|0.000236294|0.00118483|0.000128581|0.0003012,0.0267276|0.0257131|0.0137582|0.00134448|0.0302924|0.0155694|0.0427717|0.0274705|0.0106396|0.0193653|0.0341538|0.00601563|0.0275064|0.0473531|0.0382494|0.0230741|0.0496326|0.0169907|0.0160189|0.0354931,0.00109024|0.0393537|0.00978248|0.0159645|0.0390973|0.0086256|0.0449118|0.00642684|0.00900971|0.026069|0.0459766|0.0219999|0.0384409|0.0499989|0.0368632|0.00482618|0.0080761|0.0238367|0.0314455|0.0378422,0.947856|0.962581|0.920316|0.918227|0.934635|0.98259|0.937042|0.903274|0.974224|0.945614|0.928418|0.928098|0.927891|0.972412|0.90904|0.910034|0.956941|0.92511|0.986727|0.93728,3.42645|3.77893|1.24496|6.21195|3.93309|6.09992|2.00694|1.40891|3.75785|1.72526|2.02042|5.5535|4.96631|0.679389|3.73846|1.24284|5.8367|0.817336|2.2481|4.12651,79.8117|37.015|10.4739|81.7362|35.0583|54.7186|18.2346|58.7029|31.5608|97.1045|61.2725|70.4589|29.3504|44.8869|15.3326|39.0733|84.7043|99.0064|65.9961,0.180902|0.185025|0.209094|0.246934|0.228753|0.244234|0.244562|0.201644|0.244982|0.218477|0.221931|0.183257|0.232026|0.177914|0.200691|0.227384|0.198187|0.210817|0.213203,0.956865|0.12338|0.833808|0.747741|0.738884|0.629787|0.255688|0.191839|0.420555|0.912545|0.978505|0.477463|0.841833|0.261714|0.938399|0.753148|0.580249|0.387396|0.42835,0.947089,0.929897,0.0537595,0.0057309,0.115486,0.547306,0.2767,0.482509,0.0776559,0.878555,72.0946,2.67492e-12,16056,0.872503,33.453,1.99398e-12,24666,0.931768,0.905326,0.0406295,0.553862,0.492708,0.529597,0.286795,0.463067,0.265174,0.926863,72.3298,3.14198e-12,40952,0.801015,98.3984,2.667e-11,46210
6,174,n1->n2->n12->n22->n23->n13->n3->n4->n5->n15->n14->n24->n25->n26->n16->n17->n7->n8->n9->n10,4.55588e+13|5.23413e+11|9.70647e+12|7.03401e+09|5.51854e+11|1.70175e+12|1.19214e+13|4.15825e+11|3.27327e+10|8.59239e+10|2.4844e+13|5.30865e+13|2.01397e+10|9.98399e+13|1.96299e+11|6.92201e+13|2.4859e+13|4.88124e+11|5.41279e+11|1.99581e+13,1.19121e+13|5.74607e+10|1.26993e+12|4.27301e+09|7.72178e+10|1.6398e+12|1.39506e+12|5.68247e+10|5.45815e+09|1.6374e+10|7.4533e+12|6.13322e+12|2.08097e+09|5.87009e+13|4.16811e+10|1.85776e+13|3.91236e+12|5.46248e+10|5.69937e+10|1.65379e+13,0.000272813|2.22486e-05|0.000140781|0.000672453|1.44025e-05|0.000236651|0.000240865|0.000208244|2.4748e-05|6.38284e-05|0.000115516|1.7303e-05|2.70509e-05|0.000118769|1.24441e-05|3.57755e-05|0.000374552|7.88144e-05|0.000133309|1.10176e-05,0.000247513|0.0017649|0.000236843|0.00709411|0.0082118|0.000144035|0.00269887|0.000162239|0.000559379|0.00172194|0.000803332|0.0037958|0.00299666|0.000323253|0.000118496|0.000712371|0.00159185|0.00654761|0.000128581|0.0003012,0.0267276|0.0257131|0.0184192|0.0149108|0.0212901|0.0453925|0.0137582|0.00134448|0.0302924|0.0155694|0.00362957|0.0274705|0.0427717|0.0160653|0.0196441|0.0105772|0.0267406|0.0355868|0.0160189|0.0354931,0.00109024|0.0393537|0.0133546|0.0420171|0.017526|0.032154|0.00978248|0.0159645|0.0390973|0.0086256|0.0393535|0.00642684|0.0449118|0.0257682|0.0465121|0.0442819|0.0256969|0.0025477|0.0314455|0.0378422,0.947856|0.962581|0.978748|0.950942|0.933849|0.94335|0.920316|0.918227|0.934635|0.98259|0.912009|0.903274|0.937042|0.951498|0.969417|0.934311|0.981074|0.983979|0.986727|0.93728,3.42645|3.77893|0.907615|5.16975|2.38092|4.14497|1.24496|6.21195|3.93309|6.09992|2.47916|1.40891|2.00694|0.0859455|2.19452|4.13414|3.83823|5.1941|2.2481|4.12651,79.8117|88.6198|13.2112|55.8812|51.9585|83.9106|10.4739|81.7362|35.0583|92.5451|66.6304|18.2346|55.6995|11.0615|32.2763|59.8148|55.4093|99.595|65.9961,0.180902|0.229809|0.235624|0.248061|0.224371|0.235608|0.209094|0.246934|0.228753|0.209465|0.19539|0.244562|0.190523|0.223866|0.211942|0.182049|0.245267|0.194831|0.213203,0.956865|0.73214|0.512005|0.990161|0.980199|0.629113|0.833808|0.747741|0.738884|0.722966|0.776204|0.255688|0.158588|0.893757|0.374165|0.538397|0.471863|0.756576|0.42835,0.947089,0.929897,0.0537595,0.0057309,0.115486,0.547306,0.2767,0.482509,0.0776559,0.878555,72.0946,2.67492e-12,16056,0.872503,33.453,1.99398e-12,24666,0.931768,0.905326,0.0406295,0.553862,0.492708,0.529597,0.286795,0.463067,0.265174,0.926863,72.3298,3.14198e-12,40952,0.801015,98.3984,2.667e-11,46210
6,175,n1->n11->n21->n22->n32->n42->n52->n53->n43->n33->n23->n13->n3->n4->n5->n6->n7->n8->n9->n10,4.55588e+13|1.15025e+12|2.40242e+10|7.03401e+09|1.62664e+12|7.99037e+12|7.81698e+12|1.03802e+11|4.65774e+10|6.01307e+13|5.51854e+11|1.70175e+12|1.19214e+13|4.15825e+11|3.27327e+10|2.57217e+11|2.4859e+13|4.88124e+11|5.41279e+11|1.99581e+13,1.19121e+13|6.31783e+11|1.08781e+10|4.27301e+09|3.80816e+11|4.71905e+12|9.08288e+11|6.68558e+10|4.26293e+10|2.07769e+13|7.72178e+10|1.6398e+12|1.39506e+12|5.68247e+10|5.45815e+09|1.80632e+11|3.91236e+12|5.46248e+10|5.69937e+10|1.65379e+13,0.000272813|0.000273727|9.0809e-05|0.000672453|8.81807e-05|5.83281e-05|4.41855e-05|3.86866e-05|0.000103516|0.000289953|1.44025e-05|0.000236651|0.000240865|0.000208244|2.4748e-05|0.000137431|0.000374552|7.88144e-05|0.000133309|1.10176e-05,0.000247513|0.000148505|0.00346885|0.00709411|0.000951259|0.000221171|0.00621047|0.00234241|0.00441865|0.00411152|0.0082118|0.000144035|0.00269887|0.000162239|0.000559379|0.00038|0.00159185|0.00654761|0.000128581|0.0003012,0.0267276|0.00791251|0.0448555|0.0149108|0.0119964|0.00554542|0.0384176|0.0363104|0.0064633|0.00567541|0.0212901|0.0453925|0.0137582|0.00134448|0.0302924|0.0351794|0.0267406|0.0355868|0.0160189|0.0354931,0.00109024|0.00663636|0.0411686|0.0420171|0.0157083|0.00435647|0.0371117|0.0422278|0.0134039|0.0326562|0.017526|0.032154|0.00978248|0.0159645|0.0390973|0.0410032|0.0256969|0.0025477|0.0314455|0.0378422,0.947856|0.988586|0.9175|0.950942|0.939747|0.937172|0.963453|0.930389|0.989922|0.945801|0.933849|0.94335|0.920316|0.918227|0.934635|0.944217|0.981074|0.983979|0.986727|0.93728,3.42645|5.73996|0.574724|5.16975|3.78989|0.286152|2.60918|4.66143|2.40993|3.59669|2.38092|4.14497|1.24496|6.21195|3.93309|6.20274|3.83823|5.1941|2.2481|4.12651,30.2686|65.1286|34.0839|86.2435|70.8805|93.5115|21.0603|26.2497|49.6282|76.7594|51.9585|83.9106|10.4739|81.7362|37.2729|32.9383|55.4093|99.595|65.9961,0.210339|0.167515|0.248622|0.178944|0.195743|0.238422|0.170257|0.195236|0.223945|0.171333|0.224371|0.235608|0.209094|0.246934|0.160203|0.189792|0.245267|0.194831|0.213203,0.907958|0.853399|0.539818|0.653738|0.752864|0.293266|0.932133|0.597696|0.275837|0.836795|0.980199|0.629113|0.833808|0.747741|0.316848|0.663025|0.471863|0.756576|0.42835,0.947089,0.929897,0.0537595,0.0057309,0.115486,0.547306,0.2767,0.482509,0.0776559,0.878555,72.0946,2.67492e-12,16056,0.872503,33.453,1.99398e-12,24666,0.931768,0.905326,0.0406295,0.553862,0.492708,0.529597,0.286795,0.463067,0.265174,0.926863,72.3298,3.14198e-12,40952,0.801015,98.3984,2.667e-11,46210
6,176,n1->n11->n21->n22->n12->n2->n3->n4->n14->n15->n5->n6->n16->n17->n7->n8->n9->n19->n20->n10,4.55588e+13|1.15025e+12|2.40242e+10|7.03401e+09|9.70647e+12|5.23413e+11|1.19214e+13|4.15825e+11|2.4844e+13|8.59239e+10|3.27327e+10|2.57217e+11|1.96299e+11|6.92201e+13|2.4859e+13|4.88124e+11|5.41279e+11|2.45264e+13|1.52852e+09|1.99581e+13,1.19121e+13|6.31783e+11|1.08781e+10|4.27301e+09|1.26993e+12|5.74607e+10|1.39506e+12|5.68247e+10|7.4533e+12|1.6374e+10|5.45815e+09|1.80632e+11|4.16811e+10|1.85776e+13|3.91236e+12|5.46248e+10|5.69937e+10|2.78019e+12|2.19744e+08|1.65379e+13,0.000272813|0.000273727|9.0809e-05|0.000672453|0.000140781|2.22486e-05|0.000240865|0.000208244|0.000115516|6.38284e-05|2.4748e-05|0.000137431|1.24441e-05|3.57755e-05|0.000374552|7.88144e-05|0.000133309|4.2477e-05|0.00080518|1.10176e-05,0.000247513|0.000148505|0.00346885|0.00709411|0.000236843|0.0017649|0.00269887|0.000162239|0.000803332|0.00172194|0.000559379|0.00038|0.000118496|0.000712371|0.00159185|0.00654761|0.000128581|0.00118483|0.00141516|0.0003012,0.0267276|0.00791251|0.0448555|0.0149108|0.0184192|0.0257131|0.0137582|0.00134448|0.00362957|0.0155694|0.0302924|0.0351794|0.0196441|0.0105772|0.0267406|0.0355868|0.0160189|0.0169907|0.024448|0.0354931,0.00109024|0.00663636|0.0411686|0.0420171|0.0133546|0.0393537|0.00978248|0.0159645|0.0393535|0.0086256|0.0390973|0.0410032|0.0465121|0.0442819|0.0256969|0.0025477|0.0314455|0.0238367|0.0192162|0.0378422,0.947856|0.988586|0.9175|0.950942|0.978748|0.962581|0.920316|0.918227|0.912009|0.98259|0.934635|0.944217|0.969417|0.934311|0.981074|0.983979|0.986727|0.92511|0.9673|0.93728,3.42645|5.73996|0.574724|5.16975|0.907615|3.77893|1.24496|6.21195|2.47916|6.09992|3.93309|6.20274|2.19452|4.13414|3.83823|5.1941|2.2481|0.817336|0.887559|4.12651,30.2686|65.1286|34.0839|13.2112|88.6198|37.015|10.4739|52.1141|92.5451|35.0583|37.2729|50.0569|32.2763|59.8148|55.4093|99.595|99.0064|10.3361|29.3778,0.210339|0.167515|0.248622|0.235624|0.229809|0.185025|0.209094|0.220919|0.209465|0.228753|0.160203|0.177576|0.211942|0.182049|0.245267|0.194831|0.210817|0.171305|0.160098,0.907958|0.853399|0.539818|0.512005|0.73214|0.12338|0.833808|0.42528|0.722966|0.738884|0.316848|0.337265|0.374165|0.538397|0.471863|0.756576|0.387396|0.982386|0.879487,0.947089,0.929897,0.0537595,0.0057309,0.115486,0.547306,0.2767,0.482509,0.0776559,0.878555,72.0946,2.67492e-12,16056,0.872503,33.453,1.99398e-12,24666,0.931768,0.905326,0.0406295,0.553862,0.492708,0.529597,0.286795,0.463067,0.265174,0.926863,72.3298,3.14198e-12,40952,0.801015,98.3984,2.667e-11,46210
6,177,n1->n11->n12->n13->n14->n15->n25->n35->n34->n44->n45->n46->n36->n26->n27->n17->n7->n8->n9->n10,4.55588e+13|1.15025e+12|9.70647e+12|1.70175e+12|2.4844e+13|8.59239e+10|2.01397e+10|7.70315e+09|1.55627e+09|1.74595e+12|2.63664e+13|1.86725e+13|1.32672e+11|9.98399e+13|6.26614e+13|6.92201e+13|2.4859e+13|4.88124e+11|5.41279e+11|1.99581e+13,1.19121e+13|6.31783e+11|1.26993e+12|1.6398e+12|7.4533e+12|1.6374e+10|2.08097e+09|5.01926e+09|1.25401e+09|1.65256e+12|1.23689e+13|1.46076e+13|1.07428e+11|5.87009e+13|2.35834e+13|1.85776e+13|3.91236e+12|5.46248e+10|5.69937e+10|1.65379e+13,0.000272813|0.000273727|0.000140781|0.000236651|0.000115516|6.38284e-05|2.70509e-05|5.09272e-05|0.000804578|0.00012635|3.95057e-05|0.00067309|0.000101342|0.000118769|0.000150771|3.57755e-05|0.000374552|7.88144e-05|0.000133309|1.10176e-05,0.000247513|0.000148505|0.000236843|0.000144035|0.000803332|0.00172194|0.00299666|0.000835052|0.000101616|0.00040803|0.0002769|0.000385752|0.00680413|0.000323253|0.000264815|0.000712371|0.00159185|0.00654761|0.000128581|0.0003012,0.0267276|0.00791251|0.0184192|0.0453925|0.00362957|0.0155694|0.0427717|0.0193653|0.0106396|0.0265974|0.0341538|0.00601563|0.0275064|0.0160653|0.0382494|0.0105772|0.0267406|0.0355868|0.0160189|0.0354931,0.00109024|0.00663636|0.0133546|0.032154|0.0393535|0.0086256|0.0449118|0.026069|0.00900971|0.00273186|0.0459766|0.0219999|0.0384409|0.0257682|0.0368632|0.0442819|0.0256969|0.0025477|0.0314455|0.0378422,0.947856|0.988586|0.978748|0.94335|0.912009|0.98259|0.937042|0.945614|0.974224|0.910675|0.928418|0.928098|0.927891|0.951498|0.90904|0.934311|0.981074|0.983979|0.986727|0.93728,3.42645|5.73996|0.907615|4.14497|2.47916|6.09992|2.00694|1.72526|3.75785|0.0450574|2.02042|5.5535|4.96631|0.0859455|3.73846|4.13414|3.83823|5.1941|2.2481|4.12651,30.2686|24.4191|13.9548|56.34|92.5451|54.7186|88.4205|31.5608|46.2248|89.5651|61.2725|70.4589|63.8366|42.5138|72.2829|59.8148|55.4093|99.595|65.9961,0.210339|0.19865|0.17533|0.243804|0.209465|0.244234|0.183809|0.244982|0.197744|0.180926|0.221931|0.183257|0.166971|0.164014|0.20897|0.182049|0.245267|0.194831|0.213203,0.907958|0.54288|0.469559|0.288383|0.722966|0.629787|0.991201|0.420555|0.728663|0.300111|0.978505|0.477463|0.576097|0.873071|0.780344|0.538397|0.471863|0.756576|0.42835,0.947089,0.929897,0.0537595,0.0057309,0.115486,0.547306,0.2767,0.482509,0.0776559,0.878555,72.0946,2.67492e-12,16056,0.872503,33.453,1.99398e-12,24666,0.931768,0.905326,0.0406295,0.553862,0.492708,0.529597,0.286795,0.463067,0.265174,0.926863,72.3298,3.14198e-12,40952,0.801015,98.3984,2.667e-11,46210
6,178,n1->n11->n12->n2->n3->n4->n14->n13->n23->n33->n34->n24->n25->n15->n5->n6->n7->n8->n9->n10,4.55588e+13|1.15025e+12|9.70647e+12|5.23413e+11|1.19214e+13|4.15825e+11|2.4844e+13|1.70175e+12|5.51854e+11|6.01307e+13|1.55627e+09|5.30865e+13|2.01397e+10|8.59239e+10|3.27327e+10|2.57217e+11|2.4859e+13|4.88124e+11|5.41279e+11|1.99581e+13,1.19121e+13|6.31783e+11|1.26993e+12|5.74607e+10|1.39506e+12|5.68247e+10|7.4533e+12|1.6398e+12|7.72178e+10|2.07769e+13|1.25401e+09|6.13322e+12|2.08097e+09|1.6374e+10|5.45815e+09|1.80632e+11|3.91236e+12|5.46248e+10|5.69937e+10|1.65379e+13,0.000272813|0.000273727|0.000140781|2.22486e-05|0.000240865|0.000208244|0.000115516|0.000236651|1.44025e-05|0.000289953|0.000804578|1.7303e-05|2.70509e-05|6.38284e-05|2.4748e-05|0.000137431|0.000374552|7.88144e-05|0.000133309|1.10176e-05,0.000247513|0.000148505|0.000236843|0.0017649|0.00269887|0.000162239|0.000803332|0.000144035|0.0082118|0.00411152|0.000101616|0.0037958|0.00299666|0.00172194|0.000559379|0.00038|0.00159185|0.00654761|0.000128581|0.0003012,0.0267276|0.00791251|0.0184192|0.0257131|0.0137582|0.00134448|0.00362957|0.0453925|0.0212901|0.00567541|0.0106396|0.0274705|0.0427717|0.0155694|0.0302924|0.0351794|0.0267406|0.0355868|0.0160189|0.0354931,0.00109024|0.00663636|0.0133546|0.0393537|0.00978248|0.0159645|0.0393535|0.032154|0.017526|0.0326562|0.00900971|0.00642684|0.0449118|0.0086256|0.0390973|0.0410032|0.0256969|0.0025477|0.0314455|0.0378422,0.947856|0.988586|0.978748|0.962581|0.920316|0.918227|0.912009|0.94335|0.933849|0.945801|0.974224|0.903274|0.937042|0.98259|0.934635|0.944217|0.981074|0.983979|0.986727|0.93728,3.42645|5.73996|0.907615|3.77893|1.24496|6.21195|2.47916|4.14497|2.38092|3.59669|3.75785|1.40891|2.00694|6.09992|3.93309|6.20274|3.83823|5.1941|2.2481|4.12651,30.2686|24.4191|88.6198|37.015|10.4739|52.1141|56.34|51.9585|76.7594|23.5709|58.7029|18.2346|54.7186|35.0583|37.2729|32.9383|55.4093|99.595|65.9961,0.210339|0.19865|0.229809|0.185025|0.209094|0.220919|0.243804|0.224371|0.171333|0.193865|0.201644|0.244562|0.244234|0.228753|0.160203|0.189792|0.245267|0.194831|0.213203,0.907958|0.54288|0.73214|0.12338|0.833808|0.42528|0.288383|0.980199|0.836795|0.62087|0.191839|0.255688|0.629787|0.738884|0.316848|0.663025|0.471863|0.756576|0.42835,0.947089,0.929897,0.0537595,0.0057309,0.115486,0.547306,0.2767,0.482509,0.0776559,0.878555,72.0946,2.67492e-12,16056,0.872503,33.453,1.99398e-12,24666,0.931768,0.905326,0.0406295,0.553862,0.492708,0.529597,0.286795,0.463067,0.265174,0.926863,72.3298,3.14198e-12,40952,0.801015,98.3984,2.667e-11,46210
6,179,n1->n11->n21->n31->n41->n42->n43->n44->n54->n55->n56->n57->n47->n37->n38->n39->n29->n19->n9->n10,4.55588e+13|1.15025e+12|2.40242e+10|1.31436e+10|6.50614e+10|7.99037e+12|4.65774e+10|1.74595e+12|3.40761e+09|3.50244e+11|7.29641e+11|2.08395e+09|1.52467e+09|2.09705e+10|3.12412e+13|8.73226e+09|2.59271e+10|2.45264e+13|5.41279e+11|1.99581e+13,1.19121e+13|6.31783e+11|1.08781e+10|1.08408e+10|6.80797e+09|4.71905e+12|4.26293e+10|1.65256e+12|4.68286e+08|1.76333e+11|1.72206e+11|5.05694e+08|6.56229e+08|2.1936e+09|1.73182e+13|2.42615e+09|8.13129e+09|2.78019e+12|5.69937e+10|1.65379e+13,0.000272813|0.000273727|9.0809e-05|0.000575588|1.31318e-05|5.83281e-05|0.000103516|0.00012635|6.83395e-05|0.000594104|1.15304e-05|4.30786e-05|0.000649176|2.09632e-05|4.61837e-05|0.000116161|0.000314414|4.2477e-05|0.000133309|1.10176e-05,0.000247513|0.000148505|0.00346885|0.00434396|0.000505355|0.000221171|0.00441865|0.00040803|0.000128959|0.00142544|0.00676019|0.00251485|0.00898133|0.000110486|0.00101055|0.0029589|0.000236294|0.00118483|0.000128581|0.0003012,0.0267276|0.00791251|0.0448555|0.0356972|0.0231053|0.00554542|0.0064633|0.0265974|0.0473849|0.00581636|0.0163578|0.0409891|0.0325065|0.0473531|0.033088|0.0482227|0.0496326|0.0169907|0.0160189|0.0354931,0.00109024|0.00663636|0.0411686|0.0077036|0.00834356|0.00435647|0.0134039|0.00273186|0.0450948|0.000128931|0.0352389|0.0111223|0.0474961|0.0499989|0.00120252|0.0424138|0.0080761|0.0238367|0.0314455|0.0378422,0.947856|0.988586|0.9175|0.904595|0.917986|0.937172|0.989922|0.910675|0.904649|0.947208|0.965953|0.950182|0.907188|0.972412|0.947646|0.959044|0.956941|0.92511|0.986727|0.93728,3.42645|5.73996|0.574724|4.1085|1.44646|0.286152|2.40993|0.0450574|5.26727|5.9642|1.59519|0.25515|2.25741|0.679389|4.60178|3.66712|5.8367|0.817336|2.2481|4.12651,30.2686|65.1286|89.2299|64.4551|61.2747|27.3217|59.7094|67.7415|57.1366|40.979|71.5316|88.8597|88.6669|37.0378|69.5993|44.1502|84.7043|99.0064|65.9961,0.210339|0.167515|0.160794|0.171418|0.206154|0.216152|0.181706|0.194325|0.161978|0.187023|0.217366|0.216295|0.229281|0.209844|0.185434|0.214077|0.198187|0.210817|0.213203,0.907958|0.853399|0.318275|0.943936|0.568505|0.97627|0.410297|0.704821|0.982813|0.433559|0.964843|0.614501|0.391117|0.139772|0.333363|0.641975|0.580249|0.387396|0.42835,0.947089,0.929897,0.0537595,0.0057309,0.115486,0.547306,0.2767,0.482509,0.0776559,0.878555,72.0946,2.67492e-12,16056,0.872503,33.453,1.99398e-12,24666,0.931768,0.905326,0.0406295,0.553862,0.492708,0.529597,0.286795,0.463067,0.265174,0.926863,72.3298,3.14198e-12,40952,0.801015,98.3984,2.667e-11,46210
6,180,n1->n2->n3->n4->n5->n15->n16->n26->n27->n37->n38->n39->n49->n50->n40->n30->n20->n19->n9->n10,4.55588e+13|5.23413e+11|1.19214e+13|4.15825e+11|3.27327e+10|8.59239e+10|1.96299e+11|9.98399e+13|6.26614e+13|2.09705e+10|3.12412e+13|8.73226e+09|6.34486e+09|7.17196e+10|1.03737e+12|1.45391e+13|1.52852e+09|2.45264e+13|5.41279e+11|1.99581e+13,1.19121e+13|5.74607e+10|1.39506e+12|5.68247e+10|5.45815e+09|1.6374e+10|4.16811e+10|5.87009e+13|2.35834e+13|2.1936e+09|1.73182e+13|2.42615e+09|3.91806e+09|5.77253e+10|3.64009e+11|6.46288e+12|2.19744e+08|2.78019e+12|5.69937e+10|1.65379e+13,0.000272813|2.22486e-05|0.000240865|0.000208244|2.4748e-05|6.38284e-05|1.24441e-05|0.000118769|0.000150771|2.09632e-05|4.61837e-05|0.000116161|0.000128505|0.000438918|1.31439e-05|0.000269765|0.00080518|4.2477e-05|0.000133309|1.10176e-05,0.000247513|0.0017649|0.00269887|0.000162239|0.000559379|0.00172194|0.000118496|0.000323253|0.000264815|0.000110486|0.00101055|0.0029589|0.000568569|0.00419152|0.00249226|0.000185529|0.00141516|0.00118483|0.000128581|0.0003012,0.0267276|0.0257131|0.0137582|0.00134448|0.0302924|0.0155694|0.0196441|0.0160653|0.0382494|0.0473531|0.033088|0.0482227|0.00728599|0.0308099|0.0358168|0.000483153|0.024448|0.0169907|0.0160189|0.0354931,0.00109024|0.0393537|0.00978248|0.0159645|0.0390973|0.0086256|0.0465121|0.0257682|0.0368632|0.0499989|0.00120252|0.0424138|0.0498846|0.0443978|0.025624|0.0217074|0.0192162|0.0238367|0.0314455|0.0378422,0.947856|0.962581|0.920316|0.918227|0.934635|0.98259|0.969417|0.951498|0.90904|0.972412|0.947646|0.959044|0.958709|0.928431|0.982687|0.908504|0.9673|0.92511|0.986727|0.93728,3.42645|3.77893|1.24496|6.21195|3.93309|6.09992|2.19452|0.0859455|3.73846|0.679389|4.60178|3.66712|2.76072|4.42152|4.22505|2.24783|0.887559|0.817336|2.2481|4.12651,79.8117|37.015|10.4739|81.7362|35.0583|56.2706|11.0615|42.5138|44.8869|37.0378|69.5993|95.0453|38.9947|91.3525|98.0873|23.9015|10.3361|99.0064|65.9961,0.180902|0.185025|0.209094|0.246934|0.228753|0.241799|0.223866|0.164014|0.177914|0.209844|0.185434|0.183014|0.205861|0.234372|0.186632|0.180438|0.171305|0.210817|0.213203,0.956865|0.12338|0.833808|0.747741|0.738884|0.73275|0.893757|0.873071|0.261714|0.139772|0.333363|0.285782|0.130546|0.183451|0.334156|0.504214|0.982386|0.387396|0.42835,0.947089,0.929897,0.0537595,0.0057309,0.115486,0.547306,0.2767,0.482509,0.0776559,0.878555,72.0946,2.67492e-12,16056,0.872503,33.453,1.99398e-12,24666,0.931768,0.905326,0.0406295,0.553862,0.492708,0.529597,0.286795,0.463067,0.265174,0.926863,72.3298,3.14198e-12,40952,0.801015,98.3984,2.667e-11,46210
6,181,n1->n11->n12->n22->n32->n33->n23->n13->n14->n4->n5->n6->n16->n26->n27->n28->n29->n19->n20->n10,4.55588e+13|1.15025e+12|9.70647e+12|7.03401e+09|1.62664e+12|6.01307e+13|5.51854e+11|1.70175e+12|2.4844e+13|4.15825e+11|3.27327e+10|2.57217e+11|1.96299e+11|9.98399e+13|6.26614e+13|1.9542e+12|2.59271e+10|2.45264e+13|1.52852e+09|1.99581e+13,1.19121e+13|6.31783e+11|1.26993e+12|4.27301e+09|3.80816e+11|2.07769e+13|7.72178e+10|1.6398e+12|7.4533e+12|5.68247e+10|5.45815e+09|1.80632e+11|4.16811e+10|5.87009e+13|2.35834e+13|1.33825e+12|8.13129e+09|2.78019e+12|2.19744e+08|1.65379e+13,0.000272813|0.000273727|0.000140781|0.000672453|8.81807e-05|0.000289953|1.44025e-05|0.000236651|0.000115516|0.000208244|2.4748e-05|0.000137431|1.24441e-05|0.000118769|0.000150771|2.58334e-05|0.000314414|4.2477e-05|0.00080518|1.10176e-05,0.000247513|0.000148505|0.000236843|0.00709411|0.000951259|0.00411152|0.0082118|0.000144035|0.000803332|0.000162239|0.000559379|0.00038|0.000118496|0.000323253|0.000264815|0.00569206|0.000236294|0.00118483|0.00141516|0.0003012,0.0267276|0.00791251|0.0184192|0.0149108|0.0119964|0.00567541|0.0212901|0.0453925|0.00362957|0.00134448|0.0302924|0.0351794|0.0196441|0.0160653|0.0382494|0.0230741|0.0496326|0.0169907|0.024448|0.0354931,0.00109024|0.00663636|0.0133546|0.0420171|0.0157083|0.0326562|0.017526|0.032154|0.0393535|0.0159645|0.0390973|0.0410032|0.0465121|0.0257682|0.0368632|0.00482618|0.0080761|0.0238367|0.0192162|0.0378422,0.947856|0.988586|0.978748|0.950942|0.939747|0.945801|0.933849|0.94335|0.912009|0.918227|0.934635|0.944217|0.969417|0.951498|0.90904|0.910034|0.956941|0.92511|0.9673|0.93728,3.42645|5.73996|0.907615|5.16975|3.78989|3.59669|2.38092|4.14497|2.47916|6.21195|3.93309|6.20274|2.19452|0.0859455|3.73846|1.24284|5.8367|0.817336|0.887559|4.12651,30.2686|24.4191|13.2112|86.2435|67.4197|76.7594|51.9585|56.34|52.1141|81.7362|37.2729|50.0569|11.0615|42.5138|15.3326|39.0733|84.7043|10.3361|29.3778,0.210339|0.19865|0.235624|0.178944|0.212413|0.171333|0.224371|0.243804|0.220919|0.246934|0.160203|0.177576|0.223866|0.164014|0.200691|0.227384|0.198187|0.171305|0.160098,0.907958|0.54288|0.512005|0.653738|0.400026|0.836795|0.980199|0.288383|0.42528|0.747741|0.316848|0.337265|0.893757|0.873071|0.938399|0.753148|0.580249|0.982386|0.879487,0.947089,0.929897,0.0537595,0.0057309,0.115486,0.547306,0.2767,0.482509,0.0776559,0.878555,72.0946,2.67492e-12,16056,0.872503,33.453,1.99398e-12,24666,0.931768,0.905326,0.0406295,0.553862,0.492708,0.529597,0.286795,0.463067,0.265174,0.926863,72.3298,3.14198e-12,40952,0.801015,98.3984,2.667e-11,46210
6,182,n1->n2->n3->n4->n14->n15->n25->n24->n23->n33->n34->n35->n36->n37->n38->n28->n18->n8->n9->n10,4.55588e+13|5.23413e+11|1.19214e+13|4.15825e+11|2.4844e+13|8.59239e+10|2.01397e+10|5.30865e+13|5.51854e+11|6.01307e+13|1.55627e+09|7.70315e+09|1.32672e+11|2.09705e+10|3.12412e+13|1.9542e+12|8.81528e+10|4.88124e+11|5.41279e+11|1.99581e+13,1.19121e+13|5.74607e+10|1.39506e+12|5.68247e+10|7.4533e+12|1.6374e+10|2.08097e+09|6.13322e+12|7.72178e+10|2.07769e+13|1.25401e+09|5.01926e+09|1.07428e+11|2.1936e+09|1.73182e+13|1.33825e+12|7.0302e+10|5.46248e+10|5.69937e+10|1.65379e+13,0.000272813|2.22486e-05|0.000240865|0.000208244|0.000115516|6.38284e-05|2.70509e-05|1.7303e-05|1.44025e-05|0.000289953|0.000804578|5.09272e-05|0.000101342|2.09632e-05|4.61837e-05|2.58334e-05|0.000192647|7.88144e-05|0.000133309|1.10176e-05,0.000247513|0.0017649|0.00269887|0.000162239|0.000803332|0.00172194|0.00299666|0.0037958|0.0082118|0.00411152|0.000101616|0.000835052|0.00680413|0.000110486|0.00101055|0.00569206|0.000947335|0.00654761|0.000128581|0.0003012,0.0267276|0.0257131|0.0137582|0.00134448|0.00362957|0.0155694|0.0427717|0.0274705|0.0212901|0.00567541|0.0106396|0.0193653|0.0275064|0.0473531|0.033088|0.0230741|0.00660715|0.0355868|0.0160189|0.0354931,0.00109024|0.0393537|0.00978248|0.0159645|0.0393535|0.0086256|0.0449118|0.00642684|0.017526|0.0326562|0.00900971|0.026069|0.0384409|0.0499989|0.00120252|0.00482618|0.0450958|0.0025477|0.0314455|0.0378422,0.947856|0.962581|0.920316|0.918227|0.912009|0.98259|0.937042|0.903274|0.933849|0.945801|0.974224|0.945614|0.927891|0.972412|0.947646|0.910034|0.951948|0.983979|0.986727|0.93728,3.42645|3.77893|1.24496|6.21195|2.47916|6.09992|2.00694|1.40891|2.38092|3.59669|3.75785|1.72526|4.96631|0.679389|4.60178|1.24284|1.79104|5.1941|2.2481|4.12651,79.8117|37.015|10.4739|52.1141|92.5451|54.7186|18.2346|67.5745|76.7594|23.5709|31.5608|18.7034|29.3504|37.0378|23.518|43.2583|81.3396|99.595|65.9961,0.180902|0.185025|0.209094|0.220919|0.209465|0.244234|0.244562|0.166922|0.171333|0.193865|0.244982|0.214791|0.232026|0.209844|0.222926|0.171475|0.24659|0.194831|0.213203,0.956865|0.12338|0.833808|0.42528|0.722966|0.629787|0.255688|0.619697|0.836795|0.62087|0.420555|0.496108|0.841833|0.139772|0.123514|0.471649|0.632564|0.756576|0.42835,0.947089,0.929897,0.0537595,0.0057309,0.115486,0.547306,0.2767,0.482509,0.0776559,0.878555,72.0946,2.67492e-12,16056,0.872503,33.453,1.99398e-12,24666,0.931768,0.905326,0.0406295,0.553862,0.492708,0.529597,0.286795,0.463067,0.265174,0.926863,72.3298,3.14198e-12,40952,0.801015,98.3984,2.667e-11,46210
6,183,n1->n11->n12->n22->n21->n31->n32->n42->n43->n33->n23->n24->n14->n15->n5->n6->n7->n8->n9->n10,4.55588e+13|1.15025e+12|9.70647e+12|7.03401e+09|2.40242e+10|1.31436e+10|1.62664e+12|7.99037e+12|4.65774e+10|6.01307e+13|5.51854e+11|5.30865e+13|2.4844e+13|8.59239e+10|3.27327e+10|2.57217e+11|2.4859e+13|4.88124e+11|5.41279e+11|1.99581e+13,1.19121e+13|6.31783e+11|1.26993e+12|4.27301e+09|1.08781e+10|1.08408e+10|3.80816e+11|4.71905e+12|4.26293e+10|2.07769e+13|7.72178e+10|6.13322e+12|7.4533e+12|1.6374e+10|5.45815e+09|1.80632e+11|3.91236e+12|5.46248e+10|5.69937e+10|1.65379e+13,0.000272813|0.000273727|0.000140781|0.000672453|9.0809e-05|0.000575588|8.81807e-05|5.83281e-05|0.000103516|0.000289953|1.44025e-05|1.7303e-05|0.000115516|6.38284e-05|2.4748e-05|0.000137431|0.000374552|7.88144e-05|0.000133309|1.10176e-05,0.000247513|0.000148505|0.000236843|0.00709411|0.00346885|0.00434396|0.000951259|0.000221171|0.00441865|0.00411152|0.0082118|0.0037958|0.000803332|0.00172194|0.000559379|0.00038|0.00159185|0.00654761|0.000128581|0.0003012,0.0267276|0.00791251|0.0184192|0.0149108|0.0448555|0.0356972|0.0119964|0.00554542|0.0064633|0.00567541|0.0212901|0.0274705|0.00362957|0.0155694|0.0302924|0.0351794|0.0267406|0.0355868|0.0160189|0.0354931,0.00109024|0.00663636|0.0133546|0.0420171|0.0411686|0.0077036|0.0157083|0.00435647|0.0134039|0.0326562|0.017526|0.00642684|0.0393535|0.0086256|0.0390973|0.0410032|0.0256969|0.0025477|0.0314455|0.0378422,0.947856|0.988586|0.978748|0.950942|0.9175|0.904595|0.939747|0.937172|0.989922|0.945801|0.933849|0.903274|0.912009|0.98259|0.934635|0.944217|0.981074|0.983979|0.986727|0.93728,3.42645|5.73996|0.907615|5.16975|0.574724|4.1085|3.78989|0.286152|2.40993|3.59669|2.38092|1.40891|2.47916|6.09992|3.93309|6.20274|3.83823|5.1941|2.2481|4.12651,30.2686|24.4191|13.2112|34.0839|89.2299|63.0993|70.8805|27.3217|49.6282|76.7594|67.5745|66.6304|92.5451|35.0583|37.2729|32.9383|55.4093|99.595|65.9961,0.210339|0.19865|0.235624|0.248622|0.160794|0.24519|0.195743|0.216152|0.223945|0.171333|0.166922|0.19539|0.209465|0.228753|0.160203|0.189792|0.245267|0.194831|0.213203,0.907958|0.54288|0.512005|0.539818|0.318275|0.75498|0.752864|0.97627|0.275837|0.836795|0.619697|0.776204|0.722966|0.738884|0.316848|0.663025|0.471863|0.756576|0.42835,0.947089,0.929897,0.0537595,0.0057309,0.115486,0.547306,0.2767,0.482509,0.0776559,0.878555,72.0946,2.67492e-12,16056,0.872503,33.453,1.99398e-12,24666,0.931768,0.905326,0.0406295,0.553862,0.492708,0.529597,0.286795,0.463067,0.265174,0.926863,72.3298,3.14198e-12,40952,0.801015,98.3984,2.667e-11,46210
6,184,n1->n2->n3->n4->n5->n15->n14->n13->n23->n24->n25->n35->n36->n37->n27->n17->n7->n8->n9->n10,4.55588e+13|5.23413e+11|1.19214e+13|4.15825e+11|3.27327e+10|8.59239e+10|2.4844e+13|1.70175e+12|5.51854e+11|5.30865e+13|2.01397e+10|7.70315e+09|1.32672e+11|2.09705e+10|6.26614e+13|6.92201e+13|2.4859e+13|4.88124e+11|5.41279e+11|1.99581e+13,1.19121e+13|5.74607e+10|1.39506e+12|5.68247e+10|5.45815e+09|1.6374e+10|7.4533e+12|1.6398e+12|7.72178e+10|6.13322e+12|2.08097e+09|5.01926e+09|1.07428e+11|2.1936e+09|2.35834e+13|1.85776e+13|3.91236e+12|5.46248e+10|5.69937e+10|1.65379e+13,0.000272813|2.22486e-05|0.000240865|0.000208244|2.4748e-05|6.38284e-05|0.000115516|0.000236651|1.44025e-05|1.7303e-05|2.70509e-05|5.09272e-05|0.000101342|2.09632e-05|0.000150771|3.57755e-05|0.000374552|7.88144e-05|0.000133309|1.10176e-05,0.000247513|0.0017649|0.00269887|0.000162239|0.000559379|0.00172194|0.000803332|0.000144035|0.0082118|0.0037958|0.00299666|0.000835052|0.00680413|0.000110486|0.000264815|0.000712371|0.00159185|0.00654761|0.000128581|0.0003012,0.0267276|0.0257131|0.0137582|0.00134448|0.0302924|0.0155694|0.00362957|0.0453925|0.0212901|0.0274705|0.0427717|0.0193653|0.0275064|0.0473531|0.0382494|0.0105772|0.0267406|0.0355868|0.0160189|0.0354931,0.00109024|0.0393537|0.00978248|0.0159645|0.0390973|0.0086256|0.0393535|0.032154|0.017526|0.00642684|0.0449118|0.026069|0.0384409|0.0499989|0.0368632|0.0442819|0.0256969|0.0025477|0.0314455|0.0378422,0.947856|0.962581|0.920316|0.918227|0.934635|0.98259|0.912009|0.94335|0.933849|0.903274|0.937042|0.945614|0.927891|0.972412|0.90904|0.934311|0.981074|0.983979|0.986727|0.93728,3.42645|3.77893|1.24496|6.21195|3.93309|6.09992|2.47916|4.14497|2.38092|1.40891|2.00694|1.72526|4.96631|0.679389|3.73846|4.13414|3.83823|5.1941|2.2481|4.12651,79.8117|37.015|10.4739|81.7362|35.0583|92.5451|56.34|51.9585|67.5745|18.2346|88.4205|18.7034|29.3504|44.8869|72.2829|59.8148|55.4093|99.595|65.9961,0.180902|0.185025|0.209094|0.246934|0.228753|0.209465|0.243804|0.224371|0.166922|0.244562|0.183809|0.214791|0.232026|0.177914|0.20897|0.182049|0.245267|0.194831|0.213203,0.956865|0.12338|0.833808|0.747741|0.738884|0.722966|0.288383|0.980199|0.619697|0.255688|0.991201|0.496108|0.841833|0.261714|0.780344|0.538397|0.471863|0.756576|0.42835,0.947089,0.929897,0.0537595,0.0057309,0.115486,0.547306,0.2767,0.482509,0.0776559,0.878555,72.0946,2.67492e-12,16056,0.872503,33.453,1.99398e-12,24666,0.931768,0.905326,0.0406295,0.553862,0.492708,0.529597,0.286795,0.463067,0.265174,0.926863,72.3298,3.14198e-12,40952,0.801015,98.3984,2.667e-11,46210
6,185,n1->n11->n12->n22->n21->n31->n32->n42->n43->n33->n23->n24->n25->n15->n16->n17->n18->n8->n9->n10,4.55588e+13|1.15025e+12|9.70647e+12|7.03401e+09|2.40242e+10|1.31436e+10|1.62664e+12|7.99037e+12|4.65774e+10|6.01307e+13|5.51854e+11|5.30865e+13|2.01397e+10|8.59239e+10|1.96299e+11|6.92201e+13|8.81528e+10|4.88124e+11|5.41279e+11|1.99581e+13,1.19121e+13|6.31783e+11|1.26993e+12|4.27301e+09|1.08781e+10|1.08408e+10|3.80816e+11|4.71905e+12|4.26293e+10|2.07769e+13|7.72178e+10|6.13322e+12|2.08097e+09|1.6374e+10|4.16811e+10|1.85776e+13|7.0302e+10|5.46248e+10|5.69937e+10|1.65379e+13,0.000272813|0.000273727|0.000140781|0.000672453|9.0809e-05|0.000575588|8.81807e-05|5.83281e-05|0.000103516|0.000289953|1.44025e-05|1.7303e-05|2.70509e-05|6.38284e-05|1.24441e-05|3.57755e-05|0.000192647|7.88144e-05|0.000133309|1.10176e-05,0.000247513|0.000148505|0.000236843|0.00709411|0.00346885|0.00434396|0.000951259|0.000221171|0.00441865|0.00411152|0.0082118|0.0037958|0.00299666|0.00172194|0.000118496|0.000712371|0.000947335|0.00654761|0.000128581|0.0003012,0.0267276|0.00791251|0.0184192|0.0149108|0.0448555|0.0356972|0.0119964|0.00554542|0.0064633|0.00567541|0.0212901|0.0274705|0.0427717|0.0155694|0.0196441|0.0105772|0.00660715|0.0355868|0.0160189|0.0354931,0.00109024|0.00663636|0.0133546|0.0420171|0.0411686|0.0077036|0.0157083|0.00435647|0.0134039|0.0326562|0.017526|0.00642684|0.0449118|0.0086256|0.0465121|0.0442819|0.0450958|0.0025477|0.0314455|0.0378422,0.947856|0.988586|0.978748|0.950942|0.9175|0.904595|0.939747|0.937172|0.989922|0.945801|0.933849|0.903274|0.937042|0.98259|0.969417|0.934311|0.951948|0.983979|0.986727|0.93728,3.42645|5.73996|0.907615|5.16975|0.574724|4.1085|3.78989|0.286152|2.40993|3.59669|2.38092|1.40891|2.00694|6.09992|2.19452|4.13414|1.79104|5.1941|2.2481|4.12651,30.2686|24.4191|13.2112|34.0839|89.2299|63.0993|70.8805|27.3217|49.6282|76.7594|67.5745|18.2346|54.7186|56.2706|32.2763|27.3162|81.3396|99.595|65.9961,0.210339|0.19865|0.235624|0.248622|0.160794|0.24519|0.195743|0.216152|0.223945|0.171333|0.166922|0.244562|0.244234|0.241799|0.211942|0.218168|0.24659|0.194831|0.213203,0.907958|0.54288|0.512005|0.539818|0.318275|0.75498|0.752864|0.97627|0.275837|0.836795|0.619697|0.255688|0.629787|0.73275|0.374165|0.309735|0.632564|0.756576|0.42835,0.947089,0.929897,0.0537595,0.0057309,0.115486,0.547306,0.2767,0.482509,0.0776559,0.878555,72.0946,2.67492e-12,16056,0.872503,33.453,1.99398e-12,24666,0.931768,0.905326,0.0406295,0.553862,0.492708,0.529597,0.286795,0.463067,0.265174,0.926863,72.3298,3.14198e-12,40952,0.801015,98.3984,2.667e-11,46210
6,186,n1->n11->n21->n31->n41->n51->n52->n42->n43->n33->n23->n13->n3->n4->n5->n6->n7->n8->n9->n10,4.55588e+13|1.15025e+12|2.40242e+10|1.31436e+10|6.50614e+10|1.05254e+11|7.81698e+12|7.99037e+12|4.65774e+10|6.01307e+13|5.51854e+11|1.70175e+12|1.19214e+13|4.15825e+11|3.27327e+10|2.57217e+11|2.4859e+13|4.88124e+11|5.41279e+11|1.99581e+13,1.19121e+13|6.31783e+11|1.08781e+10|1.08408e+10|6.80797e+09|4.19023e+10|9.08288e+11|4.71905e+12|4.26293e+10|2.07769e+13|7.72178e+10|1.6398e+12|1.39506e+12|5.68247e+10|5.45815e+09|1.80632e+11|3.91236e+12|5.46248e+10|5.69937e+10|1.65379e+13,0.000272813|0.000273727|9.0809e-05|0.000575588|1.31318e-05|0.00099153|4.41855e-05|5.83281e-05|0.000103516|0.000289953|1.44025e-05|0.000236651|0.000240865|0.000208244|2.4748e-05|0.000137431|0.000374552|7.88144e-05|0.000133309|1.10176e-05,0.000247513|0.000148505|0.00346885|0.00434396|0.000505355|0.00931214|0.00621047|0.000221171|0.00441865|0.00411152|0.0082118|0.000144035|0.00269887|0.000162239|0.000559379|0.00038|0.00159185|0.00654761|0.000128581|0.0003012,0.0267276|0.00791251|0.0448555|0.0356972|0.0231053|0.025631|0.0384176|0.00554542|0.0064633|0.00567541|0.0212901|0.0453925|0.0137582|0.00134448|0.0302924|0.0351794|0.0267406|0.0355868|0.0160189|0.0354931,0.00109024|0.00663636|0.0411686|0.0077036|0.00834356|0.0286932|0.0371117|0.00435647|0.0134039|0.0326562|0.017526|0.032154|0.00978248|0.0159645|0.0390973|0.0410032|0.0256969|0.0025477|0.0314455|0.0378422,0.947856|0.988586|0.9175|0.904595|0.917986|0.985246|0.963453|0.937172|0.989922|0.945801|0.933849|0.94335|0.920316|0.918227|0.934635|0.944217|0.981074|0.983979|0.986727|0.93728,3.42645|5.73996|0.574724|4.1085|1.44646|6.19293|2.60918|0.286152|2.40993|3.59669|2.38092|4.14497|1.24496|6.21195|3.93309|6.20274|3.83823|5.1941|2.2481|4.12651,30.2686|65.1286|89.2299|64.4551|23.0914|43.4967|93.5115|27.3217|49.6282|76.7594|51.9585|83.9106|10.4739|81.7362|37.2729|32.9383|55.4093|99.595|65.9961,0.210339|0.167515|0.160794|0.171418|0.211672|0.216157|0.238422|0.216152|0.223945|0.171333|0.224371|0.235608|0.209094|0.246934|0.160203|0.189792|0.245267|0.194831|0.213203,0.907958|0.853399|0.318275|0.943936|0.897085|0.821507|0.293266|0.97627|0.275837|0.836795|0.980199|0.629113|0.833808|0.747741|0.316848|0.663025|0.471863|0.756576|0.42835,0.947089,0.929897,0.0537595,0.0057309,0.115486,0.547306,0.2767,0.482509,0.0776559,0.878555,72.0946,2.67492e-12,16056,0.872503,33.453,1.99398e-12,24666,0.931768,0.905326,0.0406295,0.553862,0.492708,0.529597,0.286795,0.463067,0.265174,0.926863,72.3298,3.14198e-12,40952,0.801015,98.3984,2.667e-11,46210
6,187,n1->n11->n12->n13->n3->n4->n14->n24->n25->n26->n27->n37->n47->n48->n38->n39->n40->n30->n20->n10,4.55588e+13|1.15025e+12|9.70647e+12|1.70175e+12|1.19214e+13|4.15825e+11|2.4844e+13|5.30865e+13|2.01397e+10|9.98399e+13|6.26614e+13|2.09705e+10|1.52467e+09|1.10554e+09|3.12412e+13|8.73226e+09|1.03737e+12|1.45391e+13|1.52852e+09|1.99581e+13,1.19121e+13|6.31783e+11|1.26993e+12|1.6398e+12|1.39506e+12|5.68247e+10|7.4533e+12|6.13322e+12|2.08097e+09|5.87009e+13|2.35834e+13|2.1936e+09|6.56229e+08|1.05866e+09|1.73182e+13|2.42615e+09|3.64009e+11|6.46288e+12|2.19744e+08|1.65379e+13,0.000272813|0.000273727|0.000140781|0.000236651|0.000240865|0.000208244|0.000115516|1.7303e-05|2.70509e-05|0.000118769|0.000150771|2.09632e-05|0.000649176|0.00063893|4.61837e-05|0.000116161|1.31439e-05|0.000269765|0.00080518|1.10176e-05,0.000247513|0.000148505|0.000236843|0.000144035|0.00269887|0.000162239|0.000803332|0.0037958|0.00299666|0.000323253|0.000264815|0.000110486|0.00898133|0.00011379|0.00101055|0.0029589|0.00249226|0.000185529|0.00141516|0.0003012,0.0267276|0.00791251|0.0184192|0.0453925|0.0137582|0.00134448|0.00362957|0.0274705|0.0427717|0.0160653|0.0382494|0.0473531|0.0325065|0.000906633|0.033088|0.0482227|0.0358168|0.000483153|0.024448|0.0354931,0.00109024|0.00663636|0.0133546|0.032154|0.00978248|0.0159645|0.0393535|0.00642684|0.0449118|0.0257682|0.0368632|0.0499989|0.0474961|0.0183485|0.00120252|0.0424138|0.025624|0.0217074|0.0192162|0.0378422,0.947856|0.988586|0.978748|0.94335|0.920316|0.918227|0.912009|0.903274|0.937042|0.951498|0.90904|0.972412|0.907188|0.924561|0.947646|0.959044|0.982687|0.908504|0.9673|0.93728,3.42645|5.73996|0.907615|4.14497|1.24496|6.21195|2.47916|1.40891|2.00694|0.0859455|3.73846|0.679389|2.25741|5.32143|4.60178|3.66712|4.22505|2.24783|0.887559|4.12651,30.2686|24.4191|13.9548|83.9106|10.4739|52.1141|66.6304|18.2346|55.6995|42.5138|44.8869|88.6669|13.4252|21.8454|69.5993|86.0567|98.0873|23.9015|29.3778,0.210339|0.19865|0.17533|0.235608|0.209094|0.220919|0.19539|0.244562|0.190523|0.164014|0.177914|0.229281|0.166796|0.185504|0.185434|0.214434|0.186632|0.180438|0.160098,0.907958|0.54288|0.469559|0.629113|0.833808|0.42528|0.776204|0.255688|0.158588|0.873071|0.261714|0.391117|0.904036|0.404213|0.333363|0.625209|0.334156|0.504214|0.879487,0.947089,0.929897,0.0537595,0.0057309,0.115486,0.547306,0.2767,0.482509,0.0776559,0.878555,72.0946,2.67492e-12,16056,0.872503,33.453,1.99398e-12,24666,0.931768,0.905326,0.0406295,0.553862,0.492708,0.529597,0.286795,0.463067,0.265174,0.926863,72.3298,3.14198e-12,40952,0.801015,98.3984,2.667e-11,46210
6,188,n1->n11->n21->n31->n41->n51->n52->n53->n54->n44->n45->n35->n36->n26->n27->n28->n18->n19->n20->n10,4.55588e+13|1.15025e+12|2.40242e+10|1.31436e+10|6.50614e+10|1.05254e+11|7.81698e+12|1.03802e+11|3.40761e+09|1.74595e+12|2.63664e+13|7.70315e+09|1.32672e+11|9.98399e+13|6.26614e+13|1.9542e+12|8.81528e+10|2.45264e+13|1.52852e+09|1.99581e+13,1.19121e+13|6.31783e+11|1.08781e+10|1.08408e+10|6.80797e+09|4.19023e+10|9.08288e+11|6.68558e+10|4.68286e+08|1.65256e+12|1.23689e+13|5.01926e+09|1.07428e+11|5.87009e+13|2.35834e+13|1.33825e+12|7.0302e+10|2.78019e+12|2.19744e+08|1.65379e+13,0.000272813|0.000273727|9.0809e-05|0.000575588|1.31318e-05|0.00099153|4.41855e-05|3.86866e-05|6.83395e-05|0.00012635|3.95057e-05|5.09272e-05|0.000101342|0.000118769|0.000150771|2.58334e-05|0.000192647|4.2477e-05|0.00080518|1.10176e-05,0.000247513|0.000148505|0.00346885|0.00434396|0.000505355|0.00931214|0.00621047|0.00234241|0.000128959|0.00040803|0.0002769|0.000835052|0.00680413|0.000323253|0.000264815|0.00569206|0.000947335|0.00118483|0.00141516|0.0003012,0.0267276|0.00791251|0.0448555|0.0356972|0.0231053|0.025631|0.0384176|0.0363104|0.0473849|0.0265974|0.0341538|0.0193653|0.0275064|0.0160653|0.0382494|0.0230741|0.00660715|0.0169907|0.024448|0.0354931,0.00109024|0.00663636|0.0411686|0.0077036|0.00834356|0.0286932|0.0371117|0.0422278|0.0450948|0.00273186|0.0459766|0.026069|0.0384409|0.0257682|0.0368632|0.00482618|0.0450958|0.0238367|0.0192162|0.0378422,0.947856|0.988586|0.9175|0.904595|0.917986|0.985246|0.963453|0.930389|0.904649|0.910675|0.928418|0.945614|0.927891|0.951498|0.90904|0.910034|0.951948|0.92511|0.9673|0.93728,3.42645|5.73996|0.574724|4.1085|1.44646|6.19293|2.60918|4.66143|5.26727|0.0450574|2.02042|1.72526|4.96631|0.0859455|3.73846|1.24284|1.79104|0.817336|0.887559|4.12651,30.2686|65.1286|89.2299|64.4551|23.0914|43.4967|21.0603|69.1985|67.7415|89.5651|97.1045|18.7034|63.8366|42.5138|15.3326|43.2583|28.0546|10.3361|29.3778,0.210339|0.167515|0.160794|0.171418|0.211672|0.216157|0.170257|0.216227|0.194325|0.180926|0.218477|0.214791|0.166971|0.164014|0.200691|0.171475|0.244543|0.171305|0.160098,0.907958|0.853399|0.318275|0.943936|0.897085|0.821507|0.932133|0.291532|0.704821|0.300111|0.912545|0.496108|0.576097|0.873071|0.938399|0.471649|0.240936|0.982386|0.879487,0.947089,0.929897,0.0537595,0.0057309,0.115486,0.547306,0.2767,0.482509,0.0776559,0.878555,72.0946,2.67492e-12,16056,0.872503,33.453,1.99398e-12,24666,0.931768,0.905326,0.0406295,0.553862,0.492708,0.529597,0.286795,0.463067,0.265174,0.926863,72.3298,3.14198e-12,40952,0.801015,98.3984,2.667e-11,46210
6,189,n1->n2->n12->n11->n21->n31->n41->n42->n43->n33->n23->n24->n14->n15->n5->n6->n7->n8->n9->n10,4.55588e+13|5.23413e+11|9.70647e+12|1.15025e+12|2.40242e+10|1.31436e+10|6.50614e+10|7.99037e+12|4.65774e+10|6.01307e+13|5.51854e+11|5.30865e+13|2.4844e+13|8.59239e+10|3.27327e+10|2.57217e+11|2.4859e+13|4.88124e+11|5.41279e+11|1.99581e+13,1.19121e+13|5.74607e+10|1.26993e+12|6.31783e+11|1.08781e+10|1.08408e+10|6.80797e+09|4.71905e+12|4.26293e+10|2.07769e+13|7.72178e+10|6.13322e+12|7.4533e+12|1.6374e+10|5.45815e+09|1.80632e+11|3.91236e+12|5.46248e+10|5.69937e+10|1.65379e+13,0.000272813|2.22486e-05|0.000140781|0.000273727|9.0809e-05|0.000575588|1.31318e-05|5.83281e-05|0.000103516|0.000289953|1.44025e-05|1.7303e-05|0.000115516|6.38284e-05|2.4748e-05|0.000137431|0.000374552|7.88144e-05|0.000133309|1.10176e-05,0.000247513|0.0017649|0.000236843|0.000148505|0.00346885|0.00434396|0.000505355|0.000221171|0.00441865|0.00411152|0.0082118|0.0037958|0.000803332|0.00172194|0.000559379|0.00038|0.00159185|0.00654761|0.000128581|0.0003012,0.0267276|0.0257131|0.0184192|0.00791251|0.0448555|0.0356972|0.0231053|0.00554542|0.0064633|0.00567541|0.0212901|0.0274705|0.00362957|0.0155694|0.0302924|0.0351794|0.0267406|0.0355868|0.0160189|0.0354931,0.00109024|0.0393537|0.0133546|0.00663636|0.0411686|0.0077036|0.00834356|0.00435647|0.0134039|0.0326562|0.017526|0.00642684|0.0393535|0.0086256|0.0390973|0.0410032|0.0256969|0.0025477|0.0314455|0.0378422,0.947856|0.962581|0.978748|0.988586|0.9175|0.904595|0.917986|0.937172|0.989922|0.945801|0.933849|0.903274|0.912009|0.98259|0.934635|0.944217|0.981074|0.983979|0.986727|0.93728,3.42645|3.77893|0.907615|5.73996|0.574724|4.1085|1.44646|0.286152|2.40993|3.59669|2.38092|1.40891|2.47916|6.09992|3.93309|6.20274|3.83823|5.1941|2.2481|4.12651,79.8117|88.6198|24.4191|65.1286|89.2299|64.4551|61.2747|27.3217|49.6282|76.7594|67.5745|66.6304|92.5451|35.0583|37.2729|32.9383|55.4093|99.595|65.9961,0.180902|0.229809|0.19865|0.167515|0.160794|0.171418|0.206154|0.216152|0.223945|0.171333|0.166922|0.19539|0.209465|0.228753|0.160203|0.189792|0.245267|0.194831|0.213203,0.956865|0.73214|0.54288|0.853399|0.318275|0.943936|0.568505|0.97627|0.275837|0.836795|0.619697|0.776204|0.722966|0.738884|0.316848|0.663025|0.471863|0.756576|0.42835,0.947089,0.929897,0.0537595,0.0057309,0.115486,0.547306,0.2767,0.482509,0.0776559,0.878555,72.0946,2.67492e-12,16056,0.872503,33.453,1.99398e-12,24666,0.931768,0.905326,0.0406295,0.553862,0.492708,0.529597,0.286795,0.463067,0.265174,0.926863,72.3298,3.14198e-12,40952,0.801015,98.3984,2.667e-11,46210
6,190,n1->n11->n12->n13->n23->n24->n25->n15->n14->n4->n5->n6->n7->n17->n18->n8->n9->n19->n20->n10,4.55588e+13|1.15025e+12|9.70647e+12|1.70175e+12|5.51854e+11|5.30865e+13|2.01397e+10|8.59239e+10|2.4844e+13|4.15825e+11|3.27327e+10|2.57217e+11|2.4859e+13|6.92201e+13|8.81528e+10|4.88124e+11|5.41279e+11|2.45264e+13|1.52852e+09|1.99581e+13,1.19121e+13|6.31783e+11|1.26993e+12|1.6398e+12|7.72178e+10|6.13322e+12|2.08097e+09|1.6374e+10|7.4533e+12|5.68247e+10|5.45815e+09|1.80632e+11|3.91236e+12|1.85776e+13|7.0302e+10|5.46248e+10|5.69937e+10|2.78019e+12|2.19744e+08|1.65379e+13,0.000272813|0.000273727|0.000140781|0.000236651|1.44025e-05|1.7303e-05|2.70509e-05|6.38284e-05|0.000115516|0.000208244|2.4748e-05|0.000137431|0.000374552|3.57755e-05|0.000192647|7.88144e-05|0.000133309|4.2477e-05|0.00080518|1.10176e-05,0.000247513|0.000148505|0.000236843|0.000144035|0.0082118|0.0037958|0.00299666|0.00172194|0.000803332|0.000162239|0.000559379|0.00038|0.00159185|0.000712371|0.000947335|0.00654761|0.000128581|0.00118483|0.00141516|0.0003012,0.0267276|0.00791251|0.0184192|0.0453925|0.0212901|0.0274705|0.0427717|0.0155694|0.00362957|0.00134448|0.0302924|0.0351794|0.0267406|0.0105772|0.00660715|0.0355868|0.0160189|0.0169907|0.024448|0.0354931,0.00109024|0.00663636|0.0133546|0.032154|0.017526|0.00642684|0.0449118|0.0086256|0.0393535|0.0159645|0.0390973|0.0410032|0.0256969|0.0442819|0.0450958|0.0025477|0.0314455|0.0238367|0.0192162|0.0378422,0.947856|0.988586|0.978748|0.94335|0.933849|0.903274|0.937042|0.98259|0.912009|0.918227|0.934635|0.944217|0.981074|0.934311|0.951948|0.983979|0.986727|0.92511|0.9673|0.93728,3.42645|5.73996|0.907615|4.14497|2.38092|1.40891|2.00694|6.09992|2.47916|6.21195|3.93309|6.20274|3.83823|4.13414|1.79104|5.1941|2.2481|0.817336|0.887559|4.12651,30.2686|24.4191|13.9548|51.9585|67.5745|18.2346|54.7186|92.5451|52.1141|81.7362|37.2729|32.9383|59.8148|27.3162|81.3396|99.595|99.0064|10.3361|29.3778,0.210339|0.19865|0.17533|0.224371|0.166922|0.244562|0.244234|0.209465|0.220919|0.246934|0.160203|0.189792|0.182049|0.218168|0.24659|0.194831|0.210817|0.171305|0.160098,0.907958|0.54288|0.469559|0.980199|0.619697|0.255688|0.629787|0.722966|0.42528|0.747741|0.316848|0.663025|0.538397|0.309735|0.632564|0.756576|0.387396|0.982386|0.879487,0.947089,0.929897,0.0537595,0.0057309,0.115486,0.547306,0.2767,0.482509,0.0776559,0.878555,72.0946,2.67492e-12,16056,0.872503,33.453,1.99398e-12,24666,0.931768,0.905326,0.0406295,0.553862,0.492708,0.529597,0.286795,0.463067,0.265174,0.926863,72.3298,3.14198e-12,40952,0.801015,98.3984,2.667e-11,46210
6,191,n1->n11->n12->n2->n3->n13->n23->n33->n34->n35->n45->n46->n36->n26->n16->n17->n18->n8->n9->n10,4.55588e+13|1.15025e+12|9.70647e+12|5.23413e+11|1.19214e+13|1.70175e+12|5.51854e+11|6.01307e+13|1.55627e+09|7.70315e+09|2.63664e+13|1.86725e+13|1.32672e+11|9.98399e+13|1.96299e+11|6.92201e+13|8.81528e+10|4.88124e+11|5.41279e+11|1.99581e+13,1.19121e+13|6.31783e+11|1.26993e+12|5.74607e+10|1.39506e+12|1.6398e+12|7.72178e+10|2.07769e+13|1.25401e+09|5.01926e+09|1.23689e+13|1.46076e+13|1.07428e+11|5.87009e+13|4.16811e+10|1.85776e+13|7.0302e+10|5.46248e+10|5.69937e+10|1.65379e+13,0.000272813|0.000273727|0.000140781|2.22486e-05|0.000240865|0.000236651|1.44025e-05|0.000289953|0.000804578|5.09272e-05|3.95057e-05|0.00067309|0.000101342|0.000118769|1.24441e-05|3.57755e-05|0.000192647|7.88144e-05|0.000133309|1.10176e-05,0.000247513|0.000148505|0.000236843|0.0017649|0.00269887|0.000144035|0.0082118|0.00411152|0.000101616|0.000835052|0.0002769|0.000385752|0.00680413|0.000323253|0.000118496|0.000712371|0.000947335|0.00654761|0.000128581|0.0003012,0.0267276|0.00791251|0.0184192|0.0257131|0.0137582|0.0453925|0.0212901|0.00567541|0.0106396|0.0193653|0.0341538|0.00601563|0.0275064|0.0160653|0.0196441|0.0105772|0.00660715|0.0355868|0.0160189|0.0354931,0.00109024|0.00663636|0.0133546|0.0393537|0.00978248|0.032154|0.017526|0.0326562|0.00900971|0.026069|0.0459766|0.0219999|0.0384409|0.0257682|0.0465121|0.0442819|0.0450958|0.0025477|0.0314455|0.0378422,0.947856|0.988586|0.978748|0.962581|0.920316|0.94335|0.933849|0.945801|0.974224|0.945614|0.928418|0.928098|0.927891|0.951498|0.969417|0.934311|0.951948|0.983979|0.986727|0.93728,3.42645|5.73996|0.907615|3.77893|1.24496|4.14497|2.38092|3.59669|3.75785|1.72526|2.02042|5.5535|4.96631|0.0859455|2.19452|4.13414|1.79104|5.1941|2.2481|4.12651,30.2686|24.4191|88.6198|37.015|83.9106|51.9585|76.7594|23.5709|31.5608|97.1045|61.2725|70.4589|63.8366|11.0615|32.2763|27.3162|81.3396|99.595|65.9961,0.210339|0.19865|0.229809|0.185025|0.235608|0.224371|0.171333|0.193865|0.244982|0.218477|0.221931|0.183257|0.166971|0.223866|0.211942|0.218168|0.24659|0.194831|0.213203,0.907958|0.54288|0.73214|0.12338|0.629113|0.980199|0.836795|0.62087|0.420555|0.912545|0.978505|0.477463|0.576097|0.893757|0.374165|0.309735|0.632564|0.756576|0.42835,0.947089,0.929897,0.0537595,0.0057309,0.115486,0.547306,0.2767,0.482509,0.0776559,0.878555,72.0946,2.67492e-12,16056,0.872503,33.453,1.99398e-12,24666,0.931768,0.905326,0.0406295,0.553862,0.492708,0.529597,0.286795,0.463067,0.265174,0.926863,72.3298,3.14198e-12,40952,0.801015,98.3984,2.667e-11,46210
6,192,n1->n11->n12->n22->n32->n42->n43->n44->n34->n33->n23->n24->n14->n4->n5->n6->n7->n8->n9->n10,4.55588e+13|1.15025e+12|9.70647e+12|7.03401e+09|1.62664e+12|7.99037e+12|4.65774e+10|1.74595e+12|1.55627e+09|6.01307e+13|5.51854e+11|5.30865e+13|2.4844e+13|4.15825e+11|3.27327e+10|2.57217e+11|2.4859e+13|4.88124e+11|5.41279e+11|1.99581e+13,1.19121e+13|6.31783e+11|1.26993e+12|4.27301e+09|3.80816e+11|4.71905e+12|4.26293e+10|1.65256e+12|1.25401e+09|2.07769e+13|7.72178e+10|6.13322e+12|7.4533e+12|5.68247e+10|5.45815e+09|1.80632e+11|3.91236e+12|5.46248e+10|5.69937e+10|1.65379e+13,0.000272813|0.000273727|0.000140781|0.000672453|8.81807e-05|5.83281e-05|0.000103516|0.00012635|0.000804578|0.000289953|1.44025e-05|1.7303e-05|0.000115516|0.000208244|2.4748e-05|0.000137431|0.000374552|7.88144e-05|0.000133309|1.10176e-05,0.000247513|0.000148505|0.000236843|0.00709411|0.000951259|0.000221171|0.00441865|0.00040803|0.000101616|0.00411152|0.0082118|0.0037958|0.000803332|0.000162239|0.000559379|0.00038|0.00159185|0.00654761|0.000128581|0.0003012,0.0267276|0.00791251|0.0184192|0.0149108|0.0119964|0.00554542|0.0064633|0.0265974|0.0106396|0.00567541|0.0212901|0.0274705|0.00362957|0.00134448|0.0302924|0.0351794|0.0267406|0.0355868|0.0160189|0.0354931,0.00109024|0.00663636|0.0133546|0.0420171|0.0157083|0.00435647|0.0134039|0.00273186|0.00900971|0.0326562|0.017526|0.00642684|0.0393535|0.0159645|0.0390973|0.0410032|0.0256969|0.0025477|0.0314455|0.0378422,0.947856|0.988586|0.978748|0.950942|0.939747|0.937172|0.989922|0.910675|0.974224|0.945801|0.933849|0.903274|0.912009|0.918227|0.934635|0.944217|0.981074|0.983979|0.986727|0.93728,3.42645|5.73996|0.907615|5.16975|3.78989|0.286152|2.40993|0.0450574|3.75785|3.59669|2.38092|1.40891|2.47916|6.21195|3.93309|6.20274|3.83823|5.1941|2.2481|4.12651,30.2686|24.4191|13.2112|86.2435|70.8805|27.3217|59.7094|46.2248|23.5709|76.7594|67.5745|66.6304|52.1141|81.7362|37.2729|32.9383|55.4093|99.595|65.9961,0.210339|0.19865|0.235624|0.178944|0.195743|0.216152|0.181706|0.197744|0.193865|0.171333|0.166922|0.19539|0.220919|0.246934|0.160203|0.189792|0.245267|0.194831|0.213203,0.907958|0.54288|0.512005|0.653738|0.752864|0.97627|0.410297|0.728663|0.62087|0.836795|0.619697|0.776204|0.42528|0.747741|0.316848|0.663025|0.471863|0.756576|0.42835,0.947089,0.929897,0.0537595,0.0057309,0.115486,0.547306,0.2767,0.482509,0.0776559,0.878555,72.0946,2.67492e-12,16056,0.872503,33.453,1.99398e-12,24666,0.931768,0.905326,0.0406295,0.553862,0.492708,0.529597,0.286795,0.463067,0.265174,0.926863,72.3298,3.14198e-12,40952,0.801015,98.3984,2.667e-11,46210
6,193,n1->n11->n12->n22->n32->n33->n34->n44->n45->n35->n25->n26->n27->n17->n18->n28->n29->n30->n20->n10,4.55588e+13|1.15025e+12|9.70647e+12|7.03401e+09|1.62664e+12|6.01307e+13|1.55627e+09|1.74595e+12|2.63664e+13|7.70315e+09|2.01397e+10|9.98399e+13|6.26614e+13|6.92201e+13|8.81528e+10|1.9542e+12|2.59271e+10|1.45391e+13|1.52852e+09|1.99581e+13,1.19121e+13|6.31783e+11|1.26993e+12|4.27301e+09|3.80816e+11|2.07769e+13|1.25401e+09|1.65256e+12|1.23689e+13|5.01926e+09|2.08097e+09|5.87009e+13|2.35834e+13|1.85776e+13|7.0302e+10|1.33825e+12|8.13129e+09|6.46288e+12|2.19744e+08|1.65379e+13,0.000272813|0.000273727|0.000140781|0.000672453|8.81807e-05|0.000289953|0.000804578|0.00012635|3.95057e-05|5.09272e-05|2.70509e-05|0.000118769|0.000150771|3.57755e-05|0.000192647|2.58334e-05|0.000314414|0.000269765|0.00080518|1.10176e-05,0.000247513|0.000148505|0.000236843|0.00709411|0.000951259|0.00411152|0.000101616|0.00040803|0.0002769|0.000835052|0.00299666|0.000323253|0.000264815|0.000712371|0.000947335|0.00569206|0.000236294|0.000185529|0.00141516|0.0003012,0.0267276|0.00791251|0.0184192|0.0149108|0.0119964|0.00567541|0.0106396|0.0265974|0.0341538|0.0193653|0.0427717|0.0160653|0.0382494|0.0105772|0.00660715|0.0230741|0.0496326|0.000483153|0.024448|0.0354931,0.00109024|0.00663636|0.0133546|0.0420171|0.0157083|0.0326562|0.00900971|0.00273186|0.0459766|0.026069|0.0449118|0.0257682|0.0368632|0.0442819|0.0450958|0.00482618|0.0080761|0.0217074|0.0192162|0.0378422,0.947856|0.988586|0.978748|0.950942|0.939747|0.945801|0.974224|0.910675|0.928418|0.945614|0.937042|0.951498|0.90904|0.934311|0.951948|0.910034|0.956941|0.908504|0.9673|0.93728,3.42645|5.73996|0.907615|5.16975|3.78989|3.59669|3.75785|0.0450574|2.02042|1.72526|2.00694|0.0859455|3.73846|4.13414|1.79104|1.24284|5.8367|2.24783|0.887559|4.12651,30.2686|24.4191|13.2112|86.2435|67.4197|23.5709|46.2248|89.5651|97.1045|88.4205|55.6995|42.5138|72.2829|27.3162|43.2583|39.0733|83.4704|23.9015|29.3778,0.210339|0.19865|0.235624|0.178944|0.212413|0.193865|0.197744|0.180926|0.218477|0.183809|0.190523|0.164014|0.20897|0.218168|0.171475|0.227384|0.183396|0.180438|0.160098,0.907958|0.54288|0.512005|0.653738|0.400026|0.62087|0.728663|0.300111|0.912545|0.991201|0.158588|0.873071|0.780344|0.309735|0.471649|0.753148|0.855906|0.504214|0.879487,0.947089,0.929897,0.0537595,0.0057309,0.115486,0.547306,0.2767,0.482509,0.0776559,0.878555,72.0946,2.67492e-12,16056,0.872503,33.453,1.99398e-12,24666,0.931768,0.905326,0.0406295,0.553862,0.492708,0.529597,0.286795,0.463067,0.265174,0.926863,72.3298,3.14198e-12,40952,0.801015,98.3984,2.667e-11,46210
6,194,n1->n2->n12->n11->n21->n22->n32->n33->n23->n13->n3->n4->n14->n15->n16->n6->n7->n8->n9->n10,4.55588e+13|5.23413e+11|9.70647e+12|1.15025e+12|2.40242e+10|7.03401e+09|1.62664e+12|6.01307e+13|5.51854e+11|1.70175e+12|1.19214e+13|4.15825e+11|2.4844e+13|8.59239e+10|1.96299e+11|2.57217e+11|2.4859e+13|4.88124e+11|5.41279e+11|1.99581e+13,1.19121e+13|5.74607e+10|1.26993e+12|6.31783e+11|1.08781e+10|4.27301e+09|3.80816e+11|2.07769e+13|7.72178e+10|1.6398e+12|1.39506e+12|5.68247e+10|7.4533e+12|1.6374e+10|4.16811e+10|1.80632e+11|3.91236e+12|5.46248e+10|5.69937e+10|1.65379e+13,0.000272813|2.22486e-05|0.000140781|0.000273727|9.0809e-05|0.000672453|8.81807e-05|0.000289953|1.44025e-05|0.000236651|0.000240865|0.000208244|0.000115516|6.38284e-05|1.24441e-05|0.000137431|0.000374552|7.88144e-05|0.000133309|1.10176e-05,0.000247513|0.0017649|0.000236843|0.000148505|0.00346885|0.00709411|0.000951259|0.00411152|0.0082118|0.000144035|0.00269887|0.000162239|0.000803332|0.00172194|0.000118496|0.00038|0.00159185|0.00654761|0.000128581|0.0003012,0.0267276|0.0257131|0.0184192|0.00791251|0.0448555|0.0149108|0.0119964|0.00567541|0.0212901|0.0453925|0.0137582|0.00134448|0.00362957|0.0155694|0.0196441|0.0351794|0.0267406|0.0355868|0.0160189|0.0354931,0.00109024|0.0393537|0.0133546|0.00663636|0.0411686|0.0420171|0.0157083|0.0326562|0.017526|0.032154|0.00978248|0.0159645|0.0393535|0.0086256|0.0465121|0.0410032|0.0256969|0.0025477|0.0314455|0.0378422,0.947856|0.962581|0.978748|0.988586|0.9175|0.950942|0.939747|0.945801|0.933849|0.94335|0.920316|0.918227|0.912009|0.98259|0.969417|0.944217|0.981074|0.983979|0.986727|0.93728,3.42645|3.77893|0.907615|5.73996|0.574724|5.16975|3.78989|3.59669|2.38092|4.14497|1.24496|6.21195|2.47916|6.09992|2.19452|6.20274|3.83823|5.1941|2.2481|4.12651,79.8117|88.6198|24.4191|65.1286|34.0839|86.2435|67.4197|76.7594|51.9585|83.9106|10.4739|52.1141|92.5451|56.2706|50.0569|32.9383|55.4093|99.595|65.9961,0.180902|0.229809|0.19865|0.167515|0.248622|0.178944|0.212413|0.171333|0.224371|0.235608|0.209094|0.220919|0.209465|0.241799|0.177576|0.189792|0.245267|0.194831|0.213203,0.956865|0.73214|0.54288|0.853399|0.539818|0.653738|0.400026|0.836795|0.980199|0.629113|0.833808|0.42528|0.722966|0.73275|0.337265|0.663025|0.471863|0.756576|0.42835,0.947089,0.929897,0.0537595,0.0057309,0.115486,0.547306,0.2767,0.482509,0.0776559,0.878555,72.0946,2.67492e-12,16056,0.872503,33.453,1.99398e-12,24666,0.931768,0.905326,0.0406295,0.553862,0.492708,0.529597,0.286795,0.463067,0.265174,0.926863,72.3298,3.14198e-12,40952,0.801015,98.3984,2.667e-11,46210
6,195,n1->n2->n3->n4->n5->n6->n7->n17->n16->n26->n27->n37->n38->n48->n49->n39->n29->n19->n20->n10,4.55588e+13|5.23413e+11|1.19214e+13|4.15825e+11|3.27327e+10|2.57217e+11|2.4859e+13|6.92201e+13|1.96299e+11|9.98399e+13|6.26614e+13|2.09705e+10|3.12412e+13|1.10554e+09|6.34486e+09|8.73226e+09|2.59271e+10|2.45264e+13|1.52852e+09|1.99581e+13,1.19121e+13|5.74607e+10|1.39506e+12|5.68247e+10|5.45815e+09|1.80632e+11|3.91236e+12|1.85776e+13|4.16811e+10|5.87009e+13|2.35834e+13|2.1936e+09|1.73182e+13|1.05866e+09|3.91806e+09|2.42615e+09|8.13129e+09|2.78019e+12|2.19744e+08|1.65379e+13,0.000272813|2.22486e-05|0.000240865|0.000208244|2.4748e-05|0.000137431|0.000374552|3.57755e-05|1.24441e-05|0.000118769|0.000150771|2.09632e-05|4.61837e-05|0.00063893|0.000128505|0.000116161|0.000314414|4.2477e-05|0.00080518|1.10176e-05,0.000247513|0.0017649|0.00269887|0.000162239|0.000559379|0.00038|0.00159185|0.000712371|0.000118496|0.000323253|0.000264815|0.000110486|0.00101055|0.00011379|0.000568569|0.0029589|0.000236294|0.00118483|0.00141516|0.0003012,0.0267276|0.0257131|0.0137582|0.00134448|0.0302924|0.0351794|0.0267406|0.0105772|0.0196441|0.0160653|0.0382494|0.0473531|0.033088|0.000906633|0.00728599|0.0482227|0.0496326|0.0169907|0.024448|0.0354931,0.00109024|0.0393537|0.00978248|0.0159645|0.0390973|0.0410032|0.0256969|0.0442819|0.0465121|0.0257682|0.0368632|0.0499989|0.00120252|0.0183485|0.0498846|0.0424138|0.0080761|0.0238367|0.0192162|0.0378422,0.947856|0.962581|0.920316|0.918227|0.934635|0.944217|0.981074|0.934311|0.969417|0.951498|0.90904|0.972412|0.947646|0.924561|0.958709|0.959044|0.956941|0.92511|0.9673|0.93728,3.42645|3.77893|1.24496|6.21195|3.93309|6.20274|3.83823|4.13414|2.19452|0.0859455|3.73846|0.679389|4.60178|5.32143|2.76072|3.66712|5.8367|0.817336|0.887559|4.12651,79.8117|37.015|10.4739|81.7362|37.2729|32.9383|59.8148|32.2763|11.0615|42.5138|44.8869|37.0378|21.8454|52.0957|95.0453|44.1502|84.7043|10.3361|29.3778,0.180902|0.185025|0.209094|0.246934|0.160203|0.189792|0.182049|0.211942|0.223866|0.164014|0.177914|0.209844|0.185504|0.208555|0.183014|0.214077|0.198187|0.171305|0.160098,0.956865|0.12338|0.833808|0.747741|0.316848|0.663025|0.538397|0.374165|0.893757|0.873071|0.261714|0.139772|0.404213|0.452723|0.285782|0.641975|0.580249|0.982386|0.879487,0.947089,0.929897,0.0537595,0.0057309,0.115486,0.547306,0.2767,0.482509,0.0776559,0.878555,72.0946,2.67492e-12,16056,0.872503,33.453,1.99398e-12,24666,0.931768,0.905326,0.0406295,0.553862,0.492708,0.529597,0.286795,0.463067,0.265174,0.926863,72.3298,3.14198e-12,40952,0.801015,98.3984,2.667e-11,46210
6,196,n1->n11->n21->n31->n32->n33->n23->n22->n12->n13->n3->n4->n14->n15->n5->n6->n7->n8->n9->n10,4.55588e+13|1.15025e+12|2.40242e+10|1.31436e+10|1.62664e+12|6.01307e+13|5.51854e+11|7.03401e+09|9.70647e+12|1.70175e+12|1.19214e+13|4.15825e+11|2.4844e+13|8.59239e+10|3.27327e+10|2.57217e+11|2.4859e+13|4.88124e+11|5.41279e+11|1.99581e+13,1.19121e+13|6.31783e+11|1.08781e+10|1.08408e+10|3.80816e+11|2.07769e+13|7.72178e+10|4.27301e+09|1.26993e+12|1.6398e+12|1.39506e+12|5.68247e+10|7.4533e+12|1.6374e+10|5.45815e+09|1.80632e+11|3.91236e+12|5.46248e+10|5.69937e+10|1.65379e+13,0.000272813|0.000273727|9.0809e-05|0.000575588|8.81807e-05|0.000289953|1.44025e-05|0.000672453|0.000140781|0.000236651|0.000240865|0.000208244|0.000115516|6.38284e-05|2.4748e-05|0.000137431|0.000374552|7.88144e-05|0.000133309|1.10176e-05,0.000247513|0.000148505|0.00346885|0.00434396|0.000951259|0.00411152|0.0082118|0.00709411|0.000236843|0.000144035|0.00269887|0.000162239|0.000803332|0.00172194|0.000559379|0.00038|0.00159185|0.00654761|0.000128581|0.0003012,0.0267276|0.00791251|0.0448555|0.0356972|0.0119964|0.00567541|0.0212901|0.0149108|0.0184192|0.0453925|0.0137582|0.00134448|0.00362957|0.0155694|0.0302924|0.0351794|0.0267406|0.0355868|0.0160189|0.0354931,0.00109024|0.00663636|0.0411686|0.0077036|0.0157083|0.0326562|0.017526|0.0420171|0.0133546|0.032154|0.00978248|0.0159645|0.0393535|0.0086256|0.0390973|0.0410032|0.0256969|0.0025477|0.0314455|0.0378422,0.947856|0.988586|0.9175|0.904595|0.939747|0.945801|0.933849|0.950942|0.978748|0.94335|0.920316|0.918227|0.912009|0.98259|0.934635|0.944217|0.981074|0.983979|0.986727|0.93728,3.42645|5.73996|0.574724|4.1085|3.78989|3.59669|2.38092|5.16975|0.907615|4.14497|1.24496|6.21195|2.47916|6.09992|3.93309|6.20274|3.83823|5.1941|2.2481|4.12651,30.2686|65.1286|89.2299|63.0993|67.4197|76.7594|55.8812|13.2112|13.9548|83.9106|10.4739|52.1141|92.5451|35.0583|37.2729|32.9383|55.4093|99.595|65.9961,0.210339|0.167515|0.160794|0.24519|0.212413|0.171333|0.248061|0.235624|0.17533|0.235608|0.209094|0.220919|0.209465|0.228753|0.160203|0.189792|0.245267|0.194831|0.213203,0.907958|0.853399|0.318275|0.75498|0.400026|0.836795|0.990161|0.512005|0.469559|0.629113|0.833808|0.42528|0.722966|0.738884|0.316848|0.663025|0.471863|0.756576|0.42835,0.947089,0.929897,0.0537595,0.0057309,0.115486,0.547306,0.2767,0.482509,0.0776559,0.878555,72.0946,2.67492e-12,16056,0.872503,33.453,1.99398e-12,24666,0.931768,0.905326,0.0406295,0.553862,0.492708,0.529597,0.286795,0.463067,0.265174,0.926863,72.3298,3.14198e-12,40952,0.801015,98.3984,2.667e-11,46210
6,197,n1->n11->n12->n22->n32->n31->n41->n42->n43->n33->n34->n24->n14->n4->n5->n6->n7->n8->n9->n10,4.55588e+13|1.15025e+12|9.70647e+12|7.03401e+09|1.62664e+12|1.31436e+10|6.50614e+10|7.99037e+12|4.65774e+10|6.01307e+13|1.55627e+09|5.30865e+13|2.4844e+13|4.15825e+11|3.27327e+10|2.57217e+11|2.4859e+13|4.88124e+11|5.41279e+11|1.99581e+13,1.19121e+13|6.31783e+11|1.26993e+12|4.27301e+09|3.80816e+11|1.08408e+10|6.80797e+09|4.71905e+12|4.26293e+10|2.07769e+13|1.25401e+09|6.13322e+12|7.4533e+12|5.68247e+10|5.45815e+09|1.80632e+11|3.91236e+12|5.46248e+10|5.69937e+10|1.65379e+13,0.000272813|0.000273727|0.000140781|0.000672453|8.81807e-05|0.000575588|1.31318e-05|5.83281e-05|0.000103516|0.000289953|0.000804578|1.7303e-05|0.000115516|0.000208244|2.4748e-05|0.000137431|0.000374552|7.88144e-05|0.000133309|1.10176e-05,0.000247513|0.000148505|0.000236843|0.00709411|0.000951259|0.00434396|0.000505355|0.000221171|0.00441865|0.00411152|0.000101616|0.0037958|0.000803332|0.000162239|0.000559379|0.00038|0.00159185|0.00654761|0.000128581|0.0003012,0.0267276|0.00791251|0.0184192|0.0149108|0.0119964|0.0356972|0.0231053|0.00554542|0.0064633|0.00567541|0.0106396|0.0274705|0.00362957|0.00134448|0.0302924|0.0351794|0.0267406|0.0355868|0.0160189|0.0354931,0.00109024|0.00663636|0.0133546|0.0420171|0.0157083|0.0077036|0.00834356|0.00435647|0.0134039|0.0326562|0.00900971|0.00642684|0.0393535|0.0159645|0.0390973|0.0410032|0.0256969|0.0025477|0.0314455|0.0378422,0.947856|0.988586|0.978748|0.950942|0.939747|0.904595|0.917986|0.937172|0.989922|0.945801|0.974224|0.903274|0.912009|0.918227|0.934635|0.944217|0.981074|0.983979|0.986727|0.93728,3.42645|5.73996|0.907615|5.16975|3.78989|4.1085|1.44646|0.286152|2.40993|3.59669|3.75785|1.40891|2.47916|6.21195|3.93309|6.20274|3.83823|5.1941|2.2481|4.12651,30.2686|24.4191|13.2112|86.2435|63.0993|64.4551|61.2747|27.3217|49.6282|23.5709|58.7029|66.6304|52.1141|81.7362|37.2729|32.9383|55.4093|99.595|65.9961,0.210339|0.19865|0.235624|0.178944|0.24519|0.171418|0.206154|0.216152|0.223945|0.193865|0.201644|0.19539|0.220919|0.246934|0.160203|0.189792|0.245267|0.194831|0.213203,0.907958|0.54288|0.512005|0.653738|0.75498|0.943936|0.568505|0.97627|0.275837|0.62087|0.191839|0.776204|0.42528|0.747741|0.316848|0.663025|0.471863|0.756576|0.42835,0.947089,0.929897,0.0537595,0.0057309,0.115486,0.547306,0.2767,0.482509,0.0776559,0.878555,72.0946,2.67492e-12,16056,0.872503,33.453,1.99398e-12,24666,0.931768,0.905326,0.0406295,0.553862,0.492708,0.529597,0.286795,0.463067,0.265174,0.926863,72.3298,3.14198e-12,40952,0.801015,98.3984,2.667e-11,46210
6,198,n1->n11->n12->n22->n23->n33->n34->n35->n36->n37->n27->n26->n25->n15->n5->n6->n7->n8->n9->n10,4.55588e+13|1.15025e+12|9.70647e+12|7.03401e+09|5.51854e+11|6.01307e+13|1.55627e+09|7.70315e+09|1.32672e+11|2.09705e+10|6.26614e+13|9.98399e+13|2.01397e+10|8.59239e+10|3.27327e+10|2.57217e+11|2.4859e+13|4.88124e+11|5.41279e+11|1.99581e+13,1.19121e+13|6.31783e+11|1.26993e+12|4.27301e+09|7.72178e+10|2.07769e+13|1.25401e+09|5.01926e+09|1.07428e+11|2.1936e+09|2.35834e+13|5.87009e+13|2.08097e+09|1.6374e+10|5.45815e+09|1.80632e+11|3.91236e+12|5.46248e+10|5.69937e+10|1.65379e+13,0.000272813|0.000273727|0.000140781|0.000672453|1.44025e-05|0.000289953|0.000804578|5.09272e-05|0.000101342|2.09632e-05|0.000150771|0.000118769|2.70509e-05|6.38284e-05|2.4748e-05|0.000137431|0.000374552|7.88144e-05|0.000133309|1.10176e-05,0.000247513|0.000148505|0.000236843|0.00709411|0.0082118|0.00411152|0.000101616|0.000835052|0.00680413|0.000110486|0.000264815|0.000323253|0.00299666|0.00172194|0.000559379|0.00038|0.00159185|0.00654761|0.000128581|0.0003012,0.0267276|0.00791251|0.0184192|0.0149108|0.0212901|0.00567541|0.0106396|0.0193653|0.0275064|0.0473531|0.0382494|0.0160653|0.0427717|0.0155694|0.0302924|0.0351794|0.0267406|0.0355868|0.0160189|0.0354931,0.00109024|0.00663636|0.0133546|0.0420171|0.017526|0.0326562|0.00900971|0.026069|0.0384409|0.0499989|0.0368632|0.0257682|0.0449118|0.0086256|0.0390973|0.0410032|0.0256969|0.0025477|0.0314455|0.0378422,0.947856|0.988586|0.978748|0.950942|0.933849|0.945801|0.974224|0.945614|0.927891|0.972412|0.90904|0.951498|0.937042|0.98259|0.934635|0.944217|0.981074|0.983979|0.986727|0.93728,3.42645|5.73996|0.907615|5.16975|2.38092|3.59669|3.75785|1.72526|4.96631|0.679389|3.73846|0.0859455|2.00694|6.09992|3.93309|6.20274|3.83823|5.1941|2.2481|4.12651,30.2686|24.4191|13.2112|55.8812|76.7594|23.5709|31.5608|18.7034|29.3504|44.8869|42.5138|55.6995|54.7186|35.0583|37.2729|32.9383|55.4093|99.595|65.9961,0.210339|0.19865|0.235624|0.248061|0.171333|0.193865|0.244982|0.214791|0.232026|0.177914|0.164014|0.190523|0.244234|0.228753|0.160203|0.189792|0.245267|0.194831|0.213203,0.907958|0.54288|0.512005|0.990161|0.836795|0.62087|0.420555|0.496108|0.841833|0.261714|0.873071|0.158588|0.629787|0.738884|0.316848|0.663025|0.471863|0.756576|0.42835,0.947089,0.929897,0.0537595,0.0057309,0.115486,0.547306,0.2767,0.482509,0.0776559,0.878555,72.0946,2.67492e-12,16056,0.872503,33.453,1.99398e-12,24666,0.931768,0.905326,0.0406295,0.553862,0.492708,0.529597,0.286795,0.463067,0.265174,0.926863,72.3298,3.14198e-12,40952,0.801015,98.3984,2.667e-11,46210
6,199,n1->n11->n21->n22->n32->n31->n41->n42->n43->n44->n34->n35->n36->n37->n38->n39->n40->n30->n20->n10,4.55588e+13|1.15025e+12|2.40242e+10|7.03401e+09|1.62664e+12|1.31436e+10|6.50614e+10|7.99037e+12|4.65774e+10|1.74595e+12|1.55627e+09|7.70315e+09|1.32672e+11|2.09705e+10|3.12412e+13|8.73226e+09|1.03737e+12|1.45391e+13|1.52852e+09|1.99581e+13,1.19121e+13|6.31783e+11|1.08781e+10|4.27301e+09|3.80816e+11|1.08408e+10|6.80797e+09|4.71905e+12|4.26293e+10|1.65256e+12|1.25401e+09|5.01926e+09|1.07428e+11|2.1936e+09|1.73182e+13|2.42615e+09|3.64009e+11|6.46288e+12|2.19744e+08|1.65379e+13,0.000272813|0.000273727|9.0809e-05|0.000672453|8.81807e-05|0.000575588|1.31318e-05|5.83281e-05|0.000103516|0.00012635|0.000804578|5.09272e-05|0.000101342|2.09632e-05|4.61837e-05|0.000116161|1.31439e-05|0.000269765|0.00080518|1.10176e-05,0.000247513|0.000148505|0.00346885|0.00709411|0.000951259|0.00434396|0.000505355|0.000221171|0.00441865|0.00040803|0.000101616|0.000835052|0.00680413|0.000110486|0.00101055|0.0029589|0.00249226|0.000185529|0.00141516|0.0003012,0.0267276|0.00791251|0.0448555|0.0149108|0.0119964|0.0356972|0.0231053|0.00554542|0.0064633|0.0265974|0.0106396|0.0193653|0.0275064|0.0473531|0.033088|0.0482227|0.0358168|0.000483153|0.024448|0.0354931,0.00109024|0.00663636|0.0411686|0.0420171|0.0157083|0.0077036|0.00834356|0.00435647|0.0134039|0.00273186|0.00900971|0.026069|0.0384409|0.0499989|0.00120252|0.0424138|0.025624|0.0217074|0.0192162|0.0378422,0.947856|0.988586|0.9175|0.950942|0.939747|0.904595|0.917986|0.937172|0.989922|0.910675|0.974224|0.945614|0.927891|0.972412|0.947646|0.959044|0.982687|0.908504|0.9673|0.93728,3.42645|5.73996|0.574724|5.16975|3.78989|4.1085|1.44646|0.286152|2.40993|0.0450574|3.75785|1.72526|4.96631|0.679389|4.60178|3.66712|4.22505|2.24783|0.887559|4.12651,30.2686|65.1286|34.0839|86.2435|63.0993|64.4551|61.2747|27.3217|59.7094|46.2248|31.5608|18.7034|29.3504|37.0378|69.5993|86.0567|98.0873|23.9015|29.3778,0.210339|0.167515|0.248622|0.178944|0.24519|0.171418|0.206154|0.216152|0.181706|0.197744|0.244982|0.214791|0.232026|0.209844|0.185434|0.214434|0.186632|0.180438|0.160098,0.907958|0.853399|0.539818|0.653738|0.75498|0.943936|0.568505|0.97627|0.410297|0.728663|0.420555|0.496108|0.841833|0.139772|0.333363|0.625209|0.334156|0.504214|0.879487,0.947089,0.929897,0.0537595,0.0057309,0.115486,0.547306,0.2767,0.482509,0.0776559,0.878555,72.0946,2.67492e-12,16056,0.872503,33.453,1.99398e-12,24666,0.931768,0.905326,0.0406295,0.553862,0.492708,0.529597,0.286795,0.463067,0.265174,0.926863,72.3298,3.14198e-12,40952,0.801015,98.3984,2.667e-11,46210
6,200,n1->n11->n12->n2->n3->n4->n14->n15->n5->n6->n7->n17->n27->n37->n38->n28->n18->n8->n9->n10,4.55588e+13|1.15025e+12|9.70647e+12|5.23413e+11|1.19214e+13|4.15825e+11|2.4844e+13|8.59239e+10|3.27327e+10|2.57217e+11|2.4859e+13|6.92201e+13|6.26614e+13|2.09705e+10|3.12412e+13|1.9542e+12|8.81528e+10|4.88124e+11|5.41279e+11|1.99581e+13,1.19121e+13|6.31783e+11|1.26993e+12|5.74607e+10|1.39506e+12|5.68247e+10|7.4533e+12|1.6374e+10|5.45815e+09|1.80632e+11|3.91236e+12|1.85776e+13|2.35834e+13|2.1936e+09|1.73182e+13|1.33825e+12|7.0302e+10|5.46248e+10|5.69937e+10|1.65379e+13,0.000272813|0.000273727|0.000140781|2.22486e-05|0.000240865|0.000208244|0.000115516|6.38284e-05|2.4748e-05|0.000137431|0.000374552|3.57755e-05|0.000150771|2.09632e-05|4.61837e-05|2.58334e-05|0.000192647|7.88144e-05|0.000133309|1.10176e-05,0.000247513|0.000148505|0.000236843|0.0017649|0.00269887|0.000162239|0.000803332|0.00172194|0.000559379|0.00038|0.00159185|0.000712371|0.000264815|0.000110486|0.00101055|0.00569206|0.000947335|0.00654761|0.000128581|0.0003012,0.0267276|0.00791251|0.0184192|0.0257131|0.0137582|0.00134448|0.00362957|0.0155694|0.0302924|0.0351794|0.0267406|0.0105772|0.0382494|0.0473531|0.033088|0.0230741|0.00660715|0.0355868|0.0160189|0.0354931,0.00109024|0.00663636|0.0133546|0.0393537|0.00978248|0.0159645|0.0393535|0.0086256|0.0390973|0.0410032|0.0256969|0.0442819|0.0368632|0.0499989|0.00120252|0.00482618|0.0450958|0.0025477|0.0314455|0.0378422,0.947856|0.988586|0.978748|0.962581|0.920316|0.918227|0.912009|0.98259|0.934635|0.944217|0.981074|0.934311|0.90904|0.972412|0.947646|0.910034|0.951948|0.983979|0.986727|0.93728,3.42645|5.73996|0.907615|3.77893|1.24496|6.21195|2.47916|6.09992|3.93309|6.20274|3.83823|4.13414|3.73846|0.679389|4.60178|1.24284|1.79104|5.1941|2.2481|4.12651,30.2686|24.4191|88.6198|37.015|10.4739|52.1141|92.5451|35.0583|37.2729|32.9383|59.8148|72.2829|44.8869|37.0378|23.518|43.2583|81.3396|99.595|65.9961,0.210339|0.19865|0.229809|0.185025|0.209094|0.220919|0.209465|0.228753|0.160203|0.189792|0.182049|0.20897|0.177914|0.209844|0.222926|0.171475|0.24659|0.194831|0.213203,0.907958|0.54288|0.73214|0.12338|0.833808|0.42528|0.722966|0.738884|0.316848|0.663025|0.538397|0.780344|0.261714|0.139772|0.123514|0.471649|0.632564|0.756576|0.42835,0.947089,0.929897,0.0537595,0.0057309,0.115486,0.547306,0.2767,0.482509,0.0776559,0.878555,72.0946,2.67492e-12,16056,0.872503,33.453,1.99398e-12,24666,0.931768,0.905326,0.0406295,0.553862,0.492708,0.529597,0.286795,0.463067,0.265174,0.926863,72.3298,3.14198e-12,40952,0.801015,98.3984,2.667e-11,46210
