DatasetID,PathID,PathString,node_t1,node_t2,node_p_depol_1q,node_p_depol_2q,node_coh1_angle,node_coh2_zz_angle,node_src_visibility,node_src_phase,edge_length,edge_attenuation,edge_insertion_loss_db,d1_coupling_1,d1_coupling_2,d1_mzi_phase_error,d1_mzi_loss_short,d1_mzi_loss_long,d1_bs1_reflectivity,d1_bs1_loss,d1_bs2_reflectivity,d1_bs2_loss,d1_snspd1_efficiency,d1_snspd1_jitter,d1_snspd1_dark,d1_snspd1_dead,d1_snspd2_efficiency,d1_snspd2_jitter,d1_snspd2_dark,d1_snspd2_dead,d2_coupling_1,d2_coupling_2,d2_mzi_phase_error,d2_mzi_loss_short,d2_mzi_loss_long,d2_bs1_reflectivity,d2_bs1_loss,d2_bs2_reflectivity,d2_bs2_loss,d2_snspd1_efficiency,d2_snspd1_jitter,d2_snspd1_dark,d2_snspd1_dead,d2_snspd2_efficiency,d2_snspd2_jitter,d2_snspd2_dark,d2_snspd2_dead
2,1,n1->n2->n12->n13->n14->n4->n5->n6->n7->n8->n9->n10,5.4999e+12|1.38353e+13|2.05589e+11|5.5344e+11|3.69121e+13|1.75942e+09|1.32985e+12|2.83166e+09|1.70314e+11|7.36068e+10|7.28667e+12|2.62018e+13,6.48959e+11|7.23336e+12|5.40463e+10|9.08242e+10|2.94889e+13|4.4632e+08|4.5847e+11|1.10743e+09|1.24554e+11|6.47234e+10|4.6263e+12|8.71912e+12,0.00015285|0.000148714|1.73339e-05|2.12038e-05|0.000455172|0.00014654|0.000163077|2.77636e-05|0.000279667|0.000102402|1.66587e-05|0.000127206,0.003252|0.000441496|0.000156137|0.00133854|0.00183051|0.00148041|0.000159363|0.00293787|0.00109524|0.000294904|0.00164938|0.000265144,0.0179602|0.0348637|0.0116366|0.0184047|0.0310073|0.0328667|0.0136578|0.041372|0.0184116|0.00528751|0.0479548|0.0409725,0.000546736|0.0478486|0.041832|0.031308|0.0319606|0.0360108|0.02637|0.0296728|0.00251899|0.0169153|0.0201069|0.02493,0.956543|0.955815|0.913854|0.98666|0.965597|0.960947|0.982934|0.956179|0.913586|0.977494|0.90484|0.903218,6.22817|4.1742|1.42439|0.948718|0.103561|4.96524|4.26661|2.12743|1.21281|2.40861|5.80128|4.29151,79.8117|88.6198|13.9548|56.34|52.1141|81.7362|37.2729|32.9383|55.4093|99.595|65.9961,0.228393|0.218328|0.190483|0.245639|0.24587|0.174783|0.191968|0.242724|0.191098|0.247422|0.163358,0.725997|0.53516|0.305271|0.226162|0.356378|0.219292|0.389873|0.369932|0.821716|0.597712|0.823601,0.851523,0.837898,0.0185889,0.555256,0.596445,0.529227,0.225922,0.539254,0.241732,0.844508,60.029,1.54756e-12,39681,0.96775,71.3706,7.91337e-10,47522,0.907488,0.897423,0.0160931,0.236702,0.527636,0.456737,0.279439,0.462384,0.0593942,0.937758,18.7241,3.99128e-10,75313,0.812352,72.2662,3.36135e-11,78161
2,2,n1->n2->n12->n13->n3->n4->n5->n6->n7->n8->n9->n10,5.4999e+12|1.38353e+13|2.05589e+11|5.5344e+11|1.53335e+11|1.75942e+09|1.32985e+12|2.83166e+09|1.70314e+11|7.36068e+10|7.28667e+12|2.62018e+13,6.48959e+11|7.23336e+12|5.40463e+10|9.08242e+10|8.74502e+10|4.4632e+08|4.5847e+11|1.10743e+09|1.24554e+11|6.47234e+10|4.6263e+12|8.71912e+12,0.00015285|0.000148714|1.73339e-05|2.12038e-05|0.000989315|0.00014654|0.000163077|2.77636e-05|0.000279667|0.000102402|1.66587e-05|0.000127206,0.003252|0.000441496|0.000156137|0.00133854|0.000209305|0.00148041|0.000159363|0.00293787|0.00109524|0.000294904|0.00164938|0.000265144,0.0179602|0.0348637|0.0116366|0.0184047|0.0101203|0.0328667|0.0136578|0.041372|0.0184116|0.00528751|0.0479548|0.0409725,0.000546736|0.0478486|0.041832|0.031308|0.0269719|0.0360108|0.02637|0.0296728|0.00251899|0.0169153|0.0201069|0.02493,0.956543|0.955815|0.913854|0.98666|0.945731|0.960947|0.982934|0.956179|0.913586|0.977494|0.90484|0.903218,6.22817|4.1742|1.42439|0.948718|3.59128|4.96524|4.26661|2.12743|1.21281|2.40861|5.80128|4.29151,79.8117|88.6198|13.9548|83.9106|10.4739|81.7362|37.2729|32.9383|55.4093|99.595|65.9961,0.228393|0.218328|0.190483|0.206647|0.199542|0.174783|0.191968|0.242724|0.191098|0.247422|0.163358,0.725997|0.53516|0.305271|0.189939|0.200911|0.219292|0.389873|0.369932|0.821716|0.597712|0.823601,0.851523,0.837898,0.0185889,0.555256,0.596445,0.529227,0.225922,0.539254,0.241732,0.844508,60.029,1.54756e-12,39681,0.96775,71.3706,7.91337e-10,47522,0.907488,0.897423,0.0160931,0.236702,0.527636,0.456737,0.279439,0.462384,0.0593942,0.937758,18.7241,3.99128e-10,75313,0.812352,72.2662,3.36135e-11,78161
2,3,n1->n11->n12->n2->n3->n4->n5->n6->n7->n8->n9->n10,5.4999e+12|5.65563e+13|2.05589e+11|1.38353e+13|1.53335e+11|1.75942e+09|1.32985e+12|2.83166e+09|1.70314e+11|7.36068e+10|7.28667e+12|2.62018e+13,6.48959e+11|3.81621e+13|5.40463e+10|7.23336e+12|8.74502e+10|4.4632e+08|4.5847e+11|1.10743e+09|1.24554e+11|6.47234e+10|4.6263e+12|8.71912e+12,0.00015285|3.58423e-05|1.73339e-05|0.000148714|0.000989315|0.00014654|0.000163077|2.77636e-05|0.000279667|0.000102402|1.66587e-05|0.000127206,0.003252|0.000127835|0.000156137|0.000441496|0.000209305|0.00148041|0.000159363|0.00293787|0.00109524|0.000294904|0.00164938|0.000265144,0.0179602|0.0470176|0.0116366|0.0348637|0.0101203|0.0328667|0.0136578|0.041372|0.0184116|0.00528751|0.0479548|0.0409725,0.000546736|0.0468531|0.041832|0.0478486|0.0269719|0.0360108|0.02637|0.0296728|0.00251899|0.0169153|0.0201069|0.02493,0.956543|0.950579|0.913854|0.955815|0.945731|0.960947|0.982934|0.956179|0.913586|0.977494|0.90484|0.903218,6.22817|4.0358|1.42439|4.1742|3.59128|4.96524|4.26661|2.12743|1.21281|2.40861|5.80128|4.29151,30.2686|24.4191|88.6198|37.015|10.4739|81.7362|37.2729|32.9383|55.4093|99.595|65.9961,0.17251|0.167139|0.218328|0.220946|0.199542|0.174783|0.191968|0.242724|0.191098|0.247422|0.163358,0.827051|0.726505|0.53516|0.275354|0.200911|0.219292|0.389873|0.369932|0.821716|0.597712|0.823601,0.851523,0.837898,0.0185889,0.555256,0.596445,0.529227,0.225922,0.539254,0.241732,0.844508,60.029,1.54756e-12,39681,0.96775,71.3706,7.91337e-10,47522,0.907488,0.897423,0.0160931,0.236702,0.527636,0.456737,0.279439,0.462384,0.0593942,0.937758,18.7241,3.99128e-10,75313,0.812352,72.2662,3.36135e-11,78161
2,4,n1->n2->n12->n13->n14->n15->n5->n6->n7->n8->n9->n10,5.4999e+12|1.38353e+13|2.05589e+11|5.5344e+11|3.69121e+13|6.17253e+13|1.32985e+12|2.83166e+09|1.70314e+11|7.36068e+10|7.28667e+12|2.62018e+13,6.48959e+11|7.23336e+12|5.40463e+10|9.08242e+10|2.94889e+13|2.37721e+13|4.5847e+11|1.10743e+09|1.24554e+11|6.47234e+10|4.6263e+12|8.71912e+12,0.00015285|0.000148714|1.73339e-05|2.12038e-05|0.000455172|0.000365537|0.000163077|2.77636e-05|0.000279667|0.000102402|1.66587e-05|0.000127206,0.003252|0.000441496|0.000156137|0.00133854|0.00183051|0.000568282|0.000159363|0.00293787|0.00109524|0.000294904|0.00164938|0.000265144,0.0179602|0.0348637|0.0116366|0.0184047|0.0310073|0.000619861|0.0136578|0.041372|0.0184116|0.00528751|0.0479548|0.0409725,0.000546736|0.0478486|0.041832|0.031308|0.0319606|0.0254867|0.02637|0.0296728|0.00251899|0.0169153|0.0201069|0.02493,0.956543|0.955815|0.913854|0.98666|0.965597|0.948183|0.982934|0.956179|0.913586|0.977494|0.90484|0.903218,6.22817|4.1742|1.42439|0.948718|0.103561|2.74568|4.26661|2.12743|1.21281|2.40861|5.80128|4.29151,79.8117|88.6198|13.9548|56.34|92.5451|35.0583|37.2729|32.9383|55.4093|99.595|65.9961,0.228393|0.218328|0.190483|0.245639|0.217749|0.240843|0.191968|0.242724|0.191098|0.247422|0.163358,0.725997|0.53516|0.305271|0.226162|0.738934|0.606669|0.389873|0.369932|0.821716|0.597712|0.823601,0.851523,0.837898,0.0185889,0.555256,0.596445,0.529227,0.225922,0.539254,0.241732,0.844508,60.029,1.54756e-12,39681,0.96775,71.3706,7.91337e-10,47522,0.907488,0.897423,0.0160931,0.236702,0.527636,0.456737,0.279439,0.462384,0.0593942,0.937758,18.7241,3.99128e-10,75313,0.812352,72.2662,3.36135e-11,78161
2,5,n1->n11->n12->n13->n3->n4->n5->n6->n7->n8->n9->n10,5.4999e+12|5.65563e+13|2.05589e+11|5.5344e+11|1.53335e+11|1.75942e+09|1.32985e+12|2.83166e+09|1.70314e+11|7.36068e+10|7.28667e+12|2.62018e+13,6.48959e+11|3.81621e+13|5.40463e+10|9.08242e+10|8.74502e+10|4.4632e+08|4.5847e+11|1.10743e+09|1.24554e+11|6.47234e+10|4.6263e+12|8.71912e+12,0.00015285|3.58423e-05|1.73339e-05|2.12038e-05|0.000989315|0.00014654|0.000163077|2.77636e-05|0.000279667|0.000102402|1.66587e-05|0.000127206,0.003252|0.000127835|0.000156137|0.00133854|0.000209305|0.00148041|0.000159363|0.00293787|0.00109524|0.000294904|0.00164938|0.000265144,0.0179602|0.0470176|0.0116366|0.0184047|0.0101203|0.0328667|0.0136578|0.041372|0.0184116|0.00528751|0.0479548|0.0409725,0.000546736|0.0468531|0.041832|0.031308|0.0269719|0.0360108|0.02637|0.0296728|0.00251899|0.0169153|0.0201069|0.02493,0.956543|0.950579|0.913854|0.98666|0.945731|0.960947|0.982934|0.956179|0.913586|0.977494|0.90484|0.903218,6.22817|4.0358|1.42439|0.948718|3.59128|4.96524|4.26661|2.12743|1.21281|2.40861|5.80128|4.29151,30.2686|24.4191|13.9548|83.9106|10.4739|81.7362|37.2729|32.9383|55.4093|99.595|65.9961,0.17251|0.167139|0.190483|0.206647|0.199542|0.174783|0.191968|0.242724|0.191098|0.247422|0.163358,0.827051|0.726505|0.305271|0.189939|0.200911|0.219292|0.389873|0.369932|0.821716|0.597712|0.823601,0.851523,0.837898,0.0185889,0.555256,0.596445,0.529227,0.225922,0.539254,0.241732,0.844508,60.029,1.54756e-12,39681,0.96775,71.3706,7.91337e-10,47522,0.907488,0.897423,0.0160931,0.236702,0.527636,0.456737,0.279439,0.462384,0.0593942,0.937758,18.7241,3.99128e-10,75313,0.812352,72.2662,3.36135e-11,78161
2,6,n1->n2->n3->n4->n14->n15->n16->n6->n7->n8->n9->n10,5.4999e+12|1.38353e+13|1.53335e+11|1.75942e+09|3.69121e+13|6.17253e+13|4.99557e+10|2.83166e+09|1.70314e+11|7.36068e+10|7.28667e+12|2.62018e+13,6.48959e+11|7.23336e+12|8.74502e+10|4.4632e+08|2.94889e+13|2.37721e+13|8.87997e+09|1.10743e+09|1.24554e+11|6.47234e+10|4.6263e+12|8.71912e+12,0.00015285|0.000148714|0.000989315|0.00014654|0.000455172|0.000365537|0.000113525|2.77636e-05|0.000279667|0.000102402|1.66587e-05|0.000127206,0.003252|0.000441496|0.000209305|0.00148041|0.00183051|0.000568282|0.000563062|0.00293787|0.00109524|0.000294904|0.00164938|0.000265144,0.0179602|0.0348637|0.0101203|0.0328667|0.0310073|0.000619861|0.0484966|0.041372|0.0184116|0.00528751|0.0479548|0.0409725,0.000546736|0.0478486|0.0269719|0.0360108|0.0319606|0.0254867|0.00864637|0.0296728|0.00251899|0.0169153|0.0201069|0.02493,0.956543|0.955815|0.945731|0.960947|0.965597|0.948183|0.930368|0.956179|0.913586|0.977494|0.90484|0.903218,6.22817|4.1742|3.59128|4.96524|0.103561|2.74568|1.84701|2.12743|1.21281|2.40861|5.80128|4.29151,79.8117|37.015|10.4739|52.1141|92.5451|56.2706|50.0569|32.9383|55.4093|99.595|65.9961,0.228393|0.220946|0.199542|0.24587|0.217749|0.203512|0.170335|0.242724|0.191098|0.247422|0.163358,0.725997|0.275354|0.200911|0.356378|0.738934|0.580023|0.600597|0.369932|0.821716|0.597712|0.823601,0.851523,0.837898,0.0185889,0.555256,0.596445,0.529227,0.225922,0.539254,0.241732,0.844508,60.029,1.54756e-12,39681,0.96775,71.3706,7.91337e-10,47522,0.907488,0.897423,0.0160931,0.236702,0.527636,0.456737,0.279439,0.462384,0.0593942,0.937758,18.7241,3.99128e-10,75313,0.812352,72.2662,3.36135e-11,78161
2,7,n1->n11->n12->n13->n14->n15->n5->n6->n7->n8->n9->n10,5.4999e+12|5.65563e+13|2.05589e+11|5.5344e+11|3.69121e+13|6.17253e+13|1.32985e+12|2.83166e+09|1.70314e+11|7.36068e+10|7.28667e+12|2.62018e+13,6.48959e+11|3.81621e+13|5.40463e+10|9.08242e+10|2.94889e+13|2.37721e+13|4.5847e+11|1.10743e+09|1.24554e+11|6.47234e+10|4.6263e+12|8.71912e+12,0.00015285|3.58423e-05|1.73339e-05|2.12038e-05|0.000455172|0.000365537|0.000163077|2.77636e-05|0.000279667|0.000102402|1.66587e-05|0.000127206,0.003252|0.000127835|0.000156137|0.00133854|0.00183051|0.000568282|0.000159363|0.00293787|0.00109524|0.000294904|0.00164938|0.000265144,0.0179602|0.0470176|0.0116366|0.0184047|0.0310073|0.000619861|0.0136578|0.041372|0.0184116|0.00528751|0.0479548|0.0409725,0.000546736|0.0468531|0.041832|0.031308|0.0319606|0.0254867|0.02637|0.0296728|0.00251899|0.0169153|0.0201069|0.02493,0.956543|0.950579|0.913854|0.98666|0.965597|0.948183|0.982934|0.956179|0.913586|0.977494|0.90484|0.903218,6.22817|4.0358|1.42439|0.948718|0.103561|2.74568|4.26661|2.12743|1.21281|2.40861|5.80128|4.29151,30.2686|24.4191|13.9548|56.34|92.5451|35.0583|37.2729|32.9383|55.4093|99.595|65.9961,0.17251|0.167139|0.190483|0.245639|0.217749|0.240843|0.191968|0.242724|0.191098|0.247422|0.163358,0.827051|0.726505|0.305271|0.226162|0.738934|0.606669|0.389873|0.369932|0.821716|0.597712|0.823601,0.851523,0.837898,0.0185889,0.555256,0.596445,0.529227,0.225922,0.539254,0.241732,0.844508,60.029,1.54756e-12,39681,0.96775,71.3706,7.91337e-10,47522,0.907488,0.897423,0.0160931,0.236702,0.527636,0.456737,0.279439,0.462384,0.0593942,0.937758,18.7241,3.99128e-10,75313,0.812352,72.2662,3.36135e-11,78161
2,8,n1->n2->n3->n4->n5->n15->n16->n6->n7->n8->n9->n10,5.4999e+12|1.38353e+13|1.53335e+11|1.75942e+09|1.32985e+12|6.17253e+13|4.99557e+10|2.83166e+09|1.70314e+11|7.36068e+10|7.28667e+12|2.62018e+13,6.48959e+11|7.23336e+12|8.74502e+10|4.4632e+08|4.5847e+11|2.37721e+13|8.87997e+09|1.10743e+09|1.24554e+11|6.47234e+10|4.6263e+12|8.71912e+12,0.00015285|0.000148714|0.000989315|0.00014654|0.000163077|0.000365537|0.000113525|2.77636e-05|0.000279667|0.000102402|1.66587e-05|0.000127206,0.003252|0.000441496|0.000209305|0.00148041|0.000159363|0.000568282|0.000563062|0.00293787|0.00109524|0.000294904|0.00164938|0.000265144,0.0179602|0.0348637|0.0101203|0.0328667|0.0136578|0.000619861|0.0484966|0.041372|0.0184116|0.00528751|0.0479548|0.0409725,0.000546736|0.0478486|0.0269719|0.0360108|0.02637|0.0254867|0.00864637|0.0296728|0.00251899|0.0169153|0.0201069|0.02493,0.956543|0.955815|0.945731|0.960947|0.982934|0.948183|0.930368|0.956179|0.913586|0.977494|0.90484|0.903218,6.22817|4.1742|3.59128|4.96524|4.26661|2.74568|1.84701|2.12743|1.21281|2.40861|5.80128|4.29151,79.8117|37.015|10.4739|81.7362|35.0583|56.2706|50.0569|32.9383|55.4093|99.595|65.9961,0.228393|0.220946|0.199542|0.174783|0.240843|0.203512|0.170335|0.242724|0.191098|0.247422|0.163358,0.725997|0.275354|0.200911|0.219292|0.606669|0.580023|0.600597|0.369932|0.821716|0.597712|0.823601,0.851523,0.837898,0.0185889,0.555256,0.596445,0.529227,0.225922,0.539254,0.241732,0.844508,60.029,1.54756e-12,39681,0.96775,71.3706,7.91337e-10,47522,0.907488,0.897423,0.0160931,0.236702,0.527636,0.456737,0.279439,0.462384,0.0593942,0.937758,18.7241,3.99128e-10,75313,0.812352,72.2662,3.36135e-11,78161
2,9,n1->n2->n3->n13->n14->n4->n5->n6->n7->n8->n9->n10,5.4999e+12|1.38353e+13|1.53335e+11|5.5344e+11|3.69121e+13|1.75942e+09|1.32985e+12|2.83166e+09|1.70314e+11|7.36068e+10|7.28667e+12|2.62018e+13,6.48959e+11|7.23336e+12|8.74502e+10|9.08242e+10|2.94889e+13|4.4632e+08|4.5847e+11|1.10743e+09|1.24554e+11|6.47234e+10|4.6263e+12|8.71912e+12,0.00015285|0.000148714|0.000989315|2.12038e-05|0.000455172|0.00014654|0.000163077|2.77636e-05|0.000279667|0.000102402|1.66587e-05|0.000127206,0.003252|0.000441496|0.000209305|0.00133854|0.00183051|0.00148041|0.000159363|0.00293787|0.00109524|0.000294904|0.00164938|0.000265144,0.0179602|0.0348637|0.0101203|0.0184047|0.0310073|0.0328667|0.0136578|0.041372|0.0184116|0.00528751|0.0479548|0.0409725,0.000546736|0.0478486|0.0269719|0.031308|0.0319606|0.0360108|0.02637|0.0296728|0.00251899|0.0169153|0.0201069|0.02493,0.956543|0.955815|0.945731|0.98666|0.965597|0.960947|0.982934|0.956179|0.913586|0.977494|0.90484|0.903218,6.22817|4.1742|3.59128|0.948718|0.103561|4.96524|4.26661|2.12743|1.21281|2.40861|5.80128|4.29151,79.8117|37.015|83.9106|56.34|52.1141|81.7362|37.2729|32.9383|55.4093|99.595|65.9961,0.228393|0.220946|0.206647|0.245639|0.24587|0.174783|0.191968|0.242724|0.191098|0.247422|0.163358,0.725997|0.275354|0.189939|0.226162|0.356378|0.219292|0.389873|0.369932|0.821716|0.597712|0.823601,0.851523,0.837898,0.0185889,0.555256,0.596445,0.529227,0.225922,0.539254,0.241732,0.844508,60.029,1.54756e-12,39681,0.96775,71.3706,7.91337e-10,47522,0.907488,0.897423,0.0160931,0.236702,0.527636,0.456737,0.279439,0.462384,0.0593942,0.937758,18.7241,3.99128e-10,75313,0.812352,72.2662,3.36135e-11,78161
2,10,n1->n2->n3->n13->n14->n15->n16->n6->n7->n8->n9->n10,5.4999e+12|1.38353e+13|1.53335e+11|5.5344e+11|3.69121e+13|6.17253e+13|4.99557e+10|2.83166e+09|1.70314e+11|7.36068e+10|7.28667e+12|2.62018e+13,6.48959e+11|7.23336e+12|8.74502e+10|9.08242e+10|2.94889e+13|2.37721e+13|8.87997e+09|1.10743e+09|1.24554e+11|6.47234e+10|4.6263e+12|8.71912e+12,0.00015285|0.000148714|0.000989315|2.12038e-05|0.000455172|0.000365537|0.000113525|2.77636e-05|0.000279667|0.000102402|1.66587e-05|0.000127206,0.003252|0.000441496|0.000209305|0.00133854|0.00183051|0.000568282|0.000563062|0.00293787|0.00109524|0.000294904|0.00164938|0.000265144,0.0179602|0.0348637|0.0101203|0.0184047|0.0310073|0.000619861|0.0484966|0.041372|0.0184116|0.00528751|0.0479548|0.0409725,0.000546736|0.0478486|0.0269719|0.031308|0.0319606|0.0254867|0.00864637|0.0296728|0.00251899|0.0169153|0.0201069|0.02493,0.956543|0.955815|0.945731|0.98666|0.965597|0.948183|0.930368|0.956179|0.913586|0.977494|0.90484|0.903218,6.22817|4.1742|3.59128|0.948718|0.103561|2.74568|1.84701|2.12743|1.21281|2.40861|5.80128|4.29151,79.8117|37.015|83.9106|56.34|92.5451|56.2706|50.0569|32.9383|55.4093|99.595|65.9961,0.228393|0.220946|0.206647|0.245639|0.217749|0.203512|0.170335|0.242724|0.191098|0.247422|0.163358,0.725997|0.275354|0.189939|0.226162|0.738934|0.580023|0.600597|0.369932|0.821716|0.597712|0.823601,0.851523,0.837898,0.0185889,0.555256,0.596445,0.529227,0.225922,0.539254,0.241732,0.844508,60.029,1.54756e-12,39681,0.96775,71.3706,7.91337e-10,47522,0.907488,0.897423,0.0160931,0.236702,0.527636,0.456737,0.279439,0.462384,0.0593942,0.937758,18.7241,3.99128e-10,75313,0.812352,72.2662,3.36135e-11,78161
2,11,n1->n2->n3->n4->n5->n15->n16->n17->n7->n8->n9->n10,5.4999e+12|1.38353e+13|1.53335e+11|1.75942e+09|1.32985e+12|6.17253e+13|4.99557e+10|5.2065e+11|1.70314e+11|7.36068e+10|7.28667e+12|2.62018e+13,6.48959e+11|7.23336e+12|8.74502e+10|4.4632e+08|4.5847e+11|2.37721e+13|8.87997e+09|1.64371e+11|1.24554e+11|6.47234e+10|4.6263e+12|8.71912e+12,0.00015285|0.000148714|0.000989315|0.00014654|0.000163077|0.000365537|0.000113525|0.000193857|0.000279667|0.000102402|1.66587e-05|0.000127206,0.003252|0.000441496|0.000209305|0.00148041|0.000159363|0.000568282|0.000563062|0.00794335|0.00109524|0.000294904|0.00164938|0.000265144,0.0179602|0.0348637|0.0101203|0.0328667|0.0136578|0.000619861|0.0484966|0.0142611|0.0184116|0.00528751|0.0479548|0.0409725,0.000546736|0.0478486|0.0269719|0.0360108|0.02637|0.0254867|0.00864637|0.0346386|0.00251899|0.0169153|0.0201069|0.02493,0.956543|0.955815|0.945731|0.960947|0.982934|0.948183|0.930368|0.902379|0.913586|0.977494|0.90484|0.903218,6.22817|4.1742|3.59128|4.96524|4.26661|2.74568|1.84701|1.64864|1.21281|2.40861|5.80128|4.29151,79.8117|37.015|10.4739|81.7362|35.0583|56.2706|32.2763|59.8148|55.4093|99.595|65.9961,0.228393|0.220946|0.199542|0.174783|0.240843|0.203512|0.219818|0.239148|0.191098|0.247422|0.163358,0.725997|0.275354|0.200911|0.219292|0.606669|0.580023|0.130249|0.525316|0.821716|0.597712|0.823601,0.851523,0.837898,0.0185889,0.555256,0.596445,0.529227,0.225922,0.539254,0.241732,0.844508,60.029,1.54756e-12,39681,0.96775,71.3706,7.91337e-10,47522,0.907488,0.897423,0.0160931,0.236702,0.527636,0.456737,0.279439,0.462384,0.0593942,0.937758,18.7241,3.99128e-10,75313,0.812352,72.2662,3.36135e-11,78161
2,12,n1->n11->n12->n13->n14->n15->n16->n6->n7->n8->n9->n10,5.4999e+12|5.65563e+13|2.05589e+11|5.5344e+11|3.69121e+13|6.17253e+13|4.99557e+10|2.83166e+09|1.70314e+11|7.36068e+10|7.28667e+12|2.62018e+13,6.48959e+11|3.81621e+13|5.40463e+10|9.08242e+10|2.94889e+13|2.37721e+13|8.87997e+09|1.10743e+09|1.24554e+11|6.47234e+10|4.6263e+12|8.71912e+12,0.00015285|3.58423e-05|1.73339e-05|2.12038e-05|0.000455172|0.000365537|0.000113525|2.77636e-05|0.000279667|0.000102402|1.66587e-05|0.000127206,0.003252|0.000127835|0.000156137|0.00133854|0.00183051|0.000568282|0.000563062|0.00293787|0.00109524|0.000294904|0.00164938|0.000265144,0.0179602|0.0470176|0.0116366|0.0184047|0.0310073|0.000619861|0.0484966|0.041372|0.0184116|0.00528751|0.0479548|0.0409725,0.000546736|0.0468531|0.041832|0.031308|0.0319606|0.0254867|0.00864637|0.0296728|0.00251899|0.0169153|0.0201069|0.02493,0.956543|0.950579|0.913854|0.98666|0.965597|0.948183|0.930368|0.956179|0.913586|0.977494|0.90484|0.903218,6.22817|4.0358|1.42439|0.948718|0.103561|2.74568|1.84701|2.12743|1.21281|2.40861|5.80128|4.29151,30.2686|24.4191|13.9548|56.34|92.5451|56.2706|50.0569|32.9383|55.4093|99.595|65.9961,0.17251|0.167139|0.190483|0.245639|0.217749|0.203512|0.170335|0.242724|0.191098|0.247422|0.163358,0.827051|0.726505|0.305271|0.226162|0.738934|0.580023|0.600597|0.369932|0.821716|0.597712|0.823601,0.851523,0.837898,0.0185889,0.555256,0.596445,0.529227,0.225922,0.539254,0.241732,0.844508,60.029,1.54756e-12,39681,0.96775,71.3706,7.91337e-10,47522,0.907488,0.897423,0.0160931,0.236702,0.527636,0.456737,0.279439,0.462384,0.0593942,0.937758,18.7241,3.99128e-10,75313,0.812352,72.2662,3.36135e-11,78161
2,13,n1->n2->n3->n13->n14->n15->n5->n6->n7->n8->n9->n10,5.4999e+12|1.38353e+13|1.53335e+11|5.5344e+11|3.69121e+13|6.17253e+13|1.32985e+12|2.83166e+09|1.70314e+11|7.36068e+10|7.28667e+12|2.62018e+13,6.48959e+11|7.23336e+12|8.74502e+10|9.08242e+10|2.94889e+13|2.37721e+13|4.5847e+11|1.10743e+09|1.24554e+11|6.47234e+10|4.6263e+12|8.71912e+12,0.00015285|0.000148714|0.000989315|2.12038e-05|0.000455172|0.000365537|0.000163077|2.77636e-05|0.000279667|0.000102402|1.66587e-05|0.000127206,0.003252|0.000441496|0.000209305|0.00133854|0.00183051|0.000568282|0.000159363|0.00293787|0.00109524|0.000294904|0.00164938|0.000265144,0.0179602|0.0348637|0.0101203|0.0184047|0.0310073|0.000619861|0.0136578|0.041372|0.0184116|0.00528751|0.0479548|0.0409725,0.000546736|0.0478486|0.0269719|0.031308|0.0319606|0.0254867|0.02637|0.0296728|0.00251899|0.0169153|0.0201069|0.02493,0.956543|0.955815|0.945731|0.98666|0.965597|0.948183|0.982934|0.956179|0.913586|0.977494|0.90484|0.903218,6.22817|4.1742|3.59128|0.948718|0.103561|2.74568|4.26661|2.12743|1.21281|2.40861|5.80128|4.29151,79.8117|37.015|83.9106|56.34|92.5451|35.0583|37.2729|32.9383|55.4093|99.595|65.9961,0.228393|0.220946|0.206647|0.245639|0.217749|0.240843|0.191968|0.242724|0.191098|0.247422|0.163358,0.725997|0.275354|0.189939|0.226162|0.738934|0.606669|0.389873|0.369932|0.821716|0.597712|0.823601,0.851523,0.837898,0.0185889,0.555256,0.596445,0.529227,0.225922,0.539254,0.241732,0.844508,60.029,1.54756e-12,39681,0.96775,71.3706,7.91337e-10,47522,0.907488,0.897423,0.0160931,0.236702,0.527636,0.456737,0.279439,0.462384,0.0593942,0.937758,18.7241,3.99128e-10,75313,0.812352,72.2662,3.36135e-11,78161
2,14,n1->n2->n3->n4->n5->n6->n16->n17->n18->n19->n9->n10,5.4999e+12|1.38353e+13|1.53335e+11|1.75942e+09|1.32985e+12|2.83166e+09|4.99557e+10|5.2065e+11|2.08257e+11|1.60792e+09|7.28667e+12|2.62018e+13,6.48959e+11|7.23336e+12|8.74502e+10|4.4632e+08|4.5847e+11|1.10743e+09|8.87997e+09|1.64371e+11|2.23663e+10|2.02403e+08|4.6263e+12|8.71912e+12,0.00015285|0.000148714|0.000989315|0.00014654|0.000163077|2.77636e-05|0.000113525|0.000193857|0.000171925|0.00020417|1.66587e-05|0.000127206,0.003252|0.000441496|0.000209305|0.00148041|0.000159363|0.00293787|0.000563062|0.00794335|0.00227311|0.00979739|0.00164938|0.000265144,0.0179602|0.0348637|0.0101203|0.0328667|0.0136578|0.041372|0.0484966|0.0142611|0.0373366|0.000790162|0.0479548|0.0409725,0.000546736|0.0478486|0.0269719|0.0360108|0.02637|0.0296728|0.00864637|0.0346386|0.0258287|0.0278792|0.0201069|0.02493,0.956543|0.955815|0.945731|0.960947|0.982934|0.956179|0.930368|0.902379|0.957375|0.971346|0.90484|0.903218,6.22817|4.1742|3.59128|4.96524|4.26661|2.12743|1.84701|1.64864|2.48855|5.19478|5.80128|4.29151,79.8117|37.015|10.4739|81.7362|37.2729|50.0569|32.2763|27.3162|28.0546|99.0064|65.9961,0.228393|0.220946|0.199542|0.174783|0.191968|0.170335|0.219818|0.177165|0.168115|0.169129|0.163358,0.725997|0.275354|0.200911|0.219292|0.389873|0.600597|0.130249|0.674858|0.490037|0.377874|0.823601,0.851523,0.837898,0.0185889,0.555256,0.596445,0.529227,0.225922,0.539254,0.241732,0.844508,60.029,1.54756e-12,39681,0.96775,71.3706,7.91337e-10,47522,0.907488,0.897423,0.0160931,0.236702,0.527636,0.456737,0.279439,0.462384,0.0593942,0.937758,18.7241,3.99128e-10,75313,0.812352,72.2662,3.36135e-11,78161
2,15,n1->n11->n12->n13->n14->n4->n5->n6->n7->n8->n9->n10,5.4999e+12|5.65563e+13|2.05589e+11|5.5344e+11|3.69121e+13|1.75942e+09|1.32985e+12|2.83166e+09|1.70314e+11|7.36068e+10|7.28667e+12|2.62018e+13,6.48959e+11|3.81621e+13|5.40463e+10|9.08242e+10|2.94889e+13|4.4632e+08|4.5847e+11|1.10743e+09|1.24554e+11|6.47234e+10|4.6263e+12|8.71912e+12,0.00015285|3.58423e-05|1.73339e-05|2.12038e-05|0.000455172|0.00014654|0.000163077|2.77636e-05|0.000279667|0.000102402|1.66587e-05|0.000127206,0.003252|0.000127835|0.000156137|0.00133854|0.00183051|0.00148041|0.000159363|0.00293787|0.00109524|0.000294904|0.00164938|0.000265144,0.0179602|0.0470176|0.0116366|0.0184047|0.0310073|0.0328667|0.0136578|0.041372|0.0184116|0.00528751|0.0479548|0.0409725,0.000546736|0.0468531|0.041832|0.031308|0.0319606|0.0360108|0.02637|0.0296728|0.00251899|0.0169153|0.0201069|0.02493,0.956543|0.950579|0.913854|0.98666|0.965597|0.960947|0.982934|0.956179|0.913586|0.977494|0.90484|0.903218,6.22817|4.0358|1.42439|0.948718|0.103561|4.96524|4.26661|2.12743|1.21281|2.40861|5.80128|4.29151,30.2686|24.4191|13.9548|56.34|52.1141|81.7362|37.2729|32.9383|55.4093|99.595|65.9961,0.17251|0.167139|0.190483|0.245639|0.24587|0.174783|0.191968|0.242724|0.191098|0.247422|0.163358,0.827051|0.726505|0.305271|0.226162|0.356378|0.219292|0.389873|0.369932|0.821716|0.597712|0.823601,0.851523,0.837898,0.0185889,0.555256,0.596445,0.529227,0.225922,0.539254,0.241732,0.844508,60.029,1.54756e-12,39681,0.96775,71.3706,7.91337e-10,47522,0.907488,0.897423,0.0160931,0.236702,0.527636,0.456737,0.279439,0.462384,0.0593942,0.937758,18.7241,3.99128e-10,75313,0.812352,72.2662,3.36135e-11,78161
2,16,n1->n2->n3->n4->n14->n15->n5->n6->n7->n8->n9->n10,5.4999e+12|1.38353e+13|1.53335e+11|1.75942e+09|3.69121e+13|6.17253e+13|1.32985e+12|2.83166e+09|1.70314e+11|7.36068e+10|7.28667e+12|2.62018e+13,6.48959e+11|7.23336e+12|8.74502e+10|4.4632e+08|2.94889e+13|2.37721e+13|4.5847e+11|1.10743e+09|1.24554e+11|6.47234e+10|4.6263e+12|8.71912e+12,0.00015285|0.000148714|0.000989315|0.00014654|0.000455172|0.000365537|0.000163077|2.77636e-05|0.000279667|0.000102402|1.66587e-05|0.000127206,0.003252|0.000441496|0.000209305|0.00148041|0.00183051|0.000568282|0.000159363|0.00293787|0.00109524|0.000294904|0.00164938|0.000265144,0.0179602|0.0348637|0.0101203|0.0328667|0.0310073|0.000619861|0.0136578|0.041372|0.0184116|0.00528751|0.0479548|0.0409725,0.000546736|0.0478486|0.0269719|0.0360108|0.0319606|0.0254867|0.02637|0.0296728|0.00251899|0.0169153|0.0201069|0.02493,0.956543|0.955815|0.945731|0.960947|0.965597|0.948183|0.982934|0.956179|0.913586|0.977494|0.90484|0.903218,6.22817|4.1742|3.59128|4.96524|0.103561|2.74568|4.26661|2.12743|1.21281|2.40861|5.80128|4.29151,79.8117|37.015|10.4739|52.1141|92.5451|35.0583|37.2729|32.9383|55.4093|99.595|65.9961,0.228393|0.220946|0.199542|0.24587|0.217749|0.240843|0.191968|0.242724|0.191098|0.247422|0.163358,0.725997|0.275354|0.200911|0.356378|0.738934|0.606669|0.389873|0.369932|0.821716|0.597712|0.823601,0.851523,0.837898,0.0185889,0.555256,0.596445,0.529227,0.225922,0.539254,0.241732,0.844508,60.029,1.54756e-12,39681,0.96775,71.3706,7.91337e-10,47522,0.907488,0.897423,0.0160931,0.236702,0.527636,0.456737,0.279439,0.462384,0.0593942,0.937758,18.7241,3.99128e-10,75313,0.812352,72.2662,3.36135e-11,78161
2,17,n1->n2->n3->n13->n14->n15->n16->n17->n18->n8->n9->n10,5.4999e+12|1.38353e+13|1.53335e+11|5.5344e+11|3.69121e+13|6.17253e+13|4.99557e+10|5.2065e+11|2.08257e+11|7.36068e+10|7.28667e+12|2.62018e+13,6.48959e+11|7.23336e+12|8.74502e+10|9.08242e+10|2.94889e+13|2.37721e+13|8.87997e+09|1.64371e+11|2.23663e+10|6.47234e+10|4.6263e+12|8.71912e+12,0.00015285|0.000148714|0.000989315|2.12038e-05|0.000455172|0.000365537|0.000113525|0.000193857|0.000171925|0.000102402|1.66587e-05|0.000127206,0.003252|0.000441496|0.000209305|0.00133854|0.00183051|0.000568282|0.000563062|0.00794335|0.00227311|0.000294904|0.00164938|0.000265144,0.0179602|0.0348637|0.0101203|0.0184047|0.0310073|0.000619861|0.0484966|0.0142611|0.0373366|0.00528751|0.0479548|0.0409725,0.000546736|0.0478486|0.0269719|0.031308|0.0319606|0.0254867|0.00864637|0.0346386|0.0258287|0.0169153|0.0201069|0.02493,0.956543|0.955815|0.945731|0.98666|0.965597|0.948183|0.930368|0.902379|0.957375|0.977494|0.90484|0.903218,6.22817|4.1742|3.59128|0.948718|0.103561|2.74568|1.84701|1.64864|2.48855|2.40861|5.80128|4.29151,79.8117|37.015|83.9106|56.34|92.5451|56.2706|32.2763|27.3162|81.3396|99.595|65.9961,0.228393|0.220946|0.206647|0.245639|0.217749|0.203512|0.219818|0.177165|0.184383|0.247422|0.163358,0.725997|0.275354|0.189939|0.226162|0.738934|0.580023|0.130249|0.674858|0.540078|0.597712|0.823601,0.851523,0.837898,0.0185889,0.555256,0.596445,0.529227,0.225922,0.539254,0.241732,0.844508,60.029,1.54756e-12,39681,0.96775,71.3706,7.91337e-10,47522,0.907488,0.897423,0.0160931,0.236702,0.527636,0.456737,0.279439,0.462384,0.0593942,0.937758,18.7241,3.99128e-10,75313,0.812352,72.2662,3.36135e-11,78161
2,18,n1->n2->n3->n4->n5->n6->n16->n17->n18->n8->n9->n10,5.4999e+12|1.38353e+13|1.53335e+11|1.75942e+09|1.32985e+12|2.83166e+09|4.99557e+10|5.2065e+11|2.08257e+11|7.36068e+10|7.28667e+12|2.62018e+13,6.48959e+11|7.23336e+12|8.74502e+10|4.4632e+08|4.5847e+11|1.10743e+09|8.87997e+09|1.64371e+11|2.23663e+10|6.47234e+10|4.6263e+12|8.71912e+12,0.00015285|0.000148714|0.000989315|0.00014654|0.000163077|2.77636e-05|0.000113525|0.000193857|0.000171925|0.000102402|1.66587e-05|0.000127206,0.003252|0.000441496|0.000209305|0.00148041|0.000159363|0.00293787|0.000563062|0.00794335|0.00227311|0.000294904|0.00164938|0.000265144,0.0179602|0.0348637|0.0101203|0.0328667|0.0136578|0.041372|0.0484966|0.0142611|0.0373366|0.00528751|0.0479548|0.0409725,0.000546736|0.0478486|0.0269719|0.0360108|0.02637|0.0296728|0.00864637|0.0346386|0.0258287|0.0169153|0.0201069|0.02493,0.956543|0.955815|0.945731|0.960947|0.982934|0.956179|0.930368|0.902379|0.957375|0.977494|0.90484|0.903218,6.22817|4.1742|3.59128|4.96524|4.26661|2.12743|1.84701|1.64864|2.48855|2.40861|5.80128|4.29151,79.8117|37.015|10.4739|81.7362|37.2729|50.0569|32.2763|27.3162|81.3396|99.595|65.9961,0.228393|0.220946|0.199542|0.174783|0.191968|0.170335|0.219818|0.177165|0.184383|0.247422|0.163358,0.725997|0.275354|0.200911|0.219292|0.389873|0.600597|0.130249|0.674858|0.540078|0.597712|0.823601,0.851523,0.837898,0.0185889,0.555256,0.596445,0.529227,0.225922,0.539254,0.241732,0.844508,60.029,1.54756e-12,39681,0.96775,71.3706,7.91337e-10,47522,0.907488,0.897423,0.0160931,0.236702,0.527636,0.456737,0.279439,0.462384,0.0593942,0.937758,18.7241,3.99128e-10,75313,0.812352,72.2662,3.36135e-11,78161
2,19,n1->n2->n3->n13->n14->n15->n16->n17->n18->n19->n20->n10,5.4999e+12|1.38353e+13|1.53335e+11|5.5344e+11|3.69121e+13|6.17253e+13|4.99557e+10|5.2065e+11|2.08257e+11|1.60792e+09|5.32138e+11|2.62018e+13,6.48959e+11|7.23336e+12|8.74502e+10|9.08242e+10|2.94889e+13|2.37721e+13|8.87997e+09|1.64371e+11|2.23663e+10|2.02403e+08|2.21789e+11|8.71912e+12,0.00015285|0.000148714|0.000989315|2.12038e-05|0.000455172|0.000365537|0.000113525|0.000193857|0.000171925|0.00020417|0.000247429|0.000127206,0.003252|0.000441496|0.000209305|0.00133854|0.00183051|0.000568282|0.000563062|0.00794335|0.00227311|0.00979739|0.00522315|0.000265144,0.0179602|0.0348637|0.0101203|0.0184047|0.0310073|0.000619861|0.0484966|0.0142611|0.0373366|0.000790162|0.00611448|0.0409725,0.000546736|0.0478486|0.0269719|0.031308|0.0319606|0.0254867|0.00864637|0.0346386|0.0258287|0.0278792|0.0463091|0.02493,0.956543|0.955815|0.945731|0.98666|0.965597|0.948183|0.930368|0.902379|0.957375|0.971346|0.902472|0.903218,6.22817|4.1742|3.59128|0.948718|0.103561|2.74568|1.84701|1.64864|2.48855|5.19478|5.254|4.29151,79.8117|37.015|83.9106|56.34|92.5451|56.2706|32.2763|27.3162|28.0546|10.3361|29.3778,0.228393|0.220946|0.206647|0.245639|0.217749|0.203512|0.219818|0.177165|0.168115|0.212112|0.210878,0.725997|0.275354|0.189939|0.226162|0.738934|0.580023|0.130249|0.674858|0.490037|0.542409|0.138678,0.851523,0.837898,0.0185889,0.555256,0.596445,0.529227,0.225922,0.539254,0.241732,0.844508,60.029,1.54756e-12,39681,0.96775,71.3706,7.91337e-10,47522,0.907488,0.897423,0.0160931,0.236702,0.527636,0.456737,0.279439,0.462384,0.0593942,0.937758,18.7241,3.99128e-10,75313,0.812352,72.2662,3.36135e-11,78161
2,20,n1->n2->n12->n13->n14->n15->n16->n6->n7->n8->n9->n10,5.4999e+12|1.38353e+13|2.05589e+11|5.5344e+11|3.69121e+13|6.17253e+13|4.99557e+10|2.83166e+09|1.70314e+11|7.36068e+10|7.28667e+12|2.62018e+13,6.48959e+11|7.23336e+12|5.40463e+10|9.08242e+10|2.94889e+13|2.37721e+13|8.87997e+09|1.10743e+09|1.24554e+11|6.47234e+10|4.6263e+12|8.71912e+12,0.00015285|0.000148714|1.73339e-05|2.12038e-05|0.000455172|0.000365537|0.000113525|2.77636e-05|0.000279667|0.000102402|1.66587e-05|0.000127206,0.003252|0.000441496|0.000156137|0.00133854|0.00183051|0.000568282|0.000563062|0.00293787|0.00109524|0.000294904|0.00164938|0.000265144,0.0179602|0.0348637|0.0116366|0.0184047|0.0310073|0.000619861|0.0484966|0.041372|0.0184116|0.00528751|0.0479548|0.0409725,0.000546736|0.0478486|0.041832|0.031308|0.0319606|0.0254867|0.00864637|0.0296728|0.00251899|0.0169153|0.0201069|0.02493,0.956543|0.955815|0.913854|0.98666|0.965597|0.948183|0.930368|0.956179|0.913586|0.977494|0.90484|0.903218,6.22817|4.1742|1.42439|0.948718|0.103561|2.74568|1.84701|2.12743|1.21281|2.40861|5.80128|4.29151,79.8117|88.6198|13.9548|56.34|92.5451|56.2706|50.0569|32.9383|55.4093|99.595|65.9961,0.228393|0.218328|0.190483|0.245639|0.217749|0.203512|0.170335|0.242724|0.191098|0.247422|0.163358,0.725997|0.53516|0.305271|0.226162|0.738934|0.580023|0.600597|0.369932|0.821716|0.597712|0.823601,0.851523,0.837898,0.0185889,0.555256,0.596445,0.529227,0.225922,0.539254,0.241732,0.844508,60.029,1.54756e-12,39681,0.96775,71.3706,7.91337e-10,47522,0.907488,0.897423,0.0160931,0.236702,0.527636,0.456737,0.279439,0.462384,0.0593942,0.937758,18.7241,3.99128e-10,75313,0.812352,72.2662,3.36135e-11,78161
2,21,n1->n11->n12->n13->n14->n15->n16->n17->n18->n8->n9->n10,5.4999e+12|5.65563e+13|2.05589e+11|5.5344e+11|3.69121e+13|6.17253e+13|4.99557e+10|5.2065e+11|2.08257e+11|7.36068e+10|7.28667e+12|2.62018e+13,6.48959e+11|3.81621e+13|5.40463e+10|9.08242e+10|2.94889e+13|2.37721e+13|8.87997e+09|1.64371e+11|2.23663e+10|6.47234e+10|4.6263e+12|8.71912e+12,0.00015285|3.58423e-05|1.73339e-05|2.12038e-05|0.000455172|0.000365537|0.000113525|0.000193857|0.000171925|0.000102402|1.66587e-05|0.000127206,0.003252|0.000127835|0.000156137|0.00133854|0.00183051|0.000568282|0.000563062|0.00794335|0.00227311|0.000294904|0.00164938|0.000265144,0.0179602|0.0470176|0.0116366|0.0184047|0.0310073|0.000619861|0.0484966|0.0142611|0.0373366|0.00528751|0.0479548|0.0409725,0.000546736|0.0468531|0.041832|0.031308|0.0319606|0.0254867|0.00864637|0.0346386|0.0258287|0.0169153|0.0201069|0.02493,0.956543|0.950579|0.913854|0.98666|0.965597|0.948183|0.930368|0.902379|0.957375|0.977494|0.90484|0.903218,6.22817|4.0358|1.42439|0.948718|0.103561|2.74568|1.84701|1.64864|2.48855|2.40861|5.80128|4.29151,30.2686|24.4191|13.9548|56.34|92.5451|56.2706|32.2763|27.3162|81.3396|99.595|65.9961,0.17251|0.167139|0.190483|0.245639|0.217749|0.203512|0.219818|0.177165|0.184383|0.247422|0.163358,0.827051|0.726505|0.305271|0.226162|0.738934|0.580023|0.130249|0.674858|0.540078|0.597712|0.823601,0.851523,0.837898,0.0185889,0.555256,0.596445,0.529227,0.225922,0.539254,0.241732,0.844508,60.029,1.54756e-12,39681,0.96775,71.3706,7.91337e-10,47522,0.907488,0.897423,0.0160931,0.236702,0.527636,0.456737,0.279439,0.462384,0.0593942,0.937758,18.7241,3.99128e-10,75313,0.812352,72.2662,3.36135e-11,78161
2,22,n1->n2->n3->n4->n5->n15->n16->n17->n18->n8->n9->n10,5.4999e+12|1.38353e+13|1.53335e+11|1.75942e+09|1.32985e+12|6.17253e+13|4.99557e+10|5.2065e+11|2.08257e+11|7.36068e+10|7.28667e+12|2.62018e+13,6.48959e+11|7.23336e+12|8.74502e+10|4.4632e+08|4.5847e+11|2.37721e+13|8.87997e+09|1.64371e+11|2.23663e+10|6.47234e+10|4.6263e+12|8.71912e+12,0.00015285|0.000148714|0.000989315|0.00014654|0.000163077|0.000365537|0.000113525|0.000193857|0.000171925|0.000102402|1.66587e-05|0.000127206,0.003252|0.000441496|0.000209305|0.00148041|0.000159363|0.000568282|0.000563062|0.00794335|0.00227311|0.000294904|0.00164938|0.000265144,0.0179602|0.0348637|0.0101203|0.0328667|0.0136578|0.000619861|0.0484966|0.0142611|0.0373366|0.00528751|0.0479548|0.0409725,0.000546736|0.0478486|0.0269719|0.0360108|0.02637|0.0254867|0.00864637|0.0346386|0.0258287|0.0169153|0.0201069|0.02493,0.956543|0.955815|0.945731|0.960947|0.982934|0.948183|0.930368|0.902379|0.957375|0.977494|0.90484|0.903218,6.22817|4.1742|3.59128|4.96524|4.26661|2.74568|1.84701|1.64864|2.48855|2.40861|5.80128|4.29151,79.8117|37.015|10.4739|81.7362|35.0583|56.2706|32.2763|27.3162|81.3396|99.595|65.9961,0.228393|0.220946|0.199542|0.174783|0.240843|0.203512|0.219818|0.177165|0.184383|0.247422|0.163358,0.725997|0.275354|0.200911|0.219292|0.606669|0.580023|0.130249|0.674858|0.540078|0.597712|0.823601,0.851523,0.837898,0.0185889,0.555256,0.596445,0.529227,0.225922,0.539254,0.241732,0.844508,60.029,1.54756e-12,39681,0.96775,71.3706,7.91337e-10,47522,0.907488,0.897423,0.0160931,0.236702,0.527636,0.456737,0.279439,0.462384,0.0593942,0.937758,18.7241,3.99128e-10,75313,0.812352,72.2662,3.36135e-11,78161
2,23,n1->n11->n12->n13->n14->n15->n16->n17->n18->n19->n9->n10,5.4999e+12|5.65563e+13|2.05589e+11|5.5344e+11|3.69121e+13|6.17253e+13|4.99557e+10|5.2065e+11|2.08257e+11|1.60792e+09|7.28667e+12|2.62018e+13,6.48959e+11|3.81621e+13|5.40463e+10|9.08242e+10|2.94889e+13|2.37721e+13|8.87997e+09|1.64371e+11|2.23663e+10|2.02403e+08|4.6263e+12|8.71912e+12,0.00015285|3.58423e-05|1.73339e-05|2.12038e-05|0.000455172|0.000365537|0.000113525|0.000193857|0.000171925|0.00020417|1.66587e-05|0.000127206,0.003252|0.000127835|0.000156137|0.00133854|0.00183051|0.000568282|0.000563062|0.00794335|0.00227311|0.00979739|0.00164938|0.000265144,0.0179602|0.0470176|0.0116366|0.0184047|0.0310073|0.000619861|0.0484966|0.0142611|0.0373366|0.000790162|0.0479548|0.0409725,0.000546736|0.0468531|0.041832|0.031308|0.0319606|0.0254867|0.00864637|0.0346386|0.0258287|0.0278792|0.0201069|0.02493,0.956543|0.950579|0.913854|0.98666|0.965597|0.948183|0.930368|0.902379|0.957375|0.971346|0.90484|0.903218,6.22817|4.0358|1.42439|0.948718|0.103561|2.74568|1.84701|1.64864|2.48855|5.19478|5.80128|4.29151,30.2686|24.4191|13.9548|56.34|92.5451|56.2706|32.2763|27.3162|28.0546|99.0064|65.9961,0.17251|0.167139|0.190483|0.245639|0.217749|0.203512|0.219818|0.177165|0.168115|0.169129|0.163358,0.827051|0.726505|0.305271|0.226162|0.738934|0.580023|0.130249|0.674858|0.490037|0.377874|0.823601,0.851523,0.837898,0.0185889,0.555256,0.596445,0.529227,0.225922,0.539254,0.241732,0.844508,60.029,1.54756e-12,39681,0.96775,71.3706,7.91337e-10,47522,0.907488,0.897423,0.0160931,0.236702,0.527636,0.456737,0.279439,0.462384,0.0593942,0.937758,18.7241,3.99128e-10,75313,0.812352,72.2662,3.36135e-11,78161
2,24,n1->n2->n3->n4->n5->n6->n7->n8->n18->n19->n9->n10,5.4999e+12|1.38353e+13|1.53335e+11|1.75942e+09|1.32985e+12|2.83166e+09|1.70314e+11|7.36068e+10|2.08257e+11|1.60792e+09|7.28667e+12|2.62018e+13,6.48959e+11|7.23336e+12|8.74502e+10|4.4632e+08|4.5847e+11|1.10743e+09|1.24554e+11|6.47234e+10|2.23663e+10|2.02403e+08|4.6263e+12|8.71912e+12,0.00015285|0.000148714|0.000989315|0.00014654|0.000163077|2.77636e-05|0.000279667|0.000102402|0.000171925|0.00020417|1.66587e-05|0.000127206,0.003252|0.000441496|0.000209305|0.00148041|0.000159363|0.00293787|0.00109524|0.000294904|0.00227311|0.00979739|0.00164938|0.000265144,0.0179602|0.0348637|0.0101203|0.0328667|0.0136578|0.041372|0.0184116|0.00528751|0.0373366|0.000790162|0.0479548|0.0409725,0.000546736|0.0478486|0.0269719|0.0360108|0.02637|0.0296728|0.00251899|0.0169153|0.0258287|0.0278792|0.0201069|0.02493,0.956543|0.955815|0.945731|0.960947|0.982934|0.956179|0.913586|0.977494|0.957375|0.971346|0.90484|0.903218,6.22817|4.1742|3.59128|4.96524|4.26661|2.12743|1.21281|2.40861|2.48855|5.19478|5.80128|4.29151,79.8117|37.015|10.4739|81.7362|37.2729|32.9383|55.4093|81.3396|28.0546|99.0064|65.9961,0.228393|0.220946|0.199542|0.174783|0.191968|0.242724|0.191098|0.184383|0.168115|0.169129|0.163358,0.725997|0.275354|0.200911|0.219292|0.389873|0.369932|0.821716|0.540078|0.490037|0.377874|0.823601,0.851523,0.837898,0.0185889,0.555256,0.596445,0.529227,0.225922,0.539254,0.241732,0.844508,60.029,1.54756e-12,39681,0.96775,71.3706,7.91337e-10,47522,0.907488,0.897423,0.0160931,0.236702,0.527636,0.456737,0.279439,0.462384,0.0593942,0.937758,18.7241,3.99128e-10,75313,0.812352,72.2662,3.36135e-11,78161
2,25,n1->n2->n3->n4->n5->n15->n16->n17->n18->n19->n20->n10,5.4999e+12|1.38353e+13|1.53335e+11|1.75942e+09|1.32985e+12|6.17253e+13|4.99557e+10|5.2065e+11|2.08257e+11|1.60792e+09|5.32138e+11|2.62018e+13,6.48959e+11|7.23336e+12|8.74502e+10|4.4632e+08|4.5847e+11|2.37721e+13|8.87997e+09|1.64371e+11|2.23663e+10|2.02403e+08|2.21789e+11|8.71912e+12,0.00015285|0.000148714|0.000989315|0.00014654|0.000163077|0.000365537|0.000113525|0.000193857|0.000171925|0.00020417|0.000247429|0.000127206,0.003252|0.000441496|0.000209305|0.00148041|0.000159363|0.000568282|0.000563062|0.00794335|0.00227311|0.00979739|0.00522315|0.000265144,0.0179602|0.0348637|0.0101203|0.0328667|0.0136578|0.000619861|0.0484966|0.0142611|0.0373366|0.000790162|0.00611448|0.0409725,0.000546736|0.0478486|0.0269719|0.0360108|0.02637|0.0254867|0.00864637|0.0346386|0.0258287|0.0278792|0.0463091|0.02493,0.956543|0.955815|0.945731|0.960947|0.982934|0.948183|0.930368|0.902379|0.957375|0.971346|0.902472|0.903218,6.22817|4.1742|3.59128|4.96524|4.26661|2.74568|1.84701|1.64864|2.48855|5.19478|5.254|4.29151,79.8117|37.015|10.4739|81.7362|35.0583|56.2706|32.2763|27.3162|28.0546|10.3361|29.3778,0.228393|0.220946|0.199542|0.174783|0.240843|0.203512|0.219818|0.177165|0.168115|0.212112|0.210878,0.725997|0.275354|0.200911|0.219292|0.606669|0.580023|0.130249|0.674858|0.490037|0.542409|0.138678,0.851523,0.837898,0.0185889,0.555256,0.596445,0.529227,0.225922,0.539254,0.241732,0.844508,60.029,1.54756e-12,39681,0.96775,71.3706,7.91337e-10,47522,0.907488,0.897423,0.0160931,0.236702,0.527636,0.456737,0.279439,0.462384,0.0593942,0.937758,18.7241,3.99128e-10,75313,0.812352,72.2662,3.36135e-11,78161
2,26,n1->n2->n3->n4->n5->n6->n16->n17->n18->n19->n20->n10,5.4999e+12|1.38353e+13|1.53335e+11|1.75942e+09|1.32985e+12|2.83166e+09|4.99557e+10|5.2065e+11|2.08257e+11|1.60792e+09|5.32138e+11|2.62018e+13,6.48959e+11|7.23336e+12|8.74502e+10|4.4632e+08|4.5847e+11|1.10743e+09|8.87997e+09|1.64371e+11|2.23663e+10|2.02403e+08|2.21789e+11|8.71912e+12,0.00015285|0.000148714|0.000989315|0.00014654|0.000163077|2.77636e-05|0.000113525|0.000193857|0.000171925|0.00020417|0.000247429|0.000127206,0.003252|0.000441496|0.000209305|0.00148041|0.000159363|0.00293787|0.000563062|0.00794335|0.00227311|0.00979739|0.00522315|0.000265144,0.0179602|0.0348637|0.0101203|0.0328667|0.0136578|0.041372|0.0484966|0.0142611|0.0373366|0.000790162|0.00611448|0.0409725,0.000546736|0.0478486|0.0269719|0.0360108|0.02637|0.0296728|0.00864637|0.0346386|0.0258287|0.0278792|0.0463091|0.02493,0.956543|0.955815|0.945731|0.960947|0.982934|0.956179|0.930368|0.902379|0.957375|0.971346|0.902472|0.903218,6.22817|4.1742|3.59128|4.96524|4.26661|2.12743|1.84701|1.64864|2.48855|5.19478|5.254|4.29151,79.8117|37.015|10.4739|81.7362|37.2729|50.0569|32.2763|27.3162|28.0546|10.3361|29.3778,0.228393|0.220946|0.199542|0.174783|0.191968|0.170335|0.219818|0.177165|0.168115|0.212112|0.210878,0.725997|0.275354|0.200911|0.219292|0.389873|0.600597|0.130249|0.674858|0.490037|0.542409|0.138678,0.851523,0.837898,0.0185889,0.555256,0.596445,0.529227,0.225922,0.539254,0.241732,0.844508,60.029,1.54756e-12,39681,0.96775,71.3706,7.91337e-10,47522,0.907488,0.897423,0.0160931,0.236702,0.527636,0.456737,0.279439,0.462384,0.0593942,0.937758,18.7241,3.99128e-10,75313,0.812352,72.2662,3.36135e-11,78161
2,27,n1->n2->n3->n13->n14->n15->n16->n17->n7->n8->n9->n10,5.4999e+12|1.38353e+13|1.53335e+11|5.5344e+11|3.69121e+13|6.17253e+13|4.99557e+10|5.2065e+11|1.70314e+11|7.36068e+10|7.28667e+12|2.62018e+13,6.48959e+11|7.23336e+12|8.74502e+10|9.08242e+10|2.94889e+13|2.37721e+13|8.87997e+09|1.64371e+11|1.24554e+11|6.47234e+10|4.6263e+12|8.71912e+12,0.00015285|0.000148714|0.000989315|2.12038e-05|0.000455172|0.000365537|0.000113525|0.000193857|0.000279667|0.000102402|1.66587e-05|0.000127206,0.003252|0.000441496|0.000209305|0.00133854|0.00183051|0.000568282|0.000563062|0.00794335|0.00109524|0.000294904|0.00164938|0.000265144,0.0179602|0.0348637|0.0101203|0.0184047|0.0310073|0.000619861|0.0484966|0.0142611|0.0184116|0.00528751|0.0479548|0.0409725,0.000546736|0.0478486|0.0269719|0.031308|0.0319606|0.0254867|0.00864637|0.0346386|0.00251899|0.0169153|0.0201069|0.02493,0.956543|0.955815|0.945731|0.98666|0.965597|0.948183|0.930368|0.902379|0.913586|0.977494|0.90484|0.903218,6.22817|4.1742|3.59128|0.948718|0.103561|2.74568|1.84701|1.64864|1.21281|2.40861|5.80128|4.29151,79.8117|37.015|83.9106|56.34|92.5451|56.2706|32.2763|59.8148|55.4093|99.595|65.9961,0.228393|0.220946|0.206647|0.245639|0.217749|0.203512|0.219818|0.239148|0.191098|0.247422|0.163358,0.725997|0.275354|0.189939|0.226162|0.738934|0.580023|0.130249|0.525316|0.821716|0.597712|0.823601,0.851523,0.837898,0.0185889,0.555256,0.596445,0.529227,0.225922,0.539254,0.241732,0.844508,60.029,1.54756e-12,39681,0.96775,71.3706,7.91337e-10,47522,0.907488,0.897423,0.0160931,0.236702,0.527636,0.456737,0.279439,0.462384,0.0593942,0.937758,18.7241,3.99128e-10,75313,0.812352,72.2662,3.36135e-11,78161
2,28,n1->n2->n3->n4->n5->n6->n7->n8->n18->n19->n20->n10,5.4999e+12|1.38353e+13|1.53335e+11|1.75942e+09|1.32985e+12|2.83166e+09|1.70314e+11|7.36068e+10|2.08257e+11|1.60792e+09|5.32138e+11|2.62018e+13,6.48959e+11|7.23336e+12|8.74502e+10|4.4632e+08|4.5847e+11|1.10743e+09|1.24554e+11|6.47234e+10|2.23663e+10|2.02403e+08|2.21789e+11|8.71912e+12,0.00015285|0.000148714|0.000989315|0.00014654|0.000163077|2.77636e-05|0.000279667|0.000102402|0.000171925|0.00020417|0.000247429|0.000127206,0.003252|0.000441496|0.000209305|0.00148041|0.000159363|0.00293787|0.00109524|0.000294904|0.00227311|0.00979739|0.00522315|0.000265144,0.0179602|0.0348637|0.0101203|0.0328667|0.0136578|0.041372|0.0184116|0.00528751|0.0373366|0.000790162|0.00611448|0.0409725,0.000546736|0.0478486|0.0269719|0.0360108|0.02637|0.0296728|0.00251899|0.0169153|0.0258287|0.0278792|0.0463091|0.02493,0.956543|0.955815|0.945731|0.960947|0.982934|0.956179|0.913586|0.977494|0.957375|0.971346|0.902472|0.903218,6.22817|4.1742|3.59128|4.96524|4.26661|2.12743|1.21281|2.40861|2.48855|5.19478|5.254|4.29151,79.8117|37.015|10.4739|81.7362|37.2729|32.9383|55.4093|81.3396|28.0546|10.3361|29.3778,0.228393|0.220946|0.199542|0.174783|0.191968|0.242724|0.191098|0.184383|0.168115|0.212112|0.210878,0.725997|0.275354|0.200911|0.219292|0.389873|0.369932|0.821716|0.540078|0.490037|0.542409|0.138678,0.851523,0.837898,0.0185889,0.555256,0.596445,0.529227,0.225922,0.539254,0.241732,0.844508,60.029,1.54756e-12,39681,0.96775,71.3706,7.91337e-10,47522,0.907488,0.897423,0.0160931,0.236702,0.527636,0.456737,0.279439,0.462384,0.0593942,0.937758,18.7241,3.99128e-10,75313,0.812352,72.2662,3.36135e-11,78161
2,29,n1->n2->n3->n4->n14->n15->n16->n17->n18->n19->n20->n10,5.4999e+12|1.38353e+13|1.53335e+11|1.75942e+09|3.69121e+13|6.17253e+13|4.99557e+10|5.2065e+11|2.08257e+11|1.60792e+09|5.32138e+11|2.62018e+13,6.48959e+11|7.23336e+12|8.74502e+10|4.4632e+08|2.94889e+13|2.37721e+13|8.87997e+09|1.64371e+11|2.23663e+10|2.02403e+08|2.21789e+11|8.71912e+12,0.00015285|0.000148714|0.000989315|0.00014654|0.000455172|0.000365537|0.000113525|0.000193857|0.000171925|0.00020417|0.000247429|0.000127206,0.003252|0.000441496|0.000209305|0.00148041|0.00183051|0.000568282|0.000563062|0.00794335|0.00227311|0.00979739|0.00522315|0.000265144,0.0179602|0.0348637|0.0101203|0.0328667|0.0310073|0.000619861|0.0484966|0.0142611|0.0373366|0.000790162|0.00611448|0.0409725,0.000546736|0.0478486|0.0269719|0.0360108|0.0319606|0.0254867|0.00864637|0.0346386|0.0258287|0.0278792|0.0463091|0.02493,0.956543|0.955815|0.945731|0.960947|0.965597|0.948183|0.930368|0.902379|0.957375|0.971346|0.902472|0.903218,6.22817|4.1742|3.59128|4.96524|0.103561|2.74568|1.84701|1.64864|2.48855|5.19478|5.254|4.29151,79.8117|37.015|10.4739|52.1141|92.5451|56.2706|32.2763|27.3162|28.0546|10.3361|29.3778,0.228393|0.220946|0.199542|0.24587|0.217749|0.203512|0.219818|0.177165|0.168115|0.212112|0.210878,0.725997|0.275354|0.200911|0.356378|0.738934|0.580023|0.130249|0.674858|0.490037|0.542409|0.138678,0.851523,0.837898,0.0185889,0.555256,0.596445,0.529227,0.225922,0.539254,0.241732,0.844508,60.029,1.54756e-12,39681,0.96775,71.3706,7.91337e-10,47522,0.907488,0.897423,0.0160931,0.236702,0.527636,0.456737,0.279439,0.462384,0.0593942,0.937758,18.7241,3.99128e-10,75313,0.812352,72.2662,3.36135e-11,78161
2,30,n1->n2->n3->n4->n14->n15->n16->n17->n7->n8->n9->n10,5.4999e+12|1.38353e+13|1.53335e+11|1.75942e+09|3.69121e+13|6.17253e+13|4.99557e+10|5.2065e+11|1.70314e+11|7.36068e+10|7.28667e+12|2.62018e+13,6.48959e+11|7.23336e+12|8.74502e+10|4.4632e+08|2.94889e+13|2.37721e+13|8.87997e+09|1.64371e+11|1.24554e+11|6.47234e+10|4.6263e+12|8.71912e+12,0.00015285|0.000148714|0.000989315|0.00014654|0.000455172|0.000365537|0.000113525|0.000193857|0.000279667|0.000102402|1.66587e-05|0.000127206,0.003252|0.000441496|0.000209305|0.00148041|0.00183051|0.000568282|0.000563062|0.00794335|0.00109524|0.000294904|0.00164938|0.000265144,0.0179602|0.0348637|0.0101203|0.0328667|0.0310073|0.000619861|0.0484966|0.0142611|0.0184116|0.00528751|0.0479548|0.0409725,0.000546736|0.0478486|0.0269719|0.0360108|0.0319606|0.0254867|0.00864637|0.0346386|0.00251899|0.0169153|0.0201069|0.02493,0.956543|0.955815|0.945731|0.960947|0.965597|0.948183|0.930368|0.902379|0.913586|0.977494|0.90484|0.903218,6.22817|4.1742|3.59128|4.96524|0.103561|2.74568|1.84701|1.64864|1.21281|2.40861|5.80128|4.29151,79.8117|37.015|10.4739|52.1141|92.5451|56.2706|32.2763|59.8148|55.4093|99.595|65.9961,0.228393|0.220946|0.199542|0.24587|0.217749|0.203512|0.219818|0.239148|0.191098|0.247422|0.163358,0.725997|0.275354|0.200911|0.356378|0.738934|0.580023|0.130249|0.525316|0.821716|0.597712|0.823601,0.851523,0.837898,0.0185889,0.555256,0.596445,0.529227,0.225922,0.539254,0.241732,0.844508,60.029,1.54756e-12,39681,0.96775,71.3706,7.91337e-10,47522,0.907488,0.897423,0.0160931,0.236702,0.527636,0.456737,0.279439,0.462384,0.0593942,0.937758,18.7241,3.99128e-10,75313,0.812352,72.2662,3.36135e-11,78161
2,31,n1->n2->n3->n4->n5->n6->n7->n8->n9->n19->n20->n10,5.4999e+12|1.38353e+13|1.53335e+11|1.75942e+09|1.32985e+12|2.83166e+09|1.70314e+11|7.36068e+10|7.28667e+12|1.60792e+09|5.32138e+11|2.62018e+13,6.48959e+11|7.23336e+12|8.74502e+10|4.4632e+08|4.5847e+11|1.10743e+09|1.24554e+11|6.47234e+10|4.6263e+12|2.02403e+08|2.21789e+11|8.71912e+12,0.00015285|0.000148714|0.000989315|0.00014654|0.000163077|2.77636e-05|0.000279667|0.000102402|1.66587e-05|0.00020417|0.000247429|0.000127206,0.003252|0.000441496|0.000209305|0.00148041|0.000159363|0.00293787|0.00109524|0.000294904|0.00164938|0.00979739|0.00522315|0.000265144,0.0179602|0.0348637|0.0101203|0.0328667|0.0136578|0.041372|0.0184116|0.00528751|0.0479548|0.000790162|0.00611448|0.0409725,0.000546736|0.0478486|0.0269719|0.0360108|0.02637|0.0296728|0.00251899|0.0169153|0.0201069|0.0278792|0.0463091|0.02493,0.956543|0.955815|0.945731|0.960947|0.982934|0.956179|0.913586|0.977494|0.90484|0.971346|0.902472|0.903218,6.22817|4.1742|3.59128|4.96524|4.26661|2.12743|1.21281|2.40861|5.80128|5.19478|5.254|4.29151,79.8117|37.015|10.4739|81.7362|37.2729|32.9383|55.4093|99.595|99.0064|10.3361|29.3778,0.228393|0.220946|0.199542|0.174783|0.191968|0.242724|0.191098|0.247422|0.169129|0.212112|0.210878,0.725997|0.275354|0.200911|0.219292|0.389873|0.369932|0.821716|0.597712|0.377874|0.542409|0.138678,0.851523,0.837898,0.0185889,0.555256,0.596445,0.529227,0.225922,0.539254,0.241732,0.844508,60.029,1.54756e-12,39681,0.96775,71.3706,7.91337e-10,47522,0.907488,0.897423,0.0160931,0.236702,0.527636,0.456737,0.279439,0.462384,0.0593942,0.937758,18.7241,3.99128e-10,75313,0.812352,72.2662,3.36135e-11,78161
2,32,n1->n2->n3->n4->n5->n6->n16->n17->n7->n8->n9->n10,5.4999e+12|1.38353e+13|1.53335e+11|1.75942e+09|1.32985e+12|2.83166e+09|4.99557e+10|5.2065e+11|1.70314e+11|7.36068e+10|7.28667e+12|2.62018e+13,6.48959e+11|7.23336e+12|8.74502e+10|4.4632e+08|4.5847e+11|1.10743e+09|8.87997e+09|1.64371e+11|1.24554e+11|6.47234e+10|4.6263e+12|8.71912e+12,0.00015285|0.000148714|0.000989315|0.00014654|0.000163077|2.77636e-05|0.000113525|0.000193857|0.000279667|0.000102402|1.66587e-05|0.000127206,0.003252|0.000441496|0.000209305|0.00148041|0.000159363|0.00293787|0.000563062|0.00794335|0.00109524|0.000294904|0.00164938|0.000265144,0.0179602|0.0348637|0.0101203|0.0328667|0.0136578|0.041372|0.0484966|0.0142611|0.0184116|0.00528751|0.0479548|0.0409725,0.000546736|0.0478486|0.0269719|0.0360108|0.02637|0.0296728|0.00864637|0.0346386|0.00251899|0.0169153|0.0201069|0.02493,0.956543|0.955815|0.945731|0.960947|0.982934|0.956179|0.930368|0.902379|0.913586|0.977494|0.90484|0.903218,6.22817|4.1742|3.59128|4.96524|4.26661|2.12743|1.84701|1.64864|1.21281|2.40861|5.80128|4.29151,79.8117|37.015|10.4739|81.7362|37.2729|50.0569|32.2763|59.8148|55.4093|99.595|65.9961,0.228393|0.220946|0.199542|0.174783|0.191968|0.170335|0.219818|0.239148|0.191098|0.247422|0.163358,0.725997|0.275354|0.200911|0.219292|0.389873|0.600597|0.130249|0.525316|0.821716|0.597712|0.823601,0.851523,0.837898,0.0185889,0.555256,0.596445,0.529227,0.225922,0.539254,0.241732,0.844508,60.029,1.54756e-12,39681,0.96775,71.3706,7.91337e-10,47522,0.907488,0.897423,0.0160931,0.236702,0.527636,0.456737,0.279439,0.462384,0.0593942,0.937758,18.7241,3.99128e-10,75313,0.812352,72.2662,3.36135e-11,78161
2,33,n1->n2->n3->n4->n14->n15->n16->n17->n18->n19->n9->n10,5.4999e+12|1.38353e+13|1.53335e+11|1.75942e+09|3.69121e+13|6.17253e+13|4.99557e+10|5.2065e+11|2.08257e+11|1.60792e+09|7.28667e+12|2.62018e+13,6.48959e+11|7.23336e+12|8.74502e+10|4.4632e+08|2.94889e+13|2.37721e+13|8.87997e+09|1.64371e+11|2.23663e+10|2.02403e+08|4.6263e+12|8.71912e+12,0.00015285|0.000148714|0.000989315|0.00014654|0.000455172|0.000365537|0.000113525|0.000193857|0.000171925|0.00020417|1.66587e-05|0.000127206,0.003252|0.000441496|0.000209305|0.00148041|0.00183051|0.000568282|0.000563062|0.00794335|0.00227311|0.00979739|0.00164938|0.000265144,0.0179602|0.0348637|0.0101203|0.0328667|0.0310073|0.000619861|0.0484966|0.0142611|0.0373366|0.000790162|0.0479548|0.0409725,0.000546736|0.0478486|0.0269719|0.0360108|0.0319606|0.0254867|0.00864637|0.0346386|0.0258287|0.0278792|0.0201069|0.02493,0.956543|0.955815|0.945731|0.960947|0.965597|0.948183|0.930368|0.902379|0.957375|0.971346|0.90484|0.903218,6.22817|4.1742|3.59128|4.96524|0.103561|2.74568|1.84701|1.64864|2.48855|5.19478|5.80128|4.29151,79.8117|37.015|10.4739|52.1141|92.5451|56.2706|32.2763|27.3162|28.0546|99.0064|65.9961,0.228393|0.220946|0.199542|0.24587|0.217749|0.203512|0.219818|0.177165|0.168115|0.169129|0.163358,0.725997|0.275354|0.200911|0.356378|0.738934|0.580023|0.130249|0.674858|0.490037|0.377874|0.823601,0.851523,0.837898,0.0185889,0.555256,0.596445,0.529227,0.225922,0.539254,0.241732,0.844508,60.029,1.54756e-12,39681,0.96775,71.3706,7.91337e-10,47522,0.907488,0.897423,0.0160931,0.236702,0.527636,0.456737,0.279439,0.462384,0.0593942,0.937758,18.7241,3.99128e-10,75313,0.812352,72.2662,3.36135e-11,78161
2,34,n1->n2->n3->n4->n5->n6->n7->n17->n18->n8->n9->n10,5.4999e+12|1.38353e+13|1.53335e+11|1.75942e+09|1.32985e+12|2.83166e+09|1.70314e+11|5.2065e+11|2.08257e+11|7.36068e+10|7.28667e+12|2.62018e+13,6.48959e+11|7.23336e+12|8.74502e+10|4.4632e+08|4.5847e+11|1.10743e+09|1.24554e+11|1.64371e+11|2.23663e+10|6.47234e+10|4.6263e+12|8.71912e+12,0.00015285|0.000148714|0.000989315|0.00014654|0.000163077|2.77636e-05|0.000279667|0.000193857|0.000171925|0.000102402|1.66587e-05|0.000127206,0.003252|0.000441496|0.000209305|0.00148041|0.000159363|0.00293787|0.00109524|0.00794335|0.00227311|0.000294904|0.00164938|0.000265144,0.0179602|0.0348637|0.0101203|0.0328667|0.0136578|0.041372|0.0184116|0.0142611|0.0373366|0.00528751|0.0479548|0.0409725,0.000546736|0.0478486|0.0269719|0.0360108|0.02637|0.0296728|0.00251899|0.0346386|0.0258287|0.0169153|0.0201069|0.02493,0.956543|0.955815|0.945731|0.960947|0.982934|0.956179|0.913586|0.902379|0.957375|0.977494|0.90484|0.903218,6.22817|4.1742|3.59128|4.96524|4.26661|2.12743|1.21281|1.64864|2.48855|2.40861|5.80128|4.29151,79.8117|37.015|10.4739|81.7362|37.2729|32.9383|59.8148|27.3162|81.3396|99.595|65.9961,0.228393|0.220946|0.199542|0.174783|0.191968|0.242724|0.239148|0.177165|0.184383|0.247422|0.163358,0.725997|0.275354|0.200911|0.219292|0.389873|0.369932|0.525316|0.674858|0.540078|0.597712|0.823601,0.851523,0.837898,0.0185889,0.555256,0.596445,0.529227,0.225922,0.539254,0.241732,0.844508,60.029,1.54756e-12,39681,0.96775,71.3706,7.91337e-10,47522,0.907488,0.897423,0.0160931,0.236702,0.527636,0.456737,0.279439,0.462384,0.0593942,0.937758,18.7241,3.99128e-10,75313,0.812352,72.2662,3.36135e-11,78161
2,35,n1->n2->n3->n4->n14->n15->n16->n17->n18->n8->n9->n10,5.4999e+12|1.38353e+13|1.53335e+11|1.75942e+09|3.69121e+13|6.17253e+13|4.99557e+10|5.2065e+11|2.08257e+11|7.36068e+10|7.28667e+12|2.62018e+13,6.48959e+11|7.23336e+12|8.74502e+10|4.4632e+08|2.94889e+13|2.37721e+13|8.87997e+09|1.64371e+11|2.23663e+10|6.47234e+10|4.6263e+12|8.71912e+12,0.00015285|0.000148714|0.000989315|0.00014654|0.000455172|0.000365537|0.000113525|0.000193857|0.000171925|0.000102402|1.66587e-05|0.000127206,0.003252|0.000441496|0.000209305|0.00148041|0.00183051|0.000568282|0.000563062|0.00794335|0.00227311|0.000294904|0.00164938|0.000265144,0.0179602|0.0348637|0.0101203|0.0328667|0.0310073|0.000619861|0.0484966|0.0142611|0.0373366|0.00528751|0.0479548|0.0409725,0.000546736|0.0478486|0.0269719|0.0360108|0.0319606|0.0254867|0.00864637|0.0346386|0.0258287|0.0169153|0.0201069|0.02493,0.956543|0.955815|0.945731|0.960947|0.965597|0.948183|0.930368|0.902379|0.957375|0.977494|0.90484|0.903218,6.22817|4.1742|3.59128|4.96524|0.103561|2.74568|1.84701|1.64864|2.48855|2.40861|5.80128|4.29151,79.8117|37.015|10.4739|52.1141|92.5451|56.2706|32.2763|27.3162|81.3396|99.595|65.9961,0.228393|0.220946|0.199542|0.24587|0.217749|0.203512|0.219818|0.177165|0.184383|0.247422|0.163358,0.725997|0.275354|0.200911|0.356378|0.738934|0.580023|0.130249|0.674858|0.540078|0.597712|0.823601,0.851523,0.837898,0.0185889,0.555256,0.596445,0.529227,0.225922,0.539254,0.241732,0.844508,60.029,1.54756e-12,39681,0.96775,71.3706,7.91337e-10,47522,0.907488,0.897423,0.0160931,0.236702,0.527636,0.456737,0.279439,0.462384,0.0593942,0.937758,18.7241,3.99128e-10,75313,0.812352,72.2662,3.36135e-11,78161
2,36,n1->n11->n12->n13->n14->n15->n16->n17->n18->n19->n20->n10,5.4999e+12|5.65563e+13|2.05589e+11|5.5344e+11|3.69121e+13|6.17253e+13|4.99557e+10|5.2065e+11|2.08257e+11|1.60792e+09|5.32138e+11|2.62018e+13,6.48959e+11|3.81621e+13|5.40463e+10|9.08242e+10|2.94889e+13|2.37721e+13|8.87997e+09|1.64371e+11|2.23663e+10|2.02403e+08|2.21789e+11|8.71912e+12,0.00015285|3.58423e-05|1.73339e-05|2.12038e-05|0.000455172|0.000365537|0.000113525|0.000193857|0.000171925|0.00020417|0.000247429|0.000127206,0.003252|0.000127835|0.000156137|0.00133854|0.00183051|0.000568282|0.000563062|0.00794335|0.00227311|0.00979739|0.00522315|0.000265144,0.0179602|0.0470176|0.0116366|0.0184047|0.0310073|0.000619861|0.0484966|0.0142611|0.0373366|0.000790162|0.00611448|0.0409725,0.000546736|0.0468531|0.041832|0.031308|0.0319606|0.0254867|0.00864637|0.0346386|0.0258287|0.0278792|0.0463091|0.02493,0.956543|0.950579|0.913854|0.98666|0.965597|0.948183|0.930368|0.902379|0.957375|0.971346|0.902472|0.903218,6.22817|4.0358|1.42439|0.948718|0.103561|2.74568|1.84701|1.64864|2.48855|5.19478|5.254|4.29151,30.2686|24.4191|13.9548|56.34|92.5451|56.2706|32.2763|27.3162|28.0546|10.3361|29.3778,0.17251|0.167139|0.190483|0.245639|0.217749|0.203512|0.219818|0.177165|0.168115|0.212112|0.210878,0.827051|0.726505|0.305271|0.226162|0.738934|0.580023|0.130249|0.674858|0.490037|0.542409|0.138678,0.851523,0.837898,0.0185889,0.555256,0.596445,0.529227,0.225922,0.539254,0.241732,0.844508,60.029,1.54756e-12,39681,0.96775,71.3706,7.91337e-10,47522,0.907488,0.897423,0.0160931,0.236702,0.527636,0.456737,0.279439,0.462384,0.0593942,0.937758,18.7241,3.99128e-10,75313,0.812352,72.2662,3.36135e-11,78161
2,37,n1->n2->n12->n13->n14->n15->n16->n17->n18->n8->n9->n10,5.4999e+12|1.38353e+13|2.05589e+11|5.5344e+11|3.69121e+13|6.17253e+13|4.99557e+10|5.2065e+11|2.08257e+11|7.36068e+10|7.28667e+12|2.62018e+13,6.48959e+11|7.23336e+12|5.40463e+10|9.08242e+10|2.94889e+13|2.37721e+13|8.87997e+09|1.64371e+11|2.23663e+10|6.47234e+10|4.6263e+12|8.71912e+12,0.00015285|0.000148714|1.73339e-05|2.12038e-05|0.000455172|0.000365537|0.000113525|0.000193857|0.000171925|0.000102402|1.66587e-05|0.000127206,0.003252|0.000441496|0.000156137|0.00133854|0.00183051|0.000568282|0.000563062|0.00794335|0.00227311|0.000294904|0.00164938|0.000265144,0.0179602|0.0348637|0.0116366|0.0184047|0.0310073|0.000619861|0.0484966|0.0142611|0.0373366|0.00528751|0.0479548|0.0409725,0.000546736|0.0478486|0.041832|0.031308|0.0319606|0.0254867|0.00864637|0.0346386|0.0258287|0.0169153|0.0201069|0.02493,0.956543|0.955815|0.913854|0.98666|0.965597|0.948183|0.930368|0.902379|0.957375|0.977494|0.90484|0.903218,6.22817|4.1742|1.42439|0.948718|0.103561|2.74568|1.84701|1.64864|2.48855|2.40861|5.80128|4.29151,79.8117|88.6198|13.9548|56.34|92.5451|56.2706|32.2763|27.3162|81.3396|99.595|65.9961,0.228393|0.218328|0.190483|0.245639|0.217749|0.203512|0.219818|0.177165|0.184383|0.247422|0.163358,0.725997|0.53516|0.305271|0.226162|0.738934|0.580023|0.130249|0.674858|0.540078|0.597712|0.823601,0.851523,0.837898,0.0185889,0.555256,0.596445,0.529227,0.225922,0.539254,0.241732,0.844508,60.029,1.54756e-12,39681,0.96775,71.3706,7.91337e-10,47522,0.907488,0.897423,0.0160931,0.236702,0.527636,0.456737,0.279439,0.462384,0.0593942,0.937758,18.7241,3.99128e-10,75313,0.812352,72.2662,3.36135e-11,78161
2,38,n1->n2->n3->n4->n5->n6->n7->n17->n18->n19->n20->n10,5.4999e+12|1.38353e+13|1.53335e+11|1.75942e+09|1.32985e+12|2.83166e+09|1.70314e+11|5.2065e+11|2.08257e+11|1.60792e+09|5.32138e+11|2.62018e+13,6.48959e+11|7.23336e+12|8.74502e+10|4.4632e+08|4.5847e+11|1.10743e+09|1.24554e+11|1.64371e+11|2.23663e+10|2.02403e+08|2.21789e+11|8.71912e+12,0.00015285|0.000148714|0.000989315|0.00014654|0.000163077|2.77636e-05|0.000279667|0.000193857|0.000171925|0.00020417|0.000247429|0.000127206,0.003252|0.000441496|0.000209305|0.00148041|0.000159363|0.00293787|0.00109524|0.00794335|0.00227311|0.00979739|0.00522315|0.000265144,0.0179602|0.0348637|0.0101203|0.0328667|0.0136578|0.041372|0.0184116|0.0142611|0.0373366|0.000790162|0.00611448|0.0409725,0.000546736|0.0478486|0.0269719|0.0360108|0.02637|0.0296728|0.00251899|0.0346386|0.0258287|0.0278792|0.0463091|0.02493,0.956543|0.955815|0.945731|0.960947|0.982934|0.956179|0.913586|0.902379|0.957375|0.971346|0.902472|0.903218,6.22817|4.1742|3.59128|4.96524|4.26661|2.12743|1.21281|1.64864|2.48855|5.19478|5.254|4.29151,79.8117|37.015|10.4739|81.7362|37.2729|32.9383|59.8148|27.3162|28.0546|10.3361|29.3778,0.228393|0.220946|0.199542|0.174783|0.191968|0.242724|0.239148|0.177165|0.168115|0.212112|0.210878,0.725997|0.275354|0.200911|0.219292|0.389873|0.369932|0.525316|0.674858|0.490037|0.542409|0.138678,0.851523,0.837898,0.0185889,0.555256,0.596445,0.529227,0.225922,0.539254,0.241732,0.844508,60.029,1.54756e-12,39681,0.96775,71.3706,7.91337e-10,47522,0.907488,0.897423,0.0160931,0.236702,0.527636,0.456737,0.279439,0.462384,0.0593942,0.937758,18.7241,3.99128e-10,75313,0.812352,72.2662,3.36135e-11,78161
2,39,n1->n2->n12->n13->n14->n15->n16->n17->n18->n19->n20->n10,5.4999e+12|1.38353e+13|2.05589e+11|5.5344e+11|3.69121e+13|6.17253e+13|4.99557e+10|5.2065e+11|2.08257e+11|1.60792e+09|5.32138e+11|2.62018e+13,6.48959e+11|7.23336e+12|5.40463e+10|9.08242e+10|2.94889e+13|2.37721e+13|8.87997e+09|1.64371e+11|2.23663e+10|2.02403e+08|2.21789e+11|8.71912e+12,0.00015285|0.000148714|1.73339e-05|2.12038e-05|0.000455172|0.000365537|0.000113525|0.000193857|0.000171925|0.00020417|0.000247429|0.000127206,0.003252|0.000441496|0.000156137|0.00133854|0.00183051|0.000568282|0.000563062|0.00794335|0.00227311|0.00979739|0.00522315|0.000265144,0.0179602|0.0348637|0.0116366|0.0184047|0.0310073|0.000619861|0.0484966|0.0142611|0.0373366|0.000790162|0.00611448|0.0409725,0.000546736|0.0478486|0.041832|0.031308|0.0319606|0.0254867|0.00864637|0.0346386|0.0258287|0.0278792|0.0463091|0.02493,0.956543|0.955815|0.913854|0.98666|0.965597|0.948183|0.930368|0.902379|0.957375|0.971346|0.902472|0.903218,6.22817|4.1742|1.42439|0.948718|0.103561|2.74568|1.84701|1.64864|2.48855|5.19478|5.254|4.29151,79.8117|88.6198|13.9548|56.34|92.5451|56.2706|32.2763|27.3162|28.0546|10.3361|29.3778,0.228393|0.218328|0.190483|0.245639|0.217749|0.203512|0.219818|0.177165|0.168115|0.212112|0.210878,0.725997|0.53516|0.305271|0.226162|0.738934|0.580023|0.130249|0.674858|0.490037|0.542409|0.138678,0.851523,0.837898,0.0185889,0.555256,0.596445,0.529227,0.225922,0.539254,0.241732,0.844508,60.029,1.54756e-12,39681,0.96775,71.3706,7.91337e-10,47522,0.907488,0.897423,0.0160931,0.236702,0.527636,0.456737,0.279439,0.462384,0.0593942,0.937758,18.7241,3.99128e-10,75313,0.812352,72.2662,3.36135e-11,78161
2,40,n1->n2->n3->n4->n5->n6->n7->n17->n18->n19->n9->n10,5.4999e+12|1.38353e+13|1.53335e+11|1.75942e+09|1.32985e+12|2.83166e+09|1.70314e+11|5.2065e+11|2.08257e+11|1.60792e+09|7.28667e+12|2.62018e+13,6.48959e+11|7.23336e+12|8.74502e+10|4.4632e+08|4.5847e+11|1.10743e+09|1.24554e+11|1.64371e+11|2.23663e+10|2.02403e+08|4.6263e+12|8.71912e+12,0.00015285|0.000148714|0.000989315|0.00014654|0.000163077|2.77636e-05|0.000279667|0.000193857|0.000171925|0.00020417|1.66587e-05|0.000127206,0.003252|0.000441496|0.000209305|0.00148041|0.000159363|0.00293787|0.00109524|0.00794335|0.00227311|0.00979739|0.00164938|0.000265144,0.0179602|0.0348637|0.0101203|0.0328667|0.0136578|0.041372|0.0184116|0.0142611|0.0373366|0.000790162|0.0479548|0.0409725,0.000546736|0.0478486|0.0269719|0.0360108|0.02637|0.0296728|0.00251899|0.0346386|0.0258287|0.0278792|0.0201069|0.02493,0.956543|0.955815|0.945731|0.960947|0.982934|0.956179|0.913586|0.902379|0.957375|0.971346|0.90484|0.903218,6.22817|4.1742|3.59128|4.96524|4.26661|2.12743|1.21281|1.64864|2.48855|5.19478|5.80128|4.29151,79.8117|37.015|10.4739|81.7362|37.2729|32.9383|59.8148|27.3162|28.0546|99.0064|65.9961,0.228393|0.220946|0.199542|0.174783|0.191968|0.242724|0.239148|0.177165|0.168115|0.169129|0.163358,0.725997|0.275354|0.200911|0.219292|0.389873|0.369932|0.525316|0.674858|0.490037|0.377874|0.823601,0.851523,0.837898,0.0185889,0.555256,0.596445,0.529227,0.225922,0.539254,0.241732,0.844508,60.029,1.54756e-12,39681,0.96775,71.3706,7.91337e-10,47522,0.907488,0.897423,0.0160931,0.236702,0.527636,0.456737,0.279439,0.462384,0.0593942,0.937758,18.7241,3.99128e-10,75313,0.812352,72.2662,3.36135e-11,78161
2,41,n1->n11->n12->n22->n23->n13->n14->n4->n5->n6->n7->n8->n9->n10,5.4999e+12|5.65563e+13|2.05589e+11|6.89136e+12|5.1585e+13|5.5344e+11|3.69121e+13|1.75942e+09|1.32985e+12|2.83166e+09|1.70314e+11|7.36068e+10|7.28667e+12|2.62018e+13,6.48959e+11|3.81621e+13|5.40463e+10|5.3881e+12|4.60456e+13|9.08242e+10|2.94889e+13|4.4632e+08|4.5847e+11|1.10743e+09|1.24554e+11|6.47234e+10|4.6263e+12|8.71912e+12,0.00015285|3.58423e-05|1.73339e-05|0.000201899|6.64364e-05|2.12038e-05|0.000455172|0.00014654|0.000163077|2.77636e-05|0.000279667|0.000102402|1.66587e-05|0.000127206,0.003252|0.000127835|0.000156137|0.000177346|0.00216169|0.00133854|0.00183051|0.00148041|0.000159363|0.00293787|0.00109524|0.000294904|0.00164938|0.000265144,0.0179602|0.0470176|0.0116366|0.0147695|0.0228373|0.0184047|0.0310073|0.0328667|0.0136578|0.041372|0.0184116|0.00528751|0.0479548|0.0409725,0.000546736|0.0468531|0.041832|0.0456659|0.037673|0.031308|0.0319606|0.0360108|0.02637|0.0296728|0.00251899|0.0169153|0.0201069|0.02493,0.956543|0.950579|0.913854|0.90843|0.903|0.98666|0.965597|0.960947|0.982934|0.956179|0.913586|0.977494|0.90484|0.903218,6.22817|4.0358|1.42439|2.55635|0.905766|0.948718|0.103561|4.96524|4.26661|2.12743|1.21281|2.40861|5.80128|4.29151,30.2686|24.4191|13.2112|55.8812|51.9585|56.34|52.1141|81.7362|37.2729|32.9383|55.4093|99.595|65.9961,0.17251|0.167139|0.17699|0.183035|0.246371|0.245639|0.24587|0.174783|0.191968|0.242724|0.191098|0.247422|0.163358,0.827051|0.726505|0.78707|0.999468|0.635286|0.226162|0.356378|0.219292|0.389873|0.369932|0.821716|0.597712|0.823601,0.851523,0.837898,0.0185889,0.555256,0.596445,0.529227,0.225922,0.539254,0.241732,0.844508,60.029,1.54756e-12,39681,0.96775,71.3706,7.91337e-10,47522,0.907488,0.897423,0.0160931,0.236702,0.527636,0.456737,0.279439,0.462384,0.0593942,0.937758,18.7241,3.99128e-10,75313,0.812352,72.2662,3.36135e-11,78161
2,42,n1->n11->n12->n22->n23->n24->n25->n15->n5->n6->n7->n8->n9->n10,5.4999e+12|5.65563e+13|2.05589e+11|6.89136e+12|5.1585e+13|1.17759e+12|2.26824e+10|6.17253e+13|1.32985e+12|2.83166e+09|1.70314e+11|7.36068e+10|7.28667e+12|2.62018e+13,6.48959e+11|3.81621e+13|5.40463e+10|5.3881e+12|4.60456e+13|2.01162e+11|7.07863e+09|2.37721e+13|4.5847e+11|1.10743e+09|1.24554e+11|6.47234e+10|4.6263e+12|8.71912e+12,0.00015285|3.58423e-05|1.73339e-05|0.000201899|6.64364e-05|0.000214835|2.48293e-05|0.000365537|0.000163077|2.77636e-05|0.000279667|0.000102402|1.66587e-05|0.000127206,0.003252|0.000127835|0.000156137|0.000177346|0.00216169|0.000504018|0.00526954|0.000568282|0.000159363|0.00293787|0.00109524|0.000294904|0.00164938|0.000265144,0.0179602|0.0470176|0.0116366|0.0147695|0.0228373|0.0443323|0.0411534|0.000619861|0.0136578|0.041372|0.0184116|0.00528751|0.0479548|0.0409725,0.000546736|0.0468531|0.041832|0.0456659|0.037673|0.040963|0.0451075|0.0254867|0.02637|0.0296728|0.00251899|0.0169153|0.0201069|0.02493,0.956543|0.950579|0.913854|0.90843|0.903|0.94682|0.98336|0.948183|0.982934|0.956179|0.913586|0.977494|0.90484|0.903218,6.22817|4.0358|1.42439|2.55635|0.905766|4.85624|6.02932|2.74568|4.26661|2.12743|1.21281|2.40861|5.80128|4.29151,30.2686|24.4191|13.2112|55.8812|67.5745|18.2346|54.7186|35.0583|37.2729|32.9383|55.4093|99.595|65.9961,0.17251|0.167139|0.17699|0.183035|0.16557|0.244005|0.189144|0.240843|0.191968|0.242724|0.191098|0.247422|0.163358,0.827051|0.726505|0.78707|0.999468|0.122951|0.943216|0.194732|0.606669|0.389873|0.369932|0.821716|0.597712|0.823601,0.851523,0.837898,0.0185889,0.555256,0.596445,0.529227,0.225922,0.539254,0.241732,0.844508,60.029,1.54756e-12,39681,0.96775,71.3706,7.91337e-10,47522,0.907488,0.897423,0.0160931,0.236702,0.527636,0.456737,0.279439,0.462384,0.0593942,0.937758,18.7241,3.99128e-10,75313,0.812352,72.2662,3.36135e-11,78161
2,43,n1->n2->n12->n22->n23->n13->n14->n4->n5->n6->n7->n8->n9->n10,5.4999e+12|1.38353e+13|2.05589e+11|6.89136e+12|5.1585e+13|5.5344e+11|3.69121e+13|1.75942e+09|1.32985e+12|2.83166e+09|1.70314e+11|7.36068e+10|7.28667e+12|2.62018e+13,6.48959e+11|7.23336e+12|5.40463e+10|5.3881e+12|4.60456e+13|9.08242e+10|2.94889e+13|4.4632e+08|4.5847e+11|1.10743e+09|1.24554e+11|6.47234e+10|4.6263e+12|8.71912e+12,0.00015285|0.000148714|1.73339e-05|0.000201899|6.64364e-05|2.12038e-05|0.000455172|0.00014654|0.000163077|2.77636e-05|0.000279667|0.000102402|1.66587e-05|0.000127206,0.003252|0.000441496|0.000156137|0.000177346|0.00216169|0.00133854|0.00183051|0.00148041|0.000159363|0.00293787|0.00109524|0.000294904|0.00164938|0.000265144,0.0179602|0.0348637|0.0116366|0.0147695|0.0228373|0.0184047|0.0310073|0.0328667|0.0136578|0.041372|0.0184116|0.00528751|0.0479548|0.0409725,0.000546736|0.0478486|0.041832|0.0456659|0.037673|0.031308|0.0319606|0.0360108|0.02637|0.0296728|0.00251899|0.0169153|0.0201069|0.02493,0.956543|0.955815|0.913854|0.90843|0.903|0.98666|0.965597|0.960947|0.982934|0.956179|0.913586|0.977494|0.90484|0.903218,6.22817|4.1742|1.42439|2.55635|0.905766|0.948718|0.103561|4.96524|4.26661|2.12743|1.21281|2.40861|5.80128|4.29151,79.8117|88.6198|13.2112|55.8812|51.9585|56.34|52.1141|81.7362|37.2729|32.9383|55.4093|99.595|65.9961,0.228393|0.218328|0.17699|0.183035|0.246371|0.245639|0.24587|0.174783|0.191968|0.242724|0.191098|0.247422|0.163358,0.725997|0.53516|0.78707|0.999468|0.635286|0.226162|0.356378|0.219292|0.389873|0.369932|0.821716|0.597712|0.823601,0.851523,0.837898,0.0185889,0.555256,0.596445,0.529227,0.225922,0.539254,0.241732,0.844508,60.029,1.54756e-12,39681,0.96775,71.3706,7.91337e-10,47522,0.907488,0.897423,0.0160931,0.236702,0.527636,0.456737,0.279439,0.462384,0.0593942,0.937758,18.7241,3.99128e-10,75313,0.812352,72.2662,3.36135e-11,78161
2,44,n1->n11->n12->n2->n3->n4->n5->n6->n7->n8->n9->n19->n20->n10,5.4999e+12|5.65563e+13|2.05589e+11|1.38353e+13|1.53335e+11|1.75942e+09|1.32985e+12|2.83166e+09|1.70314e+11|7.36068e+10|7.28667e+12|1.60792e+09|5.32138e+11|2.62018e+13,6.48959e+11|3.81621e+13|5.40463e+10|7.23336e+12|8.74502e+10|4.4632e+08|4.5847e+11|1.10743e+09|1.24554e+11|6.47234e+10|4.6263e+12|2.02403e+08|2.21789e+11|8.71912e+12,0.00015285|3.58423e-05|1.73339e-05|0.000148714|0.000989315|0.00014654|0.000163077|2.77636e-05|0.000279667|0.000102402|1.66587e-05|0.00020417|0.000247429|0.000127206,0.003252|0.000127835|0.000156137|0.000441496|0.000209305|0.00148041|0.000159363|0.00293787|0.00109524|0.000294904|0.00164938|0.00979739|0.00522315|0.000265144,0.0179602|0.0470176|0.0116366|0.0348637|0.0101203|0.0328667|0.0136578|0.041372|0.0184116|0.00528751|0.0479548|0.000790162|0.00611448|0.0409725,0.000546736|0.0468531|0.041832|0.0478486|0.0269719|0.0360108|0.02637|0.0296728|0.00251899|0.0169153|0.0201069|0.0278792|0.0463091|0.02493,0.956543|0.950579|0.913854|0.955815|0.945731|0.960947|0.982934|0.956179|0.913586|0.977494|0.90484|0.971346|0.902472|0.903218,6.22817|4.0358|1.42439|4.1742|3.59128|4.96524|4.26661|2.12743|1.21281|2.40861|5.80128|5.19478|5.254|4.29151,30.2686|24.4191|88.6198|37.015|10.4739|81.7362|37.2729|32.9383|55.4093|99.595|99.0064|10.3361|29.3778,0.17251|0.167139|0.218328|0.220946|0.199542|0.174783|0.191968|0.242724|0.191098|0.247422|0.169129|0.212112|0.210878,0.827051|0.726505|0.53516|0.275354|0.200911|0.219292|0.389873|0.369932|0.821716|0.597712|0.377874|0.542409|0.138678,0.851523,0.837898,0.0185889,0.555256,0.596445,0.529227,0.225922,0.539254,0.241732,0.844508,60.029,1.54756e-12,39681,0.96775,71.3706,7.91337e-10,47522,0.907488,0.897423,0.0160931,0.236702,0.527636,0.456737,0.279439,0.462384,0.0593942,0.937758,18.7241,3.99128e-10,75313,0.812352,72.2662,3.36135e-11,78161
2,45,n1->n11->n21->n22->n23->n13->n3->n4->n5->n6->n7->n8->n9->n10,5.4999e+12|5.65563e+13|2.41937e+09|6.89136e+12|5.1585e+13|5.5344e+11|1.53335e+11|1.75942e+09|1.32985e+12|2.83166e+09|1.70314e+11|7.36068e+10|7.28667e+12|2.62018e+13,6.48959e+11|3.81621e+13|3.78731e+08|5.3881e+12|4.60456e+13|9.08242e+10|8.74502e+10|4.4632e+08|4.5847e+11|1.10743e+09|1.24554e+11|6.47234e+10|4.6263e+12|8.71912e+12,0.00015285|3.58423e-05|1.01809e-05|0.000201899|6.64364e-05|2.12038e-05|0.000989315|0.00014654|0.000163077|2.77636e-05|0.000279667|0.000102402|1.66587e-05|0.000127206,0.003252|0.000127835|0.000777165|0.000177346|0.00216169|0.00133854|0.000209305|0.00148041|0.000159363|0.00293787|0.00109524|0.000294904|0.00164938|0.000265144,0.0179602|0.0470176|0.016718|0.0147695|0.0228373|0.0184047|0.0101203|0.0328667|0.0136578|0.041372|0.0184116|0.00528751|0.0479548|0.0409725,0.000546736|0.0468531|0.00829965|0.0456659|0.037673|0.031308|0.0269719|0.0360108|0.02637|0.0296728|0.00251899|0.0169153|0.0201069|0.02493,0.956543|0.950579|0.942854|0.90843|0.903|0.98666|0.945731|0.960947|0.982934|0.956179|0.913586|0.977494|0.90484|0.903218,6.22817|4.0358|2.52817|2.55635|0.905766|0.948718|3.59128|4.96524|4.26661|2.12743|1.21281|2.40861|5.80128|4.29151,30.2686|65.1286|34.0839|55.8812|51.9585|83.9106|10.4739|81.7362|37.2729|32.9383|55.4093|99.595|65.9961,0.17251|0.16646|0.20313|0.183035|0.246371|0.206647|0.199542|0.174783|0.191968|0.242724|0.191098|0.247422|0.163358,0.827051|0.529375|0.123831|0.999468|0.635286|0.189939|0.200911|0.219292|0.389873|0.369932|0.821716|0.597712|0.823601,0.851523,0.837898,0.0185889,0.555256,0.596445,0.529227,0.225922,0.539254,0.241732,0.844508,60.029,1.54756e-12,39681,0.96775,71.3706,7.91337e-10,47522,0.907488,0.897423,0.0160931,0.236702,0.527636,0.456737,0.279439,0.462384,0.0593942,0.937758,18.7241,3.99128e-10,75313,0.812352,72.2662,3.36135e-11,78161
2,46,n1->n2->n12->n22->n23->n24->n25->n15->n5->n6->n7->n8->n9->n10,5.4999e+12|1.38353e+13|2.05589e+11|6.89136e+12|5.1585e+13|1.17759e+12|2.26824e+10|6.17253e+13|1.32985e+12|2.83166e+09|1.70314e+11|7.36068e+10|7.28667e+12|2.62018e+13,6.48959e+11|7.23336e+12|5.40463e+10|5.3881e+12|4.60456e+13|2.01162e+11|7.07863e+09|2.37721e+13|4.5847e+11|1.10743e+09|1.24554e+11|6.47234e+10|4.6263e+12|8.71912e+12,0.00015285|0.000148714|1.73339e-05|0.000201899|6.64364e-05|0.000214835|2.48293e-05|0.000365537|0.000163077|2.77636e-05|0.000279667|0.000102402|1.66587e-05|0.000127206,0.003252|0.000441496|0.000156137|0.000177346|0.00216169|0.000504018|0.00526954|0.000568282|0.000159363|0.00293787|0.00109524|0.000294904|0.00164938|0.000265144,0.0179602|0.0348637|0.0116366|0.0147695|0.0228373|0.0443323|0.0411534|0.000619861|0.0136578|0.041372|0.0184116|0.00528751|0.0479548|0.0409725,0.000546736|0.0478486|0.041832|0.0456659|0.037673|0.040963|0.0451075|0.0254867|0.02637|0.0296728|0.00251899|0.0169153|0.0201069|0.02493,0.956543|0.955815|0.913854|0.90843|0.903|0.94682|0.98336|0.948183|0.982934|0.956179|0.913586|0.977494|0.90484|0.903218,6.22817|4.1742|1.42439|2.55635|0.905766|4.85624|6.02932|2.74568|4.26661|2.12743|1.21281|2.40861|5.80128|4.29151,79.8117|88.6198|13.2112|55.8812|67.5745|18.2346|54.7186|35.0583|37.2729|32.9383|55.4093|99.595|65.9961,0.228393|0.218328|0.17699|0.183035|0.16557|0.244005|0.189144|0.240843|0.191968|0.242724|0.191098|0.247422|0.163358,0.725997|0.53516|0.78707|0.999468|0.122951|0.943216|0.194732|0.606669|0.389873|0.369932|0.821716|0.597712|0.823601,0.851523,0.837898,0.0185889,0.555256,0.596445,0.529227,0.225922,0.539254,0.241732,0.844508,60.029,1.54756e-12,39681,0.96775,71.3706,7.91337e-10,47522,0.907488,0.897423,0.0160931,0.236702,0.527636,0.456737,0.279439,0.462384,0.0593942,0.937758,18.7241,3.99128e-10,75313,0.812352,72.2662,3.36135e-11,78161
2,47,n1->n11->n21->n22->n12->n2->n3->n4->n5->n6->n7->n8->n9->n10,5.4999e+12|5.65563e+13|2.41937e+09|6.89136e+12|2.05589e+11|1.38353e+13|1.53335e+11|1.75942e+09|1.32985e+12|2.83166e+09|1.70314e+11|7.36068e+10|7.28667e+12|2.62018e+13,6.48959e+11|3.81621e+13|3.78731e+08|5.3881e+12|5.40463e+10|7.23336e+12|8.74502e+10|4.4632e+08|4.5847e+11|1.10743e+09|1.24554e+11|6.47234e+10|4.6263e+12|8.71912e+12,0.00015285|3.58423e-05|1.01809e-05|0.000201899|1.73339e-05|0.000148714|0.000989315|0.00014654|0.000163077|2.77636e-05|0.000279667|0.000102402|1.66587e-05|0.000127206,0.003252|0.000127835|0.000777165|0.000177346|0.000156137|0.000441496|0.000209305|0.00148041|0.000159363|0.00293787|0.00109524|0.000294904|0.00164938|0.000265144,0.0179602|0.0470176|0.016718|0.0147695|0.0116366|0.0348637|0.0101203|0.0328667|0.0136578|0.041372|0.0184116|0.00528751|0.0479548|0.0409725,0.000546736|0.0468531|0.00829965|0.0456659|0.041832|0.0478486|0.0269719|0.0360108|0.02637|0.0296728|0.00251899|0.0169153|0.0201069|0.02493,0.956543|0.950579|0.942854|0.90843|0.913854|0.955815|0.945731|0.960947|0.982934|0.956179|0.913586|0.977494|0.90484|0.903218,6.22817|4.0358|2.52817|2.55635|1.42439|4.1742|3.59128|4.96524|4.26661|2.12743|1.21281|2.40861|5.80128|4.29151,30.2686|65.1286|34.0839|13.2112|88.6198|37.015|10.4739|81.7362|37.2729|32.9383|55.4093|99.595|65.9961,0.17251|0.16646|0.20313|0.17699|0.218328|0.220946|0.199542|0.174783|0.191968|0.242724|0.191098|0.247422|0.163358,0.827051|0.529375|0.123831|0.78707|0.53516|0.275354|0.200911|0.219292|0.389873|0.369932|0.821716|0.597712|0.823601,0.851523,0.837898,0.0185889,0.555256,0.596445,0.529227,0.225922,0.539254,0.241732,0.844508,60.029,1.54756e-12,39681,0.96775,71.3706,7.91337e-10,47522,0.907488,0.897423,0.0160931,0.236702,0.527636,0.456737,0.279439,0.462384,0.0593942,0.937758,18.7241,3.99128e-10,75313,0.812352,72.2662,3.36135e-11,78161
2,48,n1->n2->n12->n13->n23->n24->n14->n4->n5->n6->n7->n8->n9->n10,5.4999e+12|1.38353e+13|2.05589e+11|5.5344e+11|5.1585e+13|1.17759e+12|3.69121e+13|1.75942e+09|1.32985e+12|2.83166e+09|1.70314e+11|7.36068e+10|7.28667e+12|2.62018e+13,6.48959e+11|7.23336e+12|5.40463e+10|9.08242e+10|4.60456e+13|2.01162e+11|2.94889e+13|4.4632e+08|4.5847e+11|1.10743e+09|1.24554e+11|6.47234e+10|4.6263e+12|8.71912e+12,0.00015285|0.000148714|1.73339e-05|2.12038e-05|6.64364e-05|0.000214835|0.000455172|0.00014654|0.000163077|2.77636e-05|0.000279667|0.000102402|1.66587e-05|0.000127206,0.003252|0.000441496|0.000156137|0.00133854|0.00216169|0.000504018|0.00183051|0.00148041|0.000159363|0.00293787|0.00109524|0.000294904|0.00164938|0.000265144,0.0179602|0.0348637|0.0116366|0.0184047|0.0228373|0.0443323|0.0310073|0.0328667|0.0136578|0.041372|0.0184116|0.00528751|0.0479548|0.0409725,0.000546736|0.0478486|0.041832|0.031308|0.037673|0.040963|0.0319606|0.0360108|0.02637|0.0296728|0.00251899|0.0169153|0.0201069|0.02493,0.956543|0.955815|0.913854|0.98666|0.903|0.94682|0.965597|0.960947|0.982934|0.956179|0.913586|0.977494|0.90484|0.903218,6.22817|4.1742|1.42439|0.948718|0.905766|4.85624|0.103561|4.96524|4.26661|2.12743|1.21281|2.40861|5.80128|4.29151,79.8117|88.6198|13.9548|51.9585|67.5745|66.6304|52.1141|81.7362|37.2729|32.9383|55.4093|99.595|65.9961,0.228393|0.218328|0.190483|0.246371|0.16557|0.223371|0.24587|0.174783|0.191968|0.242724|0.191098|0.247422|0.163358,0.725997|0.53516|0.305271|0.635286|0.122951|0.83783|0.356378|0.219292|0.389873|0.369932|0.821716|0.597712|0.823601,0.851523,0.837898,0.0185889,0.555256,0.596445,0.529227,0.225922,0.539254,0.241732,0.844508,60.029,1.54756e-12,39681,0.96775,71.3706,7.91337e-10,47522,0.907488,0.897423,0.0160931,0.236702,0.527636,0.456737,0.279439,0.462384,0.0593942,0.937758,18.7241,3.99128e-10,75313,0.812352,72.2662,3.36135e-11,78161
2,49,n1->n11->n12->n13->n23->n24->n25->n26->n16->n6->n7->n8->n9->n10,5.4999e+12|5.65563e+13|2.05589e+11|5.5344e+11|5.1585e+13|1.17759e+12|2.26824e+10|1.38574e+10|4.99557e+10|2.83166e+09|1.70314e+11|7.36068e+10|7.28667e+12|2.62018e+13,6.48959e+11|3.81621e+13|5.40463e+10|9.08242e+10|4.60456e+13|2.01162e+11|7.07863e+09|1.18442e+10|8.87997e+09|1.10743e+09|1.24554e+11|6.47234e+10|4.6263e+12|8.71912e+12,0.00015285|3.58423e-05|1.73339e-05|2.12038e-05|6.64364e-05|0.000214835|2.48293e-05|0.000138812|0.000113525|2.77636e-05|0.000279667|0.000102402|1.66587e-05|0.000127206,0.003252|0.000127835|0.000156137|0.00133854|0.00216169|0.000504018|0.00526954|0.000699826|0.000563062|0.00293787|0.00109524|0.000294904|0.00164938|0.000265144,0.0179602|0.0470176|0.0116366|0.0184047|0.0228373|0.0443323|0.0411534|0.0280187|0.0484966|0.041372|0.0184116|0.00528751|0.0479548|0.0409725,0.000546736|0.0468531|0.041832|0.031308|0.037673|0.040963|0.0451075|0.0171301|0.00864637|0.0296728|0.00251899|0.0169153|0.0201069|0.02493,0.956543|0.950579|0.913854|0.98666|0.903|0.94682|0.98336|0.927413|0.930368|0.956179|0.913586|0.977494|0.90484|0.903218,6.22817|4.0358|1.42439|0.948718|0.905766|4.85624|6.02932|1.51622|1.84701|2.12743|1.21281|2.40861|5.80128|4.29151,30.2686|24.4191|13.9548|51.9585|67.5745|18.2346|55.6995|11.0615|50.0569|32.9383|55.4093|99.595|65.9961,0.17251|0.167139|0.190483|0.246371|0.16557|0.244005|0.18627|0.184807|0.170335|0.242724|0.191098|0.247422|0.163358,0.827051|0.726505|0.305271|0.635286|0.122951|0.943216|0.157575|0.184807|0.600597|0.369932|0.821716|0.597712|0.823601,0.851523,0.837898,0.0185889,0.555256,0.596445,0.529227,0.225922,0.539254,0.241732,0.844508,60.029,1.54756e-12,39681,0.96775,71.3706,7.91337e-10,47522,0.907488,0.897423,0.0160931,0.236702,0.527636,0.456737,0.279439,0.462384,0.0593942,0.937758,18.7241,3.99128e-10,75313,0.812352,72.2662,3.36135e-11,78161
2,50,n1->n11->n21->n22->n12->n13->n14->n4->n5->n6->n7->n8->n9->n10,5.4999e+12|5.65563e+13|2.41937e+09|6.89136e+12|2.05589e+11|5.5344e+11|3.69121e+13|1.75942e+09|1.32985e+12|2.83166e+09|1.70314e+11|7.36068e+10|7.28667e+12|2.62018e+13,6.48959e+11|3.81621e+13|3.78731e+08|5.3881e+12|5.40463e+10|9.08242e+10|2.94889e+13|4.4632e+08|4.5847e+11|1.10743e+09|1.24554e+11|6.47234e+10|4.6263e+12|8.71912e+12,0.00015285|3.58423e-05|1.01809e-05|0.000201899|1.73339e-05|2.12038e-05|0.000455172|0.00014654|0.000163077|2.77636e-05|0.000279667|0.000102402|1.66587e-05|0.000127206,0.003252|0.000127835|0.000777165|0.000177346|0.000156137|0.00133854|0.00183051|0.00148041|0.000159363|0.00293787|0.00109524|0.000294904|0.00164938|0.000265144,0.0179602|0.0470176|0.016718|0.0147695|0.0116366|0.0184047|0.0310073|0.0328667|0.0136578|0.041372|0.0184116|0.00528751|0.0479548|0.0409725,0.000546736|0.0468531|0.00829965|0.0456659|0.041832|0.031308|0.0319606|0.0360108|0.02637|0.0296728|0.00251899|0.0169153|0.0201069|0.02493,0.956543|0.950579|0.942854|0.90843|0.913854|0.98666|0.965597|0.960947|0.982934|0.956179|0.913586|0.977494|0.90484|0.903218,6.22817|4.0358|2.52817|2.55635|1.42439|0.948718|0.103561|4.96524|4.26661|2.12743|1.21281|2.40861|5.80128|4.29151,30.2686|65.1286|34.0839|13.2112|13.9548|56.34|52.1141|81.7362|37.2729|32.9383|55.4093|99.595|65.9961,0.17251|0.16646|0.20313|0.17699|0.190483|0.245639|0.24587|0.174783|0.191968|0.242724|0.191098|0.247422|0.163358,0.827051|0.529375|0.123831|0.78707|0.305271|0.226162|0.356378|0.219292|0.389873|0.369932|0.821716|0.597712|0.823601,0.851523,0.837898,0.0185889,0.555256,0.596445,0.529227,0.225922,0.539254,0.241732,0.844508,60.029,1.54756e-12,39681,0.96775,71.3706,7.91337e-10,47522,0.907488,0.897423,0.0160931,0.236702,0.527636,0.456737,0.279439,0.462384,0.0593942,0.937758,18.7241,3.99128e-10,75313,0.812352,72.2662,3.36135e-11,78161
2,51,n1->n2->n3->n4->n5->n15->n25->n26->n16->n6->n7->n8->n9->n10,5.4999e+12|1.38353e+13|1.53335e+11|1.75942e+09|1.32985e+12|6.17253e+13|2.26824e+10|1.38574e+10|4.99557e+10|2.83166e+09|1.70314e+11|7.36068e+10|7.28667e+12|2.62018e+13,6.48959e+11|7.23336e+12|8.74502e+10|4.4632e+08|4.5847e+11|2.37721e+13|7.07863e+09|1.18442e+10|8.87997e+09|1.10743e+09|1.24554e+11|6.47234e+10|4.6263e+12|8.71912e+12,0.00015285|0.000148714|0.000989315|0.00014654|0.000163077|0.000365537|2.48293e-05|0.000138812|0.000113525|2.77636e-05|0.000279667|0.000102402|1.66587e-05|0.000127206,0.003252|0.000441496|0.000209305|0.00148041|0.000159363|0.000568282|0.00526954|0.000699826|0.000563062|0.00293787|0.00109524|0.000294904|0.00164938|0.000265144,0.0179602|0.0348637|0.0101203|0.0328667|0.0136578|0.000619861|0.0411534|0.0280187|0.0484966|0.041372|0.0184116|0.00528751|0.0479548|0.0409725,0.000546736|0.0478486|0.0269719|0.0360108|0.02637|0.0254867|0.0451075|0.0171301|0.00864637|0.0296728|0.00251899|0.0169153|0.0201069|0.02493,0.956543|0.955815|0.945731|0.960947|0.982934|0.948183|0.98336|0.927413|0.930368|0.956179|0.913586|0.977494|0.90484|0.903218,6.22817|4.1742|3.59128|4.96524|4.26661|2.74568|6.02932|1.51622|1.84701|2.12743|1.21281|2.40861|5.80128|4.29151,79.8117|37.015|10.4739|81.7362|35.0583|54.7186|55.6995|11.0615|50.0569|32.9383|55.4093|99.595|65.9961,0.228393|0.220946|0.199542|0.174783|0.240843|0.189144|0.18627|0.184807|0.170335|0.242724|0.191098|0.247422|0.163358,0.725997|0.275354|0.200911|0.219292|0.606669|0.194732|0.157575|0.184807|0.600597|0.369932|0.821716|0.597712|0.823601,0.851523,0.837898,0.0185889,0.555256,0.596445,0.529227,0.225922,0.539254,0.241732,0.844508,60.029,1.54756e-12,39681,0.96775,71.3706,7.91337e-10,47522,0.907488,0.897423,0.0160931,0.236702,0.527636,0.456737,0.279439,0.462384,0.0593942,0.937758,18.7241,3.99128e-10,75313,0.812352,72.2662,3.36135e-11,78161
2,52,n1->n2->n12->n22->n23->n13->n14->n15->n16->n17->n7->n8->n9->n10,5.4999e+12|1.38353e+13|2.05589e+11|6.89136e+12|5.1585e+13|5.5344e+11|3.69121e+13|6.17253e+13|4.99557e+10|5.2065e+11|1.70314e+11|7.36068e+10|7.28667e+12|2.62018e+13,6.48959e+11|7.23336e+12|5.40463e+10|5.3881e+12|4.60456e+13|9.08242e+10|2.94889e+13|2.37721e+13|8.87997e+09|1.64371e+11|1.24554e+11|6.47234e+10|4.6263e+12|8.71912e+12,0.00015285|0.000148714|1.73339e-05|0.000201899|6.64364e-05|2.12038e-05|0.000455172|0.000365537|0.000113525|0.000193857|0.000279667|0.000102402|1.66587e-05|0.000127206,0.003252|0.000441496|0.000156137|0.000177346|0.00216169|0.00133854|0.00183051|0.000568282|0.000563062|0.00794335|0.00109524|0.000294904|0.00164938|0.000265144,0.0179602|0.0348637|0.0116366|0.0147695|0.0228373|0.0184047|0.0310073|0.000619861|0.0484966|0.0142611|0.0184116|0.00528751|0.0479548|0.0409725,0.000546736|0.0478486|0.041832|0.0456659|0.037673|0.031308|0.0319606|0.0254867|0.00864637|0.0346386|0.00251899|0.0169153|0.0201069|0.02493,0.956543|0.955815|0.913854|0.90843|0.903|0.98666|0.965597|0.948183|0.930368|0.902379|0.913586|0.977494|0.90484|0.903218,6.22817|4.1742|1.42439|2.55635|0.905766|0.948718|0.103561|2.74568|1.84701|1.64864|1.21281|2.40861|5.80128|4.29151,79.8117|88.6198|13.2112|55.8812|51.9585|56.34|92.5451|56.2706|32.2763|59.8148|55.4093|99.595|65.9961,0.228393|0.218328|0.17699|0.183035|0.246371|0.245639|0.217749|0.203512|0.219818|0.239148|0.191098|0.247422|0.163358,0.725997|0.53516|0.78707|0.999468|0.635286|0.226162|0.738934|0.580023|0.130249|0.525316|0.821716|0.597712|0.823601,0.851523,0.837898,0.0185889,0.555256,0.596445,0.529227,0.225922,0.539254,0.241732,0.844508,60.029,1.54756e-12,39681,0.96775,71.3706,7.91337e-10,47522,0.907488,0.897423,0.0160931,0.236702,0.527636,0.456737,0.279439,0.462384,0.0593942,0.937758,18.7241,3.99128e-10,75313,0.812352,72.2662,3.36135e-11,78161
2,53,n1->n11->n21->n22->n23->n24->n25->n26->n27->n28->n29->n19->n20->n10,5.4999e+12|5.65563e+13|2.41937e+09|6.89136e+12|5.1585e+13|1.17759e+12|2.26824e+10|1.38574e+10|2.58309e+09|1.30221e+13|4.43662e+12|1.60792e+09|5.32138e+11|2.62018e+13,6.48959e+11|3.81621e+13|3.78731e+08|5.3881e+12|4.60456e+13|2.01162e+11|7.07863e+09|1.18442e+10|8.1041e+08|2.05619e+12|2.79127e+12|2.02403e+08|2.21789e+11|8.71912e+12,0.00015285|3.58423e-05|1.01809e-05|0.000201899|6.64364e-05|0.000214835|2.48293e-05|0.000138812|0.00059638|0.000271172|0.000213383|0.00020417|0.000247429|0.000127206,0.003252|0.000127835|0.000777165|0.000177346|0.00216169|0.000504018|0.00526954|0.000699826|0.00182097|0.00331108|0.00492817|0.00979739|0.00522315|0.000265144,0.0179602|0.0470176|0.016718|0.0147695|0.0228373|0.0443323|0.0411534|0.0280187|0.0260488|0.0287435|0.0496549|0.000790162|0.00611448|0.0409725,0.000546736|0.0468531|0.00829965|0.0456659|0.037673|0.040963|0.0451075|0.0171301|0.0214296|0.0431463|0.0210081|0.0278792|0.0463091|0.02493,0.956543|0.950579|0.942854|0.90843|0.903|0.94682|0.98336|0.927413|0.944118|0.92765|0.977322|0.971346|0.902472|0.903218,6.22817|4.0358|2.52817|2.55635|0.905766|4.85624|6.02932|1.51622|1.31493|5.53936|4.67833|5.19478|5.254|4.29151,30.2686|65.1286|34.0839|55.8812|67.5745|18.2346|55.6995|42.5138|15.3326|39.0733|84.7043|10.3361|29.3778,0.17251|0.16646|0.20313|0.183035|0.16557|0.244005|0.18627|0.1677|0.223691|0.196585|0.203828|0.212112|0.210878,0.827051|0.529375|0.123831|0.999468|0.122951|0.943216|0.157575|0.380101|0.821214|0.863895|0.969667|0.542409|0.138678,0.851523,0.837898,0.0185889,0.555256,0.596445,0.529227,0.225922,0.539254,0.241732,0.844508,60.029,1.54756e-12,39681,0.96775,71.3706,7.91337e-10,47522,0.907488,0.897423,0.0160931,0.236702,0.527636,0.456737,0.279439,0.462384,0.0593942,0.937758,18.7241,3.99128e-10,75313,0.812352,72.2662,3.36135e-11,78161
2,54,n1->n11->n21->n22->n23->n24->n25->n15->n5->n6->n7->n8->n9->n10,5.4999e+12|5.65563e+13|2.41937e+09|6.89136e+12|5.1585e+13|1.17759e+12|2.26824e+10|6.17253e+13|1.32985e+12|2.83166e+09|1.70314e+11|7.36068e+10|7.28667e+12|2.62018e+13,6.48959e+11|3.81621e+13|3.78731e+08|5.3881e+12|4.60456e+13|2.01162e+11|7.07863e+09|2.37721e+13|4.5847e+11|1.10743e+09|1.24554e+11|6.47234e+10|4.6263e+12|8.71912e+12,0.00015285|3.58423e-05|1.01809e-05|0.000201899|6.64364e-05|0.000214835|2.48293e-05|0.000365537|0.000163077|2.77636e-05|0.000279667|0.000102402|1.66587e-05|0.000127206,0.003252|0.000127835|0.000777165|0.000177346|0.00216169|0.000504018|0.00526954|0.000568282|0.000159363|0.00293787|0.00109524|0.000294904|0.00164938|0.000265144,0.0179602|0.0470176|0.016718|0.0147695|0.0228373|0.0443323|0.0411534|0.000619861|0.0136578|0.041372|0.0184116|0.00528751|0.0479548|0.0409725,0.000546736|0.0468531|0.00829965|0.0456659|0.037673|0.040963|0.0451075|0.0254867|0.02637|0.0296728|0.00251899|0.0169153|0.0201069|0.02493,0.956543|0.950579|0.942854|0.90843|0.903|0.94682|0.98336|0.948183|0.982934|0.956179|0.913586|0.977494|0.90484|0.903218,6.22817|4.0358|2.52817|2.55635|0.905766|4.85624|6.02932|2.74568|4.26661|2.12743|1.21281|2.40861|5.80128|4.29151,30.2686|65.1286|34.0839|55.8812|67.5745|18.2346|54.7186|35.0583|37.2729|32.9383|55.4093|99.595|65.9961,0.17251|0.16646|0.20313|0.183035|0.16557|0.244005|0.189144|0.240843|0.191968|0.242724|0.191098|0.247422|0.163358,0.827051|0.529375|0.123831|0.999468|0.122951|0.943216|0.194732|0.606669|0.389873|0.369932|0.821716|0.597712|0.823601,0.851523,0.837898,0.0185889,0.555256,0.596445,0.529227,0.225922,0.539254,0.241732,0.844508,60.029,1.54756e-12,39681,0.96775,71.3706,7.91337e-10,47522,0.907488,0.897423,0.0160931,0.236702,0.527636,0.456737,0.279439,0.462384,0.0593942,0.937758,18.7241,3.99128e-10,75313,0.812352,72.2662,3.36135e-11,78161
2,55,n1->n11->n21->n22->n23->n24->n25->n26->n27->n17->n18->n19->n9->n10,5.4999e+12|5.65563e+13|2.41937e+09|6.89136e+12|5.1585e+13|1.17759e+12|2.26824e+10|1.38574e+10|2.58309e+09|5.2065e+11|2.08257e+11|1.60792e+09|7.28667e+12|2.62018e+13,6.48959e+11|3.81621e+13|3.78731e+08|5.3881e+12|4.60456e+13|2.01162e+11|7.07863e+09|1.18442e+10|8.1041e+08|1.64371e+11|2.23663e+10|2.02403e+08|4.6263e+12|8.71912e+12,0.00015285|3.58423e-05|1.01809e-05|0.000201899|6.64364e-05|0.000214835|2.48293e-05|0.000138812|0.00059638|0.000193857|0.000171925|0.00020417|1.66587e-05|0.000127206,0.003252|0.000127835|0.000777165|0.000177346|0.00216169|0.000504018|0.00526954|0.000699826|0.00182097|0.00794335|0.00227311|0.00979739|0.00164938|0.000265144,0.0179602|0.0470176|0.016718|0.0147695|0.0228373|0.0443323|0.0411534|0.0280187|0.0260488|0.0142611|0.0373366|0.000790162|0.0479548|0.0409725,0.000546736|0.0468531|0.00829965|0.0456659|0.037673|0.040963|0.0451075|0.0171301|0.0214296|0.0346386|0.0258287|0.0278792|0.0201069|0.02493,0.956543|0.950579|0.942854|0.90843|0.903|0.94682|0.98336|0.927413|0.944118|0.902379|0.957375|0.971346|0.90484|0.903218,6.22817|4.0358|2.52817|2.55635|0.905766|4.85624|6.02932|1.51622|1.31493|1.64864|2.48855|5.19478|5.80128|4.29151,30.2686|65.1286|34.0839|55.8812|67.5745|18.2346|55.6995|42.5138|72.2829|27.3162|28.0546|99.0064|65.9961,0.17251|0.16646|0.20313|0.183035|0.16557|0.244005|0.18627|0.1677|0.216563|0.177165|0.168115|0.169129|0.163358,0.827051|0.529375|0.123831|0.999468|0.122951|0.943216|0.157575|0.380101|0.478949|0.674858|0.490037|0.377874|0.823601,0.851523,0.837898,0.0185889,0.555256,0.596445,0.529227,0.225922,0.539254,0.241732,0.844508,60.029,1.54756e-12,39681,0.96775,71.3706,7.91337e-10,47522,0.907488,0.897423,0.0160931,0.236702,0.527636,0.456737,0.279439,0.462384,0.0593942,0.937758,18.7241,3.99128e-10,75313,0.812352,72.2662,3.36135e-11,78161
2,56,n1->n11->n21->n22->n23->n13->n14->n4->n5->n6->n7->n8->n9->n10,5.4999e+12|5.65563e+13|2.41937e+09|6.89136e+12|5.1585e+13|5.5344e+11|3.69121e+13|1.75942e+09|1.32985e+12|2.83166e+09|1.70314e+11|7.36068e+10|7.28667e+12|2.62018e+13,6.48959e+11|3.81621e+13|3.78731e+08|5.3881e+12|4.60456e+13|9.08242e+10|2.94889e+13|4.4632e+08|4.5847e+11|1.10743e+09|1.24554e+11|6.47234e+10|4.6263e+12|8.71912e+12,0.00015285|3.58423e-05|1.01809e-05|0.000201899|6.64364e-05|2.12038e-05|0.000455172|0.00014654|0.000163077|2.77636e-05|0.000279667|0.000102402|1.66587e-05|0.000127206,0.003252|0.000127835|0.000777165|0.000177346|0.00216169|0.00133854|0.00183051|0.00148041|0.000159363|0.00293787|0.00109524|0.000294904|0.00164938|0.000265144,0.0179602|0.0470176|0.016718|0.0147695|0.0228373|0.0184047|0.0310073|0.0328667|0.0136578|0.041372|0.0184116|0.00528751|0.0479548|0.0409725,0.000546736|0.0468531|0.00829965|0.0456659|0.037673|0.031308|0.0319606|0.0360108|0.02637|0.0296728|0.00251899|0.0169153|0.0201069|0.02493,0.956543|0.950579|0.942854|0.90843|0.903|0.98666|0.965597|0.960947|0.982934|0.956179|0.913586|0.977494|0.90484|0.903218,6.22817|4.0358|2.52817|2.55635|0.905766|0.948718|0.103561|4.96524|4.26661|2.12743|1.21281|2.40861|5.80128|4.29151,30.2686|65.1286|34.0839|55.8812|51.9585|56.34|52.1141|81.7362|37.2729|32.9383|55.4093|99.595|65.9961,0.17251|0.16646|0.20313|0.183035|0.246371|0.245639|0.24587|0.174783|0.191968|0.242724|0.191098|0.247422|0.163358,0.827051|0.529375|0.123831|0.999468|0.635286|0.226162|0.356378|0.219292|0.389873|0.369932|0.821716|0.597712|0.823601,0.851523,0.837898,0.0185889,0.555256,0.596445,0.529227,0.225922,0.539254,0.241732,0.844508,60.029,1.54756e-12,39681,0.96775,71.3706,7.91337e-10,47522,0.907488,0.897423,0.0160931,0.236702,0.527636,0.456737,0.279439,0.462384,0.0593942,0.937758,18.7241,3.99128e-10,75313,0.812352,72.2662,3.36135e-11,78161
2,57,n1->n11->n21->n22->n23->n24->n14->n15->n16->n6->n7->n8->n9->n10,5.4999e+12|5.65563e+13|2.41937e+09|6.89136e+12|5.1585e+13|1.17759e+12|3.69121e+13|6.17253e+13|4.99557e+10|2.83166e+09|1.70314e+11|7.36068e+10|7.28667e+12|2.62018e+13,6.48959e+11|3.81621e+13|3.78731e+08|5.3881e+12|4.60456e+13|2.01162e+11|2.94889e+13|2.37721e+13|8.87997e+09|1.10743e+09|1.24554e+11|6.47234e+10|4.6263e+12|8.71912e+12,0.00015285|3.58423e-05|1.01809e-05|0.000201899|6.64364e-05|0.000214835|0.000455172|0.000365537|0.000113525|2.77636e-05|0.000279667|0.000102402|1.66587e-05|0.000127206,0.003252|0.000127835|0.000777165|0.000177346|0.00216169|0.000504018|0.00183051|0.000568282|0.000563062|0.00293787|0.00109524|0.000294904|0.00164938|0.000265144,0.0179602|0.0470176|0.016718|0.0147695|0.0228373|0.0443323|0.0310073|0.000619861|0.0484966|0.041372|0.0184116|0.00528751|0.0479548|0.0409725,0.000546736|0.0468531|0.00829965|0.0456659|0.037673|0.040963|0.0319606|0.0254867|0.00864637|0.0296728|0.00251899|0.0169153|0.0201069|0.02493,0.956543|0.950579|0.942854|0.90843|0.903|0.94682|0.965597|0.948183|0.930368|0.956179|0.913586|0.977494|0.90484|0.903218,6.22817|4.0358|2.52817|2.55635|0.905766|4.85624|0.103561|2.74568|1.84701|2.12743|1.21281|2.40861|5.80128|4.29151,30.2686|65.1286|34.0839|55.8812|67.5745|66.6304|92.5451|56.2706|50.0569|32.9383|55.4093|99.595|65.9961,0.17251|0.16646|0.20313|0.183035|0.16557|0.223371|0.217749|0.203512|0.170335|0.242724|0.191098|0.247422|0.163358,0.827051|0.529375|0.123831|0.999468|0.122951|0.83783|0.738934|0.580023|0.600597|0.369932|0.821716|0.597712|0.823601,0.851523,0.837898,0.0185889,0.555256,0.596445,0.529227,0.225922,0.539254,0.241732,0.844508,60.029,1.54756e-12,39681,0.96775,71.3706,7.91337e-10,47522,0.907488,0.897423,0.0160931,0.236702,0.527636,0.456737,0.279439,0.462384,0.0593942,0.937758,18.7241,3.99128e-10,75313,0.812352,72.2662,3.36135e-11,78161
2,58,n1->n2->n3->n13->n23->n24->n25->n26->n16->n17->n7->n8->n9->n10,5.4999e+12|1.38353e+13|1.53335e+11|5.5344e+11|5.1585e+13|1.17759e+12|2.26824e+10|1.38574e+10|4.99557e+10|5.2065e+11|1.70314e+11|7.36068e+10|7.28667e+12|2.62018e+13,6.48959e+11|7.23336e+12|8.74502e+10|9.08242e+10|4.60456e+13|2.01162e+11|7.07863e+09|1.18442e+10|8.87997e+09|1.64371e+11|1.24554e+11|6.47234e+10|4.6263e+12|8.71912e+12,0.00015285|0.000148714|0.000989315|2.12038e-05|6.64364e-05|0.000214835|2.48293e-05|0.000138812|0.000113525|0.000193857|0.000279667|0.000102402|1.66587e-05|0.000127206,0.003252|0.000441496|0.000209305|0.00133854|0.00216169|0.000504018|0.00526954|0.000699826|0.000563062|0.00794335|0.00109524|0.000294904|0.00164938|0.000265144,0.0179602|0.0348637|0.0101203|0.0184047|0.0228373|0.0443323|0.0411534|0.0280187|0.0484966|0.0142611|0.0184116|0.00528751|0.0479548|0.0409725,0.000546736|0.0478486|0.0269719|0.031308|0.037673|0.040963|0.0451075|0.0171301|0.00864637|0.0346386|0.00251899|0.0169153|0.0201069|0.02493,0.956543|0.955815|0.945731|0.98666|0.903|0.94682|0.98336|0.927413|0.930368|0.902379|0.913586|0.977494|0.90484|0.903218,6.22817|4.1742|3.59128|0.948718|0.905766|4.85624|6.02932|1.51622|1.84701|1.64864|1.21281|2.40861|5.80128|4.29151,79.8117|37.015|83.9106|51.9585|67.5745|18.2346|55.6995|11.0615|32.2763|59.8148|55.4093|99.595|65.9961,0.228393|0.220946|0.206647|0.246371|0.16557|0.244005|0.18627|0.184807|0.219818|0.239148|0.191098|0.247422|0.163358,0.725997|0.275354|0.189939|0.635286|0.122951|0.943216|0.157575|0.184807|0.130249|0.525316|0.821716|0.597712|0.823601,0.851523,0.837898,0.0185889,0.555256,0.596445,0.529227,0.225922,0.539254,0.241732,0.844508,60.029,1.54756e-12,39681,0.96775,71.3706,7.91337e-10,47522,0.907488,0.897423,0.0160931,0.236702,0.527636,0.456737,0.279439,0.462384,0.0593942,0.937758,18.7241,3.99128e-10,75313,0.812352,72.2662,3.36135e-11,78161
2,59,n1->n2->n3->n4->n14->n24->n25->n26->n16->n6->n7->n8->n9->n10,5.4999e+12|1.38353e+13|1.53335e+11|1.75942e+09|3.69121e+13|1.17759e+12|2.26824e+10|1.38574e+10|4.99557e+10|2.83166e+09|1.70314e+11|7.36068e+10|7.28667e+12|2.62018e+13,6.48959e+11|7.23336e+12|8.74502e+10|4.4632e+08|2.94889e+13|2.01162e+11|7.07863e+09|1.18442e+10|8.87997e+09|1.10743e+09|1.24554e+11|6.47234e+10|4.6263e+12|8.71912e+12,0.00015285|0.000148714|0.000989315|0.00014654|0.000455172|0.000214835|2.48293e-05|0.000138812|0.000113525|2.77636e-05|0.000279667|0.000102402|1.66587e-05|0.000127206,0.003252|0.000441496|0.000209305|0.00148041|0.00183051|0.000504018|0.00526954|0.000699826|0.000563062|0.00293787|0.00109524|0.000294904|0.00164938|0.000265144,0.0179602|0.0348637|0.0101203|0.0328667|0.0310073|0.0443323|0.0411534|0.0280187|0.0484966|0.041372|0.0184116|0.00528751|0.0479548|0.0409725,0.000546736|0.0478486|0.0269719|0.0360108|0.0319606|0.040963|0.0451075|0.0171301|0.00864637|0.0296728|0.00251899|0.0169153|0.0201069|0.02493,0.956543|0.955815|0.945731|0.960947|0.965597|0.94682|0.98336|0.927413|0.930368|0.956179|0.913586|0.977494|0.90484|0.903218,6.22817|4.1742|3.59128|4.96524|0.103561|4.85624|6.02932|1.51622|1.84701|2.12743|1.21281|2.40861|5.80128|4.29151,79.8117|37.015|10.4739|52.1141|66.6304|18.2346|55.6995|11.0615|50.0569|32.9383|55.4093|99.595|65.9961,0.228393|0.220946|0.199542|0.24587|0.223371|0.244005|0.18627|0.184807|0.170335|0.242724|0.191098|0.247422|0.163358,0.725997|0.275354|0.200911|0.356378|0.83783|0.943216|0.157575|0.184807|0.600597|0.369932|0.821716|0.597712|0.823601,0.851523,0.837898,0.0185889,0.555256,0.596445,0.529227,0.225922,0.539254,0.241732,0.844508,60.029,1.54756e-12,39681,0.96775,71.3706,7.91337e-10,47522,0.907488,0.897423,0.0160931,0.236702,0.527636,0.456737,0.279439,0.462384,0.0593942,0.937758,18.7241,3.99128e-10,75313,0.812352,72.2662,3.36135e-11,78161
2,60,n1->n2->n12->n22->n23->n24->n14->n15->n5->n6->n7->n8->n9->n10,5.4999e+12|1.38353e+13|2.05589e+11|6.89136e+12|5.1585e+13|1.17759e+12|3.69121e+13|6.17253e+13|1.32985e+12|2.83166e+09|1.70314e+11|7.36068e+10|7.28667e+12|2.62018e+13,6.48959e+11|7.23336e+12|5.40463e+10|5.3881e+12|4.60456e+13|2.01162e+11|2.94889e+13|2.37721e+13|4.5847e+11|1.10743e+09|1.24554e+11|6.47234e+10|4.6263e+12|8.71912e+12,0.00015285|0.000148714|1.73339e-05|0.000201899|6.64364e-05|0.000214835|0.000455172|0.000365537|0.000163077|2.77636e-05|0.000279667|0.000102402|1.66587e-05|0.000127206,0.003252|0.000441496|0.000156137|0.000177346|0.00216169|0.000504018|0.00183051|0.000568282|0.000159363|0.00293787|0.00109524|0.000294904|0.00164938|0.000265144,0.0179602|0.0348637|0.0116366|0.0147695|0.0228373|0.0443323|0.0310073|0.000619861|0.0136578|0.041372|0.0184116|0.00528751|0.0479548|0.0409725,0.000546736|0.0478486|0.041832|0.0456659|0.037673|0.040963|0.0319606|0.0254867|0.02637|0.0296728|0.00251899|0.0169153|0.0201069|0.02493,0.956543|0.955815|0.913854|0.90843|0.903|0.94682|0.965597|0.948183|0.982934|0.956179|0.913586|0.977494|0.90484|0.903218,6.22817|4.1742|1.42439|2.55635|0.905766|4.85624|0.103561|2.74568|4.26661|2.12743|1.21281|2.40861|5.80128|4.29151,79.8117|88.6198|13.2112|55.8812|67.5745|66.6304|92.5451|35.0583|37.2729|32.9383|55.4093|99.595|65.9961,0.228393|0.218328|0.17699|0.183035|0.16557|0.223371|0.217749|0.240843|0.191968|0.242724|0.191098|0.247422|0.163358,0.725997|0.53516|0.78707|0.999468|0.122951|0.83783|0.738934|0.606669|0.389873|0.369932|0.821716|0.597712|0.823601,0.851523,0.837898,0.0185889,0.555256,0.596445,0.529227,0.225922,0.539254,0.241732,0.844508,60.029,1.54756e-12,39681,0.96775,71.3706,7.91337e-10,47522,0.907488,0.897423,0.0160931,0.236702,0.527636,0.456737,0.279439,0.462384,0.0593942,0.937758,18.7241,3.99128e-10,75313,0.812352,72.2662,3.36135e-11,78161
2,61,n1->n2->n3->n13->n14->n4->n5->n6->n7->n8->n9->n19->n20->n10,5.4999e+12|1.38353e+13|1.53335e+11|5.5344e+11|3.69121e+13|1.75942e+09|1.32985e+12|2.83166e+09|1.70314e+11|7.36068e+10|7.28667e+12|1.60792e+09|5.32138e+11|2.62018e+13,6.48959e+11|7.23336e+12|8.74502e+10|9.08242e+10|2.94889e+13|4.4632e+08|4.5847e+11|1.10743e+09|1.24554e+11|6.47234e+10|4.6263e+12|2.02403e+08|2.21789e+11|8.71912e+12,0.00015285|0.000148714|0.000989315|2.12038e-05|0.000455172|0.00014654|0.000163077|2.77636e-05|0.000279667|0.000102402|1.66587e-05|0.00020417|0.000247429|0.000127206,0.003252|0.000441496|0.000209305|0.00133854|0.00183051|0.00148041|0.000159363|0.00293787|0.00109524|0.000294904|0.00164938|0.00979739|0.00522315|0.000265144,0.0179602|0.0348637|0.0101203|0.0184047|0.0310073|0.0328667|0.0136578|0.041372|0.0184116|0.00528751|0.0479548|0.000790162|0.00611448|0.0409725,0.000546736|0.0478486|0.0269719|0.031308|0.0319606|0.0360108|0.02637|0.0296728|0.00251899|0.0169153|0.0201069|0.0278792|0.0463091|0.02493,0.956543|0.955815|0.945731|0.98666|0.965597|0.960947|0.982934|0.956179|0.913586|0.977494|0.90484|0.971346|0.902472|0.903218,6.22817|4.1742|3.59128|0.948718|0.103561|4.96524|4.26661|2.12743|1.21281|2.40861|5.80128|5.19478|5.254|4.29151,79.8117|37.015|83.9106|56.34|52.1141|81.7362|37.2729|32.9383|55.4093|99.595|99.0064|10.3361|29.3778,0.228393|0.220946|0.206647|0.245639|0.24587|0.174783|0.191968|0.242724|0.191098|0.247422|0.169129|0.212112|0.210878,0.725997|0.275354|0.189939|0.226162|0.356378|0.219292|0.389873|0.369932|0.821716|0.597712|0.377874|0.542409|0.138678,0.851523,0.837898,0.0185889,0.555256,0.596445,0.529227,0.225922,0.539254,0.241732,0.844508,60.029,1.54756e-12,39681,0.96775,71.3706,7.91337e-10,47522,0.907488,0.897423,0.0160931,0.236702,0.527636,0.456737,0.279439,0.462384,0.0593942,0.937758,18.7241,3.99128e-10,75313,0.812352,72.2662,3.36135e-11,78161
2,62,n1->n11->n12->n22->n23->n13->n3->n4->n5->n6->n7->n8->n9->n10,5.4999e+12|5.65563e+13|2.05589e+11|6.89136e+12|5.1585e+13|5.5344e+11|1.53335e+11|1.75942e+09|1.32985e+12|2.83166e+09|1.70314e+11|7.36068e+10|7.28667e+12|2.62018e+13,6.48959e+11|3.81621e+13|5.40463e+10|5.3881e+12|4.60456e+13|9.08242e+10|8.74502e+10|4.4632e+08|4.5847e+11|1.10743e+09|1.24554e+11|6.47234e+10|4.6263e+12|8.71912e+12,0.00015285|3.58423e-05|1.73339e-05|0.000201899|6.64364e-05|2.12038e-05|0.000989315|0.00014654|0.000163077|2.77636e-05|0.000279667|0.000102402|1.66587e-05|0.000127206,0.003252|0.000127835|0.000156137|0.000177346|0.00216169|0.00133854|0.000209305|0.00148041|0.000159363|0.00293787|0.00109524|0.000294904|0.00164938|0.000265144,0.0179602|0.0470176|0.0116366|0.0147695|0.0228373|0.0184047|0.0101203|0.0328667|0.0136578|0.041372|0.0184116|0.00528751|0.0479548|0.0409725,0.000546736|0.0468531|0.041832|0.0456659|0.037673|0.031308|0.0269719|0.0360108|0.02637|0.0296728|0.00251899|0.0169153|0.0201069|0.02493,0.956543|0.950579|0.913854|0.90843|0.903|0.98666|0.945731|0.960947|0.982934|0.956179|0.913586|0.977494|0.90484|0.903218,6.22817|4.0358|1.42439|2.55635|0.905766|0.948718|3.59128|4.96524|4.26661|2.12743|1.21281|2.40861|5.80128|4.29151,30.2686|24.4191|13.2112|55.8812|51.9585|83.9106|10.4739|81.7362|37.2729|32.9383|55.4093|99.595|65.9961,0.17251|0.167139|0.17699|0.183035|0.246371|0.206647|0.199542|0.174783|0.191968|0.242724|0.191098|0.247422|0.163358,0.827051|0.726505|0.78707|0.999468|0.635286|0.189939|0.200911|0.219292|0.389873|0.369932|0.821716|0.597712|0.823601,0.851523,0.837898,0.0185889,0.555256,0.596445,0.529227,0.225922,0.539254,0.241732,0.844508,60.029,1.54756e-12,39681,0.96775,71.3706,7.91337e-10,47522,0.907488,0.897423,0.0160931,0.236702,0.527636,0.456737,0.279439,0.462384,0.0593942,0.937758,18.7241,3.99128e-10,75313,0.812352,72.2662,3.36135e-11,78161
2,63,n1->n2->n12->n22->n23->n24->n14->n15->n16->n6->n7->n8->n9->n10,5.4999e+12|1.38353e+13|2.05589e+11|6.89136e+12|5.1585e+13|1.17759e+12|3.69121e+13|6.17253e+13|4.99557e+10|2.83166e+09|1.70314e+11|7.36068e+10|7.28667e+12|2.62018e+13,6.48959e+11|7.23336e+12|5.40463e+10|5.3881e+12|4.60456e+13|2.01162e+11|2.94889e+13|2.37721e+13|8.87997e+09|1.10743e+09|1.24554e+11|6.47234e+10|4.6263e+12|8.71912e+12,0.00015285|0.000148714|1.73339e-05|0.000201899|6.64364e-05|0.000214835|0.000455172|0.000365537|0.000113525|2.77636e-05|0.000279667|0.000102402|1.66587e-05|0.000127206,0.003252|0.000441496|0.000156137|0.000177346|0.00216169|0.000504018|0.00183051|0.000568282|0.000563062|0.00293787|0.00109524|0.000294904|0.00164938|0.000265144,0.0179602|0.0348637|0.0116366|0.0147695|0.0228373|0.0443323|0.0310073|0.000619861|0.0484966|0.041372|0.0184116|0.00528751|0.0479548|0.0409725,0.000546736|0.0478486|0.041832|0.0456659|0.037673|0.040963|0.0319606|0.0254867|0.00864637|0.0296728|0.00251899|0.0169153|0.0201069|0.02493,0.956543|0.955815|0.913854|0.90843|0.903|0.94682|0.965597|0.948183|0.930368|0.956179|0.913586|0.977494|0.90484|0.903218,6.22817|4.1742|1.42439|2.55635|0.905766|4.85624|0.103561|2.74568|1.84701|2.12743|1.21281|2.40861|5.80128|4.29151,79.8117|88.6198|13.2112|55.8812|67.5745|66.6304|92.5451|56.2706|50.0569|32.9383|55.4093|99.595|65.9961,0.228393|0.218328|0.17699|0.183035|0.16557|0.223371|0.217749|0.203512|0.170335|0.242724|0.191098|0.247422|0.163358,0.725997|0.53516|0.78707|0.999468|0.122951|0.83783|0.738934|0.580023|0.600597|0.369932|0.821716|0.597712|0.823601,0.851523,0.837898,0.0185889,0.555256,0.596445,0.529227,0.225922,0.539254,0.241732,0.844508,60.029,1.54756e-12,39681,0.96775,71.3706,7.91337e-10,47522,0.907488,0.897423,0.0160931,0.236702,0.527636,0.456737,0.279439,0.462384,0.0593942,0.937758,18.7241,3.99128e-10,75313,0.812352,72.2662,3.36135e-11,78161
2,64,n1->n11->n12->n13->n23->n24->n14->n4->n5->n6->n7->n8->n9->n10,5.4999e+12|5.65563e+13|2.05589e+11|5.5344e+11|5.1585e+13|1.17759e+12|3.69121e+13|1.75942e+09|1.32985e+12|2.83166e+09|1.70314e+11|7.36068e+10|7.28667e+12|2.62018e+13,6.48959e+11|3.81621e+13|5.40463e+10|9.08242e+10|4.60456e+13|2.01162e+11|2.94889e+13|4.4632e+08|4.5847e+11|1.10743e+09|1.24554e+11|6.47234e+10|4.6263e+12|8.71912e+12,0.00015285|3.58423e-05|1.73339e-05|2.12038e-05|6.64364e-05|0.000214835|0.000455172|0.00014654|0.000163077|2.77636e-05|0.000279667|0.000102402|1.66587e-05|0.000127206,0.003252|0.000127835|0.000156137|0.00133854|0.00216169|0.000504018|0.00183051|0.00148041|0.000159363|0.00293787|0.00109524|0.000294904|0.00164938|0.000265144,0.0179602|0.0470176|0.0116366|0.0184047|0.0228373|0.0443323|0.0310073|0.0328667|0.0136578|0.041372|0.0184116|0.00528751|0.0479548|0.0409725,0.000546736|0.0468531|0.041832|0.031308|0.037673|0.040963|0.0319606|0.0360108|0.02637|0.0296728|0.00251899|0.0169153|0.0201069|0.02493,0.956543|0.950579|0.913854|0.98666|0.903|0.94682|0.965597|0.960947|0.982934|0.956179|0.913586|0.977494|0.90484|0.903218,6.22817|4.0358|1.42439|0.948718|0.905766|4.85624|0.103561|4.96524|4.26661|2.12743|1.21281|2.40861|5.80128|4.29151,30.2686|24.4191|13.9548|51.9585|67.5745|66.6304|52.1141|81.7362|37.2729|32.9383|55.4093|99.595|65.9961,0.17251|0.167139|0.190483|0.246371|0.16557|0.223371|0.24587|0.174783|0.191968|0.242724|0.191098|0.247422|0.163358,0.827051|0.726505|0.305271|0.635286|0.122951|0.83783|0.356378|0.219292|0.389873|0.369932|0.821716|0.597712|0.823601,0.851523,0.837898,0.0185889,0.555256,0.596445,0.529227,0.225922,0.539254,0.241732,0.844508,60.029,1.54756e-12,39681,0.96775,71.3706,7.91337e-10,47522,0.907488,0.897423,0.0160931,0.236702,0.527636,0.456737,0.279439,0.462384,0.0593942,0.937758,18.7241,3.99128e-10,75313,0.812352,72.2662,3.36135e-11,78161
2,65,n1->n11->n12->n2->n3->n4->n14->n15->n5->n6->n7->n8->n9->n10,5.4999e+12|5.65563e+13|2.05589e+11|1.38353e+13|1.53335e+11|1.75942e+09|3.69121e+13|6.17253e+13|1.32985e+12|2.83166e+09|1.70314e+11|7.36068e+10|7.28667e+12|2.62018e+13,6.48959e+11|3.81621e+13|5.40463e+10|7.23336e+12|8.74502e+10|4.4632e+08|2.94889e+13|2.37721e+13|4.5847e+11|1.10743e+09|1.24554e+11|6.47234e+10|4.6263e+12|8.71912e+12,0.00015285|3.58423e-05|1.73339e-05|0.000148714|0.000989315|0.00014654|0.000455172|0.000365537|0.000163077|2.77636e-05|0.000279667|0.000102402|1.66587e-05|0.000127206,0.003252|0.000127835|0.000156137|0.000441496|0.000209305|0.00148041|0.00183051|0.000568282|0.000159363|0.00293787|0.00109524|0.000294904|0.00164938|0.000265144,0.0179602|0.0470176|0.0116366|0.0348637|0.0101203|0.0328667|0.0310073|0.000619861|0.0136578|0.041372|0.0184116|0.00528751|0.0479548|0.0409725,0.000546736|0.0468531|0.041832|0.0478486|0.0269719|0.0360108|0.0319606|0.0254867|0.02637|0.0296728|0.00251899|0.0169153|0.0201069|0.02493,0.956543|0.950579|0.913854|0.955815|0.945731|0.960947|0.965597|0.948183|0.982934|0.956179|0.913586|0.977494|0.90484|0.903218,6.22817|4.0358|1.42439|4.1742|3.59128|4.96524|0.103561|2.74568|4.26661|2.12743|1.21281|2.40861|5.80128|4.29151,30.2686|24.4191|88.6198|37.015|10.4739|52.1141|92.5451|35.0583|37.2729|32.9383|55.4093|99.595|65.9961,0.17251|0.167139|0.218328|0.220946|0.199542|0.24587|0.217749|0.240843|0.191968|0.242724|0.191098|0.247422|0.163358,0.827051|0.726505|0.53516|0.275354|0.200911|0.356378|0.738934|0.606669|0.389873|0.369932|0.821716|0.597712|0.823601,0.851523,0.837898,0.0185889,0.555256,0.596445,0.529227,0.225922,0.539254,0.241732,0.844508,60.029,1.54756e-12,39681,0.96775,71.3706,7.91337e-10,47522,0.907488,0.897423,0.0160931,0.236702,0.527636,0.456737,0.279439,0.462384,0.0593942,0.937758,18.7241,3.99128e-10,75313,0.812352,72.2662,3.36135e-11,78161
2,66,n1->n2->n3->n4->n5->n6->n7->n17->n27->n28->n29->n30->n20->n10,5.4999e+12|1.38353e+13|1.53335e+11|1.75942e+09|1.32985e+12|2.83166e+09|1.70314e+11|5.2065e+11|2.58309e+09|1.30221e+13|4.43662e+12|1.83802e+11|5.32138e+11|2.62018e+13,6.48959e+11|7.23336e+12|8.74502e+10|4.4632e+08|4.5847e+11|1.10743e+09|1.24554e+11|1.64371e+11|8.1041e+08|2.05619e+12|2.79127e+12|1.55346e+11|2.21789e+11|8.71912e+12,0.00015285|0.000148714|0.000989315|0.00014654|0.000163077|2.77636e-05|0.000279667|0.000193857|0.00059638|0.000271172|0.000213383|6.14967e-05|0.000247429|0.000127206,0.003252|0.000441496|0.000209305|0.00148041|0.000159363|0.00293787|0.00109524|0.00794335|0.00182097|0.00331108|0.00492817|0.00135186|0.00522315|0.000265144,0.0179602|0.0348637|0.0101203|0.0328667|0.0136578|0.041372|0.0184116|0.0142611|0.0260488|0.0287435|0.0496549|0.00529712|0.00611448|0.0409725,0.000546736|0.0478486|0.0269719|0.0360108|0.02637|0.0296728|0.00251899|0.0346386|0.0214296|0.0431463|0.0210081|0.0112888|0.0463091|0.02493,0.956543|0.955815|0.945731|0.960947|0.982934|0.956179|0.913586|0.902379|0.944118|0.92765|0.977322|0.979866|0.902472|0.903218,6.22817|4.1742|3.59128|4.96524|4.26661|2.12743|1.21281|1.64864|1.31493|5.53936|4.67833|2.49161|5.254|4.29151,79.8117|37.015|10.4739|81.7362|37.2729|32.9383|59.8148|72.2829|15.3326|39.0733|83.4704|23.9015|29.3778,0.228393|0.220946|0.199542|0.174783|0.191968|0.242724|0.239148|0.216563|0.223691|0.196585|0.244973|0.228066|0.210878,0.725997|0.275354|0.200911|0.219292|0.389873|0.369932|0.525316|0.478949|0.821214|0.863895|0.347474|0.547282|0.138678,0.851523,0.837898,0.0185889,0.555256,0.596445,0.529227,0.225922,0.539254,0.241732,0.844508,60.029,1.54756e-12,39681,0.96775,71.3706,7.91337e-10,47522,0.907488,0.897423,0.0160931,0.236702,0.527636,0.456737,0.279439,0.462384,0.0593942,0.937758,18.7241,3.99128e-10,75313,0.812352,72.2662,3.36135e-11,78161
2,67,n1->n11->n12->n22->n23->n24->n25->n26->n16->n17->n18->n8->n9->n10,5.4999e+12|5.65563e+13|2.05589e+11|6.89136e+12|5.1585e+13|1.17759e+12|2.26824e+10|1.38574e+10|4.99557e+10|5.2065e+11|2.08257e+11|7.36068e+10|7.28667e+12|2.62018e+13,6.48959e+11|3.81621e+13|5.40463e+10|5.3881e+12|4.60456e+13|2.01162e+11|7.07863e+09|1.18442e+10|8.87997e+09|1.64371e+11|2.23663e+10|6.47234e+10|4.6263e+12|8.71912e+12,0.00015285|3.58423e-05|1.73339e-05|0.000201899|6.64364e-05|0.000214835|2.48293e-05|0.000138812|0.000113525|0.000193857|0.000171925|0.000102402|1.66587e-05|0.000127206,0.003252|0.000127835|0.000156137|0.000177346|0.00216169|0.000504018|0.00526954|0.000699826|0.000563062|0.00794335|0.00227311|0.000294904|0.00164938|0.000265144,0.0179602|0.0470176|0.0116366|0.0147695|0.0228373|0.0443323|0.0411534|0.0280187|0.0484966|0.0142611|0.0373366|0.00528751|0.0479548|0.0409725,0.000546736|0.0468531|0.041832|0.0456659|0.037673|0.040963|0.0451075|0.0171301|0.00864637|0.0346386|0.0258287|0.0169153|0.0201069|0.02493,0.956543|0.950579|0.913854|0.90843|0.903|0.94682|0.98336|0.927413|0.930368|0.902379|0.957375|0.977494|0.90484|0.903218,6.22817|4.0358|1.42439|2.55635|0.905766|4.85624|6.02932|1.51622|1.84701|1.64864|2.48855|2.40861|5.80128|4.29151,30.2686|24.4191|13.2112|55.8812|67.5745|18.2346|55.6995|11.0615|32.2763|27.3162|81.3396|99.595|65.9961,0.17251|0.167139|0.17699|0.183035|0.16557|0.244005|0.18627|0.184807|0.219818|0.177165|0.184383|0.247422|0.163358,0.827051|0.726505|0.78707|0.999468|0.122951|0.943216|0.157575|0.184807|0.130249|0.674858|0.540078|0.597712|0.823601,0.851523,0.837898,0.0185889,0.555256,0.596445,0.529227,0.225922,0.539254,0.241732,0.844508,60.029,1.54756e-12,39681,0.96775,71.3706,7.91337e-10,47522,0.907488,0.897423,0.0160931,0.236702,0.527636,0.456737,0.279439,0.462384,0.0593942,0.937758,18.7241,3.99128e-10,75313,0.812352,72.2662,3.36135e-11,78161
2,68,n1->n2->n12->n13->n3->n4->n5->n15->n16->n6->n7->n8->n9->n10,5.4999e+12|1.38353e+13|2.05589e+11|5.5344e+11|1.53335e+11|1.75942e+09|1.32985e+12|6.17253e+13|4.99557e+10|2.83166e+09|1.70314e+11|7.36068e+10|7.28667e+12|2.62018e+13,6.48959e+11|7.23336e+12|5.40463e+10|9.08242e+10|8.74502e+10|4.4632e+08|4.5847e+11|2.37721e+13|8.87997e+09|1.10743e+09|1.24554e+11|6.47234e+10|4.6263e+12|8.71912e+12,0.00015285|0.000148714|1.73339e-05|2.12038e-05|0.000989315|0.00014654|0.000163077|0.000365537|0.000113525|2.77636e-05|0.000279667|0.000102402|1.66587e-05|0.000127206,0.003252|0.000441496|0.000156137|0.00133854|0.000209305|0.00148041|0.000159363|0.000568282|0.000563062|0.00293787|0.00109524|0.000294904|0.00164938|0.000265144,0.0179602|0.0348637|0.0116366|0.0184047|0.0101203|0.0328667|0.0136578|0.000619861|0.0484966|0.041372|0.0184116|0.00528751|0.0479548|0.0409725,0.000546736|0.0478486|0.041832|0.031308|0.0269719|0.0360108|0.02637|0.0254867|0.00864637|0.0296728|0.00251899|0.0169153|0.0201069|0.02493,0.956543|0.955815|0.913854|0.98666|0.945731|0.960947|0.982934|0.948183|0.930368|0.956179|0.913586|0.977494|0.90484|0.903218,6.22817|4.1742|1.42439|0.948718|3.59128|4.96524|4.26661|2.74568|1.84701|2.12743|1.21281|2.40861|5.80128|4.29151,79.8117|88.6198|13.9548|83.9106|10.4739|81.7362|35.0583|56.2706|50.0569|32.9383|55.4093|99.595|65.9961,0.228393|0.218328|0.190483|0.206647|0.199542|0.174783|0.240843|0.203512|0.170335|0.242724|0.191098|0.247422|0.163358,0.725997|0.53516|0.305271|0.189939|0.200911|0.219292|0.606669|0.580023|0.600597|0.369932|0.821716|0.597712|0.823601,0.851523,0.837898,0.0185889,0.555256,0.596445,0.529227,0.225922,0.539254,0.241732,0.844508,60.029,1.54756e-12,39681,0.96775,71.3706,7.91337e-10,47522,0.907488,0.897423,0.0160931,0.236702,0.527636,0.456737,0.279439,0.462384,0.0593942,0.937758,18.7241,3.99128e-10,75313,0.812352,72.2662,3.36135e-11,78161
2,69,n1->n2->n3->n4->n14->n24->n25->n26->n27->n28->n18->n19->n9->n10,5.4999e+12|1.38353e+13|1.53335e+11|1.75942e+09|3.69121e+13|1.17759e+12|2.26824e+10|1.38574e+10|2.58309e+09|1.30221e+13|2.08257e+11|1.60792e+09|7.28667e+12|2.62018e+13,6.48959e+11|7.23336e+12|8.74502e+10|4.4632e+08|2.94889e+13|2.01162e+11|7.07863e+09|1.18442e+10|8.1041e+08|2.05619e+12|2.23663e+10|2.02403e+08|4.6263e+12|8.71912e+12,0.00015285|0.000148714|0.000989315|0.00014654|0.000455172|0.000214835|2.48293e-05|0.000138812|0.00059638|0.000271172|0.000171925|0.00020417|1.66587e-05|0.000127206,0.003252|0.000441496|0.000209305|0.00148041|0.00183051|0.000504018|0.00526954|0.000699826|0.00182097|0.00331108|0.00227311|0.00979739|0.00164938|0.000265144,0.0179602|0.0348637|0.0101203|0.0328667|0.0310073|0.0443323|0.0411534|0.0280187|0.0260488|0.0287435|0.0373366|0.000790162|0.0479548|0.0409725,0.000546736|0.0478486|0.0269719|0.0360108|0.0319606|0.040963|0.0451075|0.0171301|0.0214296|0.0431463|0.0258287|0.0278792|0.0201069|0.02493,0.956543|0.955815|0.945731|0.960947|0.965597|0.94682|0.98336|0.927413|0.944118|0.92765|0.957375|0.971346|0.90484|0.903218,6.22817|4.1742|3.59128|4.96524|0.103561|4.85624|6.02932|1.51622|1.31493|5.53936|2.48855|5.19478|5.80128|4.29151,79.8117|37.015|10.4739|52.1141|66.6304|18.2346|55.6995|42.5138|15.3326|43.2583|28.0546|99.0064|65.9961,0.228393|0.220946|0.199542|0.24587|0.223371|0.244005|0.18627|0.1677|0.223691|0.191747|0.168115|0.169129|0.163358,0.725997|0.275354|0.200911|0.356378|0.83783|0.943216|0.157575|0.380101|0.821214|0.748413|0.490037|0.377874|0.823601,0.851523,0.837898,0.0185889,0.555256,0.596445,0.529227,0.225922,0.539254,0.241732,0.844508,60.029,1.54756e-12,39681,0.96775,71.3706,7.91337e-10,47522,0.907488,0.897423,0.0160931,0.236702,0.527636,0.456737,0.279439,0.462384,0.0593942,0.937758,18.7241,3.99128e-10,75313,0.812352,72.2662,3.36135e-11,78161
2,70,n1->n11->n12->n2->n3->n4->n5->n15->n16->n17->n18->n19->n20->n10,5.4999e+12|5.65563e+13|2.05589e+11|1.38353e+13|1.53335e+11|1.75942e+09|1.32985e+12|6.17253e+13|4.99557e+10|5.2065e+11|2.08257e+11|1.60792e+09|5.32138e+11|2.62018e+13,6.48959e+11|3.81621e+13|5.40463e+10|7.23336e+12|8.74502e+10|4.4632e+08|4.5847e+11|2.37721e+13|8.87997e+09|1.64371e+11|2.23663e+10|2.02403e+08|2.21789e+11|8.71912e+12,0.00015285|3.58423e-05|1.73339e-05|0.000148714|0.000989315|0.00014654|0.000163077|0.000365537|0.000113525|0.000193857|0.000171925|0.00020417|0.000247429|0.000127206,0.003252|0.000127835|0.000156137|0.000441496|0.000209305|0.00148041|0.000159363|0.000568282|0.000563062|0.00794335|0.00227311|0.00979739|0.00522315|0.000265144,0.0179602|0.0470176|0.0116366|0.0348637|0.0101203|0.0328667|0.0136578|0.000619861|0.0484966|0.0142611|0.0373366|0.000790162|0.00611448|0.0409725,0.000546736|0.0468531|0.041832|0.0478486|0.0269719|0.0360108|0.02637|0.0254867|0.00864637|0.0346386|0.0258287|0.0278792|0.0463091|0.02493,0.956543|0.950579|0.913854|0.955815|0.945731|0.960947|0.982934|0.948183|0.930368|0.902379|0.957375|0.971346|0.902472|0.903218,6.22817|4.0358|1.42439|4.1742|3.59128|4.96524|4.26661|2.74568|1.84701|1.64864|2.48855|5.19478|5.254|4.29151,30.2686|24.4191|88.6198|37.015|10.4739|81.7362|35.0583|56.2706|32.2763|27.3162|28.0546|10.3361|29.3778,0.17251|0.167139|0.218328|0.220946|0.199542|0.174783|0.240843|0.203512|0.219818|0.177165|0.168115|0.212112|0.210878,0.827051|0.726505|0.53516|0.275354|0.200911|0.219292|0.606669|0.580023|0.130249|0.674858|0.490037|0.542409|0.138678,0.851523,0.837898,0.0185889,0.555256,0.596445,0.529227,0.225922,0.539254,0.241732,0.844508,60.029,1.54756e-12,39681,0.96775,71.3706,7.91337e-10,47522,0.907488,0.897423,0.0160931,0.236702,0.527636,0.456737,0.279439,0.462384,0.0593942,0.937758,18.7241,3.99128e-10,75313,0.812352,72.2662,3.36135e-11,78161
2,71,n1->n2->n3->n13->n23->n24->n14->n15->n5->n6->n7->n8->n9->n10,5.4999e+12|1.38353e+13|1.53335e+11|5.5344e+11|5.1585e+13|1.17759e+12|3.69121e+13|6.17253e+13|1.32985e+12|2.83166e+09|1.70314e+11|7.36068e+10|7.28667e+12|2.62018e+13,6.48959e+11|7.23336e+12|8.74502e+10|9.08242e+10|4.60456e+13|2.01162e+11|2.94889e+13|2.37721e+13|4.5847e+11|1.10743e+09|1.24554e+11|6.47234e+10|4.6263e+12|8.71912e+12,0.00015285|0.000148714|0.000989315|2.12038e-05|6.64364e-05|0.000214835|0.000455172|0.000365537|0.000163077|2.77636e-05|0.000279667|0.000102402|1.66587e-05|0.000127206,0.003252|0.000441496|0.000209305|0.00133854|0.00216169|0.000504018|0.00183051|0.000568282|0.000159363|0.00293787|0.00109524|0.000294904|0.00164938|0.000265144,0.0179602|0.0348637|0.0101203|0.0184047|0.0228373|0.0443323|0.0310073|0.000619861|0.0136578|0.041372|0.0184116|0.00528751|0.0479548|0.0409725,0.000546736|0.0478486|0.0269719|0.031308|0.037673|0.040963|0.0319606|0.0254867|0.02637|0.0296728|0.00251899|0.0169153|0.0201069|0.02493,0.956543|0.955815|0.945731|0.98666|0.903|0.94682|0.965597|0.948183|0.982934|0.956179|0.913586|0.977494|0.90484|0.903218,6.22817|4.1742|3.59128|0.948718|0.905766|4.85624|0.103561|2.74568|4.26661|2.12743|1.21281|2.40861|5.80128|4.29151,79.8117|37.015|83.9106|51.9585|67.5745|66.6304|92.5451|35.0583|37.2729|32.9383|55.4093|99.595|65.9961,0.228393|0.220946|0.206647|0.246371|0.16557|0.223371|0.217749|0.240843|0.191968|0.242724|0.191098|0.247422|0.163358,0.725997|0.275354|0.189939|0.635286|0.122951|0.83783|0.738934|0.606669|0.389873|0.369932|0.821716|0.597712|0.823601,0.851523,0.837898,0.0185889,0.555256,0.596445,0.529227,0.225922,0.539254,0.241732,0.844508,60.029,1.54756e-12,39681,0.96775,71.3706,7.91337e-10,47522,0.907488,0.897423,0.0160931,0.236702,0.527636,0.456737,0.279439,0.462384,0.0593942,0.937758,18.7241,3.99128e-10,75313,0.812352,72.2662,3.36135e-11,78161
2,72,n1->n2->n3->n4->n5->n15->n25->n26->n27->n17->n18->n19->n9->n10,5.4999e+12|1.38353e+13|1.53335e+11|1.75942e+09|1.32985e+12|6.17253e+13|2.26824e+10|1.38574e+10|2.58309e+09|5.2065e+11|2.08257e+11|1.60792e+09|7.28667e+12|2.62018e+13,6.48959e+11|7.23336e+12|8.74502e+10|4.4632e+08|4.5847e+11|2.37721e+13|7.07863e+09|1.18442e+10|8.1041e+08|1.64371e+11|2.23663e+10|2.02403e+08|4.6263e+12|8.71912e+12,0.00015285|0.000148714|0.000989315|0.00014654|0.000163077|0.000365537|2.48293e-05|0.000138812|0.00059638|0.000193857|0.000171925|0.00020417|1.66587e-05|0.000127206,0.003252|0.000441496|0.000209305|0.00148041|0.000159363|0.000568282|0.00526954|0.000699826|0.00182097|0.00794335|0.00227311|0.00979739|0.00164938|0.000265144,0.0179602|0.0348637|0.0101203|0.0328667|0.0136578|0.000619861|0.0411534|0.0280187|0.0260488|0.0142611|0.0373366|0.000790162|0.0479548|0.0409725,0.000546736|0.0478486|0.0269719|0.0360108|0.02637|0.0254867|0.0451075|0.0171301|0.0214296|0.0346386|0.0258287|0.0278792|0.0201069|0.02493,0.956543|0.955815|0.945731|0.960947|0.982934|0.948183|0.98336|0.927413|0.944118|0.902379|0.957375|0.971346|0.90484|0.903218,6.22817|4.1742|3.59128|4.96524|4.26661|2.74568|6.02932|1.51622|1.31493|1.64864|2.48855|5.19478|5.80128|4.29151,79.8117|37.015|10.4739|81.7362|35.0583|54.7186|55.6995|42.5138|72.2829|27.3162|28.0546|99.0064|65.9961,0.228393|0.220946|0.199542|0.174783|0.240843|0.189144|0.18627|0.1677|0.216563|0.177165|0.168115|0.169129|0.163358,0.725997|0.275354|0.200911|0.219292|0.606669|0.194732|0.157575|0.380101|0.478949|0.674858|0.490037|0.377874|0.823601,0.851523,0.837898,0.0185889,0.555256,0.596445,0.529227,0.225922,0.539254,0.241732,0.844508,60.029,1.54756e-12,39681,0.96775,71.3706,7.91337e-10,47522,0.907488,0.897423,0.0160931,0.236702,0.527636,0.456737,0.279439,0.462384,0.0593942,0.937758,18.7241,3.99128e-10,75313,0.812352,72.2662,3.36135e-11,78161
2,73,n1->n2->n3->n13->n23->n24->n25->n26->n27->n17->n18->n8->n9->n10,5.4999e+12|1.38353e+13|1.53335e+11|5.5344e+11|5.1585e+13|1.17759e+12|2.26824e+10|1.38574e+10|2.58309e+09|5.2065e+11|2.08257e+11|7.36068e+10|7.28667e+12|2.62018e+13,6.48959e+11|7.23336e+12|8.74502e+10|9.08242e+10|4.60456e+13|2.01162e+11|7.07863e+09|1.18442e+10|8.1041e+08|1.64371e+11|2.23663e+10|6.47234e+10|4.6263e+12|8.71912e+12,0.00015285|0.000148714|0.000989315|2.12038e-05|6.64364e-05|0.000214835|2.48293e-05|0.000138812|0.00059638|0.000193857|0.000171925|0.000102402|1.66587e-05|0.000127206,0.003252|0.000441496|0.000209305|0.00133854|0.00216169|0.000504018|0.00526954|0.000699826|0.00182097|0.00794335|0.00227311|0.000294904|0.00164938|0.000265144,0.0179602|0.0348637|0.0101203|0.0184047|0.0228373|0.0443323|0.0411534|0.0280187|0.0260488|0.0142611|0.0373366|0.00528751|0.0479548|0.0409725,0.000546736|0.0478486|0.0269719|0.031308|0.037673|0.040963|0.0451075|0.0171301|0.0214296|0.0346386|0.0258287|0.0169153|0.0201069|0.02493,0.956543|0.955815|0.945731|0.98666|0.903|0.94682|0.98336|0.927413|0.944118|0.902379|0.957375|0.977494|0.90484|0.903218,6.22817|4.1742|3.59128|0.948718|0.905766|4.85624|6.02932|1.51622|1.31493|1.64864|2.48855|2.40861|5.80128|4.29151,79.8117|37.015|83.9106|51.9585|67.5745|18.2346|55.6995|42.5138|72.2829|27.3162|81.3396|99.595|65.9961,0.228393|0.220946|0.206647|0.246371|0.16557|0.244005|0.18627|0.1677|0.216563|0.177165|0.184383|0.247422|0.163358,0.725997|0.275354|0.189939|0.635286|0.122951|0.943216|0.157575|0.380101|0.478949|0.674858|0.540078|0.597712|0.823601,0.851523,0.837898,0.0185889,0.555256,0.596445,0.529227,0.225922,0.539254,0.241732,0.844508,60.029,1.54756e-12,39681,0.96775,71.3706,7.91337e-10,47522,0.907488,0.897423,0.0160931,0.236702,0.527636,0.456737,0.279439,0.462384,0.0593942,0.937758,18.7241,3.99128e-10,75313,0.812352,72.2662,3.36135e-11,78161
2,74,n1->n11->n21->n22->n23->n13->n14->n15->n16->n17->n7->n8->n9->n10,5.4999e+12|5.65563e+13|2.41937e+09|6.89136e+12|5.1585e+13|5.5344e+11|3.69121e+13|6.17253e+13|4.99557e+10|5.2065e+11|1.70314e+11|7.36068e+10|7.28667e+12|2.62018e+13,6.48959e+11|3.81621e+13|3.78731e+08|5.3881e+12|4.60456e+13|9.08242e+10|2.94889e+13|2.37721e+13|8.87997e+09|1.64371e+11|1.24554e+11|6.47234e+10|4.6263e+12|8.71912e+12,0.00015285|3.58423e-05|1.01809e-05|0.000201899|6.64364e-05|2.12038e-05|0.000455172|0.000365537|0.000113525|0.000193857|0.000279667|0.000102402|1.66587e-05|0.000127206,0.003252|0.000127835|0.000777165|0.000177346|0.00216169|0.00133854|0.00183051|0.000568282|0.000563062|0.00794335|0.00109524|0.000294904|0.00164938|0.000265144,0.0179602|0.0470176|0.016718|0.0147695|0.0228373|0.0184047|0.0310073|0.000619861|0.0484966|0.0142611|0.0184116|0.00528751|0.0479548|0.0409725,0.000546736|0.0468531|0.00829965|0.0456659|0.037673|0.031308|0.0319606|0.0254867|0.00864637|0.0346386|0.00251899|0.0169153|0.0201069|0.02493,0.956543|0.950579|0.942854|0.90843|0.903|0.98666|0.965597|0.948183|0.930368|0.902379|0.913586|0.977494|0.90484|0.903218,6.22817|4.0358|2.52817|2.55635|0.905766|0.948718|0.103561|2.74568|1.84701|1.64864|1.21281|2.40861|5.80128|4.29151,30.2686|65.1286|34.0839|55.8812|51.9585|56.34|92.5451|56.2706|32.2763|59.8148|55.4093|99.595|65.9961,0.17251|0.16646|0.20313|0.183035|0.246371|0.245639|0.217749|0.203512|0.219818|0.239148|0.191098|0.247422|0.163358,0.827051|0.529375|0.123831|0.999468|0.635286|0.226162|0.738934|0.580023|0.130249|0.525316|0.821716|0.597712|0.823601,0.851523,0.837898,0.0185889,0.555256,0.596445,0.529227,0.225922,0.539254,0.241732,0.844508,60.029,1.54756e-12,39681,0.96775,71.3706,7.91337e-10,47522,0.907488,0.897423,0.0160931,0.236702,0.527636,0.456737,0.279439,0.462384,0.0593942,0.937758,18.7241,3.99128e-10,75313,0.812352,72.2662,3.36135e-11,78161
2,75,n1->n2->n3->n13->n14->n15->n5->n6->n7->n17->n18->n8->n9->n10,5.4999e+12|1.38353e+13|1.53335e+11|5.5344e+11|3.69121e+13|6.17253e+13|1.32985e+12|2.83166e+09|1.70314e+11|5.2065e+11|2.08257e+11|7.36068e+10|7.28667e+12|2.62018e+13,6.48959e+11|7.23336e+12|8.74502e+10|9.08242e+10|2.94889e+13|2.37721e+13|4.5847e+11|1.10743e+09|1.24554e+11|1.64371e+11|2.23663e+10|6.47234e+10|4.6263e+12|8.71912e+12,0.00015285|0.000148714|0.000989315|2.12038e-05|0.000455172|0.000365537|0.000163077|2.77636e-05|0.000279667|0.000193857|0.000171925|0.000102402|1.66587e-05|0.000127206,0.003252|0.000441496|0.000209305|0.00133854|0.00183051|0.000568282|0.000159363|0.00293787|0.00109524|0.00794335|0.00227311|0.000294904|0.00164938|0.000265144,0.0179602|0.0348637|0.0101203|0.0184047|0.0310073|0.000619861|0.0136578|0.041372|0.0184116|0.0142611|0.0373366|0.00528751|0.0479548|0.0409725,0.000546736|0.0478486|0.0269719|0.031308|0.0319606|0.0254867|0.02637|0.0296728|0.00251899|0.0346386|0.0258287|0.0169153|0.0201069|0.02493,0.956543|0.955815|0.945731|0.98666|0.965597|0.948183|0.982934|0.956179|0.913586|0.902379|0.957375|0.977494|0.90484|0.903218,6.22817|4.1742|3.59128|0.948718|0.103561|2.74568|4.26661|2.12743|1.21281|1.64864|2.48855|2.40861|5.80128|4.29151,79.8117|37.015|83.9106|56.34|92.5451|35.0583|37.2729|32.9383|59.8148|27.3162|81.3396|99.595|65.9961,0.228393|0.220946|0.206647|0.245639|0.217749|0.240843|0.191968|0.242724|0.239148|0.177165|0.184383|0.247422|0.163358,0.725997|0.275354|0.189939|0.226162|0.738934|0.606669|0.389873|0.369932|0.525316|0.674858|0.540078|0.597712|0.823601,0.851523,0.837898,0.0185889,0.555256,0.596445,0.529227,0.225922,0.539254,0.241732,0.844508,60.029,1.54756e-12,39681,0.96775,71.3706,7.91337e-10,47522,0.907488,0.897423,0.0160931,0.236702,0.527636,0.456737,0.279439,0.462384,0.0593942,0.937758,18.7241,3.99128e-10,75313,0.812352,72.2662,3.36135e-11,78161
2,76,n1->n2->n12->n22->n23->n13->n3->n4->n5->n6->n7->n8->n9->n10,5.4999e+12|1.38353e+13|2.05589e+11|6.89136e+12|5.1585e+13|5.5344e+11|1.53335e+11|1.75942e+09|1.32985e+12|2.83166e+09|1.70314e+11|7.36068e+10|7.28667e+12|2.62018e+13,6.48959e+11|7.23336e+12|5.40463e+10|5.3881e+12|4.60456e+13|9.08242e+10|8.74502e+10|4.4632e+08|4.5847e+11|1.10743e+09|1.24554e+11|6.47234e+10|4.6263e+12|8.71912e+12,0.00015285|0.000148714|1.73339e-05|0.000201899|6.64364e-05|2.12038e-05|0.000989315|0.00014654|0.000163077|2.77636e-05|0.000279667|0.000102402|1.66587e-05|0.000127206,0.003252|0.000441496|0.000156137|0.000177346|0.00216169|0.00133854|0.000209305|0.00148041|0.000159363|0.00293787|0.00109524|0.000294904|0.00164938|0.000265144,0.0179602|0.0348637|0.0116366|0.0147695|0.0228373|0.0184047|0.0101203|0.0328667|0.0136578|0.041372|0.0184116|0.00528751|0.0479548|0.0409725,0.000546736|0.0478486|0.041832|0.0456659|0.037673|0.031308|0.0269719|0.0360108|0.02637|0.0296728|0.00251899|0.0169153|0.0201069|0.02493,0.956543|0.955815|0.913854|0.90843|0.903|0.98666|0.945731|0.960947|0.982934|0.956179|0.913586|0.977494|0.90484|0.903218,6.22817|4.1742|1.42439|2.55635|0.905766|0.948718|3.59128|4.96524|4.26661|2.12743|1.21281|2.40861|5.80128|4.29151,79.8117|88.6198|13.2112|55.8812|51.9585|83.9106|10.4739|81.7362|37.2729|32.9383|55.4093|99.595|65.9961,0.228393|0.218328|0.17699|0.183035|0.246371|0.206647|0.199542|0.174783|0.191968|0.242724|0.191098|0.247422|0.163358,0.725997|0.53516|0.78707|0.999468|0.635286|0.189939|0.200911|0.219292|0.389873|0.369932|0.821716|0.597712|0.823601,0.851523,0.837898,0.0185889,0.555256,0.596445,0.529227,0.225922,0.539254,0.241732,0.844508,60.029,1.54756e-12,39681,0.96775,71.3706,7.91337e-10,47522,0.907488,0.897423,0.0160931,0.236702,0.527636,0.456737,0.279439,0.462384,0.0593942,0.937758,18.7241,3.99128e-10,75313,0.812352,72.2662,3.36135e-11,78161
2,77,n1->n2->n3->n13->n23->n24->n14->n4->n5->n6->n7->n8->n9->n10,5.4999e+12|1.38353e+13|1.53335e+11|5.5344e+11|5.1585e+13|1.17759e+12|3.69121e+13|1.75942e+09|1.32985e+12|2.83166e+09|1.70314e+11|7.36068e+10|7.28667e+12|2.62018e+13,6.48959e+11|7.23336e+12|8.74502e+10|9.08242e+10|4.60456e+13|2.01162e+11|2.94889e+13|4.4632e+08|4.5847e+11|1.10743e+09|1.24554e+11|6.47234e+10|4.6263e+12|8.71912e+12,0.00015285|0.000148714|0.000989315|2.12038e-05|6.64364e-05|0.000214835|0.000455172|0.00014654|0.000163077|2.77636e-05|0.000279667|0.000102402|1.66587e-05|0.000127206,0.003252|0.000441496|0.000209305|0.00133854|0.00216169|0.000504018|0.00183051|0.00148041|0.000159363|0.00293787|0.00109524|0.000294904|0.00164938|0.000265144,0.0179602|0.0348637|0.0101203|0.0184047|0.0228373|0.0443323|0.0310073|0.0328667|0.0136578|0.041372|0.0184116|0.00528751|0.0479548|0.0409725,0.000546736|0.0478486|0.0269719|0.031308|0.037673|0.040963|0.0319606|0.0360108|0.02637|0.0296728|0.00251899|0.0169153|0.0201069|0.02493,0.956543|0.955815|0.945731|0.98666|0.903|0.94682|0.965597|0.960947|0.982934|0.956179|0.913586|0.977494|0.90484|0.903218,6.22817|4.1742|3.59128|0.948718|0.905766|4.85624|0.103561|4.96524|4.26661|2.12743|1.21281|2.40861|5.80128|4.29151,79.8117|37.015|83.9106|51.9585|67.5745|66.6304|52.1141|81.7362|37.2729|32.9383|55.4093|99.595|65.9961,0.228393|0.220946|0.206647|0.246371|0.16557|0.223371|0.24587|0.174783|0.191968|0.242724|0.191098|0.247422|0.163358,0.725997|0.275354|0.189939|0.635286|0.122951|0.83783|0.356378|0.219292|0.389873|0.369932|0.821716|0.597712|0.823601,0.851523,0.837898,0.0185889,0.555256,0.596445,0.529227,0.225922,0.539254,0.241732,0.844508,60.029,1.54756e-12,39681,0.96775,71.3706,7.91337e-10,47522,0.907488,0.897423,0.0160931,0.236702,0.527636,0.456737,0.279439,0.462384,0.0593942,0.937758,18.7241,3.99128e-10,75313,0.812352,72.2662,3.36135e-11,78161
2,78,n1->n2->n12->n13->n14->n24->n25->n26->n27->n17->n18->n19->n9->n10,5.4999e+12|1.38353e+13|2.05589e+11|5.5344e+11|3.69121e+13|1.17759e+12|2.26824e+10|1.38574e+10|2.58309e+09|5.2065e+11|2.08257e+11|1.60792e+09|7.28667e+12|2.62018e+13,6.48959e+11|7.23336e+12|5.40463e+10|9.08242e+10|2.94889e+13|2.01162e+11|7.07863e+09|1.18442e+10|8.1041e+08|1.64371e+11|2.23663e+10|2.02403e+08|4.6263e+12|8.71912e+12,0.00015285|0.000148714|1.73339e-05|2.12038e-05|0.000455172|0.000214835|2.48293e-05|0.000138812|0.00059638|0.000193857|0.000171925|0.00020417|1.66587e-05|0.000127206,0.003252|0.000441496|0.000156137|0.00133854|0.00183051|0.000504018|0.00526954|0.000699826|0.00182097|0.00794335|0.00227311|0.00979739|0.00164938|0.000265144,0.0179602|0.0348637|0.0116366|0.0184047|0.0310073|0.0443323|0.0411534|0.0280187|0.0260488|0.0142611|0.0373366|0.000790162|0.0479548|0.0409725,0.000546736|0.0478486|0.041832|0.031308|0.0319606|0.040963|0.0451075|0.0171301|0.0214296|0.0346386|0.0258287|0.0278792|0.0201069|0.02493,0.956543|0.955815|0.913854|0.98666|0.965597|0.94682|0.98336|0.927413|0.944118|0.902379|0.957375|0.971346|0.90484|0.903218,6.22817|4.1742|1.42439|0.948718|0.103561|4.85624|6.02932|1.51622|1.31493|1.64864|2.48855|5.19478|5.80128|4.29151,79.8117|88.6198|13.9548|56.34|66.6304|18.2346|55.6995|42.5138|72.2829|27.3162|28.0546|99.0064|65.9961,0.228393|0.218328|0.190483|0.245639|0.223371|0.244005|0.18627|0.1677|0.216563|0.177165|0.168115|0.169129|0.163358,0.725997|0.53516|0.305271|0.226162|0.83783|0.943216|0.157575|0.380101|0.478949|0.674858|0.490037|0.377874|0.823601,0.851523,0.837898,0.0185889,0.555256,0.596445,0.529227,0.225922,0.539254,0.241732,0.844508,60.029,1.54756e-12,39681,0.96775,71.3706,7.91337e-10,47522,0.907488,0.897423,0.0160931,0.236702,0.527636,0.456737,0.279439,0.462384,0.0593942,0.937758,18.7241,3.99128e-10,75313,0.812352,72.2662,3.36135e-11,78161
2,79,n1->n2->n12->n22->n23->n13->n14->n15->n16->n6->n7->n8->n9->n10,5.4999e+12|1.38353e+13|2.05589e+11|6.89136e+12|5.1585e+13|5.5344e+11|3.69121e+13|6.17253e+13|4.99557e+10|2.83166e+09|1.70314e+11|7.36068e+10|7.28667e+12|2.62018e+13,6.48959e+11|7.23336e+12|5.40463e+10|5.3881e+12|4.60456e+13|9.08242e+10|2.94889e+13|2.37721e+13|8.87997e+09|1.10743e+09|1.24554e+11|6.47234e+10|4.6263e+12|8.71912e+12,0.00015285|0.000148714|1.73339e-05|0.000201899|6.64364e-05|2.12038e-05|0.000455172|0.000365537|0.000113525|2.77636e-05|0.000279667|0.000102402|1.66587e-05|0.000127206,0.003252|0.000441496|0.000156137|0.000177346|0.00216169|0.00133854|0.00183051|0.000568282|0.000563062|0.00293787|0.00109524|0.000294904|0.00164938|0.000265144,0.0179602|0.0348637|0.0116366|0.0147695|0.0228373|0.0184047|0.0310073|0.000619861|0.0484966|0.041372|0.0184116|0.00528751|0.0479548|0.0409725,0.000546736|0.0478486|0.041832|0.0456659|0.037673|0.031308|0.0319606|0.0254867|0.00864637|0.0296728|0.00251899|0.0169153|0.0201069|0.02493,0.956543|0.955815|0.913854|0.90843|0.903|0.98666|0.965597|0.948183|0.930368|0.956179|0.913586|0.977494|0.90484|0.903218,6.22817|4.1742|1.42439|2.55635|0.905766|0.948718|0.103561|2.74568|1.84701|2.12743|1.21281|2.40861|5.80128|4.29151,79.8117|88.6198|13.2112|55.8812|51.9585|56.34|92.5451|56.2706|50.0569|32.9383|55.4093|99.595|65.9961,0.228393|0.218328|0.17699|0.183035|0.246371|0.245639|0.217749|0.203512|0.170335|0.242724|0.191098|0.247422|0.163358,0.725997|0.53516|0.78707|0.999468|0.635286|0.226162|0.738934|0.580023|0.600597|0.369932|0.821716|0.597712|0.823601,0.851523,0.837898,0.0185889,0.555256,0.596445,0.529227,0.225922,0.539254,0.241732,0.844508,60.029,1.54756e-12,39681,0.96775,71.3706,7.91337e-10,47522,0.907488,0.897423,0.0160931,0.236702,0.527636,0.456737,0.279439,0.462384,0.0593942,0.937758,18.7241,3.99128e-10,75313,0.812352,72.2662,3.36135e-11,78161
2,80,n1->n11->n21->n22->n12->n13->n14->n15->n16->n17->n18->n19->n20->n10,5.4999e+12|5.65563e+13|2.41937e+09|6.89136e+12|2.05589e+11|5.5344e+11|3.69121e+13|6.17253e+13|4.99557e+10|5.2065e+11|2.08257e+11|1.60792e+09|5.32138e+11|2.62018e+13,6.48959e+11|3.81621e+13|3.78731e+08|5.3881e+12|5.40463e+10|9.08242e+10|2.94889e+13|2.37721e+13|8.87997e+09|1.64371e+11|2.23663e+10|2.02403e+08|2.21789e+11|8.71912e+12,0.00015285|3.58423e-05|1.01809e-05|0.000201899|1.73339e-05|2.12038e-05|0.000455172|0.000365537|0.000113525|0.000193857|0.000171925|0.00020417|0.000247429|0.000127206,0.003252|0.000127835|0.000777165|0.000177346|0.000156137|0.00133854|0.00183051|0.000568282|0.000563062|0.00794335|0.00227311|0.00979739|0.00522315|0.000265144,0.0179602|0.0470176|0.016718|0.0147695|0.0116366|0.0184047|0.0310073|0.000619861|0.0484966|0.0142611|0.0373366|0.000790162|0.00611448|0.0409725,0.000546736|0.0468531|0.00829965|0.0456659|0.041832|0.031308|0.0319606|0.0254867|0.00864637|0.0346386|0.0258287|0.0278792|0.0463091|0.02493,0.956543|0.950579|0.942854|0.90843|0.913854|0.98666|0.965597|0.948183|0.930368|0.902379|0.957375|0.971346|0.902472|0.903218,6.22817|4.0358|2.52817|2.55635|1.42439|0.948718|0.103561|2.74568|1.84701|1.64864|2.48855|5.19478|5.254|4.29151,30.2686|65.1286|34.0839|13.2112|13.9548|56.34|92.5451|56.2706|32.2763|27.3162|28.0546|10.3361|29.3778,0.17251|0.16646|0.20313|0.17699|0.190483|0.245639|0.217749|0.203512|0.219818|0.177165|0.168115|0.212112|0.210878,0.827051|0.529375|0.123831|0.78707|0.305271|0.226162|0.738934|0.580023|0.130249|0.674858|0.490037|0.542409|0.138678,0.851523,0.837898,0.0185889,0.555256,0.596445,0.529227,0.225922,0.539254,0.241732,0.844508,60.029,1.54756e-12,39681,0.96775,71.3706,7.91337e-10,47522,0.907488,0.897423,0.0160931,0.236702,0.527636,0.456737,0.279439,0.462384,0.0593942,0.937758,18.7241,3.99128e-10,75313,0.812352,72.2662,3.36135e-11,78161
2,81,n1->n2->n3->n4->n14->n13->n23->n24->n25->n15->n5->n6->n7->n8->n9->n10,5.4999e+12|1.38353e+13|1.53335e+11|1.75942e+09|3.69121e+13|5.5344e+11|5.1585e+13|1.17759e+12|2.26824e+10|6.17253e+13|1.32985e+12|2.83166e+09|1.70314e+11|7.36068e+10|7.28667e+12|2.62018e+13,6.48959e+11|7.23336e+12|8.74502e+10|4.4632e+08|2.94889e+13|9.08242e+10|4.60456e+13|2.01162e+11|7.07863e+09|2.37721e+13|4.5847e+11|1.10743e+09|1.24554e+11|6.47234e+10|4.6263e+12|8.71912e+12,0.00015285|0.000148714|0.000989315|0.00014654|0.000455172|2.12038e-05|6.64364e-05|0.000214835|2.48293e-05|0.000365537|0.000163077|2.77636e-05|0.000279667|0.000102402|1.66587e-05|0.000127206,0.003252|0.000441496|0.000209305|0.00148041|0.00183051|0.00133854|0.00216169|0.000504018|0.00526954|0.000568282|0.000159363|0.00293787|0.00109524|0.000294904|0.00164938|0.000265144,0.0179602|0.0348637|0.0101203|0.0328667|0.0310073|0.0184047|0.0228373|0.0443323|0.0411534|0.000619861|0.0136578|0.041372|0.0184116|0.00528751|0.0479548|0.0409725,0.000546736|0.0478486|0.0269719|0.0360108|0.0319606|0.031308|0.037673|0.040963|0.0451075|0.0254867|0.02637|0.0296728|0.00251899|0.0169153|0.0201069|0.02493,0.956543|0.955815|0.945731|0.960947|0.965597|0.98666|0.903|0.94682|0.98336|0.948183|0.982934|0.956179|0.913586|0.977494|0.90484|0.903218,6.22817|4.1742|3.59128|4.96524|0.103561|0.948718|0.905766|4.85624|6.02932|2.74568|4.26661|2.12743|1.21281|2.40861|5.80128|4.29151,79.8117|37.015|10.4739|52.1141|56.34|51.9585|67.5745|18.2346|54.7186|35.0583|37.2729|32.9383|55.4093|99.595|65.9961,0.228393|0.220946|0.199542|0.24587|0.245639|0.246371|0.16557|0.244005|0.189144|0.240843|0.191968|0.242724|0.191098|0.247422|0.163358,0.725997|0.275354|0.200911|0.356378|0.226162|0.635286|0.122951|0.943216|0.194732|0.606669|0.389873|0.369932|0.821716|0.597712|0.823601,0.851523,0.837898,0.0185889,0.555256,0.596445,0.529227,0.225922,0.539254,0.241732,0.844508,60.029,1.54756e-12,39681,0.96775,71.3706,7.91337e-10,47522,0.907488,0.897423,0.0160931,0.236702,0.527636,0.456737,0.279439,0.462384,0.0593942,0.937758,18.7241,3.99128e-10,75313,0.812352,72.2662,3.36135e-11,78161
2,82,n1->n2->n12->n22->n32->n33->n34->n24->n25->n15->n5->n6->n7->n8->n9->n10,5.4999e+12|1.38353e+13|2.05589e+11|6.89136e+12|1.17872e+12|5.3486e+12|1.56288e+10|1.17759e+12|2.26824e+10|6.17253e+13|1.32985e+12|2.83166e+09|1.70314e+11|7.36068e+10|7.28667e+12|2.62018e+13,6.48959e+11|7.23336e+12|5.40463e+10|5.3881e+12|3.3013e+11|1.17387e+12|7.33382e+09|2.01162e+11|7.07863e+09|2.37721e+13|4.5847e+11|1.10743e+09|1.24554e+11|6.47234e+10|4.6263e+12|8.71912e+12,0.00015285|0.000148714|1.73339e-05|0.000201899|6.27032e-05|0.000399167|3.23779e-05|0.000214835|2.48293e-05|0.000365537|0.000163077|2.77636e-05|0.000279667|0.000102402|1.66587e-05|0.000127206,0.003252|0.000441496|0.000156137|0.000177346|0.00087854|0.00509684|0.00105266|0.000504018|0.00526954|0.000568282|0.000159363|0.00293787|0.00109524|0.000294904|0.00164938|0.000265144,0.0179602|0.0348637|0.0116366|0.0147695|0.0291|0.00767461|0.0474323|0.0443323|0.0411534|0.000619861|0.0136578|0.041372|0.0184116|0.00528751|0.0479548|0.0409725,0.000546736|0.0478486|0.041832|0.0456659|0.0250492|0.0291341|0.0190654|0.040963|0.0451075|0.0254867|0.02637|0.0296728|0.00251899|0.0169153|0.0201069|0.02493,0.956543|0.955815|0.913854|0.90843|0.944854|0.927105|0.983195|0.94682|0.98336|0.948183|0.982934|0.956179|0.913586|0.977494|0.90484|0.903218,6.22817|4.1742|1.42439|2.55635|5.13861|4.64436|6.20116|4.85624|6.02932|2.74568|4.26661|2.12743|1.21281|2.40861|5.80128|4.29151,79.8117|88.6198|13.2112|86.2435|67.4197|23.5709|58.7029|18.2346|54.7186|35.0583|37.2729|32.9383|55.4093|99.595|65.9961,0.228393|0.218328|0.17699|0.224682|0.190613|0.20527|0.209145|0.244005|0.189144|0.240843|0.191968|0.242724|0.191098|0.247422|0.163358,0.725997|0.53516|0.78707|0.142627|0.839596|0.704699|0.654975|0.943216|0.194732|0.606669|0.389873|0.369932|0.821716|0.597712|0.823601,0.851523,0.837898,0.0185889,0.555256,0.596445,0.529227,0.225922,0.539254,0.241732,0.844508,60.029,1.54756e-12,39681,0.96775,71.3706,7.91337e-10,47522,0.907488,0.897423,0.0160931,0.236702,0.527636,0.456737,0.279439,0.462384,0.0593942,0.937758,18.7241,3.99128e-10,75313,0.812352,72.2662,3.36135e-11,78161
2,83,n1->n11->n21->n22->n32->n33->n23->n24->n25->n26->n27->n28->n18->n19->n9->n10,5.4999e+12|5.65563e+13|2.41937e+09|6.89136e+12|1.17872e+12|5.3486e+12|5.1585e+13|1.17759e+12|2.26824e+10|1.38574e+10|2.58309e+09|1.30221e+13|2.08257e+11|1.60792e+09|7.28667e+12|2.62018e+13,6.48959e+11|3.81621e+13|3.78731e+08|5.3881e+12|3.3013e+11|1.17387e+12|4.60456e+13|2.01162e+11|7.07863e+09|1.18442e+10|8.1041e+08|2.05619e+12|2.23663e+10|2.02403e+08|4.6263e+12|8.71912e+12,0.00015285|3.58423e-05|1.01809e-05|0.000201899|6.27032e-05|0.000399167|6.64364e-05|0.000214835|2.48293e-05|0.000138812|0.00059638|0.000271172|0.000171925|0.00020417|1.66587e-05|0.000127206,0.003252|0.000127835|0.000777165|0.000177346|0.00087854|0.00509684|0.00216169|0.000504018|0.00526954|0.000699826|0.00182097|0.00331108|0.00227311|0.00979739|0.00164938|0.000265144,0.0179602|0.0470176|0.016718|0.0147695|0.0291|0.00767461|0.0228373|0.0443323|0.0411534|0.0280187|0.0260488|0.0287435|0.0373366|0.000790162|0.0479548|0.0409725,0.000546736|0.0468531|0.00829965|0.0456659|0.0250492|0.0291341|0.037673|0.040963|0.0451075|0.0171301|0.0214296|0.0431463|0.0258287|0.0278792|0.0201069|0.02493,0.956543|0.950579|0.942854|0.90843|0.944854|0.927105|0.903|0.94682|0.98336|0.927413|0.944118|0.92765|0.957375|0.971346|0.90484|0.903218,6.22817|4.0358|2.52817|2.55635|5.13861|4.64436|0.905766|4.85624|6.02932|1.51622|1.31493|5.53936|2.48855|5.19478|5.80128|4.29151,30.2686|65.1286|34.0839|86.2435|67.4197|76.7594|67.5745|18.2346|55.6995|42.5138|15.3326|43.2583|28.0546|99.0064|65.9961,0.17251|0.16646|0.20313|0.224682|0.190613|0.213966|0.16557|0.244005|0.18627|0.1677|0.223691|0.191747|0.168115|0.169129|0.163358,0.827051|0.529375|0.123831|0.142627|0.839596|0.164408|0.122951|0.943216|0.157575|0.380101|0.821214|0.748413|0.490037|0.377874|0.823601,0.851523,0.837898,0.0185889,0.555256,0.596445,0.529227,0.225922,0.539254,0.241732,0.844508,60.029,1.54756e-12,39681,0.96775,71.3706,7.91337e-10,47522,0.907488,0.897423,0.0160931,0.236702,0.527636,0.456737,0.279439,0.462384,0.0593942,0.937758,18.7241,3.99128e-10,75313,0.812352,72.2662,3.36135e-11,78161
2,84,n1->n2->n12->n13->n3->n4->n5->n6->n16->n26->n27->n28->n18->n19->n20->n10,5.4999e+12|1.38353e+13|2.05589e+11|5.5344e+11|1.53335e+11|1.75942e+09|1.32985e+12|2.83166e+09|4.99557e+10|1.38574e+10|2.58309e+09|1.30221e+13|2.08257e+11|1.60792e+09|5.32138e+11|2.62018e+13,6.48959e+11|7.23336e+12|5.40463e+10|9.08242e+10|8.74502e+10|4.4632e+08|4.5847e+11|1.10743e+09|8.87997e+09|1.18442e+10|8.1041e+08|2.05619e+12|2.23663e+10|2.02403e+08|2.21789e+11|8.71912e+12,0.00015285|0.000148714|1.73339e-05|2.12038e-05|0.000989315|0.00014654|0.000163077|2.77636e-05|0.000113525|0.000138812|0.00059638|0.000271172|0.000171925|0.00020417|0.000247429|0.000127206,0.003252|0.000441496|0.000156137|0.00133854|0.000209305|0.00148041|0.000159363|0.00293787|0.000563062|0.000699826|0.00182097|0.00331108|0.00227311|0.00979739|0.00522315|0.000265144,0.0179602|0.0348637|0.0116366|0.0184047|0.0101203|0.0328667|0.0136578|0.041372|0.0484966|0.0280187|0.0260488|0.0287435|0.0373366|0.000790162|0.00611448|0.0409725,0.000546736|0.0478486|0.041832|0.031308|0.0269719|0.0360108|0.02637|0.0296728|0.00864637|0.0171301|0.0214296|0.0431463|0.0258287|0.0278792|0.0463091|0.02493,0.956543|0.955815|0.913854|0.98666|0.945731|0.960947|0.982934|0.956179|0.930368|0.927413|0.944118|0.92765|0.957375|0.971346|0.902472|0.903218,6.22817|4.1742|1.42439|0.948718|3.59128|4.96524|4.26661|2.12743|1.84701|1.51622|1.31493|5.53936|2.48855|5.19478|5.254|4.29151,79.8117|88.6198|13.9548|83.9106|10.4739|81.7362|37.2729|50.0569|11.0615|42.5138|15.3326|43.2583|28.0546|10.3361|29.3778,0.228393|0.218328|0.190483|0.206647|0.199542|0.174783|0.191968|0.170335|0.184807|0.1677|0.223691|0.191747|0.168115|0.212112|0.210878,0.725997|0.53516|0.305271|0.189939|0.200911|0.219292|0.389873|0.600597|0.184807|0.380101|0.821214|0.748413|0.490037|0.542409|0.138678,0.851523,0.837898,0.0185889,0.555256,0.596445,0.529227,0.225922,0.539254,0.241732,0.844508,60.029,1.54756e-12,39681,0.96775,71.3706,7.91337e-10,47522,0.907488,0.897423,0.0160931,0.236702,0.527636,0.456737,0.279439,0.462384,0.0593942,0.937758,18.7241,3.99128e-10,75313,0.812352,72.2662,3.36135e-11,78161
2,85,n1->n2->n12->n11->n21->n22->n23->n24->n25->n26->n16->n6->n7->n8->n9->n10,5.4999e+12|1.38353e+13|2.05589e+11|5.65563e+13|2.41937e+09|6.89136e+12|5.1585e+13|1.17759e+12|2.26824e+10|1.38574e+10|4.99557e+10|2.83166e+09|1.70314e+11|7.36068e+10|7.28667e+12|2.62018e+13,6.48959e+11|7.23336e+12|5.40463e+10|3.81621e+13|3.78731e+08|5.3881e+12|4.60456e+13|2.01162e+11|7.07863e+09|1.18442e+10|8.87997e+09|1.10743e+09|1.24554e+11|6.47234e+10|4.6263e+12|8.71912e+12,0.00015285|0.000148714|1.73339e-05|3.58423e-05|1.01809e-05|0.000201899|6.64364e-05|0.000214835|2.48293e-05|0.000138812|0.000113525|2.77636e-05|0.000279667|0.000102402|1.66587e-05|0.000127206,0.003252|0.000441496|0.000156137|0.000127835|0.000777165|0.000177346|0.00216169|0.000504018|0.00526954|0.000699826|0.000563062|0.00293787|0.00109524|0.000294904|0.00164938|0.000265144,0.0179602|0.0348637|0.0116366|0.0470176|0.016718|0.0147695|0.0228373|0.0443323|0.0411534|0.0280187|0.0484966|0.041372|0.0184116|0.00528751|0.0479548|0.0409725,0.000546736|0.0478486|0.041832|0.0468531|0.00829965|0.0456659|0.037673|0.040963|0.0451075|0.0171301|0.00864637|0.0296728|0.00251899|0.0169153|0.0201069|0.02493,0.956543|0.955815|0.913854|0.950579|0.942854|0.90843|0.903|0.94682|0.98336|0.927413|0.930368|0.956179|0.913586|0.977494|0.90484|0.903218,6.22817|4.1742|1.42439|4.0358|2.52817|2.55635|0.905766|4.85624|6.02932|1.51622|1.84701|2.12743|1.21281|2.40861|5.80128|4.29151,79.8117|88.6198|24.4191|65.1286|34.0839|55.8812|67.5745|18.2346|55.6995|11.0615|50.0569|32.9383|55.4093|99.595|65.9961,0.228393|0.218328|0.167139|0.16646|0.20313|0.183035|0.16557|0.244005|0.18627|0.184807|0.170335|0.242724|0.191098|0.247422|0.163358,0.725997|0.53516|0.726505|0.529375|0.123831|0.999468|0.122951|0.943216|0.157575|0.184807|0.600597|0.369932|0.821716|0.597712|0.823601,0.851523,0.837898,0.0185889,0.555256,0.596445,0.529227,0.225922,0.539254,0.241732,0.844508,60.029,1.54756e-12,39681,0.96775,71.3706,7.91337e-10,47522,0.907488,0.897423,0.0160931,0.236702,0.527636,0.456737,0.279439,0.462384,0.0593942,0.937758,18.7241,3.99128e-10,75313,0.812352,72.2662,3.36135e-11,78161
2,86,n1->n2->n3->n13->n12->n22->n23->n24->n14->n4->n5->n6->n7->n8->n9->n10,5.4999e+12|1.38353e+13|1.53335e+11|5.5344e+11|2.05589e+11|6.89136e+12|5.1585e+13|1.17759e+12|3.69121e+13|1.75942e+09|1.32985e+12|2.83166e+09|1.70314e+11|7.36068e+10|7.28667e+12|2.62018e+13,6.48959e+11|7.23336e+12|8.74502e+10|9.08242e+10|5.40463e+10|5.3881e+12|4.60456e+13|2.01162e+11|2.94889e+13|4.4632e+08|4.5847e+11|1.10743e+09|1.24554e+11|6.47234e+10|4.6263e+12|8.71912e+12,0.00015285|0.000148714|0.000989315|2.12038e-05|1.73339e-05|0.000201899|6.64364e-05|0.000214835|0.000455172|0.00014654|0.000163077|2.77636e-05|0.000279667|0.000102402|1.66587e-05|0.000127206,0.003252|0.000441496|0.000209305|0.00133854|0.000156137|0.000177346|0.00216169|0.000504018|0.00183051|0.00148041|0.000159363|0.00293787|0.00109524|0.000294904|0.00164938|0.000265144,0.0179602|0.0348637|0.0101203|0.0184047|0.0116366|0.0147695|0.0228373|0.0443323|0.0310073|0.0328667|0.0136578|0.041372|0.0184116|0.00528751|0.0479548|0.0409725,0.000546736|0.0478486|0.0269719|0.031308|0.041832|0.0456659|0.037673|0.040963|0.0319606|0.0360108|0.02637|0.0296728|0.00251899|0.0169153|0.0201069|0.02493,0.956543|0.955815|0.945731|0.98666|0.913854|0.90843|0.903|0.94682|0.965597|0.960947|0.982934|0.956179|0.913586|0.977494|0.90484|0.903218,6.22817|4.1742|3.59128|0.948718|1.42439|2.55635|0.905766|4.85624|0.103561|4.96524|4.26661|2.12743|1.21281|2.40861|5.80128|4.29151,79.8117|37.015|83.9106|13.9548|13.2112|55.8812|67.5745|66.6304|52.1141|81.7362|37.2729|32.9383|55.4093|99.595|65.9961,0.228393|0.220946|0.206647|0.190483|0.17699|0.183035|0.16557|0.223371|0.24587|0.174783|0.191968|0.242724|0.191098|0.247422|0.163358,0.725997|0.275354|0.189939|0.305271|0.78707|0.999468|0.122951|0.83783|0.356378|0.219292|0.389873|0.369932|0.821716|0.597712|0.823601,0.851523,0.837898,0.0185889,0.555256,0.596445,0.529227,0.225922,0.539254,0.241732,0.844508,60.029,1.54756e-12,39681,0.96775,71.3706,7.91337e-10,47522,0.907488,0.897423,0.0160931,0.236702,0.527636,0.456737,0.279439,0.462384,0.0593942,0.937758,18.7241,3.99128e-10,75313,0.812352,72.2662,3.36135e-11,78161
2,87,n1->n11->n12->n22->n32->n33->n34->n24->n14->n4->n5->n6->n7->n8->n9->n10,5.4999e+12|5.65563e+13|2.05589e+11|6.89136e+12|1.17872e+12|5.3486e+12|1.56288e+10|1.17759e+12|3.69121e+13|1.75942e+09|1.32985e+12|2.83166e+09|1.70314e+11|7.36068e+10|7.28667e+12|2.62018e+13,6.48959e+11|3.81621e+13|5.40463e+10|5.3881e+12|3.3013e+11|1.17387e+12|7.33382e+09|2.01162e+11|2.94889e+13|4.4632e+08|4.5847e+11|1.10743e+09|1.24554e+11|6.47234e+10|4.6263e+12|8.71912e+12,0.00015285|3.58423e-05|1.73339e-05|0.000201899|6.27032e-05|0.000399167|3.23779e-05|0.000214835|0.000455172|0.00014654|0.000163077|2.77636e-05|0.000279667|0.000102402|1.66587e-05|0.000127206,0.003252|0.000127835|0.000156137|0.000177346|0.00087854|0.00509684|0.00105266|0.000504018|0.00183051|0.00148041|0.000159363|0.00293787|0.00109524|0.000294904|0.00164938|0.000265144,0.0179602|0.0470176|0.0116366|0.0147695|0.0291|0.00767461|0.0474323|0.0443323|0.0310073|0.0328667|0.0136578|0.041372|0.0184116|0.00528751|0.0479548|0.0409725,0.000546736|0.0468531|0.041832|0.0456659|0.0250492|0.0291341|0.0190654|0.040963|0.0319606|0.0360108|0.02637|0.0296728|0.00251899|0.0169153|0.0201069|0.02493,0.956543|0.950579|0.913854|0.90843|0.944854|0.927105|0.983195|0.94682|0.965597|0.960947|0.982934|0.956179|0.913586|0.977494|0.90484|0.903218,6.22817|4.0358|1.42439|2.55635|5.13861|4.64436|6.20116|4.85624|0.103561|4.96524|4.26661|2.12743|1.21281|2.40861|5.80128|4.29151,30.2686|24.4191|13.2112|86.2435|67.4197|23.5709|58.7029|66.6304|52.1141|81.7362|37.2729|32.9383|55.4093|99.595|65.9961,0.17251|0.167139|0.17699|0.224682|0.190613|0.20527|0.209145|0.223371|0.24587|0.174783|0.191968|0.242724|0.191098|0.247422|0.163358,0.827051|0.726505|0.78707|0.142627|0.839596|0.704699|0.654975|0.83783|0.356378|0.219292|0.389873|0.369932|0.821716|0.597712|0.823601,0.851523,0.837898,0.0185889,0.555256,0.596445,0.529227,0.225922,0.539254,0.241732,0.844508,60.029,1.54756e-12,39681,0.96775,71.3706,7.91337e-10,47522,0.907488,0.897423,0.0160931,0.236702,0.527636,0.456737,0.279439,0.462384,0.0593942,0.937758,18.7241,3.99128e-10,75313,0.812352,72.2662,3.36135e-11,78161
2,88,n1->n2->n12->n13->n23->n33->n34->n35->n25->n15->n5->n6->n7->n8->n9->n10,5.4999e+12|1.38353e+13|2.05589e+11|5.5344e+11|5.1585e+13|5.3486e+12|1.56288e+10|2.36731e+13|2.26824e+10|6.17253e+13|1.32985e+12|2.83166e+09|1.70314e+11|7.36068e+10|7.28667e+12|2.62018e+13,6.48959e+11|7.23336e+12|5.40463e+10|9.08242e+10|4.60456e+13|1.17387e+12|7.33382e+09|3.46833e+12|7.07863e+09|2.37721e+13|4.5847e+11|1.10743e+09|1.24554e+11|6.47234e+10|4.6263e+12|8.71912e+12,0.00015285|0.000148714|1.73339e-05|2.12038e-05|6.64364e-05|0.000399167|3.23779e-05|0.000435829|2.48293e-05|0.000365537|0.000163077|2.77636e-05|0.000279667|0.000102402|1.66587e-05|0.000127206,0.003252|0.000441496|0.000156137|0.00133854|0.00216169|0.00509684|0.00105266|0.000115957|0.00526954|0.000568282|0.000159363|0.00293787|0.00109524|0.000294904|0.00164938|0.000265144,0.0179602|0.0348637|0.0116366|0.0184047|0.0228373|0.00767461|0.0474323|0.0196651|0.0411534|0.000619861|0.0136578|0.041372|0.0184116|0.00528751|0.0479548|0.0409725,0.000546736|0.0478486|0.041832|0.031308|0.037673|0.0291341|0.0190654|0.0435367|0.0451075|0.0254867|0.02637|0.0296728|0.00251899|0.0169153|0.0201069|0.02493,0.956543|0.955815|0.913854|0.98666|0.903|0.927105|0.983195|0.965431|0.98336|0.948183|0.982934|0.956179|0.913586|0.977494|0.90484|0.903218,6.22817|4.1742|1.42439|0.948718|0.905766|4.64436|6.20116|3.34731|6.02932|2.74568|4.26661|2.12743|1.21281|2.40861|5.80128|4.29151,79.8117|88.6198|13.9548|51.9585|76.7594|23.5709|31.5608|88.4205|54.7186|35.0583|37.2729|32.9383|55.4093|99.595|65.9961,0.228393|0.218328|0.190483|0.246371|0.213966|0.20527|0.229646|0.226371|0.189144|0.240843|0.191968|0.242724|0.191098|0.247422|0.163358,0.725997|0.53516|0.305271|0.635286|0.164408|0.704699|0.453439|0.191607|0.194732|0.606669|0.389873|0.369932|0.821716|0.597712|0.823601,0.851523,0.837898,0.0185889,0.555256,0.596445,0.529227,0.225922,0.539254,0.241732,0.844508,60.029,1.54756e-12,39681,0.96775,71.3706,7.91337e-10,47522,0.907488,0.897423,0.0160931,0.236702,0.527636,0.456737,0.279439,0.462384,0.0593942,0.937758,18.7241,3.99128e-10,75313,0.812352,72.2662,3.36135e-11,78161
2,89,n1->n11->n21->n22->n12->n2->n3->n4->n5->n15->n16->n6->n7->n8->n9->n10,5.4999e+12|5.65563e+13|2.41937e+09|6.89136e+12|2.05589e+11|1.38353e+13|1.53335e+11|1.75942e+09|1.32985e+12|6.17253e+13|4.99557e+10|2.83166e+09|1.70314e+11|7.36068e+10|7.28667e+12|2.62018e+13,6.48959e+11|3.81621e+13|3.78731e+08|5.3881e+12|5.40463e+10|7.23336e+12|8.74502e+10|4.4632e+08|4.5847e+11|2.37721e+13|8.87997e+09|1.10743e+09|1.24554e+11|6.47234e+10|4.6263e+12|8.71912e+12,0.00015285|3.58423e-05|1.01809e-05|0.000201899|1.73339e-05|0.000148714|0.000989315|0.00014654|0.000163077|0.000365537|0.000113525|2.77636e-05|0.000279667|0.000102402|1.66587e-05|0.000127206,0.003252|0.000127835|0.000777165|0.000177346|0.000156137|0.000441496|0.000209305|0.00148041|0.000159363|0.000568282|0.000563062|0.00293787|0.00109524|0.000294904|0.00164938|0.000265144,0.0179602|0.0470176|0.016718|0.0147695|0.0116366|0.0348637|0.0101203|0.0328667|0.0136578|0.000619861|0.0484966|0.041372|0.0184116|0.00528751|0.0479548|0.0409725,0.000546736|0.0468531|0.00829965|0.0456659|0.041832|0.0478486|0.0269719|0.0360108|0.02637|0.0254867|0.00864637|0.0296728|0.00251899|0.0169153|0.0201069|0.02493,0.956543|0.950579|0.942854|0.90843|0.913854|0.955815|0.945731|0.960947|0.982934|0.948183|0.930368|0.956179|0.913586|0.977494|0.90484|0.903218,6.22817|4.0358|2.52817|2.55635|1.42439|4.1742|3.59128|4.96524|4.26661|2.74568|1.84701|2.12743|1.21281|2.40861|5.80128|4.29151,30.2686|65.1286|34.0839|13.2112|88.6198|37.015|10.4739|81.7362|35.0583|56.2706|50.0569|32.9383|55.4093|99.595|65.9961,0.17251|0.16646|0.20313|0.17699|0.218328|0.220946|0.199542|0.174783|0.240843|0.203512|0.170335|0.242724|0.191098|0.247422|0.163358,0.827051|0.529375|0.123831|0.78707|0.53516|0.275354|0.200911|0.219292|0.606669|0.580023|0.600597|0.369932|0.821716|0.597712|0.823601,0.851523,0.837898,0.0185889,0.555256,0.596445,0.529227,0.225922,0.539254,0.241732,0.844508,60.029,1.54756e-12,39681,0.96775,71.3706,7.91337e-10,47522,0.907488,0.897423,0.0160931,0.236702,0.527636,0.456737,0.279439,0.462384,0.0593942,0.937758,18.7241,3.99128e-10,75313,0.812352,72.2662,3.36135e-11,78161
2,90,n1->n2->n12->n11->n21->n22->n23->n13->n3->n4->n5->n6->n7->n8->n9->n10,5.4999e+12|1.38353e+13|2.05589e+11|5.65563e+13|2.41937e+09|6.89136e+12|5.1585e+13|5.5344e+11|1.53335e+11|1.75942e+09|1.32985e+12|2.83166e+09|1.70314e+11|7.36068e+10|7.28667e+12|2.62018e+13,6.48959e+11|7.23336e+12|5.40463e+10|3.81621e+13|3.78731e+08|5.3881e+12|4.60456e+13|9.08242e+10|8.74502e+10|4.4632e+08|4.5847e+11|1.10743e+09|1.24554e+11|6.47234e+10|4.6263e+12|8.71912e+12,0.00015285|0.000148714|1.73339e-05|3.58423e-05|1.01809e-05|0.000201899|6.64364e-05|2.12038e-05|0.000989315|0.00014654|0.000163077|2.77636e-05|0.000279667|0.000102402|1.66587e-05|0.000127206,0.003252|0.000441496|0.000156137|0.000127835|0.000777165|0.000177346|0.00216169|0.00133854|0.000209305|0.00148041|0.000159363|0.00293787|0.00109524|0.000294904|0.00164938|0.000265144,0.0179602|0.0348637|0.0116366|0.0470176|0.016718|0.0147695|0.0228373|0.0184047|0.0101203|0.0328667|0.0136578|0.041372|0.0184116|0.00528751|0.0479548|0.0409725,0.000546736|0.0478486|0.041832|0.0468531|0.00829965|0.0456659|0.037673|0.031308|0.0269719|0.0360108|0.02637|0.0296728|0.00251899|0.0169153|0.0201069|0.02493,0.956543|0.955815|0.913854|0.950579|0.942854|0.90843|0.903|0.98666|0.945731|0.960947|0.982934|0.956179|0.913586|0.977494|0.90484|0.903218,6.22817|4.1742|1.42439|4.0358|2.52817|2.55635|0.905766|0.948718|3.59128|4.96524|4.26661|2.12743|1.21281|2.40861|5.80128|4.29151,79.8117|88.6198|24.4191|65.1286|34.0839|55.8812|51.9585|83.9106|10.4739|81.7362|37.2729|32.9383|55.4093|99.595|65.9961,0.228393|0.218328|0.167139|0.16646|0.20313|0.183035|0.246371|0.206647|0.199542|0.174783|0.191968|0.242724|0.191098|0.247422|0.163358,0.725997|0.53516|0.726505|0.529375|0.123831|0.999468|0.635286|0.189939|0.200911|0.219292|0.389873|0.369932|0.821716|0.597712|0.823601,0.851523,0.837898,0.0185889,0.555256,0.596445,0.529227,0.225922,0.539254,0.241732,0.844508,60.029,1.54756e-12,39681,0.96775,71.3706,7.91337e-10,47522,0.907488,0.897423,0.0160931,0.236702,0.527636,0.456737,0.279439,0.462384,0.0593942,0.937758,18.7241,3.99128e-10,75313,0.812352,72.2662,3.36135e-11,78161
2,91,n1->n2->n3->n13->n23->n24->n14->n15->n16->n26->n27->n17->n18->n8->n9->n10,5.4999e+12|1.38353e+13|1.53335e+11|5.5344e+11|5.1585e+13|1.17759e+12|3.69121e+13|6.17253e+13|4.99557e+10|1.38574e+10|2.58309e+09|5.2065e+11|2.08257e+11|7.36068e+10|7.28667e+12|2.62018e+13,6.48959e+11|7.23336e+12|8.74502e+10|9.08242e+10|4.60456e+13|2.01162e+11|2.94889e+13|2.37721e+13|8.87997e+09|1.18442e+10|8.1041e+08|1.64371e+11|2.23663e+10|6.47234e+10|4.6263e+12|8.71912e+12,0.00015285|0.000148714|0.000989315|2.12038e-05|6.64364e-05|0.000214835|0.000455172|0.000365537|0.000113525|0.000138812|0.00059638|0.000193857|0.000171925|0.000102402|1.66587e-05|0.000127206,0.003252|0.000441496|0.000209305|0.00133854|0.00216169|0.000504018|0.00183051|0.000568282|0.000563062|0.000699826|0.00182097|0.00794335|0.00227311|0.000294904|0.00164938|0.000265144,0.0179602|0.0348637|0.0101203|0.0184047|0.0228373|0.0443323|0.0310073|0.000619861|0.0484966|0.0280187|0.0260488|0.0142611|0.0373366|0.00528751|0.0479548|0.0409725,0.000546736|0.0478486|0.0269719|0.031308|0.037673|0.040963|0.0319606|0.0254867|0.00864637|0.0171301|0.0214296|0.0346386|0.0258287|0.0169153|0.0201069|0.02493,0.956543|0.955815|0.945731|0.98666|0.903|0.94682|0.965597|0.948183|0.930368|0.927413|0.944118|0.902379|0.957375|0.977494|0.90484|0.903218,6.22817|4.1742|3.59128|0.948718|0.905766|4.85624|0.103561|2.74568|1.84701|1.51622|1.31493|1.64864|2.48855|2.40861|5.80128|4.29151,79.8117|37.015|83.9106|51.9585|67.5745|66.6304|92.5451|56.2706|11.0615|42.5138|72.2829|27.3162|81.3396|99.595|65.9961,0.228393|0.220946|0.206647|0.246371|0.16557|0.223371|0.217749|0.203512|0.184807|0.1677|0.216563|0.177165|0.184383|0.247422|0.163358,0.725997|0.275354|0.189939|0.635286|0.122951|0.83783|0.738934|0.580023|0.184807|0.380101|0.478949|0.674858|0.540078|0.597712|0.823601,0.851523,0.837898,0.0185889,0.555256,0.596445,0.529227,0.225922,0.539254,0.241732,0.844508,60.029,1.54756e-12,39681,0.96775,71.3706,7.91337e-10,47522,0.907488,0.897423,0.0160931,0.236702,0.527636,0.456737,0.279439,0.462384,0.0593942,0.937758,18.7241,3.99128e-10,75313,0.812352,72.2662,3.36135e-11,78161
2,92,n1->n11->n12->n22->n23->n33->n34->n35->n25->n15->n16->n6->n7->n8->n9->n10,5.4999e+12|5.65563e+13|2.05589e+11|6.89136e+12|5.1585e+13|5.3486e+12|1.56288e+10|2.36731e+13|2.26824e+10|6.17253e+13|4.99557e+10|2.83166e+09|1.70314e+11|7.36068e+10|7.28667e+12|2.62018e+13,6.48959e+11|3.81621e+13|5.40463e+10|5.3881e+12|4.60456e+13|1.17387e+12|7.33382e+09|3.46833e+12|7.07863e+09|2.37721e+13|8.87997e+09|1.10743e+09|1.24554e+11|6.47234e+10|4.6263e+12|8.71912e+12,0.00015285|3.58423e-05|1.73339e-05|0.000201899|6.64364e-05|0.000399167|3.23779e-05|0.000435829|2.48293e-05|0.000365537|0.000113525|2.77636e-05|0.000279667|0.000102402|1.66587e-05|0.000127206,0.003252|0.000127835|0.000156137|0.000177346|0.00216169|0.00509684|0.00105266|0.000115957|0.00526954|0.000568282|0.000563062|0.00293787|0.00109524|0.000294904|0.00164938|0.000265144,0.0179602|0.0470176|0.0116366|0.0147695|0.0228373|0.00767461|0.0474323|0.0196651|0.0411534|0.000619861|0.0484966|0.041372|0.0184116|0.00528751|0.0479548|0.0409725,0.000546736|0.0468531|0.041832|0.0456659|0.037673|0.0291341|0.0190654|0.0435367|0.0451075|0.0254867|0.00864637|0.0296728|0.00251899|0.0169153|0.0201069|0.02493,0.956543|0.950579|0.913854|0.90843|0.903|0.927105|0.983195|0.965431|0.98336|0.948183|0.930368|0.956179|0.913586|0.977494|0.90484|0.903218,6.22817|4.0358|1.42439|2.55635|0.905766|4.64436|6.20116|3.34731|6.02932|2.74568|1.84701|2.12743|1.21281|2.40861|5.80128|4.29151,30.2686|24.4191|13.2112|55.8812|76.7594|23.5709|31.5608|88.4205|54.7186|56.2706|50.0569|32.9383|55.4093|99.595|65.9961,0.17251|0.167139|0.17699|0.183035|0.213966|0.20527|0.229646|0.226371|0.189144|0.203512|0.170335|0.242724|0.191098|0.247422|0.163358,0.827051|0.726505|0.78707|0.999468|0.164408|0.704699|0.453439|0.191607|0.194732|0.580023|0.600597|0.369932|0.821716|0.597712|0.823601,0.851523,0.837898,0.0185889,0.555256,0.596445,0.529227,0.225922,0.539254,0.241732,0.844508,60.029,1.54756e-12,39681,0.96775,71.3706,7.91337e-10,47522,0.907488,0.897423,0.0160931,0.236702,0.527636,0.456737,0.279439,0.462384,0.0593942,0.937758,18.7241,3.99128e-10,75313,0.812352,72.2662,3.36135e-11,78161
2,93,n1->n11->n21->n31->n32->n22->n23->n13->n14->n4->n5->n6->n7->n8->n9->n10,5.4999e+12|5.65563e+13|2.41937e+09|9.34158e+10|1.17872e+12|6.89136e+12|5.1585e+13|5.5344e+11|3.69121e+13|1.75942e+09|1.32985e+12|2.83166e+09|1.70314e+11|7.36068e+10|7.28667e+12|2.62018e+13,6.48959e+11|3.81621e+13|3.78731e+08|1.64589e+10|3.3013e+11|5.3881e+12|4.60456e+13|9.08242e+10|2.94889e+13|4.4632e+08|4.5847e+11|1.10743e+09|1.24554e+11|6.47234e+10|4.6263e+12|8.71912e+12,0.00015285|3.58423e-05|1.01809e-05|9.62101e-05|6.27032e-05|0.000201899|6.64364e-05|2.12038e-05|0.000455172|0.00014654|0.000163077|2.77636e-05|0.000279667|0.000102402|1.66587e-05|0.000127206,0.003252|0.000127835|0.000777165|0.00408916|0.00087854|0.000177346|0.00216169|0.00133854|0.00183051|0.00148041|0.000159363|0.00293787|0.00109524|0.000294904|0.00164938|0.000265144,0.0179602|0.0470176|0.016718|0.0447582|0.0291|0.0147695|0.0228373|0.0184047|0.0310073|0.0328667|0.0136578|0.041372|0.0184116|0.00528751|0.0479548|0.0409725,0.000546736|0.0468531|0.00829965|0.00350572|0.0250492|0.0456659|0.037673|0.031308|0.0319606|0.0360108|0.02637|0.0296728|0.00251899|0.0169153|0.0201069|0.02493,0.956543|0.950579|0.942854|0.954608|0.944854|0.90843|0.903|0.98666|0.965597|0.960947|0.982934|0.956179|0.913586|0.977494|0.90484|0.903218,6.22817|4.0358|2.52817|2.93597|5.13861|2.55635|0.905766|0.948718|0.103561|4.96524|4.26661|2.12743|1.21281|2.40861|5.80128|4.29151,30.2686|65.1286|89.2299|63.0993|86.2435|55.8812|51.9585|56.34|52.1141|81.7362|37.2729|32.9383|55.4093|99.595|65.9961,0.17251|0.16646|0.244826|0.20722|0.224682|0.183035|0.246371|0.245639|0.24587|0.174783|0.191968|0.242724|0.191098|0.247422|0.163358,0.827051|0.529375|0.387257|0.894814|0.142627|0.999468|0.635286|0.226162|0.356378|0.219292|0.389873|0.369932|0.821716|0.597712|0.823601,0.851523,0.837898,0.0185889,0.555256,0.596445,0.529227,0.225922,0.539254,0.241732,0.844508,60.029,1.54756e-12,39681,0.96775,71.3706,7.91337e-10,47522,0.907488,0.897423,0.0160931,0.236702,0.527636,0.456737,0.279439,0.462384,0.0593942,0.937758,18.7241,3.99128e-10,75313,0.812352,72.2662,3.36135e-11,78161
2,94,n1->n2->n3->n4->n5->n15->n14->n24->n25->n26->n16->n17->n7->n8->n9->n10,5.4999e+12|1.38353e+13|1.53335e+11|1.75942e+09|1.32985e+12|6.17253e+13|3.69121e+13|1.17759e+12|2.26824e+10|1.38574e+10|4.99557e+10|5.2065e+11|1.70314e+11|7.36068e+10|7.28667e+12|2.62018e+13,6.48959e+11|7.23336e+12|8.74502e+10|4.4632e+08|4.5847e+11|2.37721e+13|2.94889e+13|2.01162e+11|7.07863e+09|1.18442e+10|8.87997e+09|1.64371e+11|1.24554e+11|6.47234e+10|4.6263e+12|8.71912e+12,0.00015285|0.000148714|0.000989315|0.00014654|0.000163077|0.000365537|0.000455172|0.000214835|2.48293e-05|0.000138812|0.000113525|0.000193857|0.000279667|0.000102402|1.66587e-05|0.000127206,0.003252|0.000441496|0.000209305|0.00148041|0.000159363|0.000568282|0.00183051|0.000504018|0.00526954|0.000699826|0.000563062|0.00794335|0.00109524|0.000294904|0.00164938|0.000265144,0.0179602|0.0348637|0.0101203|0.0328667|0.0136578|0.000619861|0.0310073|0.0443323|0.0411534|0.0280187|0.0484966|0.0142611|0.0184116|0.00528751|0.0479548|0.0409725,0.000546736|0.0478486|0.0269719|0.0360108|0.02637|0.0254867|0.0319606|0.040963|0.0451075|0.0171301|0.00864637|0.0346386|0.00251899|0.0169153|0.0201069|0.02493,0.956543|0.955815|0.945731|0.960947|0.982934|0.948183|0.965597|0.94682|0.98336|0.927413|0.930368|0.902379|0.913586|0.977494|0.90484|0.903218,6.22817|4.1742|3.59128|4.96524|4.26661|2.74568|0.103561|4.85624|6.02932|1.51622|1.84701|1.64864|1.21281|2.40861|5.80128|4.29151,79.8117|37.015|10.4739|81.7362|35.0583|92.5451|66.6304|18.2346|55.6995|11.0615|32.2763|59.8148|55.4093|99.595|65.9961,0.228393|0.220946|0.199542|0.174783|0.240843|0.217749|0.223371|0.244005|0.18627|0.184807|0.219818|0.239148|0.191098|0.247422|0.163358,0.725997|0.275354|0.200911|0.219292|0.606669|0.738934|0.83783|0.943216|0.157575|0.184807|0.130249|0.525316|0.821716|0.597712|0.823601,0.851523,0.837898,0.0185889,0.555256,0.596445,0.529227,0.225922,0.539254,0.241732,0.844508,60.029,1.54756e-12,39681,0.96775,71.3706,7.91337e-10,47522,0.907488,0.897423,0.0160931,0.236702,0.527636,0.456737,0.279439,0.462384,0.0593942,0.937758,18.7241,3.99128e-10,75313,0.812352,72.2662,3.36135e-11,78161
2,95,n1->n2->n12->n22->n23->n13->n3->n4->n14->n15->n16->n6->n7->n8->n9->n10,5.4999e+12|1.38353e+13|2.05589e+11|6.89136e+12|5.1585e+13|5.5344e+11|1.53335e+11|1.75942e+09|3.69121e+13|6.17253e+13|4.99557e+10|2.83166e+09|1.70314e+11|7.36068e+10|7.28667e+12|2.62018e+13,6.48959e+11|7.23336e+12|5.40463e+10|5.3881e+12|4.60456e+13|9.08242e+10|8.74502e+10|4.4632e+08|2.94889e+13|2.37721e+13|8.87997e+09|1.10743e+09|1.24554e+11|6.47234e+10|4.6263e+12|8.71912e+12,0.00015285|0.000148714|1.73339e-05|0.000201899|6.64364e-05|2.12038e-05|0.000989315|0.00014654|0.000455172|0.000365537|0.000113525|2.77636e-05|0.000279667|0.000102402|1.66587e-05|0.000127206,0.003252|0.000441496|0.000156137|0.000177346|0.00216169|0.00133854|0.000209305|0.00148041|0.00183051|0.000568282|0.000563062|0.00293787|0.00109524|0.000294904|0.00164938|0.000265144,0.0179602|0.0348637|0.0116366|0.0147695|0.0228373|0.0184047|0.0101203|0.0328667|0.0310073|0.000619861|0.0484966|0.041372|0.0184116|0.00528751|0.0479548|0.0409725,0.000546736|0.0478486|0.041832|0.0456659|0.037673|0.031308|0.0269719|0.0360108|0.0319606|0.0254867|0.00864637|0.0296728|0.00251899|0.0169153|0.0201069|0.02493,0.956543|0.955815|0.913854|0.90843|0.903|0.98666|0.945731|0.960947|0.965597|0.948183|0.930368|0.956179|0.913586|0.977494|0.90484|0.903218,6.22817|4.1742|1.42439|2.55635|0.905766|0.948718|3.59128|4.96524|0.103561|2.74568|1.84701|2.12743|1.21281|2.40861|5.80128|4.29151,79.8117|88.6198|13.2112|55.8812|51.9585|83.9106|10.4739|52.1141|92.5451|56.2706|50.0569|32.9383|55.4093|99.595|65.9961,0.228393|0.218328|0.17699|0.183035|0.246371|0.206647|0.199542|0.24587|0.217749|0.203512|0.170335|0.242724|0.191098|0.247422|0.163358,0.725997|0.53516|0.78707|0.999468|0.635286|0.189939|0.200911|0.356378|0.738934|0.580023|0.600597|0.369932|0.821716|0.597712|0.823601,0.851523,0.837898,0.0185889,0.555256,0.596445,0.529227,0.225922,0.539254,0.241732,0.844508,60.029,1.54756e-12,39681,0.96775,71.3706,7.91337e-10,47522,0.907488,0.897423,0.0160931,0.236702,0.527636,0.456737,0.279439,0.462384,0.0593942,0.937758,18.7241,3.99128e-10,75313,0.812352,72.2662,3.36135e-11,78161
2,96,n1->n11->n12->n2->n3->n13->n23->n24->n14->n4->n5->n6->n7->n8->n9->n10,5.4999e+12|5.65563e+13|2.05589e+11|1.38353e+13|1.53335e+11|5.5344e+11|5.1585e+13|1.17759e+12|3.69121e+13|1.75942e+09|1.32985e+12|2.83166e+09|1.70314e+11|7.36068e+10|7.28667e+12|2.62018e+13,6.48959e+11|3.81621e+13|5.40463e+10|7.23336e+12|8.74502e+10|9.08242e+10|4.60456e+13|2.01162e+11|2.94889e+13|4.4632e+08|4.5847e+11|1.10743e+09|1.24554e+11|6.47234e+10|4.6263e+12|8.71912e+12,0.00015285|3.58423e-05|1.73339e-05|0.000148714|0.000989315|2.12038e-05|6.64364e-05|0.000214835|0.000455172|0.00014654|0.000163077|2.77636e-05|0.000279667|0.000102402|1.66587e-05|0.000127206,0.003252|0.000127835|0.000156137|0.000441496|0.000209305|0.00133854|0.00216169|0.000504018|0.00183051|0.00148041|0.000159363|0.00293787|0.00109524|0.000294904|0.00164938|0.000265144,0.0179602|0.0470176|0.0116366|0.0348637|0.0101203|0.0184047|0.0228373|0.0443323|0.0310073|0.0328667|0.0136578|0.041372|0.0184116|0.00528751|0.0479548|0.0409725,0.000546736|0.0468531|0.041832|0.0478486|0.0269719|0.031308|0.037673|0.040963|0.0319606|0.0360108|0.02637|0.0296728|0.00251899|0.0169153|0.0201069|0.02493,0.956543|0.950579|0.913854|0.955815|0.945731|0.98666|0.903|0.94682|0.965597|0.960947|0.982934|0.956179|0.913586|0.977494|0.90484|0.903218,6.22817|4.0358|1.42439|4.1742|3.59128|0.948718|0.905766|4.85624|0.103561|4.96524|4.26661|2.12743|1.21281|2.40861|5.80128|4.29151,30.2686|24.4191|88.6198|37.015|83.9106|51.9585|67.5745|66.6304|52.1141|81.7362|37.2729|32.9383|55.4093|99.595|65.9961,0.17251|0.167139|0.218328|0.220946|0.206647|0.246371|0.16557|0.223371|0.24587|0.174783|0.191968|0.242724|0.191098|0.247422|0.163358,0.827051|0.726505|0.53516|0.275354|0.189939|0.635286|0.122951|0.83783|0.356378|0.219292|0.389873|0.369932|0.821716|0.597712|0.823601,0.851523,0.837898,0.0185889,0.555256,0.596445,0.529227,0.225922,0.539254,0.241732,0.844508,60.029,1.54756e-12,39681,0.96775,71.3706,7.91337e-10,47522,0.907488,0.897423,0.0160931,0.236702,0.527636,0.456737,0.279439,0.462384,0.0593942,0.937758,18.7241,3.99128e-10,75313,0.812352,72.2662,3.36135e-11,78161
2,97,n1->n11->n21->n31->n32->n22->n23->n13->n14->n15->n16->n17->n7->n8->n9->n10,5.4999e+12|5.65563e+13|2.41937e+09|9.34158e+10|1.17872e+12|6.89136e+12|5.1585e+13|5.5344e+11|3.69121e+13|6.17253e+13|4.99557e+10|5.2065e+11|1.70314e+11|7.36068e+10|7.28667e+12|2.62018e+13,6.48959e+11|3.81621e+13|3.78731e+08|1.64589e+10|3.3013e+11|5.3881e+12|4.60456e+13|9.08242e+10|2.94889e+13|2.37721e+13|8.87997e+09|1.64371e+11|1.24554e+11|6.47234e+10|4.6263e+12|8.71912e+12,0.00015285|3.58423e-05|1.01809e-05|9.62101e-05|6.27032e-05|0.000201899|6.64364e-05|2.12038e-05|0.000455172|0.000365537|0.000113525|0.000193857|0.000279667|0.000102402|1.66587e-05|0.000127206,0.003252|0.000127835|0.000777165|0.00408916|0.00087854|0.000177346|0.00216169|0.00133854|0.00183051|0.000568282|0.000563062|0.00794335|0.00109524|0.000294904|0.00164938|0.000265144,0.0179602|0.0470176|0.016718|0.0447582|0.0291|0.0147695|0.0228373|0.0184047|0.0310073|0.000619861|0.0484966|0.0142611|0.0184116|0.00528751|0.0479548|0.0409725,0.000546736|0.0468531|0.00829965|0.00350572|0.0250492|0.0456659|0.037673|0.031308|0.0319606|0.0254867|0.00864637|0.0346386|0.00251899|0.0169153|0.0201069|0.02493,0.956543|0.950579|0.942854|0.954608|0.944854|0.90843|0.903|0.98666|0.965597|0.948183|0.930368|0.902379|0.913586|0.977494|0.90484|0.903218,6.22817|4.0358|2.52817|2.93597|5.13861|2.55635|0.905766|0.948718|0.103561|2.74568|1.84701|1.64864|1.21281|2.40861|5.80128|4.29151,30.2686|65.1286|89.2299|63.0993|86.2435|55.8812|51.9585|56.34|92.5451|56.2706|32.2763|59.8148|55.4093|99.595|65.9961,0.17251|0.16646|0.244826|0.20722|0.224682|0.183035|0.246371|0.245639|0.217749|0.203512|0.219818|0.239148|0.191098|0.247422|0.163358,0.827051|0.529375|0.387257|0.894814|0.142627|0.999468|0.635286|0.226162|0.738934|0.580023|0.130249|0.525316|0.821716|0.597712|0.823601,0.851523,0.837898,0.0185889,0.555256,0.596445,0.529227,0.225922,0.539254,0.241732,0.844508,60.029,1.54756e-12,39681,0.96775,71.3706,7.91337e-10,47522,0.907488,0.897423,0.0160931,0.236702,0.527636,0.456737,0.279439,0.462384,0.0593942,0.937758,18.7241,3.99128e-10,75313,0.812352,72.2662,3.36135e-11,78161
2,98,n1->n11->n21->n22->n23->n13->n12->n2->n3->n4->n5->n6->n7->n8->n9->n10,5.4999e+12|5.65563e+13|2.41937e+09|6.89136e+12|5.1585e+13|5.5344e+11|2.05589e+11|1.38353e+13|1.53335e+11|1.75942e+09|1.32985e+12|2.83166e+09|1.70314e+11|7.36068e+10|7.28667e+12|2.62018e+13,6.48959e+11|3.81621e+13|3.78731e+08|5.3881e+12|4.60456e+13|9.08242e+10|5.40463e+10|7.23336e+12|8.74502e+10|4.4632e+08|4.5847e+11|1.10743e+09|1.24554e+11|6.47234e+10|4.6263e+12|8.71912e+12,0.00015285|3.58423e-05|1.01809e-05|0.000201899|6.64364e-05|2.12038e-05|1.73339e-05|0.000148714|0.000989315|0.00014654|0.000163077|2.77636e-05|0.000279667|0.000102402|1.66587e-05|0.000127206,0.003252|0.000127835|0.000777165|0.000177346|0.00216169|0.00133854|0.000156137|0.000441496|0.000209305|0.00148041|0.000159363|0.00293787|0.00109524|0.000294904|0.00164938|0.000265144,0.0179602|0.0470176|0.016718|0.0147695|0.0228373|0.0184047|0.0116366|0.0348637|0.0101203|0.0328667|0.0136578|0.041372|0.0184116|0.00528751|0.0479548|0.0409725,0.000546736|0.0468531|0.00829965|0.0456659|0.037673|0.031308|0.041832|0.0478486|0.0269719|0.0360108|0.02637|0.0296728|0.00251899|0.0169153|0.0201069|0.02493,0.956543|0.950579|0.942854|0.90843|0.903|0.98666|0.913854|0.955815|0.945731|0.960947|0.982934|0.956179|0.913586|0.977494|0.90484|0.903218,6.22817|4.0358|2.52817|2.55635|0.905766|0.948718|1.42439|4.1742|3.59128|4.96524|4.26661|2.12743|1.21281|2.40861|5.80128|4.29151,30.2686|65.1286|34.0839|55.8812|51.9585|13.9548|88.6198|37.015|10.4739|81.7362|37.2729|32.9383|55.4093|99.595|65.9961,0.17251|0.16646|0.20313|0.183035|0.246371|0.190483|0.218328|0.220946|0.199542|0.174783|0.191968|0.242724|0.191098|0.247422|0.163358,0.827051|0.529375|0.123831|0.999468|0.635286|0.305271|0.53516|0.275354|0.200911|0.219292|0.389873|0.369932|0.821716|0.597712|0.823601,0.851523,0.837898,0.0185889,0.555256,0.596445,0.529227,0.225922,0.539254,0.241732,0.844508,60.029,1.54756e-12,39681,0.96775,71.3706,7.91337e-10,47522,0.907488,0.897423,0.0160931,0.236702,0.527636,0.456737,0.279439,0.462384,0.0593942,0.937758,18.7241,3.99128e-10,75313,0.812352,72.2662,3.36135e-11,78161
2,99,n1->n11->n21->n22->n23->n33->n34->n24->n14->n4->n5->n6->n7->n8->n9->n10,5.4999e+12|5.65563e+13|2.41937e+09|6.89136e+12|5.1585e+13|5.3486e+12|1.56288e+10|1.17759e+12|3.69121e+13|1.75942e+09|1.32985e+12|2.83166e+09|1.70314e+11|7.36068e+10|7.28667e+12|2.62018e+13,6.48959e+11|3.81621e+13|3.78731e+08|5.3881e+12|4.60456e+13|1.17387e+12|7.33382e+09|2.01162e+11|2.94889e+13|4.4632e+08|4.5847e+11|1.10743e+09|1.24554e+11|6.47234e+10|4.6263e+12|8.71912e+12,0.00015285|3.58423e-05|1.01809e-05|0.000201899|6.64364e-05|0.000399167|3.23779e-05|0.000214835|0.000455172|0.00014654|0.000163077|2.77636e-05|0.000279667|0.000102402|1.66587e-05|0.000127206,0.003252|0.000127835|0.000777165|0.000177346|0.00216169|0.00509684|0.00105266|0.000504018|0.00183051|0.00148041|0.000159363|0.00293787|0.00109524|0.000294904|0.00164938|0.000265144,0.0179602|0.0470176|0.016718|0.0147695|0.0228373|0.00767461|0.0474323|0.0443323|0.0310073|0.0328667|0.0136578|0.041372|0.0184116|0.00528751|0.0479548|0.0409725,0.000546736|0.0468531|0.00829965|0.0456659|0.037673|0.0291341|0.0190654|0.040963|0.0319606|0.0360108|0.02637|0.0296728|0.00251899|0.0169153|0.0201069|0.02493,0.956543|0.950579|0.942854|0.90843|0.903|0.927105|0.983195|0.94682|0.965597|0.960947|0.982934|0.956179|0.913586|0.977494|0.90484|0.903218,6.22817|4.0358|2.52817|2.55635|0.905766|4.64436|6.20116|4.85624|0.103561|4.96524|4.26661|2.12743|1.21281|2.40861|5.80128|4.29151,30.2686|65.1286|34.0839|55.8812|76.7594|23.5709|58.7029|66.6304|52.1141|81.7362|37.2729|32.9383|55.4093|99.595|65.9961,0.17251|0.16646|0.20313|0.183035|0.213966|0.20527|0.209145|0.223371|0.24587|0.174783|0.191968|0.242724|0.191098|0.247422|0.163358,0.827051|0.529375|0.123831|0.999468|0.164408|0.704699|0.654975|0.83783|0.356378|0.219292|0.389873|0.369932|0.821716|0.597712|0.823601,0.851523,0.837898,0.0185889,0.555256,0.596445,0.529227,0.225922,0.539254,0.241732,0.844508,60.029,1.54756e-12,39681,0.96775,71.3706,7.91337e-10,47522,0.907488,0.897423,0.0160931,0.236702,0.527636,0.456737,0.279439,0.462384,0.0593942,0.937758,18.7241,3.99128e-10,75313,0.812352,72.2662,3.36135e-11,78161
2,100,n1->n11->n12->n22->n32->n33->n34->n24->n14->n15->n16->n6->n7->n8->n9->n10,5.4999e+12|5.65563e+13|2.05589e+11|6.89136e+12|1.17872e+12|5.3486e+12|1.56288e+10|1.17759e+12|3.69121e+13|6.17253e+13|4.99557e+10|2.83166e+09|1.70314e+11|7.36068e+10|7.28667e+12|2.62018e+13,6.48959e+11|3.81621e+13|5.40463e+10|5.3881e+12|3.3013e+11|1.17387e+12|7.33382e+09|2.01162e+11|2.94889e+13|2.37721e+13|8.87997e+09|1.10743e+09|1.24554e+11|6.47234e+10|4.6263e+12|8.71912e+12,0.00015285|3.58423e-05|1.73339e-05|0.000201899|6.27032e-05|0.000399167|3.23779e-05|0.000214835|0.000455172|0.000365537|0.000113525|2.77636e-05|0.000279667|0.000102402|1.66587e-05|0.000127206,0.003252|0.000127835|0.000156137|0.000177346|0.00087854|0.00509684|0.00105266|0.000504018|0.00183051|0.000568282|0.000563062|0.00293787|0.00109524|0.000294904|0.00164938|0.000265144,0.0179602|0.0470176|0.0116366|0.0147695|0.0291|0.00767461|0.0474323|0.0443323|0.0310073|0.000619861|0.0484966|0.041372|0.0184116|0.00528751|0.0479548|0.0409725,0.000546736|0.0468531|0.041832|0.0456659|0.0250492|0.0291341|0.0190654|0.040963|0.0319606|0.0254867|0.00864637|0.0296728|0.00251899|0.0169153|0.0201069|0.02493,0.956543|0.950579|0.913854|0.90843|0.944854|0.927105|0.983195|0.94682|0.965597|0.948183|0.930368|0.956179|0.913586|0.977494|0.90484|0.903218,6.22817|4.0358|1.42439|2.55635|5.13861|4.64436|6.20116|4.85624|0.103561|2.74568|1.84701|2.12743|1.21281|2.40861|5.80128|4.29151,30.2686|24.4191|13.2112|86.2435|67.4197|23.5709|58.7029|66.6304|92.5451|56.2706|50.0569|32.9383|55.4093|99.595|65.9961,0.17251|0.167139|0.17699|0.224682|0.190613|0.20527|0.209145|0.223371|0.217749|0.203512|0.170335|0.242724|0.191098|0.247422|0.163358,0.827051|0.726505|0.78707|0.142627|0.839596|0.704699|0.654975|0.83783|0.738934|0.580023|0.600597|0.369932|0.821716|0.597712|0.823601,0.851523,0.837898,0.0185889,0.555256,0.596445,0.529227,0.225922,0.539254,0.241732,0.844508,60.029,1.54756e-12,39681,0.96775,71.3706,7.91337e-10,47522,0.907488,0.897423,0.0160931,0.236702,0.527636,0.456737,0.279439,0.462384,0.0593942,0.937758,18.7241,3.99128e-10,75313,0.812352,72.2662,3.36135e-11,78161
2,101,n1->n11->n21->n31->n32->n22->n23->n24->n25->n15->n16->n6->n7->n8->n9->n10,5.4999e+12|5.65563e+13|2.41937e+09|9.34158e+10|1.17872e+12|6.89136e+12|5.1585e+13|1.17759e+12|2.26824e+10|6.17253e+13|4.99557e+10|2.83166e+09|1.70314e+11|7.36068e+10|7.28667e+12|2.62018e+13,6.48959e+11|3.81621e+13|3.78731e+08|1.64589e+10|3.3013e+11|5.3881e+12|4.60456e+13|2.01162e+11|7.07863e+09|2.37721e+13|8.87997e+09|1.10743e+09|1.24554e+11|6.47234e+10|4.6263e+12|8.71912e+12,0.00015285|3.58423e-05|1.01809e-05|9.62101e-05|6.27032e-05|0.000201899|6.64364e-05|0.000214835|2.48293e-05|0.000365537|0.000113525|2.77636e-05|0.000279667|0.000102402|1.66587e-05|0.000127206,0.003252|0.000127835|0.000777165|0.00408916|0.00087854|0.000177346|0.00216169|0.000504018|0.00526954|0.000568282|0.000563062|0.00293787|0.00109524|0.000294904|0.00164938|0.000265144,0.0179602|0.0470176|0.016718|0.0447582|0.0291|0.0147695|0.0228373|0.0443323|0.0411534|0.000619861|0.0484966|0.041372|0.0184116|0.00528751|0.0479548|0.0409725,0.000546736|0.0468531|0.00829965|0.00350572|0.0250492|0.0456659|0.037673|0.040963|0.0451075|0.0254867|0.00864637|0.0296728|0.00251899|0.0169153|0.0201069|0.02493,0.956543|0.950579|0.942854|0.954608|0.944854|0.90843|0.903|0.94682|0.98336|0.948183|0.930368|0.956179|0.913586|0.977494|0.90484|0.903218,6.22817|4.0358|2.52817|2.93597|5.13861|2.55635|0.905766|4.85624|6.02932|2.74568|1.84701|2.12743|1.21281|2.40861|5.80128|4.29151,30.2686|65.1286|89.2299|63.0993|86.2435|55.8812|67.5745|18.2346|54.7186|56.2706|50.0569|32.9383|55.4093|99.595|65.9961,0.17251|0.16646|0.244826|0.20722|0.224682|0.183035|0.16557|0.244005|0.189144|0.203512|0.170335|0.242724|0.191098|0.247422|0.163358,0.827051|0.529375|0.387257|0.894814|0.142627|0.999468|0.122951|0.943216|0.194732|0.580023|0.600597|0.369932|0.821716|0.597712|0.823601,0.851523,0.837898,0.0185889,0.555256,0.596445,0.529227,0.225922,0.539254,0.241732,0.844508,60.029,1.54756e-12,39681,0.96775,71.3706,7.91337e-10,47522,0.907488,0.897423,0.0160931,0.236702,0.527636,0.456737,0.279439,0.462384,0.0593942,0.937758,18.7241,3.99128e-10,75313,0.812352,72.2662,3.36135e-11,78161
2,102,n1->n2->n3->n13->n14->n4->n5->n15->n25->n26->n27->n28->n29->n19->n20->n10,5.4999e+12|1.38353e+13|1.53335e+11|5.5344e+11|3.69121e+13|1.75942e+09|1.32985e+12|6.17253e+13|2.26824e+10|1.38574e+10|2.58309e+09|1.30221e+13|4.43662e+12|1.60792e+09|5.32138e+11|2.62018e+13,6.48959e+11|7.23336e+12|8.74502e+10|9.08242e+10|2.94889e+13|4.4632e+08|4.5847e+11|2.37721e+13|7.07863e+09|1.18442e+10|8.1041e+08|2.05619e+12|2.79127e+12|2.02403e+08|2.21789e+11|8.71912e+12,0.00015285|0.000148714|0.000989315|2.12038e-05|0.000455172|0.00014654|0.000163077|0.000365537|2.48293e-05|0.000138812|0.00059638|0.000271172|0.000213383|0.00020417|0.000247429|0.000127206,0.003252|0.000441496|0.000209305|0.00133854|0.00183051|0.00148041|0.000159363|0.000568282|0.00526954|0.000699826|0.00182097|0.00331108|0.00492817|0.00979739|0.00522315|0.000265144,0.0179602|0.0348637|0.0101203|0.0184047|0.0310073|0.0328667|0.0136578|0.000619861|0.0411534|0.0280187|0.0260488|0.0287435|0.0496549|0.000790162|0.00611448|0.0409725,0.000546736|0.0478486|0.0269719|0.031308|0.0319606|0.0360108|0.02637|0.0254867|0.0451075|0.0171301|0.0214296|0.0431463|0.0210081|0.0278792|0.0463091|0.02493,0.956543|0.955815|0.945731|0.98666|0.965597|0.960947|0.982934|0.948183|0.98336|0.927413|0.944118|0.92765|0.977322|0.971346|0.902472|0.903218,6.22817|4.1742|3.59128|0.948718|0.103561|4.96524|4.26661|2.74568|6.02932|1.51622|1.31493|5.53936|4.67833|5.19478|5.254|4.29151,79.8117|37.015|83.9106|56.34|52.1141|81.7362|35.0583|54.7186|55.6995|42.5138|15.3326|39.0733|84.7043|10.3361|29.3778,0.228393|0.220946|0.206647|0.245639|0.24587|0.174783|0.240843|0.189144|0.18627|0.1677|0.223691|0.196585|0.203828|0.212112|0.210878,0.725997|0.275354|0.189939|0.226162|0.356378|0.219292|0.606669|0.194732|0.157575|0.380101|0.821214|0.863895|0.969667|0.542409|0.138678,0.851523,0.837898,0.0185889,0.555256,0.596445,0.529227,0.225922,0.539254,0.241732,0.844508,60.029,1.54756e-12,39681,0.96775,71.3706,7.91337e-10,47522,0.907488,0.897423,0.0160931,0.236702,0.527636,0.456737,0.279439,0.462384,0.0593942,0.937758,18.7241,3.99128e-10,75313,0.812352,72.2662,3.36135e-11,78161
2,103,n1->n2->n3->n13->n23->n33->n34->n24->n25->n15->n16->n6->n7->n8->n9->n10,5.4999e+12|1.38353e+13|1.53335e+11|5.5344e+11|5.1585e+13|5.3486e+12|1.56288e+10|1.17759e+12|2.26824e+10|6.17253e+13|4.99557e+10|2.83166e+09|1.70314e+11|7.36068e+10|7.28667e+12|2.62018e+13,6.48959e+11|7.23336e+12|8.74502e+10|9.08242e+10|4.60456e+13|1.17387e+12|7.33382e+09|2.01162e+11|7.07863e+09|2.37721e+13|8.87997e+09|1.10743e+09|1.24554e+11|6.47234e+10|4.6263e+12|8.71912e+12,0.00015285|0.000148714|0.000989315|2.12038e-05|6.64364e-05|0.000399167|3.23779e-05|0.000214835|2.48293e-05|0.000365537|0.000113525|2.77636e-05|0.000279667|0.000102402|1.66587e-05|0.000127206,0.003252|0.000441496|0.000209305|0.00133854|0.00216169|0.00509684|0.00105266|0.000504018|0.00526954|0.000568282|0.000563062|0.00293787|0.00109524|0.000294904|0.00164938|0.000265144,0.0179602|0.0348637|0.0101203|0.0184047|0.0228373|0.00767461|0.0474323|0.0443323|0.0411534|0.000619861|0.0484966|0.041372|0.0184116|0.00528751|0.0479548|0.0409725,0.000546736|0.0478486|0.0269719|0.031308|0.037673|0.0291341|0.0190654|0.040963|0.0451075|0.0254867|0.00864637|0.0296728|0.00251899|0.0169153|0.0201069|0.02493,0.956543|0.955815|0.945731|0.98666|0.903|0.927105|0.983195|0.94682|0.98336|0.948183|0.930368|0.956179|0.913586|0.977494|0.90484|0.903218,6.22817|4.1742|3.59128|0.948718|0.905766|4.64436|6.20116|4.85624|6.02932|2.74568|1.84701|2.12743|1.21281|2.40861|5.80128|4.29151,79.8117|37.015|83.9106|51.9585|76.7594|23.5709|58.7029|18.2346|54.7186|56.2706|50.0569|32.9383|55.4093|99.595|65.9961,0.228393|0.220946|0.206647|0.246371|0.213966|0.20527|0.209145|0.244005|0.189144|0.203512|0.170335|0.242724|0.191098|0.247422|0.163358,0.725997|0.275354|0.189939|0.635286|0.164408|0.704699|0.654975|0.943216|0.194732|0.580023|0.600597|0.369932|0.821716|0.597712|0.823601,0.851523,0.837898,0.0185889,0.555256,0.596445,0.529227,0.225922,0.539254,0.241732,0.844508,60.029,1.54756e-12,39681,0.96775,71.3706,7.91337e-10,47522,0.907488,0.897423,0.0160931,0.236702,0.527636,0.456737,0.279439,0.462384,0.0593942,0.937758,18.7241,3.99128e-10,75313,0.812352,72.2662,3.36135e-11,78161
2,104,n1->n11->n21->n31->n32->n33->n23->n13->n3->n4->n5->n6->n7->n8->n9->n10,5.4999e+12|5.65563e+13|2.41937e+09|9.34158e+10|1.17872e+12|5.3486e+12|5.1585e+13|5.5344e+11|1.53335e+11|1.75942e+09|1.32985e+12|2.83166e+09|1.70314e+11|7.36068e+10|7.28667e+12|2.62018e+13,6.48959e+11|3.81621e+13|3.78731e+08|1.64589e+10|3.3013e+11|1.17387e+12|4.60456e+13|9.08242e+10|8.74502e+10|4.4632e+08|4.5847e+11|1.10743e+09|1.24554e+11|6.47234e+10|4.6263e+12|8.71912e+12,0.00015285|3.58423e-05|1.01809e-05|9.62101e-05|6.27032e-05|0.000399167|6.64364e-05|2.12038e-05|0.000989315|0.00014654|0.000163077|2.77636e-05|0.000279667|0.000102402|1.66587e-05|0.000127206,0.003252|0.000127835|0.000777165|0.00408916|0.00087854|0.00509684|0.00216169|0.00133854|0.000209305|0.00148041|0.000159363|0.00293787|0.00109524|0.000294904|0.00164938|0.000265144,0.0179602|0.0470176|0.016718|0.0447582|0.0291|0.00767461|0.0228373|0.0184047|0.0101203|0.0328667|0.0136578|0.041372|0.0184116|0.00528751|0.0479548|0.0409725,0.000546736|0.0468531|0.00829965|0.00350572|0.0250492|0.0291341|0.037673|0.031308|0.0269719|0.0360108|0.02637|0.0296728|0.00251899|0.0169153|0.0201069|0.02493,0.956543|0.950579|0.942854|0.954608|0.944854|0.927105|0.903|0.98666|0.945731|0.960947|0.982934|0.956179|0.913586|0.977494|0.90484|0.903218,6.22817|4.0358|2.52817|2.93597|5.13861|4.64436|0.905766|0.948718|3.59128|4.96524|4.26661|2.12743|1.21281|2.40861|5.80128|4.29151,30.2686|65.1286|89.2299|63.0993|67.4197|76.7594|51.9585|83.9106|10.4739|81.7362|37.2729|32.9383|55.4093|99.595|65.9961,0.17251|0.16646|0.244826|0.20722|0.190613|0.213966|0.246371|0.206647|0.199542|0.174783|0.191968|0.242724|0.191098|0.247422|0.163358,0.827051|0.529375|0.387257|0.894814|0.839596|0.164408|0.635286|0.189939|0.200911|0.219292|0.389873|0.369932|0.821716|0.597712|0.823601,0.851523,0.837898,0.0185889,0.555256,0.596445,0.529227,0.225922,0.539254,0.241732,0.844508,60.029,1.54756e-12,39681,0.96775,71.3706,7.91337e-10,47522,0.907488,0.897423,0.0160931,0.236702,0.527636,0.456737,0.279439,0.462384,0.0593942,0.937758,18.7241,3.99128e-10,75313,0.812352,72.2662,3.36135e-11,78161
2,105,n1->n2->n3->n4->n5->n15->n14->n24->n25->n26->n16->n17->n18->n19->n9->n10,5.4999e+12|1.38353e+13|1.53335e+11|1.75942e+09|1.32985e+12|6.17253e+13|3.69121e+13|1.17759e+12|2.26824e+10|1.38574e+10|4.99557e+10|5.2065e+11|2.08257e+11|1.60792e+09|7.28667e+12|2.62018e+13,6.48959e+11|7.23336e+12|8.74502e+10|4.4632e+08|4.5847e+11|2.37721e+13|2.94889e+13|2.01162e+11|7.07863e+09|1.18442e+10|8.87997e+09|1.64371e+11|2.23663e+10|2.02403e+08|4.6263e+12|8.71912e+12,0.00015285|0.000148714|0.000989315|0.00014654|0.000163077|0.000365537|0.000455172|0.000214835|2.48293e-05|0.000138812|0.000113525|0.000193857|0.000171925|0.00020417|1.66587e-05|0.000127206,0.003252|0.000441496|0.000209305|0.00148041|0.000159363|0.000568282|0.00183051|0.000504018|0.00526954|0.000699826|0.000563062|0.00794335|0.00227311|0.00979739|0.00164938|0.000265144,0.0179602|0.0348637|0.0101203|0.0328667|0.0136578|0.000619861|0.0310073|0.0443323|0.0411534|0.0280187|0.0484966|0.0142611|0.0373366|0.000790162|0.0479548|0.0409725,0.000546736|0.0478486|0.0269719|0.0360108|0.02637|0.0254867|0.0319606|0.040963|0.0451075|0.0171301|0.00864637|0.0346386|0.0258287|0.0278792|0.0201069|0.02493,0.956543|0.955815|0.945731|0.960947|0.982934|0.948183|0.965597|0.94682|0.98336|0.927413|0.930368|0.902379|0.957375|0.971346|0.90484|0.903218,6.22817|4.1742|3.59128|4.96524|4.26661|2.74568|0.103561|4.85624|6.02932|1.51622|1.84701|1.64864|2.48855|5.19478|5.80128|4.29151,79.8117|37.015|10.4739|81.7362|35.0583|92.5451|66.6304|18.2346|55.6995|11.0615|32.2763|27.3162|28.0546|99.0064|65.9961,0.228393|0.220946|0.199542|0.174783|0.240843|0.217749|0.223371|0.244005|0.18627|0.184807|0.219818|0.177165|0.168115|0.169129|0.163358,0.725997|0.275354|0.200911|0.219292|0.606669|0.738934|0.83783|0.943216|0.157575|0.184807|0.130249|0.674858|0.490037|0.377874|0.823601,0.851523,0.837898,0.0185889,0.555256,0.596445,0.529227,0.225922,0.539254,0.241732,0.844508,60.029,1.54756e-12,39681,0.96775,71.3706,7.91337e-10,47522,0.907488,0.897423,0.0160931,0.236702,0.527636,0.456737,0.279439,0.462384,0.0593942,0.937758,18.7241,3.99128e-10,75313,0.812352,72.2662,3.36135e-11,78161
2,106,n1->n11->n21->n22->n32->n33->n34->n24->n25->n26->n27->n17->n18->n8->n9->n10,5.4999e+12|5.65563e+13|2.41937e+09|6.89136e+12|1.17872e+12|5.3486e+12|1.56288e+10|1.17759e+12|2.26824e+10|1.38574e+10|2.58309e+09|5.2065e+11|2.08257e+11|7.36068e+10|7.28667e+12|2.62018e+13,6.48959e+11|3.81621e+13|3.78731e+08|5.3881e+12|3.3013e+11|1.17387e+12|7.33382e+09|2.01162e+11|7.07863e+09|1.18442e+10|8.1041e+08|1.64371e+11|2.23663e+10|6.47234e+10|4.6263e+12|8.71912e+12,0.00015285|3.58423e-05|1.01809e-05|0.000201899|6.27032e-05|0.000399167|3.23779e-05|0.000214835|2.48293e-05|0.000138812|0.00059638|0.000193857|0.000171925|0.000102402|1.66587e-05|0.000127206,0.003252|0.000127835|0.000777165|0.000177346|0.00087854|0.00509684|0.00105266|0.000504018|0.00526954|0.000699826|0.00182097|0.00794335|0.00227311|0.000294904|0.00164938|0.000265144,0.0179602|0.0470176|0.016718|0.0147695|0.0291|0.00767461|0.0474323|0.0443323|0.0411534|0.0280187|0.0260488|0.0142611|0.0373366|0.00528751|0.0479548|0.0409725,0.000546736|0.0468531|0.00829965|0.0456659|0.0250492|0.0291341|0.0190654|0.040963|0.0451075|0.0171301|0.0214296|0.0346386|0.0258287|0.0169153|0.0201069|0.02493,0.956543|0.950579|0.942854|0.90843|0.944854|0.927105|0.983195|0.94682|0.98336|0.927413|0.944118|0.902379|0.957375|0.977494|0.90484|0.903218,6.22817|4.0358|2.52817|2.55635|5.13861|4.64436|6.20116|4.85624|6.02932|1.51622|1.31493|1.64864|2.48855|2.40861|5.80128|4.29151,30.2686|65.1286|34.0839|86.2435|67.4197|23.5709|58.7029|18.2346|55.6995|42.5138|72.2829|27.3162|81.3396|99.595|65.9961,0.17251|0.16646|0.20313|0.224682|0.190613|0.20527|0.209145|0.244005|0.18627|0.1677|0.216563|0.177165|0.184383|0.247422|0.163358,0.827051|0.529375|0.123831|0.142627|0.839596|0.704699|0.654975|0.943216|0.157575|0.380101|0.478949|0.674858|0.540078|0.597712|0.823601,0.851523,0.837898,0.0185889,0.555256,0.596445,0.529227,0.225922,0.539254,0.241732,0.844508,60.029,1.54756e-12,39681,0.96775,71.3706,7.91337e-10,47522,0.907488,0.897423,0.0160931,0.236702,0.527636,0.456737,0.279439,0.462384,0.0593942,0.937758,18.7241,3.99128e-10,75313,0.812352,72.2662,3.36135e-11,78161
2,107,n1->n2->n12->n22->n32->n33->n34->n35->n36->n26->n27->n17->n7->n8->n9->n10,5.4999e+12|1.38353e+13|2.05589e+11|6.89136e+12|1.17872e+12|5.3486e+12|1.56288e+10|2.36731e+13|8.69601e+10|1.38574e+10|2.58309e+09|5.2065e+11|1.70314e+11|7.36068e+10|7.28667e+12|2.62018e+13,6.48959e+11|7.23336e+12|5.40463e+10|5.3881e+12|3.3013e+11|1.17387e+12|7.33382e+09|3.46833e+12|5.64439e+10|1.18442e+10|8.1041e+08|1.64371e+11|1.24554e+11|6.47234e+10|4.6263e+12|8.71912e+12,0.00015285|0.000148714|1.73339e-05|0.000201899|6.27032e-05|0.000399167|3.23779e-05|0.000435829|0.000262492|0.000138812|0.00059638|0.000193857|0.000279667|0.000102402|1.66587e-05|0.000127206,0.003252|0.000441496|0.000156137|0.000177346|0.00087854|0.00509684|0.00105266|0.000115957|0.000864591|0.000699826|0.00182097|0.00794335|0.00109524|0.000294904|0.00164938|0.000265144,0.0179602|0.0348637|0.0116366|0.0147695|0.0291|0.00767461|0.0474323|0.0196651|0.0446242|0.0280187|0.0260488|0.0142611|0.0184116|0.00528751|0.0479548|0.0409725,0.000546736|0.0478486|0.041832|0.0456659|0.0250492|0.0291341|0.0190654|0.0435367|0.0114974|0.0171301|0.0214296|0.0346386|0.00251899|0.0169153|0.0201069|0.02493,0.956543|0.955815|0.913854|0.90843|0.944854|0.927105|0.983195|0.965431|0.916187|0.927413|0.944118|0.902379|0.913586|0.977494|0.90484|0.903218,6.22817|4.1742|1.42439|2.55635|5.13861|4.64436|6.20116|3.34731|4.03886|1.51622|1.31493|1.64864|1.21281|2.40861|5.80128|4.29151,79.8117|88.6198|13.2112|86.2435|67.4197|23.5709|31.5608|18.7034|63.8366|42.5138|72.2829|59.8148|55.4093|99.595|65.9961,0.228393|0.218328|0.17699|0.224682|0.190613|0.20527|0.229646|0.163485|0.161122|0.1677|0.216563|0.239148|0.191098|0.247422|0.163358,0.725997|0.53516|0.78707|0.142627|0.839596|0.704699|0.453439|0.396049|0.490632|0.380101|0.478949|0.525316|0.821716|0.597712|0.823601,0.851523,0.837898,0.0185889,0.555256,0.596445,0.529227,0.225922,0.539254,0.241732,0.844508,60.029,1.54756e-12,39681,0.96775,71.3706,7.91337e-10,47522,0.907488,0.897423,0.0160931,0.236702,0.527636,0.456737,0.279439,0.462384,0.0593942,0.937758,18.7241,3.99128e-10,75313,0.812352,72.2662,3.36135e-11,78161
2,108,n1->n11->n12->n13->n14->n24->n25->n15->n5->n6->n16->n17->n7->n8->n9->n10,5.4999e+12|5.65563e+13|2.05589e+11|5.5344e+11|3.69121e+13|1.17759e+12|2.26824e+10|6.17253e+13|1.32985e+12|2.83166e+09|4.99557e+10|5.2065e+11|1.70314e+11|7.36068e+10|7.28667e+12|2.62018e+13,6.48959e+11|3.81621e+13|5.40463e+10|9.08242e+10|2.94889e+13|2.01162e+11|7.07863e+09|2.37721e+13|4.5847e+11|1.10743e+09|8.87997e+09|1.64371e+11|1.24554e+11|6.47234e+10|4.6263e+12|8.71912e+12,0.00015285|3.58423e-05|1.73339e-05|2.12038e-05|0.000455172|0.000214835|2.48293e-05|0.000365537|0.000163077|2.77636e-05|0.000113525|0.000193857|0.000279667|0.000102402|1.66587e-05|0.000127206,0.003252|0.000127835|0.000156137|0.00133854|0.00183051|0.000504018|0.00526954|0.000568282|0.000159363|0.00293787|0.000563062|0.00794335|0.00109524|0.000294904|0.00164938|0.000265144,0.0179602|0.0470176|0.0116366|0.0184047|0.0310073|0.0443323|0.0411534|0.000619861|0.0136578|0.041372|0.0484966|0.0142611|0.0184116|0.00528751|0.0479548|0.0409725,0.000546736|0.0468531|0.041832|0.031308|0.0319606|0.040963|0.0451075|0.0254867|0.02637|0.0296728|0.00864637|0.0346386|0.00251899|0.0169153|0.0201069|0.02493,0.956543|0.950579|0.913854|0.98666|0.965597|0.94682|0.98336|0.948183|0.982934|0.956179|0.930368|0.902379|0.913586|0.977494|0.90484|0.903218,6.22817|4.0358|1.42439|0.948718|0.103561|4.85624|6.02932|2.74568|4.26661|2.12743|1.84701|1.64864|1.21281|2.40861|5.80128|4.29151,30.2686|24.4191|13.9548|56.34|66.6304|18.2346|54.7186|35.0583|37.2729|50.0569|32.2763|59.8148|55.4093|99.595|65.9961,0.17251|0.167139|0.190483|0.245639|0.223371|0.244005|0.189144|0.240843|0.191968|0.170335|0.219818|0.239148|0.191098|0.247422|0.163358,0.827051|0.726505|0.305271|0.226162|0.83783|0.943216|0.194732|0.606669|0.389873|0.600597|0.130249|0.525316|0.821716|0.597712|0.823601,0.851523,0.837898,0.0185889,0.555256,0.596445,0.529227,0.225922,0.539254,0.241732,0.844508,60.029,1.54756e-12,39681,0.96775,71.3706,7.91337e-10,47522,0.907488,0.897423,0.0160931,0.236702,0.527636,0.456737,0.279439,0.462384,0.0593942,0.937758,18.7241,3.99128e-10,75313,0.812352,72.2662,3.36135e-11,78161
2,109,n1->n11->n21->n31->n32->n33->n34->n35->n36->n37->n27->n17->n7->n8->n9->n10,5.4999e+12|5.65563e+13|2.41937e+09|9.34158e+10|1.17872e+12|5.3486e+12|1.56288e+10|2.36731e+13|8.69601e+10|7.24389e+13|2.58309e+09|5.2065e+11|1.70314e+11|7.36068e+10|7.28667e+12|2.62018e+13,6.48959e+11|3.81621e+13|3.78731e+08|1.64589e+10|3.3013e+11|1.17387e+12|7.33382e+09|3.46833e+12|5.64439e+10|1.28005e+13|8.1041e+08|1.64371e+11|1.24554e+11|6.47234e+10|4.6263e+12|8.71912e+12,0.00015285|3.58423e-05|1.01809e-05|9.62101e-05|6.27032e-05|0.000399167|3.23779e-05|0.000435829|0.000262492|3.15748e-05|0.00059638|0.000193857|0.000279667|0.000102402|1.66587e-05|0.000127206,0.003252|0.000127835|0.000777165|0.00408916|0.00087854|0.00509684|0.00105266|0.000115957|0.000864591|0.000190107|0.00182097|0.00794335|0.00109524|0.000294904|0.00164938|0.000265144,0.0179602|0.0470176|0.016718|0.0447582|0.0291|0.00767461|0.0474323|0.0196651|0.0446242|0.0430282|0.0260488|0.0142611|0.0184116|0.00528751|0.0479548|0.0409725,0.000546736|0.0468531|0.00829965|0.00350572|0.0250492|0.0291341|0.0190654|0.0435367|0.0114974|0.0113199|0.0214296|0.0346386|0.00251899|0.0169153|0.0201069|0.02493,0.956543|0.950579|0.942854|0.954608|0.944854|0.927105|0.983195|0.965431|0.916187|0.947802|0.944118|0.902379|0.913586|0.977494|0.90484|0.903218,6.22817|4.0358|2.52817|2.93597|5.13861|4.64436|6.20116|3.34731|4.03886|6.22584|1.31493|1.64864|1.21281|2.40861|5.80128|4.29151,30.2686|65.1286|89.2299|63.0993|67.4197|23.5709|31.5608|18.7034|29.3504|44.8869|72.2829|59.8148|55.4093|99.595|65.9961,0.17251|0.16646|0.244826|0.20722|0.190613|0.20527|0.229646|0.163485|0.210454|0.214388|0.216563|0.239148|0.191098|0.247422|0.163358,0.827051|0.529375|0.387257|0.894814|0.839596|0.704699|0.453439|0.396049|0.532548|0.862187|0.478949|0.525316|0.821716|0.597712|0.823601,0.851523,0.837898,0.0185889,0.555256,0.596445,0.529227,0.225922,0.539254,0.241732,0.844508,60.029,1.54756e-12,39681,0.96775,71.3706,7.91337e-10,47522,0.907488,0.897423,0.0160931,0.236702,0.527636,0.456737,0.279439,0.462384,0.0593942,0.937758,18.7241,3.99128e-10,75313,0.812352,72.2662,3.36135e-11,78161
2,110,n1->n11->n12->n22->n32->n33->n34->n24->n25->n26->n16->n6->n7->n8->n9->n10,5.4999e+12|5.65563e+13|2.05589e+11|6.89136e+12|1.17872e+12|5.3486e+12|1.56288e+10|1.17759e+12|2.26824e+10|1.38574e+10|4.99557e+10|2.83166e+09|1.70314e+11|7.36068e+10|7.28667e+12|2.62018e+13,6.48959e+11|3.81621e+13|5.40463e+10|5.3881e+12|3.3013e+11|1.17387e+12|7.33382e+09|2.01162e+11|7.07863e+09|1.18442e+10|8.87997e+09|1.10743e+09|1.24554e+11|6.47234e+10|4.6263e+12|8.71912e+12,0.00015285|3.58423e-05|1.73339e-05|0.000201899|6.27032e-05|0.000399167|3.23779e-05|0.000214835|2.48293e-05|0.000138812|0.000113525|2.77636e-05|0.000279667|0.000102402|1.66587e-05|0.000127206,0.003252|0.000127835|0.000156137|0.000177346|0.00087854|0.00509684|0.00105266|0.000504018|0.00526954|0.000699826|0.000563062|0.00293787|0.00109524|0.000294904|0.00164938|0.000265144,0.0179602|0.0470176|0.0116366|0.0147695|0.0291|0.00767461|0.0474323|0.0443323|0.0411534|0.0280187|0.0484966|0.041372|0.0184116|0.00528751|0.0479548|0.0409725,0.000546736|0.0468531|0.041832|0.0456659|0.0250492|0.0291341|0.0190654|0.040963|0.0451075|0.0171301|0.00864637|0.0296728|0.00251899|0.0169153|0.0201069|0.02493,0.956543|0.950579|0.913854|0.90843|0.944854|0.927105|0.983195|0.94682|0.98336|0.927413|0.930368|0.956179|0.913586|0.977494|0.90484|0.903218,6.22817|4.0358|1.42439|2.55635|5.13861|4.64436|6.20116|4.85624|6.02932|1.51622|1.84701|2.12743|1.21281|2.40861|5.80128|4.29151,30.2686|24.4191|13.2112|86.2435|67.4197|23.5709|58.7029|18.2346|55.6995|11.0615|50.0569|32.9383|55.4093|99.595|65.9961,0.17251|0.167139|0.17699|0.224682|0.190613|0.20527|0.209145|0.244005|0.18627|0.184807|0.170335|0.242724|0.191098|0.247422|0.163358,0.827051|0.726505|0.78707|0.142627|0.839596|0.704699|0.654975|0.943216|0.157575|0.184807|0.600597|0.369932|0.821716|0.597712|0.823601,0.851523,0.837898,0.0185889,0.555256,0.596445,0.529227,0.225922,0.539254,0.241732,0.844508,60.029,1.54756e-12,39681,0.96775,71.3706,7.91337e-10,47522,0.907488,0.897423,0.0160931,0.236702,0.527636,0.456737,0.279439,0.462384,0.0593942,0.937758,18.7241,3.99128e-10,75313,0.812352,72.2662,3.36135e-11,78161
2,111,n1->n2->n3->n4->n5->n6->n16->n26->n27->n17->n7->n8->n18->n19->n9->n10,5.4999e+12|1.38353e+13|1.53335e+11|1.75942e+09|1.32985e+12|2.83166e+09|4.99557e+10|1.38574e+10|2.58309e+09|5.2065e+11|1.70314e+11|7.36068e+10|2.08257e+11|1.60792e+09|7.28667e+12|2.62018e+13,6.48959e+11|7.23336e+12|8.74502e+10|4.4632e+08|4.5847e+11|1.10743e+09|8.87997e+09|1.18442e+10|8.1041e+08|1.64371e+11|1.24554e+11|6.47234e+10|2.23663e+10|2.02403e+08|4.6263e+12|8.71912e+12,0.00015285|0.000148714|0.000989315|0.00014654|0.000163077|2.77636e-05|0.000113525|0.000138812|0.00059638|0.000193857|0.000279667|0.000102402|0.000171925|0.00020417|1.66587e-05|0.000127206,0.003252|0.000441496|0.000209305|0.00148041|0.000159363|0.00293787|0.000563062|0.000699826|0.00182097|0.00794335|0.00109524|0.000294904|0.00227311|0.00979739|0.00164938|0.000265144,0.0179602|0.0348637|0.0101203|0.0328667|0.0136578|0.041372|0.0484966|0.0280187|0.0260488|0.0142611|0.0184116|0.00528751|0.0373366|0.000790162|0.0479548|0.0409725,0.000546736|0.0478486|0.0269719|0.0360108|0.02637|0.0296728|0.00864637|0.0171301|0.0214296|0.0346386|0.00251899|0.0169153|0.0258287|0.0278792|0.0201069|0.02493,0.956543|0.955815|0.945731|0.960947|0.982934|0.956179|0.930368|0.927413|0.944118|0.902379|0.913586|0.977494|0.957375|0.971346|0.90484|0.903218,6.22817|4.1742|3.59128|4.96524|4.26661|2.12743|1.84701|1.51622|1.31493|1.64864|1.21281|2.40861|2.48855|5.19478|5.80128|4.29151,79.8117|37.015|10.4739|81.7362|37.2729|50.0569|11.0615|42.5138|72.2829|59.8148|55.4093|81.3396|28.0546|99.0064|65.9961,0.228393|0.220946|0.199542|0.174783|0.191968|0.170335|0.184807|0.1677|0.216563|0.239148|0.191098|0.184383|0.168115|0.169129|0.163358,0.725997|0.275354|0.200911|0.219292|0.389873|0.600597|0.184807|0.380101|0.478949|0.525316|0.821716|0.540078|0.490037|0.377874|0.823601,0.851523,0.837898,0.0185889,0.555256,0.596445,0.529227,0.225922,0.539254,0.241732,0.844508,60.029,1.54756e-12,39681,0.96775,71.3706,7.91337e-10,47522,0.907488,0.897423,0.0160931,0.236702,0.527636,0.456737,0.279439,0.462384,0.0593942,0.937758,18.7241,3.99128e-10,75313,0.812352,72.2662,3.36135e-11,78161
2,112,n1->n2->n12->n13->n3->n4->n5->n15->n16->n17->n7->n8->n18->n19->n9->n10,5.4999e+12|1.38353e+13|2.05589e+11|5.5344e+11|1.53335e+11|1.75942e+09|1.32985e+12|6.17253e+13|4.99557e+10|5.2065e+11|1.70314e+11|7.36068e+10|2.08257e+11|1.60792e+09|7.28667e+12|2.62018e+13,6.48959e+11|7.23336e+12|5.40463e+10|9.08242e+10|8.74502e+10|4.4632e+08|4.5847e+11|2.37721e+13|8.87997e+09|1.64371e+11|1.24554e+11|6.47234e+10|2.23663e+10|2.02403e+08|4.6263e+12|8.71912e+12,0.00015285|0.000148714|1.73339e-05|2.12038e-05|0.000989315|0.00014654|0.000163077|0.000365537|0.000113525|0.000193857|0.000279667|0.000102402|0.000171925|0.00020417|1.66587e-05|0.000127206,0.003252|0.000441496|0.000156137|0.00133854|0.000209305|0.00148041|0.000159363|0.000568282|0.000563062|0.00794335|0.00109524|0.000294904|0.00227311|0.00979739|0.00164938|0.000265144,0.0179602|0.0348637|0.0116366|0.0184047|0.0101203|0.0328667|0.0136578|0.000619861|0.0484966|0.0142611|0.0184116|0.00528751|0.0373366|0.000790162|0.0479548|0.0409725,0.000546736|0.0478486|0.041832|0.031308|0.0269719|0.0360108|0.02637|0.0254867|0.00864637|0.0346386|0.00251899|0.0169153|0.0258287|0.0278792|0.0201069|0.02493,0.956543|0.955815|0.913854|0.98666|0.945731|0.960947|0.982934|0.948183|0.930368|0.902379|0.913586|0.977494|0.957375|0.971346|0.90484|0.903218,6.22817|4.1742|1.42439|0.948718|3.59128|4.96524|4.26661|2.74568|1.84701|1.64864|1.21281|2.40861|2.48855|5.19478|5.80128|4.29151,79.8117|88.6198|13.9548|83.9106|10.4739|81.7362|35.0583|56.2706|32.2763|59.8148|55.4093|81.3396|28.0546|99.0064|65.9961,0.228393|0.218328|0.190483|0.206647|0.199542|0.174783|0.240843|0.203512|0.219818|0.239148|0.191098|0.184383|0.168115|0.169129|0.163358,0.725997|0.53516|0.305271|0.189939|0.200911|0.219292|0.606669|0.580023|0.130249|0.525316|0.821716|0.540078|0.490037|0.377874|0.823601,0.851523,0.837898,0.0185889,0.555256,0.596445,0.529227,0.225922,0.539254,0.241732,0.844508,60.029,1.54756e-12,39681,0.96775,71.3706,7.91337e-10,47522,0.907488,0.897423,0.0160931,0.236702,0.527636,0.456737,0.279439,0.462384,0.0593942,0.937758,18.7241,3.99128e-10,75313,0.812352,72.2662,3.36135e-11,78161
2,113,n1->n11->n12->n22->n23->n24->n25->n26->n27->n37->n38->n39->n29->n30->n20->n10,5.4999e+12|5.65563e+13|2.05589e+11|6.89136e+12|5.1585e+13|1.17759e+12|2.26824e+10|1.38574e+10|2.58309e+09|7.24389e+13|1.15002e+09|8.3858e+12|4.43662e+12|1.83802e+11|5.32138e+11|2.62018e+13,6.48959e+11|3.81621e+13|5.40463e+10|5.3881e+12|4.60456e+13|2.01162e+11|7.07863e+09|1.18442e+10|8.1041e+08|1.28005e+13|4.14181e+08|1.1487e+12|2.79127e+12|1.55346e+11|2.21789e+11|8.71912e+12,0.00015285|3.58423e-05|1.73339e-05|0.000201899|6.64364e-05|0.000214835|2.48293e-05|0.000138812|0.00059638|3.15748e-05|0.000105823|6.12229e-05|0.000213383|6.14967e-05|0.000247429|0.000127206,0.003252|0.000127835|0.000156137|0.000177346|0.00216169|0.000504018|0.00526954|0.000699826|0.00182097|0.000190107|0.00411998|0.00610675|0.00492817|0.00135186|0.00522315|0.000265144,0.0179602|0.0470176|0.0116366|0.0147695|0.0228373|0.0443323|0.0411534|0.0280187|0.0260488|0.0430282|0.0177641|0.000135364|0.0496549|0.00529712|0.00611448|0.0409725,0.000546736|0.0468531|0.041832|0.0456659|0.037673|0.040963|0.0451075|0.0171301|0.0214296|0.0113199|0.0205171|0.014938|0.0210081|0.0112888|0.0463091|0.02493,0.956543|0.950579|0.913854|0.90843|0.903|0.94682|0.98336|0.927413|0.944118|0.947802|0.915954|0.952729|0.977322|0.979866|0.902472|0.903218,6.22817|4.0358|1.42439|2.55635|0.905766|4.85624|6.02932|1.51622|1.31493|6.22584|4.65468|2.09917|4.67833|2.49161|5.254|4.29151,30.2686|24.4191|13.2112|55.8812|67.5745|18.2346|55.6995|42.5138|44.8869|37.0378|69.5993|44.1502|83.4704|23.9015|29.3778,0.17251|0.167139|0.17699|0.183035|0.16557|0.244005|0.18627|0.1677|0.214388|0.188626|0.188323|0.162358|0.244973|0.228066|0.210878,0.827051|0.726505|0.78707|0.999468|0.122951|0.943216|0.157575|0.380101|0.862187|0.411593|0.397286|0.318407|0.347474|0.547282|0.138678,0.851523,0.837898,0.0185889,0.555256,0.596445,0.529227,0.225922,0.539254,0.241732,0.844508,60.029,1.54756e-12,39681,0.96775,71.3706,7.91337e-10,47522,0.907488,0.897423,0.0160931,0.236702,0.527636,0.456737,0.279439,0.462384,0.0593942,0.937758,18.7241,3.99128e-10,75313,0.812352,72.2662,3.36135e-11,78161
2,114,n1->n2->n12->n11->n21->n22->n23->n13->n14->n15->n5->n6->n7->n8->n9->n10,5.4999e+12|1.38353e+13|2.05589e+11|5.65563e+13|2.41937e+09|6.89136e+12|5.1585e+13|5.5344e+11|3.69121e+13|6.17253e+13|1.32985e+12|2.83166e+09|1.70314e+11|7.36068e+10|7.28667e+12|2.62018e+13,6.48959e+11|7.23336e+12|5.40463e+10|3.81621e+13|3.78731e+08|5.3881e+12|4.60456e+13|9.08242e+10|2.94889e+13|2.37721e+13|4.5847e+11|1.10743e+09|1.24554e+11|6.47234e+10|4.6263e+12|8.71912e+12,0.00015285|0.000148714|1.73339e-05|3.58423e-05|1.01809e-05|0.000201899|6.64364e-05|2.12038e-05|0.000455172|0.000365537|0.000163077|2.77636e-05|0.000279667|0.000102402|1.66587e-05|0.000127206,0.003252|0.000441496|0.000156137|0.000127835|0.000777165|0.000177346|0.00216169|0.00133854|0.00183051|0.000568282|0.000159363|0.00293787|0.00109524|0.000294904|0.00164938|0.000265144,0.0179602|0.0348637|0.0116366|0.0470176|0.016718|0.0147695|0.0228373|0.0184047|0.0310073|0.000619861|0.0136578|0.041372|0.0184116|0.00528751|0.0479548|0.0409725,0.000546736|0.0478486|0.041832|0.0468531|0.00829965|0.0456659|0.037673|0.031308|0.0319606|0.0254867|0.02637|0.0296728|0.00251899|0.0169153|0.0201069|0.02493,0.956543|0.955815|0.913854|0.950579|0.942854|0.90843|0.903|0.98666|0.965597|0.948183|0.982934|0.956179|0.913586|0.977494|0.90484|0.903218,6.22817|4.1742|1.42439|4.0358|2.52817|2.55635|0.905766|0.948718|0.103561|2.74568|4.26661|2.12743|1.21281|2.40861|5.80128|4.29151,79.8117|88.6198|24.4191|65.1286|34.0839|55.8812|51.9585|56.34|92.5451|35.0583|37.2729|32.9383|55.4093|99.595|65.9961,0.228393|0.218328|0.167139|0.16646|0.20313|0.183035|0.246371|0.245639|0.217749|0.240843|0.191968|0.242724|0.191098|0.247422|0.163358,0.725997|0.53516|0.726505|0.529375|0.123831|0.999468|0.635286|0.226162|0.738934|0.606669|0.389873|0.369932|0.821716|0.597712|0.823601,0.851523,0.837898,0.0185889,0.555256,0.596445,0.529227,0.225922,0.539254,0.241732,0.844508,60.029,1.54756e-12,39681,0.96775,71.3706,7.91337e-10,47522,0.907488,0.897423,0.0160931,0.236702,0.527636,0.456737,0.279439,0.462384,0.0593942,0.937758,18.7241,3.99128e-10,75313,0.812352,72.2662,3.36135e-11,78161
2,115,n1->n11->n12->n13->n14->n24->n34->n35->n36->n37->n38->n28->n29->n30->n20->n10,5.4999e+12|5.65563e+13|2.05589e+11|5.5344e+11|3.69121e+13|1.17759e+12|1.56288e+10|2.36731e+13|8.69601e+10|7.24389e+13|1.15002e+09|1.30221e+13|4.43662e+12|1.83802e+11|5.32138e+11|2.62018e+13,6.48959e+11|3.81621e+13|5.40463e+10|9.08242e+10|2.94889e+13|2.01162e+11|7.33382e+09|3.46833e+12|5.64439e+10|1.28005e+13|4.14181e+08|2.05619e+12|2.79127e+12|1.55346e+11|2.21789e+11|8.71912e+12,0.00015285|3.58423e-05|1.73339e-05|2.12038e-05|0.000455172|0.000214835|3.23779e-05|0.000435829|0.000262492|3.15748e-05|0.000105823|0.000271172|0.000213383|6.14967e-05|0.000247429|0.000127206,0.003252|0.000127835|0.000156137|0.00133854|0.00183051|0.000504018|0.00105266|0.000115957|0.000864591|0.000190107|0.00411998|0.00331108|0.00492817|0.00135186|0.00522315|0.000265144,0.0179602|0.0470176|0.0116366|0.0184047|0.0310073|0.0443323|0.0474323|0.0196651|0.0446242|0.0430282|0.0177641|0.0287435|0.0496549|0.00529712|0.00611448|0.0409725,0.000546736|0.0468531|0.041832|0.031308|0.0319606|0.040963|0.0190654|0.0435367|0.0114974|0.0113199|0.0205171|0.0431463|0.0210081|0.0112888|0.0463091|0.02493,0.956543|0.950579|0.913854|0.98666|0.965597|0.94682|0.983195|0.965431|0.916187|0.947802|0.915954|0.92765|0.977322|0.979866|0.902472|0.903218,6.22817|4.0358|1.42439|0.948718|0.103561|4.85624|6.20116|3.34731|4.03886|6.22584|4.65468|5.53936|4.67833|2.49161|5.254|4.29151,30.2686|24.4191|13.9548|56.34|66.6304|58.7029|31.5608|18.7034|29.3504|37.0378|23.518|39.0733|83.4704|23.9015|29.3778,0.17251|0.167139|0.190483|0.245639|0.223371|0.209145|0.229646|0.163485|0.210454|0.188626|0.205583|0.196585|0.244973|0.228066|0.210878,0.827051|0.726505|0.305271|0.226162|0.83783|0.654975|0.453439|0.396049|0.532548|0.411593|0.300733|0.863895|0.347474|0.547282|0.138678,0.851523,0.837898,0.0185889,0.555256,0.596445,0.529227,0.225922,0.539254,0.241732,0.844508,60.029,1.54756e-12,39681,0.96775,71.3706,7.91337e-10,47522,0.907488,0.897423,0.0160931,0.236702,0.527636,0.456737,0.279439,0.462384,0.0593942,0.937758,18.7241,3.99128e-10,75313,0.812352,72.2662,3.36135e-11,78161
2,116,n1->n2->n12->n22->n23->n24->n25->n35->n36->n37->n38->n39->n29->n30->n20->n10,5.4999e+12|1.38353e+13|2.05589e+11|6.89136e+12|5.1585e+13|1.17759e+12|2.26824e+10|2.36731e+13|8.69601e+10|7.24389e+13|1.15002e+09|8.3858e+12|4.43662e+12|1.83802e+11|5.32138e+11|2.62018e+13,6.48959e+11|7.23336e+12|5.40463e+10|5.3881e+12|4.60456e+13|2.01162e+11|7.07863e+09|3.46833e+12|5.64439e+10|1.28005e+13|4.14181e+08|1.1487e+12|2.79127e+12|1.55346e+11|2.21789e+11|8.71912e+12,0.00015285|0.000148714|1.73339e-05|0.000201899|6.64364e-05|0.000214835|2.48293e-05|0.000435829|0.000262492|3.15748e-05|0.000105823|6.12229e-05|0.000213383|6.14967e-05|0.000247429|0.000127206,0.003252|0.000441496|0.000156137|0.000177346|0.00216169|0.000504018|0.00526954|0.000115957|0.000864591|0.000190107|0.00411998|0.00610675|0.00492817|0.00135186|0.00522315|0.000265144,0.0179602|0.0348637|0.0116366|0.0147695|0.0228373|0.0443323|0.0411534|0.0196651|0.0446242|0.0430282|0.0177641|0.000135364|0.0496549|0.00529712|0.00611448|0.0409725,0.000546736|0.0478486|0.041832|0.0456659|0.037673|0.040963|0.0451075|0.0435367|0.0114974|0.0113199|0.0205171|0.014938|0.0210081|0.0112888|0.0463091|0.02493,0.956543|0.955815|0.913854|0.90843|0.903|0.94682|0.98336|0.965431|0.916187|0.947802|0.915954|0.952729|0.977322|0.979866|0.902472|0.903218,6.22817|4.1742|1.42439|2.55635|0.905766|4.85624|6.02932|3.34731|4.03886|6.22584|4.65468|2.09917|4.67833|2.49161|5.254|4.29151,79.8117|88.6198|13.2112|55.8812|67.5745|18.2346|88.4205|18.7034|29.3504|37.0378|69.5993|44.1502|83.4704|23.9015|29.3778,0.228393|0.218328|0.17699|0.183035|0.16557|0.244005|0.226371|0.163485|0.210454|0.188626|0.188323|0.162358|0.244973|0.228066|0.210878,0.725997|0.53516|0.78707|0.999468|0.122951|0.943216|0.191607|0.396049|0.532548|0.411593|0.397286|0.318407|0.347474|0.547282|0.138678,0.851523,0.837898,0.0185889,0.555256,0.596445,0.529227,0.225922,0.539254,0.241732,0.844508,60.029,1.54756e-12,39681,0.96775,71.3706,7.91337e-10,47522,0.907488,0.897423,0.0160931,0.236702,0.527636,0.456737,0.279439,0.462384,0.0593942,0.937758,18.7241,3.99128e-10,75313,0.812352,72.2662,3.36135e-11,78161
2,117,n1->n2->n3->n4->n14->n15->n5->n6->n7->n8->n18->n28->n29->n30->n20->n10,5.4999e+12|1.38353e+13|1.53335e+11|1.75942e+09|3.69121e+13|6.17253e+13|1.32985e+12|2.83166e+09|1.70314e+11|7.36068e+10|2.08257e+11|1.30221e+13|4.43662e+12|1.83802e+11|5.32138e+11|2.62018e+13,6.48959e+11|7.23336e+12|8.74502e+10|4.4632e+08|2.94889e+13|2.37721e+13|4.5847e+11|1.10743e+09|1.24554e+11|6.47234e+10|2.23663e+10|2.05619e+12|2.79127e+12|1.55346e+11|2.21789e+11|8.71912e+12,0.00015285|0.000148714|0.000989315|0.00014654|0.000455172|0.000365537|0.000163077|2.77636e-05|0.000279667|0.000102402|0.000171925|0.000271172|0.000213383|6.14967e-05|0.000247429|0.000127206,0.003252|0.000441496|0.000209305|0.00148041|0.00183051|0.000568282|0.000159363|0.00293787|0.00109524|0.000294904|0.00227311|0.00331108|0.00492817|0.00135186|0.00522315|0.000265144,0.0179602|0.0348637|0.0101203|0.0328667|0.0310073|0.000619861|0.0136578|0.041372|0.0184116|0.00528751|0.0373366|0.0287435|0.0496549|0.00529712|0.00611448|0.0409725,0.000546736|0.0478486|0.0269719|0.0360108|0.0319606|0.0254867|0.02637|0.0296728|0.00251899|0.0169153|0.0258287|0.0431463|0.0210081|0.0112888|0.0463091|0.02493,0.956543|0.955815|0.945731|0.960947|0.965597|0.948183|0.982934|0.956179|0.913586|0.977494|0.957375|0.92765|0.977322|0.979866|0.902472|0.903218,6.22817|4.1742|3.59128|4.96524|0.103561|2.74568|4.26661|2.12743|1.21281|2.40861|2.48855|5.53936|4.67833|2.49161|5.254|4.29151,79.8117|37.015|10.4739|52.1141|92.5451|35.0583|37.2729|32.9383|55.4093|81.3396|43.2583|39.0733|83.4704|23.9015|29.3778,0.228393|0.220946|0.199542|0.24587|0.217749|0.240843|0.191968|0.242724|0.191098|0.184383|0.191747|0.196585|0.244973|0.228066|0.210878,0.725997|0.275354|0.200911|0.356378|0.738934|0.606669|0.389873|0.369932|0.821716|0.540078|0.748413|0.863895|0.347474|0.547282|0.138678,0.851523,0.837898,0.0185889,0.555256,0.596445,0.529227,0.225922,0.539254,0.241732,0.844508,60.029,1.54756e-12,39681,0.96775,71.3706,7.91337e-10,47522,0.907488,0.897423,0.0160931,0.236702,0.527636,0.456737,0.279439,0.462384,0.0593942,0.937758,18.7241,3.99128e-10,75313,0.812352,72.2662,3.36135e-11,78161
2,118,n1->n11->n21->n31->n32->n22->n23->n24->n25->n15->n5->n6->n7->n8->n9->n10,5.4999e+12|5.65563e+13|2.41937e+09|9.34158e+10|1.17872e+12|6.89136e+12|5.1585e+13|1.17759e+12|2.26824e+10|6.17253e+13|1.32985e+12|2.83166e+09|1.70314e+11|7.36068e+10|7.28667e+12|2.62018e+13,6.48959e+11|3.81621e+13|3.78731e+08|1.64589e+10|3.3013e+11|5.3881e+12|4.60456e+13|2.01162e+11|7.07863e+09|2.37721e+13|4.5847e+11|1.10743e+09|1.24554e+11|6.47234e+10|4.6263e+12|8.71912e+12,0.00015285|3.58423e-05|1.01809e-05|9.62101e-05|6.27032e-05|0.000201899|6.64364e-05|0.000214835|2.48293e-05|0.000365537|0.000163077|2.77636e-05|0.000279667|0.000102402|1.66587e-05|0.000127206,0.003252|0.000127835|0.000777165|0.00408916|0.00087854|0.000177346|0.00216169|0.000504018|0.00526954|0.000568282|0.000159363|0.00293787|0.00109524|0.000294904|0.00164938|0.000265144,0.0179602|0.0470176|0.016718|0.0447582|0.0291|0.0147695|0.0228373|0.0443323|0.0411534|0.000619861|0.0136578|0.041372|0.0184116|0.00528751|0.0479548|0.0409725,0.000546736|0.0468531|0.00829965|0.00350572|0.0250492|0.0456659|0.037673|0.040963|0.0451075|0.0254867|0.02637|0.0296728|0.00251899|0.0169153|0.0201069|0.02493,0.956543|0.950579|0.942854|0.954608|0.944854|0.90843|0.903|0.94682|0.98336|0.948183|0.982934|0.956179|0.913586|0.977494|0.90484|0.903218,6.22817|4.0358|2.52817|2.93597|5.13861|2.55635|0.905766|4.85624|6.02932|2.74568|4.26661|2.12743|1.21281|2.40861|5.80128|4.29151,30.2686|65.1286|89.2299|63.0993|86.2435|55.8812|67.5745|18.2346|54.7186|35.0583|37.2729|32.9383|55.4093|99.595|65.9961,0.17251|0.16646|0.244826|0.20722|0.224682|0.183035|0.16557|0.244005|0.189144|0.240843|0.191968|0.242724|0.191098|0.247422|0.163358,0.827051|0.529375|0.387257|0.894814|0.142627|0.999468|0.122951|0.943216|0.194732|0.606669|0.389873|0.369932|0.821716|0.597712|0.823601,0.851523,0.837898,0.0185889,0.555256,0.596445,0.529227,0.225922,0.539254,0.241732,0.844508,60.029,1.54756e-12,39681,0.96775,71.3706,7.91337e-10,47522,0.907488,0.897423,0.0160931,0.236702,0.527636,0.456737,0.279439,0.462384,0.0593942,0.937758,18.7241,3.99128e-10,75313,0.812352,72.2662,3.36135e-11,78161
2,119,n1->n11->n21->n22->n32->n33->n23->n24->n14->n4->n5->n6->n7->n8->n9->n10,5.4999e+12|5.65563e+13|2.41937e+09|6.89136e+12|1.17872e+12|5.3486e+12|5.1585e+13|1.17759e+12|3.69121e+13|1.75942e+09|1.32985e+12|2.83166e+09|1.70314e+11|7.36068e+10|7.28667e+12|2.62018e+13,6.48959e+11|3.81621e+13|3.78731e+08|5.3881e+12|3.3013e+11|1.17387e+12|4.60456e+13|2.01162e+11|2.94889e+13|4.4632e+08|4.5847e+11|1.10743e+09|1.24554e+11|6.47234e+10|4.6263e+12|8.71912e+12,0.00015285|3.58423e-05|1.01809e-05|0.000201899|6.27032e-05|0.000399167|6.64364e-05|0.000214835|0.000455172|0.00014654|0.000163077|2.77636e-05|0.000279667|0.000102402|1.66587e-05|0.000127206,0.003252|0.000127835|0.000777165|0.000177346|0.00087854|0.00509684|0.00216169|0.000504018|0.00183051|0.00148041|0.000159363|0.00293787|0.00109524|0.000294904|0.00164938|0.000265144,0.0179602|0.0470176|0.016718|0.0147695|0.0291|0.00767461|0.0228373|0.0443323|0.0310073|0.0328667|0.0136578|0.041372|0.0184116|0.00528751|0.0479548|0.0409725,0.000546736|0.0468531|0.00829965|0.0456659|0.0250492|0.0291341|0.037673|0.040963|0.0319606|0.0360108|0.02637|0.0296728|0.00251899|0.0169153|0.0201069|0.02493,0.956543|0.950579|0.942854|0.90843|0.944854|0.927105|0.903|0.94682|0.965597|0.960947|0.982934|0.956179|0.913586|0.977494|0.90484|0.903218,6.22817|4.0358|2.52817|2.55635|5.13861|4.64436|0.905766|4.85624|0.103561|4.96524|4.26661|2.12743|1.21281|2.40861|5.80128|4.29151,30.2686|65.1286|34.0839|86.2435|67.4197|76.7594|67.5745|66.6304|52.1141|81.7362|37.2729|32.9383|55.4093|99.595|65.9961,0.17251|0.16646|0.20313|0.224682|0.190613|0.213966|0.16557|0.223371|0.24587|0.174783|0.191968|0.242724|0.191098|0.247422|0.163358,0.827051|0.529375|0.123831|0.142627|0.839596|0.164408|0.122951|0.83783|0.356378|0.219292|0.389873|0.369932|0.821716|0.597712|0.823601,0.851523,0.837898,0.0185889,0.555256,0.596445,0.529227,0.225922,0.539254,0.241732,0.844508,60.029,1.54756e-12,39681,0.96775,71.3706,7.91337e-10,47522,0.907488,0.897423,0.0160931,0.236702,0.527636,0.456737,0.279439,0.462384,0.0593942,0.937758,18.7241,3.99128e-10,75313,0.812352,72.2662,3.36135e-11,78161
2,120,n1->n11->n21->n22->n12->n13->n3->n4->n14->n15->n16->n6->n7->n8->n9->n10,5.4999e+12|5.65563e+13|2.41937e+09|6.89136e+12|2.05589e+11|5.5344e+11|1.53335e+11|1.75942e+09|3.69121e+13|6.17253e+13|4.99557e+10|2.83166e+09|1.70314e+11|7.36068e+10|7.28667e+12|2.62018e+13,6.48959e+11|3.81621e+13|3.78731e+08|5.3881e+12|5.40463e+10|9.08242e+10|8.74502e+10|4.4632e+08|2.94889e+13|2.37721e+13|8.87997e+09|1.10743e+09|1.24554e+11|6.47234e+10|4.6263e+12|8.71912e+12,0.00015285|3.58423e-05|1.01809e-05|0.000201899|1.73339e-05|2.12038e-05|0.000989315|0.00014654|0.000455172|0.000365537|0.000113525|2.77636e-05|0.000279667|0.000102402|1.66587e-05|0.000127206,0.003252|0.000127835|0.000777165|0.000177346|0.000156137|0.00133854|0.000209305|0.00148041|0.00183051|0.000568282|0.000563062|0.00293787|0.00109524|0.000294904|0.00164938|0.000265144,0.0179602|0.0470176|0.016718|0.0147695|0.0116366|0.0184047|0.0101203|0.0328667|0.0310073|0.000619861|0.0484966|0.041372|0.0184116|0.00528751|0.0479548|0.0409725,0.000546736|0.0468531|0.00829965|0.0456659|0.041832|0.031308|0.0269719|0.0360108|0.0319606|0.0254867|0.00864637|0.0296728|0.00251899|0.0169153|0.0201069|0.02493,0.956543|0.950579|0.942854|0.90843|0.913854|0.98666|0.945731|0.960947|0.965597|0.948183|0.930368|0.956179|0.913586|0.977494|0.90484|0.903218,6.22817|4.0358|2.52817|2.55635|1.42439|0.948718|3.59128|4.96524|0.103561|2.74568|1.84701|2.12743|1.21281|2.40861|5.80128|4.29151,30.2686|65.1286|34.0839|13.2112|13.9548|83.9106|10.4739|52.1141|92.5451|56.2706|50.0569|32.9383|55.4093|99.595|65.9961,0.17251|0.16646|0.20313|0.17699|0.190483|0.206647|0.199542|0.24587|0.217749|0.203512|0.170335|0.242724|0.191098|0.247422|0.163358,0.827051|0.529375|0.123831|0.78707|0.305271|0.189939|0.200911|0.356378|0.738934|0.580023|0.600597|0.369932|0.821716|0.597712|0.823601,0.851523,0.837898,0.0185889,0.555256,0.596445,0.529227,0.225922,0.539254,0.241732,0.844508,60.029,1.54756e-12,39681,0.96775,71.3706,7.91337e-10,47522,0.907488,0.897423,0.0160931,0.236702,0.527636,0.456737,0.279439,0.462384,0.0593942,0.937758,18.7241,3.99128e-10,75313,0.812352,72.2662,3.36135e-11,78161
2,121,n1->n2->n12->n11->n21->n31->n32->n22->n23->n24->n14->n15->n16->n6->n7->n8->n9->n10,5.4999e+12|1.38353e+13|2.05589e+11|5.65563e+13|2.41937e+09|9.34158e+10|1.17872e+12|6.89136e+12|5.1585e+13|1.17759e+12|3.69121e+13|6.17253e+13|4.99557e+10|2.83166e+09|1.70314e+11|7.36068e+10|7.28667e+12|2.62018e+13,6.48959e+11|7.23336e+12|5.40463e+10|3.81621e+13|3.78731e+08|1.64589e+10|3.3013e+11|5.3881e+12|4.60456e+13|2.01162e+11|2.94889e+13|2.37721e+13|8.87997e+09|1.10743e+09|1.24554e+11|6.47234e+10|4.6263e+12|8.71912e+12,0.00015285|0.000148714|1.73339e-05|3.58423e-05|1.01809e-05|9.62101e-05|6.27032e-05|0.000201899|6.64364e-05|0.000214835|0.000455172|0.000365537|0.000113525|2.77636e-05|0.000279667|0.000102402|1.66587e-05|0.000127206,0.003252|0.000441496|0.000156137|0.000127835|0.000777165|0.00408916|0.00087854|0.000177346|0.00216169|0.000504018|0.00183051|0.000568282|0.000563062|0.00293787|0.00109524|0.000294904|0.00164938|0.000265144,0.0179602|0.0348637|0.0116366|0.0470176|0.016718|0.0447582|0.0291|0.0147695|0.0228373|0.0443323|0.0310073|0.000619861|0.0484966|0.041372|0.0184116|0.00528751|0.0479548|0.0409725,0.000546736|0.0478486|0.041832|0.0468531|0.00829965|0.00350572|0.0250492|0.0456659|0.037673|0.040963|0.0319606|0.0254867|0.00864637|0.0296728|0.00251899|0.0169153|0.0201069|0.02493,0.956543|0.955815|0.913854|0.950579|0.942854|0.954608|0.944854|0.90843|0.903|0.94682|0.965597|0.948183|0.930368|0.956179|0.913586|0.977494|0.90484|0.903218,6.22817|4.1742|1.42439|4.0358|2.52817|2.93597|5.13861|2.55635|0.905766|4.85624|0.103561|2.74568|1.84701|2.12743|1.21281|2.40861|5.80128|4.29151,79.8117|88.6198|24.4191|65.1286|89.2299|63.0993|86.2435|55.8812|67.5745|66.6304|92.5451|56.2706|50.0569|32.9383|55.4093|99.595|65.9961,0.228393|0.218328|0.167139|0.16646|0.244826|0.20722|0.224682|0.183035|0.16557|0.223371|0.217749|0.203512|0.170335|0.242724|0.191098|0.247422|0.163358,0.725997|0.53516|0.726505|0.529375|0.387257|0.894814|0.142627|0.999468|0.122951|0.83783|0.738934|0.580023|0.600597|0.369932|0.821716|0.597712|0.823601,0.851523,0.837898,0.0185889,0.555256,0.596445,0.529227,0.225922,0.539254,0.241732,0.844508,60.029,1.54756e-12,39681,0.96775,71.3706,7.91337e-10,47522,0.907488,0.897423,0.0160931,0.236702,0.527636,0.456737,0.279439,0.462384,0.0593942,0.937758,18.7241,3.99128e-10,75313,0.812352,72.2662,3.36135e-11,78161
2,122,n1->n2->n3->n4->n5->n6->n16->n17->n7->n8->n9->n19->n18->n28->n29->n30->n20->n10,5.4999e+12|1.38353e+13|1.53335e+11|1.75942e+09|1.32985e+12|2.83166e+09|4.99557e+10|5.2065e+11|1.70314e+11|7.36068e+10|7.28667e+12|1.60792e+09|2.08257e+11|1.30221e+13|4.43662e+12|1.83802e+11|5.32138e+11|2.62018e+13,6.48959e+11|7.23336e+12|8.74502e+10|4.4632e+08|4.5847e+11|1.10743e+09|8.87997e+09|1.64371e+11|1.24554e+11|6.47234e+10|4.6263e+12|2.02403e+08|2.23663e+10|2.05619e+12|2.79127e+12|1.55346e+11|2.21789e+11|8.71912e+12,0.00015285|0.000148714|0.000989315|0.00014654|0.000163077|2.77636e-05|0.000113525|0.000193857|0.000279667|0.000102402|1.66587e-05|0.00020417|0.000171925|0.000271172|0.000213383|6.14967e-05|0.000247429|0.000127206,0.003252|0.000441496|0.000209305|0.00148041|0.000159363|0.00293787|0.000563062|0.00794335|0.00109524|0.000294904|0.00164938|0.00979739|0.00227311|0.00331108|0.00492817|0.00135186|0.00522315|0.000265144,0.0179602|0.0348637|0.0101203|0.0328667|0.0136578|0.041372|0.0484966|0.0142611|0.0184116|0.00528751|0.0479548|0.000790162|0.0373366|0.0287435|0.0496549|0.00529712|0.00611448|0.0409725,0.000546736|0.0478486|0.0269719|0.0360108|0.02637|0.0296728|0.00864637|0.0346386|0.00251899|0.0169153|0.0201069|0.0278792|0.0258287|0.0431463|0.0210081|0.0112888|0.0463091|0.02493,0.956543|0.955815|0.945731|0.960947|0.982934|0.956179|0.930368|0.902379|0.913586|0.977494|0.90484|0.971346|0.957375|0.92765|0.977322|0.979866|0.902472|0.903218,6.22817|4.1742|3.59128|4.96524|4.26661|2.12743|1.84701|1.64864|1.21281|2.40861|5.80128|5.19478|2.48855|5.53936|4.67833|2.49161|5.254|4.29151,79.8117|37.015|10.4739|81.7362|37.2729|50.0569|32.2763|59.8148|55.4093|99.595|99.0064|28.0546|43.2583|39.0733|83.4704|23.9015|29.3778,0.228393|0.220946|0.199542|0.174783|0.191968|0.170335|0.219818|0.239148|0.191098|0.247422|0.169129|0.168115|0.191747|0.196585|0.244973|0.228066|0.210878,0.725997|0.275354|0.200911|0.219292|0.389873|0.600597|0.130249|0.525316|0.821716|0.597712|0.377874|0.490037|0.748413|0.863895|0.347474|0.547282|0.138678,0.851523,0.837898,0.0185889,0.555256,0.596445,0.529227,0.225922,0.539254,0.241732,0.844508,60.029,1.54756e-12,39681,0.96775,71.3706,7.91337e-10,47522,0.907488,0.897423,0.0160931,0.236702,0.527636,0.456737,0.279439,0.462384,0.0593942,0.937758,18.7241,3.99128e-10,75313,0.812352,72.2662,3.36135e-11,78161
2,123,n1->n11->n12->n2->n3->n4->n14->n13->n23->n24->n25->n26->n16->n6->n7->n8->n9->n10,5.4999e+12|5.65563e+13|2.05589e+11|1.38353e+13|1.53335e+11|1.75942e+09|3.69121e+13|5.5344e+11|5.1585e+13|1.17759e+12|2.26824e+10|1.38574e+10|4.99557e+10|2.83166e+09|1.70314e+11|7.36068e+10|7.28667e+12|2.62018e+13,6.48959e+11|3.81621e+13|5.40463e+10|7.23336e+12|8.74502e+10|4.4632e+08|2.94889e+13|9.08242e+10|4.60456e+13|2.01162e+11|7.07863e+09|1.18442e+10|8.87997e+09|1.10743e+09|1.24554e+11|6.47234e+10|4.6263e+12|8.71912e+12,0.00015285|3.58423e-05|1.73339e-05|0.000148714|0.000989315|0.00014654|0.000455172|2.12038e-05|6.64364e-05|0.000214835|2.48293e-05|0.000138812|0.000113525|2.77636e-05|0.000279667|0.000102402|1.66587e-05|0.000127206,0.003252|0.000127835|0.000156137|0.000441496|0.000209305|0.00148041|0.00183051|0.00133854|0.00216169|0.000504018|0.00526954|0.000699826|0.000563062|0.00293787|0.00109524|0.000294904|0.00164938|0.000265144,0.0179602|0.0470176|0.0116366|0.0348637|0.0101203|0.0328667|0.0310073|0.0184047|0.0228373|0.0443323|0.0411534|0.0280187|0.0484966|0.041372|0.0184116|0.00528751|0.0479548|0.0409725,0.000546736|0.0468531|0.041832|0.0478486|0.0269719|0.0360108|0.0319606|0.031308|0.037673|0.040963|0.0451075|0.0171301|0.00864637|0.0296728|0.00251899|0.0169153|0.0201069|0.02493,0.956543|0.950579|0.913854|0.955815|0.945731|0.960947|0.965597|0.98666|0.903|0.94682|0.98336|0.927413|0.930368|0.956179|0.913586|0.977494|0.90484|0.903218,6.22817|4.0358|1.42439|4.1742|3.59128|4.96524|0.103561|0.948718|0.905766|4.85624|6.02932|1.51622|1.84701|2.12743|1.21281|2.40861|5.80128|4.29151,30.2686|24.4191|88.6198|37.015|10.4739|52.1141|56.34|51.9585|67.5745|18.2346|55.6995|11.0615|50.0569|32.9383|55.4093|99.595|65.9961,0.17251|0.167139|0.218328|0.220946|0.199542|0.24587|0.245639|0.246371|0.16557|0.244005|0.18627|0.184807|0.170335|0.242724|0.191098|0.247422|0.163358,0.827051|0.726505|0.53516|0.275354|0.200911|0.356378|0.226162|0.635286|0.122951|0.943216|0.157575|0.184807|0.600597|0.369932|0.821716|0.597712|0.823601,0.851523,0.837898,0.0185889,0.555256,0.596445,0.529227,0.225922,0.539254,0.241732,0.844508,60.029,1.54756e-12,39681,0.96775,71.3706,7.91337e-10,47522,0.907488,0.897423,0.0160931,0.236702,0.527636,0.456737,0.279439,0.462384,0.0593942,0.937758,18.7241,3.99128e-10,75313,0.812352,72.2662,3.36135e-11,78161
2,124,n1->n2->n3->n13->n14->n15->n5->n6->n7->n17->n27->n37->n38->n39->n40->n30->n20->n10,5.4999e+12|1.38353e+13|1.53335e+11|5.5344e+11|3.69121e+13|6.17253e+13|1.32985e+12|2.83166e+09|1.70314e+11|5.2065e+11|2.58309e+09|7.24389e+13|1.15002e+09|8.3858e+12|2.29206e+10|1.83802e+11|5.32138e+11|2.62018e+13,6.48959e+11|7.23336e+12|8.74502e+10|9.08242e+10|2.94889e+13|2.37721e+13|4.5847e+11|1.10743e+09|1.24554e+11|1.64371e+11|8.1041e+08|1.28005e+13|4.14181e+08|1.1487e+12|6.61094e+09|1.55346e+11|2.21789e+11|8.71912e+12,0.00015285|0.000148714|0.000989315|2.12038e-05|0.000455172|0.000365537|0.000163077|2.77636e-05|0.000279667|0.000193857|0.00059638|3.15748e-05|0.000105823|6.12229e-05|2.30699e-05|6.14967e-05|0.000247429|0.000127206,0.003252|0.000441496|0.000209305|0.00133854|0.00183051|0.000568282|0.000159363|0.00293787|0.00109524|0.00794335|0.00182097|0.000190107|0.00411998|0.00610675|0.00114617|0.00135186|0.00522315|0.000265144,0.0179602|0.0348637|0.0101203|0.0184047|0.0310073|0.000619861|0.0136578|0.041372|0.0184116|0.0142611|0.0260488|0.0430282|0.0177641|0.000135364|0.0353348|0.00529712|0.00611448|0.0409725,0.000546736|0.0478486|0.0269719|0.031308|0.0319606|0.0254867|0.02637|0.0296728|0.00251899|0.0346386|0.0214296|0.0113199|0.0205171|0.014938|0.0287647|0.0112888|0.0463091|0.02493,0.956543|0.955815|0.945731|0.98666|0.965597|0.948183|0.982934|0.956179|0.913586|0.902379|0.944118|0.947802|0.915954|0.952729|0.908845|0.979866|0.902472|0.903218,6.22817|4.1742|3.59128|0.948718|0.103561|2.74568|4.26661|2.12743|1.21281|1.64864|1.31493|6.22584|4.65468|2.09917|5.30558|2.49161|5.254|4.29151,79.8117|37.015|83.9106|56.34|92.5451|35.0583|37.2729|32.9383|59.8148|72.2829|44.8869|37.0378|69.5993|86.0567|98.0873|23.9015|29.3778,0.228393|0.220946|0.206647|0.245639|0.217749|0.240843|0.191968|0.242724|0.239148|0.216563|0.214388|0.188626|0.188323|0.172155|0.193002|0.228066|0.210878,0.725997|0.275354|0.189939|0.226162|0.738934|0.606669|0.389873|0.369932|0.525316|0.478949|0.862187|0.411593|0.397286|0.496938|0.416215|0.547282|0.138678,0.851523,0.837898,0.0185889,0.555256,0.596445,0.529227,0.225922,0.539254,0.241732,0.844508,60.029,1.54756e-12,39681,0.96775,71.3706,7.91337e-10,47522,0.907488,0.897423,0.0160931,0.236702,0.527636,0.456737,0.279439,0.462384,0.0593942,0.937758,18.7241,3.99128e-10,75313,0.812352,72.2662,3.36135e-11,78161
2,125,n1->n11->n12->n13->n14->n24->n34->n35->n36->n37->n38->n39->n49->n50->n40->n30->n20->n10,5.4999e+12|5.65563e+13|2.05589e+11|5.5344e+11|3.69121e+13|1.17759e+12|1.56288e+10|2.36731e+13|8.69601e+10|7.24389e+13|1.15002e+09|8.3858e+12|4.40453e+10|1.38504e+09|2.29206e+10|1.83802e+11|5.32138e+11|2.62018e+13,6.48959e+11|3.81621e+13|5.40463e+10|9.08242e+10|2.94889e+13|2.01162e+11|7.33382e+09|3.46833e+12|5.64439e+10|1.28005e+13|4.14181e+08|1.1487e+12|2.37099e+10|5.01344e+08|6.61094e+09|1.55346e+11|2.21789e+11|8.71912e+12,0.00015285|3.58423e-05|1.73339e-05|2.12038e-05|0.000455172|0.000214835|3.23779e-05|0.000435829|0.000262492|3.15748e-05|0.000105823|6.12229e-05|2.3314e-05|3.6734e-05|2.30699e-05|6.14967e-05|0.000247429|0.000127206,0.003252|0.000127835|0.000156137|0.00133854|0.00183051|0.000504018|0.00105266|0.000115957|0.000864591|0.000190107|0.00411998|0.00610675|0.000214539|0.00156118|0.00114617|0.00135186|0.00522315|0.000265144,0.0179602|0.0470176|0.0116366|0.0184047|0.0310073|0.0443323|0.0474323|0.0196651|0.0446242|0.0430282|0.0177641|0.000135364|0.00224821|0.0217302|0.0353348|0.00529712|0.00611448|0.0409725,0.000546736|0.0468531|0.041832|0.031308|0.0319606|0.040963|0.0190654|0.0435367|0.0114974|0.0113199|0.0205171|0.014938|0.043662|0.0461656|0.0287647|0.0112888|0.0463091|0.02493,0.956543|0.950579|0.913854|0.98666|0.965597|0.94682|0.983195|0.965431|0.916187|0.947802|0.915954|0.952729|0.965883|0.927342|0.908845|0.979866|0.902472|0.903218,6.22817|4.0358|1.42439|0.948718|0.103561|4.85624|6.20116|3.34731|4.03886|6.22584|4.65468|2.09917|0.250991|4.2672|5.30558|2.49161|5.254|4.29151,30.2686|24.4191|13.9548|56.34|66.6304|58.7029|31.5608|18.7034|29.3504|37.0378|69.5993|95.0453|38.9947|91.3525|98.0873|23.9015|29.3778,0.17251|0.167139|0.190483|0.245639|0.223371|0.209145|0.229646|0.163485|0.210454|0.188626|0.188323|0.240344|0.206431|0.236965|0.193002|0.228066|0.210878,0.827051|0.726505|0.305271|0.226162|0.83783|0.654975|0.453439|0.396049|0.532548|0.411593|0.397286|0.132675|0.32654|0.24686|0.416215|0.547282|0.138678,0.851523,0.837898,0.0185889,0.555256,0.596445,0.529227,0.225922,0.539254,0.241732,0.844508,60.029,1.54756e-12,39681,0.96775,71.3706,7.91337e-10,47522,0.907488,0.897423,0.0160931,0.236702,0.527636,0.456737,0.279439,0.462384,0.0593942,0.937758,18.7241,3.99128e-10,75313,0.812352,72.2662,3.36135e-11,78161
2,126,n1->n2->n3->n4->n5->n6->n16->n15->n25->n35->n36->n26->n27->n28->n18->n19->n9->n10,5.4999e+12|1.38353e+13|1.53335e+11|1.75942e+09|1.32985e+12|2.83166e+09|4.99557e+10|6.17253e+13|2.26824e+10|2.36731e+13|8.69601e+10|1.38574e+10|2.58309e+09|1.30221e+13|2.08257e+11|1.60792e+09|7.28667e+12|2.62018e+13,6.48959e+11|7.23336e+12|8.74502e+10|4.4632e+08|4.5847e+11|1.10743e+09|8.87997e+09|2.37721e+13|7.07863e+09|3.46833e+12|5.64439e+10|1.18442e+10|8.1041e+08|2.05619e+12|2.23663e+10|2.02403e+08|4.6263e+12|8.71912e+12,0.00015285|0.000148714|0.000989315|0.00014654|0.000163077|2.77636e-05|0.000113525|0.000365537|2.48293e-05|0.000435829|0.000262492|0.000138812|0.00059638|0.000271172|0.000171925|0.00020417|1.66587e-05|0.000127206,0.003252|0.000441496|0.000209305|0.00148041|0.000159363|0.00293787|0.000563062|0.000568282|0.00526954|0.000115957|0.000864591|0.000699826|0.00182097|0.00331108|0.00227311|0.00979739|0.00164938|0.000265144,0.0179602|0.0348637|0.0101203|0.0328667|0.0136578|0.041372|0.0484966|0.000619861|0.0411534|0.0196651|0.0446242|0.0280187|0.0260488|0.0287435|0.0373366|0.000790162|0.0479548|0.0409725,0.000546736|0.0478486|0.0269719|0.0360108|0.02637|0.0296728|0.00864637|0.0254867|0.0451075|0.0435367|0.0114974|0.0171301|0.0214296|0.0431463|0.0258287|0.0278792|0.0201069|0.02493,0.956543|0.955815|0.945731|0.960947|0.982934|0.956179|0.930368|0.948183|0.98336|0.965431|0.916187|0.927413|0.944118|0.92765|0.957375|0.971346|0.90484|0.903218,6.22817|4.1742|3.59128|4.96524|4.26661|2.12743|1.84701|2.74568|6.02932|3.34731|4.03886|1.51622|1.31493|5.53936|2.48855|5.19478|5.80128|4.29151,79.8117|37.015|10.4739|81.7362|37.2729|50.0569|56.2706|54.7186|88.4205|18.7034|63.8366|42.5138|15.3326|43.2583|28.0546|99.0064|65.9961,0.228393|0.220946|0.199542|0.174783|0.191968|0.170335|0.203512|0.189144|0.226371|0.163485|0.161122|0.1677|0.223691|0.191747|0.168115|0.169129|0.163358,0.725997|0.275354|0.200911|0.219292|0.389873|0.600597|0.580023|0.194732|0.191607|0.396049|0.490632|0.380101|0.821214|0.748413|0.490037|0.377874|0.823601,0.851523,0.837898,0.0185889,0.555256,0.596445,0.529227,0.225922,0.539254,0.241732,0.844508,60.029,1.54756e-12,39681,0.96775,71.3706,7.91337e-10,47522,0.907488,0.897423,0.0160931,0.236702,0.527636,0.456737,0.279439,0.462384,0.0593942,0.937758,18.7241,3.99128e-10,75313,0.812352,72.2662,3.36135e-11,78161
2,127,n1->n11->n21->n31->n32->n33->n43->n44->n45->n46->n36->n26->n27->n28->n29->n30->n20->n10,5.4999e+12|5.65563e+13|2.41937e+09|9.34158e+10|1.17872e+12|5.3486e+12|2.34836e+12|1.68394e+11|5.89458e+12|1.54508e+12|8.69601e+10|1.38574e+10|2.58309e+09|1.30221e+13|4.43662e+12|1.83802e+11|5.32138e+11|2.62018e+13,6.48959e+11|3.81621e+13|3.78731e+08|1.64589e+10|3.3013e+11|1.17387e+12|7.8679e+11|7.97392e+10|1.33407e+12|3.47025e+11|5.64439e+10|1.18442e+10|8.1041e+08|2.05619e+12|2.79127e+12|1.55346e+11|2.21789e+11|8.71912e+12,0.00015285|3.58423e-05|1.01809e-05|9.62101e-05|6.27032e-05|0.000399167|0.000202104|0.000481105|0.000198241|2.71186e-05|0.000262492|0.000138812|0.00059638|0.000271172|0.000213383|6.14967e-05|0.000247429|0.000127206,0.003252|0.000127835|0.000777165|0.00408916|0.00087854|0.00509684|0.00689|0.00959402|0.00106683|0.00241975|0.000864591|0.000699826|0.00182097|0.00331108|0.00492817|0.00135186|0.00522315|0.000265144,0.0179602|0.0470176|0.016718|0.0447582|0.0291|0.00767461|0.0050261|0.00808912|0.0129871|0.0343425|0.0446242|0.0280187|0.0260488|0.0287435|0.0496549|0.00529712|0.00611448|0.0409725,0.000546736|0.0468531|0.00829965|0.00350572|0.0250492|0.0291341|0.0157882|0.0399756|0.00676107|0.0269584|0.0114974|0.0171301|0.0214296|0.0431463|0.0210081|0.0112888|0.0463091|0.02493,0.956543|0.950579|0.942854|0.954608|0.944854|0.927105|0.906883|0.984305|0.91111|0.988821|0.916187|0.927413|0.944118|0.92765|0.977322|0.979866|0.902472|0.903218,6.22817|4.0358|2.52817|2.93597|5.13861|4.64436|5.93639|0.307093|0.649197|2.42163|4.03886|1.51622|1.31493|5.53936|4.67833|2.49161|5.254|4.29151,30.2686|65.1286|89.2299|63.0993|67.4197|49.6282|59.7094|89.5651|61.2725|70.4589|63.8366|42.5138|15.3326|39.0733|83.4704|23.9015|29.3778,0.17251|0.16646|0.244826|0.20722|0.190613|0.231597|0.243015|0.209408|0.172446|0.221015|0.161122|0.1677|0.223691|0.196585|0.244973|0.228066|0.210878,0.827051|0.529375|0.387257|0.894814|0.839596|0.630662|0.601149|0.950077|0.72877|0.700266|0.490632|0.380101|0.821214|0.863895|0.347474|0.547282|0.138678,0.851523,0.837898,0.0185889,0.555256,0.596445,0.529227,0.225922,0.539254,0.241732,0.844508,60.029,1.54756e-12,39681,0.96775,71.3706,7.91337e-10,47522,0.907488,0.897423,0.0160931,0.236702,0.527636,0.456737,0.279439,0.462384,0.0593942,0.937758,18.7241,3.99128e-10,75313,0.812352,72.2662,3.36135e-11,78161
2,128,n1->n11->n21->n31->n32->n22->n23->n13->n12->n2->n3->n4->n5->n6->n7->n8->n9->n10,5.4999e+12|5.65563e+13|2.41937e+09|9.34158e+10|1.17872e+12|6.89136e+12|5.1585e+13|5.5344e+11|2.05589e+11|1.38353e+13|1.53335e+11|1.75942e+09|1.32985e+12|2.83166e+09|1.70314e+11|7.36068e+10|7.28667e+12|2.62018e+13,6.48959e+11|3.81621e+13|3.78731e+08|1.64589e+10|3.3013e+11|5.3881e+12|4.60456e+13|9.08242e+10|5.40463e+10|7.23336e+12|8.74502e+10|4.4632e+08|4.5847e+11|1.10743e+09|1.24554e+11|6.47234e+10|4.6263e+12|8.71912e+12,0.00015285|3.58423e-05|1.01809e-05|9.62101e-05|6.27032e-05|0.000201899|6.64364e-05|2.12038e-05|1.73339e-05|0.000148714|0.000989315|0.00014654|0.000163077|2.77636e-05|0.000279667|0.000102402|1.66587e-05|0.000127206,0.003252|0.000127835|0.000777165|0.00408916|0.00087854|0.000177346|0.00216169|0.00133854|0.000156137|0.000441496|0.000209305|0.00148041|0.000159363|0.00293787|0.00109524|0.000294904|0.00164938|0.000265144,0.0179602|0.0470176|0.016718|0.0447582|0.0291|0.0147695|0.0228373|0.0184047|0.0116366|0.0348637|0.0101203|0.0328667|0.0136578|0.041372|0.0184116|0.00528751|0.0479548|0.0409725,0.000546736|0.0468531|0.00829965|0.00350572|0.0250492|0.0456659|0.037673|0.031308|0.041832|0.0478486|0.0269719|0.0360108|0.02637|0.0296728|0.00251899|0.0169153|0.0201069|0.02493,0.956543|0.950579|0.942854|0.954608|0.944854|0.90843|0.903|0.98666|0.913854|0.955815|0.945731|0.960947|0.982934|0.956179|0.913586|0.977494|0.90484|0.903218,6.22817|4.0358|2.52817|2.93597|5.13861|2.55635|0.905766|0.948718|1.42439|4.1742|3.59128|4.96524|4.26661|2.12743|1.21281|2.40861|5.80128|4.29151,30.2686|65.1286|89.2299|63.0993|86.2435|55.8812|51.9585|13.9548|88.6198|37.015|10.4739|81.7362|37.2729|32.9383|55.4093|99.595|65.9961,0.17251|0.16646|0.244826|0.20722|0.224682|0.183035|0.246371|0.190483|0.218328|0.220946|0.199542|0.174783|0.191968|0.242724|0.191098|0.247422|0.163358,0.827051|0.529375|0.387257|0.894814|0.142627|0.999468|0.635286|0.305271|0.53516|0.275354|0.200911|0.219292|0.389873|0.369932|0.821716|0.597712|0.823601,0.851523,0.837898,0.0185889,0.555256,0.596445,0.529227,0.225922,0.539254,0.241732,0.844508,60.029,1.54756e-12,39681,0.96775,71.3706,7.91337e-10,47522,0.907488,0.897423,0.0160931,0.236702,0.527636,0.456737,0.279439,0.462384,0.0593942,0.937758,18.7241,3.99128e-10,75313,0.812352,72.2662,3.36135e-11,78161
2,129,n1->n11->n21->n31->n32->n42->n43->n33->n23->n24->n25->n15->n5->n6->n7->n8->n9->n10,5.4999e+12|5.65563e+13|2.41937e+09|9.34158e+10|1.17872e+12|1.33809e+10|2.34836e+12|5.3486e+12|5.1585e+13|1.17759e+12|2.26824e+10|6.17253e+13|1.32985e+12|2.83166e+09|1.70314e+11|7.36068e+10|7.28667e+12|2.62018e+13,6.48959e+11|3.81621e+13|3.78731e+08|1.64589e+10|3.3013e+11|7.0876e+09|7.8679e+11|1.17387e+12|4.60456e+13|2.01162e+11|7.07863e+09|2.37721e+13|4.5847e+11|1.10743e+09|1.24554e+11|6.47234e+10|4.6263e+12|8.71912e+12,0.00015285|3.58423e-05|1.01809e-05|9.62101e-05|6.27032e-05|0.000472897|0.000202104|0.000399167|6.64364e-05|0.000214835|2.48293e-05|0.000365537|0.000163077|2.77636e-05|0.000279667|0.000102402|1.66587e-05|0.000127206,0.003252|0.000127835|0.000777165|0.00408916|0.00087854|0.000145068|0.00689|0.00509684|0.00216169|0.000504018|0.00526954|0.000568282|0.000159363|0.00293787|0.00109524|0.000294904|0.00164938|0.000265144,0.0179602|0.0470176|0.016718|0.0447582|0.0291|0.0441039|0.0050261|0.00767461|0.0228373|0.0443323|0.0411534|0.000619861|0.0136578|0.041372|0.0184116|0.00528751|0.0479548|0.0409725,0.000546736|0.0468531|0.00829965|0.00350572|0.0250492|0.0398759|0.0157882|0.0291341|0.037673|0.040963|0.0451075|0.0254867|0.02637|0.0296728|0.00251899|0.0169153|0.0201069|0.02493,0.956543|0.950579|0.942854|0.954608|0.944854|0.98262|0.906883|0.927105|0.903|0.94682|0.98336|0.948183|0.982934|0.956179|0.913586|0.977494|0.90484|0.903218,6.22817|4.0358|2.52817|2.93597|5.13861|4.38836|5.93639|4.64436|0.905766|4.85624|6.02932|2.74568|4.26661|2.12743|1.21281|2.40861|5.80128|4.29151,30.2686|65.1286|89.2299|63.0993|70.8805|27.3217|49.6282|76.7594|67.5745|18.2346|54.7186|35.0583|37.2729|32.9383|55.4093|99.595|65.9961,0.17251|0.16646|0.244826|0.20722|0.174184|0.200943|0.231597|0.213966|0.16557|0.244005|0.189144|0.240843|0.191968|0.242724|0.191098|0.247422|0.163358,0.827051|0.529375|0.387257|0.894814|0.193159|0.958841|0.630662|0.164408|0.122951|0.943216|0.194732|0.606669|0.389873|0.369932|0.821716|0.597712|0.823601,0.851523,0.837898,0.0185889,0.555256,0.596445,0.529227,0.225922,0.539254,0.241732,0.844508,60.029,1.54756e-12,39681,0.96775,71.3706,7.91337e-10,47522,0.907488,0.897423,0.0160931,0.236702,0.527636,0.456737,0.279439,0.462384,0.0593942,0.937758,18.7241,3.99128e-10,75313,0.812352,72.2662,3.36135e-11,78161
2,130,n1->n11->n21->n22->n32->n42->n43->n44->n34->n35->n36->n37->n38->n28->n18->n8->n9->n10,5.4999e+12|5.65563e+13|2.41937e+09|6.89136e+12|1.17872e+12|1.33809e+10|2.34836e+12|1.68394e+11|1.56288e+10|2.36731e+13|8.69601e+10|7.24389e+13|1.15002e+09|1.30221e+13|2.08257e+11|7.36068e+10|7.28667e+12|2.62018e+13,6.48959e+11|3.81621e+13|3.78731e+08|5.3881e+12|3.3013e+11|7.0876e+09|7.8679e+11|7.97392e+10|7.33382e+09|3.46833e+12|5.64439e+10|1.28005e+13|4.14181e+08|2.05619e+12|2.23663e+10|6.47234e+10|4.6263e+12|8.71912e+12,0.00015285|3.58423e-05|1.01809e-05|0.000201899|6.27032e-05|0.000472897|0.000202104|0.000481105|3.23779e-05|0.000435829|0.000262492|3.15748e-05|0.000105823|0.000271172|0.000171925|0.000102402|1.66587e-05|0.000127206,0.003252|0.000127835|0.000777165|0.000177346|0.00087854|0.000145068|0.00689|0.00959402|0.00105266|0.000115957|0.000864591|0.000190107|0.00411998|0.00331108|0.00227311|0.000294904|0.00164938|0.000265144,0.0179602|0.0470176|0.016718|0.0147695|0.0291|0.0441039|0.0050261|0.00808912|0.0474323|0.0196651|0.0446242|0.0430282|0.0177641|0.0287435|0.0373366|0.00528751|0.0479548|0.0409725,0.000546736|0.0468531|0.00829965|0.0456659|0.0250492|0.0398759|0.0157882|0.0399756|0.0190654|0.0435367|0.0114974|0.0113199|0.0205171|0.0431463|0.0258287|0.0169153|0.0201069|0.02493,0.956543|0.950579|0.942854|0.90843|0.944854|0.98262|0.906883|0.984305|0.983195|0.965431|0.916187|0.947802|0.915954|0.92765|0.957375|0.977494|0.90484|0.903218,6.22817|4.0358|2.52817|2.55635|5.13861|4.38836|5.93639|0.307093|6.20116|3.34731|4.03886|6.22584|4.65468|5.53936|2.48855|2.40861|5.80128|4.29151,30.2686|65.1286|34.0839|86.2435|70.8805|27.3217|59.7094|46.2248|31.5608|18.7034|29.3504|37.0378|23.518|43.2583|81.3396|99.595|65.9961,0.17251|0.16646|0.20313|0.224682|0.174184|0.200943|0.243015|0.162958|0.229646|0.163485|0.210454|0.188626|0.205583|0.191747|0.184383|0.247422|0.163358,0.827051|0.529375|0.123831|0.142627|0.193159|0.958841|0.601149|0.204489|0.453439|0.396049|0.532548|0.411593|0.300733|0.748413|0.540078|0.597712|0.823601,0.851523,0.837898,0.0185889,0.555256,0.596445,0.529227,0.225922,0.539254,0.241732,0.844508,60.029,1.54756e-12,39681,0.96775,71.3706,7.91337e-10,47522,0.907488,0.897423,0.0160931,0.236702,0.527636,0.456737,0.279439,0.462384,0.0593942,0.937758,18.7241,3.99128e-10,75313,0.812352,72.2662,3.36135e-11,78161
2,131,n1->n11->n21->n31->n32->n42->n43->n44->n34->n24->n25->n15->n16->n6->n7->n8->n9->n10,5.4999e+12|5.65563e+13|2.41937e+09|9.34158e+10|1.17872e+12|1.33809e+10|2.34836e+12|1.68394e+11|1.56288e+10|1.17759e+12|2.26824e+10|6.17253e+13|4.99557e+10|2.83166e+09|1.70314e+11|7.36068e+10|7.28667e+12|2.62018e+13,6.48959e+11|3.81621e+13|3.78731e+08|1.64589e+10|3.3013e+11|7.0876e+09|7.8679e+11|7.97392e+10|7.33382e+09|2.01162e+11|7.07863e+09|2.37721e+13|8.87997e+09|1.10743e+09|1.24554e+11|6.47234e+10|4.6263e+12|8.71912e+12,0.00015285|3.58423e-05|1.01809e-05|9.62101e-05|6.27032e-05|0.000472897|0.000202104|0.000481105|3.23779e-05|0.000214835|2.48293e-05|0.000365537|0.000113525|2.77636e-05|0.000279667|0.000102402|1.66587e-05|0.000127206,0.003252|0.000127835|0.000777165|0.00408916|0.00087854|0.000145068|0.00689|0.00959402|0.00105266|0.000504018|0.00526954|0.000568282|0.000563062|0.00293787|0.00109524|0.000294904|0.00164938|0.000265144,0.0179602|0.0470176|0.016718|0.0447582|0.0291|0.0441039|0.0050261|0.00808912|0.0474323|0.0443323|0.0411534|0.000619861|0.0484966|0.041372|0.0184116|0.00528751|0.0479548|0.0409725,0.000546736|0.0468531|0.00829965|0.00350572|0.0250492|0.0398759|0.0157882|0.0399756|0.0190654|0.040963|0.0451075|0.0254867|0.00864637|0.0296728|0.00251899|0.0169153|0.0201069|0.02493,0.956543|0.950579|0.942854|0.954608|0.944854|0.98262|0.906883|0.984305|0.983195|0.94682|0.98336|0.948183|0.930368|0.956179|0.913586|0.977494|0.90484|0.903218,6.22817|4.0358|2.52817|2.93597|5.13861|4.38836|5.93639|0.307093|6.20116|4.85624|6.02932|2.74568|1.84701|2.12743|1.21281|2.40861|5.80128|4.29151,30.2686|65.1286|89.2299|63.0993|70.8805|27.3217|59.7094|46.2248|58.7029|18.2346|54.7186|56.2706|50.0569|32.9383|55.4093|99.595|65.9961,0.17251|0.16646|0.244826|0.20722|0.174184|0.200943|0.243015|0.162958|0.209145|0.244005|0.189144|0.203512|0.170335|0.242724|0.191098|0.247422|0.163358,0.827051|0.529375|0.387257|0.894814|0.193159|0.958841|0.601149|0.204489|0.654975|0.943216|0.194732|0.580023|0.600597|0.369932|0.821716|0.597712|0.823601,0.851523,0.837898,0.0185889,0.555256,0.596445,0.529227,0.225922,0.539254,0.241732,0.844508,60.029,1.54756e-12,39681,0.96775,71.3706,7.91337e-10,47522,0.907488,0.897423,0.0160931,0.236702,0.527636,0.456737,0.279439,0.462384,0.0593942,0.937758,18.7241,3.99128e-10,75313,0.812352,72.2662,3.36135e-11,78161
2,132,n1->n2->n12->n11->n21->n22->n23->n24->n25->n15->n14->n4->n5->n6->n7->n8->n9->n10,5.4999e+12|1.38353e+13|2.05589e+11|5.65563e+13|2.41937e+09|6.89136e+12|5.1585e+13|1.17759e+12|2.26824e+10|6.17253e+13|3.69121e+13|1.75942e+09|1.32985e+12|2.83166e+09|1.70314e+11|7.36068e+10|7.28667e+12|2.62018e+13,6.48959e+11|7.23336e+12|5.40463e+10|3.81621e+13|3.78731e+08|5.3881e+12|4.60456e+13|2.01162e+11|7.07863e+09|2.37721e+13|2.94889e+13|4.4632e+08|4.5847e+11|1.10743e+09|1.24554e+11|6.47234e+10|4.6263e+12|8.71912e+12,0.00015285|0.000148714|1.73339e-05|3.58423e-05|1.01809e-05|0.000201899|6.64364e-05|0.000214835|2.48293e-05|0.000365537|0.000455172|0.00014654|0.000163077|2.77636e-05|0.000279667|0.000102402|1.66587e-05|0.000127206,0.003252|0.000441496|0.000156137|0.000127835|0.000777165|0.000177346|0.00216169|0.000504018|0.00526954|0.000568282|0.00183051|0.00148041|0.000159363|0.00293787|0.00109524|0.000294904|0.00164938|0.000265144,0.0179602|0.0348637|0.0116366|0.0470176|0.016718|0.0147695|0.0228373|0.0443323|0.0411534|0.000619861|0.0310073|0.0328667|0.0136578|0.041372|0.0184116|0.00528751|0.0479548|0.0409725,0.000546736|0.0478486|0.041832|0.0468531|0.00829965|0.0456659|0.037673|0.040963|0.0451075|0.0254867|0.0319606|0.0360108|0.02637|0.0296728|0.00251899|0.0169153|0.0201069|0.02493,0.956543|0.955815|0.913854|0.950579|0.942854|0.90843|0.903|0.94682|0.98336|0.948183|0.965597|0.960947|0.982934|0.956179|0.913586|0.977494|0.90484|0.903218,6.22817|4.1742|1.42439|4.0358|2.52817|2.55635|0.905766|4.85624|6.02932|2.74568|0.103561|4.96524|4.26661|2.12743|1.21281|2.40861|5.80128|4.29151,79.8117|88.6198|24.4191|65.1286|34.0839|55.8812|67.5745|18.2346|54.7186|92.5451|52.1141|81.7362|37.2729|32.9383|55.4093|99.595|65.9961,0.228393|0.218328|0.167139|0.16646|0.20313|0.183035|0.16557|0.244005|0.189144|0.217749|0.24587|0.174783|0.191968|0.242724|0.191098|0.247422|0.163358,0.725997|0.53516|0.726505|0.529375|0.123831|0.999468|0.122951|0.943216|0.194732|0.738934|0.356378|0.219292|0.389873|0.369932|0.821716|0.597712|0.823601,0.851523,0.837898,0.0185889,0.555256,0.596445,0.529227,0.225922,0.539254,0.241732,0.844508,60.029,1.54756e-12,39681,0.96775,71.3706,7.91337e-10,47522,0.907488,0.897423,0.0160931,0.236702,0.527636,0.456737,0.279439,0.462384,0.0593942,0.937758,18.7241,3.99128e-10,75313,0.812352,72.2662,3.36135e-11,78161
2,133,n1->n11->n21->n22->n23->n13->n12->n2->n3->n4->n14->n15->n16->n6->n7->n8->n9->n10,5.4999e+12|5.65563e+13|2.41937e+09|6.89136e+12|5.1585e+13|5.5344e+11|2.05589e+11|1.38353e+13|1.53335e+11|1.75942e+09|3.69121e+13|6.17253e+13|4.99557e+10|2.83166e+09|1.70314e+11|7.36068e+10|7.28667e+12|2.62018e+13,6.48959e+11|3.81621e+13|3.78731e+08|5.3881e+12|4.60456e+13|9.08242e+10|5.40463e+10|7.23336e+12|8.74502e+10|4.4632e+08|2.94889e+13|2.37721e+13|8.87997e+09|1.10743e+09|1.24554e+11|6.47234e+10|4.6263e+12|8.71912e+12,0.00015285|3.58423e-05|1.01809e-05|0.000201899|6.64364e-05|2.12038e-05|1.73339e-05|0.000148714|0.000989315|0.00014654|0.000455172|0.000365537|0.000113525|2.77636e-05|0.000279667|0.000102402|1.66587e-05|0.000127206,0.003252|0.000127835|0.000777165|0.000177346|0.00216169|0.00133854|0.000156137|0.000441496|0.000209305|0.00148041|0.00183051|0.000568282|0.000563062|0.00293787|0.00109524|0.000294904|0.00164938|0.000265144,0.0179602|0.0470176|0.016718|0.0147695|0.0228373|0.0184047|0.0116366|0.0348637|0.0101203|0.0328667|0.0310073|0.000619861|0.0484966|0.041372|0.0184116|0.00528751|0.0479548|0.0409725,0.000546736|0.0468531|0.00829965|0.0456659|0.037673|0.031308|0.041832|0.0478486|0.0269719|0.0360108|0.0319606|0.0254867|0.00864637|0.0296728|0.00251899|0.0169153|0.0201069|0.02493,0.956543|0.950579|0.942854|0.90843|0.903|0.98666|0.913854|0.955815|0.945731|0.960947|0.965597|0.948183|0.930368|0.956179|0.913586|0.977494|0.90484|0.903218,6.22817|4.0358|2.52817|2.55635|0.905766|0.948718|1.42439|4.1742|3.59128|4.96524|0.103561|2.74568|1.84701|2.12743|1.21281|2.40861|5.80128|4.29151,30.2686|65.1286|34.0839|55.8812|51.9585|13.9548|88.6198|37.015|10.4739|52.1141|92.5451|56.2706|50.0569|32.9383|55.4093|99.595|65.9961,0.17251|0.16646|0.20313|0.183035|0.246371|0.190483|0.218328|0.220946|0.199542|0.24587|0.217749|0.203512|0.170335|0.242724|0.191098|0.247422|0.163358,0.827051|0.529375|0.123831|0.999468|0.635286|0.305271|0.53516|0.275354|0.200911|0.356378|0.738934|0.580023|0.600597|0.369932|0.821716|0.597712|0.823601,0.851523,0.837898,0.0185889,0.555256,0.596445,0.529227,0.225922,0.539254,0.241732,0.844508,60.029,1.54756e-12,39681,0.96775,71.3706,7.91337e-10,47522,0.907488,0.897423,0.0160931,0.236702,0.527636,0.456737,0.279439,0.462384,0.0593942,0.937758,18.7241,3.99128e-10,75313,0.812352,72.2662,3.36135e-11,78161
2,134,n1->n2->n12->n13->n23->n33->n43->n44->n34->n35->n36->n26->n27->n28->n29->n30->n20->n10,5.4999e+12|1.38353e+13|2.05589e+11|5.5344e+11|5.1585e+13|5.3486e+12|2.34836e+12|1.68394e+11|1.56288e+10|2.36731e+13|8.69601e+10|1.38574e+10|2.58309e+09|1.30221e+13|4.43662e+12|1.83802e+11|5.32138e+11|2.62018e+13,6.48959e+11|7.23336e+12|5.40463e+10|9.08242e+10|4.60456e+13|1.17387e+12|7.8679e+11|7.97392e+10|7.33382e+09|3.46833e+12|5.64439e+10|1.18442e+10|8.1041e+08|2.05619e+12|2.79127e+12|1.55346e+11|2.21789e+11|8.71912e+12,0.00015285|0.000148714|1.73339e-05|2.12038e-05|6.64364e-05|0.000399167|0.000202104|0.000481105|3.23779e-05|0.000435829|0.000262492|0.000138812|0.00059638|0.000271172|0.000213383|6.14967e-05|0.000247429|0.000127206,0.003252|0.000441496|0.000156137|0.00133854|0.00216169|0.00509684|0.00689|0.00959402|0.00105266|0.000115957|0.000864591|0.000699826|0.00182097|0.00331108|0.00492817|0.00135186|0.00522315|0.000265144,0.0179602|0.0348637|0.0116366|0.0184047|0.0228373|0.00767461|0.0050261|0.00808912|0.0474323|0.0196651|0.0446242|0.0280187|0.0260488|0.0287435|0.0496549|0.00529712|0.00611448|0.0409725,0.000546736|0.0478486|0.041832|0.031308|0.037673|0.0291341|0.0157882|0.0399756|0.0190654|0.0435367|0.0114974|0.0171301|0.0214296|0.0431463|0.0210081|0.0112888|0.0463091|0.02493,0.956543|0.955815|0.913854|0.98666|0.903|0.927105|0.906883|0.984305|0.983195|0.965431|0.916187|0.927413|0.944118|0.92765|0.977322|0.979866|0.902472|0.903218,6.22817|4.1742|1.42439|0.948718|0.905766|4.64436|5.93639|0.307093|6.20116|3.34731|4.03886|1.51622|1.31493|5.53936|4.67833|2.49161|5.254|4.29151,79.8117|88.6198|13.9548|51.9585|76.7594|49.6282|59.7094|46.2248|31.5608|18.7034|63.8366|42.5138|15.3326|39.0733|83.4704|23.9015|29.3778,0.228393|0.218328|0.190483|0.246371|0.213966|0.231597|0.243015|0.162958|0.229646|0.163485|0.161122|0.1677|0.223691|0.196585|0.244973|0.228066|0.210878,0.725997|0.53516|0.305271|0.635286|0.164408|0.630662|0.601149|0.204489|0.453439|0.396049|0.490632|0.380101|0.821214|0.863895|0.347474|0.547282|0.138678,0.851523,0.837898,0.0185889,0.555256,0.596445,0.529227,0.225922,0.539254,0.241732,0.844508,60.029,1.54756e-12,39681,0.96775,71.3706,7.91337e-10,47522,0.907488,0.897423,0.0160931,0.236702,0.527636,0.456737,0.279439,0.462384,0.0593942,0.937758,18.7241,3.99128e-10,75313,0.812352,72.2662,3.36135e-11,78161
2,135,n1->n2->n12->n13->n23->n22->n32->n33->n34->n35->n25->n26->n27->n17->n7->n8->n9->n10,5.4999e+12|1.38353e+13|2.05589e+11|5.5344e+11|5.1585e+13|6.89136e+12|1.17872e+12|5.3486e+12|1.56288e+10|2.36731e+13|2.26824e+10|1.38574e+10|2.58309e+09|5.2065e+11|1.70314e+11|7.36068e+10|7.28667e+12|2.62018e+13,6.48959e+11|7.23336e+12|5.40463e+10|9.08242e+10|4.60456e+13|5.3881e+12|3.3013e+11|1.17387e+12|7.33382e+09|3.46833e+12|7.07863e+09|1.18442e+10|8.1041e+08|1.64371e+11|1.24554e+11|6.47234e+10|4.6263e+12|8.71912e+12,0.00015285|0.000148714|1.73339e-05|2.12038e-05|6.64364e-05|0.000201899|6.27032e-05|0.000399167|3.23779e-05|0.000435829|2.48293e-05|0.000138812|0.00059638|0.000193857|0.000279667|0.000102402|1.66587e-05|0.000127206,0.003252|0.000441496|0.000156137|0.00133854|0.00216169|0.000177346|0.00087854|0.00509684|0.00105266|0.000115957|0.00526954|0.000699826|0.00182097|0.00794335|0.00109524|0.000294904|0.00164938|0.000265144,0.0179602|0.0348637|0.0116366|0.0184047|0.0228373|0.0147695|0.0291|0.00767461|0.0474323|0.0196651|0.0411534|0.0280187|0.0260488|0.0142611|0.0184116|0.00528751|0.0479548|0.0409725,0.000546736|0.0478486|0.041832|0.031308|0.037673|0.0456659|0.0250492|0.0291341|0.0190654|0.0435367|0.0451075|0.0171301|0.0214296|0.0346386|0.00251899|0.0169153|0.0201069|0.02493,0.956543|0.955815|0.913854|0.98666|0.903|0.90843|0.944854|0.927105|0.983195|0.965431|0.98336|0.927413|0.944118|0.902379|0.913586|0.977494|0.90484|0.903218,6.22817|4.1742|1.42439|0.948718|0.905766|2.55635|5.13861|4.64436|6.20116|3.34731|6.02932|1.51622|1.31493|1.64864|1.21281|2.40861|5.80128|4.29151,79.8117|88.6198|13.9548|51.9585|55.8812|86.2435|67.4197|23.5709|31.5608|88.4205|55.6995|42.5138|72.2829|59.8148|55.4093|99.595|65.9961,0.228393|0.218328|0.190483|0.246371|0.183035|0.224682|0.190613|0.20527|0.229646|0.226371|0.18627|0.1677|0.216563|0.239148|0.191098|0.247422|0.163358,0.725997|0.53516|0.305271|0.635286|0.999468|0.142627|0.839596|0.704699|0.453439|0.191607|0.157575|0.380101|0.478949|0.525316|0.821716|0.597712|0.823601,0.851523,0.837898,0.0185889,0.555256,0.596445,0.529227,0.225922,0.539254,0.241732,0.844508,60.029,1.54756e-12,39681,0.96775,71.3706,7.91337e-10,47522,0.907488,0.897423,0.0160931,0.236702,0.527636,0.456737,0.279439,0.462384,0.0593942,0.937758,18.7241,3.99128e-10,75313,0.812352,72.2662,3.36135e-11,78161
2,136,n1->n2->n3->n13->n12->n22->n23->n33->n34->n35->n36->n26->n16->n6->n7->n8->n9->n10,5.4999e+12|1.38353e+13|1.53335e+11|5.5344e+11|2.05589e+11|6.89136e+12|5.1585e+13|5.3486e+12|1.56288e+10|2.36731e+13|8.69601e+10|1.38574e+10|4.99557e+10|2.83166e+09|1.70314e+11|7.36068e+10|7.28667e+12|2.62018e+13,6.48959e+11|7.23336e+12|8.74502e+10|9.08242e+10|5.40463e+10|5.3881e+12|4.60456e+13|1.17387e+12|7.33382e+09|3.46833e+12|5.64439e+10|1.18442e+10|8.87997e+09|1.10743e+09|1.24554e+11|6.47234e+10|4.6263e+12|8.71912e+12,0.00015285|0.000148714|0.000989315|2.12038e-05|1.73339e-05|0.000201899|6.64364e-05|0.000399167|3.23779e-05|0.000435829|0.000262492|0.000138812|0.000113525|2.77636e-05|0.000279667|0.000102402|1.66587e-05|0.000127206,0.003252|0.000441496|0.000209305|0.00133854|0.000156137|0.000177346|0.00216169|0.00509684|0.00105266|0.000115957|0.000864591|0.000699826|0.000563062|0.00293787|0.00109524|0.000294904|0.00164938|0.000265144,0.0179602|0.0348637|0.0101203|0.0184047|0.0116366|0.0147695|0.0228373|0.00767461|0.0474323|0.0196651|0.0446242|0.0280187|0.0484966|0.041372|0.0184116|0.00528751|0.0479548|0.0409725,0.000546736|0.0478486|0.0269719|0.031308|0.041832|0.0456659|0.037673|0.0291341|0.0190654|0.0435367|0.0114974|0.0171301|0.00864637|0.0296728|0.00251899|0.0169153|0.0201069|0.02493,0.956543|0.955815|0.945731|0.98666|0.913854|0.90843|0.903|0.927105|0.983195|0.965431|0.916187|0.927413|0.930368|0.956179|0.913586|0.977494|0.90484|0.903218,6.22817|4.1742|3.59128|0.948718|1.42439|2.55635|0.905766|4.64436|6.20116|3.34731|4.03886|1.51622|1.84701|2.12743|1.21281|2.40861|5.80128|4.29151,79.8117|37.015|83.9106|13.9548|13.2112|55.8812|76.7594|23.5709|31.5608|18.7034|63.8366|11.0615|50.0569|32.9383|55.4093|99.595|65.9961,0.228393|0.220946|0.206647|0.190483|0.17699|0.183035|0.213966|0.20527|0.229646|0.163485|0.161122|0.184807|0.170335|0.242724|0.191098|0.247422|0.163358,0.725997|0.275354|0.189939|0.305271|0.78707|0.999468|0.164408|0.704699|0.453439|0.396049|0.490632|0.184807|0.600597|0.369932|0.821716|0.597712|0.823601,0.851523,0.837898,0.0185889,0.555256,0.596445,0.529227,0.225922,0.539254,0.241732,0.844508,60.029,1.54756e-12,39681,0.96775,71.3706,7.91337e-10,47522,0.907488,0.897423,0.0160931,0.236702,0.527636,0.456737,0.279439,0.462384,0.0593942,0.937758,18.7241,3.99128e-10,75313,0.812352,72.2662,3.36135e-11,78161
2,137,n1->n11->n21->n22->n12->n13->n23->n24->n34->n35->n36->n37->n27->n28->n29->n30->n20->n10,5.4999e+12|5.65563e+13|2.41937e+09|6.89136e+12|2.05589e+11|5.5344e+11|5.1585e+13|1.17759e+12|1.56288e+10|2.36731e+13|8.69601e+10|7.24389e+13|2.58309e+09|1.30221e+13|4.43662e+12|1.83802e+11|5.32138e+11|2.62018e+13,6.48959e+11|3.81621e+13|3.78731e+08|5.3881e+12|5.40463e+10|9.08242e+10|4.60456e+13|2.01162e+11|7.33382e+09|3.46833e+12|5.64439e+10|1.28005e+13|8.1041e+08|2.05619e+12|2.79127e+12|1.55346e+11|2.21789e+11|8.71912e+12,0.00015285|3.58423e-05|1.01809e-05|0.000201899|1.73339e-05|2.12038e-05|6.64364e-05|0.000214835|3.23779e-05|0.000435829|0.000262492|3.15748e-05|0.00059638|0.000271172|0.000213383|6.14967e-05|0.000247429|0.000127206,0.003252|0.000127835|0.000777165|0.000177346|0.000156137|0.00133854|0.00216169|0.000504018|0.00105266|0.000115957|0.000864591|0.000190107|0.00182097|0.00331108|0.00492817|0.00135186|0.00522315|0.000265144,0.0179602|0.0470176|0.016718|0.0147695|0.0116366|0.0184047|0.0228373|0.0443323|0.0474323|0.0196651|0.0446242|0.0430282|0.0260488|0.0287435|0.0496549|0.00529712|0.00611448|0.0409725,0.000546736|0.0468531|0.00829965|0.0456659|0.041832|0.031308|0.037673|0.040963|0.0190654|0.0435367|0.0114974|0.0113199|0.0214296|0.0431463|0.0210081|0.0112888|0.0463091|0.02493,0.956543|0.950579|0.942854|0.90843|0.913854|0.98666|0.903|0.94682|0.983195|0.965431|0.916187|0.947802|0.944118|0.92765|0.977322|0.979866|0.902472|0.903218,6.22817|4.0358|2.52817|2.55635|1.42439|0.948718|0.905766|4.85624|6.20116|3.34731|4.03886|6.22584|1.31493|5.53936|4.67833|2.49161|5.254|4.29151,30.2686|65.1286|34.0839|13.2112|13.9548|51.9585|67.5745|58.7029|31.5608|18.7034|29.3504|44.8869|15.3326|39.0733|83.4704|23.9015|29.3778,0.17251|0.16646|0.20313|0.17699|0.190483|0.246371|0.16557|0.209145|0.229646|0.163485|0.210454|0.214388|0.223691|0.196585|0.244973|0.228066|0.210878,0.827051|0.529375|0.123831|0.78707|0.305271|0.635286|0.122951|0.654975|0.453439|0.396049|0.532548|0.862187|0.821214|0.863895|0.347474|0.547282|0.138678,0.851523,0.837898,0.0185889,0.555256,0.596445,0.529227,0.225922,0.539254,0.241732,0.844508,60.029,1.54756e-12,39681,0.96775,71.3706,7.91337e-10,47522,0.907488,0.897423,0.0160931,0.236702,0.527636,0.456737,0.279439,0.462384,0.0593942,0.937758,18.7241,3.99128e-10,75313,0.812352,72.2662,3.36135e-11,78161
2,138,n1->n2->n12->n13->n3->n4->n14->n15->n25->n26->n27->n17->n16->n6->n7->n8->n9->n10,5.4999e+12|1.38353e+13|2.05589e+11|5.5344e+11|1.53335e+11|1.75942e+09|3.69121e+13|6.17253e+13|2.26824e+10|1.38574e+10|2.58309e+09|5.2065e+11|4.99557e+10|2.83166e+09|1.70314e+11|7.36068e+10|7.28667e+12|2.62018e+13,6.48959e+11|7.23336e+12|5.40463e+10|9.08242e+10|8.74502e+10|4.4632e+08|2.94889e+13|2.37721e+13|7.07863e+09|1.18442e+10|8.1041e+08|1.64371e+11|8.87997e+09|1.10743e+09|1.24554e+11|6.47234e+10|4.6263e+12|8.71912e+12,0.00015285|0.000148714|1.73339e-05|2.12038e-05|0.000989315|0.00014654|0.000455172|0.000365537|2.48293e-05|0.000138812|0.00059638|0.000193857|0.000113525|2.77636e-05|0.000279667|0.000102402|1.66587e-05|0.000127206,0.003252|0.000441496|0.000156137|0.00133854|0.000209305|0.00148041|0.00183051|0.000568282|0.00526954|0.000699826|0.00182097|0.00794335|0.000563062|0.00293787|0.00109524|0.000294904|0.00164938|0.000265144,0.0179602|0.0348637|0.0116366|0.0184047|0.0101203|0.0328667|0.0310073|0.000619861|0.0411534|0.0280187|0.0260488|0.0142611|0.0484966|0.041372|0.0184116|0.00528751|0.0479548|0.0409725,0.000546736|0.0478486|0.041832|0.031308|0.0269719|0.0360108|0.0319606|0.0254867|0.0451075|0.0171301|0.0214296|0.0346386|0.00864637|0.0296728|0.00251899|0.0169153|0.0201069|0.02493,0.956543|0.955815|0.913854|0.98666|0.945731|0.960947|0.965597|0.948183|0.98336|0.927413|0.944118|0.902379|0.930368|0.956179|0.913586|0.977494|0.90484|0.903218,6.22817|4.1742|1.42439|0.948718|3.59128|4.96524|0.103561|2.74568|6.02932|1.51622|1.31493|1.64864|1.84701|2.12743|1.21281|2.40861|5.80128|4.29151,79.8117|88.6198|13.9548|83.9106|10.4739|52.1141|92.5451|54.7186|55.6995|42.5138|72.2829|32.2763|50.0569|32.9383|55.4093|99.595|65.9961,0.228393|0.218328|0.190483|0.206647|0.199542|0.24587|0.217749|0.189144|0.18627|0.1677|0.216563|0.219818|0.170335|0.242724|0.191098|0.247422|0.163358,0.725997|0.53516|0.305271|0.189939|0.200911|0.356378|0.738934|0.194732|0.157575|0.380101|0.478949|0.130249|0.600597|0.369932|0.821716|0.597712|0.823601,0.851523,0.837898,0.0185889,0.555256,0.596445,0.529227,0.225922,0.539254,0.241732,0.844508,60.029,1.54756e-12,39681,0.96775,71.3706,7.91337e-10,47522,0.907488,0.897423,0.0160931,0.236702,0.527636,0.456737,0.279439,0.462384,0.0593942,0.937758,18.7241,3.99128e-10,75313,0.812352,72.2662,3.36135e-11,78161
2,139,n1->n11->n12->n22->n32->n42->n43->n44->n34->n35->n25->n26->n27->n28->n18->n19->n20->n10,5.4999e+12|5.65563e+13|2.05589e+11|6.89136e+12|1.17872e+12|1.33809e+10|2.34836e+12|1.68394e+11|1.56288e+10|2.36731e+13|2.26824e+10|1.38574e+10|2.58309e+09|1.30221e+13|2.08257e+11|1.60792e+09|5.32138e+11|2.62018e+13,6.48959e+11|3.81621e+13|5.40463e+10|5.3881e+12|3.3013e+11|7.0876e+09|7.8679e+11|7.97392e+10|7.33382e+09|3.46833e+12|7.07863e+09|1.18442e+10|8.1041e+08|2.05619e+12|2.23663e+10|2.02403e+08|2.21789e+11|8.71912e+12,0.00015285|3.58423e-05|1.73339e-05|0.000201899|6.27032e-05|0.000472897|0.000202104|0.000481105|3.23779e-05|0.000435829|2.48293e-05|0.000138812|0.00059638|0.000271172|0.000171925|0.00020417|0.000247429|0.000127206,0.003252|0.000127835|0.000156137|0.000177346|0.00087854|0.000145068|0.00689|0.00959402|0.00105266|0.000115957|0.00526954|0.000699826|0.00182097|0.00331108|0.00227311|0.00979739|0.00522315|0.000265144,0.0179602|0.0470176|0.0116366|0.0147695|0.0291|0.0441039|0.0050261|0.00808912|0.0474323|0.0196651|0.0411534|0.0280187|0.0260488|0.0287435|0.0373366|0.000790162|0.00611448|0.0409725,0.000546736|0.0468531|0.041832|0.0456659|0.0250492|0.0398759|0.0157882|0.0399756|0.0190654|0.0435367|0.0451075|0.0171301|0.0214296|0.0431463|0.0258287|0.0278792|0.0463091|0.02493,0.956543|0.950579|0.913854|0.90843|0.944854|0.98262|0.906883|0.984305|0.983195|0.965431|0.98336|0.927413|0.944118|0.92765|0.957375|0.971346|0.902472|0.903218,6.22817|4.0358|1.42439|2.55635|5.13861|4.38836|5.93639|0.307093|6.20116|3.34731|6.02932|1.51622|1.31493|5.53936|2.48855|5.19478|5.254|4.29151,30.2686|24.4191|13.2112|86.2435|70.8805|27.3217|59.7094|46.2248|31.5608|88.4205|55.6995|42.5138|15.3326|43.2583|28.0546|10.3361|29.3778,0.17251|0.167139|0.17699|0.224682|0.174184|0.200943|0.243015|0.162958|0.229646|0.226371|0.18627|0.1677|0.223691|0.191747|0.168115|0.212112|0.210878,0.827051|0.726505|0.78707|0.142627|0.193159|0.958841|0.601149|0.204489|0.453439|0.191607|0.157575|0.380101|0.821214|0.748413|0.490037|0.542409|0.138678,0.851523,0.837898,0.0185889,0.555256,0.596445,0.529227,0.225922,0.539254,0.241732,0.844508,60.029,1.54756e-12,39681,0.96775,71.3706,7.91337e-10,47522,0.907488,0.897423,0.0160931,0.236702,0.527636,0.456737,0.279439,0.462384,0.0593942,0.937758,18.7241,3.99128e-10,75313,0.812352,72.2662,3.36135e-11,78161
2,140,n1->n11->n21->n31->n41->n42->n43->n44->n45->n35->n25->n15->n16->n17->n7->n8->n9->n10,5.4999e+12|5.65563e+13|2.41937e+09|9.34158e+10|7.49703e+09|1.33809e+10|2.34836e+12|1.68394e+11|5.89458e+12|2.36731e+13|2.26824e+10|6.17253e+13|4.99557e+10|5.2065e+11|1.70314e+11|7.36068e+10|7.28667e+12|2.62018e+13,6.48959e+11|3.81621e+13|3.78731e+08|1.64589e+10|4.36216e+09|7.0876e+09|7.8679e+11|7.97392e+10|1.33407e+12|3.46833e+12|7.07863e+09|2.37721e+13|8.87997e+09|1.64371e+11|1.24554e+11|6.47234e+10|4.6263e+12|8.71912e+12,0.00015285|3.58423e-05|1.01809e-05|9.62101e-05|5.26175e-05|0.000472897|0.000202104|0.000481105|0.000198241|0.000435829|2.48293e-05|0.000365537|0.000113525|0.000193857|0.000279667|0.000102402|1.66587e-05|0.000127206,0.003252|0.000127835|0.000777165|0.00408916|0.00367725|0.000145068|0.00689|0.00959402|0.00106683|0.000115957|0.00526954|0.000568282|0.000563062|0.00794335|0.00109524|0.000294904|0.00164938|0.000265144,0.0179602|0.0470176|0.016718|0.0447582|0.0103136|0.0441039|0.0050261|0.00808912|0.0129871|0.0196651|0.0411534|0.000619861|0.0484966|0.0142611|0.0184116|0.00528751|0.0479548|0.0409725,0.000546736|0.0468531|0.00829965|0.00350572|0.00933311|0.0398759|0.0157882|0.0399756|0.00676107|0.0435367|0.0451075|0.0254867|0.00864637|0.0346386|0.00251899|0.0169153|0.0201069|0.02493,0.956543|0.950579|0.942854|0.954608|0.947217|0.98262|0.906883|0.984305|0.91111|0.965431|0.98336|0.948183|0.930368|0.902379|0.913586|0.977494|0.90484|0.903218,6.22817|4.0358|2.52817|2.93597|0.206943|4.38836|5.93639|0.307093|0.649197|3.34731|6.02932|2.74568|1.84701|1.64864|1.21281|2.40861|5.80128|4.29151,30.2686|65.1286|89.2299|64.4551|61.2747|27.3217|59.7094|89.5651|97.1045|88.4205|54.7186|56.2706|32.2763|59.8148|55.4093|99.595|65.9961,0.17251|0.16646|0.244826|0.18631|0.205652|0.200943|0.243015|0.209408|0.204594|0.226371|0.189144|0.203512|0.219818|0.239148|0.191098|0.247422|0.163358,0.827051|0.529375|0.387257|0.568694|0.481903|0.958841|0.601149|0.950077|0.420686|0.191607|0.194732|0.580023|0.130249|0.525316|0.821716|0.597712|0.823601,0.851523,0.837898,0.0185889,0.555256,0.596445,0.529227,0.225922,0.539254,0.241732,0.844508,60.029,1.54756e-12,39681,0.96775,71.3706,7.91337e-10,47522,0.907488,0.897423,0.0160931,0.236702,0.527636,0.456737,0.279439,0.462384,0.0593942,0.937758,18.7241,3.99128e-10,75313,0.812352,72.2662,3.36135e-11,78161
2,141,n1->n2->n12->n13->n3->n4->n5->n15->n14->n24->n25->n26->n16->n17->n7->n8->n9->n10,5.4999e+12|1.38353e+13|2.05589e+11|5.5344e+11|1.53335e+11|1.75942e+09|1.32985e+12|6.17253e+13|3.69121e+13|1.17759e+12|2.26824e+10|1.38574e+10|4.99557e+10|5.2065e+11|1.70314e+11|7.36068e+10|7.28667e+12|2.62018e+13,6.48959e+11|7.23336e+12|5.40463e+10|9.08242e+10|8.74502e+10|4.4632e+08|4.5847e+11|2.37721e+13|2.94889e+13|2.01162e+11|7.07863e+09|1.18442e+10|8.87997e+09|1.64371e+11|1.24554e+11|6.47234e+10|4.6263e+12|8.71912e+12,0.00015285|0.000148714|1.73339e-05|2.12038e-05|0.000989315|0.00014654|0.000163077|0.000365537|0.000455172|0.000214835|2.48293e-05|0.000138812|0.000113525|0.000193857|0.000279667|0.000102402|1.66587e-05|0.000127206,0.003252|0.000441496|0.000156137|0.00133854|0.000209305|0.00148041|0.000159363|0.000568282|0.00183051|0.000504018|0.00526954|0.000699826|0.000563062|0.00794335|0.00109524|0.000294904|0.00164938|0.000265144,0.0179602|0.0348637|0.0116366|0.0184047|0.0101203|0.0328667|0.0136578|0.000619861|0.0310073|0.0443323|0.0411534|0.0280187|0.0484966|0.0142611|0.0184116|0.00528751|0.0479548|0.0409725,0.000546736|0.0478486|0.041832|0.031308|0.0269719|0.0360108|0.02637|0.0254867|0.0319606|0.040963|0.0451075|0.0171301|0.00864637|0.0346386|0.00251899|0.0169153|0.0201069|0.02493,0.956543|0.955815|0.913854|0.98666|0.945731|0.960947|0.982934|0.948183|0.965597|0.94682|0.98336|0.927413|0.930368|0.902379|0.913586|0.977494|0.90484|0.903218,6.22817|4.1742|1.42439|0.948718|3.59128|4.96524|4.26661|2.74568|0.103561|4.85624|6.02932|1.51622|1.84701|1.64864|1.21281|2.40861|5.80128|4.29151,79.8117|88.6198|13.9548|83.9106|10.4739|81.7362|35.0583|92.5451|66.6304|18.2346|55.6995|11.0615|32.2763|59.8148|55.4093|99.595|65.9961,0.228393|0.218328|0.190483|0.206647|0.199542|0.174783|0.240843|0.217749|0.223371|0.244005|0.18627|0.184807|0.219818|0.239148|0.191098|0.247422|0.163358,0.725997|0.53516|0.305271|0.189939|0.200911|0.219292|0.606669|0.738934|0.83783|0.943216|0.157575|0.184807|0.130249|0.525316|0.821716|0.597712|0.823601,0.851523,0.837898,0.0185889,0.555256,0.596445,0.529227,0.225922,0.539254,0.241732,0.844508,60.029,1.54756e-12,39681,0.96775,71.3706,7.91337e-10,47522,0.907488,0.897423,0.0160931,0.236702,0.527636,0.456737,0.279439,0.462384,0.0593942,0.937758,18.7241,3.99128e-10,75313,0.812352,72.2662,3.36135e-11,78161
2,142,n1->n11->n12->n2->n3->n13->n23->n33->n34->n35->n36->n37->n38->n28->n29->n19->n20->n10,5.4999e+12|5.65563e+13|2.05589e+11|1.38353e+13|1.53335e+11|5.5344e+11|5.1585e+13|5.3486e+12|1.56288e+10|2.36731e+13|8.69601e+10|7.24389e+13|1.15002e+09|1.30221e+13|4.43662e+12|1.60792e+09|5.32138e+11|2.62018e+13,6.48959e+11|3.81621e+13|5.40463e+10|7.23336e+12|8.74502e+10|9.08242e+10|4.60456e+13|1.17387e+12|7.33382e+09|3.46833e+12|5.64439e+10|1.28005e+13|4.14181e+08|2.05619e+12|2.79127e+12|2.02403e+08|2.21789e+11|8.71912e+12,0.00015285|3.58423e-05|1.73339e-05|0.000148714|0.000989315|2.12038e-05|6.64364e-05|0.000399167|3.23779e-05|0.000435829|0.000262492|3.15748e-05|0.000105823|0.000271172|0.000213383|0.00020417|0.000247429|0.000127206,0.003252|0.000127835|0.000156137|0.000441496|0.000209305|0.00133854|0.00216169|0.00509684|0.00105266|0.000115957|0.000864591|0.000190107|0.00411998|0.00331108|0.00492817|0.00979739|0.00522315|0.000265144,0.0179602|0.0470176|0.0116366|0.0348637|0.0101203|0.0184047|0.0228373|0.00767461|0.0474323|0.0196651|0.0446242|0.0430282|0.0177641|0.0287435|0.0496549|0.000790162|0.00611448|0.0409725,0.000546736|0.0468531|0.041832|0.0478486|0.0269719|0.031308|0.037673|0.0291341|0.0190654|0.0435367|0.0114974|0.0113199|0.0205171|0.0431463|0.0210081|0.0278792|0.0463091|0.02493,0.956543|0.950579|0.913854|0.955815|0.945731|0.98666|0.903|0.927105|0.983195|0.965431|0.916187|0.947802|0.915954|0.92765|0.977322|0.971346|0.902472|0.903218,6.22817|4.0358|1.42439|4.1742|3.59128|0.948718|0.905766|4.64436|6.20116|3.34731|4.03886|6.22584|4.65468|5.53936|4.67833|5.19478|5.254|4.29151,30.2686|24.4191|88.6198|37.015|83.9106|51.9585|76.7594|23.5709|31.5608|18.7034|29.3504|37.0378|23.518|39.0733|84.7043|10.3361|29.3778,0.17251|0.167139|0.218328|0.220946|0.206647|0.246371|0.213966|0.20527|0.229646|0.163485|0.210454|0.188626|0.205583|0.196585|0.203828|0.212112|0.210878,0.827051|0.726505|0.53516|0.275354|0.189939|0.635286|0.164408|0.704699|0.453439|0.396049|0.532548|0.411593|0.300733|0.863895|0.969667|0.542409|0.138678,0.851523,0.837898,0.0185889,0.555256,0.596445,0.529227,0.225922,0.539254,0.241732,0.844508,60.029,1.54756e-12,39681,0.96775,71.3706,7.91337e-10,47522,0.907488,0.897423,0.0160931,0.236702,0.527636,0.456737,0.279439,0.462384,0.0593942,0.937758,18.7241,3.99128e-10,75313,0.812352,72.2662,3.36135e-11,78161
2,143,n1->n2->n12->n13->n14->n24->n25->n26->n27->n37->n47->n48->n38->n28->n18->n19->n9->n10,5.4999e+12|1.38353e+13|2.05589e+11|5.5344e+11|3.69121e+13|1.17759e+12|2.26824e+10|1.38574e+10|2.58309e+09|7.24389e+13|1.51118e+13|2.49704e+12|1.15002e+09|1.30221e+13|2.08257e+11|1.60792e+09|7.28667e+12|2.62018e+13,6.48959e+11|7.23336e+12|5.40463e+10|9.08242e+10|2.94889e+13|2.01162e+11|7.07863e+09|1.18442e+10|8.1041e+08|1.28005e+13|1.79661e+12|1.47171e+12|4.14181e+08|2.05619e+12|2.23663e+10|2.02403e+08|4.6263e+12|8.71912e+12,0.00015285|0.000148714|1.73339e-05|2.12038e-05|0.000455172|0.000214835|2.48293e-05|0.000138812|0.00059638|3.15748e-05|0.00030176|0.000991875|0.000105823|0.000271172|0.000171925|0.00020417|1.66587e-05|0.000127206,0.003252|0.000441496|0.000156137|0.00133854|0.00183051|0.000504018|0.00526954|0.000699826|0.00182097|0.000190107|0.00948189|0.000965886|0.00411998|0.00331108|0.00227311|0.00979739|0.00164938|0.000265144,0.0179602|0.0348637|0.0116366|0.0184047|0.0310073|0.0443323|0.0411534|0.0280187|0.0260488|0.0430282|0.0423299|0.0030652|0.0177641|0.0287435|0.0373366|0.000790162|0.0479548|0.0409725,0.000546736|0.0478486|0.041832|0.031308|0.0319606|0.040963|0.0451075|0.0171301|0.0214296|0.0113199|0.0289832|0.0297929|0.0205171|0.0431463|0.0258287|0.0278792|0.0201069|0.02493,0.956543|0.955815|0.913854|0.98666|0.965597|0.94682|0.98336|0.927413|0.944118|0.947802|0.959543|0.911307|0.915954|0.92765|0.957375|0.971346|0.90484|0.903218,6.22817|4.1742|1.42439|0.948718|0.103561|4.85624|6.02932|1.51622|1.31493|6.22584|2.21978|1.5379|4.65468|5.53936|2.48855|5.19478|5.80128|4.29151,79.8117|88.6198|13.9548|56.34|66.6304|18.2346|55.6995|42.5138|44.8869|88.6669|13.4252|21.8454|23.518|43.2583|28.0546|99.0064|65.9961,0.228393|0.218328|0.190483|0.245639|0.223371|0.244005|0.18627|0.1677|0.214388|0.212663|0.222276|0.222464|0.205583|0.191747|0.168115|0.169129|0.163358,0.725997|0.53516|0.305271|0.226162|0.83783|0.943216|0.157575|0.380101|0.862187|0.636789|0.683167|0.68267|0.300733|0.748413|0.490037|0.377874|0.823601,0.851523,0.837898,0.0185889,0.555256,0.596445,0.529227,0.225922,0.539254,0.241732,0.844508,60.029,1.54756e-12,39681,0.96775,71.3706,7.91337e-10,47522,0.907488,0.897423,0.0160931,0.236702,0.527636,0.456737,0.279439,0.462384,0.0593942,0.937758,18.7241,3.99128e-10,75313,0.812352,72.2662,3.36135e-11,78161
2,144,n1->n11->n21->n22->n12->n13->n3->n4->n14->n24->n25->n26->n27->n17->n7->n8->n9->n10,5.4999e+12|5.65563e+13|2.41937e+09|6.89136e+12|2.05589e+11|5.5344e+11|1.53335e+11|1.75942e+09|3.69121e+13|1.17759e+12|2.26824e+10|1.38574e+10|2.58309e+09|5.2065e+11|1.70314e+11|7.36068e+10|7.28667e+12|2.62018e+13,6.48959e+11|3.81621e+13|3.78731e+08|5.3881e+12|5.40463e+10|9.08242e+10|8.74502e+10|4.4632e+08|2.94889e+13|2.01162e+11|7.07863e+09|1.18442e+10|8.1041e+08|1.64371e+11|1.24554e+11|6.47234e+10|4.6263e+12|8.71912e+12,0.00015285|3.58423e-05|1.01809e-05|0.000201899|1.73339e-05|2.12038e-05|0.000989315|0.00014654|0.000455172|0.000214835|2.48293e-05|0.000138812|0.00059638|0.000193857|0.000279667|0.000102402|1.66587e-05|0.000127206,0.003252|0.000127835|0.000777165|0.000177346|0.000156137|0.00133854|0.000209305|0.00148041|0.00183051|0.000504018|0.00526954|0.000699826|0.00182097|0.00794335|0.00109524|0.000294904|0.00164938|0.000265144,0.0179602|0.0470176|0.016718|0.0147695|0.0116366|0.0184047|0.0101203|0.0328667|0.0310073|0.0443323|0.0411534|0.0280187|0.0260488|0.0142611|0.0184116|0.00528751|0.0479548|0.0409725,0.000546736|0.0468531|0.00829965|0.0456659|0.041832|0.031308|0.0269719|0.0360108|0.0319606|0.040963|0.0451075|0.0171301|0.0214296|0.0346386|0.00251899|0.0169153|0.0201069|0.02493,0.956543|0.950579|0.942854|0.90843|0.913854|0.98666|0.945731|0.960947|0.965597|0.94682|0.98336|0.927413|0.944118|0.902379|0.913586|0.977494|0.90484|0.903218,6.22817|4.0358|2.52817|2.55635|1.42439|0.948718|3.59128|4.96524|0.103561|4.85624|6.02932|1.51622|1.31493|1.64864|1.21281|2.40861|5.80128|4.29151,30.2686|65.1286|34.0839|13.2112|13.9548|83.9106|10.4739|52.1141|66.6304|18.2346|55.6995|42.5138|72.2829|59.8148|55.4093|99.595|65.9961,0.17251|0.16646|0.20313|0.17699|0.190483|0.206647|0.199542|0.24587|0.223371|0.244005|0.18627|0.1677|0.216563|0.239148|0.191098|0.247422|0.163358,0.827051|0.529375|0.123831|0.78707|0.305271|0.189939|0.200911|0.356378|0.83783|0.943216|0.157575|0.380101|0.478949|0.525316|0.821716|0.597712|0.823601,0.851523,0.837898,0.0185889,0.555256,0.596445,0.529227,0.225922,0.539254,0.241732,0.844508,60.029,1.54756e-12,39681,0.96775,71.3706,7.91337e-10,47522,0.907488,0.897423,0.0160931,0.236702,0.527636,0.456737,0.279439,0.462384,0.0593942,0.937758,18.7241,3.99128e-10,75313,0.812352,72.2662,3.36135e-11,78161
2,145,n1->n2->n12->n13->n3->n4->n5->n15->n14->n24->n25->n26->n27->n28->n18->n8->n9->n10,5.4999e+12|1.38353e+13|2.05589e+11|5.5344e+11|1.53335e+11|1.75942e+09|1.32985e+12|6.17253e+13|3.69121e+13|1.17759e+12|2.26824e+10|1.38574e+10|2.58309e+09|1.30221e+13|2.08257e+11|7.36068e+10|7.28667e+12|2.62018e+13,6.48959e+11|7.23336e+12|5.40463e+10|9.08242e+10|8.74502e+10|4.4632e+08|4.5847e+11|2.37721e+13|2.94889e+13|2.01162e+11|7.07863e+09|1.18442e+10|8.1041e+08|2.05619e+12|2.23663e+10|6.47234e+10|4.6263e+12|8.71912e+12,0.00015285|0.000148714|1.73339e-05|2.12038e-05|0.000989315|0.00014654|0.000163077|0.000365537|0.000455172|0.000214835|2.48293e-05|0.000138812|0.00059638|0.000271172|0.000171925|0.000102402|1.66587e-05|0.000127206,0.003252|0.000441496|0.000156137|0.00133854|0.000209305|0.00148041|0.000159363|0.000568282|0.00183051|0.000504018|0.00526954|0.000699826|0.00182097|0.00331108|0.00227311|0.000294904|0.00164938|0.000265144,0.0179602|0.0348637|0.0116366|0.0184047|0.0101203|0.0328667|0.0136578|0.000619861|0.0310073|0.0443323|0.0411534|0.0280187|0.0260488|0.0287435|0.0373366|0.00528751|0.0479548|0.0409725,0.000546736|0.0478486|0.041832|0.031308|0.0269719|0.0360108|0.02637|0.0254867|0.0319606|0.040963|0.0451075|0.0171301|0.0214296|0.0431463|0.0258287|0.0169153|0.0201069|0.02493,0.956543|0.955815|0.913854|0.98666|0.945731|0.960947|0.982934|0.948183|0.965597|0.94682|0.98336|0.927413|0.944118|0.92765|0.957375|0.977494|0.90484|0.903218,6.22817|4.1742|1.42439|0.948718|3.59128|4.96524|4.26661|2.74568|0.103561|4.85624|6.02932|1.51622|1.31493|5.53936|2.48855|2.40861|5.80128|4.29151,79.8117|88.6198|13.9548|83.9106|10.4739|81.7362|35.0583|92.5451|66.6304|18.2346|55.6995|42.5138|15.3326|43.2583|81.3396|99.595|65.9961,0.228393|0.218328|0.190483|0.206647|0.199542|0.174783|0.240843|0.217749|0.223371|0.244005|0.18627|0.1677|0.223691|0.191747|0.184383|0.247422|0.163358,0.725997|0.53516|0.305271|0.189939|0.200911|0.219292|0.606669|0.738934|0.83783|0.943216|0.157575|0.380101|0.821214|0.748413|0.540078|0.597712|0.823601,0.851523,0.837898,0.0185889,0.555256,0.596445,0.529227,0.225922,0.539254,0.241732,0.844508,60.029,1.54756e-12,39681,0.96775,71.3706,7.91337e-10,47522,0.907488,0.897423,0.0160931,0.236702,0.527636,0.456737,0.279439,0.462384,0.0593942,0.937758,18.7241,3.99128e-10,75313,0.812352,72.2662,3.36135e-11,78161
2,146,n1->n2->n12->n11->n21->n22->n32->n33->n23->n24->n14->n4->n5->n6->n7->n8->n9->n10,5.4999e+12|1.38353e+13|2.05589e+11|5.65563e+13|2.41937e+09|6.89136e+12|1.17872e+12|5.3486e+12|5.1585e+13|1.17759e+12|3.69121e+13|1.75942e+09|1.32985e+12|2.83166e+09|1.70314e+11|7.36068e+10|7.28667e+12|2.62018e+13,6.48959e+11|7.23336e+12|5.40463e+10|3.81621e+13|3.78731e+08|5.3881e+12|3.3013e+11|1.17387e+12|4.60456e+13|2.01162e+11|2.94889e+13|4.4632e+08|4.5847e+11|1.10743e+09|1.24554e+11|6.47234e+10|4.6263e+12|8.71912e+12,0.00015285|0.000148714|1.73339e-05|3.58423e-05|1.01809e-05|0.000201899|6.27032e-05|0.000399167|6.64364e-05|0.000214835|0.000455172|0.00014654|0.000163077|2.77636e-05|0.000279667|0.000102402|1.66587e-05|0.000127206,0.003252|0.000441496|0.000156137|0.000127835|0.000777165|0.000177346|0.00087854|0.00509684|0.00216169|0.000504018|0.00183051|0.00148041|0.000159363|0.00293787|0.00109524|0.000294904|0.00164938|0.000265144,0.0179602|0.0348637|0.0116366|0.0470176|0.016718|0.0147695|0.0291|0.00767461|0.0228373|0.0443323|0.0310073|0.0328667|0.0136578|0.041372|0.0184116|0.00528751|0.0479548|0.0409725,0.000546736|0.0478486|0.041832|0.0468531|0.00829965|0.0456659|0.0250492|0.0291341|0.037673|0.040963|0.0319606|0.0360108|0.02637|0.0296728|0.00251899|0.0169153|0.0201069|0.02493,0.956543|0.955815|0.913854|0.950579|0.942854|0.90843|0.944854|0.927105|0.903|0.94682|0.965597|0.960947|0.982934|0.956179|0.913586|0.977494|0.90484|0.903218,6.22817|4.1742|1.42439|4.0358|2.52817|2.55635|5.13861|4.64436|0.905766|4.85624|0.103561|4.96524|4.26661|2.12743|1.21281|2.40861|5.80128|4.29151,79.8117|88.6198|24.4191|65.1286|34.0839|86.2435|67.4197|76.7594|67.5745|66.6304|52.1141|81.7362|37.2729|32.9383|55.4093|99.595|65.9961,0.228393|0.218328|0.167139|0.16646|0.20313|0.224682|0.190613|0.213966|0.16557|0.223371|0.24587|0.174783|0.191968|0.242724|0.191098|0.247422|0.163358,0.725997|0.53516|0.726505|0.529375|0.123831|0.142627|0.839596|0.164408|0.122951|0.83783|0.356378|0.219292|0.389873|0.369932|0.821716|0.597712|0.823601,0.851523,0.837898,0.0185889,0.555256,0.596445,0.529227,0.225922,0.539254,0.241732,0.844508,60.029,1.54756e-12,39681,0.96775,71.3706,7.91337e-10,47522,0.907488,0.897423,0.0160931,0.236702,0.527636,0.456737,0.279439,0.462384,0.0593942,0.937758,18.7241,3.99128e-10,75313,0.812352,72.2662,3.36135e-11,78161
2,147,n1->n2->n3->n4->n14->n13->n23->n33->n34->n35->n36->n26->n16->n17->n18->n8->n9->n10,5.4999e+12|1.38353e+13|1.53335e+11|1.75942e+09|3.69121e+13|5.5344e+11|5.1585e+13|5.3486e+12|1.56288e+10|2.36731e+13|8.69601e+10|1.38574e+10|4.99557e+10|5.2065e+11|2.08257e+11|7.36068e+10|7.28667e+12|2.62018e+13,6.48959e+11|7.23336e+12|8.74502e+10|4.4632e+08|2.94889e+13|9.08242e+10|4.60456e+13|1.17387e+12|7.33382e+09|3.46833e+12|5.64439e+10|1.18442e+10|8.87997e+09|1.64371e+11|2.23663e+10|6.47234e+10|4.6263e+12|8.71912e+12,0.00015285|0.000148714|0.000989315|0.00014654|0.000455172|2.12038e-05|6.64364e-05|0.000399167|3.23779e-05|0.000435829|0.000262492|0.000138812|0.000113525|0.000193857|0.000171925|0.000102402|1.66587e-05|0.000127206,0.003252|0.000441496|0.000209305|0.00148041|0.00183051|0.00133854|0.00216169|0.00509684|0.00105266|0.000115957|0.000864591|0.000699826|0.000563062|0.00794335|0.00227311|0.000294904|0.00164938|0.000265144,0.0179602|0.0348637|0.0101203|0.0328667|0.0310073|0.0184047|0.0228373|0.00767461|0.0474323|0.0196651|0.0446242|0.0280187|0.0484966|0.0142611|0.0373366|0.00528751|0.0479548|0.0409725,0.000546736|0.0478486|0.0269719|0.0360108|0.0319606|0.031308|0.037673|0.0291341|0.0190654|0.0435367|0.0114974|0.0171301|0.00864637|0.0346386|0.0258287|0.0169153|0.0201069|0.02493,0.956543|0.955815|0.945731|0.960947|0.965597|0.98666|0.903|0.927105|0.983195|0.965431|0.916187|0.927413|0.930368|0.902379|0.957375|0.977494|0.90484|0.903218,6.22817|4.1742|3.59128|4.96524|0.103561|0.948718|0.905766|4.64436|6.20116|3.34731|4.03886|1.51622|1.84701|1.64864|2.48855|2.40861|5.80128|4.29151,79.8117|37.015|10.4739|52.1141|56.34|51.9585|76.7594|23.5709|31.5608|18.7034|63.8366|11.0615|32.2763|27.3162|81.3396|99.595|65.9961,0.228393|0.220946|0.199542|0.24587|0.245639|0.246371|0.213966|0.20527|0.229646|0.163485|0.161122|0.184807|0.219818|0.177165|0.184383|0.247422|0.163358,0.725997|0.275354|0.200911|0.356378|0.226162|0.635286|0.164408|0.704699|0.453439|0.396049|0.490632|0.184807|0.130249|0.674858|0.540078|0.597712|0.823601,0.851523,0.837898,0.0185889,0.555256,0.596445,0.529227,0.225922,0.539254,0.241732,0.844508,60.029,1.54756e-12,39681,0.96775,71.3706,7.91337e-10,47522,0.907488,0.897423,0.0160931,0.236702,0.527636,0.456737,0.279439,0.462384,0.0593942,0.937758,18.7241,3.99128e-10,75313,0.812352,72.2662,3.36135e-11,78161
2,148,n1->n11->n21->n31->n32->n22->n12->n2->n3->n4->n5->n6->n7->n8->n9->n19->n20->n10,5.4999e+12|5.65563e+13|2.41937e+09|9.34158e+10|1.17872e+12|6.89136e+12|2.05589e+11|1.38353e+13|1.53335e+11|1.75942e+09|1.32985e+12|2.83166e+09|1.70314e+11|7.36068e+10|7.28667e+12|1.60792e+09|5.32138e+11|2.62018e+13,6.48959e+11|3.81621e+13|3.78731e+08|1.64589e+10|3.3013e+11|5.3881e+12|5.40463e+10|7.23336e+12|8.74502e+10|4.4632e+08|4.5847e+11|1.10743e+09|1.24554e+11|6.47234e+10|4.6263e+12|2.02403e+08|2.21789e+11|8.71912e+12,0.00015285|3.58423e-05|1.01809e-05|9.62101e-05|6.27032e-05|0.000201899|1.73339e-05|0.000148714|0.000989315|0.00014654|0.000163077|2.77636e-05|0.000279667|0.000102402|1.66587e-05|0.00020417|0.000247429|0.000127206,0.003252|0.000127835|0.000777165|0.00408916|0.00087854|0.000177346|0.000156137|0.000441496|0.000209305|0.00148041|0.000159363|0.00293787|0.00109524|0.000294904|0.00164938|0.00979739|0.00522315|0.000265144,0.0179602|0.0470176|0.016718|0.0447582|0.0291|0.0147695|0.0116366|0.0348637|0.0101203|0.0328667|0.0136578|0.041372|0.0184116|0.00528751|0.0479548|0.000790162|0.00611448|0.0409725,0.000546736|0.0468531|0.00829965|0.00350572|0.0250492|0.0456659|0.041832|0.0478486|0.0269719|0.0360108|0.02637|0.0296728|0.00251899|0.0169153|0.0201069|0.0278792|0.0463091|0.02493,0.956543|0.950579|0.942854|0.954608|0.944854|0.90843|0.913854|0.955815|0.945731|0.960947|0.982934|0.956179|0.913586|0.977494|0.90484|0.971346|0.902472|0.903218,6.22817|4.0358|2.52817|2.93597|5.13861|2.55635|1.42439|4.1742|3.59128|4.96524|4.26661|2.12743|1.21281|2.40861|5.80128|5.19478|5.254|4.29151,30.2686|65.1286|89.2299|63.0993|86.2435|13.2112|88.6198|37.015|10.4739|81.7362|37.2729|32.9383|55.4093|99.595|99.0064|10.3361|29.3778,0.17251|0.16646|0.244826|0.20722|0.224682|0.17699|0.218328|0.220946|0.199542|0.174783|0.191968|0.242724|0.191098|0.247422|0.169129|0.212112|0.210878,0.827051|0.529375|0.387257|0.894814|0.142627|0.78707|0.53516|0.275354|0.200911|0.219292|0.389873|0.369932|0.821716|0.597712|0.377874|0.542409|0.138678,0.851523,0.837898,0.0185889,0.555256,0.596445,0.529227,0.225922,0.539254,0.241732,0.844508,60.029,1.54756e-12,39681,0.96775,71.3706,7.91337e-10,47522,0.907488,0.897423,0.0160931,0.236702,0.527636,0.456737,0.279439,0.462384,0.0593942,0.937758,18.7241,3.99128e-10,75313,0.812352,72.2662,3.36135e-11,78161
2,149,n1->n2->n12->n22->n32->n33->n23->n24->n25->n35->n36->n26->n16->n6->n7->n8->n9->n10,5.4999e+12|1.38353e+13|2.05589e+11|6.89136e+12|1.17872e+12|5.3486e+12|5.1585e+13|1.17759e+12|2.26824e+10|2.36731e+13|8.69601e+10|1.38574e+10|4.99557e+10|2.83166e+09|1.70314e+11|7.36068e+10|7.28667e+12|2.62018e+13,6.48959e+11|7.23336e+12|5.40463e+10|5.3881e+12|3.3013e+11|1.17387e+12|4.60456e+13|2.01162e+11|7.07863e+09|3.46833e+12|5.64439e+10|1.18442e+10|8.87997e+09|1.10743e+09|1.24554e+11|6.47234e+10|4.6263e+12|8.71912e+12,0.00015285|0.000148714|1.73339e-05|0.000201899|6.27032e-05|0.000399167|6.64364e-05|0.000214835|2.48293e-05|0.000435829|0.000262492|0.000138812|0.000113525|2.77636e-05|0.000279667|0.000102402|1.66587e-05|0.000127206,0.003252|0.000441496|0.000156137|0.000177346|0.00087854|0.00509684|0.00216169|0.000504018|0.00526954|0.000115957|0.000864591|0.000699826|0.000563062|0.00293787|0.00109524|0.000294904|0.00164938|0.000265144,0.0179602|0.0348637|0.0116366|0.0147695|0.0291|0.00767461|0.0228373|0.0443323|0.0411534|0.0196651|0.0446242|0.0280187|0.0484966|0.041372|0.0184116|0.00528751|0.0479548|0.0409725,0.000546736|0.0478486|0.041832|0.0456659|0.0250492|0.0291341|0.037673|0.040963|0.0451075|0.0435367|0.0114974|0.0171301|0.00864637|0.0296728|0.00251899|0.0169153|0.0201069|0.02493,0.956543|0.955815|0.913854|0.90843|0.944854|0.927105|0.903|0.94682|0.98336|0.965431|0.916187|0.927413|0.930368|0.956179|0.913586|0.977494|0.90484|0.903218,6.22817|4.1742|1.42439|2.55635|5.13861|4.64436|0.905766|4.85624|6.02932|3.34731|4.03886|1.51622|1.84701|2.12743|1.21281|2.40861|5.80128|4.29151,79.8117|88.6198|13.2112|86.2435|67.4197|76.7594|67.5745|18.2346|88.4205|18.7034|63.8366|11.0615|50.0569|32.9383|55.4093|99.595|65.9961,0.228393|0.218328|0.17699|0.224682|0.190613|0.213966|0.16557|0.244005|0.226371|0.163485|0.161122|0.184807|0.170335|0.242724|0.191098|0.247422|0.163358,0.725997|0.53516|0.78707|0.142627|0.839596|0.164408|0.122951|0.943216|0.191607|0.396049|0.490632|0.184807|0.600597|0.369932|0.821716|0.597712|0.823601,0.851523,0.837898,0.0185889,0.555256,0.596445,0.529227,0.225922,0.539254,0.241732,0.844508,60.029,1.54756e-12,39681,0.96775,71.3706,7.91337e-10,47522,0.907488,0.897423,0.0160931,0.236702,0.527636,0.456737,0.279439,0.462384,0.0593942,0.937758,18.7241,3.99128e-10,75313,0.812352,72.2662,3.36135e-11,78161
2,150,n1->n11->n21->n31->n41->n42->n43->n44->n45->n35->n36->n26->n16->n17->n7->n8->n9->n10,5.4999e+12|5.65563e+13|2.41937e+09|9.34158e+10|7.49703e+09|1.33809e+10|2.34836e+12|1.68394e+11|5.89458e+12|2.36731e+13|8.69601e+10|1.38574e+10|4.99557e+10|5.2065e+11|1.70314e+11|7.36068e+10|7.28667e+12|2.62018e+13,6.48959e+11|3.81621e+13|3.78731e+08|1.64589e+10|4.36216e+09|7.0876e+09|7.8679e+11|7.97392e+10|1.33407e+12|3.46833e+12|5.64439e+10|1.18442e+10|8.87997e+09|1.64371e+11|1.24554e+11|6.47234e+10|4.6263e+12|8.71912e+12,0.00015285|3.58423e-05|1.01809e-05|9.62101e-05|5.26175e-05|0.000472897|0.000202104|0.000481105|0.000198241|0.000435829|0.000262492|0.000138812|0.000113525|0.000193857|0.000279667|0.000102402|1.66587e-05|0.000127206,0.003252|0.000127835|0.000777165|0.00408916|0.00367725|0.000145068|0.00689|0.00959402|0.00106683|0.000115957|0.000864591|0.000699826|0.000563062|0.00794335|0.00109524|0.000294904|0.00164938|0.000265144,0.0179602|0.0470176|0.016718|0.0447582|0.0103136|0.0441039|0.0050261|0.00808912|0.0129871|0.0196651|0.0446242|0.0280187|0.0484966|0.0142611|0.0184116|0.00528751|0.0479548|0.0409725,0.000546736|0.0468531|0.00829965|0.00350572|0.00933311|0.0398759|0.0157882|0.0399756|0.00676107|0.0435367|0.0114974|0.0171301|0.00864637|0.0346386|0.00251899|0.0169153|0.0201069|0.02493,0.956543|0.950579|0.942854|0.954608|0.947217|0.98262|0.906883|0.984305|0.91111|0.965431|0.916187|0.927413|0.930368|0.902379|0.913586|0.977494|0.90484|0.903218,6.22817|4.0358|2.52817|2.93597|0.206943|4.38836|5.93639|0.307093|0.649197|3.34731|4.03886|1.51622|1.84701|1.64864|1.21281|2.40861|5.80128|4.29151,30.2686|65.1286|89.2299|64.4551|61.2747|27.3217|59.7094|89.5651|97.1045|18.7034|63.8366|11.0615|32.2763|59.8148|55.4093|99.595|65.9961,0.17251|0.16646|0.244826|0.18631|0.205652|0.200943|0.243015|0.209408|0.204594|0.163485|0.161122|0.184807|0.219818|0.239148|0.191098|0.247422|0.163358,0.827051|0.529375|0.387257|0.568694|0.481903|0.958841|0.601149|0.950077|0.420686|0.396049|0.490632|0.184807|0.130249|0.525316|0.821716|0.597712|0.823601,0.851523,0.837898,0.0185889,0.555256,0.596445,0.529227,0.225922,0.539254,0.241732,0.844508,60.029,1.54756e-12,39681,0.96775,71.3706,7.91337e-10,47522,0.907488,0.897423,0.0160931,0.236702,0.527636,0.456737,0.279439,0.462384,0.0593942,0.937758,18.7241,3.99128e-10,75313,0.812352,72.2662,3.36135e-11,78161
2,151,n1->n11->n21->n22->n12->n13->n23->n33->n34->n24->n25->n15->n5->n6->n7->n8->n9->n10,5.4999e+12|5.65563e+13|2.41937e+09|6.89136e+12|2.05589e+11|5.5344e+11|5.1585e+13|5.3486e+12|1.56288e+10|1.17759e+12|2.26824e+10|6.17253e+13|1.32985e+12|2.83166e+09|1.70314e+11|7.36068e+10|7.28667e+12|2.62018e+13,6.48959e+11|3.81621e+13|3.78731e+08|5.3881e+12|5.40463e+10|9.08242e+10|4.60456e+13|1.17387e+12|7.33382e+09|2.01162e+11|7.07863e+09|2.37721e+13|4.5847e+11|1.10743e+09|1.24554e+11|6.47234e+10|4.6263e+12|8.71912e+12,0.00015285|3.58423e-05|1.01809e-05|0.000201899|1.73339e-05|2.12038e-05|6.64364e-05|0.000399167|3.23779e-05|0.000214835|2.48293e-05|0.000365537|0.000163077|2.77636e-05|0.000279667|0.000102402|1.66587e-05|0.000127206,0.003252|0.000127835|0.000777165|0.000177346|0.000156137|0.00133854|0.00216169|0.00509684|0.00105266|0.000504018|0.00526954|0.000568282|0.000159363|0.00293787|0.00109524|0.000294904|0.00164938|0.000265144,0.0179602|0.0470176|0.016718|0.0147695|0.0116366|0.0184047|0.0228373|0.00767461|0.0474323|0.0443323|0.0411534|0.000619861|0.0136578|0.041372|0.0184116|0.00528751|0.0479548|0.0409725,0.000546736|0.0468531|0.00829965|0.0456659|0.041832|0.031308|0.037673|0.0291341|0.0190654|0.040963|0.0451075|0.0254867|0.02637|0.0296728|0.00251899|0.0169153|0.0201069|0.02493,0.956543|0.950579|0.942854|0.90843|0.913854|0.98666|0.903|0.927105|0.983195|0.94682|0.98336|0.948183|0.982934|0.956179|0.913586|0.977494|0.90484|0.903218,6.22817|4.0358|2.52817|2.55635|1.42439|0.948718|0.905766|4.64436|6.20116|4.85624|6.02932|2.74568|4.26661|2.12743|1.21281|2.40861|5.80128|4.29151,30.2686|65.1286|34.0839|13.2112|13.9548|51.9585|76.7594|23.5709|58.7029|18.2346|54.7186|35.0583|37.2729|32.9383|55.4093|99.595|65.9961,0.17251|0.16646|0.20313|0.17699|0.190483|0.246371|0.213966|0.20527|0.209145|0.244005|0.189144|0.240843|0.191968|0.242724|0.191098|0.247422|0.163358,0.827051|0.529375|0.123831|0.78707|0.305271|0.635286|0.164408|0.704699|0.654975|0.943216|0.194732|0.606669|0.389873|0.369932|0.821716|0.597712|0.823601,0.851523,0.837898,0.0185889,0.555256,0.596445,0.529227,0.225922,0.539254,0.241732,0.844508,60.029,1.54756e-12,39681,0.96775,71.3706,7.91337e-10,47522,0.907488,0.897423,0.0160931,0.236702,0.527636,0.456737,0.279439,0.462384,0.0593942,0.937758,18.7241,3.99128e-10,75313,0.812352,72.2662,3.36135e-11,78161
2,152,n1->n11->n21->n31->n41->n42->n32->n22->n23->n24->n14->n4->n5->n6->n7->n8->n9->n10,5.4999e+12|5.65563e+13|2.41937e+09|9.34158e+10|7.49703e+09|1.33809e+10|1.17872e+12|6.89136e+12|5.1585e+13|1.17759e+12|3.69121e+13|1.75942e+09|1.32985e+12|2.83166e+09|1.70314e+11|7.36068e+10|7.28667e+12|2.62018e+13,6.48959e+11|3.81621e+13|3.78731e+08|1.64589e+10|4.36216e+09|7.0876e+09|3.3013e+11|5.3881e+12|4.60456e+13|2.01162e+11|2.94889e+13|4.4632e+08|4.5847e+11|1.10743e+09|1.24554e+11|6.47234e+10|4.6263e+12|8.71912e+12,0.00015285|3.58423e-05|1.01809e-05|9.62101e-05|5.26175e-05|0.000472897|6.27032e-05|0.000201899|6.64364e-05|0.000214835|0.000455172|0.00014654|0.000163077|2.77636e-05|0.000279667|0.000102402|1.66587e-05|0.000127206,0.003252|0.000127835|0.000777165|0.00408916|0.00367725|0.000145068|0.00087854|0.000177346|0.00216169|0.000504018|0.00183051|0.00148041|0.000159363|0.00293787|0.00109524|0.000294904|0.00164938|0.000265144,0.0179602|0.0470176|0.016718|0.0447582|0.0103136|0.0441039|0.0291|0.0147695|0.0228373|0.0443323|0.0310073|0.0328667|0.0136578|0.041372|0.0184116|0.00528751|0.0479548|0.0409725,0.000546736|0.0468531|0.00829965|0.00350572|0.00933311|0.0398759|0.0250492|0.0456659|0.037673|0.040963|0.0319606|0.0360108|0.02637|0.0296728|0.00251899|0.0169153|0.0201069|0.02493,0.956543|0.950579|0.942854|0.954608|0.947217|0.98262|0.944854|0.90843|0.903|0.94682|0.965597|0.960947|0.982934|0.956179|0.913586|0.977494|0.90484|0.903218,6.22817|4.0358|2.52817|2.93597|0.206943|4.38836|5.13861|2.55635|0.905766|4.85624|0.103561|4.96524|4.26661|2.12743|1.21281|2.40861|5.80128|4.29151,30.2686|65.1286|89.2299|64.4551|61.2747|70.8805|86.2435|55.8812|67.5745|66.6304|52.1141|81.7362|37.2729|32.9383|55.4093|99.595|65.9961,0.17251|0.16646|0.244826|0.18631|0.205652|0.174184|0.224682|0.183035|0.16557|0.223371|0.24587|0.174783|0.191968|0.242724|0.191098|0.247422|0.163358,0.827051|0.529375|0.387257|0.568694|0.481903|0.193159|0.142627|0.999468|0.122951|0.83783|0.356378|0.219292|0.389873|0.369932|0.821716|0.597712|0.823601,0.851523,0.837898,0.0185889,0.555256,0.596445,0.529227,0.225922,0.539254,0.241732,0.844508,60.029,1.54756e-12,39681,0.96775,71.3706,7.91337e-10,47522,0.907488,0.897423,0.0160931,0.236702,0.527636,0.456737,0.279439,0.462384,0.0593942,0.937758,18.7241,3.99128e-10,75313,0.812352,72.2662,3.36135e-11,78161
2,153,n1->n2->n12->n13->n14->n24->n25->n35->n45->n46->n47->n37->n27->n28->n29->n19->n9->n10,5.4999e+12|1.38353e+13|2.05589e+11|5.5344e+11|3.69121e+13|1.17759e+12|2.26824e+10|2.36731e+13|5.89458e+12|1.54508e+12|1.51118e+13|7.24389e+13|2.58309e+09|1.30221e+13|4.43662e+12|1.60792e+09|7.28667e+12|2.62018e+13,6.48959e+11|7.23336e+12|5.40463e+10|9.08242e+10|2.94889e+13|2.01162e+11|7.07863e+09|3.46833e+12|1.33407e+12|3.47025e+11|1.79661e+12|1.28005e+13|8.1041e+08|2.05619e+12|2.79127e+12|2.02403e+08|4.6263e+12|8.71912e+12,0.00015285|0.000148714|1.73339e-05|2.12038e-05|0.000455172|0.000214835|2.48293e-05|0.000435829|0.000198241|2.71186e-05|0.00030176|3.15748e-05|0.00059638|0.000271172|0.000213383|0.00020417|1.66587e-05|0.000127206,0.003252|0.000441496|0.000156137|0.00133854|0.00183051|0.000504018|0.00526954|0.000115957|0.00106683|0.00241975|0.00948189|0.000190107|0.00182097|0.00331108|0.00492817|0.00979739|0.00164938|0.000265144,0.0179602|0.0348637|0.0116366|0.0184047|0.0310073|0.0443323|0.0411534|0.0196651|0.0129871|0.0343425|0.0423299|0.0430282|0.0260488|0.0287435|0.0496549|0.000790162|0.0479548|0.0409725,0.000546736|0.0478486|0.041832|0.031308|0.0319606|0.040963|0.0451075|0.0435367|0.00676107|0.0269584|0.0289832|0.0113199|0.0214296|0.0431463|0.0210081|0.0278792|0.0201069|0.02493,0.956543|0.955815|0.913854|0.98666|0.965597|0.94682|0.98336|0.965431|0.91111|0.988821|0.959543|0.947802|0.944118|0.92765|0.977322|0.971346|0.90484|0.903218,6.22817|4.1742|1.42439|0.948718|0.103561|4.85624|6.02932|3.34731|0.649197|2.42163|2.21978|6.22584|1.31493|5.53936|4.67833|5.19478|5.80128|4.29151,79.8117|88.6198|13.9548|56.34|66.6304|18.2346|88.4205|97.1045|61.2725|46.986|88.6669|44.8869|15.3326|39.0733|84.7043|99.0064|65.9961,0.228393|0.218328|0.190483|0.245639|0.223371|0.244005|0.226371|0.204594|0.172446|0.22664|0.212663|0.214388|0.223691|0.196585|0.203828|0.169129|0.163358,0.725997|0.53516|0.305271|0.226162|0.83783|0.943216|0.191607|0.420686|0.72877|0.934237|0.636789|0.862187|0.821214|0.863895|0.969667|0.377874|0.823601,0.851523,0.837898,0.0185889,0.555256,0.596445,0.529227,0.225922,0.539254,0.241732,0.844508,60.029,1.54756e-12,39681,0.96775,71.3706,7.91337e-10,47522,0.907488,0.897423,0.0160931,0.236702,0.527636,0.456737,0.279439,0.462384,0.0593942,0.937758,18.7241,3.99128e-10,75313,0.812352,72.2662,3.36135e-11,78161
2,154,n1->n11->n12->n2->n3->n13->n14->n24->n25->n35->n36->n37->n38->n39->n29->n30->n20->n10,5.4999e+12|5.65563e+13|2.05589e+11|1.38353e+13|1.53335e+11|5.5344e+11|3.69121e+13|1.17759e+12|2.26824e+10|2.36731e+13|8.69601e+10|7.24389e+13|1.15002e+09|8.3858e+12|4.43662e+12|1.83802e+11|5.32138e+11|2.62018e+13,6.48959e+11|3.81621e+13|5.40463e+10|7.23336e+12|8.74502e+10|9.08242e+10|2.94889e+13|2.01162e+11|7.07863e+09|3.46833e+12|5.64439e+10|1.28005e+13|4.14181e+08|1.1487e+12|2.79127e+12|1.55346e+11|2.21789e+11|8.71912e+12,0.00015285|3.58423e-05|1.73339e-05|0.000148714|0.000989315|2.12038e-05|0.000455172|0.000214835|2.48293e-05|0.000435829|0.000262492|3.15748e-05|0.000105823|6.12229e-05|0.000213383|6.14967e-05|0.000247429|0.000127206,0.003252|0.000127835|0.000156137|0.000441496|0.000209305|0.00133854|0.00183051|0.000504018|0.00526954|0.000115957|0.000864591|0.000190107|0.00411998|0.00610675|0.00492817|0.00135186|0.00522315|0.000265144,0.0179602|0.0470176|0.0116366|0.0348637|0.0101203|0.0184047|0.0310073|0.0443323|0.0411534|0.0196651|0.0446242|0.0430282|0.0177641|0.000135364|0.0496549|0.00529712|0.00611448|0.0409725,0.000546736|0.0468531|0.041832|0.0478486|0.0269719|0.031308|0.0319606|0.040963|0.0451075|0.0435367|0.0114974|0.0113199|0.0205171|0.014938|0.0210081|0.0112888|0.0463091|0.02493,0.956543|0.950579|0.913854|0.955815|0.945731|0.98666|0.965597|0.94682|0.98336|0.965431|0.916187|0.947802|0.915954|0.952729|0.977322|0.979866|0.902472|0.903218,6.22817|4.0358|1.42439|4.1742|3.59128|0.948718|0.103561|4.85624|6.02932|3.34731|4.03886|6.22584|4.65468|2.09917|4.67833|2.49161|5.254|4.29151,30.2686|24.4191|88.6198|37.015|83.9106|56.34|66.6304|18.2346|88.4205|18.7034|29.3504|37.0378|69.5993|44.1502|83.4704|23.9015|29.3778,0.17251|0.167139|0.218328|0.220946|0.206647|0.245639|0.223371|0.244005|0.226371|0.163485|0.210454|0.188626|0.188323|0.162358|0.244973|0.228066|0.210878,0.827051|0.726505|0.53516|0.275354|0.189939|0.226162|0.83783|0.943216|0.191607|0.396049|0.532548|0.411593|0.397286|0.318407|0.347474|0.547282|0.138678,0.851523,0.837898,0.0185889,0.555256,0.596445,0.529227,0.225922,0.539254,0.241732,0.844508,60.029,1.54756e-12,39681,0.96775,71.3706,7.91337e-10,47522,0.907488,0.897423,0.0160931,0.236702,0.527636,0.456737,0.279439,0.462384,0.0593942,0.937758,18.7241,3.99128e-10,75313,0.812352,72.2662,3.36135e-11,78161
2,155,n1->n11->n12->n22->n23->n13->n14->n15->n25->n26->n36->n37->n27->n17->n7->n8->n9->n10,5.4999e+12|5.65563e+13|2.05589e+11|6.89136e+12|5.1585e+13|5.5344e+11|3.69121e+13|6.17253e+13|2.26824e+10|1.38574e+10|8.69601e+10|7.24389e+13|2.58309e+09|5.2065e+11|1.70314e+11|7.36068e+10|7.28667e+12|2.62018e+13,6.48959e+11|3.81621e+13|5.40463e+10|5.3881e+12|4.60456e+13|9.08242e+10|2.94889e+13|2.37721e+13|7.07863e+09|1.18442e+10|5.64439e+10|1.28005e+13|8.1041e+08|1.64371e+11|1.24554e+11|6.47234e+10|4.6263e+12|8.71912e+12,0.00015285|3.58423e-05|1.73339e-05|0.000201899|6.64364e-05|2.12038e-05|0.000455172|0.000365537|2.48293e-05|0.000138812|0.000262492|3.15748e-05|0.00059638|0.000193857|0.000279667|0.000102402|1.66587e-05|0.000127206,0.003252|0.000127835|0.000156137|0.000177346|0.00216169|0.00133854|0.00183051|0.000568282|0.00526954|0.000699826|0.000864591|0.000190107|0.00182097|0.00794335|0.00109524|0.000294904|0.00164938|0.000265144,0.0179602|0.0470176|0.0116366|0.0147695|0.0228373|0.0184047|0.0310073|0.000619861|0.0411534|0.0280187|0.0446242|0.0430282|0.0260488|0.0142611|0.0184116|0.00528751|0.0479548|0.0409725,0.000546736|0.0468531|0.041832|0.0456659|0.037673|0.031308|0.0319606|0.0254867|0.0451075|0.0171301|0.0114974|0.0113199|0.0214296|0.0346386|0.00251899|0.0169153|0.0201069|0.02493,0.956543|0.950579|0.913854|0.90843|0.903|0.98666|0.965597|0.948183|0.98336|0.927413|0.916187|0.947802|0.944118|0.902379|0.913586|0.977494|0.90484|0.903218,6.22817|4.0358|1.42439|2.55635|0.905766|0.948718|0.103561|2.74568|6.02932|1.51622|4.03886|6.22584|1.31493|1.64864|1.21281|2.40861|5.80128|4.29151,30.2686|24.4191|13.2112|55.8812|51.9585|56.34|92.5451|54.7186|55.6995|63.8366|29.3504|44.8869|72.2829|59.8148|55.4093|99.595|65.9961,0.17251|0.167139|0.17699|0.183035|0.246371|0.245639|0.217749|0.189144|0.18627|0.161122|0.210454|0.214388|0.216563|0.239148|0.191098|0.247422|0.163358,0.827051|0.726505|0.78707|0.999468|0.635286|0.226162|0.738934|0.194732|0.157575|0.490632|0.532548|0.862187|0.478949|0.525316|0.821716|0.597712|0.823601,0.851523,0.837898,0.0185889,0.555256,0.596445,0.529227,0.225922,0.539254,0.241732,0.844508,60.029,1.54756e-12,39681,0.96775,71.3706,7.91337e-10,47522,0.907488,0.897423,0.0160931,0.236702,0.527636,0.456737,0.279439,0.462384,0.0593942,0.937758,18.7241,3.99128e-10,75313,0.812352,72.2662,3.36135e-11,78161
2,156,n1->n11->n12->n2->n3->n13->n23->n33->n34->n35->n36->n37->n38->n28->n29->n19->n9->n10,5.4999e+12|5.65563e+13|2.05589e+11|1.38353e+13|1.53335e+11|5.5344e+11|5.1585e+13|5.3486e+12|1.56288e+10|2.36731e+13|8.69601e+10|7.24389e+13|1.15002e+09|1.30221e+13|4.43662e+12|1.60792e+09|7.28667e+12|2.62018e+13,6.48959e+11|3.81621e+13|5.40463e+10|7.23336e+12|8.74502e+10|9.08242e+10|4.60456e+13|1.17387e+12|7.33382e+09|3.46833e+12|5.64439e+10|1.28005e+13|4.14181e+08|2.05619e+12|2.79127e+12|2.02403e+08|4.6263e+12|8.71912e+12,0.00015285|3.58423e-05|1.73339e-05|0.000148714|0.000989315|2.12038e-05|6.64364e-05|0.000399167|3.23779e-05|0.000435829|0.000262492|3.15748e-05|0.000105823|0.000271172|0.000213383|0.00020417|1.66587e-05|0.000127206,0.003252|0.000127835|0.000156137|0.000441496|0.000209305|0.00133854|0.00216169|0.00509684|0.00105266|0.000115957|0.000864591|0.000190107|0.00411998|0.00331108|0.00492817|0.00979739|0.00164938|0.000265144,0.0179602|0.0470176|0.0116366|0.0348637|0.0101203|0.0184047|0.0228373|0.00767461|0.0474323|0.0196651|0.0446242|0.0430282|0.0177641|0.0287435|0.0496549|0.000790162|0.0479548|0.0409725,0.000546736|0.0468531|0.041832|0.0478486|0.0269719|0.031308|0.037673|0.0291341|0.0190654|0.0435367|0.0114974|0.0113199|0.0205171|0.0431463|0.0210081|0.0278792|0.0201069|0.02493,0.956543|0.950579|0.913854|0.955815|0.945731|0.98666|0.903|0.927105|0.983195|0.965431|0.916187|0.947802|0.915954|0.92765|0.977322|0.971346|0.90484|0.903218,6.22817|4.0358|1.42439|4.1742|3.59128|0.948718|0.905766|4.64436|6.20116|3.34731|4.03886|6.22584|4.65468|5.53936|4.67833|5.19478|5.80128|4.29151,30.2686|24.4191|88.6198|37.015|83.9106|51.9585|76.7594|23.5709|31.5608|18.7034|29.3504|37.0378|23.518|39.0733|84.7043|99.0064|65.9961,0.17251|0.167139|0.218328|0.220946|0.206647|0.246371|0.213966|0.20527|0.229646|0.163485|0.210454|0.188626|0.205583|0.196585|0.203828|0.169129|0.163358,0.827051|0.726505|0.53516|0.275354|0.189939|0.635286|0.164408|0.704699|0.453439|0.396049|0.532548|0.411593|0.300733|0.863895|0.969667|0.377874|0.823601,0.851523,0.837898,0.0185889,0.555256,0.596445,0.529227,0.225922,0.539254,0.241732,0.844508,60.029,1.54756e-12,39681,0.96775,71.3706,7.91337e-10,47522,0.907488,0.897423,0.0160931,0.236702,0.527636,0.456737,0.279439,0.462384,0.0593942,0.937758,18.7241,3.99128e-10,75313,0.812352,72.2662,3.36135e-11,78161
2,157,n1->n11->n21->n31->n41->n42->n32->n33->n23->n24->n14->n15->n16->n17->n18->n8->n9->n10,5.4999e+12|5.65563e+13|2.41937e+09|9.34158e+10|7.49703e+09|1.33809e+10|1.17872e+12|5.3486e+12|5.1585e+13|1.17759e+12|3.69121e+13|6.17253e+13|4.99557e+10|5.2065e+11|2.08257e+11|7.36068e+10|7.28667e+12|2.62018e+13,6.48959e+11|3.81621e+13|3.78731e+08|1.64589e+10|4.36216e+09|7.0876e+09|3.3013e+11|1.17387e+12|4.60456e+13|2.01162e+11|2.94889e+13|2.37721e+13|8.87997e+09|1.64371e+11|2.23663e+10|6.47234e+10|4.6263e+12|8.71912e+12,0.00015285|3.58423e-05|1.01809e-05|9.62101e-05|5.26175e-05|0.000472897|6.27032e-05|0.000399167|6.64364e-05|0.000214835|0.000455172|0.000365537|0.000113525|0.000193857|0.000171925|0.000102402|1.66587e-05|0.000127206,0.003252|0.000127835|0.000777165|0.00408916|0.00367725|0.000145068|0.00087854|0.00509684|0.00216169|0.000504018|0.00183051|0.000568282|0.000563062|0.00794335|0.00227311|0.000294904|0.00164938|0.000265144,0.0179602|0.0470176|0.016718|0.0447582|0.0103136|0.0441039|0.0291|0.00767461|0.0228373|0.0443323|0.0310073|0.000619861|0.0484966|0.0142611|0.0373366|0.00528751|0.0479548|0.0409725,0.000546736|0.0468531|0.00829965|0.00350572|0.00933311|0.0398759|0.0250492|0.0291341|0.037673|0.040963|0.0319606|0.0254867|0.00864637|0.0346386|0.0258287|0.0169153|0.0201069|0.02493,0.956543|0.950579|0.942854|0.954608|0.947217|0.98262|0.944854|0.927105|0.903|0.94682|0.965597|0.948183|0.930368|0.902379|0.957375|0.977494|0.90484|0.903218,6.22817|4.0358|2.52817|2.93597|0.206943|4.38836|5.13861|4.64436|0.905766|4.85624|0.103561|2.74568|1.84701|1.64864|2.48855|2.40861|5.80128|4.29151,30.2686|65.1286|89.2299|64.4551|61.2747|70.8805|67.4197|76.7594|67.5745|66.6304|92.5451|56.2706|32.2763|27.3162|81.3396|99.595|65.9961,0.17251|0.16646|0.244826|0.18631|0.205652|0.174184|0.190613|0.213966|0.16557|0.223371|0.217749|0.203512|0.219818|0.177165|0.184383|0.247422|0.163358,0.827051|0.529375|0.387257|0.568694|0.481903|0.193159|0.839596|0.164408|0.122951|0.83783|0.738934|0.580023|0.130249|0.674858|0.540078|0.597712|0.823601,0.851523,0.837898,0.0185889,0.555256,0.596445,0.529227,0.225922,0.539254,0.241732,0.844508,60.029,1.54756e-12,39681,0.96775,71.3706,7.91337e-10,47522,0.907488,0.897423,0.0160931,0.236702,0.527636,0.456737,0.279439,0.462384,0.0593942,0.937758,18.7241,3.99128e-10,75313,0.812352,72.2662,3.36135e-11,78161
2,158,n1->n11->n21->n31->n41->n42->n43->n33->n34->n35->n36->n26->n27->n28->n18->n8->n9->n10,5.4999e+12|5.65563e+13|2.41937e+09|9.34158e+10|7.49703e+09|1.33809e+10|2.34836e+12|5.3486e+12|1.56288e+10|2.36731e+13|8.69601e+10|1.38574e+10|2.58309e+09|1.30221e+13|2.08257e+11|7.36068e+10|7.28667e+12|2.62018e+13,6.48959e+11|3.81621e+13|3.78731e+08|1.64589e+10|4.36216e+09|7.0876e+09|7.8679e+11|1.17387e+12|7.33382e+09|3.46833e+12|5.64439e+10|1.18442e+10|8.1041e+08|2.05619e+12|2.23663e+10|6.47234e+10|4.6263e+12|8.71912e+12,0.00015285|3.58423e-05|1.01809e-05|9.62101e-05|5.26175e-05|0.000472897|0.000202104|0.000399167|3.23779e-05|0.000435829|0.000262492|0.000138812|0.00059638|0.000271172|0.000171925|0.000102402|1.66587e-05|0.000127206,0.003252|0.000127835|0.000777165|0.00408916|0.00367725|0.000145068|0.00689|0.00509684|0.00105266|0.000115957|0.000864591|0.000699826|0.00182097|0.00331108|0.00227311|0.000294904|0.00164938|0.000265144,0.0179602|0.0470176|0.016718|0.0447582|0.0103136|0.0441039|0.0050261|0.00767461|0.0474323|0.0196651|0.0446242|0.0280187|0.0260488|0.0287435|0.0373366|0.00528751|0.0479548|0.0409725,0.000546736|0.0468531|0.00829965|0.00350572|0.00933311|0.0398759|0.0157882|0.0291341|0.0190654|0.0435367|0.0114974|0.0171301|0.0214296|0.0431463|0.0258287|0.0169153|0.0201069|0.02493,0.956543|0.950579|0.942854|0.954608|0.947217|0.98262|0.906883|0.927105|0.983195|0.965431|0.916187|0.927413|0.944118|0.92765|0.957375|0.977494|0.90484|0.903218,6.22817|4.0358|2.52817|2.93597|0.206943|4.38836|5.93639|4.64436|6.20116|3.34731|4.03886|1.51622|1.31493|5.53936|2.48855|2.40861|5.80128|4.29151,30.2686|65.1286|89.2299|64.4551|61.2747|27.3217|49.6282|23.5709|31.5608|18.7034|63.8366|42.5138|15.3326|43.2583|81.3396|99.595|65.9961,0.17251|0.16646|0.244826|0.18631|0.205652|0.200943|0.231597|0.20527|0.229646|0.163485|0.161122|0.1677|0.223691|0.191747|0.184383|0.247422|0.163358,0.827051|0.529375|0.387257|0.568694|0.481903|0.958841|0.630662|0.704699|0.453439|0.396049|0.490632|0.380101|0.821214|0.748413|0.540078|0.597712|0.823601,0.851523,0.837898,0.0185889,0.555256,0.596445,0.529227,0.225922,0.539254,0.241732,0.844508,60.029,1.54756e-12,39681,0.96775,71.3706,7.91337e-10,47522,0.907488,0.897423,0.0160931,0.236702,0.527636,0.456737,0.279439,0.462384,0.0593942,0.937758,18.7241,3.99128e-10,75313,0.812352,72.2662,3.36135e-11,78161
2,159,n1->n2->n3->n13->n12->n11->n21->n22->n23->n24->n14->n4->n5->n6->n7->n8->n9->n10,5.4999e+12|1.38353e+13|1.53335e+11|5.5344e+11|2.05589e+11|5.65563e+13|2.41937e+09|6.89136e+12|5.1585e+13|1.17759e+12|3.69121e+13|1.75942e+09|1.32985e+12|2.83166e+09|1.70314e+11|7.36068e+10|7.28667e+12|2.62018e+13,6.48959e+11|7.23336e+12|8.74502e+10|9.08242e+10|5.40463e+10|3.81621e+13|3.78731e+08|5.3881e+12|4.60456e+13|2.01162e+11|2.94889e+13|4.4632e+08|4.5847e+11|1.10743e+09|1.24554e+11|6.47234e+10|4.6263e+12|8.71912e+12,0.00015285|0.000148714|0.000989315|2.12038e-05|1.73339e-05|3.58423e-05|1.01809e-05|0.000201899|6.64364e-05|0.000214835|0.000455172|0.00014654|0.000163077|2.77636e-05|0.000279667|0.000102402|1.66587e-05|0.000127206,0.003252|0.000441496|0.000209305|0.00133854|0.000156137|0.000127835|0.000777165|0.000177346|0.00216169|0.000504018|0.00183051|0.00148041|0.000159363|0.00293787|0.00109524|0.000294904|0.00164938|0.000265144,0.0179602|0.0348637|0.0101203|0.0184047|0.0116366|0.0470176|0.016718|0.0147695|0.0228373|0.0443323|0.0310073|0.0328667|0.0136578|0.041372|0.0184116|0.00528751|0.0479548|0.0409725,0.000546736|0.0478486|0.0269719|0.031308|0.041832|0.0468531|0.00829965|0.0456659|0.037673|0.040963|0.0319606|0.0360108|0.02637|0.0296728|0.00251899|0.0169153|0.0201069|0.02493,0.956543|0.955815|0.945731|0.98666|0.913854|0.950579|0.942854|0.90843|0.903|0.94682|0.965597|0.960947|0.982934|0.956179|0.913586|0.977494|0.90484|0.903218,6.22817|4.1742|3.59128|0.948718|1.42439|4.0358|2.52817|2.55635|0.905766|4.85624|0.103561|4.96524|4.26661|2.12743|1.21281|2.40861|5.80128|4.29151,79.8117|37.015|83.9106|13.9548|24.4191|65.1286|34.0839|55.8812|67.5745|66.6304|52.1141|81.7362|37.2729|32.9383|55.4093|99.595|65.9961,0.228393|0.220946|0.206647|0.190483|0.167139|0.16646|0.20313|0.183035|0.16557|0.223371|0.24587|0.174783|0.191968|0.242724|0.191098|0.247422|0.163358,0.725997|0.275354|0.189939|0.305271|0.726505|0.529375|0.123831|0.999468|0.122951|0.83783|0.356378|0.219292|0.389873|0.369932|0.821716|0.597712|0.823601,0.851523,0.837898,0.0185889,0.555256,0.596445,0.529227,0.225922,0.539254,0.241732,0.844508,60.029,1.54756e-12,39681,0.96775,71.3706,7.91337e-10,47522,0.907488,0.897423,0.0160931,0.236702,0.527636,0.456737,0.279439,0.462384,0.0593942,0.937758,18.7241,3.99128e-10,75313,0.812352,72.2662,3.36135e-11,78161
2,160,n1->n11->n21->n22->n12->n2->n3->n13->n14->n24->n25->n26->n16->n6->n7->n8->n9->n10,5.4999e+12|5.65563e+13|2.41937e+09|6.89136e+12|2.05589e+11|1.38353e+13|1.53335e+11|5.5344e+11|3.69121e+13|1.17759e+12|2.26824e+10|1.38574e+10|4.99557e+10|2.83166e+09|1.70314e+11|7.36068e+10|7.28667e+12|2.62018e+13,6.48959e+11|3.81621e+13|3.78731e+08|5.3881e+12|5.40463e+10|7.23336e+12|8.74502e+10|9.08242e+10|2.94889e+13|2.01162e+11|7.07863e+09|1.18442e+10|8.87997e+09|1.10743e+09|1.24554e+11|6.47234e+10|4.6263e+12|8.71912e+12,0.00015285|3.58423e-05|1.01809e-05|0.000201899|1.73339e-05|0.000148714|0.000989315|2.12038e-05|0.000455172|0.000214835|2.48293e-05|0.000138812|0.000113525|2.77636e-05|0.000279667|0.000102402|1.66587e-05|0.000127206,0.003252|0.000127835|0.000777165|0.000177346|0.000156137|0.000441496|0.000209305|0.00133854|0.00183051|0.000504018|0.00526954|0.000699826|0.000563062|0.00293787|0.00109524|0.000294904|0.00164938|0.000265144,0.0179602|0.0470176|0.016718|0.0147695|0.0116366|0.0348637|0.0101203|0.0184047|0.0310073|0.0443323|0.0411534|0.0280187|0.0484966|0.041372|0.0184116|0.00528751|0.0479548|0.0409725,0.000546736|0.0468531|0.00829965|0.0456659|0.041832|0.0478486|0.0269719|0.031308|0.0319606|0.040963|0.0451075|0.0171301|0.00864637|0.0296728|0.00251899|0.0169153|0.0201069|0.02493,0.956543|0.950579|0.942854|0.90843|0.913854|0.955815|0.945731|0.98666|0.965597|0.94682|0.98336|0.927413|0.930368|0.956179|0.913586|0.977494|0.90484|0.903218,6.22817|4.0358|2.52817|2.55635|1.42439|4.1742|3.59128|0.948718|0.103561|4.85624|6.02932|1.51622|1.84701|2.12743|1.21281|2.40861|5.80128|4.29151,30.2686|65.1286|34.0839|13.2112|88.6198|37.015|83.9106|56.34|66.6304|18.2346|55.6995|11.0615|50.0569|32.9383|55.4093|99.595|65.9961,0.17251|0.16646|0.20313|0.17699|0.218328|0.220946|0.206647|0.245639|0.223371|0.244005|0.18627|0.184807|0.170335|0.242724|0.191098|0.247422|0.163358,0.827051|0.529375|0.123831|0.78707|0.53516|0.275354|0.189939|0.226162|0.83783|0.943216|0.157575|0.184807|0.600597|0.369932|0.821716|0.597712|0.823601,0.851523,0.837898,0.0185889,0.555256,0.596445,0.529227,0.225922,0.539254,0.241732,0.844508,60.029,1.54756e-12,39681,0.96775,71.3706,7.91337e-10,47522,0.907488,0.897423,0.0160931,0.236702,0.527636,0.456737,0.279439,0.462384,0.0593942,0.937758,18.7241,3.99128e-10,75313,0.812352,72.2662,3.36135e-11,78161
2,161,n1->n11->n12->n2->n3->n4->n14->n24->n34->n35->n45->n46->n36->n26->n16->n17->n18->n19->n20->n10,5.4999e+12|5.65563e+13|2.05589e+11|1.38353e+13|1.53335e+11|1.75942e+09|3.69121e+13|1.17759e+12|1.56288e+10|2.36731e+13|5.89458e+12|1.54508e+12|8.69601e+10|1.38574e+10|4.99557e+10|5.2065e+11|2.08257e+11|1.60792e+09|5.32138e+11|2.62018e+13,6.48959e+11|3.81621e+13|5.40463e+10|7.23336e+12|8.74502e+10|4.4632e+08|2.94889e+13|2.01162e+11|7.33382e+09|3.46833e+12|1.33407e+12|3.47025e+11|5.64439e+10|1.18442e+10|8.87997e+09|1.64371e+11|2.23663e+10|2.02403e+08|2.21789e+11|8.71912e+12,0.00015285|3.58423e-05|1.73339e-05|0.000148714|0.000989315|0.00014654|0.000455172|0.000214835|3.23779e-05|0.000435829|0.000198241|2.71186e-05|0.000262492|0.000138812|0.000113525|0.000193857|0.000171925|0.00020417|0.000247429|0.000127206,0.003252|0.000127835|0.000156137|0.000441496|0.000209305|0.00148041|0.00183051|0.000504018|0.00105266|0.000115957|0.00106683|0.00241975|0.000864591|0.000699826|0.000563062|0.00794335|0.00227311|0.00979739|0.00522315|0.000265144,0.0179602|0.0470176|0.0116366|0.0348637|0.0101203|0.0328667|0.0310073|0.0443323|0.0474323|0.0196651|0.0129871|0.0343425|0.0446242|0.0280187|0.0484966|0.0142611|0.0373366|0.000790162|0.00611448|0.0409725,0.000546736|0.0468531|0.041832|0.0478486|0.0269719|0.0360108|0.0319606|0.040963|0.0190654|0.0435367|0.00676107|0.0269584|0.0114974|0.0171301|0.00864637|0.0346386|0.0258287|0.0278792|0.0463091|0.02493,0.956543|0.950579|0.913854|0.955815|0.945731|0.960947|0.965597|0.94682|0.983195|0.965431|0.91111|0.988821|0.916187|0.927413|0.930368|0.902379|0.957375|0.971346|0.902472|0.903218,6.22817|4.0358|1.42439|4.1742|3.59128|4.96524|0.103561|4.85624|6.20116|3.34731|0.649197|2.42163|4.03886|1.51622|1.84701|1.64864|2.48855|5.19478|5.254|4.29151,30.2686|24.4191|88.6198|37.015|10.4739|52.1141|66.6304|58.7029|31.5608|97.1045|61.2725|70.4589|63.8366|11.0615|32.2763|27.3162|28.0546|10.3361|29.3778,0.17251|0.167139|0.218328|0.220946|0.199542|0.24587|0.223371|0.209145|0.229646|0.204594|0.172446|0.221015|0.161122|0.184807|0.219818|0.177165|0.168115|0.212112|0.210878,0.827051|0.726505|0.53516|0.275354|0.200911|0.356378|0.83783|0.654975|0.453439|0.420686|0.72877|0.700266|0.490632|0.184807|0.130249|0.674858|0.490037|0.542409|0.138678,0.851523,0.837898,0.0185889,0.555256,0.596445,0.529227,0.225922,0.539254,0.241732,0.844508,60.029,1.54756e-12,39681,0.96775,71.3706,7.91337e-10,47522,0.907488,0.897423,0.0160931,0.236702,0.527636,0.456737,0.279439,0.462384,0.0593942,0.937758,18.7241,3.99128e-10,75313,0.812352,72.2662,3.36135e-11,78161
2,162,n1->n11->n21->n31->n32->n22->n23->n24->n34->n35->n36->n26->n16->n17->n27->n28->n18->n19->n9->n10,5.4999e+12|5.65563e+13|2.41937e+09|9.34158e+10|1.17872e+12|6.89136e+12|5.1585e+13|1.17759e+12|1.56288e+10|2.36731e+13|8.69601e+10|1.38574e+10|4.99557e+10|5.2065e+11|2.58309e+09|1.30221e+13|2.08257e+11|1.60792e+09|7.28667e+12|2.62018e+13,6.48959e+11|3.81621e+13|3.78731e+08|1.64589e+10|3.3013e+11|5.3881e+12|4.60456e+13|2.01162e+11|7.33382e+09|3.46833e+12|5.64439e+10|1.18442e+10|8.87997e+09|1.64371e+11|8.1041e+08|2.05619e+12|2.23663e+10|2.02403e+08|4.6263e+12|8.71912e+12,0.00015285|3.58423e-05|1.01809e-05|9.62101e-05|6.27032e-05|0.000201899|6.64364e-05|0.000214835|3.23779e-05|0.000435829|0.000262492|0.000138812|0.000113525|0.000193857|0.00059638|0.000271172|0.000171925|0.00020417|1.66587e-05|0.000127206,0.003252|0.000127835|0.000777165|0.00408916|0.00087854|0.000177346|0.00216169|0.000504018|0.00105266|0.000115957|0.000864591|0.000699826|0.000563062|0.00794335|0.00182097|0.00331108|0.00227311|0.00979739|0.00164938|0.000265144,0.0179602|0.0470176|0.016718|0.0447582|0.0291|0.0147695|0.0228373|0.0443323|0.0474323|0.0196651|0.0446242|0.0280187|0.0484966|0.0142611|0.0260488|0.0287435|0.0373366|0.000790162|0.0479548|0.0409725,0.000546736|0.0468531|0.00829965|0.00350572|0.0250492|0.0456659|0.037673|0.040963|0.0190654|0.0435367|0.0114974|0.0171301|0.00864637|0.0346386|0.0214296|0.0431463|0.0258287|0.0278792|0.0201069|0.02493,0.956543|0.950579|0.942854|0.954608|0.944854|0.90843|0.903|0.94682|0.983195|0.965431|0.916187|0.927413|0.930368|0.902379|0.944118|0.92765|0.957375|0.971346|0.90484|0.903218,6.22817|4.0358|2.52817|2.93597|5.13861|2.55635|0.905766|4.85624|6.20116|3.34731|4.03886|1.51622|1.84701|1.64864|1.31493|5.53936|2.48855|5.19478|5.80128|4.29151,30.2686|65.1286|89.2299|63.0993|86.2435|55.8812|67.5745|58.7029|31.5608|18.7034|63.8366|11.0615|32.2763|72.2829|15.3326|43.2583|28.0546|99.0064|65.9961,0.17251|0.16646|0.244826|0.20722|0.224682|0.183035|0.16557|0.209145|0.229646|0.163485|0.161122|0.184807|0.219818|0.216563|0.223691|0.191747|0.168115|0.169129|0.163358,0.827051|0.529375|0.387257|0.894814|0.142627|0.999468|0.122951|0.654975|0.453439|0.396049|0.490632|0.184807|0.130249|0.478949|0.821214|0.748413|0.490037|0.377874|0.823601,0.851523,0.837898,0.0185889,0.555256,0.596445,0.529227,0.225922,0.539254,0.241732,0.844508,60.029,1.54756e-12,39681,0.96775,71.3706,7.91337e-10,47522,0.907488,0.897423,0.0160931,0.236702,0.527636,0.456737,0.279439,0.462384,0.0593942,0.937758,18.7241,3.99128e-10,75313,0.812352,72.2662,3.36135e-11,78161
2,163,n1->n11->n21->n22->n32->n33->n34->n24->n25->n35->n45->n46->n47->n48->n49->n50->n40->n30->n20->n10,5.4999e+12|5.65563e+13|2.41937e+09|6.89136e+12|1.17872e+12|5.3486e+12|1.56288e+10|1.17759e+12|2.26824e+10|2.36731e+13|5.89458e+12|1.54508e+12|1.51118e+13|2.49704e+12|4.40453e+10|1.38504e+09|2.29206e+10|1.83802e+11|5.32138e+11|2.62018e+13,6.48959e+11|3.81621e+13|3.78731e+08|5.3881e+12|3.3013e+11|1.17387e+12|7.33382e+09|2.01162e+11|7.07863e+09|3.46833e+12|1.33407e+12|3.47025e+11|1.79661e+12|1.47171e+12|2.37099e+10|5.01344e+08|6.61094e+09|1.55346e+11|2.21789e+11|8.71912e+12,0.00015285|3.58423e-05|1.01809e-05|0.000201899|6.27032e-05|0.000399167|3.23779e-05|0.000214835|2.48293e-05|0.000435829|0.000198241|2.71186e-05|0.00030176|0.000991875|2.3314e-05|3.6734e-05|2.30699e-05|6.14967e-05|0.000247429|0.000127206,0.003252|0.000127835|0.000777165|0.000177346|0.00087854|0.00509684|0.00105266|0.000504018|0.00526954|0.000115957|0.00106683|0.00241975|0.00948189|0.000965886|0.000214539|0.00156118|0.00114617|0.00135186|0.00522315|0.000265144,0.0179602|0.0470176|0.016718|0.0147695|0.0291|0.00767461|0.0474323|0.0443323|0.0411534|0.0196651|0.0129871|0.0343425|0.0423299|0.0030652|0.00224821|0.0217302|0.0353348|0.00529712|0.00611448|0.0409725,0.000546736|0.0468531|0.00829965|0.0456659|0.0250492|0.0291341|0.0190654|0.040963|0.0451075|0.0435367|0.00676107|0.0269584|0.0289832|0.0297929|0.043662|0.0461656|0.0287647|0.0112888|0.0463091|0.02493,0.956543|0.950579|0.942854|0.90843|0.944854|0.927105|0.983195|0.94682|0.98336|0.965431|0.91111|0.988821|0.959543|0.911307|0.965883|0.927342|0.908845|0.979866|0.902472|0.903218,6.22817|4.0358|2.52817|2.55635|5.13861|4.64436|6.20116|4.85624|6.02932|3.34731|0.649197|2.42163|2.21978|1.5379|0.250991|4.2672|5.30558|2.49161|5.254|4.29151,30.2686|65.1286|34.0839|86.2435|67.4197|23.5709|58.7029|18.2346|88.4205|97.1045|61.2725|46.986|13.4252|52.0957|38.9947|91.3525|98.0873|23.9015|29.3778,0.17251|0.16646|0.20313|0.224682|0.190613|0.20527|0.209145|0.244005|0.226371|0.204594|0.172446|0.22664|0.222276|0.207108|0.206431|0.236965|0.193002|0.228066|0.210878,0.827051|0.529375|0.123831|0.142627|0.839596|0.704699|0.654975|0.943216|0.191607|0.420686|0.72877|0.934237|0.683167|0.916478|0.32654|0.24686|0.416215|0.547282|0.138678,0.851523,0.837898,0.0185889,0.555256,0.596445,0.529227,0.225922,0.539254,0.241732,0.844508,60.029,1.54756e-12,39681,0.96775,71.3706,7.91337e-10,47522,0.907488,0.897423,0.0160931,0.236702,0.527636,0.456737,0.279439,0.462384,0.0593942,0.937758,18.7241,3.99128e-10,75313,0.812352,72.2662,3.36135e-11,78161
2,164,n1->n11->n21->n31->n41->n51->n52->n42->n43->n33->n34->n24->n25->n15->n16->n17->n7->n8->n9->n10,5.4999e+12|5.65563e+13|2.41937e+09|9.34158e+10|7.49703e+09|1.86325e+09|1.28757e+10|1.33809e+10|2.34836e+12|5.3486e+12|1.56288e+10|1.17759e+12|2.26824e+10|6.17253e+13|4.99557e+10|5.2065e+11|1.70314e+11|7.36068e+10|7.28667e+12|2.62018e+13,6.48959e+11|3.81621e+13|3.78731e+08|1.64589e+10|4.36216e+09|1.68319e+09|3.63903e+09|7.0876e+09|7.8679e+11|1.17387e+12|7.33382e+09|2.01162e+11|7.07863e+09|2.37721e+13|8.87997e+09|1.64371e+11|1.24554e+11|6.47234e+10|4.6263e+12|8.71912e+12,0.00015285|3.58423e-05|1.01809e-05|9.62101e-05|5.26175e-05|0.000915198|8.42554e-05|0.000472897|0.000202104|0.000399167|3.23779e-05|0.000214835|2.48293e-05|0.000365537|0.000113525|0.000193857|0.000279667|0.000102402|1.66587e-05|0.000127206,0.003252|0.000127835|0.000777165|0.00408916|0.00367725|0.00300711|0.00449595|0.000145068|0.00689|0.00509684|0.00105266|0.000504018|0.00526954|0.000568282|0.000563062|0.00794335|0.00109524|0.000294904|0.00164938|0.000265144,0.0179602|0.0470176|0.016718|0.0447582|0.0103136|0.0232606|0.0341922|0.0441039|0.0050261|0.00767461|0.0474323|0.0443323|0.0411534|0.000619861|0.0484966|0.0142611|0.0184116|0.00528751|0.0479548|0.0409725,0.000546736|0.0468531|0.00829965|0.00350572|0.00933311|0.0109997|0.0321584|0.0398759|0.0157882|0.0291341|0.0190654|0.040963|0.0451075|0.0254867|0.00864637|0.0346386|0.00251899|0.0169153|0.0201069|0.02493,0.956543|0.950579|0.942854|0.954608|0.947217|0.977189|0.961734|0.98262|0.906883|0.927105|0.983195|0.94682|0.98336|0.948183|0.930368|0.902379|0.913586|0.977494|0.90484|0.903218,6.22817|4.0358|2.52817|2.93597|0.206943|4.62665|1.69941|4.38836|5.93639|4.64436|6.20116|4.85624|6.02932|2.74568|1.84701|1.64864|1.21281|2.40861|5.80128|4.29151,30.2686|65.1286|89.2299|64.4551|23.0914|43.4967|93.5115|27.3217|49.6282|23.5709|58.7029|18.2346|54.7186|56.2706|32.2763|59.8148|55.4093|99.595|65.9961,0.17251|0.16646|0.244826|0.18631|0.160912|0.206006|0.185807|0.200943|0.231597|0.20527|0.209145|0.244005|0.189144|0.203512|0.219818|0.239148|0.191098|0.247422|0.163358,0.827051|0.529375|0.387257|0.568694|0.923857|0.148944|0.879648|0.958841|0.630662|0.704699|0.654975|0.943216|0.194732|0.580023|0.130249|0.525316|0.821716|0.597712|0.823601,0.851523,0.837898,0.0185889,0.555256,0.596445,0.529227,0.225922,0.539254,0.241732,0.844508,60.029,1.54756e-12,39681,0.96775,71.3706,7.91337e-10,47522,0.907488,0.897423,0.0160931,0.236702,0.527636,0.456737,0.279439,0.462384,0.0593942,0.937758,18.7241,3.99128e-10,75313,0.812352,72.2662,3.36135e-11,78161
2,165,n1->n11->n12->n22->n23->n33->n34->n35->n36->n46->n56->n57->n47->n48->n49->n50->n40->n30->n20->n10,5.4999e+12|5.65563e+13|2.05589e+11|6.89136e+12|5.1585e+13|5.3486e+12|1.56288e+10|2.36731e+13|8.69601e+10|1.54508e+12|3.87803e+10|1.28024e+12|1.51118e+13|2.49704e+12|4.40453e+10|1.38504e+09|2.29206e+10|1.83802e+11|5.32138e+11|2.62018e+13,6.48959e+11|3.81621e+13|5.40463e+10|5.3881e+12|4.60456e+13|1.17387e+12|7.33382e+09|3.46833e+12|5.64439e+10|3.47025e+11|4.93017e+09|3.67305e+11|1.79661e+12|1.47171e+12|2.37099e+10|5.01344e+08|6.61094e+09|1.55346e+11|2.21789e+11|8.71912e+12,0.00015285|3.58423e-05|1.73339e-05|0.000201899|6.64364e-05|0.000399167|3.23779e-05|0.000435829|0.000262492|2.71186e-05|6.75622e-05|1.0978e-05|0.00030176|0.000991875|2.3314e-05|3.6734e-05|2.30699e-05|6.14967e-05|0.000247429|0.000127206,0.003252|0.000127835|0.000156137|0.000177346|0.00216169|0.00509684|0.00105266|0.000115957|0.000864591|0.00241975|0.000176894|0.00031557|0.00948189|0.000965886|0.000214539|0.00156118|0.00114617|0.00135186|0.00522315|0.000265144,0.0179602|0.0470176|0.0116366|0.0147695|0.0228373|0.00767461|0.0474323|0.0196651|0.0446242|0.0343425|0.0205221|0.00592426|0.0423299|0.0030652|0.00224821|0.0217302|0.0353348|0.00529712|0.00611448|0.0409725,0.000546736|0.0468531|0.041832|0.0456659|0.037673|0.0291341|0.0190654|0.0435367|0.0114974|0.0269584|0.0278467|0.0108397|0.0289832|0.0297929|0.043662|0.0461656|0.0287647|0.0112888|0.0463091|0.02493,0.956543|0.950579|0.913854|0.90843|0.903|0.927105|0.983195|0.965431|0.916187|0.988821|0.988418|0.926084|0.959543|0.911307|0.965883|0.927342|0.908845|0.979866|0.902472|0.903218,6.22817|4.0358|1.42439|2.55635|0.905766|4.64436|6.20116|3.34731|4.03886|2.42163|0.227592|2.52148|2.21978|1.5379|0.250991|4.2672|5.30558|2.49161|5.254|4.29151,30.2686|24.4191|13.2112|55.8812|76.7594|23.5709|31.5608|18.7034|70.4589|31.554|71.5316|88.8597|13.4252|52.0957|38.9947|91.3525|98.0873|23.9015|29.3778,0.17251|0.167139|0.17699|0.183035|0.213966|0.20527|0.229646|0.163485|0.221015|0.16673|0.248615|0.166194|0.222276|0.207108|0.206431|0.236965|0.193002|0.228066|0.210878,0.827051|0.726505|0.78707|0.999468|0.164408|0.704699|0.453439|0.396049|0.700266|0.199153|0.323112|0.85098|0.683167|0.916478|0.32654|0.24686|0.416215|0.547282|0.138678,0.851523,0.837898,0.0185889,0.555256,0.596445,0.529227,0.225922,0.539254,0.241732,0.844508,60.029,1.54756e-12,39681,0.96775,71.3706,7.91337e-10,47522,0.907488,0.897423,0.0160931,0.236702,0.527636,0.456737,0.279439,0.462384,0.0593942,0.937758,18.7241,3.99128e-10,75313,0.812352,72.2662,3.36135e-11,78161
2,166,n1->n11->n21->n22->n23->n24->n14->n4->n5->n15->n25->n35->n36->n37->n38->n39->n29->n30->n20->n10,5.4999e+12|5.65563e+13|2.41937e+09|6.89136e+12|5.1585e+13|1.17759e+12|3.69121e+13|1.75942e+09|1.32985e+12|6.17253e+13|2.26824e+10|2.36731e+13|8.69601e+10|7.24389e+13|1.15002e+09|8.3858e+12|4.43662e+12|1.83802e+11|5.32138e+11|2.62018e+13,6.48959e+11|3.81621e+13|3.78731e+08|5.3881e+12|4.60456e+13|2.01162e+11|2.94889e+13|4.4632e+08|4.5847e+11|2.37721e+13|7.07863e+09|3.46833e+12|5.64439e+10|1.28005e+13|4.14181e+08|1.1487e+12|2.79127e+12|1.55346e+11|2.21789e+11|8.71912e+12,0.00015285|3.58423e-05|1.01809e-05|0.000201899|6.64364e-05|0.000214835|0.000455172|0.00014654|0.000163077|0.000365537|2.48293e-05|0.000435829|0.000262492|3.15748e-05|0.000105823|6.12229e-05|0.000213383|6.14967e-05|0.000247429|0.000127206,0.003252|0.000127835|0.000777165|0.000177346|0.00216169|0.000504018|0.00183051|0.00148041|0.000159363|0.000568282|0.00526954|0.000115957|0.000864591|0.000190107|0.00411998|0.00610675|0.00492817|0.00135186|0.00522315|0.000265144,0.0179602|0.0470176|0.016718|0.0147695|0.0228373|0.0443323|0.0310073|0.0328667|0.0136578|0.000619861|0.0411534|0.0196651|0.0446242|0.0430282|0.0177641|0.000135364|0.0496549|0.00529712|0.00611448|0.0409725,0.000546736|0.0468531|0.00829965|0.0456659|0.037673|0.040963|0.0319606|0.0360108|0.02637|0.0254867|0.0451075|0.0435367|0.0114974|0.0113199|0.0205171|0.014938|0.0210081|0.0112888|0.0463091|0.02493,0.956543|0.950579|0.942854|0.90843|0.903|0.94682|0.965597|0.960947|0.982934|0.948183|0.98336|0.965431|0.916187|0.947802|0.915954|0.952729|0.977322|0.979866|0.902472|0.903218,6.22817|4.0358|2.52817|2.55635|0.905766|4.85624|0.103561|4.96524|4.26661|2.74568|6.02932|3.34731|4.03886|6.22584|4.65468|2.09917|4.67833|2.49161|5.254|4.29151,30.2686|65.1286|34.0839|55.8812|67.5745|66.6304|52.1141|81.7362|35.0583|54.7186|88.4205|18.7034|29.3504|37.0378|69.5993|44.1502|83.4704|23.9015|29.3778,0.17251|0.16646|0.20313|0.183035|0.16557|0.223371|0.24587|0.174783|0.240843|0.189144|0.226371|0.163485|0.210454|0.188626|0.188323|0.162358|0.244973|0.228066|0.210878,0.827051|0.529375|0.123831|0.999468|0.122951|0.83783|0.356378|0.219292|0.606669|0.194732|0.191607|0.396049|0.532548|0.411593|0.397286|0.318407|0.347474|0.547282|0.138678,0.851523,0.837898,0.0185889,0.555256,0.596445,0.529227,0.225922,0.539254,0.241732,0.844508,60.029,1.54756e-12,39681,0.96775,71.3706,7.91337e-10,47522,0.907488,0.897423,0.0160931,0.236702,0.527636,0.456737,0.279439,0.462384,0.0593942,0.937758,18.7241,3.99128e-10,75313,0.812352,72.2662,3.36135e-11,78161
2,167,n1->n2->n3->n4->n5->n6->n7->n8->n18->n17->n27->n26->n36->n37->n38->n39->n40->n30->n20->n10,5.4999e+12|1.38353e+13|1.53335e+11|1.75942e+09|1.32985e+12|2.83166e+09|1.70314e+11|7.36068e+10|2.08257e+11|5.2065e+11|2.58309e+09|1.38574e+10|8.69601e+10|7.24389e+13|1.15002e+09|8.3858e+12|2.29206e+10|1.83802e+11|5.32138e+11|2.62018e+13,6.48959e+11|7.23336e+12|8.74502e+10|4.4632e+08|4.5847e+11|1.10743e+09|1.24554e+11|6.47234e+10|2.23663e+10|1.64371e+11|8.1041e+08|1.18442e+10|5.64439e+10|1.28005e+13|4.14181e+08|1.1487e+12|6.61094e+09|1.55346e+11|2.21789e+11|8.71912e+12,0.00015285|0.000148714|0.000989315|0.00014654|0.000163077|2.77636e-05|0.000279667|0.000102402|0.000171925|0.000193857|0.00059638|0.000138812|0.000262492|3.15748e-05|0.000105823|6.12229e-05|2.30699e-05|6.14967e-05|0.000247429|0.000127206,0.003252|0.000441496|0.000209305|0.00148041|0.000159363|0.00293787|0.00109524|0.000294904|0.00227311|0.00794335|0.00182097|0.000699826|0.000864591|0.000190107|0.00411998|0.00610675|0.00114617|0.00135186|0.00522315|0.000265144,0.0179602|0.0348637|0.0101203|0.0328667|0.0136578|0.041372|0.0184116|0.00528751|0.0373366|0.0142611|0.0260488|0.0280187|0.0446242|0.0430282|0.0177641|0.000135364|0.0353348|0.00529712|0.00611448|0.0409725,0.000546736|0.0478486|0.0269719|0.0360108|0.02637|0.0296728|0.00251899|0.0169153|0.0258287|0.0346386|0.0214296|0.0171301|0.0114974|0.0113199|0.0205171|0.014938|0.0287647|0.0112888|0.0463091|0.02493,0.956543|0.955815|0.945731|0.960947|0.982934|0.956179|0.913586|0.977494|0.957375|0.902379|0.944118|0.927413|0.916187|0.947802|0.915954|0.952729|0.908845|0.979866|0.902472|0.903218,6.22817|4.1742|3.59128|4.96524|4.26661|2.12743|1.21281|2.40861|2.48855|1.64864|1.31493|1.51622|4.03886|6.22584|4.65468|2.09917|5.30558|2.49161|5.254|4.29151,79.8117|37.015|10.4739|81.7362|37.2729|32.9383|55.4093|81.3396|27.3162|72.2829|42.5138|63.8366|29.3504|37.0378|69.5993|86.0567|98.0873|23.9015|29.3778,0.228393|0.220946|0.199542|0.174783|0.191968|0.242724|0.191098|0.184383|0.177165|0.216563|0.1677|0.161122|0.210454|0.188626|0.188323|0.172155|0.193002|0.228066|0.210878,0.725997|0.275354|0.200911|0.219292|0.389873|0.369932|0.821716|0.540078|0.674858|0.478949|0.380101|0.490632|0.532548|0.411593|0.397286|0.496938|0.416215|0.547282|0.138678,0.851523,0.837898,0.0185889,0.555256,0.596445,0.529227,0.225922,0.539254,0.241732,0.844508,60.029,1.54756e-12,39681,0.96775,71.3706,7.91337e-10,47522,0.907488,0.897423,0.0160931,0.236702,0.527636,0.456737,0.279439,0.462384,0.0593942,0.937758,18.7241,3.99128e-10,75313,0.812352,72.2662,3.36135e-11,78161
2,168,n1->n2->n12->n11->n21->n31->n32->n22->n23->n33->n34->n35->n36->n26->n16->n17->n7->n8->n9->n10,5.4999e+12|1.38353e+13|2.05589e+11|5.65563e+13|2.41937e+09|9.34158e+10|1.17872e+12|6.89136e+12|5.1585e+13|5.3486e+12|1.56288e+10|2.36731e+13|8.69601e+10|1.38574e+10|4.99557e+10|5.2065e+11|1.70314e+11|7.36068e+10|7.28667e+12|2.62018e+13,6.48959e+11|7.23336e+12|5.40463e+10|3.81621e+13|3.78731e+08|1.64589e+10|3.3013e+11|5.3881e+12|4.60456e+13|1.17387e+12|7.33382e+09|3.46833e+12|5.64439e+10|1.18442e+10|8.87997e+09|1.64371e+11|1.24554e+11|6.47234e+10|4.6263e+12|8.71912e+12,0.00015285|0.000148714|1.73339e-05|3.58423e-05|1.01809e-05|9.62101e-05|6.27032e-05|0.000201899|6.64364e-05|0.000399167|3.23779e-05|0.000435829|0.000262492|0.000138812|0.000113525|0.000193857|0.000279667|0.000102402|1.66587e-05|0.000127206,0.003252|0.000441496|0.000156137|0.000127835|0.000777165|0.00408916|0.00087854|0.000177346|0.00216169|0.00509684|0.00105266|0.000115957|0.000864591|0.000699826|0.000563062|0.00794335|0.00109524|0.000294904|0.00164938|0.000265144,0.0179602|0.0348637|0.0116366|0.0470176|0.016718|0.0447582|0.0291|0.0147695|0.0228373|0.00767461|0.0474323|0.0196651|0.0446242|0.0280187|0.0484966|0.0142611|0.0184116|0.00528751|0.0479548|0.0409725,0.000546736|0.0478486|0.041832|0.0468531|0.00829965|0.00350572|0.0250492|0.0456659|0.037673|0.0291341|0.0190654|0.0435367|0.0114974|0.0171301|0.00864637|0.0346386|0.00251899|0.0169153|0.0201069|0.02493,0.956543|0.955815|0.913854|0.950579|0.942854|0.954608|0.944854|0.90843|0.903|0.927105|0.983195|0.965431|0.916187|0.927413|0.930368|0.902379|0.913586|0.977494|0.90484|0.903218,6.22817|4.1742|1.42439|4.0358|2.52817|2.93597|5.13861|2.55635|0.905766|4.64436|6.20116|3.34731|4.03886|1.51622|1.84701|1.64864|1.21281|2.40861|5.80128|4.29151,79.8117|88.6198|24.4191|65.1286|89.2299|63.0993|86.2435|55.8812|76.7594|23.5709|31.5608|18.7034|63.8366|11.0615|32.2763|59.8148|55.4093|99.595|65.9961,0.228393|0.218328|0.167139|0.16646|0.244826|0.20722|0.224682|0.183035|0.213966|0.20527|0.229646|0.163485|0.161122|0.184807|0.219818|0.239148|0.191098|0.247422|0.163358,0.725997|0.53516|0.726505|0.529375|0.387257|0.894814|0.142627|0.999468|0.164408|0.704699|0.453439|0.396049|0.490632|0.184807|0.130249|0.525316|0.821716|0.597712|0.823601,0.851523,0.837898,0.0185889,0.555256,0.596445,0.529227,0.225922,0.539254,0.241732,0.844508,60.029,1.54756e-12,39681,0.96775,71.3706,7.91337e-10,47522,0.907488,0.897423,0.0160931,0.236702,0.527636,0.456737,0.279439,0.462384,0.0593942,0.937758,18.7241,3.99128e-10,75313,0.812352,72.2662,3.36135e-11,78161
2,169,n1->n2->n3->n13->n23->n33->n34->n35->n45->n55->n56->n46->n47->n37->n27->n17->n18->n8->n9->n10,5.4999e+12|1.38353e+13|1.53335e+11|5.5344e+11|5.1585e+13|5.3486e+12|1.56288e+10|2.36731e+13|5.89458e+12|6.16852e+12|3.87803e+10|1.54508e+12|1.51118e+13|7.24389e+13|2.58309e+09|5.2065e+11|2.08257e+11|7.36068e+10|7.28667e+12|2.62018e+13,6.48959e+11|7.23336e+12|8.74502e+10|9.08242e+10|4.60456e+13|1.17387e+12|7.33382e+09|3.46833e+12|1.33407e+12|5.36693e+12|4.93017e+09|3.47025e+11|1.79661e+12|1.28005e+13|8.1041e+08|1.64371e+11|2.23663e+10|6.47234e+10|4.6263e+12|8.71912e+12,0.00015285|0.000148714|0.000989315|2.12038e-05|6.64364e-05|0.000399167|3.23779e-05|0.000435829|0.000198241|0.000209767|6.75622e-05|2.71186e-05|0.00030176|3.15748e-05|0.00059638|0.000193857|0.000171925|0.000102402|1.66587e-05|0.000127206,0.003252|0.000441496|0.000209305|0.00133854|0.00216169|0.00509684|0.00105266|0.000115957|0.00106683|0.000730066|0.000176894|0.00241975|0.00948189|0.000190107|0.00182097|0.00794335|0.00227311|0.000294904|0.00164938|0.000265144,0.0179602|0.0348637|0.0101203|0.0184047|0.0228373|0.00767461|0.0474323|0.0196651|0.0129871|0.0373895|0.0205221|0.0343425|0.0423299|0.0430282|0.0260488|0.0142611|0.0373366|0.00528751|0.0479548|0.0409725,0.000546736|0.0478486|0.0269719|0.031308|0.037673|0.0291341|0.0190654|0.0435367|0.00676107|0.0228949|0.0278467|0.0269584|0.0289832|0.0113199|0.0214296|0.0346386|0.0258287|0.0169153|0.0201069|0.02493,0.956543|0.955815|0.945731|0.98666|0.903|0.927105|0.983195|0.965431|0.91111|0.939371|0.988418|0.988821|0.959543|0.947802|0.944118|0.902379|0.957375|0.977494|0.90484|0.903218,6.22817|4.1742|3.59128|0.948718|0.905766|4.64436|6.20116|3.34731|0.649197|3.30045|0.227592|2.42163|2.21978|6.22584|1.31493|1.64864|2.48855|2.40861|5.80128|4.29151,79.8117|37.015|83.9106|51.9585|76.7594|23.5709|31.5608|97.1045|43.8659|40.979|31.554|46.986|88.6669|44.8869|72.2829|27.3162|81.3396|99.595|65.9961,0.228393|0.220946|0.206647|0.246371|0.213966|0.20527|0.229646|0.204594|0.24767|0.243186|0.16673|0.22664|0.212663|0.214388|0.216563|0.177165|0.184383|0.247422|0.163358,0.725997|0.275354|0.189939|0.635286|0.164408|0.704699|0.453439|0.420686|0.125509|0.839452|0.199153|0.934237|0.636789|0.862187|0.478949|0.674858|0.540078|0.597712|0.823601,0.851523,0.837898,0.0185889,0.555256,0.596445,0.529227,0.225922,0.539254,0.241732,0.844508,60.029,1.54756e-12,39681,0.96775,71.3706,7.91337e-10,47522,0.907488,0.897423,0.0160931,0.236702,0.527636,0.456737,0.279439,0.462384,0.0593942,0.937758,18.7241,3.99128e-10,75313,0.812352,72.2662,3.36135e-11,78161
2,170,n1->n2->n3->n13->n23->n33->n34->n35->n36->n46->n47->n48->n38->n37->n27->n17->n18->n19->n20->n10,5.4999e+12|1.38353e+13|1.53335e+11|5.5344e+11|5.1585e+13|5.3486e+12|1.56288e+10|2.36731e+13|8.69601e+10|1.54508e+12|1.51118e+13|2.49704e+12|1.15002e+09|7.24389e+13|2.58309e+09|5.2065e+11|2.08257e+11|1.60792e+09|5.32138e+11|2.62018e+13,6.48959e+11|7.23336e+12|8.74502e+10|9.08242e+10|4.60456e+13|1.17387e+12|7.33382e+09|3.46833e+12|5.64439e+10|3.47025e+11|1.79661e+12|1.47171e+12|4.14181e+08|1.28005e+13|8.1041e+08|1.64371e+11|2.23663e+10|2.02403e+08|2.21789e+11|8.71912e+12,0.00015285|0.000148714|0.000989315|2.12038e-05|6.64364e-05|0.000399167|3.23779e-05|0.000435829|0.000262492|2.71186e-05|0.00030176|0.000991875|0.000105823|3.15748e-05|0.00059638|0.000193857|0.000171925|0.00020417|0.000247429|0.000127206,0.003252|0.000441496|0.000209305|0.00133854|0.00216169|0.00509684|0.00105266|0.000115957|0.000864591|0.00241975|0.00948189|0.000965886|0.00411998|0.000190107|0.00182097|0.00794335|0.00227311|0.00979739|0.00522315|0.000265144,0.0179602|0.0348637|0.0101203|0.0184047|0.0228373|0.00767461|0.0474323|0.0196651|0.0446242|0.0343425|0.0423299|0.0030652|0.0177641|0.0430282|0.0260488|0.0142611|0.0373366|0.000790162|0.00611448|0.0409725,0.000546736|0.0478486|0.0269719|0.031308|0.037673|0.0291341|0.0190654|0.0435367|0.0114974|0.0269584|0.0289832|0.0297929|0.0205171|0.0113199|0.0214296|0.0346386|0.0258287|0.0278792|0.0463091|0.02493,0.956543|0.955815|0.945731|0.98666|0.903|0.927105|0.983195|0.965431|0.916187|0.988821|0.959543|0.911307|0.915954|0.947802|0.944118|0.902379|0.957375|0.971346|0.902472|0.903218,6.22817|4.1742|3.59128|0.948718|0.905766|4.64436|6.20116|3.34731|4.03886|2.42163|2.21978|1.5379|4.65468|6.22584|1.31493|1.64864|2.48855|5.19478|5.254|4.29151,79.8117|37.015|83.9106|51.9585|76.7594|23.5709|31.5608|18.7034|70.4589|46.986|13.4252|21.8454|37.0378|44.8869|72.2829|27.3162|28.0546|10.3361|29.3778,0.228393|0.220946|0.206647|0.246371|0.213966|0.20527|0.229646|0.163485|0.221015|0.22664|0.222276|0.222464|0.188626|0.214388|0.216563|0.177165|0.168115|0.212112|0.210878,0.725997|0.275354|0.189939|0.635286|0.164408|0.704699|0.453439|0.396049|0.700266|0.934237|0.683167|0.68267|0.411593|0.862187|0.478949|0.674858|0.490037|0.542409|0.138678,0.851523,0.837898,0.0185889,0.555256,0.596445,0.529227,0.225922,0.539254,0.241732,0.844508,60.029,1.54756e-12,39681,0.96775,71.3706,7.91337e-10,47522,0.907488,0.897423,0.0160931,0.236702,0.527636,0.456737,0.279439,0.462384,0.0593942,0.937758,18.7241,3.99128e-10,75313,0.812352,72.2662,3.36135e-11,78161
2,171,n1->n2->n12->n22->n23->n33->n34->n44->n45->n35->n25->n26->n16->n17->n7->n8->n9->n19->n20->n10,5.4999e+12|1.38353e+13|2.05589e+11|6.89136e+12|5.1585e+13|5.3486e+12|1.56288e+10|1.68394e+11|5.89458e+12|2.36731e+13|2.26824e+10|1.38574e+10|4.99557e+10|5.2065e+11|1.70314e+11|7.36068e+10|7.28667e+12|1.60792e+09|5.32138e+11|2.62018e+13,6.48959e+11|7.23336e+12|5.40463e+10|5.3881e+12|4.60456e+13|1.17387e+12|7.33382e+09|7.97392e+10|1.33407e+12|3.46833e+12|7.07863e+09|1.18442e+10|8.87997e+09|1.64371e+11|1.24554e+11|6.47234e+10|4.6263e+12|2.02403e+08|2.21789e+11|8.71912e+12,0.00015285|0.000148714|1.73339e-05|0.000201899|6.64364e-05|0.000399167|3.23779e-05|0.000481105|0.000198241|0.000435829|2.48293e-05|0.000138812|0.000113525|0.000193857|0.000279667|0.000102402|1.66587e-05|0.00020417|0.000247429|0.000127206,0.003252|0.000441496|0.000156137|0.000177346|0.00216169|0.00509684|0.00105266|0.00959402|0.00106683|0.000115957|0.00526954|0.000699826|0.000563062|0.00794335|0.00109524|0.000294904|0.00164938|0.00979739|0.00522315|0.000265144,0.0179602|0.0348637|0.0116366|0.0147695|0.0228373|0.00767461|0.0474323|0.00808912|0.0129871|0.0196651|0.0411534|0.0280187|0.0484966|0.0142611|0.0184116|0.00528751|0.0479548|0.000790162|0.00611448|0.0409725,0.000546736|0.0478486|0.041832|0.0456659|0.037673|0.0291341|0.0190654|0.0399756|0.00676107|0.0435367|0.0451075|0.0171301|0.00864637|0.0346386|0.00251899|0.0169153|0.0201069|0.0278792|0.0463091|0.02493,0.956543|0.955815|0.913854|0.90843|0.903|0.927105|0.983195|0.984305|0.91111|0.965431|0.98336|0.927413|0.930368|0.902379|0.913586|0.977494|0.90484|0.971346|0.902472|0.903218,6.22817|4.1742|1.42439|2.55635|0.905766|4.64436|6.20116|0.307093|0.649197|3.34731|6.02932|1.51622|1.84701|1.64864|1.21281|2.40861|5.80128|5.19478|5.254|4.29151,79.8117|88.6198|13.2112|55.8812|76.7594|23.5709|46.2248|89.5651|97.1045|88.4205|55.6995|11.0615|32.2763|59.8148|55.4093|99.595|99.0064|10.3361|29.3778,0.228393|0.218328|0.17699|0.183035|0.213966|0.20527|0.162958|0.209408|0.204594|0.226371|0.18627|0.184807|0.219818|0.239148|0.191098|0.247422|0.169129|0.212112|0.210878,0.725997|0.53516|0.78707|0.999468|0.164408|0.704699|0.204489|0.950077|0.420686|0.191607|0.157575|0.184807|0.130249|0.525316|0.821716|0.597712|0.377874|0.542409|0.138678,0.851523,0.837898,0.0185889,0.555256,0.596445,0.529227,0.225922,0.539254,0.241732,0.844508,60.029,1.54756e-12,39681,0.96775,71.3706,7.91337e-10,47522,0.907488,0.897423,0.0160931,0.236702,0.527636,0.456737,0.279439,0.462384,0.0593942,0.937758,18.7241,3.99128e-10,75313,0.812352,72.2662,3.36135e-11,78161
2,172,n1->n2->n12->n11->n21->n22->n32->n33->n34->n35->n25->n24->n14->n4->n5->n6->n7->n8->n9->n10,5.4999e+12|1.38353e+13|2.05589e+11|5.65563e+13|2.41937e+09|6.89136e+12|1.17872e+12|5.3486e+12|1.56288e+10|2.36731e+13|2.26824e+10|1.17759e+12|3.69121e+13|1.75942e+09|1.32985e+12|2.83166e+09|1.70314e+11|7.36068e+10|7.28667e+12|2.62018e+13,6.48959e+11|7.23336e+12|5.40463e+10|3.81621e+13|3.78731e+08|5.3881e+12|3.3013e+11|1.17387e+12|7.33382e+09|3.46833e+12|7.07863e+09|2.01162e+11|2.94889e+13|4.4632e+08|4.5847e+11|1.10743e+09|1.24554e+11|6.47234e+10|4.6263e+12|8.71912e+12,0.00015285|0.000148714|1.73339e-05|3.58423e-05|1.01809e-05|0.000201899|6.27032e-05|0.000399167|3.23779e-05|0.000435829|2.48293e-05|0.000214835|0.000455172|0.00014654|0.000163077|2.77636e-05|0.000279667|0.000102402|1.66587e-05|0.000127206,0.003252|0.000441496|0.000156137|0.000127835|0.000777165|0.000177346|0.00087854|0.00509684|0.00105266|0.000115957|0.00526954|0.000504018|0.00183051|0.00148041|0.000159363|0.00293787|0.00109524|0.000294904|0.00164938|0.000265144,0.0179602|0.0348637|0.0116366|0.0470176|0.016718|0.0147695|0.0291|0.00767461|0.0474323|0.0196651|0.0411534|0.0443323|0.0310073|0.0328667|0.0136578|0.041372|0.0184116|0.00528751|0.0479548|0.0409725,0.000546736|0.0478486|0.041832|0.0468531|0.00829965|0.0456659|0.0250492|0.0291341|0.0190654|0.0435367|0.0451075|0.040963|0.0319606|0.0360108|0.02637|0.0296728|0.00251899|0.0169153|0.0201069|0.02493,0.956543|0.955815|0.913854|0.950579|0.942854|0.90843|0.944854|0.927105|0.983195|0.965431|0.98336|0.94682|0.965597|0.960947|0.982934|0.956179|0.913586|0.977494|0.90484|0.903218,6.22817|4.1742|1.42439|4.0358|2.52817|2.55635|5.13861|4.64436|6.20116|3.34731|6.02932|4.85624|0.103561|4.96524|4.26661|2.12743|1.21281|2.40861|5.80128|4.29151,79.8117|88.6198|24.4191|65.1286|34.0839|86.2435|67.4197|23.5709|31.5608|88.4205|18.2346|66.6304|52.1141|81.7362|37.2729|32.9383|55.4093|99.595|65.9961,0.228393|0.218328|0.167139|0.16646|0.20313|0.224682|0.190613|0.20527|0.229646|0.226371|0.244005|0.223371|0.24587|0.174783|0.191968|0.242724|0.191098|0.247422|0.163358,0.725997|0.53516|0.726505|0.529375|0.123831|0.142627|0.839596|0.704699|0.453439|0.191607|0.943216|0.83783|0.356378|0.219292|0.389873|0.369932|0.821716|0.597712|0.823601,0.851523,0.837898,0.0185889,0.555256,0.596445,0.529227,0.225922,0.539254,0.241732,0.844508,60.029,1.54756e-12,39681,0.96775,71.3706,7.91337e-10,47522,0.907488,0.897423,0.0160931,0.236702,0.527636,0.456737,0.279439,0.462384,0.0593942,0.937758,18.7241,3.99128e-10,75313,0.812352,72.2662,3.36135e-11,78161
2,173,n1->n2->n3->n4->n5->n15->n25->n24->n34->n35->n45->n46->n36->n37->n27->n28->n29->n19->n9->n10,5.4999e+12|1.38353e+13|1.53335e+11|1.75942e+09|1.32985e+12|6.17253e+13|2.26824e+10|1.17759e+12|1.56288e+10|2.36731e+13|5.89458e+12|1.54508e+12|8.69601e+10|7.24389e+13|2.58309e+09|1.30221e+13|4.43662e+12|1.60792e+09|7.28667e+12|2.62018e+13,6.48959e+11|7.23336e+12|8.74502e+10|4.4632e+08|4.5847e+11|2.37721e+13|7.07863e+09|2.01162e+11|7.33382e+09|3.46833e+12|1.33407e+12|3.47025e+11|5.64439e+10|1.28005e+13|8.1041e+08|2.05619e+12|2.79127e+12|2.02403e+08|4.6263e+12|8.71912e+12,0.00015285|0.000148714|0.000989315|0.00014654|0.000163077|0.000365537|2.48293e-05|0.000214835|3.23779e-05|0.000435829|0.000198241|2.71186e-05|0.000262492|3.15748e-05|0.00059638|0.000271172|0.000213383|0.00020417|1.66587e-05|0.000127206,0.003252|0.000441496|0.000209305|0.00148041|0.000159363|0.000568282|0.00526954|0.000504018|0.00105266|0.000115957|0.00106683|0.00241975|0.000864591|0.000190107|0.00182097|0.00331108|0.00492817|0.00979739|0.00164938|0.000265144,0.0179602|0.0348637|0.0101203|0.0328667|0.0136578|0.000619861|0.0411534|0.0443323|0.0474323|0.0196651|0.0129871|0.0343425|0.0446242|0.0430282|0.0260488|0.0287435|0.0496549|0.000790162|0.0479548|0.0409725,0.000546736|0.0478486|0.0269719|0.0360108|0.02637|0.0254867|0.0451075|0.040963|0.0190654|0.0435367|0.00676107|0.0269584|0.0114974|0.0113199|0.0214296|0.0431463|0.0210081|0.0278792|0.0201069|0.02493,0.956543|0.955815|0.945731|0.960947|0.982934|0.948183|0.98336|0.94682|0.983195|0.965431|0.91111|0.988821|0.916187|0.947802|0.944118|0.92765|0.977322|0.971346|0.90484|0.903218,6.22817|4.1742|3.59128|4.96524|4.26661|2.74568|6.02932|4.85624|6.20116|3.34731|0.649197|2.42163|4.03886|6.22584|1.31493|5.53936|4.67833|5.19478|5.80128|4.29151,79.8117|37.015|10.4739|81.7362|35.0583|54.7186|18.2346|58.7029|31.5608|97.1045|61.2725|70.4589|29.3504|44.8869|15.3326|39.0733|84.7043|99.0064|65.9961,0.228393|0.220946|0.199542|0.174783|0.240843|0.189144|0.244005|0.209145|0.229646|0.204594|0.172446|0.221015|0.210454|0.214388|0.223691|0.196585|0.203828|0.169129|0.163358,0.725997|0.275354|0.200911|0.219292|0.606669|0.194732|0.943216|0.654975|0.453439|0.420686|0.72877|0.700266|0.532548|0.862187|0.821214|0.863895|0.969667|0.377874|0.823601,0.851523,0.837898,0.0185889,0.555256,0.596445,0.529227,0.225922,0.539254,0.241732,0.844508,60.029,1.54756e-12,39681,0.96775,71.3706,7.91337e-10,47522,0.907488,0.897423,0.0160931,0.236702,0.527636,0.456737,0.279439,0.462384,0.0593942,0.937758,18.7241,3.99128e-10,75313,0.812352,72.2662,3.36135e-11,78161
2,174,n1->n2->n12->n22->n23->n13->n3->n4->n5->n15->n14->n24->n25->n26->n16->n17->n7->n8->n9->n10,5.4999e+12|1.38353e+13|2.05589e+11|6.89136e+12|5.1585e+13|5.5344e+11|1.53335e+11|1.75942e+09|1.32985e+12|6.17253e+13|3.69121e+13|1.17759e+12|2.26824e+10|1.38574e+10|4.99557e+10|5.2065e+11|1.70314e+11|7.36068e+10|7.28667e+12|2.62018e+13,6.48959e+11|7.23336e+12|5.40463e+10|5.3881e+12|4.60456e+13|9.08242e+10|8.74502e+10|4.4632e+08|4.5847e+11|2.37721e+13|2.94889e+13|2.01162e+11|7.07863e+09|1.18442e+10|8.87997e+09|1.64371e+11|1.24554e+11|6.47234e+10|4.6263e+12|8.71912e+12,0.00015285|0.000148714|1.73339e-05|0.000201899|6.64364e-05|2.12038e-05|0.000989315|0.00014654|0.000163077|0.000365537|0.000455172|0.000214835|2.48293e-05|0.000138812|0.000113525|0.000193857|0.000279667|0.000102402|1.66587e-05|0.000127206,0.003252|0.000441496|0.000156137|0.000177346|0.00216169|0.00133854|0.000209305|0.00148041|0.000159363|0.000568282|0.00183051|0.000504018|0.00526954|0.000699826|0.000563062|0.00794335|0.00109524|0.000294904|0.00164938|0.000265144,0.0179602|0.0348637|0.0116366|0.0147695|0.0228373|0.0184047|0.0101203|0.0328667|0.0136578|0.000619861|0.0310073|0.0443323|0.0411534|0.0280187|0.0484966|0.0142611|0.0184116|0.00528751|0.0479548|0.0409725,0.000546736|0.0478486|0.041832|0.0456659|0.037673|0.031308|0.0269719|0.0360108|0.02637|0.0254867|0.0319606|0.040963|0.0451075|0.0171301|0.00864637|0.0346386|0.00251899|0.0169153|0.0201069|0.02493,0.956543|0.955815|0.913854|0.90843|0.903|0.98666|0.945731|0.960947|0.982934|0.948183|0.965597|0.94682|0.98336|0.927413|0.930368|0.902379|0.913586|0.977494|0.90484|0.903218,6.22817|4.1742|1.42439|2.55635|0.905766|0.948718|3.59128|4.96524|4.26661|2.74568|0.103561|4.85624|6.02932|1.51622|1.84701|1.64864|1.21281|2.40861|5.80128|4.29151,79.8117|88.6198|13.2112|55.8812|51.9585|83.9106|10.4739|81.7362|35.0583|92.5451|66.6304|18.2346|55.6995|11.0615|32.2763|59.8148|55.4093|99.595|65.9961,0.228393|0.218328|0.17699|0.183035|0.246371|0.206647|0.199542|0.174783|0.240843|0.217749|0.223371|0.244005|0.18627|0.184807|0.219818|0.239148|0.191098|0.247422|0.163358,0.725997|0.53516|0.78707|0.999468|0.635286|0.189939|0.200911|0.219292|0.606669|0.738934|0.83783|0.943216|0.157575|0.184807|0.130249|0.525316|0.821716|0.597712|0.823601,0.851523,0.837898,0.0185889,0.555256,0.596445,0.529227,0.225922,0.539254,0.241732,0.844508,60.029,1.54756e-12,39681,0.96775,71.3706,7.91337e-10,47522,0.907488,0.897423,0.0160931,0.236702,0.527636,0.456737,0.279439,0.462384,0.0593942,0.937758,18.7241,3.99128e-10,75313,0.812352,72.2662,3.36135e-11,78161
2,175,n1->n11->n21->n22->n32->n42->n52->n53->n43->n33->n23->n13->n3->n4->n5->n6->n7->n8->n9->n10,5.4999e+12|5.65563e+13|2.41937e+09|6.89136e+12|1.17872e+12|1.33809e+10|1.28757e+10|7.22032e+10|2.34836e+12|5.3486e+12|5.1585e+13|5.5344e+11|1.53335e+11|1.75942e+09|1.32985e+12|2.83166e+09|1.70314e+11|7.36068e+10|7.28667e+12|2.62018e+13,6.48959e+11|3.81621e+13|3.78731e+08|5.3881e+12|3.3013e+11|7.0876e+09|3.63903e+09|8.02082e+09|7.8679e+11|1.17387e+12|4.60456e+13|9.08242e+10|8.74502e+10|4.4632e+08|4.5847e+11|1.10743e+09|1.24554e+11|6.47234e+10|4.6263e+12|8.71912e+12,0.00015285|3.58423e-05|1.01809e-05|0.000201899|6.27032e-05|0.000472897|8.42554e-05|0.000374871|0.000202104|0.000399167|6.64364e-05|2.12038e-05|0.000989315|0.00014654|0.000163077|2.77636e-05|0.000279667|0.000102402|1.66587e-05|0.000127206,0.003252|0.000127835|0.000777165|0.000177346|0.00087854|0.000145068|0.00449595|0.000734508|0.00689|0.00509684|0.00216169|0.00133854|0.000209305|0.00148041|0.000159363|0.00293787|0.00109524|0.000294904|0.00164938|0.000265144,0.0179602|0.0470176|0.016718|0.0147695|0.0291|0.0441039|0.0341922|0.0219119|0.0050261|0.00767461|0.0228373|0.0184047|0.0101203|0.0328667|0.0136578|0.041372|0.0184116|0.00528751|0.0479548|0.0409725,0.000546736|0.0468531|0.00829965|0.0456659|0.0250492|0.0398759|0.0321584|0.0122678|0.0157882|0.0291341|0.037673|0.031308|0.0269719|0.0360108|0.02637|0.0296728|0.00251899|0.0169153|0.0201069|0.02493,0.956543|0.950579|0.942854|0.90843|0.944854|0.98262|0.961734|0.919896|0.906883|0.927105|0.903|0.98666|0.945731|0.960947|0.982934|0.956179|0.913586|0.977494|0.90484|0.903218,6.22817|4.0358|2.52817|2.55635|5.13861|4.38836|1.69941|3.69339|5.93639|4.64436|0.905766|0.948718|3.59128|4.96524|4.26661|2.12743|1.21281|2.40861|5.80128|4.29151,30.2686|65.1286|34.0839|86.2435|70.8805|93.5115|21.0603|26.2497|49.6282|76.7594|51.9585|83.9106|10.4739|81.7362|37.2729|32.9383|55.4093|99.595|65.9961,0.17251|0.16646|0.20313|0.224682|0.174184|0.185807|0.215803|0.178241|0.231597|0.213966|0.246371|0.206647|0.199542|0.174783|0.191968|0.242724|0.191098|0.247422|0.163358,0.827051|0.529375|0.123831|0.142627|0.193159|0.879648|0.808108|0.716723|0.630662|0.164408|0.635286|0.189939|0.200911|0.219292|0.389873|0.369932|0.821716|0.597712|0.823601,0.851523,0.837898,0.0185889,0.555256,0.596445,0.529227,0.225922,0.539254,0.241732,0.844508,60.029,1.54756e-12,39681,0.96775,71.3706,7.91337e-10,47522,0.907488,0.897423,0.0160931,0.236702,0.527636,0.456737,0.279439,0.462384,0.0593942,0.937758,18.7241,3.99128e-10,75313,0.812352,72.2662,3.36135e-11,78161
2,176,n1->n11->n21->n22->n12->n2->n3->n4->n14->n15->n5->n6->n16->n17->n7->n8->n9->n19->n20->n10,5.4999e+12|5.65563e+13|2.41937e+09|6.89136e+12|2.05589e+11|1.38353e+13|1.53335e+11|1.75942e+09|3.69121e+13|6.17253e+13|1.32985e+12|2.83166e+09|4.99557e+10|5.2065e+11|1.70314e+11|7.36068e+10|7.28667e+12|1.60792e+09|5.32138e+11|2.62018e+13,6.48959e+11|3.81621e+13|3.78731e+08|5.3881e+12|5.40463e+10|7.23336e+12|8.74502e+10|4.4632e+08|2.94889e+13|2.37721e+13|4.5847e+11|1.10743e+09|8.87997e+09|1.64371e+11|1.24554e+11|6.47234e+10|4.6263e+12|2.02403e+08|2.21789e+11|8.71912e+12,0.00015285|3.58423e-05|1.01809e-05|0.000201899|1.73339e-05|0.000148714|0.000989315|0.00014654|0.000455172|0.000365537|0.000163077|2.77636e-05|0.000113525|0.000193857|0.000279667|0.000102402|1.66587e-05|0.00020417|0.000247429|0.000127206,0.003252|0.000127835|0.000777165|0.000177346|0.000156137|0.000441496|0.000209305|0.00148041|0.00183051|0.000568282|0.000159363|0.00293787|0.000563062|0.00794335|0.00109524|0.000294904|0.00164938|0.00979739|0.00522315|0.000265144,0.0179602|0.0470176|0.016718|0.0147695|0.0116366|0.0348637|0.0101203|0.0328667|0.0310073|0.000619861|0.0136578|0.041372|0.0484966|0.0142611|0.0184116|0.00528751|0.0479548|0.000790162|0.00611448|0.0409725,0.000546736|0.0468531|0.00829965|0.0456659|0.041832|0.0478486|0.0269719|0.0360108|0.0319606|0.0254867|0.02637|0.0296728|0.00864637|0.0346386|0.00251899|0.0169153|0.0201069|0.0278792|0.0463091|0.02493,0.956543|0.950579|0.942854|0.90843|0.913854|0.955815|0.945731|0.960947|0.965597|0.948183|0.982934|0.956179|0.930368|0.902379|0.913586|0.977494|0.90484|0.971346|0.902472|0.903218,6.22817|4.0358|2.52817|2.55635|1.42439|4.1742|3.59128|4.96524|0.103561|2.74568|4.26661|2.12743|1.84701|1.64864|1.21281|2.40861|5.80128|5.19478|5.254|4.29151,30.2686|65.1286|34.0839|13.2112|88.6198|37.015|10.4739|52.1141|92.5451|35.0583|37.2729|50.0569|32.2763|59.8148|55.4093|99.595|99.0064|10.3361|29.3778,0.17251|0.16646|0.20313|0.17699|0.218328|0.220946|0.199542|0.24587|0.217749|0.240843|0.191968|0.170335|0.219818|0.239148|0.191098|0.247422|0.169129|0.212112|0.210878,0.827051|0.529375|0.123831|0.78707|0.53516|0.275354|0.200911|0.356378|0.738934|0.606669|0.389873|0.600597|0.130249|0.525316|0.821716|0.597712|0.377874|0.542409|0.138678,0.851523,0.837898,0.0185889,0.555256,0.596445,0.529227,0.225922,0.539254,0.241732,0.844508,60.029,1.54756e-12,39681,0.96775,71.3706,7.91337e-10,47522,0.907488,0.897423,0.0160931,0.236702,0.527636,0.456737,0.279439,0.462384,0.0593942,0.937758,18.7241,3.99128e-10,75313,0.812352,72.2662,3.36135e-11,78161
2,177,n1->n11->n12->n13->n14->n15->n25->n35->n34->n44->n45->n46->n36->n26->n27->n17->n7->n8->n9->n10,5.4999e+12|5.65563e+13|2.05589e+11|5.5344e+11|3.69121e+13|6.17253e+13|2.26824e+10|2.36731e+13|1.56288e+10|1.68394e+11|5.89458e+12|1.54508e+12|8.69601e+10|1.38574e+10|2.58309e+09|5.2065e+11|1.70314e+11|7.36068e+10|7.28667e+12|2.62018e+13,6.48959e+11|3.81621e+13|5.40463e+10|9.08242e+10|2.94889e+13|2.37721e+13|7.07863e+09|3.46833e+12|7.33382e+09|7.97392e+10|1.33407e+12|3.47025e+11|5.64439e+10|1.18442e+10|8.1041e+08|1.64371e+11|1.24554e+11|6.47234e+10|4.6263e+12|8.71912e+12,0.00015285|3.58423e-05|1.73339e-05|2.12038e-05|0.000455172|0.000365537|2.48293e-05|0.000435829|3.23779e-05|0.000481105|0.000198241|2.71186e-05|0.000262492|0.000138812|0.00059638|0.000193857|0.000279667|0.000102402|1.66587e-05|0.000127206,0.003252|0.000127835|0.000156137|0.00133854|0.00183051|0.000568282|0.00526954|0.000115957|0.00105266|0.00959402|0.00106683|0.00241975|0.000864591|0.000699826|0.00182097|0.00794335|0.00109524|0.000294904|0.00164938|0.000265144,0.0179602|0.0470176|0.0116366|0.0184047|0.0310073|0.000619861|0.0411534|0.0196651|0.0474323|0.00808912|0.0129871|0.0343425|0.0446242|0.0280187|0.0260488|0.0142611|0.0184116|0.00528751|0.0479548|0.0409725,0.000546736|0.0468531|0.041832|0.031308|0.0319606|0.0254867|0.0451075|0.0435367|0.0190654|0.0399756|0.00676107|0.0269584|0.0114974|0.0171301|0.0214296|0.0346386|0.00251899|0.0169153|0.0201069|0.02493,0.956543|0.950579|0.913854|0.98666|0.965597|0.948183|0.98336|0.965431|0.983195|0.984305|0.91111|0.988821|0.916187|0.927413|0.944118|0.902379|0.913586|0.977494|0.90484|0.903218,6.22817|4.0358|1.42439|0.948718|0.103561|2.74568|6.02932|3.34731|6.20116|0.307093|0.649197|2.42163|4.03886|1.51622|1.31493|1.64864|1.21281|2.40861|5.80128|4.29151,30.2686|24.4191|13.9548|56.34|92.5451|54.7186|88.4205|31.5608|46.2248|89.5651|61.2725|70.4589|63.8366|42.5138|72.2829|59.8148|55.4093|99.595|65.9961,0.17251|0.167139|0.190483|0.245639|0.217749|0.189144|0.226371|0.229646|0.162958|0.209408|0.172446|0.221015|0.161122|0.1677|0.216563|0.239148|0.191098|0.247422|0.163358,0.827051|0.726505|0.305271|0.226162|0.738934|0.194732|0.191607|0.453439|0.204489|0.950077|0.72877|0.700266|0.490632|0.380101|0.478949|0.525316|0.821716|0.597712|0.823601,0.851523,0.837898,0.0185889,0.555256,0.596445,0.529227,0.225922,0.539254,0.241732,0.844508,60.029,1.54756e-12,39681,0.96775,71.3706,7.91337e-10,47522,0.907488,0.897423,0.0160931,0.236702,0.527636,0.456737,0.279439,0.462384,0.0593942,0.937758,18.7241,3.99128e-10,75313,0.812352,72.2662,3.36135e-11,78161
2,178,n1->n11->n12->n2->n3->n4->n14->n13->n23->n33->n34->n24->n25->n15->n5->n6->n7->n8->n9->n10,5.4999e+12|5.65563e+13|2.05589e+11|1.38353e+13|1.53335e+11|1.75942e+09|3.69121e+13|5.5344e+11|5.1585e+13|5.3486e+12|1.56288e+10|1.17759e+12|2.26824e+10|6.17253e+13|1.32985e+12|2.83166e+09|1.70314e+11|7.36068e+10|7.28667e+12|2.62018e+13,6.48959e+11|3.81621e+13|5.40463e+10|7.23336e+12|8.74502e+10|4.4632e+08|2.94889e+13|9.08242e+10|4.60456e+13|1.17387e+12|7.33382e+09|2.01162e+11|7.07863e+09|2.37721e+13|4.5847e+11|1.10743e+09|1.24554e+11|6.47234e+10|4.6263e+12|8.71912e+12,0.00015285|3.58423e-05|1.73339e-05|0.000148714|0.000989315|0.00014654|0.000455172|2.12038e-05|6.64364e-05|0.000399167|3.23779e-05|0.000214835|2.48293e-05|0.000365537|0.000163077|2.77636e-05|0.000279667|0.000102402|1.66587e-05|0.000127206,0.003252|0.000127835|0.000156137|0.000441496|0.000209305|0.00148041|0.00183051|0.00133854|0.00216169|0.00509684|0.00105266|0.000504018|0.00526954|0.000568282|0.000159363|0.00293787|0.00109524|0.000294904|0.00164938|0.000265144,0.0179602|0.0470176|0.0116366|0.0348637|0.0101203|0.0328667|0.0310073|0.0184047|0.0228373|0.00767461|0.0474323|0.0443323|0.0411534|0.000619861|0.0136578|0.041372|0.0184116|0.00528751|0.0479548|0.0409725,0.000546736|0.0468531|0.041832|0.0478486|0.0269719|0.0360108|0.0319606|0.031308|0.037673|0.0291341|0.0190654|0.040963|0.0451075|0.0254867|0.02637|0.0296728|0.00251899|0.0169153|0.0201069|0.02493,0.956543|0.950579|0.913854|0.955815|0.945731|0.960947|0.965597|0.98666|0.903|0.927105|0.983195|0.94682|0.98336|0.948183|0.982934|0.956179|0.913586|0.977494|0.90484|0.903218,6.22817|4.0358|1.42439|4.1742|3.59128|4.96524|0.103561|0.948718|0.905766|4.64436|6.20116|4.85624|6.02932|2.74568|4.26661|2.12743|1.21281|2.40861|5.80128|4.29151,30.2686|24.4191|88.6198|37.015|10.4739|52.1141|56.34|51.9585|76.7594|23.5709|58.7029|18.2346|54.7186|35.0583|37.2729|32.9383|55.4093|99.595|65.9961,0.17251|0.167139|0.218328|0.220946|0.199542|0.24587|0.245639|0.246371|0.213966|0.20527|0.209145|0.244005|0.189144|0.240843|0.191968|0.242724|0.191098|0.247422|0.163358,0.827051|0.726505|0.53516|0.275354|0.200911|0.356378|0.226162|0.635286|0.164408|0.704699|0.654975|0.943216|0.194732|0.606669|0.389873|0.369932|0.821716|0.597712|0.823601,0.851523,0.837898,0.0185889,0.555256,0.596445,0.529227,0.225922,0.539254,0.241732,0.844508,60.029,1.54756e-12,39681,0.96775,71.3706,7.91337e-10,47522,0.907488,0.897423,0.0160931,0.236702,0.527636,0.456737,0.279439,0.462384,0.0593942,0.937758,18.7241,3.99128e-10,75313,0.812352,72.2662,3.36135e-11,78161
2,179,n1->n11->n21->n31->n41->n42->n43->n44->n54->n55->n56->n57->n47->n37->n38->n39->n29->n19->n9->n10,5.4999e+12|5.65563e+13|2.41937e+09|9.34158e+10|7.49703e+09|1.33809e+10|2.34836e+12|1.68394e+11|1.45467e+10|6.16852e+12|3.87803e+10|1.28024e+12|1.51118e+13|7.24389e+13|1.15002e+09|8.3858e+12|4.43662e+12|1.60792e+09|7.28667e+12|2.62018e+13,6.48959e+11|3.81621e+13|3.78731e+08|1.64589e+10|4.36216e+09|7.0876e+09|7.8679e+11|7.97392e+10|1.68645e+09|5.36693e+12|4.93017e+09|3.67305e+11|1.79661e+12|1.28005e+13|4.14181e+08|1.1487e+12|2.79127e+12|2.02403e+08|4.6263e+12|8.71912e+12,0.00015285|3.58423e-05|1.01809e-05|9.62101e-05|5.26175e-05|0.000472897|0.000202104|0.000481105|0.000342779|0.000209767|6.75622e-05|1.0978e-05|0.00030176|3.15748e-05|0.000105823|6.12229e-05|0.000213383|0.00020417|1.66587e-05|0.000127206,0.003252|0.000127835|0.000777165|0.00408916|0.00367725|0.000145068|0.00689|0.00959402|0.00056616|0.000730066|0.000176894|0.00031557|0.00948189|0.000190107|0.00411998|0.00610675|0.00492817|0.00979739|0.00164938|0.000265144,0.0179602|0.0470176|0.016718|0.0447582|0.0103136|0.0441039|0.0050261|0.00808912|0.0190118|0.0373895|0.0205221|0.00592426|0.0423299|0.0430282|0.0177641|0.000135364|0.0496549|0.000790162|0.0479548|0.0409725,0.000546736|0.0468531|0.00829965|0.00350572|0.00933311|0.0398759|0.0157882|0.0399756|0.0215659|0.0228949|0.0278467|0.0108397|0.0289832|0.0113199|0.0205171|0.014938|0.0210081|0.0278792|0.0201069|0.02493,0.956543|0.950579|0.942854|0.954608|0.947217|0.98262|0.906883|0.984305|0.977429|0.939371|0.988418|0.926084|0.959543|0.947802|0.915954|0.952729|0.977322|0.971346|0.90484|0.903218,6.22817|4.0358|2.52817|2.93597|0.206943|4.38836|5.93639|0.307093|2.01588|3.30045|0.227592|2.52148|2.21978|6.22584|4.65468|2.09917|4.67833|5.19478|5.80128|4.29151,30.2686|65.1286|89.2299|64.4551|61.2747|27.3217|59.7094|67.7415|57.1366|40.979|71.5316|88.8597|88.6669|37.0378|69.5993|44.1502|84.7043|99.0064|65.9961,0.17251|0.16646|0.244826|0.18631|0.205652|0.200943|0.243015|0.199534|0.173877|0.243186|0.248615|0.166194|0.212663|0.188626|0.188323|0.162358|0.203828|0.169129|0.163358,0.827051|0.529375|0.387257|0.568694|0.481903|0.958841|0.601149|0.341662|0.575796|0.839452|0.323112|0.85098|0.636789|0.411593|0.397286|0.318407|0.969667|0.377874|0.823601,0.851523,0.837898,0.0185889,0.555256,0.596445,0.529227,0.225922,0.539254,0.241732,0.844508,60.029,1.54756e-12,39681,0.96775,71.3706,7.91337e-10,47522,0.907488,0.897423,0.0160931,0.236702,0.527636,0.456737,0.279439,0.462384,0.0593942,0.937758,18.7241,3.99128e-10,75313,0.812352,72.2662,3.36135e-11,78161
2,180,n1->n2->n3->n4->n5->n15->n16->n26->n27->n37->n38->n39->n49->n50->n40->n30->n20->n19->n9->n10,5.4999e+12|1.38353e+13|1.53335e+11|1.75942e+09|1.32985e+12|6.17253e+13|4.99557e+10|1.38574e+10|2.58309e+09|7.24389e+13|1.15002e+09|8.3858e+12|4.40453e+10|1.38504e+09|2.29206e+10|1.83802e+11|5.32138e+11|1.60792e+09|7.28667e+12|2.62018e+13,6.48959e+11|7.23336e+12|8.74502e+10|4.4632e+08|4.5847e+11|2.37721e+13|8.87997e+09|1.18442e+10|8.1041e+08|1.28005e+13|4.14181e+08|1.1487e+12|2.37099e+10|5.01344e+08|6.61094e+09|1.55346e+11|2.21789e+11|2.02403e+08|4.6263e+12|8.71912e+12,0.00015285|0.000148714|0.000989315|0.00014654|0.000163077|0.000365537|0.000113525|0.000138812|0.00059638|3.15748e-05|0.000105823|6.12229e-05|2.3314e-05|3.6734e-05|2.30699e-05|6.14967e-05|0.000247429|0.00020417|1.66587e-05|0.000127206,0.003252|0.000441496|0.000209305|0.00148041|0.000159363|0.000568282|0.000563062|0.000699826|0.00182097|0.000190107|0.00411998|0.00610675|0.000214539|0.00156118|0.00114617|0.00135186|0.00522315|0.00979739|0.00164938|0.000265144,0.0179602|0.0348637|0.0101203|0.0328667|0.0136578|0.000619861|0.0484966|0.0280187|0.0260488|0.0430282|0.0177641|0.000135364|0.00224821|0.0217302|0.0353348|0.00529712|0.00611448|0.000790162|0.0479548|0.0409725,0.000546736|0.0478486|0.0269719|0.0360108|0.02637|0.0254867|0.00864637|0.0171301|0.0214296|0.0113199|0.0205171|0.014938|0.043662|0.0461656|0.0287647|0.0112888|0.0463091|0.0278792|0.0201069|0.02493,0.956543|0.955815|0.945731|0.960947|0.982934|0.948183|0.930368|0.927413|0.944118|0.947802|0.915954|0.952729|0.965883|0.927342|0.908845|0.979866|0.902472|0.971346|0.90484|0.903218,6.22817|4.1742|3.59128|4.96524|4.26661|2.74568|1.84701|1.51622|1.31493|6.22584|4.65468|2.09917|0.250991|4.2672|5.30558|2.49161|5.254|5.19478|5.80128|4.29151,79.8117|37.015|10.4739|81.7362|35.0583|56.2706|11.0615|42.5138|44.8869|37.0378|69.5993|95.0453|38.9947|91.3525|98.0873|23.9015|10.3361|99.0064|65.9961,0.228393|0.220946|0.199542|0.174783|0.240843|0.203512|0.184807|0.1677|0.214388|0.188626|0.188323|0.240344|0.206431|0.236965|0.193002|0.228066|0.212112|0.169129|0.163358,0.725997|0.275354|0.200911|0.219292|0.606669|0.580023|0.184807|0.380101|0.862187|0.411593|0.397286|0.132675|0.32654|0.24686|0.416215|0.547282|0.542409|0.377874|0.823601,0.851523,0.837898,0.0185889,0.555256,0.596445,0.529227,0.225922,0.539254,0.241732,0.844508,60.029,1.54756e-12,39681,0.96775,71.3706,7.91337e-10,47522,0.907488,0.897423,0.0160931,0.236702,0.527636,0.456737,0.279439,0.462384,0.0593942,0.937758,18.7241,3.99128e-10,75313,0.812352,72.2662,3.36135e-11,78161
2,181,n1->n11->n12->n22->n32->n33->n23->n13->n14->n4->n5->n6->n16->n26->n27->n28->n29->n19->n20->n10,5.4999e+12|5.65563e+13|2.05589e+11|6.89136e+12|1.17872e+12|5.3486e+12|5.1585e+13|5.5344e+11|3.69121e+13|1.75942e+09|1.32985e+12|2.83166e+09|4.99557e+10|1.38574e+10|2.58309e+09|1.30221e+13|4.43662e+12|1.60792e+09|5.32138e+11|2.62018e+13,6.48959e+11|3.81621e+13|5.40463e+10|5.3881e+12|3.3013e+11|1.17387e+12|4.60456e+13|9.08242e+10|2.94889e+13|4.4632e+08|4.5847e+11|1.10743e+09|8.87997e+09|1.18442e+10|8.1041e+08|2.05619e+12|2.79127e+12|2.02403e+08|2.21789e+11|8.71912e+12,0.00015285|3.58423e-05|1.73339e-05|0.000201899|6.27032e-05|0.000399167|6.64364e-05|2.12038e-05|0.000455172|0.00014654|0.000163077|2.77636e-05|0.000113525|0.000138812|0.00059638|0.000271172|0.000213383|0.00020417|0.000247429|0.000127206,0.003252|0.000127835|0.000156137|0.000177346|0.00087854|0.00509684|0.00216169|0.00133854|0.00183051|0.00148041|0.000159363|0.00293787|0.000563062|0.000699826|0.00182097|0.00331108|0.00492817|0.00979739|0.00522315|0.000265144,0.0179602|0.0470176|0.0116366|0.0147695|0.0291|0.00767461|0.0228373|0.0184047|0.0310073|0.0328667|0.0136578|0.041372|0.0484966|0.0280187|0.0260488|0.0287435|0.0496549|0.000790162|0.00611448|0.0409725,0.000546736|0.0468531|0.041832|0.0456659|0.0250492|0.0291341|0.037673|0.031308|0.0319606|0.0360108|0.02637|0.0296728|0.00864637|0.0171301|0.0214296|0.0431463|0.0210081|0.0278792|0.0463091|0.02493,0.956543|0.950579|0.913854|0.90843|0.944854|0.927105|0.903|0.98666|0.965597|0.960947|0.982934|0.956179|0.930368|0.927413|0.944118|0.92765|0.977322|0.971346|0.902472|0.903218,6.22817|4.0358|1.42439|2.55635|5.13861|4.64436|0.905766|0.948718|0.103561|4.96524|4.26661|2.12743|1.84701|1.51622|1.31493|5.53936|4.67833|5.19478|5.254|4.29151,30.2686|24.4191|13.2112|86.2435|67.4197|76.7594|51.9585|56.34|52.1141|81.7362|37.2729|50.0569|11.0615|42.5138|15.3326|39.0733|84.7043|10.3361|29.3778,0.17251|0.167139|0.17699|0.224682|0.190613|0.213966|0.246371|0.245639|0.24587|0.174783|0.191968|0.170335|0.184807|0.1677|0.223691|0.196585|0.203828|0.212112|0.210878,0.827051|0.726505|0.78707|0.142627|0.839596|0.164408|0.635286|0.226162|0.356378|0.219292|0.389873|0.600597|0.184807|0.380101|0.821214|0.863895|0.969667|0.542409|0.138678,0.851523,0.837898,0.0185889,0.555256,0.596445,0.529227,0.225922,0.539254,0.241732,0.844508,60.029,1.54756e-12,39681,0.96775,71.3706,7.91337e-10,47522,0.907488,0.897423,0.0160931,0.236702,0.527636,0.456737,0.279439,0.462384,0.0593942,0.937758,18.7241,3.99128e-10,75313,0.812352,72.2662,3.36135e-11,78161
2,182,n1->n2->n3->n4->n14->n15->n25->n24->n23->n33->n34->n35->n36->n37->n38->n28->n18->n8->n9->n10,5.4999e+12|1.38353e+13|1.53335e+11|1.75942e+09|3.69121e+13|6.17253e+13|2.26824e+10|1.17759e+12|5.1585e+13|5.3486e+12|1.56288e+10|2.36731e+13|8.69601e+10|7.24389e+13|1.15002e+09|1.30221e+13|2.08257e+11|7.36068e+10|7.28667e+12|2.62018e+13,6.48959e+11|7.23336e+12|8.74502e+10|4.4632e+08|2.94889e+13|2.37721e+13|7.07863e+09|2.01162e+11|4.60456e+13|1.17387e+12|7.33382e+09|3.46833e+12|5.64439e+10|1.28005e+13|4.14181e+08|2.05619e+12|2.23663e+10|6.47234e+10|4.6263e+12|8.71912e+12,0.00015285|0.000148714|0.000989315|0.00014654|0.000455172|0.000365537|2.48293e-05|0.000214835|6.64364e-05|0.000399167|3.23779e-05|0.000435829|0.000262492|3.15748e-05|0.000105823|0.000271172|0.000171925|0.000102402|1.66587e-05|0.000127206,0.003252|0.000441496|0.000209305|0.00148041|0.00183051|0.000568282|0.00526954|0.000504018|0.00216169|0.00509684|0.00105266|0.000115957|0.000864591|0.000190107|0.00411998|0.00331108|0.00227311|0.000294904|0.00164938|0.000265144,0.0179602|0.0348637|0.0101203|0.0328667|0.0310073|0.000619861|0.0411534|0.0443323|0.0228373|0.00767461|0.0474323|0.0196651|0.0446242|0.0430282|0.0177641|0.0287435|0.0373366|0.00528751|0.0479548|0.0409725,0.000546736|0.0478486|0.0269719|0.0360108|0.0319606|0.0254867|0.0451075|0.040963|0.037673|0.0291341|0.0190654|0.0435367|0.0114974|0.0113199|0.0205171|0.0431463|0.0258287|0.0169153|0.0201069|0.02493,0.956543|0.955815|0.945731|0.960947|0.965597|0.948183|0.98336|0.94682|0.903|0.927105|0.983195|0.965431|0.916187|0.947802|0.915954|0.92765|0.957375|0.977494|0.90484|0.903218,6.22817|4.1742|3.59128|4.96524|0.103561|2.74568|6.02932|4.85624|0.905766|4.64436|6.20116|3.34731|4.03886|6.22584|4.65468|5.53936|2.48855|2.40861|5.80128|4.29151,79.8117|37.015|10.4739|52.1141|92.5451|54.7186|18.2346|67.5745|76.7594|23.5709|31.5608|18.7034|29.3504|37.0378|23.518|43.2583|81.3396|99.595|65.9961,0.228393|0.220946|0.199542|0.24587|0.217749|0.189144|0.244005|0.16557|0.213966|0.20527|0.229646|0.163485|0.210454|0.188626|0.205583|0.191747|0.184383|0.247422|0.163358,0.725997|0.275354|0.200911|0.356378|0.738934|0.194732|0.943216|0.122951|0.164408|0.704699|0.453439|0.396049|0.532548|0.411593|0.300733|0.748413|0.540078|0.597712|0.823601,0.851523,0.837898,0.0185889,0.555256,0.596445,0.529227,0.225922,0.539254,0.241732,0.844508,60.029,1.54756e-12,39681,0.96775,71.3706,7.91337e-10,47522,0.907488,0.897423,0.0160931,0.236702,0.527636,0.456737,0.279439,0.462384,0.0593942,0.937758,18.7241,3.99128e-10,75313,0.812352,72.2662,3.36135e-11,78161
2,183,n1->n11->n12->n22->n21->n31->n32->n42->n43->n33->n23->n24->n14->n15->n5->n6->n7->n8->n9->n10,5.4999e+12|5.65563e+13|2.05589e+11|6.89136e+12|2.41937e+09|9.34158e+10|1.17872e+12|1.33809e+10|2.34836e+12|5.3486e+12|5.1585e+13|1.17759e+12|3.69121e+13|6.17253e+13|1.32985e+12|2.83166e+09|1.70314e+11|7.36068e+10|7.28667e+12|2.62018e+13,6.48959e+11|3.81621e+13|5.40463e+10|5.3881e+12|3.78731e+08|1.64589e+10|3.3013e+11|7.0876e+09|7.8679e+11|1.17387e+12|4.60456e+13|2.01162e+11|2.94889e+13|2.37721e+13|4.5847e+11|1.10743e+09|1.24554e+11|6.47234e+10|4.6263e+12|8.71912e+12,0.00015285|3.58423e-05|1.73339e-05|0.000201899|1.01809e-05|9.62101e-05|6.27032e-05|0.000472897|0.000202104|0.000399167|6.64364e-05|0.000214835|0.000455172|0.000365537|0.000163077|2.77636e-05|0.000279667|0.000102402|1.66587e-05|0.000127206,0.003252|0.000127835|0.000156137|0.000177346|0.000777165|0.00408916|0.00087854|0.000145068|0.00689|0.00509684|0.00216169|0.000504018|0.00183051|0.000568282|0.000159363|0.00293787|0.00109524|0.000294904|0.00164938|0.000265144,0.0179602|0.0470176|0.0116366|0.0147695|0.016718|0.0447582|0.0291|0.0441039|0.0050261|0.00767461|0.0228373|0.0443323|0.0310073|0.000619861|0.0136578|0.041372|0.0184116|0.00528751|0.0479548|0.0409725,0.000546736|0.0468531|0.041832|0.0456659|0.00829965|0.00350572|0.0250492|0.0398759|0.0157882|0.0291341|0.037673|0.040963|0.0319606|0.0254867|0.02637|0.0296728|0.00251899|0.0169153|0.0201069|0.02493,0.956543|0.950579|0.913854|0.90843|0.942854|0.954608|0.944854|0.98262|0.906883|0.927105|0.903|0.94682|0.965597|0.948183|0.982934|0.956179|0.913586|0.977494|0.90484|0.903218,6.22817|4.0358|1.42439|2.55635|2.52817|2.93597|5.13861|4.38836|5.93639|4.64436|0.905766|4.85624|0.103561|2.74568|4.26661|2.12743|1.21281|2.40861|5.80128|4.29151,30.2686|24.4191|13.2112|34.0839|89.2299|63.0993|70.8805|27.3217|49.6282|76.7594|67.5745|66.6304|92.5451|35.0583|37.2729|32.9383|55.4093|99.595|65.9961,0.17251|0.167139|0.17699|0.20313|0.244826|0.20722|0.174184|0.200943|0.231597|0.213966|0.16557|0.223371|0.217749|0.240843|0.191968|0.242724|0.191098|0.247422|0.163358,0.827051|0.726505|0.78707|0.123831|0.387257|0.894814|0.193159|0.958841|0.630662|0.164408|0.122951|0.83783|0.738934|0.606669|0.389873|0.369932|0.821716|0.597712|0.823601,0.851523,0.837898,0.0185889,0.555256,0.596445,0.529227,0.225922,0.539254,0.241732,0.844508,60.029,1.54756e-12,39681,0.96775,71.3706,7.91337e-10,47522,0.907488,0.897423,0.0160931,0.236702,0.527636,0.456737,0.279439,0.462384,0.0593942,0.937758,18.7241,3.99128e-10,75313,0.812352,72.2662,3.36135e-11,78161
2,184,n1->n2->n3->n4->n5->n15->n14->n13->n23->n24->n25->n35->n36->n37->n27->n17->n7->n8->n9->n10,5.4999e+12|1.38353e+13|1.53335e+11|1.75942e+09|1.32985e+12|6.17253e+13|3.69121e+13|5.5344e+11|5.1585e+13|1.17759e+12|2.26824e+10|2.36731e+13|8.69601e+10|7.24389e+13|2.58309e+09|5.2065e+11|1.70314e+11|7.36068e+10|7.28667e+12|2.62018e+13,6.48959e+11|7.23336e+12|8.74502e+10|4.4632e+08|4.5847e+11|2.37721e+13|2.94889e+13|9.08242e+10|4.60456e+13|2.01162e+11|7.07863e+09|3.46833e+12|5.64439e+10|1.28005e+13|8.1041e+08|1.64371e+11|1.24554e+11|6.47234e+10|4.6263e+12|8.71912e+12,0.00015285|0.000148714|0.000989315|0.00014654|0.000163077|0.000365537|0.000455172|2.12038e-05|6.64364e-05|0.000214835|2.48293e-05|0.000435829|0.000262492|3.15748e-05|0.00059638|0.000193857|0.000279667|0.000102402|1.66587e-05|0.000127206,0.003252|0.000441496|0.000209305|0.00148041|0.000159363|0.000568282|0.00183051|0.00133854|0.00216169|0.000504018|0.00526954|0.000115957|0.000864591|0.000190107|0.00182097|0.00794335|0.00109524|0.000294904|0.00164938|0.000265144,0.0179602|0.0348637|0.0101203|0.0328667|0.0136578|0.000619861|0.0310073|0.0184047|0.0228373|0.0443323|0.0411534|0.0196651|0.0446242|0.0430282|0.0260488|0.0142611|0.0184116|0.00528751|0.0479548|0.0409725,0.000546736|0.0478486|0.0269719|0.0360108|0.02637|0.0254867|0.0319606|0.031308|0.037673|0.040963|0.0451075|0.0435367|0.0114974|0.0113199|0.0214296|0.0346386|0.00251899|0.0169153|0.0201069|0.02493,0.956543|0.955815|0.945731|0.960947|0.982934|0.948183|0.965597|0.98666|0.903|0.94682|0.98336|0.965431|0.916187|0.947802|0.944118|0.902379|0.913586|0.977494|0.90484|0.903218,6.22817|4.1742|3.59128|4.96524|4.26661|2.74568|0.103561|0.948718|0.905766|4.85624|6.02932|3.34731|4.03886|6.22584|1.31493|1.64864|1.21281|2.40861|5.80128|4.29151,79.8117|37.015|10.4739|81.7362|35.0583|92.5451|56.34|51.9585|67.5745|18.2346|88.4205|18.7034|29.3504|44.8869|72.2829|59.8148|55.4093|99.595|65.9961,0.228393|0.220946|0.199542|0.174783|0.240843|0.217749|0.245639|0.246371|0.16557|0.244005|0.226371|0.163485|0.210454|0.214388|0.216563|0.239148|0.191098|0.247422|0.163358,0.725997|0.275354|0.200911|0.219292|0.606669|0.738934|0.226162|0.635286|0.122951|0.943216|0.191607|0.396049|0.532548|0.862187|0.478949|0.525316|0.821716|0.597712|0.823601,0.851523,0.837898,0.0185889,0.555256,0.596445,0.529227,0.225922,0.539254,0.241732,0.844508,60.029,1.54756e-12,39681,0.96775,71.3706,7.91337e-10,47522,0.907488,0.897423,0.0160931,0.236702,0.527636,0.456737,0.279439,0.462384,0.0593942,0.937758,18.7241,3.99128e-10,75313,0.812352,72.2662,3.36135e-11,78161
2,185,n1->n11->n12->n22->n21->n31->n32->n42->n43->n33->n23->n24->n25->n15->n16->n17->n18->n8->n9->n10,5.4999e+12|5.65563e+13|2.05589e+11|6.89136e+12|2.41937e+09|9.34158e+10|1.17872e+12|1.33809e+10|2.34836e+12|5.3486e+12|5.1585e+13|1.17759e+12|2.26824e+10|6.17253e+13|4.99557e+10|5.2065e+11|2.08257e+11|7.36068e+10|7.28667e+12|2.62018e+13,6.48959e+11|3.81621e+13|5.40463e+10|5.3881e+12|3.78731e+08|1.64589e+10|3.3013e+11|7.0876e+09|7.8679e+11|1.17387e+12|4.60456e+13|2.01162e+11|7.07863e+09|2.37721e+13|8.87997e+09|1.64371e+11|2.23663e+10|6.47234e+10|4.6263e+12|8.71912e+12,0.00015285|3.58423e-05|1.73339e-05|0.000201899|1.01809e-05|9.62101e-05|6.27032e-05|0.000472897|0.000202104|0.000399167|6.64364e-05|0.000214835|2.48293e-05|0.000365537|0.000113525|0.000193857|0.000171925|0.000102402|1.66587e-05|0.000127206,0.003252|0.000127835|0.000156137|0.000177346|0.000777165|0.00408916|0.00087854|0.000145068|0.00689|0.00509684|0.00216169|0.000504018|0.00526954|0.000568282|0.000563062|0.00794335|0.00227311|0.000294904|0.00164938|0.000265144,0.0179602|0.0470176|0.0116366|0.0147695|0.016718|0.0447582|0.0291|0.0441039|0.0050261|0.00767461|0.0228373|0.0443323|0.0411534|0.000619861|0.0484966|0.0142611|0.0373366|0.00528751|0.0479548|0.0409725,0.000546736|0.0468531|0.041832|0.0456659|0.00829965|0.00350572|0.0250492|0.0398759|0.0157882|0.0291341|0.037673|0.040963|0.0451075|0.0254867|0.00864637|0.0346386|0.0258287|0.0169153|0.0201069|0.02493,0.956543|0.950579|0.913854|0.90843|0.942854|0.954608|0.944854|0.98262|0.906883|0.927105|0.903|0.94682|0.98336|0.948183|0.930368|0.902379|0.957375|0.977494|0.90484|0.903218,6.22817|4.0358|1.42439|2.55635|2.52817|2.93597|5.13861|4.38836|5.93639|4.64436|0.905766|4.85624|6.02932|2.74568|1.84701|1.64864|2.48855|2.40861|5.80128|4.29151,30.2686|24.4191|13.2112|34.0839|89.2299|63.0993|70.8805|27.3217|49.6282|76.7594|67.5745|18.2346|54.7186|56.2706|32.2763|27.3162|81.3396|99.595|65.9961,0.17251|0.167139|0.17699|0.20313|0.244826|0.20722|0.174184|0.200943|0.231597|0.213966|0.16557|0.244005|0.189144|0.203512|0.219818|0.177165|0.184383|0.247422|0.163358,0.827051|0.726505|0.78707|0.123831|0.387257|0.894814|0.193159|0.958841|0.630662|0.164408|0.122951|0.943216|0.194732|0.580023|0.130249|0.674858|0.540078|0.597712|0.823601,0.851523,0.837898,0.0185889,0.555256,0.596445,0.529227,0.225922,0.539254,0.241732,0.844508,60.029,1.54756e-12,39681,0.96775,71.3706,7.91337e-10,47522,0.907488,0.897423,0.0160931,0.236702,0.527636,0.456737,0.279439,0.462384,0.0593942,0.937758,18.7241,3.99128e-10,75313,0.812352,72.2662,3.36135e-11,78161
2,186,n1->n11->n21->n31->n41->n51->n52->n42->n43->n33->n23->n13->n3->n4->n5->n6->n7->n8->n9->n10,5.4999e+12|5.65563e+13|2.41937e+09|9.34158e+10|7.49703e+09|1.86325e+09|1.28757e+10|1.33809e+10|2.34836e+12|5.3486e+12|5.1585e+13|5.5344e+11|1.53335e+11|1.75942e+09|1.32985e+12|2.83166e+09|1.70314e+11|7.36068e+10|7.28667e+12|2.62018e+13,6.48959e+11|3.81621e+13|3.78731e+08|1.64589e+10|4.36216e+09|1.68319e+09|3.63903e+09|7.0876e+09|7.8679e+11|1.17387e+12|4.60456e+13|9.08242e+10|8.74502e+10|4.4632e+08|4.5847e+11|1.10743e+09|1.24554e+11|6.47234e+10|4.6263e+12|8.71912e+12,0.00015285|3.58423e-05|1.01809e-05|9.62101e-05|5.26175e-05|0.000915198|8.42554e-05|0.000472897|0.000202104|0.000399167|6.64364e-05|2.12038e-05|0.000989315|0.00014654|0.000163077|2.77636e-05|0.000279667|0.000102402|1.66587e-05|0.000127206,0.003252|0.000127835|0.000777165|0.00408916|0.00367725|0.00300711|0.00449595|0.000145068|0.00689|0.00509684|0.00216169|0.00133854|0.000209305|0.00148041|0.000159363|0.00293787|0.00109524|0.000294904|0.00164938|0.000265144,0.0179602|0.0470176|0.016718|0.0447582|0.0103136|0.0232606|0.0341922|0.0441039|0.0050261|0.00767461|0.0228373|0.0184047|0.0101203|0.0328667|0.0136578|0.041372|0.0184116|0.00528751|0.0479548|0.0409725,0.000546736|0.0468531|0.00829965|0.00350572|0.00933311|0.0109997|0.0321584|0.0398759|0.0157882|0.0291341|0.037673|0.031308|0.0269719|0.0360108|0.02637|0.0296728|0.00251899|0.0169153|0.0201069|0.02493,0.956543|0.950579|0.942854|0.954608|0.947217|0.977189|0.961734|0.98262|0.906883|0.927105|0.903|0.98666|0.945731|0.960947|0.982934|0.956179|0.913586|0.977494|0.90484|0.903218,6.22817|4.0358|2.52817|2.93597|0.206943|4.62665|1.69941|4.38836|5.93639|4.64436|0.905766|0.948718|3.59128|4.96524|4.26661|2.12743|1.21281|2.40861|5.80128|4.29151,30.2686|65.1286|89.2299|64.4551|23.0914|43.4967|93.5115|27.3217|49.6282|76.7594|51.9585|83.9106|10.4739|81.7362|37.2729|32.9383|55.4093|99.595|65.9961,0.17251|0.16646|0.244826|0.18631|0.160912|0.206006|0.185807|0.200943|0.231597|0.213966|0.246371|0.206647|0.199542|0.174783|0.191968|0.242724|0.191098|0.247422|0.163358,0.827051|0.529375|0.387257|0.568694|0.923857|0.148944|0.879648|0.958841|0.630662|0.164408|0.635286|0.189939|0.200911|0.219292|0.389873|0.369932|0.821716|0.597712|0.823601,0.851523,0.837898,0.0185889,0.555256,0.596445,0.529227,0.225922,0.539254,0.241732,0.844508,60.029,1.54756e-12,39681,0.96775,71.3706,7.91337e-10,47522,0.907488,0.897423,0.0160931,0.236702,0.527636,0.456737,0.279439,0.462384,0.0593942,0.937758,18.7241,3.99128e-10,75313,0.812352,72.2662,3.36135e-11,78161
2,187,n1->n11->n12->n13->n3->n4->n14->n24->n25->n26->n27->n37->n47->n48->n38->n39->n40->n30->n20->n10,5.4999e+12|5.65563e+13|2.05589e+11|5.5344e+11|1.53335e+11|1.75942e+09|3.69121e+13|1.17759e+12|2.26824e+10|1.38574e+10|2.58309e+09|7.24389e+13|1.51118e+13|2.49704e+12|1.15002e+09|8.3858e+12|2.29206e+10|1.83802e+11|5.32138e+11|2.62018e+13,6.48959e+11|3.81621e+13|5.40463e+10|9.08242e+10|8.74502e+10|4.4632e+08|2.94889e+13|2.01162e+11|7.07863e+09|1.18442e+10|8.1041e+08|1.28005e+13|1.79661e+12|1.47171e+12|4.14181e+08|1.1487e+12|6.61094e+09|1.55346e+11|2.21789e+11|8.71912e+12,0.00015285|3.58423e-05|1.73339e-05|2.12038e-05|0.000989315|0.00014654|0.000455172|0.000214835|2.48293e-05|0.000138812|0.00059638|3.15748e-05|0.00030176|0.000991875|0.000105823|6.12229e-05|2.30699e-05|6.14967e-05|0.000247429|0.000127206,0.003252|0.000127835|0.000156137|0.00133854|0.000209305|0.00148041|0.00183051|0.000504018|0.00526954|0.000699826|0.00182097|0.000190107|0.00948189|0.000965886|0.00411998|0.00610675|0.00114617|0.00135186|0.00522315|0.000265144,0.0179602|0.0470176|0.0116366|0.0184047|0.0101203|0.0328667|0.0310073|0.0443323|0.0411534|0.0280187|0.0260488|0.0430282|0.0423299|0.0030652|0.0177641|0.000135364|0.0353348|0.00529712|0.00611448|0.0409725,0.000546736|0.0468531|0.041832|0.031308|0.0269719|0.0360108|0.0319606|0.040963|0.0451075|0.0171301|0.0214296|0.0113199|0.0289832|0.0297929|0.0205171|0.014938|0.0287647|0.0112888|0.0463091|0.02493,0.956543|0.950579|0.913854|0.98666|0.945731|0.960947|0.965597|0.94682|0.98336|0.927413|0.944118|0.947802|0.959543|0.911307|0.915954|0.952729|0.908845|0.979866|0.902472|0.903218,6.22817|4.0358|1.42439|0.948718|3.59128|4.96524|0.103561|4.85624|6.02932|1.51622|1.31493|6.22584|2.21978|1.5379|4.65468|2.09917|5.30558|2.49161|5.254|4.29151,30.2686|24.4191|13.9548|83.9106|10.4739|52.1141|66.6304|18.2346|55.6995|42.5138|44.8869|88.6669|13.4252|21.8454|69.5993|86.0567|98.0873|23.9015|29.3778,0.17251|0.167139|0.190483|0.206647|0.199542|0.24587|0.223371|0.244005|0.18627|0.1677|0.214388|0.212663|0.222276|0.222464|0.188323|0.172155|0.193002|0.228066|0.210878,0.827051|0.726505|0.305271|0.189939|0.200911|0.356378|0.83783|0.943216|0.157575|0.380101|0.862187|0.636789|0.683167|0.68267|0.397286|0.496938|0.416215|0.547282|0.138678,0.851523,0.837898,0.0185889,0.555256,0.596445,0.529227,0.225922,0.539254,0.241732,0.844508,60.029,1.54756e-12,39681,0.96775,71.3706,7.91337e-10,47522,0.907488,0.897423,0.0160931,0.236702,0.527636,0.456737,0.279439,0.462384,0.0593942,0.937758,18.7241,3.99128e-10,75313,0.812352,72.2662,3.36135e-11,78161
2,188,n1->n11->n21->n31->n41->n51->n52->n53->n54->n44->n45->n35->n36->n26->n27->n28->n18->n19->n20->n10,5.4999e+12|5.65563e+13|2.41937e+09|9.34158e+10|7.49703e+09|1.86325e+09|1.28757e+10|7.22032e+10|1.45467e+10|1.68394e+11|5.89458e+12|2.36731e+13|8.69601e+10|1.38574e+10|2.58309e+09|1.30221e+13|2.08257e+11|1.60792e+09|5.32138e+11|2.62018e+13,6.48959e+11|3.81621e+13|3.78731e+08|1.64589e+10|4.36216e+09|1.68319e+09|3.63903e+09|8.02082e+09|1.68645e+09|7.97392e+10|1.33407e+12|3.46833e+12|5.64439e+10|1.18442e+10|8.1041e+08|2.05619e+12|2.23663e+10|2.02403e+08|2.21789e+11|8.71912e+12,0.00015285|3.58423e-05|1.01809e-05|9.62101e-05|5.26175e-05|0.000915198|8.42554e-05|0.000374871|0.000342779|0.000481105|0.000198241|0.000435829|0.000262492|0.000138812|0.00059638|0.000271172|0.000171925|0.00020417|0.000247429|0.000127206,0.003252|0.000127835|0.000777165|0.00408916|0.00367725|0.00300711|0.00449595|0.000734508|0.00056616|0.00959402|0.00106683|0.000115957|0.000864591|0.000699826|0.00182097|0.00331108|0.00227311|0.00979739|0.00522315|0.000265144,0.0179602|0.0470176|0.016718|0.0447582|0.0103136|0.0232606|0.0341922|0.0219119|0.0190118|0.00808912|0.0129871|0.0196651|0.0446242|0.0280187|0.0260488|0.0287435|0.0373366|0.000790162|0.00611448|0.0409725,0.000546736|0.0468531|0.00829965|0.00350572|0.00933311|0.0109997|0.0321584|0.0122678|0.0215659|0.0399756|0.00676107|0.0435367|0.0114974|0.0171301|0.0214296|0.0431463|0.0258287|0.0278792|0.0463091|0.02493,0.956543|0.950579|0.942854|0.954608|0.947217|0.977189|0.961734|0.919896|0.977429|0.984305|0.91111|0.965431|0.916187|0.927413|0.944118|0.92765|0.957375|0.971346|0.902472|0.903218,6.22817|4.0358|2.52817|2.93597|0.206943|4.62665|1.69941|3.69339|2.01588|0.307093|0.649197|3.34731|4.03886|1.51622|1.31493|5.53936|2.48855|5.19478|5.254|4.29151,30.2686|65.1286|89.2299|64.4551|23.0914|43.4967|21.0603|69.1985|67.7415|89.5651|97.1045|18.7034|63.8366|42.5138|15.3326|43.2583|28.0546|10.3361|29.3778,0.17251|0.16646|0.244826|0.18631|0.160912|0.206006|0.215803|0.237469|0.199534|0.209408|0.204594|0.163485|0.161122|0.1677|0.223691|0.191747|0.168115|0.212112|0.210878,0.827051|0.529375|0.387257|0.568694|0.923857|0.148944|0.808108|0.408042|0.341662|0.950077|0.420686|0.396049|0.490632|0.380101|0.821214|0.748413|0.490037|0.542409|0.138678,0.851523,0.837898,0.0185889,0.555256,0.596445,0.529227,0.225922,0.539254,0.241732,0.844508,60.029,1.54756e-12,39681,0.96775,71.3706,7.91337e-10,47522,0.907488,0.897423,0.0160931,0.236702,0.527636,0.456737,0.279439,0.462384,0.0593942,0.937758,18.7241,3.99128e-10,75313,0.812352,72.2662,3.36135e-11,78161
2,189,n1->n2->n12->n11->n21->n31->n41->n42->n43->n33->n23->n24->n14->n15->n5->n6->n7->n8->n9->n10,5.4999e+12|1.38353e+13|2.05589e+11|5.65563e+13|2.41937e+09|9.34158e+10|7.49703e+09|1.33809e+10|2.34836e+12|5.3486e+12|5.1585e+13|1.17759e+12|3.69121e+13|6.17253e+13|1.32985e+12|2.83166e+09|1.70314e+11|7.36068e+10|7.28667e+12|2.62018e+13,6.48959e+11|7.23336e+12|5.40463e+10|3.81621e+13|3.78731e+08|1.64589e+10|4.36216e+09|7.0876e+09|7.8679e+11|1.17387e+12|4.60456e+13|2.01162e+11|2.94889e+13|2.37721e+13|4.5847e+11|1.10743e+09|1.24554e+11|6.47234e+10|4.6263e+12|8.71912e+12,0.00015285|0.000148714|1.73339e-05|3.58423e-05|1.01809e-05|9.62101e-05|5.26175e-05|0.000472897|0.000202104|0.000399167|6.64364e-05|0.000214835|0.000455172|0.000365537|0.000163077|2.77636e-05|0.000279667|0.000102402|1.66587e-05|0.000127206,0.003252|0.000441496|0.000156137|0.000127835|0.000777165|0.00408916|0.00367725|0.000145068|0.00689|0.00509684|0.00216169|0.000504018|0.00183051|0.000568282|0.000159363|0.00293787|0.00109524|0.000294904|0.00164938|0.000265144,0.0179602|0.0348637|0.0116366|0.0470176|0.016718|0.0447582|0.0103136|0.0441039|0.0050261|0.00767461|0.0228373|0.0443323|0.0310073|0.000619861|0.0136578|0.041372|0.0184116|0.00528751|0.0479548|0.0409725,0.000546736|0.0478486|0.041832|0.0468531|0.00829965|0.00350572|0.00933311|0.0398759|0.0157882|0.0291341|0.037673|0.040963|0.0319606|0.0254867|0.02637|0.0296728|0.00251899|0.0169153|0.0201069|0.02493,0.956543|0.955815|0.913854|0.950579|0.942854|0.954608|0.947217|0.98262|0.906883|0.927105|0.903|0.94682|0.965597|0.948183|0.982934|0.956179|0.913586|0.977494|0.90484|0.903218,6.22817|4.1742|1.42439|4.0358|2.52817|2.93597|0.206943|4.38836|5.93639|4.64436|0.905766|4.85624|0.103561|2.74568|4.26661|2.12743|1.21281|2.40861|5.80128|4.29151,79.8117|88.6198|24.4191|65.1286|89.2299|64.4551|61.2747|27.3217|49.6282|76.7594|67.5745|66.6304|92.5451|35.0583|37.2729|32.9383|55.4093|99.595|65.9961,0.228393|0.218328|0.167139|0.16646|0.244826|0.18631|0.205652|0.200943|0.231597|0.213966|0.16557|0.223371|0.217749|0.240843|0.191968|0.242724|0.191098|0.247422|0.163358,0.725997|0.53516|0.726505|0.529375|0.387257|0.568694|0.481903|0.958841|0.630662|0.164408|0.122951|0.83783|0.738934|0.606669|0.389873|0.369932|0.821716|0.597712|0.823601,0.851523,0.837898,0.0185889,0.555256,0.596445,0.529227,0.225922,0.539254,0.241732,0.844508,60.029,1.54756e-12,39681,0.96775,71.3706,7.91337e-10,47522,0.907488,0.897423,0.0160931,0.236702,0.527636,0.456737,0.279439,0.462384,0.0593942,0.937758,18.7241,3.99128e-10,75313,0.812352,72.2662,3.36135e-11,78161
2,190,n1->n11->n12->n13->n23->n24->n25->n15->n14->n4->n5->n6->n7->n17->n18->n8->n9->n19->n20->n10,5.4999e+12|5.65563e+13|2.05589e+11|5.5344e+11|5.1585e+13|1.17759e+12|2.26824e+10|6.17253e+13|3.69121e+13|1.75942e+09|1.32985e+12|2.83166e+09|1.70314e+11|5.2065e+11|2.08257e+11|7.36068e+10|7.28667e+12|1.60792e+09|5.32138e+11|2.62018e+13,6.48959e+11|3.81621e+13|5.40463e+10|9.08242e+10|4.60456e+13|2.01162e+11|7.07863e+09|2.37721e+13|2.94889e+13|4.4632e+08|4.5847e+11|1.10743e+09|1.24554e+11|1.64371e+11|2.23663e+10|6.47234e+10|4.6263e+12|2.02403e+08|2.21789e+11|8.71912e+12,0.00015285|3.58423e-05|1.73339e-05|2.12038e-05|6.64364e-05|0.000214835|2.48293e-05|0.000365537|0.000455172|0.00014654|0.000163077|2.77636e-05|0.000279667|0.000193857|0.000171925|0.000102402|1.66587e-05|0.00020417|0.000247429|0.000127206,0.003252|0.000127835|0.000156137|0.00133854|0.00216169|0.000504018|0.00526954|0.000568282|0.00183051|0.00148041|0.000159363|0.00293787|0.00109524|0.00794335|0.00227311|0.000294904|0.00164938|0.00979739|0.00522315|0.000265144,0.0179602|0.0470176|0.0116366|0.0184047|0.0228373|0.0443323|0.0411534|0.000619861|0.0310073|0.0328667|0.0136578|0.041372|0.0184116|0.0142611|0.0373366|0.00528751|0.0479548|0.000790162|0.00611448|0.0409725,0.000546736|0.0468531|0.041832|0.031308|0.037673|0.040963|0.0451075|0.0254867|0.0319606|0.0360108|0.02637|0.0296728|0.00251899|0.0346386|0.0258287|0.0169153|0.0201069|0.0278792|0.0463091|0.02493,0.956543|0.950579|0.913854|0.98666|0.903|0.94682|0.98336|0.948183|0.965597|0.960947|0.982934|0.956179|0.913586|0.902379|0.957375|0.977494|0.90484|0.971346|0.902472|0.903218,6.22817|4.0358|1.42439|0.948718|0.905766|4.85624|6.02932|2.74568|0.103561|4.96524|4.26661|2.12743|1.21281|1.64864|2.48855|2.40861|5.80128|5.19478|5.254|4.29151,30.2686|24.4191|13.9548|51.9585|67.5745|18.2346|54.7186|92.5451|52.1141|81.7362|37.2729|32.9383|59.8148|27.3162|81.3396|99.595|99.0064|10.3361|29.3778,0.17251|0.167139|0.190483|0.246371|0.16557|0.244005|0.189144|0.217749|0.24587|0.174783|0.191968|0.242724|0.239148|0.177165|0.184383|0.247422|0.169129|0.212112|0.210878,0.827051|0.726505|0.305271|0.635286|0.122951|0.943216|0.194732|0.738934|0.356378|0.219292|0.389873|0.369932|0.525316|0.674858|0.540078|0.597712|0.377874|0.542409|0.138678,0.851523,0.837898,0.0185889,0.555256,0.596445,0.529227,0.225922,0.539254,0.241732,0.844508,60.029,1.54756e-12,39681,0.96775,71.3706,7.91337e-10,47522,0.907488,0.897423,0.0160931,0.236702,0.527636,0.456737,0.279439,0.462384,0.0593942,0.937758,18.7241,3.99128e-10,75313,0.812352,72.2662,3.36135e-11,78161
2,191,n1->n11->n12->n2->n3->n13->n23->n33->n34->n35->n45->n46->n36->n26->n16->n17->n18->n8->n9->n10,5.4999e+12|5.65563e+13|2.05589e+11|1.38353e+13|1.53335e+11|5.5344e+11|5.1585e+13|5.3486e+12|1.56288e+10|2.36731e+13|5.89458e+12|1.54508e+12|8.69601e+10|1.38574e+10|4.99557e+10|5.2065e+11|2.08257e+11|7.36068e+10|7.28667e+12|2.62018e+13,6.48959e+11|3.81621e+13|5.40463e+10|7.23336e+12|8.74502e+10|9.08242e+10|4.60456e+13|1.17387e+12|7.33382e+09|3.46833e+12|1.33407e+12|3.47025e+11|5.64439e+10|1.18442e+10|8.87997e+09|1.64371e+11|2.23663e+10|6.47234e+10|4.6263e+12|8.71912e+12,0.00015285|3.58423e-05|1.73339e-05|0.000148714|0.000989315|2.12038e-05|6.64364e-05|0.000399167|3.23779e-05|0.000435829|0.000198241|2.71186e-05|0.000262492|0.000138812|0.000113525|0.000193857|0.000171925|0.000102402|1.66587e-05|0.000127206,0.003252|0.000127835|0.000156137|0.000441496|0.000209305|0.00133854|0.00216169|0.00509684|0.00105266|0.000115957|0.00106683|0.00241975|0.000864591|0.000699826|0.000563062|0.00794335|0.00227311|0.000294904|0.00164938|0.000265144,0.0179602|0.0470176|0.0116366|0.0348637|0.0101203|0.0184047|0.0228373|0.00767461|0.0474323|0.0196651|0.0129871|0.0343425|0.0446242|0.0280187|0.0484966|0.0142611|0.0373366|0.00528751|0.0479548|0.0409725,0.000546736|0.0468531|0.041832|0.0478486|0.0269719|0.031308|0.037673|0.0291341|0.0190654|0.0435367|0.00676107|0.0269584|0.0114974|0.0171301|0.00864637|0.0346386|0.0258287|0.0169153|0.0201069|0.02493,0.956543|0.950579|0.913854|0.955815|0.945731|0.98666|0.903|0.927105|0.983195|0.965431|0.91111|0.988821|0.916187|0.927413|0.930368|0.902379|0.957375|0.977494|0.90484|0.903218,6.22817|4.0358|1.42439|4.1742|3.59128|0.948718|0.905766|4.64436|6.20116|3.34731|0.649197|2.42163|4.03886|1.51622|1.84701|1.64864|2.48855|2.40861|5.80128|4.29151,30.2686|24.4191|88.6198|37.015|83.9106|51.9585|76.7594|23.5709|31.5608|97.1045|61.2725|70.4589|63.8366|11.0615|32.2763|27.3162|81.3396|99.595|65.9961,0.17251|0.167139|0.218328|0.220946|0.206647|0.246371|0.213966|0.20527|0.229646|0.204594|0.172446|0.221015|0.161122|0.184807|0.219818|0.177165|0.184383|0.247422|0.163358,0.827051|0.726505|0.53516|0.275354|0.189939|0.635286|0.164408|0.704699|0.453439|0.420686|0.72877|0.700266|0.490632|0.184807|0.130249|0.674858|0.540078|0.597712|0.823601,0.851523,0.837898,0.0185889,0.555256,0.596445,0.529227,0.225922,0.539254,0.241732,0.844508,60.029,1.54756e-12,39681,0.96775,71.3706,7.91337e-10,47522,0.907488,0.897423,0.0160931,0.236702,0.527636,0.456737,0.279439,0.462384,0.0593942,0.937758,18.7241,3.99128e-10,75313,0.812352,72.2662,3.36135e-11,78161
2,192,n1->n11->n12->n22->n32->n42->n43->n44->n34->n33->n23->n24->n14->n4->n5->n6->n7->n8->n9->n10,5.4999e+12|5.65563e+13|2.05589e+11|6.89136e+12|1.17872e+12|1.33809e+10|2.34836e+12|1.68394e+11|1.56288e+10|5.3486e+12|5.1585e+13|1.17759e+12|3.69121e+13|1.75942e+09|1.32985e+12|2.83166e+09|1.70314e+11|7.36068e+10|7.28667e+12|2.62018e+13,6.48959e+11|3.81621e+13|5.40463e+10|5.3881e+12|3.3013e+11|7.0876e+09|7.8679e+11|7.97392e+10|7.33382e+09|1.17387e+12|4.60456e+13|2.01162e+11|2.94889e+13|4.4632e+08|4.5847e+11|1.10743e+09|1.24554e+11|6.47234e+10|4.6263e+12|8.71912e+12,0.00015285|3.58423e-05|1.73339e-05|0.000201899|6.27032e-05|0.000472897|0.000202104|0.000481105|3.23779e-05|0.000399167|6.64364e-05|0.000214835|0.000455172|0.00014654|0.000163077|2.77636e-05|0.000279667|0.000102402|1.66587e-05|0.000127206,0.003252|0.000127835|0.000156137|0.000177346|0.00087854|0.000145068|0.00689|0.00959402|0.00105266|0.00509684|0.00216169|0.000504018|0.00183051|0.00148041|0.000159363|0.00293787|0.00109524|0.000294904|0.00164938|0.000265144,0.0179602|0.0470176|0.0116366|0.0147695|0.0291|0.0441039|0.0050261|0.00808912|0.0474323|0.00767461|0.0228373|0.0443323|0.0310073|0.0328667|0.0136578|0.041372|0.0184116|0.00528751|0.0479548|0.0409725,0.000546736|0.0468531|0.041832|0.0456659|0.0250492|0.0398759|0.0157882|0.0399756|0.0190654|0.0291341|0.037673|0.040963|0.0319606|0.0360108|0.02637|0.0296728|0.00251899|0.0169153|0.0201069|0.02493,0.956543|0.950579|0.913854|0.90843|0.944854|0.98262|0.906883|0.984305|0.983195|0.927105|0.903|0.94682|0.965597|0.960947|0.982934|0.956179|0.913586|0.977494|0.90484|0.903218,6.22817|4.0358|1.42439|2.55635|5.13861|4.38836|5.93639|0.307093|6.20116|4.64436|0.905766|4.85624|0.103561|4.96524|4.26661|2.12743|1.21281|2.40861|5.80128|4.29151,30.2686|24.4191|13.2112|86.2435|70.8805|27.3217|59.7094|46.2248|23.5709|76.7594|67.5745|66.6304|52.1141|81.7362|37.2729|32.9383|55.4093|99.595|65.9961,0.17251|0.167139|0.17699|0.224682|0.174184|0.200943|0.243015|0.162958|0.20527|0.213966|0.16557|0.223371|0.24587|0.174783|0.191968|0.242724|0.191098|0.247422|0.163358,0.827051|0.726505|0.78707|0.142627|0.193159|0.958841|0.601149|0.204489|0.704699|0.164408|0.122951|0.83783|0.356378|0.219292|0.389873|0.369932|0.821716|0.597712|0.823601,0.851523,0.837898,0.0185889,0.555256,0.596445,0.529227,0.225922,0.539254,0.241732,0.844508,60.029,1.54756e-12,39681,0.96775,71.3706,7.91337e-10,47522,0.907488,0.897423,0.0160931,0.236702,0.527636,0.456737,0.279439,0.462384,0.0593942,0.937758,18.7241,3.99128e-10,75313,0.812352,72.2662,3.36135e-11,78161
2,193,n1->n11->n12->n22->n32->n33->n34->n44->n45->n35->n25->n26->n27->n17->n18->n28->n29->n30->n20->n10,5.4999e+12|5.65563e+13|2.05589e+11|6.89136e+12|1.17872e+12|5.3486e+12|1.56288e+10|1.68394e+11|5.89458e+12|2.36731e+13|2.26824e+10|1.38574e+10|2.58309e+09|5.2065e+11|2.08257e+11|1.30221e+13|4.43662e+12|1.83802e+11|5.32138e+11|2.62018e+13,6.48959e+11|3.81621e+13|5.40463e+10|5.3881e+12|3.3013e+11|1.17387e+12|7.33382e+09|7.97392e+10|1.33407e+12|3.46833e+12|7.07863e+09|1.18442e+10|8.1041e+08|1.64371e+11|2.23663e+10|2.05619e+12|2.79127e+12|1.55346e+11|2.21789e+11|8.71912e+12,0.00015285|3.58423e-05|1.73339e-05|0.000201899|6.27032e-05|0.000399167|3.23779e-05|0.000481105|0.000198241|0.000435829|2.48293e-05|0.000138812|0.00059638|0.000193857|0.000171925|0.000271172|0.000213383|6.14967e-05|0.000247429|0.000127206,0.003252|0.000127835|0.000156137|0.000177346|0.00087854|0.00509684|0.00105266|0.00959402|0.00106683|0.000115957|0.00526954|0.000699826|0.00182097|0.00794335|0.00227311|0.00331108|0.00492817|0.00135186|0.00522315|0.000265144,0.0179602|0.0470176|0.0116366|0.0147695|0.0291|0.00767461|0.0474323|0.00808912|0.0129871|0.0196651|0.0411534|0.0280187|0.0260488|0.0142611|0.0373366|0.0287435|0.0496549|0.00529712|0.00611448|0.0409725,0.000546736|0.0468531|0.041832|0.0456659|0.0250492|0.0291341|0.0190654|0.0399756|0.00676107|0.0435367|0.0451075|0.0171301|0.0214296|0.0346386|0.0258287|0.0431463|0.0210081|0.0112888|0.0463091|0.02493,0.956543|0.950579|0.913854|0.90843|0.944854|0.927105|0.983195|0.984305|0.91111|0.965431|0.98336|0.927413|0.944118|0.902379|0.957375|0.92765|0.977322|0.979866|0.902472|0.903218,6.22817|4.0358|1.42439|2.55635|5.13861|4.64436|6.20116|0.307093|0.649197|3.34731|6.02932|1.51622|1.31493|1.64864|2.48855|5.53936|4.67833|2.49161|5.254|4.29151,30.2686|24.4191|13.2112|86.2435|67.4197|23.5709|46.2248|89.5651|97.1045|88.4205|55.6995|42.5138|72.2829|27.3162|43.2583|39.0733|83.4704|23.9015|29.3778,0.17251|0.167139|0.17699|0.224682|0.190613|0.20527|0.162958|0.209408|0.204594|0.226371|0.18627|0.1677|0.216563|0.177165|0.191747|0.196585|0.244973|0.228066|0.210878,0.827051|0.726505|0.78707|0.142627|0.839596|0.704699|0.204489|0.950077|0.420686|0.191607|0.157575|0.380101|0.478949|0.674858|0.748413|0.863895|0.347474|0.547282|0.138678,0.851523,0.837898,0.0185889,0.555256,0.596445,0.529227,0.225922,0.539254,0.241732,0.844508,60.029,1.54756e-12,39681,0.96775,71.3706,7.91337e-10,47522,0.907488,0.897423,0.0160931,0.236702,0.527636,0.456737,0.279439,0.462384,0.0593942,0.937758,18.7241,3.99128e-10,75313,0.812352,72.2662,3.36135e-11,78161
2,194,n1->n2->n12->n11->n21->n22->n32->n33->n23->n13->n3->n4->n14->n15->n16->n6->n7->n8->n9->n10,5.4999e+12|1.38353e+13|2.05589e+11|5.65563e+13|2.41937e+09|6.89136e+12|1.17872e+12|5.3486e+12|5.1585e+13|5.5344e+11|1.53335e+11|1.75942e+09|3.69121e+13|6.17253e+13|4.99557e+10|2.83166e+09|1.70314e+11|7.36068e+10|7.28667e+12|2.62018e+13,6.48959e+11|7.23336e+12|5.40463e+10|3.81621e+13|3.78731e+08|5.3881e+12|3.3013e+11|1.17387e+12|4.60456e+13|9.08242e+10|8.74502e+10|4.4632e+08|2.94889e+13|2.37721e+13|8.87997e+09|1.10743e+09|1.24554e+11|6.47234e+10|4.6263e+12|8.71912e+12,0.00015285|0.000148714|1.73339e-05|3.58423e-05|1.01809e-05|0.000201899|6.27032e-05|0.000399167|6.64364e-05|2.12038e-05|0.000989315|0.00014654|0.000455172|0.000365537|0.000113525|2.77636e-05|0.000279667|0.000102402|1.66587e-05|0.000127206,0.003252|0.000441496|0.000156137|0.000127835|0.000777165|0.000177346|0.00087854|0.00509684|0.00216169|0.00133854|0.000209305|0.00148041|0.00183051|0.000568282|0.000563062|0.00293787|0.00109524|0.000294904|0.00164938|0.000265144,0.0179602|0.0348637|0.0116366|0.0470176|0.016718|0.0147695|0.0291|0.00767461|0.0228373|0.0184047|0.0101203|0.0328667|0.0310073|0.000619861|0.0484966|0.041372|0.0184116|0.00528751|0.0479548|0.0409725,0.000546736|0.0478486|0.041832|0.0468531|0.00829965|0.0456659|0.0250492|0.0291341|0.037673|0.031308|0.0269719|0.0360108|0.0319606|0.0254867|0.00864637|0.0296728|0.00251899|0.0169153|0.0201069|0.02493,0.956543|0.955815|0.913854|0.950579|0.942854|0.90843|0.944854|0.927105|0.903|0.98666|0.945731|0.960947|0.965597|0.948183|0.930368|0.956179|0.913586|0.977494|0.90484|0.903218,6.22817|4.1742|1.42439|4.0358|2.52817|2.55635|5.13861|4.64436|0.905766|0.948718|3.59128|4.96524|0.103561|2.74568|1.84701|2.12743|1.21281|2.40861|5.80128|4.29151,79.8117|88.6198|24.4191|65.1286|34.0839|86.2435|67.4197|76.7594|51.9585|83.9106|10.4739|52.1141|92.5451|56.2706|50.0569|32.9383|55.4093|99.595|65.9961,0.228393|0.218328|0.167139|0.16646|0.20313|0.224682|0.190613|0.213966|0.246371|0.206647|0.199542|0.24587|0.217749|0.203512|0.170335|0.242724|0.191098|0.247422|0.163358,0.725997|0.53516|0.726505|0.529375|0.123831|0.142627|0.839596|0.164408|0.635286|0.189939|0.200911|0.356378|0.738934|0.580023|0.600597|0.369932|0.821716|0.597712|0.823601,0.851523,0.837898,0.0185889,0.555256,0.596445,0.529227,0.225922,0.539254,0.241732,0.844508,60.029,1.54756e-12,39681,0.96775,71.3706,7.91337e-10,47522,0.907488,0.897423,0.0160931,0.236702,0.527636,0.456737,0.279439,0.462384,0.0593942,0.937758,18.7241,3.99128e-10,75313,0.812352,72.2662,3.36135e-11,78161
2,195,n1->n2->n3->n4->n5->n6->n7->n17->n16->n26->n27->n37->n38->n48->n49->n39->n29->n19->n20->n10,5.4999e+12|1.38353e+13|1.53335e+11|1.75942e+09|1.32985e+12|2.83166e+09|1.70314e+11|5.2065e+11|4.99557e+10|1.38574e+10|2.58309e+09|7.24389e+13|1.15002e+09|2.49704e+12|4.40453e+10|8.3858e+12|4.43662e+12|1.60792e+09|5.32138e+11|2.62018e+13,6.48959e+11|7.23336e+12|8.74502e+10|4.4632e+08|4.5847e+11|1.10743e+09|1.24554e+11|1.64371e+11|8.87997e+09|1.18442e+10|8.1041e+08|1.28005e+13|4.14181e+08|1.47171e+12|2.37099e+10|1.1487e+12|2.79127e+12|2.02403e+08|2.21789e+11|8.71912e+12,0.00015285|0.000148714|0.000989315|0.00014654|0.000163077|2.77636e-05|0.000279667|0.000193857|0.000113525|0.000138812|0.00059638|3.15748e-05|0.000105823|0.000991875|2.3314e-05|6.12229e-05|0.000213383|0.00020417|0.000247429|0.000127206,0.003252|0.000441496|0.000209305|0.00148041|0.000159363|0.00293787|0.00109524|0.00794335|0.000563062|0.000699826|0.00182097|0.000190107|0.00411998|0.000965886|0.000214539|0.00610675|0.00492817|0.00979739|0.00522315|0.000265144,0.0179602|0.0348637|0.0101203|0.0328667|0.0136578|0.041372|0.0184116|0.0142611|0.0484966|0.0280187|0.0260488|0.0430282|0.0177641|0.0030652|0.00224821|0.000135364|0.0496549|0.000790162|0.00611448|0.0409725,0.000546736|0.0478486|0.0269719|0.0360108|0.02637|0.0296728|0.00251899|0.0346386|0.00864637|0.0171301|0.0214296|0.0113199|0.0205171|0.0297929|0.043662|0.014938|0.0210081|0.0278792|0.0463091|0.02493,0.956543|0.955815|0.945731|0.960947|0.982934|0.956179|0.913586|0.902379|0.930368|0.927413|0.944118|0.947802|0.915954|0.911307|0.965883|0.952729|0.977322|0.971346|0.902472|0.903218,6.22817|4.1742|3.59128|4.96524|4.26661|2.12743|1.21281|1.64864|1.84701|1.51622|1.31493|6.22584|4.65468|1.5379|0.250991|2.09917|4.67833|5.19478|5.254|4.29151,79.8117|37.015|10.4739|81.7362|37.2729|32.9383|59.8148|32.2763|11.0615|42.5138|44.8869|37.0378|21.8454|52.0957|95.0453|44.1502|84.7043|10.3361|29.3778,0.228393|0.220946|0.199542|0.174783|0.191968|0.242724|0.239148|0.219818|0.184807|0.1677|0.214388|0.188626|0.222464|0.207108|0.240344|0.162358|0.203828|0.212112|0.210878,0.725997|0.275354|0.200911|0.219292|0.389873|0.369932|0.525316|0.130249|0.184807|0.380101|0.862187|0.411593|0.68267|0.916478|0.132675|0.318407|0.969667|0.542409|0.138678,0.851523,0.837898,0.0185889,0.555256,0.596445,0.529227,0.225922,0.539254,0.241732,0.844508,60.029,1.54756e-12,39681,0.96775,71.3706,7.91337e-10,47522,0.907488,0.897423,0.0160931,0.236702,0.527636,0.456737,0.279439,0.462384,0.0593942,0.937758,18.7241,3.99128e-10,75313,0.812352,72.2662,3.36135e-11,78161
2,196,n1->n11->n21->n31->n32->n33->n23->n22->n12->n13->n3->n4->n14->n15->n5->n6->n7->n8->n9->n10,5.4999e+12|5.65563e+13|2.41937e+09|9.34158e+10|1.17872e+12|5.3486e+12|5.1585e+13|6.89136e+12|2.05589e+11|5.5344e+11|1.53335e+11|1.75942e+09|3.69121e+13|6.17253e+13|1.32985e+12|2.83166e+09|1.70314e+11|7.36068e+10|7.28667e+12|2.62018e+13,6.48959e+11|3.81621e+13|3.78731e+08|1.64589e+10|3.3013e+11|1.17387e+12|4.60456e+13|5.3881e+12|5.40463e+10|9.08242e+10|8.74502e+10|4.4632e+08|2.94889e+13|2.37721e+13|4.5847e+11|1.10743e+09|1.24554e+11|6.47234e+10|4.6263e+12|8.71912e+12,0.00015285|3.58423e-05|1.01809e-05|9.62101e-05|6.27032e-05|0.000399167|6.64364e-05|0.000201899|1.73339e-05|2.12038e-05|0.000989315|0.00014654|0.000455172|0.000365537|0.000163077|2.77636e-05|0.000279667|0.000102402|1.66587e-05|0.000127206,0.003252|0.000127835|0.000777165|0.00408916|0.00087854|0.00509684|0.00216169|0.000177346|0.000156137|0.00133854|0.000209305|0.00148041|0.00183051|0.000568282|0.000159363|0.00293787|0.00109524|0.000294904|0.00164938|0.000265144,0.0179602|0.0470176|0.016718|0.0447582|0.0291|0.00767461|0.0228373|0.0147695|0.0116366|0.0184047|0.0101203|0.0328667|0.0310073|0.000619861|0.0136578|0.041372|0.0184116|0.00528751|0.0479548|0.0409725,0.000546736|0.0468531|0.00829965|0.00350572|0.0250492|0.0291341|0.037673|0.0456659|0.041832|0.031308|0.0269719|0.0360108|0.0319606|0.0254867|0.02637|0.0296728|0.00251899|0.0169153|0.0201069|0.02493,0.956543|0.950579|0.942854|0.954608|0.944854|0.927105|0.903|0.90843|0.913854|0.98666|0.945731|0.960947|0.965597|0.948183|0.982934|0.956179|0.913586|0.977494|0.90484|0.903218,6.22817|4.0358|2.52817|2.93597|5.13861|4.64436|0.905766|2.55635|1.42439|0.948718|3.59128|4.96524|0.103561|2.74568|4.26661|2.12743|1.21281|2.40861|5.80128|4.29151,30.2686|65.1286|89.2299|63.0993|67.4197|76.7594|55.8812|13.2112|13.9548|83.9106|10.4739|52.1141|92.5451|35.0583|37.2729|32.9383|55.4093|99.595|65.9961,0.17251|0.16646|0.244826|0.20722|0.190613|0.213966|0.183035|0.17699|0.190483|0.206647|0.199542|0.24587|0.217749|0.240843|0.191968|0.242724|0.191098|0.247422|0.163358,0.827051|0.529375|0.387257|0.894814|0.839596|0.164408|0.999468|0.78707|0.305271|0.189939|0.200911|0.356378|0.738934|0.606669|0.389873|0.369932|0.821716|0.597712|0.823601,0.851523,0.837898,0.0185889,0.555256,0.596445,0.529227,0.225922,0.539254,0.241732,0.844508,60.029,1.54756e-12,39681,0.96775,71.3706,7.91337e-10,47522,0.907488,0.897423,0.0160931,0.236702,0.527636,0.456737,0.279439,0.462384,0.0593942,0.937758,18.7241,3.99128e-10,75313,0.812352,72.2662,3.36135e-11,78161
2,197,n1->n11->n12->n22->n32->n31->n41->n42->n43->n33->n34->n24->n14->n4->n5->n6->n7->n8->n9->n10,5.4999e+12|5.65563e+13|2.05589e+11|6.89136e+12|1.17872e+12|9.34158e+10|7.49703e+09|1.33809e+10|2.34836e+12|5.3486e+12|1.56288e+10|1.17759e+12|3.69121e+13|1.75942e+09|1.32985e+12|2.83166e+09|1.70314e+11|7.36068e+10|7.28667e+12|2.62018e+13,6.48959e+11|3.81621e+13|5.40463e+10|5.3881e+12|3.3013e+11|1.64589e+10|4.36216e+09|7.0876e+09|7.8679e+11|1.17387e+12|7.33382e+09|2.01162e+11|2.94889e+13|4.4632e+08|4.5847e+11|1.10743e+09|1.24554e+11|6.47234e+10|4.6263e+12|8.71912e+12,0.00015285|3.58423e-05|1.73339e-05|0.000201899|6.27032e-05|9.62101e-05|5.26175e-05|0.000472897|0.000202104|0.000399167|3.23779e-05|0.000214835|0.000455172|0.00014654|0.000163077|2.77636e-05|0.000279667|0.000102402|1.66587e-05|0.000127206,0.003252|0.000127835|0.000156137|0.000177346|0.00087854|0.00408916|0.00367725|0.000145068|0.00689|0.00509684|0.00105266|0.000504018|0.00183051|0.00148041|0.000159363|0.00293787|0.00109524|0.000294904|0.00164938|0.000265144,0.0179602|0.0470176|0.0116366|0.0147695|0.0291|0.0447582|0.0103136|0.0441039|0.0050261|0.00767461|0.0474323|0.0443323|0.0310073|0.0328667|0.0136578|0.041372|0.0184116|0.00528751|0.0479548|0.0409725,0.000546736|0.0468531|0.041832|0.0456659|0.0250492|0.00350572|0.00933311|0.0398759|0.0157882|0.0291341|0.0190654|0.040963|0.0319606|0.0360108|0.02637|0.0296728|0.00251899|0.0169153|0.0201069|0.02493,0.956543|0.950579|0.913854|0.90843|0.944854|0.954608|0.947217|0.98262|0.906883|0.927105|0.983195|0.94682|0.965597|0.960947|0.982934|0.956179|0.913586|0.977494|0.90484|0.903218,6.22817|4.0358|1.42439|2.55635|5.13861|2.93597|0.206943|4.38836|5.93639|4.64436|6.20116|4.85624|0.103561|4.96524|4.26661|2.12743|1.21281|2.40861|5.80128|4.29151,30.2686|24.4191|13.2112|86.2435|63.0993|64.4551|61.2747|27.3217|49.6282|23.5709|58.7029|66.6304|52.1141|81.7362|37.2729|32.9383|55.4093|99.595|65.9961,0.17251|0.167139|0.17699|0.224682|0.20722|0.18631|0.205652|0.200943|0.231597|0.20527|0.209145|0.223371|0.24587|0.174783|0.191968|0.242724|0.191098|0.247422|0.163358,0.827051|0.726505|0.78707|0.142627|0.894814|0.568694|0.481903|0.958841|0.630662|0.704699|0.654975|0.83783|0.356378|0.219292|0.389873|0.369932|0.821716|0.597712|0.823601,0.851523,0.837898,0.0185889,0.555256,0.596445,0.529227,0.225922,0.539254,0.241732,0.844508,60.029,1.54756e-12,39681,0.96775,71.3706,7.91337e-10,47522,0.907488,0.897423,0.0160931,0.236702,0.527636,0.456737,0.279439,0.462384,0.0593942,0.937758,18.7241,3.99128e-10,75313,0.812352,72.2662,3.36135e-11,78161
2,198,n1->n11->n12->n22->n23->n33->n34->n35->n36->n37->n27->n26->n25->n15->n5->n6->n7->n8->n9->n10,5.4999e+12|5.65563e+13|2.05589e+11|6.89136e+12|5.1585e+13|5.3486e+12|1.56288e+10|2.36731e+13|8.69601e+10|7.24389e+13|2.58309e+09|1.38574e+10|2.26824e+10|6.17253e+13|1.32985e+12|2.83166e+09|1.70314e+11|7.36068e+10|7.28667e+12|2.62018e+13,6.48959e+11|3.81621e+13|5.40463e+10|5.3881e+12|4.60456e+13|1.17387e+12|7.33382e+09|3.46833e+12|5.64439e+10|1.28005e+13|8.1041e+08|1.18442e+10|7.07863e+09|2.37721e+13|4.5847e+11|1.10743e+09|1.24554e+11|6.47234e+10|4.6263e+12|8.71912e+12,0.00015285|3.58423e-05|1.73339e-05|0.000201899|6.64364e-05|0.000399167|3.23779e-05|0.000435829|0.000262492|3.15748e-05|0.00059638|0.000138812|2.48293e-05|0.000365537|0.000163077|2.77636e-05|0.000279667|0.000102402|1.66587e-05|0.000127206,0.003252|0.000127835|0.000156137|0.000177346|0.00216169|0.00509684|0.00105266|0.000115957|0.000864591|0.000190107|0.00182097|0.000699826|0.00526954|0.000568282|0.000159363|0.00293787|0.00109524|0.000294904|0.00164938|0.000265144,0.0179602|0.0470176|0.0116366|0.0147695|0.0228373|0.00767461|0.0474323|0.0196651|0.0446242|0.0430282|0.0260488|0.0280187|0.0411534|0.000619861|0.0136578|0.041372|0.0184116|0.00528751|0.0479548|0.0409725,0.000546736|0.0468531|0.041832|0.0456659|0.037673|0.0291341|0.0190654|0.0435367|0.0114974|0.0113199|0.0214296|0.0171301|0.0451075|0.0254867|0.02637|0.0296728|0.00251899|0.0169153|0.0201069|0.02493,0.956543|0.950579|0.913854|0.90843|0.903|0.927105|0.983195|0.965431|0.916187|0.947802|0.944118|0.927413|0.98336|0.948183|0.982934|0.956179|0.913586|0.977494|0.90484|0.903218,6.22817|4.0358|1.42439|2.55635|0.905766|4.64436|6.20116|3.34731|4.03886|6.22584|1.31493|1.51622|6.02932|2.74568|4.26661|2.12743|1.21281|2.40861|5.80128|4.29151,30.2686|24.4191|13.2112|55.8812|76.7594|23.5709|31.5608|18.7034|29.3504|44.8869|42.5138|55.6995|54.7186|35.0583|37.2729|32.9383|55.4093|99.595|65.9961,0.17251|0.167139|0.17699|0.183035|0.213966|0.20527|0.229646|0.163485|0.210454|0.214388|0.1677|0.18627|0.189144|0.240843|0.191968|0.242724|0.191098|0.247422|0.163358,0.827051|0.726505|0.78707|0.999468|0.164408|0.704699|0.453439|0.396049|0.532548|0.862187|0.380101|0.157575|0.194732|0.606669|0.389873|0.369932|0.821716|0.597712|0.823601,0.851523,0.837898,0.0185889,0.555256,0.596445,0.529227,0.225922,0.539254,0.241732,0.844508,60.029,1.54756e-12,39681,0.96775,71.3706,7.91337e-10,47522,0.907488,0.897423,0.0160931,0.236702,0.527636,0.456737,0.279439,0.462384,0.0593942,0.937758,18.7241,3.99128e-10,75313,0.812352,72.2662,3.36135e-11,78161
2,199,n1->n11->n21->n22->n32->n31->n41->n42->n43->n44->n34->n35->n36->n37->n38->n39->n40->n30->n20->n10,5.4999e+12|5.65563e+13|2.41937e+09|6.89136e+12|1.17872e+12|9.34158e+10|7.49703e+09|1.33809e+10|2.34836e+12|1.68394e+11|1.56288e+10|2.36731e+13|8.69601e+10|7.24389e+13|1.15002e+09|8.3858e+12|2.29206e+10|1.83802e+11|5.32138e+11|2.62018e+13,6.48959e+11|3.81621e+13|3.78731e+08|5.3881e+12|3.3013e+11|1.64589e+10|4.36216e+09|7.0876e+09|7.8679e+11|7.97392e+10|7.33382e+09|3.46833e+12|5.64439e+10|1.28005e+13|4.14181e+08|1.1487e+12|6.61094e+09|1.55346e+11|2.21789e+11|8.71912e+12,0.00015285|3.58423e-05|1.01809e-05|0.000201899|6.27032e-05|9.62101e-05|5.26175e-05|0.000472897|0.000202104|0.000481105|3.23779e-05|0.000435829|0.000262492|3.15748e-05|0.000105823|6.12229e-05|2.30699e-05|6.14967e-05|0.000247429|0.000127206,0.003252|0.000127835|0.000777165|0.000177346|0.00087854|0.00408916|0.00367725|0.000145068|0.00689|0.00959402|0.00105266|0.000115957|0.000864591|0.000190107|0.00411998|0.00610675|0.00114617|0.00135186|0.00522315|0.000265144,0.0179602|0.0470176|0.016718|0.0147695|0.0291|0.0447582|0.0103136|0.0441039|0.0050261|0.00808912|0.0474323|0.0196651|0.0446242|0.0430282|0.0177641|0.000135364|0.0353348|0.00529712|0.00611448|0.0409725,0.000546736|0.0468531|0.00829965|0.0456659|0.0250492|0.00350572|0.00933311|0.0398759|0.0157882|0.0399756|0.0190654|0.0435367|0.0114974|0.0113199|0.0205171|0.014938|0.0287647|0.0112888|0.0463091|0.02493,0.956543|0.950579|0.942854|0.90843|0.944854|0.954608|0.947217|0.98262|0.906883|0.984305|0.983195|0.965431|0.916187|0.947802|0.915954|0.952729|0.908845|0.979866|0.902472|0.903218,6.22817|4.0358|2.52817|2.55635|5.13861|2.93597|0.206943|4.38836|5.93639|0.307093|6.20116|3.34731|4.03886|6.22584|4.65468|2.09917|5.30558|2.49161|5.254|4.29151,30.2686|65.1286|34.0839|86.2435|63.0993|64.4551|61.2747|27.3217|59.7094|46.2248|31.5608|18.7034|29.3504|37.0378|69.5993|86.0567|98.0873|23.9015|29.3778,0.17251|0.16646|0.20313|0.224682|0.20722|0.18631|0.205652|0.200943|0.243015|0.162958|0.229646|0.163485|0.210454|0.188626|0.188323|0.172155|0.193002|0.228066|0.210878,0.827051|0.529375|0.123831|0.142627|0.894814|0.568694|0.481903|0.958841|0.601149|0.204489|0.453439|0.396049|0.532548|0.411593|0.397286|0.496938|0.416215|0.547282|0.138678,0.851523,0.837898,0.0185889,0.555256,0.596445,0.529227,0.225922,0.539254,0.241732,0.844508,60.029,1.54756e-12,39681,0.96775,71.3706,7.91337e-10,47522,0.907488,0.897423,0.0160931,0.236702,0.527636,0.456737,0.279439,0.462384,0.0593942,0.937758,18.7241,3.99128e-10,75313,0.812352,72.2662,3.36135e-11,78161
2,200,n1->n11->n12->n2->n3->n4->n14->n15->n5->n6->n7->n17->n27->n37->n38->n28->n18->n8->n9->n10,5.4999e+12|5.65563e+13|2.05589e+11|1.38353e+13|1.53335e+11|1.75942e+09|3.69121e+13|6.17253e+13|1.32985e+12|2.83166e+09|1.70314e+11|5.2065e+11|2.58309e+09|7.24389e+13|1.15002e+09|1.30221e+13|2.08257e+11|7.36068e+10|7.28667e+12|2.62018e+13,6.48959e+11|3.81621e+13|5.40463e+10|7.23336e+12|8.74502e+10|4.4632e+08|2.94889e+13|2.37721e+13|4.5847e+11|1.10743e+09|1.24554e+11|1.64371e+11|8.1041e+08|1.28005e+13|4.14181e+08|2.05619e+12|2.23663e+10|6.47234e+10|4.6263e+12|8.71912e+12,0.00015285|3.58423e-05|1.73339e-05|0.000148714|0.000989315|0.00014654|0.000455172|0.000365537|0.000163077|2.77636e-05|0.000279667|0.000193857|0.00059638|3.15748e-05|0.000105823|0.000271172|0.000171925|0.000102402|1.66587e-05|0.000127206,0.003252|0.000127835|0.000156137|0.000441496|0.000209305|0.00148041|0.00183051|0.000568282|0.000159363|0.00293787|0.00109524|0.00794335|0.00182097|0.000190107|0.00411998|0.00331108|0.00227311|0.000294904|0.00164938|0.000265144,0.0179602|0.0470176|0.0116366|0.0348637|0.0101203|0.0328667|0.0310073|0.000619861|0.0136578|0.041372|0.0184116|0.0142611|0.0260488|0.0430282|0.0177641|0.0287435|0.0373366|0.00528751|0.0479548|0.0409725,0.000546736|0.0468531|0.041832|0.0478486|0.0269719|0.0360108|0.0319606|0.0254867|0.02637|0.0296728|0.00251899|0.0346386|0.0214296|0.0113199|0.0205171|0.0431463|0.0258287|0.0169153|0.0201069|0.02493,0.956543|0.950579|0.913854|0.955815|0.945731|0.960947|0.965597|0.948183|0.982934|0.956179|0.913586|0.902379|0.944118|0.947802|0.915954|0.92765|0.957375|0.977494|0.90484|0.903218,6.22817|4.0358|1.42439|4.1742|3.59128|4.96524|0.103561|2.74568|4.26661|2.12743|1.21281|1.64864|1.31493|6.22584|4.65468|5.53936|2.48855|2.40861|5.80128|4.29151,30.2686|24.4191|88.6198|37.015|10.4739|52.1141|92.5451|35.0583|37.2729|32.9383|59.8148|72.2829|44.8869|37.0378|23.518|43.2583|81.3396|99.595|65.9961,0.17251|0.167139|0.218328|0.220946|0.199542|0.24587|0.217749|0.240843|0.191968|0.242724|0.239148|0.216563|0.214388|0.188626|0.205583|0.191747|0.184383|0.247422|0.163358,0.827051|0.726505|0.53516|0.275354|0.200911|0.356378|0.738934|0.606669|0.389873|0.369932|0.525316|0.478949|0.862187|0.411593|0.300733|0.748413|0.540078|0.597712|0.823601,0.851523,0.837898,0.0185889,0.555256,0.596445,0.529227,0.225922,0.539254,0.241732,0.844508,60.029,1.54756e-12,39681,0.96775,71.3706,7.91337e-10,47522,0.907488,0.897423,0.0160931,0.236702,0.527636,0.456737,0.279439,0.462384,0.0593942,0.937758,18.7241,3.99128e-10,75313,0.812352,72.2662,3.36135e-11,78161
