DatasetID,PathID,PathString,node_t1,node_t2,node_p_depol_1q,node_p_depol_2q,node_coh1_angle,node_coh2_zz_angle,node_src_visibility,node_src_phase,edge_length,edge_attenuation,edge_insertion_loss_db,d1_coupling_1,d1_coupling_2,d1_mzi_phase_error,d1_mzi_loss_short,d1_mzi_loss_long,d1_bs1_reflectivity,d1_bs1_loss,d1_bs2_reflectivity,d1_bs2_loss,d1_snspd1_efficiency,d1_snspd1_jitter,d1_snspd1_dark,d1_snspd1_dead,d1_snspd2_efficiency,d1_snspd2_jitter,d1_snspd2_dark,d1_snspd2_dead,d2_coupling_1,d2_coupling_2,d2_mzi_phase_error,d2_mzi_loss_short,d2_mzi_loss_long,d2_bs1_reflectivity,d2_bs1_loss,d2_bs2_reflectivity,d2_bs2_loss,d2_snspd1_efficiency,d2_snspd1_jitter,d2_snspd1_dark,d2_snspd1_dead,d2_snspd2_efficiency,d2_snspd2_jitter,d2_snspd2_dark,d2_snspd2_dead
3,1,n1->n2->n12->n13->n14->n4->n5->n6->n7->n8->n9->n10,1.01975e+11|2.19896e+12|2.01442e+09|9.1461e+13|1.55394e+12|2.41468e+10|1.71925e+10|6.20369e+09|1.59356e+10|3.02882e+10|4.88974e+12|1.19036e+12,5.38235e+10|7.99596e+11|2.86583e+08|5.19514e+13|5.08598e+11|2.58863e+09|1.24313e+10|1.6207e+09|4.18966e+09|6.71621e+09|7.24919e+11|2.86476e+11,0.000676514|0.000589285|4.59784e-05|0.000506242|0.000503586|0.00042822|3.93241e-05|0.000574029|2.6451e-05|0.000381371|7.10273e-05|1.19625e-05,0.00399416|0.00221248|0.0021887|0.00462097|0.000728986|0.000225383|0.00026326|0.000130191|0.000180791|0.00570991|0.000942087|0.00158689,0.0195223|0.0321365|0.0219518|0.0365133|0.0409863|0.00259026|0.0154625|0.0106337|0.0189999|0.0161017|0.00922358|0.00461288,0.0242107|0.00948841|0.0367098|0.0400901|0.0399677|0.0377939|0.0101575|0.0454173|0.0287911|0.0285758|0.00472777|0.0271272,0.974039|0.910107|0.982422|0.988795|0.991379|0.933254|0.930177|0.984551|0.934194|0.926425|0.933061|0.971435,1.83843|6.06417|4.76499|2.98582|1.56401|2.44626|0.521104|4.26912|3.83792|0.335111|5.98339|2.66147,79.8117|88.6198|13.9548|56.34|52.1141|81.7362|37.2729|32.9383|55.4093|99.595|65.9961,0.208125|0.215223|0.164045|0.189445|0.187731|0.181317|0.234823|0.234586|0.163678|0.169867|0.209925,0.112575|0.305593|0.842052|0.972418|0.911759|0.126849|0.434803|0.312661|0.383219|0.512253|0.118233,0.960777,0.865614,0.120899,0.0868004,0.0443973,0.549768,0.260837,0.538285,0.285384,0.878897,35.8152,3.31207e-13,55109,0.839609,94.1996,1.03756e-13,22888,0.849295,0.839791,0.0338668,0.656048,0.327512,0.511502,0.267077,0.510256,0.20836,0.865791,24.3765,1.91574e-12,96785,0.911926,34.976,6.36299e-12,85196
3,2,n1->n2->n12->n13->n3->n4->n5->n6->n7->n8->n9->n10,1.01975e+11|2.19896e+12|2.01442e+09|9.1461e+13|9.86942e+11|2.41468e+10|1.71925e+10|6.20369e+09|1.59356e+10|3.02882e+10|4.88974e+12|1.19036e+12,5.38235e+10|7.99596e+11|2.86583e+08|5.19514e+13|2.57025e+11|2.58863e+09|1.24313e+10|1.6207e+09|4.18966e+09|6.71621e+09|7.24919e+11|2.86476e+11,0.000676514|0.000589285|4.59784e-05|0.000506242|0.000150675|0.00042822|3.93241e-05|0.000574029|2.6451e-05|0.000381371|7.10273e-05|1.19625e-05,0.00399416|0.00221248|0.0021887|0.00462097|0.00013293|0.000225383|0.00026326|0.000130191|0.000180791|0.00570991|0.000942087|0.00158689,0.0195223|0.0321365|0.0219518|0.0365133|0.0411064|0.00259026|0.0154625|0.0106337|0.0189999|0.0161017|0.00922358|0.00461288,0.0242107|0.00948841|0.0367098|0.0400901|0.0108323|0.0377939|0.0101575|0.0454173|0.0287911|0.0285758|0.00472777|0.0271272,0.974039|0.910107|0.982422|0.988795|0.976432|0.933254|0.930177|0.984551|0.934194|0.926425|0.933061|0.971435,1.83843|6.06417|4.76499|2.98582|3.3576|2.44626|0.521104|4.26912|3.83792|0.335111|5.98339|2.66147,79.8117|88.6198|13.9548|83.9106|10.4739|81.7362|37.2729|32.9383|55.4093|99.595|65.9961,0.208125|0.215223|0.164045|0.176807|0.213299|0.181317|0.234823|0.234586|0.163678|0.169867|0.209925,0.112575|0.305593|0.842052|0.224294|0.441339|0.126849|0.434803|0.312661|0.383219|0.512253|0.118233,0.960777,0.865614,0.120899,0.0868004,0.0443973,0.549768,0.260837,0.538285,0.285384,0.878897,35.8152,3.31207e-13,55109,0.839609,94.1996,1.03756e-13,22888,0.849295,0.839791,0.0338668,0.656048,0.327512,0.511502,0.267077,0.510256,0.20836,0.865791,24.3765,1.91574e-12,96785,0.911926,34.976,6.36299e-12,85196
3,3,n1->n11->n12->n2->n3->n4->n5->n6->n7->n8->n9->n10,1.01975e+11|3.14092e+10|2.01442e+09|2.19896e+12|9.86942e+11|2.41468e+10|1.71925e+10|6.20369e+09|1.59356e+10|3.02882e+10|4.88974e+12|1.19036e+12,5.38235e+10|3.50301e+09|2.86583e+08|7.99596e+11|2.57025e+11|2.58863e+09|1.24313e+10|1.6207e+09|4.18966e+09|6.71621e+09|7.24919e+11|2.86476e+11,0.000676514|1.12087e-05|4.59784e-05|0.000589285|0.000150675|0.00042822|3.93241e-05|0.000574029|2.6451e-05|0.000381371|7.10273e-05|1.19625e-05,0.00399416|0.000724525|0.0021887|0.00221248|0.00013293|0.000225383|0.00026326|0.000130191|0.000180791|0.00570991|0.000942087|0.00158689,0.0195223|0.0441673|0.0219518|0.0321365|0.0411064|0.00259026|0.0154625|0.0106337|0.0189999|0.0161017|0.00922358|0.00461288,0.0242107|0.0122031|0.0367098|0.00948841|0.0108323|0.0377939|0.0101575|0.0454173|0.0287911|0.0285758|0.00472777|0.0271272,0.974039|0.954535|0.982422|0.910107|0.976432|0.933254|0.930177|0.984551|0.934194|0.926425|0.933061|0.971435,1.83843|4.29962|4.76499|6.06417|3.3576|2.44626|0.521104|4.26912|3.83792|0.335111|5.98339|2.66147,30.2686|24.4191|88.6198|37.015|10.4739|81.7362|37.2729|32.9383|55.4093|99.595|65.9961,0.160201|0.207518|0.215223|0.187446|0.213299|0.181317|0.234823|0.234586|0.163678|0.169867|0.209925,0.559595|0.400846|0.305593|0.26228|0.441339|0.126849|0.434803|0.312661|0.383219|0.512253|0.118233,0.960777,0.865614,0.120899,0.0868004,0.0443973,0.549768,0.260837,0.538285,0.285384,0.878897,35.8152,3.31207e-13,55109,0.839609,94.1996,1.03756e-13,22888,0.849295,0.839791,0.0338668,0.656048,0.327512,0.511502,0.267077,0.510256,0.20836,0.865791,24.3765,1.91574e-12,96785,0.911926,34.976,6.36299e-12,85196
3,4,n1->n2->n12->n13->n14->n15->n5->n6->n7->n8->n9->n10,1.01975e+11|2.19896e+12|2.01442e+09|9.1461e+13|1.55394e+12|3.53263e+12|1.71925e+10|6.20369e+09|1.59356e+10|3.02882e+10|4.88974e+12|1.19036e+12,5.38235e+10|7.99596e+11|2.86583e+08|5.19514e+13|5.08598e+11|2.01845e+12|1.24313e+10|1.6207e+09|4.18966e+09|6.71621e+09|7.24919e+11|2.86476e+11,0.000676514|0.000589285|4.59784e-05|0.000506242|0.000503586|0.000745688|3.93241e-05|0.000574029|2.6451e-05|0.000381371|7.10273e-05|1.19625e-05,0.00399416|0.00221248|0.0021887|0.00462097|0.000728986|0.00651336|0.00026326|0.000130191|0.000180791|0.00570991|0.000942087|0.00158689,0.0195223|0.0321365|0.0219518|0.0365133|0.0409863|0.0286763|0.0154625|0.0106337|0.0189999|0.0161017|0.00922358|0.00461288,0.0242107|0.00948841|0.0367098|0.0400901|0.0399677|0.0289577|0.0101575|0.0454173|0.0287911|0.0285758|0.00472777|0.0271272,0.974039|0.910107|0.982422|0.988795|0.991379|0.915893|0.930177|0.984551|0.934194|0.926425|0.933061|0.971435,1.83843|6.06417|4.76499|2.98582|1.56401|6.12587|0.521104|4.26912|3.83792|0.335111|5.98339|2.66147,79.8117|88.6198|13.9548|56.34|92.5451|35.0583|37.2729|32.9383|55.4093|99.595|65.9961,0.208125|0.215223|0.164045|0.189445|0.174898|0.211825|0.234823|0.234586|0.163678|0.169867|0.209925,0.112575|0.305593|0.842052|0.972418|0.692675|0.610625|0.434803|0.312661|0.383219|0.512253|0.118233,0.960777,0.865614,0.120899,0.0868004,0.0443973,0.549768,0.260837,0.538285,0.285384,0.878897,35.8152,3.31207e-13,55109,0.839609,94.1996,1.03756e-13,22888,0.849295,0.839791,0.0338668,0.656048,0.327512,0.511502,0.267077,0.510256,0.20836,0.865791,24.3765,1.91574e-12,96785,0.911926,34.976,6.36299e-12,85196
3,5,n1->n11->n12->n13->n3->n4->n5->n6->n7->n8->n9->n10,1.01975e+11|3.14092e+10|2.01442e+09|9.1461e+13|9.86942e+11|2.41468e+10|1.71925e+10|6.20369e+09|1.59356e+10|3.02882e+10|4.88974e+12|1.19036e+12,5.38235e+10|3.50301e+09|2.86583e+08|5.19514e+13|2.57025e+11|2.58863e+09|1.24313e+10|1.6207e+09|4.18966e+09|6.71621e+09|7.24919e+11|2.86476e+11,0.000676514|1.12087e-05|4.59784e-05|0.000506242|0.000150675|0.00042822|3.93241e-05|0.000574029|2.6451e-05|0.000381371|7.10273e-05|1.19625e-05,0.00399416|0.000724525|0.0021887|0.00462097|0.00013293|0.000225383|0.00026326|0.000130191|0.000180791|0.00570991|0.000942087|0.00158689,0.0195223|0.0441673|0.0219518|0.0365133|0.0411064|0.00259026|0.0154625|0.0106337|0.0189999|0.0161017|0.00922358|0.00461288,0.0242107|0.0122031|0.0367098|0.0400901|0.0108323|0.0377939|0.0101575|0.0454173|0.0287911|0.0285758|0.00472777|0.0271272,0.974039|0.954535|0.982422|0.988795|0.976432|0.933254|0.930177|0.984551|0.934194|0.926425|0.933061|0.971435,1.83843|4.29962|4.76499|2.98582|3.3576|2.44626|0.521104|4.26912|3.83792|0.335111|5.98339|2.66147,30.2686|24.4191|13.9548|83.9106|10.4739|81.7362|37.2729|32.9383|55.4093|99.595|65.9961,0.160201|0.207518|0.164045|0.176807|0.213299|0.181317|0.234823|0.234586|0.163678|0.169867|0.209925,0.559595|0.400846|0.842052|0.224294|0.441339|0.126849|0.434803|0.312661|0.383219|0.512253|0.118233,0.960777,0.865614,0.120899,0.0868004,0.0443973,0.549768,0.260837,0.538285,0.285384,0.878897,35.8152,3.31207e-13,55109,0.839609,94.1996,1.03756e-13,22888,0.849295,0.839791,0.0338668,0.656048,0.327512,0.511502,0.267077,0.510256,0.20836,0.865791,24.3765,1.91574e-12,96785,0.911926,34.976,6.36299e-12,85196
3,6,n1->n2->n3->n4->n14->n15->n16->n6->n7->n8->n9->n10,1.01975e+11|2.19896e+12|9.86942e+11|2.41468e+10|1.55394e+12|3.53263e+12|1.88403e+10|6.20369e+09|1.59356e+10|3.02882e+10|4.88974e+12|1.19036e+12,5.38235e+10|7.99596e+11|2.57025e+11|2.58863e+09|5.08598e+11|2.01845e+12|9.99594e+09|1.6207e+09|4.18966e+09|6.71621e+09|7.24919e+11|2.86476e+11,0.000676514|0.000589285|0.000150675|0.00042822|0.000503586|0.000745688|0.000390472|0.000574029|2.6451e-05|0.000381371|7.10273e-05|1.19625e-05,0.00399416|0.00221248|0.00013293|0.000225383|0.000728986|0.00651336|0.000762836|0.000130191|0.000180791|0.00570991|0.000942087|0.00158689,0.0195223|0.0321365|0.0411064|0.00259026|0.0409863|0.0286763|0.0105597|0.0106337|0.0189999|0.0161017|0.00922358|0.00461288,0.0242107|0.00948841|0.0108323|0.0377939|0.0399677|0.0289577|0.00944802|0.0454173|0.0287911|0.0285758|0.00472777|0.0271272,0.974039|0.910107|0.976432|0.933254|0.991379|0.915893|0.981367|0.984551|0.934194|0.926425|0.933061|0.971435,1.83843|6.06417|3.3576|2.44626|1.56401|6.12587|3.20918|4.26912|3.83792|0.335111|5.98339|2.66147,79.8117|37.015|10.4739|52.1141|92.5451|56.2706|50.0569|32.9383|55.4093|99.595|65.9961,0.208125|0.187446|0.213299|0.187731|0.174898|0.241506|0.186675|0.234586|0.163678|0.169867|0.209925,0.112575|0.26228|0.441339|0.911759|0.692675|0.350755|0.371607|0.312661|0.383219|0.512253|0.118233,0.960777,0.865614,0.120899,0.0868004,0.0443973,0.549768,0.260837,0.538285,0.285384,0.878897,35.8152,3.31207e-13,55109,0.839609,94.1996,1.03756e-13,22888,0.849295,0.839791,0.0338668,0.656048,0.327512,0.511502,0.267077,0.510256,0.20836,0.865791,24.3765,1.91574e-12,96785,0.911926,34.976,6.36299e-12,85196
3,7,n1->n11->n12->n13->n14->n15->n5->n6->n7->n8->n9->n10,1.01975e+11|3.14092e+10|2.01442e+09|9.1461e+13|1.55394e+12|3.53263e+12|1.71925e+10|6.20369e+09|1.59356e+10|3.02882e+10|4.88974e+12|1.19036e+12,5.38235e+10|3.50301e+09|2.86583e+08|5.19514e+13|5.08598e+11|2.01845e+12|1.24313e+10|1.6207e+09|4.18966e+09|6.71621e+09|7.24919e+11|2.86476e+11,0.000676514|1.12087e-05|4.59784e-05|0.000506242|0.000503586|0.000745688|3.93241e-05|0.000574029|2.6451e-05|0.000381371|7.10273e-05|1.19625e-05,0.00399416|0.000724525|0.0021887|0.00462097|0.000728986|0.00651336|0.00026326|0.000130191|0.000180791|0.00570991|0.000942087|0.00158689,0.0195223|0.0441673|0.0219518|0.0365133|0.0409863|0.0286763|0.0154625|0.0106337|0.0189999|0.0161017|0.00922358|0.00461288,0.0242107|0.0122031|0.0367098|0.0400901|0.0399677|0.0289577|0.0101575|0.0454173|0.0287911|0.0285758|0.00472777|0.0271272,0.974039|0.954535|0.982422|0.988795|0.991379|0.915893|0.930177|0.984551|0.934194|0.926425|0.933061|0.971435,1.83843|4.29962|4.76499|2.98582|1.56401|6.12587|0.521104|4.26912|3.83792|0.335111|5.98339|2.66147,30.2686|24.4191|13.9548|56.34|92.5451|35.0583|37.2729|32.9383|55.4093|99.595|65.9961,0.160201|0.207518|0.164045|0.189445|0.174898|0.211825|0.234823|0.234586|0.163678|0.169867|0.209925,0.559595|0.400846|0.842052|0.972418|0.692675|0.610625|0.434803|0.312661|0.383219|0.512253|0.118233,0.960777,0.865614,0.120899,0.0868004,0.0443973,0.549768,0.260837,0.538285,0.285384,0.878897,35.8152,3.31207e-13,55109,0.839609,94.1996,1.03756e-13,22888,0.849295,0.839791,0.0338668,0.656048,0.327512,0.511502,0.267077,0.510256,0.20836,0.865791,24.3765,1.91574e-12,96785,0.911926,34.976,6.36299e-12,85196
3,8,n1->n2->n3->n4->n5->n15->n16->n6->n7->n8->n9->n10,1.01975e+11|2.19896e+12|9.86942e+11|2.41468e+10|1.71925e+10|3.53263e+12|1.88403e+10|6.20369e+09|1.59356e+10|3.02882e+10|4.88974e+12|1.19036e+12,5.38235e+10|7.99596e+11|2.57025e+11|2.58863e+09|1.24313e+10|2.01845e+12|9.99594e+09|1.6207e+09|4.18966e+09|6.71621e+09|7.24919e+11|2.86476e+11,0.000676514|0.000589285|0.000150675|0.00042822|3.93241e-05|0.000745688|0.000390472|0.000574029|2.6451e-05|0.000381371|7.10273e-05|1.19625e-05,0.00399416|0.00221248|0.00013293|0.000225383|0.00026326|0.00651336|0.000762836|0.000130191|0.000180791|0.00570991|0.000942087|0.00158689,0.0195223|0.0321365|0.0411064|0.00259026|0.0154625|0.0286763|0.0105597|0.0106337|0.0189999|0.0161017|0.00922358|0.00461288,0.0242107|0.00948841|0.0108323|0.0377939|0.0101575|0.0289577|0.00944802|0.0454173|0.0287911|0.0285758|0.00472777|0.0271272,0.974039|0.910107|0.976432|0.933254|0.930177|0.915893|0.981367|0.984551|0.934194|0.926425|0.933061|0.971435,1.83843|6.06417|3.3576|2.44626|0.521104|6.12587|3.20918|4.26912|3.83792|0.335111|5.98339|2.66147,79.8117|37.015|10.4739|81.7362|35.0583|56.2706|50.0569|32.9383|55.4093|99.595|65.9961,0.208125|0.187446|0.213299|0.181317|0.211825|0.241506|0.186675|0.234586|0.163678|0.169867|0.209925,0.112575|0.26228|0.441339|0.126849|0.610625|0.350755|0.371607|0.312661|0.383219|0.512253|0.118233,0.960777,0.865614,0.120899,0.0868004,0.0443973,0.549768,0.260837,0.538285,0.285384,0.878897,35.8152,3.31207e-13,55109,0.839609,94.1996,1.03756e-13,22888,0.849295,0.839791,0.0338668,0.656048,0.327512,0.511502,0.267077,0.510256,0.20836,0.865791,24.3765,1.91574e-12,96785,0.911926,34.976,6.36299e-12,85196
3,9,n1->n2->n3->n13->n14->n4->n5->n6->n7->n8->n9->n10,1.01975e+11|2.19896e+12|9.86942e+11|9.1461e+13|1.55394e+12|2.41468e+10|1.71925e+10|6.20369e+09|1.59356e+10|3.02882e+10|4.88974e+12|1.19036e+12,5.38235e+10|7.99596e+11|2.57025e+11|5.19514e+13|5.08598e+11|2.58863e+09|1.24313e+10|1.6207e+09|4.18966e+09|6.71621e+09|7.24919e+11|2.86476e+11,0.000676514|0.000589285|0.000150675|0.000506242|0.000503586|0.00042822|3.93241e-05|0.000574029|2.6451e-05|0.000381371|7.10273e-05|1.19625e-05,0.00399416|0.00221248|0.00013293|0.00462097|0.000728986|0.000225383|0.00026326|0.000130191|0.000180791|0.00570991|0.000942087|0.00158689,0.0195223|0.0321365|0.0411064|0.0365133|0.0409863|0.00259026|0.0154625|0.0106337|0.0189999|0.0161017|0.00922358|0.00461288,0.0242107|0.00948841|0.0108323|0.0400901|0.0399677|0.0377939|0.0101575|0.0454173|0.0287911|0.0285758|0.00472777|0.0271272,0.974039|0.910107|0.976432|0.988795|0.991379|0.933254|0.930177|0.984551|0.934194|0.926425|0.933061|0.971435,1.83843|6.06417|3.3576|2.98582|1.56401|2.44626|0.521104|4.26912|3.83792|0.335111|5.98339|2.66147,79.8117|37.015|83.9106|56.34|52.1141|81.7362|37.2729|32.9383|55.4093|99.595|65.9961,0.208125|0.187446|0.176807|0.189445|0.187731|0.181317|0.234823|0.234586|0.163678|0.169867|0.209925,0.112575|0.26228|0.224294|0.972418|0.911759|0.126849|0.434803|0.312661|0.383219|0.512253|0.118233,0.960777,0.865614,0.120899,0.0868004,0.0443973,0.549768,0.260837,0.538285,0.285384,0.878897,35.8152,3.31207e-13,55109,0.839609,94.1996,1.03756e-13,22888,0.849295,0.839791,0.0338668,0.656048,0.327512,0.511502,0.267077,0.510256,0.20836,0.865791,24.3765,1.91574e-12,96785,0.911926,34.976,6.36299e-12,85196
3,10,n1->n2->n3->n13->n14->n15->n16->n6->n7->n8->n9->n10,1.01975e+11|2.19896e+12|9.86942e+11|9.1461e+13|1.55394e+12|3.53263e+12|1.88403e+10|6.20369e+09|1.59356e+10|3.02882e+10|4.88974e+12|1.19036e+12,5.38235e+10|7.99596e+11|2.57025e+11|5.19514e+13|5.08598e+11|2.01845e+12|9.99594e+09|1.6207e+09|4.18966e+09|6.71621e+09|7.24919e+11|2.86476e+11,0.000676514|0.000589285|0.000150675|0.000506242|0.000503586|0.000745688|0.000390472|0.000574029|2.6451e-05|0.000381371|7.10273e-05|1.19625e-05,0.00399416|0.00221248|0.00013293|0.00462097|0.000728986|0.00651336|0.000762836|0.000130191|0.000180791|0.00570991|0.000942087|0.00158689,0.0195223|0.0321365|0.0411064|0.0365133|0.0409863|0.0286763|0.0105597|0.0106337|0.0189999|0.0161017|0.00922358|0.00461288,0.0242107|0.00948841|0.0108323|0.0400901|0.0399677|0.0289577|0.00944802|0.0454173|0.0287911|0.0285758|0.00472777|0.0271272,0.974039|0.910107|0.976432|0.988795|0.991379|0.915893|0.981367|0.984551|0.934194|0.926425|0.933061|0.971435,1.83843|6.06417|3.3576|2.98582|1.56401|6.12587|3.20918|4.26912|3.83792|0.335111|5.98339|2.66147,79.8117|37.015|83.9106|56.34|92.5451|56.2706|50.0569|32.9383|55.4093|99.595|65.9961,0.208125|0.187446|0.176807|0.189445|0.174898|0.241506|0.186675|0.234586|0.163678|0.169867|0.209925,0.112575|0.26228|0.224294|0.972418|0.692675|0.350755|0.371607|0.312661|0.383219|0.512253|0.118233,0.960777,0.865614,0.120899,0.0868004,0.0443973,0.549768,0.260837,0.538285,0.285384,0.878897,35.8152,3.31207e-13,55109,0.839609,94.1996,1.03756e-13,22888,0.849295,0.839791,0.0338668,0.656048,0.327512,0.511502,0.267077,0.510256,0.20836,0.865791,24.3765,1.91574e-12,96785,0.911926,34.976,6.36299e-12,85196
3,11,n1->n2->n3->n4->n5->n15->n16->n17->n7->n8->n9->n10,1.01975e+11|2.19896e+12|9.86942e+11|2.41468e+10|1.71925e+10|3.53263e+12|1.88403e+10|2.82283e+09|1.59356e+10|3.02882e+10|4.88974e+12|1.19036e+12,5.38235e+10|7.99596e+11|2.57025e+11|2.58863e+09|1.24313e+10|2.01845e+12|9.99594e+09|1.47131e+09|4.18966e+09|6.71621e+09|7.24919e+11|2.86476e+11,0.000676514|0.000589285|0.000150675|0.00042822|3.93241e-05|0.000745688|0.000390472|3.16477e-05|2.6451e-05|0.000381371|7.10273e-05|1.19625e-05,0.00399416|0.00221248|0.00013293|0.000225383|0.00026326|0.00651336|0.000762836|0.00565965|0.000180791|0.00570991|0.000942087|0.00158689,0.0195223|0.0321365|0.0411064|0.00259026|0.0154625|0.0286763|0.0105597|0.0154786|0.0189999|0.0161017|0.00922358|0.00461288,0.0242107|0.00948841|0.0108323|0.0377939|0.0101575|0.0289577|0.00944802|0.0100135|0.0287911|0.0285758|0.00472777|0.0271272,0.974039|0.910107|0.976432|0.933254|0.930177|0.915893|0.981367|0.908062|0.934194|0.926425|0.933061|0.971435,1.83843|6.06417|3.3576|2.44626|0.521104|6.12587|3.20918|3.21404|3.83792|0.335111|5.98339|2.66147,79.8117|37.015|10.4739|81.7362|35.0583|56.2706|32.2763|59.8148|55.4093|99.595|65.9961,0.208125|0.187446|0.213299|0.181317|0.211825|0.241506|0.204609|0.239012|0.163678|0.169867|0.209925,0.112575|0.26228|0.441339|0.126849|0.610625|0.350755|0.689113|0.920789|0.383219|0.512253|0.118233,0.960777,0.865614,0.120899,0.0868004,0.0443973,0.549768,0.260837,0.538285,0.285384,0.878897,35.8152,3.31207e-13,55109,0.839609,94.1996,1.03756e-13,22888,0.849295,0.839791,0.0338668,0.656048,0.327512,0.511502,0.267077,0.510256,0.20836,0.865791,24.3765,1.91574e-12,96785,0.911926,34.976,6.36299e-12,85196
3,12,n1->n11->n12->n13->n14->n15->n16->n6->n7->n8->n9->n10,1.01975e+11|3.14092e+10|2.01442e+09|9.1461e+13|1.55394e+12|3.53263e+12|1.88403e+10|6.20369e+09|1.59356e+10|3.02882e+10|4.88974e+12|1.19036e+12,5.38235e+10|3.50301e+09|2.86583e+08|5.19514e+13|5.08598e+11|2.01845e+12|9.99594e+09|1.6207e+09|4.18966e+09|6.71621e+09|7.24919e+11|2.86476e+11,0.000676514|1.12087e-05|4.59784e-05|0.000506242|0.000503586|0.000745688|0.000390472|0.000574029|2.6451e-05|0.000381371|7.10273e-05|1.19625e-05,0.00399416|0.000724525|0.0021887|0.00462097|0.000728986|0.00651336|0.000762836|0.000130191|0.000180791|0.00570991|0.000942087|0.00158689,0.0195223|0.0441673|0.0219518|0.0365133|0.0409863|0.0286763|0.0105597|0.0106337|0.0189999|0.0161017|0.00922358|0.00461288,0.0242107|0.0122031|0.0367098|0.0400901|0.0399677|0.0289577|0.00944802|0.0454173|0.0287911|0.0285758|0.00472777|0.0271272,0.974039|0.954535|0.982422|0.988795|0.991379|0.915893|0.981367|0.984551|0.934194|0.926425|0.933061|0.971435,1.83843|4.29962|4.76499|2.98582|1.56401|6.12587|3.20918|4.26912|3.83792|0.335111|5.98339|2.66147,30.2686|24.4191|13.9548|56.34|92.5451|56.2706|50.0569|32.9383|55.4093|99.595|65.9961,0.160201|0.207518|0.164045|0.189445|0.174898|0.241506|0.186675|0.234586|0.163678|0.169867|0.209925,0.559595|0.400846|0.842052|0.972418|0.692675|0.350755|0.371607|0.312661|0.383219|0.512253|0.118233,0.960777,0.865614,0.120899,0.0868004,0.0443973,0.549768,0.260837,0.538285,0.285384,0.878897,35.8152,3.31207e-13,55109,0.839609,94.1996,1.03756e-13,22888,0.849295,0.839791,0.0338668,0.656048,0.327512,0.511502,0.267077,0.510256,0.20836,0.865791,24.3765,1.91574e-12,96785,0.911926,34.976,6.36299e-12,85196
3,13,n1->n2->n3->n13->n14->n15->n5->n6->n7->n8->n9->n10,1.01975e+11|2.19896e+12|9.86942e+11|9.1461e+13|1.55394e+12|3.53263e+12|1.71925e+10|6.20369e+09|1.59356e+10|3.02882e+10|4.88974e+12|1.19036e+12,5.38235e+10|7.99596e+11|2.57025e+11|5.19514e+13|5.08598e+11|2.01845e+12|1.24313e+10|1.6207e+09|4.18966e+09|6.71621e+09|7.24919e+11|2.86476e+11,0.000676514|0.000589285|0.000150675|0.000506242|0.000503586|0.000745688|3.93241e-05|0.000574029|2.6451e-05|0.000381371|7.10273e-05|1.19625e-05,0.00399416|0.00221248|0.00013293|0.00462097|0.000728986|0.00651336|0.00026326|0.000130191|0.000180791|0.00570991|0.000942087|0.00158689,0.0195223|0.0321365|0.0411064|0.0365133|0.0409863|0.0286763|0.0154625|0.0106337|0.0189999|0.0161017|0.00922358|0.00461288,0.0242107|0.00948841|0.0108323|0.0400901|0.0399677|0.0289577|0.0101575|0.0454173|0.0287911|0.0285758|0.00472777|0.0271272,0.974039|0.910107|0.976432|0.988795|0.991379|0.915893|0.930177|0.984551|0.934194|0.926425|0.933061|0.971435,1.83843|6.06417|3.3576|2.98582|1.56401|6.12587|0.521104|4.26912|3.83792|0.335111|5.98339|2.66147,79.8117|37.015|83.9106|56.34|92.5451|35.0583|37.2729|32.9383|55.4093|99.595|65.9961,0.208125|0.187446|0.176807|0.189445|0.174898|0.211825|0.234823|0.234586|0.163678|0.169867|0.209925,0.112575|0.26228|0.224294|0.972418|0.692675|0.610625|0.434803|0.312661|0.383219|0.512253|0.118233,0.960777,0.865614,0.120899,0.0868004,0.0443973,0.549768,0.260837,0.538285,0.285384,0.878897,35.8152,3.31207e-13,55109,0.839609,94.1996,1.03756e-13,22888,0.849295,0.839791,0.0338668,0.656048,0.327512,0.511502,0.267077,0.510256,0.20836,0.865791,24.3765,1.91574e-12,96785,0.911926,34.976,6.36299e-12,85196
3,14,n1->n2->n3->n4->n5->n6->n16->n17->n18->n19->n9->n10,1.01975e+11|2.19896e+12|9.86942e+11|2.41468e+10|1.71925e+10|6.20369e+09|1.88403e+10|2.82283e+09|1.79344e+11|8.72734e+13|4.88974e+12|1.19036e+12,5.38235e+10|7.99596e+11|2.57025e+11|2.58863e+09|1.24313e+10|1.6207e+09|9.99594e+09|1.47131e+09|1.01158e+11|1.85268e+13|7.24919e+11|2.86476e+11,0.000676514|0.000589285|0.000150675|0.00042822|3.93241e-05|0.000574029|0.000390472|3.16477e-05|8.49582e-05|1.50238e-05|7.10273e-05|1.19625e-05,0.00399416|0.00221248|0.00013293|0.000225383|0.00026326|0.000130191|0.000762836|0.00565965|0.000487115|0.000314326|0.000942087|0.00158689,0.0195223|0.0321365|0.0411064|0.00259026|0.0154625|0.0106337|0.0105597|0.0154786|0.0130827|0.00292072|0.00922358|0.00461288,0.0242107|0.00948841|0.0108323|0.0377939|0.0101575|0.0454173|0.00944802|0.0100135|0.0139073|0.0395015|0.00472777|0.0271272,0.974039|0.910107|0.976432|0.933254|0.930177|0.984551|0.981367|0.908062|0.988146|0.948693|0.933061|0.971435,1.83843|6.06417|3.3576|2.44626|0.521104|4.26912|3.20918|3.21404|1.03722|2.11735|5.98339|2.66147,79.8117|37.015|10.4739|81.7362|37.2729|50.0569|32.2763|27.3162|28.0546|99.0064|65.9961,0.208125|0.187446|0.213299|0.181317|0.234823|0.186675|0.204609|0.234565|0.231137|0.235802|0.209925,0.112575|0.26228|0.441339|0.126849|0.434803|0.371607|0.689113|0.973123|0.31734|0.976298|0.118233,0.960777,0.865614,0.120899,0.0868004,0.0443973,0.549768,0.260837,0.538285,0.285384,0.878897,35.8152,3.31207e-13,55109,0.839609,94.1996,1.03756e-13,22888,0.849295,0.839791,0.0338668,0.656048,0.327512,0.511502,0.267077,0.510256,0.20836,0.865791,24.3765,1.91574e-12,96785,0.911926,34.976,6.36299e-12,85196
3,15,n1->n11->n12->n13->n14->n4->n5->n6->n7->n8->n9->n10,1.01975e+11|3.14092e+10|2.01442e+09|9.1461e+13|1.55394e+12|2.41468e+10|1.71925e+10|6.20369e+09|1.59356e+10|3.02882e+10|4.88974e+12|1.19036e+12,5.38235e+10|3.50301e+09|2.86583e+08|5.19514e+13|5.08598e+11|2.58863e+09|1.24313e+10|1.6207e+09|4.18966e+09|6.71621e+09|7.24919e+11|2.86476e+11,0.000676514|1.12087e-05|4.59784e-05|0.000506242|0.000503586|0.00042822|3.93241e-05|0.000574029|2.6451e-05|0.000381371|7.10273e-05|1.19625e-05,0.00399416|0.000724525|0.0021887|0.00462097|0.000728986|0.000225383|0.00026326|0.000130191|0.000180791|0.00570991|0.000942087|0.00158689,0.0195223|0.0441673|0.0219518|0.0365133|0.0409863|0.00259026|0.0154625|0.0106337|0.0189999|0.0161017|0.00922358|0.00461288,0.0242107|0.0122031|0.0367098|0.0400901|0.0399677|0.0377939|0.0101575|0.0454173|0.0287911|0.0285758|0.00472777|0.0271272,0.974039|0.954535|0.982422|0.988795|0.991379|0.933254|0.930177|0.984551|0.934194|0.926425|0.933061|0.971435,1.83843|4.29962|4.76499|2.98582|1.56401|2.44626|0.521104|4.26912|3.83792|0.335111|5.98339|2.66147,30.2686|24.4191|13.9548|56.34|52.1141|81.7362|37.2729|32.9383|55.4093|99.595|65.9961,0.160201|0.207518|0.164045|0.189445|0.187731|0.181317|0.234823|0.234586|0.163678|0.169867|0.209925,0.559595|0.400846|0.842052|0.972418|0.911759|0.126849|0.434803|0.312661|0.383219|0.512253|0.118233,0.960777,0.865614,0.120899,0.0868004,0.0443973,0.549768,0.260837,0.538285,0.285384,0.878897,35.8152,3.31207e-13,55109,0.839609,94.1996,1.03756e-13,22888,0.849295,0.839791,0.0338668,0.656048,0.327512,0.511502,0.267077,0.510256,0.20836,0.865791,24.3765,1.91574e-12,96785,0.911926,34.976,6.36299e-12,85196
3,16,n1->n2->n3->n4->n14->n15->n5->n6->n7->n8->n9->n10,1.01975e+11|2.19896e+12|9.86942e+11|2.41468e+10|1.55394e+12|3.53263e+12|1.71925e+10|6.20369e+09|1.59356e+10|3.02882e+10|4.88974e+12|1.19036e+12,5.38235e+10|7.99596e+11|2.57025e+11|2.58863e+09|5.08598e+11|2.01845e+12|1.24313e+10|1.6207e+09|4.18966e+09|6.71621e+09|7.24919e+11|2.86476e+11,0.000676514|0.000589285|0.000150675|0.00042822|0.000503586|0.000745688|3.93241e-05|0.000574029|2.6451e-05|0.000381371|7.10273e-05|1.19625e-05,0.00399416|0.00221248|0.00013293|0.000225383|0.000728986|0.00651336|0.00026326|0.000130191|0.000180791|0.00570991|0.000942087|0.00158689,0.0195223|0.0321365|0.0411064|0.00259026|0.0409863|0.0286763|0.0154625|0.0106337|0.0189999|0.0161017|0.00922358|0.00461288,0.0242107|0.00948841|0.0108323|0.0377939|0.0399677|0.0289577|0.0101575|0.0454173|0.0287911|0.0285758|0.00472777|0.0271272,0.974039|0.910107|0.976432|0.933254|0.991379|0.915893|0.930177|0.984551|0.934194|0.926425|0.933061|0.971435,1.83843|6.06417|3.3576|2.44626|1.56401|6.12587|0.521104|4.26912|3.83792|0.335111|5.98339|2.66147,79.8117|37.015|10.4739|52.1141|92.5451|35.0583|37.2729|32.9383|55.4093|99.595|65.9961,0.208125|0.187446|0.213299|0.187731|0.174898|0.211825|0.234823|0.234586|0.163678|0.169867|0.209925,0.112575|0.26228|0.441339|0.911759|0.692675|0.610625|0.434803|0.312661|0.383219|0.512253|0.118233,0.960777,0.865614,0.120899,0.0868004,0.0443973,0.549768,0.260837,0.538285,0.285384,0.878897,35.8152,3.31207e-13,55109,0.839609,94.1996,1.03756e-13,22888,0.849295,0.839791,0.0338668,0.656048,0.327512,0.511502,0.267077,0.510256,0.20836,0.865791,24.3765,1.91574e-12,96785,0.911926,34.976,6.36299e-12,85196
3,17,n1->n2->n3->n13->n14->n15->n16->n17->n18->n8->n9->n10,1.01975e+11|2.19896e+12|9.86942e+11|9.1461e+13|1.55394e+12|3.53263e+12|1.88403e+10|2.82283e+09|1.79344e+11|3.02882e+10|4.88974e+12|1.19036e+12,5.38235e+10|7.99596e+11|2.57025e+11|5.19514e+13|5.08598e+11|2.01845e+12|9.99594e+09|1.47131e+09|1.01158e+11|6.71621e+09|7.24919e+11|2.86476e+11,0.000676514|0.000589285|0.000150675|0.000506242|0.000503586|0.000745688|0.000390472|3.16477e-05|8.49582e-05|0.000381371|7.10273e-05|1.19625e-05,0.00399416|0.00221248|0.00013293|0.00462097|0.000728986|0.00651336|0.000762836|0.00565965|0.000487115|0.00570991|0.000942087|0.00158689,0.0195223|0.0321365|0.0411064|0.0365133|0.0409863|0.0286763|0.0105597|0.0154786|0.0130827|0.0161017|0.00922358|0.00461288,0.0242107|0.00948841|0.0108323|0.0400901|0.0399677|0.0289577|0.00944802|0.0100135|0.0139073|0.0285758|0.00472777|0.0271272,0.974039|0.910107|0.976432|0.988795|0.991379|0.915893|0.981367|0.908062|0.988146|0.926425|0.933061|0.971435,1.83843|6.06417|3.3576|2.98582|1.56401|6.12587|3.20918|3.21404|1.03722|0.335111|5.98339|2.66147,79.8117|37.015|83.9106|56.34|92.5451|56.2706|32.2763|27.3162|81.3396|99.595|65.9961,0.208125|0.187446|0.176807|0.189445|0.174898|0.241506|0.204609|0.234565|0.194321|0.169867|0.209925,0.112575|0.26228|0.224294|0.972418|0.692675|0.350755|0.689113|0.973123|0.540423|0.512253|0.118233,0.960777,0.865614,0.120899,0.0868004,0.0443973,0.549768,0.260837,0.538285,0.285384,0.878897,35.8152,3.31207e-13,55109,0.839609,94.1996,1.03756e-13,22888,0.849295,0.839791,0.0338668,0.656048,0.327512,0.511502,0.267077,0.510256,0.20836,0.865791,24.3765,1.91574e-12,96785,0.911926,34.976,6.36299e-12,85196
3,18,n1->n2->n3->n4->n5->n6->n16->n17->n18->n8->n9->n10,1.01975e+11|2.19896e+12|9.86942e+11|2.41468e+10|1.71925e+10|6.20369e+09|1.88403e+10|2.82283e+09|1.79344e+11|3.02882e+10|4.88974e+12|1.19036e+12,5.38235e+10|7.99596e+11|2.57025e+11|2.58863e+09|1.24313e+10|1.6207e+09|9.99594e+09|1.47131e+09|1.01158e+11|6.71621e+09|7.24919e+11|2.86476e+11,0.000676514|0.000589285|0.000150675|0.00042822|3.93241e-05|0.000574029|0.000390472|3.16477e-05|8.49582e-05|0.000381371|7.10273e-05|1.19625e-05,0.00399416|0.00221248|0.00013293|0.000225383|0.00026326|0.000130191|0.000762836|0.00565965|0.000487115|0.00570991|0.000942087|0.00158689,0.0195223|0.0321365|0.0411064|0.00259026|0.0154625|0.0106337|0.0105597|0.0154786|0.0130827|0.0161017|0.00922358|0.00461288,0.0242107|0.00948841|0.0108323|0.0377939|0.0101575|0.0454173|0.00944802|0.0100135|0.0139073|0.0285758|0.00472777|0.0271272,0.974039|0.910107|0.976432|0.933254|0.930177|0.984551|0.981367|0.908062|0.988146|0.926425|0.933061|0.971435,1.83843|6.06417|3.3576|2.44626|0.521104|4.26912|3.20918|3.21404|1.03722|0.335111|5.98339|2.66147,79.8117|37.015|10.4739|81.7362|37.2729|50.0569|32.2763|27.3162|81.3396|99.595|65.9961,0.208125|0.187446|0.213299|0.181317|0.234823|0.186675|0.204609|0.234565|0.194321|0.169867|0.209925,0.112575|0.26228|0.441339|0.126849|0.434803|0.371607|0.689113|0.973123|0.540423|0.512253|0.118233,0.960777,0.865614,0.120899,0.0868004,0.0443973,0.549768,0.260837,0.538285,0.285384,0.878897,35.8152,3.31207e-13,55109,0.839609,94.1996,1.03756e-13,22888,0.849295,0.839791,0.0338668,0.656048,0.327512,0.511502,0.267077,0.510256,0.20836,0.865791,24.3765,1.91574e-12,96785,0.911926,34.976,6.36299e-12,85196
3,19,n1->n2->n3->n13->n14->n15->n16->n17->n18->n19->n20->n10,1.01975e+11|2.19896e+12|9.86942e+11|9.1461e+13|1.55394e+12|3.53263e+12|1.88403e+10|2.82283e+09|1.79344e+11|8.72734e+13|2.0429e+12|1.19036e+12,5.38235e+10|7.99596e+11|2.57025e+11|5.19514e+13|5.08598e+11|2.01845e+12|9.99594e+09|1.47131e+09|1.01158e+11|1.85268e+13|8.72759e+11|2.86476e+11,0.000676514|0.000589285|0.000150675|0.000506242|0.000503586|0.000745688|0.000390472|3.16477e-05|8.49582e-05|1.50238e-05|0.000758131|1.19625e-05,0.00399416|0.00221248|0.00013293|0.00462097|0.000728986|0.00651336|0.000762836|0.00565965|0.000487115|0.000314326|0.00836606|0.00158689,0.0195223|0.0321365|0.0411064|0.0365133|0.0409863|0.0286763|0.0105597|0.0154786|0.0130827|0.00292072|0.0340342|0.00461288,0.0242107|0.00948841|0.0108323|0.0400901|0.0399677|0.0289577|0.00944802|0.0100135|0.0139073|0.0395015|0.0408908|0.0271272,0.974039|0.910107|0.976432|0.988795|0.991379|0.915893|0.981367|0.908062|0.988146|0.948693|0.97528|0.971435,1.83843|6.06417|3.3576|2.98582|1.56401|6.12587|3.20918|3.21404|1.03722|2.11735|3.08695|2.66147,79.8117|37.015|83.9106|56.34|92.5451|56.2706|32.2763|27.3162|28.0546|10.3361|29.3778,0.208125|0.187446|0.176807|0.189445|0.174898|0.241506|0.204609|0.234565|0.231137|0.229825|0.218806,0.112575|0.26228|0.224294|0.972418|0.692675|0.350755|0.689113|0.973123|0.31734|0.200889|0.694407,0.960777,0.865614,0.120899,0.0868004,0.0443973,0.549768,0.260837,0.538285,0.285384,0.878897,35.8152,3.31207e-13,55109,0.839609,94.1996,1.03756e-13,22888,0.849295,0.839791,0.0338668,0.656048,0.327512,0.511502,0.267077,0.510256,0.20836,0.865791,24.3765,1.91574e-12,96785,0.911926,34.976,6.36299e-12,85196
3,20,n1->n2->n12->n13->n14->n15->n16->n6->n7->n8->n9->n10,1.01975e+11|2.19896e+12|2.01442e+09|9.1461e+13|1.55394e+12|3.53263e+12|1.88403e+10|6.20369e+09|1.59356e+10|3.02882e+10|4.88974e+12|1.19036e+12,5.38235e+10|7.99596e+11|2.86583e+08|5.19514e+13|5.08598e+11|2.01845e+12|9.99594e+09|1.6207e+09|4.18966e+09|6.71621e+09|7.24919e+11|2.86476e+11,0.000676514|0.000589285|4.59784e-05|0.000506242|0.000503586|0.000745688|0.000390472|0.000574029|2.6451e-05|0.000381371|7.10273e-05|1.19625e-05,0.00399416|0.00221248|0.0021887|0.00462097|0.000728986|0.00651336|0.000762836|0.000130191|0.000180791|0.00570991|0.000942087|0.00158689,0.0195223|0.0321365|0.0219518|0.0365133|0.0409863|0.0286763|0.0105597|0.0106337|0.0189999|0.0161017|0.00922358|0.00461288,0.0242107|0.00948841|0.0367098|0.0400901|0.0399677|0.0289577|0.00944802|0.0454173|0.0287911|0.0285758|0.00472777|0.0271272,0.974039|0.910107|0.982422|0.988795|0.991379|0.915893|0.981367|0.984551|0.934194|0.926425|0.933061|0.971435,1.83843|6.06417|4.76499|2.98582|1.56401|6.12587|3.20918|4.26912|3.83792|0.335111|5.98339|2.66147,79.8117|88.6198|13.9548|56.34|92.5451|56.2706|50.0569|32.9383|55.4093|99.595|65.9961,0.208125|0.215223|0.164045|0.189445|0.174898|0.241506|0.186675|0.234586|0.163678|0.169867|0.209925,0.112575|0.305593|0.842052|0.972418|0.692675|0.350755|0.371607|0.312661|0.383219|0.512253|0.118233,0.960777,0.865614,0.120899,0.0868004,0.0443973,0.549768,0.260837,0.538285,0.285384,0.878897,35.8152,3.31207e-13,55109,0.839609,94.1996,1.03756e-13,22888,0.849295,0.839791,0.0338668,0.656048,0.327512,0.511502,0.267077,0.510256,0.20836,0.865791,24.3765,1.91574e-12,96785,0.911926,34.976,6.36299e-12,85196
3,21,n1->n11->n12->n13->n14->n15->n16->n17->n18->n8->n9->n10,1.01975e+11|3.14092e+10|2.01442e+09|9.1461e+13|1.55394e+12|3.53263e+12|1.88403e+10|2.82283e+09|1.79344e+11|3.02882e+10|4.88974e+12|1.19036e+12,5.38235e+10|3.50301e+09|2.86583e+08|5.19514e+13|5.08598e+11|2.01845e+12|9.99594e+09|1.47131e+09|1.01158e+11|6.71621e+09|7.24919e+11|2.86476e+11,0.000676514|1.12087e-05|4.59784e-05|0.000506242|0.000503586|0.000745688|0.000390472|3.16477e-05|8.49582e-05|0.000381371|7.10273e-05|1.19625e-05,0.00399416|0.000724525|0.0021887|0.00462097|0.000728986|0.00651336|0.000762836|0.00565965|0.000487115|0.00570991|0.000942087|0.00158689,0.0195223|0.0441673|0.0219518|0.0365133|0.0409863|0.0286763|0.0105597|0.0154786|0.0130827|0.0161017|0.00922358|0.00461288,0.0242107|0.0122031|0.0367098|0.0400901|0.0399677|0.0289577|0.00944802|0.0100135|0.0139073|0.0285758|0.00472777|0.0271272,0.974039|0.954535|0.982422|0.988795|0.991379|0.915893|0.981367|0.908062|0.988146|0.926425|0.933061|0.971435,1.83843|4.29962|4.76499|2.98582|1.56401|6.12587|3.20918|3.21404|1.03722|0.335111|5.98339|2.66147,30.2686|24.4191|13.9548|56.34|92.5451|56.2706|32.2763|27.3162|81.3396|99.595|65.9961,0.160201|0.207518|0.164045|0.189445|0.174898|0.241506|0.204609|0.234565|0.194321|0.169867|0.209925,0.559595|0.400846|0.842052|0.972418|0.692675|0.350755|0.689113|0.973123|0.540423|0.512253|0.118233,0.960777,0.865614,0.120899,0.0868004,0.0443973,0.549768,0.260837,0.538285,0.285384,0.878897,35.8152,3.31207e-13,55109,0.839609,94.1996,1.03756e-13,22888,0.849295,0.839791,0.0338668,0.656048,0.327512,0.511502,0.267077,0.510256,0.20836,0.865791,24.3765,1.91574e-12,96785,0.911926,34.976,6.36299e-12,85196
3,22,n1->n2->n3->n4->n5->n15->n16->n17->n18->n8->n9->n10,1.01975e+11|2.19896e+12|9.86942e+11|2.41468e+10|1.71925e+10|3.53263e+12|1.88403e+10|2.82283e+09|1.79344e+11|3.02882e+10|4.88974e+12|1.19036e+12,5.38235e+10|7.99596e+11|2.57025e+11|2.58863e+09|1.24313e+10|2.01845e+12|9.99594e+09|1.47131e+09|1.01158e+11|6.71621e+09|7.24919e+11|2.86476e+11,0.000676514|0.000589285|0.000150675|0.00042822|3.93241e-05|0.000745688|0.000390472|3.16477e-05|8.49582e-05|0.000381371|7.10273e-05|1.19625e-05,0.00399416|0.00221248|0.00013293|0.000225383|0.00026326|0.00651336|0.000762836|0.00565965|0.000487115|0.00570991|0.000942087|0.00158689,0.0195223|0.0321365|0.0411064|0.00259026|0.0154625|0.0286763|0.0105597|0.0154786|0.0130827|0.0161017|0.00922358|0.00461288,0.0242107|0.00948841|0.0108323|0.0377939|0.0101575|0.0289577|0.00944802|0.0100135|0.0139073|0.0285758|0.00472777|0.0271272,0.974039|0.910107|0.976432|0.933254|0.930177|0.915893|0.981367|0.908062|0.988146|0.926425|0.933061|0.971435,1.83843|6.06417|3.3576|2.44626|0.521104|6.12587|3.20918|3.21404|1.03722|0.335111|5.98339|2.66147,79.8117|37.015|10.4739|81.7362|35.0583|56.2706|32.2763|27.3162|81.3396|99.595|65.9961,0.208125|0.187446|0.213299|0.181317|0.211825|0.241506|0.204609|0.234565|0.194321|0.169867|0.209925,0.112575|0.26228|0.441339|0.126849|0.610625|0.350755|0.689113|0.973123|0.540423|0.512253|0.118233,0.960777,0.865614,0.120899,0.0868004,0.0443973,0.549768,0.260837,0.538285,0.285384,0.878897,35.8152,3.31207e-13,55109,0.839609,94.1996,1.03756e-13,22888,0.849295,0.839791,0.0338668,0.656048,0.327512,0.511502,0.267077,0.510256,0.20836,0.865791,24.3765,1.91574e-12,96785,0.911926,34.976,6.36299e-12,85196
3,23,n1->n11->n12->n13->n14->n15->n16->n17->n18->n19->n9->n10,1.01975e+11|3.14092e+10|2.01442e+09|9.1461e+13|1.55394e+12|3.53263e+12|1.88403e+10|2.82283e+09|1.79344e+11|8.72734e+13|4.88974e+12|1.19036e+12,5.38235e+10|3.50301e+09|2.86583e+08|5.19514e+13|5.08598e+11|2.01845e+12|9.99594e+09|1.47131e+09|1.01158e+11|1.85268e+13|7.24919e+11|2.86476e+11,0.000676514|1.12087e-05|4.59784e-05|0.000506242|0.000503586|0.000745688|0.000390472|3.16477e-05|8.49582e-05|1.50238e-05|7.10273e-05|1.19625e-05,0.00399416|0.000724525|0.0021887|0.00462097|0.000728986|0.00651336|0.000762836|0.00565965|0.000487115|0.000314326|0.000942087|0.00158689,0.0195223|0.0441673|0.0219518|0.0365133|0.0409863|0.0286763|0.0105597|0.0154786|0.0130827|0.00292072|0.00922358|0.00461288,0.0242107|0.0122031|0.0367098|0.0400901|0.0399677|0.0289577|0.00944802|0.0100135|0.0139073|0.0395015|0.00472777|0.0271272,0.974039|0.954535|0.982422|0.988795|0.991379|0.915893|0.981367|0.908062|0.988146|0.948693|0.933061|0.971435,1.83843|4.29962|4.76499|2.98582|1.56401|6.12587|3.20918|3.21404|1.03722|2.11735|5.98339|2.66147,30.2686|24.4191|13.9548|56.34|92.5451|56.2706|32.2763|27.3162|28.0546|99.0064|65.9961,0.160201|0.207518|0.164045|0.189445|0.174898|0.241506|0.204609|0.234565|0.231137|0.235802|0.209925,0.559595|0.400846|0.842052|0.972418|0.692675|0.350755|0.689113|0.973123|0.31734|0.976298|0.118233,0.960777,0.865614,0.120899,0.0868004,0.0443973,0.549768,0.260837,0.538285,0.285384,0.878897,35.8152,3.31207e-13,55109,0.839609,94.1996,1.03756e-13,22888,0.849295,0.839791,0.0338668,0.656048,0.327512,0.511502,0.267077,0.510256,0.20836,0.865791,24.3765,1.91574e-12,96785,0.911926,34.976,6.36299e-12,85196
3,24,n1->n2->n3->n4->n5->n6->n7->n8->n18->n19->n9->n10,1.01975e+11|2.19896e+12|9.86942e+11|2.41468e+10|1.71925e+10|6.20369e+09|1.59356e+10|3.02882e+10|1.79344e+11|8.72734e+13|4.88974e+12|1.19036e+12,5.38235e+10|7.99596e+11|2.57025e+11|2.58863e+09|1.24313e+10|1.6207e+09|4.18966e+09|6.71621e+09|1.01158e+11|1.85268e+13|7.24919e+11|2.86476e+11,0.000676514|0.000589285|0.000150675|0.00042822|3.93241e-05|0.000574029|2.6451e-05|0.000381371|8.49582e-05|1.50238e-05|7.10273e-05|1.19625e-05,0.00399416|0.00221248|0.00013293|0.000225383|0.00026326|0.000130191|0.000180791|0.00570991|0.000487115|0.000314326|0.000942087|0.00158689,0.0195223|0.0321365|0.0411064|0.00259026|0.0154625|0.0106337|0.0189999|0.0161017|0.0130827|0.00292072|0.00922358|0.00461288,0.0242107|0.00948841|0.0108323|0.0377939|0.0101575|0.0454173|0.0287911|0.0285758|0.0139073|0.0395015|0.00472777|0.0271272,0.974039|0.910107|0.976432|0.933254|0.930177|0.984551|0.934194|0.926425|0.988146|0.948693|0.933061|0.971435,1.83843|6.06417|3.3576|2.44626|0.521104|4.26912|3.83792|0.335111|1.03722|2.11735|5.98339|2.66147,79.8117|37.015|10.4739|81.7362|37.2729|32.9383|55.4093|81.3396|28.0546|99.0064|65.9961,0.208125|0.187446|0.213299|0.181317|0.234823|0.234586|0.163678|0.194321|0.231137|0.235802|0.209925,0.112575|0.26228|0.441339|0.126849|0.434803|0.312661|0.383219|0.540423|0.31734|0.976298|0.118233,0.960777,0.865614,0.120899,0.0868004,0.0443973,0.549768,0.260837,0.538285,0.285384,0.878897,35.8152,3.31207e-13,55109,0.839609,94.1996,1.03756e-13,22888,0.849295,0.839791,0.0338668,0.656048,0.327512,0.511502,0.267077,0.510256,0.20836,0.865791,24.3765,1.91574e-12,96785,0.911926,34.976,6.36299e-12,85196
3,25,n1->n2->n3->n4->n5->n15->n16->n17->n18->n19->n20->n10,1.01975e+11|2.19896e+12|9.86942e+11|2.41468e+10|1.71925e+10|3.53263e+12|1.88403e+10|2.82283e+09|1.79344e+11|8.72734e+13|2.0429e+12|1.19036e+12,5.38235e+10|7.99596e+11|2.57025e+11|2.58863e+09|1.24313e+10|2.01845e+12|9.99594e+09|1.47131e+09|1.01158e+11|1.85268e+13|8.72759e+11|2.86476e+11,0.000676514|0.000589285|0.000150675|0.00042822|3.93241e-05|0.000745688|0.000390472|3.16477e-05|8.49582e-05|1.50238e-05|0.000758131|1.19625e-05,0.00399416|0.00221248|0.00013293|0.000225383|0.00026326|0.00651336|0.000762836|0.00565965|0.000487115|0.000314326|0.00836606|0.00158689,0.0195223|0.0321365|0.0411064|0.00259026|0.0154625|0.0286763|0.0105597|0.0154786|0.0130827|0.00292072|0.0340342|0.00461288,0.0242107|0.00948841|0.0108323|0.0377939|0.0101575|0.0289577|0.00944802|0.0100135|0.0139073|0.0395015|0.0408908|0.0271272,0.974039|0.910107|0.976432|0.933254|0.930177|0.915893|0.981367|0.908062|0.988146|0.948693|0.97528|0.971435,1.83843|6.06417|3.3576|2.44626|0.521104|6.12587|3.20918|3.21404|1.03722|2.11735|3.08695|2.66147,79.8117|37.015|10.4739|81.7362|35.0583|56.2706|32.2763|27.3162|28.0546|10.3361|29.3778,0.208125|0.187446|0.213299|0.181317|0.211825|0.241506|0.204609|0.234565|0.231137|0.229825|0.218806,0.112575|0.26228|0.441339|0.126849|0.610625|0.350755|0.689113|0.973123|0.31734|0.200889|0.694407,0.960777,0.865614,0.120899,0.0868004,0.0443973,0.549768,0.260837,0.538285,0.285384,0.878897,35.8152,3.31207e-13,55109,0.839609,94.1996,1.03756e-13,22888,0.849295,0.839791,0.0338668,0.656048,0.327512,0.511502,0.267077,0.510256,0.20836,0.865791,24.3765,1.91574e-12,96785,0.911926,34.976,6.36299e-12,85196
3,26,n1->n2->n3->n4->n5->n6->n16->n17->n18->n19->n20->n10,1.01975e+11|2.19896e+12|9.86942e+11|2.41468e+10|1.71925e+10|6.20369e+09|1.88403e+10|2.82283e+09|1.79344e+11|8.72734e+13|2.0429e+12|1.19036e+12,5.38235e+10|7.99596e+11|2.57025e+11|2.58863e+09|1.24313e+10|1.6207e+09|9.99594e+09|1.47131e+09|1.01158e+11|1.85268e+13|8.72759e+11|2.86476e+11,0.000676514|0.000589285|0.000150675|0.00042822|3.93241e-05|0.000574029|0.000390472|3.16477e-05|8.49582e-05|1.50238e-05|0.000758131|1.19625e-05,0.00399416|0.00221248|0.00013293|0.000225383|0.00026326|0.000130191|0.000762836|0.00565965|0.000487115|0.000314326|0.00836606|0.00158689,0.0195223|0.0321365|0.0411064|0.00259026|0.0154625|0.0106337|0.0105597|0.0154786|0.0130827|0.00292072|0.0340342|0.00461288,0.0242107|0.00948841|0.0108323|0.0377939|0.0101575|0.0454173|0.00944802|0.0100135|0.0139073|0.0395015|0.0408908|0.0271272,0.974039|0.910107|0.976432|0.933254|0.930177|0.984551|0.981367|0.908062|0.988146|0.948693|0.97528|0.971435,1.83843|6.06417|3.3576|2.44626|0.521104|4.26912|3.20918|3.21404|1.03722|2.11735|3.08695|2.66147,79.8117|37.015|10.4739|81.7362|37.2729|50.0569|32.2763|27.3162|28.0546|10.3361|29.3778,0.208125|0.187446|0.213299|0.181317|0.234823|0.186675|0.204609|0.234565|0.231137|0.229825|0.218806,0.112575|0.26228|0.441339|0.126849|0.434803|0.371607|0.689113|0.973123|0.31734|0.200889|0.694407,0.960777,0.865614,0.120899,0.0868004,0.0443973,0.549768,0.260837,0.538285,0.285384,0.878897,35.8152,3.31207e-13,55109,0.839609,94.1996,1.03756e-13,22888,0.849295,0.839791,0.0338668,0.656048,0.327512,0.511502,0.267077,0.510256,0.20836,0.865791,24.3765,1.91574e-12,96785,0.911926,34.976,6.36299e-12,85196
3,27,n1->n2->n3->n13->n14->n15->n16->n17->n7->n8->n9->n10,1.01975e+11|2.19896e+12|9.86942e+11|9.1461e+13|1.55394e+12|3.53263e+12|1.88403e+10|2.82283e+09|1.59356e+10|3.02882e+10|4.88974e+12|1.19036e+12,5.38235e+10|7.99596e+11|2.57025e+11|5.19514e+13|5.08598e+11|2.01845e+12|9.99594e+09|1.47131e+09|4.18966e+09|6.71621e+09|7.24919e+11|2.86476e+11,0.000676514|0.000589285|0.000150675|0.000506242|0.000503586|0.000745688|0.000390472|3.16477e-05|2.6451e-05|0.000381371|7.10273e-05|1.19625e-05,0.00399416|0.00221248|0.00013293|0.00462097|0.000728986|0.00651336|0.000762836|0.00565965|0.000180791|0.00570991|0.000942087|0.00158689,0.0195223|0.0321365|0.0411064|0.0365133|0.0409863|0.0286763|0.0105597|0.0154786|0.0189999|0.0161017|0.00922358|0.00461288,0.0242107|0.00948841|0.0108323|0.0400901|0.0399677|0.0289577|0.00944802|0.0100135|0.0287911|0.0285758|0.00472777|0.0271272,0.974039|0.910107|0.976432|0.988795|0.991379|0.915893|0.981367|0.908062|0.934194|0.926425|0.933061|0.971435,1.83843|6.06417|3.3576|2.98582|1.56401|6.12587|3.20918|3.21404|3.83792|0.335111|5.98339|2.66147,79.8117|37.015|83.9106|56.34|92.5451|56.2706|32.2763|59.8148|55.4093|99.595|65.9961,0.208125|0.187446|0.176807|0.189445|0.174898|0.241506|0.204609|0.239012|0.163678|0.169867|0.209925,0.112575|0.26228|0.224294|0.972418|0.692675|0.350755|0.689113|0.920789|0.383219|0.512253|0.118233,0.960777,0.865614,0.120899,0.0868004,0.0443973,0.549768,0.260837,0.538285,0.285384,0.878897,35.8152,3.31207e-13,55109,0.839609,94.1996,1.03756e-13,22888,0.849295,0.839791,0.0338668,0.656048,0.327512,0.511502,0.267077,0.510256,0.20836,0.865791,24.3765,1.91574e-12,96785,0.911926,34.976,6.36299e-12,85196
3,28,n1->n2->n3->n4->n5->n6->n7->n8->n18->n19->n20->n10,1.01975e+11|2.19896e+12|9.86942e+11|2.41468e+10|1.71925e+10|6.20369e+09|1.59356e+10|3.02882e+10|1.79344e+11|8.72734e+13|2.0429e+12|1.19036e+12,5.38235e+10|7.99596e+11|2.57025e+11|2.58863e+09|1.24313e+10|1.6207e+09|4.18966e+09|6.71621e+09|1.01158e+11|1.85268e+13|8.72759e+11|2.86476e+11,0.000676514|0.000589285|0.000150675|0.00042822|3.93241e-05|0.000574029|2.6451e-05|0.000381371|8.49582e-05|1.50238e-05|0.000758131|1.19625e-05,0.00399416|0.00221248|0.00013293|0.000225383|0.00026326|0.000130191|0.000180791|0.00570991|0.000487115|0.000314326|0.00836606|0.00158689,0.0195223|0.0321365|0.0411064|0.00259026|0.0154625|0.0106337|0.0189999|0.0161017|0.0130827|0.00292072|0.0340342|0.00461288,0.0242107|0.00948841|0.0108323|0.0377939|0.0101575|0.0454173|0.0287911|0.0285758|0.0139073|0.0395015|0.0408908|0.0271272,0.974039|0.910107|0.976432|0.933254|0.930177|0.984551|0.934194|0.926425|0.988146|0.948693|0.97528|0.971435,1.83843|6.06417|3.3576|2.44626|0.521104|4.26912|3.83792|0.335111|1.03722|2.11735|3.08695|2.66147,79.8117|37.015|10.4739|81.7362|37.2729|32.9383|55.4093|81.3396|28.0546|10.3361|29.3778,0.208125|0.187446|0.213299|0.181317|0.234823|0.234586|0.163678|0.194321|0.231137|0.229825|0.218806,0.112575|0.26228|0.441339|0.126849|0.434803|0.312661|0.383219|0.540423|0.31734|0.200889|0.694407,0.960777,0.865614,0.120899,0.0868004,0.0443973,0.549768,0.260837,0.538285,0.285384,0.878897,35.8152,3.31207e-13,55109,0.839609,94.1996,1.03756e-13,22888,0.849295,0.839791,0.0338668,0.656048,0.327512,0.511502,0.267077,0.510256,0.20836,0.865791,24.3765,1.91574e-12,96785,0.911926,34.976,6.36299e-12,85196
3,29,n1->n2->n3->n4->n14->n15->n16->n17->n18->n19->n20->n10,1.01975e+11|2.19896e+12|9.86942e+11|2.41468e+10|1.55394e+12|3.53263e+12|1.88403e+10|2.82283e+09|1.79344e+11|8.72734e+13|2.0429e+12|1.19036e+12,5.38235e+10|7.99596e+11|2.57025e+11|2.58863e+09|5.08598e+11|2.01845e+12|9.99594e+09|1.47131e+09|1.01158e+11|1.85268e+13|8.72759e+11|2.86476e+11,0.000676514|0.000589285|0.000150675|0.00042822|0.000503586|0.000745688|0.000390472|3.16477e-05|8.49582e-05|1.50238e-05|0.000758131|1.19625e-05,0.00399416|0.00221248|0.00013293|0.000225383|0.000728986|0.00651336|0.000762836|0.00565965|0.000487115|0.000314326|0.00836606|0.00158689,0.0195223|0.0321365|0.0411064|0.00259026|0.0409863|0.0286763|0.0105597|0.0154786|0.0130827|0.00292072|0.0340342|0.00461288,0.0242107|0.00948841|0.0108323|0.0377939|0.0399677|0.0289577|0.00944802|0.0100135|0.0139073|0.0395015|0.0408908|0.0271272,0.974039|0.910107|0.976432|0.933254|0.991379|0.915893|0.981367|0.908062|0.988146|0.948693|0.97528|0.971435,1.83843|6.06417|3.3576|2.44626|1.56401|6.12587|3.20918|3.21404|1.03722|2.11735|3.08695|2.66147,79.8117|37.015|10.4739|52.1141|92.5451|56.2706|32.2763|27.3162|28.0546|10.3361|29.3778,0.208125|0.187446|0.213299|0.187731|0.174898|0.241506|0.204609|0.234565|0.231137|0.229825|0.218806,0.112575|0.26228|0.441339|0.911759|0.692675|0.350755|0.689113|0.973123|0.31734|0.200889|0.694407,0.960777,0.865614,0.120899,0.0868004,0.0443973,0.549768,0.260837,0.538285,0.285384,0.878897,35.8152,3.31207e-13,55109,0.839609,94.1996,1.03756e-13,22888,0.849295,0.839791,0.0338668,0.656048,0.327512,0.511502,0.267077,0.510256,0.20836,0.865791,24.3765,1.91574e-12,96785,0.911926,34.976,6.36299e-12,85196
3,30,n1->n2->n3->n4->n14->n15->n16->n17->n7->n8->n9->n10,1.01975e+11|2.19896e+12|9.86942e+11|2.41468e+10|1.55394e+12|3.53263e+12|1.88403e+10|2.82283e+09|1.59356e+10|3.02882e+10|4.88974e+12|1.19036e+12,5.38235e+10|7.99596e+11|2.57025e+11|2.58863e+09|5.08598e+11|2.01845e+12|9.99594e+09|1.47131e+09|4.18966e+09|6.71621e+09|7.24919e+11|2.86476e+11,0.000676514|0.000589285|0.000150675|0.00042822|0.000503586|0.000745688|0.000390472|3.16477e-05|2.6451e-05|0.000381371|7.10273e-05|1.19625e-05,0.00399416|0.00221248|0.00013293|0.000225383|0.000728986|0.00651336|0.000762836|0.00565965|0.000180791|0.00570991|0.000942087|0.00158689,0.0195223|0.0321365|0.0411064|0.00259026|0.0409863|0.0286763|0.0105597|0.0154786|0.0189999|0.0161017|0.00922358|0.00461288,0.0242107|0.00948841|0.0108323|0.0377939|0.0399677|0.0289577|0.00944802|0.0100135|0.0287911|0.0285758|0.00472777|0.0271272,0.974039|0.910107|0.976432|0.933254|0.991379|0.915893|0.981367|0.908062|0.934194|0.926425|0.933061|0.971435,1.83843|6.06417|3.3576|2.44626|1.56401|6.12587|3.20918|3.21404|3.83792|0.335111|5.98339|2.66147,79.8117|37.015|10.4739|52.1141|92.5451|56.2706|32.2763|59.8148|55.4093|99.595|65.9961,0.208125|0.187446|0.213299|0.187731|0.174898|0.241506|0.204609|0.239012|0.163678|0.169867|0.209925,0.112575|0.26228|0.441339|0.911759|0.692675|0.350755|0.689113|0.920789|0.383219|0.512253|0.118233,0.960777,0.865614,0.120899,0.0868004,0.0443973,0.549768,0.260837,0.538285,0.285384,0.878897,35.8152,3.31207e-13,55109,0.839609,94.1996,1.03756e-13,22888,0.849295,0.839791,0.0338668,0.656048,0.327512,0.511502,0.267077,0.510256,0.20836,0.865791,24.3765,1.91574e-12,96785,0.911926,34.976,6.36299e-12,85196
3,31,n1->n2->n3->n4->n5->n6->n7->n8->n9->n19->n20->n10,1.01975e+11|2.19896e+12|9.86942e+11|2.41468e+10|1.71925e+10|6.20369e+09|1.59356e+10|3.02882e+10|4.88974e+12|8.72734e+13|2.0429e+12|1.19036e+12,5.38235e+10|7.99596e+11|2.57025e+11|2.58863e+09|1.24313e+10|1.6207e+09|4.18966e+09|6.71621e+09|7.24919e+11|1.85268e+13|8.72759e+11|2.86476e+11,0.000676514|0.000589285|0.000150675|0.00042822|3.93241e-05|0.000574029|2.6451e-05|0.000381371|7.10273e-05|1.50238e-05|0.000758131|1.19625e-05,0.00399416|0.00221248|0.00013293|0.000225383|0.00026326|0.000130191|0.000180791|0.00570991|0.000942087|0.000314326|0.00836606|0.00158689,0.0195223|0.0321365|0.0411064|0.00259026|0.0154625|0.0106337|0.0189999|0.0161017|0.00922358|0.00292072|0.0340342|0.00461288,0.0242107|0.00948841|0.0108323|0.0377939|0.0101575|0.0454173|0.0287911|0.0285758|0.00472777|0.0395015|0.0408908|0.0271272,0.974039|0.910107|0.976432|0.933254|0.930177|0.984551|0.934194|0.926425|0.933061|0.948693|0.97528|0.971435,1.83843|6.06417|3.3576|2.44626|0.521104|4.26912|3.83792|0.335111|5.98339|2.11735|3.08695|2.66147,79.8117|37.015|10.4739|81.7362|37.2729|32.9383|55.4093|99.595|99.0064|10.3361|29.3778,0.208125|0.187446|0.213299|0.181317|0.234823|0.234586|0.163678|0.169867|0.235802|0.229825|0.218806,0.112575|0.26228|0.441339|0.126849|0.434803|0.312661|0.383219|0.512253|0.976298|0.200889|0.694407,0.960777,0.865614,0.120899,0.0868004,0.0443973,0.549768,0.260837,0.538285,0.285384,0.878897,35.8152,3.31207e-13,55109,0.839609,94.1996,1.03756e-13,22888,0.849295,0.839791,0.0338668,0.656048,0.327512,0.511502,0.267077,0.510256,0.20836,0.865791,24.3765,1.91574e-12,96785,0.911926,34.976,6.36299e-12,85196
3,32,n1->n2->n3->n4->n5->n6->n16->n17->n7->n8->n9->n10,1.01975e+11|2.19896e+12|9.86942e+11|2.41468e+10|1.71925e+10|6.20369e+09|1.88403e+10|2.82283e+09|1.59356e+10|3.02882e+10|4.88974e+12|1.19036e+12,5.38235e+10|7.99596e+11|2.57025e+11|2.58863e+09|1.24313e+10|1.6207e+09|9.99594e+09|1.47131e+09|4.18966e+09|6.71621e+09|7.24919e+11|2.86476e+11,0.000676514|0.000589285|0.000150675|0.00042822|3.93241e-05|0.000574029|0.000390472|3.16477e-05|2.6451e-05|0.000381371|7.10273e-05|1.19625e-05,0.00399416|0.00221248|0.00013293|0.000225383|0.00026326|0.000130191|0.000762836|0.00565965|0.000180791|0.00570991|0.000942087|0.00158689,0.0195223|0.0321365|0.0411064|0.00259026|0.0154625|0.0106337|0.0105597|0.0154786|0.0189999|0.0161017|0.00922358|0.00461288,0.0242107|0.00948841|0.0108323|0.0377939|0.0101575|0.0454173|0.00944802|0.0100135|0.0287911|0.0285758|0.00472777|0.0271272,0.974039|0.910107|0.976432|0.933254|0.930177|0.984551|0.981367|0.908062|0.934194|0.926425|0.933061|0.971435,1.83843|6.06417|3.3576|2.44626|0.521104|4.26912|3.20918|3.21404|3.83792|0.335111|5.98339|2.66147,79.8117|37.015|10.4739|81.7362|37.2729|50.0569|32.2763|59.8148|55.4093|99.595|65.9961,0.208125|0.187446|0.213299|0.181317|0.234823|0.186675|0.204609|0.239012|0.163678|0.169867|0.209925,0.112575|0.26228|0.441339|0.126849|0.434803|0.371607|0.689113|0.920789|0.383219|0.512253|0.118233,0.960777,0.865614,0.120899,0.0868004,0.0443973,0.549768,0.260837,0.538285,0.285384,0.878897,35.8152,3.31207e-13,55109,0.839609,94.1996,1.03756e-13,22888,0.849295,0.839791,0.0338668,0.656048,0.327512,0.511502,0.267077,0.510256,0.20836,0.865791,24.3765,1.91574e-12,96785,0.911926,34.976,6.36299e-12,85196
3,33,n1->n2->n3->n4->n14->n15->n16->n17->n18->n19->n9->n10,1.01975e+11|2.19896e+12|9.86942e+11|2.41468e+10|1.55394e+12|3.53263e+12|1.88403e+10|2.82283e+09|1.79344e+11|8.72734e+13|4.88974e+12|1.19036e+12,5.38235e+10|7.99596e+11|2.57025e+11|2.58863e+09|5.08598e+11|2.01845e+12|9.99594e+09|1.47131e+09|1.01158e+11|1.85268e+13|7.24919e+11|2.86476e+11,0.000676514|0.000589285|0.000150675|0.00042822|0.000503586|0.000745688|0.000390472|3.16477e-05|8.49582e-05|1.50238e-05|7.10273e-05|1.19625e-05,0.00399416|0.00221248|0.00013293|0.000225383|0.000728986|0.00651336|0.000762836|0.00565965|0.000487115|0.000314326|0.000942087|0.00158689,0.0195223|0.0321365|0.0411064|0.00259026|0.0409863|0.0286763|0.0105597|0.0154786|0.0130827|0.00292072|0.00922358|0.00461288,0.0242107|0.00948841|0.0108323|0.0377939|0.0399677|0.0289577|0.00944802|0.0100135|0.0139073|0.0395015|0.00472777|0.0271272,0.974039|0.910107|0.976432|0.933254|0.991379|0.915893|0.981367|0.908062|0.988146|0.948693|0.933061|0.971435,1.83843|6.06417|3.3576|2.44626|1.56401|6.12587|3.20918|3.21404|1.03722|2.11735|5.98339|2.66147,79.8117|37.015|10.4739|52.1141|92.5451|56.2706|32.2763|27.3162|28.0546|99.0064|65.9961,0.208125|0.187446|0.213299|0.187731|0.174898|0.241506|0.204609|0.234565|0.231137|0.235802|0.209925,0.112575|0.26228|0.441339|0.911759|0.692675|0.350755|0.689113|0.973123|0.31734|0.976298|0.118233,0.960777,0.865614,0.120899,0.0868004,0.0443973,0.549768,0.260837,0.538285,0.285384,0.878897,35.8152,3.31207e-13,55109,0.839609,94.1996,1.03756e-13,22888,0.849295,0.839791,0.0338668,0.656048,0.327512,0.511502,0.267077,0.510256,0.20836,0.865791,24.3765,1.91574e-12,96785,0.911926,34.976,6.36299e-12,85196
3,34,n1->n2->n3->n4->n5->n6->n7->n17->n18->n8->n9->n10,1.01975e+11|2.19896e+12|9.86942e+11|2.41468e+10|1.71925e+10|6.20369e+09|1.59356e+10|2.82283e+09|1.79344e+11|3.02882e+10|4.88974e+12|1.19036e+12,5.38235e+10|7.99596e+11|2.57025e+11|2.58863e+09|1.24313e+10|1.6207e+09|4.18966e+09|1.47131e+09|1.01158e+11|6.71621e+09|7.24919e+11|2.86476e+11,0.000676514|0.000589285|0.000150675|0.00042822|3.93241e-05|0.000574029|2.6451e-05|3.16477e-05|8.49582e-05|0.000381371|7.10273e-05|1.19625e-05,0.00399416|0.00221248|0.00013293|0.000225383|0.00026326|0.000130191|0.000180791|0.00565965|0.000487115|0.00570991|0.000942087|0.00158689,0.0195223|0.0321365|0.0411064|0.00259026|0.0154625|0.0106337|0.0189999|0.0154786|0.0130827|0.0161017|0.00922358|0.00461288,0.0242107|0.00948841|0.0108323|0.0377939|0.0101575|0.0454173|0.0287911|0.0100135|0.0139073|0.0285758|0.00472777|0.0271272,0.974039|0.910107|0.976432|0.933254|0.930177|0.984551|0.934194|0.908062|0.988146|0.926425|0.933061|0.971435,1.83843|6.06417|3.3576|2.44626|0.521104|4.26912|3.83792|3.21404|1.03722|0.335111|5.98339|2.66147,79.8117|37.015|10.4739|81.7362|37.2729|32.9383|59.8148|27.3162|81.3396|99.595|65.9961,0.208125|0.187446|0.213299|0.181317|0.234823|0.234586|0.239012|0.234565|0.194321|0.169867|0.209925,0.112575|0.26228|0.441339|0.126849|0.434803|0.312661|0.920789|0.973123|0.540423|0.512253|0.118233,0.960777,0.865614,0.120899,0.0868004,0.0443973,0.549768,0.260837,0.538285,0.285384,0.878897,35.8152,3.31207e-13,55109,0.839609,94.1996,1.03756e-13,22888,0.849295,0.839791,0.0338668,0.656048,0.327512,0.511502,0.267077,0.510256,0.20836,0.865791,24.3765,1.91574e-12,96785,0.911926,34.976,6.36299e-12,85196
3,35,n1->n2->n3->n4->n14->n15->n16->n17->n18->n8->n9->n10,1.01975e+11|2.19896e+12|9.86942e+11|2.41468e+10|1.55394e+12|3.53263e+12|1.88403e+10|2.82283e+09|1.79344e+11|3.02882e+10|4.88974e+12|1.19036e+12,5.38235e+10|7.99596e+11|2.57025e+11|2.58863e+09|5.08598e+11|2.01845e+12|9.99594e+09|1.47131e+09|1.01158e+11|6.71621e+09|7.24919e+11|2.86476e+11,0.000676514|0.000589285|0.000150675|0.00042822|0.000503586|0.000745688|0.000390472|3.16477e-05|8.49582e-05|0.000381371|7.10273e-05|1.19625e-05,0.00399416|0.00221248|0.00013293|0.000225383|0.000728986|0.00651336|0.000762836|0.00565965|0.000487115|0.00570991|0.000942087|0.00158689,0.0195223|0.0321365|0.0411064|0.00259026|0.0409863|0.0286763|0.0105597|0.0154786|0.0130827|0.0161017|0.00922358|0.00461288,0.0242107|0.00948841|0.0108323|0.0377939|0.0399677|0.0289577|0.00944802|0.0100135|0.0139073|0.0285758|0.00472777|0.0271272,0.974039|0.910107|0.976432|0.933254|0.991379|0.915893|0.981367|0.908062|0.988146|0.926425|0.933061|0.971435,1.83843|6.06417|3.3576|2.44626|1.56401|6.12587|3.20918|3.21404|1.03722|0.335111|5.98339|2.66147,79.8117|37.015|10.4739|52.1141|92.5451|56.2706|32.2763|27.3162|81.3396|99.595|65.9961,0.208125|0.187446|0.213299|0.187731|0.174898|0.241506|0.204609|0.234565|0.194321|0.169867|0.209925,0.112575|0.26228|0.441339|0.911759|0.692675|0.350755|0.689113|0.973123|0.540423|0.512253|0.118233,0.960777,0.865614,0.120899,0.0868004,0.0443973,0.549768,0.260837,0.538285,0.285384,0.878897,35.8152,3.31207e-13,55109,0.839609,94.1996,1.03756e-13,22888,0.849295,0.839791,0.0338668,0.656048,0.327512,0.511502,0.267077,0.510256,0.20836,0.865791,24.3765,1.91574e-12,96785,0.911926,34.976,6.36299e-12,85196
3,36,n1->n11->n12->n13->n14->n15->n16->n17->n18->n19->n20->n10,1.01975e+11|3.14092e+10|2.01442e+09|9.1461e+13|1.55394e+12|3.53263e+12|1.88403e+10|2.82283e+09|1.79344e+11|8.72734e+13|2.0429e+12|1.19036e+12,5.38235e+10|3.50301e+09|2.86583e+08|5.19514e+13|5.08598e+11|2.01845e+12|9.99594e+09|1.47131e+09|1.01158e+11|1.85268e+13|8.72759e+11|2.86476e+11,0.000676514|1.12087e-05|4.59784e-05|0.000506242|0.000503586|0.000745688|0.000390472|3.16477e-05|8.49582e-05|1.50238e-05|0.000758131|1.19625e-05,0.00399416|0.000724525|0.0021887|0.00462097|0.000728986|0.00651336|0.000762836|0.00565965|0.000487115|0.000314326|0.00836606|0.00158689,0.0195223|0.0441673|0.0219518|0.0365133|0.0409863|0.0286763|0.0105597|0.0154786|0.0130827|0.00292072|0.0340342|0.00461288,0.0242107|0.0122031|0.0367098|0.0400901|0.0399677|0.0289577|0.00944802|0.0100135|0.0139073|0.0395015|0.0408908|0.0271272,0.974039|0.954535|0.982422|0.988795|0.991379|0.915893|0.981367|0.908062|0.988146|0.948693|0.97528|0.971435,1.83843|4.29962|4.76499|2.98582|1.56401|6.12587|3.20918|3.21404|1.03722|2.11735|3.08695|2.66147,30.2686|24.4191|13.9548|56.34|92.5451|56.2706|32.2763|27.3162|28.0546|10.3361|29.3778,0.160201|0.207518|0.164045|0.189445|0.174898|0.241506|0.204609|0.234565|0.231137|0.229825|0.218806,0.559595|0.400846|0.842052|0.972418|0.692675|0.350755|0.689113|0.973123|0.31734|0.200889|0.694407,0.960777,0.865614,0.120899,0.0868004,0.0443973,0.549768,0.260837,0.538285,0.285384,0.878897,35.8152,3.31207e-13,55109,0.839609,94.1996,1.03756e-13,22888,0.849295,0.839791,0.0338668,0.656048,0.327512,0.511502,0.267077,0.510256,0.20836,0.865791,24.3765,1.91574e-12,96785,0.911926,34.976,6.36299e-12,85196
3,37,n1->n2->n12->n13->n14->n15->n16->n17->n18->n8->n9->n10,1.01975e+11|2.19896e+12|2.01442e+09|9.1461e+13|1.55394e+12|3.53263e+12|1.88403e+10|2.82283e+09|1.79344e+11|3.02882e+10|4.88974e+12|1.19036e+12,5.38235e+10|7.99596e+11|2.86583e+08|5.19514e+13|5.08598e+11|2.01845e+12|9.99594e+09|1.47131e+09|1.01158e+11|6.71621e+09|7.24919e+11|2.86476e+11,0.000676514|0.000589285|4.59784e-05|0.000506242|0.000503586|0.000745688|0.000390472|3.16477e-05|8.49582e-05|0.000381371|7.10273e-05|1.19625e-05,0.00399416|0.00221248|0.0021887|0.00462097|0.000728986|0.00651336|0.000762836|0.00565965|0.000487115|0.00570991|0.000942087|0.00158689,0.0195223|0.0321365|0.0219518|0.0365133|0.0409863|0.0286763|0.0105597|0.0154786|0.0130827|0.0161017|0.00922358|0.00461288,0.0242107|0.00948841|0.0367098|0.0400901|0.0399677|0.0289577|0.00944802|0.0100135|0.0139073|0.0285758|0.00472777|0.0271272,0.974039|0.910107|0.982422|0.988795|0.991379|0.915893|0.981367|0.908062|0.988146|0.926425|0.933061|0.971435,1.83843|6.06417|4.76499|2.98582|1.56401|6.12587|3.20918|3.21404|1.03722|0.335111|5.98339|2.66147,79.8117|88.6198|13.9548|56.34|92.5451|56.2706|32.2763|27.3162|81.3396|99.595|65.9961,0.208125|0.215223|0.164045|0.189445|0.174898|0.241506|0.204609|0.234565|0.194321|0.169867|0.209925,0.112575|0.305593|0.842052|0.972418|0.692675|0.350755|0.689113|0.973123|0.540423|0.512253|0.118233,0.960777,0.865614,0.120899,0.0868004,0.0443973,0.549768,0.260837,0.538285,0.285384,0.878897,35.8152,3.31207e-13,55109,0.839609,94.1996,1.03756e-13,22888,0.849295,0.839791,0.0338668,0.656048,0.327512,0.511502,0.267077,0.510256,0.20836,0.865791,24.3765,1.91574e-12,96785,0.911926,34.976,6.36299e-12,85196
3,38,n1->n2->n3->n4->n5->n6->n7->n17->n18->n19->n20->n10,1.01975e+11|2.19896e+12|9.86942e+11|2.41468e+10|1.71925e+10|6.20369e+09|1.59356e+10|2.82283e+09|1.79344e+11|8.72734e+13|2.0429e+12|1.19036e+12,5.38235e+10|7.99596e+11|2.57025e+11|2.58863e+09|1.24313e+10|1.6207e+09|4.18966e+09|1.47131e+09|1.01158e+11|1.85268e+13|8.72759e+11|2.86476e+11,0.000676514|0.000589285|0.000150675|0.00042822|3.93241e-05|0.000574029|2.6451e-05|3.16477e-05|8.49582e-05|1.50238e-05|0.000758131|1.19625e-05,0.00399416|0.00221248|0.00013293|0.000225383|0.00026326|0.000130191|0.000180791|0.00565965|0.000487115|0.000314326|0.00836606|0.00158689,0.0195223|0.0321365|0.0411064|0.00259026|0.0154625|0.0106337|0.0189999|0.0154786|0.0130827|0.00292072|0.0340342|0.00461288,0.0242107|0.00948841|0.0108323|0.0377939|0.0101575|0.0454173|0.0287911|0.0100135|0.0139073|0.0395015|0.0408908|0.0271272,0.974039|0.910107|0.976432|0.933254|0.930177|0.984551|0.934194|0.908062|0.988146|0.948693|0.97528|0.971435,1.83843|6.06417|3.3576|2.44626|0.521104|4.26912|3.83792|3.21404|1.03722|2.11735|3.08695|2.66147,79.8117|37.015|10.4739|81.7362|37.2729|32.9383|59.8148|27.3162|28.0546|10.3361|29.3778,0.208125|0.187446|0.213299|0.181317|0.234823|0.234586|0.239012|0.234565|0.231137|0.229825|0.218806,0.112575|0.26228|0.441339|0.126849|0.434803|0.312661|0.920789|0.973123|0.31734|0.200889|0.694407,0.960777,0.865614,0.120899,0.0868004,0.0443973,0.549768,0.260837,0.538285,0.285384,0.878897,35.8152,3.31207e-13,55109,0.839609,94.1996,1.03756e-13,22888,0.849295,0.839791,0.0338668,0.656048,0.327512,0.511502,0.267077,0.510256,0.20836,0.865791,24.3765,1.91574e-12,96785,0.911926,34.976,6.36299e-12,85196
3,39,n1->n2->n12->n13->n14->n15->n16->n17->n18->n19->n20->n10,1.01975e+11|2.19896e+12|2.01442e+09|9.1461e+13|1.55394e+12|3.53263e+12|1.88403e+10|2.82283e+09|1.79344e+11|8.72734e+13|2.0429e+12|1.19036e+12,5.38235e+10|7.99596e+11|2.86583e+08|5.19514e+13|5.08598e+11|2.01845e+12|9.99594e+09|1.47131e+09|1.01158e+11|1.85268e+13|8.72759e+11|2.86476e+11,0.000676514|0.000589285|4.59784e-05|0.000506242|0.000503586|0.000745688|0.000390472|3.16477e-05|8.49582e-05|1.50238e-05|0.000758131|1.19625e-05,0.00399416|0.00221248|0.0021887|0.00462097|0.000728986|0.00651336|0.000762836|0.00565965|0.000487115|0.000314326|0.00836606|0.00158689,0.0195223|0.0321365|0.0219518|0.0365133|0.0409863|0.0286763|0.0105597|0.0154786|0.0130827|0.00292072|0.0340342|0.00461288,0.0242107|0.00948841|0.0367098|0.0400901|0.0399677|0.0289577|0.00944802|0.0100135|0.0139073|0.0395015|0.0408908|0.0271272,0.974039|0.910107|0.982422|0.988795|0.991379|0.915893|0.981367|0.908062|0.988146|0.948693|0.97528|0.971435,1.83843|6.06417|4.76499|2.98582|1.56401|6.12587|3.20918|3.21404|1.03722|2.11735|3.08695|2.66147,79.8117|88.6198|13.9548|56.34|92.5451|56.2706|32.2763|27.3162|28.0546|10.3361|29.3778,0.208125|0.215223|0.164045|0.189445|0.174898|0.241506|0.204609|0.234565|0.231137|0.229825|0.218806,0.112575|0.305593|0.842052|0.972418|0.692675|0.350755|0.689113|0.973123|0.31734|0.200889|0.694407,0.960777,0.865614,0.120899,0.0868004,0.0443973,0.549768,0.260837,0.538285,0.285384,0.878897,35.8152,3.31207e-13,55109,0.839609,94.1996,1.03756e-13,22888,0.849295,0.839791,0.0338668,0.656048,0.327512,0.511502,0.267077,0.510256,0.20836,0.865791,24.3765,1.91574e-12,96785,0.911926,34.976,6.36299e-12,85196
3,40,n1->n2->n3->n4->n5->n6->n7->n17->n18->n19->n9->n10,1.01975e+11|2.19896e+12|9.86942e+11|2.41468e+10|1.71925e+10|6.20369e+09|1.59356e+10|2.82283e+09|1.79344e+11|8.72734e+13|4.88974e+12|1.19036e+12,5.38235e+10|7.99596e+11|2.57025e+11|2.58863e+09|1.24313e+10|1.6207e+09|4.18966e+09|1.47131e+09|1.01158e+11|1.85268e+13|7.24919e+11|2.86476e+11,0.000676514|0.000589285|0.000150675|0.00042822|3.93241e-05|0.000574029|2.6451e-05|3.16477e-05|8.49582e-05|1.50238e-05|7.10273e-05|1.19625e-05,0.00399416|0.00221248|0.00013293|0.000225383|0.00026326|0.000130191|0.000180791|0.00565965|0.000487115|0.000314326|0.000942087|0.00158689,0.0195223|0.0321365|0.0411064|0.00259026|0.0154625|0.0106337|0.0189999|0.0154786|0.0130827|0.00292072|0.00922358|0.00461288,0.0242107|0.00948841|0.0108323|0.0377939|0.0101575|0.0454173|0.0287911|0.0100135|0.0139073|0.0395015|0.00472777|0.0271272,0.974039|0.910107|0.976432|0.933254|0.930177|0.984551|0.934194|0.908062|0.988146|0.948693|0.933061|0.971435,1.83843|6.06417|3.3576|2.44626|0.521104|4.26912|3.83792|3.21404|1.03722|2.11735|5.98339|2.66147,79.8117|37.015|10.4739|81.7362|37.2729|32.9383|59.8148|27.3162|28.0546|99.0064|65.9961,0.208125|0.187446|0.213299|0.181317|0.234823|0.234586|0.239012|0.234565|0.231137|0.235802|0.209925,0.112575|0.26228|0.441339|0.126849|0.434803|0.312661|0.920789|0.973123|0.31734|0.976298|0.118233,0.960777,0.865614,0.120899,0.0868004,0.0443973,0.549768,0.260837,0.538285,0.285384,0.878897,35.8152,3.31207e-13,55109,0.839609,94.1996,1.03756e-13,22888,0.849295,0.839791,0.0338668,0.656048,0.327512,0.511502,0.267077,0.510256,0.20836,0.865791,24.3765,1.91574e-12,96785,0.911926,34.976,6.36299e-12,85196
3,41,n1->n11->n12->n22->n23->n13->n14->n4->n5->n6->n7->n8->n9->n10,1.01975e+11|3.14092e+10|2.01442e+09|4.20781e+11|1.30754e+09|9.1461e+13|1.55394e+12|2.41468e+10|1.71925e+10|6.20369e+09|1.59356e+10|3.02882e+10|4.88974e+12|1.19036e+12,5.38235e+10|3.50301e+09|2.86583e+08|3.56381e+11|1.86199e+08|5.19514e+13|5.08598e+11|2.58863e+09|1.24313e+10|1.6207e+09|4.18966e+09|6.71621e+09|7.24919e+11|2.86476e+11,0.000676514|1.12087e-05|4.59784e-05|0.00083263|0.000133247|0.000506242|0.000503586|0.00042822|3.93241e-05|0.000574029|2.6451e-05|0.000381371|7.10273e-05|1.19625e-05,0.00399416|0.000724525|0.0021887|0.000180204|0.00202386|0.00462097|0.000728986|0.000225383|0.00026326|0.000130191|0.000180791|0.00570991|0.000942087|0.00158689,0.0195223|0.0441673|0.0219518|0.0174502|0.0324456|0.0365133|0.0409863|0.00259026|0.0154625|0.0106337|0.0189999|0.0161017|0.00922358|0.00461288,0.0242107|0.0122031|0.0367098|0.0349072|0.038918|0.0400901|0.0399677|0.0377939|0.0101575|0.0454173|0.0287911|0.0285758|0.00472777|0.0271272,0.974039|0.954535|0.982422|0.921048|0.939452|0.988795|0.991379|0.933254|0.930177|0.984551|0.934194|0.926425|0.933061|0.971435,1.83843|4.29962|4.76499|2.04059|1.71839|2.98582|1.56401|2.44626|0.521104|4.26912|3.83792|0.335111|5.98339|2.66147,30.2686|24.4191|13.2112|55.8812|51.9585|56.34|52.1141|81.7362|37.2729|32.9383|55.4093|99.595|65.9961,0.160201|0.207518|0.197882|0.203103|0.175743|0.189445|0.187731|0.181317|0.234823|0.234586|0.163678|0.169867|0.209925,0.559595|0.400846|0.473279|0.544519|0.236177|0.972418|0.911759|0.126849|0.434803|0.312661|0.383219|0.512253|0.118233,0.960777,0.865614,0.120899,0.0868004,0.0443973,0.549768,0.260837,0.538285,0.285384,0.878897,35.8152,3.31207e-13,55109,0.839609,94.1996,1.03756e-13,22888,0.849295,0.839791,0.0338668,0.656048,0.327512,0.511502,0.267077,0.510256,0.20836,0.865791,24.3765,1.91574e-12,96785,0.911926,34.976,6.36299e-12,85196
3,42,n1->n11->n12->n22->n23->n24->n25->n15->n5->n6->n7->n8->n9->n10,1.01975e+11|3.14092e+10|2.01442e+09|4.20781e+11|1.30754e+09|1.19647e+09|4.7689e+13|3.53263e+12|1.71925e+10|6.20369e+09|1.59356e+10|3.02882e+10|4.88974e+12|1.19036e+12,5.38235e+10|3.50301e+09|2.86583e+08|3.56381e+11|1.86199e+08|1.92545e+08|2.99631e+13|2.01845e+12|1.24313e+10|1.6207e+09|4.18966e+09|6.71621e+09|7.24919e+11|2.86476e+11,0.000676514|1.12087e-05|4.59784e-05|0.00083263|0.000133247|4.21479e-05|0.000136619|0.000745688|3.93241e-05|0.000574029|2.6451e-05|0.000381371|7.10273e-05|1.19625e-05,0.00399416|0.000724525|0.0021887|0.000180204|0.00202386|0.000227203|0.000188414|0.00651336|0.00026326|0.000130191|0.000180791|0.00570991|0.000942087|0.00158689,0.0195223|0.0441673|0.0219518|0.0174502|0.0324456|0.00100722|0.0282036|0.0286763|0.0154625|0.0106337|0.0189999|0.0161017|0.00922358|0.00461288,0.0242107|0.0122031|0.0367098|0.0349072|0.038918|0.00787238|0.00307975|0.0289577|0.0101575|0.0454173|0.0287911|0.0285758|0.00472777|0.0271272,0.974039|0.954535|0.982422|0.921048|0.939452|0.963279|0.940934|0.915893|0.930177|0.984551|0.934194|0.926425|0.933061|0.971435,1.83843|4.29962|4.76499|2.04059|1.71839|3.9558|2.45207|6.12587|0.521104|4.26912|3.83792|0.335111|5.98339|2.66147,30.2686|24.4191|13.2112|55.8812|67.5745|18.2346|54.7186|35.0583|37.2729|32.9383|55.4093|99.595|65.9961,0.160201|0.207518|0.197882|0.203103|0.161697|0.171758|0.218311|0.211825|0.234823|0.234586|0.163678|0.169867|0.209925,0.559595|0.400846|0.473279|0.544519|0.50952|0.457727|0.136449|0.610625|0.434803|0.312661|0.383219|0.512253|0.118233,0.960777,0.865614,0.120899,0.0868004,0.0443973,0.549768,0.260837,0.538285,0.285384,0.878897,35.8152,3.31207e-13,55109,0.839609,94.1996,1.03756e-13,22888,0.849295,0.839791,0.0338668,0.656048,0.327512,0.511502,0.267077,0.510256,0.20836,0.865791,24.3765,1.91574e-12,96785,0.911926,34.976,6.36299e-12,85196
3,43,n1->n2->n12->n22->n23->n13->n14->n4->n5->n6->n7->n8->n9->n10,1.01975e+11|2.19896e+12|2.01442e+09|4.20781e+11|1.30754e+09|9.1461e+13|1.55394e+12|2.41468e+10|1.71925e+10|6.20369e+09|1.59356e+10|3.02882e+10|4.88974e+12|1.19036e+12,5.38235e+10|7.99596e+11|2.86583e+08|3.56381e+11|1.86199e+08|5.19514e+13|5.08598e+11|2.58863e+09|1.24313e+10|1.6207e+09|4.18966e+09|6.71621e+09|7.24919e+11|2.86476e+11,0.000676514|0.000589285|4.59784e-05|0.00083263|0.000133247|0.000506242|0.000503586|0.00042822|3.93241e-05|0.000574029|2.6451e-05|0.000381371|7.10273e-05|1.19625e-05,0.00399416|0.00221248|0.0021887|0.000180204|0.00202386|0.00462097|0.000728986|0.000225383|0.00026326|0.000130191|0.000180791|0.00570991|0.000942087|0.00158689,0.0195223|0.0321365|0.0219518|0.0174502|0.0324456|0.0365133|0.0409863|0.00259026|0.0154625|0.0106337|0.0189999|0.0161017|0.00922358|0.00461288,0.0242107|0.00948841|0.0367098|0.0349072|0.038918|0.0400901|0.0399677|0.0377939|0.0101575|0.0454173|0.0287911|0.0285758|0.00472777|0.0271272,0.974039|0.910107|0.982422|0.921048|0.939452|0.988795|0.991379|0.933254|0.930177|0.984551|0.934194|0.926425|0.933061|0.971435,1.83843|6.06417|4.76499|2.04059|1.71839|2.98582|1.56401|2.44626|0.521104|4.26912|3.83792|0.335111|5.98339|2.66147,79.8117|88.6198|13.2112|55.8812|51.9585|56.34|52.1141|81.7362|37.2729|32.9383|55.4093|99.595|65.9961,0.208125|0.215223|0.197882|0.203103|0.175743|0.189445|0.187731|0.181317|0.234823|0.234586|0.163678|0.169867|0.209925,0.112575|0.305593|0.473279|0.544519|0.236177|0.972418|0.911759|0.126849|0.434803|0.312661|0.383219|0.512253|0.118233,0.960777,0.865614,0.120899,0.0868004,0.0443973,0.549768,0.260837,0.538285,0.285384,0.878897,35.8152,3.31207e-13,55109,0.839609,94.1996,1.03756e-13,22888,0.849295,0.839791,0.0338668,0.656048,0.327512,0.511502,0.267077,0.510256,0.20836,0.865791,24.3765,1.91574e-12,96785,0.911926,34.976,6.36299e-12,85196
3,44,n1->n11->n12->n2->n3->n4->n5->n6->n7->n8->n9->n19->n20->n10,1.01975e+11|3.14092e+10|2.01442e+09|2.19896e+12|9.86942e+11|2.41468e+10|1.71925e+10|6.20369e+09|1.59356e+10|3.02882e+10|4.88974e+12|8.72734e+13|2.0429e+12|1.19036e+12,5.38235e+10|3.50301e+09|2.86583e+08|7.99596e+11|2.57025e+11|2.58863e+09|1.24313e+10|1.6207e+09|4.18966e+09|6.71621e+09|7.24919e+11|1.85268e+13|8.72759e+11|2.86476e+11,0.000676514|1.12087e-05|4.59784e-05|0.000589285|0.000150675|0.00042822|3.93241e-05|0.000574029|2.6451e-05|0.000381371|7.10273e-05|1.50238e-05|0.000758131|1.19625e-05,0.00399416|0.000724525|0.0021887|0.00221248|0.00013293|0.000225383|0.00026326|0.000130191|0.000180791|0.00570991|0.000942087|0.000314326|0.00836606|0.00158689,0.0195223|0.0441673|0.0219518|0.0321365|0.0411064|0.00259026|0.0154625|0.0106337|0.0189999|0.0161017|0.00922358|0.00292072|0.0340342|0.00461288,0.0242107|0.0122031|0.0367098|0.00948841|0.0108323|0.0377939|0.0101575|0.0454173|0.0287911|0.0285758|0.00472777|0.0395015|0.0408908|0.0271272,0.974039|0.954535|0.982422|0.910107|0.976432|0.933254|0.930177|0.984551|0.934194|0.926425|0.933061|0.948693|0.97528|0.971435,1.83843|4.29962|4.76499|6.06417|3.3576|2.44626|0.521104|4.26912|3.83792|0.335111|5.98339|2.11735|3.08695|2.66147,30.2686|24.4191|88.6198|37.015|10.4739|81.7362|37.2729|32.9383|55.4093|99.595|99.0064|10.3361|29.3778,0.160201|0.207518|0.215223|0.187446|0.213299|0.181317|0.234823|0.234586|0.163678|0.169867|0.235802|0.229825|0.218806,0.559595|0.400846|0.305593|0.26228|0.441339|0.126849|0.434803|0.312661|0.383219|0.512253|0.976298|0.200889|0.694407,0.960777,0.865614,0.120899,0.0868004,0.0443973,0.549768,0.260837,0.538285,0.285384,0.878897,35.8152,3.31207e-13,55109,0.839609,94.1996,1.03756e-13,22888,0.849295,0.839791,0.0338668,0.656048,0.327512,0.511502,0.267077,0.510256,0.20836,0.865791,24.3765,1.91574e-12,96785,0.911926,34.976,6.36299e-12,85196
3,45,n1->n11->n21->n22->n23->n13->n3->n4->n5->n6->n7->n8->n9->n10,1.01975e+11|3.14092e+10|3.32883e+12|4.20781e+11|1.30754e+09|9.1461e+13|9.86942e+11|2.41468e+10|1.71925e+10|6.20369e+09|1.59356e+10|3.02882e+10|4.88974e+12|1.19036e+12,5.38235e+10|3.50301e+09|3.98612e+11|3.56381e+11|1.86199e+08|5.19514e+13|2.57025e+11|2.58863e+09|1.24313e+10|1.6207e+09|4.18966e+09|6.71621e+09|7.24919e+11|2.86476e+11,0.000676514|1.12087e-05|0.000328127|0.00083263|0.000133247|0.000506242|0.000150675|0.00042822|3.93241e-05|0.000574029|2.6451e-05|0.000381371|7.10273e-05|1.19625e-05,0.00399416|0.000724525|0.00838815|0.000180204|0.00202386|0.00462097|0.00013293|0.000225383|0.00026326|0.000130191|0.000180791|0.00570991|0.000942087|0.00158689,0.0195223|0.0441673|0.00424874|0.0174502|0.0324456|0.0365133|0.0411064|0.00259026|0.0154625|0.0106337|0.0189999|0.0161017|0.00922358|0.00461288,0.0242107|0.0122031|0.0418058|0.0349072|0.038918|0.0400901|0.0108323|0.0377939|0.0101575|0.0454173|0.0287911|0.0285758|0.00472777|0.0271272,0.974039|0.954535|0.988633|0.921048|0.939452|0.988795|0.976432|0.933254|0.930177|0.984551|0.934194|0.926425|0.933061|0.971435,1.83843|4.29962|1.42119|2.04059|1.71839|2.98582|3.3576|2.44626|0.521104|4.26912|3.83792|0.335111|5.98339|2.66147,30.2686|65.1286|34.0839|55.8812|51.9585|83.9106|10.4739|81.7362|37.2729|32.9383|55.4093|99.595|65.9961,0.160201|0.173408|0.249651|0.203103|0.175743|0.176807|0.213299|0.181317|0.234823|0.234586|0.163678|0.169867|0.209925,0.559595|0.625657|0.19649|0.544519|0.236177|0.224294|0.441339|0.126849|0.434803|0.312661|0.383219|0.512253|0.118233,0.960777,0.865614,0.120899,0.0868004,0.0443973,0.549768,0.260837,0.538285,0.285384,0.878897,35.8152,3.31207e-13,55109,0.839609,94.1996,1.03756e-13,22888,0.849295,0.839791,0.0338668,0.656048,0.327512,0.511502,0.267077,0.510256,0.20836,0.865791,24.3765,1.91574e-12,96785,0.911926,34.976,6.36299e-12,85196
3,46,n1->n2->n12->n22->n23->n24->n25->n15->n5->n6->n7->n8->n9->n10,1.01975e+11|2.19896e+12|2.01442e+09|4.20781e+11|1.30754e+09|1.19647e+09|4.7689e+13|3.53263e+12|1.71925e+10|6.20369e+09|1.59356e+10|3.02882e+10|4.88974e+12|1.19036e+12,5.38235e+10|7.99596e+11|2.86583e+08|3.56381e+11|1.86199e+08|1.92545e+08|2.99631e+13|2.01845e+12|1.24313e+10|1.6207e+09|4.18966e+09|6.71621e+09|7.24919e+11|2.86476e+11,0.000676514|0.000589285|4.59784e-05|0.00083263|0.000133247|4.21479e-05|0.000136619|0.000745688|3.93241e-05|0.000574029|2.6451e-05|0.000381371|7.10273e-05|1.19625e-05,0.00399416|0.00221248|0.0021887|0.000180204|0.00202386|0.000227203|0.000188414|0.00651336|0.00026326|0.000130191|0.000180791|0.00570991|0.000942087|0.00158689,0.0195223|0.0321365|0.0219518|0.0174502|0.0324456|0.00100722|0.0282036|0.0286763|0.0154625|0.0106337|0.0189999|0.0161017|0.00922358|0.00461288,0.0242107|0.00948841|0.0367098|0.0349072|0.038918|0.00787238|0.00307975|0.0289577|0.0101575|0.0454173|0.0287911|0.0285758|0.00472777|0.0271272,0.974039|0.910107|0.982422|0.921048|0.939452|0.963279|0.940934|0.915893|0.930177|0.984551|0.934194|0.926425|0.933061|0.971435,1.83843|6.06417|4.76499|2.04059|1.71839|3.9558|2.45207|6.12587|0.521104|4.26912|3.83792|0.335111|5.98339|2.66147,79.8117|88.6198|13.2112|55.8812|67.5745|18.2346|54.7186|35.0583|37.2729|32.9383|55.4093|99.595|65.9961,0.208125|0.215223|0.197882|0.203103|0.161697|0.171758|0.218311|0.211825|0.234823|0.234586|0.163678|0.169867|0.209925,0.112575|0.305593|0.473279|0.544519|0.50952|0.457727|0.136449|0.610625|0.434803|0.312661|0.383219|0.512253|0.118233,0.960777,0.865614,0.120899,0.0868004,0.0443973,0.549768,0.260837,0.538285,0.285384,0.878897,35.8152,3.31207e-13,55109,0.839609,94.1996,1.03756e-13,22888,0.849295,0.839791,0.0338668,0.656048,0.327512,0.511502,0.267077,0.510256,0.20836,0.865791,24.3765,1.91574e-12,96785,0.911926,34.976,6.36299e-12,85196
3,47,n1->n11->n21->n22->n12->n2->n3->n4->n5->n6->n7->n8->n9->n10,1.01975e+11|3.14092e+10|3.32883e+12|4.20781e+11|2.01442e+09|2.19896e+12|9.86942e+11|2.41468e+10|1.71925e+10|6.20369e+09|1.59356e+10|3.02882e+10|4.88974e+12|1.19036e+12,5.38235e+10|3.50301e+09|3.98612e+11|3.56381e+11|2.86583e+08|7.99596e+11|2.57025e+11|2.58863e+09|1.24313e+10|1.6207e+09|4.18966e+09|6.71621e+09|7.24919e+11|2.86476e+11,0.000676514|1.12087e-05|0.000328127|0.00083263|4.59784e-05|0.000589285|0.000150675|0.00042822|3.93241e-05|0.000574029|2.6451e-05|0.000381371|7.10273e-05|1.19625e-05,0.00399416|0.000724525|0.00838815|0.000180204|0.0021887|0.00221248|0.00013293|0.000225383|0.00026326|0.000130191|0.000180791|0.00570991|0.000942087|0.00158689,0.0195223|0.0441673|0.00424874|0.0174502|0.0219518|0.0321365|0.0411064|0.00259026|0.0154625|0.0106337|0.0189999|0.0161017|0.00922358|0.00461288,0.0242107|0.0122031|0.0418058|0.0349072|0.0367098|0.00948841|0.0108323|0.0377939|0.0101575|0.0454173|0.0287911|0.0285758|0.00472777|0.0271272,0.974039|0.954535|0.988633|0.921048|0.982422|0.910107|0.976432|0.933254|0.930177|0.984551|0.934194|0.926425|0.933061|0.971435,1.83843|4.29962|1.42119|2.04059|4.76499|6.06417|3.3576|2.44626|0.521104|4.26912|3.83792|0.335111|5.98339|2.66147,30.2686|65.1286|34.0839|13.2112|88.6198|37.015|10.4739|81.7362|37.2729|32.9383|55.4093|99.595|65.9961,0.160201|0.173408|0.249651|0.197882|0.215223|0.187446|0.213299|0.181317|0.234823|0.234586|0.163678|0.169867|0.209925,0.559595|0.625657|0.19649|0.473279|0.305593|0.26228|0.441339|0.126849|0.434803|0.312661|0.383219|0.512253|0.118233,0.960777,0.865614,0.120899,0.0868004,0.0443973,0.549768,0.260837,0.538285,0.285384,0.878897,35.8152,3.31207e-13,55109,0.839609,94.1996,1.03756e-13,22888,0.849295,0.839791,0.0338668,0.656048,0.327512,0.511502,0.267077,0.510256,0.20836,0.865791,24.3765,1.91574e-12,96785,0.911926,34.976,6.36299e-12,85196
3,48,n1->n2->n12->n13->n23->n24->n14->n4->n5->n6->n7->n8->n9->n10,1.01975e+11|2.19896e+12|2.01442e+09|9.1461e+13|1.30754e+09|1.19647e+09|1.55394e+12|2.41468e+10|1.71925e+10|6.20369e+09|1.59356e+10|3.02882e+10|4.88974e+12|1.19036e+12,5.38235e+10|7.99596e+11|2.86583e+08|5.19514e+13|1.86199e+08|1.92545e+08|5.08598e+11|2.58863e+09|1.24313e+10|1.6207e+09|4.18966e+09|6.71621e+09|7.24919e+11|2.86476e+11,0.000676514|0.000589285|4.59784e-05|0.000506242|0.000133247|4.21479e-05|0.000503586|0.00042822|3.93241e-05|0.000574029|2.6451e-05|0.000381371|7.10273e-05|1.19625e-05,0.00399416|0.00221248|0.0021887|0.00462097|0.00202386|0.000227203|0.000728986|0.000225383|0.00026326|0.000130191|0.000180791|0.00570991|0.000942087|0.00158689,0.0195223|0.0321365|0.0219518|0.0365133|0.0324456|0.00100722|0.0409863|0.00259026|0.0154625|0.0106337|0.0189999|0.0161017|0.00922358|0.00461288,0.0242107|0.00948841|0.0367098|0.0400901|0.038918|0.00787238|0.0399677|0.0377939|0.0101575|0.0454173|0.0287911|0.0285758|0.00472777|0.0271272,0.974039|0.910107|0.982422|0.988795|0.939452|0.963279|0.991379|0.933254|0.930177|0.984551|0.934194|0.926425|0.933061|0.971435,1.83843|6.06417|4.76499|2.98582|1.71839|3.9558|1.56401|2.44626|0.521104|4.26912|3.83792|0.335111|5.98339|2.66147,79.8117|88.6198|13.9548|51.9585|67.5745|66.6304|52.1141|81.7362|37.2729|32.9383|55.4093|99.595|65.9961,0.208125|0.215223|0.164045|0.175743|0.161697|0.249271|0.187731|0.181317|0.234823|0.234586|0.163678|0.169867|0.209925,0.112575|0.305593|0.842052|0.236177|0.50952|0.311928|0.911759|0.126849|0.434803|0.312661|0.383219|0.512253|0.118233,0.960777,0.865614,0.120899,0.0868004,0.0443973,0.549768,0.260837,0.538285,0.285384,0.878897,35.8152,3.31207e-13,55109,0.839609,94.1996,1.03756e-13,22888,0.849295,0.839791,0.0338668,0.656048,0.327512,0.511502,0.267077,0.510256,0.20836,0.865791,24.3765,1.91574e-12,96785,0.911926,34.976,6.36299e-12,85196
3,49,n1->n11->n12->n13->n23->n24->n25->n26->n16->n6->n7->n8->n9->n10,1.01975e+11|3.14092e+10|2.01442e+09|9.1461e+13|1.30754e+09|1.19647e+09|4.7689e+13|1.37743e+11|1.88403e+10|6.20369e+09|1.59356e+10|3.02882e+10|4.88974e+12|1.19036e+12,5.38235e+10|3.50301e+09|2.86583e+08|5.19514e+13|1.86199e+08|1.92545e+08|2.99631e+13|2.62358e+10|9.99594e+09|1.6207e+09|4.18966e+09|6.71621e+09|7.24919e+11|2.86476e+11,0.000676514|1.12087e-05|4.59784e-05|0.000506242|0.000133247|4.21479e-05|0.000136619|0.000235321|0.000390472|0.000574029|2.6451e-05|0.000381371|7.10273e-05|1.19625e-05,0.00399416|0.000724525|0.0021887|0.00462097|0.00202386|0.000227203|0.000188414|0.00480716|0.000762836|0.000130191|0.000180791|0.00570991|0.000942087|0.00158689,0.0195223|0.0441673|0.0219518|0.0365133|0.0324456|0.00100722|0.0282036|0.0384258|0.0105597|0.0106337|0.0189999|0.0161017|0.00922358|0.00461288,0.0242107|0.0122031|0.0367098|0.0400901|0.038918|0.00787238|0.00307975|0.0313876|0.00944802|0.0454173|0.0287911|0.0285758|0.00472777|0.0271272,0.974039|0.954535|0.982422|0.988795|0.939452|0.963279|0.940934|0.951143|0.981367|0.984551|0.934194|0.926425|0.933061|0.971435,1.83843|4.29962|4.76499|2.98582|1.71839|3.9558|2.45207|0.195308|3.20918|4.26912|3.83792|0.335111|5.98339|2.66147,30.2686|24.4191|13.9548|51.9585|67.5745|18.2346|55.6995|11.0615|50.0569|32.9383|55.4093|99.595|65.9961,0.160201|0.207518|0.164045|0.175743|0.161697|0.171758|0.228068|0.208269|0.186675|0.234586|0.163678|0.169867|0.209925,0.559595|0.400846|0.842052|0.236177|0.50952|0.457727|0.389261|0.314052|0.371607|0.312661|0.383219|0.512253|0.118233,0.960777,0.865614,0.120899,0.0868004,0.0443973,0.549768,0.260837,0.538285,0.285384,0.878897,35.8152,3.31207e-13,55109,0.839609,94.1996,1.03756e-13,22888,0.849295,0.839791,0.0338668,0.656048,0.327512,0.511502,0.267077,0.510256,0.20836,0.865791,24.3765,1.91574e-12,96785,0.911926,34.976,6.36299e-12,85196
3,50,n1->n11->n21->n22->n12->n13->n14->n4->n5->n6->n7->n8->n9->n10,1.01975e+11|3.14092e+10|3.32883e+12|4.20781e+11|2.01442e+09|9.1461e+13|1.55394e+12|2.41468e+10|1.71925e+10|6.20369e+09|1.59356e+10|3.02882e+10|4.88974e+12|1.19036e+12,5.38235e+10|3.50301e+09|3.98612e+11|3.56381e+11|2.86583e+08|5.19514e+13|5.08598e+11|2.58863e+09|1.24313e+10|1.6207e+09|4.18966e+09|6.71621e+09|7.24919e+11|2.86476e+11,0.000676514|1.12087e-05|0.000328127|0.00083263|4.59784e-05|0.000506242|0.000503586|0.00042822|3.93241e-05|0.000574029|2.6451e-05|0.000381371|7.10273e-05|1.19625e-05,0.00399416|0.000724525|0.00838815|0.000180204|0.0021887|0.00462097|0.000728986|0.000225383|0.00026326|0.000130191|0.000180791|0.00570991|0.000942087|0.00158689,0.0195223|0.0441673|0.00424874|0.0174502|0.0219518|0.0365133|0.0409863|0.00259026|0.0154625|0.0106337|0.0189999|0.0161017|0.00922358|0.00461288,0.0242107|0.0122031|0.0418058|0.0349072|0.0367098|0.0400901|0.0399677|0.0377939|0.0101575|0.0454173|0.0287911|0.0285758|0.00472777|0.0271272,0.974039|0.954535|0.988633|0.921048|0.982422|0.988795|0.991379|0.933254|0.930177|0.984551|0.934194|0.926425|0.933061|0.971435,1.83843|4.29962|1.42119|2.04059|4.76499|2.98582|1.56401|2.44626|0.521104|4.26912|3.83792|0.335111|5.98339|2.66147,30.2686|65.1286|34.0839|13.2112|13.9548|56.34|52.1141|81.7362|37.2729|32.9383|55.4093|99.595|65.9961,0.160201|0.173408|0.249651|0.197882|0.164045|0.189445|0.187731|0.181317|0.234823|0.234586|0.163678|0.169867|0.209925,0.559595|0.625657|0.19649|0.473279|0.842052|0.972418|0.911759|0.126849|0.434803|0.312661|0.383219|0.512253|0.118233,0.960777,0.865614,0.120899,0.0868004,0.0443973,0.549768,0.260837,0.538285,0.285384,0.878897,35.8152,3.31207e-13,55109,0.839609,94.1996,1.03756e-13,22888,0.849295,0.839791,0.0338668,0.656048,0.327512,0.511502,0.267077,0.510256,0.20836,0.865791,24.3765,1.91574e-12,96785,0.911926,34.976,6.36299e-12,85196
3,51,n1->n2->n3->n4->n5->n15->n25->n26->n16->n6->n7->n8->n9->n10,1.01975e+11|2.19896e+12|9.86942e+11|2.41468e+10|1.71925e+10|3.53263e+12|4.7689e+13|1.37743e+11|1.88403e+10|6.20369e+09|1.59356e+10|3.02882e+10|4.88974e+12|1.19036e+12,5.38235e+10|7.99596e+11|2.57025e+11|2.58863e+09|1.24313e+10|2.01845e+12|2.99631e+13|2.62358e+10|9.99594e+09|1.6207e+09|4.18966e+09|6.71621e+09|7.24919e+11|2.86476e+11,0.000676514|0.000589285|0.000150675|0.00042822|3.93241e-05|0.000745688|0.000136619|0.000235321|0.000390472|0.000574029|2.6451e-05|0.000381371|7.10273e-05|1.19625e-05,0.00399416|0.00221248|0.00013293|0.000225383|0.00026326|0.00651336|0.000188414|0.00480716|0.000762836|0.000130191|0.000180791|0.00570991|0.000942087|0.00158689,0.0195223|0.0321365|0.0411064|0.00259026|0.0154625|0.0286763|0.0282036|0.0384258|0.0105597|0.0106337|0.0189999|0.0161017|0.00922358|0.00461288,0.0242107|0.00948841|0.0108323|0.0377939|0.0101575|0.0289577|0.00307975|0.0313876|0.00944802|0.0454173|0.0287911|0.0285758|0.00472777|0.0271272,0.974039|0.910107|0.976432|0.933254|0.930177|0.915893|0.940934|0.951143|0.981367|0.984551|0.934194|0.926425|0.933061|0.971435,1.83843|6.06417|3.3576|2.44626|0.521104|6.12587|2.45207|0.195308|3.20918|4.26912|3.83792|0.335111|5.98339|2.66147,79.8117|37.015|10.4739|81.7362|35.0583|54.7186|55.6995|11.0615|50.0569|32.9383|55.4093|99.595|65.9961,0.208125|0.187446|0.213299|0.181317|0.211825|0.218311|0.228068|0.208269|0.186675|0.234586|0.163678|0.169867|0.209925,0.112575|0.26228|0.441339|0.126849|0.610625|0.136449|0.389261|0.314052|0.371607|0.312661|0.383219|0.512253|0.118233,0.960777,0.865614,0.120899,0.0868004,0.0443973,0.549768,0.260837,0.538285,0.285384,0.878897,35.8152,3.31207e-13,55109,0.839609,94.1996,1.03756e-13,22888,0.849295,0.839791,0.0338668,0.656048,0.327512,0.511502,0.267077,0.510256,0.20836,0.865791,24.3765,1.91574e-12,96785,0.911926,34.976,6.36299e-12,85196
3,52,n1->n2->n12->n22->n23->n13->n14->n15->n16->n17->n7->n8->n9->n10,1.01975e+11|2.19896e+12|2.01442e+09|4.20781e+11|1.30754e+09|9.1461e+13|1.55394e+12|3.53263e+12|1.88403e+10|2.82283e+09|1.59356e+10|3.02882e+10|4.88974e+12|1.19036e+12,5.38235e+10|7.99596e+11|2.86583e+08|3.56381e+11|1.86199e+08|5.19514e+13|5.08598e+11|2.01845e+12|9.99594e+09|1.47131e+09|4.18966e+09|6.71621e+09|7.24919e+11|2.86476e+11,0.000676514|0.000589285|4.59784e-05|0.00083263|0.000133247|0.000506242|0.000503586|0.000745688|0.000390472|3.16477e-05|2.6451e-05|0.000381371|7.10273e-05|1.19625e-05,0.00399416|0.00221248|0.0021887|0.000180204|0.00202386|0.00462097|0.000728986|0.00651336|0.000762836|0.00565965|0.000180791|0.00570991|0.000942087|0.00158689,0.0195223|0.0321365|0.0219518|0.0174502|0.0324456|0.0365133|0.0409863|0.0286763|0.0105597|0.0154786|0.0189999|0.0161017|0.00922358|0.00461288,0.0242107|0.00948841|0.0367098|0.0349072|0.038918|0.0400901|0.0399677|0.0289577|0.00944802|0.0100135|0.0287911|0.0285758|0.00472777|0.0271272,0.974039|0.910107|0.982422|0.921048|0.939452|0.988795|0.991379|0.915893|0.981367|0.908062|0.934194|0.926425|0.933061|0.971435,1.83843|6.06417|4.76499|2.04059|1.71839|2.98582|1.56401|6.12587|3.20918|3.21404|3.83792|0.335111|5.98339|2.66147,79.8117|88.6198|13.2112|55.8812|51.9585|56.34|92.5451|56.2706|32.2763|59.8148|55.4093|99.595|65.9961,0.208125|0.215223|0.197882|0.203103|0.175743|0.189445|0.174898|0.241506|0.204609|0.239012|0.163678|0.169867|0.209925,0.112575|0.305593|0.473279|0.544519|0.236177|0.972418|0.692675|0.350755|0.689113|0.920789|0.383219|0.512253|0.118233,0.960777,0.865614,0.120899,0.0868004,0.0443973,0.549768,0.260837,0.538285,0.285384,0.878897,35.8152,3.31207e-13,55109,0.839609,94.1996,1.03756e-13,22888,0.849295,0.839791,0.0338668,0.656048,0.327512,0.511502,0.267077,0.510256,0.20836,0.865791,24.3765,1.91574e-12,96785,0.911926,34.976,6.36299e-12,85196
3,53,n1->n11->n21->n22->n23->n24->n25->n26->n27->n28->n29->n19->n20->n10,1.01975e+11|3.14092e+10|3.32883e+12|4.20781e+11|1.30754e+09|1.19647e+09|4.7689e+13|1.37743e+11|4.11784e+12|1.17142e+11|2.58702e+12|8.72734e+13|2.0429e+12|1.19036e+12,5.38235e+10|3.50301e+09|3.98612e+11|3.56381e+11|1.86199e+08|1.92545e+08|2.99631e+13|2.62358e+10|1.44429e+12|3.45855e+10|1.13638e+12|1.85268e+13|8.72759e+11|2.86476e+11,0.000676514|1.12087e-05|0.000328127|0.00083263|0.000133247|4.21479e-05|0.000136619|0.000235321|3.47922e-05|3.80731e-05|0.000201956|1.50238e-05|0.000758131|1.19625e-05,0.00399416|0.000724525|0.00838815|0.000180204|0.00202386|0.000227203|0.000188414|0.00480716|0.000452568|0.000758065|0.00164535|0.000314326|0.00836606|0.00158689,0.0195223|0.0441673|0.00424874|0.0174502|0.0324456|0.00100722|0.0282036|0.0384258|0.0467803|0.0342796|0.0479551|0.00292072|0.0340342|0.00461288,0.0242107|0.0122031|0.0418058|0.0349072|0.038918|0.00787238|0.00307975|0.0313876|0.0312181|0.0019971|0.0254172|0.0395015|0.0408908|0.0271272,0.974039|0.954535|0.988633|0.921048|0.939452|0.963279|0.940934|0.951143|0.945212|0.975528|0.96957|0.948693|0.97528|0.971435,1.83843|4.29962|1.42119|2.04059|1.71839|3.9558|2.45207|0.195308|3.90137|1.77801|4.43247|2.11735|3.08695|2.66147,30.2686|65.1286|34.0839|55.8812|67.5745|18.2346|55.6995|42.5138|15.3326|39.0733|84.7043|10.3361|29.3778,0.160201|0.173408|0.249651|0.203103|0.161697|0.171758|0.228068|0.238968|0.198809|0.16763|0.185955|0.229825|0.218806,0.559595|0.625657|0.19649|0.544519|0.50952|0.457727|0.389261|0.209813|0.368688|0.47242|0.580258|0.200889|0.694407,0.960777,0.865614,0.120899,0.0868004,0.0443973,0.549768,0.260837,0.538285,0.285384,0.878897,35.8152,3.31207e-13,55109,0.839609,94.1996,1.03756e-13,22888,0.849295,0.839791,0.0338668,0.656048,0.327512,0.511502,0.267077,0.510256,0.20836,0.865791,24.3765,1.91574e-12,96785,0.911926,34.976,6.36299e-12,85196
3,54,n1->n11->n21->n22->n23->n24->n25->n15->n5->n6->n7->n8->n9->n10,1.01975e+11|3.14092e+10|3.32883e+12|4.20781e+11|1.30754e+09|1.19647e+09|4.7689e+13|3.53263e+12|1.71925e+10|6.20369e+09|1.59356e+10|3.02882e+10|4.88974e+12|1.19036e+12,5.38235e+10|3.50301e+09|3.98612e+11|3.56381e+11|1.86199e+08|1.92545e+08|2.99631e+13|2.01845e+12|1.24313e+10|1.6207e+09|4.18966e+09|6.71621e+09|7.24919e+11|2.86476e+11,0.000676514|1.12087e-05|0.000328127|0.00083263|0.000133247|4.21479e-05|0.000136619|0.000745688|3.93241e-05|0.000574029|2.6451e-05|0.000381371|7.10273e-05|1.19625e-05,0.00399416|0.000724525|0.00838815|0.000180204|0.00202386|0.000227203|0.000188414|0.00651336|0.00026326|0.000130191|0.000180791|0.00570991|0.000942087|0.00158689,0.0195223|0.0441673|0.00424874|0.0174502|0.0324456|0.00100722|0.0282036|0.0286763|0.0154625|0.0106337|0.0189999|0.0161017|0.00922358|0.00461288,0.0242107|0.0122031|0.0418058|0.0349072|0.038918|0.00787238|0.00307975|0.0289577|0.0101575|0.0454173|0.0287911|0.0285758|0.00472777|0.0271272,0.974039|0.954535|0.988633|0.921048|0.939452|0.963279|0.940934|0.915893|0.930177|0.984551|0.934194|0.926425|0.933061|0.971435,1.83843|4.29962|1.42119|2.04059|1.71839|3.9558|2.45207|6.12587|0.521104|4.26912|3.83792|0.335111|5.98339|2.66147,30.2686|65.1286|34.0839|55.8812|67.5745|18.2346|54.7186|35.0583|37.2729|32.9383|55.4093|99.595|65.9961,0.160201|0.173408|0.249651|0.203103|0.161697|0.171758|0.218311|0.211825|0.234823|0.234586|0.163678|0.169867|0.209925,0.559595|0.625657|0.19649|0.544519|0.50952|0.457727|0.136449|0.610625|0.434803|0.312661|0.383219|0.512253|0.118233,0.960777,0.865614,0.120899,0.0868004,0.0443973,0.549768,0.260837,0.538285,0.285384,0.878897,35.8152,3.31207e-13,55109,0.839609,94.1996,1.03756e-13,22888,0.849295,0.839791,0.0338668,0.656048,0.327512,0.511502,0.267077,0.510256,0.20836,0.865791,24.3765,1.91574e-12,96785,0.911926,34.976,6.36299e-12,85196
3,55,n1->n11->n21->n22->n23->n24->n25->n26->n27->n17->n18->n19->n9->n10,1.01975e+11|3.14092e+10|3.32883e+12|4.20781e+11|1.30754e+09|1.19647e+09|4.7689e+13|1.37743e+11|4.11784e+12|2.82283e+09|1.79344e+11|8.72734e+13|4.88974e+12|1.19036e+12,5.38235e+10|3.50301e+09|3.98612e+11|3.56381e+11|1.86199e+08|1.92545e+08|2.99631e+13|2.62358e+10|1.44429e+12|1.47131e+09|1.01158e+11|1.85268e+13|7.24919e+11|2.86476e+11,0.000676514|1.12087e-05|0.000328127|0.00083263|0.000133247|4.21479e-05|0.000136619|0.000235321|3.47922e-05|3.16477e-05|8.49582e-05|1.50238e-05|7.10273e-05|1.19625e-05,0.00399416|0.000724525|0.00838815|0.000180204|0.00202386|0.000227203|0.000188414|0.00480716|0.000452568|0.00565965|0.000487115|0.000314326|0.000942087|0.00158689,0.0195223|0.0441673|0.00424874|0.0174502|0.0324456|0.00100722|0.0282036|0.0384258|0.0467803|0.0154786|0.0130827|0.00292072|0.00922358|0.00461288,0.0242107|0.0122031|0.0418058|0.0349072|0.038918|0.00787238|0.00307975|0.0313876|0.0312181|0.0100135|0.0139073|0.0395015|0.00472777|0.0271272,0.974039|0.954535|0.988633|0.921048|0.939452|0.963279|0.940934|0.951143|0.945212|0.908062|0.988146|0.948693|0.933061|0.971435,1.83843|4.29962|1.42119|2.04059|1.71839|3.9558|2.45207|0.195308|3.90137|3.21404|1.03722|2.11735|5.98339|2.66147,30.2686|65.1286|34.0839|55.8812|67.5745|18.2346|55.6995|42.5138|72.2829|27.3162|28.0546|99.0064|65.9961,0.160201|0.173408|0.249651|0.203103|0.161697|0.171758|0.228068|0.238968|0.201328|0.234565|0.231137|0.235802|0.209925,0.559595|0.625657|0.19649|0.544519|0.50952|0.457727|0.389261|0.209813|0.672327|0.973123|0.31734|0.976298|0.118233,0.960777,0.865614,0.120899,0.0868004,0.0443973,0.549768,0.260837,0.538285,0.285384,0.878897,35.8152,3.31207e-13,55109,0.839609,94.1996,1.03756e-13,22888,0.849295,0.839791,0.0338668,0.656048,0.327512,0.511502,0.267077,0.510256,0.20836,0.865791,24.3765,1.91574e-12,96785,0.911926,34.976,6.36299e-12,85196
3,56,n1->n11->n21->n22->n23->n13->n14->n4->n5->n6->n7->n8->n9->n10,1.01975e+11|3.14092e+10|3.32883e+12|4.20781e+11|1.30754e+09|9.1461e+13|1.55394e+12|2.41468e+10|1.71925e+10|6.20369e+09|1.59356e+10|3.02882e+10|4.88974e+12|1.19036e+12,5.38235e+10|3.50301e+09|3.98612e+11|3.56381e+11|1.86199e+08|5.19514e+13|5.08598e+11|2.58863e+09|1.24313e+10|1.6207e+09|4.18966e+09|6.71621e+09|7.24919e+11|2.86476e+11,0.000676514|1.12087e-05|0.000328127|0.00083263|0.000133247|0.000506242|0.000503586|0.00042822|3.93241e-05|0.000574029|2.6451e-05|0.000381371|7.10273e-05|1.19625e-05,0.00399416|0.000724525|0.00838815|0.000180204|0.00202386|0.00462097|0.000728986|0.000225383|0.00026326|0.000130191|0.000180791|0.00570991|0.000942087|0.00158689,0.0195223|0.0441673|0.00424874|0.0174502|0.0324456|0.0365133|0.0409863|0.00259026|0.0154625|0.0106337|0.0189999|0.0161017|0.00922358|0.00461288,0.0242107|0.0122031|0.0418058|0.0349072|0.038918|0.0400901|0.0399677|0.0377939|0.0101575|0.0454173|0.0287911|0.0285758|0.00472777|0.0271272,0.974039|0.954535|0.988633|0.921048|0.939452|0.988795|0.991379|0.933254|0.930177|0.984551|0.934194|0.926425|0.933061|0.971435,1.83843|4.29962|1.42119|2.04059|1.71839|2.98582|1.56401|2.44626|0.521104|4.26912|3.83792|0.335111|5.98339|2.66147,30.2686|65.1286|34.0839|55.8812|51.9585|56.34|52.1141|81.7362|37.2729|32.9383|55.4093|99.595|65.9961,0.160201|0.173408|0.249651|0.203103|0.175743|0.189445|0.187731|0.181317|0.234823|0.234586|0.163678|0.169867|0.209925,0.559595|0.625657|0.19649|0.544519|0.236177|0.972418|0.911759|0.126849|0.434803|0.312661|0.383219|0.512253|0.118233,0.960777,0.865614,0.120899,0.0868004,0.0443973,0.549768,0.260837,0.538285,0.285384,0.878897,35.8152,3.31207e-13,55109,0.839609,94.1996,1.03756e-13,22888,0.849295,0.839791,0.0338668,0.656048,0.327512,0.511502,0.267077,0.510256,0.20836,0.865791,24.3765,1.91574e-12,96785,0.911926,34.976,6.36299e-12,85196
3,57,n1->n11->n21->n22->n23->n24->n14->n15->n16->n6->n7->n8->n9->n10,1.01975e+11|3.14092e+10|3.32883e+12|4.20781e+11|1.30754e+09|1.19647e+09|1.55394e+12|3.53263e+12|1.88403e+10|6.20369e+09|1.59356e+10|3.02882e+10|4.88974e+12|1.19036e+12,5.38235e+10|3.50301e+09|3.98612e+11|3.56381e+11|1.86199e+08|1.92545e+08|5.08598e+11|2.01845e+12|9.99594e+09|1.6207e+09|4.18966e+09|6.71621e+09|7.24919e+11|2.86476e+11,0.000676514|1.12087e-05|0.000328127|0.00083263|0.000133247|4.21479e-05|0.000503586|0.000745688|0.000390472|0.000574029|2.6451e-05|0.000381371|7.10273e-05|1.19625e-05,0.00399416|0.000724525|0.00838815|0.000180204|0.00202386|0.000227203|0.000728986|0.00651336|0.000762836|0.000130191|0.000180791|0.00570991|0.000942087|0.00158689,0.0195223|0.0441673|0.00424874|0.0174502|0.0324456|0.00100722|0.0409863|0.0286763|0.0105597|0.0106337|0.0189999|0.0161017|0.00922358|0.00461288,0.0242107|0.0122031|0.0418058|0.0349072|0.038918|0.00787238|0.0399677|0.0289577|0.00944802|0.0454173|0.0287911|0.0285758|0.00472777|0.0271272,0.974039|0.954535|0.988633|0.921048|0.939452|0.963279|0.991379|0.915893|0.981367|0.984551|0.934194|0.926425|0.933061|0.971435,1.83843|4.29962|1.42119|2.04059|1.71839|3.9558|1.56401|6.12587|3.20918|4.26912|3.83792|0.335111|5.98339|2.66147,30.2686|65.1286|34.0839|55.8812|67.5745|66.6304|92.5451|56.2706|50.0569|32.9383|55.4093|99.595|65.9961,0.160201|0.173408|0.249651|0.203103|0.161697|0.249271|0.174898|0.241506|0.186675|0.234586|0.163678|0.169867|0.209925,0.559595|0.625657|0.19649|0.544519|0.50952|0.311928|0.692675|0.350755|0.371607|0.312661|0.383219|0.512253|0.118233,0.960777,0.865614,0.120899,0.0868004,0.0443973,0.549768,0.260837,0.538285,0.285384,0.878897,35.8152,3.31207e-13,55109,0.839609,94.1996,1.03756e-13,22888,0.849295,0.839791,0.0338668,0.656048,0.327512,0.511502,0.267077,0.510256,0.20836,0.865791,24.3765,1.91574e-12,96785,0.911926,34.976,6.36299e-12,85196
3,58,n1->n2->n3->n13->n23->n24->n25->n26->n16->n17->n7->n8->n9->n10,1.01975e+11|2.19896e+12|9.86942e+11|9.1461e+13|1.30754e+09|1.19647e+09|4.7689e+13|1.37743e+11|1.88403e+10|2.82283e+09|1.59356e+10|3.02882e+10|4.88974e+12|1.19036e+12,5.38235e+10|7.99596e+11|2.57025e+11|5.19514e+13|1.86199e+08|1.92545e+08|2.99631e+13|2.62358e+10|9.99594e+09|1.47131e+09|4.18966e+09|6.71621e+09|7.24919e+11|2.86476e+11,0.000676514|0.000589285|0.000150675|0.000506242|0.000133247|4.21479e-05|0.000136619|0.000235321|0.000390472|3.16477e-05|2.6451e-05|0.000381371|7.10273e-05|1.19625e-05,0.00399416|0.00221248|0.00013293|0.00462097|0.00202386|0.000227203|0.000188414|0.00480716|0.000762836|0.00565965|0.000180791|0.00570991|0.000942087|0.00158689,0.0195223|0.0321365|0.0411064|0.0365133|0.0324456|0.00100722|0.0282036|0.0384258|0.0105597|0.0154786|0.0189999|0.0161017|0.00922358|0.00461288,0.0242107|0.00948841|0.0108323|0.0400901|0.038918|0.00787238|0.00307975|0.0313876|0.00944802|0.0100135|0.0287911|0.0285758|0.00472777|0.0271272,0.974039|0.910107|0.976432|0.988795|0.939452|0.963279|0.940934|0.951143|0.981367|0.908062|0.934194|0.926425|0.933061|0.971435,1.83843|6.06417|3.3576|2.98582|1.71839|3.9558|2.45207|0.195308|3.20918|3.21404|3.83792|0.335111|5.98339|2.66147,79.8117|37.015|83.9106|51.9585|67.5745|18.2346|55.6995|11.0615|32.2763|59.8148|55.4093|99.595|65.9961,0.208125|0.187446|0.176807|0.175743|0.161697|0.171758|0.228068|0.208269|0.204609|0.239012|0.163678|0.169867|0.209925,0.112575|0.26228|0.224294|0.236177|0.50952|0.457727|0.389261|0.314052|0.689113|0.920789|0.383219|0.512253|0.118233,0.960777,0.865614,0.120899,0.0868004,0.0443973,0.549768,0.260837,0.538285,0.285384,0.878897,35.8152,3.31207e-13,55109,0.839609,94.1996,1.03756e-13,22888,0.849295,0.839791,0.0338668,0.656048,0.327512,0.511502,0.267077,0.510256,0.20836,0.865791,24.3765,1.91574e-12,96785,0.911926,34.976,6.36299e-12,85196
3,59,n1->n2->n3->n4->n14->n24->n25->n26->n16->n6->n7->n8->n9->n10,1.01975e+11|2.19896e+12|9.86942e+11|2.41468e+10|1.55394e+12|1.19647e+09|4.7689e+13|1.37743e+11|1.88403e+10|6.20369e+09|1.59356e+10|3.02882e+10|4.88974e+12|1.19036e+12,5.38235e+10|7.99596e+11|2.57025e+11|2.58863e+09|5.08598e+11|1.92545e+08|2.99631e+13|2.62358e+10|9.99594e+09|1.6207e+09|4.18966e+09|6.71621e+09|7.24919e+11|2.86476e+11,0.000676514|0.000589285|0.000150675|0.00042822|0.000503586|4.21479e-05|0.000136619|0.000235321|0.000390472|0.000574029|2.6451e-05|0.000381371|7.10273e-05|1.19625e-05,0.00399416|0.00221248|0.00013293|0.000225383|0.000728986|0.000227203|0.000188414|0.00480716|0.000762836|0.000130191|0.000180791|0.00570991|0.000942087|0.00158689,0.0195223|0.0321365|0.0411064|0.00259026|0.0409863|0.00100722|0.0282036|0.0384258|0.0105597|0.0106337|0.0189999|0.0161017|0.00922358|0.00461288,0.0242107|0.00948841|0.0108323|0.0377939|0.0399677|0.00787238|0.00307975|0.0313876|0.00944802|0.0454173|0.0287911|0.0285758|0.00472777|0.0271272,0.974039|0.910107|0.976432|0.933254|0.991379|0.963279|0.940934|0.951143|0.981367|0.984551|0.934194|0.926425|0.933061|0.971435,1.83843|6.06417|3.3576|2.44626|1.56401|3.9558|2.45207|0.195308|3.20918|4.26912|3.83792|0.335111|5.98339|2.66147,79.8117|37.015|10.4739|52.1141|66.6304|18.2346|55.6995|11.0615|50.0569|32.9383|55.4093|99.595|65.9961,0.208125|0.187446|0.213299|0.187731|0.249271|0.171758|0.228068|0.208269|0.186675|0.234586|0.163678|0.169867|0.209925,0.112575|0.26228|0.441339|0.911759|0.311928|0.457727|0.389261|0.314052|0.371607|0.312661|0.383219|0.512253|0.118233,0.960777,0.865614,0.120899,0.0868004,0.0443973,0.549768,0.260837,0.538285,0.285384,0.878897,35.8152,3.31207e-13,55109,0.839609,94.1996,1.03756e-13,22888,0.849295,0.839791,0.0338668,0.656048,0.327512,0.511502,0.267077,0.510256,0.20836,0.865791,24.3765,1.91574e-12,96785,0.911926,34.976,6.36299e-12,85196
3,60,n1->n2->n12->n22->n23->n24->n14->n15->n5->n6->n7->n8->n9->n10,1.01975e+11|2.19896e+12|2.01442e+09|4.20781e+11|1.30754e+09|1.19647e+09|1.55394e+12|3.53263e+12|1.71925e+10|6.20369e+09|1.59356e+10|3.02882e+10|4.88974e+12|1.19036e+12,5.38235e+10|7.99596e+11|2.86583e+08|3.56381e+11|1.86199e+08|1.92545e+08|5.08598e+11|2.01845e+12|1.24313e+10|1.6207e+09|4.18966e+09|6.71621e+09|7.24919e+11|2.86476e+11,0.000676514|0.000589285|4.59784e-05|0.00083263|0.000133247|4.21479e-05|0.000503586|0.000745688|3.93241e-05|0.000574029|2.6451e-05|0.000381371|7.10273e-05|1.19625e-05,0.00399416|0.00221248|0.0021887|0.000180204|0.00202386|0.000227203|0.000728986|0.00651336|0.00026326|0.000130191|0.000180791|0.00570991|0.000942087|0.00158689,0.0195223|0.0321365|0.0219518|0.0174502|0.0324456|0.00100722|0.0409863|0.0286763|0.0154625|0.0106337|0.0189999|0.0161017|0.00922358|0.00461288,0.0242107|0.00948841|0.0367098|0.0349072|0.038918|0.00787238|0.0399677|0.0289577|0.0101575|0.0454173|0.0287911|0.0285758|0.00472777|0.0271272,0.974039|0.910107|0.982422|0.921048|0.939452|0.963279|0.991379|0.915893|0.930177|0.984551|0.934194|0.926425|0.933061|0.971435,1.83843|6.06417|4.76499|2.04059|1.71839|3.9558|1.56401|6.12587|0.521104|4.26912|3.83792|0.335111|5.98339|2.66147,79.8117|88.6198|13.2112|55.8812|67.5745|66.6304|92.5451|35.0583|37.2729|32.9383|55.4093|99.595|65.9961,0.208125|0.215223|0.197882|0.203103|0.161697|0.249271|0.174898|0.211825|0.234823|0.234586|0.163678|0.169867|0.209925,0.112575|0.305593|0.473279|0.544519|0.50952|0.311928|0.692675|0.610625|0.434803|0.312661|0.383219|0.512253|0.118233,0.960777,0.865614,0.120899,0.0868004,0.0443973,0.549768,0.260837,0.538285,0.285384,0.878897,35.8152,3.31207e-13,55109,0.839609,94.1996,1.03756e-13,22888,0.849295,0.839791,0.0338668,0.656048,0.327512,0.511502,0.267077,0.510256,0.20836,0.865791,24.3765,1.91574e-12,96785,0.911926,34.976,6.36299e-12,85196
3,61,n1->n2->n3->n13->n14->n4->n5->n6->n7->n8->n9->n19->n20->n10,1.01975e+11|2.19896e+12|9.86942e+11|9.1461e+13|1.55394e+12|2.41468e+10|1.71925e+10|6.20369e+09|1.59356e+10|3.02882e+10|4.88974e+12|8.72734e+13|2.0429e+12|1.19036e+12,5.38235e+10|7.99596e+11|2.57025e+11|5.19514e+13|5.08598e+11|2.58863e+09|1.24313e+10|1.6207e+09|4.18966e+09|6.71621e+09|7.24919e+11|1.85268e+13|8.72759e+11|2.86476e+11,0.000676514|0.000589285|0.000150675|0.000506242|0.000503586|0.00042822|3.93241e-05|0.000574029|2.6451e-05|0.000381371|7.10273e-05|1.50238e-05|0.000758131|1.19625e-05,0.00399416|0.00221248|0.00013293|0.00462097|0.000728986|0.000225383|0.00026326|0.000130191|0.000180791|0.00570991|0.000942087|0.000314326|0.00836606|0.00158689,0.0195223|0.0321365|0.0411064|0.0365133|0.0409863|0.00259026|0.0154625|0.0106337|0.0189999|0.0161017|0.00922358|0.00292072|0.0340342|0.00461288,0.0242107|0.00948841|0.0108323|0.0400901|0.0399677|0.0377939|0.0101575|0.0454173|0.0287911|0.0285758|0.00472777|0.0395015|0.0408908|0.0271272,0.974039|0.910107|0.976432|0.988795|0.991379|0.933254|0.930177|0.984551|0.934194|0.926425|0.933061|0.948693|0.97528|0.971435,1.83843|6.06417|3.3576|2.98582|1.56401|2.44626|0.521104|4.26912|3.83792|0.335111|5.98339|2.11735|3.08695|2.66147,79.8117|37.015|83.9106|56.34|52.1141|81.7362|37.2729|32.9383|55.4093|99.595|99.0064|10.3361|29.3778,0.208125|0.187446|0.176807|0.189445|0.187731|0.181317|0.234823|0.234586|0.163678|0.169867|0.235802|0.229825|0.218806,0.112575|0.26228|0.224294|0.972418|0.911759|0.126849|0.434803|0.312661|0.383219|0.512253|0.976298|0.200889|0.694407,0.960777,0.865614,0.120899,0.0868004,0.0443973,0.549768,0.260837,0.538285,0.285384,0.878897,35.8152,3.31207e-13,55109,0.839609,94.1996,1.03756e-13,22888,0.849295,0.839791,0.0338668,0.656048,0.327512,0.511502,0.267077,0.510256,0.20836,0.865791,24.3765,1.91574e-12,96785,0.911926,34.976,6.36299e-12,85196
3,62,n1->n11->n12->n22->n23->n13->n3->n4->n5->n6->n7->n8->n9->n10,1.01975e+11|3.14092e+10|2.01442e+09|4.20781e+11|1.30754e+09|9.1461e+13|9.86942e+11|2.41468e+10|1.71925e+10|6.20369e+09|1.59356e+10|3.02882e+10|4.88974e+12|1.19036e+12,5.38235e+10|3.50301e+09|2.86583e+08|3.56381e+11|1.86199e+08|5.19514e+13|2.57025e+11|2.58863e+09|1.24313e+10|1.6207e+09|4.18966e+09|6.71621e+09|7.24919e+11|2.86476e+11,0.000676514|1.12087e-05|4.59784e-05|0.00083263|0.000133247|0.000506242|0.000150675|0.00042822|3.93241e-05|0.000574029|2.6451e-05|0.000381371|7.10273e-05|1.19625e-05,0.00399416|0.000724525|0.0021887|0.000180204|0.00202386|0.00462097|0.00013293|0.000225383|0.00026326|0.000130191|0.000180791|0.00570991|0.000942087|0.00158689,0.0195223|0.0441673|0.0219518|0.0174502|0.0324456|0.0365133|0.0411064|0.00259026|0.0154625|0.0106337|0.0189999|0.0161017|0.00922358|0.00461288,0.0242107|0.0122031|0.0367098|0.0349072|0.038918|0.0400901|0.0108323|0.0377939|0.0101575|0.0454173|0.0287911|0.0285758|0.00472777|0.0271272,0.974039|0.954535|0.982422|0.921048|0.939452|0.988795|0.976432|0.933254|0.930177|0.984551|0.934194|0.926425|0.933061|0.971435,1.83843|4.29962|4.76499|2.04059|1.71839|2.98582|3.3576|2.44626|0.521104|4.26912|3.83792|0.335111|5.98339|2.66147,30.2686|24.4191|13.2112|55.8812|51.9585|83.9106|10.4739|81.7362|37.2729|32.9383|55.4093|99.595|65.9961,0.160201|0.207518|0.197882|0.203103|0.175743|0.176807|0.213299|0.181317|0.234823|0.234586|0.163678|0.169867|0.209925,0.559595|0.400846|0.473279|0.544519|0.236177|0.224294|0.441339|0.126849|0.434803|0.312661|0.383219|0.512253|0.118233,0.960777,0.865614,0.120899,0.0868004,0.0443973,0.549768,0.260837,0.538285,0.285384,0.878897,35.8152,3.31207e-13,55109,0.839609,94.1996,1.03756e-13,22888,0.849295,0.839791,0.0338668,0.656048,0.327512,0.511502,0.267077,0.510256,0.20836,0.865791,24.3765,1.91574e-12,96785,0.911926,34.976,6.36299e-12,85196
3,63,n1->n2->n12->n22->n23->n24->n14->n15->n16->n6->n7->n8->n9->n10,1.01975e+11|2.19896e+12|2.01442e+09|4.20781e+11|1.30754e+09|1.19647e+09|1.55394e+12|3.53263e+12|1.88403e+10|6.20369e+09|1.59356e+10|3.02882e+10|4.88974e+12|1.19036e+12,5.38235e+10|7.99596e+11|2.86583e+08|3.56381e+11|1.86199e+08|1.92545e+08|5.08598e+11|2.01845e+12|9.99594e+09|1.6207e+09|4.18966e+09|6.71621e+09|7.24919e+11|2.86476e+11,0.000676514|0.000589285|4.59784e-05|0.00083263|0.000133247|4.21479e-05|0.000503586|0.000745688|0.000390472|0.000574029|2.6451e-05|0.000381371|7.10273e-05|1.19625e-05,0.00399416|0.00221248|0.0021887|0.000180204|0.00202386|0.000227203|0.000728986|0.00651336|0.000762836|0.000130191|0.000180791|0.00570991|0.000942087|0.00158689,0.0195223|0.0321365|0.0219518|0.0174502|0.0324456|0.00100722|0.0409863|0.0286763|0.0105597|0.0106337|0.0189999|0.0161017|0.00922358|0.00461288,0.0242107|0.00948841|0.0367098|0.0349072|0.038918|0.00787238|0.0399677|0.0289577|0.00944802|0.0454173|0.0287911|0.0285758|0.00472777|0.0271272,0.974039|0.910107|0.982422|0.921048|0.939452|0.963279|0.991379|0.915893|0.981367|0.984551|0.934194|0.926425|0.933061|0.971435,1.83843|6.06417|4.76499|2.04059|1.71839|3.9558|1.56401|6.12587|3.20918|4.26912|3.83792|0.335111|5.98339|2.66147,79.8117|88.6198|13.2112|55.8812|67.5745|66.6304|92.5451|56.2706|50.0569|32.9383|55.4093|99.595|65.9961,0.208125|0.215223|0.197882|0.203103|0.161697|0.249271|0.174898|0.241506|0.186675|0.234586|0.163678|0.169867|0.209925,0.112575|0.305593|0.473279|0.544519|0.50952|0.311928|0.692675|0.350755|0.371607|0.312661|0.383219|0.512253|0.118233,0.960777,0.865614,0.120899,0.0868004,0.0443973,0.549768,0.260837,0.538285,0.285384,0.878897,35.8152,3.31207e-13,55109,0.839609,94.1996,1.03756e-13,22888,0.849295,0.839791,0.0338668,0.656048,0.327512,0.511502,0.267077,0.510256,0.20836,0.865791,24.3765,1.91574e-12,96785,0.911926,34.976,6.36299e-12,85196
3,64,n1->n11->n12->n13->n23->n24->n14->n4->n5->n6->n7->n8->n9->n10,1.01975e+11|3.14092e+10|2.01442e+09|9.1461e+13|1.30754e+09|1.19647e+09|1.55394e+12|2.41468e+10|1.71925e+10|6.20369e+09|1.59356e+10|3.02882e+10|4.88974e+12|1.19036e+12,5.38235e+10|3.50301e+09|2.86583e+08|5.19514e+13|1.86199e+08|1.92545e+08|5.08598e+11|2.58863e+09|1.24313e+10|1.6207e+09|4.18966e+09|6.71621e+09|7.24919e+11|2.86476e+11,0.000676514|1.12087e-05|4.59784e-05|0.000506242|0.000133247|4.21479e-05|0.000503586|0.00042822|3.93241e-05|0.000574029|2.6451e-05|0.000381371|7.10273e-05|1.19625e-05,0.00399416|0.000724525|0.0021887|0.00462097|0.00202386|0.000227203|0.000728986|0.000225383|0.00026326|0.000130191|0.000180791|0.00570991|0.000942087|0.00158689,0.0195223|0.0441673|0.0219518|0.0365133|0.0324456|0.00100722|0.0409863|0.00259026|0.0154625|0.0106337|0.0189999|0.0161017|0.00922358|0.00461288,0.0242107|0.0122031|0.0367098|0.0400901|0.038918|0.00787238|0.0399677|0.0377939|0.0101575|0.0454173|0.0287911|0.0285758|0.00472777|0.0271272,0.974039|0.954535|0.982422|0.988795|0.939452|0.963279|0.991379|0.933254|0.930177|0.984551|0.934194|0.926425|0.933061|0.971435,1.83843|4.29962|4.76499|2.98582|1.71839|3.9558|1.56401|2.44626|0.521104|4.26912|3.83792|0.335111|5.98339|2.66147,30.2686|24.4191|13.9548|51.9585|67.5745|66.6304|52.1141|81.7362|37.2729|32.9383|55.4093|99.595|65.9961,0.160201|0.207518|0.164045|0.175743|0.161697|0.249271|0.187731|0.181317|0.234823|0.234586|0.163678|0.169867|0.209925,0.559595|0.400846|0.842052|0.236177|0.50952|0.311928|0.911759|0.126849|0.434803|0.312661|0.383219|0.512253|0.118233,0.960777,0.865614,0.120899,0.0868004,0.0443973,0.549768,0.260837,0.538285,0.285384,0.878897,35.8152,3.31207e-13,55109,0.839609,94.1996,1.03756e-13,22888,0.849295,0.839791,0.0338668,0.656048,0.327512,0.511502,0.267077,0.510256,0.20836,0.865791,24.3765,1.91574e-12,96785,0.911926,34.976,6.36299e-12,85196
3,65,n1->n11->n12->n2->n3->n4->n14->n15->n5->n6->n7->n8->n9->n10,1.01975e+11|3.14092e+10|2.01442e+09|2.19896e+12|9.86942e+11|2.41468e+10|1.55394e+12|3.53263e+12|1.71925e+10|6.20369e+09|1.59356e+10|3.02882e+10|4.88974e+12|1.19036e+12,5.38235e+10|3.50301e+09|2.86583e+08|7.99596e+11|2.57025e+11|2.58863e+09|5.08598e+11|2.01845e+12|1.24313e+10|1.6207e+09|4.18966e+09|6.71621e+09|7.24919e+11|2.86476e+11,0.000676514|1.12087e-05|4.59784e-05|0.000589285|0.000150675|0.00042822|0.000503586|0.000745688|3.93241e-05|0.000574029|2.6451e-05|0.000381371|7.10273e-05|1.19625e-05,0.00399416|0.000724525|0.0021887|0.00221248|0.00013293|0.000225383|0.000728986|0.00651336|0.00026326|0.000130191|0.000180791|0.00570991|0.000942087|0.00158689,0.0195223|0.0441673|0.0219518|0.0321365|0.0411064|0.00259026|0.0409863|0.0286763|0.0154625|0.0106337|0.0189999|0.0161017|0.00922358|0.00461288,0.0242107|0.0122031|0.0367098|0.00948841|0.0108323|0.0377939|0.0399677|0.0289577|0.0101575|0.0454173|0.0287911|0.0285758|0.00472777|0.0271272,0.974039|0.954535|0.982422|0.910107|0.976432|0.933254|0.991379|0.915893|0.930177|0.984551|0.934194|0.926425|0.933061|0.971435,1.83843|4.29962|4.76499|6.06417|3.3576|2.44626|1.56401|6.12587|0.521104|4.26912|3.83792|0.335111|5.98339|2.66147,30.2686|24.4191|88.6198|37.015|10.4739|52.1141|92.5451|35.0583|37.2729|32.9383|55.4093|99.595|65.9961,0.160201|0.207518|0.215223|0.187446|0.213299|0.187731|0.174898|0.211825|0.234823|0.234586|0.163678|0.169867|0.209925,0.559595|0.400846|0.305593|0.26228|0.441339|0.911759|0.692675|0.610625|0.434803|0.312661|0.383219|0.512253|0.118233,0.960777,0.865614,0.120899,0.0868004,0.0443973,0.549768,0.260837,0.538285,0.285384,0.878897,35.8152,3.31207e-13,55109,0.839609,94.1996,1.03756e-13,22888,0.849295,0.839791,0.0338668,0.656048,0.327512,0.511502,0.267077,0.510256,0.20836,0.865791,24.3765,1.91574e-12,96785,0.911926,34.976,6.36299e-12,85196
3,66,n1->n2->n3->n4->n5->n6->n7->n17->n27->n28->n29->n30->n20->n10,1.01975e+11|2.19896e+12|9.86942e+11|2.41468e+10|1.71925e+10|6.20369e+09|1.59356e+10|2.82283e+09|4.11784e+12|1.17142e+11|2.58702e+12|1.51823e+10|2.0429e+12|1.19036e+12,5.38235e+10|7.99596e+11|2.57025e+11|2.58863e+09|1.24313e+10|1.6207e+09|4.18966e+09|1.47131e+09|1.44429e+12|3.45855e+10|1.13638e+12|2.91503e+09|8.72759e+11|2.86476e+11,0.000676514|0.000589285|0.000150675|0.00042822|3.93241e-05|0.000574029|2.6451e-05|3.16477e-05|3.47922e-05|3.80731e-05|0.000201956|7.04749e-05|0.000758131|1.19625e-05,0.00399416|0.00221248|0.00013293|0.000225383|0.00026326|0.000130191|0.000180791|0.00565965|0.000452568|0.000758065|0.00164535|0.000359249|0.00836606|0.00158689,0.0195223|0.0321365|0.0411064|0.00259026|0.0154625|0.0106337|0.0189999|0.0154786|0.0467803|0.0342796|0.0479551|0.0183372|0.0340342|0.00461288,0.0242107|0.00948841|0.0108323|0.0377939|0.0101575|0.0454173|0.0287911|0.0100135|0.0312181|0.0019971|0.0254172|0.019548|0.0408908|0.0271272,0.974039|0.910107|0.976432|0.933254|0.930177|0.984551|0.934194|0.908062|0.945212|0.975528|0.96957|0.957367|0.97528|0.971435,1.83843|6.06417|3.3576|2.44626|0.521104|4.26912|3.83792|3.21404|3.90137|1.77801|4.43247|1.38161|3.08695|2.66147,79.8117|37.015|10.4739|81.7362|37.2729|32.9383|59.8148|72.2829|15.3326|39.0733|83.4704|23.9015|29.3778,0.208125|0.187446|0.213299|0.181317|0.234823|0.234586|0.239012|0.201328|0.198809|0.16763|0.226001|0.207243|0.218806,0.112575|0.26228|0.441339|0.126849|0.434803|0.312661|0.920789|0.672327|0.368688|0.47242|0.602098|0.865388|0.694407,0.960777,0.865614,0.120899,0.0868004,0.0443973,0.549768,0.260837,0.538285,0.285384,0.878897,35.8152,3.31207e-13,55109,0.839609,94.1996,1.03756e-13,22888,0.849295,0.839791,0.0338668,0.656048,0.327512,0.511502,0.267077,0.510256,0.20836,0.865791,24.3765,1.91574e-12,96785,0.911926,34.976,6.36299e-12,85196
3,67,n1->n11->n12->n22->n23->n24->n25->n26->n16->n17->n18->n8->n9->n10,1.01975e+11|3.14092e+10|2.01442e+09|4.20781e+11|1.30754e+09|1.19647e+09|4.7689e+13|1.37743e+11|1.88403e+10|2.82283e+09|1.79344e+11|3.02882e+10|4.88974e+12|1.19036e+12,5.38235e+10|3.50301e+09|2.86583e+08|3.56381e+11|1.86199e+08|1.92545e+08|2.99631e+13|2.62358e+10|9.99594e+09|1.47131e+09|1.01158e+11|6.71621e+09|7.24919e+11|2.86476e+11,0.000676514|1.12087e-05|4.59784e-05|0.00083263|0.000133247|4.21479e-05|0.000136619|0.000235321|0.000390472|3.16477e-05|8.49582e-05|0.000381371|7.10273e-05|1.19625e-05,0.00399416|0.000724525|0.0021887|0.000180204|0.00202386|0.000227203|0.000188414|0.00480716|0.000762836|0.00565965|0.000487115|0.00570991|0.000942087|0.00158689,0.0195223|0.0441673|0.0219518|0.0174502|0.0324456|0.00100722|0.0282036|0.0384258|0.0105597|0.0154786|0.0130827|0.0161017|0.00922358|0.00461288,0.0242107|0.0122031|0.0367098|0.0349072|0.038918|0.00787238|0.00307975|0.0313876|0.00944802|0.0100135|0.0139073|0.0285758|0.00472777|0.0271272,0.974039|0.954535|0.982422|0.921048|0.939452|0.963279|0.940934|0.951143|0.981367|0.908062|0.988146|0.926425|0.933061|0.971435,1.83843|4.29962|4.76499|2.04059|1.71839|3.9558|2.45207|0.195308|3.20918|3.21404|1.03722|0.335111|5.98339|2.66147,30.2686|24.4191|13.2112|55.8812|67.5745|18.2346|55.6995|11.0615|32.2763|27.3162|81.3396|99.595|65.9961,0.160201|0.207518|0.197882|0.203103|0.161697|0.171758|0.228068|0.208269|0.204609|0.234565|0.194321|0.169867|0.209925,0.559595|0.400846|0.473279|0.544519|0.50952|0.457727|0.389261|0.314052|0.689113|0.973123|0.540423|0.512253|0.118233,0.960777,0.865614,0.120899,0.0868004,0.0443973,0.549768,0.260837,0.538285,0.285384,0.878897,35.8152,3.31207e-13,55109,0.839609,94.1996,1.03756e-13,22888,0.849295,0.839791,0.0338668,0.656048,0.327512,0.511502,0.267077,0.510256,0.20836,0.865791,24.3765,1.91574e-12,96785,0.911926,34.976,6.36299e-12,85196
3,68,n1->n2->n12->n13->n3->n4->n5->n15->n16->n6->n7->n8->n9->n10,1.01975e+11|2.19896e+12|2.01442e+09|9.1461e+13|9.86942e+11|2.41468e+10|1.71925e+10|3.53263e+12|1.88403e+10|6.20369e+09|1.59356e+10|3.02882e+10|4.88974e+12|1.19036e+12,5.38235e+10|7.99596e+11|2.86583e+08|5.19514e+13|2.57025e+11|2.58863e+09|1.24313e+10|2.01845e+12|9.99594e+09|1.6207e+09|4.18966e+09|6.71621e+09|7.24919e+11|2.86476e+11,0.000676514|0.000589285|4.59784e-05|0.000506242|0.000150675|0.00042822|3.93241e-05|0.000745688|0.000390472|0.000574029|2.6451e-05|0.000381371|7.10273e-05|1.19625e-05,0.00399416|0.00221248|0.0021887|0.00462097|0.00013293|0.000225383|0.00026326|0.00651336|0.000762836|0.000130191|0.000180791|0.00570991|0.000942087|0.00158689,0.0195223|0.0321365|0.0219518|0.0365133|0.0411064|0.00259026|0.0154625|0.0286763|0.0105597|0.0106337|0.0189999|0.0161017|0.00922358|0.00461288,0.0242107|0.00948841|0.0367098|0.0400901|0.0108323|0.0377939|0.0101575|0.0289577|0.00944802|0.0454173|0.0287911|0.0285758|0.00472777|0.0271272,0.974039|0.910107|0.982422|0.988795|0.976432|0.933254|0.930177|0.915893|0.981367|0.984551|0.934194|0.926425|0.933061|0.971435,1.83843|6.06417|4.76499|2.98582|3.3576|2.44626|0.521104|6.12587|3.20918|4.26912|3.83792|0.335111|5.98339|2.66147,79.8117|88.6198|13.9548|83.9106|10.4739|81.7362|35.0583|56.2706|50.0569|32.9383|55.4093|99.595|65.9961,0.208125|0.215223|0.164045|0.176807|0.213299|0.181317|0.211825|0.241506|0.186675|0.234586|0.163678|0.169867|0.209925,0.112575|0.305593|0.842052|0.224294|0.441339|0.126849|0.610625|0.350755|0.371607|0.312661|0.383219|0.512253|0.118233,0.960777,0.865614,0.120899,0.0868004,0.0443973,0.549768,0.260837,0.538285,0.285384,0.878897,35.8152,3.31207e-13,55109,0.839609,94.1996,1.03756e-13,22888,0.849295,0.839791,0.0338668,0.656048,0.327512,0.511502,0.267077,0.510256,0.20836,0.865791,24.3765,1.91574e-12,96785,0.911926,34.976,6.36299e-12,85196
3,69,n1->n2->n3->n4->n14->n24->n25->n26->n27->n28->n18->n19->n9->n10,1.01975e+11|2.19896e+12|9.86942e+11|2.41468e+10|1.55394e+12|1.19647e+09|4.7689e+13|1.37743e+11|4.11784e+12|1.17142e+11|1.79344e+11|8.72734e+13|4.88974e+12|1.19036e+12,5.38235e+10|7.99596e+11|2.57025e+11|2.58863e+09|5.08598e+11|1.92545e+08|2.99631e+13|2.62358e+10|1.44429e+12|3.45855e+10|1.01158e+11|1.85268e+13|7.24919e+11|2.86476e+11,0.000676514|0.000589285|0.000150675|0.00042822|0.000503586|4.21479e-05|0.000136619|0.000235321|3.47922e-05|3.80731e-05|8.49582e-05|1.50238e-05|7.10273e-05|1.19625e-05,0.00399416|0.00221248|0.00013293|0.000225383|0.000728986|0.000227203|0.000188414|0.00480716|0.000452568|0.000758065|0.000487115|0.000314326|0.000942087|0.00158689,0.0195223|0.0321365|0.0411064|0.00259026|0.0409863|0.00100722|0.0282036|0.0384258|0.0467803|0.0342796|0.0130827|0.00292072|0.00922358|0.00461288,0.0242107|0.00948841|0.0108323|0.0377939|0.0399677|0.00787238|0.00307975|0.0313876|0.0312181|0.0019971|0.0139073|0.0395015|0.00472777|0.0271272,0.974039|0.910107|0.976432|0.933254|0.991379|0.963279|0.940934|0.951143|0.945212|0.975528|0.988146|0.948693|0.933061|0.971435,1.83843|6.06417|3.3576|2.44626|1.56401|3.9558|2.45207|0.195308|3.90137|1.77801|1.03722|2.11735|5.98339|2.66147,79.8117|37.015|10.4739|52.1141|66.6304|18.2346|55.6995|42.5138|15.3326|43.2583|28.0546|99.0064|65.9961,0.208125|0.187446|0.213299|0.187731|0.249271|0.171758|0.228068|0.238968|0.198809|0.237801|0.231137|0.235802|0.209925,0.112575|0.26228|0.441339|0.911759|0.311928|0.457727|0.389261|0.209813|0.368688|0.352181|0.31734|0.976298|0.118233,0.960777,0.865614,0.120899,0.0868004,0.0443973,0.549768,0.260837,0.538285,0.285384,0.878897,35.8152,3.31207e-13,55109,0.839609,94.1996,1.03756e-13,22888,0.849295,0.839791,0.0338668,0.656048,0.327512,0.511502,0.267077,0.510256,0.20836,0.865791,24.3765,1.91574e-12,96785,0.911926,34.976,6.36299e-12,85196
3,70,n1->n11->n12->n2->n3->n4->n5->n15->n16->n17->n18->n19->n20->n10,1.01975e+11|3.14092e+10|2.01442e+09|2.19896e+12|9.86942e+11|2.41468e+10|1.71925e+10|3.53263e+12|1.88403e+10|2.82283e+09|1.79344e+11|8.72734e+13|2.0429e+12|1.19036e+12,5.38235e+10|3.50301e+09|2.86583e+08|7.99596e+11|2.57025e+11|2.58863e+09|1.24313e+10|2.01845e+12|9.99594e+09|1.47131e+09|1.01158e+11|1.85268e+13|8.72759e+11|2.86476e+11,0.000676514|1.12087e-05|4.59784e-05|0.000589285|0.000150675|0.00042822|3.93241e-05|0.000745688|0.000390472|3.16477e-05|8.49582e-05|1.50238e-05|0.000758131|1.19625e-05,0.00399416|0.000724525|0.0021887|0.00221248|0.00013293|0.000225383|0.00026326|0.00651336|0.000762836|0.00565965|0.000487115|0.000314326|0.00836606|0.00158689,0.0195223|0.0441673|0.0219518|0.0321365|0.0411064|0.00259026|0.0154625|0.0286763|0.0105597|0.0154786|0.0130827|0.00292072|0.0340342|0.00461288,0.0242107|0.0122031|0.0367098|0.00948841|0.0108323|0.0377939|0.0101575|0.0289577|0.00944802|0.0100135|0.0139073|0.0395015|0.0408908|0.0271272,0.974039|0.954535|0.982422|0.910107|0.976432|0.933254|0.930177|0.915893|0.981367|0.908062|0.988146|0.948693|0.97528|0.971435,1.83843|4.29962|4.76499|6.06417|3.3576|2.44626|0.521104|6.12587|3.20918|3.21404|1.03722|2.11735|3.08695|2.66147,30.2686|24.4191|88.6198|37.015|10.4739|81.7362|35.0583|56.2706|32.2763|27.3162|28.0546|10.3361|29.3778,0.160201|0.207518|0.215223|0.187446|0.213299|0.181317|0.211825|0.241506|0.204609|0.234565|0.231137|0.229825|0.218806,0.559595|0.400846|0.305593|0.26228|0.441339|0.126849|0.610625|0.350755|0.689113|0.973123|0.31734|0.200889|0.694407,0.960777,0.865614,0.120899,0.0868004,0.0443973,0.549768,0.260837,0.538285,0.285384,0.878897,35.8152,3.31207e-13,55109,0.839609,94.1996,1.03756e-13,22888,0.849295,0.839791,0.0338668,0.656048,0.327512,0.511502,0.267077,0.510256,0.20836,0.865791,24.3765,1.91574e-12,96785,0.911926,34.976,6.36299e-12,85196
3,71,n1->n2->n3->n13->n23->n24->n14->n15->n5->n6->n7->n8->n9->n10,1.01975e+11|2.19896e+12|9.86942e+11|9.1461e+13|1.30754e+09|1.19647e+09|1.55394e+12|3.53263e+12|1.71925e+10|6.20369e+09|1.59356e+10|3.02882e+10|4.88974e+12|1.19036e+12,5.38235e+10|7.99596e+11|2.57025e+11|5.19514e+13|1.86199e+08|1.92545e+08|5.08598e+11|2.01845e+12|1.24313e+10|1.6207e+09|4.18966e+09|6.71621e+09|7.24919e+11|2.86476e+11,0.000676514|0.000589285|0.000150675|0.000506242|0.000133247|4.21479e-05|0.000503586|0.000745688|3.93241e-05|0.000574029|2.6451e-05|0.000381371|7.10273e-05|1.19625e-05,0.00399416|0.00221248|0.00013293|0.00462097|0.00202386|0.000227203|0.000728986|0.00651336|0.00026326|0.000130191|0.000180791|0.00570991|0.000942087|0.00158689,0.0195223|0.0321365|0.0411064|0.0365133|0.0324456|0.00100722|0.0409863|0.0286763|0.0154625|0.0106337|0.0189999|0.0161017|0.00922358|0.00461288,0.0242107|0.00948841|0.0108323|0.0400901|0.038918|0.00787238|0.0399677|0.0289577|0.0101575|0.0454173|0.0287911|0.0285758|0.00472777|0.0271272,0.974039|0.910107|0.976432|0.988795|0.939452|0.963279|0.991379|0.915893|0.930177|0.984551|0.934194|0.926425|0.933061|0.971435,1.83843|6.06417|3.3576|2.98582|1.71839|3.9558|1.56401|6.12587|0.521104|4.26912|3.83792|0.335111|5.98339|2.66147,79.8117|37.015|83.9106|51.9585|67.5745|66.6304|92.5451|35.0583|37.2729|32.9383|55.4093|99.595|65.9961,0.208125|0.187446|0.176807|0.175743|0.161697|0.249271|0.174898|0.211825|0.234823|0.234586|0.163678|0.169867|0.209925,0.112575|0.26228|0.224294|0.236177|0.50952|0.311928|0.692675|0.610625|0.434803|0.312661|0.383219|0.512253|0.118233,0.960777,0.865614,0.120899,0.0868004,0.0443973,0.549768,0.260837,0.538285,0.285384,0.878897,35.8152,3.31207e-13,55109,0.839609,94.1996,1.03756e-13,22888,0.849295,0.839791,0.0338668,0.656048,0.327512,0.511502,0.267077,0.510256,0.20836,0.865791,24.3765,1.91574e-12,96785,0.911926,34.976,6.36299e-12,85196
3,72,n1->n2->n3->n4->n5->n15->n25->n26->n27->n17->n18->n19->n9->n10,1.01975e+11|2.19896e+12|9.86942e+11|2.41468e+10|1.71925e+10|3.53263e+12|4.7689e+13|1.37743e+11|4.11784e+12|2.82283e+09|1.79344e+11|8.72734e+13|4.88974e+12|1.19036e+12,5.38235e+10|7.99596e+11|2.57025e+11|2.58863e+09|1.24313e+10|2.01845e+12|2.99631e+13|2.62358e+10|1.44429e+12|1.47131e+09|1.01158e+11|1.85268e+13|7.24919e+11|2.86476e+11,0.000676514|0.000589285|0.000150675|0.00042822|3.93241e-05|0.000745688|0.000136619|0.000235321|3.47922e-05|3.16477e-05|8.49582e-05|1.50238e-05|7.10273e-05|1.19625e-05,0.00399416|0.00221248|0.00013293|0.000225383|0.00026326|0.00651336|0.000188414|0.00480716|0.000452568|0.00565965|0.000487115|0.000314326|0.000942087|0.00158689,0.0195223|0.0321365|0.0411064|0.00259026|0.0154625|0.0286763|0.0282036|0.0384258|0.0467803|0.0154786|0.0130827|0.00292072|0.00922358|0.00461288,0.0242107|0.00948841|0.0108323|0.0377939|0.0101575|0.0289577|0.00307975|0.0313876|0.0312181|0.0100135|0.0139073|0.0395015|0.00472777|0.0271272,0.974039|0.910107|0.976432|0.933254|0.930177|0.915893|0.940934|0.951143|0.945212|0.908062|0.988146|0.948693|0.933061|0.971435,1.83843|6.06417|3.3576|2.44626|0.521104|6.12587|2.45207|0.195308|3.90137|3.21404|1.03722|2.11735|5.98339|2.66147,79.8117|37.015|10.4739|81.7362|35.0583|54.7186|55.6995|42.5138|72.2829|27.3162|28.0546|99.0064|65.9961,0.208125|0.187446|0.213299|0.181317|0.211825|0.218311|0.228068|0.238968|0.201328|0.234565|0.231137|0.235802|0.209925,0.112575|0.26228|0.441339|0.126849|0.610625|0.136449|0.389261|0.209813|0.672327|0.973123|0.31734|0.976298|0.118233,0.960777,0.865614,0.120899,0.0868004,0.0443973,0.549768,0.260837,0.538285,0.285384,0.878897,35.8152,3.31207e-13,55109,0.839609,94.1996,1.03756e-13,22888,0.849295,0.839791,0.0338668,0.656048,0.327512,0.511502,0.267077,0.510256,0.20836,0.865791,24.3765,1.91574e-12,96785,0.911926,34.976,6.36299e-12,85196
3,73,n1->n2->n3->n13->n23->n24->n25->n26->n27->n17->n18->n8->n9->n10,1.01975e+11|2.19896e+12|9.86942e+11|9.1461e+13|1.30754e+09|1.19647e+09|4.7689e+13|1.37743e+11|4.11784e+12|2.82283e+09|1.79344e+11|3.02882e+10|4.88974e+12|1.19036e+12,5.38235e+10|7.99596e+11|2.57025e+11|5.19514e+13|1.86199e+08|1.92545e+08|2.99631e+13|2.62358e+10|1.44429e+12|1.47131e+09|1.01158e+11|6.71621e+09|7.24919e+11|2.86476e+11,0.000676514|0.000589285|0.000150675|0.000506242|0.000133247|4.21479e-05|0.000136619|0.000235321|3.47922e-05|3.16477e-05|8.49582e-05|0.000381371|7.10273e-05|1.19625e-05,0.00399416|0.00221248|0.00013293|0.00462097|0.00202386|0.000227203|0.000188414|0.00480716|0.000452568|0.00565965|0.000487115|0.00570991|0.000942087|0.00158689,0.0195223|0.0321365|0.0411064|0.0365133|0.0324456|0.00100722|0.0282036|0.0384258|0.0467803|0.0154786|0.0130827|0.0161017|0.00922358|0.00461288,0.0242107|0.00948841|0.0108323|0.0400901|0.038918|0.00787238|0.00307975|0.0313876|0.0312181|0.0100135|0.0139073|0.0285758|0.00472777|0.0271272,0.974039|0.910107|0.976432|0.988795|0.939452|0.963279|0.940934|0.951143|0.945212|0.908062|0.988146|0.926425|0.933061|0.971435,1.83843|6.06417|3.3576|2.98582|1.71839|3.9558|2.45207|0.195308|3.90137|3.21404|1.03722|0.335111|5.98339|2.66147,79.8117|37.015|83.9106|51.9585|67.5745|18.2346|55.6995|42.5138|72.2829|27.3162|81.3396|99.595|65.9961,0.208125|0.187446|0.176807|0.175743|0.161697|0.171758|0.228068|0.238968|0.201328|0.234565|0.194321|0.169867|0.209925,0.112575|0.26228|0.224294|0.236177|0.50952|0.457727|0.389261|0.209813|0.672327|0.973123|0.540423|0.512253|0.118233,0.960777,0.865614,0.120899,0.0868004,0.0443973,0.549768,0.260837,0.538285,0.285384,0.878897,35.8152,3.31207e-13,55109,0.839609,94.1996,1.03756e-13,22888,0.849295,0.839791,0.0338668,0.656048,0.327512,0.511502,0.267077,0.510256,0.20836,0.865791,24.3765,1.91574e-12,96785,0.911926,34.976,6.36299e-12,85196
3,74,n1->n11->n21->n22->n23->n13->n14->n15->n16->n17->n7->n8->n9->n10,1.01975e+11|3.14092e+10|3.32883e+12|4.20781e+11|1.30754e+09|9.1461e+13|1.55394e+12|3.53263e+12|1.88403e+10|2.82283e+09|1.59356e+10|3.02882e+10|4.88974e+12|1.19036e+12,5.38235e+10|3.50301e+09|3.98612e+11|3.56381e+11|1.86199e+08|5.19514e+13|5.08598e+11|2.01845e+12|9.99594e+09|1.47131e+09|4.18966e+09|6.71621e+09|7.24919e+11|2.86476e+11,0.000676514|1.12087e-05|0.000328127|0.00083263|0.000133247|0.000506242|0.000503586|0.000745688|0.000390472|3.16477e-05|2.6451e-05|0.000381371|7.10273e-05|1.19625e-05,0.00399416|0.000724525|0.00838815|0.000180204|0.00202386|0.00462097|0.000728986|0.00651336|0.000762836|0.00565965|0.000180791|0.00570991|0.000942087|0.00158689,0.0195223|0.0441673|0.00424874|0.0174502|0.0324456|0.0365133|0.0409863|0.0286763|0.0105597|0.0154786|0.0189999|0.0161017|0.00922358|0.00461288,0.0242107|0.0122031|0.0418058|0.0349072|0.038918|0.0400901|0.0399677|0.0289577|0.00944802|0.0100135|0.0287911|0.0285758|0.00472777|0.0271272,0.974039|0.954535|0.988633|0.921048|0.939452|0.988795|0.991379|0.915893|0.981367|0.908062|0.934194|0.926425|0.933061|0.971435,1.83843|4.29962|1.42119|2.04059|1.71839|2.98582|1.56401|6.12587|3.20918|3.21404|3.83792|0.335111|5.98339|2.66147,30.2686|65.1286|34.0839|55.8812|51.9585|56.34|92.5451|56.2706|32.2763|59.8148|55.4093|99.595|65.9961,0.160201|0.173408|0.249651|0.203103|0.175743|0.189445|0.174898|0.241506|0.204609|0.239012|0.163678|0.169867|0.209925,0.559595|0.625657|0.19649|0.544519|0.236177|0.972418|0.692675|0.350755|0.689113|0.920789|0.383219|0.512253|0.118233,0.960777,0.865614,0.120899,0.0868004,0.0443973,0.549768,0.260837,0.538285,0.285384,0.878897,35.8152,3.31207e-13,55109,0.839609,94.1996,1.03756e-13,22888,0.849295,0.839791,0.0338668,0.656048,0.327512,0.511502,0.267077,0.510256,0.20836,0.865791,24.3765,1.91574e-12,96785,0.911926,34.976,6.36299e-12,85196
3,75,n1->n2->n3->n13->n14->n15->n5->n6->n7->n17->n18->n8->n9->n10,1.01975e+11|2.19896e+12|9.86942e+11|9.1461e+13|1.55394e+12|3.53263e+12|1.71925e+10|6.20369e+09|1.59356e+10|2.82283e+09|1.79344e+11|3.02882e+10|4.88974e+12|1.19036e+12,5.38235e+10|7.99596e+11|2.57025e+11|5.19514e+13|5.08598e+11|2.01845e+12|1.24313e+10|1.6207e+09|4.18966e+09|1.47131e+09|1.01158e+11|6.71621e+09|7.24919e+11|2.86476e+11,0.000676514|0.000589285|0.000150675|0.000506242|0.000503586|0.000745688|3.93241e-05|0.000574029|2.6451e-05|3.16477e-05|8.49582e-05|0.000381371|7.10273e-05|1.19625e-05,0.00399416|0.00221248|0.00013293|0.00462097|0.000728986|0.00651336|0.00026326|0.000130191|0.000180791|0.00565965|0.000487115|0.00570991|0.000942087|0.00158689,0.0195223|0.0321365|0.0411064|0.0365133|0.0409863|0.0286763|0.0154625|0.0106337|0.0189999|0.0154786|0.0130827|0.0161017|0.00922358|0.00461288,0.0242107|0.00948841|0.0108323|0.0400901|0.0399677|0.0289577|0.0101575|0.0454173|0.0287911|0.0100135|0.0139073|0.0285758|0.00472777|0.0271272,0.974039|0.910107|0.976432|0.988795|0.991379|0.915893|0.930177|0.984551|0.934194|0.908062|0.988146|0.926425|0.933061|0.971435,1.83843|6.06417|3.3576|2.98582|1.56401|6.12587|0.521104|4.26912|3.83792|3.21404|1.03722|0.335111|5.98339|2.66147,79.8117|37.015|83.9106|56.34|92.5451|35.0583|37.2729|32.9383|59.8148|27.3162|81.3396|99.595|65.9961,0.208125|0.187446|0.176807|0.189445|0.174898|0.211825|0.234823|0.234586|0.239012|0.234565|0.194321|0.169867|0.209925,0.112575|0.26228|0.224294|0.972418|0.692675|0.610625|0.434803|0.312661|0.920789|0.973123|0.540423|0.512253|0.118233,0.960777,0.865614,0.120899,0.0868004,0.0443973,0.549768,0.260837,0.538285,0.285384,0.878897,35.8152,3.31207e-13,55109,0.839609,94.1996,1.03756e-13,22888,0.849295,0.839791,0.0338668,0.656048,0.327512,0.511502,0.267077,0.510256,0.20836,0.865791,24.3765,1.91574e-12,96785,0.911926,34.976,6.36299e-12,85196
3,76,n1->n2->n12->n22->n23->n13->n3->n4->n5->n6->n7->n8->n9->n10,1.01975e+11|2.19896e+12|2.01442e+09|4.20781e+11|1.30754e+09|9.1461e+13|9.86942e+11|2.41468e+10|1.71925e+10|6.20369e+09|1.59356e+10|3.02882e+10|4.88974e+12|1.19036e+12,5.38235e+10|7.99596e+11|2.86583e+08|3.56381e+11|1.86199e+08|5.19514e+13|2.57025e+11|2.58863e+09|1.24313e+10|1.6207e+09|4.18966e+09|6.71621e+09|7.24919e+11|2.86476e+11,0.000676514|0.000589285|4.59784e-05|0.00083263|0.000133247|0.000506242|0.000150675|0.00042822|3.93241e-05|0.000574029|2.6451e-05|0.000381371|7.10273e-05|1.19625e-05,0.00399416|0.00221248|0.0021887|0.000180204|0.00202386|0.00462097|0.00013293|0.000225383|0.00026326|0.000130191|0.000180791|0.00570991|0.000942087|0.00158689,0.0195223|0.0321365|0.0219518|0.0174502|0.0324456|0.0365133|0.0411064|0.00259026|0.0154625|0.0106337|0.0189999|0.0161017|0.00922358|0.00461288,0.0242107|0.00948841|0.0367098|0.0349072|0.038918|0.0400901|0.0108323|0.0377939|0.0101575|0.0454173|0.0287911|0.0285758|0.00472777|0.0271272,0.974039|0.910107|0.982422|0.921048|0.939452|0.988795|0.976432|0.933254|0.930177|0.984551|0.934194|0.926425|0.933061|0.971435,1.83843|6.06417|4.76499|2.04059|1.71839|2.98582|3.3576|2.44626|0.521104|4.26912|3.83792|0.335111|5.98339|2.66147,79.8117|88.6198|13.2112|55.8812|51.9585|83.9106|10.4739|81.7362|37.2729|32.9383|55.4093|99.595|65.9961,0.208125|0.215223|0.197882|0.203103|0.175743|0.176807|0.213299|0.181317|0.234823|0.234586|0.163678|0.169867|0.209925,0.112575|0.305593|0.473279|0.544519|0.236177|0.224294|0.441339|0.126849|0.434803|0.312661|0.383219|0.512253|0.118233,0.960777,0.865614,0.120899,0.0868004,0.0443973,0.549768,0.260837,0.538285,0.285384,0.878897,35.8152,3.31207e-13,55109,0.839609,94.1996,1.03756e-13,22888,0.849295,0.839791,0.0338668,0.656048,0.327512,0.511502,0.267077,0.510256,0.20836,0.865791,24.3765,1.91574e-12,96785,0.911926,34.976,6.36299e-12,85196
3,77,n1->n2->n3->n13->n23->n24->n14->n4->n5->n6->n7->n8->n9->n10,1.01975e+11|2.19896e+12|9.86942e+11|9.1461e+13|1.30754e+09|1.19647e+09|1.55394e+12|2.41468e+10|1.71925e+10|6.20369e+09|1.59356e+10|3.02882e+10|4.88974e+12|1.19036e+12,5.38235e+10|7.99596e+11|2.57025e+11|5.19514e+13|1.86199e+08|1.92545e+08|5.08598e+11|2.58863e+09|1.24313e+10|1.6207e+09|4.18966e+09|6.71621e+09|7.24919e+11|2.86476e+11,0.000676514|0.000589285|0.000150675|0.000506242|0.000133247|4.21479e-05|0.000503586|0.00042822|3.93241e-05|0.000574029|2.6451e-05|0.000381371|7.10273e-05|1.19625e-05,0.00399416|0.00221248|0.00013293|0.00462097|0.00202386|0.000227203|0.000728986|0.000225383|0.00026326|0.000130191|0.000180791|0.00570991|0.000942087|0.00158689,0.0195223|0.0321365|0.0411064|0.0365133|0.0324456|0.00100722|0.0409863|0.00259026|0.0154625|0.0106337|0.0189999|0.0161017|0.00922358|0.00461288,0.0242107|0.00948841|0.0108323|0.0400901|0.038918|0.00787238|0.0399677|0.0377939|0.0101575|0.0454173|0.0287911|0.0285758|0.00472777|0.0271272,0.974039|0.910107|0.976432|0.988795|0.939452|0.963279|0.991379|0.933254|0.930177|0.984551|0.934194|0.926425|0.933061|0.971435,1.83843|6.06417|3.3576|2.98582|1.71839|3.9558|1.56401|2.44626|0.521104|4.26912|3.83792|0.335111|5.98339|2.66147,79.8117|37.015|83.9106|51.9585|67.5745|66.6304|52.1141|81.7362|37.2729|32.9383|55.4093|99.595|65.9961,0.208125|0.187446|0.176807|0.175743|0.161697|0.249271|0.187731|0.181317|0.234823|0.234586|0.163678|0.169867|0.209925,0.112575|0.26228|0.224294|0.236177|0.50952|0.311928|0.911759|0.126849|0.434803|0.312661|0.383219|0.512253|0.118233,0.960777,0.865614,0.120899,0.0868004,0.0443973,0.549768,0.260837,0.538285,0.285384,0.878897,35.8152,3.31207e-13,55109,0.839609,94.1996,1.03756e-13,22888,0.849295,0.839791,0.0338668,0.656048,0.327512,0.511502,0.267077,0.510256,0.20836,0.865791,24.3765,1.91574e-12,96785,0.911926,34.976,6.36299e-12,85196
3,78,n1->n2->n12->n13->n14->n24->n25->n26->n27->n17->n18->n19->n9->n10,1.01975e+11|2.19896e+12|2.01442e+09|9.1461e+13|1.55394e+12|1.19647e+09|4.7689e+13|1.37743e+11|4.11784e+12|2.82283e+09|1.79344e+11|8.72734e+13|4.88974e+12|1.19036e+12,5.38235e+10|7.99596e+11|2.86583e+08|5.19514e+13|5.08598e+11|1.92545e+08|2.99631e+13|2.62358e+10|1.44429e+12|1.47131e+09|1.01158e+11|1.85268e+13|7.24919e+11|2.86476e+11,0.000676514|0.000589285|4.59784e-05|0.000506242|0.000503586|4.21479e-05|0.000136619|0.000235321|3.47922e-05|3.16477e-05|8.49582e-05|1.50238e-05|7.10273e-05|1.19625e-05,0.00399416|0.00221248|0.0021887|0.00462097|0.000728986|0.000227203|0.000188414|0.00480716|0.000452568|0.00565965|0.000487115|0.000314326|0.000942087|0.00158689,0.0195223|0.0321365|0.0219518|0.0365133|0.0409863|0.00100722|0.0282036|0.0384258|0.0467803|0.0154786|0.0130827|0.00292072|0.00922358|0.00461288,0.0242107|0.00948841|0.0367098|0.0400901|0.0399677|0.00787238|0.00307975|0.0313876|0.0312181|0.0100135|0.0139073|0.0395015|0.00472777|0.0271272,0.974039|0.910107|0.982422|0.988795|0.991379|0.963279|0.940934|0.951143|0.945212|0.908062|0.988146|0.948693|0.933061|0.971435,1.83843|6.06417|4.76499|2.98582|1.56401|3.9558|2.45207|0.195308|3.90137|3.21404|1.03722|2.11735|5.98339|2.66147,79.8117|88.6198|13.9548|56.34|66.6304|18.2346|55.6995|42.5138|72.2829|27.3162|28.0546|99.0064|65.9961,0.208125|0.215223|0.164045|0.189445|0.249271|0.171758|0.228068|0.238968|0.201328|0.234565|0.231137|0.235802|0.209925,0.112575|0.305593|0.842052|0.972418|0.311928|0.457727|0.389261|0.209813|0.672327|0.973123|0.31734|0.976298|0.118233,0.960777,0.865614,0.120899,0.0868004,0.0443973,0.549768,0.260837,0.538285,0.285384,0.878897,35.8152,3.31207e-13,55109,0.839609,94.1996,1.03756e-13,22888,0.849295,0.839791,0.0338668,0.656048,0.327512,0.511502,0.267077,0.510256,0.20836,0.865791,24.3765,1.91574e-12,96785,0.911926,34.976,6.36299e-12,85196
3,79,n1->n2->n12->n22->n23->n13->n14->n15->n16->n6->n7->n8->n9->n10,1.01975e+11|2.19896e+12|2.01442e+09|4.20781e+11|1.30754e+09|9.1461e+13|1.55394e+12|3.53263e+12|1.88403e+10|6.20369e+09|1.59356e+10|3.02882e+10|4.88974e+12|1.19036e+12,5.38235e+10|7.99596e+11|2.86583e+08|3.56381e+11|1.86199e+08|5.19514e+13|5.08598e+11|2.01845e+12|9.99594e+09|1.6207e+09|4.18966e+09|6.71621e+09|7.24919e+11|2.86476e+11,0.000676514|0.000589285|4.59784e-05|0.00083263|0.000133247|0.000506242|0.000503586|0.000745688|0.000390472|0.000574029|2.6451e-05|0.000381371|7.10273e-05|1.19625e-05,0.00399416|0.00221248|0.0021887|0.000180204|0.00202386|0.00462097|0.000728986|0.00651336|0.000762836|0.000130191|0.000180791|0.00570991|0.000942087|0.00158689,0.0195223|0.0321365|0.0219518|0.0174502|0.0324456|0.0365133|0.0409863|0.0286763|0.0105597|0.0106337|0.0189999|0.0161017|0.00922358|0.00461288,0.0242107|0.00948841|0.0367098|0.0349072|0.038918|0.0400901|0.0399677|0.0289577|0.00944802|0.0454173|0.0287911|0.0285758|0.00472777|0.0271272,0.974039|0.910107|0.982422|0.921048|0.939452|0.988795|0.991379|0.915893|0.981367|0.984551|0.934194|0.926425|0.933061|0.971435,1.83843|6.06417|4.76499|2.04059|1.71839|2.98582|1.56401|6.12587|3.20918|4.26912|3.83792|0.335111|5.98339|2.66147,79.8117|88.6198|13.2112|55.8812|51.9585|56.34|92.5451|56.2706|50.0569|32.9383|55.4093|99.595|65.9961,0.208125|0.215223|0.197882|0.203103|0.175743|0.189445|0.174898|0.241506|0.186675|0.234586|0.163678|0.169867|0.209925,0.112575|0.305593|0.473279|0.544519|0.236177|0.972418|0.692675|0.350755|0.371607|0.312661|0.383219|0.512253|0.118233,0.960777,0.865614,0.120899,0.0868004,0.0443973,0.549768,0.260837,0.538285,0.285384,0.878897,35.8152,3.31207e-13,55109,0.839609,94.1996,1.03756e-13,22888,0.849295,0.839791,0.0338668,0.656048,0.327512,0.511502,0.267077,0.510256,0.20836,0.865791,24.3765,1.91574e-12,96785,0.911926,34.976,6.36299e-12,85196
3,80,n1->n11->n21->n22->n12->n13->n14->n15->n16->n17->n18->n19->n20->n10,1.01975e+11|3.14092e+10|3.32883e+12|4.20781e+11|2.01442e+09|9.1461e+13|1.55394e+12|3.53263e+12|1.88403e+10|2.82283e+09|1.79344e+11|8.72734e+13|2.0429e+12|1.19036e+12,5.38235e+10|3.50301e+09|3.98612e+11|3.56381e+11|2.86583e+08|5.19514e+13|5.08598e+11|2.01845e+12|9.99594e+09|1.47131e+09|1.01158e+11|1.85268e+13|8.72759e+11|2.86476e+11,0.000676514|1.12087e-05|0.000328127|0.00083263|4.59784e-05|0.000506242|0.000503586|0.000745688|0.000390472|3.16477e-05|8.49582e-05|1.50238e-05|0.000758131|1.19625e-05,0.00399416|0.000724525|0.00838815|0.000180204|0.0021887|0.00462097|0.000728986|0.00651336|0.000762836|0.00565965|0.000487115|0.000314326|0.00836606|0.00158689,0.0195223|0.0441673|0.00424874|0.0174502|0.0219518|0.0365133|0.0409863|0.0286763|0.0105597|0.0154786|0.0130827|0.00292072|0.0340342|0.00461288,0.0242107|0.0122031|0.0418058|0.0349072|0.0367098|0.0400901|0.0399677|0.0289577|0.00944802|0.0100135|0.0139073|0.0395015|0.0408908|0.0271272,0.974039|0.954535|0.988633|0.921048|0.982422|0.988795|0.991379|0.915893|0.981367|0.908062|0.988146|0.948693|0.97528|0.971435,1.83843|4.29962|1.42119|2.04059|4.76499|2.98582|1.56401|6.12587|3.20918|3.21404|1.03722|2.11735|3.08695|2.66147,30.2686|65.1286|34.0839|13.2112|13.9548|56.34|92.5451|56.2706|32.2763|27.3162|28.0546|10.3361|29.3778,0.160201|0.173408|0.249651|0.197882|0.164045|0.189445|0.174898|0.241506|0.204609|0.234565|0.231137|0.229825|0.218806,0.559595|0.625657|0.19649|0.473279|0.842052|0.972418|0.692675|0.350755|0.689113|0.973123|0.31734|0.200889|0.694407,0.960777,0.865614,0.120899,0.0868004,0.0443973,0.549768,0.260837,0.538285,0.285384,0.878897,35.8152,3.31207e-13,55109,0.839609,94.1996,1.03756e-13,22888,0.849295,0.839791,0.0338668,0.656048,0.327512,0.511502,0.267077,0.510256,0.20836,0.865791,24.3765,1.91574e-12,96785,0.911926,34.976,6.36299e-12,85196
3,81,n1->n2->n3->n4->n14->n13->n23->n24->n25->n15->n5->n6->n7->n8->n9->n10,1.01975e+11|2.19896e+12|9.86942e+11|2.41468e+10|1.55394e+12|9.1461e+13|1.30754e+09|1.19647e+09|4.7689e+13|3.53263e+12|1.71925e+10|6.20369e+09|1.59356e+10|3.02882e+10|4.88974e+12|1.19036e+12,5.38235e+10|7.99596e+11|2.57025e+11|2.58863e+09|5.08598e+11|5.19514e+13|1.86199e+08|1.92545e+08|2.99631e+13|2.01845e+12|1.24313e+10|1.6207e+09|4.18966e+09|6.71621e+09|7.24919e+11|2.86476e+11,0.000676514|0.000589285|0.000150675|0.00042822|0.000503586|0.000506242|0.000133247|4.21479e-05|0.000136619|0.000745688|3.93241e-05|0.000574029|2.6451e-05|0.000381371|7.10273e-05|1.19625e-05,0.00399416|0.00221248|0.00013293|0.000225383|0.000728986|0.00462097|0.00202386|0.000227203|0.000188414|0.00651336|0.00026326|0.000130191|0.000180791|0.00570991|0.000942087|0.00158689,0.0195223|0.0321365|0.0411064|0.00259026|0.0409863|0.0365133|0.0324456|0.00100722|0.0282036|0.0286763|0.0154625|0.0106337|0.0189999|0.0161017|0.00922358|0.00461288,0.0242107|0.00948841|0.0108323|0.0377939|0.0399677|0.0400901|0.038918|0.00787238|0.00307975|0.0289577|0.0101575|0.0454173|0.0287911|0.0285758|0.00472777|0.0271272,0.974039|0.910107|0.976432|0.933254|0.991379|0.988795|0.939452|0.963279|0.940934|0.915893|0.930177|0.984551|0.934194|0.926425|0.933061|0.971435,1.83843|6.06417|3.3576|2.44626|1.56401|2.98582|1.71839|3.9558|2.45207|6.12587|0.521104|4.26912|3.83792|0.335111|5.98339|2.66147,79.8117|37.015|10.4739|52.1141|56.34|51.9585|67.5745|18.2346|54.7186|35.0583|37.2729|32.9383|55.4093|99.595|65.9961,0.208125|0.187446|0.213299|0.187731|0.189445|0.175743|0.161697|0.171758|0.218311|0.211825|0.234823|0.234586|0.163678|0.169867|0.209925,0.112575|0.26228|0.441339|0.911759|0.972418|0.236177|0.50952|0.457727|0.136449|0.610625|0.434803|0.312661|0.383219|0.512253|0.118233,0.960777,0.865614,0.120899,0.0868004,0.0443973,0.549768,0.260837,0.538285,0.285384,0.878897,35.8152,3.31207e-13,55109,0.839609,94.1996,1.03756e-13,22888,0.849295,0.839791,0.0338668,0.656048,0.327512,0.511502,0.267077,0.510256,0.20836,0.865791,24.3765,1.91574e-12,96785,0.911926,34.976,6.36299e-12,85196
3,82,n1->n2->n12->n22->n32->n33->n34->n24->n25->n15->n5->n6->n7->n8->n9->n10,1.01975e+11|2.19896e+12|2.01442e+09|4.20781e+11|5.57525e+13|3.61083e+09|3.86712e+12|1.19647e+09|4.7689e+13|3.53263e+12|1.71925e+10|6.20369e+09|1.59356e+10|3.02882e+10|4.88974e+12|1.19036e+12,5.38235e+10|7.99596e+11|2.86583e+08|3.56381e+11|1.17595e+13|4.75867e+08|3.17678e+12|1.92545e+08|2.99631e+13|2.01845e+12|1.24313e+10|1.6207e+09|4.18966e+09|6.71621e+09|7.24919e+11|2.86476e+11,0.000676514|0.000589285|4.59784e-05|0.00083263|0.000134157|0.000995589|0.000266546|4.21479e-05|0.000136619|0.000745688|3.93241e-05|0.000574029|2.6451e-05|0.000381371|7.10273e-05|1.19625e-05,0.00399416|0.00221248|0.0021887|0.000180204|0.000327171|0.000667762|0.000845769|0.000227203|0.000188414|0.00651336|0.00026326|0.000130191|0.000180791|0.00570991|0.000942087|0.00158689,0.0195223|0.0321365|0.0219518|0.0174502|0.0310056|9.64854e-05|0.0487221|0.00100722|0.0282036|0.0286763|0.0154625|0.0106337|0.0189999|0.0161017|0.00922358|0.00461288,0.0242107|0.00948841|0.0367098|0.0349072|0.0233521|0.0476464|0.00196597|0.00787238|0.00307975|0.0289577|0.0101575|0.0454173|0.0287911|0.0285758|0.00472777|0.0271272,0.974039|0.910107|0.982422|0.921048|0.93521|0.901898|0.993755|0.963279|0.940934|0.915893|0.930177|0.984551|0.934194|0.926425|0.933061|0.971435,1.83843|6.06417|4.76499|2.04059|1.27982|2.63005|5.33688|3.9558|2.45207|6.12587|0.521104|4.26912|3.83792|0.335111|5.98339|2.66147,79.8117|88.6198|13.2112|86.2435|67.4197|23.5709|58.7029|18.2346|54.7186|35.0583|37.2729|32.9383|55.4093|99.595|65.9961,0.208125|0.215223|0.197882|0.237058|0.205284|0.172729|0.197049|0.171758|0.218311|0.211825|0.234823|0.234586|0.163678|0.169867|0.209925,0.112575|0.305593|0.473279|0.793503|0.18105|0.429495|0.268944|0.457727|0.136449|0.610625|0.434803|0.312661|0.383219|0.512253|0.118233,0.960777,0.865614,0.120899,0.0868004,0.0443973,0.549768,0.260837,0.538285,0.285384,0.878897,35.8152,3.31207e-13,55109,0.839609,94.1996,1.03756e-13,22888,0.849295,0.839791,0.0338668,0.656048,0.327512,0.511502,0.267077,0.510256,0.20836,0.865791,24.3765,1.91574e-12,96785,0.911926,34.976,6.36299e-12,85196
3,83,n1->n11->n21->n22->n32->n33->n23->n24->n25->n26->n27->n28->n18->n19->n9->n10,1.01975e+11|3.14092e+10|3.32883e+12|4.20781e+11|5.57525e+13|3.61083e+09|1.30754e+09|1.19647e+09|4.7689e+13|1.37743e+11|4.11784e+12|1.17142e+11|1.79344e+11|8.72734e+13|4.88974e+12|1.19036e+12,5.38235e+10|3.50301e+09|3.98612e+11|3.56381e+11|1.17595e+13|4.75867e+08|1.86199e+08|1.92545e+08|2.99631e+13|2.62358e+10|1.44429e+12|3.45855e+10|1.01158e+11|1.85268e+13|7.24919e+11|2.86476e+11,0.000676514|1.12087e-05|0.000328127|0.00083263|0.000134157|0.000995589|0.000133247|4.21479e-05|0.000136619|0.000235321|3.47922e-05|3.80731e-05|8.49582e-05|1.50238e-05|7.10273e-05|1.19625e-05,0.00399416|0.000724525|0.00838815|0.000180204|0.000327171|0.000667762|0.00202386|0.000227203|0.000188414|0.00480716|0.000452568|0.000758065|0.000487115|0.000314326|0.000942087|0.00158689,0.0195223|0.0441673|0.00424874|0.0174502|0.0310056|9.64854e-05|0.0324456|0.00100722|0.0282036|0.0384258|0.0467803|0.0342796|0.0130827|0.00292072|0.00922358|0.00461288,0.0242107|0.0122031|0.0418058|0.0349072|0.0233521|0.0476464|0.038918|0.00787238|0.00307975|0.0313876|0.0312181|0.0019971|0.0139073|0.0395015|0.00472777|0.0271272,0.974039|0.954535|0.988633|0.921048|0.93521|0.901898|0.939452|0.963279|0.940934|0.951143|0.945212|0.975528|0.988146|0.948693|0.933061|0.971435,1.83843|4.29962|1.42119|2.04059|1.27982|2.63005|1.71839|3.9558|2.45207|0.195308|3.90137|1.77801|1.03722|2.11735|5.98339|2.66147,30.2686|65.1286|34.0839|86.2435|67.4197|76.7594|67.5745|18.2346|55.6995|42.5138|15.3326|43.2583|28.0546|99.0064|65.9961,0.160201|0.173408|0.249651|0.237058|0.205284|0.215627|0.161697|0.171758|0.228068|0.238968|0.198809|0.237801|0.231137|0.235802|0.209925,0.559595|0.625657|0.19649|0.793503|0.18105|0.514356|0.50952|0.457727|0.389261|0.209813|0.368688|0.352181|0.31734|0.976298|0.118233,0.960777,0.865614,0.120899,0.0868004,0.0443973,0.549768,0.260837,0.538285,0.285384,0.878897,35.8152,3.31207e-13,55109,0.839609,94.1996,1.03756e-13,22888,0.849295,0.839791,0.0338668,0.656048,0.327512,0.511502,0.267077,0.510256,0.20836,0.865791,24.3765,1.91574e-12,96785,0.911926,34.976,6.36299e-12,85196
3,84,n1->n2->n12->n13->n3->n4->n5->n6->n16->n26->n27->n28->n18->n19->n20->n10,1.01975e+11|2.19896e+12|2.01442e+09|9.1461e+13|9.86942e+11|2.41468e+10|1.71925e+10|6.20369e+09|1.88403e+10|1.37743e+11|4.11784e+12|1.17142e+11|1.79344e+11|8.72734e+13|2.0429e+12|1.19036e+12,5.38235e+10|7.99596e+11|2.86583e+08|5.19514e+13|2.57025e+11|2.58863e+09|1.24313e+10|1.6207e+09|9.99594e+09|2.62358e+10|1.44429e+12|3.45855e+10|1.01158e+11|1.85268e+13|8.72759e+11|2.86476e+11,0.000676514|0.000589285|4.59784e-05|0.000506242|0.000150675|0.00042822|3.93241e-05|0.000574029|0.000390472|0.000235321|3.47922e-05|3.80731e-05|8.49582e-05|1.50238e-05|0.000758131|1.19625e-05,0.00399416|0.00221248|0.0021887|0.00462097|0.00013293|0.000225383|0.00026326|0.000130191|0.000762836|0.00480716|0.000452568|0.000758065|0.000487115|0.000314326|0.00836606|0.00158689,0.0195223|0.0321365|0.0219518|0.0365133|0.0411064|0.00259026|0.0154625|0.0106337|0.0105597|0.0384258|0.0467803|0.0342796|0.0130827|0.00292072|0.0340342|0.00461288,0.0242107|0.00948841|0.0367098|0.0400901|0.0108323|0.0377939|0.0101575|0.0454173|0.00944802|0.0313876|0.0312181|0.0019971|0.0139073|0.0395015|0.0408908|0.0271272,0.974039|0.910107|0.982422|0.988795|0.976432|0.933254|0.930177|0.984551|0.981367|0.951143|0.945212|0.975528|0.988146|0.948693|0.97528|0.971435,1.83843|6.06417|4.76499|2.98582|3.3576|2.44626|0.521104|4.26912|3.20918|0.195308|3.90137|1.77801|1.03722|2.11735|3.08695|2.66147,79.8117|88.6198|13.9548|83.9106|10.4739|81.7362|37.2729|50.0569|11.0615|42.5138|15.3326|43.2583|28.0546|10.3361|29.3778,0.208125|0.215223|0.164045|0.176807|0.213299|0.181317|0.234823|0.186675|0.208269|0.238968|0.198809|0.237801|0.231137|0.229825|0.218806,0.112575|0.305593|0.842052|0.224294|0.441339|0.126849|0.434803|0.371607|0.314052|0.209813|0.368688|0.352181|0.31734|0.200889|0.694407,0.960777,0.865614,0.120899,0.0868004,0.0443973,0.549768,0.260837,0.538285,0.285384,0.878897,35.8152,3.31207e-13,55109,0.839609,94.1996,1.03756e-13,22888,0.849295,0.839791,0.0338668,0.656048,0.327512,0.511502,0.267077,0.510256,0.20836,0.865791,24.3765,1.91574e-12,96785,0.911926,34.976,6.36299e-12,85196
3,85,n1->n2->n12->n11->n21->n22->n23->n24->n25->n26->n16->n6->n7->n8->n9->n10,1.01975e+11|2.19896e+12|2.01442e+09|3.14092e+10|3.32883e+12|4.20781e+11|1.30754e+09|1.19647e+09|4.7689e+13|1.37743e+11|1.88403e+10|6.20369e+09|1.59356e+10|3.02882e+10|4.88974e+12|1.19036e+12,5.38235e+10|7.99596e+11|2.86583e+08|3.50301e+09|3.98612e+11|3.56381e+11|1.86199e+08|1.92545e+08|2.99631e+13|2.62358e+10|9.99594e+09|1.6207e+09|4.18966e+09|6.71621e+09|7.24919e+11|2.86476e+11,0.000676514|0.000589285|4.59784e-05|1.12087e-05|0.000328127|0.00083263|0.000133247|4.21479e-05|0.000136619|0.000235321|0.000390472|0.000574029|2.6451e-05|0.000381371|7.10273e-05|1.19625e-05,0.00399416|0.00221248|0.0021887|0.000724525|0.00838815|0.000180204|0.00202386|0.000227203|0.000188414|0.00480716|0.000762836|0.000130191|0.000180791|0.00570991|0.000942087|0.00158689,0.0195223|0.0321365|0.0219518|0.0441673|0.00424874|0.0174502|0.0324456|0.00100722|0.0282036|0.0384258|0.0105597|0.0106337|0.0189999|0.0161017|0.00922358|0.00461288,0.0242107|0.00948841|0.0367098|0.0122031|0.0418058|0.0349072|0.038918|0.00787238|0.00307975|0.0313876|0.00944802|0.0454173|0.0287911|0.0285758|0.00472777|0.0271272,0.974039|0.910107|0.982422|0.954535|0.988633|0.921048|0.939452|0.963279|0.940934|0.951143|0.981367|0.984551|0.934194|0.926425|0.933061|0.971435,1.83843|6.06417|4.76499|4.29962|1.42119|2.04059|1.71839|3.9558|2.45207|0.195308|3.20918|4.26912|3.83792|0.335111|5.98339|2.66147,79.8117|88.6198|24.4191|65.1286|34.0839|55.8812|67.5745|18.2346|55.6995|11.0615|50.0569|32.9383|55.4093|99.595|65.9961,0.208125|0.215223|0.207518|0.173408|0.249651|0.203103|0.161697|0.171758|0.228068|0.208269|0.186675|0.234586|0.163678|0.169867|0.209925,0.112575|0.305593|0.400846|0.625657|0.19649|0.544519|0.50952|0.457727|0.389261|0.314052|0.371607|0.312661|0.383219|0.512253|0.118233,0.960777,0.865614,0.120899,0.0868004,0.0443973,0.549768,0.260837,0.538285,0.285384,0.878897,35.8152,3.31207e-13,55109,0.839609,94.1996,1.03756e-13,22888,0.849295,0.839791,0.0338668,0.656048,0.327512,0.511502,0.267077,0.510256,0.20836,0.865791,24.3765,1.91574e-12,96785,0.911926,34.976,6.36299e-12,85196
3,86,n1->n2->n3->n13->n12->n22->n23->n24->n14->n4->n5->n6->n7->n8->n9->n10,1.01975e+11|2.19896e+12|9.86942e+11|9.1461e+13|2.01442e+09|4.20781e+11|1.30754e+09|1.19647e+09|1.55394e+12|2.41468e+10|1.71925e+10|6.20369e+09|1.59356e+10|3.02882e+10|4.88974e+12|1.19036e+12,5.38235e+10|7.99596e+11|2.57025e+11|5.19514e+13|2.86583e+08|3.56381e+11|1.86199e+08|1.92545e+08|5.08598e+11|2.58863e+09|1.24313e+10|1.6207e+09|4.18966e+09|6.71621e+09|7.24919e+11|2.86476e+11,0.000676514|0.000589285|0.000150675|0.000506242|4.59784e-05|0.00083263|0.000133247|4.21479e-05|0.000503586|0.00042822|3.93241e-05|0.000574029|2.6451e-05|0.000381371|7.10273e-05|1.19625e-05,0.00399416|0.00221248|0.00013293|0.00462097|0.0021887|0.000180204|0.00202386|0.000227203|0.000728986|0.000225383|0.00026326|0.000130191|0.000180791|0.00570991|0.000942087|0.00158689,0.0195223|0.0321365|0.0411064|0.0365133|0.0219518|0.0174502|0.0324456|0.00100722|0.0409863|0.00259026|0.0154625|0.0106337|0.0189999|0.0161017|0.00922358|0.00461288,0.0242107|0.00948841|0.0108323|0.0400901|0.0367098|0.0349072|0.038918|0.00787238|0.0399677|0.0377939|0.0101575|0.0454173|0.0287911|0.0285758|0.00472777|0.0271272,0.974039|0.910107|0.976432|0.988795|0.982422|0.921048|0.939452|0.963279|0.991379|0.933254|0.930177|0.984551|0.934194|0.926425|0.933061|0.971435,1.83843|6.06417|3.3576|2.98582|4.76499|2.04059|1.71839|3.9558|1.56401|2.44626|0.521104|4.26912|3.83792|0.335111|5.98339|2.66147,79.8117|37.015|83.9106|13.9548|13.2112|55.8812|67.5745|66.6304|52.1141|81.7362|37.2729|32.9383|55.4093|99.595|65.9961,0.208125|0.187446|0.176807|0.164045|0.197882|0.203103|0.161697|0.249271|0.187731|0.181317|0.234823|0.234586|0.163678|0.169867|0.209925,0.112575|0.26228|0.224294|0.842052|0.473279|0.544519|0.50952|0.311928|0.911759|0.126849|0.434803|0.312661|0.383219|0.512253|0.118233,0.960777,0.865614,0.120899,0.0868004,0.0443973,0.549768,0.260837,0.538285,0.285384,0.878897,35.8152,3.31207e-13,55109,0.839609,94.1996,1.03756e-13,22888,0.849295,0.839791,0.0338668,0.656048,0.327512,0.511502,0.267077,0.510256,0.20836,0.865791,24.3765,1.91574e-12,96785,0.911926,34.976,6.36299e-12,85196
3,87,n1->n11->n12->n22->n32->n33->n34->n24->n14->n4->n5->n6->n7->n8->n9->n10,1.01975e+11|3.14092e+10|2.01442e+09|4.20781e+11|5.57525e+13|3.61083e+09|3.86712e+12|1.19647e+09|1.55394e+12|2.41468e+10|1.71925e+10|6.20369e+09|1.59356e+10|3.02882e+10|4.88974e+12|1.19036e+12,5.38235e+10|3.50301e+09|2.86583e+08|3.56381e+11|1.17595e+13|4.75867e+08|3.17678e+12|1.92545e+08|5.08598e+11|2.58863e+09|1.24313e+10|1.6207e+09|4.18966e+09|6.71621e+09|7.24919e+11|2.86476e+11,0.000676514|1.12087e-05|4.59784e-05|0.00083263|0.000134157|0.000995589|0.000266546|4.21479e-05|0.000503586|0.00042822|3.93241e-05|0.000574029|2.6451e-05|0.000381371|7.10273e-05|1.19625e-05,0.00399416|0.000724525|0.0021887|0.000180204|0.000327171|0.000667762|0.000845769|0.000227203|0.000728986|0.000225383|0.00026326|0.000130191|0.000180791|0.00570991|0.000942087|0.00158689,0.0195223|0.0441673|0.0219518|0.0174502|0.0310056|9.64854e-05|0.0487221|0.00100722|0.0409863|0.00259026|0.0154625|0.0106337|0.0189999|0.0161017|0.00922358|0.00461288,0.0242107|0.0122031|0.0367098|0.0349072|0.0233521|0.0476464|0.00196597|0.00787238|0.0399677|0.0377939|0.0101575|0.0454173|0.0287911|0.0285758|0.00472777|0.0271272,0.974039|0.954535|0.982422|0.921048|0.93521|0.901898|0.993755|0.963279|0.991379|0.933254|0.930177|0.984551|0.934194|0.926425|0.933061|0.971435,1.83843|4.29962|4.76499|2.04059|1.27982|2.63005|5.33688|3.9558|1.56401|2.44626|0.521104|4.26912|3.83792|0.335111|5.98339|2.66147,30.2686|24.4191|13.2112|86.2435|67.4197|23.5709|58.7029|66.6304|52.1141|81.7362|37.2729|32.9383|55.4093|99.595|65.9961,0.160201|0.207518|0.197882|0.237058|0.205284|0.172729|0.197049|0.249271|0.187731|0.181317|0.234823|0.234586|0.163678|0.169867|0.209925,0.559595|0.400846|0.473279|0.793503|0.18105|0.429495|0.268944|0.311928|0.911759|0.126849|0.434803|0.312661|0.383219|0.512253|0.118233,0.960777,0.865614,0.120899,0.0868004,0.0443973,0.549768,0.260837,0.538285,0.285384,0.878897,35.8152,3.31207e-13,55109,0.839609,94.1996,1.03756e-13,22888,0.849295,0.839791,0.0338668,0.656048,0.327512,0.511502,0.267077,0.510256,0.20836,0.865791,24.3765,1.91574e-12,96785,0.911926,34.976,6.36299e-12,85196
3,88,n1->n2->n12->n13->n23->n33->n34->n35->n25->n15->n5->n6->n7->n8->n9->n10,1.01975e+11|2.19896e+12|2.01442e+09|9.1461e+13|1.30754e+09|3.61083e+09|3.86712e+12|4.41215e+13|4.7689e+13|3.53263e+12|1.71925e+10|6.20369e+09|1.59356e+10|3.02882e+10|4.88974e+12|1.19036e+12,5.38235e+10|7.99596e+11|2.86583e+08|5.19514e+13|1.86199e+08|4.75867e+08|3.17678e+12|7.93273e+12|2.99631e+13|2.01845e+12|1.24313e+10|1.6207e+09|4.18966e+09|6.71621e+09|7.24919e+11|2.86476e+11,0.000676514|0.000589285|4.59784e-05|0.000506242|0.000133247|0.000995589|0.000266546|1.92715e-05|0.000136619|0.000745688|3.93241e-05|0.000574029|2.6451e-05|0.000381371|7.10273e-05|1.19625e-05,0.00399416|0.00221248|0.0021887|0.00462097|0.00202386|0.000667762|0.000845769|0.00212144|0.000188414|0.00651336|0.00026326|0.000130191|0.000180791|0.00570991|0.000942087|0.00158689,0.0195223|0.0321365|0.0219518|0.0365133|0.0324456|9.64854e-05|0.0487221|0.025793|0.0282036|0.0286763|0.0154625|0.0106337|0.0189999|0.0161017|0.00922358|0.00461288,0.0242107|0.00948841|0.0367098|0.0400901|0.038918|0.0476464|0.00196597|0.0261584|0.00307975|0.0289577|0.0101575|0.0454173|0.0287911|0.0285758|0.00472777|0.0271272,0.974039|0.910107|0.982422|0.988795|0.939452|0.901898|0.993755|0.987839|0.940934|0.915893|0.930177|0.984551|0.934194|0.926425|0.933061|0.971435,1.83843|6.06417|4.76499|2.98582|1.71839|2.63005|5.33688|3.89608|2.45207|6.12587|0.521104|4.26912|3.83792|0.335111|5.98339|2.66147,79.8117|88.6198|13.9548|51.9585|76.7594|23.5709|31.5608|88.4205|54.7186|35.0583|37.2729|32.9383|55.4093|99.595|65.9961,0.208125|0.215223|0.164045|0.175743|0.215627|0.172729|0.249069|0.213009|0.218311|0.211825|0.234823|0.234586|0.163678|0.169867|0.209925,0.112575|0.305593|0.842052|0.236177|0.514356|0.429495|0.544124|0.564157|0.136449|0.610625|0.434803|0.312661|0.383219|0.512253|0.118233,0.960777,0.865614,0.120899,0.0868004,0.0443973,0.549768,0.260837,0.538285,0.285384,0.878897,35.8152,3.31207e-13,55109,0.839609,94.1996,1.03756e-13,22888,0.849295,0.839791,0.0338668,0.656048,0.327512,0.511502,0.267077,0.510256,0.20836,0.865791,24.3765,1.91574e-12,96785,0.911926,34.976,6.36299e-12,85196
3,89,n1->n11->n21->n22->n12->n2->n3->n4->n5->n15->n16->n6->n7->n8->n9->n10,1.01975e+11|3.14092e+10|3.32883e+12|4.20781e+11|2.01442e+09|2.19896e+12|9.86942e+11|2.41468e+10|1.71925e+10|3.53263e+12|1.88403e+10|6.20369e+09|1.59356e+10|3.02882e+10|4.88974e+12|1.19036e+12,5.38235e+10|3.50301e+09|3.98612e+11|3.56381e+11|2.86583e+08|7.99596e+11|2.57025e+11|2.58863e+09|1.24313e+10|2.01845e+12|9.99594e+09|1.6207e+09|4.18966e+09|6.71621e+09|7.24919e+11|2.86476e+11,0.000676514|1.12087e-05|0.000328127|0.00083263|4.59784e-05|0.000589285|0.000150675|0.00042822|3.93241e-05|0.000745688|0.000390472|0.000574029|2.6451e-05|0.000381371|7.10273e-05|1.19625e-05,0.00399416|0.000724525|0.00838815|0.000180204|0.0021887|0.00221248|0.00013293|0.000225383|0.00026326|0.00651336|0.000762836|0.000130191|0.000180791|0.00570991|0.000942087|0.00158689,0.0195223|0.0441673|0.00424874|0.0174502|0.0219518|0.0321365|0.0411064|0.00259026|0.0154625|0.0286763|0.0105597|0.0106337|0.0189999|0.0161017|0.00922358|0.00461288,0.0242107|0.0122031|0.0418058|0.0349072|0.0367098|0.00948841|0.0108323|0.0377939|0.0101575|0.0289577|0.00944802|0.0454173|0.0287911|0.0285758|0.00472777|0.0271272,0.974039|0.954535|0.988633|0.921048|0.982422|0.910107|0.976432|0.933254|0.930177|0.915893|0.981367|0.984551|0.934194|0.926425|0.933061|0.971435,1.83843|4.29962|1.42119|2.04059|4.76499|6.06417|3.3576|2.44626|0.521104|6.12587|3.20918|4.26912|3.83792|0.335111|5.98339|2.66147,30.2686|65.1286|34.0839|13.2112|88.6198|37.015|10.4739|81.7362|35.0583|56.2706|50.0569|32.9383|55.4093|99.595|65.9961,0.160201|0.173408|0.249651|0.197882|0.215223|0.187446|0.213299|0.181317|0.211825|0.241506|0.186675|0.234586|0.163678|0.169867|0.209925,0.559595|0.625657|0.19649|0.473279|0.305593|0.26228|0.441339|0.126849|0.610625|0.350755|0.371607|0.312661|0.383219|0.512253|0.118233,0.960777,0.865614,0.120899,0.0868004,0.0443973,0.549768,0.260837,0.538285,0.285384,0.878897,35.8152,3.31207e-13,55109,0.839609,94.1996,1.03756e-13,22888,0.849295,0.839791,0.0338668,0.656048,0.327512,0.511502,0.267077,0.510256,0.20836,0.865791,24.3765,1.91574e-12,96785,0.911926,34.976,6.36299e-12,85196
3,90,n1->n2->n12->n11->n21->n22->n23->n13->n3->n4->n5->n6->n7->n8->n9->n10,1.01975e+11|2.19896e+12|2.01442e+09|3.14092e+10|3.32883e+12|4.20781e+11|1.30754e+09|9.1461e+13|9.86942e+11|2.41468e+10|1.71925e+10|6.20369e+09|1.59356e+10|3.02882e+10|4.88974e+12|1.19036e+12,5.38235e+10|7.99596e+11|2.86583e+08|3.50301e+09|3.98612e+11|3.56381e+11|1.86199e+08|5.19514e+13|2.57025e+11|2.58863e+09|1.24313e+10|1.6207e+09|4.18966e+09|6.71621e+09|7.24919e+11|2.86476e+11,0.000676514|0.000589285|4.59784e-05|1.12087e-05|0.000328127|0.00083263|0.000133247|0.000506242|0.000150675|0.00042822|3.93241e-05|0.000574029|2.6451e-05|0.000381371|7.10273e-05|1.19625e-05,0.00399416|0.00221248|0.0021887|0.000724525|0.00838815|0.000180204|0.00202386|0.00462097|0.00013293|0.000225383|0.00026326|0.000130191|0.000180791|0.00570991|0.000942087|0.00158689,0.0195223|0.0321365|0.0219518|0.0441673|0.00424874|0.0174502|0.0324456|0.0365133|0.0411064|0.00259026|0.0154625|0.0106337|0.0189999|0.0161017|0.00922358|0.00461288,0.0242107|0.00948841|0.0367098|0.0122031|0.0418058|0.0349072|0.038918|0.0400901|0.0108323|0.0377939|0.0101575|0.0454173|0.0287911|0.0285758|0.00472777|0.0271272,0.974039|0.910107|0.982422|0.954535|0.988633|0.921048|0.939452|0.988795|0.976432|0.933254|0.930177|0.984551|0.934194|0.926425|0.933061|0.971435,1.83843|6.06417|4.76499|4.29962|1.42119|2.04059|1.71839|2.98582|3.3576|2.44626|0.521104|4.26912|3.83792|0.335111|5.98339|2.66147,79.8117|88.6198|24.4191|65.1286|34.0839|55.8812|51.9585|83.9106|10.4739|81.7362|37.2729|32.9383|55.4093|99.595|65.9961,0.208125|0.215223|0.207518|0.173408|0.249651|0.203103|0.175743|0.176807|0.213299|0.181317|0.234823|0.234586|0.163678|0.169867|0.209925,0.112575|0.305593|0.400846|0.625657|0.19649|0.544519|0.236177|0.224294|0.441339|0.126849|0.434803|0.312661|0.383219|0.512253|0.118233,0.960777,0.865614,0.120899,0.0868004,0.0443973,0.549768,0.260837,0.538285,0.285384,0.878897,35.8152,3.31207e-13,55109,0.839609,94.1996,1.03756e-13,22888,0.849295,0.839791,0.0338668,0.656048,0.327512,0.511502,0.267077,0.510256,0.20836,0.865791,24.3765,1.91574e-12,96785,0.911926,34.976,6.36299e-12,85196
3,91,n1->n2->n3->n13->n23->n24->n14->n15->n16->n26->n27->n17->n18->n8->n9->n10,1.01975e+11|2.19896e+12|9.86942e+11|9.1461e+13|1.30754e+09|1.19647e+09|1.55394e+12|3.53263e+12|1.88403e+10|1.37743e+11|4.11784e+12|2.82283e+09|1.79344e+11|3.02882e+10|4.88974e+12|1.19036e+12,5.38235e+10|7.99596e+11|2.57025e+11|5.19514e+13|1.86199e+08|1.92545e+08|5.08598e+11|2.01845e+12|9.99594e+09|2.62358e+10|1.44429e+12|1.47131e+09|1.01158e+11|6.71621e+09|7.24919e+11|2.86476e+11,0.000676514|0.000589285|0.000150675|0.000506242|0.000133247|4.21479e-05|0.000503586|0.000745688|0.000390472|0.000235321|3.47922e-05|3.16477e-05|8.49582e-05|0.000381371|7.10273e-05|1.19625e-05,0.00399416|0.00221248|0.00013293|0.00462097|0.00202386|0.000227203|0.000728986|0.00651336|0.000762836|0.00480716|0.000452568|0.00565965|0.000487115|0.00570991|0.000942087|0.00158689,0.0195223|0.0321365|0.0411064|0.0365133|0.0324456|0.00100722|0.0409863|0.0286763|0.0105597|0.0384258|0.0467803|0.0154786|0.0130827|0.0161017|0.00922358|0.00461288,0.0242107|0.00948841|0.0108323|0.0400901|0.038918|0.00787238|0.0399677|0.0289577|0.00944802|0.0313876|0.0312181|0.0100135|0.0139073|0.0285758|0.00472777|0.0271272,0.974039|0.910107|0.976432|0.988795|0.939452|0.963279|0.991379|0.915893|0.981367|0.951143|0.945212|0.908062|0.988146|0.926425|0.933061|0.971435,1.83843|6.06417|3.3576|2.98582|1.71839|3.9558|1.56401|6.12587|3.20918|0.195308|3.90137|3.21404|1.03722|0.335111|5.98339|2.66147,79.8117|37.015|83.9106|51.9585|67.5745|66.6304|92.5451|56.2706|11.0615|42.5138|72.2829|27.3162|81.3396|99.595|65.9961,0.208125|0.187446|0.176807|0.175743|0.161697|0.249271|0.174898|0.241506|0.208269|0.238968|0.201328|0.234565|0.194321|0.169867|0.209925,0.112575|0.26228|0.224294|0.236177|0.50952|0.311928|0.692675|0.350755|0.314052|0.209813|0.672327|0.973123|0.540423|0.512253|0.118233,0.960777,0.865614,0.120899,0.0868004,0.0443973,0.549768,0.260837,0.538285,0.285384,0.878897,35.8152,3.31207e-13,55109,0.839609,94.1996,1.03756e-13,22888,0.849295,0.839791,0.0338668,0.656048,0.327512,0.511502,0.267077,0.510256,0.20836,0.865791,24.3765,1.91574e-12,96785,0.911926,34.976,6.36299e-12,85196
3,92,n1->n11->n12->n22->n23->n33->n34->n35->n25->n15->n16->n6->n7->n8->n9->n10,1.01975e+11|3.14092e+10|2.01442e+09|4.20781e+11|1.30754e+09|3.61083e+09|3.86712e+12|4.41215e+13|4.7689e+13|3.53263e+12|1.88403e+10|6.20369e+09|1.59356e+10|3.02882e+10|4.88974e+12|1.19036e+12,5.38235e+10|3.50301e+09|2.86583e+08|3.56381e+11|1.86199e+08|4.75867e+08|3.17678e+12|7.93273e+12|2.99631e+13|2.01845e+12|9.99594e+09|1.6207e+09|4.18966e+09|6.71621e+09|7.24919e+11|2.86476e+11,0.000676514|1.12087e-05|4.59784e-05|0.00083263|0.000133247|0.000995589|0.000266546|1.92715e-05|0.000136619|0.000745688|0.000390472|0.000574029|2.6451e-05|0.000381371|7.10273e-05|1.19625e-05,0.00399416|0.000724525|0.0021887|0.000180204|0.00202386|0.000667762|0.000845769|0.00212144|0.000188414|0.00651336|0.000762836|0.000130191|0.000180791|0.00570991|0.000942087|0.00158689,0.0195223|0.0441673|0.0219518|0.0174502|0.0324456|9.64854e-05|0.0487221|0.025793|0.0282036|0.0286763|0.0105597|0.0106337|0.0189999|0.0161017|0.00922358|0.00461288,0.0242107|0.0122031|0.0367098|0.0349072|0.038918|0.0476464|0.00196597|0.0261584|0.00307975|0.0289577|0.00944802|0.0454173|0.0287911|0.0285758|0.00472777|0.0271272,0.974039|0.954535|0.982422|0.921048|0.939452|0.901898|0.993755|0.987839|0.940934|0.915893|0.981367|0.984551|0.934194|0.926425|0.933061|0.971435,1.83843|4.29962|4.76499|2.04059|1.71839|2.63005|5.33688|3.89608|2.45207|6.12587|3.20918|4.26912|3.83792|0.335111|5.98339|2.66147,30.2686|24.4191|13.2112|55.8812|76.7594|23.5709|31.5608|88.4205|54.7186|56.2706|50.0569|32.9383|55.4093|99.595|65.9961,0.160201|0.207518|0.197882|0.203103|0.215627|0.172729|0.249069|0.213009|0.218311|0.241506|0.186675|0.234586|0.163678|0.169867|0.209925,0.559595|0.400846|0.473279|0.544519|0.514356|0.429495|0.544124|0.564157|0.136449|0.350755|0.371607|0.312661|0.383219|0.512253|0.118233,0.960777,0.865614,0.120899,0.0868004,0.0443973,0.549768,0.260837,0.538285,0.285384,0.878897,35.8152,3.31207e-13,55109,0.839609,94.1996,1.03756e-13,22888,0.849295,0.839791,0.0338668,0.656048,0.327512,0.511502,0.267077,0.510256,0.20836,0.865791,24.3765,1.91574e-12,96785,0.911926,34.976,6.36299e-12,85196
3,93,n1->n11->n21->n31->n32->n22->n23->n13->n14->n4->n5->n6->n7->n8->n9->n10,1.01975e+11|3.14092e+10|3.32883e+12|1.05065e+13|5.57525e+13|4.20781e+11|1.30754e+09|9.1461e+13|1.55394e+12|2.41468e+10|1.71925e+10|6.20369e+09|1.59356e+10|3.02882e+10|4.88974e+12|1.19036e+12,5.38235e+10|3.50301e+09|3.98612e+11|2.87737e+12|1.17595e+13|3.56381e+11|1.86199e+08|5.19514e+13|5.08598e+11|2.58863e+09|1.24313e+10|1.6207e+09|4.18966e+09|6.71621e+09|7.24919e+11|2.86476e+11,0.000676514|1.12087e-05|0.000328127|0.000258516|0.000134157|0.00083263|0.000133247|0.000506242|0.000503586|0.00042822|3.93241e-05|0.000574029|2.6451e-05|0.000381371|7.10273e-05|1.19625e-05,0.00399416|0.000724525|0.00838815|0.000145507|0.000327171|0.000180204|0.00202386|0.00462097|0.000728986|0.000225383|0.00026326|0.000130191|0.000180791|0.00570991|0.000942087|0.00158689,0.0195223|0.0441673|0.00424874|0.0234983|0.0310056|0.0174502|0.0324456|0.0365133|0.0409863|0.00259026|0.0154625|0.0106337|0.0189999|0.0161017|0.00922358|0.00461288,0.0242107|0.0122031|0.0418058|0.00141098|0.0233521|0.0349072|0.038918|0.0400901|0.0399677|0.0377939|0.0101575|0.0454173|0.0287911|0.0285758|0.00472777|0.0271272,0.974039|0.954535|0.988633|0.964211|0.93521|0.921048|0.939452|0.988795|0.991379|0.933254|0.930177|0.984551|0.934194|0.926425|0.933061|0.971435,1.83843|4.29962|1.42119|2.15959|1.27982|2.04059|1.71839|2.98582|1.56401|2.44626|0.521104|4.26912|3.83792|0.335111|5.98339|2.66147,30.2686|65.1286|89.2299|63.0993|86.2435|55.8812|51.9585|56.34|52.1141|81.7362|37.2729|32.9383|55.4093|99.595|65.9961,0.160201|0.173408|0.184425|0.229355|0.237058|0.203103|0.175743|0.189445|0.187731|0.181317|0.234823|0.234586|0.163678|0.169867|0.209925,0.559595|0.625657|0.421838|0.385409|0.793503|0.544519|0.236177|0.972418|0.911759|0.126849|0.434803|0.312661|0.383219|0.512253|0.118233,0.960777,0.865614,0.120899,0.0868004,0.0443973,0.549768,0.260837,0.538285,0.285384,0.878897,35.8152,3.31207e-13,55109,0.839609,94.1996,1.03756e-13,22888,0.849295,0.839791,0.0338668,0.656048,0.327512,0.511502,0.267077,0.510256,0.20836,0.865791,24.3765,1.91574e-12,96785,0.911926,34.976,6.36299e-12,85196
3,94,n1->n2->n3->n4->n5->n15->n14->n24->n25->n26->n16->n17->n7->n8->n9->n10,1.01975e+11|2.19896e+12|9.86942e+11|2.41468e+10|1.71925e+10|3.53263e+12|1.55394e+12|1.19647e+09|4.7689e+13|1.37743e+11|1.88403e+10|2.82283e+09|1.59356e+10|3.02882e+10|4.88974e+12|1.19036e+12,5.38235e+10|7.99596e+11|2.57025e+11|2.58863e+09|1.24313e+10|2.01845e+12|5.08598e+11|1.92545e+08|2.99631e+13|2.62358e+10|9.99594e+09|1.47131e+09|4.18966e+09|6.71621e+09|7.24919e+11|2.86476e+11,0.000676514|0.000589285|0.000150675|0.00042822|3.93241e-05|0.000745688|0.000503586|4.21479e-05|0.000136619|0.000235321|0.000390472|3.16477e-05|2.6451e-05|0.000381371|7.10273e-05|1.19625e-05,0.00399416|0.00221248|0.00013293|0.000225383|0.00026326|0.00651336|0.000728986|0.000227203|0.000188414|0.00480716|0.000762836|0.00565965|0.000180791|0.00570991|0.000942087|0.00158689,0.0195223|0.0321365|0.0411064|0.00259026|0.0154625|0.0286763|0.0409863|0.00100722|0.0282036|0.0384258|0.0105597|0.0154786|0.0189999|0.0161017|0.00922358|0.00461288,0.0242107|0.00948841|0.0108323|0.0377939|0.0101575|0.0289577|0.0399677|0.00787238|0.00307975|0.0313876|0.00944802|0.0100135|0.0287911|0.0285758|0.00472777|0.0271272,0.974039|0.910107|0.976432|0.933254|0.930177|0.915893|0.991379|0.963279|0.940934|0.951143|0.981367|0.908062|0.934194|0.926425|0.933061|0.971435,1.83843|6.06417|3.3576|2.44626|0.521104|6.12587|1.56401|3.9558|2.45207|0.195308|3.20918|3.21404|3.83792|0.335111|5.98339|2.66147,79.8117|37.015|10.4739|81.7362|35.0583|92.5451|66.6304|18.2346|55.6995|11.0615|32.2763|59.8148|55.4093|99.595|65.9961,0.208125|0.187446|0.213299|0.181317|0.211825|0.174898|0.249271|0.171758|0.228068|0.208269|0.204609|0.239012|0.163678|0.169867|0.209925,0.112575|0.26228|0.441339|0.126849|0.610625|0.692675|0.311928|0.457727|0.389261|0.314052|0.689113|0.920789|0.383219|0.512253|0.118233,0.960777,0.865614,0.120899,0.0868004,0.0443973,0.549768,0.260837,0.538285,0.285384,0.878897,35.8152,3.31207e-13,55109,0.839609,94.1996,1.03756e-13,22888,0.849295,0.839791,0.0338668,0.656048,0.327512,0.511502,0.267077,0.510256,0.20836,0.865791,24.3765,1.91574e-12,96785,0.911926,34.976,6.36299e-12,85196
3,95,n1->n2->n12->n22->n23->n13->n3->n4->n14->n15->n16->n6->n7->n8->n9->n10,1.01975e+11|2.19896e+12|2.01442e+09|4.20781e+11|1.30754e+09|9.1461e+13|9.86942e+11|2.41468e+10|1.55394e+12|3.53263e+12|1.88403e+10|6.20369e+09|1.59356e+10|3.02882e+10|4.88974e+12|1.19036e+12,5.38235e+10|7.99596e+11|2.86583e+08|3.56381e+11|1.86199e+08|5.19514e+13|2.57025e+11|2.58863e+09|5.08598e+11|2.01845e+12|9.99594e+09|1.6207e+09|4.18966e+09|6.71621e+09|7.24919e+11|2.86476e+11,0.000676514|0.000589285|4.59784e-05|0.00083263|0.000133247|0.000506242|0.000150675|0.00042822|0.000503586|0.000745688|0.000390472|0.000574029|2.6451e-05|0.000381371|7.10273e-05|1.19625e-05,0.00399416|0.00221248|0.0021887|0.000180204|0.00202386|0.00462097|0.00013293|0.000225383|0.000728986|0.00651336|0.000762836|0.000130191|0.000180791|0.00570991|0.000942087|0.00158689,0.0195223|0.0321365|0.0219518|0.0174502|0.0324456|0.0365133|0.0411064|0.00259026|0.0409863|0.0286763|0.0105597|0.0106337|0.0189999|0.0161017|0.00922358|0.00461288,0.0242107|0.00948841|0.0367098|0.0349072|0.038918|0.0400901|0.0108323|0.0377939|0.0399677|0.0289577|0.00944802|0.0454173|0.0287911|0.0285758|0.00472777|0.0271272,0.974039|0.910107|0.982422|0.921048|0.939452|0.988795|0.976432|0.933254|0.991379|0.915893|0.981367|0.984551|0.934194|0.926425|0.933061|0.971435,1.83843|6.06417|4.76499|2.04059|1.71839|2.98582|3.3576|2.44626|1.56401|6.12587|3.20918|4.26912|3.83792|0.335111|5.98339|2.66147,79.8117|88.6198|13.2112|55.8812|51.9585|83.9106|10.4739|52.1141|92.5451|56.2706|50.0569|32.9383|55.4093|99.595|65.9961,0.208125|0.215223|0.197882|0.203103|0.175743|0.176807|0.213299|0.187731|0.174898|0.241506|0.186675|0.234586|0.163678|0.169867|0.209925,0.112575|0.305593|0.473279|0.544519|0.236177|0.224294|0.441339|0.911759|0.692675|0.350755|0.371607|0.312661|0.383219|0.512253|0.118233,0.960777,0.865614,0.120899,0.0868004,0.0443973,0.549768,0.260837,0.538285,0.285384,0.878897,35.8152,3.31207e-13,55109,0.839609,94.1996,1.03756e-13,22888,0.849295,0.839791,0.0338668,0.656048,0.327512,0.511502,0.267077,0.510256,0.20836,0.865791,24.3765,1.91574e-12,96785,0.911926,34.976,6.36299e-12,85196
3,96,n1->n11->n12->n2->n3->n13->n23->n24->n14->n4->n5->n6->n7->n8->n9->n10,1.01975e+11|3.14092e+10|2.01442e+09|2.19896e+12|9.86942e+11|9.1461e+13|1.30754e+09|1.19647e+09|1.55394e+12|2.41468e+10|1.71925e+10|6.20369e+09|1.59356e+10|3.02882e+10|4.88974e+12|1.19036e+12,5.38235e+10|3.50301e+09|2.86583e+08|7.99596e+11|2.57025e+11|5.19514e+13|1.86199e+08|1.92545e+08|5.08598e+11|2.58863e+09|1.24313e+10|1.6207e+09|4.18966e+09|6.71621e+09|7.24919e+11|2.86476e+11,0.000676514|1.12087e-05|4.59784e-05|0.000589285|0.000150675|0.000506242|0.000133247|4.21479e-05|0.000503586|0.00042822|3.93241e-05|0.000574029|2.6451e-05|0.000381371|7.10273e-05|1.19625e-05,0.00399416|0.000724525|0.0021887|0.00221248|0.00013293|0.00462097|0.00202386|0.000227203|0.000728986|0.000225383|0.00026326|0.000130191|0.000180791|0.00570991|0.000942087|0.00158689,0.0195223|0.0441673|0.0219518|0.0321365|0.0411064|0.0365133|0.0324456|0.00100722|0.0409863|0.00259026|0.0154625|0.0106337|0.0189999|0.0161017|0.00922358|0.00461288,0.0242107|0.0122031|0.0367098|0.00948841|0.0108323|0.0400901|0.038918|0.00787238|0.0399677|0.0377939|0.0101575|0.0454173|0.0287911|0.0285758|0.00472777|0.0271272,0.974039|0.954535|0.982422|0.910107|0.976432|0.988795|0.939452|0.963279|0.991379|0.933254|0.930177|0.984551|0.934194|0.926425|0.933061|0.971435,1.83843|4.29962|4.76499|6.06417|3.3576|2.98582|1.71839|3.9558|1.56401|2.44626|0.521104|4.26912|3.83792|0.335111|5.98339|2.66147,30.2686|24.4191|88.6198|37.015|83.9106|51.9585|67.5745|66.6304|52.1141|81.7362|37.2729|32.9383|55.4093|99.595|65.9961,0.160201|0.207518|0.215223|0.187446|0.176807|0.175743|0.161697|0.249271|0.187731|0.181317|0.234823|0.234586|0.163678|0.169867|0.209925,0.559595|0.400846|0.305593|0.26228|0.224294|0.236177|0.50952|0.311928|0.911759|0.126849|0.434803|0.312661|0.383219|0.512253|0.118233,0.960777,0.865614,0.120899,0.0868004,0.0443973,0.549768,0.260837,0.538285,0.285384,0.878897,35.8152,3.31207e-13,55109,0.839609,94.1996,1.03756e-13,22888,0.849295,0.839791,0.0338668,0.656048,0.327512,0.511502,0.267077,0.510256,0.20836,0.865791,24.3765,1.91574e-12,96785,0.911926,34.976,6.36299e-12,85196
3,97,n1->n11->n21->n31->n32->n22->n23->n13->n14->n15->n16->n17->n7->n8->n9->n10,1.01975e+11|3.14092e+10|3.32883e+12|1.05065e+13|5.57525e+13|4.20781e+11|1.30754e+09|9.1461e+13|1.55394e+12|3.53263e+12|1.88403e+10|2.82283e+09|1.59356e+10|3.02882e+10|4.88974e+12|1.19036e+12,5.38235e+10|3.50301e+09|3.98612e+11|2.87737e+12|1.17595e+13|3.56381e+11|1.86199e+08|5.19514e+13|5.08598e+11|2.01845e+12|9.99594e+09|1.47131e+09|4.18966e+09|6.71621e+09|7.24919e+11|2.86476e+11,0.000676514|1.12087e-05|0.000328127|0.000258516|0.000134157|0.00083263|0.000133247|0.000506242|0.000503586|0.000745688|0.000390472|3.16477e-05|2.6451e-05|0.000381371|7.10273e-05|1.19625e-05,0.00399416|0.000724525|0.00838815|0.000145507|0.000327171|0.000180204|0.00202386|0.00462097|0.000728986|0.00651336|0.000762836|0.00565965|0.000180791|0.00570991|0.000942087|0.00158689,0.0195223|0.0441673|0.00424874|0.0234983|0.0310056|0.0174502|0.0324456|0.0365133|0.0409863|0.0286763|0.0105597|0.0154786|0.0189999|0.0161017|0.00922358|0.00461288,0.0242107|0.0122031|0.0418058|0.00141098|0.0233521|0.0349072|0.038918|0.0400901|0.0399677|0.0289577|0.00944802|0.0100135|0.0287911|0.0285758|0.00472777|0.0271272,0.974039|0.954535|0.988633|0.964211|0.93521|0.921048|0.939452|0.988795|0.991379|0.915893|0.981367|0.908062|0.934194|0.926425|0.933061|0.971435,1.83843|4.29962|1.42119|2.15959|1.27982|2.04059|1.71839|2.98582|1.56401|6.12587|3.20918|3.21404|3.83792|0.335111|5.98339|2.66147,30.2686|65.1286|89.2299|63.0993|86.2435|55.8812|51.9585|56.34|92.5451|56.2706|32.2763|59.8148|55.4093|99.595|65.9961,0.160201|0.173408|0.184425|0.229355|0.237058|0.203103|0.175743|0.189445|0.174898|0.241506|0.204609|0.239012|0.163678|0.169867|0.209925,0.559595|0.625657|0.421838|0.385409|0.793503|0.544519|0.236177|0.972418|0.692675|0.350755|0.689113|0.920789|0.383219|0.512253|0.118233,0.960777,0.865614,0.120899,0.0868004,0.0443973,0.549768,0.260837,0.538285,0.285384,0.878897,35.8152,3.31207e-13,55109,0.839609,94.1996,1.03756e-13,22888,0.849295,0.839791,0.0338668,0.656048,0.327512,0.511502,0.267077,0.510256,0.20836,0.865791,24.3765,1.91574e-12,96785,0.911926,34.976,6.36299e-12,85196
3,98,n1->n11->n21->n22->n23->n13->n12->n2->n3->n4->n5->n6->n7->n8->n9->n10,1.01975e+11|3.14092e+10|3.32883e+12|4.20781e+11|1.30754e+09|9.1461e+13|2.01442e+09|2.19896e+12|9.86942e+11|2.41468e+10|1.71925e+10|6.20369e+09|1.59356e+10|3.02882e+10|4.88974e+12|1.19036e+12,5.38235e+10|3.50301e+09|3.98612e+11|3.56381e+11|1.86199e+08|5.19514e+13|2.86583e+08|7.99596e+11|2.57025e+11|2.58863e+09|1.24313e+10|1.6207e+09|4.18966e+09|6.71621e+09|7.24919e+11|2.86476e+11,0.000676514|1.12087e-05|0.000328127|0.00083263|0.000133247|0.000506242|4.59784e-05|0.000589285|0.000150675|0.00042822|3.93241e-05|0.000574029|2.6451e-05|0.000381371|7.10273e-05|1.19625e-05,0.00399416|0.000724525|0.00838815|0.000180204|0.00202386|0.00462097|0.0021887|0.00221248|0.00013293|0.000225383|0.00026326|0.000130191|0.000180791|0.00570991|0.000942087|0.00158689,0.0195223|0.0441673|0.00424874|0.0174502|0.0324456|0.0365133|0.0219518|0.0321365|0.0411064|0.00259026|0.0154625|0.0106337|0.0189999|0.0161017|0.00922358|0.00461288,0.0242107|0.0122031|0.0418058|0.0349072|0.038918|0.0400901|0.0367098|0.00948841|0.0108323|0.0377939|0.0101575|0.0454173|0.0287911|0.0285758|0.00472777|0.0271272,0.974039|0.954535|0.988633|0.921048|0.939452|0.988795|0.982422|0.910107|0.976432|0.933254|0.930177|0.984551|0.934194|0.926425|0.933061|0.971435,1.83843|4.29962|1.42119|2.04059|1.71839|2.98582|4.76499|6.06417|3.3576|2.44626|0.521104|4.26912|3.83792|0.335111|5.98339|2.66147,30.2686|65.1286|34.0839|55.8812|51.9585|13.9548|88.6198|37.015|10.4739|81.7362|37.2729|32.9383|55.4093|99.595|65.9961,0.160201|0.173408|0.249651|0.203103|0.175743|0.164045|0.215223|0.187446|0.213299|0.181317|0.234823|0.234586|0.163678|0.169867|0.209925,0.559595|0.625657|0.19649|0.544519|0.236177|0.842052|0.305593|0.26228|0.441339|0.126849|0.434803|0.312661|0.383219|0.512253|0.118233,0.960777,0.865614,0.120899,0.0868004,0.0443973,0.549768,0.260837,0.538285,0.285384,0.878897,35.8152,3.31207e-13,55109,0.839609,94.1996,1.03756e-13,22888,0.849295,0.839791,0.0338668,0.656048,0.327512,0.511502,0.267077,0.510256,0.20836,0.865791,24.3765,1.91574e-12,96785,0.911926,34.976,6.36299e-12,85196
3,99,n1->n11->n21->n22->n23->n33->n34->n24->n14->n4->n5->n6->n7->n8->n9->n10,1.01975e+11|3.14092e+10|3.32883e+12|4.20781e+11|1.30754e+09|3.61083e+09|3.86712e+12|1.19647e+09|1.55394e+12|2.41468e+10|1.71925e+10|6.20369e+09|1.59356e+10|3.02882e+10|4.88974e+12|1.19036e+12,5.38235e+10|3.50301e+09|3.98612e+11|3.56381e+11|1.86199e+08|4.75867e+08|3.17678e+12|1.92545e+08|5.08598e+11|2.58863e+09|1.24313e+10|1.6207e+09|4.18966e+09|6.71621e+09|7.24919e+11|2.86476e+11,0.000676514|1.12087e-05|0.000328127|0.00083263|0.000133247|0.000995589|0.000266546|4.21479e-05|0.000503586|0.00042822|3.93241e-05|0.000574029|2.6451e-05|0.000381371|7.10273e-05|1.19625e-05,0.00399416|0.000724525|0.00838815|0.000180204|0.00202386|0.000667762|0.000845769|0.000227203|0.000728986|0.000225383|0.00026326|0.000130191|0.000180791|0.00570991|0.000942087|0.00158689,0.0195223|0.0441673|0.00424874|0.0174502|0.0324456|9.64854e-05|0.0487221|0.00100722|0.0409863|0.00259026|0.0154625|0.0106337|0.0189999|0.0161017|0.00922358|0.00461288,0.0242107|0.0122031|0.0418058|0.0349072|0.038918|0.0476464|0.00196597|0.00787238|0.0399677|0.0377939|0.0101575|0.0454173|0.0287911|0.0285758|0.00472777|0.0271272,0.974039|0.954535|0.988633|0.921048|0.939452|0.901898|0.993755|0.963279|0.991379|0.933254|0.930177|0.984551|0.934194|0.926425|0.933061|0.971435,1.83843|4.29962|1.42119|2.04059|1.71839|2.63005|5.33688|3.9558|1.56401|2.44626|0.521104|4.26912|3.83792|0.335111|5.98339|2.66147,30.2686|65.1286|34.0839|55.8812|76.7594|23.5709|58.7029|66.6304|52.1141|81.7362|37.2729|32.9383|55.4093|99.595|65.9961,0.160201|0.173408|0.249651|0.203103|0.215627|0.172729|0.197049|0.249271|0.187731|0.181317|0.234823|0.234586|0.163678|0.169867|0.209925,0.559595|0.625657|0.19649|0.544519|0.514356|0.429495|0.268944|0.311928|0.911759|0.126849|0.434803|0.312661|0.383219|0.512253|0.118233,0.960777,0.865614,0.120899,0.0868004,0.0443973,0.549768,0.260837,0.538285,0.285384,0.878897,35.8152,3.31207e-13,55109,0.839609,94.1996,1.03756e-13,22888,0.849295,0.839791,0.0338668,0.656048,0.327512,0.511502,0.267077,0.510256,0.20836,0.865791,24.3765,1.91574e-12,96785,0.911926,34.976,6.36299e-12,85196
3,100,n1->n11->n12->n22->n32->n33->n34->n24->n14->n15->n16->n6->n7->n8->n9->n10,1.01975e+11|3.14092e+10|2.01442e+09|4.20781e+11|5.57525e+13|3.61083e+09|3.86712e+12|1.19647e+09|1.55394e+12|3.53263e+12|1.88403e+10|6.20369e+09|1.59356e+10|3.02882e+10|4.88974e+12|1.19036e+12,5.38235e+10|3.50301e+09|2.86583e+08|3.56381e+11|1.17595e+13|4.75867e+08|3.17678e+12|1.92545e+08|5.08598e+11|2.01845e+12|9.99594e+09|1.6207e+09|4.18966e+09|6.71621e+09|7.24919e+11|2.86476e+11,0.000676514|1.12087e-05|4.59784e-05|0.00083263|0.000134157|0.000995589|0.000266546|4.21479e-05|0.000503586|0.000745688|0.000390472|0.000574029|2.6451e-05|0.000381371|7.10273e-05|1.19625e-05,0.00399416|0.000724525|0.0021887|0.000180204|0.000327171|0.000667762|0.000845769|0.000227203|0.000728986|0.00651336|0.000762836|0.000130191|0.000180791|0.00570991|0.000942087|0.00158689,0.0195223|0.0441673|0.0219518|0.0174502|0.0310056|9.64854e-05|0.0487221|0.00100722|0.0409863|0.0286763|0.0105597|0.0106337|0.0189999|0.0161017|0.00922358|0.00461288,0.0242107|0.0122031|0.0367098|0.0349072|0.0233521|0.0476464|0.00196597|0.00787238|0.0399677|0.0289577|0.00944802|0.0454173|0.0287911|0.0285758|0.00472777|0.0271272,0.974039|0.954535|0.982422|0.921048|0.93521|0.901898|0.993755|0.963279|0.991379|0.915893|0.981367|0.984551|0.934194|0.926425|0.933061|0.971435,1.83843|4.29962|4.76499|2.04059|1.27982|2.63005|5.33688|3.9558|1.56401|6.12587|3.20918|4.26912|3.83792|0.335111|5.98339|2.66147,30.2686|24.4191|13.2112|86.2435|67.4197|23.5709|58.7029|66.6304|92.5451|56.2706|50.0569|32.9383|55.4093|99.595|65.9961,0.160201|0.207518|0.197882|0.237058|0.205284|0.172729|0.197049|0.249271|0.174898|0.241506|0.186675|0.234586|0.163678|0.169867|0.209925,0.559595|0.400846|0.473279|0.793503|0.18105|0.429495|0.268944|0.311928|0.692675|0.350755|0.371607|0.312661|0.383219|0.512253|0.118233,0.960777,0.865614,0.120899,0.0868004,0.0443973,0.549768,0.260837,0.538285,0.285384,0.878897,35.8152,3.31207e-13,55109,0.839609,94.1996,1.03756e-13,22888,0.849295,0.839791,0.0338668,0.656048,0.327512,0.511502,0.267077,0.510256,0.20836,0.865791,24.3765,1.91574e-12,96785,0.911926,34.976,6.36299e-12,85196
3,101,n1->n11->n21->n31->n32->n22->n23->n24->n25->n15->n16->n6->n7->n8->n9->n10,1.01975e+11|3.14092e+10|3.32883e+12|1.05065e+13|5.57525e+13|4.20781e+11|1.30754e+09|1.19647e+09|4.7689e+13|3.53263e+12|1.88403e+10|6.20369e+09|1.59356e+10|3.02882e+10|4.88974e+12|1.19036e+12,5.38235e+10|3.50301e+09|3.98612e+11|2.87737e+12|1.17595e+13|3.56381e+11|1.86199e+08|1.92545e+08|2.99631e+13|2.01845e+12|9.99594e+09|1.6207e+09|4.18966e+09|6.71621e+09|7.24919e+11|2.86476e+11,0.000676514|1.12087e-05|0.000328127|0.000258516|0.000134157|0.00083263|0.000133247|4.21479e-05|0.000136619|0.000745688|0.000390472|0.000574029|2.6451e-05|0.000381371|7.10273e-05|1.19625e-05,0.00399416|0.000724525|0.00838815|0.000145507|0.000327171|0.000180204|0.00202386|0.000227203|0.000188414|0.00651336|0.000762836|0.000130191|0.000180791|0.00570991|0.000942087|0.00158689,0.0195223|0.0441673|0.00424874|0.0234983|0.0310056|0.0174502|0.0324456|0.00100722|0.0282036|0.0286763|0.0105597|0.0106337|0.0189999|0.0161017|0.00922358|0.00461288,0.0242107|0.0122031|0.0418058|0.00141098|0.0233521|0.0349072|0.038918|0.00787238|0.00307975|0.0289577|0.00944802|0.0454173|0.0287911|0.0285758|0.00472777|0.0271272,0.974039|0.954535|0.988633|0.964211|0.93521|0.921048|0.939452|0.963279|0.940934|0.915893|0.981367|0.984551|0.934194|0.926425|0.933061|0.971435,1.83843|4.29962|1.42119|2.15959|1.27982|2.04059|1.71839|3.9558|2.45207|6.12587|3.20918|4.26912|3.83792|0.335111|5.98339|2.66147,30.2686|65.1286|89.2299|63.0993|86.2435|55.8812|67.5745|18.2346|54.7186|56.2706|50.0569|32.9383|55.4093|99.595|65.9961,0.160201|0.173408|0.184425|0.229355|0.237058|0.203103|0.161697|0.171758|0.218311|0.241506|0.186675|0.234586|0.163678|0.169867|0.209925,0.559595|0.625657|0.421838|0.385409|0.793503|0.544519|0.50952|0.457727|0.136449|0.350755|0.371607|0.312661|0.383219|0.512253|0.118233,0.960777,0.865614,0.120899,0.0868004,0.0443973,0.549768,0.260837,0.538285,0.285384,0.878897,35.8152,3.31207e-13,55109,0.839609,94.1996,1.03756e-13,22888,0.849295,0.839791,0.0338668,0.656048,0.327512,0.511502,0.267077,0.510256,0.20836,0.865791,24.3765,1.91574e-12,96785,0.911926,34.976,6.36299e-12,85196
3,102,n1->n2->n3->n13->n14->n4->n5->n15->n25->n26->n27->n28->n29->n19->n20->n10,1.01975e+11|2.19896e+12|9.86942e+11|9.1461e+13|1.55394e+12|2.41468e+10|1.71925e+10|3.53263e+12|4.7689e+13|1.37743e+11|4.11784e+12|1.17142e+11|2.58702e+12|8.72734e+13|2.0429e+12|1.19036e+12,5.38235e+10|7.99596e+11|2.57025e+11|5.19514e+13|5.08598e+11|2.58863e+09|1.24313e+10|2.01845e+12|2.99631e+13|2.62358e+10|1.44429e+12|3.45855e+10|1.13638e+12|1.85268e+13|8.72759e+11|2.86476e+11,0.000676514|0.000589285|0.000150675|0.000506242|0.000503586|0.00042822|3.93241e-05|0.000745688|0.000136619|0.000235321|3.47922e-05|3.80731e-05|0.000201956|1.50238e-05|0.000758131|1.19625e-05,0.00399416|0.00221248|0.00013293|0.00462097|0.000728986|0.000225383|0.00026326|0.00651336|0.000188414|0.00480716|0.000452568|0.000758065|0.00164535|0.000314326|0.00836606|0.00158689,0.0195223|0.0321365|0.0411064|0.0365133|0.0409863|0.00259026|0.0154625|0.0286763|0.0282036|0.0384258|0.0467803|0.0342796|0.0479551|0.00292072|0.0340342|0.00461288,0.0242107|0.00948841|0.0108323|0.0400901|0.0399677|0.0377939|0.0101575|0.0289577|0.00307975|0.0313876|0.0312181|0.0019971|0.0254172|0.0395015|0.0408908|0.0271272,0.974039|0.910107|0.976432|0.988795|0.991379|0.933254|0.930177|0.915893|0.940934|0.951143|0.945212|0.975528|0.96957|0.948693|0.97528|0.971435,1.83843|6.06417|3.3576|2.98582|1.56401|2.44626|0.521104|6.12587|2.45207|0.195308|3.90137|1.77801|4.43247|2.11735|3.08695|2.66147,79.8117|37.015|83.9106|56.34|52.1141|81.7362|35.0583|54.7186|55.6995|42.5138|15.3326|39.0733|84.7043|10.3361|29.3778,0.208125|0.187446|0.176807|0.189445|0.187731|0.181317|0.211825|0.218311|0.228068|0.238968|0.198809|0.16763|0.185955|0.229825|0.218806,0.112575|0.26228|0.224294|0.972418|0.911759|0.126849|0.610625|0.136449|0.389261|0.209813|0.368688|0.47242|0.580258|0.200889|0.694407,0.960777,0.865614,0.120899,0.0868004,0.0443973,0.549768,0.260837,0.538285,0.285384,0.878897,35.8152,3.31207e-13,55109,0.839609,94.1996,1.03756e-13,22888,0.849295,0.839791,0.0338668,0.656048,0.327512,0.511502,0.267077,0.510256,0.20836,0.865791,24.3765,1.91574e-12,96785,0.911926,34.976,6.36299e-12,85196
3,103,n1->n2->n3->n13->n23->n33->n34->n24->n25->n15->n16->n6->n7->n8->n9->n10,1.01975e+11|2.19896e+12|9.86942e+11|9.1461e+13|1.30754e+09|3.61083e+09|3.86712e+12|1.19647e+09|4.7689e+13|3.53263e+12|1.88403e+10|6.20369e+09|1.59356e+10|3.02882e+10|4.88974e+12|1.19036e+12,5.38235e+10|7.99596e+11|2.57025e+11|5.19514e+13|1.86199e+08|4.75867e+08|3.17678e+12|1.92545e+08|2.99631e+13|2.01845e+12|9.99594e+09|1.6207e+09|4.18966e+09|6.71621e+09|7.24919e+11|2.86476e+11,0.000676514|0.000589285|0.000150675|0.000506242|0.000133247|0.000995589|0.000266546|4.21479e-05|0.000136619|0.000745688|0.000390472|0.000574029|2.6451e-05|0.000381371|7.10273e-05|1.19625e-05,0.00399416|0.00221248|0.00013293|0.00462097|0.00202386|0.000667762|0.000845769|0.000227203|0.000188414|0.00651336|0.000762836|0.000130191|0.000180791|0.00570991|0.000942087|0.00158689,0.0195223|0.0321365|0.0411064|0.0365133|0.0324456|9.64854e-05|0.0487221|0.00100722|0.0282036|0.0286763|0.0105597|0.0106337|0.0189999|0.0161017|0.00922358|0.00461288,0.0242107|0.00948841|0.0108323|0.0400901|0.038918|0.0476464|0.00196597|0.00787238|0.00307975|0.0289577|0.00944802|0.0454173|0.0287911|0.0285758|0.00472777|0.0271272,0.974039|0.910107|0.976432|0.988795|0.939452|0.901898|0.993755|0.963279|0.940934|0.915893|0.981367|0.984551|0.934194|0.926425|0.933061|0.971435,1.83843|6.06417|3.3576|2.98582|1.71839|2.63005|5.33688|3.9558|2.45207|6.12587|3.20918|4.26912|3.83792|0.335111|5.98339|2.66147,79.8117|37.015|83.9106|51.9585|76.7594|23.5709|58.7029|18.2346|54.7186|56.2706|50.0569|32.9383|55.4093|99.595|65.9961,0.208125|0.187446|0.176807|0.175743|0.215627|0.172729|0.197049|0.171758|0.218311|0.241506|0.186675|0.234586|0.163678|0.169867|0.209925,0.112575|0.26228|0.224294|0.236177|0.514356|0.429495|0.268944|0.457727|0.136449|0.350755|0.371607|0.312661|0.383219|0.512253|0.118233,0.960777,0.865614,0.120899,0.0868004,0.0443973,0.549768,0.260837,0.538285,0.285384,0.878897,35.8152,3.31207e-13,55109,0.839609,94.1996,1.03756e-13,22888,0.849295,0.839791,0.0338668,0.656048,0.327512,0.511502,0.267077,0.510256,0.20836,0.865791,24.3765,1.91574e-12,96785,0.911926,34.976,6.36299e-12,85196
3,104,n1->n11->n21->n31->n32->n33->n23->n13->n3->n4->n5->n6->n7->n8->n9->n10,1.01975e+11|3.14092e+10|3.32883e+12|1.05065e+13|5.57525e+13|3.61083e+09|1.30754e+09|9.1461e+13|9.86942e+11|2.41468e+10|1.71925e+10|6.20369e+09|1.59356e+10|3.02882e+10|4.88974e+12|1.19036e+12,5.38235e+10|3.50301e+09|3.98612e+11|2.87737e+12|1.17595e+13|4.75867e+08|1.86199e+08|5.19514e+13|2.57025e+11|2.58863e+09|1.24313e+10|1.6207e+09|4.18966e+09|6.71621e+09|7.24919e+11|2.86476e+11,0.000676514|1.12087e-05|0.000328127|0.000258516|0.000134157|0.000995589|0.000133247|0.000506242|0.000150675|0.00042822|3.93241e-05|0.000574029|2.6451e-05|0.000381371|7.10273e-05|1.19625e-05,0.00399416|0.000724525|0.00838815|0.000145507|0.000327171|0.000667762|0.00202386|0.00462097|0.00013293|0.000225383|0.00026326|0.000130191|0.000180791|0.00570991|0.000942087|0.00158689,0.0195223|0.0441673|0.00424874|0.0234983|0.0310056|9.64854e-05|0.0324456|0.0365133|0.0411064|0.00259026|0.0154625|0.0106337|0.0189999|0.0161017|0.00922358|0.00461288,0.0242107|0.0122031|0.0418058|0.00141098|0.0233521|0.0476464|0.038918|0.0400901|0.0108323|0.0377939|0.0101575|0.0454173|0.0287911|0.0285758|0.00472777|0.0271272,0.974039|0.954535|0.988633|0.964211|0.93521|0.901898|0.939452|0.988795|0.976432|0.933254|0.930177|0.984551|0.934194|0.926425|0.933061|0.971435,1.83843|4.29962|1.42119|2.15959|1.27982|2.63005|1.71839|2.98582|3.3576|2.44626|0.521104|4.26912|3.83792|0.335111|5.98339|2.66147,30.2686|65.1286|89.2299|63.0993|67.4197|76.7594|51.9585|83.9106|10.4739|81.7362|37.2729|32.9383|55.4093|99.595|65.9961,0.160201|0.173408|0.184425|0.229355|0.205284|0.215627|0.175743|0.176807|0.213299|0.181317|0.234823|0.234586|0.163678|0.169867|0.209925,0.559595|0.625657|0.421838|0.385409|0.18105|0.514356|0.236177|0.224294|0.441339|0.126849|0.434803|0.312661|0.383219|0.512253|0.118233,0.960777,0.865614,0.120899,0.0868004,0.0443973,0.549768,0.260837,0.538285,0.285384,0.878897,35.8152,3.31207e-13,55109,0.839609,94.1996,1.03756e-13,22888,0.849295,0.839791,0.0338668,0.656048,0.327512,0.511502,0.267077,0.510256,0.20836,0.865791,24.3765,1.91574e-12,96785,0.911926,34.976,6.36299e-12,85196
3,105,n1->n2->n3->n4->n5->n15->n14->n24->n25->n26->n16->n17->n18->n19->n9->n10,1.01975e+11|2.19896e+12|9.86942e+11|2.41468e+10|1.71925e+10|3.53263e+12|1.55394e+12|1.19647e+09|4.7689e+13|1.37743e+11|1.88403e+10|2.82283e+09|1.79344e+11|8.72734e+13|4.88974e+12|1.19036e+12,5.38235e+10|7.99596e+11|2.57025e+11|2.58863e+09|1.24313e+10|2.01845e+12|5.08598e+11|1.92545e+08|2.99631e+13|2.62358e+10|9.99594e+09|1.47131e+09|1.01158e+11|1.85268e+13|7.24919e+11|2.86476e+11,0.000676514|0.000589285|0.000150675|0.00042822|3.93241e-05|0.000745688|0.000503586|4.21479e-05|0.000136619|0.000235321|0.000390472|3.16477e-05|8.49582e-05|1.50238e-05|7.10273e-05|1.19625e-05,0.00399416|0.00221248|0.00013293|0.000225383|0.00026326|0.00651336|0.000728986|0.000227203|0.000188414|0.00480716|0.000762836|0.00565965|0.000487115|0.000314326|0.000942087|0.00158689,0.0195223|0.0321365|0.0411064|0.00259026|0.0154625|0.0286763|0.0409863|0.00100722|0.0282036|0.0384258|0.0105597|0.0154786|0.0130827|0.00292072|0.00922358|0.00461288,0.0242107|0.00948841|0.0108323|0.0377939|0.0101575|0.0289577|0.0399677|0.00787238|0.00307975|0.0313876|0.00944802|0.0100135|0.0139073|0.0395015|0.00472777|0.0271272,0.974039|0.910107|0.976432|0.933254|0.930177|0.915893|0.991379|0.963279|0.940934|0.951143|0.981367|0.908062|0.988146|0.948693|0.933061|0.971435,1.83843|6.06417|3.3576|2.44626|0.521104|6.12587|1.56401|3.9558|2.45207|0.195308|3.20918|3.21404|1.03722|2.11735|5.98339|2.66147,79.8117|37.015|10.4739|81.7362|35.0583|92.5451|66.6304|18.2346|55.6995|11.0615|32.2763|27.3162|28.0546|99.0064|65.9961,0.208125|0.187446|0.213299|0.181317|0.211825|0.174898|0.249271|0.171758|0.228068|0.208269|0.204609|0.234565|0.231137|0.235802|0.209925,0.112575|0.26228|0.441339|0.126849|0.610625|0.692675|0.311928|0.457727|0.389261|0.314052|0.689113|0.973123|0.31734|0.976298|0.118233,0.960777,0.865614,0.120899,0.0868004,0.0443973,0.549768,0.260837,0.538285,0.285384,0.878897,35.8152,3.31207e-13,55109,0.839609,94.1996,1.03756e-13,22888,0.849295,0.839791,0.0338668,0.656048,0.327512,0.511502,0.267077,0.510256,0.20836,0.865791,24.3765,1.91574e-12,96785,0.911926,34.976,6.36299e-12,85196
3,106,n1->n11->n21->n22->n32->n33->n34->n24->n25->n26->n27->n17->n18->n8->n9->n10,1.01975e+11|3.14092e+10|3.32883e+12|4.20781e+11|5.57525e+13|3.61083e+09|3.86712e+12|1.19647e+09|4.7689e+13|1.37743e+11|4.11784e+12|2.82283e+09|1.79344e+11|3.02882e+10|4.88974e+12|1.19036e+12,5.38235e+10|3.50301e+09|3.98612e+11|3.56381e+11|1.17595e+13|4.75867e+08|3.17678e+12|1.92545e+08|2.99631e+13|2.62358e+10|1.44429e+12|1.47131e+09|1.01158e+11|6.71621e+09|7.24919e+11|2.86476e+11,0.000676514|1.12087e-05|0.000328127|0.00083263|0.000134157|0.000995589|0.000266546|4.21479e-05|0.000136619|0.000235321|3.47922e-05|3.16477e-05|8.49582e-05|0.000381371|7.10273e-05|1.19625e-05,0.00399416|0.000724525|0.00838815|0.000180204|0.000327171|0.000667762|0.000845769|0.000227203|0.000188414|0.00480716|0.000452568|0.00565965|0.000487115|0.00570991|0.000942087|0.00158689,0.0195223|0.0441673|0.00424874|0.0174502|0.0310056|9.64854e-05|0.0487221|0.00100722|0.0282036|0.0384258|0.0467803|0.0154786|0.0130827|0.0161017|0.00922358|0.00461288,0.0242107|0.0122031|0.0418058|0.0349072|0.0233521|0.0476464|0.00196597|0.00787238|0.00307975|0.0313876|0.0312181|0.0100135|0.0139073|0.0285758|0.00472777|0.0271272,0.974039|0.954535|0.988633|0.921048|0.93521|0.901898|0.993755|0.963279|0.940934|0.951143|0.945212|0.908062|0.988146|0.926425|0.933061|0.971435,1.83843|4.29962|1.42119|2.04059|1.27982|2.63005|5.33688|3.9558|2.45207|0.195308|3.90137|3.21404|1.03722|0.335111|5.98339|2.66147,30.2686|65.1286|34.0839|86.2435|67.4197|23.5709|58.7029|18.2346|55.6995|42.5138|72.2829|27.3162|81.3396|99.595|65.9961,0.160201|0.173408|0.249651|0.237058|0.205284|0.172729|0.197049|0.171758|0.228068|0.238968|0.201328|0.234565|0.194321|0.169867|0.209925,0.559595|0.625657|0.19649|0.793503|0.18105|0.429495|0.268944|0.457727|0.389261|0.209813|0.672327|0.973123|0.540423|0.512253|0.118233,0.960777,0.865614,0.120899,0.0868004,0.0443973,0.549768,0.260837,0.538285,0.285384,0.878897,35.8152,3.31207e-13,55109,0.839609,94.1996,1.03756e-13,22888,0.849295,0.839791,0.0338668,0.656048,0.327512,0.511502,0.267077,0.510256,0.20836,0.865791,24.3765,1.91574e-12,96785,0.911926,34.976,6.36299e-12,85196
3,107,n1->n2->n12->n22->n32->n33->n34->n35->n36->n26->n27->n17->n7->n8->n9->n10,1.01975e+11|2.19896e+12|2.01442e+09|4.20781e+11|5.57525e+13|3.61083e+09|3.86712e+12|4.41215e+13|3.59186e+10|1.37743e+11|4.11784e+12|2.82283e+09|1.59356e+10|3.02882e+10|4.88974e+12|1.19036e+12,5.38235e+10|7.99596e+11|2.86583e+08|3.56381e+11|1.17595e+13|4.75867e+08|3.17678e+12|7.93273e+12|9.02372e+09|2.62358e+10|1.44429e+12|1.47131e+09|4.18966e+09|6.71621e+09|7.24919e+11|2.86476e+11,0.000676514|0.000589285|4.59784e-05|0.00083263|0.000134157|0.000995589|0.000266546|1.92715e-05|1.84923e-05|0.000235321|3.47922e-05|3.16477e-05|2.6451e-05|0.000381371|7.10273e-05|1.19625e-05,0.00399416|0.00221248|0.0021887|0.000180204|0.000327171|0.000667762|0.000845769|0.00212144|0.000242453|0.00480716|0.000452568|0.00565965|0.000180791|0.00570991|0.000942087|0.00158689,0.0195223|0.0321365|0.0219518|0.0174502|0.0310056|9.64854e-05|0.0487221|0.025793|0.0071675|0.0384258|0.0467803|0.0154786|0.0189999|0.0161017|0.00922358|0.00461288,0.0242107|0.00948841|0.0367098|0.0349072|0.0233521|0.0476464|0.00196597|0.0261584|0.0405146|0.0313876|0.0312181|0.0100135|0.0287911|0.0285758|0.00472777|0.0271272,0.974039|0.910107|0.982422|0.921048|0.93521|0.901898|0.993755|0.987839|0.966963|0.951143|0.945212|0.908062|0.934194|0.926425|0.933061|0.971435,1.83843|6.06417|4.76499|2.04059|1.27982|2.63005|5.33688|3.89608|3.33226|0.195308|3.90137|3.21404|3.83792|0.335111|5.98339|2.66147,79.8117|88.6198|13.2112|86.2435|67.4197|23.5709|31.5608|18.7034|63.8366|42.5138|72.2829|59.8148|55.4093|99.595|65.9961,0.208125|0.215223|0.197882|0.237058|0.205284|0.172729|0.249069|0.248201|0.170284|0.238968|0.201328|0.239012|0.163678|0.169867|0.209925,0.112575|0.305593|0.473279|0.793503|0.18105|0.429495|0.544124|0.327026|0.370288|0.209813|0.672327|0.920789|0.383219|0.512253|0.118233,0.960777,0.865614,0.120899,0.0868004,0.0443973,0.549768,0.260837,0.538285,0.285384,0.878897,35.8152,3.31207e-13,55109,0.839609,94.1996,1.03756e-13,22888,0.849295,0.839791,0.0338668,0.656048,0.327512,0.511502,0.267077,0.510256,0.20836,0.865791,24.3765,1.91574e-12,96785,0.911926,34.976,6.36299e-12,85196
3,108,n1->n11->n12->n13->n14->n24->n25->n15->n5->n6->n16->n17->n7->n8->n9->n10,1.01975e+11|3.14092e+10|2.01442e+09|9.1461e+13|1.55394e+12|1.19647e+09|4.7689e+13|3.53263e+12|1.71925e+10|6.20369e+09|1.88403e+10|2.82283e+09|1.59356e+10|3.02882e+10|4.88974e+12|1.19036e+12,5.38235e+10|3.50301e+09|2.86583e+08|5.19514e+13|5.08598e+11|1.92545e+08|2.99631e+13|2.01845e+12|1.24313e+10|1.6207e+09|9.99594e+09|1.47131e+09|4.18966e+09|6.71621e+09|7.24919e+11|2.86476e+11,0.000676514|1.12087e-05|4.59784e-05|0.000506242|0.000503586|4.21479e-05|0.000136619|0.000745688|3.93241e-05|0.000574029|0.000390472|3.16477e-05|2.6451e-05|0.000381371|7.10273e-05|1.19625e-05,0.00399416|0.000724525|0.0021887|0.00462097|0.000728986|0.000227203|0.000188414|0.00651336|0.00026326|0.000130191|0.000762836|0.00565965|0.000180791|0.00570991|0.000942087|0.00158689,0.0195223|0.0441673|0.0219518|0.0365133|0.0409863|0.00100722|0.0282036|0.0286763|0.0154625|0.0106337|0.0105597|0.0154786|0.0189999|0.0161017|0.00922358|0.00461288,0.0242107|0.0122031|0.0367098|0.0400901|0.0399677|0.00787238|0.00307975|0.0289577|0.0101575|0.0454173|0.00944802|0.0100135|0.0287911|0.0285758|0.00472777|0.0271272,0.974039|0.954535|0.982422|0.988795|0.991379|0.963279|0.940934|0.915893|0.930177|0.984551|0.981367|0.908062|0.934194|0.926425|0.933061|0.971435,1.83843|4.29962|4.76499|2.98582|1.56401|3.9558|2.45207|6.12587|0.521104|4.26912|3.20918|3.21404|3.83792|0.335111|5.98339|2.66147,30.2686|24.4191|13.9548|56.34|66.6304|18.2346|54.7186|35.0583|37.2729|50.0569|32.2763|59.8148|55.4093|99.595|65.9961,0.160201|0.207518|0.164045|0.189445|0.249271|0.171758|0.218311|0.211825|0.234823|0.186675|0.204609|0.239012|0.163678|0.169867|0.209925,0.559595|0.400846|0.842052|0.972418|0.311928|0.457727|0.136449|0.610625|0.434803|0.371607|0.689113|0.920789|0.383219|0.512253|0.118233,0.960777,0.865614,0.120899,0.0868004,0.0443973,0.549768,0.260837,0.538285,0.285384,0.878897,35.8152,3.31207e-13,55109,0.839609,94.1996,1.03756e-13,22888,0.849295,0.839791,0.0338668,0.656048,0.327512,0.511502,0.267077,0.510256,0.20836,0.865791,24.3765,1.91574e-12,96785,0.911926,34.976,6.36299e-12,85196
3,109,n1->n11->n21->n31->n32->n33->n34->n35->n36->n37->n27->n17->n7->n8->n9->n10,1.01975e+11|3.14092e+10|3.32883e+12|1.05065e+13|5.57525e+13|3.61083e+09|3.86712e+12|4.41215e+13|3.59186e+10|7.44456e+10|4.11784e+12|2.82283e+09|1.59356e+10|3.02882e+10|4.88974e+12|1.19036e+12,5.38235e+10|3.50301e+09|3.98612e+11|2.87737e+12|1.17595e+13|4.75867e+08|3.17678e+12|7.93273e+12|9.02372e+09|3.47003e+10|1.44429e+12|1.47131e+09|4.18966e+09|6.71621e+09|7.24919e+11|2.86476e+11,0.000676514|1.12087e-05|0.000328127|0.000258516|0.000134157|0.000995589|0.000266546|1.92715e-05|1.84923e-05|0.000422484|3.47922e-05|3.16477e-05|2.6451e-05|0.000381371|7.10273e-05|1.19625e-05,0.00399416|0.000724525|0.00838815|0.000145507|0.000327171|0.000667762|0.000845769|0.00212144|0.000242453|0.00578717|0.000452568|0.00565965|0.000180791|0.00570991|0.000942087|0.00158689,0.0195223|0.0441673|0.00424874|0.0234983|0.0310056|9.64854e-05|0.0487221|0.025793|0.0071675|0.0273508|0.0467803|0.0154786|0.0189999|0.0161017|0.00922358|0.00461288,0.0242107|0.0122031|0.0418058|0.00141098|0.0233521|0.0476464|0.00196597|0.0261584|0.0405146|0.0409943|0.0312181|0.0100135|0.0287911|0.0285758|0.00472777|0.0271272,0.974039|0.954535|0.988633|0.964211|0.93521|0.901898|0.993755|0.987839|0.966963|0.948574|0.945212|0.908062|0.934194|0.926425|0.933061|0.971435,1.83843|4.29962|1.42119|2.15959|1.27982|2.63005|5.33688|3.89608|3.33226|2.98156|3.90137|3.21404|3.83792|0.335111|5.98339|2.66147,30.2686|65.1286|89.2299|63.0993|67.4197|23.5709|31.5608|18.7034|29.3504|44.8869|72.2829|59.8148|55.4093|99.595|65.9961,0.160201|0.173408|0.184425|0.229355|0.205284|0.172729|0.249069|0.248201|0.166344|0.228687|0.201328|0.239012|0.163678|0.169867|0.209925,0.559595|0.625657|0.421838|0.385409|0.18105|0.429495|0.544124|0.327026|0.714949|0.320739|0.672327|0.920789|0.383219|0.512253|0.118233,0.960777,0.865614,0.120899,0.0868004,0.0443973,0.549768,0.260837,0.538285,0.285384,0.878897,35.8152,3.31207e-13,55109,0.839609,94.1996,1.03756e-13,22888,0.849295,0.839791,0.0338668,0.656048,0.327512,0.511502,0.267077,0.510256,0.20836,0.865791,24.3765,1.91574e-12,96785,0.911926,34.976,6.36299e-12,85196
3,110,n1->n11->n12->n22->n32->n33->n34->n24->n25->n26->n16->n6->n7->n8->n9->n10,1.01975e+11|3.14092e+10|2.01442e+09|4.20781e+11|5.57525e+13|3.61083e+09|3.86712e+12|1.19647e+09|4.7689e+13|1.37743e+11|1.88403e+10|6.20369e+09|1.59356e+10|3.02882e+10|4.88974e+12|1.19036e+12,5.38235e+10|3.50301e+09|2.86583e+08|3.56381e+11|1.17595e+13|4.75867e+08|3.17678e+12|1.92545e+08|2.99631e+13|2.62358e+10|9.99594e+09|1.6207e+09|4.18966e+09|6.71621e+09|7.24919e+11|2.86476e+11,0.000676514|1.12087e-05|4.59784e-05|0.00083263|0.000134157|0.000995589|0.000266546|4.21479e-05|0.000136619|0.000235321|0.000390472|0.000574029|2.6451e-05|0.000381371|7.10273e-05|1.19625e-05,0.00399416|0.000724525|0.0021887|0.000180204|0.000327171|0.000667762|0.000845769|0.000227203|0.000188414|0.00480716|0.000762836|0.000130191|0.000180791|0.00570991|0.000942087|0.00158689,0.0195223|0.0441673|0.0219518|0.0174502|0.0310056|9.64854e-05|0.0487221|0.00100722|0.0282036|0.0384258|0.0105597|0.0106337|0.0189999|0.0161017|0.00922358|0.00461288,0.0242107|0.0122031|0.0367098|0.0349072|0.0233521|0.0476464|0.00196597|0.00787238|0.00307975|0.0313876|0.00944802|0.0454173|0.0287911|0.0285758|0.00472777|0.0271272,0.974039|0.954535|0.982422|0.921048|0.93521|0.901898|0.993755|0.963279|0.940934|0.951143|0.981367|0.984551|0.934194|0.926425|0.933061|0.971435,1.83843|4.29962|4.76499|2.04059|1.27982|2.63005|5.33688|3.9558|2.45207|0.195308|3.20918|4.26912|3.83792|0.335111|5.98339|2.66147,30.2686|24.4191|13.2112|86.2435|67.4197|23.5709|58.7029|18.2346|55.6995|11.0615|50.0569|32.9383|55.4093|99.595|65.9961,0.160201|0.207518|0.197882|0.237058|0.205284|0.172729|0.197049|0.171758|0.228068|0.208269|0.186675|0.234586|0.163678|0.169867|0.209925,0.559595|0.400846|0.473279|0.793503|0.18105|0.429495|0.268944|0.457727|0.389261|0.314052|0.371607|0.312661|0.383219|0.512253|0.118233,0.960777,0.865614,0.120899,0.0868004,0.0443973,0.549768,0.260837,0.538285,0.285384,0.878897,35.8152,3.31207e-13,55109,0.839609,94.1996,1.03756e-13,22888,0.849295,0.839791,0.0338668,0.656048,0.327512,0.511502,0.267077,0.510256,0.20836,0.865791,24.3765,1.91574e-12,96785,0.911926,34.976,6.36299e-12,85196
3,111,n1->n2->n3->n4->n5->n6->n16->n26->n27->n17->n7->n8->n18->n19->n9->n10,1.01975e+11|2.19896e+12|9.86942e+11|2.41468e+10|1.71925e+10|6.20369e+09|1.88403e+10|1.37743e+11|4.11784e+12|2.82283e+09|1.59356e+10|3.02882e+10|1.79344e+11|8.72734e+13|4.88974e+12|1.19036e+12,5.38235e+10|7.99596e+11|2.57025e+11|2.58863e+09|1.24313e+10|1.6207e+09|9.99594e+09|2.62358e+10|1.44429e+12|1.47131e+09|4.18966e+09|6.71621e+09|1.01158e+11|1.85268e+13|7.24919e+11|2.86476e+11,0.000676514|0.000589285|0.000150675|0.00042822|3.93241e-05|0.000574029|0.000390472|0.000235321|3.47922e-05|3.16477e-05|2.6451e-05|0.000381371|8.49582e-05|1.50238e-05|7.10273e-05|1.19625e-05,0.00399416|0.00221248|0.00013293|0.000225383|0.00026326|0.000130191|0.000762836|0.00480716|0.000452568|0.00565965|0.000180791|0.00570991|0.000487115|0.000314326|0.000942087|0.00158689,0.0195223|0.0321365|0.0411064|0.00259026|0.0154625|0.0106337|0.0105597|0.0384258|0.0467803|0.0154786|0.0189999|0.0161017|0.0130827|0.00292072|0.00922358|0.00461288,0.0242107|0.00948841|0.0108323|0.0377939|0.0101575|0.0454173|0.00944802|0.0313876|0.0312181|0.0100135|0.0287911|0.0285758|0.0139073|0.0395015|0.00472777|0.0271272,0.974039|0.910107|0.976432|0.933254|0.930177|0.984551|0.981367|0.951143|0.945212|0.908062|0.934194|0.926425|0.988146|0.948693|0.933061|0.971435,1.83843|6.06417|3.3576|2.44626|0.521104|4.26912|3.20918|0.195308|3.90137|3.21404|3.83792|0.335111|1.03722|2.11735|5.98339|2.66147,79.8117|37.015|10.4739|81.7362|37.2729|50.0569|11.0615|42.5138|72.2829|59.8148|55.4093|81.3396|28.0546|99.0064|65.9961,0.208125|0.187446|0.213299|0.181317|0.234823|0.186675|0.208269|0.238968|0.201328|0.239012|0.163678|0.194321|0.231137|0.235802|0.209925,0.112575|0.26228|0.441339|0.126849|0.434803|0.371607|0.314052|0.209813|0.672327|0.920789|0.383219|0.540423|0.31734|0.976298|0.118233,0.960777,0.865614,0.120899,0.0868004,0.0443973,0.549768,0.260837,0.538285,0.285384,0.878897,35.8152,3.31207e-13,55109,0.839609,94.1996,1.03756e-13,22888,0.849295,0.839791,0.0338668,0.656048,0.327512,0.511502,0.267077,0.510256,0.20836,0.865791,24.3765,1.91574e-12,96785,0.911926,34.976,6.36299e-12,85196
3,112,n1->n2->n12->n13->n3->n4->n5->n15->n16->n17->n7->n8->n18->n19->n9->n10,1.01975e+11|2.19896e+12|2.01442e+09|9.1461e+13|9.86942e+11|2.41468e+10|1.71925e+10|3.53263e+12|1.88403e+10|2.82283e+09|1.59356e+10|3.02882e+10|1.79344e+11|8.72734e+13|4.88974e+12|1.19036e+12,5.38235e+10|7.99596e+11|2.86583e+08|5.19514e+13|2.57025e+11|2.58863e+09|1.24313e+10|2.01845e+12|9.99594e+09|1.47131e+09|4.18966e+09|6.71621e+09|1.01158e+11|1.85268e+13|7.24919e+11|2.86476e+11,0.000676514|0.000589285|4.59784e-05|0.000506242|0.000150675|0.00042822|3.93241e-05|0.000745688|0.000390472|3.16477e-05|2.6451e-05|0.000381371|8.49582e-05|1.50238e-05|7.10273e-05|1.19625e-05,0.00399416|0.00221248|0.0021887|0.00462097|0.00013293|0.000225383|0.00026326|0.00651336|0.000762836|0.00565965|0.000180791|0.00570991|0.000487115|0.000314326|0.000942087|0.00158689,0.0195223|0.0321365|0.0219518|0.0365133|0.0411064|0.00259026|0.0154625|0.0286763|0.0105597|0.0154786|0.0189999|0.0161017|0.0130827|0.00292072|0.00922358|0.00461288,0.0242107|0.00948841|0.0367098|0.0400901|0.0108323|0.0377939|0.0101575|0.0289577|0.00944802|0.0100135|0.0287911|0.0285758|0.0139073|0.0395015|0.00472777|0.0271272,0.974039|0.910107|0.982422|0.988795|0.976432|0.933254|0.930177|0.915893|0.981367|0.908062|0.934194|0.926425|0.988146|0.948693|0.933061|0.971435,1.83843|6.06417|4.76499|2.98582|3.3576|2.44626|0.521104|6.12587|3.20918|3.21404|3.83792|0.335111|1.03722|2.11735|5.98339|2.66147,79.8117|88.6198|13.9548|83.9106|10.4739|81.7362|35.0583|56.2706|32.2763|59.8148|55.4093|81.3396|28.0546|99.0064|65.9961,0.208125|0.215223|0.164045|0.176807|0.213299|0.181317|0.211825|0.241506|0.204609|0.239012|0.163678|0.194321|0.231137|0.235802|0.209925,0.112575|0.305593|0.842052|0.224294|0.441339|0.126849|0.610625|0.350755|0.689113|0.920789|0.383219|0.540423|0.31734|0.976298|0.118233,0.960777,0.865614,0.120899,0.0868004,0.0443973,0.549768,0.260837,0.538285,0.285384,0.878897,35.8152,3.31207e-13,55109,0.839609,94.1996,1.03756e-13,22888,0.849295,0.839791,0.0338668,0.656048,0.327512,0.511502,0.267077,0.510256,0.20836,0.865791,24.3765,1.91574e-12,96785,0.911926,34.976,6.36299e-12,85196
3,113,n1->n11->n12->n22->n23->n24->n25->n26->n27->n37->n38->n39->n29->n30->n20->n10,1.01975e+11|3.14092e+10|2.01442e+09|4.20781e+11|1.30754e+09|1.19647e+09|4.7689e+13|1.37743e+11|4.11784e+12|7.44456e+10|2.12402e+13|1.22797e+10|2.58702e+12|1.51823e+10|2.0429e+12|1.19036e+12,5.38235e+10|3.50301e+09|2.86583e+08|3.56381e+11|1.86199e+08|1.92545e+08|2.99631e+13|2.62358e+10|1.44429e+12|3.47003e+10|5.17051e+12|9.03709e+09|1.13638e+12|2.91503e+09|8.72759e+11|2.86476e+11,0.000676514|1.12087e-05|4.59784e-05|0.00083263|0.000133247|4.21479e-05|0.000136619|0.000235321|3.47922e-05|0.000422484|6.19192e-05|4.92042e-05|0.000201956|7.04749e-05|0.000758131|1.19625e-05,0.00399416|0.000724525|0.0021887|0.000180204|0.00202386|0.000227203|0.000188414|0.00480716|0.000452568|0.00578717|0.000407214|0.00701273|0.00164535|0.000359249|0.00836606|0.00158689,0.0195223|0.0441673|0.0219518|0.0174502|0.0324456|0.00100722|0.0282036|0.0384258|0.0467803|0.0273508|0.0259351|0.0103677|0.0479551|0.0183372|0.0340342|0.00461288,0.0242107|0.0122031|0.0367098|0.0349072|0.038918|0.00787238|0.00307975|0.0313876|0.0312181|0.0409943|0.0272425|0.0280029|0.0254172|0.019548|0.0408908|0.0271272,0.974039|0.954535|0.982422|0.921048|0.939452|0.963279|0.940934|0.951143|0.945212|0.948574|0.962744|0.950978|0.96957|0.957367|0.97528|0.971435,1.83843|4.29962|4.76499|2.04059|1.71839|3.9558|2.45207|0.195308|3.90137|2.98156|2.70493|5.20655|4.43247|1.38161|3.08695|2.66147,30.2686|24.4191|13.2112|55.8812|67.5745|18.2346|55.6995|42.5138|44.8869|37.0378|69.5993|44.1502|83.4704|23.9015|29.3778,0.160201|0.207518|0.197882|0.203103|0.161697|0.171758|0.228068|0.238968|0.228687|0.182534|0.162204|0.225177|0.226001|0.207243|0.218806,0.559595|0.400846|0.473279|0.544519|0.50952|0.457727|0.389261|0.209813|0.320739|0.771494|0.733363|0.713251|0.602098|0.865388|0.694407,0.960777,0.865614,0.120899,0.0868004,0.0443973,0.549768,0.260837,0.538285,0.285384,0.878897,35.8152,3.31207e-13,55109,0.839609,94.1996,1.03756e-13,22888,0.849295,0.839791,0.0338668,0.656048,0.327512,0.511502,0.267077,0.510256,0.20836,0.865791,24.3765,1.91574e-12,96785,0.911926,34.976,6.36299e-12,85196
3,114,n1->n2->n12->n11->n21->n22->n23->n13->n14->n15->n5->n6->n7->n8->n9->n10,1.01975e+11|2.19896e+12|2.01442e+09|3.14092e+10|3.32883e+12|4.20781e+11|1.30754e+09|9.1461e+13|1.55394e+12|3.53263e+12|1.71925e+10|6.20369e+09|1.59356e+10|3.02882e+10|4.88974e+12|1.19036e+12,5.38235e+10|7.99596e+11|2.86583e+08|3.50301e+09|3.98612e+11|3.56381e+11|1.86199e+08|5.19514e+13|5.08598e+11|2.01845e+12|1.24313e+10|1.6207e+09|4.18966e+09|6.71621e+09|7.24919e+11|2.86476e+11,0.000676514|0.000589285|4.59784e-05|1.12087e-05|0.000328127|0.00083263|0.000133247|0.000506242|0.000503586|0.000745688|3.93241e-05|0.000574029|2.6451e-05|0.000381371|7.10273e-05|1.19625e-05,0.00399416|0.00221248|0.0021887|0.000724525|0.00838815|0.000180204|0.00202386|0.00462097|0.000728986|0.00651336|0.00026326|0.000130191|0.000180791|0.00570991|0.000942087|0.00158689,0.0195223|0.0321365|0.0219518|0.0441673|0.00424874|0.0174502|0.0324456|0.0365133|0.0409863|0.0286763|0.0154625|0.0106337|0.0189999|0.0161017|0.00922358|0.00461288,0.0242107|0.00948841|0.0367098|0.0122031|0.0418058|0.0349072|0.038918|0.0400901|0.0399677|0.0289577|0.0101575|0.0454173|0.0287911|0.0285758|0.00472777|0.0271272,0.974039|0.910107|0.982422|0.954535|0.988633|0.921048|0.939452|0.988795|0.991379|0.915893|0.930177|0.984551|0.934194|0.926425|0.933061|0.971435,1.83843|6.06417|4.76499|4.29962|1.42119|2.04059|1.71839|2.98582|1.56401|6.12587|0.521104|4.26912|3.83792|0.335111|5.98339|2.66147,79.8117|88.6198|24.4191|65.1286|34.0839|55.8812|51.9585|56.34|92.5451|35.0583|37.2729|32.9383|55.4093|99.595|65.9961,0.208125|0.215223|0.207518|0.173408|0.249651|0.203103|0.175743|0.189445|0.174898|0.211825|0.234823|0.234586|0.163678|0.169867|0.209925,0.112575|0.305593|0.400846|0.625657|0.19649|0.544519|0.236177|0.972418|0.692675|0.610625|0.434803|0.312661|0.383219|0.512253|0.118233,0.960777,0.865614,0.120899,0.0868004,0.0443973,0.549768,0.260837,0.538285,0.285384,0.878897,35.8152,3.31207e-13,55109,0.839609,94.1996,1.03756e-13,22888,0.849295,0.839791,0.0338668,0.656048,0.327512,0.511502,0.267077,0.510256,0.20836,0.865791,24.3765,1.91574e-12,96785,0.911926,34.976,6.36299e-12,85196
3,115,n1->n11->n12->n13->n14->n24->n34->n35->n36->n37->n38->n28->n29->n30->n20->n10,1.01975e+11|3.14092e+10|2.01442e+09|9.1461e+13|1.55394e+12|1.19647e+09|3.86712e+12|4.41215e+13|3.59186e+10|7.44456e+10|2.12402e+13|1.17142e+11|2.58702e+12|1.51823e+10|2.0429e+12|1.19036e+12,5.38235e+10|3.50301e+09|2.86583e+08|5.19514e+13|5.08598e+11|1.92545e+08|3.17678e+12|7.93273e+12|9.02372e+09|3.47003e+10|5.17051e+12|3.45855e+10|1.13638e+12|2.91503e+09|8.72759e+11|2.86476e+11,0.000676514|1.12087e-05|4.59784e-05|0.000506242|0.000503586|4.21479e-05|0.000266546|1.92715e-05|1.84923e-05|0.000422484|6.19192e-05|3.80731e-05|0.000201956|7.04749e-05|0.000758131|1.19625e-05,0.00399416|0.000724525|0.0021887|0.00462097|0.000728986|0.000227203|0.000845769|0.00212144|0.000242453|0.00578717|0.000407214|0.000758065|0.00164535|0.000359249|0.00836606|0.00158689,0.0195223|0.0441673|0.0219518|0.0365133|0.0409863|0.00100722|0.0487221|0.025793|0.0071675|0.0273508|0.0259351|0.0342796|0.0479551|0.0183372|0.0340342|0.00461288,0.0242107|0.0122031|0.0367098|0.0400901|0.0399677|0.00787238|0.00196597|0.0261584|0.0405146|0.0409943|0.0272425|0.0019971|0.0254172|0.019548|0.0408908|0.0271272,0.974039|0.954535|0.982422|0.988795|0.991379|0.963279|0.993755|0.987839|0.966963|0.948574|0.962744|0.975528|0.96957|0.957367|0.97528|0.971435,1.83843|4.29962|4.76499|2.98582|1.56401|3.9558|5.33688|3.89608|3.33226|2.98156|2.70493|1.77801|4.43247|1.38161|3.08695|2.66147,30.2686|24.4191|13.9548|56.34|66.6304|58.7029|31.5608|18.7034|29.3504|37.0378|23.518|39.0733|83.4704|23.9015|29.3778,0.160201|0.207518|0.164045|0.189445|0.249271|0.197049|0.249069|0.248201|0.166344|0.182534|0.229604|0.16763|0.226001|0.207243|0.218806,0.559595|0.400846|0.842052|0.972418|0.311928|0.268944|0.544124|0.327026|0.714949|0.771494|0.865506|0.47242|0.602098|0.865388|0.694407,0.960777,0.865614,0.120899,0.0868004,0.0443973,0.549768,0.260837,0.538285,0.285384,0.878897,35.8152,3.31207e-13,55109,0.839609,94.1996,1.03756e-13,22888,0.849295,0.839791,0.0338668,0.656048,0.327512,0.511502,0.267077,0.510256,0.20836,0.865791,24.3765,1.91574e-12,96785,0.911926,34.976,6.36299e-12,85196
3,116,n1->n2->n12->n22->n23->n24->n25->n35->n36->n37->n38->n39->n29->n30->n20->n10,1.01975e+11|2.19896e+12|2.01442e+09|4.20781e+11|1.30754e+09|1.19647e+09|4.7689e+13|4.41215e+13|3.59186e+10|7.44456e+10|2.12402e+13|1.22797e+10|2.58702e+12|1.51823e+10|2.0429e+12|1.19036e+12,5.38235e+10|7.99596e+11|2.86583e+08|3.56381e+11|1.86199e+08|1.92545e+08|2.99631e+13|7.93273e+12|9.02372e+09|3.47003e+10|5.17051e+12|9.03709e+09|1.13638e+12|2.91503e+09|8.72759e+11|2.86476e+11,0.000676514|0.000589285|4.59784e-05|0.00083263|0.000133247|4.21479e-05|0.000136619|1.92715e-05|1.84923e-05|0.000422484|6.19192e-05|4.92042e-05|0.000201956|7.04749e-05|0.000758131|1.19625e-05,0.00399416|0.00221248|0.0021887|0.000180204|0.00202386|0.000227203|0.000188414|0.00212144|0.000242453|0.00578717|0.000407214|0.00701273|0.00164535|0.000359249|0.00836606|0.00158689,0.0195223|0.0321365|0.0219518|0.0174502|0.0324456|0.00100722|0.0282036|0.025793|0.0071675|0.0273508|0.0259351|0.0103677|0.0479551|0.0183372|0.0340342|0.00461288,0.0242107|0.00948841|0.0367098|0.0349072|0.038918|0.00787238|0.00307975|0.0261584|0.0405146|0.0409943|0.0272425|0.0280029|0.0254172|0.019548|0.0408908|0.0271272,0.974039|0.910107|0.982422|0.921048|0.939452|0.963279|0.940934|0.987839|0.966963|0.948574|0.962744|0.950978|0.96957|0.957367|0.97528|0.971435,1.83843|6.06417|4.76499|2.04059|1.71839|3.9558|2.45207|3.89608|3.33226|2.98156|2.70493|5.20655|4.43247|1.38161|3.08695|2.66147,79.8117|88.6198|13.2112|55.8812|67.5745|18.2346|88.4205|18.7034|29.3504|37.0378|69.5993|44.1502|83.4704|23.9015|29.3778,0.208125|0.215223|0.197882|0.203103|0.161697|0.171758|0.213009|0.248201|0.166344|0.182534|0.162204|0.225177|0.226001|0.207243|0.218806,0.112575|0.305593|0.473279|0.544519|0.50952|0.457727|0.564157|0.327026|0.714949|0.771494|0.733363|0.713251|0.602098|0.865388|0.694407,0.960777,0.865614,0.120899,0.0868004,0.0443973,0.549768,0.260837,0.538285,0.285384,0.878897,35.8152,3.31207e-13,55109,0.839609,94.1996,1.03756e-13,22888,0.849295,0.839791,0.0338668,0.656048,0.327512,0.511502,0.267077,0.510256,0.20836,0.865791,24.3765,1.91574e-12,96785,0.911926,34.976,6.36299e-12,85196
3,117,n1->n2->n3->n4->n14->n15->n5->n6->n7->n8->n18->n28->n29->n30->n20->n10,1.01975e+11|2.19896e+12|9.86942e+11|2.41468e+10|1.55394e+12|3.53263e+12|1.71925e+10|6.20369e+09|1.59356e+10|3.02882e+10|1.79344e+11|1.17142e+11|2.58702e+12|1.51823e+10|2.0429e+12|1.19036e+12,5.38235e+10|7.99596e+11|2.57025e+11|2.58863e+09|5.08598e+11|2.01845e+12|1.24313e+10|1.6207e+09|4.18966e+09|6.71621e+09|1.01158e+11|3.45855e+10|1.13638e+12|2.91503e+09|8.72759e+11|2.86476e+11,0.000676514|0.000589285|0.000150675|0.00042822|0.000503586|0.000745688|3.93241e-05|0.000574029|2.6451e-05|0.000381371|8.49582e-05|3.80731e-05|0.000201956|7.04749e-05|0.000758131|1.19625e-05,0.00399416|0.00221248|0.00013293|0.000225383|0.000728986|0.00651336|0.00026326|0.000130191|0.000180791|0.00570991|0.000487115|0.000758065|0.00164535|0.000359249|0.00836606|0.00158689,0.0195223|0.0321365|0.0411064|0.00259026|0.0409863|0.0286763|0.0154625|0.0106337|0.0189999|0.0161017|0.0130827|0.0342796|0.0479551|0.0183372|0.0340342|0.00461288,0.0242107|0.00948841|0.0108323|0.0377939|0.0399677|0.0289577|0.0101575|0.0454173|0.0287911|0.0285758|0.0139073|0.0019971|0.0254172|0.019548|0.0408908|0.0271272,0.974039|0.910107|0.976432|0.933254|0.991379|0.915893|0.930177|0.984551|0.934194|0.926425|0.988146|0.975528|0.96957|0.957367|0.97528|0.971435,1.83843|6.06417|3.3576|2.44626|1.56401|6.12587|0.521104|4.26912|3.83792|0.335111|1.03722|1.77801|4.43247|1.38161|3.08695|2.66147,79.8117|37.015|10.4739|52.1141|92.5451|35.0583|37.2729|32.9383|55.4093|81.3396|43.2583|39.0733|83.4704|23.9015|29.3778,0.208125|0.187446|0.213299|0.187731|0.174898|0.211825|0.234823|0.234586|0.163678|0.194321|0.237801|0.16763|0.226001|0.207243|0.218806,0.112575|0.26228|0.441339|0.911759|0.692675|0.610625|0.434803|0.312661|0.383219|0.540423|0.352181|0.47242|0.602098|0.865388|0.694407,0.960777,0.865614,0.120899,0.0868004,0.0443973,0.549768,0.260837,0.538285,0.285384,0.878897,35.8152,3.31207e-13,55109,0.839609,94.1996,1.03756e-13,22888,0.849295,0.839791,0.0338668,0.656048,0.327512,0.511502,0.267077,0.510256,0.20836,0.865791,24.3765,1.91574e-12,96785,0.911926,34.976,6.36299e-12,85196
3,118,n1->n11->n21->n31->n32->n22->n23->n24->n25->n15->n5->n6->n7->n8->n9->n10,1.01975e+11|3.14092e+10|3.32883e+12|1.05065e+13|5.57525e+13|4.20781e+11|1.30754e+09|1.19647e+09|4.7689e+13|3.53263e+12|1.71925e+10|6.20369e+09|1.59356e+10|3.02882e+10|4.88974e+12|1.19036e+12,5.38235e+10|3.50301e+09|3.98612e+11|2.87737e+12|1.17595e+13|3.56381e+11|1.86199e+08|1.92545e+08|2.99631e+13|2.01845e+12|1.24313e+10|1.6207e+09|4.18966e+09|6.71621e+09|7.24919e+11|2.86476e+11,0.000676514|1.12087e-05|0.000328127|0.000258516|0.000134157|0.00083263|0.000133247|4.21479e-05|0.000136619|0.000745688|3.93241e-05|0.000574029|2.6451e-05|0.000381371|7.10273e-05|1.19625e-05,0.00399416|0.000724525|0.00838815|0.000145507|0.000327171|0.000180204|0.00202386|0.000227203|0.000188414|0.00651336|0.00026326|0.000130191|0.000180791|0.00570991|0.000942087|0.00158689,0.0195223|0.0441673|0.00424874|0.0234983|0.0310056|0.0174502|0.0324456|0.00100722|0.0282036|0.0286763|0.0154625|0.0106337|0.0189999|0.0161017|0.00922358|0.00461288,0.0242107|0.0122031|0.0418058|0.00141098|0.0233521|0.0349072|0.038918|0.00787238|0.00307975|0.0289577|0.0101575|0.0454173|0.0287911|0.0285758|0.00472777|0.0271272,0.974039|0.954535|0.988633|0.964211|0.93521|0.921048|0.939452|0.963279|0.940934|0.915893|0.930177|0.984551|0.934194|0.926425|0.933061|0.971435,1.83843|4.29962|1.42119|2.15959|1.27982|2.04059|1.71839|3.9558|2.45207|6.12587|0.521104|4.26912|3.83792|0.335111|5.98339|2.66147,30.2686|65.1286|89.2299|63.0993|86.2435|55.8812|67.5745|18.2346|54.7186|35.0583|37.2729|32.9383|55.4093|99.595|65.9961,0.160201|0.173408|0.184425|0.229355|0.237058|0.203103|0.161697|0.171758|0.218311|0.211825|0.234823|0.234586|0.163678|0.169867|0.209925,0.559595|0.625657|0.421838|0.385409|0.793503|0.544519|0.50952|0.457727|0.136449|0.610625|0.434803|0.312661|0.383219|0.512253|0.118233,0.960777,0.865614,0.120899,0.0868004,0.0443973,0.549768,0.260837,0.538285,0.285384,0.878897,35.8152,3.31207e-13,55109,0.839609,94.1996,1.03756e-13,22888,0.849295,0.839791,0.0338668,0.656048,0.327512,0.511502,0.267077,0.510256,0.20836,0.865791,24.3765,1.91574e-12,96785,0.911926,34.976,6.36299e-12,85196
3,119,n1->n11->n21->n22->n32->n33->n23->n24->n14->n4->n5->n6->n7->n8->n9->n10,1.01975e+11|3.14092e+10|3.32883e+12|4.20781e+11|5.57525e+13|3.61083e+09|1.30754e+09|1.19647e+09|1.55394e+12|2.41468e+10|1.71925e+10|6.20369e+09|1.59356e+10|3.02882e+10|4.88974e+12|1.19036e+12,5.38235e+10|3.50301e+09|3.98612e+11|3.56381e+11|1.17595e+13|4.75867e+08|1.86199e+08|1.92545e+08|5.08598e+11|2.58863e+09|1.24313e+10|1.6207e+09|4.18966e+09|6.71621e+09|7.24919e+11|2.86476e+11,0.000676514|1.12087e-05|0.000328127|0.00083263|0.000134157|0.000995589|0.000133247|4.21479e-05|0.000503586|0.00042822|3.93241e-05|0.000574029|2.6451e-05|0.000381371|7.10273e-05|1.19625e-05,0.00399416|0.000724525|0.00838815|0.000180204|0.000327171|0.000667762|0.00202386|0.000227203|0.000728986|0.000225383|0.00026326|0.000130191|0.000180791|0.00570991|0.000942087|0.00158689,0.0195223|0.0441673|0.00424874|0.0174502|0.0310056|9.64854e-05|0.0324456|0.00100722|0.0409863|0.00259026|0.0154625|0.0106337|0.0189999|0.0161017|0.00922358|0.00461288,0.0242107|0.0122031|0.0418058|0.0349072|0.0233521|0.0476464|0.038918|0.00787238|0.0399677|0.0377939|0.0101575|0.0454173|0.0287911|0.0285758|0.00472777|0.0271272,0.974039|0.954535|0.988633|0.921048|0.93521|0.901898|0.939452|0.963279|0.991379|0.933254|0.930177|0.984551|0.934194|0.926425|0.933061|0.971435,1.83843|4.29962|1.42119|2.04059|1.27982|2.63005|1.71839|3.9558|1.56401|2.44626|0.521104|4.26912|3.83792|0.335111|5.98339|2.66147,30.2686|65.1286|34.0839|86.2435|67.4197|76.7594|67.5745|66.6304|52.1141|81.7362|37.2729|32.9383|55.4093|99.595|65.9961,0.160201|0.173408|0.249651|0.237058|0.205284|0.215627|0.161697|0.249271|0.187731|0.181317|0.234823|0.234586|0.163678|0.169867|0.209925,0.559595|0.625657|0.19649|0.793503|0.18105|0.514356|0.50952|0.311928|0.911759|0.126849|0.434803|0.312661|0.383219|0.512253|0.118233,0.960777,0.865614,0.120899,0.0868004,0.0443973,0.549768,0.260837,0.538285,0.285384,0.878897,35.8152,3.31207e-13,55109,0.839609,94.1996,1.03756e-13,22888,0.849295,0.839791,0.0338668,0.656048,0.327512,0.511502,0.267077,0.510256,0.20836,0.865791,24.3765,1.91574e-12,96785,0.911926,34.976,6.36299e-12,85196
3,120,n1->n11->n21->n22->n12->n13->n3->n4->n14->n15->n16->n6->n7->n8->n9->n10,1.01975e+11|3.14092e+10|3.32883e+12|4.20781e+11|2.01442e+09|9.1461e+13|9.86942e+11|2.41468e+10|1.55394e+12|3.53263e+12|1.88403e+10|6.20369e+09|1.59356e+10|3.02882e+10|4.88974e+12|1.19036e+12,5.38235e+10|3.50301e+09|3.98612e+11|3.56381e+11|2.86583e+08|5.19514e+13|2.57025e+11|2.58863e+09|5.08598e+11|2.01845e+12|9.99594e+09|1.6207e+09|4.18966e+09|6.71621e+09|7.24919e+11|2.86476e+11,0.000676514|1.12087e-05|0.000328127|0.00083263|4.59784e-05|0.000506242|0.000150675|0.00042822|0.000503586|0.000745688|0.000390472|0.000574029|2.6451e-05|0.000381371|7.10273e-05|1.19625e-05,0.00399416|0.000724525|0.00838815|0.000180204|0.0021887|0.00462097|0.00013293|0.000225383|0.000728986|0.00651336|0.000762836|0.000130191|0.000180791|0.00570991|0.000942087|0.00158689,0.0195223|0.0441673|0.00424874|0.0174502|0.0219518|0.0365133|0.0411064|0.00259026|0.0409863|0.0286763|0.0105597|0.0106337|0.0189999|0.0161017|0.00922358|0.00461288,0.0242107|0.0122031|0.0418058|0.0349072|0.0367098|0.0400901|0.0108323|0.0377939|0.0399677|0.0289577|0.00944802|0.0454173|0.0287911|0.0285758|0.00472777|0.0271272,0.974039|0.954535|0.988633|0.921048|0.982422|0.988795|0.976432|0.933254|0.991379|0.915893|0.981367|0.984551|0.934194|0.926425|0.933061|0.971435,1.83843|4.29962|1.42119|2.04059|4.76499|2.98582|3.3576|2.44626|1.56401|6.12587|3.20918|4.26912|3.83792|0.335111|5.98339|2.66147,30.2686|65.1286|34.0839|13.2112|13.9548|83.9106|10.4739|52.1141|92.5451|56.2706|50.0569|32.9383|55.4093|99.595|65.9961,0.160201|0.173408|0.249651|0.197882|0.164045|0.176807|0.213299|0.187731|0.174898|0.241506|0.186675|0.234586|0.163678|0.169867|0.209925,0.559595|0.625657|0.19649|0.473279|0.842052|0.224294|0.441339|0.911759|0.692675|0.350755|0.371607|0.312661|0.383219|0.512253|0.118233,0.960777,0.865614,0.120899,0.0868004,0.0443973,0.549768,0.260837,0.538285,0.285384,0.878897,35.8152,3.31207e-13,55109,0.839609,94.1996,1.03756e-13,22888,0.849295,0.839791,0.0338668,0.656048,0.327512,0.511502,0.267077,0.510256,0.20836,0.865791,24.3765,1.91574e-12,96785,0.911926,34.976,6.36299e-12,85196
3,121,n1->n2->n12->n11->n21->n31->n32->n22->n23->n24->n14->n15->n16->n6->n7->n8->n9->n10,1.01975e+11|2.19896e+12|2.01442e+09|3.14092e+10|3.32883e+12|1.05065e+13|5.57525e+13|4.20781e+11|1.30754e+09|1.19647e+09|1.55394e+12|3.53263e+12|1.88403e+10|6.20369e+09|1.59356e+10|3.02882e+10|4.88974e+12|1.19036e+12,5.38235e+10|7.99596e+11|2.86583e+08|3.50301e+09|3.98612e+11|2.87737e+12|1.17595e+13|3.56381e+11|1.86199e+08|1.92545e+08|5.08598e+11|2.01845e+12|9.99594e+09|1.6207e+09|4.18966e+09|6.71621e+09|7.24919e+11|2.86476e+11,0.000676514|0.000589285|4.59784e-05|1.12087e-05|0.000328127|0.000258516|0.000134157|0.00083263|0.000133247|4.21479e-05|0.000503586|0.000745688|0.000390472|0.000574029|2.6451e-05|0.000381371|7.10273e-05|1.19625e-05,0.00399416|0.00221248|0.0021887|0.000724525|0.00838815|0.000145507|0.000327171|0.000180204|0.00202386|0.000227203|0.000728986|0.00651336|0.000762836|0.000130191|0.000180791|0.00570991|0.000942087|0.00158689,0.0195223|0.0321365|0.0219518|0.0441673|0.00424874|0.0234983|0.0310056|0.0174502|0.0324456|0.00100722|0.0409863|0.0286763|0.0105597|0.0106337|0.0189999|0.0161017|0.00922358|0.00461288,0.0242107|0.00948841|0.0367098|0.0122031|0.0418058|0.00141098|0.0233521|0.0349072|0.038918|0.00787238|0.0399677|0.0289577|0.00944802|0.0454173|0.0287911|0.0285758|0.00472777|0.0271272,0.974039|0.910107|0.982422|0.954535|0.988633|0.964211|0.93521|0.921048|0.939452|0.963279|0.991379|0.915893|0.981367|0.984551|0.934194|0.926425|0.933061|0.971435,1.83843|6.06417|4.76499|4.29962|1.42119|2.15959|1.27982|2.04059|1.71839|3.9558|1.56401|6.12587|3.20918|4.26912|3.83792|0.335111|5.98339|2.66147,79.8117|88.6198|24.4191|65.1286|89.2299|63.0993|86.2435|55.8812|67.5745|66.6304|92.5451|56.2706|50.0569|32.9383|55.4093|99.595|65.9961,0.208125|0.215223|0.207518|0.173408|0.184425|0.229355|0.237058|0.203103|0.161697|0.249271|0.174898|0.241506|0.186675|0.234586|0.163678|0.169867|0.209925,0.112575|0.305593|0.400846|0.625657|0.421838|0.385409|0.793503|0.544519|0.50952|0.311928|0.692675|0.350755|0.371607|0.312661|0.383219|0.512253|0.118233,0.960777,0.865614,0.120899,0.0868004,0.0443973,0.549768,0.260837,0.538285,0.285384,0.878897,35.8152,3.31207e-13,55109,0.839609,94.1996,1.03756e-13,22888,0.849295,0.839791,0.0338668,0.656048,0.327512,0.511502,0.267077,0.510256,0.20836,0.865791,24.3765,1.91574e-12,96785,0.911926,34.976,6.36299e-12,85196
3,122,n1->n2->n3->n4->n5->n6->n16->n17->n7->n8->n9->n19->n18->n28->n29->n30->n20->n10,1.01975e+11|2.19896e+12|9.86942e+11|2.41468e+10|1.71925e+10|6.20369e+09|1.88403e+10|2.82283e+09|1.59356e+10|3.02882e+10|4.88974e+12|8.72734e+13|1.79344e+11|1.17142e+11|2.58702e+12|1.51823e+10|2.0429e+12|1.19036e+12,5.38235e+10|7.99596e+11|2.57025e+11|2.58863e+09|1.24313e+10|1.6207e+09|9.99594e+09|1.47131e+09|4.18966e+09|6.71621e+09|7.24919e+11|1.85268e+13|1.01158e+11|3.45855e+10|1.13638e+12|2.91503e+09|8.72759e+11|2.86476e+11,0.000676514|0.000589285|0.000150675|0.00042822|3.93241e-05|0.000574029|0.000390472|3.16477e-05|2.6451e-05|0.000381371|7.10273e-05|1.50238e-05|8.49582e-05|3.80731e-05|0.000201956|7.04749e-05|0.000758131|1.19625e-05,0.00399416|0.00221248|0.00013293|0.000225383|0.00026326|0.000130191|0.000762836|0.00565965|0.000180791|0.00570991|0.000942087|0.000314326|0.000487115|0.000758065|0.00164535|0.000359249|0.00836606|0.00158689,0.0195223|0.0321365|0.0411064|0.00259026|0.0154625|0.0106337|0.0105597|0.0154786|0.0189999|0.0161017|0.00922358|0.00292072|0.0130827|0.0342796|0.0479551|0.0183372|0.0340342|0.00461288,0.0242107|0.00948841|0.0108323|0.0377939|0.0101575|0.0454173|0.00944802|0.0100135|0.0287911|0.0285758|0.00472777|0.0395015|0.0139073|0.0019971|0.0254172|0.019548|0.0408908|0.0271272,0.974039|0.910107|0.976432|0.933254|0.930177|0.984551|0.981367|0.908062|0.934194|0.926425|0.933061|0.948693|0.988146|0.975528|0.96957|0.957367|0.97528|0.971435,1.83843|6.06417|3.3576|2.44626|0.521104|4.26912|3.20918|3.21404|3.83792|0.335111|5.98339|2.11735|1.03722|1.77801|4.43247|1.38161|3.08695|2.66147,79.8117|37.015|10.4739|81.7362|37.2729|50.0569|32.2763|59.8148|55.4093|99.595|99.0064|28.0546|43.2583|39.0733|83.4704|23.9015|29.3778,0.208125|0.187446|0.213299|0.181317|0.234823|0.186675|0.204609|0.239012|0.163678|0.169867|0.235802|0.231137|0.237801|0.16763|0.226001|0.207243|0.218806,0.112575|0.26228|0.441339|0.126849|0.434803|0.371607|0.689113|0.920789|0.383219|0.512253|0.976298|0.31734|0.352181|0.47242|0.602098|0.865388|0.694407,0.960777,0.865614,0.120899,0.0868004,0.0443973,0.549768,0.260837,0.538285,0.285384,0.878897,35.8152,3.31207e-13,55109,0.839609,94.1996,1.03756e-13,22888,0.849295,0.839791,0.0338668,0.656048,0.327512,0.511502,0.267077,0.510256,0.20836,0.865791,24.3765,1.91574e-12,96785,0.911926,34.976,6.36299e-12,85196
3,123,n1->n11->n12->n2->n3->n4->n14->n13->n23->n24->n25->n26->n16->n6->n7->n8->n9->n10,1.01975e+11|3.14092e+10|2.01442e+09|2.19896e+12|9.86942e+11|2.41468e+10|1.55394e+12|9.1461e+13|1.30754e+09|1.19647e+09|4.7689e+13|1.37743e+11|1.88403e+10|6.20369e+09|1.59356e+10|3.02882e+10|4.88974e+12|1.19036e+12,5.38235e+10|3.50301e+09|2.86583e+08|7.99596e+11|2.57025e+11|2.58863e+09|5.08598e+11|5.19514e+13|1.86199e+08|1.92545e+08|2.99631e+13|2.62358e+10|9.99594e+09|1.6207e+09|4.18966e+09|6.71621e+09|7.24919e+11|2.86476e+11,0.000676514|1.12087e-05|4.59784e-05|0.000589285|0.000150675|0.00042822|0.000503586|0.000506242|0.000133247|4.21479e-05|0.000136619|0.000235321|0.000390472|0.000574029|2.6451e-05|0.000381371|7.10273e-05|1.19625e-05,0.00399416|0.000724525|0.0021887|0.00221248|0.00013293|0.000225383|0.000728986|0.00462097|0.00202386|0.000227203|0.000188414|0.00480716|0.000762836|0.000130191|0.000180791|0.00570991|0.000942087|0.00158689,0.0195223|0.0441673|0.0219518|0.0321365|0.0411064|0.00259026|0.0409863|0.0365133|0.0324456|0.00100722|0.0282036|0.0384258|0.0105597|0.0106337|0.0189999|0.0161017|0.00922358|0.00461288,0.0242107|0.0122031|0.0367098|0.00948841|0.0108323|0.0377939|0.0399677|0.0400901|0.038918|0.00787238|0.00307975|0.0313876|0.00944802|0.0454173|0.0287911|0.0285758|0.00472777|0.0271272,0.974039|0.954535|0.982422|0.910107|0.976432|0.933254|0.991379|0.988795|0.939452|0.963279|0.940934|0.951143|0.981367|0.984551|0.934194|0.926425|0.933061|0.971435,1.83843|4.29962|4.76499|6.06417|3.3576|2.44626|1.56401|2.98582|1.71839|3.9558|2.45207|0.195308|3.20918|4.26912|3.83792|0.335111|5.98339|2.66147,30.2686|24.4191|88.6198|37.015|10.4739|52.1141|56.34|51.9585|67.5745|18.2346|55.6995|11.0615|50.0569|32.9383|55.4093|99.595|65.9961,0.160201|0.207518|0.215223|0.187446|0.213299|0.187731|0.189445|0.175743|0.161697|0.171758|0.228068|0.208269|0.186675|0.234586|0.163678|0.169867|0.209925,0.559595|0.400846|0.305593|0.26228|0.441339|0.911759|0.972418|0.236177|0.50952|0.457727|0.389261|0.314052|0.371607|0.312661|0.383219|0.512253|0.118233,0.960777,0.865614,0.120899,0.0868004,0.0443973,0.549768,0.260837,0.538285,0.285384,0.878897,35.8152,3.31207e-13,55109,0.839609,94.1996,1.03756e-13,22888,0.849295,0.839791,0.0338668,0.656048,0.327512,0.511502,0.267077,0.510256,0.20836,0.865791,24.3765,1.91574e-12,96785,0.911926,34.976,6.36299e-12,85196
3,124,n1->n2->n3->n13->n14->n15->n5->n6->n7->n17->n27->n37->n38->n39->n40->n30->n20->n10,1.01975e+11|2.19896e+12|9.86942e+11|9.1461e+13|1.55394e+12|3.53263e+12|1.71925e+10|6.20369e+09|1.59356e+10|2.82283e+09|4.11784e+12|7.44456e+10|2.12402e+13|1.22797e+10|4.94603e+09|1.51823e+10|2.0429e+12|1.19036e+12,5.38235e+10|7.99596e+11|2.57025e+11|5.19514e+13|5.08598e+11|2.01845e+12|1.24313e+10|1.6207e+09|4.18966e+09|1.47131e+09|1.44429e+12|3.47003e+10|5.17051e+12|9.03709e+09|4.0197e+09|2.91503e+09|8.72759e+11|2.86476e+11,0.000676514|0.000589285|0.000150675|0.000506242|0.000503586|0.000745688|3.93241e-05|0.000574029|2.6451e-05|3.16477e-05|3.47922e-05|0.000422484|6.19192e-05|4.92042e-05|0.000115573|7.04749e-05|0.000758131|1.19625e-05,0.00399416|0.00221248|0.00013293|0.00462097|0.000728986|0.00651336|0.00026326|0.000130191|0.000180791|0.00565965|0.000452568|0.00578717|0.000407214|0.00701273|0.00148668|0.000359249|0.00836606|0.00158689,0.0195223|0.0321365|0.0411064|0.0365133|0.0409863|0.0286763|0.0154625|0.0106337|0.0189999|0.0154786|0.0467803|0.0273508|0.0259351|0.0103677|0.0255083|0.0183372|0.0340342|0.00461288,0.0242107|0.00948841|0.0108323|0.0400901|0.0399677|0.0289577|0.0101575|0.0454173|0.0287911|0.0100135|0.0312181|0.0409943|0.0272425|0.0280029|0.00180125|0.019548|0.0408908|0.0271272,0.974039|0.910107|0.976432|0.988795|0.991379|0.915893|0.930177|0.984551|0.934194|0.908062|0.945212|0.948574|0.962744|0.950978|0.947224|0.957367|0.97528|0.971435,1.83843|6.06417|3.3576|2.98582|1.56401|6.12587|0.521104|4.26912|3.83792|3.21404|3.90137|2.98156|2.70493|5.20655|1.65593|1.38161|3.08695|2.66147,79.8117|37.015|83.9106|56.34|92.5451|35.0583|37.2729|32.9383|59.8148|72.2829|44.8869|37.0378|69.5993|86.0567|98.0873|23.9015|29.3778,0.208125|0.187446|0.176807|0.189445|0.174898|0.211825|0.234823|0.234586|0.239012|0.201328|0.228687|0.182534|0.162204|0.184681|0.181093|0.207243|0.218806,0.112575|0.26228|0.224294|0.972418|0.692675|0.610625|0.434803|0.312661|0.920789|0.672327|0.320739|0.771494|0.733363|0.832174|0.595683|0.865388|0.694407,0.960777,0.865614,0.120899,0.0868004,0.0443973,0.549768,0.260837,0.538285,0.285384,0.878897,35.8152,3.31207e-13,55109,0.839609,94.1996,1.03756e-13,22888,0.849295,0.839791,0.0338668,0.656048,0.327512,0.511502,0.267077,0.510256,0.20836,0.865791,24.3765,1.91574e-12,96785,0.911926,34.976,6.36299e-12,85196
3,125,n1->n11->n12->n13->n14->n24->n34->n35->n36->n37->n38->n39->n49->n50->n40->n30->n20->n10,1.01975e+11|3.14092e+10|2.01442e+09|9.1461e+13|1.55394e+12|1.19647e+09|3.86712e+12|4.41215e+13|3.59186e+10|7.44456e+10|2.12402e+13|1.22797e+10|3.80627e+12|6.4253e+09|4.94603e+09|1.51823e+10|2.0429e+12|1.19036e+12,5.38235e+10|3.50301e+09|2.86583e+08|5.19514e+13|5.08598e+11|1.92545e+08|3.17678e+12|7.93273e+12|9.02372e+09|3.47003e+10|5.17051e+12|9.03709e+09|8.66195e+11|2.63097e+09|4.0197e+09|2.91503e+09|8.72759e+11|2.86476e+11,0.000676514|1.12087e-05|4.59784e-05|0.000506242|0.000503586|4.21479e-05|0.000266546|1.92715e-05|1.84923e-05|0.000422484|6.19192e-05|4.92042e-05|0.000505517|3.36955e-05|0.000115573|7.04749e-05|0.000758131|1.19625e-05,0.00399416|0.000724525|0.0021887|0.00462097|0.000728986|0.000227203|0.000845769|0.00212144|0.000242453|0.00578717|0.000407214|0.00701273|0.000303357|0.000221174|0.00148668|0.000359249|0.00836606|0.00158689,0.0195223|0.0441673|0.0219518|0.0365133|0.0409863|0.00100722|0.0487221|0.025793|0.0071675|0.0273508|0.0259351|0.0103677|0.0269197|0.0464884|0.0255083|0.0183372|0.0340342|0.00461288,0.0242107|0.0122031|0.0367098|0.0400901|0.0399677|0.00787238|0.00196597|0.0261584|0.0405146|0.0409943|0.0272425|0.0280029|0.00920696|0.00215016|0.00180125|0.019548|0.0408908|0.0271272,0.974039|0.954535|0.982422|0.988795|0.991379|0.963279|0.993755|0.987839|0.966963|0.948574|0.962744|0.950978|0.947054|0.953689|0.947224|0.957367|0.97528|0.971435,1.83843|4.29962|4.76499|2.98582|1.56401|3.9558|5.33688|3.89608|3.33226|2.98156|2.70493|5.20655|0.957975|3.44484|1.65593|1.38161|3.08695|2.66147,30.2686|24.4191|13.9548|56.34|66.6304|58.7029|31.5608|18.7034|29.3504|37.0378|69.5993|95.0453|38.9947|91.3525|98.0873|23.9015|29.3778,0.160201|0.207518|0.164045|0.189445|0.249271|0.197049|0.249069|0.248201|0.166344|0.182534|0.162204|0.174436|0.216078|0.227952|0.181093|0.207243|0.218806,0.559595|0.400846|0.842052|0.972418|0.311928|0.268944|0.544124|0.327026|0.714949|0.771494|0.733363|0.694525|0.930713|0.133445|0.595683|0.865388|0.694407,0.960777,0.865614,0.120899,0.0868004,0.0443973,0.549768,0.260837,0.538285,0.285384,0.878897,35.8152,3.31207e-13,55109,0.839609,94.1996,1.03756e-13,22888,0.849295,0.839791,0.0338668,0.656048,0.327512,0.511502,0.267077,0.510256,0.20836,0.865791,24.3765,1.91574e-12,96785,0.911926,34.976,6.36299e-12,85196
3,126,n1->n2->n3->n4->n5->n6->n16->n15->n25->n35->n36->n26->n27->n28->n18->n19->n9->n10,1.01975e+11|2.19896e+12|9.86942e+11|2.41468e+10|1.71925e+10|6.20369e+09|1.88403e+10|3.53263e+12|4.7689e+13|4.41215e+13|3.59186e+10|1.37743e+11|4.11784e+12|1.17142e+11|1.79344e+11|8.72734e+13|4.88974e+12|1.19036e+12,5.38235e+10|7.99596e+11|2.57025e+11|2.58863e+09|1.24313e+10|1.6207e+09|9.99594e+09|2.01845e+12|2.99631e+13|7.93273e+12|9.02372e+09|2.62358e+10|1.44429e+12|3.45855e+10|1.01158e+11|1.85268e+13|7.24919e+11|2.86476e+11,0.000676514|0.000589285|0.000150675|0.00042822|3.93241e-05|0.000574029|0.000390472|0.000745688|0.000136619|1.92715e-05|1.84923e-05|0.000235321|3.47922e-05|3.80731e-05|8.49582e-05|1.50238e-05|7.10273e-05|1.19625e-05,0.00399416|0.00221248|0.00013293|0.000225383|0.00026326|0.000130191|0.000762836|0.00651336|0.000188414|0.00212144|0.000242453|0.00480716|0.000452568|0.000758065|0.000487115|0.000314326|0.000942087|0.00158689,0.0195223|0.0321365|0.0411064|0.00259026|0.0154625|0.0106337|0.0105597|0.0286763|0.0282036|0.025793|0.0071675|0.0384258|0.0467803|0.0342796|0.0130827|0.00292072|0.00922358|0.00461288,0.0242107|0.00948841|0.0108323|0.0377939|0.0101575|0.0454173|0.00944802|0.0289577|0.00307975|0.0261584|0.0405146|0.0313876|0.0312181|0.0019971|0.0139073|0.0395015|0.00472777|0.0271272,0.974039|0.910107|0.976432|0.933254|0.930177|0.984551|0.981367|0.915893|0.940934|0.987839|0.966963|0.951143|0.945212|0.975528|0.988146|0.948693|0.933061|0.971435,1.83843|6.06417|3.3576|2.44626|0.521104|4.26912|3.20918|6.12587|2.45207|3.89608|3.33226|0.195308|3.90137|1.77801|1.03722|2.11735|5.98339|2.66147,79.8117|37.015|10.4739|81.7362|37.2729|50.0569|56.2706|54.7186|88.4205|18.7034|63.8366|42.5138|15.3326|43.2583|28.0546|99.0064|65.9961,0.208125|0.187446|0.213299|0.181317|0.234823|0.186675|0.241506|0.218311|0.213009|0.248201|0.170284|0.238968|0.198809|0.237801|0.231137|0.235802|0.209925,0.112575|0.26228|0.441339|0.126849|0.434803|0.371607|0.350755|0.136449|0.564157|0.327026|0.370288|0.209813|0.368688|0.352181|0.31734|0.976298|0.118233,0.960777,0.865614,0.120899,0.0868004,0.0443973,0.549768,0.260837,0.538285,0.285384,0.878897,35.8152,3.31207e-13,55109,0.839609,94.1996,1.03756e-13,22888,0.849295,0.839791,0.0338668,0.656048,0.327512,0.511502,0.267077,0.510256,0.20836,0.865791,24.3765,1.91574e-12,96785,0.911926,34.976,6.36299e-12,85196
3,127,n1->n11->n21->n31->n32->n33->n43->n44->n45->n46->n36->n26->n27->n28->n29->n30->n20->n10,1.01975e+11|3.14092e+10|3.32883e+12|1.05065e+13|5.57525e+13|3.61083e+09|5.27043e+13|3.78167e+10|1.44695e+11|1.87876e+09|3.59186e+10|1.37743e+11|4.11784e+12|1.17142e+11|2.58702e+12|1.51823e+10|2.0429e+12|1.19036e+12,5.38235e+10|3.50301e+09|3.98612e+11|2.87737e+12|1.17595e+13|4.75867e+08|2.73378e+13|5.09814e+09|2.01277e+10|2.58981e+08|9.02372e+09|2.62358e+10|1.44429e+12|3.45855e+10|1.13638e+12|2.91503e+09|8.72759e+11|2.86476e+11,0.000676514|1.12087e-05|0.000328127|0.000258516|0.000134157|0.000995589|1.37366e-05|0.000245243|0.000808537|9.70439e-05|1.84923e-05|0.000235321|3.47922e-05|3.80731e-05|0.000201956|7.04749e-05|0.000758131|1.19625e-05,0.00399416|0.000724525|0.00838815|0.000145507|0.000327171|0.000667762|0.00153702|0.000352937|0.000194969|0.00201201|0.000242453|0.00480716|0.000452568|0.000758065|0.00164535|0.000359249|0.00836606|0.00158689,0.0195223|0.0441673|0.00424874|0.0234983|0.0310056|9.64854e-05|0.0494539|0.0172433|0.0260944|0.00436699|0.0071675|0.0384258|0.0467803|0.0342796|0.0479551|0.0183372|0.0340342|0.00461288,0.0242107|0.0122031|0.0418058|0.00141098|0.0233521|0.0476464|0.0473458|0.00451794|0.00984899|0.0220509|0.0405146|0.0313876|0.0312181|0.0019971|0.0254172|0.019548|0.0408908|0.0271272,0.974039|0.954535|0.988633|0.964211|0.93521|0.901898|0.91007|0.947307|0.907254|0.955218|0.966963|0.951143|0.945212|0.975528|0.96957|0.957367|0.97528|0.971435,1.83843|4.29962|1.42119|2.15959|1.27982|2.63005|2.48794|0.993798|1.27114|1.47168|3.33226|0.195308|3.90137|1.77801|4.43247|1.38161|3.08695|2.66147,30.2686|65.1286|89.2299|63.0993|67.4197|49.6282|59.7094|89.5651|61.2725|70.4589|63.8366|42.5138|15.3326|39.0733|83.4704|23.9015|29.3778,0.160201|0.173408|0.184425|0.229355|0.205284|0.16438|0.233924|0.221011|0.220481|0.160147|0.170284|0.238968|0.198809|0.16763|0.226001|0.207243|0.218806,0.559595|0.625657|0.421838|0.385409|0.18105|0.126669|0.171162|0.811541|0.792156|0.708174|0.370288|0.209813|0.368688|0.47242|0.602098|0.865388|0.694407,0.960777,0.865614,0.120899,0.0868004,0.0443973,0.549768,0.260837,0.538285,0.285384,0.878897,35.8152,3.31207e-13,55109,0.839609,94.1996,1.03756e-13,22888,0.849295,0.839791,0.0338668,0.656048,0.327512,0.511502,0.267077,0.510256,0.20836,0.865791,24.3765,1.91574e-12,96785,0.911926,34.976,6.36299e-12,85196
3,128,n1->n11->n21->n31->n32->n22->n23->n13->n12->n2->n3->n4->n5->n6->n7->n8->n9->n10,1.01975e+11|3.14092e+10|3.32883e+12|1.05065e+13|5.57525e+13|4.20781e+11|1.30754e+09|9.1461e+13|2.01442e+09|2.19896e+12|9.86942e+11|2.41468e+10|1.71925e+10|6.20369e+09|1.59356e+10|3.02882e+10|4.88974e+12|1.19036e+12,5.38235e+10|3.50301e+09|3.98612e+11|2.87737e+12|1.17595e+13|3.56381e+11|1.86199e+08|5.19514e+13|2.86583e+08|7.99596e+11|2.57025e+11|2.58863e+09|1.24313e+10|1.6207e+09|4.18966e+09|6.71621e+09|7.24919e+11|2.86476e+11,0.000676514|1.12087e-05|0.000328127|0.000258516|0.000134157|0.00083263|0.000133247|0.000506242|4.59784e-05|0.000589285|0.000150675|0.00042822|3.93241e-05|0.000574029|2.6451e-05|0.000381371|7.10273e-05|1.19625e-05,0.00399416|0.000724525|0.00838815|0.000145507|0.000327171|0.000180204|0.00202386|0.00462097|0.0021887|0.00221248|0.00013293|0.000225383|0.00026326|0.000130191|0.000180791|0.00570991|0.000942087|0.00158689,0.0195223|0.0441673|0.00424874|0.0234983|0.0310056|0.0174502|0.0324456|0.0365133|0.0219518|0.0321365|0.0411064|0.00259026|0.0154625|0.0106337|0.0189999|0.0161017|0.00922358|0.00461288,0.0242107|0.0122031|0.0418058|0.00141098|0.0233521|0.0349072|0.038918|0.0400901|0.0367098|0.00948841|0.0108323|0.0377939|0.0101575|0.0454173|0.0287911|0.0285758|0.00472777|0.0271272,0.974039|0.954535|0.988633|0.964211|0.93521|0.921048|0.939452|0.988795|0.982422|0.910107|0.976432|0.933254|0.930177|0.984551|0.934194|0.926425|0.933061|0.971435,1.83843|4.29962|1.42119|2.15959|1.27982|2.04059|1.71839|2.98582|4.76499|6.06417|3.3576|2.44626|0.521104|4.26912|3.83792|0.335111|5.98339|2.66147,30.2686|65.1286|89.2299|63.0993|86.2435|55.8812|51.9585|13.9548|88.6198|37.015|10.4739|81.7362|37.2729|32.9383|55.4093|99.595|65.9961,0.160201|0.173408|0.184425|0.229355|0.237058|0.203103|0.175743|0.164045|0.215223|0.187446|0.213299|0.181317|0.234823|0.234586|0.163678|0.169867|0.209925,0.559595|0.625657|0.421838|0.385409|0.793503|0.544519|0.236177|0.842052|0.305593|0.26228|0.441339|0.126849|0.434803|0.312661|0.383219|0.512253|0.118233,0.960777,0.865614,0.120899,0.0868004,0.0443973,0.549768,0.260837,0.538285,0.285384,0.878897,35.8152,3.31207e-13,55109,0.839609,94.1996,1.03756e-13,22888,0.849295,0.839791,0.0338668,0.656048,0.327512,0.511502,0.267077,0.510256,0.20836,0.865791,24.3765,1.91574e-12,96785,0.911926,34.976,6.36299e-12,85196
3,129,n1->n11->n21->n31->n32->n42->n43->n33->n23->n24->n25->n15->n5->n6->n7->n8->n9->n10,1.01975e+11|3.14092e+10|3.32883e+12|1.05065e+13|5.57525e+13|7.74591e+09|5.27043e+13|3.61083e+09|1.30754e+09|1.19647e+09|4.7689e+13|3.53263e+12|1.71925e+10|6.20369e+09|1.59356e+10|3.02882e+10|4.88974e+12|1.19036e+12,5.38235e+10|3.50301e+09|3.98612e+11|2.87737e+12|1.17595e+13|5.89918e+09|2.73378e+13|4.75867e+08|1.86199e+08|1.92545e+08|2.99631e+13|2.01845e+12|1.24313e+10|1.6207e+09|4.18966e+09|6.71621e+09|7.24919e+11|2.86476e+11,0.000676514|1.12087e-05|0.000328127|0.000258516|0.000134157|2.62737e-05|1.37366e-05|0.000995589|0.000133247|4.21479e-05|0.000136619|0.000745688|3.93241e-05|0.000574029|2.6451e-05|0.000381371|7.10273e-05|1.19625e-05,0.00399416|0.000724525|0.00838815|0.000145507|0.000327171|0.000152147|0.00153702|0.000667762|0.00202386|0.000227203|0.000188414|0.00651336|0.00026326|0.000130191|0.000180791|0.00570991|0.000942087|0.00158689,0.0195223|0.0441673|0.00424874|0.0234983|0.0310056|0.0437873|0.0494539|9.64854e-05|0.0324456|0.00100722|0.0282036|0.0286763|0.0154625|0.0106337|0.0189999|0.0161017|0.00922358|0.00461288,0.0242107|0.0122031|0.0418058|0.00141098|0.0233521|0.0147664|0.0473458|0.0476464|0.038918|0.00787238|0.00307975|0.0289577|0.0101575|0.0454173|0.0287911|0.0285758|0.00472777|0.0271272,0.974039|0.954535|0.988633|0.964211|0.93521|0.940415|0.91007|0.901898|0.939452|0.963279|0.940934|0.915893|0.930177|0.984551|0.934194|0.926425|0.933061|0.971435,1.83843|4.29962|1.42119|2.15959|1.27982|6.02574|2.48794|2.63005|1.71839|3.9558|2.45207|6.12587|0.521104|4.26912|3.83792|0.335111|5.98339|2.66147,30.2686|65.1286|89.2299|63.0993|70.8805|27.3217|49.6282|76.7594|67.5745|18.2346|54.7186|35.0583|37.2729|32.9383|55.4093|99.595|65.9961,0.160201|0.173408|0.184425|0.229355|0.21996|0.174647|0.16438|0.215627|0.161697|0.171758|0.218311|0.211825|0.234823|0.234586|0.163678|0.169867|0.209925,0.559595|0.625657|0.421838|0.385409|0.879118|0.427775|0.126669|0.514356|0.50952|0.457727|0.136449|0.610625|0.434803|0.312661|0.383219|0.512253|0.118233,0.960777,0.865614,0.120899,0.0868004,0.0443973,0.549768,0.260837,0.538285,0.285384,0.878897,35.8152,3.31207e-13,55109,0.839609,94.1996,1.03756e-13,22888,0.849295,0.839791,0.0338668,0.656048,0.327512,0.511502,0.267077,0.510256,0.20836,0.865791,24.3765,1.91574e-12,96785,0.911926,34.976,6.36299e-12,85196
3,130,n1->n11->n21->n22->n32->n42->n43->n44->n34->n35->n36->n37->n38->n28->n18->n8->n9->n10,1.01975e+11|3.14092e+10|3.32883e+12|4.20781e+11|5.57525e+13|7.74591e+09|5.27043e+13|3.78167e+10|3.86712e+12|4.41215e+13|3.59186e+10|7.44456e+10|2.12402e+13|1.17142e+11|1.79344e+11|3.02882e+10|4.88974e+12|1.19036e+12,5.38235e+10|3.50301e+09|3.98612e+11|3.56381e+11|1.17595e+13|5.89918e+09|2.73378e+13|5.09814e+09|3.17678e+12|7.93273e+12|9.02372e+09|3.47003e+10|5.17051e+12|3.45855e+10|1.01158e+11|6.71621e+09|7.24919e+11|2.86476e+11,0.000676514|1.12087e-05|0.000328127|0.00083263|0.000134157|2.62737e-05|1.37366e-05|0.000245243|0.000266546|1.92715e-05|1.84923e-05|0.000422484|6.19192e-05|3.80731e-05|8.49582e-05|0.000381371|7.10273e-05|1.19625e-05,0.00399416|0.000724525|0.00838815|0.000180204|0.000327171|0.000152147|0.00153702|0.000352937|0.000845769|0.00212144|0.000242453|0.00578717|0.000407214|0.000758065|0.000487115|0.00570991|0.000942087|0.00158689,0.0195223|0.0441673|0.00424874|0.0174502|0.0310056|0.0437873|0.0494539|0.0172433|0.0487221|0.025793|0.0071675|0.0273508|0.0259351|0.0342796|0.0130827|0.0161017|0.00922358|0.00461288,0.0242107|0.0122031|0.0418058|0.0349072|0.0233521|0.0147664|0.0473458|0.00451794|0.00196597|0.0261584|0.0405146|0.0409943|0.0272425|0.0019971|0.0139073|0.0285758|0.00472777|0.0271272,0.974039|0.954535|0.988633|0.921048|0.93521|0.940415|0.91007|0.947307|0.993755|0.987839|0.966963|0.948574|0.962744|0.975528|0.988146|0.926425|0.933061|0.971435,1.83843|4.29962|1.42119|2.04059|1.27982|6.02574|2.48794|0.993798|5.33688|3.89608|3.33226|2.98156|2.70493|1.77801|1.03722|0.335111|5.98339|2.66147,30.2686|65.1286|34.0839|86.2435|70.8805|27.3217|59.7094|46.2248|31.5608|18.7034|29.3504|37.0378|23.518|43.2583|81.3396|99.595|65.9961,0.160201|0.173408|0.249651|0.237058|0.21996|0.174647|0.233924|0.191997|0.249069|0.248201|0.166344|0.182534|0.229604|0.237801|0.194321|0.169867|0.209925,0.559595|0.625657|0.19649|0.793503|0.879118|0.427775|0.171162|0.347389|0.544124|0.327026|0.714949|0.771494|0.865506|0.352181|0.540423|0.512253|0.118233,0.960777,0.865614,0.120899,0.0868004,0.0443973,0.549768,0.260837,0.538285,0.285384,0.878897,35.8152,3.31207e-13,55109,0.839609,94.1996,1.03756e-13,22888,0.849295,0.839791,0.0338668,0.656048,0.327512,0.511502,0.267077,0.510256,0.20836,0.865791,24.3765,1.91574e-12,96785,0.911926,34.976,6.36299e-12,85196
3,131,n1->n11->n21->n31->n32->n42->n43->n44->n34->n24->n25->n15->n16->n6->n7->n8->n9->n10,1.01975e+11|3.14092e+10|3.32883e+12|1.05065e+13|5.57525e+13|7.74591e+09|5.27043e+13|3.78167e+10|3.86712e+12|1.19647e+09|4.7689e+13|3.53263e+12|1.88403e+10|6.20369e+09|1.59356e+10|3.02882e+10|4.88974e+12|1.19036e+12,5.38235e+10|3.50301e+09|3.98612e+11|2.87737e+12|1.17595e+13|5.89918e+09|2.73378e+13|5.09814e+09|3.17678e+12|1.92545e+08|2.99631e+13|2.01845e+12|9.99594e+09|1.6207e+09|4.18966e+09|6.71621e+09|7.24919e+11|2.86476e+11,0.000676514|1.12087e-05|0.000328127|0.000258516|0.000134157|2.62737e-05|1.37366e-05|0.000245243|0.000266546|4.21479e-05|0.000136619|0.000745688|0.000390472|0.000574029|2.6451e-05|0.000381371|7.10273e-05|1.19625e-05,0.00399416|0.000724525|0.00838815|0.000145507|0.000327171|0.000152147|0.00153702|0.000352937|0.000845769|0.000227203|0.000188414|0.00651336|0.000762836|0.000130191|0.000180791|0.00570991|0.000942087|0.00158689,0.0195223|0.0441673|0.00424874|0.0234983|0.0310056|0.0437873|0.0494539|0.0172433|0.0487221|0.00100722|0.0282036|0.0286763|0.0105597|0.0106337|0.0189999|0.0161017|0.00922358|0.00461288,0.0242107|0.0122031|0.0418058|0.00141098|0.0233521|0.0147664|0.0473458|0.00451794|0.00196597|0.00787238|0.00307975|0.0289577|0.00944802|0.0454173|0.0287911|0.0285758|0.00472777|0.0271272,0.974039|0.954535|0.988633|0.964211|0.93521|0.940415|0.91007|0.947307|0.993755|0.963279|0.940934|0.915893|0.981367|0.984551|0.934194|0.926425|0.933061|0.971435,1.83843|4.29962|1.42119|2.15959|1.27982|6.02574|2.48794|0.993798|5.33688|3.9558|2.45207|6.12587|3.20918|4.26912|3.83792|0.335111|5.98339|2.66147,30.2686|65.1286|89.2299|63.0993|70.8805|27.3217|59.7094|46.2248|58.7029|18.2346|54.7186|56.2706|50.0569|32.9383|55.4093|99.595|65.9961,0.160201|0.173408|0.184425|0.229355|0.21996|0.174647|0.233924|0.191997|0.197049|0.171758|0.218311|0.241506|0.186675|0.234586|0.163678|0.169867|0.209925,0.559595|0.625657|0.421838|0.385409|0.879118|0.427775|0.171162|0.347389|0.268944|0.457727|0.136449|0.350755|0.371607|0.312661|0.383219|0.512253|0.118233,0.960777,0.865614,0.120899,0.0868004,0.0443973,0.549768,0.260837,0.538285,0.285384,0.878897,35.8152,3.31207e-13,55109,0.839609,94.1996,1.03756e-13,22888,0.849295,0.839791,0.0338668,0.656048,0.327512,0.511502,0.267077,0.510256,0.20836,0.865791,24.3765,1.91574e-12,96785,0.911926,34.976,6.36299e-12,85196
3,132,n1->n2->n12->n11->n21->n22->n23->n24->n25->n15->n14->n4->n5->n6->n7->n8->n9->n10,1.01975e+11|2.19896e+12|2.01442e+09|3.14092e+10|3.32883e+12|4.20781e+11|1.30754e+09|1.19647e+09|4.7689e+13|3.53263e+12|1.55394e+12|2.41468e+10|1.71925e+10|6.20369e+09|1.59356e+10|3.02882e+10|4.88974e+12|1.19036e+12,5.38235e+10|7.99596e+11|2.86583e+08|3.50301e+09|3.98612e+11|3.56381e+11|1.86199e+08|1.92545e+08|2.99631e+13|2.01845e+12|5.08598e+11|2.58863e+09|1.24313e+10|1.6207e+09|4.18966e+09|6.71621e+09|7.24919e+11|2.86476e+11,0.000676514|0.000589285|4.59784e-05|1.12087e-05|0.000328127|0.00083263|0.000133247|4.21479e-05|0.000136619|0.000745688|0.000503586|0.00042822|3.93241e-05|0.000574029|2.6451e-05|0.000381371|7.10273e-05|1.19625e-05,0.00399416|0.00221248|0.0021887|0.000724525|0.00838815|0.000180204|0.00202386|0.000227203|0.000188414|0.00651336|0.000728986|0.000225383|0.00026326|0.000130191|0.000180791|0.00570991|0.000942087|0.00158689,0.0195223|0.0321365|0.0219518|0.0441673|0.00424874|0.0174502|0.0324456|0.00100722|0.0282036|0.0286763|0.0409863|0.00259026|0.0154625|0.0106337|0.0189999|0.0161017|0.00922358|0.00461288,0.0242107|0.00948841|0.0367098|0.0122031|0.0418058|0.0349072|0.038918|0.00787238|0.00307975|0.0289577|0.0399677|0.0377939|0.0101575|0.0454173|0.0287911|0.0285758|0.00472777|0.0271272,0.974039|0.910107|0.982422|0.954535|0.988633|0.921048|0.939452|0.963279|0.940934|0.915893|0.991379|0.933254|0.930177|0.984551|0.934194|0.926425|0.933061|0.971435,1.83843|6.06417|4.76499|4.29962|1.42119|2.04059|1.71839|3.9558|2.45207|6.12587|1.56401|2.44626|0.521104|4.26912|3.83792|0.335111|5.98339|2.66147,79.8117|88.6198|24.4191|65.1286|34.0839|55.8812|67.5745|18.2346|54.7186|92.5451|52.1141|81.7362|37.2729|32.9383|55.4093|99.595|65.9961,0.208125|0.215223|0.207518|0.173408|0.249651|0.203103|0.161697|0.171758|0.218311|0.174898|0.187731|0.181317|0.234823|0.234586|0.163678|0.169867|0.209925,0.112575|0.305593|0.400846|0.625657|0.19649|0.544519|0.50952|0.457727|0.136449|0.692675|0.911759|0.126849|0.434803|0.312661|0.383219|0.512253|0.118233,0.960777,0.865614,0.120899,0.0868004,0.0443973,0.549768,0.260837,0.538285,0.285384,0.878897,35.8152,3.31207e-13,55109,0.839609,94.1996,1.03756e-13,22888,0.849295,0.839791,0.0338668,0.656048,0.327512,0.511502,0.267077,0.510256,0.20836,0.865791,24.3765,1.91574e-12,96785,0.911926,34.976,6.36299e-12,85196
3,133,n1->n11->n21->n22->n23->n13->n12->n2->n3->n4->n14->n15->n16->n6->n7->n8->n9->n10,1.01975e+11|3.14092e+10|3.32883e+12|4.20781e+11|1.30754e+09|9.1461e+13|2.01442e+09|2.19896e+12|9.86942e+11|2.41468e+10|1.55394e+12|3.53263e+12|1.88403e+10|6.20369e+09|1.59356e+10|3.02882e+10|4.88974e+12|1.19036e+12,5.38235e+10|3.50301e+09|3.98612e+11|3.56381e+11|1.86199e+08|5.19514e+13|2.86583e+08|7.99596e+11|2.57025e+11|2.58863e+09|5.08598e+11|2.01845e+12|9.99594e+09|1.6207e+09|4.18966e+09|6.71621e+09|7.24919e+11|2.86476e+11,0.000676514|1.12087e-05|0.000328127|0.00083263|0.000133247|0.000506242|4.59784e-05|0.000589285|0.000150675|0.00042822|0.000503586|0.000745688|0.000390472|0.000574029|2.6451e-05|0.000381371|7.10273e-05|1.19625e-05,0.00399416|0.000724525|0.00838815|0.000180204|0.00202386|0.00462097|0.0021887|0.00221248|0.00013293|0.000225383|0.000728986|0.00651336|0.000762836|0.000130191|0.000180791|0.00570991|0.000942087|0.00158689,0.0195223|0.0441673|0.00424874|0.0174502|0.0324456|0.0365133|0.0219518|0.0321365|0.0411064|0.00259026|0.0409863|0.0286763|0.0105597|0.0106337|0.0189999|0.0161017|0.00922358|0.00461288,0.0242107|0.0122031|0.0418058|0.0349072|0.038918|0.0400901|0.0367098|0.00948841|0.0108323|0.0377939|0.0399677|0.0289577|0.00944802|0.0454173|0.0287911|0.0285758|0.00472777|0.0271272,0.974039|0.954535|0.988633|0.921048|0.939452|0.988795|0.982422|0.910107|0.976432|0.933254|0.991379|0.915893|0.981367|0.984551|0.934194|0.926425|0.933061|0.971435,1.83843|4.29962|1.42119|2.04059|1.71839|2.98582|4.76499|6.06417|3.3576|2.44626|1.56401|6.12587|3.20918|4.26912|3.83792|0.335111|5.98339|2.66147,30.2686|65.1286|34.0839|55.8812|51.9585|13.9548|88.6198|37.015|10.4739|52.1141|92.5451|56.2706|50.0569|32.9383|55.4093|99.595|65.9961,0.160201|0.173408|0.249651|0.203103|0.175743|0.164045|0.215223|0.187446|0.213299|0.187731|0.174898|0.241506|0.186675|0.234586|0.163678|0.169867|0.209925,0.559595|0.625657|0.19649|0.544519|0.236177|0.842052|0.305593|0.26228|0.441339|0.911759|0.692675|0.350755|0.371607|0.312661|0.383219|0.512253|0.118233,0.960777,0.865614,0.120899,0.0868004,0.0443973,0.549768,0.260837,0.538285,0.285384,0.878897,35.8152,3.31207e-13,55109,0.839609,94.1996,1.03756e-13,22888,0.849295,0.839791,0.0338668,0.656048,0.327512,0.511502,0.267077,0.510256,0.20836,0.865791,24.3765,1.91574e-12,96785,0.911926,34.976,6.36299e-12,85196
3,134,n1->n2->n12->n13->n23->n33->n43->n44->n34->n35->n36->n26->n27->n28->n29->n30->n20->n10,1.01975e+11|2.19896e+12|2.01442e+09|9.1461e+13|1.30754e+09|3.61083e+09|5.27043e+13|3.78167e+10|3.86712e+12|4.41215e+13|3.59186e+10|1.37743e+11|4.11784e+12|1.17142e+11|2.58702e+12|1.51823e+10|2.0429e+12|1.19036e+12,5.38235e+10|7.99596e+11|2.86583e+08|5.19514e+13|1.86199e+08|4.75867e+08|2.73378e+13|5.09814e+09|3.17678e+12|7.93273e+12|9.02372e+09|2.62358e+10|1.44429e+12|3.45855e+10|1.13638e+12|2.91503e+09|8.72759e+11|2.86476e+11,0.000676514|0.000589285|4.59784e-05|0.000506242|0.000133247|0.000995589|1.37366e-05|0.000245243|0.000266546|1.92715e-05|1.84923e-05|0.000235321|3.47922e-05|3.80731e-05|0.000201956|7.04749e-05|0.000758131|1.19625e-05,0.00399416|0.00221248|0.0021887|0.00462097|0.00202386|0.000667762|0.00153702|0.000352937|0.000845769|0.00212144|0.000242453|0.00480716|0.000452568|0.000758065|0.00164535|0.000359249|0.00836606|0.00158689,0.0195223|0.0321365|0.0219518|0.0365133|0.0324456|9.64854e-05|0.0494539|0.0172433|0.0487221|0.025793|0.0071675|0.0384258|0.0467803|0.0342796|0.0479551|0.0183372|0.0340342|0.00461288,0.0242107|0.00948841|0.0367098|0.0400901|0.038918|0.0476464|0.0473458|0.00451794|0.00196597|0.0261584|0.0405146|0.0313876|0.0312181|0.0019971|0.0254172|0.019548|0.0408908|0.0271272,0.974039|0.910107|0.982422|0.988795|0.939452|0.901898|0.91007|0.947307|0.993755|0.987839|0.966963|0.951143|0.945212|0.975528|0.96957|0.957367|0.97528|0.971435,1.83843|6.06417|4.76499|2.98582|1.71839|2.63005|2.48794|0.993798|5.33688|3.89608|3.33226|0.195308|3.90137|1.77801|4.43247|1.38161|3.08695|2.66147,79.8117|88.6198|13.9548|51.9585|76.7594|49.6282|59.7094|46.2248|31.5608|18.7034|63.8366|42.5138|15.3326|39.0733|83.4704|23.9015|29.3778,0.208125|0.215223|0.164045|0.175743|0.215627|0.16438|0.233924|0.191997|0.249069|0.248201|0.170284|0.238968|0.198809|0.16763|0.226001|0.207243|0.218806,0.112575|0.305593|0.842052|0.236177|0.514356|0.126669|0.171162|0.347389|0.544124|0.327026|0.370288|0.209813|0.368688|0.47242|0.602098|0.865388|0.694407,0.960777,0.865614,0.120899,0.0868004,0.0443973,0.549768,0.260837,0.538285,0.285384,0.878897,35.8152,3.31207e-13,55109,0.839609,94.1996,1.03756e-13,22888,0.849295,0.839791,0.0338668,0.656048,0.327512,0.511502,0.267077,0.510256,0.20836,0.865791,24.3765,1.91574e-12,96785,0.911926,34.976,6.36299e-12,85196
3,135,n1->n2->n12->n13->n23->n22->n32->n33->n34->n35->n25->n26->n27->n17->n7->n8->n9->n10,1.01975e+11|2.19896e+12|2.01442e+09|9.1461e+13|1.30754e+09|4.20781e+11|5.57525e+13|3.61083e+09|3.86712e+12|4.41215e+13|4.7689e+13|1.37743e+11|4.11784e+12|2.82283e+09|1.59356e+10|3.02882e+10|4.88974e+12|1.19036e+12,5.38235e+10|7.99596e+11|2.86583e+08|5.19514e+13|1.86199e+08|3.56381e+11|1.17595e+13|4.75867e+08|3.17678e+12|7.93273e+12|2.99631e+13|2.62358e+10|1.44429e+12|1.47131e+09|4.18966e+09|6.71621e+09|7.24919e+11|2.86476e+11,0.000676514|0.000589285|4.59784e-05|0.000506242|0.000133247|0.00083263|0.000134157|0.000995589|0.000266546|1.92715e-05|0.000136619|0.000235321|3.47922e-05|3.16477e-05|2.6451e-05|0.000381371|7.10273e-05|1.19625e-05,0.00399416|0.00221248|0.0021887|0.00462097|0.00202386|0.000180204|0.000327171|0.000667762|0.000845769|0.00212144|0.000188414|0.00480716|0.000452568|0.00565965|0.000180791|0.00570991|0.000942087|0.00158689,0.0195223|0.0321365|0.0219518|0.0365133|0.0324456|0.0174502|0.0310056|9.64854e-05|0.0487221|0.025793|0.0282036|0.0384258|0.0467803|0.0154786|0.0189999|0.0161017|0.00922358|0.00461288,0.0242107|0.00948841|0.0367098|0.0400901|0.038918|0.0349072|0.0233521|0.0476464|0.00196597|0.0261584|0.00307975|0.0313876|0.0312181|0.0100135|0.0287911|0.0285758|0.00472777|0.0271272,0.974039|0.910107|0.982422|0.988795|0.939452|0.921048|0.93521|0.901898|0.993755|0.987839|0.940934|0.951143|0.945212|0.908062|0.934194|0.926425|0.933061|0.971435,1.83843|6.06417|4.76499|2.98582|1.71839|2.04059|1.27982|2.63005|5.33688|3.89608|2.45207|0.195308|3.90137|3.21404|3.83792|0.335111|5.98339|2.66147,79.8117|88.6198|13.9548|51.9585|55.8812|86.2435|67.4197|23.5709|31.5608|88.4205|55.6995|42.5138|72.2829|59.8148|55.4093|99.595|65.9961,0.208125|0.215223|0.164045|0.175743|0.203103|0.237058|0.205284|0.172729|0.249069|0.213009|0.228068|0.238968|0.201328|0.239012|0.163678|0.169867|0.209925,0.112575|0.305593|0.842052|0.236177|0.544519|0.793503|0.18105|0.429495|0.544124|0.564157|0.389261|0.209813|0.672327|0.920789|0.383219|0.512253|0.118233,0.960777,0.865614,0.120899,0.0868004,0.0443973,0.549768,0.260837,0.538285,0.285384,0.878897,35.8152,3.31207e-13,55109,0.839609,94.1996,1.03756e-13,22888,0.849295,0.839791,0.0338668,0.656048,0.327512,0.511502,0.267077,0.510256,0.20836,0.865791,24.3765,1.91574e-12,96785,0.911926,34.976,6.36299e-12,85196
3,136,n1->n2->n3->n13->n12->n22->n23->n33->n34->n35->n36->n26->n16->n6->n7->n8->n9->n10,1.01975e+11|2.19896e+12|9.86942e+11|9.1461e+13|2.01442e+09|4.20781e+11|1.30754e+09|3.61083e+09|3.86712e+12|4.41215e+13|3.59186e+10|1.37743e+11|1.88403e+10|6.20369e+09|1.59356e+10|3.02882e+10|4.88974e+12|1.19036e+12,5.38235e+10|7.99596e+11|2.57025e+11|5.19514e+13|2.86583e+08|3.56381e+11|1.86199e+08|4.75867e+08|3.17678e+12|7.93273e+12|9.02372e+09|2.62358e+10|9.99594e+09|1.6207e+09|4.18966e+09|6.71621e+09|7.24919e+11|2.86476e+11,0.000676514|0.000589285|0.000150675|0.000506242|4.59784e-05|0.00083263|0.000133247|0.000995589|0.000266546|1.92715e-05|1.84923e-05|0.000235321|0.000390472|0.000574029|2.6451e-05|0.000381371|7.10273e-05|1.19625e-05,0.00399416|0.00221248|0.00013293|0.00462097|0.0021887|0.000180204|0.00202386|0.000667762|0.000845769|0.00212144|0.000242453|0.00480716|0.000762836|0.000130191|0.000180791|0.00570991|0.000942087|0.00158689,0.0195223|0.0321365|0.0411064|0.0365133|0.0219518|0.0174502|0.0324456|9.64854e-05|0.0487221|0.025793|0.0071675|0.0384258|0.0105597|0.0106337|0.0189999|0.0161017|0.00922358|0.00461288,0.0242107|0.00948841|0.0108323|0.0400901|0.0367098|0.0349072|0.038918|0.0476464|0.00196597|0.0261584|0.0405146|0.0313876|0.00944802|0.0454173|0.0287911|0.0285758|0.00472777|0.0271272,0.974039|0.910107|0.976432|0.988795|0.982422|0.921048|0.939452|0.901898|0.993755|0.987839|0.966963|0.951143|0.981367|0.984551|0.934194|0.926425|0.933061|0.971435,1.83843|6.06417|3.3576|2.98582|4.76499|2.04059|1.71839|2.63005|5.33688|3.89608|3.33226|0.195308|3.20918|4.26912|3.83792|0.335111|5.98339|2.66147,79.8117|37.015|83.9106|13.9548|13.2112|55.8812|76.7594|23.5709|31.5608|18.7034|63.8366|11.0615|50.0569|32.9383|55.4093|99.595|65.9961,0.208125|0.187446|0.176807|0.164045|0.197882|0.203103|0.215627|0.172729|0.249069|0.248201|0.170284|0.208269|0.186675|0.234586|0.163678|0.169867|0.209925,0.112575|0.26228|0.224294|0.842052|0.473279|0.544519|0.514356|0.429495|0.544124|0.327026|0.370288|0.314052|0.371607|0.312661|0.383219|0.512253|0.118233,0.960777,0.865614,0.120899,0.0868004,0.0443973,0.549768,0.260837,0.538285,0.285384,0.878897,35.8152,3.31207e-13,55109,0.839609,94.1996,1.03756e-13,22888,0.849295,0.839791,0.0338668,0.656048,0.327512,0.511502,0.267077,0.510256,0.20836,0.865791,24.3765,1.91574e-12,96785,0.911926,34.976,6.36299e-12,85196
3,137,n1->n11->n21->n22->n12->n13->n23->n24->n34->n35->n36->n37->n27->n28->n29->n30->n20->n10,1.01975e+11|3.14092e+10|3.32883e+12|4.20781e+11|2.01442e+09|9.1461e+13|1.30754e+09|1.19647e+09|3.86712e+12|4.41215e+13|3.59186e+10|7.44456e+10|4.11784e+12|1.17142e+11|2.58702e+12|1.51823e+10|2.0429e+12|1.19036e+12,5.38235e+10|3.50301e+09|3.98612e+11|3.56381e+11|2.86583e+08|5.19514e+13|1.86199e+08|1.92545e+08|3.17678e+12|7.93273e+12|9.02372e+09|3.47003e+10|1.44429e+12|3.45855e+10|1.13638e+12|2.91503e+09|8.72759e+11|2.86476e+11,0.000676514|1.12087e-05|0.000328127|0.00083263|4.59784e-05|0.000506242|0.000133247|4.21479e-05|0.000266546|1.92715e-05|1.84923e-05|0.000422484|3.47922e-05|3.80731e-05|0.000201956|7.04749e-05|0.000758131|1.19625e-05,0.00399416|0.000724525|0.00838815|0.000180204|0.0021887|0.00462097|0.00202386|0.000227203|0.000845769|0.00212144|0.000242453|0.00578717|0.000452568|0.000758065|0.00164535|0.000359249|0.00836606|0.00158689,0.0195223|0.0441673|0.00424874|0.0174502|0.0219518|0.0365133|0.0324456|0.00100722|0.0487221|0.025793|0.0071675|0.0273508|0.0467803|0.0342796|0.0479551|0.0183372|0.0340342|0.00461288,0.0242107|0.0122031|0.0418058|0.0349072|0.0367098|0.0400901|0.038918|0.00787238|0.00196597|0.0261584|0.0405146|0.0409943|0.0312181|0.0019971|0.0254172|0.019548|0.0408908|0.0271272,0.974039|0.954535|0.988633|0.921048|0.982422|0.988795|0.939452|0.963279|0.993755|0.987839|0.966963|0.948574|0.945212|0.975528|0.96957|0.957367|0.97528|0.971435,1.83843|4.29962|1.42119|2.04059|4.76499|2.98582|1.71839|3.9558|5.33688|3.89608|3.33226|2.98156|3.90137|1.77801|4.43247|1.38161|3.08695|2.66147,30.2686|65.1286|34.0839|13.2112|13.9548|51.9585|67.5745|58.7029|31.5608|18.7034|29.3504|44.8869|15.3326|39.0733|83.4704|23.9015|29.3778,0.160201|0.173408|0.249651|0.197882|0.164045|0.175743|0.161697|0.197049|0.249069|0.248201|0.166344|0.228687|0.198809|0.16763|0.226001|0.207243|0.218806,0.559595|0.625657|0.19649|0.473279|0.842052|0.236177|0.50952|0.268944|0.544124|0.327026|0.714949|0.320739|0.368688|0.47242|0.602098|0.865388|0.694407,0.960777,0.865614,0.120899,0.0868004,0.0443973,0.549768,0.260837,0.538285,0.285384,0.878897,35.8152,3.31207e-13,55109,0.839609,94.1996,1.03756e-13,22888,0.849295,0.839791,0.0338668,0.656048,0.327512,0.511502,0.267077,0.510256,0.20836,0.865791,24.3765,1.91574e-12,96785,0.911926,34.976,6.36299e-12,85196
3,138,n1->n2->n12->n13->n3->n4->n14->n15->n25->n26->n27->n17->n16->n6->n7->n8->n9->n10,1.01975e+11|2.19896e+12|2.01442e+09|9.1461e+13|9.86942e+11|2.41468e+10|1.55394e+12|3.53263e+12|4.7689e+13|1.37743e+11|4.11784e+12|2.82283e+09|1.88403e+10|6.20369e+09|1.59356e+10|3.02882e+10|4.88974e+12|1.19036e+12,5.38235e+10|7.99596e+11|2.86583e+08|5.19514e+13|2.57025e+11|2.58863e+09|5.08598e+11|2.01845e+12|2.99631e+13|2.62358e+10|1.44429e+12|1.47131e+09|9.99594e+09|1.6207e+09|4.18966e+09|6.71621e+09|7.24919e+11|2.86476e+11,0.000676514|0.000589285|4.59784e-05|0.000506242|0.000150675|0.00042822|0.000503586|0.000745688|0.000136619|0.000235321|3.47922e-05|3.16477e-05|0.000390472|0.000574029|2.6451e-05|0.000381371|7.10273e-05|1.19625e-05,0.00399416|0.00221248|0.0021887|0.00462097|0.00013293|0.000225383|0.000728986|0.00651336|0.000188414|0.00480716|0.000452568|0.00565965|0.000762836|0.000130191|0.000180791|0.00570991|0.000942087|0.00158689,0.0195223|0.0321365|0.0219518|0.0365133|0.0411064|0.00259026|0.0409863|0.0286763|0.0282036|0.0384258|0.0467803|0.0154786|0.0105597|0.0106337|0.0189999|0.0161017|0.00922358|0.00461288,0.0242107|0.00948841|0.0367098|0.0400901|0.0108323|0.0377939|0.0399677|0.0289577|0.00307975|0.0313876|0.0312181|0.0100135|0.00944802|0.0454173|0.0287911|0.0285758|0.00472777|0.0271272,0.974039|0.910107|0.982422|0.988795|0.976432|0.933254|0.991379|0.915893|0.940934|0.951143|0.945212|0.908062|0.981367|0.984551|0.934194|0.926425|0.933061|0.971435,1.83843|6.06417|4.76499|2.98582|3.3576|2.44626|1.56401|6.12587|2.45207|0.195308|3.90137|3.21404|3.20918|4.26912|3.83792|0.335111|5.98339|2.66147,79.8117|88.6198|13.9548|83.9106|10.4739|52.1141|92.5451|54.7186|55.6995|42.5138|72.2829|32.2763|50.0569|32.9383|55.4093|99.595|65.9961,0.208125|0.215223|0.164045|0.176807|0.213299|0.187731|0.174898|0.218311|0.228068|0.238968|0.201328|0.204609|0.186675|0.234586|0.163678|0.169867|0.209925,0.112575|0.305593|0.842052|0.224294|0.441339|0.911759|0.692675|0.136449|0.389261|0.209813|0.672327|0.689113|0.371607|0.312661|0.383219|0.512253|0.118233,0.960777,0.865614,0.120899,0.0868004,0.0443973,0.549768,0.260837,0.538285,0.285384,0.878897,35.8152,3.31207e-13,55109,0.839609,94.1996,1.03756e-13,22888,0.849295,0.839791,0.0338668,0.656048,0.327512,0.511502,0.267077,0.510256,0.20836,0.865791,24.3765,1.91574e-12,96785,0.911926,34.976,6.36299e-12,85196
3,139,n1->n11->n12->n22->n32->n42->n43->n44->n34->n35->n25->n26->n27->n28->n18->n19->n20->n10,1.01975e+11|3.14092e+10|2.01442e+09|4.20781e+11|5.57525e+13|7.74591e+09|5.27043e+13|3.78167e+10|3.86712e+12|4.41215e+13|4.7689e+13|1.37743e+11|4.11784e+12|1.17142e+11|1.79344e+11|8.72734e+13|2.0429e+12|1.19036e+12,5.38235e+10|3.50301e+09|2.86583e+08|3.56381e+11|1.17595e+13|5.89918e+09|2.73378e+13|5.09814e+09|3.17678e+12|7.93273e+12|2.99631e+13|2.62358e+10|1.44429e+12|3.45855e+10|1.01158e+11|1.85268e+13|8.72759e+11|2.86476e+11,0.000676514|1.12087e-05|4.59784e-05|0.00083263|0.000134157|2.62737e-05|1.37366e-05|0.000245243|0.000266546|1.92715e-05|0.000136619|0.000235321|3.47922e-05|3.80731e-05|8.49582e-05|1.50238e-05|0.000758131|1.19625e-05,0.00399416|0.000724525|0.0021887|0.000180204|0.000327171|0.000152147|0.00153702|0.000352937|0.000845769|0.00212144|0.000188414|0.00480716|0.000452568|0.000758065|0.000487115|0.000314326|0.00836606|0.00158689,0.0195223|0.0441673|0.0219518|0.0174502|0.0310056|0.0437873|0.0494539|0.0172433|0.0487221|0.025793|0.0282036|0.0384258|0.0467803|0.0342796|0.0130827|0.00292072|0.0340342|0.00461288,0.0242107|0.0122031|0.0367098|0.0349072|0.0233521|0.0147664|0.0473458|0.00451794|0.00196597|0.0261584|0.00307975|0.0313876|0.0312181|0.0019971|0.0139073|0.0395015|0.0408908|0.0271272,0.974039|0.954535|0.982422|0.921048|0.93521|0.940415|0.91007|0.947307|0.993755|0.987839|0.940934|0.951143|0.945212|0.975528|0.988146|0.948693|0.97528|0.971435,1.83843|4.29962|4.76499|2.04059|1.27982|6.02574|2.48794|0.993798|5.33688|3.89608|2.45207|0.195308|3.90137|1.77801|1.03722|2.11735|3.08695|2.66147,30.2686|24.4191|13.2112|86.2435|70.8805|27.3217|59.7094|46.2248|31.5608|88.4205|55.6995|42.5138|15.3326|43.2583|28.0546|10.3361|29.3778,0.160201|0.207518|0.197882|0.237058|0.21996|0.174647|0.233924|0.191997|0.249069|0.213009|0.228068|0.238968|0.198809|0.237801|0.231137|0.229825|0.218806,0.559595|0.400846|0.473279|0.793503|0.879118|0.427775|0.171162|0.347389|0.544124|0.564157|0.389261|0.209813|0.368688|0.352181|0.31734|0.200889|0.694407,0.960777,0.865614,0.120899,0.0868004,0.0443973,0.549768,0.260837,0.538285,0.285384,0.878897,35.8152,3.31207e-13,55109,0.839609,94.1996,1.03756e-13,22888,0.849295,0.839791,0.0338668,0.656048,0.327512,0.511502,0.267077,0.510256,0.20836,0.865791,24.3765,1.91574e-12,96785,0.911926,34.976,6.36299e-12,85196
3,140,n1->n11->n21->n31->n41->n42->n43->n44->n45->n35->n25->n15->n16->n17->n7->n8->n9->n10,1.01975e+11|3.14092e+10|3.32883e+12|1.05065e+13|5.16941e+10|7.74591e+09|5.27043e+13|3.78167e+10|1.44695e+11|4.41215e+13|4.7689e+13|3.53263e+12|1.88403e+10|2.82283e+09|1.59356e+10|3.02882e+10|4.88974e+12|1.19036e+12,5.38235e+10|3.50301e+09|3.98612e+11|2.87737e+12|2.30432e+10|5.89918e+09|2.73378e+13|5.09814e+09|2.01277e+10|7.93273e+12|2.99631e+13|2.01845e+12|9.99594e+09|1.47131e+09|4.18966e+09|6.71621e+09|7.24919e+11|2.86476e+11,0.000676514|1.12087e-05|0.000328127|0.000258516|9.89451e-05|2.62737e-05|1.37366e-05|0.000245243|0.000808537|1.92715e-05|0.000136619|0.000745688|0.000390472|3.16477e-05|2.6451e-05|0.000381371|7.10273e-05|1.19625e-05,0.00399416|0.000724525|0.00838815|0.000145507|0.000153616|0.000152147|0.00153702|0.000352937|0.000194969|0.00212144|0.000188414|0.00651336|0.000762836|0.00565965|0.000180791|0.00570991|0.000942087|0.00158689,0.0195223|0.0441673|0.00424874|0.0234983|0.00365206|0.0437873|0.0494539|0.0172433|0.0260944|0.025793|0.0282036|0.0286763|0.0105597|0.0154786|0.0189999|0.0161017|0.00922358|0.00461288,0.0242107|0.0122031|0.0418058|0.00141098|0.00928288|0.0147664|0.0473458|0.00451794|0.00984899|0.0261584|0.00307975|0.0289577|0.00944802|0.0100135|0.0287911|0.0285758|0.00472777|0.0271272,0.974039|0.954535|0.988633|0.964211|0.918134|0.940415|0.91007|0.947307|0.907254|0.987839|0.940934|0.915893|0.981367|0.908062|0.934194|0.926425|0.933061|0.971435,1.83843|4.29962|1.42119|2.15959|3.82207|6.02574|2.48794|0.993798|1.27114|3.89608|2.45207|6.12587|3.20918|3.21404|3.83792|0.335111|5.98339|2.66147,30.2686|65.1286|89.2299|64.4551|61.2747|27.3217|59.7094|89.5651|97.1045|88.4205|54.7186|56.2706|32.2763|59.8148|55.4093|99.595|65.9961,0.160201|0.173408|0.184425|0.218858|0.209839|0.174647|0.233924|0.221011|0.225314|0.213009|0.218311|0.241506|0.204609|0.239012|0.163678|0.169867|0.209925,0.559595|0.625657|0.421838|0.533332|0.61829|0.427775|0.171162|0.811541|0.355382|0.564157|0.136449|0.350755|0.689113|0.920789|0.383219|0.512253|0.118233,0.960777,0.865614,0.120899,0.0868004,0.0443973,0.549768,0.260837,0.538285,0.285384,0.878897,35.8152,3.31207e-13,55109,0.839609,94.1996,1.03756e-13,22888,0.849295,0.839791,0.0338668,0.656048,0.327512,0.511502,0.267077,0.510256,0.20836,0.865791,24.3765,1.91574e-12,96785,0.911926,34.976,6.36299e-12,85196
3,141,n1->n2->n12->n13->n3->n4->n5->n15->n14->n24->n25->n26->n16->n17->n7->n8->n9->n10,1.01975e+11|2.19896e+12|2.01442e+09|9.1461e+13|9.86942e+11|2.41468e+10|1.71925e+10|3.53263e+12|1.55394e+12|1.19647e+09|4.7689e+13|1.37743e+11|1.88403e+10|2.82283e+09|1.59356e+10|3.02882e+10|4.88974e+12|1.19036e+12,5.38235e+10|7.99596e+11|2.86583e+08|5.19514e+13|2.57025e+11|2.58863e+09|1.24313e+10|2.01845e+12|5.08598e+11|1.92545e+08|2.99631e+13|2.62358e+10|9.99594e+09|1.47131e+09|4.18966e+09|6.71621e+09|7.24919e+11|2.86476e+11,0.000676514|0.000589285|4.59784e-05|0.000506242|0.000150675|0.00042822|3.93241e-05|0.000745688|0.000503586|4.21479e-05|0.000136619|0.000235321|0.000390472|3.16477e-05|2.6451e-05|0.000381371|7.10273e-05|1.19625e-05,0.00399416|0.00221248|0.0021887|0.00462097|0.00013293|0.000225383|0.00026326|0.00651336|0.000728986|0.000227203|0.000188414|0.00480716|0.000762836|0.00565965|0.000180791|0.00570991|0.000942087|0.00158689,0.0195223|0.0321365|0.0219518|0.0365133|0.0411064|0.00259026|0.0154625|0.0286763|0.0409863|0.00100722|0.0282036|0.0384258|0.0105597|0.0154786|0.0189999|0.0161017|0.00922358|0.00461288,0.0242107|0.00948841|0.0367098|0.0400901|0.0108323|0.0377939|0.0101575|0.0289577|0.0399677|0.00787238|0.00307975|0.0313876|0.00944802|0.0100135|0.0287911|0.0285758|0.00472777|0.0271272,0.974039|0.910107|0.982422|0.988795|0.976432|0.933254|0.930177|0.915893|0.991379|0.963279|0.940934|0.951143|0.981367|0.908062|0.934194|0.926425|0.933061|0.971435,1.83843|6.06417|4.76499|2.98582|3.3576|2.44626|0.521104|6.12587|1.56401|3.9558|2.45207|0.195308|3.20918|3.21404|3.83792|0.335111|5.98339|2.66147,79.8117|88.6198|13.9548|83.9106|10.4739|81.7362|35.0583|92.5451|66.6304|18.2346|55.6995|11.0615|32.2763|59.8148|55.4093|99.595|65.9961,0.208125|0.215223|0.164045|0.176807|0.213299|0.181317|0.211825|0.174898|0.249271|0.171758|0.228068|0.208269|0.204609|0.239012|0.163678|0.169867|0.209925,0.112575|0.305593|0.842052|0.224294|0.441339|0.126849|0.610625|0.692675|0.311928|0.457727|0.389261|0.314052|0.689113|0.920789|0.383219|0.512253|0.118233,0.960777,0.865614,0.120899,0.0868004,0.0443973,0.549768,0.260837,0.538285,0.285384,0.878897,35.8152,3.31207e-13,55109,0.839609,94.1996,1.03756e-13,22888,0.849295,0.839791,0.0338668,0.656048,0.327512,0.511502,0.267077,0.510256,0.20836,0.865791,24.3765,1.91574e-12,96785,0.911926,34.976,6.36299e-12,85196
3,142,n1->n11->n12->n2->n3->n13->n23->n33->n34->n35->n36->n37->n38->n28->n29->n19->n20->n10,1.01975e+11|3.14092e+10|2.01442e+09|2.19896e+12|9.86942e+11|9.1461e+13|1.30754e+09|3.61083e+09|3.86712e+12|4.41215e+13|3.59186e+10|7.44456e+10|2.12402e+13|1.17142e+11|2.58702e+12|8.72734e+13|2.0429e+12|1.19036e+12,5.38235e+10|3.50301e+09|2.86583e+08|7.99596e+11|2.57025e+11|5.19514e+13|1.86199e+08|4.75867e+08|3.17678e+12|7.93273e+12|9.02372e+09|3.47003e+10|5.17051e+12|3.45855e+10|1.13638e+12|1.85268e+13|8.72759e+11|2.86476e+11,0.000676514|1.12087e-05|4.59784e-05|0.000589285|0.000150675|0.000506242|0.000133247|0.000995589|0.000266546|1.92715e-05|1.84923e-05|0.000422484|6.19192e-05|3.80731e-05|0.000201956|1.50238e-05|0.000758131|1.19625e-05,0.00399416|0.000724525|0.0021887|0.00221248|0.00013293|0.00462097|0.00202386|0.000667762|0.000845769|0.00212144|0.000242453|0.00578717|0.000407214|0.000758065|0.00164535|0.000314326|0.00836606|0.00158689,0.0195223|0.0441673|0.0219518|0.0321365|0.0411064|0.0365133|0.0324456|9.64854e-05|0.0487221|0.025793|0.0071675|0.0273508|0.0259351|0.0342796|0.0479551|0.00292072|0.0340342|0.00461288,0.0242107|0.0122031|0.0367098|0.00948841|0.0108323|0.0400901|0.038918|0.0476464|0.00196597|0.0261584|0.0405146|0.0409943|0.0272425|0.0019971|0.0254172|0.0395015|0.0408908|0.0271272,0.974039|0.954535|0.982422|0.910107|0.976432|0.988795|0.939452|0.901898|0.993755|0.987839|0.966963|0.948574|0.962744|0.975528|0.96957|0.948693|0.97528|0.971435,1.83843|4.29962|4.76499|6.06417|3.3576|2.98582|1.71839|2.63005|5.33688|3.89608|3.33226|2.98156|2.70493|1.77801|4.43247|2.11735|3.08695|2.66147,30.2686|24.4191|88.6198|37.015|83.9106|51.9585|76.7594|23.5709|31.5608|18.7034|29.3504|37.0378|23.518|39.0733|84.7043|10.3361|29.3778,0.160201|0.207518|0.215223|0.187446|0.176807|0.175743|0.215627|0.172729|0.249069|0.248201|0.166344|0.182534|0.229604|0.16763|0.185955|0.229825|0.218806,0.559595|0.400846|0.305593|0.26228|0.224294|0.236177|0.514356|0.429495|0.544124|0.327026|0.714949|0.771494|0.865506|0.47242|0.580258|0.200889|0.694407,0.960777,0.865614,0.120899,0.0868004,0.0443973,0.549768,0.260837,0.538285,0.285384,0.878897,35.8152,3.31207e-13,55109,0.839609,94.1996,1.03756e-13,22888,0.849295,0.839791,0.0338668,0.656048,0.327512,0.511502,0.267077,0.510256,0.20836,0.865791,24.3765,1.91574e-12,96785,0.911926,34.976,6.36299e-12,85196
3,143,n1->n2->n12->n13->n14->n24->n25->n26->n27->n37->n47->n48->n38->n28->n18->n19->n9->n10,1.01975e+11|2.19896e+12|2.01442e+09|9.1461e+13|1.55394e+12|1.19647e+09|4.7689e+13|1.37743e+11|4.11784e+12|7.44456e+10|7.2509e+10|2.53164e+09|2.12402e+13|1.17142e+11|1.79344e+11|8.72734e+13|4.88974e+12|1.19036e+12,5.38235e+10|7.99596e+11|2.86583e+08|5.19514e+13|5.08598e+11|1.92545e+08|2.99631e+13|2.62358e+10|1.44429e+12|3.47003e+10|8.55514e+09|5.33305e+08|5.17051e+12|3.45855e+10|1.01158e+11|1.85268e+13|7.24919e+11|2.86476e+11,0.000676514|0.000589285|4.59784e-05|0.000506242|0.000503586|4.21479e-05|0.000136619|0.000235321|3.47922e-05|0.000422484|2.75589e-05|2.98833e-05|6.19192e-05|3.80731e-05|8.49582e-05|1.50238e-05|7.10273e-05|1.19625e-05,0.00399416|0.00221248|0.0021887|0.00462097|0.000728986|0.000227203|0.000188414|0.00480716|0.000452568|0.00578717|0.000858037|0.000106722|0.000407214|0.000758065|0.000487115|0.000314326|0.000942087|0.00158689,0.0195223|0.0321365|0.0219518|0.0365133|0.0409863|0.00100722|0.0282036|0.0384258|0.0467803|0.0273508|0.0495221|0.00476168|0.0259351|0.0342796|0.0130827|0.00292072|0.00922358|0.00461288,0.0242107|0.00948841|0.0367098|0.0400901|0.0399677|0.00787238|0.00307975|0.0313876|0.0312181|0.0409943|0.0498133|0.0226596|0.0272425|0.0019971|0.0139073|0.0395015|0.00472777|0.0271272,0.974039|0.910107|0.982422|0.988795|0.991379|0.963279|0.940934|0.951143|0.945212|0.948574|0.993064|0.932268|0.962744|0.975528|0.988146|0.948693|0.933061|0.971435,1.83843|6.06417|4.76499|2.98582|1.56401|3.9558|2.45207|0.195308|3.90137|2.98156|2.65833|1.1332|2.70493|1.77801|1.03722|2.11735|5.98339|2.66147,79.8117|88.6198|13.9548|56.34|66.6304|18.2346|55.6995|42.5138|44.8869|88.6669|13.4252|21.8454|23.518|43.2583|28.0546|99.0064|65.9961,0.208125|0.215223|0.164045|0.189445|0.249271|0.171758|0.228068|0.238968|0.228687|0.229278|0.225684|0.249113|0.229604|0.237801|0.231137|0.235802|0.209925,0.112575|0.305593|0.842052|0.972418|0.311928|0.457727|0.389261|0.209813|0.320739|0.751697|0.28245|0.318363|0.865506|0.352181|0.31734|0.976298|0.118233,0.960777,0.865614,0.120899,0.0868004,0.0443973,0.549768,0.260837,0.538285,0.285384,0.878897,35.8152,3.31207e-13,55109,0.839609,94.1996,1.03756e-13,22888,0.849295,0.839791,0.0338668,0.656048,0.327512,0.511502,0.267077,0.510256,0.20836,0.865791,24.3765,1.91574e-12,96785,0.911926,34.976,6.36299e-12,85196
3,144,n1->n11->n21->n22->n12->n13->n3->n4->n14->n24->n25->n26->n27->n17->n7->n8->n9->n10,1.01975e+11|3.14092e+10|3.32883e+12|4.20781e+11|2.01442e+09|9.1461e+13|9.86942e+11|2.41468e+10|1.55394e+12|1.19647e+09|4.7689e+13|1.37743e+11|4.11784e+12|2.82283e+09|1.59356e+10|3.02882e+10|4.88974e+12|1.19036e+12,5.38235e+10|3.50301e+09|3.98612e+11|3.56381e+11|2.86583e+08|5.19514e+13|2.57025e+11|2.58863e+09|5.08598e+11|1.92545e+08|2.99631e+13|2.62358e+10|1.44429e+12|1.47131e+09|4.18966e+09|6.71621e+09|7.24919e+11|2.86476e+11,0.000676514|1.12087e-05|0.000328127|0.00083263|4.59784e-05|0.000506242|0.000150675|0.00042822|0.000503586|4.21479e-05|0.000136619|0.000235321|3.47922e-05|3.16477e-05|2.6451e-05|0.000381371|7.10273e-05|1.19625e-05,0.00399416|0.000724525|0.00838815|0.000180204|0.0021887|0.00462097|0.00013293|0.000225383|0.000728986|0.000227203|0.000188414|0.00480716|0.000452568|0.00565965|0.000180791|0.00570991|0.000942087|0.00158689,0.0195223|0.0441673|0.00424874|0.0174502|0.0219518|0.0365133|0.0411064|0.00259026|0.0409863|0.00100722|0.0282036|0.0384258|0.0467803|0.0154786|0.0189999|0.0161017|0.00922358|0.00461288,0.0242107|0.0122031|0.0418058|0.0349072|0.0367098|0.0400901|0.0108323|0.0377939|0.0399677|0.00787238|0.00307975|0.0313876|0.0312181|0.0100135|0.0287911|0.0285758|0.00472777|0.0271272,0.974039|0.954535|0.988633|0.921048|0.982422|0.988795|0.976432|0.933254|0.991379|0.963279|0.940934|0.951143|0.945212|0.908062|0.934194|0.926425|0.933061|0.971435,1.83843|4.29962|1.42119|2.04059|4.76499|2.98582|3.3576|2.44626|1.56401|3.9558|2.45207|0.195308|3.90137|3.21404|3.83792|0.335111|5.98339|2.66147,30.2686|65.1286|34.0839|13.2112|13.9548|83.9106|10.4739|52.1141|66.6304|18.2346|55.6995|42.5138|72.2829|59.8148|55.4093|99.595|65.9961,0.160201|0.173408|0.249651|0.197882|0.164045|0.176807|0.213299|0.187731|0.249271|0.171758|0.228068|0.238968|0.201328|0.239012|0.163678|0.169867|0.209925,0.559595|0.625657|0.19649|0.473279|0.842052|0.224294|0.441339|0.911759|0.311928|0.457727|0.389261|0.209813|0.672327|0.920789|0.383219|0.512253|0.118233,0.960777,0.865614,0.120899,0.0868004,0.0443973,0.549768,0.260837,0.538285,0.285384,0.878897,35.8152,3.31207e-13,55109,0.839609,94.1996,1.03756e-13,22888,0.849295,0.839791,0.0338668,0.656048,0.327512,0.511502,0.267077,0.510256,0.20836,0.865791,24.3765,1.91574e-12,96785,0.911926,34.976,6.36299e-12,85196
3,145,n1->n2->n12->n13->n3->n4->n5->n15->n14->n24->n25->n26->n27->n28->n18->n8->n9->n10,1.01975e+11|2.19896e+12|2.01442e+09|9.1461e+13|9.86942e+11|2.41468e+10|1.71925e+10|3.53263e+12|1.55394e+12|1.19647e+09|4.7689e+13|1.37743e+11|4.11784e+12|1.17142e+11|1.79344e+11|3.02882e+10|4.88974e+12|1.19036e+12,5.38235e+10|7.99596e+11|2.86583e+08|5.19514e+13|2.57025e+11|2.58863e+09|1.24313e+10|2.01845e+12|5.08598e+11|1.92545e+08|2.99631e+13|2.62358e+10|1.44429e+12|3.45855e+10|1.01158e+11|6.71621e+09|7.24919e+11|2.86476e+11,0.000676514|0.000589285|4.59784e-05|0.000506242|0.000150675|0.00042822|3.93241e-05|0.000745688|0.000503586|4.21479e-05|0.000136619|0.000235321|3.47922e-05|3.80731e-05|8.49582e-05|0.000381371|7.10273e-05|1.19625e-05,0.00399416|0.00221248|0.0021887|0.00462097|0.00013293|0.000225383|0.00026326|0.00651336|0.000728986|0.000227203|0.000188414|0.00480716|0.000452568|0.000758065|0.000487115|0.00570991|0.000942087|0.00158689,0.0195223|0.0321365|0.0219518|0.0365133|0.0411064|0.00259026|0.0154625|0.0286763|0.0409863|0.00100722|0.0282036|0.0384258|0.0467803|0.0342796|0.0130827|0.0161017|0.00922358|0.00461288,0.0242107|0.00948841|0.0367098|0.0400901|0.0108323|0.0377939|0.0101575|0.0289577|0.0399677|0.00787238|0.00307975|0.0313876|0.0312181|0.0019971|0.0139073|0.0285758|0.00472777|0.0271272,0.974039|0.910107|0.982422|0.988795|0.976432|0.933254|0.930177|0.915893|0.991379|0.963279|0.940934|0.951143|0.945212|0.975528|0.988146|0.926425|0.933061|0.971435,1.83843|6.06417|4.76499|2.98582|3.3576|2.44626|0.521104|6.12587|1.56401|3.9558|2.45207|0.195308|3.90137|1.77801|1.03722|0.335111|5.98339|2.66147,79.8117|88.6198|13.9548|83.9106|10.4739|81.7362|35.0583|92.5451|66.6304|18.2346|55.6995|42.5138|15.3326|43.2583|81.3396|99.595|65.9961,0.208125|0.215223|0.164045|0.176807|0.213299|0.181317|0.211825|0.174898|0.249271|0.171758|0.228068|0.238968|0.198809|0.237801|0.194321|0.169867|0.209925,0.112575|0.305593|0.842052|0.224294|0.441339|0.126849|0.610625|0.692675|0.311928|0.457727|0.389261|0.209813|0.368688|0.352181|0.540423|0.512253|0.118233,0.960777,0.865614,0.120899,0.0868004,0.0443973,0.549768,0.260837,0.538285,0.285384,0.878897,35.8152,3.31207e-13,55109,0.839609,94.1996,1.03756e-13,22888,0.849295,0.839791,0.0338668,0.656048,0.327512,0.511502,0.267077,0.510256,0.20836,0.865791,24.3765,1.91574e-12,96785,0.911926,34.976,6.36299e-12,85196
3,146,n1->n2->n12->n11->n21->n22->n32->n33->n23->n24->n14->n4->n5->n6->n7->n8->n9->n10,1.01975e+11|2.19896e+12|2.01442e+09|3.14092e+10|3.32883e+12|4.20781e+11|5.57525e+13|3.61083e+09|1.30754e+09|1.19647e+09|1.55394e+12|2.41468e+10|1.71925e+10|6.20369e+09|1.59356e+10|3.02882e+10|4.88974e+12|1.19036e+12,5.38235e+10|7.99596e+11|2.86583e+08|3.50301e+09|3.98612e+11|3.56381e+11|1.17595e+13|4.75867e+08|1.86199e+08|1.92545e+08|5.08598e+11|2.58863e+09|1.24313e+10|1.6207e+09|4.18966e+09|6.71621e+09|7.24919e+11|2.86476e+11,0.000676514|0.000589285|4.59784e-05|1.12087e-05|0.000328127|0.00083263|0.000134157|0.000995589|0.000133247|4.21479e-05|0.000503586|0.00042822|3.93241e-05|0.000574029|2.6451e-05|0.000381371|7.10273e-05|1.19625e-05,0.00399416|0.00221248|0.0021887|0.000724525|0.00838815|0.000180204|0.000327171|0.000667762|0.00202386|0.000227203|0.000728986|0.000225383|0.00026326|0.000130191|0.000180791|0.00570991|0.000942087|0.00158689,0.0195223|0.0321365|0.0219518|0.0441673|0.00424874|0.0174502|0.0310056|9.64854e-05|0.0324456|0.00100722|0.0409863|0.00259026|0.0154625|0.0106337|0.0189999|0.0161017|0.00922358|0.00461288,0.0242107|0.00948841|0.0367098|0.0122031|0.0418058|0.0349072|0.0233521|0.0476464|0.038918|0.00787238|0.0399677|0.0377939|0.0101575|0.0454173|0.0287911|0.0285758|0.00472777|0.0271272,0.974039|0.910107|0.982422|0.954535|0.988633|0.921048|0.93521|0.901898|0.939452|0.963279|0.991379|0.933254|0.930177|0.984551|0.934194|0.926425|0.933061|0.971435,1.83843|6.06417|4.76499|4.29962|1.42119|2.04059|1.27982|2.63005|1.71839|3.9558|1.56401|2.44626|0.521104|4.26912|3.83792|0.335111|5.98339|2.66147,79.8117|88.6198|24.4191|65.1286|34.0839|86.2435|67.4197|76.7594|67.5745|66.6304|52.1141|81.7362|37.2729|32.9383|55.4093|99.595|65.9961,0.208125|0.215223|0.207518|0.173408|0.249651|0.237058|0.205284|0.215627|0.161697|0.249271|0.187731|0.181317|0.234823|0.234586|0.163678|0.169867|0.209925,0.112575|0.305593|0.400846|0.625657|0.19649|0.793503|0.18105|0.514356|0.50952|0.311928|0.911759|0.126849|0.434803|0.312661|0.383219|0.512253|0.118233,0.960777,0.865614,0.120899,0.0868004,0.0443973,0.549768,0.260837,0.538285,0.285384,0.878897,35.8152,3.31207e-13,55109,0.839609,94.1996,1.03756e-13,22888,0.849295,0.839791,0.0338668,0.656048,0.327512,0.511502,0.267077,0.510256,0.20836,0.865791,24.3765,1.91574e-12,96785,0.911926,34.976,6.36299e-12,85196
3,147,n1->n2->n3->n4->n14->n13->n23->n33->n34->n35->n36->n26->n16->n17->n18->n8->n9->n10,1.01975e+11|2.19896e+12|9.86942e+11|2.41468e+10|1.55394e+12|9.1461e+13|1.30754e+09|3.61083e+09|3.86712e+12|4.41215e+13|3.59186e+10|1.37743e+11|1.88403e+10|2.82283e+09|1.79344e+11|3.02882e+10|4.88974e+12|1.19036e+12,5.38235e+10|7.99596e+11|2.57025e+11|2.58863e+09|5.08598e+11|5.19514e+13|1.86199e+08|4.75867e+08|3.17678e+12|7.93273e+12|9.02372e+09|2.62358e+10|9.99594e+09|1.47131e+09|1.01158e+11|6.71621e+09|7.24919e+11|2.86476e+11,0.000676514|0.000589285|0.000150675|0.00042822|0.000503586|0.000506242|0.000133247|0.000995589|0.000266546|1.92715e-05|1.84923e-05|0.000235321|0.000390472|3.16477e-05|8.49582e-05|0.000381371|7.10273e-05|1.19625e-05,0.00399416|0.00221248|0.00013293|0.000225383|0.000728986|0.00462097|0.00202386|0.000667762|0.000845769|0.00212144|0.000242453|0.00480716|0.000762836|0.00565965|0.000487115|0.00570991|0.000942087|0.00158689,0.0195223|0.0321365|0.0411064|0.00259026|0.0409863|0.0365133|0.0324456|9.64854e-05|0.0487221|0.025793|0.0071675|0.0384258|0.0105597|0.0154786|0.0130827|0.0161017|0.00922358|0.00461288,0.0242107|0.00948841|0.0108323|0.0377939|0.0399677|0.0400901|0.038918|0.0476464|0.00196597|0.0261584|0.0405146|0.0313876|0.00944802|0.0100135|0.0139073|0.0285758|0.00472777|0.0271272,0.974039|0.910107|0.976432|0.933254|0.991379|0.988795|0.939452|0.901898|0.993755|0.987839|0.966963|0.951143|0.981367|0.908062|0.988146|0.926425|0.933061|0.971435,1.83843|6.06417|3.3576|2.44626|1.56401|2.98582|1.71839|2.63005|5.33688|3.89608|3.33226|0.195308|3.20918|3.21404|1.03722|0.335111|5.98339|2.66147,79.8117|37.015|10.4739|52.1141|56.34|51.9585|76.7594|23.5709|31.5608|18.7034|63.8366|11.0615|32.2763|27.3162|81.3396|99.595|65.9961,0.208125|0.187446|0.213299|0.187731|0.189445|0.175743|0.215627|0.172729|0.249069|0.248201|0.170284|0.208269|0.204609|0.234565|0.194321|0.169867|0.209925,0.112575|0.26228|0.441339|0.911759|0.972418|0.236177|0.514356|0.429495|0.544124|0.327026|0.370288|0.314052|0.689113|0.973123|0.540423|0.512253|0.118233,0.960777,0.865614,0.120899,0.0868004,0.0443973,0.549768,0.260837,0.538285,0.285384,0.878897,35.8152,3.31207e-13,55109,0.839609,94.1996,1.03756e-13,22888,0.849295,0.839791,0.0338668,0.656048,0.327512,0.511502,0.267077,0.510256,0.20836,0.865791,24.3765,1.91574e-12,96785,0.911926,34.976,6.36299e-12,85196
3,148,n1->n11->n21->n31->n32->n22->n12->n2->n3->n4->n5->n6->n7->n8->n9->n19->n20->n10,1.01975e+11|3.14092e+10|3.32883e+12|1.05065e+13|5.57525e+13|4.20781e+11|2.01442e+09|2.19896e+12|9.86942e+11|2.41468e+10|1.71925e+10|6.20369e+09|1.59356e+10|3.02882e+10|4.88974e+12|8.72734e+13|2.0429e+12|1.19036e+12,5.38235e+10|3.50301e+09|3.98612e+11|2.87737e+12|1.17595e+13|3.56381e+11|2.86583e+08|7.99596e+11|2.57025e+11|2.58863e+09|1.24313e+10|1.6207e+09|4.18966e+09|6.71621e+09|7.24919e+11|1.85268e+13|8.72759e+11|2.86476e+11,0.000676514|1.12087e-05|0.000328127|0.000258516|0.000134157|0.00083263|4.59784e-05|0.000589285|0.000150675|0.00042822|3.93241e-05|0.000574029|2.6451e-05|0.000381371|7.10273e-05|1.50238e-05|0.000758131|1.19625e-05,0.00399416|0.000724525|0.00838815|0.000145507|0.000327171|0.000180204|0.0021887|0.00221248|0.00013293|0.000225383|0.00026326|0.000130191|0.000180791|0.00570991|0.000942087|0.000314326|0.00836606|0.00158689,0.0195223|0.0441673|0.00424874|0.0234983|0.0310056|0.0174502|0.0219518|0.0321365|0.0411064|0.00259026|0.0154625|0.0106337|0.0189999|0.0161017|0.00922358|0.00292072|0.0340342|0.00461288,0.0242107|0.0122031|0.0418058|0.00141098|0.0233521|0.0349072|0.0367098|0.00948841|0.0108323|0.0377939|0.0101575|0.0454173|0.0287911|0.0285758|0.00472777|0.0395015|0.0408908|0.0271272,0.974039|0.954535|0.988633|0.964211|0.93521|0.921048|0.982422|0.910107|0.976432|0.933254|0.930177|0.984551|0.934194|0.926425|0.933061|0.948693|0.97528|0.971435,1.83843|4.29962|1.42119|2.15959|1.27982|2.04059|4.76499|6.06417|3.3576|2.44626|0.521104|4.26912|3.83792|0.335111|5.98339|2.11735|3.08695|2.66147,30.2686|65.1286|89.2299|63.0993|86.2435|13.2112|88.6198|37.015|10.4739|81.7362|37.2729|32.9383|55.4093|99.595|99.0064|10.3361|29.3778,0.160201|0.173408|0.184425|0.229355|0.237058|0.197882|0.215223|0.187446|0.213299|0.181317|0.234823|0.234586|0.163678|0.169867|0.235802|0.229825|0.218806,0.559595|0.625657|0.421838|0.385409|0.793503|0.473279|0.305593|0.26228|0.441339|0.126849|0.434803|0.312661|0.383219|0.512253|0.976298|0.200889|0.694407,0.960777,0.865614,0.120899,0.0868004,0.0443973,0.549768,0.260837,0.538285,0.285384,0.878897,35.8152,3.31207e-13,55109,0.839609,94.1996,1.03756e-13,22888,0.849295,0.839791,0.0338668,0.656048,0.327512,0.511502,0.267077,0.510256,0.20836,0.865791,24.3765,1.91574e-12,96785,0.911926,34.976,6.36299e-12,85196
3,149,n1->n2->n12->n22->n32->n33->n23->n24->n25->n35->n36->n26->n16->n6->n7->n8->n9->n10,1.01975e+11|2.19896e+12|2.01442e+09|4.20781e+11|5.57525e+13|3.61083e+09|1.30754e+09|1.19647e+09|4.7689e+13|4.41215e+13|3.59186e+10|1.37743e+11|1.88403e+10|6.20369e+09|1.59356e+10|3.02882e+10|4.88974e+12|1.19036e+12,5.38235e+10|7.99596e+11|2.86583e+08|3.56381e+11|1.17595e+13|4.75867e+08|1.86199e+08|1.92545e+08|2.99631e+13|7.93273e+12|9.02372e+09|2.62358e+10|9.99594e+09|1.6207e+09|4.18966e+09|6.71621e+09|7.24919e+11|2.86476e+11,0.000676514|0.000589285|4.59784e-05|0.00083263|0.000134157|0.000995589|0.000133247|4.21479e-05|0.000136619|1.92715e-05|1.84923e-05|0.000235321|0.000390472|0.000574029|2.6451e-05|0.000381371|7.10273e-05|1.19625e-05,0.00399416|0.00221248|0.0021887|0.000180204|0.000327171|0.000667762|0.00202386|0.000227203|0.000188414|0.00212144|0.000242453|0.00480716|0.000762836|0.000130191|0.000180791|0.00570991|0.000942087|0.00158689,0.0195223|0.0321365|0.0219518|0.0174502|0.0310056|9.64854e-05|0.0324456|0.00100722|0.0282036|0.025793|0.0071675|0.0384258|0.0105597|0.0106337|0.0189999|0.0161017|0.00922358|0.00461288,0.0242107|0.00948841|0.0367098|0.0349072|0.0233521|0.0476464|0.038918|0.00787238|0.00307975|0.0261584|0.0405146|0.0313876|0.00944802|0.0454173|0.0287911|0.0285758|0.00472777|0.0271272,0.974039|0.910107|0.982422|0.921048|0.93521|0.901898|0.939452|0.963279|0.940934|0.987839|0.966963|0.951143|0.981367|0.984551|0.934194|0.926425|0.933061|0.971435,1.83843|6.06417|4.76499|2.04059|1.27982|2.63005|1.71839|3.9558|2.45207|3.89608|3.33226|0.195308|3.20918|4.26912|3.83792|0.335111|5.98339|2.66147,79.8117|88.6198|13.2112|86.2435|67.4197|76.7594|67.5745|18.2346|88.4205|18.7034|63.8366|11.0615|50.0569|32.9383|55.4093|99.595|65.9961,0.208125|0.215223|0.197882|0.237058|0.205284|0.215627|0.161697|0.171758|0.213009|0.248201|0.170284|0.208269|0.186675|0.234586|0.163678|0.169867|0.209925,0.112575|0.305593|0.473279|0.793503|0.18105|0.514356|0.50952|0.457727|0.564157|0.327026|0.370288|0.314052|0.371607|0.312661|0.383219|0.512253|0.118233,0.960777,0.865614,0.120899,0.0868004,0.0443973,0.549768,0.260837,0.538285,0.285384,0.878897,35.8152,3.31207e-13,55109,0.839609,94.1996,1.03756e-13,22888,0.849295,0.839791,0.0338668,0.656048,0.327512,0.511502,0.267077,0.510256,0.20836,0.865791,24.3765,1.91574e-12,96785,0.911926,34.976,6.36299e-12,85196
3,150,n1->n11->n21->n31->n41->n42->n43->n44->n45->n35->n36->n26->n16->n17->n7->n8->n9->n10,1.01975e+11|3.14092e+10|3.32883e+12|1.05065e+13|5.16941e+10|7.74591e+09|5.27043e+13|3.78167e+10|1.44695e+11|4.41215e+13|3.59186e+10|1.37743e+11|1.88403e+10|2.82283e+09|1.59356e+10|3.02882e+10|4.88974e+12|1.19036e+12,5.38235e+10|3.50301e+09|3.98612e+11|2.87737e+12|2.30432e+10|5.89918e+09|2.73378e+13|5.09814e+09|2.01277e+10|7.93273e+12|9.02372e+09|2.62358e+10|9.99594e+09|1.47131e+09|4.18966e+09|6.71621e+09|7.24919e+11|2.86476e+11,0.000676514|1.12087e-05|0.000328127|0.000258516|9.89451e-05|2.62737e-05|1.37366e-05|0.000245243|0.000808537|1.92715e-05|1.84923e-05|0.000235321|0.000390472|3.16477e-05|2.6451e-05|0.000381371|7.10273e-05|1.19625e-05,0.00399416|0.000724525|0.00838815|0.000145507|0.000153616|0.000152147|0.00153702|0.000352937|0.000194969|0.00212144|0.000242453|0.00480716|0.000762836|0.00565965|0.000180791|0.00570991|0.000942087|0.00158689,0.0195223|0.0441673|0.00424874|0.0234983|0.00365206|0.0437873|0.0494539|0.0172433|0.0260944|0.025793|0.0071675|0.0384258|0.0105597|0.0154786|0.0189999|0.0161017|0.00922358|0.00461288,0.0242107|0.0122031|0.0418058|0.00141098|0.00928288|0.0147664|0.0473458|0.00451794|0.00984899|0.0261584|0.0405146|0.0313876|0.00944802|0.0100135|0.0287911|0.0285758|0.00472777|0.0271272,0.974039|0.954535|0.988633|0.964211|0.918134|0.940415|0.91007|0.947307|0.907254|0.987839|0.966963|0.951143|0.981367|0.908062|0.934194|0.926425|0.933061|0.971435,1.83843|4.29962|1.42119|2.15959|3.82207|6.02574|2.48794|0.993798|1.27114|3.89608|3.33226|0.195308|3.20918|3.21404|3.83792|0.335111|5.98339|2.66147,30.2686|65.1286|89.2299|64.4551|61.2747|27.3217|59.7094|89.5651|97.1045|18.7034|63.8366|11.0615|32.2763|59.8148|55.4093|99.595|65.9961,0.160201|0.173408|0.184425|0.218858|0.209839|0.174647|0.233924|0.221011|0.225314|0.248201|0.170284|0.208269|0.204609|0.239012|0.163678|0.169867|0.209925,0.559595|0.625657|0.421838|0.533332|0.61829|0.427775|0.171162|0.811541|0.355382|0.327026|0.370288|0.314052|0.689113|0.920789|0.383219|0.512253|0.118233,0.960777,0.865614,0.120899,0.0868004,0.0443973,0.549768,0.260837,0.538285,0.285384,0.878897,35.8152,3.31207e-13,55109,0.839609,94.1996,1.03756e-13,22888,0.849295,0.839791,0.0338668,0.656048,0.327512,0.511502,0.267077,0.510256,0.20836,0.865791,24.3765,1.91574e-12,96785,0.911926,34.976,6.36299e-12,85196
3,151,n1->n11->n21->n22->n12->n13->n23->n33->n34->n24->n25->n15->n5->n6->n7->n8->n9->n10,1.01975e+11|3.14092e+10|3.32883e+12|4.20781e+11|2.01442e+09|9.1461e+13|1.30754e+09|3.61083e+09|3.86712e+12|1.19647e+09|4.7689e+13|3.53263e+12|1.71925e+10|6.20369e+09|1.59356e+10|3.02882e+10|4.88974e+12|1.19036e+12,5.38235e+10|3.50301e+09|3.98612e+11|3.56381e+11|2.86583e+08|5.19514e+13|1.86199e+08|4.75867e+08|3.17678e+12|1.92545e+08|2.99631e+13|2.01845e+12|1.24313e+10|1.6207e+09|4.18966e+09|6.71621e+09|7.24919e+11|2.86476e+11,0.000676514|1.12087e-05|0.000328127|0.00083263|4.59784e-05|0.000506242|0.000133247|0.000995589|0.000266546|4.21479e-05|0.000136619|0.000745688|3.93241e-05|0.000574029|2.6451e-05|0.000381371|7.10273e-05|1.19625e-05,0.00399416|0.000724525|0.00838815|0.000180204|0.0021887|0.00462097|0.00202386|0.000667762|0.000845769|0.000227203|0.000188414|0.00651336|0.00026326|0.000130191|0.000180791|0.00570991|0.000942087|0.00158689,0.0195223|0.0441673|0.00424874|0.0174502|0.0219518|0.0365133|0.0324456|9.64854e-05|0.0487221|0.00100722|0.0282036|0.0286763|0.0154625|0.0106337|0.0189999|0.0161017|0.00922358|0.00461288,0.0242107|0.0122031|0.0418058|0.0349072|0.0367098|0.0400901|0.038918|0.0476464|0.00196597|0.00787238|0.00307975|0.0289577|0.0101575|0.0454173|0.0287911|0.0285758|0.00472777|0.0271272,0.974039|0.954535|0.988633|0.921048|0.982422|0.988795|0.939452|0.901898|0.993755|0.963279|0.940934|0.915893|0.930177|0.984551|0.934194|0.926425|0.933061|0.971435,1.83843|4.29962|1.42119|2.04059|4.76499|2.98582|1.71839|2.63005|5.33688|3.9558|2.45207|6.12587|0.521104|4.26912|3.83792|0.335111|5.98339|2.66147,30.2686|65.1286|34.0839|13.2112|13.9548|51.9585|76.7594|23.5709|58.7029|18.2346|54.7186|35.0583|37.2729|32.9383|55.4093|99.595|65.9961,0.160201|0.173408|0.249651|0.197882|0.164045|0.175743|0.215627|0.172729|0.197049|0.171758|0.218311|0.211825|0.234823|0.234586|0.163678|0.169867|0.209925,0.559595|0.625657|0.19649|0.473279|0.842052|0.236177|0.514356|0.429495|0.268944|0.457727|0.136449|0.610625|0.434803|0.312661|0.383219|0.512253|0.118233,0.960777,0.865614,0.120899,0.0868004,0.0443973,0.549768,0.260837,0.538285,0.285384,0.878897,35.8152,3.31207e-13,55109,0.839609,94.1996,1.03756e-13,22888,0.849295,0.839791,0.0338668,0.656048,0.327512,0.511502,0.267077,0.510256,0.20836,0.865791,24.3765,1.91574e-12,96785,0.911926,34.976,6.36299e-12,85196
3,152,n1->n11->n21->n31->n41->n42->n32->n22->n23->n24->n14->n4->n5->n6->n7->n8->n9->n10,1.01975e+11|3.14092e+10|3.32883e+12|1.05065e+13|5.16941e+10|7.74591e+09|5.57525e+13|4.20781e+11|1.30754e+09|1.19647e+09|1.55394e+12|2.41468e+10|1.71925e+10|6.20369e+09|1.59356e+10|3.02882e+10|4.88974e+12|1.19036e+12,5.38235e+10|3.50301e+09|3.98612e+11|2.87737e+12|2.30432e+10|5.89918e+09|1.17595e+13|3.56381e+11|1.86199e+08|1.92545e+08|5.08598e+11|2.58863e+09|1.24313e+10|1.6207e+09|4.18966e+09|6.71621e+09|7.24919e+11|2.86476e+11,0.000676514|1.12087e-05|0.000328127|0.000258516|9.89451e-05|2.62737e-05|0.000134157|0.00083263|0.000133247|4.21479e-05|0.000503586|0.00042822|3.93241e-05|0.000574029|2.6451e-05|0.000381371|7.10273e-05|1.19625e-05,0.00399416|0.000724525|0.00838815|0.000145507|0.000153616|0.000152147|0.000327171|0.000180204|0.00202386|0.000227203|0.000728986|0.000225383|0.00026326|0.000130191|0.000180791|0.00570991|0.000942087|0.00158689,0.0195223|0.0441673|0.00424874|0.0234983|0.00365206|0.0437873|0.0310056|0.0174502|0.0324456|0.00100722|0.0409863|0.00259026|0.0154625|0.0106337|0.0189999|0.0161017|0.00922358|0.00461288,0.0242107|0.0122031|0.0418058|0.00141098|0.00928288|0.0147664|0.0233521|0.0349072|0.038918|0.00787238|0.0399677|0.0377939|0.0101575|0.0454173|0.0287911|0.0285758|0.00472777|0.0271272,0.974039|0.954535|0.988633|0.964211|0.918134|0.940415|0.93521|0.921048|0.939452|0.963279|0.991379|0.933254|0.930177|0.984551|0.934194|0.926425|0.933061|0.971435,1.83843|4.29962|1.42119|2.15959|3.82207|6.02574|1.27982|2.04059|1.71839|3.9558|1.56401|2.44626|0.521104|4.26912|3.83792|0.335111|5.98339|2.66147,30.2686|65.1286|89.2299|64.4551|61.2747|70.8805|86.2435|55.8812|67.5745|66.6304|52.1141|81.7362|37.2729|32.9383|55.4093|99.595|65.9961,0.160201|0.173408|0.184425|0.218858|0.209839|0.21996|0.237058|0.203103|0.161697|0.249271|0.187731|0.181317|0.234823|0.234586|0.163678|0.169867|0.209925,0.559595|0.625657|0.421838|0.533332|0.61829|0.879118|0.793503|0.544519|0.50952|0.311928|0.911759|0.126849|0.434803|0.312661|0.383219|0.512253|0.118233,0.960777,0.865614,0.120899,0.0868004,0.0443973,0.549768,0.260837,0.538285,0.285384,0.878897,35.8152,3.31207e-13,55109,0.839609,94.1996,1.03756e-13,22888,0.849295,0.839791,0.0338668,0.656048,0.327512,0.511502,0.267077,0.510256,0.20836,0.865791,24.3765,1.91574e-12,96785,0.911926,34.976,6.36299e-12,85196
3,153,n1->n2->n12->n13->n14->n24->n25->n35->n45->n46->n47->n37->n27->n28->n29->n19->n9->n10,1.01975e+11|2.19896e+12|2.01442e+09|9.1461e+13|1.55394e+12|1.19647e+09|4.7689e+13|4.41215e+13|1.44695e+11|1.87876e+09|7.2509e+10|7.44456e+10|4.11784e+12|1.17142e+11|2.58702e+12|8.72734e+13|4.88974e+12|1.19036e+12,5.38235e+10|7.99596e+11|2.86583e+08|5.19514e+13|5.08598e+11|1.92545e+08|2.99631e+13|7.93273e+12|2.01277e+10|2.58981e+08|8.55514e+09|3.47003e+10|1.44429e+12|3.45855e+10|1.13638e+12|1.85268e+13|7.24919e+11|2.86476e+11,0.000676514|0.000589285|4.59784e-05|0.000506242|0.000503586|4.21479e-05|0.000136619|1.92715e-05|0.000808537|9.70439e-05|2.75589e-05|0.000422484|3.47922e-05|3.80731e-05|0.000201956|1.50238e-05|7.10273e-05|1.19625e-05,0.00399416|0.00221248|0.0021887|0.00462097|0.000728986|0.000227203|0.000188414|0.00212144|0.000194969|0.00201201|0.000858037|0.00578717|0.000452568|0.000758065|0.00164535|0.000314326|0.000942087|0.00158689,0.0195223|0.0321365|0.0219518|0.0365133|0.0409863|0.00100722|0.0282036|0.025793|0.0260944|0.00436699|0.0495221|0.0273508|0.0467803|0.0342796|0.0479551|0.00292072|0.00922358|0.00461288,0.0242107|0.00948841|0.0367098|0.0400901|0.0399677|0.00787238|0.00307975|0.0261584|0.00984899|0.0220509|0.0498133|0.0409943|0.0312181|0.0019971|0.0254172|0.0395015|0.00472777|0.0271272,0.974039|0.910107|0.982422|0.988795|0.991379|0.963279|0.940934|0.987839|0.907254|0.955218|0.993064|0.948574|0.945212|0.975528|0.96957|0.948693|0.933061|0.971435,1.83843|6.06417|4.76499|2.98582|1.56401|3.9558|2.45207|3.89608|1.27114|1.47168|2.65833|2.98156|3.90137|1.77801|4.43247|2.11735|5.98339|2.66147,79.8117|88.6198|13.9548|56.34|66.6304|18.2346|88.4205|97.1045|61.2725|46.986|88.6669|44.8869|15.3326|39.0733|84.7043|99.0064|65.9961,0.208125|0.215223|0.164045|0.189445|0.249271|0.171758|0.213009|0.225314|0.220481|0.217938|0.229278|0.228687|0.198809|0.16763|0.185955|0.235802|0.209925,0.112575|0.305593|0.842052|0.972418|0.311928|0.457727|0.564157|0.355382|0.792156|0.895196|0.751697|0.320739|0.368688|0.47242|0.580258|0.976298|0.118233,0.960777,0.865614,0.120899,0.0868004,0.0443973,0.549768,0.260837,0.538285,0.285384,0.878897,35.8152,3.31207e-13,55109,0.839609,94.1996,1.03756e-13,22888,0.849295,0.839791,0.0338668,0.656048,0.327512,0.511502,0.267077,0.510256,0.20836,0.865791,24.3765,1.91574e-12,96785,0.911926,34.976,6.36299e-12,85196
3,154,n1->n11->n12->n2->n3->n13->n14->n24->n25->n35->n36->n37->n38->n39->n29->n30->n20->n10,1.01975e+11|3.14092e+10|2.01442e+09|2.19896e+12|9.86942e+11|9.1461e+13|1.55394e+12|1.19647e+09|4.7689e+13|4.41215e+13|3.59186e+10|7.44456e+10|2.12402e+13|1.22797e+10|2.58702e+12|1.51823e+10|2.0429e+12|1.19036e+12,5.38235e+10|3.50301e+09|2.86583e+08|7.99596e+11|2.57025e+11|5.19514e+13|5.08598e+11|1.92545e+08|2.99631e+13|7.93273e+12|9.02372e+09|3.47003e+10|5.17051e+12|9.03709e+09|1.13638e+12|2.91503e+09|8.72759e+11|2.86476e+11,0.000676514|1.12087e-05|4.59784e-05|0.000589285|0.000150675|0.000506242|0.000503586|4.21479e-05|0.000136619|1.92715e-05|1.84923e-05|0.000422484|6.19192e-05|4.92042e-05|0.000201956|7.04749e-05|0.000758131|1.19625e-05,0.00399416|0.000724525|0.0021887|0.00221248|0.00013293|0.00462097|0.000728986|0.000227203|0.000188414|0.00212144|0.000242453|0.00578717|0.000407214|0.00701273|0.00164535|0.000359249|0.00836606|0.00158689,0.0195223|0.0441673|0.0219518|0.0321365|0.0411064|0.0365133|0.0409863|0.00100722|0.0282036|0.025793|0.0071675|0.0273508|0.0259351|0.0103677|0.0479551|0.0183372|0.0340342|0.00461288,0.0242107|0.0122031|0.0367098|0.00948841|0.0108323|0.0400901|0.0399677|0.00787238|0.00307975|0.0261584|0.0405146|0.0409943|0.0272425|0.0280029|0.0254172|0.019548|0.0408908|0.0271272,0.974039|0.954535|0.982422|0.910107|0.976432|0.988795|0.991379|0.963279|0.940934|0.987839|0.966963|0.948574|0.962744|0.950978|0.96957|0.957367|0.97528|0.971435,1.83843|4.29962|4.76499|6.06417|3.3576|2.98582|1.56401|3.9558|2.45207|3.89608|3.33226|2.98156|2.70493|5.20655|4.43247|1.38161|3.08695|2.66147,30.2686|24.4191|88.6198|37.015|83.9106|56.34|66.6304|18.2346|88.4205|18.7034|29.3504|37.0378|69.5993|44.1502|83.4704|23.9015|29.3778,0.160201|0.207518|0.215223|0.187446|0.176807|0.189445|0.249271|0.171758|0.213009|0.248201|0.166344|0.182534|0.162204|0.225177|0.226001|0.207243|0.218806,0.559595|0.400846|0.305593|0.26228|0.224294|0.972418|0.311928|0.457727|0.564157|0.327026|0.714949|0.771494|0.733363|0.713251|0.602098|0.865388|0.694407,0.960777,0.865614,0.120899,0.0868004,0.0443973,0.549768,0.260837,0.538285,0.285384,0.878897,35.8152,3.31207e-13,55109,0.839609,94.1996,1.03756e-13,22888,0.849295,0.839791,0.0338668,0.656048,0.327512,0.511502,0.267077,0.510256,0.20836,0.865791,24.3765,1.91574e-12,96785,0.911926,34.976,6.36299e-12,85196
3,155,n1->n11->n12->n22->n23->n13->n14->n15->n25->n26->n36->n37->n27->n17->n7->n8->n9->n10,1.01975e+11|3.14092e+10|2.01442e+09|4.20781e+11|1.30754e+09|9.1461e+13|1.55394e+12|3.53263e+12|4.7689e+13|1.37743e+11|3.59186e+10|7.44456e+10|4.11784e+12|2.82283e+09|1.59356e+10|3.02882e+10|4.88974e+12|1.19036e+12,5.38235e+10|3.50301e+09|2.86583e+08|3.56381e+11|1.86199e+08|5.19514e+13|5.08598e+11|2.01845e+12|2.99631e+13|2.62358e+10|9.02372e+09|3.47003e+10|1.44429e+12|1.47131e+09|4.18966e+09|6.71621e+09|7.24919e+11|2.86476e+11,0.000676514|1.12087e-05|4.59784e-05|0.00083263|0.000133247|0.000506242|0.000503586|0.000745688|0.000136619|0.000235321|1.84923e-05|0.000422484|3.47922e-05|3.16477e-05|2.6451e-05|0.000381371|7.10273e-05|1.19625e-05,0.00399416|0.000724525|0.0021887|0.000180204|0.00202386|0.00462097|0.000728986|0.00651336|0.000188414|0.00480716|0.000242453|0.00578717|0.000452568|0.00565965|0.000180791|0.00570991|0.000942087|0.00158689,0.0195223|0.0441673|0.0219518|0.0174502|0.0324456|0.0365133|0.0409863|0.0286763|0.0282036|0.0384258|0.0071675|0.0273508|0.0467803|0.0154786|0.0189999|0.0161017|0.00922358|0.00461288,0.0242107|0.0122031|0.0367098|0.0349072|0.038918|0.0400901|0.0399677|0.0289577|0.00307975|0.0313876|0.0405146|0.0409943|0.0312181|0.0100135|0.0287911|0.0285758|0.00472777|0.0271272,0.974039|0.954535|0.982422|0.921048|0.939452|0.988795|0.991379|0.915893|0.940934|0.951143|0.966963|0.948574|0.945212|0.908062|0.934194|0.926425|0.933061|0.971435,1.83843|4.29962|4.76499|2.04059|1.71839|2.98582|1.56401|6.12587|2.45207|0.195308|3.33226|2.98156|3.90137|3.21404|3.83792|0.335111|5.98339|2.66147,30.2686|24.4191|13.2112|55.8812|51.9585|56.34|92.5451|54.7186|55.6995|63.8366|29.3504|44.8869|72.2829|59.8148|55.4093|99.595|65.9961,0.160201|0.207518|0.197882|0.203103|0.175743|0.189445|0.174898|0.218311|0.228068|0.170284|0.166344|0.228687|0.201328|0.239012|0.163678|0.169867|0.209925,0.559595|0.400846|0.473279|0.544519|0.236177|0.972418|0.692675|0.136449|0.389261|0.370288|0.714949|0.320739|0.672327|0.920789|0.383219|0.512253|0.118233,0.960777,0.865614,0.120899,0.0868004,0.0443973,0.549768,0.260837,0.538285,0.285384,0.878897,35.8152,3.31207e-13,55109,0.839609,94.1996,1.03756e-13,22888,0.849295,0.839791,0.0338668,0.656048,0.327512,0.511502,0.267077,0.510256,0.20836,0.865791,24.3765,1.91574e-12,96785,0.911926,34.976,6.36299e-12,85196
3,156,n1->n11->n12->n2->n3->n13->n23->n33->n34->n35->n36->n37->n38->n28->n29->n19->n9->n10,1.01975e+11|3.14092e+10|2.01442e+09|2.19896e+12|9.86942e+11|9.1461e+13|1.30754e+09|3.61083e+09|3.86712e+12|4.41215e+13|3.59186e+10|7.44456e+10|2.12402e+13|1.17142e+11|2.58702e+12|8.72734e+13|4.88974e+12|1.19036e+12,5.38235e+10|3.50301e+09|2.86583e+08|7.99596e+11|2.57025e+11|5.19514e+13|1.86199e+08|4.75867e+08|3.17678e+12|7.93273e+12|9.02372e+09|3.47003e+10|5.17051e+12|3.45855e+10|1.13638e+12|1.85268e+13|7.24919e+11|2.86476e+11,0.000676514|1.12087e-05|4.59784e-05|0.000589285|0.000150675|0.000506242|0.000133247|0.000995589|0.000266546|1.92715e-05|1.84923e-05|0.000422484|6.19192e-05|3.80731e-05|0.000201956|1.50238e-05|7.10273e-05|1.19625e-05,0.00399416|0.000724525|0.0021887|0.00221248|0.00013293|0.00462097|0.00202386|0.000667762|0.000845769|0.00212144|0.000242453|0.00578717|0.000407214|0.000758065|0.00164535|0.000314326|0.000942087|0.00158689,0.0195223|0.0441673|0.0219518|0.0321365|0.0411064|0.0365133|0.0324456|9.64854e-05|0.0487221|0.025793|0.0071675|0.0273508|0.0259351|0.0342796|0.0479551|0.00292072|0.00922358|0.00461288,0.0242107|0.0122031|0.0367098|0.00948841|0.0108323|0.0400901|0.038918|0.0476464|0.00196597|0.0261584|0.0405146|0.0409943|0.0272425|0.0019971|0.0254172|0.0395015|0.00472777|0.0271272,0.974039|0.954535|0.982422|0.910107|0.976432|0.988795|0.939452|0.901898|0.993755|0.987839|0.966963|0.948574|0.962744|0.975528|0.96957|0.948693|0.933061|0.971435,1.83843|4.29962|4.76499|6.06417|3.3576|2.98582|1.71839|2.63005|5.33688|3.89608|3.33226|2.98156|2.70493|1.77801|4.43247|2.11735|5.98339|2.66147,30.2686|24.4191|88.6198|37.015|83.9106|51.9585|76.7594|23.5709|31.5608|18.7034|29.3504|37.0378|23.518|39.0733|84.7043|99.0064|65.9961,0.160201|0.207518|0.215223|0.187446|0.176807|0.175743|0.215627|0.172729|0.249069|0.248201|0.166344|0.182534|0.229604|0.16763|0.185955|0.235802|0.209925,0.559595|0.400846|0.305593|0.26228|0.224294|0.236177|0.514356|0.429495|0.544124|0.327026|0.714949|0.771494|0.865506|0.47242|0.580258|0.976298|0.118233,0.960777,0.865614,0.120899,0.0868004,0.0443973,0.549768,0.260837,0.538285,0.285384,0.878897,35.8152,3.31207e-13,55109,0.839609,94.1996,1.03756e-13,22888,0.849295,0.839791,0.0338668,0.656048,0.327512,0.511502,0.267077,0.510256,0.20836,0.865791,24.3765,1.91574e-12,96785,0.911926,34.976,6.36299e-12,85196
3,157,n1->n11->n21->n31->n41->n42->n32->n33->n23->n24->n14->n15->n16->n17->n18->n8->n9->n10,1.01975e+11|3.14092e+10|3.32883e+12|1.05065e+13|5.16941e+10|7.74591e+09|5.57525e+13|3.61083e+09|1.30754e+09|1.19647e+09|1.55394e+12|3.53263e+12|1.88403e+10|2.82283e+09|1.79344e+11|3.02882e+10|4.88974e+12|1.19036e+12,5.38235e+10|3.50301e+09|3.98612e+11|2.87737e+12|2.30432e+10|5.89918e+09|1.17595e+13|4.75867e+08|1.86199e+08|1.92545e+08|5.08598e+11|2.01845e+12|9.99594e+09|1.47131e+09|1.01158e+11|6.71621e+09|7.24919e+11|2.86476e+11,0.000676514|1.12087e-05|0.000328127|0.000258516|9.89451e-05|2.62737e-05|0.000134157|0.000995589|0.000133247|4.21479e-05|0.000503586|0.000745688|0.000390472|3.16477e-05|8.49582e-05|0.000381371|7.10273e-05|1.19625e-05,0.00399416|0.000724525|0.00838815|0.000145507|0.000153616|0.000152147|0.000327171|0.000667762|0.00202386|0.000227203|0.000728986|0.00651336|0.000762836|0.00565965|0.000487115|0.00570991|0.000942087|0.00158689,0.0195223|0.0441673|0.00424874|0.0234983|0.00365206|0.0437873|0.0310056|9.64854e-05|0.0324456|0.00100722|0.0409863|0.0286763|0.0105597|0.0154786|0.0130827|0.0161017|0.00922358|0.00461288,0.0242107|0.0122031|0.0418058|0.00141098|0.00928288|0.0147664|0.0233521|0.0476464|0.038918|0.00787238|0.0399677|0.0289577|0.00944802|0.0100135|0.0139073|0.0285758|0.00472777|0.0271272,0.974039|0.954535|0.988633|0.964211|0.918134|0.940415|0.93521|0.901898|0.939452|0.963279|0.991379|0.915893|0.981367|0.908062|0.988146|0.926425|0.933061|0.971435,1.83843|4.29962|1.42119|2.15959|3.82207|6.02574|1.27982|2.63005|1.71839|3.9558|1.56401|6.12587|3.20918|3.21404|1.03722|0.335111|5.98339|2.66147,30.2686|65.1286|89.2299|64.4551|61.2747|70.8805|67.4197|76.7594|67.5745|66.6304|92.5451|56.2706|32.2763|27.3162|81.3396|99.595|65.9961,0.160201|0.173408|0.184425|0.218858|0.209839|0.21996|0.205284|0.215627|0.161697|0.249271|0.174898|0.241506|0.204609|0.234565|0.194321|0.169867|0.209925,0.559595|0.625657|0.421838|0.533332|0.61829|0.879118|0.18105|0.514356|0.50952|0.311928|0.692675|0.350755|0.689113|0.973123|0.540423|0.512253|0.118233,0.960777,0.865614,0.120899,0.0868004,0.0443973,0.549768,0.260837,0.538285,0.285384,0.878897,35.8152,3.31207e-13,55109,0.839609,94.1996,1.03756e-13,22888,0.849295,0.839791,0.0338668,0.656048,0.327512,0.511502,0.267077,0.510256,0.20836,0.865791,24.3765,1.91574e-12,96785,0.911926,34.976,6.36299e-12,85196
3,158,n1->n11->n21->n31->n41->n42->n43->n33->n34->n35->n36->n26->n27->n28->n18->n8->n9->n10,1.01975e+11|3.14092e+10|3.32883e+12|1.05065e+13|5.16941e+10|7.74591e+09|5.27043e+13|3.61083e+09|3.86712e+12|4.41215e+13|3.59186e+10|1.37743e+11|4.11784e+12|1.17142e+11|1.79344e+11|3.02882e+10|4.88974e+12|1.19036e+12,5.38235e+10|3.50301e+09|3.98612e+11|2.87737e+12|2.30432e+10|5.89918e+09|2.73378e+13|4.75867e+08|3.17678e+12|7.93273e+12|9.02372e+09|2.62358e+10|1.44429e+12|3.45855e+10|1.01158e+11|6.71621e+09|7.24919e+11|2.86476e+11,0.000676514|1.12087e-05|0.000328127|0.000258516|9.89451e-05|2.62737e-05|1.37366e-05|0.000995589|0.000266546|1.92715e-05|1.84923e-05|0.000235321|3.47922e-05|3.80731e-05|8.49582e-05|0.000381371|7.10273e-05|1.19625e-05,0.00399416|0.000724525|0.00838815|0.000145507|0.000153616|0.000152147|0.00153702|0.000667762|0.000845769|0.00212144|0.000242453|0.00480716|0.000452568|0.000758065|0.000487115|0.00570991|0.000942087|0.00158689,0.0195223|0.0441673|0.00424874|0.0234983|0.00365206|0.0437873|0.0494539|9.64854e-05|0.0487221|0.025793|0.0071675|0.0384258|0.0467803|0.0342796|0.0130827|0.0161017|0.00922358|0.00461288,0.0242107|0.0122031|0.0418058|0.00141098|0.00928288|0.0147664|0.0473458|0.0476464|0.00196597|0.0261584|0.0405146|0.0313876|0.0312181|0.0019971|0.0139073|0.0285758|0.00472777|0.0271272,0.974039|0.954535|0.988633|0.964211|0.918134|0.940415|0.91007|0.901898|0.993755|0.987839|0.966963|0.951143|0.945212|0.975528|0.988146|0.926425|0.933061|0.971435,1.83843|4.29962|1.42119|2.15959|3.82207|6.02574|2.48794|2.63005|5.33688|3.89608|3.33226|0.195308|3.90137|1.77801|1.03722|0.335111|5.98339|2.66147,30.2686|65.1286|89.2299|64.4551|61.2747|27.3217|49.6282|23.5709|31.5608|18.7034|63.8366|42.5138|15.3326|43.2583|81.3396|99.595|65.9961,0.160201|0.173408|0.184425|0.218858|0.209839|0.174647|0.16438|0.172729|0.249069|0.248201|0.170284|0.238968|0.198809|0.237801|0.194321|0.169867|0.209925,0.559595|0.625657|0.421838|0.533332|0.61829|0.427775|0.126669|0.429495|0.544124|0.327026|0.370288|0.209813|0.368688|0.352181|0.540423|0.512253|0.118233,0.960777,0.865614,0.120899,0.0868004,0.0443973,0.549768,0.260837,0.538285,0.285384,0.878897,35.8152,3.31207e-13,55109,0.839609,94.1996,1.03756e-13,22888,0.849295,0.839791,0.0338668,0.656048,0.327512,0.511502,0.267077,0.510256,0.20836,0.865791,24.3765,1.91574e-12,96785,0.911926,34.976,6.36299e-12,85196
3,159,n1->n2->n3->n13->n12->n11->n21->n22->n23->n24->n14->n4->n5->n6->n7->n8->n9->n10,1.01975e+11|2.19896e+12|9.86942e+11|9.1461e+13|2.01442e+09|3.14092e+10|3.32883e+12|4.20781e+11|1.30754e+09|1.19647e+09|1.55394e+12|2.41468e+10|1.71925e+10|6.20369e+09|1.59356e+10|3.02882e+10|4.88974e+12|1.19036e+12,5.38235e+10|7.99596e+11|2.57025e+11|5.19514e+13|2.86583e+08|3.50301e+09|3.98612e+11|3.56381e+11|1.86199e+08|1.92545e+08|5.08598e+11|2.58863e+09|1.24313e+10|1.6207e+09|4.18966e+09|6.71621e+09|7.24919e+11|2.86476e+11,0.000676514|0.000589285|0.000150675|0.000506242|4.59784e-05|1.12087e-05|0.000328127|0.00083263|0.000133247|4.21479e-05|0.000503586|0.00042822|3.93241e-05|0.000574029|2.6451e-05|0.000381371|7.10273e-05|1.19625e-05,0.00399416|0.00221248|0.00013293|0.00462097|0.0021887|0.000724525|0.00838815|0.000180204|0.00202386|0.000227203|0.000728986|0.000225383|0.00026326|0.000130191|0.000180791|0.00570991|0.000942087|0.00158689,0.0195223|0.0321365|0.0411064|0.0365133|0.0219518|0.0441673|0.00424874|0.0174502|0.0324456|0.00100722|0.0409863|0.00259026|0.0154625|0.0106337|0.0189999|0.0161017|0.00922358|0.00461288,0.0242107|0.00948841|0.0108323|0.0400901|0.0367098|0.0122031|0.0418058|0.0349072|0.038918|0.00787238|0.0399677|0.0377939|0.0101575|0.0454173|0.0287911|0.0285758|0.00472777|0.0271272,0.974039|0.910107|0.976432|0.988795|0.982422|0.954535|0.988633|0.921048|0.939452|0.963279|0.991379|0.933254|0.930177|0.984551|0.934194|0.926425|0.933061|0.971435,1.83843|6.06417|3.3576|2.98582|4.76499|4.29962|1.42119|2.04059|1.71839|3.9558|1.56401|2.44626|0.521104|4.26912|3.83792|0.335111|5.98339|2.66147,79.8117|37.015|83.9106|13.9548|24.4191|65.1286|34.0839|55.8812|67.5745|66.6304|52.1141|81.7362|37.2729|32.9383|55.4093|99.595|65.9961,0.208125|0.187446|0.176807|0.164045|0.207518|0.173408|0.249651|0.203103|0.161697|0.249271|0.187731|0.181317|0.234823|0.234586|0.163678|0.169867|0.209925,0.112575|0.26228|0.224294|0.842052|0.400846|0.625657|0.19649|0.544519|0.50952|0.311928|0.911759|0.126849|0.434803|0.312661|0.383219|0.512253|0.118233,0.960777,0.865614,0.120899,0.0868004,0.0443973,0.549768,0.260837,0.538285,0.285384,0.878897,35.8152,3.31207e-13,55109,0.839609,94.1996,1.03756e-13,22888,0.849295,0.839791,0.0338668,0.656048,0.327512,0.511502,0.267077,0.510256,0.20836,0.865791,24.3765,1.91574e-12,96785,0.911926,34.976,6.36299e-12,85196
3,160,n1->n11->n21->n22->n12->n2->n3->n13->n14->n24->n25->n26->n16->n6->n7->n8->n9->n10,1.01975e+11|3.14092e+10|3.32883e+12|4.20781e+11|2.01442e+09|2.19896e+12|9.86942e+11|9.1461e+13|1.55394e+12|1.19647e+09|4.7689e+13|1.37743e+11|1.88403e+10|6.20369e+09|1.59356e+10|3.02882e+10|4.88974e+12|1.19036e+12,5.38235e+10|3.50301e+09|3.98612e+11|3.56381e+11|2.86583e+08|7.99596e+11|2.57025e+11|5.19514e+13|5.08598e+11|1.92545e+08|2.99631e+13|2.62358e+10|9.99594e+09|1.6207e+09|4.18966e+09|6.71621e+09|7.24919e+11|2.86476e+11,0.000676514|1.12087e-05|0.000328127|0.00083263|4.59784e-05|0.000589285|0.000150675|0.000506242|0.000503586|4.21479e-05|0.000136619|0.000235321|0.000390472|0.000574029|2.6451e-05|0.000381371|7.10273e-05|1.19625e-05,0.00399416|0.000724525|0.00838815|0.000180204|0.0021887|0.00221248|0.00013293|0.00462097|0.000728986|0.000227203|0.000188414|0.00480716|0.000762836|0.000130191|0.000180791|0.00570991|0.000942087|0.00158689,0.0195223|0.0441673|0.00424874|0.0174502|0.0219518|0.0321365|0.0411064|0.0365133|0.0409863|0.00100722|0.0282036|0.0384258|0.0105597|0.0106337|0.0189999|0.0161017|0.00922358|0.00461288,0.0242107|0.0122031|0.0418058|0.0349072|0.0367098|0.00948841|0.0108323|0.0400901|0.0399677|0.00787238|0.00307975|0.0313876|0.00944802|0.0454173|0.0287911|0.0285758|0.00472777|0.0271272,0.974039|0.954535|0.988633|0.921048|0.982422|0.910107|0.976432|0.988795|0.991379|0.963279|0.940934|0.951143|0.981367|0.984551|0.934194|0.926425|0.933061|0.971435,1.83843|4.29962|1.42119|2.04059|4.76499|6.06417|3.3576|2.98582|1.56401|3.9558|2.45207|0.195308|3.20918|4.26912|3.83792|0.335111|5.98339|2.66147,30.2686|65.1286|34.0839|13.2112|88.6198|37.015|83.9106|56.34|66.6304|18.2346|55.6995|11.0615|50.0569|32.9383|55.4093|99.595|65.9961,0.160201|0.173408|0.249651|0.197882|0.215223|0.187446|0.176807|0.189445|0.249271|0.171758|0.228068|0.208269|0.186675|0.234586|0.163678|0.169867|0.209925,0.559595|0.625657|0.19649|0.473279|0.305593|0.26228|0.224294|0.972418|0.311928|0.457727|0.389261|0.314052|0.371607|0.312661|0.383219|0.512253|0.118233,0.960777,0.865614,0.120899,0.0868004,0.0443973,0.549768,0.260837,0.538285,0.285384,0.878897,35.8152,3.31207e-13,55109,0.839609,94.1996,1.03756e-13,22888,0.849295,0.839791,0.0338668,0.656048,0.327512,0.511502,0.267077,0.510256,0.20836,0.865791,24.3765,1.91574e-12,96785,0.911926,34.976,6.36299e-12,85196
3,161,n1->n11->n12->n2->n3->n4->n14->n24->n34->n35->n45->n46->n36->n26->n16->n17->n18->n19->n20->n10,1.01975e+11|3.14092e+10|2.01442e+09|2.19896e+12|9.86942e+11|2.41468e+10|1.55394e+12|1.19647e+09|3.86712e+12|4.41215e+13|1.44695e+11|1.87876e+09|3.59186e+10|1.37743e+11|1.88403e+10|2.82283e+09|1.79344e+11|8.72734e+13|2.0429e+12|1.19036e+12,5.38235e+10|3.50301e+09|2.86583e+08|7.99596e+11|2.57025e+11|2.58863e+09|5.08598e+11|1.92545e+08|3.17678e+12|7.93273e+12|2.01277e+10|2.58981e+08|9.02372e+09|2.62358e+10|9.99594e+09|1.47131e+09|1.01158e+11|1.85268e+13|8.72759e+11|2.86476e+11,0.000676514|1.12087e-05|4.59784e-05|0.000589285|0.000150675|0.00042822|0.000503586|4.21479e-05|0.000266546|1.92715e-05|0.000808537|9.70439e-05|1.84923e-05|0.000235321|0.000390472|3.16477e-05|8.49582e-05|1.50238e-05|0.000758131|1.19625e-05,0.00399416|0.000724525|0.0021887|0.00221248|0.00013293|0.000225383|0.000728986|0.000227203|0.000845769|0.00212144|0.000194969|0.00201201|0.000242453|0.00480716|0.000762836|0.00565965|0.000487115|0.000314326|0.00836606|0.00158689,0.0195223|0.0441673|0.0219518|0.0321365|0.0411064|0.00259026|0.0409863|0.00100722|0.0487221|0.025793|0.0260944|0.00436699|0.0071675|0.0384258|0.0105597|0.0154786|0.0130827|0.00292072|0.0340342|0.00461288,0.0242107|0.0122031|0.0367098|0.00948841|0.0108323|0.0377939|0.0399677|0.00787238|0.00196597|0.0261584|0.00984899|0.0220509|0.0405146|0.0313876|0.00944802|0.0100135|0.0139073|0.0395015|0.0408908|0.0271272,0.974039|0.954535|0.982422|0.910107|0.976432|0.933254|0.991379|0.963279|0.993755|0.987839|0.907254|0.955218|0.966963|0.951143|0.981367|0.908062|0.988146|0.948693|0.97528|0.971435,1.83843|4.29962|4.76499|6.06417|3.3576|2.44626|1.56401|3.9558|5.33688|3.89608|1.27114|1.47168|3.33226|0.195308|3.20918|3.21404|1.03722|2.11735|3.08695|2.66147,30.2686|24.4191|88.6198|37.015|10.4739|52.1141|66.6304|58.7029|31.5608|97.1045|61.2725|70.4589|63.8366|11.0615|32.2763|27.3162|28.0546|10.3361|29.3778,0.160201|0.207518|0.215223|0.187446|0.213299|0.187731|0.249271|0.197049|0.249069|0.225314|0.220481|0.160147|0.170284|0.208269|0.204609|0.234565|0.231137|0.229825|0.218806,0.559595|0.400846|0.305593|0.26228|0.441339|0.911759|0.311928|0.268944|0.544124|0.355382|0.792156|0.708174|0.370288|0.314052|0.689113|0.973123|0.31734|0.200889|0.694407,0.960777,0.865614,0.120899,0.0868004,0.0443973,0.549768,0.260837,0.538285,0.285384,0.878897,35.8152,3.31207e-13,55109,0.839609,94.1996,1.03756e-13,22888,0.849295,0.839791,0.0338668,0.656048,0.327512,0.511502,0.267077,0.510256,0.20836,0.865791,24.3765,1.91574e-12,96785,0.911926,34.976,6.36299e-12,85196
3,162,n1->n11->n21->n31->n32->n22->n23->n24->n34->n35->n36->n26->n16->n17->n27->n28->n18->n19->n9->n10,1.01975e+11|3.14092e+10|3.32883e+12|1.05065e+13|5.57525e+13|4.20781e+11|1.30754e+09|1.19647e+09|3.86712e+12|4.41215e+13|3.59186e+10|1.37743e+11|1.88403e+10|2.82283e+09|4.11784e+12|1.17142e+11|1.79344e+11|8.72734e+13|4.88974e+12|1.19036e+12,5.38235e+10|3.50301e+09|3.98612e+11|2.87737e+12|1.17595e+13|3.56381e+11|1.86199e+08|1.92545e+08|3.17678e+12|7.93273e+12|9.02372e+09|2.62358e+10|9.99594e+09|1.47131e+09|1.44429e+12|3.45855e+10|1.01158e+11|1.85268e+13|7.24919e+11|2.86476e+11,0.000676514|1.12087e-05|0.000328127|0.000258516|0.000134157|0.00083263|0.000133247|4.21479e-05|0.000266546|1.92715e-05|1.84923e-05|0.000235321|0.000390472|3.16477e-05|3.47922e-05|3.80731e-05|8.49582e-05|1.50238e-05|7.10273e-05|1.19625e-05,0.00399416|0.000724525|0.00838815|0.000145507|0.000327171|0.000180204|0.00202386|0.000227203|0.000845769|0.00212144|0.000242453|0.00480716|0.000762836|0.00565965|0.000452568|0.000758065|0.000487115|0.000314326|0.000942087|0.00158689,0.0195223|0.0441673|0.00424874|0.0234983|0.0310056|0.0174502|0.0324456|0.00100722|0.0487221|0.025793|0.0071675|0.0384258|0.0105597|0.0154786|0.0467803|0.0342796|0.0130827|0.00292072|0.00922358|0.00461288,0.0242107|0.0122031|0.0418058|0.00141098|0.0233521|0.0349072|0.038918|0.00787238|0.00196597|0.0261584|0.0405146|0.0313876|0.00944802|0.0100135|0.0312181|0.0019971|0.0139073|0.0395015|0.00472777|0.0271272,0.974039|0.954535|0.988633|0.964211|0.93521|0.921048|0.939452|0.963279|0.993755|0.987839|0.966963|0.951143|0.981367|0.908062|0.945212|0.975528|0.988146|0.948693|0.933061|0.971435,1.83843|4.29962|1.42119|2.15959|1.27982|2.04059|1.71839|3.9558|5.33688|3.89608|3.33226|0.195308|3.20918|3.21404|3.90137|1.77801|1.03722|2.11735|5.98339|2.66147,30.2686|65.1286|89.2299|63.0993|86.2435|55.8812|67.5745|58.7029|31.5608|18.7034|63.8366|11.0615|32.2763|72.2829|15.3326|43.2583|28.0546|99.0064|65.9961,0.160201|0.173408|0.184425|0.229355|0.237058|0.203103|0.161697|0.197049|0.249069|0.248201|0.170284|0.208269|0.204609|0.201328|0.198809|0.237801|0.231137|0.235802|0.209925,0.559595|0.625657|0.421838|0.385409|0.793503|0.544519|0.50952|0.268944|0.544124|0.327026|0.370288|0.314052|0.689113|0.672327|0.368688|0.352181|0.31734|0.976298|0.118233,0.960777,0.865614,0.120899,0.0868004,0.0443973,0.549768,0.260837,0.538285,0.285384,0.878897,35.8152,3.31207e-13,55109,0.839609,94.1996,1.03756e-13,22888,0.849295,0.839791,0.0338668,0.656048,0.327512,0.511502,0.267077,0.510256,0.20836,0.865791,24.3765,1.91574e-12,96785,0.911926,34.976,6.36299e-12,85196
3,163,n1->n11->n21->n22->n32->n33->n34->n24->n25->n35->n45->n46->n47->n48->n49->n50->n40->n30->n20->n10,1.01975e+11|3.14092e+10|3.32883e+12|4.20781e+11|5.57525e+13|3.61083e+09|3.86712e+12|1.19647e+09|4.7689e+13|4.41215e+13|1.44695e+11|1.87876e+09|7.2509e+10|2.53164e+09|3.80627e+12|6.4253e+09|4.94603e+09|1.51823e+10|2.0429e+12|1.19036e+12,5.38235e+10|3.50301e+09|3.98612e+11|3.56381e+11|1.17595e+13|4.75867e+08|3.17678e+12|1.92545e+08|2.99631e+13|7.93273e+12|2.01277e+10|2.58981e+08|8.55514e+09|5.33305e+08|8.66195e+11|2.63097e+09|4.0197e+09|2.91503e+09|8.72759e+11|2.86476e+11,0.000676514|1.12087e-05|0.000328127|0.00083263|0.000134157|0.000995589|0.000266546|4.21479e-05|0.000136619|1.92715e-05|0.000808537|9.70439e-05|2.75589e-05|2.98833e-05|0.000505517|3.36955e-05|0.000115573|7.04749e-05|0.000758131|1.19625e-05,0.00399416|0.000724525|0.00838815|0.000180204|0.000327171|0.000667762|0.000845769|0.000227203|0.000188414|0.00212144|0.000194969|0.00201201|0.000858037|0.000106722|0.000303357|0.000221174|0.00148668|0.000359249|0.00836606|0.00158689,0.0195223|0.0441673|0.00424874|0.0174502|0.0310056|9.64854e-05|0.0487221|0.00100722|0.0282036|0.025793|0.0260944|0.00436699|0.0495221|0.00476168|0.0269197|0.0464884|0.0255083|0.0183372|0.0340342|0.00461288,0.0242107|0.0122031|0.0418058|0.0349072|0.0233521|0.0476464|0.00196597|0.00787238|0.00307975|0.0261584|0.00984899|0.0220509|0.0498133|0.0226596|0.00920696|0.00215016|0.00180125|0.019548|0.0408908|0.0271272,0.974039|0.954535|0.988633|0.921048|0.93521|0.901898|0.993755|0.963279|0.940934|0.987839|0.907254|0.955218|0.993064|0.932268|0.947054|0.953689|0.947224|0.957367|0.97528|0.971435,1.83843|4.29962|1.42119|2.04059|1.27982|2.63005|5.33688|3.9558|2.45207|3.89608|1.27114|1.47168|2.65833|1.1332|0.957975|3.44484|1.65593|1.38161|3.08695|2.66147,30.2686|65.1286|34.0839|86.2435|67.4197|23.5709|58.7029|18.2346|88.4205|97.1045|61.2725|46.986|13.4252|52.0957|38.9947|91.3525|98.0873|23.9015|29.3778,0.160201|0.173408|0.249651|0.237058|0.205284|0.172729|0.197049|0.171758|0.213009|0.225314|0.220481|0.217938|0.225684|0.199115|0.216078|0.227952|0.181093|0.207243|0.218806,0.559595|0.625657|0.19649|0.793503|0.18105|0.429495|0.268944|0.457727|0.564157|0.355382|0.792156|0.895196|0.28245|0.263634|0.930713|0.133445|0.595683|0.865388|0.694407,0.960777,0.865614,0.120899,0.0868004,0.0443973,0.549768,0.260837,0.538285,0.285384,0.878897,35.8152,3.31207e-13,55109,0.839609,94.1996,1.03756e-13,22888,0.849295,0.839791,0.0338668,0.656048,0.327512,0.511502,0.267077,0.510256,0.20836,0.865791,24.3765,1.91574e-12,96785,0.911926,34.976,6.36299e-12,85196
3,164,n1->n11->n21->n31->n41->n51->n52->n42->n43->n33->n34->n24->n25->n15->n16->n17->n7->n8->n9->n10,1.01975e+11|3.14092e+10|3.32883e+12|1.05065e+13|5.16941e+10|1.79079e+10|9.60137e+12|7.74591e+09|5.27043e+13|3.61083e+09|3.86712e+12|1.19647e+09|4.7689e+13|3.53263e+12|1.88403e+10|2.82283e+09|1.59356e+10|3.02882e+10|4.88974e+12|1.19036e+12,5.38235e+10|3.50301e+09|3.98612e+11|2.87737e+12|2.30432e+10|5.07944e+09|8.49622e+12|5.89918e+09|2.73378e+13|4.75867e+08|3.17678e+12|1.92545e+08|2.99631e+13|2.01845e+12|9.99594e+09|1.47131e+09|4.18966e+09|6.71621e+09|7.24919e+11|2.86476e+11,0.000676514|1.12087e-05|0.000328127|0.000258516|9.89451e-05|1.49787e-05|0.000201338|2.62737e-05|1.37366e-05|0.000995589|0.000266546|4.21479e-05|0.000136619|0.000745688|0.000390472|3.16477e-05|2.6451e-05|0.000381371|7.10273e-05|1.19625e-05,0.00399416|0.000724525|0.00838815|0.000145507|0.000153616|0.00277039|0.0021176|0.000152147|0.00153702|0.000667762|0.000845769|0.000227203|0.000188414|0.00651336|0.000762836|0.00565965|0.000180791|0.00570991|0.000942087|0.00158689,0.0195223|0.0441673|0.00424874|0.0234983|0.00365206|0.0110849|0.0240015|0.0437873|0.0494539|9.64854e-05|0.0487221|0.00100722|0.0282036|0.0286763|0.0105597|0.0154786|0.0189999|0.0161017|0.00922358|0.00461288,0.0242107|0.0122031|0.0418058|0.00141098|0.00928288|0.00966927|0.0452593|0.0147664|0.0473458|0.0476464|0.00196597|0.00787238|0.00307975|0.0289577|0.00944802|0.0100135|0.0287911|0.0285758|0.00472777|0.0271272,0.974039|0.954535|0.988633|0.964211|0.918134|0.929913|0.948533|0.940415|0.91007|0.901898|0.993755|0.963279|0.940934|0.915893|0.981367|0.908062|0.934194|0.926425|0.933061|0.971435,1.83843|4.29962|1.42119|2.15959|3.82207|5.66976|2.23091|6.02574|2.48794|2.63005|5.33688|3.9558|2.45207|6.12587|3.20918|3.21404|3.83792|0.335111|5.98339|2.66147,30.2686|65.1286|89.2299|64.4551|23.0914|43.4967|93.5115|27.3217|49.6282|23.5709|58.7029|18.2346|54.7186|56.2706|32.2763|59.8148|55.4093|99.595|65.9961,0.160201|0.173408|0.184425|0.218858|0.18731|0.237144|0.23638|0.174647|0.16438|0.172729|0.197049|0.171758|0.218311|0.241506|0.204609|0.239012|0.163678|0.169867|0.209925,0.559595|0.625657|0.421838|0.533332|0.88871|0.296019|0.271578|0.427775|0.126669|0.429495|0.268944|0.457727|0.136449|0.350755|0.689113|0.920789|0.383219|0.512253|0.118233,0.960777,0.865614,0.120899,0.0868004,0.0443973,0.549768,0.260837,0.538285,0.285384,0.878897,35.8152,3.31207e-13,55109,0.839609,94.1996,1.03756e-13,22888,0.849295,0.839791,0.0338668,0.656048,0.327512,0.511502,0.267077,0.510256,0.20836,0.865791,24.3765,1.91574e-12,96785,0.911926,34.976,6.36299e-12,85196
3,165,n1->n11->n12->n22->n23->n33->n34->n35->n36->n46->n56->n57->n47->n48->n49->n50->n40->n30->n20->n10,1.01975e+11|3.14092e+10|2.01442e+09|4.20781e+11|1.30754e+09|3.61083e+09|3.86712e+12|4.41215e+13|3.59186e+10|1.87876e+09|2.91869e+10|3.92542e+09|7.2509e+10|2.53164e+09|3.80627e+12|6.4253e+09|4.94603e+09|1.51823e+10|2.0429e+12|1.19036e+12,5.38235e+10|3.50301e+09|2.86583e+08|3.56381e+11|1.86199e+08|4.75867e+08|3.17678e+12|7.93273e+12|9.02372e+09|2.58981e+08|2.62185e+10|2.41561e+09|8.55514e+09|5.33305e+08|8.66195e+11|2.63097e+09|4.0197e+09|2.91503e+09|8.72759e+11|2.86476e+11,0.000676514|1.12087e-05|4.59784e-05|0.00083263|0.000133247|0.000995589|0.000266546|1.92715e-05|1.84923e-05|9.70439e-05|6.16923e-05|3.65284e-05|2.75589e-05|2.98833e-05|0.000505517|3.36955e-05|0.000115573|7.04749e-05|0.000758131|1.19625e-05,0.00399416|0.000724525|0.0021887|0.000180204|0.00202386|0.000667762|0.000845769|0.00212144|0.000242453|0.00201201|0.0039825|0.00245714|0.000858037|0.000106722|0.000303357|0.000221174|0.00148668|0.000359249|0.00836606|0.00158689,0.0195223|0.0441673|0.0219518|0.0174502|0.0324456|9.64854e-05|0.0487221|0.025793|0.0071675|0.00436699|0.048341|0.0455045|0.0495221|0.00476168|0.0269197|0.0464884|0.0255083|0.0183372|0.0340342|0.00461288,0.0242107|0.0122031|0.0367098|0.0349072|0.038918|0.0476464|0.00196597|0.0261584|0.0405146|0.0220509|0.0351829|0.00905049|0.0498133|0.0226596|0.00920696|0.00215016|0.00180125|0.019548|0.0408908|0.0271272,0.974039|0.954535|0.982422|0.921048|0.939452|0.901898|0.993755|0.987839|0.966963|0.955218|0.915347|0.937321|0.993064|0.932268|0.947054|0.953689|0.947224|0.957367|0.97528|0.971435,1.83843|4.29962|4.76499|2.04059|1.71839|2.63005|5.33688|3.89608|3.33226|1.47168|3.68281|4.06597|2.65833|1.1332|0.957975|3.44484|1.65593|1.38161|3.08695|2.66147,30.2686|24.4191|13.2112|55.8812|76.7594|23.5709|31.5608|18.7034|70.4589|31.554|71.5316|88.8597|13.4252|52.0957|38.9947|91.3525|98.0873|23.9015|29.3778,0.160201|0.207518|0.197882|0.203103|0.215627|0.172729|0.249069|0.248201|0.160147|0.181191|0.236452|0.179021|0.225684|0.199115|0.216078|0.227952|0.181093|0.207243|0.218806,0.559595|0.400846|0.473279|0.544519|0.514356|0.429495|0.544124|0.327026|0.708174|0.547064|0.397829|0.980238|0.28245|0.263634|0.930713|0.133445|0.595683|0.865388|0.694407,0.960777,0.865614,0.120899,0.0868004,0.0443973,0.549768,0.260837,0.538285,0.285384,0.878897,35.8152,3.31207e-13,55109,0.839609,94.1996,1.03756e-13,22888,0.849295,0.839791,0.0338668,0.656048,0.327512,0.511502,0.267077,0.510256,0.20836,0.865791,24.3765,1.91574e-12,96785,0.911926,34.976,6.36299e-12,85196
3,166,n1->n11->n21->n22->n23->n24->n14->n4->n5->n15->n25->n35->n36->n37->n38->n39->n29->n30->n20->n10,1.01975e+11|3.14092e+10|3.32883e+12|4.20781e+11|1.30754e+09|1.19647e+09|1.55394e+12|2.41468e+10|1.71925e+10|3.53263e+12|4.7689e+13|4.41215e+13|3.59186e+10|7.44456e+10|2.12402e+13|1.22797e+10|2.58702e+12|1.51823e+10|2.0429e+12|1.19036e+12,5.38235e+10|3.50301e+09|3.98612e+11|3.56381e+11|1.86199e+08|1.92545e+08|5.08598e+11|2.58863e+09|1.24313e+10|2.01845e+12|2.99631e+13|7.93273e+12|9.02372e+09|3.47003e+10|5.17051e+12|9.03709e+09|1.13638e+12|2.91503e+09|8.72759e+11|2.86476e+11,0.000676514|1.12087e-05|0.000328127|0.00083263|0.000133247|4.21479e-05|0.000503586|0.00042822|3.93241e-05|0.000745688|0.000136619|1.92715e-05|1.84923e-05|0.000422484|6.19192e-05|4.92042e-05|0.000201956|7.04749e-05|0.000758131|1.19625e-05,0.00399416|0.000724525|0.00838815|0.000180204|0.00202386|0.000227203|0.000728986|0.000225383|0.00026326|0.00651336|0.000188414|0.00212144|0.000242453|0.00578717|0.000407214|0.00701273|0.00164535|0.000359249|0.00836606|0.00158689,0.0195223|0.0441673|0.00424874|0.0174502|0.0324456|0.00100722|0.0409863|0.00259026|0.0154625|0.0286763|0.0282036|0.025793|0.0071675|0.0273508|0.0259351|0.0103677|0.0479551|0.0183372|0.0340342|0.00461288,0.0242107|0.0122031|0.0418058|0.0349072|0.038918|0.00787238|0.0399677|0.0377939|0.0101575|0.0289577|0.00307975|0.0261584|0.0405146|0.0409943|0.0272425|0.0280029|0.0254172|0.019548|0.0408908|0.0271272,0.974039|0.954535|0.988633|0.921048|0.939452|0.963279|0.991379|0.933254|0.930177|0.915893|0.940934|0.987839|0.966963|0.948574|0.962744|0.950978|0.96957|0.957367|0.97528|0.971435,1.83843|4.29962|1.42119|2.04059|1.71839|3.9558|1.56401|2.44626|0.521104|6.12587|2.45207|3.89608|3.33226|2.98156|2.70493|5.20655|4.43247|1.38161|3.08695|2.66147,30.2686|65.1286|34.0839|55.8812|67.5745|66.6304|52.1141|81.7362|35.0583|54.7186|88.4205|18.7034|29.3504|37.0378|69.5993|44.1502|83.4704|23.9015|29.3778,0.160201|0.173408|0.249651|0.203103|0.161697|0.249271|0.187731|0.181317|0.211825|0.218311|0.213009|0.248201|0.166344|0.182534|0.162204|0.225177|0.226001|0.207243|0.218806,0.559595|0.625657|0.19649|0.544519|0.50952|0.311928|0.911759|0.126849|0.610625|0.136449|0.564157|0.327026|0.714949|0.771494|0.733363|0.713251|0.602098|0.865388|0.694407,0.960777,0.865614,0.120899,0.0868004,0.0443973,0.549768,0.260837,0.538285,0.285384,0.878897,35.8152,3.31207e-13,55109,0.839609,94.1996,1.03756e-13,22888,0.849295,0.839791,0.0338668,0.656048,0.327512,0.511502,0.267077,0.510256,0.20836,0.865791,24.3765,1.91574e-12,96785,0.911926,34.976,6.36299e-12,85196
3,167,n1->n2->n3->n4->n5->n6->n7->n8->n18->n17->n27->n26->n36->n37->n38->n39->n40->n30->n20->n10,1.01975e+11|2.19896e+12|9.86942e+11|2.41468e+10|1.71925e+10|6.20369e+09|1.59356e+10|3.02882e+10|1.79344e+11|2.82283e+09|4.11784e+12|1.37743e+11|3.59186e+10|7.44456e+10|2.12402e+13|1.22797e+10|4.94603e+09|1.51823e+10|2.0429e+12|1.19036e+12,5.38235e+10|7.99596e+11|2.57025e+11|2.58863e+09|1.24313e+10|1.6207e+09|4.18966e+09|6.71621e+09|1.01158e+11|1.47131e+09|1.44429e+12|2.62358e+10|9.02372e+09|3.47003e+10|5.17051e+12|9.03709e+09|4.0197e+09|2.91503e+09|8.72759e+11|2.86476e+11,0.000676514|0.000589285|0.000150675|0.00042822|3.93241e-05|0.000574029|2.6451e-05|0.000381371|8.49582e-05|3.16477e-05|3.47922e-05|0.000235321|1.84923e-05|0.000422484|6.19192e-05|4.92042e-05|0.000115573|7.04749e-05|0.000758131|1.19625e-05,0.00399416|0.00221248|0.00013293|0.000225383|0.00026326|0.000130191|0.000180791|0.00570991|0.000487115|0.00565965|0.000452568|0.00480716|0.000242453|0.00578717|0.000407214|0.00701273|0.00148668|0.000359249|0.00836606|0.00158689,0.0195223|0.0321365|0.0411064|0.00259026|0.0154625|0.0106337|0.0189999|0.0161017|0.0130827|0.0154786|0.0467803|0.0384258|0.0071675|0.0273508|0.0259351|0.0103677|0.0255083|0.0183372|0.0340342|0.00461288,0.0242107|0.00948841|0.0108323|0.0377939|0.0101575|0.0454173|0.0287911|0.0285758|0.0139073|0.0100135|0.0312181|0.0313876|0.0405146|0.0409943|0.0272425|0.0280029|0.00180125|0.019548|0.0408908|0.0271272,0.974039|0.910107|0.976432|0.933254|0.930177|0.984551|0.934194|0.926425|0.988146|0.908062|0.945212|0.951143|0.966963|0.948574|0.962744|0.950978|0.947224|0.957367|0.97528|0.971435,1.83843|6.06417|3.3576|2.44626|0.521104|4.26912|3.83792|0.335111|1.03722|3.21404|3.90137|0.195308|3.33226|2.98156|2.70493|5.20655|1.65593|1.38161|3.08695|2.66147,79.8117|37.015|10.4739|81.7362|37.2729|32.9383|55.4093|81.3396|27.3162|72.2829|42.5138|63.8366|29.3504|37.0378|69.5993|86.0567|98.0873|23.9015|29.3778,0.208125|0.187446|0.213299|0.181317|0.234823|0.234586|0.163678|0.194321|0.234565|0.201328|0.238968|0.170284|0.166344|0.182534|0.162204|0.184681|0.181093|0.207243|0.218806,0.112575|0.26228|0.441339|0.126849|0.434803|0.312661|0.383219|0.540423|0.973123|0.672327|0.209813|0.370288|0.714949|0.771494|0.733363|0.832174|0.595683|0.865388|0.694407,0.960777,0.865614,0.120899,0.0868004,0.0443973,0.549768,0.260837,0.538285,0.285384,0.878897,35.8152,3.31207e-13,55109,0.839609,94.1996,1.03756e-13,22888,0.849295,0.839791,0.0338668,0.656048,0.327512,0.511502,0.267077,0.510256,0.20836,0.865791,24.3765,1.91574e-12,96785,0.911926,34.976,6.36299e-12,85196
3,168,n1->n2->n12->n11->n21->n31->n32->n22->n23->n33->n34->n35->n36->n26->n16->n17->n7->n8->n9->n10,1.01975e+11|2.19896e+12|2.01442e+09|3.14092e+10|3.32883e+12|1.05065e+13|5.57525e+13|4.20781e+11|1.30754e+09|3.61083e+09|3.86712e+12|4.41215e+13|3.59186e+10|1.37743e+11|1.88403e+10|2.82283e+09|1.59356e+10|3.02882e+10|4.88974e+12|1.19036e+12,5.38235e+10|7.99596e+11|2.86583e+08|3.50301e+09|3.98612e+11|2.87737e+12|1.17595e+13|3.56381e+11|1.86199e+08|4.75867e+08|3.17678e+12|7.93273e+12|9.02372e+09|2.62358e+10|9.99594e+09|1.47131e+09|4.18966e+09|6.71621e+09|7.24919e+11|2.86476e+11,0.000676514|0.000589285|4.59784e-05|1.12087e-05|0.000328127|0.000258516|0.000134157|0.00083263|0.000133247|0.000995589|0.000266546|1.92715e-05|1.84923e-05|0.000235321|0.000390472|3.16477e-05|2.6451e-05|0.000381371|7.10273e-05|1.19625e-05,0.00399416|0.00221248|0.0021887|0.000724525|0.00838815|0.000145507|0.000327171|0.000180204|0.00202386|0.000667762|0.000845769|0.00212144|0.000242453|0.00480716|0.000762836|0.00565965|0.000180791|0.00570991|0.000942087|0.00158689,0.0195223|0.0321365|0.0219518|0.0441673|0.00424874|0.0234983|0.0310056|0.0174502|0.0324456|9.64854e-05|0.0487221|0.025793|0.0071675|0.0384258|0.0105597|0.0154786|0.0189999|0.0161017|0.00922358|0.00461288,0.0242107|0.00948841|0.0367098|0.0122031|0.0418058|0.00141098|0.0233521|0.0349072|0.038918|0.0476464|0.00196597|0.0261584|0.0405146|0.0313876|0.00944802|0.0100135|0.0287911|0.0285758|0.00472777|0.0271272,0.974039|0.910107|0.982422|0.954535|0.988633|0.964211|0.93521|0.921048|0.939452|0.901898|0.993755|0.987839|0.966963|0.951143|0.981367|0.908062|0.934194|0.926425|0.933061|0.971435,1.83843|6.06417|4.76499|4.29962|1.42119|2.15959|1.27982|2.04059|1.71839|2.63005|5.33688|3.89608|3.33226|0.195308|3.20918|3.21404|3.83792|0.335111|5.98339|2.66147,79.8117|88.6198|24.4191|65.1286|89.2299|63.0993|86.2435|55.8812|76.7594|23.5709|31.5608|18.7034|63.8366|11.0615|32.2763|59.8148|55.4093|99.595|65.9961,0.208125|0.215223|0.207518|0.173408|0.184425|0.229355|0.237058|0.203103|0.215627|0.172729|0.249069|0.248201|0.170284|0.208269|0.204609|0.239012|0.163678|0.169867|0.209925,0.112575|0.305593|0.400846|0.625657|0.421838|0.385409|0.793503|0.544519|0.514356|0.429495|0.544124|0.327026|0.370288|0.314052|0.689113|0.920789|0.383219|0.512253|0.118233,0.960777,0.865614,0.120899,0.0868004,0.0443973,0.549768,0.260837,0.538285,0.285384,0.878897,35.8152,3.31207e-13,55109,0.839609,94.1996,1.03756e-13,22888,0.849295,0.839791,0.0338668,0.656048,0.327512,0.511502,0.267077,0.510256,0.20836,0.865791,24.3765,1.91574e-12,96785,0.911926,34.976,6.36299e-12,85196
3,169,n1->n2->n3->n13->n23->n33->n34->n35->n45->n55->n56->n46->n47->n37->n27->n17->n18->n8->n9->n10,1.01975e+11|2.19896e+12|9.86942e+11|9.1461e+13|1.30754e+09|3.61083e+09|3.86712e+12|4.41215e+13|1.44695e+11|6.81743e+10|2.91869e+10|1.87876e+09|7.2509e+10|7.44456e+10|4.11784e+12|2.82283e+09|1.79344e+11|3.02882e+10|4.88974e+12|1.19036e+12,5.38235e+10|7.99596e+11|2.57025e+11|5.19514e+13|1.86199e+08|4.75867e+08|3.17678e+12|7.93273e+12|2.01277e+10|3.55746e+10|2.62185e+10|2.58981e+08|8.55514e+09|3.47003e+10|1.44429e+12|1.47131e+09|1.01158e+11|6.71621e+09|7.24919e+11|2.86476e+11,0.000676514|0.000589285|0.000150675|0.000506242|0.000133247|0.000995589|0.000266546|1.92715e-05|0.000808537|0.000792877|6.16923e-05|9.70439e-05|2.75589e-05|0.000422484|3.47922e-05|3.16477e-05|8.49582e-05|0.000381371|7.10273e-05|1.19625e-05,0.00399416|0.00221248|0.00013293|0.00462097|0.00202386|0.000667762|0.000845769|0.00212144|0.000194969|0.00217809|0.0039825|0.00201201|0.000858037|0.00578717|0.000452568|0.00565965|0.000487115|0.00570991|0.000942087|0.00158689,0.0195223|0.0321365|0.0411064|0.0365133|0.0324456|9.64854e-05|0.0487221|0.025793|0.0260944|0.0273583|0.048341|0.00436699|0.0495221|0.0273508|0.0467803|0.0154786|0.0130827|0.0161017|0.00922358|0.00461288,0.0242107|0.00948841|0.0108323|0.0400901|0.038918|0.0476464|0.00196597|0.0261584|0.00984899|0.0224299|0.0351829|0.0220509|0.0498133|0.0409943|0.0312181|0.0100135|0.0139073|0.0285758|0.00472777|0.0271272,0.974039|0.910107|0.976432|0.988795|0.939452|0.901898|0.993755|0.987839|0.907254|0.978678|0.915347|0.955218|0.993064|0.948574|0.945212|0.908062|0.988146|0.926425|0.933061|0.971435,1.83843|6.06417|3.3576|2.98582|1.71839|2.63005|5.33688|3.89608|1.27114|5.33855|3.68281|1.47168|2.65833|2.98156|3.90137|3.21404|1.03722|0.335111|5.98339|2.66147,79.8117|37.015|83.9106|51.9585|76.7594|23.5709|31.5608|97.1045|43.8659|40.979|31.554|46.986|88.6669|44.8869|72.2829|27.3162|81.3396|99.595|65.9961,0.208125|0.187446|0.176807|0.175743|0.215627|0.172729|0.249069|0.225314|0.205518|0.217473|0.181191|0.217938|0.229278|0.228687|0.201328|0.234565|0.194321|0.169867|0.209925,0.112575|0.26228|0.224294|0.236177|0.514356|0.429495|0.544124|0.355382|0.921463|0.909641|0.547064|0.895196|0.751697|0.320739|0.672327|0.973123|0.540423|0.512253|0.118233,0.960777,0.865614,0.120899,0.0868004,0.0443973,0.549768,0.260837,0.538285,0.285384,0.878897,35.8152,3.31207e-13,55109,0.839609,94.1996,1.03756e-13,22888,0.849295,0.839791,0.0338668,0.656048,0.327512,0.511502,0.267077,0.510256,0.20836,0.865791,24.3765,1.91574e-12,96785,0.911926,34.976,6.36299e-12,85196
3,170,n1->n2->n3->n13->n23->n33->n34->n35->n36->n46->n47->n48->n38->n37->n27->n17->n18->n19->n20->n10,1.01975e+11|2.19896e+12|9.86942e+11|9.1461e+13|1.30754e+09|3.61083e+09|3.86712e+12|4.41215e+13|3.59186e+10|1.87876e+09|7.2509e+10|2.53164e+09|2.12402e+13|7.44456e+10|4.11784e+12|2.82283e+09|1.79344e+11|8.72734e+13|2.0429e+12|1.19036e+12,5.38235e+10|7.99596e+11|2.57025e+11|5.19514e+13|1.86199e+08|4.75867e+08|3.17678e+12|7.93273e+12|9.02372e+09|2.58981e+08|8.55514e+09|5.33305e+08|5.17051e+12|3.47003e+10|1.44429e+12|1.47131e+09|1.01158e+11|1.85268e+13|8.72759e+11|2.86476e+11,0.000676514|0.000589285|0.000150675|0.000506242|0.000133247|0.000995589|0.000266546|1.92715e-05|1.84923e-05|9.70439e-05|2.75589e-05|2.98833e-05|6.19192e-05|0.000422484|3.47922e-05|3.16477e-05|8.49582e-05|1.50238e-05|0.000758131|1.19625e-05,0.00399416|0.00221248|0.00013293|0.00462097|0.00202386|0.000667762|0.000845769|0.00212144|0.000242453|0.00201201|0.000858037|0.000106722|0.000407214|0.00578717|0.000452568|0.00565965|0.000487115|0.000314326|0.00836606|0.00158689,0.0195223|0.0321365|0.0411064|0.0365133|0.0324456|9.64854e-05|0.0487221|0.025793|0.0071675|0.00436699|0.0495221|0.00476168|0.0259351|0.0273508|0.0467803|0.0154786|0.0130827|0.00292072|0.0340342|0.00461288,0.0242107|0.00948841|0.0108323|0.0400901|0.038918|0.0476464|0.00196597|0.0261584|0.0405146|0.0220509|0.0498133|0.0226596|0.0272425|0.0409943|0.0312181|0.0100135|0.0139073|0.0395015|0.0408908|0.0271272,0.974039|0.910107|0.976432|0.988795|0.939452|0.901898|0.993755|0.987839|0.966963|0.955218|0.993064|0.932268|0.962744|0.948574|0.945212|0.908062|0.988146|0.948693|0.97528|0.971435,1.83843|6.06417|3.3576|2.98582|1.71839|2.63005|5.33688|3.89608|3.33226|1.47168|2.65833|1.1332|2.70493|2.98156|3.90137|3.21404|1.03722|2.11735|3.08695|2.66147,79.8117|37.015|83.9106|51.9585|76.7594|23.5709|31.5608|18.7034|70.4589|46.986|13.4252|21.8454|37.0378|44.8869|72.2829|27.3162|28.0546|10.3361|29.3778,0.208125|0.187446|0.176807|0.175743|0.215627|0.172729|0.249069|0.248201|0.160147|0.217938|0.225684|0.249113|0.182534|0.228687|0.201328|0.234565|0.231137|0.229825|0.218806,0.112575|0.26228|0.224294|0.236177|0.514356|0.429495|0.544124|0.327026|0.708174|0.895196|0.28245|0.318363|0.771494|0.320739|0.672327|0.973123|0.31734|0.200889|0.694407,0.960777,0.865614,0.120899,0.0868004,0.0443973,0.549768,0.260837,0.538285,0.285384,0.878897,35.8152,3.31207e-13,55109,0.839609,94.1996,1.03756e-13,22888,0.849295,0.839791,0.0338668,0.656048,0.327512,0.511502,0.267077,0.510256,0.20836,0.865791,24.3765,1.91574e-12,96785,0.911926,34.976,6.36299e-12,85196
3,171,n1->n2->n12->n22->n23->n33->n34->n44->n45->n35->n25->n26->n16->n17->n7->n8->n9->n19->n20->n10,1.01975e+11|2.19896e+12|2.01442e+09|4.20781e+11|1.30754e+09|3.61083e+09|3.86712e+12|3.78167e+10|1.44695e+11|4.41215e+13|4.7689e+13|1.37743e+11|1.88403e+10|2.82283e+09|1.59356e+10|3.02882e+10|4.88974e+12|8.72734e+13|2.0429e+12|1.19036e+12,5.38235e+10|7.99596e+11|2.86583e+08|3.56381e+11|1.86199e+08|4.75867e+08|3.17678e+12|5.09814e+09|2.01277e+10|7.93273e+12|2.99631e+13|2.62358e+10|9.99594e+09|1.47131e+09|4.18966e+09|6.71621e+09|7.24919e+11|1.85268e+13|8.72759e+11|2.86476e+11,0.000676514|0.000589285|4.59784e-05|0.00083263|0.000133247|0.000995589|0.000266546|0.000245243|0.000808537|1.92715e-05|0.000136619|0.000235321|0.000390472|3.16477e-05|2.6451e-05|0.000381371|7.10273e-05|1.50238e-05|0.000758131|1.19625e-05,0.00399416|0.00221248|0.0021887|0.000180204|0.00202386|0.000667762|0.000845769|0.000352937|0.000194969|0.00212144|0.000188414|0.00480716|0.000762836|0.00565965|0.000180791|0.00570991|0.000942087|0.000314326|0.00836606|0.00158689,0.0195223|0.0321365|0.0219518|0.0174502|0.0324456|9.64854e-05|0.0487221|0.0172433|0.0260944|0.025793|0.0282036|0.0384258|0.0105597|0.0154786|0.0189999|0.0161017|0.00922358|0.00292072|0.0340342|0.00461288,0.0242107|0.00948841|0.0367098|0.0349072|0.038918|0.0476464|0.00196597|0.00451794|0.00984899|0.0261584|0.00307975|0.0313876|0.00944802|0.0100135|0.0287911|0.0285758|0.00472777|0.0395015|0.0408908|0.0271272,0.974039|0.910107|0.982422|0.921048|0.939452|0.901898|0.993755|0.947307|0.907254|0.987839|0.940934|0.951143|0.981367|0.908062|0.934194|0.926425|0.933061|0.948693|0.97528|0.971435,1.83843|6.06417|4.76499|2.04059|1.71839|2.63005|5.33688|0.993798|1.27114|3.89608|2.45207|0.195308|3.20918|3.21404|3.83792|0.335111|5.98339|2.11735|3.08695|2.66147,79.8117|88.6198|13.2112|55.8812|76.7594|23.5709|46.2248|89.5651|97.1045|88.4205|55.6995|11.0615|32.2763|59.8148|55.4093|99.595|99.0064|10.3361|29.3778,0.208125|0.215223|0.197882|0.203103|0.215627|0.172729|0.191997|0.221011|0.225314|0.213009|0.228068|0.208269|0.204609|0.239012|0.163678|0.169867|0.235802|0.229825|0.218806,0.112575|0.305593|0.473279|0.544519|0.514356|0.429495|0.347389|0.811541|0.355382|0.564157|0.389261|0.314052|0.689113|0.920789|0.383219|0.512253|0.976298|0.200889|0.694407,0.960777,0.865614,0.120899,0.0868004,0.0443973,0.549768,0.260837,0.538285,0.285384,0.878897,35.8152,3.31207e-13,55109,0.839609,94.1996,1.03756e-13,22888,0.849295,0.839791,0.0338668,0.656048,0.327512,0.511502,0.267077,0.510256,0.20836,0.865791,24.3765,1.91574e-12,96785,0.911926,34.976,6.36299e-12,85196
3,172,n1->n2->n12->n11->n21->n22->n32->n33->n34->n35->n25->n24->n14->n4->n5->n6->n7->n8->n9->n10,1.01975e+11|2.19896e+12|2.01442e+09|3.14092e+10|3.32883e+12|4.20781e+11|5.57525e+13|3.61083e+09|3.86712e+12|4.41215e+13|4.7689e+13|1.19647e+09|1.55394e+12|2.41468e+10|1.71925e+10|6.20369e+09|1.59356e+10|3.02882e+10|4.88974e+12|1.19036e+12,5.38235e+10|7.99596e+11|2.86583e+08|3.50301e+09|3.98612e+11|3.56381e+11|1.17595e+13|4.75867e+08|3.17678e+12|7.93273e+12|2.99631e+13|1.92545e+08|5.08598e+11|2.58863e+09|1.24313e+10|1.6207e+09|4.18966e+09|6.71621e+09|7.24919e+11|2.86476e+11,0.000676514|0.000589285|4.59784e-05|1.12087e-05|0.000328127|0.00083263|0.000134157|0.000995589|0.000266546|1.92715e-05|0.000136619|4.21479e-05|0.000503586|0.00042822|3.93241e-05|0.000574029|2.6451e-05|0.000381371|7.10273e-05|1.19625e-05,0.00399416|0.00221248|0.0021887|0.000724525|0.00838815|0.000180204|0.000327171|0.000667762|0.000845769|0.00212144|0.000188414|0.000227203|0.000728986|0.000225383|0.00026326|0.000130191|0.000180791|0.00570991|0.000942087|0.00158689,0.0195223|0.0321365|0.0219518|0.0441673|0.00424874|0.0174502|0.0310056|9.64854e-05|0.0487221|0.025793|0.0282036|0.00100722|0.0409863|0.00259026|0.0154625|0.0106337|0.0189999|0.0161017|0.00922358|0.00461288,0.0242107|0.00948841|0.0367098|0.0122031|0.0418058|0.0349072|0.0233521|0.0476464|0.00196597|0.0261584|0.00307975|0.00787238|0.0399677|0.0377939|0.0101575|0.0454173|0.0287911|0.0285758|0.00472777|0.0271272,0.974039|0.910107|0.982422|0.954535|0.988633|0.921048|0.93521|0.901898|0.993755|0.987839|0.940934|0.963279|0.991379|0.933254|0.930177|0.984551|0.934194|0.926425|0.933061|0.971435,1.83843|6.06417|4.76499|4.29962|1.42119|2.04059|1.27982|2.63005|5.33688|3.89608|2.45207|3.9558|1.56401|2.44626|0.521104|4.26912|3.83792|0.335111|5.98339|2.66147,79.8117|88.6198|24.4191|65.1286|34.0839|86.2435|67.4197|23.5709|31.5608|88.4205|18.2346|66.6304|52.1141|81.7362|37.2729|32.9383|55.4093|99.595|65.9961,0.208125|0.215223|0.207518|0.173408|0.249651|0.237058|0.205284|0.172729|0.249069|0.213009|0.171758|0.249271|0.187731|0.181317|0.234823|0.234586|0.163678|0.169867|0.209925,0.112575|0.305593|0.400846|0.625657|0.19649|0.793503|0.18105|0.429495|0.544124|0.564157|0.457727|0.311928|0.911759|0.126849|0.434803|0.312661|0.383219|0.512253|0.118233,0.960777,0.865614,0.120899,0.0868004,0.0443973,0.549768,0.260837,0.538285,0.285384,0.878897,35.8152,3.31207e-13,55109,0.839609,94.1996,1.03756e-13,22888,0.849295,0.839791,0.0338668,0.656048,0.327512,0.511502,0.267077,0.510256,0.20836,0.865791,24.3765,1.91574e-12,96785,0.911926,34.976,6.36299e-12,85196
3,173,n1->n2->n3->n4->n5->n15->n25->n24->n34->n35->n45->n46->n36->n37->n27->n28->n29->n19->n9->n10,1.01975e+11|2.19896e+12|9.86942e+11|2.41468e+10|1.71925e+10|3.53263e+12|4.7689e+13|1.19647e+09|3.86712e+12|4.41215e+13|1.44695e+11|1.87876e+09|3.59186e+10|7.44456e+10|4.11784e+12|1.17142e+11|2.58702e+12|8.72734e+13|4.88974e+12|1.19036e+12,5.38235e+10|7.99596e+11|2.57025e+11|2.58863e+09|1.24313e+10|2.01845e+12|2.99631e+13|1.92545e+08|3.17678e+12|7.93273e+12|2.01277e+10|2.58981e+08|9.02372e+09|3.47003e+10|1.44429e+12|3.45855e+10|1.13638e+12|1.85268e+13|7.24919e+11|2.86476e+11,0.000676514|0.000589285|0.000150675|0.00042822|3.93241e-05|0.000745688|0.000136619|4.21479e-05|0.000266546|1.92715e-05|0.000808537|9.70439e-05|1.84923e-05|0.000422484|3.47922e-05|3.80731e-05|0.000201956|1.50238e-05|7.10273e-05|1.19625e-05,0.00399416|0.00221248|0.00013293|0.000225383|0.00026326|0.00651336|0.000188414|0.000227203|0.000845769|0.00212144|0.000194969|0.00201201|0.000242453|0.00578717|0.000452568|0.000758065|0.00164535|0.000314326|0.000942087|0.00158689,0.0195223|0.0321365|0.0411064|0.00259026|0.0154625|0.0286763|0.0282036|0.00100722|0.0487221|0.025793|0.0260944|0.00436699|0.0071675|0.0273508|0.0467803|0.0342796|0.0479551|0.00292072|0.00922358|0.00461288,0.0242107|0.00948841|0.0108323|0.0377939|0.0101575|0.0289577|0.00307975|0.00787238|0.00196597|0.0261584|0.00984899|0.0220509|0.0405146|0.0409943|0.0312181|0.0019971|0.0254172|0.0395015|0.00472777|0.0271272,0.974039|0.910107|0.976432|0.933254|0.930177|0.915893|0.940934|0.963279|0.993755|0.987839|0.907254|0.955218|0.966963|0.948574|0.945212|0.975528|0.96957|0.948693|0.933061|0.971435,1.83843|6.06417|3.3576|2.44626|0.521104|6.12587|2.45207|3.9558|5.33688|3.89608|1.27114|1.47168|3.33226|2.98156|3.90137|1.77801|4.43247|2.11735|5.98339|2.66147,79.8117|37.015|10.4739|81.7362|35.0583|54.7186|18.2346|58.7029|31.5608|97.1045|61.2725|70.4589|29.3504|44.8869|15.3326|39.0733|84.7043|99.0064|65.9961,0.208125|0.187446|0.213299|0.181317|0.211825|0.218311|0.171758|0.197049|0.249069|0.225314|0.220481|0.160147|0.166344|0.228687|0.198809|0.16763|0.185955|0.235802|0.209925,0.112575|0.26228|0.441339|0.126849|0.610625|0.136449|0.457727|0.268944|0.544124|0.355382|0.792156|0.708174|0.714949|0.320739|0.368688|0.47242|0.580258|0.976298|0.118233,0.960777,0.865614,0.120899,0.0868004,0.0443973,0.549768,0.260837,0.538285,0.285384,0.878897,35.8152,3.31207e-13,55109,0.839609,94.1996,1.03756e-13,22888,0.849295,0.839791,0.0338668,0.656048,0.327512,0.511502,0.267077,0.510256,0.20836,0.865791,24.3765,1.91574e-12,96785,0.911926,34.976,6.36299e-12,85196
3,174,n1->n2->n12->n22->n23->n13->n3->n4->n5->n15->n14->n24->n25->n26->n16->n17->n7->n8->n9->n10,1.01975e+11|2.19896e+12|2.01442e+09|4.20781e+11|1.30754e+09|9.1461e+13|9.86942e+11|2.41468e+10|1.71925e+10|3.53263e+12|1.55394e+12|1.19647e+09|4.7689e+13|1.37743e+11|1.88403e+10|2.82283e+09|1.59356e+10|3.02882e+10|4.88974e+12|1.19036e+12,5.38235e+10|7.99596e+11|2.86583e+08|3.56381e+11|1.86199e+08|5.19514e+13|2.57025e+11|2.58863e+09|1.24313e+10|2.01845e+12|5.08598e+11|1.92545e+08|2.99631e+13|2.62358e+10|9.99594e+09|1.47131e+09|4.18966e+09|6.71621e+09|7.24919e+11|2.86476e+11,0.000676514|0.000589285|4.59784e-05|0.00083263|0.000133247|0.000506242|0.000150675|0.00042822|3.93241e-05|0.000745688|0.000503586|4.21479e-05|0.000136619|0.000235321|0.000390472|3.16477e-05|2.6451e-05|0.000381371|7.10273e-05|1.19625e-05,0.00399416|0.00221248|0.0021887|0.000180204|0.00202386|0.00462097|0.00013293|0.000225383|0.00026326|0.00651336|0.000728986|0.000227203|0.000188414|0.00480716|0.000762836|0.00565965|0.000180791|0.00570991|0.000942087|0.00158689,0.0195223|0.0321365|0.0219518|0.0174502|0.0324456|0.0365133|0.0411064|0.00259026|0.0154625|0.0286763|0.0409863|0.00100722|0.0282036|0.0384258|0.0105597|0.0154786|0.0189999|0.0161017|0.00922358|0.00461288,0.0242107|0.00948841|0.0367098|0.0349072|0.038918|0.0400901|0.0108323|0.0377939|0.0101575|0.0289577|0.0399677|0.00787238|0.00307975|0.0313876|0.00944802|0.0100135|0.0287911|0.0285758|0.00472777|0.0271272,0.974039|0.910107|0.982422|0.921048|0.939452|0.988795|0.976432|0.933254|0.930177|0.915893|0.991379|0.963279|0.940934|0.951143|0.981367|0.908062|0.934194|0.926425|0.933061|0.971435,1.83843|6.06417|4.76499|2.04059|1.71839|2.98582|3.3576|2.44626|0.521104|6.12587|1.56401|3.9558|2.45207|0.195308|3.20918|3.21404|3.83792|0.335111|5.98339|2.66147,79.8117|88.6198|13.2112|55.8812|51.9585|83.9106|10.4739|81.7362|35.0583|92.5451|66.6304|18.2346|55.6995|11.0615|32.2763|59.8148|55.4093|99.595|65.9961,0.208125|0.215223|0.197882|0.203103|0.175743|0.176807|0.213299|0.181317|0.211825|0.174898|0.249271|0.171758|0.228068|0.208269|0.204609|0.239012|0.163678|0.169867|0.209925,0.112575|0.305593|0.473279|0.544519|0.236177|0.224294|0.441339|0.126849|0.610625|0.692675|0.311928|0.457727|0.389261|0.314052|0.689113|0.920789|0.383219|0.512253|0.118233,0.960777,0.865614,0.120899,0.0868004,0.0443973,0.549768,0.260837,0.538285,0.285384,0.878897,35.8152,3.31207e-13,55109,0.839609,94.1996,1.03756e-13,22888,0.849295,0.839791,0.0338668,0.656048,0.327512,0.511502,0.267077,0.510256,0.20836,0.865791,24.3765,1.91574e-12,96785,0.911926,34.976,6.36299e-12,85196
3,175,n1->n11->n21->n22->n32->n42->n52->n53->n43->n33->n23->n13->n3->n4->n5->n6->n7->n8->n9->n10,1.01975e+11|3.14092e+10|3.32883e+12|4.20781e+11|5.57525e+13|7.74591e+09|9.60137e+12|1.59175e+12|5.27043e+13|3.61083e+09|1.30754e+09|9.1461e+13|9.86942e+11|2.41468e+10|1.71925e+10|6.20369e+09|1.59356e+10|3.02882e+10|4.88974e+12|1.19036e+12,5.38235e+10|3.50301e+09|3.98612e+11|3.56381e+11|1.17595e+13|5.89918e+09|8.49622e+12|5.59776e+11|2.73378e+13|4.75867e+08|1.86199e+08|5.19514e+13|2.57025e+11|2.58863e+09|1.24313e+10|1.6207e+09|4.18966e+09|6.71621e+09|7.24919e+11|2.86476e+11,0.000676514|1.12087e-05|0.000328127|0.00083263|0.000134157|2.62737e-05|0.000201338|1.77027e-05|1.37366e-05|0.000995589|0.000133247|0.000506242|0.000150675|0.00042822|3.93241e-05|0.000574029|2.6451e-05|0.000381371|7.10273e-05|1.19625e-05,0.00399416|0.000724525|0.00838815|0.000180204|0.000327171|0.000152147|0.0021176|0.00061017|0.00153702|0.000667762|0.00202386|0.00462097|0.00013293|0.000225383|0.00026326|0.000130191|0.000180791|0.00570991|0.000942087|0.00158689,0.0195223|0.0441673|0.00424874|0.0174502|0.0310056|0.0437873|0.0240015|0.0156663|0.0494539|9.64854e-05|0.0324456|0.0365133|0.0411064|0.00259026|0.0154625|0.0106337|0.0189999|0.0161017|0.00922358|0.00461288,0.0242107|0.0122031|0.0418058|0.0349072|0.0233521|0.0147664|0.0452593|0.0423417|0.0473458|0.0476464|0.038918|0.0400901|0.0108323|0.0377939|0.0101575|0.0454173|0.0287911|0.0285758|0.00472777|0.0271272,0.974039|0.954535|0.988633|0.921048|0.93521|0.940415|0.948533|0.93599|0.91007|0.901898|0.939452|0.988795|0.976432|0.933254|0.930177|0.984551|0.934194|0.926425|0.933061|0.971435,1.83843|4.29962|1.42119|2.04059|1.27982|6.02574|2.23091|5.16198|2.48794|2.63005|1.71839|2.98582|3.3576|2.44626|0.521104|4.26912|3.83792|0.335111|5.98339|2.66147,30.2686|65.1286|34.0839|86.2435|70.8805|93.5115|21.0603|26.2497|49.6282|76.7594|51.9585|83.9106|10.4739|81.7362|37.2729|32.9383|55.4093|99.595|65.9961,0.160201|0.173408|0.249651|0.237058|0.21996|0.23638|0.237772|0.204031|0.16438|0.215627|0.175743|0.176807|0.213299|0.181317|0.234823|0.234586|0.163678|0.169867|0.209925,0.559595|0.625657|0.19649|0.793503|0.879118|0.271578|0.373281|0.167798|0.126669|0.514356|0.236177|0.224294|0.441339|0.126849|0.434803|0.312661|0.383219|0.512253|0.118233,0.960777,0.865614,0.120899,0.0868004,0.0443973,0.549768,0.260837,0.538285,0.285384,0.878897,35.8152,3.31207e-13,55109,0.839609,94.1996,1.03756e-13,22888,0.849295,0.839791,0.0338668,0.656048,0.327512,0.511502,0.267077,0.510256,0.20836,0.865791,24.3765,1.91574e-12,96785,0.911926,34.976,6.36299e-12,85196
3,176,n1->n11->n21->n22->n12->n2->n3->n4->n14->n15->n5->n6->n16->n17->n7->n8->n9->n19->n20->n10,1.01975e+11|3.14092e+10|3.32883e+12|4.20781e+11|2.01442e+09|2.19896e+12|9.86942e+11|2.41468e+10|1.55394e+12|3.53263e+12|1.71925e+10|6.20369e+09|1.88403e+10|2.82283e+09|1.59356e+10|3.02882e+10|4.88974e+12|8.72734e+13|2.0429e+12|1.19036e+12,5.38235e+10|3.50301e+09|3.98612e+11|3.56381e+11|2.86583e+08|7.99596e+11|2.57025e+11|2.58863e+09|5.08598e+11|2.01845e+12|1.24313e+10|1.6207e+09|9.99594e+09|1.47131e+09|4.18966e+09|6.71621e+09|7.24919e+11|1.85268e+13|8.72759e+11|2.86476e+11,0.000676514|1.12087e-05|0.000328127|0.00083263|4.59784e-05|0.000589285|0.000150675|0.00042822|0.000503586|0.000745688|3.93241e-05|0.000574029|0.000390472|3.16477e-05|2.6451e-05|0.000381371|7.10273e-05|1.50238e-05|0.000758131|1.19625e-05,0.00399416|0.000724525|0.00838815|0.000180204|0.0021887|0.00221248|0.00013293|0.000225383|0.000728986|0.00651336|0.00026326|0.000130191|0.000762836|0.00565965|0.000180791|0.00570991|0.000942087|0.000314326|0.00836606|0.00158689,0.0195223|0.0441673|0.00424874|0.0174502|0.0219518|0.0321365|0.0411064|0.00259026|0.0409863|0.0286763|0.0154625|0.0106337|0.0105597|0.0154786|0.0189999|0.0161017|0.00922358|0.00292072|0.0340342|0.00461288,0.0242107|0.0122031|0.0418058|0.0349072|0.0367098|0.00948841|0.0108323|0.0377939|0.0399677|0.0289577|0.0101575|0.0454173|0.00944802|0.0100135|0.0287911|0.0285758|0.00472777|0.0395015|0.0408908|0.0271272,0.974039|0.954535|0.988633|0.921048|0.982422|0.910107|0.976432|0.933254|0.991379|0.915893|0.930177|0.984551|0.981367|0.908062|0.934194|0.926425|0.933061|0.948693|0.97528|0.971435,1.83843|4.29962|1.42119|2.04059|4.76499|6.06417|3.3576|2.44626|1.56401|6.12587|0.521104|4.26912|3.20918|3.21404|3.83792|0.335111|5.98339|2.11735|3.08695|2.66147,30.2686|65.1286|34.0839|13.2112|88.6198|37.015|10.4739|52.1141|92.5451|35.0583|37.2729|50.0569|32.2763|59.8148|55.4093|99.595|99.0064|10.3361|29.3778,0.160201|0.173408|0.249651|0.197882|0.215223|0.187446|0.213299|0.187731|0.174898|0.211825|0.234823|0.186675|0.204609|0.239012|0.163678|0.169867|0.235802|0.229825|0.218806,0.559595|0.625657|0.19649|0.473279|0.305593|0.26228|0.441339|0.911759|0.692675|0.610625|0.434803|0.371607|0.689113|0.920789|0.383219|0.512253|0.976298|0.200889|0.694407,0.960777,0.865614,0.120899,0.0868004,0.0443973,0.549768,0.260837,0.538285,0.285384,0.878897,35.8152,3.31207e-13,55109,0.839609,94.1996,1.03756e-13,22888,0.849295,0.839791,0.0338668,0.656048,0.327512,0.511502,0.267077,0.510256,0.20836,0.865791,24.3765,1.91574e-12,96785,0.911926,34.976,6.36299e-12,85196
3,177,n1->n11->n12->n13->n14->n15->n25->n35->n34->n44->n45->n46->n36->n26->n27->n17->n7->n8->n9->n10,1.01975e+11|3.14092e+10|2.01442e+09|9.1461e+13|1.55394e+12|3.53263e+12|4.7689e+13|4.41215e+13|3.86712e+12|3.78167e+10|1.44695e+11|1.87876e+09|3.59186e+10|1.37743e+11|4.11784e+12|2.82283e+09|1.59356e+10|3.02882e+10|4.88974e+12|1.19036e+12,5.38235e+10|3.50301e+09|2.86583e+08|5.19514e+13|5.08598e+11|2.01845e+12|2.99631e+13|7.93273e+12|3.17678e+12|5.09814e+09|2.01277e+10|2.58981e+08|9.02372e+09|2.62358e+10|1.44429e+12|1.47131e+09|4.18966e+09|6.71621e+09|7.24919e+11|2.86476e+11,0.000676514|1.12087e-05|4.59784e-05|0.000506242|0.000503586|0.000745688|0.000136619|1.92715e-05|0.000266546|0.000245243|0.000808537|9.70439e-05|1.84923e-05|0.000235321|3.47922e-05|3.16477e-05|2.6451e-05|0.000381371|7.10273e-05|1.19625e-05,0.00399416|0.000724525|0.0021887|0.00462097|0.000728986|0.00651336|0.000188414|0.00212144|0.000845769|0.000352937|0.000194969|0.00201201|0.000242453|0.00480716|0.000452568|0.00565965|0.000180791|0.00570991|0.000942087|0.00158689,0.0195223|0.0441673|0.0219518|0.0365133|0.0409863|0.0286763|0.0282036|0.025793|0.0487221|0.0172433|0.0260944|0.00436699|0.0071675|0.0384258|0.0467803|0.0154786|0.0189999|0.0161017|0.00922358|0.00461288,0.0242107|0.0122031|0.0367098|0.0400901|0.0399677|0.0289577|0.00307975|0.0261584|0.00196597|0.00451794|0.00984899|0.0220509|0.0405146|0.0313876|0.0312181|0.0100135|0.0287911|0.0285758|0.00472777|0.0271272,0.974039|0.954535|0.982422|0.988795|0.991379|0.915893|0.940934|0.987839|0.993755|0.947307|0.907254|0.955218|0.966963|0.951143|0.945212|0.908062|0.934194|0.926425|0.933061|0.971435,1.83843|4.29962|4.76499|2.98582|1.56401|6.12587|2.45207|3.89608|5.33688|0.993798|1.27114|1.47168|3.33226|0.195308|3.90137|3.21404|3.83792|0.335111|5.98339|2.66147,30.2686|24.4191|13.9548|56.34|92.5451|54.7186|88.4205|31.5608|46.2248|89.5651|61.2725|70.4589|63.8366|42.5138|72.2829|59.8148|55.4093|99.595|65.9961,0.160201|0.207518|0.164045|0.189445|0.174898|0.218311|0.213009|0.249069|0.191997|0.221011|0.220481|0.160147|0.170284|0.238968|0.201328|0.239012|0.163678|0.169867|0.209925,0.559595|0.400846|0.842052|0.972418|0.692675|0.136449|0.564157|0.544124|0.347389|0.811541|0.792156|0.708174|0.370288|0.209813|0.672327|0.920789|0.383219|0.512253|0.118233,0.960777,0.865614,0.120899,0.0868004,0.0443973,0.549768,0.260837,0.538285,0.285384,0.878897,35.8152,3.31207e-13,55109,0.839609,94.1996,1.03756e-13,22888,0.849295,0.839791,0.0338668,0.656048,0.327512,0.511502,0.267077,0.510256,0.20836,0.865791,24.3765,1.91574e-12,96785,0.911926,34.976,6.36299e-12,85196
3,178,n1->n11->n12->n2->n3->n4->n14->n13->n23->n33->n34->n24->n25->n15->n5->n6->n7->n8->n9->n10,1.01975e+11|3.14092e+10|2.01442e+09|2.19896e+12|9.86942e+11|2.41468e+10|1.55394e+12|9.1461e+13|1.30754e+09|3.61083e+09|3.86712e+12|1.19647e+09|4.7689e+13|3.53263e+12|1.71925e+10|6.20369e+09|1.59356e+10|3.02882e+10|4.88974e+12|1.19036e+12,5.38235e+10|3.50301e+09|2.86583e+08|7.99596e+11|2.57025e+11|2.58863e+09|5.08598e+11|5.19514e+13|1.86199e+08|4.75867e+08|3.17678e+12|1.92545e+08|2.99631e+13|2.01845e+12|1.24313e+10|1.6207e+09|4.18966e+09|6.71621e+09|7.24919e+11|2.86476e+11,0.000676514|1.12087e-05|4.59784e-05|0.000589285|0.000150675|0.00042822|0.000503586|0.000506242|0.000133247|0.000995589|0.000266546|4.21479e-05|0.000136619|0.000745688|3.93241e-05|0.000574029|2.6451e-05|0.000381371|7.10273e-05|1.19625e-05,0.00399416|0.000724525|0.0021887|0.00221248|0.00013293|0.000225383|0.000728986|0.00462097|0.00202386|0.000667762|0.000845769|0.000227203|0.000188414|0.00651336|0.00026326|0.000130191|0.000180791|0.00570991|0.000942087|0.00158689,0.0195223|0.0441673|0.0219518|0.0321365|0.0411064|0.00259026|0.0409863|0.0365133|0.0324456|9.64854e-05|0.0487221|0.00100722|0.0282036|0.0286763|0.0154625|0.0106337|0.0189999|0.0161017|0.00922358|0.00461288,0.0242107|0.0122031|0.0367098|0.00948841|0.0108323|0.0377939|0.0399677|0.0400901|0.038918|0.0476464|0.00196597|0.00787238|0.00307975|0.0289577|0.0101575|0.0454173|0.0287911|0.0285758|0.00472777|0.0271272,0.974039|0.954535|0.982422|0.910107|0.976432|0.933254|0.991379|0.988795|0.939452|0.901898|0.993755|0.963279|0.940934|0.915893|0.930177|0.984551|0.934194|0.926425|0.933061|0.971435,1.83843|4.29962|4.76499|6.06417|3.3576|2.44626|1.56401|2.98582|1.71839|2.63005|5.33688|3.9558|2.45207|6.12587|0.521104|4.26912|3.83792|0.335111|5.98339|2.66147,30.2686|24.4191|88.6198|37.015|10.4739|52.1141|56.34|51.9585|76.7594|23.5709|58.7029|18.2346|54.7186|35.0583|37.2729|32.9383|55.4093|99.595|65.9961,0.160201|0.207518|0.215223|0.187446|0.213299|0.187731|0.189445|0.175743|0.215627|0.172729|0.197049|0.171758|0.218311|0.211825|0.234823|0.234586|0.163678|0.169867|0.209925,0.559595|0.400846|0.305593|0.26228|0.441339|0.911759|0.972418|0.236177|0.514356|0.429495|0.268944|0.457727|0.136449|0.610625|0.434803|0.312661|0.383219|0.512253|0.118233,0.960777,0.865614,0.120899,0.0868004,0.0443973,0.549768,0.260837,0.538285,0.285384,0.878897,35.8152,3.31207e-13,55109,0.839609,94.1996,1.03756e-13,22888,0.849295,0.839791,0.0338668,0.656048,0.327512,0.511502,0.267077,0.510256,0.20836,0.865791,24.3765,1.91574e-12,96785,0.911926,34.976,6.36299e-12,85196
3,179,n1->n11->n21->n31->n41->n42->n43->n44->n54->n55->n56->n57->n47->n37->n38->n39->n29->n19->n9->n10,1.01975e+11|3.14092e+10|3.32883e+12|1.05065e+13|5.16941e+10|7.74591e+09|5.27043e+13|3.78167e+10|1.6291e+11|6.81743e+10|2.91869e+10|3.92542e+09|7.2509e+10|7.44456e+10|2.12402e+13|1.22797e+10|2.58702e+12|8.72734e+13|4.88974e+12|1.19036e+12,5.38235e+10|3.50301e+09|3.98612e+11|2.87737e+12|2.30432e+10|5.89918e+09|2.73378e+13|5.09814e+09|9.23525e+10|3.55746e+10|2.62185e+10|2.41561e+09|8.55514e+09|3.47003e+10|5.17051e+12|9.03709e+09|1.13638e+12|1.85268e+13|7.24919e+11|2.86476e+11,0.000676514|1.12087e-05|0.000328127|0.000258516|9.89451e-05|2.62737e-05|1.37366e-05|0.000245243|1.86451e-05|0.000792877|6.16923e-05|3.65284e-05|2.75589e-05|0.000422484|6.19192e-05|4.92042e-05|0.000201956|1.50238e-05|7.10273e-05|1.19625e-05,0.00399416|0.000724525|0.00838815|0.000145507|0.000153616|0.000152147|0.00153702|0.000352937|0.00706806|0.00217809|0.0039825|0.00245714|0.000858037|0.00578717|0.000407214|0.00701273|0.00164535|0.000314326|0.000942087|0.00158689,0.0195223|0.0441673|0.00424874|0.0234983|0.00365206|0.0437873|0.0494539|0.0172433|0.024028|0.0273583|0.048341|0.0455045|0.0495221|0.0273508|0.0259351|0.0103677|0.0479551|0.00292072|0.00922358|0.00461288,0.0242107|0.0122031|0.0418058|0.00141098|0.00928288|0.0147664|0.0473458|0.00451794|0.0129899|0.0224299|0.0351829|0.00905049|0.0498133|0.0409943|0.0272425|0.0280029|0.0254172|0.0395015|0.00472777|0.0271272,0.974039|0.954535|0.988633|0.964211|0.918134|0.940415|0.91007|0.947307|0.922942|0.978678|0.915347|0.937321|0.993064|0.948574|0.962744|0.950978|0.96957|0.948693|0.933061|0.971435,1.83843|4.29962|1.42119|2.15959|3.82207|6.02574|2.48794|0.993798|1.66553|5.33855|3.68281|4.06597|2.65833|2.98156|2.70493|5.20655|4.43247|2.11735|5.98339|2.66147,30.2686|65.1286|89.2299|64.4551|61.2747|27.3217|59.7094|67.7415|57.1366|40.979|71.5316|88.8597|88.6669|37.0378|69.5993|44.1502|84.7043|99.0064|65.9961,0.160201|0.173408|0.184425|0.218858|0.209839|0.174647|0.233924|0.236487|0.200194|0.217473|0.236452|0.179021|0.229278|0.182534|0.162204|0.225177|0.185955|0.235802|0.209925,0.559595|0.625657|0.421838|0.533332|0.61829|0.427775|0.171162|0.983136|0.560968|0.909641|0.397829|0.980238|0.751697|0.771494|0.733363|0.713251|0.580258|0.976298|0.118233,0.960777,0.865614,0.120899,0.0868004,0.0443973,0.549768,0.260837,0.538285,0.285384,0.878897,35.8152,3.31207e-13,55109,0.839609,94.1996,1.03756e-13,22888,0.849295,0.839791,0.0338668,0.656048,0.327512,0.511502,0.267077,0.510256,0.20836,0.865791,24.3765,1.91574e-12,96785,0.911926,34.976,6.36299e-12,85196
3,180,n1->n2->n3->n4->n5->n15->n16->n26->n27->n37->n38->n39->n49->n50->n40->n30->n20->n19->n9->n10,1.01975e+11|2.19896e+12|9.86942e+11|2.41468e+10|1.71925e+10|3.53263e+12|1.88403e+10|1.37743e+11|4.11784e+12|7.44456e+10|2.12402e+13|1.22797e+10|3.80627e+12|6.4253e+09|4.94603e+09|1.51823e+10|2.0429e+12|8.72734e+13|4.88974e+12|1.19036e+12,5.38235e+10|7.99596e+11|2.57025e+11|2.58863e+09|1.24313e+10|2.01845e+12|9.99594e+09|2.62358e+10|1.44429e+12|3.47003e+10|5.17051e+12|9.03709e+09|8.66195e+11|2.63097e+09|4.0197e+09|2.91503e+09|8.72759e+11|1.85268e+13|7.24919e+11|2.86476e+11,0.000676514|0.000589285|0.000150675|0.00042822|3.93241e-05|0.000745688|0.000390472|0.000235321|3.47922e-05|0.000422484|6.19192e-05|4.92042e-05|0.000505517|3.36955e-05|0.000115573|7.04749e-05|0.000758131|1.50238e-05|7.10273e-05|1.19625e-05,0.00399416|0.00221248|0.00013293|0.000225383|0.00026326|0.00651336|0.000762836|0.00480716|0.000452568|0.00578717|0.000407214|0.00701273|0.000303357|0.000221174|0.00148668|0.000359249|0.00836606|0.000314326|0.000942087|0.00158689,0.0195223|0.0321365|0.0411064|0.00259026|0.0154625|0.0286763|0.0105597|0.0384258|0.0467803|0.0273508|0.0259351|0.0103677|0.0269197|0.0464884|0.0255083|0.0183372|0.0340342|0.00292072|0.00922358|0.00461288,0.0242107|0.00948841|0.0108323|0.0377939|0.0101575|0.0289577|0.00944802|0.0313876|0.0312181|0.0409943|0.0272425|0.0280029|0.00920696|0.00215016|0.00180125|0.019548|0.0408908|0.0395015|0.00472777|0.0271272,0.974039|0.910107|0.976432|0.933254|0.930177|0.915893|0.981367|0.951143|0.945212|0.948574|0.962744|0.950978|0.947054|0.953689|0.947224|0.957367|0.97528|0.948693|0.933061|0.971435,1.83843|6.06417|3.3576|2.44626|0.521104|6.12587|3.20918|0.195308|3.90137|2.98156|2.70493|5.20655|0.957975|3.44484|1.65593|1.38161|3.08695|2.11735|5.98339|2.66147,79.8117|37.015|10.4739|81.7362|35.0583|56.2706|11.0615|42.5138|44.8869|37.0378|69.5993|95.0453|38.9947|91.3525|98.0873|23.9015|10.3361|99.0064|65.9961,0.208125|0.187446|0.213299|0.181317|0.211825|0.241506|0.208269|0.238968|0.228687|0.182534|0.162204|0.174436|0.216078|0.227952|0.181093|0.207243|0.229825|0.235802|0.209925,0.112575|0.26228|0.441339|0.126849|0.610625|0.350755|0.314052|0.209813|0.320739|0.771494|0.733363|0.694525|0.930713|0.133445|0.595683|0.865388|0.200889|0.976298|0.118233,0.960777,0.865614,0.120899,0.0868004,0.0443973,0.549768,0.260837,0.538285,0.285384,0.878897,35.8152,3.31207e-13,55109,0.839609,94.1996,1.03756e-13,22888,0.849295,0.839791,0.0338668,0.656048,0.327512,0.511502,0.267077,0.510256,0.20836,0.865791,24.3765,1.91574e-12,96785,0.911926,34.976,6.36299e-12,85196
3,181,n1->n11->n12->n22->n32->n33->n23->n13->n14->n4->n5->n6->n16->n26->n27->n28->n29->n19->n20->n10,1.01975e+11|3.14092e+10|2.01442e+09|4.20781e+11|5.57525e+13|3.61083e+09|1.30754e+09|9.1461e+13|1.55394e+12|2.41468e+10|1.71925e+10|6.20369e+09|1.88403e+10|1.37743e+11|4.11784e+12|1.17142e+11|2.58702e+12|8.72734e+13|2.0429e+12|1.19036e+12,5.38235e+10|3.50301e+09|2.86583e+08|3.56381e+11|1.17595e+13|4.75867e+08|1.86199e+08|5.19514e+13|5.08598e+11|2.58863e+09|1.24313e+10|1.6207e+09|9.99594e+09|2.62358e+10|1.44429e+12|3.45855e+10|1.13638e+12|1.85268e+13|8.72759e+11|2.86476e+11,0.000676514|1.12087e-05|4.59784e-05|0.00083263|0.000134157|0.000995589|0.000133247|0.000506242|0.000503586|0.00042822|3.93241e-05|0.000574029|0.000390472|0.000235321|3.47922e-05|3.80731e-05|0.000201956|1.50238e-05|0.000758131|1.19625e-05,0.00399416|0.000724525|0.0021887|0.000180204|0.000327171|0.000667762|0.00202386|0.00462097|0.000728986|0.000225383|0.00026326|0.000130191|0.000762836|0.00480716|0.000452568|0.000758065|0.00164535|0.000314326|0.00836606|0.00158689,0.0195223|0.0441673|0.0219518|0.0174502|0.0310056|9.64854e-05|0.0324456|0.0365133|0.0409863|0.00259026|0.0154625|0.0106337|0.0105597|0.0384258|0.0467803|0.0342796|0.0479551|0.00292072|0.0340342|0.00461288,0.0242107|0.0122031|0.0367098|0.0349072|0.0233521|0.0476464|0.038918|0.0400901|0.0399677|0.0377939|0.0101575|0.0454173|0.00944802|0.0313876|0.0312181|0.0019971|0.0254172|0.0395015|0.0408908|0.0271272,0.974039|0.954535|0.982422|0.921048|0.93521|0.901898|0.939452|0.988795|0.991379|0.933254|0.930177|0.984551|0.981367|0.951143|0.945212|0.975528|0.96957|0.948693|0.97528|0.971435,1.83843|4.29962|4.76499|2.04059|1.27982|2.63005|1.71839|2.98582|1.56401|2.44626|0.521104|4.26912|3.20918|0.195308|3.90137|1.77801|4.43247|2.11735|3.08695|2.66147,30.2686|24.4191|13.2112|86.2435|67.4197|76.7594|51.9585|56.34|52.1141|81.7362|37.2729|50.0569|11.0615|42.5138|15.3326|39.0733|84.7043|10.3361|29.3778,0.160201|0.207518|0.197882|0.237058|0.205284|0.215627|0.175743|0.189445|0.187731|0.181317|0.234823|0.186675|0.208269|0.238968|0.198809|0.16763|0.185955|0.229825|0.218806,0.559595|0.400846|0.473279|0.793503|0.18105|0.514356|0.236177|0.972418|0.911759|0.126849|0.434803|0.371607|0.314052|0.209813|0.368688|0.47242|0.580258|0.200889|0.694407,0.960777,0.865614,0.120899,0.0868004,0.0443973,0.549768,0.260837,0.538285,0.285384,0.878897,35.8152,3.31207e-13,55109,0.839609,94.1996,1.03756e-13,22888,0.849295,0.839791,0.0338668,0.656048,0.327512,0.511502,0.267077,0.510256,0.20836,0.865791,24.3765,1.91574e-12,96785,0.911926,34.976,6.36299e-12,85196
3,182,n1->n2->n3->n4->n14->n15->n25->n24->n23->n33->n34->n35->n36->n37->n38->n28->n18->n8->n9->n10,1.01975e+11|2.19896e+12|9.86942e+11|2.41468e+10|1.55394e+12|3.53263e+12|4.7689e+13|1.19647e+09|1.30754e+09|3.61083e+09|3.86712e+12|4.41215e+13|3.59186e+10|7.44456e+10|2.12402e+13|1.17142e+11|1.79344e+11|3.02882e+10|4.88974e+12|1.19036e+12,5.38235e+10|7.99596e+11|2.57025e+11|2.58863e+09|5.08598e+11|2.01845e+12|2.99631e+13|1.92545e+08|1.86199e+08|4.75867e+08|3.17678e+12|7.93273e+12|9.02372e+09|3.47003e+10|5.17051e+12|3.45855e+10|1.01158e+11|6.71621e+09|7.24919e+11|2.86476e+11,0.000676514|0.000589285|0.000150675|0.00042822|0.000503586|0.000745688|0.000136619|4.21479e-05|0.000133247|0.000995589|0.000266546|1.92715e-05|1.84923e-05|0.000422484|6.19192e-05|3.80731e-05|8.49582e-05|0.000381371|7.10273e-05|1.19625e-05,0.00399416|0.00221248|0.00013293|0.000225383|0.000728986|0.00651336|0.000188414|0.000227203|0.00202386|0.000667762|0.000845769|0.00212144|0.000242453|0.00578717|0.000407214|0.000758065|0.000487115|0.00570991|0.000942087|0.00158689,0.0195223|0.0321365|0.0411064|0.00259026|0.0409863|0.0286763|0.0282036|0.00100722|0.0324456|9.64854e-05|0.0487221|0.025793|0.0071675|0.0273508|0.0259351|0.0342796|0.0130827|0.0161017|0.00922358|0.00461288,0.0242107|0.00948841|0.0108323|0.0377939|0.0399677|0.0289577|0.00307975|0.00787238|0.038918|0.0476464|0.00196597|0.0261584|0.0405146|0.0409943|0.0272425|0.0019971|0.0139073|0.0285758|0.00472777|0.0271272,0.974039|0.910107|0.976432|0.933254|0.991379|0.915893|0.940934|0.963279|0.939452|0.901898|0.993755|0.987839|0.966963|0.948574|0.962744|0.975528|0.988146|0.926425|0.933061|0.971435,1.83843|6.06417|3.3576|2.44626|1.56401|6.12587|2.45207|3.9558|1.71839|2.63005|5.33688|3.89608|3.33226|2.98156|2.70493|1.77801|1.03722|0.335111|5.98339|2.66147,79.8117|37.015|10.4739|52.1141|92.5451|54.7186|18.2346|67.5745|76.7594|23.5709|31.5608|18.7034|29.3504|37.0378|23.518|43.2583|81.3396|99.595|65.9961,0.208125|0.187446|0.213299|0.187731|0.174898|0.218311|0.171758|0.161697|0.215627|0.172729|0.249069|0.248201|0.166344|0.182534|0.229604|0.237801|0.194321|0.169867|0.209925,0.112575|0.26228|0.441339|0.911759|0.692675|0.136449|0.457727|0.50952|0.514356|0.429495|0.544124|0.327026|0.714949|0.771494|0.865506|0.352181|0.540423|0.512253|0.118233,0.960777,0.865614,0.120899,0.0868004,0.0443973,0.549768,0.260837,0.538285,0.285384,0.878897,35.8152,3.31207e-13,55109,0.839609,94.1996,1.03756e-13,22888,0.849295,0.839791,0.0338668,0.656048,0.327512,0.511502,0.267077,0.510256,0.20836,0.865791,24.3765,1.91574e-12,96785,0.911926,34.976,6.36299e-12,85196
3,183,n1->n11->n12->n22->n21->n31->n32->n42->n43->n33->n23->n24->n14->n15->n5->n6->n7->n8->n9->n10,1.01975e+11|3.14092e+10|2.01442e+09|4.20781e+11|3.32883e+12|1.05065e+13|5.57525e+13|7.74591e+09|5.27043e+13|3.61083e+09|1.30754e+09|1.19647e+09|1.55394e+12|3.53263e+12|1.71925e+10|6.20369e+09|1.59356e+10|3.02882e+10|4.88974e+12|1.19036e+12,5.38235e+10|3.50301e+09|2.86583e+08|3.56381e+11|3.98612e+11|2.87737e+12|1.17595e+13|5.89918e+09|2.73378e+13|4.75867e+08|1.86199e+08|1.92545e+08|5.08598e+11|2.01845e+12|1.24313e+10|1.6207e+09|4.18966e+09|6.71621e+09|7.24919e+11|2.86476e+11,0.000676514|1.12087e-05|4.59784e-05|0.00083263|0.000328127|0.000258516|0.000134157|2.62737e-05|1.37366e-05|0.000995589|0.000133247|4.21479e-05|0.000503586|0.000745688|3.93241e-05|0.000574029|2.6451e-05|0.000381371|7.10273e-05|1.19625e-05,0.00399416|0.000724525|0.0021887|0.000180204|0.00838815|0.000145507|0.000327171|0.000152147|0.00153702|0.000667762|0.00202386|0.000227203|0.000728986|0.00651336|0.00026326|0.000130191|0.000180791|0.00570991|0.000942087|0.00158689,0.0195223|0.0441673|0.0219518|0.0174502|0.00424874|0.0234983|0.0310056|0.0437873|0.0494539|9.64854e-05|0.0324456|0.00100722|0.0409863|0.0286763|0.0154625|0.0106337|0.0189999|0.0161017|0.00922358|0.00461288,0.0242107|0.0122031|0.0367098|0.0349072|0.0418058|0.00141098|0.0233521|0.0147664|0.0473458|0.0476464|0.038918|0.00787238|0.0399677|0.0289577|0.0101575|0.0454173|0.0287911|0.0285758|0.00472777|0.0271272,0.974039|0.954535|0.982422|0.921048|0.988633|0.964211|0.93521|0.940415|0.91007|0.901898|0.939452|0.963279|0.991379|0.915893|0.930177|0.984551|0.934194|0.926425|0.933061|0.971435,1.83843|4.29962|4.76499|2.04059|1.42119|2.15959|1.27982|6.02574|2.48794|2.63005|1.71839|3.9558|1.56401|6.12587|0.521104|4.26912|3.83792|0.335111|5.98339|2.66147,30.2686|24.4191|13.2112|34.0839|89.2299|63.0993|70.8805|27.3217|49.6282|76.7594|67.5745|66.6304|92.5451|35.0583|37.2729|32.9383|55.4093|99.595|65.9961,0.160201|0.207518|0.197882|0.249651|0.184425|0.229355|0.21996|0.174647|0.16438|0.215627|0.161697|0.249271|0.174898|0.211825|0.234823|0.234586|0.163678|0.169867|0.209925,0.559595|0.400846|0.473279|0.19649|0.421838|0.385409|0.879118|0.427775|0.126669|0.514356|0.50952|0.311928|0.692675|0.610625|0.434803|0.312661|0.383219|0.512253|0.118233,0.960777,0.865614,0.120899,0.0868004,0.0443973,0.549768,0.260837,0.538285,0.285384,0.878897,35.8152,3.31207e-13,55109,0.839609,94.1996,1.03756e-13,22888,0.849295,0.839791,0.0338668,0.656048,0.327512,0.511502,0.267077,0.510256,0.20836,0.865791,24.3765,1.91574e-12,96785,0.911926,34.976,6.36299e-12,85196
3,184,n1->n2->n3->n4->n5->n15->n14->n13->n23->n24->n25->n35->n36->n37->n27->n17->n7->n8->n9->n10,1.01975e+11|2.19896e+12|9.86942e+11|2.41468e+10|1.71925e+10|3.53263e+12|1.55394e+12|9.1461e+13|1.30754e+09|1.19647e+09|4.7689e+13|4.41215e+13|3.59186e+10|7.44456e+10|4.11784e+12|2.82283e+09|1.59356e+10|3.02882e+10|4.88974e+12|1.19036e+12,5.38235e+10|7.99596e+11|2.57025e+11|2.58863e+09|1.24313e+10|2.01845e+12|5.08598e+11|5.19514e+13|1.86199e+08|1.92545e+08|2.99631e+13|7.93273e+12|9.02372e+09|3.47003e+10|1.44429e+12|1.47131e+09|4.18966e+09|6.71621e+09|7.24919e+11|2.86476e+11,0.000676514|0.000589285|0.000150675|0.00042822|3.93241e-05|0.000745688|0.000503586|0.000506242|0.000133247|4.21479e-05|0.000136619|1.92715e-05|1.84923e-05|0.000422484|3.47922e-05|3.16477e-05|2.6451e-05|0.000381371|7.10273e-05|1.19625e-05,0.00399416|0.00221248|0.00013293|0.000225383|0.00026326|0.00651336|0.000728986|0.00462097|0.00202386|0.000227203|0.000188414|0.00212144|0.000242453|0.00578717|0.000452568|0.00565965|0.000180791|0.00570991|0.000942087|0.00158689,0.0195223|0.0321365|0.0411064|0.00259026|0.0154625|0.0286763|0.0409863|0.0365133|0.0324456|0.00100722|0.0282036|0.025793|0.0071675|0.0273508|0.0467803|0.0154786|0.0189999|0.0161017|0.00922358|0.00461288,0.0242107|0.00948841|0.0108323|0.0377939|0.0101575|0.0289577|0.0399677|0.0400901|0.038918|0.00787238|0.00307975|0.0261584|0.0405146|0.0409943|0.0312181|0.0100135|0.0287911|0.0285758|0.00472777|0.0271272,0.974039|0.910107|0.976432|0.933254|0.930177|0.915893|0.991379|0.988795|0.939452|0.963279|0.940934|0.987839|0.966963|0.948574|0.945212|0.908062|0.934194|0.926425|0.933061|0.971435,1.83843|6.06417|3.3576|2.44626|0.521104|6.12587|1.56401|2.98582|1.71839|3.9558|2.45207|3.89608|3.33226|2.98156|3.90137|3.21404|3.83792|0.335111|5.98339|2.66147,79.8117|37.015|10.4739|81.7362|35.0583|92.5451|56.34|51.9585|67.5745|18.2346|88.4205|18.7034|29.3504|44.8869|72.2829|59.8148|55.4093|99.595|65.9961,0.208125|0.187446|0.213299|0.181317|0.211825|0.174898|0.189445|0.175743|0.161697|0.171758|0.213009|0.248201|0.166344|0.228687|0.201328|0.239012|0.163678|0.169867|0.209925,0.112575|0.26228|0.441339|0.126849|0.610625|0.692675|0.972418|0.236177|0.50952|0.457727|0.564157|0.327026|0.714949|0.320739|0.672327|0.920789|0.383219|0.512253|0.118233,0.960777,0.865614,0.120899,0.0868004,0.0443973,0.549768,0.260837,0.538285,0.285384,0.878897,35.8152,3.31207e-13,55109,0.839609,94.1996,1.03756e-13,22888,0.849295,0.839791,0.0338668,0.656048,0.327512,0.511502,0.267077,0.510256,0.20836,0.865791,24.3765,1.91574e-12,96785,0.911926,34.976,6.36299e-12,85196
3,185,n1->n11->n12->n22->n21->n31->n32->n42->n43->n33->n23->n24->n25->n15->n16->n17->n18->n8->n9->n10,1.01975e+11|3.14092e+10|2.01442e+09|4.20781e+11|3.32883e+12|1.05065e+13|5.57525e+13|7.74591e+09|5.27043e+13|3.61083e+09|1.30754e+09|1.19647e+09|4.7689e+13|3.53263e+12|1.88403e+10|2.82283e+09|1.79344e+11|3.02882e+10|4.88974e+12|1.19036e+12,5.38235e+10|3.50301e+09|2.86583e+08|3.56381e+11|3.98612e+11|2.87737e+12|1.17595e+13|5.89918e+09|2.73378e+13|4.75867e+08|1.86199e+08|1.92545e+08|2.99631e+13|2.01845e+12|9.99594e+09|1.47131e+09|1.01158e+11|6.71621e+09|7.24919e+11|2.86476e+11,0.000676514|1.12087e-05|4.59784e-05|0.00083263|0.000328127|0.000258516|0.000134157|2.62737e-05|1.37366e-05|0.000995589|0.000133247|4.21479e-05|0.000136619|0.000745688|0.000390472|3.16477e-05|8.49582e-05|0.000381371|7.10273e-05|1.19625e-05,0.00399416|0.000724525|0.0021887|0.000180204|0.00838815|0.000145507|0.000327171|0.000152147|0.00153702|0.000667762|0.00202386|0.000227203|0.000188414|0.00651336|0.000762836|0.00565965|0.000487115|0.00570991|0.000942087|0.00158689,0.0195223|0.0441673|0.0219518|0.0174502|0.00424874|0.0234983|0.0310056|0.0437873|0.0494539|9.64854e-05|0.0324456|0.00100722|0.0282036|0.0286763|0.0105597|0.0154786|0.0130827|0.0161017|0.00922358|0.00461288,0.0242107|0.0122031|0.0367098|0.0349072|0.0418058|0.00141098|0.0233521|0.0147664|0.0473458|0.0476464|0.038918|0.00787238|0.00307975|0.0289577|0.00944802|0.0100135|0.0139073|0.0285758|0.00472777|0.0271272,0.974039|0.954535|0.982422|0.921048|0.988633|0.964211|0.93521|0.940415|0.91007|0.901898|0.939452|0.963279|0.940934|0.915893|0.981367|0.908062|0.988146|0.926425|0.933061|0.971435,1.83843|4.29962|4.76499|2.04059|1.42119|2.15959|1.27982|6.02574|2.48794|2.63005|1.71839|3.9558|2.45207|6.12587|3.20918|3.21404|1.03722|0.335111|5.98339|2.66147,30.2686|24.4191|13.2112|34.0839|89.2299|63.0993|70.8805|27.3217|49.6282|76.7594|67.5745|18.2346|54.7186|56.2706|32.2763|27.3162|81.3396|99.595|65.9961,0.160201|0.207518|0.197882|0.249651|0.184425|0.229355|0.21996|0.174647|0.16438|0.215627|0.161697|0.171758|0.218311|0.241506|0.204609|0.234565|0.194321|0.169867|0.209925,0.559595|0.400846|0.473279|0.19649|0.421838|0.385409|0.879118|0.427775|0.126669|0.514356|0.50952|0.457727|0.136449|0.350755|0.689113|0.973123|0.540423|0.512253|0.118233,0.960777,0.865614,0.120899,0.0868004,0.0443973,0.549768,0.260837,0.538285,0.285384,0.878897,35.8152,3.31207e-13,55109,0.839609,94.1996,1.03756e-13,22888,0.849295,0.839791,0.0338668,0.656048,0.327512,0.511502,0.267077,0.510256,0.20836,0.865791,24.3765,1.91574e-12,96785,0.911926,34.976,6.36299e-12,85196
3,186,n1->n11->n21->n31->n41->n51->n52->n42->n43->n33->n23->n13->n3->n4->n5->n6->n7->n8->n9->n10,1.01975e+11|3.14092e+10|3.32883e+12|1.05065e+13|5.16941e+10|1.79079e+10|9.60137e+12|7.74591e+09|5.27043e+13|3.61083e+09|1.30754e+09|9.1461e+13|9.86942e+11|2.41468e+10|1.71925e+10|6.20369e+09|1.59356e+10|3.02882e+10|4.88974e+12|1.19036e+12,5.38235e+10|3.50301e+09|3.98612e+11|2.87737e+12|2.30432e+10|5.07944e+09|8.49622e+12|5.89918e+09|2.73378e+13|4.75867e+08|1.86199e+08|5.19514e+13|2.57025e+11|2.58863e+09|1.24313e+10|1.6207e+09|4.18966e+09|6.71621e+09|7.24919e+11|2.86476e+11,0.000676514|1.12087e-05|0.000328127|0.000258516|9.89451e-05|1.49787e-05|0.000201338|2.62737e-05|1.37366e-05|0.000995589|0.000133247|0.000506242|0.000150675|0.00042822|3.93241e-05|0.000574029|2.6451e-05|0.000381371|7.10273e-05|1.19625e-05,0.00399416|0.000724525|0.00838815|0.000145507|0.000153616|0.00277039|0.0021176|0.000152147|0.00153702|0.000667762|0.00202386|0.00462097|0.00013293|0.000225383|0.00026326|0.000130191|0.000180791|0.00570991|0.000942087|0.00158689,0.0195223|0.0441673|0.00424874|0.0234983|0.00365206|0.0110849|0.0240015|0.0437873|0.0494539|9.64854e-05|0.0324456|0.0365133|0.0411064|0.00259026|0.0154625|0.0106337|0.0189999|0.0161017|0.00922358|0.00461288,0.0242107|0.0122031|0.0418058|0.00141098|0.00928288|0.00966927|0.0452593|0.0147664|0.0473458|0.0476464|0.038918|0.0400901|0.0108323|0.0377939|0.0101575|0.0454173|0.0287911|0.0285758|0.00472777|0.0271272,0.974039|0.954535|0.988633|0.964211|0.918134|0.929913|0.948533|0.940415|0.91007|0.901898|0.939452|0.988795|0.976432|0.933254|0.930177|0.984551|0.934194|0.926425|0.933061|0.971435,1.83843|4.29962|1.42119|2.15959|3.82207|5.66976|2.23091|6.02574|2.48794|2.63005|1.71839|2.98582|3.3576|2.44626|0.521104|4.26912|3.83792|0.335111|5.98339|2.66147,30.2686|65.1286|89.2299|64.4551|23.0914|43.4967|93.5115|27.3217|49.6282|76.7594|51.9585|83.9106|10.4739|81.7362|37.2729|32.9383|55.4093|99.595|65.9961,0.160201|0.173408|0.184425|0.218858|0.18731|0.237144|0.23638|0.174647|0.16438|0.215627|0.175743|0.176807|0.213299|0.181317|0.234823|0.234586|0.163678|0.169867|0.209925,0.559595|0.625657|0.421838|0.533332|0.88871|0.296019|0.271578|0.427775|0.126669|0.514356|0.236177|0.224294|0.441339|0.126849|0.434803|0.312661|0.383219|0.512253|0.118233,0.960777,0.865614,0.120899,0.0868004,0.0443973,0.549768,0.260837,0.538285,0.285384,0.878897,35.8152,3.31207e-13,55109,0.839609,94.1996,1.03756e-13,22888,0.849295,0.839791,0.0338668,0.656048,0.327512,0.511502,0.267077,0.510256,0.20836,0.865791,24.3765,1.91574e-12,96785,0.911926,34.976,6.36299e-12,85196
3,187,n1->n11->n12->n13->n3->n4->n14->n24->n25->n26->n27->n37->n47->n48->n38->n39->n40->n30->n20->n10,1.01975e+11|3.14092e+10|2.01442e+09|9.1461e+13|9.86942e+11|2.41468e+10|1.55394e+12|1.19647e+09|4.7689e+13|1.37743e+11|4.11784e+12|7.44456e+10|7.2509e+10|2.53164e+09|2.12402e+13|1.22797e+10|4.94603e+09|1.51823e+10|2.0429e+12|1.19036e+12,5.38235e+10|3.50301e+09|2.86583e+08|5.19514e+13|2.57025e+11|2.58863e+09|5.08598e+11|1.92545e+08|2.99631e+13|2.62358e+10|1.44429e+12|3.47003e+10|8.55514e+09|5.33305e+08|5.17051e+12|9.03709e+09|4.0197e+09|2.91503e+09|8.72759e+11|2.86476e+11,0.000676514|1.12087e-05|4.59784e-05|0.000506242|0.000150675|0.00042822|0.000503586|4.21479e-05|0.000136619|0.000235321|3.47922e-05|0.000422484|2.75589e-05|2.98833e-05|6.19192e-05|4.92042e-05|0.000115573|7.04749e-05|0.000758131|1.19625e-05,0.00399416|0.000724525|0.0021887|0.00462097|0.00013293|0.000225383|0.000728986|0.000227203|0.000188414|0.00480716|0.000452568|0.00578717|0.000858037|0.000106722|0.000407214|0.00701273|0.00148668|0.000359249|0.00836606|0.00158689,0.0195223|0.0441673|0.0219518|0.0365133|0.0411064|0.00259026|0.0409863|0.00100722|0.0282036|0.0384258|0.0467803|0.0273508|0.0495221|0.00476168|0.0259351|0.0103677|0.0255083|0.0183372|0.0340342|0.00461288,0.0242107|0.0122031|0.0367098|0.0400901|0.0108323|0.0377939|0.0399677|0.00787238|0.00307975|0.0313876|0.0312181|0.0409943|0.0498133|0.0226596|0.0272425|0.0280029|0.00180125|0.019548|0.0408908|0.0271272,0.974039|0.954535|0.982422|0.988795|0.976432|0.933254|0.991379|0.963279|0.940934|0.951143|0.945212|0.948574|0.993064|0.932268|0.962744|0.950978|0.947224|0.957367|0.97528|0.971435,1.83843|4.29962|4.76499|2.98582|3.3576|2.44626|1.56401|3.9558|2.45207|0.195308|3.90137|2.98156|2.65833|1.1332|2.70493|5.20655|1.65593|1.38161|3.08695|2.66147,30.2686|24.4191|13.9548|83.9106|10.4739|52.1141|66.6304|18.2346|55.6995|42.5138|44.8869|88.6669|13.4252|21.8454|69.5993|86.0567|98.0873|23.9015|29.3778,0.160201|0.207518|0.164045|0.176807|0.213299|0.187731|0.249271|0.171758|0.228068|0.238968|0.228687|0.229278|0.225684|0.249113|0.162204|0.184681|0.181093|0.207243|0.218806,0.559595|0.400846|0.842052|0.224294|0.441339|0.911759|0.311928|0.457727|0.389261|0.209813|0.320739|0.751697|0.28245|0.318363|0.733363|0.832174|0.595683|0.865388|0.694407,0.960777,0.865614,0.120899,0.0868004,0.0443973,0.549768,0.260837,0.538285,0.285384,0.878897,35.8152,3.31207e-13,55109,0.839609,94.1996,1.03756e-13,22888,0.849295,0.839791,0.0338668,0.656048,0.327512,0.511502,0.267077,0.510256,0.20836,0.865791,24.3765,1.91574e-12,96785,0.911926,34.976,6.36299e-12,85196
3,188,n1->n11->n21->n31->n41->n51->n52->n53->n54->n44->n45->n35->n36->n26->n27->n28->n18->n19->n20->n10,1.01975e+11|3.14092e+10|3.32883e+12|1.05065e+13|5.16941e+10|1.79079e+10|9.60137e+12|1.59175e+12|1.6291e+11|3.78167e+10|1.44695e+11|4.41215e+13|3.59186e+10|1.37743e+11|4.11784e+12|1.17142e+11|1.79344e+11|8.72734e+13|2.0429e+12|1.19036e+12,5.38235e+10|3.50301e+09|3.98612e+11|2.87737e+12|2.30432e+10|5.07944e+09|8.49622e+12|5.59776e+11|9.23525e+10|5.09814e+09|2.01277e+10|7.93273e+12|9.02372e+09|2.62358e+10|1.44429e+12|3.45855e+10|1.01158e+11|1.85268e+13|8.72759e+11|2.86476e+11,0.000676514|1.12087e-05|0.000328127|0.000258516|9.89451e-05|1.49787e-05|0.000201338|1.77027e-05|1.86451e-05|0.000245243|0.000808537|1.92715e-05|1.84923e-05|0.000235321|3.47922e-05|3.80731e-05|8.49582e-05|1.50238e-05|0.000758131|1.19625e-05,0.00399416|0.000724525|0.00838815|0.000145507|0.000153616|0.00277039|0.0021176|0.00061017|0.00706806|0.000352937|0.000194969|0.00212144|0.000242453|0.00480716|0.000452568|0.000758065|0.000487115|0.000314326|0.00836606|0.00158689,0.0195223|0.0441673|0.00424874|0.0234983|0.00365206|0.0110849|0.0240015|0.0156663|0.024028|0.0172433|0.0260944|0.025793|0.0071675|0.0384258|0.0467803|0.0342796|0.0130827|0.00292072|0.0340342|0.00461288,0.0242107|0.0122031|0.0418058|0.00141098|0.00928288|0.00966927|0.0452593|0.0423417|0.0129899|0.00451794|0.00984899|0.0261584|0.0405146|0.0313876|0.0312181|0.0019971|0.0139073|0.0395015|0.0408908|0.0271272,0.974039|0.954535|0.988633|0.964211|0.918134|0.929913|0.948533|0.93599|0.922942|0.947307|0.907254|0.987839|0.966963|0.951143|0.945212|0.975528|0.988146|0.948693|0.97528|0.971435,1.83843|4.29962|1.42119|2.15959|3.82207|5.66976|2.23091|5.16198|1.66553|0.993798|1.27114|3.89608|3.33226|0.195308|3.90137|1.77801|1.03722|2.11735|3.08695|2.66147,30.2686|65.1286|89.2299|64.4551|23.0914|43.4967|21.0603|69.1985|67.7415|89.5651|97.1045|18.7034|63.8366|42.5138|15.3326|43.2583|28.0546|10.3361|29.3778,0.160201|0.173408|0.184425|0.218858|0.18731|0.237144|0.237772|0.189082|0.236487|0.221011|0.225314|0.248201|0.170284|0.238968|0.198809|0.237801|0.231137|0.229825|0.218806,0.559595|0.625657|0.421838|0.533332|0.88871|0.296019|0.373281|0.358097|0.983136|0.811541|0.355382|0.327026|0.370288|0.209813|0.368688|0.352181|0.31734|0.200889|0.694407,0.960777,0.865614,0.120899,0.0868004,0.0443973,0.549768,0.260837,0.538285,0.285384,0.878897,35.8152,3.31207e-13,55109,0.839609,94.1996,1.03756e-13,22888,0.849295,0.839791,0.0338668,0.656048,0.327512,0.511502,0.267077,0.510256,0.20836,0.865791,24.3765,1.91574e-12,96785,0.911926,34.976,6.36299e-12,85196
3,189,n1->n2->n12->n11->n21->n31->n41->n42->n43->n33->n23->n24->n14->n15->n5->n6->n7->n8->n9->n10,1.01975e+11|2.19896e+12|2.01442e+09|3.14092e+10|3.32883e+12|1.05065e+13|5.16941e+10|7.74591e+09|5.27043e+13|3.61083e+09|1.30754e+09|1.19647e+09|1.55394e+12|3.53263e+12|1.71925e+10|6.20369e+09|1.59356e+10|3.02882e+10|4.88974e+12|1.19036e+12,5.38235e+10|7.99596e+11|2.86583e+08|3.50301e+09|3.98612e+11|2.87737e+12|2.30432e+10|5.89918e+09|2.73378e+13|4.75867e+08|1.86199e+08|1.92545e+08|5.08598e+11|2.01845e+12|1.24313e+10|1.6207e+09|4.18966e+09|6.71621e+09|7.24919e+11|2.86476e+11,0.000676514|0.000589285|4.59784e-05|1.12087e-05|0.000328127|0.000258516|9.89451e-05|2.62737e-05|1.37366e-05|0.000995589|0.000133247|4.21479e-05|0.000503586|0.000745688|3.93241e-05|0.000574029|2.6451e-05|0.000381371|7.10273e-05|1.19625e-05,0.00399416|0.00221248|0.0021887|0.000724525|0.00838815|0.000145507|0.000153616|0.000152147|0.00153702|0.000667762|0.00202386|0.000227203|0.000728986|0.00651336|0.00026326|0.000130191|0.000180791|0.00570991|0.000942087|0.00158689,0.0195223|0.0321365|0.0219518|0.0441673|0.00424874|0.0234983|0.00365206|0.0437873|0.0494539|9.64854e-05|0.0324456|0.00100722|0.0409863|0.0286763|0.0154625|0.0106337|0.0189999|0.0161017|0.00922358|0.00461288,0.0242107|0.00948841|0.0367098|0.0122031|0.0418058|0.00141098|0.00928288|0.0147664|0.0473458|0.0476464|0.038918|0.00787238|0.0399677|0.0289577|0.0101575|0.0454173|0.0287911|0.0285758|0.00472777|0.0271272,0.974039|0.910107|0.982422|0.954535|0.988633|0.964211|0.918134|0.940415|0.91007|0.901898|0.939452|0.963279|0.991379|0.915893|0.930177|0.984551|0.934194|0.926425|0.933061|0.971435,1.83843|6.06417|4.76499|4.29962|1.42119|2.15959|3.82207|6.02574|2.48794|2.63005|1.71839|3.9558|1.56401|6.12587|0.521104|4.26912|3.83792|0.335111|5.98339|2.66147,79.8117|88.6198|24.4191|65.1286|89.2299|64.4551|61.2747|27.3217|49.6282|76.7594|67.5745|66.6304|92.5451|35.0583|37.2729|32.9383|55.4093|99.595|65.9961,0.208125|0.215223|0.207518|0.173408|0.184425|0.218858|0.209839|0.174647|0.16438|0.215627|0.161697|0.249271|0.174898|0.211825|0.234823|0.234586|0.163678|0.169867|0.209925,0.112575|0.305593|0.400846|0.625657|0.421838|0.533332|0.61829|0.427775|0.126669|0.514356|0.50952|0.311928|0.692675|0.610625|0.434803|0.312661|0.383219|0.512253|0.118233,0.960777,0.865614,0.120899,0.0868004,0.0443973,0.549768,0.260837,0.538285,0.285384,0.878897,35.8152,3.31207e-13,55109,0.839609,94.1996,1.03756e-13,22888,0.849295,0.839791,0.0338668,0.656048,0.327512,0.511502,0.267077,0.510256,0.20836,0.865791,24.3765,1.91574e-12,96785,0.911926,34.976,6.36299e-12,85196
3,190,n1->n11->n12->n13->n23->n24->n25->n15->n14->n4->n5->n6->n7->n17->n18->n8->n9->n19->n20->n10,1.01975e+11|3.14092e+10|2.01442e+09|9.1461e+13|1.30754e+09|1.19647e+09|4.7689e+13|3.53263e+12|1.55394e+12|2.41468e+10|1.71925e+10|6.20369e+09|1.59356e+10|2.82283e+09|1.79344e+11|3.02882e+10|4.88974e+12|8.72734e+13|2.0429e+12|1.19036e+12,5.38235e+10|3.50301e+09|2.86583e+08|5.19514e+13|1.86199e+08|1.92545e+08|2.99631e+13|2.01845e+12|5.08598e+11|2.58863e+09|1.24313e+10|1.6207e+09|4.18966e+09|1.47131e+09|1.01158e+11|6.71621e+09|7.24919e+11|1.85268e+13|8.72759e+11|2.86476e+11,0.000676514|1.12087e-05|4.59784e-05|0.000506242|0.000133247|4.21479e-05|0.000136619|0.000745688|0.000503586|0.00042822|3.93241e-05|0.000574029|2.6451e-05|3.16477e-05|8.49582e-05|0.000381371|7.10273e-05|1.50238e-05|0.000758131|1.19625e-05,0.00399416|0.000724525|0.0021887|0.00462097|0.00202386|0.000227203|0.000188414|0.00651336|0.000728986|0.000225383|0.00026326|0.000130191|0.000180791|0.00565965|0.000487115|0.00570991|0.000942087|0.000314326|0.00836606|0.00158689,0.0195223|0.0441673|0.0219518|0.0365133|0.0324456|0.00100722|0.0282036|0.0286763|0.0409863|0.00259026|0.0154625|0.0106337|0.0189999|0.0154786|0.0130827|0.0161017|0.00922358|0.00292072|0.0340342|0.00461288,0.0242107|0.0122031|0.0367098|0.0400901|0.038918|0.00787238|0.00307975|0.0289577|0.0399677|0.0377939|0.0101575|0.0454173|0.0287911|0.0100135|0.0139073|0.0285758|0.00472777|0.0395015|0.0408908|0.0271272,0.974039|0.954535|0.982422|0.988795|0.939452|0.963279|0.940934|0.915893|0.991379|0.933254|0.930177|0.984551|0.934194|0.908062|0.988146|0.926425|0.933061|0.948693|0.97528|0.971435,1.83843|4.29962|4.76499|2.98582|1.71839|3.9558|2.45207|6.12587|1.56401|2.44626|0.521104|4.26912|3.83792|3.21404|1.03722|0.335111|5.98339|2.11735|3.08695|2.66147,30.2686|24.4191|13.9548|51.9585|67.5745|18.2346|54.7186|92.5451|52.1141|81.7362|37.2729|32.9383|59.8148|27.3162|81.3396|99.595|99.0064|10.3361|29.3778,0.160201|0.207518|0.164045|0.175743|0.161697|0.171758|0.218311|0.174898|0.187731|0.181317|0.234823|0.234586|0.239012|0.234565|0.194321|0.169867|0.235802|0.229825|0.218806,0.559595|0.400846|0.842052|0.236177|0.50952|0.457727|0.136449|0.692675|0.911759|0.126849|0.434803|0.312661|0.920789|0.973123|0.540423|0.512253|0.976298|0.200889|0.694407,0.960777,0.865614,0.120899,0.0868004,0.0443973,0.549768,0.260837,0.538285,0.285384,0.878897,35.8152,3.31207e-13,55109,0.839609,94.1996,1.03756e-13,22888,0.849295,0.839791,0.0338668,0.656048,0.327512,0.511502,0.267077,0.510256,0.20836,0.865791,24.3765,1.91574e-12,96785,0.911926,34.976,6.36299e-12,85196
3,191,n1->n11->n12->n2->n3->n13->n23->n33->n34->n35->n45->n46->n36->n26->n16->n17->n18->n8->n9->n10,1.01975e+11|3.14092e+10|2.01442e+09|2.19896e+12|9.86942e+11|9.1461e+13|1.30754e+09|3.61083e+09|3.86712e+12|4.41215e+13|1.44695e+11|1.87876e+09|3.59186e+10|1.37743e+11|1.88403e+10|2.82283e+09|1.79344e+11|3.02882e+10|4.88974e+12|1.19036e+12,5.38235e+10|3.50301e+09|2.86583e+08|7.99596e+11|2.57025e+11|5.19514e+13|1.86199e+08|4.75867e+08|3.17678e+12|7.93273e+12|2.01277e+10|2.58981e+08|9.02372e+09|2.62358e+10|9.99594e+09|1.47131e+09|1.01158e+11|6.71621e+09|7.24919e+11|2.86476e+11,0.000676514|1.12087e-05|4.59784e-05|0.000589285|0.000150675|0.000506242|0.000133247|0.000995589|0.000266546|1.92715e-05|0.000808537|9.70439e-05|1.84923e-05|0.000235321|0.000390472|3.16477e-05|8.49582e-05|0.000381371|7.10273e-05|1.19625e-05,0.00399416|0.000724525|0.0021887|0.00221248|0.00013293|0.00462097|0.00202386|0.000667762|0.000845769|0.00212144|0.000194969|0.00201201|0.000242453|0.00480716|0.000762836|0.00565965|0.000487115|0.00570991|0.000942087|0.00158689,0.0195223|0.0441673|0.0219518|0.0321365|0.0411064|0.0365133|0.0324456|9.64854e-05|0.0487221|0.025793|0.0260944|0.00436699|0.0071675|0.0384258|0.0105597|0.0154786|0.0130827|0.0161017|0.00922358|0.00461288,0.0242107|0.0122031|0.0367098|0.00948841|0.0108323|0.0400901|0.038918|0.0476464|0.00196597|0.0261584|0.00984899|0.0220509|0.0405146|0.0313876|0.00944802|0.0100135|0.0139073|0.0285758|0.00472777|0.0271272,0.974039|0.954535|0.982422|0.910107|0.976432|0.988795|0.939452|0.901898|0.993755|0.987839|0.907254|0.955218|0.966963|0.951143|0.981367|0.908062|0.988146|0.926425|0.933061|0.971435,1.83843|4.29962|4.76499|6.06417|3.3576|2.98582|1.71839|2.63005|5.33688|3.89608|1.27114|1.47168|3.33226|0.195308|3.20918|3.21404|1.03722|0.335111|5.98339|2.66147,30.2686|24.4191|88.6198|37.015|83.9106|51.9585|76.7594|23.5709|31.5608|97.1045|61.2725|70.4589|63.8366|11.0615|32.2763|27.3162|81.3396|99.595|65.9961,0.160201|0.207518|0.215223|0.187446|0.176807|0.175743|0.215627|0.172729|0.249069|0.225314|0.220481|0.160147|0.170284|0.208269|0.204609|0.234565|0.194321|0.169867|0.209925,0.559595|0.400846|0.305593|0.26228|0.224294|0.236177|0.514356|0.429495|0.544124|0.355382|0.792156|0.708174|0.370288|0.314052|0.689113|0.973123|0.540423|0.512253|0.118233,0.960777,0.865614,0.120899,0.0868004,0.0443973,0.549768,0.260837,0.538285,0.285384,0.878897,35.8152,3.31207e-13,55109,0.839609,94.1996,1.03756e-13,22888,0.849295,0.839791,0.0338668,0.656048,0.327512,0.511502,0.267077,0.510256,0.20836,0.865791,24.3765,1.91574e-12,96785,0.911926,34.976,6.36299e-12,85196
3,192,n1->n11->n12->n22->n32->n42->n43->n44->n34->n33->n23->n24->n14->n4->n5->n6->n7->n8->n9->n10,1.01975e+11|3.14092e+10|2.01442e+09|4.20781e+11|5.57525e+13|7.74591e+09|5.27043e+13|3.78167e+10|3.86712e+12|3.61083e+09|1.30754e+09|1.19647e+09|1.55394e+12|2.41468e+10|1.71925e+10|6.20369e+09|1.59356e+10|3.02882e+10|4.88974e+12|1.19036e+12,5.38235e+10|3.50301e+09|2.86583e+08|3.56381e+11|1.17595e+13|5.89918e+09|2.73378e+13|5.09814e+09|3.17678e+12|4.75867e+08|1.86199e+08|1.92545e+08|5.08598e+11|2.58863e+09|1.24313e+10|1.6207e+09|4.18966e+09|6.71621e+09|7.24919e+11|2.86476e+11,0.000676514|1.12087e-05|4.59784e-05|0.00083263|0.000134157|2.62737e-05|1.37366e-05|0.000245243|0.000266546|0.000995589|0.000133247|4.21479e-05|0.000503586|0.00042822|3.93241e-05|0.000574029|2.6451e-05|0.000381371|7.10273e-05|1.19625e-05,0.00399416|0.000724525|0.0021887|0.000180204|0.000327171|0.000152147|0.00153702|0.000352937|0.000845769|0.000667762|0.00202386|0.000227203|0.000728986|0.000225383|0.00026326|0.000130191|0.000180791|0.00570991|0.000942087|0.00158689,0.0195223|0.0441673|0.0219518|0.0174502|0.0310056|0.0437873|0.0494539|0.0172433|0.0487221|9.64854e-05|0.0324456|0.00100722|0.0409863|0.00259026|0.0154625|0.0106337|0.0189999|0.0161017|0.00922358|0.00461288,0.0242107|0.0122031|0.0367098|0.0349072|0.0233521|0.0147664|0.0473458|0.00451794|0.00196597|0.0476464|0.038918|0.00787238|0.0399677|0.0377939|0.0101575|0.0454173|0.0287911|0.0285758|0.00472777|0.0271272,0.974039|0.954535|0.982422|0.921048|0.93521|0.940415|0.91007|0.947307|0.993755|0.901898|0.939452|0.963279|0.991379|0.933254|0.930177|0.984551|0.934194|0.926425|0.933061|0.971435,1.83843|4.29962|4.76499|2.04059|1.27982|6.02574|2.48794|0.993798|5.33688|2.63005|1.71839|3.9558|1.56401|2.44626|0.521104|4.26912|3.83792|0.335111|5.98339|2.66147,30.2686|24.4191|13.2112|86.2435|70.8805|27.3217|59.7094|46.2248|23.5709|76.7594|67.5745|66.6304|52.1141|81.7362|37.2729|32.9383|55.4093|99.595|65.9961,0.160201|0.207518|0.197882|0.237058|0.21996|0.174647|0.233924|0.191997|0.172729|0.215627|0.161697|0.249271|0.187731|0.181317|0.234823|0.234586|0.163678|0.169867|0.209925,0.559595|0.400846|0.473279|0.793503|0.879118|0.427775|0.171162|0.347389|0.429495|0.514356|0.50952|0.311928|0.911759|0.126849|0.434803|0.312661|0.383219|0.512253|0.118233,0.960777,0.865614,0.120899,0.0868004,0.0443973,0.549768,0.260837,0.538285,0.285384,0.878897,35.8152,3.31207e-13,55109,0.839609,94.1996,1.03756e-13,22888,0.849295,0.839791,0.0338668,0.656048,0.327512,0.511502,0.267077,0.510256,0.20836,0.865791,24.3765,1.91574e-12,96785,0.911926,34.976,6.36299e-12,85196
3,193,n1->n11->n12->n22->n32->n33->n34->n44->n45->n35->n25->n26->n27->n17->n18->n28->n29->n30->n20->n10,1.01975e+11|3.14092e+10|2.01442e+09|4.20781e+11|5.57525e+13|3.61083e+09|3.86712e+12|3.78167e+10|1.44695e+11|4.41215e+13|4.7689e+13|1.37743e+11|4.11784e+12|2.82283e+09|1.79344e+11|1.17142e+11|2.58702e+12|1.51823e+10|2.0429e+12|1.19036e+12,5.38235e+10|3.50301e+09|2.86583e+08|3.56381e+11|1.17595e+13|4.75867e+08|3.17678e+12|5.09814e+09|2.01277e+10|7.93273e+12|2.99631e+13|2.62358e+10|1.44429e+12|1.47131e+09|1.01158e+11|3.45855e+10|1.13638e+12|2.91503e+09|8.72759e+11|2.86476e+11,0.000676514|1.12087e-05|4.59784e-05|0.00083263|0.000134157|0.000995589|0.000266546|0.000245243|0.000808537|1.92715e-05|0.000136619|0.000235321|3.47922e-05|3.16477e-05|8.49582e-05|3.80731e-05|0.000201956|7.04749e-05|0.000758131|1.19625e-05,0.00399416|0.000724525|0.0021887|0.000180204|0.000327171|0.000667762|0.000845769|0.000352937|0.000194969|0.00212144|0.000188414|0.00480716|0.000452568|0.00565965|0.000487115|0.000758065|0.00164535|0.000359249|0.00836606|0.00158689,0.0195223|0.0441673|0.0219518|0.0174502|0.0310056|9.64854e-05|0.0487221|0.0172433|0.0260944|0.025793|0.0282036|0.0384258|0.0467803|0.0154786|0.0130827|0.0342796|0.0479551|0.0183372|0.0340342|0.00461288,0.0242107|0.0122031|0.0367098|0.0349072|0.0233521|0.0476464|0.00196597|0.00451794|0.00984899|0.0261584|0.00307975|0.0313876|0.0312181|0.0100135|0.0139073|0.0019971|0.0254172|0.019548|0.0408908|0.0271272,0.974039|0.954535|0.982422|0.921048|0.93521|0.901898|0.993755|0.947307|0.907254|0.987839|0.940934|0.951143|0.945212|0.908062|0.988146|0.975528|0.96957|0.957367|0.97528|0.971435,1.83843|4.29962|4.76499|2.04059|1.27982|2.63005|5.33688|0.993798|1.27114|3.89608|2.45207|0.195308|3.90137|3.21404|1.03722|1.77801|4.43247|1.38161|3.08695|2.66147,30.2686|24.4191|13.2112|86.2435|67.4197|23.5709|46.2248|89.5651|97.1045|88.4205|55.6995|42.5138|72.2829|27.3162|43.2583|39.0733|83.4704|23.9015|29.3778,0.160201|0.207518|0.197882|0.237058|0.205284|0.172729|0.191997|0.221011|0.225314|0.213009|0.228068|0.238968|0.201328|0.234565|0.237801|0.16763|0.226001|0.207243|0.218806,0.559595|0.400846|0.473279|0.793503|0.18105|0.429495|0.347389|0.811541|0.355382|0.564157|0.389261|0.209813|0.672327|0.973123|0.352181|0.47242|0.602098|0.865388|0.694407,0.960777,0.865614,0.120899,0.0868004,0.0443973,0.549768,0.260837,0.538285,0.285384,0.878897,35.8152,3.31207e-13,55109,0.839609,94.1996,1.03756e-13,22888,0.849295,0.839791,0.0338668,0.656048,0.327512,0.511502,0.267077,0.510256,0.20836,0.865791,24.3765,1.91574e-12,96785,0.911926,34.976,6.36299e-12,85196
3,194,n1->n2->n12->n11->n21->n22->n32->n33->n23->n13->n3->n4->n14->n15->n16->n6->n7->n8->n9->n10,1.01975e+11|2.19896e+12|2.01442e+09|3.14092e+10|3.32883e+12|4.20781e+11|5.57525e+13|3.61083e+09|1.30754e+09|9.1461e+13|9.86942e+11|2.41468e+10|1.55394e+12|3.53263e+12|1.88403e+10|6.20369e+09|1.59356e+10|3.02882e+10|4.88974e+12|1.19036e+12,5.38235e+10|7.99596e+11|2.86583e+08|3.50301e+09|3.98612e+11|3.56381e+11|1.17595e+13|4.75867e+08|1.86199e+08|5.19514e+13|2.57025e+11|2.58863e+09|5.08598e+11|2.01845e+12|9.99594e+09|1.6207e+09|4.18966e+09|6.71621e+09|7.24919e+11|2.86476e+11,0.000676514|0.000589285|4.59784e-05|1.12087e-05|0.000328127|0.00083263|0.000134157|0.000995589|0.000133247|0.000506242|0.000150675|0.00042822|0.000503586|0.000745688|0.000390472|0.000574029|2.6451e-05|0.000381371|7.10273e-05|1.19625e-05,0.00399416|0.00221248|0.0021887|0.000724525|0.00838815|0.000180204|0.000327171|0.000667762|0.00202386|0.00462097|0.00013293|0.000225383|0.000728986|0.00651336|0.000762836|0.000130191|0.000180791|0.00570991|0.000942087|0.00158689,0.0195223|0.0321365|0.0219518|0.0441673|0.00424874|0.0174502|0.0310056|9.64854e-05|0.0324456|0.0365133|0.0411064|0.00259026|0.0409863|0.0286763|0.0105597|0.0106337|0.0189999|0.0161017|0.00922358|0.00461288,0.0242107|0.00948841|0.0367098|0.0122031|0.0418058|0.0349072|0.0233521|0.0476464|0.038918|0.0400901|0.0108323|0.0377939|0.0399677|0.0289577|0.00944802|0.0454173|0.0287911|0.0285758|0.00472777|0.0271272,0.974039|0.910107|0.982422|0.954535|0.988633|0.921048|0.93521|0.901898|0.939452|0.988795|0.976432|0.933254|0.991379|0.915893|0.981367|0.984551|0.934194|0.926425|0.933061|0.971435,1.83843|6.06417|4.76499|4.29962|1.42119|2.04059|1.27982|2.63005|1.71839|2.98582|3.3576|2.44626|1.56401|6.12587|3.20918|4.26912|3.83792|0.335111|5.98339|2.66147,79.8117|88.6198|24.4191|65.1286|34.0839|86.2435|67.4197|76.7594|51.9585|83.9106|10.4739|52.1141|92.5451|56.2706|50.0569|32.9383|55.4093|99.595|65.9961,0.208125|0.215223|0.207518|0.173408|0.249651|0.237058|0.205284|0.215627|0.175743|0.176807|0.213299|0.187731|0.174898|0.241506|0.186675|0.234586|0.163678|0.169867|0.209925,0.112575|0.305593|0.400846|0.625657|0.19649|0.793503|0.18105|0.514356|0.236177|0.224294|0.441339|0.911759|0.692675|0.350755|0.371607|0.312661|0.383219|0.512253|0.118233,0.960777,0.865614,0.120899,0.0868004,0.0443973,0.549768,0.260837,0.538285,0.285384,0.878897,35.8152,3.31207e-13,55109,0.839609,94.1996,1.03756e-13,22888,0.849295,0.839791,0.0338668,0.656048,0.327512,0.511502,0.267077,0.510256,0.20836,0.865791,24.3765,1.91574e-12,96785,0.911926,34.976,6.36299e-12,85196
3,195,n1->n2->n3->n4->n5->n6->n7->n17->n16->n26->n27->n37->n38->n48->n49->n39->n29->n19->n20->n10,1.01975e+11|2.19896e+12|9.86942e+11|2.41468e+10|1.71925e+10|6.20369e+09|1.59356e+10|2.82283e+09|1.88403e+10|1.37743e+11|4.11784e+12|7.44456e+10|2.12402e+13|2.53164e+09|3.80627e+12|1.22797e+10|2.58702e+12|8.72734e+13|2.0429e+12|1.19036e+12,5.38235e+10|7.99596e+11|2.57025e+11|2.58863e+09|1.24313e+10|1.6207e+09|4.18966e+09|1.47131e+09|9.99594e+09|2.62358e+10|1.44429e+12|3.47003e+10|5.17051e+12|5.33305e+08|8.66195e+11|9.03709e+09|1.13638e+12|1.85268e+13|8.72759e+11|2.86476e+11,0.000676514|0.000589285|0.000150675|0.00042822|3.93241e-05|0.000574029|2.6451e-05|3.16477e-05|0.000390472|0.000235321|3.47922e-05|0.000422484|6.19192e-05|2.98833e-05|0.000505517|4.92042e-05|0.000201956|1.50238e-05|0.000758131|1.19625e-05,0.00399416|0.00221248|0.00013293|0.000225383|0.00026326|0.000130191|0.000180791|0.00565965|0.000762836|0.00480716|0.000452568|0.00578717|0.000407214|0.000106722|0.000303357|0.00701273|0.00164535|0.000314326|0.00836606|0.00158689,0.0195223|0.0321365|0.0411064|0.00259026|0.0154625|0.0106337|0.0189999|0.0154786|0.0105597|0.0384258|0.0467803|0.0273508|0.0259351|0.00476168|0.0269197|0.0103677|0.0479551|0.00292072|0.0340342|0.00461288,0.0242107|0.00948841|0.0108323|0.0377939|0.0101575|0.0454173|0.0287911|0.0100135|0.00944802|0.0313876|0.0312181|0.0409943|0.0272425|0.0226596|0.00920696|0.0280029|0.0254172|0.0395015|0.0408908|0.0271272,0.974039|0.910107|0.976432|0.933254|0.930177|0.984551|0.934194|0.908062|0.981367|0.951143|0.945212|0.948574|0.962744|0.932268|0.947054|0.950978|0.96957|0.948693|0.97528|0.971435,1.83843|6.06417|3.3576|2.44626|0.521104|4.26912|3.83792|3.21404|3.20918|0.195308|3.90137|2.98156|2.70493|1.1332|0.957975|5.20655|4.43247|2.11735|3.08695|2.66147,79.8117|37.015|10.4739|81.7362|37.2729|32.9383|59.8148|32.2763|11.0615|42.5138|44.8869|37.0378|21.8454|52.0957|95.0453|44.1502|84.7043|10.3361|29.3778,0.208125|0.187446|0.213299|0.181317|0.234823|0.234586|0.239012|0.204609|0.208269|0.238968|0.228687|0.182534|0.249113|0.199115|0.174436|0.225177|0.185955|0.229825|0.218806,0.112575|0.26228|0.441339|0.126849|0.434803|0.312661|0.920789|0.689113|0.314052|0.209813|0.320739|0.771494|0.318363|0.263634|0.694525|0.713251|0.580258|0.200889|0.694407,0.960777,0.865614,0.120899,0.0868004,0.0443973,0.549768,0.260837,0.538285,0.285384,0.878897,35.8152,3.31207e-13,55109,0.839609,94.1996,1.03756e-13,22888,0.849295,0.839791,0.0338668,0.656048,0.327512,0.511502,0.267077,0.510256,0.20836,0.865791,24.3765,1.91574e-12,96785,0.911926,34.976,6.36299e-12,85196
3,196,n1->n11->n21->n31->n32->n33->n23->n22->n12->n13->n3->n4->n14->n15->n5->n6->n7->n8->n9->n10,1.01975e+11|3.14092e+10|3.32883e+12|1.05065e+13|5.57525e+13|3.61083e+09|1.30754e+09|4.20781e+11|2.01442e+09|9.1461e+13|9.86942e+11|2.41468e+10|1.55394e+12|3.53263e+12|1.71925e+10|6.20369e+09|1.59356e+10|3.02882e+10|4.88974e+12|1.19036e+12,5.38235e+10|3.50301e+09|3.98612e+11|2.87737e+12|1.17595e+13|4.75867e+08|1.86199e+08|3.56381e+11|2.86583e+08|5.19514e+13|2.57025e+11|2.58863e+09|5.08598e+11|2.01845e+12|1.24313e+10|1.6207e+09|4.18966e+09|6.71621e+09|7.24919e+11|2.86476e+11,0.000676514|1.12087e-05|0.000328127|0.000258516|0.000134157|0.000995589|0.000133247|0.00083263|4.59784e-05|0.000506242|0.000150675|0.00042822|0.000503586|0.000745688|3.93241e-05|0.000574029|2.6451e-05|0.000381371|7.10273e-05|1.19625e-05,0.00399416|0.000724525|0.00838815|0.000145507|0.000327171|0.000667762|0.00202386|0.000180204|0.0021887|0.00462097|0.00013293|0.000225383|0.000728986|0.00651336|0.00026326|0.000130191|0.000180791|0.00570991|0.000942087|0.00158689,0.0195223|0.0441673|0.00424874|0.0234983|0.0310056|9.64854e-05|0.0324456|0.0174502|0.0219518|0.0365133|0.0411064|0.00259026|0.0409863|0.0286763|0.0154625|0.0106337|0.0189999|0.0161017|0.00922358|0.00461288,0.0242107|0.0122031|0.0418058|0.00141098|0.0233521|0.0476464|0.038918|0.0349072|0.0367098|0.0400901|0.0108323|0.0377939|0.0399677|0.0289577|0.0101575|0.0454173|0.0287911|0.0285758|0.00472777|0.0271272,0.974039|0.954535|0.988633|0.964211|0.93521|0.901898|0.939452|0.921048|0.982422|0.988795|0.976432|0.933254|0.991379|0.915893|0.930177|0.984551|0.934194|0.926425|0.933061|0.971435,1.83843|4.29962|1.42119|2.15959|1.27982|2.63005|1.71839|2.04059|4.76499|2.98582|3.3576|2.44626|1.56401|6.12587|0.521104|4.26912|3.83792|0.335111|5.98339|2.66147,30.2686|65.1286|89.2299|63.0993|67.4197|76.7594|55.8812|13.2112|13.9548|83.9106|10.4739|52.1141|92.5451|35.0583|37.2729|32.9383|55.4093|99.595|65.9961,0.160201|0.173408|0.184425|0.229355|0.205284|0.215627|0.203103|0.197882|0.164045|0.176807|0.213299|0.187731|0.174898|0.211825|0.234823|0.234586|0.163678|0.169867|0.209925,0.559595|0.625657|0.421838|0.385409|0.18105|0.514356|0.544519|0.473279|0.842052|0.224294|0.441339|0.911759|0.692675|0.610625|0.434803|0.312661|0.383219|0.512253|0.118233,0.960777,0.865614,0.120899,0.0868004,0.0443973,0.549768,0.260837,0.538285,0.285384,0.878897,35.8152,3.31207e-13,55109,0.839609,94.1996,1.03756e-13,22888,0.849295,0.839791,0.0338668,0.656048,0.327512,0.511502,0.267077,0.510256,0.20836,0.865791,24.3765,1.91574e-12,96785,0.911926,34.976,6.36299e-12,85196
3,197,n1->n11->n12->n22->n32->n31->n41->n42->n43->n33->n34->n24->n14->n4->n5->n6->n7->n8->n9->n10,1.01975e+11|3.14092e+10|2.01442e+09|4.20781e+11|5.57525e+13|1.05065e+13|5.16941e+10|7.74591e+09|5.27043e+13|3.61083e+09|3.86712e+12|1.19647e+09|1.55394e+12|2.41468e+10|1.71925e+10|6.20369e+09|1.59356e+10|3.02882e+10|4.88974e+12|1.19036e+12,5.38235e+10|3.50301e+09|2.86583e+08|3.56381e+11|1.17595e+13|2.87737e+12|2.30432e+10|5.89918e+09|2.73378e+13|4.75867e+08|3.17678e+12|1.92545e+08|5.08598e+11|2.58863e+09|1.24313e+10|1.6207e+09|4.18966e+09|6.71621e+09|7.24919e+11|2.86476e+11,0.000676514|1.12087e-05|4.59784e-05|0.00083263|0.000134157|0.000258516|9.89451e-05|2.62737e-05|1.37366e-05|0.000995589|0.000266546|4.21479e-05|0.000503586|0.00042822|3.93241e-05|0.000574029|2.6451e-05|0.000381371|7.10273e-05|1.19625e-05,0.00399416|0.000724525|0.0021887|0.000180204|0.000327171|0.000145507|0.000153616|0.000152147|0.00153702|0.000667762|0.000845769|0.000227203|0.000728986|0.000225383|0.00026326|0.000130191|0.000180791|0.00570991|0.000942087|0.00158689,0.0195223|0.0441673|0.0219518|0.0174502|0.0310056|0.0234983|0.00365206|0.0437873|0.0494539|9.64854e-05|0.0487221|0.00100722|0.0409863|0.00259026|0.0154625|0.0106337|0.0189999|0.0161017|0.00922358|0.00461288,0.0242107|0.0122031|0.0367098|0.0349072|0.0233521|0.00141098|0.00928288|0.0147664|0.0473458|0.0476464|0.00196597|0.00787238|0.0399677|0.0377939|0.0101575|0.0454173|0.0287911|0.0285758|0.00472777|0.0271272,0.974039|0.954535|0.982422|0.921048|0.93521|0.964211|0.918134|0.940415|0.91007|0.901898|0.993755|0.963279|0.991379|0.933254|0.930177|0.984551|0.934194|0.926425|0.933061|0.971435,1.83843|4.29962|4.76499|2.04059|1.27982|2.15959|3.82207|6.02574|2.48794|2.63005|5.33688|3.9558|1.56401|2.44626|0.521104|4.26912|3.83792|0.335111|5.98339|2.66147,30.2686|24.4191|13.2112|86.2435|63.0993|64.4551|61.2747|27.3217|49.6282|23.5709|58.7029|66.6304|52.1141|81.7362|37.2729|32.9383|55.4093|99.595|65.9961,0.160201|0.207518|0.197882|0.237058|0.229355|0.218858|0.209839|0.174647|0.16438|0.172729|0.197049|0.249271|0.187731|0.181317|0.234823|0.234586|0.163678|0.169867|0.209925,0.559595|0.400846|0.473279|0.793503|0.385409|0.533332|0.61829|0.427775|0.126669|0.429495|0.268944|0.311928|0.911759|0.126849|0.434803|0.312661|0.383219|0.512253|0.118233,0.960777,0.865614,0.120899,0.0868004,0.0443973,0.549768,0.260837,0.538285,0.285384,0.878897,35.8152,3.31207e-13,55109,0.839609,94.1996,1.03756e-13,22888,0.849295,0.839791,0.0338668,0.656048,0.327512,0.511502,0.267077,0.510256,0.20836,0.865791,24.3765,1.91574e-12,96785,0.911926,34.976,6.36299e-12,85196
3,198,n1->n11->n12->n22->n23->n33->n34->n35->n36->n37->n27->n26->n25->n15->n5->n6->n7->n8->n9->n10,1.01975e+11|3.14092e+10|2.01442e+09|4.20781e+11|1.30754e+09|3.61083e+09|3.86712e+12|4.41215e+13|3.59186e+10|7.44456e+10|4.11784e+12|1.37743e+11|4.7689e+13|3.53263e+12|1.71925e+10|6.20369e+09|1.59356e+10|3.02882e+10|4.88974e+12|1.19036e+12,5.38235e+10|3.50301e+09|2.86583e+08|3.56381e+11|1.86199e+08|4.75867e+08|3.17678e+12|7.93273e+12|9.02372e+09|3.47003e+10|1.44429e+12|2.62358e+10|2.99631e+13|2.01845e+12|1.24313e+10|1.6207e+09|4.18966e+09|6.71621e+09|7.24919e+11|2.86476e+11,0.000676514|1.12087e-05|4.59784e-05|0.00083263|0.000133247|0.000995589|0.000266546|1.92715e-05|1.84923e-05|0.000422484|3.47922e-05|0.000235321|0.000136619|0.000745688|3.93241e-05|0.000574029|2.6451e-05|0.000381371|7.10273e-05|1.19625e-05,0.00399416|0.000724525|0.0021887|0.000180204|0.00202386|0.000667762|0.000845769|0.00212144|0.000242453|0.00578717|0.000452568|0.00480716|0.000188414|0.00651336|0.00026326|0.000130191|0.000180791|0.00570991|0.000942087|0.00158689,0.0195223|0.0441673|0.0219518|0.0174502|0.0324456|9.64854e-05|0.0487221|0.025793|0.0071675|0.0273508|0.0467803|0.0384258|0.0282036|0.0286763|0.0154625|0.0106337|0.0189999|0.0161017|0.00922358|0.00461288,0.0242107|0.0122031|0.0367098|0.0349072|0.038918|0.0476464|0.00196597|0.0261584|0.0405146|0.0409943|0.0312181|0.0313876|0.00307975|0.0289577|0.0101575|0.0454173|0.0287911|0.0285758|0.00472777|0.0271272,0.974039|0.954535|0.982422|0.921048|0.939452|0.901898|0.993755|0.987839|0.966963|0.948574|0.945212|0.951143|0.940934|0.915893|0.930177|0.984551|0.934194|0.926425|0.933061|0.971435,1.83843|4.29962|4.76499|2.04059|1.71839|2.63005|5.33688|3.89608|3.33226|2.98156|3.90137|0.195308|2.45207|6.12587|0.521104|4.26912|3.83792|0.335111|5.98339|2.66147,30.2686|24.4191|13.2112|55.8812|76.7594|23.5709|31.5608|18.7034|29.3504|44.8869|42.5138|55.6995|54.7186|35.0583|37.2729|32.9383|55.4093|99.595|65.9961,0.160201|0.207518|0.197882|0.203103|0.215627|0.172729|0.249069|0.248201|0.166344|0.228687|0.238968|0.228068|0.218311|0.211825|0.234823|0.234586|0.163678|0.169867|0.209925,0.559595|0.400846|0.473279|0.544519|0.514356|0.429495|0.544124|0.327026|0.714949|0.320739|0.209813|0.389261|0.136449|0.610625|0.434803|0.312661|0.383219|0.512253|0.118233,0.960777,0.865614,0.120899,0.0868004,0.0443973,0.549768,0.260837,0.538285,0.285384,0.878897,35.8152,3.31207e-13,55109,0.839609,94.1996,1.03756e-13,22888,0.849295,0.839791,0.0338668,0.656048,0.327512,0.511502,0.267077,0.510256,0.20836,0.865791,24.3765,1.91574e-12,96785,0.911926,34.976,6.36299e-12,85196
3,199,n1->n11->n21->n22->n32->n31->n41->n42->n43->n44->n34->n35->n36->n37->n38->n39->n40->n30->n20->n10,1.01975e+11|3.14092e+10|3.32883e+12|4.20781e+11|5.57525e+13|1.05065e+13|5.16941e+10|7.74591e+09|5.27043e+13|3.78167e+10|3.86712e+12|4.41215e+13|3.59186e+10|7.44456e+10|2.12402e+13|1.22797e+10|4.94603e+09|1.51823e+10|2.0429e+12|1.19036e+12,5.38235e+10|3.50301e+09|3.98612e+11|3.56381e+11|1.17595e+13|2.87737e+12|2.30432e+10|5.89918e+09|2.73378e+13|5.09814e+09|3.17678e+12|7.93273e+12|9.02372e+09|3.47003e+10|5.17051e+12|9.03709e+09|4.0197e+09|2.91503e+09|8.72759e+11|2.86476e+11,0.000676514|1.12087e-05|0.000328127|0.00083263|0.000134157|0.000258516|9.89451e-05|2.62737e-05|1.37366e-05|0.000245243|0.000266546|1.92715e-05|1.84923e-05|0.000422484|6.19192e-05|4.92042e-05|0.000115573|7.04749e-05|0.000758131|1.19625e-05,0.00399416|0.000724525|0.00838815|0.000180204|0.000327171|0.000145507|0.000153616|0.000152147|0.00153702|0.000352937|0.000845769|0.00212144|0.000242453|0.00578717|0.000407214|0.00701273|0.00148668|0.000359249|0.00836606|0.00158689,0.0195223|0.0441673|0.00424874|0.0174502|0.0310056|0.0234983|0.00365206|0.0437873|0.0494539|0.0172433|0.0487221|0.025793|0.0071675|0.0273508|0.0259351|0.0103677|0.0255083|0.0183372|0.0340342|0.00461288,0.0242107|0.0122031|0.0418058|0.0349072|0.0233521|0.00141098|0.00928288|0.0147664|0.0473458|0.00451794|0.00196597|0.0261584|0.0405146|0.0409943|0.0272425|0.0280029|0.00180125|0.019548|0.0408908|0.0271272,0.974039|0.954535|0.988633|0.921048|0.93521|0.964211|0.918134|0.940415|0.91007|0.947307|0.993755|0.987839|0.966963|0.948574|0.962744|0.950978|0.947224|0.957367|0.97528|0.971435,1.83843|4.29962|1.42119|2.04059|1.27982|2.15959|3.82207|6.02574|2.48794|0.993798|5.33688|3.89608|3.33226|2.98156|2.70493|5.20655|1.65593|1.38161|3.08695|2.66147,30.2686|65.1286|34.0839|86.2435|63.0993|64.4551|61.2747|27.3217|59.7094|46.2248|31.5608|18.7034|29.3504|37.0378|69.5993|86.0567|98.0873|23.9015|29.3778,0.160201|0.173408|0.249651|0.237058|0.229355|0.218858|0.209839|0.174647|0.233924|0.191997|0.249069|0.248201|0.166344|0.182534|0.162204|0.184681|0.181093|0.207243|0.218806,0.559595|0.625657|0.19649|0.793503|0.385409|0.533332|0.61829|0.427775|0.171162|0.347389|0.544124|0.327026|0.714949|0.771494|0.733363|0.832174|0.595683|0.865388|0.694407,0.960777,0.865614,0.120899,0.0868004,0.0443973,0.549768,0.260837,0.538285,0.285384,0.878897,35.8152,3.31207e-13,55109,0.839609,94.1996,1.03756e-13,22888,0.849295,0.839791,0.0338668,0.656048,0.327512,0.511502,0.267077,0.510256,0.20836,0.865791,24.3765,1.91574e-12,96785,0.911926,34.976,6.36299e-12,85196
3,200,n1->n11->n12->n2->n3->n4->n14->n15->n5->n6->n7->n17->n27->n37->n38->n28->n18->n8->n9->n10,1.01975e+11|3.14092e+10|2.01442e+09|2.19896e+12|9.86942e+11|2.41468e+10|1.55394e+12|3.53263e+12|1.71925e+10|6.20369e+09|1.59356e+10|2.82283e+09|4.11784e+12|7.44456e+10|2.12402e+13|1.17142e+11|1.79344e+11|3.02882e+10|4.88974e+12|1.19036e+12,5.38235e+10|3.50301e+09|2.86583e+08|7.99596e+11|2.57025e+11|2.58863e+09|5.08598e+11|2.01845e+12|1.24313e+10|1.6207e+09|4.18966e+09|1.47131e+09|1.44429e+12|3.47003e+10|5.17051e+12|3.45855e+10|1.01158e+11|6.71621e+09|7.24919e+11|2.86476e+11,0.000676514|1.12087e-05|4.59784e-05|0.000589285|0.000150675|0.00042822|0.000503586|0.000745688|3.93241e-05|0.000574029|2.6451e-05|3.16477e-05|3.47922e-05|0.000422484|6.19192e-05|3.80731e-05|8.49582e-05|0.000381371|7.10273e-05|1.19625e-05,0.00399416|0.000724525|0.0021887|0.00221248|0.00013293|0.000225383|0.000728986|0.00651336|0.00026326|0.000130191|0.000180791|0.00565965|0.000452568|0.00578717|0.000407214|0.000758065|0.000487115|0.00570991|0.000942087|0.00158689,0.0195223|0.0441673|0.0219518|0.0321365|0.0411064|0.00259026|0.0409863|0.0286763|0.0154625|0.0106337|0.0189999|0.0154786|0.0467803|0.0273508|0.0259351|0.0342796|0.0130827|0.0161017|0.00922358|0.00461288,0.0242107|0.0122031|0.0367098|0.00948841|0.0108323|0.0377939|0.0399677|0.0289577|0.0101575|0.0454173|0.0287911|0.0100135|0.0312181|0.0409943|0.0272425|0.0019971|0.0139073|0.0285758|0.00472777|0.0271272,0.974039|0.954535|0.982422|0.910107|0.976432|0.933254|0.991379|0.915893|0.930177|0.984551|0.934194|0.908062|0.945212|0.948574|0.962744|0.975528|0.988146|0.926425|0.933061|0.971435,1.83843|4.29962|4.76499|6.06417|3.3576|2.44626|1.56401|6.12587|0.521104|4.26912|3.83792|3.21404|3.90137|2.98156|2.70493|1.77801|1.03722|0.335111|5.98339|2.66147,30.2686|24.4191|88.6198|37.015|10.4739|52.1141|92.5451|35.0583|37.2729|32.9383|59.8148|72.2829|44.8869|37.0378|23.518|43.2583|81.3396|99.595|65.9961,0.160201|0.207518|0.215223|0.187446|0.213299|0.187731|0.174898|0.211825|0.234823|0.234586|0.239012|0.201328|0.228687|0.182534|0.229604|0.237801|0.194321|0.169867|0.209925,0.559595|0.400846|0.305593|0.26228|0.441339|0.911759|0.692675|0.610625|0.434803|0.312661|0.920789|0.672327|0.320739|0.771494|0.865506|0.352181|0.540423|0.512253|0.118233,0.960777,0.865614,0.120899,0.0868004,0.0443973,0.549768,0.260837,0.538285,0.285384,0.878897,35.8152,3.31207e-13,55109,0.839609,94.1996,1.03756e-13,22888,0.849295,0.839791,0.0338668,0.656048,0.327512,0.511502,0.267077,0.510256,0.20836,0.865791,24.3765,1.91574e-12,96785,0.911926,34.976,6.36299e-12,85196
