DatasetID,PathID,PathString,node_t1,node_t2,node_p_depol_1q,node_p_depol_2q,node_coh1_angle,node_coh2_zz_angle,node_src_visibility,node_src_phase,edge_length,edge_attenuation,edge_insertion_loss_db,d1_coupling_1,d1_coupling_2,d1_mzi_phase_error,d1_mzi_loss_short,d1_mzi_loss_long,d1_bs1_reflectivity,d1_bs1_loss,d1_bs2_reflectivity,d1_bs2_loss,d1_snspd1_efficiency,d1_snspd1_jitter,d1_snspd1_dark,d1_snspd1_dead,d1_snspd2_efficiency,d1_snspd2_jitter,d1_snspd2_dark,d1_snspd2_dead,d2_coupling_1,d2_coupling_2,d2_mzi_phase_error,d2_mzi_loss_short,d2_mzi_loss_long,d2_bs1_reflectivity,d2_bs1_loss,d2_bs2_reflectivity,d2_bs2_loss,d2_snspd1_efficiency,d2_snspd1_jitter,d2_snspd1_dark,d2_snspd1_dead,d2_snspd2_efficiency,d2_snspd2_jitter,d2_snspd2_dark,d2_snspd2_dead
1,1,n1->n2->n12->n13->n14->n4->n5->n6->n7->n8->n9->n10,2.31363e+13|1.08374e+10|6.50639e+11|4.50381e+10|4.81326e+11|3.77253e+09|1.66294e+09|3.11313e+11|9.24787e+09|4.30375e+13|5.91555e+11|1.18221e+10,3.60243e+12|2.86853e+09|6.91628e+10|3.40678e+10|4.44483e+11|1.57109e+09|4.18929e+08|9.70219e+10|1.17307e+09|3.6866e+13|1.23797e+11|4.31884e+09,2.76437e-05|2.25049e-05|0.000306846|5.57341e-05|0.00084559|1.75363e-05|4.44502e-05|0.000874519|0.00053987|6.06714e-05|4.9143e-05|0.000324399,0.00205186|0.000185945|0.00506163|0.00134945|0.0051438|0.00506716|0.00789389|0.000577384|0.00150891|0.000455538|0.000571723|0.000327224,0.0144542|0.0430141|0.0248209|0.0135171|0.00938046|0.0377136|0.028843|0.0198763|0.0179336|0.0225523|0.00473199|0.0413395,0.0367363|0.0160199|0.0232879|0.00802942|0.0297136|0.0409904|0.0403095|0.0292376|0.0204335|0.0283967|0.00830313|0.0463752,0.95381|0.934272|0.90052|0.973616|0.983424|0.949976|0.916182|0.912165|0.940994|0.943873|0.968696|0.956752,3.46146|0.347274|4.94267|3.12017|2.35283|6.26231|6.14894|2.01744|3.97819|4.13907|2.44477|4.20312,79.8117|88.6198|13.9548|56.34|52.1141|81.7362|37.2729|32.9383|55.4093|99.595|65.9961,0.20774|0.169026|0.237358|0.19509|0.216912|0.185633|0.24829|0.173207|0.200726|0.248024|0.245087,0.634164|0.804539|0.503427|0.577651|0.936246|0.8088|0.138112|0.402657|0.858389|0.527389|0.339228,0.965709,0.942107,0.00398666,0.0494591,0.601558,0.498619,0.0780554,0.491866,0.227373,0.94879,60.5101,3.47919e-12,34363,0.893945,38.3275,1.8046e-11,70899,0.813216,0.800213,0.0318416,0.894511,0.646291,0.467196,0.267079,0.496996,0.142828,0.968398,15.3538,7.25626e-13,62719,0.835188,71.1574,7.18405e-13,18924
1,2,n1->n2->n12->n13->n3->n4->n5->n6->n7->n8->n9->n10,2.31363e+13|1.08374e+10|6.50639e+11|4.50381e+10|6.12136e+10|3.77253e+09|1.66294e+09|3.11313e+11|9.24787e+09|4.30375e+13|5.91555e+11|1.18221e+10,3.60243e+12|2.86853e+09|6.91628e+10|3.40678e+10|1.1263e+10|1.57109e+09|4.18929e+08|9.70219e+10|1.17307e+09|3.6866e+13|1.23797e+11|4.31884e+09,2.76437e-05|2.25049e-05|0.000306846|5.57341e-05|0.00016633|1.75363e-05|4.44502e-05|0.000874519|0.00053987|6.06714e-05|4.9143e-05|0.000324399,0.00205186|0.000185945|0.00506163|0.00134945|0.000257502|0.00506716|0.00789389|0.000577384|0.00150891|0.000455538|0.000571723|0.000327224,0.0144542|0.0430141|0.0248209|0.0135171|0.0444183|0.0377136|0.028843|0.0198763|0.0179336|0.0225523|0.00473199|0.0413395,0.0367363|0.0160199|0.0232879|0.00802942|0.0464833|0.0409904|0.0403095|0.0292376|0.0204335|0.0283967|0.00830313|0.0463752,0.95381|0.934272|0.90052|0.973616|0.909484|0.949976|0.916182|0.912165|0.940994|0.943873|0.968696|0.956752,3.46146|0.347274|4.94267|3.12017|0.674833|6.26231|6.14894|2.01744|3.97819|4.13907|2.44477|4.20312,79.8117|88.6198|13.9548|83.9106|10.4739|81.7362|37.2729|32.9383|55.4093|99.595|65.9961,0.20774|0.169026|0.237358|0.214124|0.244816|0.185633|0.24829|0.173207|0.200726|0.248024|0.245087,0.634164|0.804539|0.503427|0.78746|0.120042|0.8088|0.138112|0.402657|0.858389|0.527389|0.339228,0.965709,0.942107,0.00398666,0.0494591,0.601558,0.498619,0.0780554,0.491866,0.227373,0.94879,60.5101,3.47919e-12,34363,0.893945,38.3275,1.8046e-11,70899,0.813216,0.800213,0.0318416,0.894511,0.646291,0.467196,0.267079,0.496996,0.142828,0.968398,15.3538,7.25626e-13,62719,0.835188,71.1574,7.18405e-13,18924
1,3,n1->n11->n12->n2->n3->n4->n5->n6->n7->n8->n9->n10,2.31363e+13|1.83181e+09|6.50639e+11|1.08374e+10|6.12136e+10|3.77253e+09|1.66294e+09|3.11313e+11|9.24787e+09|4.30375e+13|5.91555e+11|1.18221e+10,3.60243e+12|1.61585e+09|6.91628e+10|2.86853e+09|1.1263e+10|1.57109e+09|4.18929e+08|9.70219e+10|1.17307e+09|3.6866e+13|1.23797e+11|4.31884e+09,2.76437e-05|6.09494e-05|0.000306846|2.25049e-05|0.00016633|1.75363e-05|4.44502e-05|0.000874519|0.00053987|6.06714e-05|4.9143e-05|0.000324399,0.00205186|0.0070437|0.00506163|0.000185945|0.000257502|0.00506716|0.00789389|0.000577384|0.00150891|0.000455538|0.000571723|0.000327224,0.0144542|0.0289489|0.0248209|0.0430141|0.0444183|0.0377136|0.028843|0.0198763|0.0179336|0.0225523|0.00473199|0.0413395,0.0367363|0.00023094|0.0232879|0.0160199|0.0464833|0.0409904|0.0403095|0.0292376|0.0204335|0.0283967|0.00830313|0.0463752,0.95381|0.903661|0.90052|0.934272|0.909484|0.949976|0.916182|0.912165|0.940994|0.943873|0.968696|0.956752,3.46146|4.2752|4.94267|0.347274|0.674833|6.26231|6.14894|2.01744|3.97819|4.13907|2.44477|4.20312,30.2686|24.4191|88.6198|37.015|10.4739|81.7362|37.2729|32.9383|55.4093|99.595|65.9961,0.161965|0.205217|0.169026|0.191035|0.244816|0.185633|0.24829|0.173207|0.200726|0.248024|0.245087,0.56362|0.974022|0.804539|0.479152|0.120042|0.8088|0.138112|0.402657|0.858389|0.527389|0.339228,0.965709,0.942107,0.00398666,0.0494591,0.601558,0.498619,0.0780554,0.491866,0.227373,0.94879,60.5101,3.47919e-12,34363,0.893945,38.3275,1.8046e-11,70899,0.813216,0.800213,0.0318416,0.894511,0.646291,0.467196,0.267079,0.496996,0.142828,0.968398,15.3538,7.25626e-13,62719,0.835188,71.1574,7.18405e-13,18924
1,4,n1->n2->n12->n13->n14->n15->n5->n6->n7->n8->n9->n10,2.31363e+13|1.08374e+10|6.50639e+11|4.50381e+10|4.81326e+11|3.20281e+09|1.66294e+09|3.11313e+11|9.24787e+09|4.30375e+13|5.91555e+11|1.18221e+10,3.60243e+12|2.86853e+09|6.91628e+10|3.40678e+10|4.44483e+11|2.0725e+09|4.18929e+08|9.70219e+10|1.17307e+09|3.6866e+13|1.23797e+11|4.31884e+09,2.76437e-05|2.25049e-05|0.000306846|5.57341e-05|0.00084559|9.19448e-05|4.44502e-05|0.000874519|0.00053987|6.06714e-05|4.9143e-05|0.000324399,0.00205186|0.000185945|0.00506163|0.00134945|0.0051438|0.0013452|0.00789389|0.000577384|0.00150891|0.000455538|0.000571723|0.000327224,0.0144542|0.0430141|0.0248209|0.0135171|0.00938046|0.0491072|0.028843|0.0198763|0.0179336|0.0225523|0.00473199|0.0413395,0.0367363|0.0160199|0.0232879|0.00802942|0.0297136|0.0303606|0.0403095|0.0292376|0.0204335|0.0283967|0.00830313|0.0463752,0.95381|0.934272|0.90052|0.973616|0.983424|0.940373|0.916182|0.912165|0.940994|0.943873|0.968696|0.956752,3.46146|0.347274|4.94267|3.12017|2.35283|2.32468|6.14894|2.01744|3.97819|4.13907|2.44477|4.20312,79.8117|88.6198|13.9548|56.34|92.5451|35.0583|37.2729|32.9383|55.4093|99.595|65.9961,0.20774|0.169026|0.237358|0.19509|0.187126|0.200044|0.24829|0.173207|0.200726|0.248024|0.245087,0.634164|0.804539|0.503427|0.577651|0.127963|0.592289|0.138112|0.402657|0.858389|0.527389|0.339228,0.965709,0.942107,0.00398666,0.0494591,0.601558,0.498619,0.0780554,0.491866,0.227373,0.94879,60.5101,3.47919e-12,34363,0.893945,38.3275,1.8046e-11,70899,0.813216,0.800213,0.0318416,0.894511,0.646291,0.467196,0.267079,0.496996,0.142828,0.968398,15.3538,7.25626e-13,62719,0.835188,71.1574,7.18405e-13,18924
1,5,n1->n11->n12->n13->n3->n4->n5->n6->n7->n8->n9->n10,2.31363e+13|1.83181e+09|6.50639e+11|4.50381e+10|6.12136e+10|3.77253e+09|1.66294e+09|3.11313e+11|9.24787e+09|4.30375e+13|5.91555e+11|1.18221e+10,3.60243e+12|1.61585e+09|6.91628e+10|3.40678e+10|1.1263e+10|1.57109e+09|4.18929e+08|9.70219e+10|1.17307e+09|3.6866e+13|1.23797e+11|4.31884e+09,2.76437e-05|6.09494e-05|0.000306846|5.57341e-05|0.00016633|1.75363e-05|4.44502e-05|0.000874519|0.00053987|6.06714e-05|4.9143e-05|0.000324399,0.00205186|0.0070437|0.00506163|0.00134945|0.000257502|0.00506716|0.00789389|0.000577384|0.00150891|0.000455538|0.000571723|0.000327224,0.0144542|0.0289489|0.0248209|0.0135171|0.0444183|0.0377136|0.028843|0.0198763|0.0179336|0.0225523|0.00473199|0.0413395,0.0367363|0.00023094|0.0232879|0.00802942|0.0464833|0.0409904|0.0403095|0.0292376|0.0204335|0.0283967|0.00830313|0.0463752,0.95381|0.903661|0.90052|0.973616|0.909484|0.949976|0.916182|0.912165|0.940994|0.943873|0.968696|0.956752,3.46146|4.2752|4.94267|3.12017|0.674833|6.26231|6.14894|2.01744|3.97819|4.13907|2.44477|4.20312,30.2686|24.4191|13.9548|83.9106|10.4739|81.7362|37.2729|32.9383|55.4093|99.595|65.9961,0.161965|0.205217|0.237358|0.214124|0.244816|0.185633|0.24829|0.173207|0.200726|0.248024|0.245087,0.56362|0.974022|0.503427|0.78746|0.120042|0.8088|0.138112|0.402657|0.858389|0.527389|0.339228,0.965709,0.942107,0.00398666,0.0494591,0.601558,0.498619,0.0780554,0.491866,0.227373,0.94879,60.5101,3.47919e-12,34363,0.893945,38.3275,1.8046e-11,70899,0.813216,0.800213,0.0318416,0.894511,0.646291,0.467196,0.267079,0.496996,0.142828,0.968398,15.3538,7.25626e-13,62719,0.835188,71.1574,7.18405e-13,18924
1,6,n1->n2->n3->n4->n14->n15->n16->n6->n7->n8->n9->n10,2.31363e+13|1.08374e+10|6.12136e+10|3.77253e+09|4.81326e+11|3.20281e+09|1.22489e+11|3.11313e+11|9.24787e+09|4.30375e+13|5.91555e+11|1.18221e+10,3.60243e+12|2.86853e+09|1.1263e+10|1.57109e+09|4.44483e+11|2.0725e+09|1.60878e+10|9.70219e+10|1.17307e+09|3.6866e+13|1.23797e+11|4.31884e+09,2.76437e-05|2.25049e-05|0.00016633|1.75363e-05|0.00084559|9.19448e-05|0.000388598|0.000874519|0.00053987|6.06714e-05|4.9143e-05|0.000324399,0.00205186|0.000185945|0.000257502|0.00506716|0.0051438|0.0013452|0.00473624|0.000577384|0.00150891|0.000455538|0.000571723|0.000327224,0.0144542|0.0430141|0.0444183|0.0377136|0.00938046|0.0491072|0.0142199|0.0198763|0.0179336|0.0225523|0.00473199|0.0413395,0.0367363|0.0160199|0.0464833|0.0409904|0.0297136|0.0303606|0.0151898|0.0292376|0.0204335|0.0283967|0.00830313|0.0463752,0.95381|0.934272|0.909484|0.949976|0.983424|0.940373|0.983062|0.912165|0.940994|0.943873|0.968696|0.956752,3.46146|0.347274|0.674833|6.26231|2.35283|2.32468|0.15061|2.01744|3.97819|4.13907|2.44477|4.20312,79.8117|37.015|10.4739|52.1141|92.5451|56.2706|50.0569|32.9383|55.4093|99.595|65.9961,0.20774|0.191035|0.244816|0.216912|0.187126|0.221203|0.248888|0.173207|0.200726|0.248024|0.245087,0.634164|0.479152|0.120042|0.936246|0.127963|0.263189|0.114607|0.402657|0.858389|0.527389|0.339228,0.965709,0.942107,0.00398666,0.0494591,0.601558,0.498619,0.0780554,0.491866,0.227373,0.94879,60.5101,3.47919e-12,34363,0.893945,38.3275,1.8046e-11,70899,0.813216,0.800213,0.0318416,0.894511,0.646291,0.467196,0.267079,0.496996,0.142828,0.968398,15.3538,7.25626e-13,62719,0.835188,71.1574,7.18405e-13,18924
1,7,n1->n11->n12->n13->n14->n15->n5->n6->n7->n8->n9->n10,2.31363e+13|1.83181e+09|6.50639e+11|4.50381e+10|4.81326e+11|3.20281e+09|1.66294e+09|3.11313e+11|9.24787e+09|4.30375e+13|5.91555e+11|1.18221e+10,3.60243e+12|1.61585e+09|6.91628e+10|3.40678e+10|4.44483e+11|2.0725e+09|4.18929e+08|9.70219e+10|1.17307e+09|3.6866e+13|1.23797e+11|4.31884e+09,2.76437e-05|6.09494e-05|0.000306846|5.57341e-05|0.00084559|9.19448e-05|4.44502e-05|0.000874519|0.00053987|6.06714e-05|4.9143e-05|0.000324399,0.00205186|0.0070437|0.00506163|0.00134945|0.0051438|0.0013452|0.00789389|0.000577384|0.00150891|0.000455538|0.000571723|0.000327224,0.0144542|0.0289489|0.0248209|0.0135171|0.00938046|0.0491072|0.028843|0.0198763|0.0179336|0.0225523|0.00473199|0.0413395,0.0367363|0.00023094|0.0232879|0.00802942|0.0297136|0.0303606|0.0403095|0.0292376|0.0204335|0.0283967|0.00830313|0.0463752,0.95381|0.903661|0.90052|0.973616|0.983424|0.940373|0.916182|0.912165|0.940994|0.943873|0.968696|0.956752,3.46146|4.2752|4.94267|3.12017|2.35283|2.32468|6.14894|2.01744|3.97819|4.13907|2.44477|4.20312,30.2686|24.4191|13.9548|56.34|92.5451|35.0583|37.2729|32.9383|55.4093|99.595|65.9961,0.161965|0.205217|0.237358|0.19509|0.187126|0.200044|0.24829|0.173207|0.200726|0.248024|0.245087,0.56362|0.974022|0.503427|0.577651|0.127963|0.592289|0.138112|0.402657|0.858389|0.527389|0.339228,0.965709,0.942107,0.00398666,0.0494591,0.601558,0.498619,0.0780554,0.491866,0.227373,0.94879,60.5101,3.47919e-12,34363,0.893945,38.3275,1.8046e-11,70899,0.813216,0.800213,0.0318416,0.894511,0.646291,0.467196,0.267079,0.496996,0.142828,0.968398,15.3538,7.25626e-13,62719,0.835188,71.1574,7.18405e-13,18924
1,8,n1->n2->n3->n4->n5->n15->n16->n6->n7->n8->n9->n10,2.31363e+13|1.08374e+10|6.12136e+10|3.77253e+09|1.66294e+09|3.20281e+09|1.22489e+11|3.11313e+11|9.24787e+09|4.30375e+13|5.91555e+11|1.18221e+10,3.60243e+12|2.86853e+09|1.1263e+10|1.57109e+09|4.18929e+08|2.0725e+09|1.60878e+10|9.70219e+10|1.17307e+09|3.6866e+13|1.23797e+11|4.31884e+09,2.76437e-05|2.25049e-05|0.00016633|1.75363e-05|4.44502e-05|9.19448e-05|0.000388598|0.000874519|0.00053987|6.06714e-05|4.9143e-05|0.000324399,0.00205186|0.000185945|0.000257502|0.00506716|0.00789389|0.0013452|0.00473624|0.000577384|0.00150891|0.000455538|0.000571723|0.000327224,0.0144542|0.0430141|0.0444183|0.0377136|0.028843|0.0491072|0.0142199|0.0198763|0.0179336|0.0225523|0.00473199|0.0413395,0.0367363|0.0160199|0.0464833|0.0409904|0.0403095|0.0303606|0.0151898|0.0292376|0.0204335|0.0283967|0.00830313|0.0463752,0.95381|0.934272|0.909484|0.949976|0.916182|0.940373|0.983062|0.912165|0.940994|0.943873|0.968696|0.956752,3.46146|0.347274|0.674833|6.26231|6.14894|2.32468|0.15061|2.01744|3.97819|4.13907|2.44477|4.20312,79.8117|37.015|10.4739|81.7362|35.0583|56.2706|50.0569|32.9383|55.4093|99.595|65.9961,0.20774|0.191035|0.244816|0.185633|0.200044|0.221203|0.248888|0.173207|0.200726|0.248024|0.245087,0.634164|0.479152|0.120042|0.8088|0.592289|0.263189|0.114607|0.402657|0.858389|0.527389|0.339228,0.965709,0.942107,0.00398666,0.0494591,0.601558,0.498619,0.0780554,0.491866,0.227373,0.94879,60.5101,3.47919e-12,34363,0.893945,38.3275,1.8046e-11,70899,0.813216,0.800213,0.0318416,0.894511,0.646291,0.467196,0.267079,0.496996,0.142828,0.968398,15.3538,7.25626e-13,62719,0.835188,71.1574,7.18405e-13,18924
1,9,n1->n2->n3->n13->n14->n4->n5->n6->n7->n8->n9->n10,2.31363e+13|1.08374e+10|6.12136e+10|4.50381e+10|4.81326e+11|3.77253e+09|1.66294e+09|3.11313e+11|9.24787e+09|4.30375e+13|5.91555e+11|1.18221e+10,3.60243e+12|2.86853e+09|1.1263e+10|3.40678e+10|4.44483e+11|1.57109e+09|4.18929e+08|9.70219e+10|1.17307e+09|3.6866e+13|1.23797e+11|4.31884e+09,2.76437e-05|2.25049e-05|0.00016633|5.57341e-05|0.00084559|1.75363e-05|4.44502e-05|0.000874519|0.00053987|6.06714e-05|4.9143e-05|0.000324399,0.00205186|0.000185945|0.000257502|0.00134945|0.0051438|0.00506716|0.00789389|0.000577384|0.00150891|0.000455538|0.000571723|0.000327224,0.0144542|0.0430141|0.0444183|0.0135171|0.00938046|0.0377136|0.028843|0.0198763|0.0179336|0.0225523|0.00473199|0.0413395,0.0367363|0.0160199|0.0464833|0.00802942|0.0297136|0.0409904|0.0403095|0.0292376|0.0204335|0.0283967|0.00830313|0.0463752,0.95381|0.934272|0.909484|0.973616|0.983424|0.949976|0.916182|0.912165|0.940994|0.943873|0.968696|0.956752,3.46146|0.347274|0.674833|3.12017|2.35283|6.26231|6.14894|2.01744|3.97819|4.13907|2.44477|4.20312,79.8117|37.015|83.9106|56.34|52.1141|81.7362|37.2729|32.9383|55.4093|99.595|65.9961,0.20774|0.191035|0.214124|0.19509|0.216912|0.185633|0.24829|0.173207|0.200726|0.248024|0.245087,0.634164|0.479152|0.78746|0.577651|0.936246|0.8088|0.138112|0.402657|0.858389|0.527389|0.339228,0.965709,0.942107,0.00398666,0.0494591,0.601558,0.498619,0.0780554,0.491866,0.227373,0.94879,60.5101,3.47919e-12,34363,0.893945,38.3275,1.8046e-11,70899,0.813216,0.800213,0.0318416,0.894511,0.646291,0.467196,0.267079,0.496996,0.142828,0.968398,15.3538,7.25626e-13,62719,0.835188,71.1574,7.18405e-13,18924
1,10,n1->n2->n3->n13->n14->n15->n16->n6->n7->n8->n9->n10,2.31363e+13|1.08374e+10|6.12136e+10|4.50381e+10|4.81326e+11|3.20281e+09|1.22489e+11|3.11313e+11|9.24787e+09|4.30375e+13|5.91555e+11|1.18221e+10,3.60243e+12|2.86853e+09|1.1263e+10|3.40678e+10|4.44483e+11|2.0725e+09|1.60878e+10|9.70219e+10|1.17307e+09|3.6866e+13|1.23797e+11|4.31884e+09,2.76437e-05|2.25049e-05|0.00016633|5.57341e-05|0.00084559|9.19448e-05|0.000388598|0.000874519|0.00053987|6.06714e-05|4.9143e-05|0.000324399,0.00205186|0.000185945|0.000257502|0.00134945|0.0051438|0.0013452|0.00473624|0.000577384|0.00150891|0.000455538|0.000571723|0.000327224,0.0144542|0.0430141|0.0444183|0.0135171|0.00938046|0.0491072|0.0142199|0.0198763|0.0179336|0.0225523|0.00473199|0.0413395,0.0367363|0.0160199|0.0464833|0.00802942|0.0297136|0.0303606|0.0151898|0.0292376|0.0204335|0.0283967|0.00830313|0.0463752,0.95381|0.934272|0.909484|0.973616|0.983424|0.940373|0.983062|0.912165|0.940994|0.943873|0.968696|0.956752,3.46146|0.347274|0.674833|3.12017|2.35283|2.32468|0.15061|2.01744|3.97819|4.13907|2.44477|4.20312,79.8117|37.015|83.9106|56.34|92.5451|56.2706|50.0569|32.9383|55.4093|99.595|65.9961,0.20774|0.191035|0.214124|0.19509|0.187126|0.221203|0.248888|0.173207|0.200726|0.248024|0.245087,0.634164|0.479152|0.78746|0.577651|0.127963|0.263189|0.114607|0.402657|0.858389|0.527389|0.339228,0.965709,0.942107,0.00398666,0.0494591,0.601558,0.498619,0.0780554,0.491866,0.227373,0.94879,60.5101,3.47919e-12,34363,0.893945,38.3275,1.8046e-11,70899,0.813216,0.800213,0.0318416,0.894511,0.646291,0.467196,0.267079,0.496996,0.142828,0.968398,15.3538,7.25626e-13,62719,0.835188,71.1574,7.18405e-13,18924
1,11,n1->n2->n3->n4->n5->n15->n16->n17->n7->n8->n9->n10,2.31363e+13|1.08374e+10|6.12136e+10|3.77253e+09|1.66294e+09|3.20281e+09|1.22489e+11|4.00209e+11|9.24787e+09|4.30375e+13|5.91555e+11|1.18221e+10,3.60243e+12|2.86853e+09|1.1263e+10|1.57109e+09|4.18929e+08|2.0725e+09|1.60878e+10|1.16403e+11|1.17307e+09|3.6866e+13|1.23797e+11|4.31884e+09,2.76437e-05|2.25049e-05|0.00016633|1.75363e-05|4.44502e-05|9.19448e-05|0.000388598|0.000240023|0.00053987|6.06714e-05|4.9143e-05|0.000324399,0.00205186|0.000185945|0.000257502|0.00506716|0.00789389|0.0013452|0.00473624|0.000212219|0.00150891|0.000455538|0.000571723|0.000327224,0.0144542|0.0430141|0.0444183|0.0377136|0.028843|0.0491072|0.0142199|0.0334165|0.0179336|0.0225523|0.00473199|0.0413395,0.0367363|0.0160199|0.0464833|0.0409904|0.0403095|0.0303606|0.0151898|0.0188367|0.0204335|0.0283967|0.00830313|0.0463752,0.95381|0.934272|0.909484|0.949976|0.916182|0.940373|0.983062|0.958778|0.940994|0.943873|0.968696|0.956752,3.46146|0.347274|0.674833|6.26231|6.14894|2.32468|0.15061|0.251924|3.97819|4.13907|2.44477|4.20312,79.8117|37.015|10.4739|81.7362|35.0583|56.2706|32.2763|59.8148|55.4093|99.595|65.9961,0.20774|0.191035|0.244816|0.185633|0.200044|0.221203|0.19197|0.189151|0.200726|0.248024|0.245087,0.634164|0.479152|0.120042|0.8088|0.592289|0.263189|0.413975|0.531819|0.858389|0.527389|0.339228,0.965709,0.942107,0.00398666,0.0494591,0.601558,0.498619,0.0780554,0.491866,0.227373,0.94879,60.5101,3.47919e-12,34363,0.893945,38.3275,1.8046e-11,70899,0.813216,0.800213,0.0318416,0.894511,0.646291,0.467196,0.267079,0.496996,0.142828,0.968398,15.3538,7.25626e-13,62719,0.835188,71.1574,7.18405e-13,18924
1,12,n1->n11->n12->n13->n14->n15->n16->n6->n7->n8->n9->n10,2.31363e+13|1.83181e+09|6.50639e+11|4.50381e+10|4.81326e+11|3.20281e+09|1.22489e+11|3.11313e+11|9.24787e+09|4.30375e+13|5.91555e+11|1.18221e+10,3.60243e+12|1.61585e+09|6.91628e+10|3.40678e+10|4.44483e+11|2.0725e+09|1.60878e+10|9.70219e+10|1.17307e+09|3.6866e+13|1.23797e+11|4.31884e+09,2.76437e-05|6.09494e-05|0.000306846|5.57341e-05|0.00084559|9.19448e-05|0.000388598|0.000874519|0.00053987|6.06714e-05|4.9143e-05|0.000324399,0.00205186|0.0070437|0.00506163|0.00134945|0.0051438|0.0013452|0.00473624|0.000577384|0.00150891|0.000455538|0.000571723|0.000327224,0.0144542|0.0289489|0.0248209|0.0135171|0.00938046|0.0491072|0.0142199|0.0198763|0.0179336|0.0225523|0.00473199|0.0413395,0.0367363|0.00023094|0.0232879|0.00802942|0.0297136|0.0303606|0.0151898|0.0292376|0.0204335|0.0283967|0.00830313|0.0463752,0.95381|0.903661|0.90052|0.973616|0.983424|0.940373|0.983062|0.912165|0.940994|0.943873|0.968696|0.956752,3.46146|4.2752|4.94267|3.12017|2.35283|2.32468|0.15061|2.01744|3.97819|4.13907|2.44477|4.20312,30.2686|24.4191|13.9548|56.34|92.5451|56.2706|50.0569|32.9383|55.4093|99.595|65.9961,0.161965|0.205217|0.237358|0.19509|0.187126|0.221203|0.248888|0.173207|0.200726|0.248024|0.245087,0.56362|0.974022|0.503427|0.577651|0.127963|0.263189|0.114607|0.402657|0.858389|0.527389|0.339228,0.965709,0.942107,0.00398666,0.0494591,0.601558,0.498619,0.0780554,0.491866,0.227373,0.94879,60.5101,3.47919e-12,34363,0.893945,38.3275,1.8046e-11,70899,0.813216,0.800213,0.0318416,0.894511,0.646291,0.467196,0.267079,0.496996,0.142828,0.968398,15.3538,7.25626e-13,62719,0.835188,71.1574,7.18405e-13,18924
1,13,n1->n2->n3->n13->n14->n15->n5->n6->n7->n8->n9->n10,2.31363e+13|1.08374e+10|6.12136e+10|4.50381e+10|4.81326e+11|3.20281e+09|1.66294e+09|3.11313e+11|9.24787e+09|4.30375e+13|5.91555e+11|1.18221e+10,3.60243e+12|2.86853e+09|1.1263e+10|3.40678e+10|4.44483e+11|2.0725e+09|4.18929e+08|9.70219e+10|1.17307e+09|3.6866e+13|1.23797e+11|4.31884e+09,2.76437e-05|2.25049e-05|0.00016633|5.57341e-05|0.00084559|9.19448e-05|4.44502e-05|0.000874519|0.00053987|6.06714e-05|4.9143e-05|0.000324399,0.00205186|0.000185945|0.000257502|0.00134945|0.0051438|0.0013452|0.00789389|0.000577384|0.00150891|0.000455538|0.000571723|0.000327224,0.0144542|0.0430141|0.0444183|0.0135171|0.00938046|0.0491072|0.028843|0.0198763|0.0179336|0.0225523|0.00473199|0.0413395,0.0367363|0.0160199|0.0464833|0.00802942|0.0297136|0.0303606|0.0403095|0.0292376|0.0204335|0.0283967|0.00830313|0.0463752,0.95381|0.934272|0.909484|0.973616|0.983424|0.940373|0.916182|0.912165|0.940994|0.943873|0.968696|0.956752,3.46146|0.347274|0.674833|3.12017|2.35283|2.32468|6.14894|2.01744|3.97819|4.13907|2.44477|4.20312,79.8117|37.015|83.9106|56.34|92.5451|35.0583|37.2729|32.9383|55.4093|99.595|65.9961,0.20774|0.191035|0.214124|0.19509|0.187126|0.200044|0.24829|0.173207|0.200726|0.248024|0.245087,0.634164|0.479152|0.78746|0.577651|0.127963|0.592289|0.138112|0.402657|0.858389|0.527389|0.339228,0.965709,0.942107,0.00398666,0.0494591,0.601558,0.498619,0.0780554,0.491866,0.227373,0.94879,60.5101,3.47919e-12,34363,0.893945,38.3275,1.8046e-11,70899,0.813216,0.800213,0.0318416,0.894511,0.646291,0.467196,0.267079,0.496996,0.142828,0.968398,15.3538,7.25626e-13,62719,0.835188,71.1574,7.18405e-13,18924
1,14,n1->n2->n3->n4->n5->n6->n16->n17->n18->n19->n9->n10,2.31363e+13|1.08374e+10|6.12136e+10|3.77253e+09|1.66294e+09|3.11313e+11|1.22489e+11|4.00209e+11|2.03534e+11|1.05918e+11|5.91555e+11|1.18221e+10,3.60243e+12|2.86853e+09|1.1263e+10|1.57109e+09|4.18929e+08|9.70219e+10|1.60878e+10|1.16403e+11|6.77465e+10|6.82244e+10|1.23797e+11|4.31884e+09,2.76437e-05|2.25049e-05|0.00016633|1.75363e-05|4.44502e-05|0.000874519|0.000388598|0.000240023|2.6832e-05|0.000888862|4.9143e-05|0.000324399,0.00205186|0.000185945|0.000257502|0.00506716|0.00789389|0.000577384|0.00473624|0.000212219|0.000190216|0.000145034|0.000571723|0.000327224,0.0144542|0.0430141|0.0444183|0.0377136|0.028843|0.0198763|0.0142199|0.0334165|0.00942372|0.0325835|0.00473199|0.0413395,0.0367363|0.0160199|0.0464833|0.0409904|0.0403095|0.0292376|0.0151898|0.0188367|0.0172071|0.0435705|0.00830313|0.0463752,0.95381|0.934272|0.909484|0.949976|0.916182|0.912165|0.983062|0.958778|0.909197|0.960252|0.968696|0.956752,3.46146|0.347274|0.674833|6.26231|6.14894|2.01744|0.15061|0.251924|5.95219|2.69565|2.44477|4.20312,79.8117|37.015|10.4739|81.7362|37.2729|50.0569|32.2763|27.3162|28.0546|99.0064|65.9961,0.20774|0.191035|0.244816|0.185633|0.24829|0.248888|0.19197|0.192517|0.241008|0.205366|0.245087,0.634164|0.479152|0.120042|0.8088|0.138112|0.114607|0.413975|0.86736|0.408385|0.181632|0.339228,0.965709,0.942107,0.00398666,0.0494591,0.601558,0.498619,0.0780554,0.491866,0.227373,0.94879,60.5101,3.47919e-12,34363,0.893945,38.3275,1.8046e-11,70899,0.813216,0.800213,0.0318416,0.894511,0.646291,0.467196,0.267079,0.496996,0.142828,0.968398,15.3538,7.25626e-13,62719,0.835188,71.1574,7.18405e-13,18924
1,15,n1->n11->n12->n13->n14->n4->n5->n6->n7->n8->n9->n10,2.31363e+13|1.83181e+09|6.50639e+11|4.50381e+10|4.81326e+11|3.77253e+09|1.66294e+09|3.11313e+11|9.24787e+09|4.30375e+13|5.91555e+11|1.18221e+10,3.60243e+12|1.61585e+09|6.91628e+10|3.40678e+10|4.44483e+11|1.57109e+09|4.18929e+08|9.70219e+10|1.17307e+09|3.6866e+13|1.23797e+11|4.31884e+09,2.76437e-05|6.09494e-05|0.000306846|5.57341e-05|0.00084559|1.75363e-05|4.44502e-05|0.000874519|0.00053987|6.06714e-05|4.9143e-05|0.000324399,0.00205186|0.0070437|0.00506163|0.00134945|0.0051438|0.00506716|0.00789389|0.000577384|0.00150891|0.000455538|0.000571723|0.000327224,0.0144542|0.0289489|0.0248209|0.0135171|0.00938046|0.0377136|0.028843|0.0198763|0.0179336|0.0225523|0.00473199|0.0413395,0.0367363|0.00023094|0.0232879|0.00802942|0.0297136|0.0409904|0.0403095|0.0292376|0.0204335|0.0283967|0.00830313|0.0463752,0.95381|0.903661|0.90052|0.973616|0.983424|0.949976|0.916182|0.912165|0.940994|0.943873|0.968696|0.956752,3.46146|4.2752|4.94267|3.12017|2.35283|6.26231|6.14894|2.01744|3.97819|4.13907|2.44477|4.20312,30.2686|24.4191|13.9548|56.34|52.1141|81.7362|37.2729|32.9383|55.4093|99.595|65.9961,0.161965|0.205217|0.237358|0.19509|0.216912|0.185633|0.24829|0.173207|0.200726|0.248024|0.245087,0.56362|0.974022|0.503427|0.577651|0.936246|0.8088|0.138112|0.402657|0.858389|0.527389|0.339228,0.965709,0.942107,0.00398666,0.0494591,0.601558,0.498619,0.0780554,0.491866,0.227373,0.94879,60.5101,3.47919e-12,34363,0.893945,38.3275,1.8046e-11,70899,0.813216,0.800213,0.0318416,0.894511,0.646291,0.467196,0.267079,0.496996,0.142828,0.968398,15.3538,7.25626e-13,62719,0.835188,71.1574,7.18405e-13,18924
1,16,n1->n2->n3->n4->n14->n15->n5->n6->n7->n8->n9->n10,2.31363e+13|1.08374e+10|6.12136e+10|3.77253e+09|4.81326e+11|3.20281e+09|1.66294e+09|3.11313e+11|9.24787e+09|4.30375e+13|5.91555e+11|1.18221e+10,3.60243e+12|2.86853e+09|1.1263e+10|1.57109e+09|4.44483e+11|2.0725e+09|4.18929e+08|9.70219e+10|1.17307e+09|3.6866e+13|1.23797e+11|4.31884e+09,2.76437e-05|2.25049e-05|0.00016633|1.75363e-05|0.00084559|9.19448e-05|4.44502e-05|0.000874519|0.00053987|6.06714e-05|4.9143e-05|0.000324399,0.00205186|0.000185945|0.000257502|0.00506716|0.0051438|0.0013452|0.00789389|0.000577384|0.00150891|0.000455538|0.000571723|0.000327224,0.0144542|0.0430141|0.0444183|0.0377136|0.00938046|0.0491072|0.028843|0.0198763|0.0179336|0.0225523|0.00473199|0.0413395,0.0367363|0.0160199|0.0464833|0.0409904|0.0297136|0.0303606|0.0403095|0.0292376|0.0204335|0.0283967|0.00830313|0.0463752,0.95381|0.934272|0.909484|0.949976|0.983424|0.940373|0.916182|0.912165|0.940994|0.943873|0.968696|0.956752,3.46146|0.347274|0.674833|6.26231|2.35283|2.32468|6.14894|2.01744|3.97819|4.13907|2.44477|4.20312,79.8117|37.015|10.4739|52.1141|92.5451|35.0583|37.2729|32.9383|55.4093|99.595|65.9961,0.20774|0.191035|0.244816|0.216912|0.187126|0.200044|0.24829|0.173207|0.200726|0.248024|0.245087,0.634164|0.479152|0.120042|0.936246|0.127963|0.592289|0.138112|0.402657|0.858389|0.527389|0.339228,0.965709,0.942107,0.00398666,0.0494591,0.601558,0.498619,0.0780554,0.491866,0.227373,0.94879,60.5101,3.47919e-12,34363,0.893945,38.3275,1.8046e-11,70899,0.813216,0.800213,0.0318416,0.894511,0.646291,0.467196,0.267079,0.496996,0.142828,0.968398,15.3538,7.25626e-13,62719,0.835188,71.1574,7.18405e-13,18924
1,17,n1->n2->n3->n13->n14->n15->n16->n17->n18->n8->n9->n10,2.31363e+13|1.08374e+10|6.12136e+10|4.50381e+10|4.81326e+11|3.20281e+09|1.22489e+11|4.00209e+11|2.03534e+11|4.30375e+13|5.91555e+11|1.18221e+10,3.60243e+12|2.86853e+09|1.1263e+10|3.40678e+10|4.44483e+11|2.0725e+09|1.60878e+10|1.16403e+11|6.77465e+10|3.6866e+13|1.23797e+11|4.31884e+09,2.76437e-05|2.25049e-05|0.00016633|5.57341e-05|0.00084559|9.19448e-05|0.000388598|0.000240023|2.6832e-05|6.06714e-05|4.9143e-05|0.000324399,0.00205186|0.000185945|0.000257502|0.00134945|0.0051438|0.0013452|0.00473624|0.000212219|0.000190216|0.000455538|0.000571723|0.000327224,0.0144542|0.0430141|0.0444183|0.0135171|0.00938046|0.0491072|0.0142199|0.0334165|0.00942372|0.0225523|0.00473199|0.0413395,0.0367363|0.0160199|0.0464833|0.00802942|0.0297136|0.0303606|0.0151898|0.0188367|0.0172071|0.0283967|0.00830313|0.0463752,0.95381|0.934272|0.909484|0.973616|0.983424|0.940373|0.983062|0.958778|0.909197|0.943873|0.968696|0.956752,3.46146|0.347274|0.674833|3.12017|2.35283|2.32468|0.15061|0.251924|5.95219|4.13907|2.44477|4.20312,79.8117|37.015|83.9106|56.34|92.5451|56.2706|32.2763|27.3162|81.3396|99.595|65.9961,0.20774|0.191035|0.214124|0.19509|0.187126|0.221203|0.19197|0.192517|0.171783|0.248024|0.245087,0.634164|0.479152|0.78746|0.577651|0.127963|0.263189|0.413975|0.86736|0.146549|0.527389|0.339228,0.965709,0.942107,0.00398666,0.0494591,0.601558,0.498619,0.0780554,0.491866,0.227373,0.94879,60.5101,3.47919e-12,34363,0.893945,38.3275,1.8046e-11,70899,0.813216,0.800213,0.0318416,0.894511,0.646291,0.467196,0.267079,0.496996,0.142828,0.968398,15.3538,7.25626e-13,62719,0.835188,71.1574,7.18405e-13,18924
1,18,n1->n2->n3->n4->n5->n6->n16->n17->n18->n8->n9->n10,2.31363e+13|1.08374e+10|6.12136e+10|3.77253e+09|1.66294e+09|3.11313e+11|1.22489e+11|4.00209e+11|2.03534e+11|4.30375e+13|5.91555e+11|1.18221e+10,3.60243e+12|2.86853e+09|1.1263e+10|1.57109e+09|4.18929e+08|9.70219e+10|1.60878e+10|1.16403e+11|6.77465e+10|3.6866e+13|1.23797e+11|4.31884e+09,2.76437e-05|2.25049e-05|0.00016633|1.75363e-05|4.44502e-05|0.000874519|0.000388598|0.000240023|2.6832e-05|6.06714e-05|4.9143e-05|0.000324399,0.00205186|0.000185945|0.000257502|0.00506716|0.00789389|0.000577384|0.00473624|0.000212219|0.000190216|0.000455538|0.000571723|0.000327224,0.0144542|0.0430141|0.0444183|0.0377136|0.028843|0.0198763|0.0142199|0.0334165|0.00942372|0.0225523|0.00473199|0.0413395,0.0367363|0.0160199|0.0464833|0.0409904|0.0403095|0.0292376|0.0151898|0.0188367|0.0172071|0.0283967|0.00830313|0.0463752,0.95381|0.934272|0.909484|0.949976|0.916182|0.912165|0.983062|0.958778|0.909197|0.943873|0.968696|0.956752,3.46146|0.347274|0.674833|6.26231|6.14894|2.01744|0.15061|0.251924|5.95219|4.13907|2.44477|4.20312,79.8117|37.015|10.4739|81.7362|37.2729|50.0569|32.2763|27.3162|81.3396|99.595|65.9961,0.20774|0.191035|0.244816|0.185633|0.24829|0.248888|0.19197|0.192517|0.171783|0.248024|0.245087,0.634164|0.479152|0.120042|0.8088|0.138112|0.114607|0.413975|0.86736|0.146549|0.527389|0.339228,0.965709,0.942107,0.00398666,0.0494591,0.601558,0.498619,0.0780554,0.491866,0.227373,0.94879,60.5101,3.47919e-12,34363,0.893945,38.3275,1.8046e-11,70899,0.813216,0.800213,0.0318416,0.894511,0.646291,0.467196,0.267079,0.496996,0.142828,0.968398,15.3538,7.25626e-13,62719,0.835188,71.1574,7.18405e-13,18924
1,19,n1->n2->n3->n13->n14->n15->n16->n17->n18->n19->n20->n10,2.31363e+13|1.08374e+10|6.12136e+10|4.50381e+10|4.81326e+11|3.20281e+09|1.22489e+11|4.00209e+11|2.03534e+11|1.05918e+11|1.43015e+11|1.18221e+10,3.60243e+12|2.86853e+09|1.1263e+10|3.40678e+10|4.44483e+11|2.0725e+09|1.60878e+10|1.16403e+11|6.77465e+10|6.82244e+10|1.55339e+10|4.31884e+09,2.76437e-05|2.25049e-05|0.00016633|5.57341e-05|0.00084559|9.19448e-05|0.000388598|0.000240023|2.6832e-05|0.000888862|0.000117274|0.000324399,0.00205186|0.000185945|0.000257502|0.00134945|0.0051438|0.0013452|0.00473624|0.000212219|0.000190216|0.000145034|0.00970702|0.000327224,0.0144542|0.0430141|0.0444183|0.0135171|0.00938046|0.0491072|0.0142199|0.0334165|0.00942372|0.0325835|0.0479354|0.0413395,0.0367363|0.0160199|0.0464833|0.00802942|0.0297136|0.0303606|0.0151898|0.0188367|0.0172071|0.0435705|0.00201996|0.0463752,0.95381|0.934272|0.909484|0.973616|0.983424|0.940373|0.983062|0.958778|0.909197|0.960252|0.967051|0.956752,3.46146|0.347274|0.674833|3.12017|2.35283|2.32468|0.15061|0.251924|5.95219|2.69565|1.89604|4.20312,79.8117|37.015|83.9106|56.34|92.5451|56.2706|32.2763|27.3162|28.0546|10.3361|29.3778,0.20774|0.191035|0.214124|0.19509|0.187126|0.221203|0.19197|0.192517|0.241008|0.171154|0.198129,0.634164|0.479152|0.78746|0.577651|0.127963|0.263189|0.413975|0.86736|0.408385|0.31462|0.937095,0.965709,0.942107,0.00398666,0.0494591,0.601558,0.498619,0.0780554,0.491866,0.227373,0.94879,60.5101,3.47919e-12,34363,0.893945,38.3275,1.8046e-11,70899,0.813216,0.800213,0.0318416,0.894511,0.646291,0.467196,0.267079,0.496996,0.142828,0.968398,15.3538,7.25626e-13,62719,0.835188,71.1574,7.18405e-13,18924
1,20,n1->n2->n12->n13->n14->n15->n16->n6->n7->n8->n9->n10,2.31363e+13|1.08374e+10|6.50639e+11|4.50381e+10|4.81326e+11|3.20281e+09|1.22489e+11|3.11313e+11|9.24787e+09|4.30375e+13|5.91555e+11|1.18221e+10,3.60243e+12|2.86853e+09|6.91628e+10|3.40678e+10|4.44483e+11|2.0725e+09|1.60878e+10|9.70219e+10|1.17307e+09|3.6866e+13|1.23797e+11|4.31884e+09,2.76437e-05|2.25049e-05|0.000306846|5.57341e-05|0.00084559|9.19448e-05|0.000388598|0.000874519|0.00053987|6.06714e-05|4.9143e-05|0.000324399,0.00205186|0.000185945|0.00506163|0.00134945|0.0051438|0.0013452|0.00473624|0.000577384|0.00150891|0.000455538|0.000571723|0.000327224,0.0144542|0.0430141|0.0248209|0.0135171|0.00938046|0.0491072|0.0142199|0.0198763|0.0179336|0.0225523|0.00473199|0.0413395,0.0367363|0.0160199|0.0232879|0.00802942|0.0297136|0.0303606|0.0151898|0.0292376|0.0204335|0.0283967|0.00830313|0.0463752,0.95381|0.934272|0.90052|0.973616|0.983424|0.940373|0.983062|0.912165|0.940994|0.943873|0.968696|0.956752,3.46146|0.347274|4.94267|3.12017|2.35283|2.32468|0.15061|2.01744|3.97819|4.13907|2.44477|4.20312,79.8117|88.6198|13.9548|56.34|92.5451|56.2706|50.0569|32.9383|55.4093|99.595|65.9961,0.20774|0.169026|0.237358|0.19509|0.187126|0.221203|0.248888|0.173207|0.200726|0.248024|0.245087,0.634164|0.804539|0.503427|0.577651|0.127963|0.263189|0.114607|0.402657|0.858389|0.527389|0.339228,0.965709,0.942107,0.00398666,0.0494591,0.601558,0.498619,0.0780554,0.491866,0.227373,0.94879,60.5101,3.47919e-12,34363,0.893945,38.3275,1.8046e-11,70899,0.813216,0.800213,0.0318416,0.894511,0.646291,0.467196,0.267079,0.496996,0.142828,0.968398,15.3538,7.25626e-13,62719,0.835188,71.1574,7.18405e-13,18924
1,21,n1->n11->n12->n13->n14->n15->n16->n17->n18->n8->n9->n10,2.31363e+13|1.83181e+09|6.50639e+11|4.50381e+10|4.81326e+11|3.20281e+09|1.22489e+11|4.00209e+11|2.03534e+11|4.30375e+13|5.91555e+11|1.18221e+10,3.60243e+12|1.61585e+09|6.91628e+10|3.40678e+10|4.44483e+11|2.0725e+09|1.60878e+10|1.16403e+11|6.77465e+10|3.6866e+13|1.23797e+11|4.31884e+09,2.76437e-05|6.09494e-05|0.000306846|5.57341e-05|0.00084559|9.19448e-05|0.000388598|0.000240023|2.6832e-05|6.06714e-05|4.9143e-05|0.000324399,0.00205186|0.0070437|0.00506163|0.00134945|0.0051438|0.0013452|0.00473624|0.000212219|0.000190216|0.000455538|0.000571723|0.000327224,0.0144542|0.0289489|0.0248209|0.0135171|0.00938046|0.0491072|0.0142199|0.0334165|0.00942372|0.0225523|0.00473199|0.0413395,0.0367363|0.00023094|0.0232879|0.00802942|0.0297136|0.0303606|0.0151898|0.0188367|0.0172071|0.0283967|0.00830313|0.0463752,0.95381|0.903661|0.90052|0.973616|0.983424|0.940373|0.983062|0.958778|0.909197|0.943873|0.968696|0.956752,3.46146|4.2752|4.94267|3.12017|2.35283|2.32468|0.15061|0.251924|5.95219|4.13907|2.44477|4.20312,30.2686|24.4191|13.9548|56.34|92.5451|56.2706|32.2763|27.3162|81.3396|99.595|65.9961,0.161965|0.205217|0.237358|0.19509|0.187126|0.221203|0.19197|0.192517|0.171783|0.248024|0.245087,0.56362|0.974022|0.503427|0.577651|0.127963|0.263189|0.413975|0.86736|0.146549|0.527389|0.339228,0.965709,0.942107,0.00398666,0.0494591,0.601558,0.498619,0.0780554,0.491866,0.227373,0.94879,60.5101,3.47919e-12,34363,0.893945,38.3275,1.8046e-11,70899,0.813216,0.800213,0.0318416,0.894511,0.646291,0.467196,0.267079,0.496996,0.142828,0.968398,15.3538,7.25626e-13,62719,0.835188,71.1574,7.18405e-13,18924
1,22,n1->n2->n3->n4->n5->n15->n16->n17->n18->n8->n9->n10,2.31363e+13|1.08374e+10|6.12136e+10|3.77253e+09|1.66294e+09|3.20281e+09|1.22489e+11|4.00209e+11|2.03534e+11|4.30375e+13|5.91555e+11|1.18221e+10,3.60243e+12|2.86853e+09|1.1263e+10|1.57109e+09|4.18929e+08|2.0725e+09|1.60878e+10|1.16403e+11|6.77465e+10|3.6866e+13|1.23797e+11|4.31884e+09,2.76437e-05|2.25049e-05|0.00016633|1.75363e-05|4.44502e-05|9.19448e-05|0.000388598|0.000240023|2.6832e-05|6.06714e-05|4.9143e-05|0.000324399,0.00205186|0.000185945|0.000257502|0.00506716|0.00789389|0.0013452|0.00473624|0.000212219|0.000190216|0.000455538|0.000571723|0.000327224,0.0144542|0.0430141|0.0444183|0.0377136|0.028843|0.0491072|0.0142199|0.0334165|0.00942372|0.0225523|0.00473199|0.0413395,0.0367363|0.0160199|0.0464833|0.0409904|0.0403095|0.0303606|0.0151898|0.0188367|0.0172071|0.0283967|0.00830313|0.0463752,0.95381|0.934272|0.909484|0.949976|0.916182|0.940373|0.983062|0.958778|0.909197|0.943873|0.968696|0.956752,3.46146|0.347274|0.674833|6.26231|6.14894|2.32468|0.15061|0.251924|5.95219|4.13907|2.44477|4.20312,79.8117|37.015|10.4739|81.7362|35.0583|56.2706|32.2763|27.3162|81.3396|99.595|65.9961,0.20774|0.191035|0.244816|0.185633|0.200044|0.221203|0.19197|0.192517|0.171783|0.248024|0.245087,0.634164|0.479152|0.120042|0.8088|0.592289|0.263189|0.413975|0.86736|0.146549|0.527389|0.339228,0.965709,0.942107,0.00398666,0.0494591,0.601558,0.498619,0.0780554,0.491866,0.227373,0.94879,60.5101,3.47919e-12,34363,0.893945,38.3275,1.8046e-11,70899,0.813216,0.800213,0.0318416,0.894511,0.646291,0.467196,0.267079,0.496996,0.142828,0.968398,15.3538,7.25626e-13,62719,0.835188,71.1574,7.18405e-13,18924
1,23,n1->n11->n12->n13->n14->n15->n16->n17->n18->n19->n9->n10,2.31363e+13|1.83181e+09|6.50639e+11|4.50381e+10|4.81326e+11|3.20281e+09|1.22489e+11|4.00209e+11|2.03534e+11|1.05918e+11|5.91555e+11|1.18221e+10,3.60243e+12|1.61585e+09|6.91628e+10|3.40678e+10|4.44483e+11|2.0725e+09|1.60878e+10|1.16403e+11|6.77465e+10|6.82244e+10|1.23797e+11|4.31884e+09,2.76437e-05|6.09494e-05|0.000306846|5.57341e-05|0.00084559|9.19448e-05|0.000388598|0.000240023|2.6832e-05|0.000888862|4.9143e-05|0.000324399,0.00205186|0.0070437|0.00506163|0.00134945|0.0051438|0.0013452|0.00473624|0.000212219|0.000190216|0.000145034|0.000571723|0.000327224,0.0144542|0.0289489|0.0248209|0.0135171|0.00938046|0.0491072|0.0142199|0.0334165|0.00942372|0.0325835|0.00473199|0.0413395,0.0367363|0.00023094|0.0232879|0.00802942|0.0297136|0.0303606|0.0151898|0.0188367|0.0172071|0.0435705|0.00830313|0.0463752,0.95381|0.903661|0.90052|0.973616|0.983424|0.940373|0.983062|0.958778|0.909197|0.960252|0.968696|0.956752,3.46146|4.2752|4.94267|3.12017|2.35283|2.32468|0.15061|0.251924|5.95219|2.69565|2.44477|4.20312,30.2686|24.4191|13.9548|56.34|92.5451|56.2706|32.2763|27.3162|28.0546|99.0064|65.9961,0.161965|0.205217|0.237358|0.19509|0.187126|0.221203|0.19197|0.192517|0.241008|0.205366|0.245087,0.56362|0.974022|0.503427|0.577651|0.127963|0.263189|0.413975|0.86736|0.408385|0.181632|0.339228,0.965709,0.942107,0.00398666,0.0494591,0.601558,0.498619,0.0780554,0.491866,0.227373,0.94879,60.5101,3.47919e-12,34363,0.893945,38.3275,1.8046e-11,70899,0.813216,0.800213,0.0318416,0.894511,0.646291,0.467196,0.267079,0.496996,0.142828,0.968398,15.3538,7.25626e-13,62719,0.835188,71.1574,7.18405e-13,18924
1,24,n1->n2->n3->n4->n5->n6->n7->n8->n18->n19->n9->n10,2.31363e+13|1.08374e+10|6.12136e+10|3.77253e+09|1.66294e+09|3.11313e+11|9.24787e+09|4.30375e+13|2.03534e+11|1.05918e+11|5.91555e+11|1.18221e+10,3.60243e+12|2.86853e+09|1.1263e+10|1.57109e+09|4.18929e+08|9.70219e+10|1.17307e+09|3.6866e+13|6.77465e+10|6.82244e+10|1.23797e+11|4.31884e+09,2.76437e-05|2.25049e-05|0.00016633|1.75363e-05|4.44502e-05|0.000874519|0.00053987|6.06714e-05|2.6832e-05|0.000888862|4.9143e-05|0.000324399,0.00205186|0.000185945|0.000257502|0.00506716|0.00789389|0.000577384|0.00150891|0.000455538|0.000190216|0.000145034|0.000571723|0.000327224,0.0144542|0.0430141|0.0444183|0.0377136|0.028843|0.0198763|0.0179336|0.0225523|0.00942372|0.0325835|0.00473199|0.0413395,0.0367363|0.0160199|0.0464833|0.0409904|0.0403095|0.0292376|0.0204335|0.0283967|0.0172071|0.0435705|0.00830313|0.0463752,0.95381|0.934272|0.909484|0.949976|0.916182|0.912165|0.940994|0.943873|0.909197|0.960252|0.968696|0.956752,3.46146|0.347274|0.674833|6.26231|6.14894|2.01744|3.97819|4.13907|5.95219|2.69565|2.44477|4.20312,79.8117|37.015|10.4739|81.7362|37.2729|32.9383|55.4093|81.3396|28.0546|99.0064|65.9961,0.20774|0.191035|0.244816|0.185633|0.24829|0.173207|0.200726|0.171783|0.241008|0.205366|0.245087,0.634164|0.479152|0.120042|0.8088|0.138112|0.402657|0.858389|0.146549|0.408385|0.181632|0.339228,0.965709,0.942107,0.00398666,0.0494591,0.601558,0.498619,0.0780554,0.491866,0.227373,0.94879,60.5101,3.47919e-12,34363,0.893945,38.3275,1.8046e-11,70899,0.813216,0.800213,0.0318416,0.894511,0.646291,0.467196,0.267079,0.496996,0.142828,0.968398,15.3538,7.25626e-13,62719,0.835188,71.1574,7.18405e-13,18924
1,25,n1->n2->n3->n4->n5->n15->n16->n17->n18->n19->n20->n10,2.31363e+13|1.08374e+10|6.12136e+10|3.77253e+09|1.66294e+09|3.20281e+09|1.22489e+11|4.00209e+11|2.03534e+11|1.05918e+11|1.43015e+11|1.18221e+10,3.60243e+12|2.86853e+09|1.1263e+10|1.57109e+09|4.18929e+08|2.0725e+09|1.60878e+10|1.16403e+11|6.77465e+10|6.82244e+10|1.55339e+10|4.31884e+09,2.76437e-05|2.25049e-05|0.00016633|1.75363e-05|4.44502e-05|9.19448e-05|0.000388598|0.000240023|2.6832e-05|0.000888862|0.000117274|0.000324399,0.00205186|0.000185945|0.000257502|0.00506716|0.00789389|0.0013452|0.00473624|0.000212219|0.000190216|0.000145034|0.00970702|0.000327224,0.0144542|0.0430141|0.0444183|0.0377136|0.028843|0.0491072|0.0142199|0.0334165|0.00942372|0.0325835|0.0479354|0.0413395,0.0367363|0.0160199|0.0464833|0.0409904|0.0403095|0.0303606|0.0151898|0.0188367|0.0172071|0.0435705|0.00201996|0.0463752,0.95381|0.934272|0.909484|0.949976|0.916182|0.940373|0.983062|0.958778|0.909197|0.960252|0.967051|0.956752,3.46146|0.347274|0.674833|6.26231|6.14894|2.32468|0.15061|0.251924|5.95219|2.69565|1.89604|4.20312,79.8117|37.015|10.4739|81.7362|35.0583|56.2706|32.2763|27.3162|28.0546|10.3361|29.3778,0.20774|0.191035|0.244816|0.185633|0.200044|0.221203|0.19197|0.192517|0.241008|0.171154|0.198129,0.634164|0.479152|0.120042|0.8088|0.592289|0.263189|0.413975|0.86736|0.408385|0.31462|0.937095,0.965709,0.942107,0.00398666,0.0494591,0.601558,0.498619,0.0780554,0.491866,0.227373,0.94879,60.5101,3.47919e-12,34363,0.893945,38.3275,1.8046e-11,70899,0.813216,0.800213,0.0318416,0.894511,0.646291,0.467196,0.267079,0.496996,0.142828,0.968398,15.3538,7.25626e-13,62719,0.835188,71.1574,7.18405e-13,18924
1,26,n1->n2->n3->n4->n5->n6->n16->n17->n18->n19->n20->n10,2.31363e+13|1.08374e+10|6.12136e+10|3.77253e+09|1.66294e+09|3.11313e+11|1.22489e+11|4.00209e+11|2.03534e+11|1.05918e+11|1.43015e+11|1.18221e+10,3.60243e+12|2.86853e+09|1.1263e+10|1.57109e+09|4.18929e+08|9.70219e+10|1.60878e+10|1.16403e+11|6.77465e+10|6.82244e+10|1.55339e+10|4.31884e+09,2.76437e-05|2.25049e-05|0.00016633|1.75363e-05|4.44502e-05|0.000874519|0.000388598|0.000240023|2.6832e-05|0.000888862|0.000117274|0.000324399,0.00205186|0.000185945|0.000257502|0.00506716|0.00789389|0.000577384|0.00473624|0.000212219|0.000190216|0.000145034|0.00970702|0.000327224,0.0144542|0.0430141|0.0444183|0.0377136|0.028843|0.0198763|0.0142199|0.0334165|0.00942372|0.0325835|0.0479354|0.0413395,0.0367363|0.0160199|0.0464833|0.0409904|0.0403095|0.0292376|0.0151898|0.0188367|0.0172071|0.0435705|0.00201996|0.0463752,0.95381|0.934272|0.909484|0.949976|0.916182|0.912165|0.983062|0.958778|0.909197|0.960252|0.967051|0.956752,3.46146|0.347274|0.674833|6.26231|6.14894|2.01744|0.15061|0.251924|5.95219|2.69565|1.89604|4.20312,79.8117|37.015|10.4739|81.7362|37.2729|50.0569|32.2763|27.3162|28.0546|10.3361|29.3778,0.20774|0.191035|0.244816|0.185633|0.24829|0.248888|0.19197|0.192517|0.241008|0.171154|0.198129,0.634164|0.479152|0.120042|0.8088|0.138112|0.114607|0.413975|0.86736|0.408385|0.31462|0.937095,0.965709,0.942107,0.00398666,0.0494591,0.601558,0.498619,0.0780554,0.491866,0.227373,0.94879,60.5101,3.47919e-12,34363,0.893945,38.3275,1.8046e-11,70899,0.813216,0.800213,0.0318416,0.894511,0.646291,0.467196,0.267079,0.496996,0.142828,0.968398,15.3538,7.25626e-13,62719,0.835188,71.1574,7.18405e-13,18924
1,27,n1->n2->n3->n13->n14->n15->n16->n17->n7->n8->n9->n10,2.31363e+13|1.08374e+10|6.12136e+10|4.50381e+10|4.81326e+11|3.20281e+09|1.22489e+11|4.00209e+11|9.24787e+09|4.30375e+13|5.91555e+11|1.18221e+10,3.60243e+12|2.86853e+09|1.1263e+10|3.40678e+10|4.44483e+11|2.0725e+09|1.60878e+10|1.16403e+11|1.17307e+09|3.6866e+13|1.23797e+11|4.31884e+09,2.76437e-05|2.25049e-05|0.00016633|5.57341e-05|0.00084559|9.19448e-05|0.000388598|0.000240023|0.00053987|6.06714e-05|4.9143e-05|0.000324399,0.00205186|0.000185945|0.000257502|0.00134945|0.0051438|0.0013452|0.00473624|0.000212219|0.00150891|0.000455538|0.000571723|0.000327224,0.0144542|0.0430141|0.0444183|0.0135171|0.00938046|0.0491072|0.0142199|0.0334165|0.0179336|0.0225523|0.00473199|0.0413395,0.0367363|0.0160199|0.0464833|0.00802942|0.0297136|0.0303606|0.0151898|0.0188367|0.0204335|0.0283967|0.00830313|0.0463752,0.95381|0.934272|0.909484|0.973616|0.983424|0.940373|0.983062|0.958778|0.940994|0.943873|0.968696|0.956752,3.46146|0.347274|0.674833|3.12017|2.35283|2.32468|0.15061|0.251924|3.97819|4.13907|2.44477|4.20312,79.8117|37.015|83.9106|56.34|92.5451|56.2706|32.2763|59.8148|55.4093|99.595|65.9961,0.20774|0.191035|0.214124|0.19509|0.187126|0.221203|0.19197|0.189151|0.200726|0.248024|0.245087,0.634164|0.479152|0.78746|0.577651|0.127963|0.263189|0.413975|0.531819|0.858389|0.527389|0.339228,0.965709,0.942107,0.00398666,0.0494591,0.601558,0.498619,0.0780554,0.491866,0.227373,0.94879,60.5101,3.47919e-12,34363,0.893945,38.3275,1.8046e-11,70899,0.813216,0.800213,0.0318416,0.894511,0.646291,0.467196,0.267079,0.496996,0.142828,0.968398,15.3538,7.25626e-13,62719,0.835188,71.1574,7.18405e-13,18924
1,28,n1->n2->n3->n4->n5->n6->n7->n8->n18->n19->n20->n10,2.31363e+13|1.08374e+10|6.12136e+10|3.77253e+09|1.66294e+09|3.11313e+11|9.24787e+09|4.30375e+13|2.03534e+11|1.05918e+11|1.43015e+11|1.18221e+10,3.60243e+12|2.86853e+09|1.1263e+10|1.57109e+09|4.18929e+08|9.70219e+10|1.17307e+09|3.6866e+13|6.77465e+10|6.82244e+10|1.55339e+10|4.31884e+09,2.76437e-05|2.25049e-05|0.00016633|1.75363e-05|4.44502e-05|0.000874519|0.00053987|6.06714e-05|2.6832e-05|0.000888862|0.000117274|0.000324399,0.00205186|0.000185945|0.000257502|0.00506716|0.00789389|0.000577384|0.00150891|0.000455538|0.000190216|0.000145034|0.00970702|0.000327224,0.0144542|0.0430141|0.0444183|0.0377136|0.028843|0.0198763|0.0179336|0.0225523|0.00942372|0.0325835|0.0479354|0.0413395,0.0367363|0.0160199|0.0464833|0.0409904|0.0403095|0.0292376|0.0204335|0.0283967|0.0172071|0.0435705|0.00201996|0.0463752,0.95381|0.934272|0.909484|0.949976|0.916182|0.912165|0.940994|0.943873|0.909197|0.960252|0.967051|0.956752,3.46146|0.347274|0.674833|6.26231|6.14894|2.01744|3.97819|4.13907|5.95219|2.69565|1.89604|4.20312,79.8117|37.015|10.4739|81.7362|37.2729|32.9383|55.4093|81.3396|28.0546|10.3361|29.3778,0.20774|0.191035|0.244816|0.185633|0.24829|0.173207|0.200726|0.171783|0.241008|0.171154|0.198129,0.634164|0.479152|0.120042|0.8088|0.138112|0.402657|0.858389|0.146549|0.408385|0.31462|0.937095,0.965709,0.942107,0.00398666,0.0494591,0.601558,0.498619,0.0780554,0.491866,0.227373,0.94879,60.5101,3.47919e-12,34363,0.893945,38.3275,1.8046e-11,70899,0.813216,0.800213,0.0318416,0.894511,0.646291,0.467196,0.267079,0.496996,0.142828,0.968398,15.3538,7.25626e-13,62719,0.835188,71.1574,7.18405e-13,18924
1,29,n1->n2->n3->n4->n14->n15->n16->n17->n18->n19->n20->n10,2.31363e+13|1.08374e+10|6.12136e+10|3.77253e+09|4.81326e+11|3.20281e+09|1.22489e+11|4.00209e+11|2.03534e+11|1.05918e+11|1.43015e+11|1.18221e+10,3.60243e+12|2.86853e+09|1.1263e+10|1.57109e+09|4.44483e+11|2.0725e+09|1.60878e+10|1.16403e+11|6.77465e+10|6.82244e+10|1.55339e+10|4.31884e+09,2.76437e-05|2.25049e-05|0.00016633|1.75363e-05|0.00084559|9.19448e-05|0.000388598|0.000240023|2.6832e-05|0.000888862|0.000117274|0.000324399,0.00205186|0.000185945|0.000257502|0.00506716|0.0051438|0.0013452|0.00473624|0.000212219|0.000190216|0.000145034|0.00970702|0.000327224,0.0144542|0.0430141|0.0444183|0.0377136|0.00938046|0.0491072|0.0142199|0.0334165|0.00942372|0.0325835|0.0479354|0.0413395,0.0367363|0.0160199|0.0464833|0.0409904|0.0297136|0.0303606|0.0151898|0.0188367|0.0172071|0.0435705|0.00201996|0.0463752,0.95381|0.934272|0.909484|0.949976|0.983424|0.940373|0.983062|0.958778|0.909197|0.960252|0.967051|0.956752,3.46146|0.347274|0.674833|6.26231|2.35283|2.32468|0.15061|0.251924|5.95219|2.69565|1.89604|4.20312,79.8117|37.015|10.4739|52.1141|92.5451|56.2706|32.2763|27.3162|28.0546|10.3361|29.3778,0.20774|0.191035|0.244816|0.216912|0.187126|0.221203|0.19197|0.192517|0.241008|0.171154|0.198129,0.634164|0.479152|0.120042|0.936246|0.127963|0.263189|0.413975|0.86736|0.408385|0.31462|0.937095,0.965709,0.942107,0.00398666,0.0494591,0.601558,0.498619,0.0780554,0.491866,0.227373,0.94879,60.5101,3.47919e-12,34363,0.893945,38.3275,1.8046e-11,70899,0.813216,0.800213,0.0318416,0.894511,0.646291,0.467196,0.267079,0.496996,0.142828,0.968398,15.3538,7.25626e-13,62719,0.835188,71.1574,7.18405e-13,18924
1,30,n1->n2->n3->n4->n14->n15->n16->n17->n7->n8->n9->n10,2.31363e+13|1.08374e+10|6.12136e+10|3.77253e+09|4.81326e+11|3.20281e+09|1.22489e+11|4.00209e+11|9.24787e+09|4.30375e+13|5.91555e+11|1.18221e+10,3.60243e+12|2.86853e+09|1.1263e+10|1.57109e+09|4.44483e+11|2.0725e+09|1.60878e+10|1.16403e+11|1.17307e+09|3.6866e+13|1.23797e+11|4.31884e+09,2.76437e-05|2.25049e-05|0.00016633|1.75363e-05|0.00084559|9.19448e-05|0.000388598|0.000240023|0.00053987|6.06714e-05|4.9143e-05|0.000324399,0.00205186|0.000185945|0.000257502|0.00506716|0.0051438|0.0013452|0.00473624|0.000212219|0.00150891|0.000455538|0.000571723|0.000327224,0.0144542|0.0430141|0.0444183|0.0377136|0.00938046|0.0491072|0.0142199|0.0334165|0.0179336|0.0225523|0.00473199|0.0413395,0.0367363|0.0160199|0.0464833|0.0409904|0.0297136|0.0303606|0.0151898|0.0188367|0.0204335|0.0283967|0.00830313|0.0463752,0.95381|0.934272|0.909484|0.949976|0.983424|0.940373|0.983062|0.958778|0.940994|0.943873|0.968696|0.956752,3.46146|0.347274|0.674833|6.26231|2.35283|2.32468|0.15061|0.251924|3.97819|4.13907|2.44477|4.20312,79.8117|37.015|10.4739|52.1141|92.5451|56.2706|32.2763|59.8148|55.4093|99.595|65.9961,0.20774|0.191035|0.244816|0.216912|0.187126|0.221203|0.19197|0.189151|0.200726|0.248024|0.245087,0.634164|0.479152|0.120042|0.936246|0.127963|0.263189|0.413975|0.531819|0.858389|0.527389|0.339228,0.965709,0.942107,0.00398666,0.0494591,0.601558,0.498619,0.0780554,0.491866,0.227373,0.94879,60.5101,3.47919e-12,34363,0.893945,38.3275,1.8046e-11,70899,0.813216,0.800213,0.0318416,0.894511,0.646291,0.467196,0.267079,0.496996,0.142828,0.968398,15.3538,7.25626e-13,62719,0.835188,71.1574,7.18405e-13,18924
1,31,n1->n2->n3->n4->n5->n6->n7->n8->n9->n19->n20->n10,2.31363e+13|1.08374e+10|6.12136e+10|3.77253e+09|1.66294e+09|3.11313e+11|9.24787e+09|4.30375e+13|5.91555e+11|1.05918e+11|1.43015e+11|1.18221e+10,3.60243e+12|2.86853e+09|1.1263e+10|1.57109e+09|4.18929e+08|9.70219e+10|1.17307e+09|3.6866e+13|1.23797e+11|6.82244e+10|1.55339e+10|4.31884e+09,2.76437e-05|2.25049e-05|0.00016633|1.75363e-05|4.44502e-05|0.000874519|0.00053987|6.06714e-05|4.9143e-05|0.000888862|0.000117274|0.000324399,0.00205186|0.000185945|0.000257502|0.00506716|0.00789389|0.000577384|0.00150891|0.000455538|0.000571723|0.000145034|0.00970702|0.000327224,0.0144542|0.0430141|0.0444183|0.0377136|0.028843|0.0198763|0.0179336|0.0225523|0.00473199|0.0325835|0.0479354|0.0413395,0.0367363|0.0160199|0.0464833|0.0409904|0.0403095|0.0292376|0.0204335|0.0283967|0.00830313|0.0435705|0.00201996|0.0463752,0.95381|0.934272|0.909484|0.949976|0.916182|0.912165|0.940994|0.943873|0.968696|0.960252|0.967051|0.956752,3.46146|0.347274|0.674833|6.26231|6.14894|2.01744|3.97819|4.13907|2.44477|2.69565|1.89604|4.20312,79.8117|37.015|10.4739|81.7362|37.2729|32.9383|55.4093|99.595|99.0064|10.3361|29.3778,0.20774|0.191035|0.244816|0.185633|0.24829|0.173207|0.200726|0.248024|0.205366|0.171154|0.198129,0.634164|0.479152|0.120042|0.8088|0.138112|0.402657|0.858389|0.527389|0.181632|0.31462|0.937095,0.965709,0.942107,0.00398666,0.0494591,0.601558,0.498619,0.0780554,0.491866,0.227373,0.94879,60.5101,3.47919e-12,34363,0.893945,38.3275,1.8046e-11,70899,0.813216,0.800213,0.0318416,0.894511,0.646291,0.467196,0.267079,0.496996,0.142828,0.968398,15.3538,7.25626e-13,62719,0.835188,71.1574,7.18405e-13,18924
1,32,n1->n2->n3->n4->n5->n6->n16->n17->n7->n8->n9->n10,2.31363e+13|1.08374e+10|6.12136e+10|3.77253e+09|1.66294e+09|3.11313e+11|1.22489e+11|4.00209e+11|9.24787e+09|4.30375e+13|5.91555e+11|1.18221e+10,3.60243e+12|2.86853e+09|1.1263e+10|1.57109e+09|4.18929e+08|9.70219e+10|1.60878e+10|1.16403e+11|1.17307e+09|3.6866e+13|1.23797e+11|4.31884e+09,2.76437e-05|2.25049e-05|0.00016633|1.75363e-05|4.44502e-05|0.000874519|0.000388598|0.000240023|0.00053987|6.06714e-05|4.9143e-05|0.000324399,0.00205186|0.000185945|0.000257502|0.00506716|0.00789389|0.000577384|0.00473624|0.000212219|0.00150891|0.000455538|0.000571723|0.000327224,0.0144542|0.0430141|0.0444183|0.0377136|0.028843|0.0198763|0.0142199|0.0334165|0.0179336|0.0225523|0.00473199|0.0413395,0.0367363|0.0160199|0.0464833|0.0409904|0.0403095|0.0292376|0.0151898|0.0188367|0.0204335|0.0283967|0.00830313|0.0463752,0.95381|0.934272|0.909484|0.949976|0.916182|0.912165|0.983062|0.958778|0.940994|0.943873|0.968696|0.956752,3.46146|0.347274|0.674833|6.26231|6.14894|2.01744|0.15061|0.251924|3.97819|4.13907|2.44477|4.20312,79.8117|37.015|10.4739|81.7362|37.2729|50.0569|32.2763|59.8148|55.4093|99.595|65.9961,0.20774|0.191035|0.244816|0.185633|0.24829|0.248888|0.19197|0.189151|0.200726|0.248024|0.245087,0.634164|0.479152|0.120042|0.8088|0.138112|0.114607|0.413975|0.531819|0.858389|0.527389|0.339228,0.965709,0.942107,0.00398666,0.0494591,0.601558,0.498619,0.0780554,0.491866,0.227373,0.94879,60.5101,3.47919e-12,34363,0.893945,38.3275,1.8046e-11,70899,0.813216,0.800213,0.0318416,0.894511,0.646291,0.467196,0.267079,0.496996,0.142828,0.968398,15.3538,7.25626e-13,62719,0.835188,71.1574,7.18405e-13,18924
1,33,n1->n2->n3->n4->n14->n15->n16->n17->n18->n19->n9->n10,2.31363e+13|1.08374e+10|6.12136e+10|3.77253e+09|4.81326e+11|3.20281e+09|1.22489e+11|4.00209e+11|2.03534e+11|1.05918e+11|5.91555e+11|1.18221e+10,3.60243e+12|2.86853e+09|1.1263e+10|1.57109e+09|4.44483e+11|2.0725e+09|1.60878e+10|1.16403e+11|6.77465e+10|6.82244e+10|1.23797e+11|4.31884e+09,2.76437e-05|2.25049e-05|0.00016633|1.75363e-05|0.00084559|9.19448e-05|0.000388598|0.000240023|2.6832e-05|0.000888862|4.9143e-05|0.000324399,0.00205186|0.000185945|0.000257502|0.00506716|0.0051438|0.0013452|0.00473624|0.000212219|0.000190216|0.000145034|0.000571723|0.000327224,0.0144542|0.0430141|0.0444183|0.0377136|0.00938046|0.0491072|0.0142199|0.0334165|0.00942372|0.0325835|0.00473199|0.0413395,0.0367363|0.0160199|0.0464833|0.0409904|0.0297136|0.0303606|0.0151898|0.0188367|0.0172071|0.0435705|0.00830313|0.0463752,0.95381|0.934272|0.909484|0.949976|0.983424|0.940373|0.983062|0.958778|0.909197|0.960252|0.968696|0.956752,3.46146|0.347274|0.674833|6.26231|2.35283|2.32468|0.15061|0.251924|5.95219|2.69565|2.44477|4.20312,79.8117|37.015|10.4739|52.1141|92.5451|56.2706|32.2763|27.3162|28.0546|99.0064|65.9961,0.20774|0.191035|0.244816|0.216912|0.187126|0.221203|0.19197|0.192517|0.241008|0.205366|0.245087,0.634164|0.479152|0.120042|0.936246|0.127963|0.263189|0.413975|0.86736|0.408385|0.181632|0.339228,0.965709,0.942107,0.00398666,0.0494591,0.601558,0.498619,0.0780554,0.491866,0.227373,0.94879,60.5101,3.47919e-12,34363,0.893945,38.3275,1.8046e-11,70899,0.813216,0.800213,0.0318416,0.894511,0.646291,0.467196,0.267079,0.496996,0.142828,0.968398,15.3538,7.25626e-13,62719,0.835188,71.1574,7.18405e-13,18924
1,34,n1->n2->n3->n4->n5->n6->n7->n17->n18->n8->n9->n10,2.31363e+13|1.08374e+10|6.12136e+10|3.77253e+09|1.66294e+09|3.11313e+11|9.24787e+09|4.00209e+11|2.03534e+11|4.30375e+13|5.91555e+11|1.18221e+10,3.60243e+12|2.86853e+09|1.1263e+10|1.57109e+09|4.18929e+08|9.70219e+10|1.17307e+09|1.16403e+11|6.77465e+10|3.6866e+13|1.23797e+11|4.31884e+09,2.76437e-05|2.25049e-05|0.00016633|1.75363e-05|4.44502e-05|0.000874519|0.00053987|0.000240023|2.6832e-05|6.06714e-05|4.9143e-05|0.000324399,0.00205186|0.000185945|0.000257502|0.00506716|0.00789389|0.000577384|0.00150891|0.000212219|0.000190216|0.000455538|0.000571723|0.000327224,0.0144542|0.0430141|0.0444183|0.0377136|0.028843|0.0198763|0.0179336|0.0334165|0.00942372|0.0225523|0.00473199|0.0413395,0.0367363|0.0160199|0.0464833|0.0409904|0.0403095|0.0292376|0.0204335|0.0188367|0.0172071|0.0283967|0.00830313|0.0463752,0.95381|0.934272|0.909484|0.949976|0.916182|0.912165|0.940994|0.958778|0.909197|0.943873|0.968696|0.956752,3.46146|0.347274|0.674833|6.26231|6.14894|2.01744|3.97819|0.251924|5.95219|4.13907|2.44477|4.20312,79.8117|37.015|10.4739|81.7362|37.2729|32.9383|59.8148|27.3162|81.3396|99.595|65.9961,0.20774|0.191035|0.244816|0.185633|0.24829|0.173207|0.189151|0.192517|0.171783|0.248024|0.245087,0.634164|0.479152|0.120042|0.8088|0.138112|0.402657|0.531819|0.86736|0.146549|0.527389|0.339228,0.965709,0.942107,0.00398666,0.0494591,0.601558,0.498619,0.0780554,0.491866,0.227373,0.94879,60.5101,3.47919e-12,34363,0.893945,38.3275,1.8046e-11,70899,0.813216,0.800213,0.0318416,0.894511,0.646291,0.467196,0.267079,0.496996,0.142828,0.968398,15.3538,7.25626e-13,62719,0.835188,71.1574,7.18405e-13,18924
1,35,n1->n2->n3->n4->n14->n15->n16->n17->n18->n8->n9->n10,2.31363e+13|1.08374e+10|6.12136e+10|3.77253e+09|4.81326e+11|3.20281e+09|1.22489e+11|4.00209e+11|2.03534e+11|4.30375e+13|5.91555e+11|1.18221e+10,3.60243e+12|2.86853e+09|1.1263e+10|1.57109e+09|4.44483e+11|2.0725e+09|1.60878e+10|1.16403e+11|6.77465e+10|3.6866e+13|1.23797e+11|4.31884e+09,2.76437e-05|2.25049e-05|0.00016633|1.75363e-05|0.00084559|9.19448e-05|0.000388598|0.000240023|2.6832e-05|6.06714e-05|4.9143e-05|0.000324399,0.00205186|0.000185945|0.000257502|0.00506716|0.0051438|0.0013452|0.00473624|0.000212219|0.000190216|0.000455538|0.000571723|0.000327224,0.0144542|0.0430141|0.0444183|0.0377136|0.00938046|0.0491072|0.0142199|0.0334165|0.00942372|0.0225523|0.00473199|0.0413395,0.0367363|0.0160199|0.0464833|0.0409904|0.0297136|0.0303606|0.0151898|0.0188367|0.0172071|0.0283967|0.00830313|0.0463752,0.95381|0.934272|0.909484|0.949976|0.983424|0.940373|0.983062|0.958778|0.909197|0.943873|0.968696|0.956752,3.46146|0.347274|0.674833|6.26231|2.35283|2.32468|0.15061|0.251924|5.95219|4.13907|2.44477|4.20312,79.8117|37.015|10.4739|52.1141|92.5451|56.2706|32.2763|27.3162|81.3396|99.595|65.9961,0.20774|0.191035|0.244816|0.216912|0.187126|0.221203|0.19197|0.192517|0.171783|0.248024|0.245087,0.634164|0.479152|0.120042|0.936246|0.127963|0.263189|0.413975|0.86736|0.146549|0.527389|0.339228,0.965709,0.942107,0.00398666,0.0494591,0.601558,0.498619,0.0780554,0.491866,0.227373,0.94879,60.5101,3.47919e-12,34363,0.893945,38.3275,1.8046e-11,70899,0.813216,0.800213,0.0318416,0.894511,0.646291,0.467196,0.267079,0.496996,0.142828,0.968398,15.3538,7.25626e-13,62719,0.835188,71.1574,7.18405e-13,18924
1,36,n1->n11->n12->n13->n14->n15->n16->n17->n18->n19->n20->n10,2.31363e+13|1.83181e+09|6.50639e+11|4.50381e+10|4.81326e+11|3.20281e+09|1.22489e+11|4.00209e+11|2.03534e+11|1.05918e+11|1.43015e+11|1.18221e+10,3.60243e+12|1.61585e+09|6.91628e+10|3.40678e+10|4.44483e+11|2.0725e+09|1.60878e+10|1.16403e+11|6.77465e+10|6.82244e+10|1.55339e+10|4.31884e+09,2.76437e-05|6.09494e-05|0.000306846|5.57341e-05|0.00084559|9.19448e-05|0.000388598|0.000240023|2.6832e-05|0.000888862|0.000117274|0.000324399,0.00205186|0.0070437|0.00506163|0.00134945|0.0051438|0.0013452|0.00473624|0.000212219|0.000190216|0.000145034|0.00970702|0.000327224,0.0144542|0.0289489|0.0248209|0.0135171|0.00938046|0.0491072|0.0142199|0.0334165|0.00942372|0.0325835|0.0479354|0.0413395,0.0367363|0.00023094|0.0232879|0.00802942|0.0297136|0.0303606|0.0151898|0.0188367|0.0172071|0.0435705|0.00201996|0.0463752,0.95381|0.903661|0.90052|0.973616|0.983424|0.940373|0.983062|0.958778|0.909197|0.960252|0.967051|0.956752,3.46146|4.2752|4.94267|3.12017|2.35283|2.32468|0.15061|0.251924|5.95219|2.69565|1.89604|4.20312,30.2686|24.4191|13.9548|56.34|92.5451|56.2706|32.2763|27.3162|28.0546|10.3361|29.3778,0.161965|0.205217|0.237358|0.19509|0.187126|0.221203|0.19197|0.192517|0.241008|0.171154|0.198129,0.56362|0.974022|0.503427|0.577651|0.127963|0.263189|0.413975|0.86736|0.408385|0.31462|0.937095,0.965709,0.942107,0.00398666,0.0494591,0.601558,0.498619,0.0780554,0.491866,0.227373,0.94879,60.5101,3.47919e-12,34363,0.893945,38.3275,1.8046e-11,70899,0.813216,0.800213,0.0318416,0.894511,0.646291,0.467196,0.267079,0.496996,0.142828,0.968398,15.3538,7.25626e-13,62719,0.835188,71.1574,7.18405e-13,18924
1,37,n1->n2->n12->n13->n14->n15->n16->n17->n18->n8->n9->n10,2.31363e+13|1.08374e+10|6.50639e+11|4.50381e+10|4.81326e+11|3.20281e+09|1.22489e+11|4.00209e+11|2.03534e+11|4.30375e+13|5.91555e+11|1.18221e+10,3.60243e+12|2.86853e+09|6.91628e+10|3.40678e+10|4.44483e+11|2.0725e+09|1.60878e+10|1.16403e+11|6.77465e+10|3.6866e+13|1.23797e+11|4.31884e+09,2.76437e-05|2.25049e-05|0.000306846|5.57341e-05|0.00084559|9.19448e-05|0.000388598|0.000240023|2.6832e-05|6.06714e-05|4.9143e-05|0.000324399,0.00205186|0.000185945|0.00506163|0.00134945|0.0051438|0.0013452|0.00473624|0.000212219|0.000190216|0.000455538|0.000571723|0.000327224,0.0144542|0.0430141|0.0248209|0.0135171|0.00938046|0.0491072|0.0142199|0.0334165|0.00942372|0.0225523|0.00473199|0.0413395,0.0367363|0.0160199|0.0232879|0.00802942|0.0297136|0.0303606|0.0151898|0.0188367|0.0172071|0.0283967|0.00830313|0.0463752,0.95381|0.934272|0.90052|0.973616|0.983424|0.940373|0.983062|0.958778|0.909197|0.943873|0.968696|0.956752,3.46146|0.347274|4.94267|3.12017|2.35283|2.32468|0.15061|0.251924|5.95219|4.13907|2.44477|4.20312,79.8117|88.6198|13.9548|56.34|92.5451|56.2706|32.2763|27.3162|81.3396|99.595|65.9961,0.20774|0.169026|0.237358|0.19509|0.187126|0.221203|0.19197|0.192517|0.171783|0.248024|0.245087,0.634164|0.804539|0.503427|0.577651|0.127963|0.263189|0.413975|0.86736|0.146549|0.527389|0.339228,0.965709,0.942107,0.00398666,0.0494591,0.601558,0.498619,0.0780554,0.491866,0.227373,0.94879,60.5101,3.47919e-12,34363,0.893945,38.3275,1.8046e-11,70899,0.813216,0.800213,0.0318416,0.894511,0.646291,0.467196,0.267079,0.496996,0.142828,0.968398,15.3538,7.25626e-13,62719,0.835188,71.1574,7.18405e-13,18924
1,38,n1->n2->n3->n4->n5->n6->n7->n17->n18->n19->n20->n10,2.31363e+13|1.08374e+10|6.12136e+10|3.77253e+09|1.66294e+09|3.11313e+11|9.24787e+09|4.00209e+11|2.03534e+11|1.05918e+11|1.43015e+11|1.18221e+10,3.60243e+12|2.86853e+09|1.1263e+10|1.57109e+09|4.18929e+08|9.70219e+10|1.17307e+09|1.16403e+11|6.77465e+10|6.82244e+10|1.55339e+10|4.31884e+09,2.76437e-05|2.25049e-05|0.00016633|1.75363e-05|4.44502e-05|0.000874519|0.00053987|0.000240023|2.6832e-05|0.000888862|0.000117274|0.000324399,0.00205186|0.000185945|0.000257502|0.00506716|0.00789389|0.000577384|0.00150891|0.000212219|0.000190216|0.000145034|0.00970702|0.000327224,0.0144542|0.0430141|0.0444183|0.0377136|0.028843|0.0198763|0.0179336|0.0334165|0.00942372|0.0325835|0.0479354|0.0413395,0.0367363|0.0160199|0.0464833|0.0409904|0.0403095|0.0292376|0.0204335|0.0188367|0.0172071|0.0435705|0.00201996|0.0463752,0.95381|0.934272|0.909484|0.949976|0.916182|0.912165|0.940994|0.958778|0.909197|0.960252|0.967051|0.956752,3.46146|0.347274|0.674833|6.26231|6.14894|2.01744|3.97819|0.251924|5.95219|2.69565|1.89604|4.20312,79.8117|37.015|10.4739|81.7362|37.2729|32.9383|59.8148|27.3162|28.0546|10.3361|29.3778,0.20774|0.191035|0.244816|0.185633|0.24829|0.173207|0.189151|0.192517|0.241008|0.171154|0.198129,0.634164|0.479152|0.120042|0.8088|0.138112|0.402657|0.531819|0.86736|0.408385|0.31462|0.937095,0.965709,0.942107,0.00398666,0.0494591,0.601558,0.498619,0.0780554,0.491866,0.227373,0.94879,60.5101,3.47919e-12,34363,0.893945,38.3275,1.8046e-11,70899,0.813216,0.800213,0.0318416,0.894511,0.646291,0.467196,0.267079,0.496996,0.142828,0.968398,15.3538,7.25626e-13,62719,0.835188,71.1574,7.18405e-13,18924
1,39,n1->n2->n12->n13->n14->n15->n16->n17->n18->n19->n20->n10,2.31363e+13|1.08374e+10|6.50639e+11|4.50381e+10|4.81326e+11|3.20281e+09|1.22489e+11|4.00209e+11|2.03534e+11|1.05918e+11|1.43015e+11|1.18221e+10,3.60243e+12|2.86853e+09|6.91628e+10|3.40678e+10|4.44483e+11|2.0725e+09|1.60878e+10|1.16403e+11|6.77465e+10|6.82244e+10|1.55339e+10|4.31884e+09,2.76437e-05|2.25049e-05|0.000306846|5.57341e-05|0.00084559|9.19448e-05|0.000388598|0.000240023|2.6832e-05|0.000888862|0.000117274|0.000324399,0.00205186|0.000185945|0.00506163|0.00134945|0.0051438|0.0013452|0.00473624|0.000212219|0.000190216|0.000145034|0.00970702|0.000327224,0.0144542|0.0430141|0.0248209|0.0135171|0.00938046|0.0491072|0.0142199|0.0334165|0.00942372|0.0325835|0.0479354|0.0413395,0.0367363|0.0160199|0.0232879|0.00802942|0.0297136|0.0303606|0.0151898|0.0188367|0.0172071|0.0435705|0.00201996|0.0463752,0.95381|0.934272|0.90052|0.973616|0.983424|0.940373|0.983062|0.958778|0.909197|0.960252|0.967051|0.956752,3.46146|0.347274|4.94267|3.12017|2.35283|2.32468|0.15061|0.251924|5.95219|2.69565|1.89604|4.20312,79.8117|88.6198|13.9548|56.34|92.5451|56.2706|32.2763|27.3162|28.0546|10.3361|29.3778,0.20774|0.169026|0.237358|0.19509|0.187126|0.221203|0.19197|0.192517|0.241008|0.171154|0.198129,0.634164|0.804539|0.503427|0.577651|0.127963|0.263189|0.413975|0.86736|0.408385|0.31462|0.937095,0.965709,0.942107,0.00398666,0.0494591,0.601558,0.498619,0.0780554,0.491866,0.227373,0.94879,60.5101,3.47919e-12,34363,0.893945,38.3275,1.8046e-11,70899,0.813216,0.800213,0.0318416,0.894511,0.646291,0.467196,0.267079,0.496996,0.142828,0.968398,15.3538,7.25626e-13,62719,0.835188,71.1574,7.18405e-13,18924
1,40,n1->n2->n3->n4->n5->n6->n7->n17->n18->n19->n9->n10,2.31363e+13|1.08374e+10|6.12136e+10|3.77253e+09|1.66294e+09|3.11313e+11|9.24787e+09|4.00209e+11|2.03534e+11|1.05918e+11|5.91555e+11|1.18221e+10,3.60243e+12|2.86853e+09|1.1263e+10|1.57109e+09|4.18929e+08|9.70219e+10|1.17307e+09|1.16403e+11|6.77465e+10|6.82244e+10|1.23797e+11|4.31884e+09,2.76437e-05|2.25049e-05|0.00016633|1.75363e-05|4.44502e-05|0.000874519|0.00053987|0.000240023|2.6832e-05|0.000888862|4.9143e-05|0.000324399,0.00205186|0.000185945|0.000257502|0.00506716|0.00789389|0.000577384|0.00150891|0.000212219|0.000190216|0.000145034|0.000571723|0.000327224,0.0144542|0.0430141|0.0444183|0.0377136|0.028843|0.0198763|0.0179336|0.0334165|0.00942372|0.0325835|0.00473199|0.0413395,0.0367363|0.0160199|0.0464833|0.0409904|0.0403095|0.0292376|0.0204335|0.0188367|0.0172071|0.0435705|0.00830313|0.0463752,0.95381|0.934272|0.909484|0.949976|0.916182|0.912165|0.940994|0.958778|0.909197|0.960252|0.968696|0.956752,3.46146|0.347274|0.674833|6.26231|6.14894|2.01744|3.97819|0.251924|5.95219|2.69565|2.44477|4.20312,79.8117|37.015|10.4739|81.7362|37.2729|32.9383|59.8148|27.3162|28.0546|99.0064|65.9961,0.20774|0.191035|0.244816|0.185633|0.24829|0.173207|0.189151|0.192517|0.241008|0.205366|0.245087,0.634164|0.479152|0.120042|0.8088|0.138112|0.402657|0.531819|0.86736|0.408385|0.181632|0.339228,0.965709,0.942107,0.00398666,0.0494591,0.601558,0.498619,0.0780554,0.491866,0.227373,0.94879,60.5101,3.47919e-12,34363,0.893945,38.3275,1.8046e-11,70899,0.813216,0.800213,0.0318416,0.894511,0.646291,0.467196,0.267079,0.496996,0.142828,0.968398,15.3538,7.25626e-13,62719,0.835188,71.1574,7.18405e-13,18924
1,41,n1->n11->n12->n22->n23->n13->n14->n4->n5->n6->n7->n8->n9->n10,2.31363e+13|1.83181e+09|6.50639e+11|4.72597e+11|8.84744e+09|4.50381e+10|4.81326e+11|3.77253e+09|1.66294e+09|3.11313e+11|9.24787e+09|4.30375e+13|5.91555e+11|1.18221e+10,3.60243e+12|1.61585e+09|6.91628e+10|3.89256e+11|1.70948e+09|3.40678e+10|4.44483e+11|1.57109e+09|4.18929e+08|9.70219e+10|1.17307e+09|3.6866e+13|1.23797e+11|4.31884e+09,2.76437e-05|6.09494e-05|0.000306846|0.000136426|0.000848685|5.57341e-05|0.00084559|1.75363e-05|4.44502e-05|0.000874519|0.00053987|6.06714e-05|4.9143e-05|0.000324399,0.00205186|0.0070437|0.00506163|0.000622969|0.000154373|0.00134945|0.0051438|0.00506716|0.00789389|0.000577384|0.00150891|0.000455538|0.000571723|0.000327224,0.0144542|0.0289489|0.0248209|0.0222508|0.0433652|0.0135171|0.00938046|0.0377136|0.028843|0.0198763|0.0179336|0.0225523|0.00473199|0.0413395,0.0367363|0.00023094|0.0232879|0.00315586|0.0353922|0.00802942|0.0297136|0.0409904|0.0403095|0.0292376|0.0204335|0.0283967|0.00830313|0.0463752,0.95381|0.903661|0.90052|0.992031|0.978852|0.973616|0.983424|0.949976|0.916182|0.912165|0.940994|0.943873|0.968696|0.956752,3.46146|4.2752|4.94267|1.9519|6.13175|3.12017|2.35283|6.26231|6.14894|2.01744|3.97819|4.13907|2.44477|4.20312,30.2686|24.4191|13.2112|55.8812|51.9585|56.34|52.1141|81.7362|37.2729|32.9383|55.4093|99.595|65.9961,0.161965|0.205217|0.185154|0.190738|0.247887|0.19509|0.216912|0.185633|0.24829|0.173207|0.200726|0.248024|0.245087,0.56362|0.974022|0.869928|0.246571|0.267835|0.577651|0.936246|0.8088|0.138112|0.402657|0.858389|0.527389|0.339228,0.965709,0.942107,0.00398666,0.0494591,0.601558,0.498619,0.0780554,0.491866,0.227373,0.94879,60.5101,3.47919e-12,34363,0.893945,38.3275,1.8046e-11,70899,0.813216,0.800213,0.0318416,0.894511,0.646291,0.467196,0.267079,0.496996,0.142828,0.968398,15.3538,7.25626e-13,62719,0.835188,71.1574,7.18405e-13,18924
1,42,n1->n11->n12->n22->n23->n24->n25->n15->n5->n6->n7->n8->n9->n10,2.31363e+13|1.83181e+09|6.50639e+11|4.72597e+11|8.84744e+09|1.6247e+13|3.34343e+12|3.20281e+09|1.66294e+09|3.11313e+11|9.24787e+09|4.30375e+13|5.91555e+11|1.18221e+10,3.60243e+12|1.61585e+09|6.91628e+10|3.89256e+11|1.70948e+09|1.42612e+13|1.01655e+12|2.0725e+09|4.18929e+08|9.70219e+10|1.17307e+09|3.6866e+13|1.23797e+11|4.31884e+09,2.76437e-05|6.09494e-05|0.000306846|0.000136426|0.000848685|1.7942e-05|8.18102e-05|9.19448e-05|4.44502e-05|0.000874519|0.00053987|6.06714e-05|4.9143e-05|0.000324399,0.00205186|0.0070437|0.00506163|0.000622969|0.000154373|0.00390461|0.000592493|0.0013452|0.00789389|0.000577384|0.00150891|0.000455538|0.000571723|0.000327224,0.0144542|0.0289489|0.0248209|0.0222508|0.0433652|0.0272838|0.01808|0.0491072|0.028843|0.0198763|0.0179336|0.0225523|0.00473199|0.0413395,0.0367363|0.00023094|0.0232879|0.00315586|0.0353922|0.0271748|0.0195753|0.0303606|0.0403095|0.0292376|0.0204335|0.0283967|0.00830313|0.0463752,0.95381|0.903661|0.90052|0.992031|0.978852|0.985398|0.908527|0.940373|0.916182|0.912165|0.940994|0.943873|0.968696|0.956752,3.46146|4.2752|4.94267|1.9519|6.13175|6.10602|0.486545|2.32468|6.14894|2.01744|3.97819|4.13907|2.44477|4.20312,30.2686|24.4191|13.2112|55.8812|67.5745|18.2346|54.7186|35.0583|37.2729|32.9383|55.4093|99.595|65.9961,0.161965|0.205217|0.185154|0.190738|0.176012|0.183812|0.220733|0.200044|0.24829|0.173207|0.200726|0.248024|0.245087,0.56362|0.974022|0.869928|0.246571|0.651798|0.135604|0.337128|0.592289|0.138112|0.402657|0.858389|0.527389|0.339228,0.965709,0.942107,0.00398666,0.0494591,0.601558,0.498619,0.0780554,0.491866,0.227373,0.94879,60.5101,3.47919e-12,34363,0.893945,38.3275,1.8046e-11,70899,0.813216,0.800213,0.0318416,0.894511,0.646291,0.467196,0.267079,0.496996,0.142828,0.968398,15.3538,7.25626e-13,62719,0.835188,71.1574,7.18405e-13,18924
1,43,n1->n2->n12->n22->n23->n13->n14->n4->n5->n6->n7->n8->n9->n10,2.31363e+13|1.08374e+10|6.50639e+11|4.72597e+11|8.84744e+09|4.50381e+10|4.81326e+11|3.77253e+09|1.66294e+09|3.11313e+11|9.24787e+09|4.30375e+13|5.91555e+11|1.18221e+10,3.60243e+12|2.86853e+09|6.91628e+10|3.89256e+11|1.70948e+09|3.40678e+10|4.44483e+11|1.57109e+09|4.18929e+08|9.70219e+10|1.17307e+09|3.6866e+13|1.23797e+11|4.31884e+09,2.76437e-05|2.25049e-05|0.000306846|0.000136426|0.000848685|5.57341e-05|0.00084559|1.75363e-05|4.44502e-05|0.000874519|0.00053987|6.06714e-05|4.9143e-05|0.000324399,0.00205186|0.000185945|0.00506163|0.000622969|0.000154373|0.00134945|0.0051438|0.00506716|0.00789389|0.000577384|0.00150891|0.000455538|0.000571723|0.000327224,0.0144542|0.0430141|0.0248209|0.0222508|0.0433652|0.0135171|0.00938046|0.0377136|0.028843|0.0198763|0.0179336|0.0225523|0.00473199|0.0413395,0.0367363|0.0160199|0.0232879|0.00315586|0.0353922|0.00802942|0.0297136|0.0409904|0.0403095|0.0292376|0.0204335|0.0283967|0.00830313|0.0463752,0.95381|0.934272|0.90052|0.992031|0.978852|0.973616|0.983424|0.949976|0.916182|0.912165|0.940994|0.943873|0.968696|0.956752,3.46146|0.347274|4.94267|1.9519|6.13175|3.12017|2.35283|6.26231|6.14894|2.01744|3.97819|4.13907|2.44477|4.20312,79.8117|88.6198|13.2112|55.8812|51.9585|56.34|52.1141|81.7362|37.2729|32.9383|55.4093|99.595|65.9961,0.20774|0.169026|0.185154|0.190738|0.247887|0.19509|0.216912|0.185633|0.24829|0.173207|0.200726|0.248024|0.245087,0.634164|0.804539|0.869928|0.246571|0.267835|0.577651|0.936246|0.8088|0.138112|0.402657|0.858389|0.527389|0.339228,0.965709,0.942107,0.00398666,0.0494591,0.601558,0.498619,0.0780554,0.491866,0.227373,0.94879,60.5101,3.47919e-12,34363,0.893945,38.3275,1.8046e-11,70899,0.813216,0.800213,0.0318416,0.894511,0.646291,0.467196,0.267079,0.496996,0.142828,0.968398,15.3538,7.25626e-13,62719,0.835188,71.1574,7.18405e-13,18924
1,44,n1->n11->n12->n2->n3->n4->n5->n6->n7->n8->n9->n19->n20->n10,2.31363e+13|1.83181e+09|6.50639e+11|1.08374e+10|6.12136e+10|3.77253e+09|1.66294e+09|3.11313e+11|9.24787e+09|4.30375e+13|5.91555e+11|1.05918e+11|1.43015e+11|1.18221e+10,3.60243e+12|1.61585e+09|6.91628e+10|2.86853e+09|1.1263e+10|1.57109e+09|4.18929e+08|9.70219e+10|1.17307e+09|3.6866e+13|1.23797e+11|6.82244e+10|1.55339e+10|4.31884e+09,2.76437e-05|6.09494e-05|0.000306846|2.25049e-05|0.00016633|1.75363e-05|4.44502e-05|0.000874519|0.00053987|6.06714e-05|4.9143e-05|0.000888862|0.000117274|0.000324399,0.00205186|0.0070437|0.00506163|0.000185945|0.000257502|0.00506716|0.00789389|0.000577384|0.00150891|0.000455538|0.000571723|0.000145034|0.00970702|0.000327224,0.0144542|0.0289489|0.0248209|0.0430141|0.0444183|0.0377136|0.028843|0.0198763|0.0179336|0.0225523|0.00473199|0.0325835|0.0479354|0.0413395,0.0367363|0.00023094|0.0232879|0.0160199|0.0464833|0.0409904|0.0403095|0.0292376|0.0204335|0.0283967|0.00830313|0.0435705|0.00201996|0.0463752,0.95381|0.903661|0.90052|0.934272|0.909484|0.949976|0.916182|0.912165|0.940994|0.943873|0.968696|0.960252|0.967051|0.956752,3.46146|4.2752|4.94267|0.347274|0.674833|6.26231|6.14894|2.01744|3.97819|4.13907|2.44477|2.69565|1.89604|4.20312,30.2686|24.4191|88.6198|37.015|10.4739|81.7362|37.2729|32.9383|55.4093|99.595|99.0064|10.3361|29.3778,0.161965|0.205217|0.169026|0.191035|0.244816|0.185633|0.24829|0.173207|0.200726|0.248024|0.205366|0.171154|0.198129,0.56362|0.974022|0.804539|0.479152|0.120042|0.8088|0.138112|0.402657|0.858389|0.527389|0.181632|0.31462|0.937095,0.965709,0.942107,0.00398666,0.0494591,0.601558,0.498619,0.0780554,0.491866,0.227373,0.94879,60.5101,3.47919e-12,34363,0.893945,38.3275,1.8046e-11,70899,0.813216,0.800213,0.0318416,0.894511,0.646291,0.467196,0.267079,0.496996,0.142828,0.968398,15.3538,7.25626e-13,62719,0.835188,71.1574,7.18405e-13,18924
1,45,n1->n11->n21->n22->n23->n13->n3->n4->n5->n6->n7->n8->n9->n10,2.31363e+13|1.83181e+09|3.273e+13|4.72597e+11|8.84744e+09|4.50381e+10|6.12136e+10|3.77253e+09|1.66294e+09|3.11313e+11|9.24787e+09|4.30375e+13|5.91555e+11|1.18221e+10,3.60243e+12|1.61585e+09|3.63129e+12|3.89256e+11|1.70948e+09|3.40678e+10|1.1263e+10|1.57109e+09|4.18929e+08|9.70219e+10|1.17307e+09|3.6866e+13|1.23797e+11|4.31884e+09,2.76437e-05|6.09494e-05|0.0007443|0.000136426|0.000848685|5.57341e-05|0.00016633|1.75363e-05|4.44502e-05|0.000874519|0.00053987|6.06714e-05|4.9143e-05|0.000324399,0.00205186|0.0070437|0.00473098|0.000622969|0.000154373|0.00134945|0.000257502|0.00506716|0.00789389|0.000577384|0.00150891|0.000455538|0.000571723|0.000327224,0.0144542|0.0289489|0.00587522|0.0222508|0.0433652|0.0135171|0.0444183|0.0377136|0.028843|0.0198763|0.0179336|0.0225523|0.00473199|0.0413395,0.0367363|0.00023094|0.00299122|0.00315586|0.0353922|0.00802942|0.0464833|0.0409904|0.0403095|0.0292376|0.0204335|0.0283967|0.00830313|0.0463752,0.95381|0.903661|0.979297|0.992031|0.978852|0.973616|0.909484|0.949976|0.916182|0.912165|0.940994|0.943873|0.968696|0.956752,3.46146|4.2752|0.978654|1.9519|6.13175|3.12017|0.674833|6.26231|6.14894|2.01744|3.97819|4.13907|2.44477|4.20312,30.2686|65.1286|34.0839|55.8812|51.9585|83.9106|10.4739|81.7362|37.2729|32.9383|55.4093|99.595|65.9961,0.161965|0.183295|0.214588|0.190738|0.247887|0.214124|0.244816|0.185633|0.24829|0.173207|0.200726|0.248024|0.245087,0.56362|0.554091|0.739323|0.246571|0.267835|0.78746|0.120042|0.8088|0.138112|0.402657|0.858389|0.527389|0.339228,0.965709,0.942107,0.00398666,0.0494591,0.601558,0.498619,0.0780554,0.491866,0.227373,0.94879,60.5101,3.47919e-12,34363,0.893945,38.3275,1.8046e-11,70899,0.813216,0.800213,0.0318416,0.894511,0.646291,0.467196,0.267079,0.496996,0.142828,0.968398,15.3538,7.25626e-13,62719,0.835188,71.1574,7.18405e-13,18924
1,46,n1->n2->n12->n22->n23->n24->n25->n15->n5->n6->n7->n8->n9->n10,2.31363e+13|1.08374e+10|6.50639e+11|4.72597e+11|8.84744e+09|1.6247e+13|3.34343e+12|3.20281e+09|1.66294e+09|3.11313e+11|9.24787e+09|4.30375e+13|5.91555e+11|1.18221e+10,3.60243e+12|2.86853e+09|6.91628e+10|3.89256e+11|1.70948e+09|1.42612e+13|1.01655e+12|2.0725e+09|4.18929e+08|9.70219e+10|1.17307e+09|3.6866e+13|1.23797e+11|4.31884e+09,2.76437e-05|2.25049e-05|0.000306846|0.000136426|0.000848685|1.7942e-05|8.18102e-05|9.19448e-05|4.44502e-05|0.000874519|0.00053987|6.06714e-05|4.9143e-05|0.000324399,0.00205186|0.000185945|0.00506163|0.000622969|0.000154373|0.00390461|0.000592493|0.0013452|0.00789389|0.000577384|0.00150891|0.000455538|0.000571723|0.000327224,0.0144542|0.0430141|0.0248209|0.0222508|0.0433652|0.0272838|0.01808|0.0491072|0.028843|0.0198763|0.0179336|0.0225523|0.00473199|0.0413395,0.0367363|0.0160199|0.0232879|0.00315586|0.0353922|0.0271748|0.0195753|0.0303606|0.0403095|0.0292376|0.0204335|0.0283967|0.00830313|0.0463752,0.95381|0.934272|0.90052|0.992031|0.978852|0.985398|0.908527|0.940373|0.916182|0.912165|0.940994|0.943873|0.968696|0.956752,3.46146|0.347274|4.94267|1.9519|6.13175|6.10602|0.486545|2.32468|6.14894|2.01744|3.97819|4.13907|2.44477|4.20312,79.8117|88.6198|13.2112|55.8812|67.5745|18.2346|54.7186|35.0583|37.2729|32.9383|55.4093|99.595|65.9961,0.20774|0.169026|0.185154|0.190738|0.176012|0.183812|0.220733|0.200044|0.24829|0.173207|0.200726|0.248024|0.245087,0.634164|0.804539|0.869928|0.246571|0.651798|0.135604|0.337128|0.592289|0.138112|0.402657|0.858389|0.527389|0.339228,0.965709,0.942107,0.00398666,0.0494591,0.601558,0.498619,0.0780554,0.491866,0.227373,0.94879,60.5101,3.47919e-12,34363,0.893945,38.3275,1.8046e-11,70899,0.813216,0.800213,0.0318416,0.894511,0.646291,0.467196,0.267079,0.496996,0.142828,0.968398,15.3538,7.25626e-13,62719,0.835188,71.1574,7.18405e-13,18924
1,47,n1->n11->n21->n22->n12->n2->n3->n4->n5->n6->n7->n8->n9->n10,2.31363e+13|1.83181e+09|3.273e+13|4.72597e+11|6.50639e+11|1.08374e+10|6.12136e+10|3.77253e+09|1.66294e+09|3.11313e+11|9.24787e+09|4.30375e+13|5.91555e+11|1.18221e+10,3.60243e+12|1.61585e+09|3.63129e+12|3.89256e+11|6.91628e+10|2.86853e+09|1.1263e+10|1.57109e+09|4.18929e+08|9.70219e+10|1.17307e+09|3.6866e+13|1.23797e+11|4.31884e+09,2.76437e-05|6.09494e-05|0.0007443|0.000136426|0.000306846|2.25049e-05|0.00016633|1.75363e-05|4.44502e-05|0.000874519|0.00053987|6.06714e-05|4.9143e-05|0.000324399,0.00205186|0.0070437|0.00473098|0.000622969|0.00506163|0.000185945|0.000257502|0.00506716|0.00789389|0.000577384|0.00150891|0.000455538|0.000571723|0.000327224,0.0144542|0.0289489|0.00587522|0.0222508|0.0248209|0.0430141|0.0444183|0.0377136|0.028843|0.0198763|0.0179336|0.0225523|0.00473199|0.0413395,0.0367363|0.00023094|0.00299122|0.00315586|0.0232879|0.0160199|0.0464833|0.0409904|0.0403095|0.0292376|0.0204335|0.0283967|0.00830313|0.0463752,0.95381|0.903661|0.979297|0.992031|0.90052|0.934272|0.909484|0.949976|0.916182|0.912165|0.940994|0.943873|0.968696|0.956752,3.46146|4.2752|0.978654|1.9519|4.94267|0.347274|0.674833|6.26231|6.14894|2.01744|3.97819|4.13907|2.44477|4.20312,30.2686|65.1286|34.0839|13.2112|88.6198|37.015|10.4739|81.7362|37.2729|32.9383|55.4093|99.595|65.9961,0.161965|0.183295|0.214588|0.185154|0.169026|0.191035|0.244816|0.185633|0.24829|0.173207|0.200726|0.248024|0.245087,0.56362|0.554091|0.739323|0.869928|0.804539|0.479152|0.120042|0.8088|0.138112|0.402657|0.858389|0.527389|0.339228,0.965709,0.942107,0.00398666,0.0494591,0.601558,0.498619,0.0780554,0.491866,0.227373,0.94879,60.5101,3.47919e-12,34363,0.893945,38.3275,1.8046e-11,70899,0.813216,0.800213,0.0318416,0.894511,0.646291,0.467196,0.267079,0.496996,0.142828,0.968398,15.3538,7.25626e-13,62719,0.835188,71.1574,7.18405e-13,18924
1,48,n1->n2->n12->n13->n23->n24->n14->n4->n5->n6->n7->n8->n9->n10,2.31363e+13|1.08374e+10|6.50639e+11|4.50381e+10|8.84744e+09|1.6247e+13|4.81326e+11|3.77253e+09|1.66294e+09|3.11313e+11|9.24787e+09|4.30375e+13|5.91555e+11|1.18221e+10,3.60243e+12|2.86853e+09|6.91628e+10|3.40678e+10|1.70948e+09|1.42612e+13|4.44483e+11|1.57109e+09|4.18929e+08|9.70219e+10|1.17307e+09|3.6866e+13|1.23797e+11|4.31884e+09,2.76437e-05|2.25049e-05|0.000306846|5.57341e-05|0.000848685|1.7942e-05|0.00084559|1.75363e-05|4.44502e-05|0.000874519|0.00053987|6.06714e-05|4.9143e-05|0.000324399,0.00205186|0.000185945|0.00506163|0.00134945|0.000154373|0.00390461|0.0051438|0.00506716|0.00789389|0.000577384|0.00150891|0.000455538|0.000571723|0.000327224,0.0144542|0.0430141|0.0248209|0.0135171|0.0433652|0.0272838|0.00938046|0.0377136|0.028843|0.0198763|0.0179336|0.0225523|0.00473199|0.0413395,0.0367363|0.0160199|0.0232879|0.00802942|0.0353922|0.0271748|0.0297136|0.0409904|0.0403095|0.0292376|0.0204335|0.0283967|0.00830313|0.0463752,0.95381|0.934272|0.90052|0.973616|0.978852|0.985398|0.983424|0.949976|0.916182|0.912165|0.940994|0.943873|0.968696|0.956752,3.46146|0.347274|4.94267|3.12017|6.13175|6.10602|2.35283|6.26231|6.14894|2.01744|3.97819|4.13907|2.44477|4.20312,79.8117|88.6198|13.9548|51.9585|67.5745|66.6304|52.1141|81.7362|37.2729|32.9383|55.4093|99.595|65.9961,0.20774|0.169026|0.237358|0.247887|0.176012|0.195265|0.216912|0.185633|0.24829|0.173207|0.200726|0.248024|0.245087,0.634164|0.804539|0.503427|0.267835|0.651798|0.280165|0.936246|0.8088|0.138112|0.402657|0.858389|0.527389|0.339228,0.965709,0.942107,0.00398666,0.0494591,0.601558,0.498619,0.0780554,0.491866,0.227373,0.94879,60.5101,3.47919e-12,34363,0.893945,38.3275,1.8046e-11,70899,0.813216,0.800213,0.0318416,0.894511,0.646291,0.467196,0.267079,0.496996,0.142828,0.968398,15.3538,7.25626e-13,62719,0.835188,71.1574,7.18405e-13,18924
1,49,n1->n11->n12->n13->n23->n24->n25->n26->n16->n6->n7->n8->n9->n10,2.31363e+13|1.83181e+09|6.50639e+11|4.50381e+10|8.84744e+09|1.6247e+13|3.34343e+12|7.93139e+12|1.22489e+11|3.11313e+11|9.24787e+09|4.30375e+13|5.91555e+11|1.18221e+10,3.60243e+12|1.61585e+09|6.91628e+10|3.40678e+10|1.70948e+09|1.42612e+13|1.01655e+12|2.21525e+12|1.60878e+10|9.70219e+10|1.17307e+09|3.6866e+13|1.23797e+11|4.31884e+09,2.76437e-05|6.09494e-05|0.000306846|5.57341e-05|0.000848685|1.7942e-05|8.18102e-05|0.000726723|0.000388598|0.000874519|0.00053987|6.06714e-05|4.9143e-05|0.000324399,0.00205186|0.0070437|0.00506163|0.00134945|0.000154373|0.00390461|0.000592493|0.00167665|0.00473624|0.000577384|0.00150891|0.000455538|0.000571723|0.000327224,0.0144542|0.0289489|0.0248209|0.0135171|0.0433652|0.0272838|0.01808|0.0017588|0.0142199|0.0198763|0.0179336|0.0225523|0.00473199|0.0413395,0.0367363|0.00023094|0.0232879|0.00802942|0.0353922|0.0271748|0.0195753|0.00787617|0.0151898|0.0292376|0.0204335|0.0283967|0.00830313|0.0463752,0.95381|0.903661|0.90052|0.973616|0.978852|0.985398|0.908527|0.919553|0.983062|0.912165|0.940994|0.943873|0.968696|0.956752,3.46146|4.2752|4.94267|3.12017|6.13175|6.10602|0.486545|6.13073|0.15061|2.01744|3.97819|4.13907|2.44477|4.20312,30.2686|24.4191|13.9548|51.9585|67.5745|18.2346|55.6995|11.0615|50.0569|32.9383|55.4093|99.595|65.9961,0.161965|0.205217|0.237358|0.247887|0.176012|0.183812|0.184652|0.224508|0.248888|0.173207|0.200726|0.248024|0.245087,0.56362|0.974022|0.503427|0.267835|0.651798|0.135604|0.129529|0.519858|0.114607|0.402657|0.858389|0.527389|0.339228,0.965709,0.942107,0.00398666,0.0494591,0.601558,0.498619,0.0780554,0.491866,0.227373,0.94879,60.5101,3.47919e-12,34363,0.893945,38.3275,1.8046e-11,70899,0.813216,0.800213,0.0318416,0.894511,0.646291,0.467196,0.267079,0.496996,0.142828,0.968398,15.3538,7.25626e-13,62719,0.835188,71.1574,7.18405e-13,18924
1,50,n1->n11->n21->n22->n12->n13->n14->n4->n5->n6->n7->n8->n9->n10,2.31363e+13|1.83181e+09|3.273e+13|4.72597e+11|6.50639e+11|4.50381e+10|4.81326e+11|3.77253e+09|1.66294e+09|3.11313e+11|9.24787e+09|4.30375e+13|5.91555e+11|1.18221e+10,3.60243e+12|1.61585e+09|3.63129e+12|3.89256e+11|6.91628e+10|3.40678e+10|4.44483e+11|1.57109e+09|4.18929e+08|9.70219e+10|1.17307e+09|3.6866e+13|1.23797e+11|4.31884e+09,2.76437e-05|6.09494e-05|0.0007443|0.000136426|0.000306846|5.57341e-05|0.00084559|1.75363e-05|4.44502e-05|0.000874519|0.00053987|6.06714e-05|4.9143e-05|0.000324399,0.00205186|0.0070437|0.00473098|0.000622969|0.00506163|0.00134945|0.0051438|0.00506716|0.00789389|0.000577384|0.00150891|0.000455538|0.000571723|0.000327224,0.0144542|0.0289489|0.00587522|0.0222508|0.0248209|0.0135171|0.00938046|0.0377136|0.028843|0.0198763|0.0179336|0.0225523|0.00473199|0.0413395,0.0367363|0.00023094|0.00299122|0.00315586|0.0232879|0.00802942|0.0297136|0.0409904|0.0403095|0.0292376|0.0204335|0.0283967|0.00830313|0.0463752,0.95381|0.903661|0.979297|0.992031|0.90052|0.973616|0.983424|0.949976|0.916182|0.912165|0.940994|0.943873|0.968696|0.956752,3.46146|4.2752|0.978654|1.9519|4.94267|3.12017|2.35283|6.26231|6.14894|2.01744|3.97819|4.13907|2.44477|4.20312,30.2686|65.1286|34.0839|13.2112|13.9548|56.34|52.1141|81.7362|37.2729|32.9383|55.4093|99.595|65.9961,0.161965|0.183295|0.214588|0.185154|0.237358|0.19509|0.216912|0.185633|0.24829|0.173207|0.200726|0.248024|0.245087,0.56362|0.554091|0.739323|0.869928|0.503427|0.577651|0.936246|0.8088|0.138112|0.402657|0.858389|0.527389|0.339228,0.965709,0.942107,0.00398666,0.0494591,0.601558,0.498619,0.0780554,0.491866,0.227373,0.94879,60.5101,3.47919e-12,34363,0.893945,38.3275,1.8046e-11,70899,0.813216,0.800213,0.0318416,0.894511,0.646291,0.467196,0.267079,0.496996,0.142828,0.968398,15.3538,7.25626e-13,62719,0.835188,71.1574,7.18405e-13,18924
1,51,n1->n2->n3->n4->n5->n15->n25->n26->n16->n6->n7->n8->n9->n10,2.31363e+13|1.08374e+10|6.12136e+10|3.77253e+09|1.66294e+09|3.20281e+09|3.34343e+12|7.93139e+12|1.22489e+11|3.11313e+11|9.24787e+09|4.30375e+13|5.91555e+11|1.18221e+10,3.60243e+12|2.86853e+09|1.1263e+10|1.57109e+09|4.18929e+08|2.0725e+09|1.01655e+12|2.21525e+12|1.60878e+10|9.70219e+10|1.17307e+09|3.6866e+13|1.23797e+11|4.31884e+09,2.76437e-05|2.25049e-05|0.00016633|1.75363e-05|4.44502e-05|9.19448e-05|8.18102e-05|0.000726723|0.000388598|0.000874519|0.00053987|6.06714e-05|4.9143e-05|0.000324399,0.00205186|0.000185945|0.000257502|0.00506716|0.00789389|0.0013452|0.000592493|0.00167665|0.00473624|0.000577384|0.00150891|0.000455538|0.000571723|0.000327224,0.0144542|0.0430141|0.0444183|0.0377136|0.028843|0.0491072|0.01808|0.0017588|0.0142199|0.0198763|0.0179336|0.0225523|0.00473199|0.0413395,0.0367363|0.0160199|0.0464833|0.0409904|0.0403095|0.0303606|0.0195753|0.00787617|0.0151898|0.0292376|0.0204335|0.0283967|0.00830313|0.0463752,0.95381|0.934272|0.909484|0.949976|0.916182|0.940373|0.908527|0.919553|0.983062|0.912165|0.940994|0.943873|0.968696|0.956752,3.46146|0.347274|0.674833|6.26231|6.14894|2.32468|0.486545|6.13073|0.15061|2.01744|3.97819|4.13907|2.44477|4.20312,79.8117|37.015|10.4739|81.7362|35.0583|54.7186|55.6995|11.0615|50.0569|32.9383|55.4093|99.595|65.9961,0.20774|0.191035|0.244816|0.185633|0.200044|0.220733|0.184652|0.224508|0.248888|0.173207|0.200726|0.248024|0.245087,0.634164|0.479152|0.120042|0.8088|0.592289|0.337128|0.129529|0.519858|0.114607|0.402657|0.858389|0.527389|0.339228,0.965709,0.942107,0.00398666,0.0494591,0.601558,0.498619,0.0780554,0.491866,0.227373,0.94879,60.5101,3.47919e-12,34363,0.893945,38.3275,1.8046e-11,70899,0.813216,0.800213,0.0318416,0.894511,0.646291,0.467196,0.267079,0.496996,0.142828,0.968398,15.3538,7.25626e-13,62719,0.835188,71.1574,7.18405e-13,18924
1,52,n1->n2->n12->n22->n23->n13->n14->n15->n16->n17->n7->n8->n9->n10,2.31363e+13|1.08374e+10|6.50639e+11|4.72597e+11|8.84744e+09|4.50381e+10|4.81326e+11|3.20281e+09|1.22489e+11|4.00209e+11|9.24787e+09|4.30375e+13|5.91555e+11|1.18221e+10,3.60243e+12|2.86853e+09|6.91628e+10|3.89256e+11|1.70948e+09|3.40678e+10|4.44483e+11|2.0725e+09|1.60878e+10|1.16403e+11|1.17307e+09|3.6866e+13|1.23797e+11|4.31884e+09,2.76437e-05|2.25049e-05|0.000306846|0.000136426|0.000848685|5.57341e-05|0.00084559|9.19448e-05|0.000388598|0.000240023|0.00053987|6.06714e-05|4.9143e-05|0.000324399,0.00205186|0.000185945|0.00506163|0.000622969|0.000154373|0.00134945|0.0051438|0.0013452|0.00473624|0.000212219|0.00150891|0.000455538|0.000571723|0.000327224,0.0144542|0.0430141|0.0248209|0.0222508|0.0433652|0.0135171|0.00938046|0.0491072|0.0142199|0.0334165|0.0179336|0.0225523|0.00473199|0.0413395,0.0367363|0.0160199|0.0232879|0.00315586|0.0353922|0.00802942|0.0297136|0.0303606|0.0151898|0.0188367|0.0204335|0.0283967|0.00830313|0.0463752,0.95381|0.934272|0.90052|0.992031|0.978852|0.973616|0.983424|0.940373|0.983062|0.958778|0.940994|0.943873|0.968696|0.956752,3.46146|0.347274|4.94267|1.9519|6.13175|3.12017|2.35283|2.32468|0.15061|0.251924|3.97819|4.13907|2.44477|4.20312,79.8117|88.6198|13.2112|55.8812|51.9585|56.34|92.5451|56.2706|32.2763|59.8148|55.4093|99.595|65.9961,0.20774|0.169026|0.185154|0.190738|0.247887|0.19509|0.187126|0.221203|0.19197|0.189151|0.200726|0.248024|0.245087,0.634164|0.804539|0.869928|0.246571|0.267835|0.577651|0.127963|0.263189|0.413975|0.531819|0.858389|0.527389|0.339228,0.965709,0.942107,0.00398666,0.0494591,0.601558,0.498619,0.0780554,0.491866,0.227373,0.94879,60.5101,3.47919e-12,34363,0.893945,38.3275,1.8046e-11,70899,0.813216,0.800213,0.0318416,0.894511,0.646291,0.467196,0.267079,0.496996,0.142828,0.968398,15.3538,7.25626e-13,62719,0.835188,71.1574,7.18405e-13,18924
1,53,n1->n11->n21->n22->n23->n24->n25->n26->n27->n28->n29->n19->n20->n10,2.31363e+13|1.83181e+09|3.273e+13|4.72597e+11|8.84744e+09|1.6247e+13|3.34343e+12|7.93139e+12|1.24028e+10|9.45412e+09|2.09259e+13|1.05918e+11|1.43015e+11|1.18221e+10,3.60243e+12|1.61585e+09|3.63129e+12|3.89256e+11|1.70948e+09|1.42612e+13|1.01655e+12|2.21525e+12|4.06702e+09|3.50099e+09|1.86006e+13|6.82244e+10|1.55339e+10|4.31884e+09,2.76437e-05|6.09494e-05|0.0007443|0.000136426|0.000848685|1.7942e-05|8.18102e-05|0.000726723|0.000745339|0.000668186|4.96365e-05|0.000888862|0.000117274|0.000324399,0.00205186|0.0070437|0.00473098|0.000622969|0.000154373|0.00390461|0.000592493|0.00167665|0.00900296|0.00118696|0.00015176|0.000145034|0.00970702|0.000327224,0.0144542|0.0289489|0.00587522|0.0222508|0.0433652|0.0272838|0.01808|0.0017588|0.011818|0.0312995|0.0112964|0.0325835|0.0479354|0.0413395,0.0367363|0.00023094|0.00299122|0.00315586|0.0353922|0.0271748|0.0195753|0.00787617|0.00245588|0.0100934|0.0218921|0.0435705|0.00201996|0.0463752,0.95381|0.903661|0.979297|0.992031|0.978852|0.985398|0.908527|0.919553|0.914592|0.976055|0.989841|0.960252|0.967051|0.956752,3.46146|4.2752|0.978654|1.9519|6.13175|6.10602|0.486545|6.13073|0.397905|3.88168|2.37699|2.69565|1.89604|4.20312,30.2686|65.1286|34.0839|55.8812|67.5745|18.2346|55.6995|42.5138|15.3326|39.0733|84.7043|10.3361|29.3778,0.161965|0.183295|0.214588|0.190738|0.176012|0.183812|0.184652|0.194076|0.168076|0.249173|0.22724|0.171154|0.198129,0.56362|0.554091|0.739323|0.246571|0.651798|0.135604|0.129529|0.446651|0.122684|0.935674|0.217677|0.31462|0.937095,0.965709,0.942107,0.00398666,0.0494591,0.601558,0.498619,0.0780554,0.491866,0.227373,0.94879,60.5101,3.47919e-12,34363,0.893945,38.3275,1.8046e-11,70899,0.813216,0.800213,0.0318416,0.894511,0.646291,0.467196,0.267079,0.496996,0.142828,0.968398,15.3538,7.25626e-13,62719,0.835188,71.1574,7.18405e-13,18924
1,54,n1->n11->n21->n22->n23->n24->n25->n15->n5->n6->n7->n8->n9->n10,2.31363e+13|1.83181e+09|3.273e+13|4.72597e+11|8.84744e+09|1.6247e+13|3.34343e+12|3.20281e+09|1.66294e+09|3.11313e+11|9.24787e+09|4.30375e+13|5.91555e+11|1.18221e+10,3.60243e+12|1.61585e+09|3.63129e+12|3.89256e+11|1.70948e+09|1.42612e+13|1.01655e+12|2.0725e+09|4.18929e+08|9.70219e+10|1.17307e+09|3.6866e+13|1.23797e+11|4.31884e+09,2.76437e-05|6.09494e-05|0.0007443|0.000136426|0.000848685|1.7942e-05|8.18102e-05|9.19448e-05|4.44502e-05|0.000874519|0.00053987|6.06714e-05|4.9143e-05|0.000324399,0.00205186|0.0070437|0.00473098|0.000622969|0.000154373|0.00390461|0.000592493|0.0013452|0.00789389|0.000577384|0.00150891|0.000455538|0.000571723|0.000327224,0.0144542|0.0289489|0.00587522|0.0222508|0.0433652|0.0272838|0.01808|0.0491072|0.028843|0.0198763|0.0179336|0.0225523|0.00473199|0.0413395,0.0367363|0.00023094|0.00299122|0.00315586|0.0353922|0.0271748|0.0195753|0.0303606|0.0403095|0.0292376|0.0204335|0.0283967|0.00830313|0.0463752,0.95381|0.903661|0.979297|0.992031|0.978852|0.985398|0.908527|0.940373|0.916182|0.912165|0.940994|0.943873|0.968696|0.956752,3.46146|4.2752|0.978654|1.9519|6.13175|6.10602|0.486545|2.32468|6.14894|2.01744|3.97819|4.13907|2.44477|4.20312,30.2686|65.1286|34.0839|55.8812|67.5745|18.2346|54.7186|35.0583|37.2729|32.9383|55.4093|99.595|65.9961,0.161965|0.183295|0.214588|0.190738|0.176012|0.183812|0.220733|0.200044|0.24829|0.173207|0.200726|0.248024|0.245087,0.56362|0.554091|0.739323|0.246571|0.651798|0.135604|0.337128|0.592289|0.138112|0.402657|0.858389|0.527389|0.339228,0.965709,0.942107,0.00398666,0.0494591,0.601558,0.498619,0.0780554,0.491866,0.227373,0.94879,60.5101,3.47919e-12,34363,0.893945,38.3275,1.8046e-11,70899,0.813216,0.800213,0.0318416,0.894511,0.646291,0.467196,0.267079,0.496996,0.142828,0.968398,15.3538,7.25626e-13,62719,0.835188,71.1574,7.18405e-13,18924
1,55,n1->n11->n21->n22->n23->n24->n25->n26->n27->n17->n18->n19->n9->n10,2.31363e+13|1.83181e+09|3.273e+13|4.72597e+11|8.84744e+09|1.6247e+13|3.34343e+12|7.93139e+12|1.24028e+10|4.00209e+11|2.03534e+11|1.05918e+11|5.91555e+11|1.18221e+10,3.60243e+12|1.61585e+09|3.63129e+12|3.89256e+11|1.70948e+09|1.42612e+13|1.01655e+12|2.21525e+12|4.06702e+09|1.16403e+11|6.77465e+10|6.82244e+10|1.23797e+11|4.31884e+09,2.76437e-05|6.09494e-05|0.0007443|0.000136426|0.000848685|1.7942e-05|8.18102e-05|0.000726723|0.000745339|0.000240023|2.6832e-05|0.000888862|4.9143e-05|0.000324399,0.00205186|0.0070437|0.00473098|0.000622969|0.000154373|0.00390461|0.000592493|0.00167665|0.00900296|0.000212219|0.000190216|0.000145034|0.000571723|0.000327224,0.0144542|0.0289489|0.00587522|0.0222508|0.0433652|0.0272838|0.01808|0.0017588|0.011818|0.0334165|0.00942372|0.0325835|0.00473199|0.0413395,0.0367363|0.00023094|0.00299122|0.00315586|0.0353922|0.0271748|0.0195753|0.00787617|0.00245588|0.0188367|0.0172071|0.0435705|0.00830313|0.0463752,0.95381|0.903661|0.979297|0.992031|0.978852|0.985398|0.908527|0.919553|0.914592|0.958778|0.909197|0.960252|0.968696|0.956752,3.46146|4.2752|0.978654|1.9519|6.13175|6.10602|0.486545|6.13073|0.397905|0.251924|5.95219|2.69565|2.44477|4.20312,30.2686|65.1286|34.0839|55.8812|67.5745|18.2346|55.6995|42.5138|72.2829|27.3162|28.0546|99.0064|65.9961,0.161965|0.183295|0.214588|0.190738|0.176012|0.183812|0.184652|0.194076|0.211476|0.192517|0.241008|0.205366|0.245087,0.56362|0.554091|0.739323|0.246571|0.651798|0.135604|0.129529|0.446651|0.292448|0.86736|0.408385|0.181632|0.339228,0.965709,0.942107,0.00398666,0.0494591,0.601558,0.498619,0.0780554,0.491866,0.227373,0.94879,60.5101,3.47919e-12,34363,0.893945,38.3275,1.8046e-11,70899,0.813216,0.800213,0.0318416,0.894511,0.646291,0.467196,0.267079,0.496996,0.142828,0.968398,15.3538,7.25626e-13,62719,0.835188,71.1574,7.18405e-13,18924
1,56,n1->n11->n21->n22->n23->n13->n14->n4->n5->n6->n7->n8->n9->n10,2.31363e+13|1.83181e+09|3.273e+13|4.72597e+11|8.84744e+09|4.50381e+10|4.81326e+11|3.77253e+09|1.66294e+09|3.11313e+11|9.24787e+09|4.30375e+13|5.91555e+11|1.18221e+10,3.60243e+12|1.61585e+09|3.63129e+12|3.89256e+11|1.70948e+09|3.40678e+10|4.44483e+11|1.57109e+09|4.18929e+08|9.70219e+10|1.17307e+09|3.6866e+13|1.23797e+11|4.31884e+09,2.76437e-05|6.09494e-05|0.0007443|0.000136426|0.000848685|5.57341e-05|0.00084559|1.75363e-05|4.44502e-05|0.000874519|0.00053987|6.06714e-05|4.9143e-05|0.000324399,0.00205186|0.0070437|0.00473098|0.000622969|0.000154373|0.00134945|0.0051438|0.00506716|0.00789389|0.000577384|0.00150891|0.000455538|0.000571723|0.000327224,0.0144542|0.0289489|0.00587522|0.0222508|0.0433652|0.0135171|0.00938046|0.0377136|0.028843|0.0198763|0.0179336|0.0225523|0.00473199|0.0413395,0.0367363|0.00023094|0.00299122|0.00315586|0.0353922|0.00802942|0.0297136|0.0409904|0.0403095|0.0292376|0.0204335|0.0283967|0.00830313|0.0463752,0.95381|0.903661|0.979297|0.992031|0.978852|0.973616|0.983424|0.949976|0.916182|0.912165|0.940994|0.943873|0.968696|0.956752,3.46146|4.2752|0.978654|1.9519|6.13175|3.12017|2.35283|6.26231|6.14894|2.01744|3.97819|4.13907|2.44477|4.20312,30.2686|65.1286|34.0839|55.8812|51.9585|56.34|52.1141|81.7362|37.2729|32.9383|55.4093|99.595|65.9961,0.161965|0.183295|0.214588|0.190738|0.247887|0.19509|0.216912|0.185633|0.24829|0.173207|0.200726|0.248024|0.245087,0.56362|0.554091|0.739323|0.246571|0.267835|0.577651|0.936246|0.8088|0.138112|0.402657|0.858389|0.527389|0.339228,0.965709,0.942107,0.00398666,0.0494591,0.601558,0.498619,0.0780554,0.491866,0.227373,0.94879,60.5101,3.47919e-12,34363,0.893945,38.3275,1.8046e-11,70899,0.813216,0.800213,0.0318416,0.894511,0.646291,0.467196,0.267079,0.496996,0.142828,0.968398,15.3538,7.25626e-13,62719,0.835188,71.1574,7.18405e-13,18924
1,57,n1->n11->n21->n22->n23->n24->n14->n15->n16->n6->n7->n8->n9->n10,2.31363e+13|1.83181e+09|3.273e+13|4.72597e+11|8.84744e+09|1.6247e+13|4.81326e+11|3.20281e+09|1.22489e+11|3.11313e+11|9.24787e+09|4.30375e+13|5.91555e+11|1.18221e+10,3.60243e+12|1.61585e+09|3.63129e+12|3.89256e+11|1.70948e+09|1.42612e+13|4.44483e+11|2.0725e+09|1.60878e+10|9.70219e+10|1.17307e+09|3.6866e+13|1.23797e+11|4.31884e+09,2.76437e-05|6.09494e-05|0.0007443|0.000136426|0.000848685|1.7942e-05|0.00084559|9.19448e-05|0.000388598|0.000874519|0.00053987|6.06714e-05|4.9143e-05|0.000324399,0.00205186|0.0070437|0.00473098|0.000622969|0.000154373|0.00390461|0.0051438|0.0013452|0.00473624|0.000577384|0.00150891|0.000455538|0.000571723|0.000327224,0.0144542|0.0289489|0.00587522|0.0222508|0.0433652|0.0272838|0.00938046|0.0491072|0.0142199|0.0198763|0.0179336|0.0225523|0.00473199|0.0413395,0.0367363|0.00023094|0.00299122|0.00315586|0.0353922|0.0271748|0.0297136|0.0303606|0.0151898|0.0292376|0.0204335|0.0283967|0.00830313|0.0463752,0.95381|0.903661|0.979297|0.992031|0.978852|0.985398|0.983424|0.940373|0.983062|0.912165|0.940994|0.943873|0.968696|0.956752,3.46146|4.2752|0.978654|1.9519|6.13175|6.10602|2.35283|2.32468|0.15061|2.01744|3.97819|4.13907|2.44477|4.20312,30.2686|65.1286|34.0839|55.8812|67.5745|66.6304|92.5451|56.2706|50.0569|32.9383|55.4093|99.595|65.9961,0.161965|0.183295|0.214588|0.190738|0.176012|0.195265|0.187126|0.221203|0.248888|0.173207|0.200726|0.248024|0.245087,0.56362|0.554091|0.739323|0.246571|0.651798|0.280165|0.127963|0.263189|0.114607|0.402657|0.858389|0.527389|0.339228,0.965709,0.942107,0.00398666,0.0494591,0.601558,0.498619,0.0780554,0.491866,0.227373,0.94879,60.5101,3.47919e-12,34363,0.893945,38.3275,1.8046e-11,70899,0.813216,0.800213,0.0318416,0.894511,0.646291,0.467196,0.267079,0.496996,0.142828,0.968398,15.3538,7.25626e-13,62719,0.835188,71.1574,7.18405e-13,18924
1,58,n1->n2->n3->n13->n23->n24->n25->n26->n16->n17->n7->n8->n9->n10,2.31363e+13|1.08374e+10|6.12136e+10|4.50381e+10|8.84744e+09|1.6247e+13|3.34343e+12|7.93139e+12|1.22489e+11|4.00209e+11|9.24787e+09|4.30375e+13|5.91555e+11|1.18221e+10,3.60243e+12|2.86853e+09|1.1263e+10|3.40678e+10|1.70948e+09|1.42612e+13|1.01655e+12|2.21525e+12|1.60878e+10|1.16403e+11|1.17307e+09|3.6866e+13|1.23797e+11|4.31884e+09,2.76437e-05|2.25049e-05|0.00016633|5.57341e-05|0.000848685|1.7942e-05|8.18102e-05|0.000726723|0.000388598|0.000240023|0.00053987|6.06714e-05|4.9143e-05|0.000324399,0.00205186|0.000185945|0.000257502|0.00134945|0.000154373|0.00390461|0.000592493|0.00167665|0.00473624|0.000212219|0.00150891|0.000455538|0.000571723|0.000327224,0.0144542|0.0430141|0.0444183|0.0135171|0.0433652|0.0272838|0.01808|0.0017588|0.0142199|0.0334165|0.0179336|0.0225523|0.00473199|0.0413395,0.0367363|0.0160199|0.0464833|0.00802942|0.0353922|0.0271748|0.0195753|0.00787617|0.0151898|0.0188367|0.0204335|0.0283967|0.00830313|0.0463752,0.95381|0.934272|0.909484|0.973616|0.978852|0.985398|0.908527|0.919553|0.983062|0.958778|0.940994|0.943873|0.968696|0.956752,3.46146|0.347274|0.674833|3.12017|6.13175|6.10602|0.486545|6.13073|0.15061|0.251924|3.97819|4.13907|2.44477|4.20312,79.8117|37.015|83.9106|51.9585|67.5745|18.2346|55.6995|11.0615|32.2763|59.8148|55.4093|99.595|65.9961,0.20774|0.191035|0.214124|0.247887|0.176012|0.183812|0.184652|0.224508|0.19197|0.189151|0.200726|0.248024|0.245087,0.634164|0.479152|0.78746|0.267835|0.651798|0.135604|0.129529|0.519858|0.413975|0.531819|0.858389|0.527389|0.339228,0.965709,0.942107,0.00398666,0.0494591,0.601558,0.498619,0.0780554,0.491866,0.227373,0.94879,60.5101,3.47919e-12,34363,0.893945,38.3275,1.8046e-11,70899,0.813216,0.800213,0.0318416,0.894511,0.646291,0.467196,0.267079,0.496996,0.142828,0.968398,15.3538,7.25626e-13,62719,0.835188,71.1574,7.18405e-13,18924
1,59,n1->n2->n3->n4->n14->n24->n25->n26->n16->n6->n7->n8->n9->n10,2.31363e+13|1.08374e+10|6.12136e+10|3.77253e+09|4.81326e+11|1.6247e+13|3.34343e+12|7.93139e+12|1.22489e+11|3.11313e+11|9.24787e+09|4.30375e+13|5.91555e+11|1.18221e+10,3.60243e+12|2.86853e+09|1.1263e+10|1.57109e+09|4.44483e+11|1.42612e+13|1.01655e+12|2.21525e+12|1.60878e+10|9.70219e+10|1.17307e+09|3.6866e+13|1.23797e+11|4.31884e+09,2.76437e-05|2.25049e-05|0.00016633|1.75363e-05|0.00084559|1.7942e-05|8.18102e-05|0.000726723|0.000388598|0.000874519|0.00053987|6.06714e-05|4.9143e-05|0.000324399,0.00205186|0.000185945|0.000257502|0.00506716|0.0051438|0.00390461|0.000592493|0.00167665|0.00473624|0.000577384|0.00150891|0.000455538|0.000571723|0.000327224,0.0144542|0.0430141|0.0444183|0.0377136|0.00938046|0.0272838|0.01808|0.0017588|0.0142199|0.0198763|0.0179336|0.0225523|0.00473199|0.0413395,0.0367363|0.0160199|0.0464833|0.0409904|0.0297136|0.0271748|0.0195753|0.00787617|0.0151898|0.0292376|0.0204335|0.0283967|0.00830313|0.0463752,0.95381|0.934272|0.909484|0.949976|0.983424|0.985398|0.908527|0.919553|0.983062|0.912165|0.940994|0.943873|0.968696|0.956752,3.46146|0.347274|0.674833|6.26231|2.35283|6.10602|0.486545|6.13073|0.15061|2.01744|3.97819|4.13907|2.44477|4.20312,79.8117|37.015|10.4739|52.1141|66.6304|18.2346|55.6995|11.0615|50.0569|32.9383|55.4093|99.595|65.9961,0.20774|0.191035|0.244816|0.216912|0.195265|0.183812|0.184652|0.224508|0.248888|0.173207|0.200726|0.248024|0.245087,0.634164|0.479152|0.120042|0.936246|0.280165|0.135604|0.129529|0.519858|0.114607|0.402657|0.858389|0.527389|0.339228,0.965709,0.942107,0.00398666,0.0494591,0.601558,0.498619,0.0780554,0.491866,0.227373,0.94879,60.5101,3.47919e-12,34363,0.893945,38.3275,1.8046e-11,70899,0.813216,0.800213,0.0318416,0.894511,0.646291,0.467196,0.267079,0.496996,0.142828,0.968398,15.3538,7.25626e-13,62719,0.835188,71.1574,7.18405e-13,18924
1,60,n1->n2->n12->n22->n23->n24->n14->n15->n5->n6->n7->n8->n9->n10,2.31363e+13|1.08374e+10|6.50639e+11|4.72597e+11|8.84744e+09|1.6247e+13|4.81326e+11|3.20281e+09|1.66294e+09|3.11313e+11|9.24787e+09|4.30375e+13|5.91555e+11|1.18221e+10,3.60243e+12|2.86853e+09|6.91628e+10|3.89256e+11|1.70948e+09|1.42612e+13|4.44483e+11|2.0725e+09|4.18929e+08|9.70219e+10|1.17307e+09|3.6866e+13|1.23797e+11|4.31884e+09,2.76437e-05|2.25049e-05|0.000306846|0.000136426|0.000848685|1.7942e-05|0.00084559|9.19448e-05|4.44502e-05|0.000874519|0.00053987|6.06714e-05|4.9143e-05|0.000324399,0.00205186|0.000185945|0.00506163|0.000622969|0.000154373|0.00390461|0.0051438|0.0013452|0.00789389|0.000577384|0.00150891|0.000455538|0.000571723|0.000327224,0.0144542|0.0430141|0.0248209|0.0222508|0.0433652|0.0272838|0.00938046|0.0491072|0.028843|0.0198763|0.0179336|0.0225523|0.00473199|0.0413395,0.0367363|0.0160199|0.0232879|0.00315586|0.0353922|0.0271748|0.0297136|0.0303606|0.0403095|0.0292376|0.0204335|0.0283967|0.00830313|0.0463752,0.95381|0.934272|0.90052|0.992031|0.978852|0.985398|0.983424|0.940373|0.916182|0.912165|0.940994|0.943873|0.968696|0.956752,3.46146|0.347274|4.94267|1.9519|6.13175|6.10602|2.35283|2.32468|6.14894|2.01744|3.97819|4.13907|2.44477|4.20312,79.8117|88.6198|13.2112|55.8812|67.5745|66.6304|92.5451|35.0583|37.2729|32.9383|55.4093|99.595|65.9961,0.20774|0.169026|0.185154|0.190738|0.176012|0.195265|0.187126|0.200044|0.24829|0.173207|0.200726|0.248024|0.245087,0.634164|0.804539|0.869928|0.246571|0.651798|0.280165|0.127963|0.592289|0.138112|0.402657|0.858389|0.527389|0.339228,0.965709,0.942107,0.00398666,0.0494591,0.601558,0.498619,0.0780554,0.491866,0.227373,0.94879,60.5101,3.47919e-12,34363,0.893945,38.3275,1.8046e-11,70899,0.813216,0.800213,0.0318416,0.894511,0.646291,0.467196,0.267079,0.496996,0.142828,0.968398,15.3538,7.25626e-13,62719,0.835188,71.1574,7.18405e-13,18924
1,61,n1->n2->n3->n13->n14->n4->n5->n6->n7->n8->n9->n19->n20->n10,2.31363e+13|1.08374e+10|6.12136e+10|4.50381e+10|4.81326e+11|3.77253e+09|1.66294e+09|3.11313e+11|9.24787e+09|4.30375e+13|5.91555e+11|1.05918e+11|1.43015e+11|1.18221e+10,3.60243e+12|2.86853e+09|1.1263e+10|3.40678e+10|4.44483e+11|1.57109e+09|4.18929e+08|9.70219e+10|1.17307e+09|3.6866e+13|1.23797e+11|6.82244e+10|1.55339e+10|4.31884e+09,2.76437e-05|2.25049e-05|0.00016633|5.57341e-05|0.00084559|1.75363e-05|4.44502e-05|0.000874519|0.00053987|6.06714e-05|4.9143e-05|0.000888862|0.000117274|0.000324399,0.00205186|0.000185945|0.000257502|0.00134945|0.0051438|0.00506716|0.00789389|0.000577384|0.00150891|0.000455538|0.000571723|0.000145034|0.00970702|0.000327224,0.0144542|0.0430141|0.0444183|0.0135171|0.00938046|0.0377136|0.028843|0.0198763|0.0179336|0.0225523|0.00473199|0.0325835|0.0479354|0.0413395,0.0367363|0.0160199|0.0464833|0.00802942|0.0297136|0.0409904|0.0403095|0.0292376|0.0204335|0.0283967|0.00830313|0.0435705|0.00201996|0.0463752,0.95381|0.934272|0.909484|0.973616|0.983424|0.949976|0.916182|0.912165|0.940994|0.943873|0.968696|0.960252|0.967051|0.956752,3.46146|0.347274|0.674833|3.12017|2.35283|6.26231|6.14894|2.01744|3.97819|4.13907|2.44477|2.69565|1.89604|4.20312,79.8117|37.015|83.9106|56.34|52.1141|81.7362|37.2729|32.9383|55.4093|99.595|99.0064|10.3361|29.3778,0.20774|0.191035|0.214124|0.19509|0.216912|0.185633|0.24829|0.173207|0.200726|0.248024|0.205366|0.171154|0.198129,0.634164|0.479152|0.78746|0.577651|0.936246|0.8088|0.138112|0.402657|0.858389|0.527389|0.181632|0.31462|0.937095,0.965709,0.942107,0.00398666,0.0494591,0.601558,0.498619,0.0780554,0.491866,0.227373,0.94879,60.5101,3.47919e-12,34363,0.893945,38.3275,1.8046e-11,70899,0.813216,0.800213,0.0318416,0.894511,0.646291,0.467196,0.267079,0.496996,0.142828,0.968398,15.3538,7.25626e-13,62719,0.835188,71.1574,7.18405e-13,18924
1,62,n1->n11->n12->n22->n23->n13->n3->n4->n5->n6->n7->n8->n9->n10,2.31363e+13|1.83181e+09|6.50639e+11|4.72597e+11|8.84744e+09|4.50381e+10|6.12136e+10|3.77253e+09|1.66294e+09|3.11313e+11|9.24787e+09|4.30375e+13|5.91555e+11|1.18221e+10,3.60243e+12|1.61585e+09|6.91628e+10|3.89256e+11|1.70948e+09|3.40678e+10|1.1263e+10|1.57109e+09|4.18929e+08|9.70219e+10|1.17307e+09|3.6866e+13|1.23797e+11|4.31884e+09,2.76437e-05|6.09494e-05|0.000306846|0.000136426|0.000848685|5.57341e-05|0.00016633|1.75363e-05|4.44502e-05|0.000874519|0.00053987|6.06714e-05|4.9143e-05|0.000324399,0.00205186|0.0070437|0.00506163|0.000622969|0.000154373|0.00134945|0.000257502|0.00506716|0.00789389|0.000577384|0.00150891|0.000455538|0.000571723|0.000327224,0.0144542|0.0289489|0.0248209|0.0222508|0.0433652|0.0135171|0.0444183|0.0377136|0.028843|0.0198763|0.0179336|0.0225523|0.00473199|0.0413395,0.0367363|0.00023094|0.0232879|0.00315586|0.0353922|0.00802942|0.0464833|0.0409904|0.0403095|0.0292376|0.0204335|0.0283967|0.00830313|0.0463752,0.95381|0.903661|0.90052|0.992031|0.978852|0.973616|0.909484|0.949976|0.916182|0.912165|0.940994|0.943873|0.968696|0.956752,3.46146|4.2752|4.94267|1.9519|6.13175|3.12017|0.674833|6.26231|6.14894|2.01744|3.97819|4.13907|2.44477|4.20312,30.2686|24.4191|13.2112|55.8812|51.9585|83.9106|10.4739|81.7362|37.2729|32.9383|55.4093|99.595|65.9961,0.161965|0.205217|0.185154|0.190738|0.247887|0.214124|0.244816|0.185633|0.24829|0.173207|0.200726|0.248024|0.245087,0.56362|0.974022|0.869928|0.246571|0.267835|0.78746|0.120042|0.8088|0.138112|0.402657|0.858389|0.527389|0.339228,0.965709,0.942107,0.00398666,0.0494591,0.601558,0.498619,0.0780554,0.491866,0.227373,0.94879,60.5101,3.47919e-12,34363,0.893945,38.3275,1.8046e-11,70899,0.813216,0.800213,0.0318416,0.894511,0.646291,0.467196,0.267079,0.496996,0.142828,0.968398,15.3538,7.25626e-13,62719,0.835188,71.1574,7.18405e-13,18924
1,63,n1->n2->n12->n22->n23->n24->n14->n15->n16->n6->n7->n8->n9->n10,2.31363e+13|1.08374e+10|6.50639e+11|4.72597e+11|8.84744e+09|1.6247e+13|4.81326e+11|3.20281e+09|1.22489e+11|3.11313e+11|9.24787e+09|4.30375e+13|5.91555e+11|1.18221e+10,3.60243e+12|2.86853e+09|6.91628e+10|3.89256e+11|1.70948e+09|1.42612e+13|4.44483e+11|2.0725e+09|1.60878e+10|9.70219e+10|1.17307e+09|3.6866e+13|1.23797e+11|4.31884e+09,2.76437e-05|2.25049e-05|0.000306846|0.000136426|0.000848685|1.7942e-05|0.00084559|9.19448e-05|0.000388598|0.000874519|0.00053987|6.06714e-05|4.9143e-05|0.000324399,0.00205186|0.000185945|0.00506163|0.000622969|0.000154373|0.00390461|0.0051438|0.0013452|0.00473624|0.000577384|0.00150891|0.000455538|0.000571723|0.000327224,0.0144542|0.0430141|0.0248209|0.0222508|0.0433652|0.0272838|0.00938046|0.0491072|0.0142199|0.0198763|0.0179336|0.0225523|0.00473199|0.0413395,0.0367363|0.0160199|0.0232879|0.00315586|0.0353922|0.0271748|0.0297136|0.0303606|0.0151898|0.0292376|0.0204335|0.0283967|0.00830313|0.0463752,0.95381|0.934272|0.90052|0.992031|0.978852|0.985398|0.983424|0.940373|0.983062|0.912165|0.940994|0.943873|0.968696|0.956752,3.46146|0.347274|4.94267|1.9519|6.13175|6.10602|2.35283|2.32468|0.15061|2.01744|3.97819|4.13907|2.44477|4.20312,79.8117|88.6198|13.2112|55.8812|67.5745|66.6304|92.5451|56.2706|50.0569|32.9383|55.4093|99.595|65.9961,0.20774|0.169026|0.185154|0.190738|0.176012|0.195265|0.187126|0.221203|0.248888|0.173207|0.200726|0.248024|0.245087,0.634164|0.804539|0.869928|0.246571|0.651798|0.280165|0.127963|0.263189|0.114607|0.402657|0.858389|0.527389|0.339228,0.965709,0.942107,0.00398666,0.0494591,0.601558,0.498619,0.0780554,0.491866,0.227373,0.94879,60.5101,3.47919e-12,34363,0.893945,38.3275,1.8046e-11,70899,0.813216,0.800213,0.0318416,0.894511,0.646291,0.467196,0.267079,0.496996,0.142828,0.968398,15.3538,7.25626e-13,62719,0.835188,71.1574,7.18405e-13,18924
1,64,n1->n11->n12->n13->n23->n24->n14->n4->n5->n6->n7->n8->n9->n10,2.31363e+13|1.83181e+09|6.50639e+11|4.50381e+10|8.84744e+09|1.6247e+13|4.81326e+11|3.77253e+09|1.66294e+09|3.11313e+11|9.24787e+09|4.30375e+13|5.91555e+11|1.18221e+10,3.60243e+12|1.61585e+09|6.91628e+10|3.40678e+10|1.70948e+09|1.42612e+13|4.44483e+11|1.57109e+09|4.18929e+08|9.70219e+10|1.17307e+09|3.6866e+13|1.23797e+11|4.31884e+09,2.76437e-05|6.09494e-05|0.000306846|5.57341e-05|0.000848685|1.7942e-05|0.00084559|1.75363e-05|4.44502e-05|0.000874519|0.00053987|6.06714e-05|4.9143e-05|0.000324399,0.00205186|0.0070437|0.00506163|0.00134945|0.000154373|0.00390461|0.0051438|0.00506716|0.00789389|0.000577384|0.00150891|0.000455538|0.000571723|0.000327224,0.0144542|0.0289489|0.0248209|0.0135171|0.0433652|0.0272838|0.00938046|0.0377136|0.028843|0.0198763|0.0179336|0.0225523|0.00473199|0.0413395,0.0367363|0.00023094|0.0232879|0.00802942|0.0353922|0.0271748|0.0297136|0.0409904|0.0403095|0.0292376|0.0204335|0.0283967|0.00830313|0.0463752,0.95381|0.903661|0.90052|0.973616|0.978852|0.985398|0.983424|0.949976|0.916182|0.912165|0.940994|0.943873|0.968696|0.956752,3.46146|4.2752|4.94267|3.12017|6.13175|6.10602|2.35283|6.26231|6.14894|2.01744|3.97819|4.13907|2.44477|4.20312,30.2686|24.4191|13.9548|51.9585|67.5745|66.6304|52.1141|81.7362|37.2729|32.9383|55.4093|99.595|65.9961,0.161965|0.205217|0.237358|0.247887|0.176012|0.195265|0.216912|0.185633|0.24829|0.173207|0.200726|0.248024|0.245087,0.56362|0.974022|0.503427|0.267835|0.651798|0.280165|0.936246|0.8088|0.138112|0.402657|0.858389|0.527389|0.339228,0.965709,0.942107,0.00398666,0.0494591,0.601558,0.498619,0.0780554,0.491866,0.227373,0.94879,60.5101,3.47919e-12,34363,0.893945,38.3275,1.8046e-11,70899,0.813216,0.800213,0.0318416,0.894511,0.646291,0.467196,0.267079,0.496996,0.142828,0.968398,15.3538,7.25626e-13,62719,0.835188,71.1574,7.18405e-13,18924
1,65,n1->n11->n12->n2->n3->n4->n14->n15->n5->n6->n7->n8->n9->n10,2.31363e+13|1.83181e+09|6.50639e+11|1.08374e+10|6.12136e+10|3.77253e+09|4.81326e+11|3.20281e+09|1.66294e+09|3.11313e+11|9.24787e+09|4.30375e+13|5.91555e+11|1.18221e+10,3.60243e+12|1.61585e+09|6.91628e+10|2.86853e+09|1.1263e+10|1.57109e+09|4.44483e+11|2.0725e+09|4.18929e+08|9.70219e+10|1.17307e+09|3.6866e+13|1.23797e+11|4.31884e+09,2.76437e-05|6.09494e-05|0.000306846|2.25049e-05|0.00016633|1.75363e-05|0.00084559|9.19448e-05|4.44502e-05|0.000874519|0.00053987|6.06714e-05|4.9143e-05|0.000324399,0.00205186|0.0070437|0.00506163|0.000185945|0.000257502|0.00506716|0.0051438|0.0013452|0.00789389|0.000577384|0.00150891|0.000455538|0.000571723|0.000327224,0.0144542|0.0289489|0.0248209|0.0430141|0.0444183|0.0377136|0.00938046|0.0491072|0.028843|0.0198763|0.0179336|0.0225523|0.00473199|0.0413395,0.0367363|0.00023094|0.0232879|0.0160199|0.0464833|0.0409904|0.0297136|0.0303606|0.0403095|0.0292376|0.0204335|0.0283967|0.00830313|0.0463752,0.95381|0.903661|0.90052|0.934272|0.909484|0.949976|0.983424|0.940373|0.916182|0.912165|0.940994|0.943873|0.968696|0.956752,3.46146|4.2752|4.94267|0.347274|0.674833|6.26231|2.35283|2.32468|6.14894|2.01744|3.97819|4.13907|2.44477|4.20312,30.2686|24.4191|88.6198|37.015|10.4739|52.1141|92.5451|35.0583|37.2729|32.9383|55.4093|99.595|65.9961,0.161965|0.205217|0.169026|0.191035|0.244816|0.216912|0.187126|0.200044|0.24829|0.173207|0.200726|0.248024|0.245087,0.56362|0.974022|0.804539|0.479152|0.120042|0.936246|0.127963|0.592289|0.138112|0.402657|0.858389|0.527389|0.339228,0.965709,0.942107,0.00398666,0.0494591,0.601558,0.498619,0.0780554,0.491866,0.227373,0.94879,60.5101,3.47919e-12,34363,0.893945,38.3275,1.8046e-11,70899,0.813216,0.800213,0.0318416,0.894511,0.646291,0.467196,0.267079,0.496996,0.142828,0.968398,15.3538,7.25626e-13,62719,0.835188,71.1574,7.18405e-13,18924
1,66,n1->n2->n3->n4->n5->n6->n7->n17->n27->n28->n29->n30->n20->n10,2.31363e+13|1.08374e+10|6.12136e+10|3.77253e+09|1.66294e+09|3.11313e+11|9.24787e+09|4.00209e+11|1.24028e+10|9.45412e+09|2.09259e+13|7.14276e+12|1.43015e+11|1.18221e+10,3.60243e+12|2.86853e+09|1.1263e+10|1.57109e+09|4.18929e+08|9.70219e+10|1.17307e+09|1.16403e+11|4.06702e+09|3.50099e+09|1.86006e+13|2.47938e+12|1.55339e+10|4.31884e+09,2.76437e-05|2.25049e-05|0.00016633|1.75363e-05|4.44502e-05|0.000874519|0.00053987|0.000240023|0.000745339|0.000668186|4.96365e-05|2.32069e-05|0.000117274|0.000324399,0.00205186|0.000185945|0.000257502|0.00506716|0.00789389|0.000577384|0.00150891|0.000212219|0.00900296|0.00118696|0.00015176|0.000437994|0.00970702|0.000327224,0.0144542|0.0430141|0.0444183|0.0377136|0.028843|0.0198763|0.0179336|0.0334165|0.011818|0.0312995|0.0112964|0.0326596|0.0479354|0.0413395,0.0367363|0.0160199|0.0464833|0.0409904|0.0403095|0.0292376|0.0204335|0.0188367|0.00245588|0.0100934|0.0218921|0.0336427|0.00201996|0.0463752,0.95381|0.934272|0.909484|0.949976|0.916182|0.912165|0.940994|0.958778|0.914592|0.976055|0.989841|0.941302|0.967051|0.956752,3.46146|0.347274|0.674833|6.26231|6.14894|2.01744|3.97819|0.251924|0.397905|3.88168|2.37699|1.43662|1.89604|4.20312,79.8117|37.015|10.4739|81.7362|37.2729|32.9383|59.8148|72.2829|15.3326|39.0733|83.4704|23.9015|29.3778,0.20774|0.191035|0.244816|0.185633|0.24829|0.173207|0.189151|0.211476|0.168076|0.249173|0.188312|0.232625|0.198129,0.634164|0.479152|0.120042|0.8088|0.138112|0.402657|0.531819|0.292448|0.122684|0.935674|0.796545|0.943217|0.937095,0.965709,0.942107,0.00398666,0.0494591,0.601558,0.498619,0.0780554,0.491866,0.227373,0.94879,60.5101,3.47919e-12,34363,0.893945,38.3275,1.8046e-11,70899,0.813216,0.800213,0.0318416,0.894511,0.646291,0.467196,0.267079,0.496996,0.142828,0.968398,15.3538,7.25626e-13,62719,0.835188,71.1574,7.18405e-13,18924
1,67,n1->n11->n12->n22->n23->n24->n25->n26->n16->n17->n18->n8->n9->n10,2.31363e+13|1.83181e+09|6.50639e+11|4.72597e+11|8.84744e+09|1.6247e+13|3.34343e+12|7.93139e+12|1.22489e+11|4.00209e+11|2.03534e+11|4.30375e+13|5.91555e+11|1.18221e+10,3.60243e+12|1.61585e+09|6.91628e+10|3.89256e+11|1.70948e+09|1.42612e+13|1.01655e+12|2.21525e+12|1.60878e+10|1.16403e+11|6.77465e+10|3.6866e+13|1.23797e+11|4.31884e+09,2.76437e-05|6.09494e-05|0.000306846|0.000136426|0.000848685|1.7942e-05|8.18102e-05|0.000726723|0.000388598|0.000240023|2.6832e-05|6.06714e-05|4.9143e-05|0.000324399,0.00205186|0.0070437|0.00506163|0.000622969|0.000154373|0.00390461|0.000592493|0.00167665|0.00473624|0.000212219|0.000190216|0.000455538|0.000571723|0.000327224,0.0144542|0.0289489|0.0248209|0.0222508|0.0433652|0.0272838|0.01808|0.0017588|0.0142199|0.0334165|0.00942372|0.0225523|0.00473199|0.0413395,0.0367363|0.00023094|0.0232879|0.00315586|0.0353922|0.0271748|0.0195753|0.00787617|0.0151898|0.0188367|0.0172071|0.0283967|0.00830313|0.0463752,0.95381|0.903661|0.90052|0.992031|0.978852|0.985398|0.908527|0.919553|0.983062|0.958778|0.909197|0.943873|0.968696|0.956752,3.46146|4.2752|4.94267|1.9519|6.13175|6.10602|0.486545|6.13073|0.15061|0.251924|5.95219|4.13907|2.44477|4.20312,30.2686|24.4191|13.2112|55.8812|67.5745|18.2346|55.6995|11.0615|32.2763|27.3162|81.3396|99.595|65.9961,0.161965|0.205217|0.185154|0.190738|0.176012|0.183812|0.184652|0.224508|0.19197|0.192517|0.171783|0.248024|0.245087,0.56362|0.974022|0.869928|0.246571|0.651798|0.135604|0.129529|0.519858|0.413975|0.86736|0.146549|0.527389|0.339228,0.965709,0.942107,0.00398666,0.0494591,0.601558,0.498619,0.0780554,0.491866,0.227373,0.94879,60.5101,3.47919e-12,34363,0.893945,38.3275,1.8046e-11,70899,0.813216,0.800213,0.0318416,0.894511,0.646291,0.467196,0.267079,0.496996,0.142828,0.968398,15.3538,7.25626e-13,62719,0.835188,71.1574,7.18405e-13,18924
1,68,n1->n2->n12->n13->n3->n4->n5->n15->n16->n6->n7->n8->n9->n10,2.31363e+13|1.08374e+10|6.50639e+11|4.50381e+10|6.12136e+10|3.77253e+09|1.66294e+09|3.20281e+09|1.22489e+11|3.11313e+11|9.24787e+09|4.30375e+13|5.91555e+11|1.18221e+10,3.60243e+12|2.86853e+09|6.91628e+10|3.40678e+10|1.1263e+10|1.57109e+09|4.18929e+08|2.0725e+09|1.60878e+10|9.70219e+10|1.17307e+09|3.6866e+13|1.23797e+11|4.31884e+09,2.76437e-05|2.25049e-05|0.000306846|5.57341e-05|0.00016633|1.75363e-05|4.44502e-05|9.19448e-05|0.000388598|0.000874519|0.00053987|6.06714e-05|4.9143e-05|0.000324399,0.00205186|0.000185945|0.00506163|0.00134945|0.000257502|0.00506716|0.00789389|0.0013452|0.00473624|0.000577384|0.00150891|0.000455538|0.000571723|0.000327224,0.0144542|0.0430141|0.0248209|0.0135171|0.0444183|0.0377136|0.028843|0.0491072|0.0142199|0.0198763|0.0179336|0.0225523|0.00473199|0.0413395,0.0367363|0.0160199|0.0232879|0.00802942|0.0464833|0.0409904|0.0403095|0.0303606|0.0151898|0.0292376|0.0204335|0.0283967|0.00830313|0.0463752,0.95381|0.934272|0.90052|0.973616|0.909484|0.949976|0.916182|0.940373|0.983062|0.912165|0.940994|0.943873|0.968696|0.956752,3.46146|0.347274|4.94267|3.12017|0.674833|6.26231|6.14894|2.32468|0.15061|2.01744|3.97819|4.13907|2.44477|4.20312,79.8117|88.6198|13.9548|83.9106|10.4739|81.7362|35.0583|56.2706|50.0569|32.9383|55.4093|99.595|65.9961,0.20774|0.169026|0.237358|0.214124|0.244816|0.185633|0.200044|0.221203|0.248888|0.173207|0.200726|0.248024|0.245087,0.634164|0.804539|0.503427|0.78746|0.120042|0.8088|0.592289|0.263189|0.114607|0.402657|0.858389|0.527389|0.339228,0.965709,0.942107,0.00398666,0.0494591,0.601558,0.498619,0.0780554,0.491866,0.227373,0.94879,60.5101,3.47919e-12,34363,0.893945,38.3275,1.8046e-11,70899,0.813216,0.800213,0.0318416,0.894511,0.646291,0.467196,0.267079,0.496996,0.142828,0.968398,15.3538,7.25626e-13,62719,0.835188,71.1574,7.18405e-13,18924
1,69,n1->n2->n3->n4->n14->n24->n25->n26->n27->n28->n18->n19->n9->n10,2.31363e+13|1.08374e+10|6.12136e+10|3.77253e+09|4.81326e+11|1.6247e+13|3.34343e+12|7.93139e+12|1.24028e+10|9.45412e+09|2.03534e+11|1.05918e+11|5.91555e+11|1.18221e+10,3.60243e+12|2.86853e+09|1.1263e+10|1.57109e+09|4.44483e+11|1.42612e+13|1.01655e+12|2.21525e+12|4.06702e+09|3.50099e+09|6.77465e+10|6.82244e+10|1.23797e+11|4.31884e+09,2.76437e-05|2.25049e-05|0.00016633|1.75363e-05|0.00084559|1.7942e-05|8.18102e-05|0.000726723|0.000745339|0.000668186|2.6832e-05|0.000888862|4.9143e-05|0.000324399,0.00205186|0.000185945|0.000257502|0.00506716|0.0051438|0.00390461|0.000592493|0.00167665|0.00900296|0.00118696|0.000190216|0.000145034|0.000571723|0.000327224,0.0144542|0.0430141|0.0444183|0.0377136|0.00938046|0.0272838|0.01808|0.0017588|0.011818|0.0312995|0.00942372|0.0325835|0.00473199|0.0413395,0.0367363|0.0160199|0.0464833|0.0409904|0.0297136|0.0271748|0.0195753|0.00787617|0.00245588|0.0100934|0.0172071|0.0435705|0.00830313|0.0463752,0.95381|0.934272|0.909484|0.949976|0.983424|0.985398|0.908527|0.919553|0.914592|0.976055|0.909197|0.960252|0.968696|0.956752,3.46146|0.347274|0.674833|6.26231|2.35283|6.10602|0.486545|6.13073|0.397905|3.88168|5.95219|2.69565|2.44477|4.20312,79.8117|37.015|10.4739|52.1141|66.6304|18.2346|55.6995|42.5138|15.3326|43.2583|28.0546|99.0064|65.9961,0.20774|0.191035|0.244816|0.216912|0.195265|0.183812|0.184652|0.194076|0.168076|0.163508|0.241008|0.205366|0.245087,0.634164|0.479152|0.120042|0.936246|0.280165|0.135604|0.129529|0.446651|0.122684|0.54514|0.408385|0.181632|0.339228,0.965709,0.942107,0.00398666,0.0494591,0.601558,0.498619,0.0780554,0.491866,0.227373,0.94879,60.5101,3.47919e-12,34363,0.893945,38.3275,1.8046e-11,70899,0.813216,0.800213,0.0318416,0.894511,0.646291,0.467196,0.267079,0.496996,0.142828,0.968398,15.3538,7.25626e-13,62719,0.835188,71.1574,7.18405e-13,18924
1,70,n1->n11->n12->n2->n3->n4->n5->n15->n16->n17->n18->n19->n20->n10,2.31363e+13|1.83181e+09|6.50639e+11|1.08374e+10|6.12136e+10|3.77253e+09|1.66294e+09|3.20281e+09|1.22489e+11|4.00209e+11|2.03534e+11|1.05918e+11|1.43015e+11|1.18221e+10,3.60243e+12|1.61585e+09|6.91628e+10|2.86853e+09|1.1263e+10|1.57109e+09|4.18929e+08|2.0725e+09|1.60878e+10|1.16403e+11|6.77465e+10|6.82244e+10|1.55339e+10|4.31884e+09,2.76437e-05|6.09494e-05|0.000306846|2.25049e-05|0.00016633|1.75363e-05|4.44502e-05|9.19448e-05|0.000388598|0.000240023|2.6832e-05|0.000888862|0.000117274|0.000324399,0.00205186|0.0070437|0.00506163|0.000185945|0.000257502|0.00506716|0.00789389|0.0013452|0.00473624|0.000212219|0.000190216|0.000145034|0.00970702|0.000327224,0.0144542|0.0289489|0.0248209|0.0430141|0.0444183|0.0377136|0.028843|0.0491072|0.0142199|0.0334165|0.00942372|0.0325835|0.0479354|0.0413395,0.0367363|0.00023094|0.0232879|0.0160199|0.0464833|0.0409904|0.0403095|0.0303606|0.0151898|0.0188367|0.0172071|0.0435705|0.00201996|0.0463752,0.95381|0.903661|0.90052|0.934272|0.909484|0.949976|0.916182|0.940373|0.983062|0.958778|0.909197|0.960252|0.967051|0.956752,3.46146|4.2752|4.94267|0.347274|0.674833|6.26231|6.14894|2.32468|0.15061|0.251924|5.95219|2.69565|1.89604|4.20312,30.2686|24.4191|88.6198|37.015|10.4739|81.7362|35.0583|56.2706|32.2763|27.3162|28.0546|10.3361|29.3778,0.161965|0.205217|0.169026|0.191035|0.244816|0.185633|0.200044|0.221203|0.19197|0.192517|0.241008|0.171154|0.198129,0.56362|0.974022|0.804539|0.479152|0.120042|0.8088|0.592289|0.263189|0.413975|0.86736|0.408385|0.31462|0.937095,0.965709,0.942107,0.00398666,0.0494591,0.601558,0.498619,0.0780554,0.491866,0.227373,0.94879,60.5101,3.47919e-12,34363,0.893945,38.3275,1.8046e-11,70899,0.813216,0.800213,0.0318416,0.894511,0.646291,0.467196,0.267079,0.496996,0.142828,0.968398,15.3538,7.25626e-13,62719,0.835188,71.1574,7.18405e-13,18924
1,71,n1->n2->n3->n13->n23->n24->n14->n15->n5->n6->n7->n8->n9->n10,2.31363e+13|1.08374e+10|6.12136e+10|4.50381e+10|8.84744e+09|1.6247e+13|4.81326e+11|3.20281e+09|1.66294e+09|3.11313e+11|9.24787e+09|4.30375e+13|5.91555e+11|1.18221e+10,3.60243e+12|2.86853e+09|1.1263e+10|3.40678e+10|1.70948e+09|1.42612e+13|4.44483e+11|2.0725e+09|4.18929e+08|9.70219e+10|1.17307e+09|3.6866e+13|1.23797e+11|4.31884e+09,2.76437e-05|2.25049e-05|0.00016633|5.57341e-05|0.000848685|1.7942e-05|0.00084559|9.19448e-05|4.44502e-05|0.000874519|0.00053987|6.06714e-05|4.9143e-05|0.000324399,0.00205186|0.000185945|0.000257502|0.00134945|0.000154373|0.00390461|0.0051438|0.0013452|0.00789389|0.000577384|0.00150891|0.000455538|0.000571723|0.000327224,0.0144542|0.0430141|0.0444183|0.0135171|0.0433652|0.0272838|0.00938046|0.0491072|0.028843|0.0198763|0.0179336|0.0225523|0.00473199|0.0413395,0.0367363|0.0160199|0.0464833|0.00802942|0.0353922|0.0271748|0.0297136|0.0303606|0.0403095|0.0292376|0.0204335|0.0283967|0.00830313|0.0463752,0.95381|0.934272|0.909484|0.973616|0.978852|0.985398|0.983424|0.940373|0.916182|0.912165|0.940994|0.943873|0.968696|0.956752,3.46146|0.347274|0.674833|3.12017|6.13175|6.10602|2.35283|2.32468|6.14894|2.01744|3.97819|4.13907|2.44477|4.20312,79.8117|37.015|83.9106|51.9585|67.5745|66.6304|92.5451|35.0583|37.2729|32.9383|55.4093|99.595|65.9961,0.20774|0.191035|0.214124|0.247887|0.176012|0.195265|0.187126|0.200044|0.24829|0.173207|0.200726|0.248024|0.245087,0.634164|0.479152|0.78746|0.267835|0.651798|0.280165|0.127963|0.592289|0.138112|0.402657|0.858389|0.527389|0.339228,0.965709,0.942107,0.00398666,0.0494591,0.601558,0.498619,0.0780554,0.491866,0.227373,0.94879,60.5101,3.47919e-12,34363,0.893945,38.3275,1.8046e-11,70899,0.813216,0.800213,0.0318416,0.894511,0.646291,0.467196,0.267079,0.496996,0.142828,0.968398,15.3538,7.25626e-13,62719,0.835188,71.1574,7.18405e-13,18924
1,72,n1->n2->n3->n4->n5->n15->n25->n26->n27->n17->n18->n19->n9->n10,2.31363e+13|1.08374e+10|6.12136e+10|3.77253e+09|1.66294e+09|3.20281e+09|3.34343e+12|7.93139e+12|1.24028e+10|4.00209e+11|2.03534e+11|1.05918e+11|5.91555e+11|1.18221e+10,3.60243e+12|2.86853e+09|1.1263e+10|1.57109e+09|4.18929e+08|2.0725e+09|1.01655e+12|2.21525e+12|4.06702e+09|1.16403e+11|6.77465e+10|6.82244e+10|1.23797e+11|4.31884e+09,2.76437e-05|2.25049e-05|0.00016633|1.75363e-05|4.44502e-05|9.19448e-05|8.18102e-05|0.000726723|0.000745339|0.000240023|2.6832e-05|0.000888862|4.9143e-05|0.000324399,0.00205186|0.000185945|0.000257502|0.00506716|0.00789389|0.0013452|0.000592493|0.00167665|0.00900296|0.000212219|0.000190216|0.000145034|0.000571723|0.000327224,0.0144542|0.0430141|0.0444183|0.0377136|0.028843|0.0491072|0.01808|0.0017588|0.011818|0.0334165|0.00942372|0.0325835|0.00473199|0.0413395,0.0367363|0.0160199|0.0464833|0.0409904|0.0403095|0.0303606|0.0195753|0.00787617|0.00245588|0.0188367|0.0172071|0.0435705|0.00830313|0.0463752,0.95381|0.934272|0.909484|0.949976|0.916182|0.940373|0.908527|0.919553|0.914592|0.958778|0.909197|0.960252|0.968696|0.956752,3.46146|0.347274|0.674833|6.26231|6.14894|2.32468|0.486545|6.13073|0.397905|0.251924|5.95219|2.69565|2.44477|4.20312,79.8117|37.015|10.4739|81.7362|35.0583|54.7186|55.6995|42.5138|72.2829|27.3162|28.0546|99.0064|65.9961,0.20774|0.191035|0.244816|0.185633|0.200044|0.220733|0.184652|0.194076|0.211476|0.192517|0.241008|0.205366|0.245087,0.634164|0.479152|0.120042|0.8088|0.592289|0.337128|0.129529|0.446651|0.292448|0.86736|0.408385|0.181632|0.339228,0.965709,0.942107,0.00398666,0.0494591,0.601558,0.498619,0.0780554,0.491866,0.227373,0.94879,60.5101,3.47919e-12,34363,0.893945,38.3275,1.8046e-11,70899,0.813216,0.800213,0.0318416,0.894511,0.646291,0.467196,0.267079,0.496996,0.142828,0.968398,15.3538,7.25626e-13,62719,0.835188,71.1574,7.18405e-13,18924
1,73,n1->n2->n3->n13->n23->n24->n25->n26->n27->n17->n18->n8->n9->n10,2.31363e+13|1.08374e+10|6.12136e+10|4.50381e+10|8.84744e+09|1.6247e+13|3.34343e+12|7.93139e+12|1.24028e+10|4.00209e+11|2.03534e+11|4.30375e+13|5.91555e+11|1.18221e+10,3.60243e+12|2.86853e+09|1.1263e+10|3.40678e+10|1.70948e+09|1.42612e+13|1.01655e+12|2.21525e+12|4.06702e+09|1.16403e+11|6.77465e+10|3.6866e+13|1.23797e+11|4.31884e+09,2.76437e-05|2.25049e-05|0.00016633|5.57341e-05|0.000848685|1.7942e-05|8.18102e-05|0.000726723|0.000745339|0.000240023|2.6832e-05|6.06714e-05|4.9143e-05|0.000324399,0.00205186|0.000185945|0.000257502|0.00134945|0.000154373|0.00390461|0.000592493|0.00167665|0.00900296|0.000212219|0.000190216|0.000455538|0.000571723|0.000327224,0.0144542|0.0430141|0.0444183|0.0135171|0.0433652|0.0272838|0.01808|0.0017588|0.011818|0.0334165|0.00942372|0.0225523|0.00473199|0.0413395,0.0367363|0.0160199|0.0464833|0.00802942|0.0353922|0.0271748|0.0195753|0.00787617|0.00245588|0.0188367|0.0172071|0.0283967|0.00830313|0.0463752,0.95381|0.934272|0.909484|0.973616|0.978852|0.985398|0.908527|0.919553|0.914592|0.958778|0.909197|0.943873|0.968696|0.956752,3.46146|0.347274|0.674833|3.12017|6.13175|6.10602|0.486545|6.13073|0.397905|0.251924|5.95219|4.13907|2.44477|4.20312,79.8117|37.015|83.9106|51.9585|67.5745|18.2346|55.6995|42.5138|72.2829|27.3162|81.3396|99.595|65.9961,0.20774|0.191035|0.214124|0.247887|0.176012|0.183812|0.184652|0.194076|0.211476|0.192517|0.171783|0.248024|0.245087,0.634164|0.479152|0.78746|0.267835|0.651798|0.135604|0.129529|0.446651|0.292448|0.86736|0.146549|0.527389|0.339228,0.965709,0.942107,0.00398666,0.0494591,0.601558,0.498619,0.0780554,0.491866,0.227373,0.94879,60.5101,3.47919e-12,34363,0.893945,38.3275,1.8046e-11,70899,0.813216,0.800213,0.0318416,0.894511,0.646291,0.467196,0.267079,0.496996,0.142828,0.968398,15.3538,7.25626e-13,62719,0.835188,71.1574,7.18405e-13,18924
1,74,n1->n11->n21->n22->n23->n13->n14->n15->n16->n17->n7->n8->n9->n10,2.31363e+13|1.83181e+09|3.273e+13|4.72597e+11|8.84744e+09|4.50381e+10|4.81326e+11|3.20281e+09|1.22489e+11|4.00209e+11|9.24787e+09|4.30375e+13|5.91555e+11|1.18221e+10,3.60243e+12|1.61585e+09|3.63129e+12|3.89256e+11|1.70948e+09|3.40678e+10|4.44483e+11|2.0725e+09|1.60878e+10|1.16403e+11|1.17307e+09|3.6866e+13|1.23797e+11|4.31884e+09,2.76437e-05|6.09494e-05|0.0007443|0.000136426|0.000848685|5.57341e-05|0.00084559|9.19448e-05|0.000388598|0.000240023|0.00053987|6.06714e-05|4.9143e-05|0.000324399,0.00205186|0.0070437|0.00473098|0.000622969|0.000154373|0.00134945|0.0051438|0.0013452|0.00473624|0.000212219|0.00150891|0.000455538|0.000571723|0.000327224,0.0144542|0.0289489|0.00587522|0.0222508|0.0433652|0.0135171|0.00938046|0.0491072|0.0142199|0.0334165|0.0179336|0.0225523|0.00473199|0.0413395,0.0367363|0.00023094|0.00299122|0.00315586|0.0353922|0.00802942|0.0297136|0.0303606|0.0151898|0.0188367|0.0204335|0.0283967|0.00830313|0.0463752,0.95381|0.903661|0.979297|0.992031|0.978852|0.973616|0.983424|0.940373|0.983062|0.958778|0.940994|0.943873|0.968696|0.956752,3.46146|4.2752|0.978654|1.9519|6.13175|3.12017|2.35283|2.32468|0.15061|0.251924|3.97819|4.13907|2.44477|4.20312,30.2686|65.1286|34.0839|55.8812|51.9585|56.34|92.5451|56.2706|32.2763|59.8148|55.4093|99.595|65.9961,0.161965|0.183295|0.214588|0.190738|0.247887|0.19509|0.187126|0.221203|0.19197|0.189151|0.200726|0.248024|0.245087,0.56362|0.554091|0.739323|0.246571|0.267835|0.577651|0.127963|0.263189|0.413975|0.531819|0.858389|0.527389|0.339228,0.965709,0.942107,0.00398666,0.0494591,0.601558,0.498619,0.0780554,0.491866,0.227373,0.94879,60.5101,3.47919e-12,34363,0.893945,38.3275,1.8046e-11,70899,0.813216,0.800213,0.0318416,0.894511,0.646291,0.467196,0.267079,0.496996,0.142828,0.968398,15.3538,7.25626e-13,62719,0.835188,71.1574,7.18405e-13,18924
1,75,n1->n2->n3->n13->n14->n15->n5->n6->n7->n17->n18->n8->n9->n10,2.31363e+13|1.08374e+10|6.12136e+10|4.50381e+10|4.81326e+11|3.20281e+09|1.66294e+09|3.11313e+11|9.24787e+09|4.00209e+11|2.03534e+11|4.30375e+13|5.91555e+11|1.18221e+10,3.60243e+12|2.86853e+09|1.1263e+10|3.40678e+10|4.44483e+11|2.0725e+09|4.18929e+08|9.70219e+10|1.17307e+09|1.16403e+11|6.77465e+10|3.6866e+13|1.23797e+11|4.31884e+09,2.76437e-05|2.25049e-05|0.00016633|5.57341e-05|0.00084559|9.19448e-05|4.44502e-05|0.000874519|0.00053987|0.000240023|2.6832e-05|6.06714e-05|4.9143e-05|0.000324399,0.00205186|0.000185945|0.000257502|0.00134945|0.0051438|0.0013452|0.00789389|0.000577384|0.00150891|0.000212219|0.000190216|0.000455538|0.000571723|0.000327224,0.0144542|0.0430141|0.0444183|0.0135171|0.00938046|0.0491072|0.028843|0.0198763|0.0179336|0.0334165|0.00942372|0.0225523|0.00473199|0.0413395,0.0367363|0.0160199|0.0464833|0.00802942|0.0297136|0.0303606|0.0403095|0.0292376|0.0204335|0.0188367|0.0172071|0.0283967|0.00830313|0.0463752,0.95381|0.934272|0.909484|0.973616|0.983424|0.940373|0.916182|0.912165|0.940994|0.958778|0.909197|0.943873|0.968696|0.956752,3.46146|0.347274|0.674833|3.12017|2.35283|2.32468|6.14894|2.01744|3.97819|0.251924|5.95219|4.13907|2.44477|4.20312,79.8117|37.015|83.9106|56.34|92.5451|35.0583|37.2729|32.9383|59.8148|27.3162|81.3396|99.595|65.9961,0.20774|0.191035|0.214124|0.19509|0.187126|0.200044|0.24829|0.173207|0.189151|0.192517|0.171783|0.248024|0.245087,0.634164|0.479152|0.78746|0.577651|0.127963|0.592289|0.138112|0.402657|0.531819|0.86736|0.146549|0.527389|0.339228,0.965709,0.942107,0.00398666,0.0494591,0.601558,0.498619,0.0780554,0.491866,0.227373,0.94879,60.5101,3.47919e-12,34363,0.893945,38.3275,1.8046e-11,70899,0.813216,0.800213,0.0318416,0.894511,0.646291,0.467196,0.267079,0.496996,0.142828,0.968398,15.3538,7.25626e-13,62719,0.835188,71.1574,7.18405e-13,18924
1,76,n1->n2->n12->n22->n23->n13->n3->n4->n5->n6->n7->n8->n9->n10,2.31363e+13|1.08374e+10|6.50639e+11|4.72597e+11|8.84744e+09|4.50381e+10|6.12136e+10|3.77253e+09|1.66294e+09|3.11313e+11|9.24787e+09|4.30375e+13|5.91555e+11|1.18221e+10,3.60243e+12|2.86853e+09|6.91628e+10|3.89256e+11|1.70948e+09|3.40678e+10|1.1263e+10|1.57109e+09|4.18929e+08|9.70219e+10|1.17307e+09|3.6866e+13|1.23797e+11|4.31884e+09,2.76437e-05|2.25049e-05|0.000306846|0.000136426|0.000848685|5.57341e-05|0.00016633|1.75363e-05|4.44502e-05|0.000874519|0.00053987|6.06714e-05|4.9143e-05|0.000324399,0.00205186|0.000185945|0.00506163|0.000622969|0.000154373|0.00134945|0.000257502|0.00506716|0.00789389|0.000577384|0.00150891|0.000455538|0.000571723|0.000327224,0.0144542|0.0430141|0.0248209|0.0222508|0.0433652|0.0135171|0.0444183|0.0377136|0.028843|0.0198763|0.0179336|0.0225523|0.00473199|0.0413395,0.0367363|0.0160199|0.0232879|0.00315586|0.0353922|0.00802942|0.0464833|0.0409904|0.0403095|0.0292376|0.0204335|0.0283967|0.00830313|0.0463752,0.95381|0.934272|0.90052|0.992031|0.978852|0.973616|0.909484|0.949976|0.916182|0.912165|0.940994|0.943873|0.968696|0.956752,3.46146|0.347274|4.94267|1.9519|6.13175|3.12017|0.674833|6.26231|6.14894|2.01744|3.97819|4.13907|2.44477|4.20312,79.8117|88.6198|13.2112|55.8812|51.9585|83.9106|10.4739|81.7362|37.2729|32.9383|55.4093|99.595|65.9961,0.20774|0.169026|0.185154|0.190738|0.247887|0.214124|0.244816|0.185633|0.24829|0.173207|0.200726|0.248024|0.245087,0.634164|0.804539|0.869928|0.246571|0.267835|0.78746|0.120042|0.8088|0.138112|0.402657|0.858389|0.527389|0.339228,0.965709,0.942107,0.00398666,0.0494591,0.601558,0.498619,0.0780554,0.491866,0.227373,0.94879,60.5101,3.47919e-12,34363,0.893945,38.3275,1.8046e-11,70899,0.813216,0.800213,0.0318416,0.894511,0.646291,0.467196,0.267079,0.496996,0.142828,0.968398,15.3538,7.25626e-13,62719,0.835188,71.1574,7.18405e-13,18924
1,77,n1->n2->n3->n13->n23->n24->n14->n4->n5->n6->n7->n8->n9->n10,2.31363e+13|1.08374e+10|6.12136e+10|4.50381e+10|8.84744e+09|1.6247e+13|4.81326e+11|3.77253e+09|1.66294e+09|3.11313e+11|9.24787e+09|4.30375e+13|5.91555e+11|1.18221e+10,3.60243e+12|2.86853e+09|1.1263e+10|3.40678e+10|1.70948e+09|1.42612e+13|4.44483e+11|1.57109e+09|4.18929e+08|9.70219e+10|1.17307e+09|3.6866e+13|1.23797e+11|4.31884e+09,2.76437e-05|2.25049e-05|0.00016633|5.57341e-05|0.000848685|1.7942e-05|0.00084559|1.75363e-05|4.44502e-05|0.000874519|0.00053987|6.06714e-05|4.9143e-05|0.000324399,0.00205186|0.000185945|0.000257502|0.00134945|0.000154373|0.00390461|0.0051438|0.00506716|0.00789389|0.000577384|0.00150891|0.000455538|0.000571723|0.000327224,0.0144542|0.0430141|0.0444183|0.0135171|0.0433652|0.0272838|0.00938046|0.0377136|0.028843|0.0198763|0.0179336|0.0225523|0.00473199|0.0413395,0.0367363|0.0160199|0.0464833|0.00802942|0.0353922|0.0271748|0.0297136|0.0409904|0.0403095|0.0292376|0.0204335|0.0283967|0.00830313|0.0463752,0.95381|0.934272|0.909484|0.973616|0.978852|0.985398|0.983424|0.949976|0.916182|0.912165|0.940994|0.943873|0.968696|0.956752,3.46146|0.347274|0.674833|3.12017|6.13175|6.10602|2.35283|6.26231|6.14894|2.01744|3.97819|4.13907|2.44477|4.20312,79.8117|37.015|83.9106|51.9585|67.5745|66.6304|52.1141|81.7362|37.2729|32.9383|55.4093|99.595|65.9961,0.20774|0.191035|0.214124|0.247887|0.176012|0.195265|0.216912|0.185633|0.24829|0.173207|0.200726|0.248024|0.245087,0.634164|0.479152|0.78746|0.267835|0.651798|0.280165|0.936246|0.8088|0.138112|0.402657|0.858389|0.527389|0.339228,0.965709,0.942107,0.00398666,0.0494591,0.601558,0.498619,0.0780554,0.491866,0.227373,0.94879,60.5101,3.47919e-12,34363,0.893945,38.3275,1.8046e-11,70899,0.813216,0.800213,0.0318416,0.894511,0.646291,0.467196,0.267079,0.496996,0.142828,0.968398,15.3538,7.25626e-13,62719,0.835188,71.1574,7.18405e-13,18924
1,78,n1->n2->n12->n13->n14->n24->n25->n26->n27->n17->n18->n19->n9->n10,2.31363e+13|1.08374e+10|6.50639e+11|4.50381e+10|4.81326e+11|1.6247e+13|3.34343e+12|7.93139e+12|1.24028e+10|4.00209e+11|2.03534e+11|1.05918e+11|5.91555e+11|1.18221e+10,3.60243e+12|2.86853e+09|6.91628e+10|3.40678e+10|4.44483e+11|1.42612e+13|1.01655e+12|2.21525e+12|4.06702e+09|1.16403e+11|6.77465e+10|6.82244e+10|1.23797e+11|4.31884e+09,2.76437e-05|2.25049e-05|0.000306846|5.57341e-05|0.00084559|1.7942e-05|8.18102e-05|0.000726723|0.000745339|0.000240023|2.6832e-05|0.000888862|4.9143e-05|0.000324399,0.00205186|0.000185945|0.00506163|0.00134945|0.0051438|0.00390461|0.000592493|0.00167665|0.00900296|0.000212219|0.000190216|0.000145034|0.000571723|0.000327224,0.0144542|0.0430141|0.0248209|0.0135171|0.00938046|0.0272838|0.01808|0.0017588|0.011818|0.0334165|0.00942372|0.0325835|0.00473199|0.0413395,0.0367363|0.0160199|0.0232879|0.00802942|0.0297136|0.0271748|0.0195753|0.00787617|0.00245588|0.0188367|0.0172071|0.0435705|0.00830313|0.0463752,0.95381|0.934272|0.90052|0.973616|0.983424|0.985398|0.908527|0.919553|0.914592|0.958778|0.909197|0.960252|0.968696|0.956752,3.46146|0.347274|4.94267|3.12017|2.35283|6.10602|0.486545|6.13073|0.397905|0.251924|5.95219|2.69565|2.44477|4.20312,79.8117|88.6198|13.9548|56.34|66.6304|18.2346|55.6995|42.5138|72.2829|27.3162|28.0546|99.0064|65.9961,0.20774|0.169026|0.237358|0.19509|0.195265|0.183812|0.184652|0.194076|0.211476|0.192517|0.241008|0.205366|0.245087,0.634164|0.804539|0.503427|0.577651|0.280165|0.135604|0.129529|0.446651|0.292448|0.86736|0.408385|0.181632|0.339228,0.965709,0.942107,0.00398666,0.0494591,0.601558,0.498619,0.0780554,0.491866,0.227373,0.94879,60.5101,3.47919e-12,34363,0.893945,38.3275,1.8046e-11,70899,0.813216,0.800213,0.0318416,0.894511,0.646291,0.467196,0.267079,0.496996,0.142828,0.968398,15.3538,7.25626e-13,62719,0.835188,71.1574,7.18405e-13,18924
1,79,n1->n2->n12->n22->n23->n13->n14->n15->n16->n6->n7->n8->n9->n10,2.31363e+13|1.08374e+10|6.50639e+11|4.72597e+11|8.84744e+09|4.50381e+10|4.81326e+11|3.20281e+09|1.22489e+11|3.11313e+11|9.24787e+09|4.30375e+13|5.91555e+11|1.18221e+10,3.60243e+12|2.86853e+09|6.91628e+10|3.89256e+11|1.70948e+09|3.40678e+10|4.44483e+11|2.0725e+09|1.60878e+10|9.70219e+10|1.17307e+09|3.6866e+13|1.23797e+11|4.31884e+09,2.76437e-05|2.25049e-05|0.000306846|0.000136426|0.000848685|5.57341e-05|0.00084559|9.19448e-05|0.000388598|0.000874519|0.00053987|6.06714e-05|4.9143e-05|0.000324399,0.00205186|0.000185945|0.00506163|0.000622969|0.000154373|0.00134945|0.0051438|0.0013452|0.00473624|0.000577384|0.00150891|0.000455538|0.000571723|0.000327224,0.0144542|0.0430141|0.0248209|0.0222508|0.0433652|0.0135171|0.00938046|0.0491072|0.0142199|0.0198763|0.0179336|0.0225523|0.00473199|0.0413395,0.0367363|0.0160199|0.0232879|0.00315586|0.0353922|0.00802942|0.0297136|0.0303606|0.0151898|0.0292376|0.0204335|0.0283967|0.00830313|0.0463752,0.95381|0.934272|0.90052|0.992031|0.978852|0.973616|0.983424|0.940373|0.983062|0.912165|0.940994|0.943873|0.968696|0.956752,3.46146|0.347274|4.94267|1.9519|6.13175|3.12017|2.35283|2.32468|0.15061|2.01744|3.97819|4.13907|2.44477|4.20312,79.8117|88.6198|13.2112|55.8812|51.9585|56.34|92.5451|56.2706|50.0569|32.9383|55.4093|99.595|65.9961,0.20774|0.169026|0.185154|0.190738|0.247887|0.19509|0.187126|0.221203|0.248888|0.173207|0.200726|0.248024|0.245087,0.634164|0.804539|0.869928|0.246571|0.267835|0.577651|0.127963|0.263189|0.114607|0.402657|0.858389|0.527389|0.339228,0.965709,0.942107,0.00398666,0.0494591,0.601558,0.498619,0.0780554,0.491866,0.227373,0.94879,60.5101,3.47919e-12,34363,0.893945,38.3275,1.8046e-11,70899,0.813216,0.800213,0.0318416,0.894511,0.646291,0.467196,0.267079,0.496996,0.142828,0.968398,15.3538,7.25626e-13,62719,0.835188,71.1574,7.18405e-13,18924
1,80,n1->n11->n21->n22->n12->n13->n14->n15->n16->n17->n18->n19->n20->n10,2.31363e+13|1.83181e+09|3.273e+13|4.72597e+11|6.50639e+11|4.50381e+10|4.81326e+11|3.20281e+09|1.22489e+11|4.00209e+11|2.03534e+11|1.05918e+11|1.43015e+11|1.18221e+10,3.60243e+12|1.61585e+09|3.63129e+12|3.89256e+11|6.91628e+10|3.40678e+10|4.44483e+11|2.0725e+09|1.60878e+10|1.16403e+11|6.77465e+10|6.82244e+10|1.55339e+10|4.31884e+09,2.76437e-05|6.09494e-05|0.0007443|0.000136426|0.000306846|5.57341e-05|0.00084559|9.19448e-05|0.000388598|0.000240023|2.6832e-05|0.000888862|0.000117274|0.000324399,0.00205186|0.0070437|0.00473098|0.000622969|0.00506163|0.00134945|0.0051438|0.0013452|0.00473624|0.000212219|0.000190216|0.000145034|0.00970702|0.000327224,0.0144542|0.0289489|0.00587522|0.0222508|0.0248209|0.0135171|0.00938046|0.0491072|0.0142199|0.0334165|0.00942372|0.0325835|0.0479354|0.0413395,0.0367363|0.00023094|0.00299122|0.00315586|0.0232879|0.00802942|0.0297136|0.0303606|0.0151898|0.0188367|0.0172071|0.0435705|0.00201996|0.0463752,0.95381|0.903661|0.979297|0.992031|0.90052|0.973616|0.983424|0.940373|0.983062|0.958778|0.909197|0.960252|0.967051|0.956752,3.46146|4.2752|0.978654|1.9519|4.94267|3.12017|2.35283|2.32468|0.15061|0.251924|5.95219|2.69565|1.89604|4.20312,30.2686|65.1286|34.0839|13.2112|13.9548|56.34|92.5451|56.2706|32.2763|27.3162|28.0546|10.3361|29.3778,0.161965|0.183295|0.214588|0.185154|0.237358|0.19509|0.187126|0.221203|0.19197|0.192517|0.241008|0.171154|0.198129,0.56362|0.554091|0.739323|0.869928|0.503427|0.577651|0.127963|0.263189|0.413975|0.86736|0.408385|0.31462|0.937095,0.965709,0.942107,0.00398666,0.0494591,0.601558,0.498619,0.0780554,0.491866,0.227373,0.94879,60.5101,3.47919e-12,34363,0.893945,38.3275,1.8046e-11,70899,0.813216,0.800213,0.0318416,0.894511,0.646291,0.467196,0.267079,0.496996,0.142828,0.968398,15.3538,7.25626e-13,62719,0.835188,71.1574,7.18405e-13,18924
1,81,n1->n2->n3->n4->n14->n13->n23->n24->n25->n15->n5->n6->n7->n8->n9->n10,2.31363e+13|1.08374e+10|6.12136e+10|3.77253e+09|4.81326e+11|4.50381e+10|8.84744e+09|1.6247e+13|3.34343e+12|3.20281e+09|1.66294e+09|3.11313e+11|9.24787e+09|4.30375e+13|5.91555e+11|1.18221e+10,3.60243e+12|2.86853e+09|1.1263e+10|1.57109e+09|4.44483e+11|3.40678e+10|1.70948e+09|1.42612e+13|1.01655e+12|2.0725e+09|4.18929e+08|9.70219e+10|1.17307e+09|3.6866e+13|1.23797e+11|4.31884e+09,2.76437e-05|2.25049e-05|0.00016633|1.75363e-05|0.00084559|5.57341e-05|0.000848685|1.7942e-05|8.18102e-05|9.19448e-05|4.44502e-05|0.000874519|0.00053987|6.06714e-05|4.9143e-05|0.000324399,0.00205186|0.000185945|0.000257502|0.00506716|0.0051438|0.00134945|0.000154373|0.00390461|0.000592493|0.0013452|0.00789389|0.000577384|0.00150891|0.000455538|0.000571723|0.000327224,0.0144542|0.0430141|0.0444183|0.0377136|0.00938046|0.0135171|0.0433652|0.0272838|0.01808|0.0491072|0.028843|0.0198763|0.0179336|0.0225523|0.00473199|0.0413395,0.0367363|0.0160199|0.0464833|0.0409904|0.0297136|0.00802942|0.0353922|0.0271748|0.0195753|0.0303606|0.0403095|0.0292376|0.0204335|0.0283967|0.00830313|0.0463752,0.95381|0.934272|0.909484|0.949976|0.983424|0.973616|0.978852|0.985398|0.908527|0.940373|0.916182|0.912165|0.940994|0.943873|0.968696|0.956752,3.46146|0.347274|0.674833|6.26231|2.35283|3.12017|6.13175|6.10602|0.486545|2.32468|6.14894|2.01744|3.97819|4.13907|2.44477|4.20312,79.8117|37.015|10.4739|52.1141|56.34|51.9585|67.5745|18.2346|54.7186|35.0583|37.2729|32.9383|55.4093|99.595|65.9961,0.20774|0.191035|0.244816|0.216912|0.19509|0.247887|0.176012|0.183812|0.220733|0.200044|0.24829|0.173207|0.200726|0.248024|0.245087,0.634164|0.479152|0.120042|0.936246|0.577651|0.267835|0.651798|0.135604|0.337128|0.592289|0.138112|0.402657|0.858389|0.527389|0.339228,0.965709,0.942107,0.00398666,0.0494591,0.601558,0.498619,0.0780554,0.491866,0.227373,0.94879,60.5101,3.47919e-12,34363,0.893945,38.3275,1.8046e-11,70899,0.813216,0.800213,0.0318416,0.894511,0.646291,0.467196,0.267079,0.496996,0.142828,0.968398,15.3538,7.25626e-13,62719,0.835188,71.1574,7.18405e-13,18924
1,82,n1->n2->n12->n22->n32->n33->n34->n24->n25->n15->n5->n6->n7->n8->n9->n10,2.31363e+13|1.08374e+10|6.50639e+11|4.72597e+11|1.52524e+11|1.54186e+12|1.74148e+12|1.6247e+13|3.34343e+12|3.20281e+09|1.66294e+09|3.11313e+11|9.24787e+09|4.30375e+13|5.91555e+11|1.18221e+10,3.60243e+12|2.86853e+09|6.91628e+10|3.89256e+11|1.50714e+11|1.73332e+11|1.0536e+12|1.42612e+13|1.01655e+12|2.0725e+09|4.18929e+08|9.70219e+10|1.17307e+09|3.6866e+13|1.23797e+11|4.31884e+09,2.76437e-05|2.25049e-05|0.000306846|0.000136426|9.38774e-05|0.000917855|7.18356e-05|1.7942e-05|8.18102e-05|9.19448e-05|4.44502e-05|0.000874519|0.00053987|6.06714e-05|4.9143e-05|0.000324399,0.00205186|0.000185945|0.00506163|0.000622969|0.000903427|0.000866982|0.00188744|0.00390461|0.000592493|0.0013452|0.00789389|0.000577384|0.00150891|0.000455538|0.000571723|0.000327224,0.0144542|0.0430141|0.0248209|0.0222508|0.0210883|0.0448378|0.0428115|0.0272838|0.01808|0.0491072|0.028843|0.0198763|0.0179336|0.0225523|0.00473199|0.0413395,0.0367363|0.0160199|0.0232879|0.00315586|0.00334129|0.0237781|0.0315533|0.0271748|0.0195753|0.0303606|0.0403095|0.0292376|0.0204335|0.0283967|0.00830313|0.0463752,0.95381|0.934272|0.90052|0.992031|0.956331|0.905731|0.933029|0.985398|0.908527|0.940373|0.916182|0.912165|0.940994|0.943873|0.968696|0.956752,3.46146|0.347274|4.94267|1.9519|1.43236|5.16612|4.1628|6.10602|0.486545|2.32468|6.14894|2.01744|3.97819|4.13907|2.44477|4.20312,79.8117|88.6198|13.2112|86.2435|67.4197|23.5709|58.7029|18.2346|54.7186|35.0583|37.2729|32.9383|55.4093|99.595|65.9961,0.20774|0.169026|0.185154|0.206725|0.168491|0.219061|0.169742|0.183812|0.220733|0.200044|0.24829|0.173207|0.200726|0.248024|0.245087,0.634164|0.804539|0.869928|0.579925|0.994842|0.130761|0.316224|0.135604|0.337128|0.592289|0.138112|0.402657|0.858389|0.527389|0.339228,0.965709,0.942107,0.00398666,0.0494591,0.601558,0.498619,0.0780554,0.491866,0.227373,0.94879,60.5101,3.47919e-12,34363,0.893945,38.3275,1.8046e-11,70899,0.813216,0.800213,0.0318416,0.894511,0.646291,0.467196,0.267079,0.496996,0.142828,0.968398,15.3538,7.25626e-13,62719,0.835188,71.1574,7.18405e-13,18924
1,83,n1->n11->n21->n22->n32->n33->n23->n24->n25->n26->n27->n28->n18->n19->n9->n10,2.31363e+13|1.83181e+09|3.273e+13|4.72597e+11|1.52524e+11|1.54186e+12|8.84744e+09|1.6247e+13|3.34343e+12|7.93139e+12|1.24028e+10|9.45412e+09|2.03534e+11|1.05918e+11|5.91555e+11|1.18221e+10,3.60243e+12|1.61585e+09|3.63129e+12|3.89256e+11|1.50714e+11|1.73332e+11|1.70948e+09|1.42612e+13|1.01655e+12|2.21525e+12|4.06702e+09|3.50099e+09|6.77465e+10|6.82244e+10|1.23797e+11|4.31884e+09,2.76437e-05|6.09494e-05|0.0007443|0.000136426|9.38774e-05|0.000917855|0.000848685|1.7942e-05|8.18102e-05|0.000726723|0.000745339|0.000668186|2.6832e-05|0.000888862|4.9143e-05|0.000324399,0.00205186|0.0070437|0.00473098|0.000622969|0.000903427|0.000866982|0.000154373|0.00390461|0.000592493|0.00167665|0.00900296|0.00118696|0.000190216|0.000145034|0.000571723|0.000327224,0.0144542|0.0289489|0.00587522|0.0222508|0.0210883|0.0448378|0.0433652|0.0272838|0.01808|0.0017588|0.011818|0.0312995|0.00942372|0.0325835|0.00473199|0.0413395,0.0367363|0.00023094|0.00299122|0.00315586|0.00334129|0.0237781|0.0353922|0.0271748|0.0195753|0.00787617|0.00245588|0.0100934|0.0172071|0.0435705|0.00830313|0.0463752,0.95381|0.903661|0.979297|0.992031|0.956331|0.905731|0.978852|0.985398|0.908527|0.919553|0.914592|0.976055|0.909197|0.960252|0.968696|0.956752,3.46146|4.2752|0.978654|1.9519|1.43236|5.16612|6.13175|6.10602|0.486545|6.13073|0.397905|3.88168|5.95219|2.69565|2.44477|4.20312,30.2686|65.1286|34.0839|86.2435|67.4197|76.7594|67.5745|18.2346|55.6995|42.5138|15.3326|43.2583|28.0546|99.0064|65.9961,0.161965|0.183295|0.214588|0.206725|0.168491|0.161271|0.176012|0.183812|0.184652|0.194076|0.168076|0.163508|0.241008|0.205366|0.245087,0.56362|0.554091|0.739323|0.579925|0.994842|0.934902|0.651798|0.135604|0.129529|0.446651|0.122684|0.54514|0.408385|0.181632|0.339228,0.965709,0.942107,0.00398666,0.0494591,0.601558,0.498619,0.0780554,0.491866,0.227373,0.94879,60.5101,3.47919e-12,34363,0.893945,38.3275,1.8046e-11,70899,0.813216,0.800213,0.0318416,0.894511,0.646291,0.467196,0.267079,0.496996,0.142828,0.968398,15.3538,7.25626e-13,62719,0.835188,71.1574,7.18405e-13,18924
1,84,n1->n2->n12->n13->n3->n4->n5->n6->n16->n26->n27->n28->n18->n19->n20->n10,2.31363e+13|1.08374e+10|6.50639e+11|4.50381e+10|6.12136e+10|3.77253e+09|1.66294e+09|3.11313e+11|1.22489e+11|7.93139e+12|1.24028e+10|9.45412e+09|2.03534e+11|1.05918e+11|1.43015e+11|1.18221e+10,3.60243e+12|2.86853e+09|6.91628e+10|3.40678e+10|1.1263e+10|1.57109e+09|4.18929e+08|9.70219e+10|1.60878e+10|2.21525e+12|4.06702e+09|3.50099e+09|6.77465e+10|6.82244e+10|1.55339e+10|4.31884e+09,2.76437e-05|2.25049e-05|0.000306846|5.57341e-05|0.00016633|1.75363e-05|4.44502e-05|0.000874519|0.000388598|0.000726723|0.000745339|0.000668186|2.6832e-05|0.000888862|0.000117274|0.000324399,0.00205186|0.000185945|0.00506163|0.00134945|0.000257502|0.00506716|0.00789389|0.000577384|0.00473624|0.00167665|0.00900296|0.00118696|0.000190216|0.000145034|0.00970702|0.000327224,0.0144542|0.0430141|0.0248209|0.0135171|0.0444183|0.0377136|0.028843|0.0198763|0.0142199|0.0017588|0.011818|0.0312995|0.00942372|0.0325835|0.0479354|0.0413395,0.0367363|0.0160199|0.0232879|0.00802942|0.0464833|0.0409904|0.0403095|0.0292376|0.0151898|0.00787617|0.00245588|0.0100934|0.0172071|0.0435705|0.00201996|0.0463752,0.95381|0.934272|0.90052|0.973616|0.909484|0.949976|0.916182|0.912165|0.983062|0.919553|0.914592|0.976055|0.909197|0.960252|0.967051|0.956752,3.46146|0.347274|4.94267|3.12017|0.674833|6.26231|6.14894|2.01744|0.15061|6.13073|0.397905|3.88168|5.95219|2.69565|1.89604|4.20312,79.8117|88.6198|13.9548|83.9106|10.4739|81.7362|37.2729|50.0569|11.0615|42.5138|15.3326|43.2583|28.0546|10.3361|29.3778,0.20774|0.169026|0.237358|0.214124|0.244816|0.185633|0.24829|0.248888|0.224508|0.194076|0.168076|0.163508|0.241008|0.171154|0.198129,0.634164|0.804539|0.503427|0.78746|0.120042|0.8088|0.138112|0.114607|0.519858|0.446651|0.122684|0.54514|0.408385|0.31462|0.937095,0.965709,0.942107,0.00398666,0.0494591,0.601558,0.498619,0.0780554,0.491866,0.227373,0.94879,60.5101,3.47919e-12,34363,0.893945,38.3275,1.8046e-11,70899,0.813216,0.800213,0.0318416,0.894511,0.646291,0.467196,0.267079,0.496996,0.142828,0.968398,15.3538,7.25626e-13,62719,0.835188,71.1574,7.18405e-13,18924
1,85,n1->n2->n12->n11->n21->n22->n23->n24->n25->n26->n16->n6->n7->n8->n9->n10,2.31363e+13|1.08374e+10|6.50639e+11|1.83181e+09|3.273e+13|4.72597e+11|8.84744e+09|1.6247e+13|3.34343e+12|7.93139e+12|1.22489e+11|3.11313e+11|9.24787e+09|4.30375e+13|5.91555e+11|1.18221e+10,3.60243e+12|2.86853e+09|6.91628e+10|1.61585e+09|3.63129e+12|3.89256e+11|1.70948e+09|1.42612e+13|1.01655e+12|2.21525e+12|1.60878e+10|9.70219e+10|1.17307e+09|3.6866e+13|1.23797e+11|4.31884e+09,2.76437e-05|2.25049e-05|0.000306846|6.09494e-05|0.0007443|0.000136426|0.000848685|1.7942e-05|8.18102e-05|0.000726723|0.000388598|0.000874519|0.00053987|6.06714e-05|4.9143e-05|0.000324399,0.00205186|0.000185945|0.00506163|0.0070437|0.00473098|0.000622969|0.000154373|0.00390461|0.000592493|0.00167665|0.00473624|0.000577384|0.00150891|0.000455538|0.000571723|0.000327224,0.0144542|0.0430141|0.0248209|0.0289489|0.00587522|0.0222508|0.0433652|0.0272838|0.01808|0.0017588|0.0142199|0.0198763|0.0179336|0.0225523|0.00473199|0.0413395,0.0367363|0.0160199|0.0232879|0.00023094|0.00299122|0.00315586|0.0353922|0.0271748|0.0195753|0.00787617|0.0151898|0.0292376|0.0204335|0.0283967|0.00830313|0.0463752,0.95381|0.934272|0.90052|0.903661|0.979297|0.992031|0.978852|0.985398|0.908527|0.919553|0.983062|0.912165|0.940994|0.943873|0.968696|0.956752,3.46146|0.347274|4.94267|4.2752|0.978654|1.9519|6.13175|6.10602|0.486545|6.13073|0.15061|2.01744|3.97819|4.13907|2.44477|4.20312,79.8117|88.6198|24.4191|65.1286|34.0839|55.8812|67.5745|18.2346|55.6995|11.0615|50.0569|32.9383|55.4093|99.595|65.9961,0.20774|0.169026|0.205217|0.183295|0.214588|0.190738|0.176012|0.183812|0.184652|0.224508|0.248888|0.173207|0.200726|0.248024|0.245087,0.634164|0.804539|0.974022|0.554091|0.739323|0.246571|0.651798|0.135604|0.129529|0.519858|0.114607|0.402657|0.858389|0.527389|0.339228,0.965709,0.942107,0.00398666,0.0494591,0.601558,0.498619,0.0780554,0.491866,0.227373,0.94879,60.5101,3.47919e-12,34363,0.893945,38.3275,1.8046e-11,70899,0.813216,0.800213,0.0318416,0.894511,0.646291,0.467196,0.267079,0.496996,0.142828,0.968398,15.3538,7.25626e-13,62719,0.835188,71.1574,7.18405e-13,18924
1,86,n1->n2->n3->n13->n12->n22->n23->n24->n14->n4->n5->n6->n7->n8->n9->n10,2.31363e+13|1.08374e+10|6.12136e+10|4.50381e+10|6.50639e+11|4.72597e+11|8.84744e+09|1.6247e+13|4.81326e+11|3.77253e+09|1.66294e+09|3.11313e+11|9.24787e+09|4.30375e+13|5.91555e+11|1.18221e+10,3.60243e+12|2.86853e+09|1.1263e+10|3.40678e+10|6.91628e+10|3.89256e+11|1.70948e+09|1.42612e+13|4.44483e+11|1.57109e+09|4.18929e+08|9.70219e+10|1.17307e+09|3.6866e+13|1.23797e+11|4.31884e+09,2.76437e-05|2.25049e-05|0.00016633|5.57341e-05|0.000306846|0.000136426|0.000848685|1.7942e-05|0.00084559|1.75363e-05|4.44502e-05|0.000874519|0.00053987|6.06714e-05|4.9143e-05|0.000324399,0.00205186|0.000185945|0.000257502|0.00134945|0.00506163|0.000622969|0.000154373|0.00390461|0.0051438|0.00506716|0.00789389|0.000577384|0.00150891|0.000455538|0.000571723|0.000327224,0.0144542|0.0430141|0.0444183|0.0135171|0.0248209|0.0222508|0.0433652|0.0272838|0.00938046|0.0377136|0.028843|0.0198763|0.0179336|0.0225523|0.00473199|0.0413395,0.0367363|0.0160199|0.0464833|0.00802942|0.0232879|0.00315586|0.0353922|0.0271748|0.0297136|0.0409904|0.0403095|0.0292376|0.0204335|0.0283967|0.00830313|0.0463752,0.95381|0.934272|0.909484|0.973616|0.90052|0.992031|0.978852|0.985398|0.983424|0.949976|0.916182|0.912165|0.940994|0.943873|0.968696|0.956752,3.46146|0.347274|0.674833|3.12017|4.94267|1.9519|6.13175|6.10602|2.35283|6.26231|6.14894|2.01744|3.97819|4.13907|2.44477|4.20312,79.8117|37.015|83.9106|13.9548|13.2112|55.8812|67.5745|66.6304|52.1141|81.7362|37.2729|32.9383|55.4093|99.595|65.9961,0.20774|0.191035|0.214124|0.237358|0.185154|0.190738|0.176012|0.195265|0.216912|0.185633|0.24829|0.173207|0.200726|0.248024|0.245087,0.634164|0.479152|0.78746|0.503427|0.869928|0.246571|0.651798|0.280165|0.936246|0.8088|0.138112|0.402657|0.858389|0.527389|0.339228,0.965709,0.942107,0.00398666,0.0494591,0.601558,0.498619,0.0780554,0.491866,0.227373,0.94879,60.5101,3.47919e-12,34363,0.893945,38.3275,1.8046e-11,70899,0.813216,0.800213,0.0318416,0.894511,0.646291,0.467196,0.267079,0.496996,0.142828,0.968398,15.3538,7.25626e-13,62719,0.835188,71.1574,7.18405e-13,18924
1,87,n1->n11->n12->n22->n32->n33->n34->n24->n14->n4->n5->n6->n7->n8->n9->n10,2.31363e+13|1.83181e+09|6.50639e+11|4.72597e+11|1.52524e+11|1.54186e+12|1.74148e+12|1.6247e+13|4.81326e+11|3.77253e+09|1.66294e+09|3.11313e+11|9.24787e+09|4.30375e+13|5.91555e+11|1.18221e+10,3.60243e+12|1.61585e+09|6.91628e+10|3.89256e+11|1.50714e+11|1.73332e+11|1.0536e+12|1.42612e+13|4.44483e+11|1.57109e+09|4.18929e+08|9.70219e+10|1.17307e+09|3.6866e+13|1.23797e+11|4.31884e+09,2.76437e-05|6.09494e-05|0.000306846|0.000136426|9.38774e-05|0.000917855|7.18356e-05|1.7942e-05|0.00084559|1.75363e-05|4.44502e-05|0.000874519|0.00053987|6.06714e-05|4.9143e-05|0.000324399,0.00205186|0.0070437|0.00506163|0.000622969|0.000903427|0.000866982|0.00188744|0.00390461|0.0051438|0.00506716|0.00789389|0.000577384|0.00150891|0.000455538|0.000571723|0.000327224,0.0144542|0.0289489|0.0248209|0.0222508|0.0210883|0.0448378|0.0428115|0.0272838|0.00938046|0.0377136|0.028843|0.0198763|0.0179336|0.0225523|0.00473199|0.0413395,0.0367363|0.00023094|0.0232879|0.00315586|0.00334129|0.0237781|0.0315533|0.0271748|0.0297136|0.0409904|0.0403095|0.0292376|0.0204335|0.0283967|0.00830313|0.0463752,0.95381|0.903661|0.90052|0.992031|0.956331|0.905731|0.933029|0.985398|0.983424|0.949976|0.916182|0.912165|0.940994|0.943873|0.968696|0.956752,3.46146|4.2752|4.94267|1.9519|1.43236|5.16612|4.1628|6.10602|2.35283|6.26231|6.14894|2.01744|3.97819|4.13907|2.44477|4.20312,30.2686|24.4191|13.2112|86.2435|67.4197|23.5709|58.7029|66.6304|52.1141|81.7362|37.2729|32.9383|55.4093|99.595|65.9961,0.161965|0.205217|0.185154|0.206725|0.168491|0.219061|0.169742|0.195265|0.216912|0.185633|0.24829|0.173207|0.200726|0.248024|0.245087,0.56362|0.974022|0.869928|0.579925|0.994842|0.130761|0.316224|0.280165|0.936246|0.8088|0.138112|0.402657|0.858389|0.527389|0.339228,0.965709,0.942107,0.00398666,0.0494591,0.601558,0.498619,0.0780554,0.491866,0.227373,0.94879,60.5101,3.47919e-12,34363,0.893945,38.3275,1.8046e-11,70899,0.813216,0.800213,0.0318416,0.894511,0.646291,0.467196,0.267079,0.496996,0.142828,0.968398,15.3538,7.25626e-13,62719,0.835188,71.1574,7.18405e-13,18924
1,88,n1->n2->n12->n13->n23->n33->n34->n35->n25->n15->n5->n6->n7->n8->n9->n10,2.31363e+13|1.08374e+10|6.50639e+11|4.50381e+10|8.84744e+09|1.54186e+12|1.74148e+12|2.28703e+12|3.34343e+12|3.20281e+09|1.66294e+09|3.11313e+11|9.24787e+09|4.30375e+13|5.91555e+11|1.18221e+10,3.60243e+12|2.86853e+09|6.91628e+10|3.40678e+10|1.70948e+09|1.73332e+11|1.0536e+12|2.08861e+12|1.01655e+12|2.0725e+09|4.18929e+08|9.70219e+10|1.17307e+09|3.6866e+13|1.23797e+11|4.31884e+09,2.76437e-05|2.25049e-05|0.000306846|5.57341e-05|0.000848685|0.000917855|7.18356e-05|5.51855e-05|8.18102e-05|9.19448e-05|4.44502e-05|0.000874519|0.00053987|6.06714e-05|4.9143e-05|0.000324399,0.00205186|0.000185945|0.00506163|0.00134945|0.000154373|0.000866982|0.00188744|0.000708212|0.000592493|0.0013452|0.00789389|0.000577384|0.00150891|0.000455538|0.000571723|0.000327224,0.0144542|0.0430141|0.0248209|0.0135171|0.0433652|0.0448378|0.0428115|0.0406061|0.01808|0.0491072|0.028843|0.0198763|0.0179336|0.0225523|0.00473199|0.0413395,0.0367363|0.0160199|0.0232879|0.00802942|0.0353922|0.0237781|0.0315533|0.0252881|0.0195753|0.0303606|0.0403095|0.0292376|0.0204335|0.0283967|0.00830313|0.0463752,0.95381|0.934272|0.90052|0.973616|0.978852|0.905731|0.933029|0.969974|0.908527|0.940373|0.916182|0.912165|0.940994|0.943873|0.968696|0.956752,3.46146|0.347274|4.94267|3.12017|6.13175|5.16612|4.1628|2.88844|0.486545|2.32468|6.14894|2.01744|3.97819|4.13907|2.44477|4.20312,79.8117|88.6198|13.9548|51.9585|76.7594|23.5709|31.5608|88.4205|54.7186|35.0583|37.2729|32.9383|55.4093|99.595|65.9961,0.20774|0.169026|0.237358|0.247887|0.161271|0.219061|0.214217|0.185142|0.220733|0.200044|0.24829|0.173207|0.200726|0.248024|0.245087,0.634164|0.804539|0.503427|0.267835|0.934902|0.130761|0.871174|0.273648|0.337128|0.592289|0.138112|0.402657|0.858389|0.527389|0.339228,0.965709,0.942107,0.00398666,0.0494591,0.601558,0.498619,0.0780554,0.491866,0.227373,0.94879,60.5101,3.47919e-12,34363,0.893945,38.3275,1.8046e-11,70899,0.813216,0.800213,0.0318416,0.894511,0.646291,0.467196,0.267079,0.496996,0.142828,0.968398,15.3538,7.25626e-13,62719,0.835188,71.1574,7.18405e-13,18924
1,89,n1->n11->n21->n22->n12->n2->n3->n4->n5->n15->n16->n6->n7->n8->n9->n10,2.31363e+13|1.83181e+09|3.273e+13|4.72597e+11|6.50639e+11|1.08374e+10|6.12136e+10|3.77253e+09|1.66294e+09|3.20281e+09|1.22489e+11|3.11313e+11|9.24787e+09|4.30375e+13|5.91555e+11|1.18221e+10,3.60243e+12|1.61585e+09|3.63129e+12|3.89256e+11|6.91628e+10|2.86853e+09|1.1263e+10|1.57109e+09|4.18929e+08|2.0725e+09|1.60878e+10|9.70219e+10|1.17307e+09|3.6866e+13|1.23797e+11|4.31884e+09,2.76437e-05|6.09494e-05|0.0007443|0.000136426|0.000306846|2.25049e-05|0.00016633|1.75363e-05|4.44502e-05|9.19448e-05|0.000388598|0.000874519|0.00053987|6.06714e-05|4.9143e-05|0.000324399,0.00205186|0.0070437|0.00473098|0.000622969|0.00506163|0.000185945|0.000257502|0.00506716|0.00789389|0.0013452|0.00473624|0.000577384|0.00150891|0.000455538|0.000571723|0.000327224,0.0144542|0.0289489|0.00587522|0.0222508|0.0248209|0.0430141|0.0444183|0.0377136|0.028843|0.0491072|0.0142199|0.0198763|0.0179336|0.0225523|0.00473199|0.0413395,0.0367363|0.00023094|0.00299122|0.00315586|0.0232879|0.0160199|0.0464833|0.0409904|0.0403095|0.0303606|0.0151898|0.0292376|0.0204335|0.0283967|0.00830313|0.0463752,0.95381|0.903661|0.979297|0.992031|0.90052|0.934272|0.909484|0.949976|0.916182|0.940373|0.983062|0.912165|0.940994|0.943873|0.968696|0.956752,3.46146|4.2752|0.978654|1.9519|4.94267|0.347274|0.674833|6.26231|6.14894|2.32468|0.15061|2.01744|3.97819|4.13907|2.44477|4.20312,30.2686|65.1286|34.0839|13.2112|88.6198|37.015|10.4739|81.7362|35.0583|56.2706|50.0569|32.9383|55.4093|99.595|65.9961,0.161965|0.183295|0.214588|0.185154|0.169026|0.191035|0.244816|0.185633|0.200044|0.221203|0.248888|0.173207|0.200726|0.248024|0.245087,0.56362|0.554091|0.739323|0.869928|0.804539|0.479152|0.120042|0.8088|0.592289|0.263189|0.114607|0.402657|0.858389|0.527389|0.339228,0.965709,0.942107,0.00398666,0.0494591,0.601558,0.498619,0.0780554,0.491866,0.227373,0.94879,60.5101,3.47919e-12,34363,0.893945,38.3275,1.8046e-11,70899,0.813216,0.800213,0.0318416,0.894511,0.646291,0.467196,0.267079,0.496996,0.142828,0.968398,15.3538,7.25626e-13,62719,0.835188,71.1574,7.18405e-13,18924
1,90,n1->n2->n12->n11->n21->n22->n23->n13->n3->n4->n5->n6->n7->n8->n9->n10,2.31363e+13|1.08374e+10|6.50639e+11|1.83181e+09|3.273e+13|4.72597e+11|8.84744e+09|4.50381e+10|6.12136e+10|3.77253e+09|1.66294e+09|3.11313e+11|9.24787e+09|4.30375e+13|5.91555e+11|1.18221e+10,3.60243e+12|2.86853e+09|6.91628e+10|1.61585e+09|3.63129e+12|3.89256e+11|1.70948e+09|3.40678e+10|1.1263e+10|1.57109e+09|4.18929e+08|9.70219e+10|1.17307e+09|3.6866e+13|1.23797e+11|4.31884e+09,2.76437e-05|2.25049e-05|0.000306846|6.09494e-05|0.0007443|0.000136426|0.000848685|5.57341e-05|0.00016633|1.75363e-05|4.44502e-05|0.000874519|0.00053987|6.06714e-05|4.9143e-05|0.000324399,0.00205186|0.000185945|0.00506163|0.0070437|0.00473098|0.000622969|0.000154373|0.00134945|0.000257502|0.00506716|0.00789389|0.000577384|0.00150891|0.000455538|0.000571723|0.000327224,0.0144542|0.0430141|0.0248209|0.0289489|0.00587522|0.0222508|0.0433652|0.0135171|0.0444183|0.0377136|0.028843|0.0198763|0.0179336|0.0225523|0.00473199|0.0413395,0.0367363|0.0160199|0.0232879|0.00023094|0.00299122|0.00315586|0.0353922|0.00802942|0.0464833|0.0409904|0.0403095|0.0292376|0.0204335|0.0283967|0.00830313|0.0463752,0.95381|0.934272|0.90052|0.903661|0.979297|0.992031|0.978852|0.973616|0.909484|0.949976|0.916182|0.912165|0.940994|0.943873|0.968696|0.956752,3.46146|0.347274|4.94267|4.2752|0.978654|1.9519|6.13175|3.12017|0.674833|6.26231|6.14894|2.01744|3.97819|4.13907|2.44477|4.20312,79.8117|88.6198|24.4191|65.1286|34.0839|55.8812|51.9585|83.9106|10.4739|81.7362|37.2729|32.9383|55.4093|99.595|65.9961,0.20774|0.169026|0.205217|0.183295|0.214588|0.190738|0.247887|0.214124|0.244816|0.185633|0.24829|0.173207|0.200726|0.248024|0.245087,0.634164|0.804539|0.974022|0.554091|0.739323|0.246571|0.267835|0.78746|0.120042|0.8088|0.138112|0.402657|0.858389|0.527389|0.339228,0.965709,0.942107,0.00398666,0.0494591,0.601558,0.498619,0.0780554,0.491866,0.227373,0.94879,60.5101,3.47919e-12,34363,0.893945,38.3275,1.8046e-11,70899,0.813216,0.800213,0.0318416,0.894511,0.646291,0.467196,0.267079,0.496996,0.142828,0.968398,15.3538,7.25626e-13,62719,0.835188,71.1574,7.18405e-13,18924
1,91,n1->n2->n3->n13->n23->n24->n14->n15->n16->n26->n27->n17->n18->n8->n9->n10,2.31363e+13|1.08374e+10|6.12136e+10|4.50381e+10|8.84744e+09|1.6247e+13|4.81326e+11|3.20281e+09|1.22489e+11|7.93139e+12|1.24028e+10|4.00209e+11|2.03534e+11|4.30375e+13|5.91555e+11|1.18221e+10,3.60243e+12|2.86853e+09|1.1263e+10|3.40678e+10|1.70948e+09|1.42612e+13|4.44483e+11|2.0725e+09|1.60878e+10|2.21525e+12|4.06702e+09|1.16403e+11|6.77465e+10|3.6866e+13|1.23797e+11|4.31884e+09,2.76437e-05|2.25049e-05|0.00016633|5.57341e-05|0.000848685|1.7942e-05|0.00084559|9.19448e-05|0.000388598|0.000726723|0.000745339|0.000240023|2.6832e-05|6.06714e-05|4.9143e-05|0.000324399,0.00205186|0.000185945|0.000257502|0.00134945|0.000154373|0.00390461|0.0051438|0.0013452|0.00473624|0.00167665|0.00900296|0.000212219|0.000190216|0.000455538|0.000571723|0.000327224,0.0144542|0.0430141|0.0444183|0.0135171|0.0433652|0.0272838|0.00938046|0.0491072|0.0142199|0.0017588|0.011818|0.0334165|0.00942372|0.0225523|0.00473199|0.0413395,0.0367363|0.0160199|0.0464833|0.00802942|0.0353922|0.0271748|0.0297136|0.0303606|0.0151898|0.00787617|0.00245588|0.0188367|0.0172071|0.0283967|0.00830313|0.0463752,0.95381|0.934272|0.909484|0.973616|0.978852|0.985398|0.983424|0.940373|0.983062|0.919553|0.914592|0.958778|0.909197|0.943873|0.968696|0.956752,3.46146|0.347274|0.674833|3.12017|6.13175|6.10602|2.35283|2.32468|0.15061|6.13073|0.397905|0.251924|5.95219|4.13907|2.44477|4.20312,79.8117|37.015|83.9106|51.9585|67.5745|66.6304|92.5451|56.2706|11.0615|42.5138|72.2829|27.3162|81.3396|99.595|65.9961,0.20774|0.191035|0.214124|0.247887|0.176012|0.195265|0.187126|0.221203|0.224508|0.194076|0.211476|0.192517|0.171783|0.248024|0.245087,0.634164|0.479152|0.78746|0.267835|0.651798|0.280165|0.127963|0.263189|0.519858|0.446651|0.292448|0.86736|0.146549|0.527389|0.339228,0.965709,0.942107,0.00398666,0.0494591,0.601558,0.498619,0.0780554,0.491866,0.227373,0.94879,60.5101,3.47919e-12,34363,0.893945,38.3275,1.8046e-11,70899,0.813216,0.800213,0.0318416,0.894511,0.646291,0.467196,0.267079,0.496996,0.142828,0.968398,15.3538,7.25626e-13,62719,0.835188,71.1574,7.18405e-13,18924
1,92,n1->n11->n12->n22->n23->n33->n34->n35->n25->n15->n16->n6->n7->n8->n9->n10,2.31363e+13|1.83181e+09|6.50639e+11|4.72597e+11|8.84744e+09|1.54186e+12|1.74148e+12|2.28703e+12|3.34343e+12|3.20281e+09|1.22489e+11|3.11313e+11|9.24787e+09|4.30375e+13|5.91555e+11|1.18221e+10,3.60243e+12|1.61585e+09|6.91628e+10|3.89256e+11|1.70948e+09|1.73332e+11|1.0536e+12|2.08861e+12|1.01655e+12|2.0725e+09|1.60878e+10|9.70219e+10|1.17307e+09|3.6866e+13|1.23797e+11|4.31884e+09,2.76437e-05|6.09494e-05|0.000306846|0.000136426|0.000848685|0.000917855|7.18356e-05|5.51855e-05|8.18102e-05|9.19448e-05|0.000388598|0.000874519|0.00053987|6.06714e-05|4.9143e-05|0.000324399,0.00205186|0.0070437|0.00506163|0.000622969|0.000154373|0.000866982|0.00188744|0.000708212|0.000592493|0.0013452|0.00473624|0.000577384|0.00150891|0.000455538|0.000571723|0.000327224,0.0144542|0.0289489|0.0248209|0.0222508|0.0433652|0.0448378|0.0428115|0.0406061|0.01808|0.0491072|0.0142199|0.0198763|0.0179336|0.0225523|0.00473199|0.0413395,0.0367363|0.00023094|0.0232879|0.00315586|0.0353922|0.0237781|0.0315533|0.0252881|0.0195753|0.0303606|0.0151898|0.0292376|0.0204335|0.0283967|0.00830313|0.0463752,0.95381|0.903661|0.90052|0.992031|0.978852|0.905731|0.933029|0.969974|0.908527|0.940373|0.983062|0.912165|0.940994|0.943873|0.968696|0.956752,3.46146|4.2752|4.94267|1.9519|6.13175|5.16612|4.1628|2.88844|0.486545|2.32468|0.15061|2.01744|3.97819|4.13907|2.44477|4.20312,30.2686|24.4191|13.2112|55.8812|76.7594|23.5709|31.5608|88.4205|54.7186|56.2706|50.0569|32.9383|55.4093|99.595|65.9961,0.161965|0.205217|0.185154|0.190738|0.161271|0.219061|0.214217|0.185142|0.220733|0.221203|0.248888|0.173207|0.200726|0.248024|0.245087,0.56362|0.974022|0.869928|0.246571|0.934902|0.130761|0.871174|0.273648|0.337128|0.263189|0.114607|0.402657|0.858389|0.527389|0.339228,0.965709,0.942107,0.00398666,0.0494591,0.601558,0.498619,0.0780554,0.491866,0.227373,0.94879,60.5101,3.47919e-12,34363,0.893945,38.3275,1.8046e-11,70899,0.813216,0.800213,0.0318416,0.894511,0.646291,0.467196,0.267079,0.496996,0.142828,0.968398,15.3538,7.25626e-13,62719,0.835188,71.1574,7.18405e-13,18924
1,93,n1->n11->n21->n31->n32->n22->n23->n13->n14->n4->n5->n6->n7->n8->n9->n10,2.31363e+13|1.83181e+09|3.273e+13|4.06943e+12|1.52524e+11|4.72597e+11|8.84744e+09|4.50381e+10|4.81326e+11|3.77253e+09|1.66294e+09|3.11313e+11|9.24787e+09|4.30375e+13|5.91555e+11|1.18221e+10,3.60243e+12|1.61585e+09|3.63129e+12|6.00353e+11|1.50714e+11|3.89256e+11|1.70948e+09|3.40678e+10|4.44483e+11|1.57109e+09|4.18929e+08|9.70219e+10|1.17307e+09|3.6866e+13|1.23797e+11|4.31884e+09,2.76437e-05|6.09494e-05|0.0007443|0.000747032|9.38774e-05|0.000136426|0.000848685|5.57341e-05|0.00084559|1.75363e-05|4.44502e-05|0.000874519|0.00053987|6.06714e-05|4.9143e-05|0.000324399,0.00205186|0.0070437|0.00473098|0.000237579|0.000903427|0.000622969|0.000154373|0.00134945|0.0051438|0.00506716|0.00789389|0.000577384|0.00150891|0.000455538|0.000571723|0.000327224,0.0144542|0.0289489|0.00587522|0.00536562|0.0210883|0.0222508|0.0433652|0.0135171|0.00938046|0.0377136|0.028843|0.0198763|0.0179336|0.0225523|0.00473199|0.0413395,0.0367363|0.00023094|0.00299122|0.0248824|0.00334129|0.00315586|0.0353922|0.00802942|0.0297136|0.0409904|0.0403095|0.0292376|0.0204335|0.0283967|0.00830313|0.0463752,0.95381|0.903661|0.979297|0.949357|0.956331|0.992031|0.978852|0.973616|0.983424|0.949976|0.916182|0.912165|0.940994|0.943873|0.968696|0.956752,3.46146|4.2752|0.978654|3.19307|1.43236|1.9519|6.13175|3.12017|2.35283|6.26231|6.14894|2.01744|3.97819|4.13907|2.44477|4.20312,30.2686|65.1286|89.2299|63.0993|86.2435|55.8812|51.9585|56.34|52.1141|81.7362|37.2729|32.9383|55.4093|99.595|65.9961,0.161965|0.183295|0.224223|0.229019|0.206725|0.190738|0.247887|0.19509|0.216912|0.185633|0.24829|0.173207|0.200726|0.248024|0.245087,0.56362|0.554091|0.993527|0.825759|0.579925|0.246571|0.267835|0.577651|0.936246|0.8088|0.138112|0.402657|0.858389|0.527389|0.339228,0.965709,0.942107,0.00398666,0.0494591,0.601558,0.498619,0.0780554,0.491866,0.227373,0.94879,60.5101,3.47919e-12,34363,0.893945,38.3275,1.8046e-11,70899,0.813216,0.800213,0.0318416,0.894511,0.646291,0.467196,0.267079,0.496996,0.142828,0.968398,15.3538,7.25626e-13,62719,0.835188,71.1574,7.18405e-13,18924
1,94,n1->n2->n3->n4->n5->n15->n14->n24->n25->n26->n16->n17->n7->n8->n9->n10,2.31363e+13|1.08374e+10|6.12136e+10|3.77253e+09|1.66294e+09|3.20281e+09|4.81326e+11|1.6247e+13|3.34343e+12|7.93139e+12|1.22489e+11|4.00209e+11|9.24787e+09|4.30375e+13|5.91555e+11|1.18221e+10,3.60243e+12|2.86853e+09|1.1263e+10|1.57109e+09|4.18929e+08|2.0725e+09|4.44483e+11|1.42612e+13|1.01655e+12|2.21525e+12|1.60878e+10|1.16403e+11|1.17307e+09|3.6866e+13|1.23797e+11|4.31884e+09,2.76437e-05|2.25049e-05|0.00016633|1.75363e-05|4.44502e-05|9.19448e-05|0.00084559|1.7942e-05|8.18102e-05|0.000726723|0.000388598|0.000240023|0.00053987|6.06714e-05|4.9143e-05|0.000324399,0.00205186|0.000185945|0.000257502|0.00506716|0.00789389|0.0013452|0.0051438|0.00390461|0.000592493|0.00167665|0.00473624|0.000212219|0.00150891|0.000455538|0.000571723|0.000327224,0.0144542|0.0430141|0.0444183|0.0377136|0.028843|0.0491072|0.00938046|0.0272838|0.01808|0.0017588|0.0142199|0.0334165|0.0179336|0.0225523|0.00473199|0.0413395,0.0367363|0.0160199|0.0464833|0.0409904|0.0403095|0.0303606|0.0297136|0.0271748|0.0195753|0.00787617|0.0151898|0.0188367|0.0204335|0.0283967|0.00830313|0.0463752,0.95381|0.934272|0.909484|0.949976|0.916182|0.940373|0.983424|0.985398|0.908527|0.919553|0.983062|0.958778|0.940994|0.943873|0.968696|0.956752,3.46146|0.347274|0.674833|6.26231|6.14894|2.32468|2.35283|6.10602|0.486545|6.13073|0.15061|0.251924|3.97819|4.13907|2.44477|4.20312,79.8117|37.015|10.4739|81.7362|35.0583|92.5451|66.6304|18.2346|55.6995|11.0615|32.2763|59.8148|55.4093|99.595|65.9961,0.20774|0.191035|0.244816|0.185633|0.200044|0.187126|0.195265|0.183812|0.184652|0.224508|0.19197|0.189151|0.200726|0.248024|0.245087,0.634164|0.479152|0.120042|0.8088|0.592289|0.127963|0.280165|0.135604|0.129529|0.519858|0.413975|0.531819|0.858389|0.527389|0.339228,0.965709,0.942107,0.00398666,0.0494591,0.601558,0.498619,0.0780554,0.491866,0.227373,0.94879,60.5101,3.47919e-12,34363,0.893945,38.3275,1.8046e-11,70899,0.813216,0.800213,0.0318416,0.894511,0.646291,0.467196,0.267079,0.496996,0.142828,0.968398,15.3538,7.25626e-13,62719,0.835188,71.1574,7.18405e-13,18924
1,95,n1->n2->n12->n22->n23->n13->n3->n4->n14->n15->n16->n6->n7->n8->n9->n10,2.31363e+13|1.08374e+10|6.50639e+11|4.72597e+11|8.84744e+09|4.50381e+10|6.12136e+10|3.77253e+09|4.81326e+11|3.20281e+09|1.22489e+11|3.11313e+11|9.24787e+09|4.30375e+13|5.91555e+11|1.18221e+10,3.60243e+12|2.86853e+09|6.91628e+10|3.89256e+11|1.70948e+09|3.40678e+10|1.1263e+10|1.57109e+09|4.44483e+11|2.0725e+09|1.60878e+10|9.70219e+10|1.17307e+09|3.6866e+13|1.23797e+11|4.31884e+09,2.76437e-05|2.25049e-05|0.000306846|0.000136426|0.000848685|5.57341e-05|0.00016633|1.75363e-05|0.00084559|9.19448e-05|0.000388598|0.000874519|0.00053987|6.06714e-05|4.9143e-05|0.000324399,0.00205186|0.000185945|0.00506163|0.000622969|0.000154373|0.00134945|0.000257502|0.00506716|0.0051438|0.0013452|0.00473624|0.000577384|0.00150891|0.000455538|0.000571723|0.000327224,0.0144542|0.0430141|0.0248209|0.0222508|0.0433652|0.0135171|0.0444183|0.0377136|0.00938046|0.0491072|0.0142199|0.0198763|0.0179336|0.0225523|0.00473199|0.0413395,0.0367363|0.0160199|0.0232879|0.00315586|0.0353922|0.00802942|0.0464833|0.0409904|0.0297136|0.0303606|0.0151898|0.0292376|0.0204335|0.0283967|0.00830313|0.0463752,0.95381|0.934272|0.90052|0.992031|0.978852|0.973616|0.909484|0.949976|0.983424|0.940373|0.983062|0.912165|0.940994|0.943873|0.968696|0.956752,3.46146|0.347274|4.94267|1.9519|6.13175|3.12017|0.674833|6.26231|2.35283|2.32468|0.15061|2.01744|3.97819|4.13907|2.44477|4.20312,79.8117|88.6198|13.2112|55.8812|51.9585|83.9106|10.4739|52.1141|92.5451|56.2706|50.0569|32.9383|55.4093|99.595|65.9961,0.20774|0.169026|0.185154|0.190738|0.247887|0.214124|0.244816|0.216912|0.187126|0.221203|0.248888|0.173207|0.200726|0.248024|0.245087,0.634164|0.804539|0.869928|0.246571|0.267835|0.78746|0.120042|0.936246|0.127963|0.263189|0.114607|0.402657|0.858389|0.527389|0.339228,0.965709,0.942107,0.00398666,0.0494591,0.601558,0.498619,0.0780554,0.491866,0.227373,0.94879,60.5101,3.47919e-12,34363,0.893945,38.3275,1.8046e-11,70899,0.813216,0.800213,0.0318416,0.894511,0.646291,0.467196,0.267079,0.496996,0.142828,0.968398,15.3538,7.25626e-13,62719,0.835188,71.1574,7.18405e-13,18924
1,96,n1->n11->n12->n2->n3->n13->n23->n24->n14->n4->n5->n6->n7->n8->n9->n10,2.31363e+13|1.83181e+09|6.50639e+11|1.08374e+10|6.12136e+10|4.50381e+10|8.84744e+09|1.6247e+13|4.81326e+11|3.77253e+09|1.66294e+09|3.11313e+11|9.24787e+09|4.30375e+13|5.91555e+11|1.18221e+10,3.60243e+12|1.61585e+09|6.91628e+10|2.86853e+09|1.1263e+10|3.40678e+10|1.70948e+09|1.42612e+13|4.44483e+11|1.57109e+09|4.18929e+08|9.70219e+10|1.17307e+09|3.6866e+13|1.23797e+11|4.31884e+09,2.76437e-05|6.09494e-05|0.000306846|2.25049e-05|0.00016633|5.57341e-05|0.000848685|1.7942e-05|0.00084559|1.75363e-05|4.44502e-05|0.000874519|0.00053987|6.06714e-05|4.9143e-05|0.000324399,0.00205186|0.0070437|0.00506163|0.000185945|0.000257502|0.00134945|0.000154373|0.00390461|0.0051438|0.00506716|0.00789389|0.000577384|0.00150891|0.000455538|0.000571723|0.000327224,0.0144542|0.0289489|0.0248209|0.0430141|0.0444183|0.0135171|0.0433652|0.0272838|0.00938046|0.0377136|0.028843|0.0198763|0.0179336|0.0225523|0.00473199|0.0413395,0.0367363|0.00023094|0.0232879|0.0160199|0.0464833|0.00802942|0.0353922|0.0271748|0.0297136|0.0409904|0.0403095|0.0292376|0.0204335|0.0283967|0.00830313|0.0463752,0.95381|0.903661|0.90052|0.934272|0.909484|0.973616|0.978852|0.985398|0.983424|0.949976|0.916182|0.912165|0.940994|0.943873|0.968696|0.956752,3.46146|4.2752|4.94267|0.347274|0.674833|3.12017|6.13175|6.10602|2.35283|6.26231|6.14894|2.01744|3.97819|4.13907|2.44477|4.20312,30.2686|24.4191|88.6198|37.015|83.9106|51.9585|67.5745|66.6304|52.1141|81.7362|37.2729|32.9383|55.4093|99.595|65.9961,0.161965|0.205217|0.169026|0.191035|0.214124|0.247887|0.176012|0.195265|0.216912|0.185633|0.24829|0.173207|0.200726|0.248024|0.245087,0.56362|0.974022|0.804539|0.479152|0.78746|0.267835|0.651798|0.280165|0.936246|0.8088|0.138112|0.402657|0.858389|0.527389|0.339228,0.965709,0.942107,0.00398666,0.0494591,0.601558,0.498619,0.0780554,0.491866,0.227373,0.94879,60.5101,3.47919e-12,34363,0.893945,38.3275,1.8046e-11,70899,0.813216,0.800213,0.0318416,0.894511,0.646291,0.467196,0.267079,0.496996,0.142828,0.968398,15.3538,7.25626e-13,62719,0.835188,71.1574,7.18405e-13,18924
1,97,n1->n11->n21->n31->n32->n22->n23->n13->n14->n15->n16->n17->n7->n8->n9->n10,2.31363e+13|1.83181e+09|3.273e+13|4.06943e+12|1.52524e+11|4.72597e+11|8.84744e+09|4.50381e+10|4.81326e+11|3.20281e+09|1.22489e+11|4.00209e+11|9.24787e+09|4.30375e+13|5.91555e+11|1.18221e+10,3.60243e+12|1.61585e+09|3.63129e+12|6.00353e+11|1.50714e+11|3.89256e+11|1.70948e+09|3.40678e+10|4.44483e+11|2.0725e+09|1.60878e+10|1.16403e+11|1.17307e+09|3.6866e+13|1.23797e+11|4.31884e+09,2.76437e-05|6.09494e-05|0.0007443|0.000747032|9.38774e-05|0.000136426|0.000848685|5.57341e-05|0.00084559|9.19448e-05|0.000388598|0.000240023|0.00053987|6.06714e-05|4.9143e-05|0.000324399,0.00205186|0.0070437|0.00473098|0.000237579|0.000903427|0.000622969|0.000154373|0.00134945|0.0051438|0.0013452|0.00473624|0.000212219|0.00150891|0.000455538|0.000571723|0.000327224,0.0144542|0.0289489|0.00587522|0.00536562|0.0210883|0.0222508|0.0433652|0.0135171|0.00938046|0.0491072|0.0142199|0.0334165|0.0179336|0.0225523|0.00473199|0.0413395,0.0367363|0.00023094|0.00299122|0.0248824|0.00334129|0.00315586|0.0353922|0.00802942|0.0297136|0.0303606|0.0151898|0.0188367|0.0204335|0.0283967|0.00830313|0.0463752,0.95381|0.903661|0.979297|0.949357|0.956331|0.992031|0.978852|0.973616|0.983424|0.940373|0.983062|0.958778|0.940994|0.943873|0.968696|0.956752,3.46146|4.2752|0.978654|3.19307|1.43236|1.9519|6.13175|3.12017|2.35283|2.32468|0.15061|0.251924|3.97819|4.13907|2.44477|4.20312,30.2686|65.1286|89.2299|63.0993|86.2435|55.8812|51.9585|56.34|92.5451|56.2706|32.2763|59.8148|55.4093|99.595|65.9961,0.161965|0.183295|0.224223|0.229019|0.206725|0.190738|0.247887|0.19509|0.187126|0.221203|0.19197|0.189151|0.200726|0.248024|0.245087,0.56362|0.554091|0.993527|0.825759|0.579925|0.246571|0.267835|0.577651|0.127963|0.263189|0.413975|0.531819|0.858389|0.527389|0.339228,0.965709,0.942107,0.00398666,0.0494591,0.601558,0.498619,0.0780554,0.491866,0.227373,0.94879,60.5101,3.47919e-12,34363,0.893945,38.3275,1.8046e-11,70899,0.813216,0.800213,0.0318416,0.894511,0.646291,0.467196,0.267079,0.496996,0.142828,0.968398,15.3538,7.25626e-13,62719,0.835188,71.1574,7.18405e-13,18924
1,98,n1->n11->n21->n22->n23->n13->n12->n2->n3->n4->n5->n6->n7->n8->n9->n10,2.31363e+13|1.83181e+09|3.273e+13|4.72597e+11|8.84744e+09|4.50381e+10|6.50639e+11|1.08374e+10|6.12136e+10|3.77253e+09|1.66294e+09|3.11313e+11|9.24787e+09|4.30375e+13|5.91555e+11|1.18221e+10,3.60243e+12|1.61585e+09|3.63129e+12|3.89256e+11|1.70948e+09|3.40678e+10|6.91628e+10|2.86853e+09|1.1263e+10|1.57109e+09|4.18929e+08|9.70219e+10|1.17307e+09|3.6866e+13|1.23797e+11|4.31884e+09,2.76437e-05|6.09494e-05|0.0007443|0.000136426|0.000848685|5.57341e-05|0.000306846|2.25049e-05|0.00016633|1.75363e-05|4.44502e-05|0.000874519|0.00053987|6.06714e-05|4.9143e-05|0.000324399,0.00205186|0.0070437|0.00473098|0.000622969|0.000154373|0.00134945|0.00506163|0.000185945|0.000257502|0.00506716|0.00789389|0.000577384|0.00150891|0.000455538|0.000571723|0.000327224,0.0144542|0.0289489|0.00587522|0.0222508|0.0433652|0.0135171|0.0248209|0.0430141|0.0444183|0.0377136|0.028843|0.0198763|0.0179336|0.0225523|0.00473199|0.0413395,0.0367363|0.00023094|0.00299122|0.00315586|0.0353922|0.00802942|0.0232879|0.0160199|0.0464833|0.0409904|0.0403095|0.0292376|0.0204335|0.0283967|0.00830313|0.0463752,0.95381|0.903661|0.979297|0.992031|0.978852|0.973616|0.90052|0.934272|0.909484|0.949976|0.916182|0.912165|0.940994|0.943873|0.968696|0.956752,3.46146|4.2752|0.978654|1.9519|6.13175|3.12017|4.94267|0.347274|0.674833|6.26231|6.14894|2.01744|3.97819|4.13907|2.44477|4.20312,30.2686|65.1286|34.0839|55.8812|51.9585|13.9548|88.6198|37.015|10.4739|81.7362|37.2729|32.9383|55.4093|99.595|65.9961,0.161965|0.183295|0.214588|0.190738|0.247887|0.237358|0.169026|0.191035|0.244816|0.185633|0.24829|0.173207|0.200726|0.248024|0.245087,0.56362|0.554091|0.739323|0.246571|0.267835|0.503427|0.804539|0.479152|0.120042|0.8088|0.138112|0.402657|0.858389|0.527389|0.339228,0.965709,0.942107,0.00398666,0.0494591,0.601558,0.498619,0.0780554,0.491866,0.227373,0.94879,60.5101,3.47919e-12,34363,0.893945,38.3275,1.8046e-11,70899,0.813216,0.800213,0.0318416,0.894511,0.646291,0.467196,0.267079,0.496996,0.142828,0.968398,15.3538,7.25626e-13,62719,0.835188,71.1574,7.18405e-13,18924
1,99,n1->n11->n21->n22->n23->n33->n34->n24->n14->n4->n5->n6->n7->n8->n9->n10,2.31363e+13|1.83181e+09|3.273e+13|4.72597e+11|8.84744e+09|1.54186e+12|1.74148e+12|1.6247e+13|4.81326e+11|3.77253e+09|1.66294e+09|3.11313e+11|9.24787e+09|4.30375e+13|5.91555e+11|1.18221e+10,3.60243e+12|1.61585e+09|3.63129e+12|3.89256e+11|1.70948e+09|1.73332e+11|1.0536e+12|1.42612e+13|4.44483e+11|1.57109e+09|4.18929e+08|9.70219e+10|1.17307e+09|3.6866e+13|1.23797e+11|4.31884e+09,2.76437e-05|6.09494e-05|0.0007443|0.000136426|0.000848685|0.000917855|7.18356e-05|1.7942e-05|0.00084559|1.75363e-05|4.44502e-05|0.000874519|0.00053987|6.06714e-05|4.9143e-05|0.000324399,0.00205186|0.0070437|0.00473098|0.000622969|0.000154373|0.000866982|0.00188744|0.00390461|0.0051438|0.00506716|0.00789389|0.000577384|0.00150891|0.000455538|0.000571723|0.000327224,0.0144542|0.0289489|0.00587522|0.0222508|0.0433652|0.0448378|0.0428115|0.0272838|0.00938046|0.0377136|0.028843|0.0198763|0.0179336|0.0225523|0.00473199|0.0413395,0.0367363|0.00023094|0.00299122|0.00315586|0.0353922|0.0237781|0.0315533|0.0271748|0.0297136|0.0409904|0.0403095|0.0292376|0.0204335|0.0283967|0.00830313|0.0463752,0.95381|0.903661|0.979297|0.992031|0.978852|0.905731|0.933029|0.985398|0.983424|0.949976|0.916182|0.912165|0.940994|0.943873|0.968696|0.956752,3.46146|4.2752|0.978654|1.9519|6.13175|5.16612|4.1628|6.10602|2.35283|6.26231|6.14894|2.01744|3.97819|4.13907|2.44477|4.20312,30.2686|65.1286|34.0839|55.8812|76.7594|23.5709|58.7029|66.6304|52.1141|81.7362|37.2729|32.9383|55.4093|99.595|65.9961,0.161965|0.183295|0.214588|0.190738|0.161271|0.219061|0.169742|0.195265|0.216912|0.185633|0.24829|0.173207|0.200726|0.248024|0.245087,0.56362|0.554091|0.739323|0.246571|0.934902|0.130761|0.316224|0.280165|0.936246|0.8088|0.138112|0.402657|0.858389|0.527389|0.339228,0.965709,0.942107,0.00398666,0.0494591,0.601558,0.498619,0.0780554,0.491866,0.227373,0.94879,60.5101,3.47919e-12,34363,0.893945,38.3275,1.8046e-11,70899,0.813216,0.800213,0.0318416,0.894511,0.646291,0.467196,0.267079,0.496996,0.142828,0.968398,15.3538,7.25626e-13,62719,0.835188,71.1574,7.18405e-13,18924
1,100,n1->n11->n12->n22->n32->n33->n34->n24->n14->n15->n16->n6->n7->n8->n9->n10,2.31363e+13|1.83181e+09|6.50639e+11|4.72597e+11|1.52524e+11|1.54186e+12|1.74148e+12|1.6247e+13|4.81326e+11|3.20281e+09|1.22489e+11|3.11313e+11|9.24787e+09|4.30375e+13|5.91555e+11|1.18221e+10,3.60243e+12|1.61585e+09|6.91628e+10|3.89256e+11|1.50714e+11|1.73332e+11|1.0536e+12|1.42612e+13|4.44483e+11|2.0725e+09|1.60878e+10|9.70219e+10|1.17307e+09|3.6866e+13|1.23797e+11|4.31884e+09,2.76437e-05|6.09494e-05|0.000306846|0.000136426|9.38774e-05|0.000917855|7.18356e-05|1.7942e-05|0.00084559|9.19448e-05|0.000388598|0.000874519|0.00053987|6.06714e-05|4.9143e-05|0.000324399,0.00205186|0.0070437|0.00506163|0.000622969|0.000903427|0.000866982|0.00188744|0.00390461|0.0051438|0.0013452|0.00473624|0.000577384|0.00150891|0.000455538|0.000571723|0.000327224,0.0144542|0.0289489|0.0248209|0.0222508|0.0210883|0.0448378|0.0428115|0.0272838|0.00938046|0.0491072|0.0142199|0.0198763|0.0179336|0.0225523|0.00473199|0.0413395,0.0367363|0.00023094|0.0232879|0.00315586|0.00334129|0.0237781|0.0315533|0.0271748|0.0297136|0.0303606|0.0151898|0.0292376|0.0204335|0.0283967|0.00830313|0.0463752,0.95381|0.903661|0.90052|0.992031|0.956331|0.905731|0.933029|0.985398|0.983424|0.940373|0.983062|0.912165|0.940994|0.943873|0.968696|0.956752,3.46146|4.2752|4.94267|1.9519|1.43236|5.16612|4.1628|6.10602|2.35283|2.32468|0.15061|2.01744|3.97819|4.13907|2.44477|4.20312,30.2686|24.4191|13.2112|86.2435|67.4197|23.5709|58.7029|66.6304|92.5451|56.2706|50.0569|32.9383|55.4093|99.595|65.9961,0.161965|0.205217|0.185154|0.206725|0.168491|0.219061|0.169742|0.195265|0.187126|0.221203|0.248888|0.173207|0.200726|0.248024|0.245087,0.56362|0.974022|0.869928|0.579925|0.994842|0.130761|0.316224|0.280165|0.127963|0.263189|0.114607|0.402657|0.858389|0.527389|0.339228,0.965709,0.942107,0.00398666,0.0494591,0.601558,0.498619,0.0780554,0.491866,0.227373,0.94879,60.5101,3.47919e-12,34363,0.893945,38.3275,1.8046e-11,70899,0.813216,0.800213,0.0318416,0.894511,0.646291,0.467196,0.267079,0.496996,0.142828,0.968398,15.3538,7.25626e-13,62719,0.835188,71.1574,7.18405e-13,18924
1,101,n1->n11->n21->n31->n32->n22->n23->n24->n25->n15->n16->n6->n7->n8->n9->n10,2.31363e+13|1.83181e+09|3.273e+13|4.06943e+12|1.52524e+11|4.72597e+11|8.84744e+09|1.6247e+13|3.34343e+12|3.20281e+09|1.22489e+11|3.11313e+11|9.24787e+09|4.30375e+13|5.91555e+11|1.18221e+10,3.60243e+12|1.61585e+09|3.63129e+12|6.00353e+11|1.50714e+11|3.89256e+11|1.70948e+09|1.42612e+13|1.01655e+12|2.0725e+09|1.60878e+10|9.70219e+10|1.17307e+09|3.6866e+13|1.23797e+11|4.31884e+09,2.76437e-05|6.09494e-05|0.0007443|0.000747032|9.38774e-05|0.000136426|0.000848685|1.7942e-05|8.18102e-05|9.19448e-05|0.000388598|0.000874519|0.00053987|6.06714e-05|4.9143e-05|0.000324399,0.00205186|0.0070437|0.00473098|0.000237579|0.000903427|0.000622969|0.000154373|0.00390461|0.000592493|0.0013452|0.00473624|0.000577384|0.00150891|0.000455538|0.000571723|0.000327224,0.0144542|0.0289489|0.00587522|0.00536562|0.0210883|0.0222508|0.0433652|0.0272838|0.01808|0.0491072|0.0142199|0.0198763|0.0179336|0.0225523|0.00473199|0.0413395,0.0367363|0.00023094|0.00299122|0.0248824|0.00334129|0.00315586|0.0353922|0.0271748|0.0195753|0.0303606|0.0151898|0.0292376|0.0204335|0.0283967|0.00830313|0.0463752,0.95381|0.903661|0.979297|0.949357|0.956331|0.992031|0.978852|0.985398|0.908527|0.940373|0.983062|0.912165|0.940994|0.943873|0.968696|0.956752,3.46146|4.2752|0.978654|3.19307|1.43236|1.9519|6.13175|6.10602|0.486545|2.32468|0.15061|2.01744|3.97819|4.13907|2.44477|4.20312,30.2686|65.1286|89.2299|63.0993|86.2435|55.8812|67.5745|18.2346|54.7186|56.2706|50.0569|32.9383|55.4093|99.595|65.9961,0.161965|0.183295|0.224223|0.229019|0.206725|0.190738|0.176012|0.183812|0.220733|0.221203|0.248888|0.173207|0.200726|0.248024|0.245087,0.56362|0.554091|0.993527|0.825759|0.579925|0.246571|0.651798|0.135604|0.337128|0.263189|0.114607|0.402657|0.858389|0.527389|0.339228,0.965709,0.942107,0.00398666,0.0494591,0.601558,0.498619,0.0780554,0.491866,0.227373,0.94879,60.5101,3.47919e-12,34363,0.893945,38.3275,1.8046e-11,70899,0.813216,0.800213,0.0318416,0.894511,0.646291,0.467196,0.267079,0.496996,0.142828,0.968398,15.3538,7.25626e-13,62719,0.835188,71.1574,7.18405e-13,18924
1,102,n1->n2->n3->n13->n14->n4->n5->n15->n25->n26->n27->n28->n29->n19->n20->n10,2.31363e+13|1.08374e+10|6.12136e+10|4.50381e+10|4.81326e+11|3.77253e+09|1.66294e+09|3.20281e+09|3.34343e+12|7.93139e+12|1.24028e+10|9.45412e+09|2.09259e+13|1.05918e+11|1.43015e+11|1.18221e+10,3.60243e+12|2.86853e+09|1.1263e+10|3.40678e+10|4.44483e+11|1.57109e+09|4.18929e+08|2.0725e+09|1.01655e+12|2.21525e+12|4.06702e+09|3.50099e+09|1.86006e+13|6.82244e+10|1.55339e+10|4.31884e+09,2.76437e-05|2.25049e-05|0.00016633|5.57341e-05|0.00084559|1.75363e-05|4.44502e-05|9.19448e-05|8.18102e-05|0.000726723|0.000745339|0.000668186|4.96365e-05|0.000888862|0.000117274|0.000324399,0.00205186|0.000185945|0.000257502|0.00134945|0.0051438|0.00506716|0.00789389|0.0013452|0.000592493|0.00167665|0.00900296|0.00118696|0.00015176|0.000145034|0.00970702|0.000327224,0.0144542|0.0430141|0.0444183|0.0135171|0.00938046|0.0377136|0.028843|0.0491072|0.01808|0.0017588|0.011818|0.0312995|0.0112964|0.0325835|0.0479354|0.0413395,0.0367363|0.0160199|0.0464833|0.00802942|0.0297136|0.0409904|0.0403095|0.0303606|0.0195753|0.00787617|0.00245588|0.0100934|0.0218921|0.0435705|0.00201996|0.0463752,0.95381|0.934272|0.909484|0.973616|0.983424|0.949976|0.916182|0.940373|0.908527|0.919553|0.914592|0.976055|0.989841|0.960252|0.967051|0.956752,3.46146|0.347274|0.674833|3.12017|2.35283|6.26231|6.14894|2.32468|0.486545|6.13073|0.397905|3.88168|2.37699|2.69565|1.89604|4.20312,79.8117|37.015|83.9106|56.34|52.1141|81.7362|35.0583|54.7186|55.6995|42.5138|15.3326|39.0733|84.7043|10.3361|29.3778,0.20774|0.191035|0.214124|0.19509|0.216912|0.185633|0.200044|0.220733|0.184652|0.194076|0.168076|0.249173|0.22724|0.171154|0.198129,0.634164|0.479152|0.78746|0.577651|0.936246|0.8088|0.592289|0.337128|0.129529|0.446651|0.122684|0.935674|0.217677|0.31462|0.937095,0.965709,0.942107,0.00398666,0.0494591,0.601558,0.498619,0.0780554,0.491866,0.227373,0.94879,60.5101,3.47919e-12,34363,0.893945,38.3275,1.8046e-11,70899,0.813216,0.800213,0.0318416,0.894511,0.646291,0.467196,0.267079,0.496996,0.142828,0.968398,15.3538,7.25626e-13,62719,0.835188,71.1574,7.18405e-13,18924
1,103,n1->n2->n3->n13->n23->n33->n34->n24->n25->n15->n16->n6->n7->n8->n9->n10,2.31363e+13|1.08374e+10|6.12136e+10|4.50381e+10|8.84744e+09|1.54186e+12|1.74148e+12|1.6247e+13|3.34343e+12|3.20281e+09|1.22489e+11|3.11313e+11|9.24787e+09|4.30375e+13|5.91555e+11|1.18221e+10,3.60243e+12|2.86853e+09|1.1263e+10|3.40678e+10|1.70948e+09|1.73332e+11|1.0536e+12|1.42612e+13|1.01655e+12|2.0725e+09|1.60878e+10|9.70219e+10|1.17307e+09|3.6866e+13|1.23797e+11|4.31884e+09,2.76437e-05|2.25049e-05|0.00016633|5.57341e-05|0.000848685|0.000917855|7.18356e-05|1.7942e-05|8.18102e-05|9.19448e-05|0.000388598|0.000874519|0.00053987|6.06714e-05|4.9143e-05|0.000324399,0.00205186|0.000185945|0.000257502|0.00134945|0.000154373|0.000866982|0.00188744|0.00390461|0.000592493|0.0013452|0.00473624|0.000577384|0.00150891|0.000455538|0.000571723|0.000327224,0.0144542|0.0430141|0.0444183|0.0135171|0.0433652|0.0448378|0.0428115|0.0272838|0.01808|0.0491072|0.0142199|0.0198763|0.0179336|0.0225523|0.00473199|0.0413395,0.0367363|0.0160199|0.0464833|0.00802942|0.0353922|0.0237781|0.0315533|0.0271748|0.0195753|0.0303606|0.0151898|0.0292376|0.0204335|0.0283967|0.00830313|0.0463752,0.95381|0.934272|0.909484|0.973616|0.978852|0.905731|0.933029|0.985398|0.908527|0.940373|0.983062|0.912165|0.940994|0.943873|0.968696|0.956752,3.46146|0.347274|0.674833|3.12017|6.13175|5.16612|4.1628|6.10602|0.486545|2.32468|0.15061|2.01744|3.97819|4.13907|2.44477|4.20312,79.8117|37.015|83.9106|51.9585|76.7594|23.5709|58.7029|18.2346|54.7186|56.2706|50.0569|32.9383|55.4093|99.595|65.9961,0.20774|0.191035|0.214124|0.247887|0.161271|0.219061|0.169742|0.183812|0.220733|0.221203|0.248888|0.173207|0.200726|0.248024|0.245087,0.634164|0.479152|0.78746|0.267835|0.934902|0.130761|0.316224|0.135604|0.337128|0.263189|0.114607|0.402657|0.858389|0.527389|0.339228,0.965709,0.942107,0.00398666,0.0494591,0.601558,0.498619,0.0780554,0.491866,0.227373,0.94879,60.5101,3.47919e-12,34363,0.893945,38.3275,1.8046e-11,70899,0.813216,0.800213,0.0318416,0.894511,0.646291,0.467196,0.267079,0.496996,0.142828,0.968398,15.3538,7.25626e-13,62719,0.835188,71.1574,7.18405e-13,18924
1,104,n1->n11->n21->n31->n32->n33->n23->n13->n3->n4->n5->n6->n7->n8->n9->n10,2.31363e+13|1.83181e+09|3.273e+13|4.06943e+12|1.52524e+11|1.54186e+12|8.84744e+09|4.50381e+10|6.12136e+10|3.77253e+09|1.66294e+09|3.11313e+11|9.24787e+09|4.30375e+13|5.91555e+11|1.18221e+10,3.60243e+12|1.61585e+09|3.63129e+12|6.00353e+11|1.50714e+11|1.73332e+11|1.70948e+09|3.40678e+10|1.1263e+10|1.57109e+09|4.18929e+08|9.70219e+10|1.17307e+09|3.6866e+13|1.23797e+11|4.31884e+09,2.76437e-05|6.09494e-05|0.0007443|0.000747032|9.38774e-05|0.000917855|0.000848685|5.57341e-05|0.00016633|1.75363e-05|4.44502e-05|0.000874519|0.00053987|6.06714e-05|4.9143e-05|0.000324399,0.00205186|0.0070437|0.00473098|0.000237579|0.000903427|0.000866982|0.000154373|0.00134945|0.000257502|0.00506716|0.00789389|0.000577384|0.00150891|0.000455538|0.000571723|0.000327224,0.0144542|0.0289489|0.00587522|0.00536562|0.0210883|0.0448378|0.0433652|0.0135171|0.0444183|0.0377136|0.028843|0.0198763|0.0179336|0.0225523|0.00473199|0.0413395,0.0367363|0.00023094|0.00299122|0.0248824|0.00334129|0.0237781|0.0353922|0.00802942|0.0464833|0.0409904|0.0403095|0.0292376|0.0204335|0.0283967|0.00830313|0.0463752,0.95381|0.903661|0.979297|0.949357|0.956331|0.905731|0.978852|0.973616|0.909484|0.949976|0.916182|0.912165|0.940994|0.943873|0.968696|0.956752,3.46146|4.2752|0.978654|3.19307|1.43236|5.16612|6.13175|3.12017|0.674833|6.26231|6.14894|2.01744|3.97819|4.13907|2.44477|4.20312,30.2686|65.1286|89.2299|63.0993|67.4197|76.7594|51.9585|83.9106|10.4739|81.7362|37.2729|32.9383|55.4093|99.595|65.9961,0.161965|0.183295|0.224223|0.229019|0.168491|0.161271|0.247887|0.214124|0.244816|0.185633|0.24829|0.173207|0.200726|0.248024|0.245087,0.56362|0.554091|0.993527|0.825759|0.994842|0.934902|0.267835|0.78746|0.120042|0.8088|0.138112|0.402657|0.858389|0.527389|0.339228,0.965709,0.942107,0.00398666,0.0494591,0.601558,0.498619,0.0780554,0.491866,0.227373,0.94879,60.5101,3.47919e-12,34363,0.893945,38.3275,1.8046e-11,70899,0.813216,0.800213,0.0318416,0.894511,0.646291,0.467196,0.267079,0.496996,0.142828,0.968398,15.3538,7.25626e-13,62719,0.835188,71.1574,7.18405e-13,18924
1,105,n1->n2->n3->n4->n5->n15->n14->n24->n25->n26->n16->n17->n18->n19->n9->n10,2.31363e+13|1.08374e+10|6.12136e+10|3.77253e+09|1.66294e+09|3.20281e+09|4.81326e+11|1.6247e+13|3.34343e+12|7.93139e+12|1.22489e+11|4.00209e+11|2.03534e+11|1.05918e+11|5.91555e+11|1.18221e+10,3.60243e+12|2.86853e+09|1.1263e+10|1.57109e+09|4.18929e+08|2.0725e+09|4.44483e+11|1.42612e+13|1.01655e+12|2.21525e+12|1.60878e+10|1.16403e+11|6.77465e+10|6.82244e+10|1.23797e+11|4.31884e+09,2.76437e-05|2.25049e-05|0.00016633|1.75363e-05|4.44502e-05|9.19448e-05|0.00084559|1.7942e-05|8.18102e-05|0.000726723|0.000388598|0.000240023|2.6832e-05|0.000888862|4.9143e-05|0.000324399,0.00205186|0.000185945|0.000257502|0.00506716|0.00789389|0.0013452|0.0051438|0.00390461|0.000592493|0.00167665|0.00473624|0.000212219|0.000190216|0.000145034|0.000571723|0.000327224,0.0144542|0.0430141|0.0444183|0.0377136|0.028843|0.0491072|0.00938046|0.0272838|0.01808|0.0017588|0.0142199|0.0334165|0.00942372|0.0325835|0.00473199|0.0413395,0.0367363|0.0160199|0.0464833|0.0409904|0.0403095|0.0303606|0.0297136|0.0271748|0.0195753|0.00787617|0.0151898|0.0188367|0.0172071|0.0435705|0.00830313|0.0463752,0.95381|0.934272|0.909484|0.949976|0.916182|0.940373|0.983424|0.985398|0.908527|0.919553|0.983062|0.958778|0.909197|0.960252|0.968696|0.956752,3.46146|0.347274|0.674833|6.26231|6.14894|2.32468|2.35283|6.10602|0.486545|6.13073|0.15061|0.251924|5.95219|2.69565|2.44477|4.20312,79.8117|37.015|10.4739|81.7362|35.0583|92.5451|66.6304|18.2346|55.6995|11.0615|32.2763|27.3162|28.0546|99.0064|65.9961,0.20774|0.191035|0.244816|0.185633|0.200044|0.187126|0.195265|0.183812|0.184652|0.224508|0.19197|0.192517|0.241008|0.205366|0.245087,0.634164|0.479152|0.120042|0.8088|0.592289|0.127963|0.280165|0.135604|0.129529|0.519858|0.413975|0.86736|0.408385|0.181632|0.339228,0.965709,0.942107,0.00398666,0.0494591,0.601558,0.498619,0.0780554,0.491866,0.227373,0.94879,60.5101,3.47919e-12,34363,0.893945,38.3275,1.8046e-11,70899,0.813216,0.800213,0.0318416,0.894511,0.646291,0.467196,0.267079,0.496996,0.142828,0.968398,15.3538,7.25626e-13,62719,0.835188,71.1574,7.18405e-13,18924
1,106,n1->n11->n21->n22->n32->n33->n34->n24->n25->n26->n27->n17->n18->n8->n9->n10,2.31363e+13|1.83181e+09|3.273e+13|4.72597e+11|1.52524e+11|1.54186e+12|1.74148e+12|1.6247e+13|3.34343e+12|7.93139e+12|1.24028e+10|4.00209e+11|2.03534e+11|4.30375e+13|5.91555e+11|1.18221e+10,3.60243e+12|1.61585e+09|3.63129e+12|3.89256e+11|1.50714e+11|1.73332e+11|1.0536e+12|1.42612e+13|1.01655e+12|2.21525e+12|4.06702e+09|1.16403e+11|6.77465e+10|3.6866e+13|1.23797e+11|4.31884e+09,2.76437e-05|6.09494e-05|0.0007443|0.000136426|9.38774e-05|0.000917855|7.18356e-05|1.7942e-05|8.18102e-05|0.000726723|0.000745339|0.000240023|2.6832e-05|6.06714e-05|4.9143e-05|0.000324399,0.00205186|0.0070437|0.00473098|0.000622969|0.000903427|0.000866982|0.00188744|0.00390461|0.000592493|0.00167665|0.00900296|0.000212219|0.000190216|0.000455538|0.000571723|0.000327224,0.0144542|0.0289489|0.00587522|0.0222508|0.0210883|0.0448378|0.0428115|0.0272838|0.01808|0.0017588|0.011818|0.0334165|0.00942372|0.0225523|0.00473199|0.0413395,0.0367363|0.00023094|0.00299122|0.00315586|0.00334129|0.0237781|0.0315533|0.0271748|0.0195753|0.00787617|0.00245588|0.0188367|0.0172071|0.0283967|0.00830313|0.0463752,0.95381|0.903661|0.979297|0.992031|0.956331|0.905731|0.933029|0.985398|0.908527|0.919553|0.914592|0.958778|0.909197|0.943873|0.968696|0.956752,3.46146|4.2752|0.978654|1.9519|1.43236|5.16612|4.1628|6.10602|0.486545|6.13073|0.397905|0.251924|5.95219|4.13907|2.44477|4.20312,30.2686|65.1286|34.0839|86.2435|67.4197|23.5709|58.7029|18.2346|55.6995|42.5138|72.2829|27.3162|81.3396|99.595|65.9961,0.161965|0.183295|0.214588|0.206725|0.168491|0.219061|0.169742|0.183812|0.184652|0.194076|0.211476|0.192517|0.171783|0.248024|0.245087,0.56362|0.554091|0.739323|0.579925|0.994842|0.130761|0.316224|0.135604|0.129529|0.446651|0.292448|0.86736|0.146549|0.527389|0.339228,0.965709,0.942107,0.00398666,0.0494591,0.601558,0.498619,0.0780554,0.491866,0.227373,0.94879,60.5101,3.47919e-12,34363,0.893945,38.3275,1.8046e-11,70899,0.813216,0.800213,0.0318416,0.894511,0.646291,0.467196,0.267079,0.496996,0.142828,0.968398,15.3538,7.25626e-13,62719,0.835188,71.1574,7.18405e-13,18924
1,107,n1->n2->n12->n22->n32->n33->n34->n35->n36->n26->n27->n17->n7->n8->n9->n10,2.31363e+13|1.08374e+10|6.50639e+11|4.72597e+11|1.52524e+11|1.54186e+12|1.74148e+12|2.28703e+12|1.1953e+10|7.93139e+12|1.24028e+10|4.00209e+11|9.24787e+09|4.30375e+13|5.91555e+11|1.18221e+10,3.60243e+12|2.86853e+09|6.91628e+10|3.89256e+11|1.50714e+11|1.73332e+11|1.0536e+12|2.08861e+12|6.64782e+09|2.21525e+12|4.06702e+09|1.16403e+11|1.17307e+09|3.6866e+13|1.23797e+11|4.31884e+09,2.76437e-05|2.25049e-05|0.000306846|0.000136426|9.38774e-05|0.000917855|7.18356e-05|5.51855e-05|1.82941e-05|0.000726723|0.000745339|0.000240023|0.00053987|6.06714e-05|4.9143e-05|0.000324399,0.00205186|0.000185945|0.00506163|0.000622969|0.000903427|0.000866982|0.00188744|0.000708212|0.000249556|0.00167665|0.00900296|0.000212219|0.00150891|0.000455538|0.000571723|0.000327224,0.0144542|0.0430141|0.0248209|0.0222508|0.0210883|0.0448378|0.0428115|0.0406061|0.0313412|0.0017588|0.011818|0.0334165|0.0179336|0.0225523|0.00473199|0.0413395,0.0367363|0.0160199|0.0232879|0.00315586|0.00334129|0.0237781|0.0315533|0.0252881|0.0373635|0.00787617|0.00245588|0.0188367|0.0204335|0.0283967|0.00830313|0.0463752,0.95381|0.934272|0.90052|0.992031|0.956331|0.905731|0.933029|0.969974|0.984995|0.919553|0.914592|0.958778|0.940994|0.943873|0.968696|0.956752,3.46146|0.347274|4.94267|1.9519|1.43236|5.16612|4.1628|2.88844|1.71271|6.13073|0.397905|0.251924|3.97819|4.13907|2.44477|4.20312,79.8117|88.6198|13.2112|86.2435|67.4197|23.5709|31.5608|18.7034|63.8366|42.5138|72.2829|59.8148|55.4093|99.595|65.9961,0.20774|0.169026|0.185154|0.206725|0.168491|0.219061|0.214217|0.197276|0.190511|0.194076|0.211476|0.189151|0.200726|0.248024|0.245087,0.634164|0.804539|0.869928|0.579925|0.994842|0.130761|0.871174|0.138212|0.395131|0.446651|0.292448|0.531819|0.858389|0.527389|0.339228,0.965709,0.942107,0.00398666,0.0494591,0.601558,0.498619,0.0780554,0.491866,0.227373,0.94879,60.5101,3.47919e-12,34363,0.893945,38.3275,1.8046e-11,70899,0.813216,0.800213,0.0318416,0.894511,0.646291,0.467196,0.267079,0.496996,0.142828,0.968398,15.3538,7.25626e-13,62719,0.835188,71.1574,7.18405e-13,18924
1,108,n1->n11->n12->n13->n14->n24->n25->n15->n5->n6->n16->n17->n7->n8->n9->n10,2.31363e+13|1.83181e+09|6.50639e+11|4.50381e+10|4.81326e+11|1.6247e+13|3.34343e+12|3.20281e+09|1.66294e+09|3.11313e+11|1.22489e+11|4.00209e+11|9.24787e+09|4.30375e+13|5.91555e+11|1.18221e+10,3.60243e+12|1.61585e+09|6.91628e+10|3.40678e+10|4.44483e+11|1.42612e+13|1.01655e+12|2.0725e+09|4.18929e+08|9.70219e+10|1.60878e+10|1.16403e+11|1.17307e+09|3.6866e+13|1.23797e+11|4.31884e+09,2.76437e-05|6.09494e-05|0.000306846|5.57341e-05|0.00084559|1.7942e-05|8.18102e-05|9.19448e-05|4.44502e-05|0.000874519|0.000388598|0.000240023|0.00053987|6.06714e-05|4.9143e-05|0.000324399,0.00205186|0.0070437|0.00506163|0.00134945|0.0051438|0.00390461|0.000592493|0.0013452|0.00789389|0.000577384|0.00473624|0.000212219|0.00150891|0.000455538|0.000571723|0.000327224,0.0144542|0.0289489|0.0248209|0.0135171|0.00938046|0.0272838|0.01808|0.0491072|0.028843|0.0198763|0.0142199|0.0334165|0.0179336|0.0225523|0.00473199|0.0413395,0.0367363|0.00023094|0.0232879|0.00802942|0.0297136|0.0271748|0.0195753|0.0303606|0.0403095|0.0292376|0.0151898|0.0188367|0.0204335|0.0283967|0.00830313|0.0463752,0.95381|0.903661|0.90052|0.973616|0.983424|0.985398|0.908527|0.940373|0.916182|0.912165|0.983062|0.958778|0.940994|0.943873|0.968696|0.956752,3.46146|4.2752|4.94267|3.12017|2.35283|6.10602|0.486545|2.32468|6.14894|2.01744|0.15061|0.251924|3.97819|4.13907|2.44477|4.20312,30.2686|24.4191|13.9548|56.34|66.6304|18.2346|54.7186|35.0583|37.2729|50.0569|32.2763|59.8148|55.4093|99.595|65.9961,0.161965|0.205217|0.237358|0.19509|0.195265|0.183812|0.220733|0.200044|0.24829|0.248888|0.19197|0.189151|0.200726|0.248024|0.245087,0.56362|0.974022|0.503427|0.577651|0.280165|0.135604|0.337128|0.592289|0.138112|0.114607|0.413975|0.531819|0.858389|0.527389|0.339228,0.965709,0.942107,0.00398666,0.0494591,0.601558,0.498619,0.0780554,0.491866,0.227373,0.94879,60.5101,3.47919e-12,34363,0.893945,38.3275,1.8046e-11,70899,0.813216,0.800213,0.0318416,0.894511,0.646291,0.467196,0.267079,0.496996,0.142828,0.968398,15.3538,7.25626e-13,62719,0.835188,71.1574,7.18405e-13,18924
1,109,n1->n11->n21->n31->n32->n33->n34->n35->n36->n37->n27->n17->n7->n8->n9->n10,2.31363e+13|1.83181e+09|3.273e+13|4.06943e+12|1.52524e+11|1.54186e+12|1.74148e+12|2.28703e+12|1.1953e+10|3.57784e+09|1.24028e+10|4.00209e+11|9.24787e+09|4.30375e+13|5.91555e+11|1.18221e+10,3.60243e+12|1.61585e+09|3.63129e+12|6.00353e+11|1.50714e+11|1.73332e+11|1.0536e+12|2.08861e+12|6.64782e+09|3.23346e+09|4.06702e+09|1.16403e+11|1.17307e+09|3.6866e+13|1.23797e+11|4.31884e+09,2.76437e-05|6.09494e-05|0.0007443|0.000747032|9.38774e-05|0.000917855|7.18356e-05|5.51855e-05|1.82941e-05|2.03632e-05|0.000745339|0.000240023|0.00053987|6.06714e-05|4.9143e-05|0.000324399,0.00205186|0.0070437|0.00473098|0.000237579|0.000903427|0.000866982|0.00188744|0.000708212|0.000249556|0.000248504|0.00900296|0.000212219|0.00150891|0.000455538|0.000571723|0.000327224,0.0144542|0.0289489|0.00587522|0.00536562|0.0210883|0.0448378|0.0428115|0.0406061|0.0313412|0.0145665|0.011818|0.0334165|0.0179336|0.0225523|0.00473199|0.0413395,0.0367363|0.00023094|0.00299122|0.0248824|0.00334129|0.0237781|0.0315533|0.0252881|0.0373635|0.0264696|0.00245588|0.0188367|0.0204335|0.0283967|0.00830313|0.0463752,0.95381|0.903661|0.979297|0.949357|0.956331|0.905731|0.933029|0.969974|0.984995|0.983868|0.914592|0.958778|0.940994|0.943873|0.968696|0.956752,3.46146|4.2752|0.978654|3.19307|1.43236|5.16612|4.1628|2.88844|1.71271|4.77865|0.397905|0.251924|3.97819|4.13907|2.44477|4.20312,30.2686|65.1286|89.2299|63.0993|67.4197|23.5709|31.5608|18.7034|29.3504|44.8869|72.2829|59.8148|55.4093|99.595|65.9961,0.161965|0.183295|0.224223|0.229019|0.168491|0.219061|0.214217|0.197276|0.195346|0.17819|0.211476|0.189151|0.200726|0.248024|0.245087,0.56362|0.554091|0.993527|0.825759|0.994842|0.130761|0.871174|0.138212|0.482592|0.780984|0.292448|0.531819|0.858389|0.527389|0.339228,0.965709,0.942107,0.00398666,0.0494591,0.601558,0.498619,0.0780554,0.491866,0.227373,0.94879,60.5101,3.47919e-12,34363,0.893945,38.3275,1.8046e-11,70899,0.813216,0.800213,0.0318416,0.894511,0.646291,0.467196,0.267079,0.496996,0.142828,0.968398,15.3538,7.25626e-13,62719,0.835188,71.1574,7.18405e-13,18924
1,110,n1->n11->n12->n22->n32->n33->n34->n24->n25->n26->n16->n6->n7->n8->n9->n10,2.31363e+13|1.83181e+09|6.50639e+11|4.72597e+11|1.52524e+11|1.54186e+12|1.74148e+12|1.6247e+13|3.34343e+12|7.93139e+12|1.22489e+11|3.11313e+11|9.24787e+09|4.30375e+13|5.91555e+11|1.18221e+10,3.60243e+12|1.61585e+09|6.91628e+10|3.89256e+11|1.50714e+11|1.73332e+11|1.0536e+12|1.42612e+13|1.01655e+12|2.21525e+12|1.60878e+10|9.70219e+10|1.17307e+09|3.6866e+13|1.23797e+11|4.31884e+09,2.76437e-05|6.09494e-05|0.000306846|0.000136426|9.38774e-05|0.000917855|7.18356e-05|1.7942e-05|8.18102e-05|0.000726723|0.000388598|0.000874519|0.00053987|6.06714e-05|4.9143e-05|0.000324399,0.00205186|0.0070437|0.00506163|0.000622969|0.000903427|0.000866982|0.00188744|0.00390461|0.000592493|0.00167665|0.00473624|0.000577384|0.00150891|0.000455538|0.000571723|0.000327224,0.0144542|0.0289489|0.0248209|0.0222508|0.0210883|0.0448378|0.0428115|0.0272838|0.01808|0.0017588|0.0142199|0.0198763|0.0179336|0.0225523|0.00473199|0.0413395,0.0367363|0.00023094|0.0232879|0.00315586|0.00334129|0.0237781|0.0315533|0.0271748|0.0195753|0.00787617|0.0151898|0.0292376|0.0204335|0.0283967|0.00830313|0.0463752,0.95381|0.903661|0.90052|0.992031|0.956331|0.905731|0.933029|0.985398|0.908527|0.919553|0.983062|0.912165|0.940994|0.943873|0.968696|0.956752,3.46146|4.2752|4.94267|1.9519|1.43236|5.16612|4.1628|6.10602|0.486545|6.13073|0.15061|2.01744|3.97819|4.13907|2.44477|4.20312,30.2686|24.4191|13.2112|86.2435|67.4197|23.5709|58.7029|18.2346|55.6995|11.0615|50.0569|32.9383|55.4093|99.595|65.9961,0.161965|0.205217|0.185154|0.206725|0.168491|0.219061|0.169742|0.183812|0.184652|0.224508|0.248888|0.173207|0.200726|0.248024|0.245087,0.56362|0.974022|0.869928|0.579925|0.994842|0.130761|0.316224|0.135604|0.129529|0.519858|0.114607|0.402657|0.858389|0.527389|0.339228,0.965709,0.942107,0.00398666,0.0494591,0.601558,0.498619,0.0780554,0.491866,0.227373,0.94879,60.5101,3.47919e-12,34363,0.893945,38.3275,1.8046e-11,70899,0.813216,0.800213,0.0318416,0.894511,0.646291,0.467196,0.267079,0.496996,0.142828,0.968398,15.3538,7.25626e-13,62719,0.835188,71.1574,7.18405e-13,18924
1,111,n1->n2->n3->n4->n5->n6->n16->n26->n27->n17->n7->n8->n18->n19->n9->n10,2.31363e+13|1.08374e+10|6.12136e+10|3.77253e+09|1.66294e+09|3.11313e+11|1.22489e+11|7.93139e+12|1.24028e+10|4.00209e+11|9.24787e+09|4.30375e+13|2.03534e+11|1.05918e+11|5.91555e+11|1.18221e+10,3.60243e+12|2.86853e+09|1.1263e+10|1.57109e+09|4.18929e+08|9.70219e+10|1.60878e+10|2.21525e+12|4.06702e+09|1.16403e+11|1.17307e+09|3.6866e+13|6.77465e+10|6.82244e+10|1.23797e+11|4.31884e+09,2.76437e-05|2.25049e-05|0.00016633|1.75363e-05|4.44502e-05|0.000874519|0.000388598|0.000726723|0.000745339|0.000240023|0.00053987|6.06714e-05|2.6832e-05|0.000888862|4.9143e-05|0.000324399,0.00205186|0.000185945|0.000257502|0.00506716|0.00789389|0.000577384|0.00473624|0.00167665|0.00900296|0.000212219|0.00150891|0.000455538|0.000190216|0.000145034|0.000571723|0.000327224,0.0144542|0.0430141|0.0444183|0.0377136|0.028843|0.0198763|0.0142199|0.0017588|0.011818|0.0334165|0.0179336|0.0225523|0.00942372|0.0325835|0.00473199|0.0413395,0.0367363|0.0160199|0.0464833|0.0409904|0.0403095|0.0292376|0.0151898|0.00787617|0.00245588|0.0188367|0.0204335|0.0283967|0.0172071|0.0435705|0.00830313|0.0463752,0.95381|0.934272|0.909484|0.949976|0.916182|0.912165|0.983062|0.919553|0.914592|0.958778|0.940994|0.943873|0.909197|0.960252|0.968696|0.956752,3.46146|0.347274|0.674833|6.26231|6.14894|2.01744|0.15061|6.13073|0.397905|0.251924|3.97819|4.13907|5.95219|2.69565|2.44477|4.20312,79.8117|37.015|10.4739|81.7362|37.2729|50.0569|11.0615|42.5138|72.2829|59.8148|55.4093|81.3396|28.0546|99.0064|65.9961,0.20774|0.191035|0.244816|0.185633|0.24829|0.248888|0.224508|0.194076|0.211476|0.189151|0.200726|0.171783|0.241008|0.205366|0.245087,0.634164|0.479152|0.120042|0.8088|0.138112|0.114607|0.519858|0.446651|0.292448|0.531819|0.858389|0.146549|0.408385|0.181632|0.339228,0.965709,0.942107,0.00398666,0.0494591,0.601558,0.498619,0.0780554,0.491866,0.227373,0.94879,60.5101,3.47919e-12,34363,0.893945,38.3275,1.8046e-11,70899,0.813216,0.800213,0.0318416,0.894511,0.646291,0.467196,0.267079,0.496996,0.142828,0.968398,15.3538,7.25626e-13,62719,0.835188,71.1574,7.18405e-13,18924
1,112,n1->n2->n12->n13->n3->n4->n5->n15->n16->n17->n7->n8->n18->n19->n9->n10,2.31363e+13|1.08374e+10|6.50639e+11|4.50381e+10|6.12136e+10|3.77253e+09|1.66294e+09|3.20281e+09|1.22489e+11|4.00209e+11|9.24787e+09|4.30375e+13|2.03534e+11|1.05918e+11|5.91555e+11|1.18221e+10,3.60243e+12|2.86853e+09|6.91628e+10|3.40678e+10|1.1263e+10|1.57109e+09|4.18929e+08|2.0725e+09|1.60878e+10|1.16403e+11|1.17307e+09|3.6866e+13|6.77465e+10|6.82244e+10|1.23797e+11|4.31884e+09,2.76437e-05|2.25049e-05|0.000306846|5.57341e-05|0.00016633|1.75363e-05|4.44502e-05|9.19448e-05|0.000388598|0.000240023|0.00053987|6.06714e-05|2.6832e-05|0.000888862|4.9143e-05|0.000324399,0.00205186|0.000185945|0.00506163|0.00134945|0.000257502|0.00506716|0.00789389|0.0013452|0.00473624|0.000212219|0.00150891|0.000455538|0.000190216|0.000145034|0.000571723|0.000327224,0.0144542|0.0430141|0.0248209|0.0135171|0.0444183|0.0377136|0.028843|0.0491072|0.0142199|0.0334165|0.0179336|0.0225523|0.00942372|0.0325835|0.00473199|0.0413395,0.0367363|0.0160199|0.0232879|0.00802942|0.0464833|0.0409904|0.0403095|0.0303606|0.0151898|0.0188367|0.0204335|0.0283967|0.0172071|0.0435705|0.00830313|0.0463752,0.95381|0.934272|0.90052|0.973616|0.909484|0.949976|0.916182|0.940373|0.983062|0.958778|0.940994|0.943873|0.909197|0.960252|0.968696|0.956752,3.46146|0.347274|4.94267|3.12017|0.674833|6.26231|6.14894|2.32468|0.15061|0.251924|3.97819|4.13907|5.95219|2.69565|2.44477|4.20312,79.8117|88.6198|13.9548|83.9106|10.4739|81.7362|35.0583|56.2706|32.2763|59.8148|55.4093|81.3396|28.0546|99.0064|65.9961,0.20774|0.169026|0.237358|0.214124|0.244816|0.185633|0.200044|0.221203|0.19197|0.189151|0.200726|0.171783|0.241008|0.205366|0.245087,0.634164|0.804539|0.503427|0.78746|0.120042|0.8088|0.592289|0.263189|0.413975|0.531819|0.858389|0.146549|0.408385|0.181632|0.339228,0.965709,0.942107,0.00398666,0.0494591,0.601558,0.498619,0.0780554,0.491866,0.227373,0.94879,60.5101,3.47919e-12,34363,0.893945,38.3275,1.8046e-11,70899,0.813216,0.800213,0.0318416,0.894511,0.646291,0.467196,0.267079,0.496996,0.142828,0.968398,15.3538,7.25626e-13,62719,0.835188,71.1574,7.18405e-13,18924
1,113,n1->n11->n12->n22->n23->n24->n25->n26->n27->n37->n38->n39->n29->n30->n20->n10,2.31363e+13|1.83181e+09|6.50639e+11|4.72597e+11|8.84744e+09|1.6247e+13|3.34343e+12|7.93139e+12|1.24028e+10|3.57784e+09|3.47366e+12|5.63895e+11|2.09259e+13|7.14276e+12|1.43015e+11|1.18221e+10,3.60243e+12|1.61585e+09|6.91628e+10|3.89256e+11|1.70948e+09|1.42612e+13|1.01655e+12|2.21525e+12|4.06702e+09|3.23346e+09|5.19958e+11|2.85908e+11|1.86006e+13|2.47938e+12|1.55339e+10|4.31884e+09,2.76437e-05|6.09494e-05|0.000306846|0.000136426|0.000848685|1.7942e-05|8.18102e-05|0.000726723|0.000745339|2.03632e-05|5.19237e-05|1.37995e-05|4.96365e-05|2.32069e-05|0.000117274|0.000324399,0.00205186|0.0070437|0.00506163|0.000622969|0.000154373|0.00390461|0.000592493|0.00167665|0.00900296|0.000248504|0.000905336|0.00091674|0.00015176|0.000437994|0.00970702|0.000327224,0.0144542|0.0289489|0.0248209|0.0222508|0.0433652|0.0272838|0.01808|0.0017588|0.011818|0.0145665|0.0073713|0.0391106|0.0112964|0.0326596|0.0479354|0.0413395,0.0367363|0.00023094|0.0232879|0.00315586|0.0353922|0.0271748|0.0195753|0.00787617|0.00245588|0.0264696|0.0136715|0.0373995|0.0218921|0.0336427|0.00201996|0.0463752,0.95381|0.903661|0.90052|0.992031|0.978852|0.985398|0.908527|0.919553|0.914592|0.983868|0.929292|0.977432|0.989841|0.941302|0.967051|0.956752,3.46146|4.2752|4.94267|1.9519|6.13175|6.10602|0.486545|6.13073|0.397905|4.77865|0.7997|2.81638|2.37699|1.43662|1.89604|4.20312,30.2686|24.4191|13.2112|55.8812|67.5745|18.2346|55.6995|42.5138|44.8869|37.0378|69.5993|44.1502|83.4704|23.9015|29.3778,0.161965|0.205217|0.185154|0.190738|0.176012|0.183812|0.184652|0.194076|0.17819|0.240437|0.197597|0.228828|0.188312|0.232625|0.198129,0.56362|0.974022|0.869928|0.246571|0.651798|0.135604|0.129529|0.446651|0.780984|0.483374|0.331635|0.859845|0.796545|0.943217|0.937095,0.965709,0.942107,0.00398666,0.0494591,0.601558,0.498619,0.0780554,0.491866,0.227373,0.94879,60.5101,3.47919e-12,34363,0.893945,38.3275,1.8046e-11,70899,0.813216,0.800213,0.0318416,0.894511,0.646291,0.467196,0.267079,0.496996,0.142828,0.968398,15.3538,7.25626e-13,62719,0.835188,71.1574,7.18405e-13,18924
1,114,n1->n2->n12->n11->n21->n22->n23->n13->n14->n15->n5->n6->n7->n8->n9->n10,2.31363e+13|1.08374e+10|6.50639e+11|1.83181e+09|3.273e+13|4.72597e+11|8.84744e+09|4.50381e+10|4.81326e+11|3.20281e+09|1.66294e+09|3.11313e+11|9.24787e+09|4.30375e+13|5.91555e+11|1.18221e+10,3.60243e+12|2.86853e+09|6.91628e+10|1.61585e+09|3.63129e+12|3.89256e+11|1.70948e+09|3.40678e+10|4.44483e+11|2.0725e+09|4.18929e+08|9.70219e+10|1.17307e+09|3.6866e+13|1.23797e+11|4.31884e+09,2.76437e-05|2.25049e-05|0.000306846|6.09494e-05|0.0007443|0.000136426|0.000848685|5.57341e-05|0.00084559|9.19448e-05|4.44502e-05|0.000874519|0.00053987|6.06714e-05|4.9143e-05|0.000324399,0.00205186|0.000185945|0.00506163|0.0070437|0.00473098|0.000622969|0.000154373|0.00134945|0.0051438|0.0013452|0.00789389|0.000577384|0.00150891|0.000455538|0.000571723|0.000327224,0.0144542|0.0430141|0.0248209|0.0289489|0.00587522|0.0222508|0.0433652|0.0135171|0.00938046|0.0491072|0.028843|0.0198763|0.0179336|0.0225523|0.00473199|0.0413395,0.0367363|0.0160199|0.0232879|0.00023094|0.00299122|0.00315586|0.0353922|0.00802942|0.0297136|0.0303606|0.0403095|0.0292376|0.0204335|0.0283967|0.00830313|0.0463752,0.95381|0.934272|0.90052|0.903661|0.979297|0.992031|0.978852|0.973616|0.983424|0.940373|0.916182|0.912165|0.940994|0.943873|0.968696|0.956752,3.46146|0.347274|4.94267|4.2752|0.978654|1.9519|6.13175|3.12017|2.35283|2.32468|6.14894|2.01744|3.97819|4.13907|2.44477|4.20312,79.8117|88.6198|24.4191|65.1286|34.0839|55.8812|51.9585|56.34|92.5451|35.0583|37.2729|32.9383|55.4093|99.595|65.9961,0.20774|0.169026|0.205217|0.183295|0.214588|0.190738|0.247887|0.19509|0.187126|0.200044|0.24829|0.173207|0.200726|0.248024|0.245087,0.634164|0.804539|0.974022|0.554091|0.739323|0.246571|0.267835|0.577651|0.127963|0.592289|0.138112|0.402657|0.858389|0.527389|0.339228,0.965709,0.942107,0.00398666,0.0494591,0.601558,0.498619,0.0780554,0.491866,0.227373,0.94879,60.5101,3.47919e-12,34363,0.893945,38.3275,1.8046e-11,70899,0.813216,0.800213,0.0318416,0.894511,0.646291,0.467196,0.267079,0.496996,0.142828,0.968398,15.3538,7.25626e-13,62719,0.835188,71.1574,7.18405e-13,18924
1,115,n1->n11->n12->n13->n14->n24->n34->n35->n36->n37->n38->n28->n29->n30->n20->n10,2.31363e+13|1.83181e+09|6.50639e+11|4.50381e+10|4.81326e+11|1.6247e+13|1.74148e+12|2.28703e+12|1.1953e+10|3.57784e+09|3.47366e+12|9.45412e+09|2.09259e+13|7.14276e+12|1.43015e+11|1.18221e+10,3.60243e+12|1.61585e+09|6.91628e+10|3.40678e+10|4.44483e+11|1.42612e+13|1.0536e+12|2.08861e+12|6.64782e+09|3.23346e+09|5.19958e+11|3.50099e+09|1.86006e+13|2.47938e+12|1.55339e+10|4.31884e+09,2.76437e-05|6.09494e-05|0.000306846|5.57341e-05|0.00084559|1.7942e-05|7.18356e-05|5.51855e-05|1.82941e-05|2.03632e-05|5.19237e-05|0.000668186|4.96365e-05|2.32069e-05|0.000117274|0.000324399,0.00205186|0.0070437|0.00506163|0.00134945|0.0051438|0.00390461|0.00188744|0.000708212|0.000249556|0.000248504|0.000905336|0.00118696|0.00015176|0.000437994|0.00970702|0.000327224,0.0144542|0.0289489|0.0248209|0.0135171|0.00938046|0.0272838|0.0428115|0.0406061|0.0313412|0.0145665|0.0073713|0.0312995|0.0112964|0.0326596|0.0479354|0.0413395,0.0367363|0.00023094|0.0232879|0.00802942|0.0297136|0.0271748|0.0315533|0.0252881|0.0373635|0.0264696|0.0136715|0.0100934|0.0218921|0.0336427|0.00201996|0.0463752,0.95381|0.903661|0.90052|0.973616|0.983424|0.985398|0.933029|0.969974|0.984995|0.983868|0.929292|0.976055|0.989841|0.941302|0.967051|0.956752,3.46146|4.2752|4.94267|3.12017|2.35283|6.10602|4.1628|2.88844|1.71271|4.77865|0.7997|3.88168|2.37699|1.43662|1.89604|4.20312,30.2686|24.4191|13.9548|56.34|66.6304|58.7029|31.5608|18.7034|29.3504|37.0378|23.518|39.0733|83.4704|23.9015|29.3778,0.161965|0.205217|0.237358|0.19509|0.195265|0.169742|0.214217|0.197276|0.195346|0.240437|0.20538|0.249173|0.188312|0.232625|0.198129,0.56362|0.974022|0.503427|0.577651|0.280165|0.316224|0.871174|0.138212|0.482592|0.483374|0.578641|0.935674|0.796545|0.943217|0.937095,0.965709,0.942107,0.00398666,0.0494591,0.601558,0.498619,0.0780554,0.491866,0.227373,0.94879,60.5101,3.47919e-12,34363,0.893945,38.3275,1.8046e-11,70899,0.813216,0.800213,0.0318416,0.894511,0.646291,0.467196,0.267079,0.496996,0.142828,0.968398,15.3538,7.25626e-13,62719,0.835188,71.1574,7.18405e-13,18924
1,116,n1->n2->n12->n22->n23->n24->n25->n35->n36->n37->n38->n39->n29->n30->n20->n10,2.31363e+13|1.08374e+10|6.50639e+11|4.72597e+11|8.84744e+09|1.6247e+13|3.34343e+12|2.28703e+12|1.1953e+10|3.57784e+09|3.47366e+12|5.63895e+11|2.09259e+13|7.14276e+12|1.43015e+11|1.18221e+10,3.60243e+12|2.86853e+09|6.91628e+10|3.89256e+11|1.70948e+09|1.42612e+13|1.01655e+12|2.08861e+12|6.64782e+09|3.23346e+09|5.19958e+11|2.85908e+11|1.86006e+13|2.47938e+12|1.55339e+10|4.31884e+09,2.76437e-05|2.25049e-05|0.000306846|0.000136426|0.000848685|1.7942e-05|8.18102e-05|5.51855e-05|1.82941e-05|2.03632e-05|5.19237e-05|1.37995e-05|4.96365e-05|2.32069e-05|0.000117274|0.000324399,0.00205186|0.000185945|0.00506163|0.000622969|0.000154373|0.00390461|0.000592493|0.000708212|0.000249556|0.000248504|0.000905336|0.00091674|0.00015176|0.000437994|0.00970702|0.000327224,0.0144542|0.0430141|0.0248209|0.0222508|0.0433652|0.0272838|0.01808|0.0406061|0.0313412|0.0145665|0.0073713|0.0391106|0.0112964|0.0326596|0.0479354|0.0413395,0.0367363|0.0160199|0.0232879|0.00315586|0.0353922|0.0271748|0.0195753|0.0252881|0.0373635|0.0264696|0.0136715|0.0373995|0.0218921|0.0336427|0.00201996|0.0463752,0.95381|0.934272|0.90052|0.992031|0.978852|0.985398|0.908527|0.969974|0.984995|0.983868|0.929292|0.977432|0.989841|0.941302|0.967051|0.956752,3.46146|0.347274|4.94267|1.9519|6.13175|6.10602|0.486545|2.88844|1.71271|4.77865|0.7997|2.81638|2.37699|1.43662|1.89604|4.20312,79.8117|88.6198|13.2112|55.8812|67.5745|18.2346|88.4205|18.7034|29.3504|37.0378|69.5993|44.1502|83.4704|23.9015|29.3778,0.20774|0.169026|0.185154|0.190738|0.176012|0.183812|0.185142|0.197276|0.195346|0.240437|0.197597|0.228828|0.188312|0.232625|0.198129,0.634164|0.804539|0.869928|0.246571|0.651798|0.135604|0.273648|0.138212|0.482592|0.483374|0.331635|0.859845|0.796545|0.943217|0.937095,0.965709,0.942107,0.00398666,0.0494591,0.601558,0.498619,0.0780554,0.491866,0.227373,0.94879,60.5101,3.47919e-12,34363,0.893945,38.3275,1.8046e-11,70899,0.813216,0.800213,0.0318416,0.894511,0.646291,0.467196,0.267079,0.496996,0.142828,0.968398,15.3538,7.25626e-13,62719,0.835188,71.1574,7.18405e-13,18924
1,117,n1->n2->n3->n4->n14->n15->n5->n6->n7->n8->n18->n28->n29->n30->n20->n10,2.31363e+13|1.08374e+10|6.12136e+10|3.77253e+09|4.81326e+11|3.20281e+09|1.66294e+09|3.11313e+11|9.24787e+09|4.30375e+13|2.03534e+11|9.45412e+09|2.09259e+13|7.14276e+12|1.43015e+11|1.18221e+10,3.60243e+12|2.86853e+09|1.1263e+10|1.57109e+09|4.44483e+11|2.0725e+09|4.18929e+08|9.70219e+10|1.17307e+09|3.6866e+13|6.77465e+10|3.50099e+09|1.86006e+13|2.47938e+12|1.55339e+10|4.31884e+09,2.76437e-05|2.25049e-05|0.00016633|1.75363e-05|0.00084559|9.19448e-05|4.44502e-05|0.000874519|0.00053987|6.06714e-05|2.6832e-05|0.000668186|4.96365e-05|2.32069e-05|0.000117274|0.000324399,0.00205186|0.000185945|0.000257502|0.00506716|0.0051438|0.0013452|0.00789389|0.000577384|0.00150891|0.000455538|0.000190216|0.00118696|0.00015176|0.000437994|0.00970702|0.000327224,0.0144542|0.0430141|0.0444183|0.0377136|0.00938046|0.0491072|0.028843|0.0198763|0.0179336|0.0225523|0.00942372|0.0312995|0.0112964|0.0326596|0.0479354|0.0413395,0.0367363|0.0160199|0.0464833|0.0409904|0.0297136|0.0303606|0.0403095|0.0292376|0.0204335|0.0283967|0.0172071|0.0100934|0.0218921|0.0336427|0.00201996|0.0463752,0.95381|0.934272|0.909484|0.949976|0.983424|0.940373|0.916182|0.912165|0.940994|0.943873|0.909197|0.976055|0.989841|0.941302|0.967051|0.956752,3.46146|0.347274|0.674833|6.26231|2.35283|2.32468|6.14894|2.01744|3.97819|4.13907|5.95219|3.88168|2.37699|1.43662|1.89604|4.20312,79.8117|37.015|10.4739|52.1141|92.5451|35.0583|37.2729|32.9383|55.4093|81.3396|43.2583|39.0733|83.4704|23.9015|29.3778,0.20774|0.191035|0.244816|0.216912|0.187126|0.200044|0.24829|0.173207|0.200726|0.171783|0.163508|0.249173|0.188312|0.232625|0.198129,0.634164|0.479152|0.120042|0.936246|0.127963|0.592289|0.138112|0.402657|0.858389|0.146549|0.54514|0.935674|0.796545|0.943217|0.937095,0.965709,0.942107,0.00398666,0.0494591,0.601558,0.498619,0.0780554,0.491866,0.227373,0.94879,60.5101,3.47919e-12,34363,0.893945,38.3275,1.8046e-11,70899,0.813216,0.800213,0.0318416,0.894511,0.646291,0.467196,0.267079,0.496996,0.142828,0.968398,15.3538,7.25626e-13,62719,0.835188,71.1574,7.18405e-13,18924
1,118,n1->n11->n21->n31->n32->n22->n23->n24->n25->n15->n5->n6->n7->n8->n9->n10,2.31363e+13|1.83181e+09|3.273e+13|4.06943e+12|1.52524e+11|4.72597e+11|8.84744e+09|1.6247e+13|3.34343e+12|3.20281e+09|1.66294e+09|3.11313e+11|9.24787e+09|4.30375e+13|5.91555e+11|1.18221e+10,3.60243e+12|1.61585e+09|3.63129e+12|6.00353e+11|1.50714e+11|3.89256e+11|1.70948e+09|1.42612e+13|1.01655e+12|2.0725e+09|4.18929e+08|9.70219e+10|1.17307e+09|3.6866e+13|1.23797e+11|4.31884e+09,2.76437e-05|6.09494e-05|0.0007443|0.000747032|9.38774e-05|0.000136426|0.000848685|1.7942e-05|8.18102e-05|9.19448e-05|4.44502e-05|0.000874519|0.00053987|6.06714e-05|4.9143e-05|0.000324399,0.00205186|0.0070437|0.00473098|0.000237579|0.000903427|0.000622969|0.000154373|0.00390461|0.000592493|0.0013452|0.00789389|0.000577384|0.00150891|0.000455538|0.000571723|0.000327224,0.0144542|0.0289489|0.00587522|0.00536562|0.0210883|0.0222508|0.0433652|0.0272838|0.01808|0.0491072|0.028843|0.0198763|0.0179336|0.0225523|0.00473199|0.0413395,0.0367363|0.00023094|0.00299122|0.0248824|0.00334129|0.00315586|0.0353922|0.0271748|0.0195753|0.0303606|0.0403095|0.0292376|0.0204335|0.0283967|0.00830313|0.0463752,0.95381|0.903661|0.979297|0.949357|0.956331|0.992031|0.978852|0.985398|0.908527|0.940373|0.916182|0.912165|0.940994|0.943873|0.968696|0.956752,3.46146|4.2752|0.978654|3.19307|1.43236|1.9519|6.13175|6.10602|0.486545|2.32468|6.14894|2.01744|3.97819|4.13907|2.44477|4.20312,30.2686|65.1286|89.2299|63.0993|86.2435|55.8812|67.5745|18.2346|54.7186|35.0583|37.2729|32.9383|55.4093|99.595|65.9961,0.161965|0.183295|0.224223|0.229019|0.206725|0.190738|0.176012|0.183812|0.220733|0.200044|0.24829|0.173207|0.200726|0.248024|0.245087,0.56362|0.554091|0.993527|0.825759|0.579925|0.246571|0.651798|0.135604|0.337128|0.592289|0.138112|0.402657|0.858389|0.527389|0.339228,0.965709,0.942107,0.00398666,0.0494591,0.601558,0.498619,0.0780554,0.491866,0.227373,0.94879,60.5101,3.47919e-12,34363,0.893945,38.3275,1.8046e-11,70899,0.813216,0.800213,0.0318416,0.894511,0.646291,0.467196,0.267079,0.496996,0.142828,0.968398,15.3538,7.25626e-13,62719,0.835188,71.1574,7.18405e-13,18924
1,119,n1->n11->n21->n22->n32->n33->n23->n24->n14->n4->n5->n6->n7->n8->n9->n10,2.31363e+13|1.83181e+09|3.273e+13|4.72597e+11|1.52524e+11|1.54186e+12|8.84744e+09|1.6247e+13|4.81326e+11|3.77253e+09|1.66294e+09|3.11313e+11|9.24787e+09|4.30375e+13|5.91555e+11|1.18221e+10,3.60243e+12|1.61585e+09|3.63129e+12|3.89256e+11|1.50714e+11|1.73332e+11|1.70948e+09|1.42612e+13|4.44483e+11|1.57109e+09|4.18929e+08|9.70219e+10|1.17307e+09|3.6866e+13|1.23797e+11|4.31884e+09,2.76437e-05|6.09494e-05|0.0007443|0.000136426|9.38774e-05|0.000917855|0.000848685|1.7942e-05|0.00084559|1.75363e-05|4.44502e-05|0.000874519|0.00053987|6.06714e-05|4.9143e-05|0.000324399,0.00205186|0.0070437|0.00473098|0.000622969|0.000903427|0.000866982|0.000154373|0.00390461|0.0051438|0.00506716|0.00789389|0.000577384|0.00150891|0.000455538|0.000571723|0.000327224,0.0144542|0.0289489|0.00587522|0.0222508|0.0210883|0.0448378|0.0433652|0.0272838|0.00938046|0.0377136|0.028843|0.0198763|0.0179336|0.0225523|0.00473199|0.0413395,0.0367363|0.00023094|0.00299122|0.00315586|0.00334129|0.0237781|0.0353922|0.0271748|0.0297136|0.0409904|0.0403095|0.0292376|0.0204335|0.0283967|0.00830313|0.0463752,0.95381|0.903661|0.979297|0.992031|0.956331|0.905731|0.978852|0.985398|0.983424|0.949976|0.916182|0.912165|0.940994|0.943873|0.968696|0.956752,3.46146|4.2752|0.978654|1.9519|1.43236|5.16612|6.13175|6.10602|2.35283|6.26231|6.14894|2.01744|3.97819|4.13907|2.44477|4.20312,30.2686|65.1286|34.0839|86.2435|67.4197|76.7594|67.5745|66.6304|52.1141|81.7362|37.2729|32.9383|55.4093|99.595|65.9961,0.161965|0.183295|0.214588|0.206725|0.168491|0.161271|0.176012|0.195265|0.216912|0.185633|0.24829|0.173207|0.200726|0.248024|0.245087,0.56362|0.554091|0.739323|0.579925|0.994842|0.934902|0.651798|0.280165|0.936246|0.8088|0.138112|0.402657|0.858389|0.527389|0.339228,0.965709,0.942107,0.00398666,0.0494591,0.601558,0.498619,0.0780554,0.491866,0.227373,0.94879,60.5101,3.47919e-12,34363,0.893945,38.3275,1.8046e-11,70899,0.813216,0.800213,0.0318416,0.894511,0.646291,0.467196,0.267079,0.496996,0.142828,0.968398,15.3538,7.25626e-13,62719,0.835188,71.1574,7.18405e-13,18924
1,120,n1->n11->n21->n22->n12->n13->n3->n4->n14->n15->n16->n6->n7->n8->n9->n10,2.31363e+13|1.83181e+09|3.273e+13|4.72597e+11|6.50639e+11|4.50381e+10|6.12136e+10|3.77253e+09|4.81326e+11|3.20281e+09|1.22489e+11|3.11313e+11|9.24787e+09|4.30375e+13|5.91555e+11|1.18221e+10,3.60243e+12|1.61585e+09|3.63129e+12|3.89256e+11|6.91628e+10|3.40678e+10|1.1263e+10|1.57109e+09|4.44483e+11|2.0725e+09|1.60878e+10|9.70219e+10|1.17307e+09|3.6866e+13|1.23797e+11|4.31884e+09,2.76437e-05|6.09494e-05|0.0007443|0.000136426|0.000306846|5.57341e-05|0.00016633|1.75363e-05|0.00084559|9.19448e-05|0.000388598|0.000874519|0.00053987|6.06714e-05|4.9143e-05|0.000324399,0.00205186|0.0070437|0.00473098|0.000622969|0.00506163|0.00134945|0.000257502|0.00506716|0.0051438|0.0013452|0.00473624|0.000577384|0.00150891|0.000455538|0.000571723|0.000327224,0.0144542|0.0289489|0.00587522|0.0222508|0.0248209|0.0135171|0.0444183|0.0377136|0.00938046|0.0491072|0.0142199|0.0198763|0.0179336|0.0225523|0.00473199|0.0413395,0.0367363|0.00023094|0.00299122|0.00315586|0.0232879|0.00802942|0.0464833|0.0409904|0.0297136|0.0303606|0.0151898|0.0292376|0.0204335|0.0283967|0.00830313|0.0463752,0.95381|0.903661|0.979297|0.992031|0.90052|0.973616|0.909484|0.949976|0.983424|0.940373|0.983062|0.912165|0.940994|0.943873|0.968696|0.956752,3.46146|4.2752|0.978654|1.9519|4.94267|3.12017|0.674833|6.26231|2.35283|2.32468|0.15061|2.01744|3.97819|4.13907|2.44477|4.20312,30.2686|65.1286|34.0839|13.2112|13.9548|83.9106|10.4739|52.1141|92.5451|56.2706|50.0569|32.9383|55.4093|99.595|65.9961,0.161965|0.183295|0.214588|0.185154|0.237358|0.214124|0.244816|0.216912|0.187126|0.221203|0.248888|0.173207|0.200726|0.248024|0.245087,0.56362|0.554091|0.739323|0.869928|0.503427|0.78746|0.120042|0.936246|0.127963|0.263189|0.114607|0.402657|0.858389|0.527389|0.339228,0.965709,0.942107,0.00398666,0.0494591,0.601558,0.498619,0.0780554,0.491866,0.227373,0.94879,60.5101,3.47919e-12,34363,0.893945,38.3275,1.8046e-11,70899,0.813216,0.800213,0.0318416,0.894511,0.646291,0.467196,0.267079,0.496996,0.142828,0.968398,15.3538,7.25626e-13,62719,0.835188,71.1574,7.18405e-13,18924
1,121,n1->n2->n12->n11->n21->n31->n32->n22->n23->n24->n14->n15->n16->n6->n7->n8->n9->n10,2.31363e+13|1.08374e+10|6.50639e+11|1.83181e+09|3.273e+13|4.06943e+12|1.52524e+11|4.72597e+11|8.84744e+09|1.6247e+13|4.81326e+11|3.20281e+09|1.22489e+11|3.11313e+11|9.24787e+09|4.30375e+13|5.91555e+11|1.18221e+10,3.60243e+12|2.86853e+09|6.91628e+10|1.61585e+09|3.63129e+12|6.00353e+11|1.50714e+11|3.89256e+11|1.70948e+09|1.42612e+13|4.44483e+11|2.0725e+09|1.60878e+10|9.70219e+10|1.17307e+09|3.6866e+13|1.23797e+11|4.31884e+09,2.76437e-05|2.25049e-05|0.000306846|6.09494e-05|0.0007443|0.000747032|9.38774e-05|0.000136426|0.000848685|1.7942e-05|0.00084559|9.19448e-05|0.000388598|0.000874519|0.00053987|6.06714e-05|4.9143e-05|0.000324399,0.00205186|0.000185945|0.00506163|0.0070437|0.00473098|0.000237579|0.000903427|0.000622969|0.000154373|0.00390461|0.0051438|0.0013452|0.00473624|0.000577384|0.00150891|0.000455538|0.000571723|0.000327224,0.0144542|0.0430141|0.0248209|0.0289489|0.00587522|0.00536562|0.0210883|0.0222508|0.0433652|0.0272838|0.00938046|0.0491072|0.0142199|0.0198763|0.0179336|0.0225523|0.00473199|0.0413395,0.0367363|0.0160199|0.0232879|0.00023094|0.00299122|0.0248824|0.00334129|0.00315586|0.0353922|0.0271748|0.0297136|0.0303606|0.0151898|0.0292376|0.0204335|0.0283967|0.00830313|0.0463752,0.95381|0.934272|0.90052|0.903661|0.979297|0.949357|0.956331|0.992031|0.978852|0.985398|0.983424|0.940373|0.983062|0.912165|0.940994|0.943873|0.968696|0.956752,3.46146|0.347274|4.94267|4.2752|0.978654|3.19307|1.43236|1.9519|6.13175|6.10602|2.35283|2.32468|0.15061|2.01744|3.97819|4.13907|2.44477|4.20312,79.8117|88.6198|24.4191|65.1286|89.2299|63.0993|86.2435|55.8812|67.5745|66.6304|92.5451|56.2706|50.0569|32.9383|55.4093|99.595|65.9961,0.20774|0.169026|0.205217|0.183295|0.224223|0.229019|0.206725|0.190738|0.176012|0.195265|0.187126|0.221203|0.248888|0.173207|0.200726|0.248024|0.245087,0.634164|0.804539|0.974022|0.554091|0.993527|0.825759|0.579925|0.246571|0.651798|0.280165|0.127963|0.263189|0.114607|0.402657|0.858389|0.527389|0.339228,0.965709,0.942107,0.00398666,0.0494591,0.601558,0.498619,0.0780554,0.491866,0.227373,0.94879,60.5101,3.47919e-12,34363,0.893945,38.3275,1.8046e-11,70899,0.813216,0.800213,0.0318416,0.894511,0.646291,0.467196,0.267079,0.496996,0.142828,0.968398,15.3538,7.25626e-13,62719,0.835188,71.1574,7.18405e-13,18924
1,122,n1->n2->n3->n4->n5->n6->n16->n17->n7->n8->n9->n19->n18->n28->n29->n30->n20->n10,2.31363e+13|1.08374e+10|6.12136e+10|3.77253e+09|1.66294e+09|3.11313e+11|1.22489e+11|4.00209e+11|9.24787e+09|4.30375e+13|5.91555e+11|1.05918e+11|2.03534e+11|9.45412e+09|2.09259e+13|7.14276e+12|1.43015e+11|1.18221e+10,3.60243e+12|2.86853e+09|1.1263e+10|1.57109e+09|4.18929e+08|9.70219e+10|1.60878e+10|1.16403e+11|1.17307e+09|3.6866e+13|1.23797e+11|6.82244e+10|6.77465e+10|3.50099e+09|1.86006e+13|2.47938e+12|1.55339e+10|4.31884e+09,2.76437e-05|2.25049e-05|0.00016633|1.75363e-05|4.44502e-05|0.000874519|0.000388598|0.000240023|0.00053987|6.06714e-05|4.9143e-05|0.000888862|2.6832e-05|0.000668186|4.96365e-05|2.32069e-05|0.000117274|0.000324399,0.00205186|0.000185945|0.000257502|0.00506716|0.00789389|0.000577384|0.00473624|0.000212219|0.00150891|0.000455538|0.000571723|0.000145034|0.000190216|0.00118696|0.00015176|0.000437994|0.00970702|0.000327224,0.0144542|0.0430141|0.0444183|0.0377136|0.028843|0.0198763|0.0142199|0.0334165|0.0179336|0.0225523|0.00473199|0.0325835|0.00942372|0.0312995|0.0112964|0.0326596|0.0479354|0.0413395,0.0367363|0.0160199|0.0464833|0.0409904|0.0403095|0.0292376|0.0151898|0.0188367|0.0204335|0.0283967|0.00830313|0.0435705|0.0172071|0.0100934|0.0218921|0.0336427|0.00201996|0.0463752,0.95381|0.934272|0.909484|0.949976|0.916182|0.912165|0.983062|0.958778|0.940994|0.943873|0.968696|0.960252|0.909197|0.976055|0.989841|0.941302|0.967051|0.956752,3.46146|0.347274|0.674833|6.26231|6.14894|2.01744|0.15061|0.251924|3.97819|4.13907|2.44477|2.69565|5.95219|3.88168|2.37699|1.43662|1.89604|4.20312,79.8117|37.015|10.4739|81.7362|37.2729|50.0569|32.2763|59.8148|55.4093|99.595|99.0064|28.0546|43.2583|39.0733|83.4704|23.9015|29.3778,0.20774|0.191035|0.244816|0.185633|0.24829|0.248888|0.19197|0.189151|0.200726|0.248024|0.205366|0.241008|0.163508|0.249173|0.188312|0.232625|0.198129,0.634164|0.479152|0.120042|0.8088|0.138112|0.114607|0.413975|0.531819|0.858389|0.527389|0.181632|0.408385|0.54514|0.935674|0.796545|0.943217|0.937095,0.965709,0.942107,0.00398666,0.0494591,0.601558,0.498619,0.0780554,0.491866,0.227373,0.94879,60.5101,3.47919e-12,34363,0.893945,38.3275,1.8046e-11,70899,0.813216,0.800213,0.0318416,0.894511,0.646291,0.467196,0.267079,0.496996,0.142828,0.968398,15.3538,7.25626e-13,62719,0.835188,71.1574,7.18405e-13,18924
1,123,n1->n11->n12->n2->n3->n4->n14->n13->n23->n24->n25->n26->n16->n6->n7->n8->n9->n10,2.31363e+13|1.83181e+09|6.50639e+11|1.08374e+10|6.12136e+10|3.77253e+09|4.81326e+11|4.50381e+10|8.84744e+09|1.6247e+13|3.34343e+12|7.93139e+12|1.22489e+11|3.11313e+11|9.24787e+09|4.30375e+13|5.91555e+11|1.18221e+10,3.60243e+12|1.61585e+09|6.91628e+10|2.86853e+09|1.1263e+10|1.57109e+09|4.44483e+11|3.40678e+10|1.70948e+09|1.42612e+13|1.01655e+12|2.21525e+12|1.60878e+10|9.70219e+10|1.17307e+09|3.6866e+13|1.23797e+11|4.31884e+09,2.76437e-05|6.09494e-05|0.000306846|2.25049e-05|0.00016633|1.75363e-05|0.00084559|5.57341e-05|0.000848685|1.7942e-05|8.18102e-05|0.000726723|0.000388598|0.000874519|0.00053987|6.06714e-05|4.9143e-05|0.000324399,0.00205186|0.0070437|0.00506163|0.000185945|0.000257502|0.00506716|0.0051438|0.00134945|0.000154373|0.00390461|0.000592493|0.00167665|0.00473624|0.000577384|0.00150891|0.000455538|0.000571723|0.000327224,0.0144542|0.0289489|0.0248209|0.0430141|0.0444183|0.0377136|0.00938046|0.0135171|0.0433652|0.0272838|0.01808|0.0017588|0.0142199|0.0198763|0.0179336|0.0225523|0.00473199|0.0413395,0.0367363|0.00023094|0.0232879|0.0160199|0.0464833|0.0409904|0.0297136|0.00802942|0.0353922|0.0271748|0.0195753|0.00787617|0.0151898|0.0292376|0.0204335|0.0283967|0.00830313|0.0463752,0.95381|0.903661|0.90052|0.934272|0.909484|0.949976|0.983424|0.973616|0.978852|0.985398|0.908527|0.919553|0.983062|0.912165|0.940994|0.943873|0.968696|0.956752,3.46146|4.2752|4.94267|0.347274|0.674833|6.26231|2.35283|3.12017|6.13175|6.10602|0.486545|6.13073|0.15061|2.01744|3.97819|4.13907|2.44477|4.20312,30.2686|24.4191|88.6198|37.015|10.4739|52.1141|56.34|51.9585|67.5745|18.2346|55.6995|11.0615|50.0569|32.9383|55.4093|99.595|65.9961,0.161965|0.205217|0.169026|0.191035|0.244816|0.216912|0.19509|0.247887|0.176012|0.183812|0.184652|0.224508|0.248888|0.173207|0.200726|0.248024|0.245087,0.56362|0.974022|0.804539|0.479152|0.120042|0.936246|0.577651|0.267835|0.651798|0.135604|0.129529|0.519858|0.114607|0.402657|0.858389|0.527389|0.339228,0.965709,0.942107,0.00398666,0.0494591,0.601558,0.498619,0.0780554,0.491866,0.227373,0.94879,60.5101,3.47919e-12,34363,0.893945,38.3275,1.8046e-11,70899,0.813216,0.800213,0.0318416,0.894511,0.646291,0.467196,0.267079,0.496996,0.142828,0.968398,15.3538,7.25626e-13,62719,0.835188,71.1574,7.18405e-13,18924
1,124,n1->n2->n3->n13->n14->n15->n5->n6->n7->n17->n27->n37->n38->n39->n40->n30->n20->n10,2.31363e+13|1.08374e+10|6.12136e+10|4.50381e+10|4.81326e+11|3.20281e+09|1.66294e+09|3.11313e+11|9.24787e+09|4.00209e+11|1.24028e+10|3.57784e+09|3.47366e+12|5.63895e+11|1.26703e+13|7.14276e+12|1.43015e+11|1.18221e+10,3.60243e+12|2.86853e+09|1.1263e+10|3.40678e+10|4.44483e+11|2.0725e+09|4.18929e+08|9.70219e+10|1.17307e+09|1.16403e+11|4.06702e+09|3.23346e+09|5.19958e+11|2.85908e+11|2.20566e+12|2.47938e+12|1.55339e+10|4.31884e+09,2.76437e-05|2.25049e-05|0.00016633|5.57341e-05|0.00084559|9.19448e-05|4.44502e-05|0.000874519|0.00053987|0.000240023|0.000745339|2.03632e-05|5.19237e-05|1.37995e-05|5.2677e-05|2.32069e-05|0.000117274|0.000324399,0.00205186|0.000185945|0.000257502|0.00134945|0.0051438|0.0013452|0.00789389|0.000577384|0.00150891|0.000212219|0.00900296|0.000248504|0.000905336|0.00091674|0.000225274|0.000437994|0.00970702|0.000327224,0.0144542|0.0430141|0.0444183|0.0135171|0.00938046|0.0491072|0.028843|0.0198763|0.0179336|0.0334165|0.011818|0.0145665|0.0073713|0.0391106|0.0233742|0.0326596|0.0479354|0.0413395,0.0367363|0.0160199|0.0464833|0.00802942|0.0297136|0.0303606|0.0403095|0.0292376|0.0204335|0.0188367|0.00245588|0.0264696|0.0136715|0.0373995|0.019603|0.0336427|0.00201996|0.0463752,0.95381|0.934272|0.909484|0.973616|0.983424|0.940373|0.916182|0.912165|0.940994|0.958778|0.914592|0.983868|0.929292|0.977432|0.922888|0.941302|0.967051|0.956752,3.46146|0.347274|0.674833|3.12017|2.35283|2.32468|6.14894|2.01744|3.97819|0.251924|0.397905|4.77865|0.7997|2.81638|4.72358|1.43662|1.89604|4.20312,79.8117|37.015|83.9106|56.34|92.5451|35.0583|37.2729|32.9383|59.8148|72.2829|44.8869|37.0378|69.5993|86.0567|98.0873|23.9015|29.3778,0.20774|0.191035|0.214124|0.19509|0.187126|0.200044|0.24829|0.173207|0.189151|0.211476|0.17819|0.240437|0.197597|0.191674|0.240595|0.232625|0.198129,0.634164|0.479152|0.78746|0.577651|0.127963|0.592289|0.138112|0.402657|0.531819|0.292448|0.780984|0.483374|0.331635|0.609211|0.490914|0.943217|0.937095,0.965709,0.942107,0.00398666,0.0494591,0.601558,0.498619,0.0780554,0.491866,0.227373,0.94879,60.5101,3.47919e-12,34363,0.893945,38.3275,1.8046e-11,70899,0.813216,0.800213,0.0318416,0.894511,0.646291,0.467196,0.267079,0.496996,0.142828,0.968398,15.3538,7.25626e-13,62719,0.835188,71.1574,7.18405e-13,18924
1,125,n1->n11->n12->n13->n14->n24->n34->n35->n36->n37->n38->n39->n49->n50->n40->n30->n20->n10,2.31363e+13|1.83181e+09|6.50639e+11|4.50381e+10|4.81326e+11|1.6247e+13|1.74148e+12|2.28703e+12|1.1953e+10|3.57784e+09|3.47366e+12|5.63895e+11|7.23181e+12|1.09645e+10|1.26703e+13|7.14276e+12|1.43015e+11|1.18221e+10,3.60243e+12|1.61585e+09|6.91628e+10|3.40678e+10|4.44483e+11|1.42612e+13|1.0536e+12|2.08861e+12|6.64782e+09|3.23346e+09|5.19958e+11|2.85908e+11|1.72808e+12|3.62164e+09|2.20566e+12|2.47938e+12|1.55339e+10|4.31884e+09,2.76437e-05|6.09494e-05|0.000306846|5.57341e-05|0.00084559|1.7942e-05|7.18356e-05|5.51855e-05|1.82941e-05|2.03632e-05|5.19237e-05|1.37995e-05|0.000468006|0.000416756|5.2677e-05|2.32069e-05|0.000117274|0.000324399,0.00205186|0.0070437|0.00506163|0.00134945|0.0051438|0.00390461|0.00188744|0.000708212|0.000249556|0.000248504|0.000905336|0.00091674|0.000266778|0.00015069|0.000225274|0.000437994|0.00970702|0.000327224,0.0144542|0.0289489|0.0248209|0.0135171|0.00938046|0.0272838|0.0428115|0.0406061|0.0313412|0.0145665|0.0073713|0.0391106|0.000215289|0.0197617|0.0233742|0.0326596|0.0479354|0.0413395,0.0367363|0.00023094|0.0232879|0.00802942|0.0297136|0.0271748|0.0315533|0.0252881|0.0373635|0.0264696|0.0136715|0.0373995|0.0285584|0.0373538|0.019603|0.0336427|0.00201996|0.0463752,0.95381|0.903661|0.90052|0.973616|0.983424|0.985398|0.933029|0.969974|0.984995|0.983868|0.929292|0.977432|0.994437|0.935297|0.922888|0.941302|0.967051|0.956752,3.46146|4.2752|4.94267|3.12017|2.35283|6.10602|4.1628|2.88844|1.71271|4.77865|0.7997|2.81638|0.242809|1.18649|4.72358|1.43662|1.89604|4.20312,30.2686|24.4191|13.9548|56.34|66.6304|58.7029|31.5608|18.7034|29.3504|37.0378|69.5993|95.0453|38.9947|91.3525|98.0873|23.9015|29.3778,0.161965|0.205217|0.237358|0.19509|0.195265|0.169742|0.214217|0.197276|0.195346|0.240437|0.197597|0.197207|0.238528|0.183105|0.240595|0.232625|0.198129,0.56362|0.974022|0.503427|0.577651|0.280165|0.316224|0.871174|0.138212|0.482592|0.483374|0.331635|0.841521|0.534138|0.972794|0.490914|0.943217|0.937095,0.965709,0.942107,0.00398666,0.0494591,0.601558,0.498619,0.0780554,0.491866,0.227373,0.94879,60.5101,3.47919e-12,34363,0.893945,38.3275,1.8046e-11,70899,0.813216,0.800213,0.0318416,0.894511,0.646291,0.467196,0.267079,0.496996,0.142828,0.968398,15.3538,7.25626e-13,62719,0.835188,71.1574,7.18405e-13,18924
1,126,n1->n2->n3->n4->n5->n6->n16->n15->n25->n35->n36->n26->n27->n28->n18->n19->n9->n10,2.31363e+13|1.08374e+10|6.12136e+10|3.77253e+09|1.66294e+09|3.11313e+11|1.22489e+11|3.20281e+09|3.34343e+12|2.28703e+12|1.1953e+10|7.93139e+12|1.24028e+10|9.45412e+09|2.03534e+11|1.05918e+11|5.91555e+11|1.18221e+10,3.60243e+12|2.86853e+09|1.1263e+10|1.57109e+09|4.18929e+08|9.70219e+10|1.60878e+10|2.0725e+09|1.01655e+12|2.08861e+12|6.64782e+09|2.21525e+12|4.06702e+09|3.50099e+09|6.77465e+10|6.82244e+10|1.23797e+11|4.31884e+09,2.76437e-05|2.25049e-05|0.00016633|1.75363e-05|4.44502e-05|0.000874519|0.000388598|9.19448e-05|8.18102e-05|5.51855e-05|1.82941e-05|0.000726723|0.000745339|0.000668186|2.6832e-05|0.000888862|4.9143e-05|0.000324399,0.00205186|0.000185945|0.000257502|0.00506716|0.00789389|0.000577384|0.00473624|0.0013452|0.000592493|0.000708212|0.000249556|0.00167665|0.00900296|0.00118696|0.000190216|0.000145034|0.000571723|0.000327224,0.0144542|0.0430141|0.0444183|0.0377136|0.028843|0.0198763|0.0142199|0.0491072|0.01808|0.0406061|0.0313412|0.0017588|0.011818|0.0312995|0.00942372|0.0325835|0.00473199|0.0413395,0.0367363|0.0160199|0.0464833|0.0409904|0.0403095|0.0292376|0.0151898|0.0303606|0.0195753|0.0252881|0.0373635|0.00787617|0.00245588|0.0100934|0.0172071|0.0435705|0.00830313|0.0463752,0.95381|0.934272|0.909484|0.949976|0.916182|0.912165|0.983062|0.940373|0.908527|0.969974|0.984995|0.919553|0.914592|0.976055|0.909197|0.960252|0.968696|0.956752,3.46146|0.347274|0.674833|6.26231|6.14894|2.01744|0.15061|2.32468|0.486545|2.88844|1.71271|6.13073|0.397905|3.88168|5.95219|2.69565|2.44477|4.20312,79.8117|37.015|10.4739|81.7362|37.2729|50.0569|56.2706|54.7186|88.4205|18.7034|63.8366|42.5138|15.3326|43.2583|28.0546|99.0064|65.9961,0.20774|0.191035|0.244816|0.185633|0.24829|0.248888|0.221203|0.220733|0.185142|0.197276|0.190511|0.194076|0.168076|0.163508|0.241008|0.205366|0.245087,0.634164|0.479152|0.120042|0.8088|0.138112|0.114607|0.263189|0.337128|0.273648|0.138212|0.395131|0.446651|0.122684|0.54514|0.408385|0.181632|0.339228,0.965709,0.942107,0.00398666,0.0494591,0.601558,0.498619,0.0780554,0.491866,0.227373,0.94879,60.5101,3.47919e-12,34363,0.893945,38.3275,1.8046e-11,70899,0.813216,0.800213,0.0318416,0.894511,0.646291,0.467196,0.267079,0.496996,0.142828,0.968398,15.3538,7.25626e-13,62719,0.835188,71.1574,7.18405e-13,18924
1,127,n1->n11->n21->n31->n32->n33->n43->n44->n45->n46->n36->n26->n27->n28->n29->n30->n20->n10,2.31363e+13|1.83181e+09|3.273e+13|4.06943e+12|1.52524e+11|1.54186e+12|9.0627e+12|5.76519e+11|2.81511e+13|3.03039e+10|1.1953e+10|7.93139e+12|1.24028e+10|9.45412e+09|2.09259e+13|7.14276e+12|1.43015e+11|1.18221e+10,3.60243e+12|1.61585e+09|3.63129e+12|6.00353e+11|1.50714e+11|1.73332e+11|2.61932e+12|3.95755e+11|5.80554e+12|4.48021e+09|6.64782e+09|2.21525e+12|4.06702e+09|3.50099e+09|1.86006e+13|2.47938e+12|1.55339e+10|4.31884e+09,2.76437e-05|6.09494e-05|0.0007443|0.000747032|9.38774e-05|0.000917855|1.45314e-05|1.64936e-05|6.35804e-05|2.45681e-05|1.82941e-05|0.000726723|0.000745339|0.000668186|4.96365e-05|2.32069e-05|0.000117274|0.000324399,0.00205186|0.0070437|0.00473098|0.000237579|0.000903427|0.000866982|0.00010755|0.000282069|0.000343693|0.000130584|0.000249556|0.00167665|0.00900296|0.00118696|0.00015176|0.000437994|0.00970702|0.000327224,0.0144542|0.0289489|0.00587522|0.00536562|0.0210883|0.0448378|0.02386|0.0396502|0.030315|0.0474647|0.0313412|0.0017588|0.011818|0.0312995|0.0112964|0.0326596|0.0479354|0.0413395,0.0367363|0.00023094|0.00299122|0.0248824|0.00334129|0.0237781|0.0247157|0.0423918|0.0469403|0.020144|0.0373635|0.00787617|0.00245588|0.0100934|0.0218921|0.0336427|0.00201996|0.0463752,0.95381|0.903661|0.979297|0.949357|0.956331|0.905731|0.938699|0.994508|0.932741|0.979241|0.984995|0.919553|0.914592|0.976055|0.989841|0.941302|0.967051|0.956752,3.46146|4.2752|0.978654|3.19307|1.43236|5.16612|3.5699|5.48467|3.49975|4.28092|1.71271|6.13073|0.397905|3.88168|2.37699|1.43662|1.89604|4.20312,30.2686|65.1286|89.2299|63.0993|67.4197|49.6282|59.7094|89.5651|61.2725|70.4589|63.8366|42.5138|15.3326|39.0733|83.4704|23.9015|29.3778,0.161965|0.183295|0.224223|0.229019|0.168491|0.229317|0.18371|0.224894|0.166077|0.239147|0.190511|0.194076|0.168076|0.249173|0.188312|0.232625|0.198129,0.56362|0.554091|0.993527|0.825759|0.994842|0.819301|0.936639|0.152964|0.561019|0.343307|0.395131|0.446651|0.122684|0.935674|0.796545|0.943217|0.937095,0.965709,0.942107,0.00398666,0.0494591,0.601558,0.498619,0.0780554,0.491866,0.227373,0.94879,60.5101,3.47919e-12,34363,0.893945,38.3275,1.8046e-11,70899,0.813216,0.800213,0.0318416,0.894511,0.646291,0.467196,0.267079,0.496996,0.142828,0.968398,15.3538,7.25626e-13,62719,0.835188,71.1574,7.18405e-13,18924
1,128,n1->n11->n21->n31->n32->n22->n23->n13->n12->n2->n3->n4->n5->n6->n7->n8->n9->n10,2.31363e+13|1.83181e+09|3.273e+13|4.06943e+12|1.52524e+11|4.72597e+11|8.84744e+09|4.50381e+10|6.50639e+11|1.08374e+10|6.12136e+10|3.77253e+09|1.66294e+09|3.11313e+11|9.24787e+09|4.30375e+13|5.91555e+11|1.18221e+10,3.60243e+12|1.61585e+09|3.63129e+12|6.00353e+11|1.50714e+11|3.89256e+11|1.70948e+09|3.40678e+10|6.91628e+10|2.86853e+09|1.1263e+10|1.57109e+09|4.18929e+08|9.70219e+10|1.17307e+09|3.6866e+13|1.23797e+11|4.31884e+09,2.76437e-05|6.09494e-05|0.0007443|0.000747032|9.38774e-05|0.000136426|0.000848685|5.57341e-05|0.000306846|2.25049e-05|0.00016633|1.75363e-05|4.44502e-05|0.000874519|0.00053987|6.06714e-05|4.9143e-05|0.000324399,0.00205186|0.0070437|0.00473098|0.000237579|0.000903427|0.000622969|0.000154373|0.00134945|0.00506163|0.000185945|0.000257502|0.00506716|0.00789389|0.000577384|0.00150891|0.000455538|0.000571723|0.000327224,0.0144542|0.0289489|0.00587522|0.00536562|0.0210883|0.0222508|0.0433652|0.0135171|0.0248209|0.0430141|0.0444183|0.0377136|0.028843|0.0198763|0.0179336|0.0225523|0.00473199|0.0413395,0.0367363|0.00023094|0.00299122|0.0248824|0.00334129|0.00315586|0.0353922|0.00802942|0.0232879|0.0160199|0.0464833|0.0409904|0.0403095|0.0292376|0.0204335|0.0283967|0.00830313|0.0463752,0.95381|0.903661|0.979297|0.949357|0.956331|0.992031|0.978852|0.973616|0.90052|0.934272|0.909484|0.949976|0.916182|0.912165|0.940994|0.943873|0.968696|0.956752,3.46146|4.2752|0.978654|3.19307|1.43236|1.9519|6.13175|3.12017|4.94267|0.347274|0.674833|6.26231|6.14894|2.01744|3.97819|4.13907|2.44477|4.20312,30.2686|65.1286|89.2299|63.0993|86.2435|55.8812|51.9585|13.9548|88.6198|37.015|10.4739|81.7362|37.2729|32.9383|55.4093|99.595|65.9961,0.161965|0.183295|0.224223|0.229019|0.206725|0.190738|0.247887|0.237358|0.169026|0.191035|0.244816|0.185633|0.24829|0.173207|0.200726|0.248024|0.245087,0.56362|0.554091|0.993527|0.825759|0.579925|0.246571|0.267835|0.503427|0.804539|0.479152|0.120042|0.8088|0.138112|0.402657|0.858389|0.527389|0.339228,0.965709,0.942107,0.00398666,0.0494591,0.601558,0.498619,0.0780554,0.491866,0.227373,0.94879,60.5101,3.47919e-12,34363,0.893945,38.3275,1.8046e-11,70899,0.813216,0.800213,0.0318416,0.894511,0.646291,0.467196,0.267079,0.496996,0.142828,0.968398,15.3538,7.25626e-13,62719,0.835188,71.1574,7.18405e-13,18924
1,129,n1->n11->n21->n31->n32->n42->n43->n33->n23->n24->n25->n15->n5->n6->n7->n8->n9->n10,2.31363e+13|1.83181e+09|3.273e+13|4.06943e+12|1.52524e+11|4.46701e+13|9.0627e+12|1.54186e+12|8.84744e+09|1.6247e+13|3.34343e+12|3.20281e+09|1.66294e+09|3.11313e+11|9.24787e+09|4.30375e+13|5.91555e+11|1.18221e+10,3.60243e+12|1.61585e+09|3.63129e+12|6.00353e+11|1.50714e+11|1.40588e+13|2.61932e+12|1.73332e+11|1.70948e+09|1.42612e+13|1.01655e+12|2.0725e+09|4.18929e+08|9.70219e+10|1.17307e+09|3.6866e+13|1.23797e+11|4.31884e+09,2.76437e-05|6.09494e-05|0.0007443|0.000747032|9.38774e-05|0.000193195|1.45314e-05|0.000917855|0.000848685|1.7942e-05|8.18102e-05|9.19448e-05|4.44502e-05|0.000874519|0.00053987|6.06714e-05|4.9143e-05|0.000324399,0.00205186|0.0070437|0.00473098|0.000237579|0.000903427|0.00542431|0.00010755|0.000866982|0.000154373|0.00390461|0.000592493|0.0013452|0.00789389|0.000577384|0.00150891|0.000455538|0.000571723|0.000327224,0.0144542|0.0289489|0.00587522|0.00536562|0.0210883|0.0499415|0.02386|0.0448378|0.0433652|0.0272838|0.01808|0.0491072|0.028843|0.0198763|0.0179336|0.0225523|0.00473199|0.0413395,0.0367363|0.00023094|0.00299122|0.0248824|0.00334129|0.0306758|0.0247157|0.0237781|0.0353922|0.0271748|0.0195753|0.0303606|0.0403095|0.0292376|0.0204335|0.0283967|0.00830313|0.0463752,0.95381|0.903661|0.979297|0.949357|0.956331|0.984529|0.938699|0.905731|0.978852|0.985398|0.908527|0.940373|0.916182|0.912165|0.940994|0.943873|0.968696|0.956752,3.46146|4.2752|0.978654|3.19307|1.43236|5.70895|3.5699|5.16612|6.13175|6.10602|0.486545|2.32468|6.14894|2.01744|3.97819|4.13907|2.44477|4.20312,30.2686|65.1286|89.2299|63.0993|70.8805|27.3217|49.6282|76.7594|67.5745|18.2346|54.7186|35.0583|37.2729|32.9383|55.4093|99.595|65.9961,0.161965|0.183295|0.224223|0.229019|0.229308|0.207381|0.229317|0.161271|0.176012|0.183812|0.220733|0.200044|0.24829|0.173207|0.200726|0.248024|0.245087,0.56362|0.554091|0.993527|0.825759|0.183944|0.252981|0.819301|0.934902|0.651798|0.135604|0.337128|0.592289|0.138112|0.402657|0.858389|0.527389|0.339228,0.965709,0.942107,0.00398666,0.0494591,0.601558,0.498619,0.0780554,0.491866,0.227373,0.94879,60.5101,3.47919e-12,34363,0.893945,38.3275,1.8046e-11,70899,0.813216,0.800213,0.0318416,0.894511,0.646291,0.467196,0.267079,0.496996,0.142828,0.968398,15.3538,7.25626e-13,62719,0.835188,71.1574,7.18405e-13,18924
1,130,n1->n11->n21->n22->n32->n42->n43->n44->n34->n35->n36->n37->n38->n28->n18->n8->n9->n10,2.31363e+13|1.83181e+09|3.273e+13|4.72597e+11|1.52524e+11|4.46701e+13|9.0627e+12|5.76519e+11|1.74148e+12|2.28703e+12|1.1953e+10|3.57784e+09|3.47366e+12|9.45412e+09|2.03534e+11|4.30375e+13|5.91555e+11|1.18221e+10,3.60243e+12|1.61585e+09|3.63129e+12|3.89256e+11|1.50714e+11|1.40588e+13|2.61932e+12|3.95755e+11|1.0536e+12|2.08861e+12|6.64782e+09|3.23346e+09|5.19958e+11|3.50099e+09|6.77465e+10|3.6866e+13|1.23797e+11|4.31884e+09,2.76437e-05|6.09494e-05|0.0007443|0.000136426|9.38774e-05|0.000193195|1.45314e-05|1.64936e-05|7.18356e-05|5.51855e-05|1.82941e-05|2.03632e-05|5.19237e-05|0.000668186|2.6832e-05|6.06714e-05|4.9143e-05|0.000324399,0.00205186|0.0070437|0.00473098|0.000622969|0.000903427|0.00542431|0.00010755|0.000282069|0.00188744|0.000708212|0.000249556|0.000248504|0.000905336|0.00118696|0.000190216|0.000455538|0.000571723|0.000327224,0.0144542|0.0289489|0.00587522|0.0222508|0.0210883|0.0499415|0.02386|0.0396502|0.0428115|0.0406061|0.0313412|0.0145665|0.0073713|0.0312995|0.00942372|0.0225523|0.00473199|0.0413395,0.0367363|0.00023094|0.00299122|0.00315586|0.00334129|0.0306758|0.0247157|0.0423918|0.0315533|0.0252881|0.0373635|0.0264696|0.0136715|0.0100934|0.0172071|0.0283967|0.00830313|0.0463752,0.95381|0.903661|0.979297|0.992031|0.956331|0.984529|0.938699|0.994508|0.933029|0.969974|0.984995|0.983868|0.929292|0.976055|0.909197|0.943873|0.968696|0.956752,3.46146|4.2752|0.978654|1.9519|1.43236|5.70895|3.5699|5.48467|4.1628|2.88844|1.71271|4.77865|0.7997|3.88168|5.95219|4.13907|2.44477|4.20312,30.2686|65.1286|34.0839|86.2435|70.8805|27.3217|59.7094|46.2248|31.5608|18.7034|29.3504|37.0378|23.518|43.2583|81.3396|99.595|65.9961,0.161965|0.183295|0.214588|0.206725|0.229308|0.207381|0.18371|0.168809|0.214217|0.197276|0.195346|0.240437|0.20538|0.163508|0.171783|0.248024|0.245087,0.56362|0.554091|0.739323|0.579925|0.183944|0.252981|0.936639|0.348331|0.871174|0.138212|0.482592|0.483374|0.578641|0.54514|0.146549|0.527389|0.339228,0.965709,0.942107,0.00398666,0.0494591,0.601558,0.498619,0.0780554,0.491866,0.227373,0.94879,60.5101,3.47919e-12,34363,0.893945,38.3275,1.8046e-11,70899,0.813216,0.800213,0.0318416,0.894511,0.646291,0.467196,0.267079,0.496996,0.142828,0.968398,15.3538,7.25626e-13,62719,0.835188,71.1574,7.18405e-13,18924
1,131,n1->n11->n21->n31->n32->n42->n43->n44->n34->n24->n25->n15->n16->n6->n7->n8->n9->n10,2.31363e+13|1.83181e+09|3.273e+13|4.06943e+12|1.52524e+11|4.46701e+13|9.0627e+12|5.76519e+11|1.74148e+12|1.6247e+13|3.34343e+12|3.20281e+09|1.22489e+11|3.11313e+11|9.24787e+09|4.30375e+13|5.91555e+11|1.18221e+10,3.60243e+12|1.61585e+09|3.63129e+12|6.00353e+11|1.50714e+11|1.40588e+13|2.61932e+12|3.95755e+11|1.0536e+12|1.42612e+13|1.01655e+12|2.0725e+09|1.60878e+10|9.70219e+10|1.17307e+09|3.6866e+13|1.23797e+11|4.31884e+09,2.76437e-05|6.09494e-05|0.0007443|0.000747032|9.38774e-05|0.000193195|1.45314e-05|1.64936e-05|7.18356e-05|1.7942e-05|8.18102e-05|9.19448e-05|0.000388598|0.000874519|0.00053987|6.06714e-05|4.9143e-05|0.000324399,0.00205186|0.0070437|0.00473098|0.000237579|0.000903427|0.00542431|0.00010755|0.000282069|0.00188744|0.00390461|0.000592493|0.0013452|0.00473624|0.000577384|0.00150891|0.000455538|0.000571723|0.000327224,0.0144542|0.0289489|0.00587522|0.00536562|0.0210883|0.0499415|0.02386|0.0396502|0.0428115|0.0272838|0.01808|0.0491072|0.0142199|0.0198763|0.0179336|0.0225523|0.00473199|0.0413395,0.0367363|0.00023094|0.00299122|0.0248824|0.00334129|0.0306758|0.0247157|0.0423918|0.0315533|0.0271748|0.0195753|0.0303606|0.0151898|0.0292376|0.0204335|0.0283967|0.00830313|0.0463752,0.95381|0.903661|0.979297|0.949357|0.956331|0.984529|0.938699|0.994508|0.933029|0.985398|0.908527|0.940373|0.983062|0.912165|0.940994|0.943873|0.968696|0.956752,3.46146|4.2752|0.978654|3.19307|1.43236|5.70895|3.5699|5.48467|4.1628|6.10602|0.486545|2.32468|0.15061|2.01744|3.97819|4.13907|2.44477|4.20312,30.2686|65.1286|89.2299|63.0993|70.8805|27.3217|59.7094|46.2248|58.7029|18.2346|54.7186|56.2706|50.0569|32.9383|55.4093|99.595|65.9961,0.161965|0.183295|0.224223|0.229019|0.229308|0.207381|0.18371|0.168809|0.169742|0.183812|0.220733|0.221203|0.248888|0.173207|0.200726|0.248024|0.245087,0.56362|0.554091|0.993527|0.825759|0.183944|0.252981|0.936639|0.348331|0.316224|0.135604|0.337128|0.263189|0.114607|0.402657|0.858389|0.527389|0.339228,0.965709,0.942107,0.00398666,0.0494591,0.601558,0.498619,0.0780554,0.491866,0.227373,0.94879,60.5101,3.47919e-12,34363,0.893945,38.3275,1.8046e-11,70899,0.813216,0.800213,0.0318416,0.894511,0.646291,0.467196,0.267079,0.496996,0.142828,0.968398,15.3538,7.25626e-13,62719,0.835188,71.1574,7.18405e-13,18924
1,132,n1->n2->n12->n11->n21->n22->n23->n24->n25->n15->n14->n4->n5->n6->n7->n8->n9->n10,2.31363e+13|1.08374e+10|6.50639e+11|1.83181e+09|3.273e+13|4.72597e+11|8.84744e+09|1.6247e+13|3.34343e+12|3.20281e+09|4.81326e+11|3.77253e+09|1.66294e+09|3.11313e+11|9.24787e+09|4.30375e+13|5.91555e+11|1.18221e+10,3.60243e+12|2.86853e+09|6.91628e+10|1.61585e+09|3.63129e+12|3.89256e+11|1.70948e+09|1.42612e+13|1.01655e+12|2.0725e+09|4.44483e+11|1.57109e+09|4.18929e+08|9.70219e+10|1.17307e+09|3.6866e+13|1.23797e+11|4.31884e+09,2.76437e-05|2.25049e-05|0.000306846|6.09494e-05|0.0007443|0.000136426|0.000848685|1.7942e-05|8.18102e-05|9.19448e-05|0.00084559|1.75363e-05|4.44502e-05|0.000874519|0.00053987|6.06714e-05|4.9143e-05|0.000324399,0.00205186|0.000185945|0.00506163|0.0070437|0.00473098|0.000622969|0.000154373|0.00390461|0.000592493|0.0013452|0.0051438|0.00506716|0.00789389|0.000577384|0.00150891|0.000455538|0.000571723|0.000327224,0.0144542|0.0430141|0.0248209|0.0289489|0.00587522|0.0222508|0.0433652|0.0272838|0.01808|0.0491072|0.00938046|0.0377136|0.028843|0.0198763|0.0179336|0.0225523|0.00473199|0.0413395,0.0367363|0.0160199|0.0232879|0.00023094|0.00299122|0.00315586|0.0353922|0.0271748|0.0195753|0.0303606|0.0297136|0.0409904|0.0403095|0.0292376|0.0204335|0.0283967|0.00830313|0.0463752,0.95381|0.934272|0.90052|0.903661|0.979297|0.992031|0.978852|0.985398|0.908527|0.940373|0.983424|0.949976|0.916182|0.912165|0.940994|0.943873|0.968696|0.956752,3.46146|0.347274|4.94267|4.2752|0.978654|1.9519|6.13175|6.10602|0.486545|2.32468|2.35283|6.26231|6.14894|2.01744|3.97819|4.13907|2.44477|4.20312,79.8117|88.6198|24.4191|65.1286|34.0839|55.8812|67.5745|18.2346|54.7186|92.5451|52.1141|81.7362|37.2729|32.9383|55.4093|99.595|65.9961,0.20774|0.169026|0.205217|0.183295|0.214588|0.190738|0.176012|0.183812|0.220733|0.187126|0.216912|0.185633|0.24829|0.173207|0.200726|0.248024|0.245087,0.634164|0.804539|0.974022|0.554091|0.739323|0.246571|0.651798|0.135604|0.337128|0.127963|0.936246|0.8088|0.138112|0.402657|0.858389|0.527389|0.339228,0.965709,0.942107,0.00398666,0.0494591,0.601558,0.498619,0.0780554,0.491866,0.227373,0.94879,60.5101,3.47919e-12,34363,0.893945,38.3275,1.8046e-11,70899,0.813216,0.800213,0.0318416,0.894511,0.646291,0.467196,0.267079,0.496996,0.142828,0.968398,15.3538,7.25626e-13,62719,0.835188,71.1574,7.18405e-13,18924
1,133,n1->n11->n21->n22->n23->n13->n12->n2->n3->n4->n14->n15->n16->n6->n7->n8->n9->n10,2.31363e+13|1.83181e+09|3.273e+13|4.72597e+11|8.84744e+09|4.50381e+10|6.50639e+11|1.08374e+10|6.12136e+10|3.77253e+09|4.81326e+11|3.20281e+09|1.22489e+11|3.11313e+11|9.24787e+09|4.30375e+13|5.91555e+11|1.18221e+10,3.60243e+12|1.61585e+09|3.63129e+12|3.89256e+11|1.70948e+09|3.40678e+10|6.91628e+10|2.86853e+09|1.1263e+10|1.57109e+09|4.44483e+11|2.0725e+09|1.60878e+10|9.70219e+10|1.17307e+09|3.6866e+13|1.23797e+11|4.31884e+09,2.76437e-05|6.09494e-05|0.0007443|0.000136426|0.000848685|5.57341e-05|0.000306846|2.25049e-05|0.00016633|1.75363e-05|0.00084559|9.19448e-05|0.000388598|0.000874519|0.00053987|6.06714e-05|4.9143e-05|0.000324399,0.00205186|0.0070437|0.00473098|0.000622969|0.000154373|0.00134945|0.00506163|0.000185945|0.000257502|0.00506716|0.0051438|0.0013452|0.00473624|0.000577384|0.00150891|0.000455538|0.000571723|0.000327224,0.0144542|0.0289489|0.00587522|0.0222508|0.0433652|0.0135171|0.0248209|0.0430141|0.0444183|0.0377136|0.00938046|0.0491072|0.0142199|0.0198763|0.0179336|0.0225523|0.00473199|0.0413395,0.0367363|0.00023094|0.00299122|0.00315586|0.0353922|0.00802942|0.0232879|0.0160199|0.0464833|0.0409904|0.0297136|0.0303606|0.0151898|0.0292376|0.0204335|0.0283967|0.00830313|0.0463752,0.95381|0.903661|0.979297|0.992031|0.978852|0.973616|0.90052|0.934272|0.909484|0.949976|0.983424|0.940373|0.983062|0.912165|0.940994|0.943873|0.968696|0.956752,3.46146|4.2752|0.978654|1.9519|6.13175|3.12017|4.94267|0.347274|0.674833|6.26231|2.35283|2.32468|0.15061|2.01744|3.97819|4.13907|2.44477|4.20312,30.2686|65.1286|34.0839|55.8812|51.9585|13.9548|88.6198|37.015|10.4739|52.1141|92.5451|56.2706|50.0569|32.9383|55.4093|99.595|65.9961,0.161965|0.183295|0.214588|0.190738|0.247887|0.237358|0.169026|0.191035|0.244816|0.216912|0.187126|0.221203|0.248888|0.173207|0.200726|0.248024|0.245087,0.56362|0.554091|0.739323|0.246571|0.267835|0.503427|0.804539|0.479152|0.120042|0.936246|0.127963|0.263189|0.114607|0.402657|0.858389|0.527389|0.339228,0.965709,0.942107,0.00398666,0.0494591,0.601558,0.498619,0.0780554,0.491866,0.227373,0.94879,60.5101,3.47919e-12,34363,0.893945,38.3275,1.8046e-11,70899,0.813216,0.800213,0.0318416,0.894511,0.646291,0.467196,0.267079,0.496996,0.142828,0.968398,15.3538,7.25626e-13,62719,0.835188,71.1574,7.18405e-13,18924
1,134,n1->n2->n12->n13->n23->n33->n43->n44->n34->n35->n36->n26->n27->n28->n29->n30->n20->n10,2.31363e+13|1.08374e+10|6.50639e+11|4.50381e+10|8.84744e+09|1.54186e+12|9.0627e+12|5.76519e+11|1.74148e+12|2.28703e+12|1.1953e+10|7.93139e+12|1.24028e+10|9.45412e+09|2.09259e+13|7.14276e+12|1.43015e+11|1.18221e+10,3.60243e+12|2.86853e+09|6.91628e+10|3.40678e+10|1.70948e+09|1.73332e+11|2.61932e+12|3.95755e+11|1.0536e+12|2.08861e+12|6.64782e+09|2.21525e+12|4.06702e+09|3.50099e+09|1.86006e+13|2.47938e+12|1.55339e+10|4.31884e+09,2.76437e-05|2.25049e-05|0.000306846|5.57341e-05|0.000848685|0.000917855|1.45314e-05|1.64936e-05|7.18356e-05|5.51855e-05|1.82941e-05|0.000726723|0.000745339|0.000668186|4.96365e-05|2.32069e-05|0.000117274|0.000324399,0.00205186|0.000185945|0.00506163|0.00134945|0.000154373|0.000866982|0.00010755|0.000282069|0.00188744|0.000708212|0.000249556|0.00167665|0.00900296|0.00118696|0.00015176|0.000437994|0.00970702|0.000327224,0.0144542|0.0430141|0.0248209|0.0135171|0.0433652|0.0448378|0.02386|0.0396502|0.0428115|0.0406061|0.0313412|0.0017588|0.011818|0.0312995|0.0112964|0.0326596|0.0479354|0.0413395,0.0367363|0.0160199|0.0232879|0.00802942|0.0353922|0.0237781|0.0247157|0.0423918|0.0315533|0.0252881|0.0373635|0.00787617|0.00245588|0.0100934|0.0218921|0.0336427|0.00201996|0.0463752,0.95381|0.934272|0.90052|0.973616|0.978852|0.905731|0.938699|0.994508|0.933029|0.969974|0.984995|0.919553|0.914592|0.976055|0.989841|0.941302|0.967051|0.956752,3.46146|0.347274|4.94267|3.12017|6.13175|5.16612|3.5699|5.48467|4.1628|2.88844|1.71271|6.13073|0.397905|3.88168|2.37699|1.43662|1.89604|4.20312,79.8117|88.6198|13.9548|51.9585|76.7594|49.6282|59.7094|46.2248|31.5608|18.7034|63.8366|42.5138|15.3326|39.0733|83.4704|23.9015|29.3778,0.20774|0.169026|0.237358|0.247887|0.161271|0.229317|0.18371|0.168809|0.214217|0.197276|0.190511|0.194076|0.168076|0.249173|0.188312|0.232625|0.198129,0.634164|0.804539|0.503427|0.267835|0.934902|0.819301|0.936639|0.348331|0.871174|0.138212|0.395131|0.446651|0.122684|0.935674|0.796545|0.943217|0.937095,0.965709,0.942107,0.00398666,0.0494591,0.601558,0.498619,0.0780554,0.491866,0.227373,0.94879,60.5101,3.47919e-12,34363,0.893945,38.3275,1.8046e-11,70899,0.813216,0.800213,0.0318416,0.894511,0.646291,0.467196,0.267079,0.496996,0.142828,0.968398,15.3538,7.25626e-13,62719,0.835188,71.1574,7.18405e-13,18924
1,135,n1->n2->n12->n13->n23->n22->n32->n33->n34->n35->n25->n26->n27->n17->n7->n8->n9->n10,2.31363e+13|1.08374e+10|6.50639e+11|4.50381e+10|8.84744e+09|4.72597e+11|1.52524e+11|1.54186e+12|1.74148e+12|2.28703e+12|3.34343e+12|7.93139e+12|1.24028e+10|4.00209e+11|9.24787e+09|4.30375e+13|5.91555e+11|1.18221e+10,3.60243e+12|2.86853e+09|6.91628e+10|3.40678e+10|1.70948e+09|3.89256e+11|1.50714e+11|1.73332e+11|1.0536e+12|2.08861e+12|1.01655e+12|2.21525e+12|4.06702e+09|1.16403e+11|1.17307e+09|3.6866e+13|1.23797e+11|4.31884e+09,2.76437e-05|2.25049e-05|0.000306846|5.57341e-05|0.000848685|0.000136426|9.38774e-05|0.000917855|7.18356e-05|5.51855e-05|8.18102e-05|0.000726723|0.000745339|0.000240023|0.00053987|6.06714e-05|4.9143e-05|0.000324399,0.00205186|0.000185945|0.00506163|0.00134945|0.000154373|0.000622969|0.000903427|0.000866982|0.00188744|0.000708212|0.000592493|0.00167665|0.00900296|0.000212219|0.00150891|0.000455538|0.000571723|0.000327224,0.0144542|0.0430141|0.0248209|0.0135171|0.0433652|0.0222508|0.0210883|0.0448378|0.0428115|0.0406061|0.01808|0.0017588|0.011818|0.0334165|0.0179336|0.0225523|0.00473199|0.0413395,0.0367363|0.0160199|0.0232879|0.00802942|0.0353922|0.00315586|0.00334129|0.0237781|0.0315533|0.0252881|0.0195753|0.00787617|0.00245588|0.0188367|0.0204335|0.0283967|0.00830313|0.0463752,0.95381|0.934272|0.90052|0.973616|0.978852|0.992031|0.956331|0.905731|0.933029|0.969974|0.908527|0.919553|0.914592|0.958778|0.940994|0.943873|0.968696|0.956752,3.46146|0.347274|4.94267|3.12017|6.13175|1.9519|1.43236|5.16612|4.1628|2.88844|0.486545|6.13073|0.397905|0.251924|3.97819|4.13907|2.44477|4.20312,79.8117|88.6198|13.9548|51.9585|55.8812|86.2435|67.4197|23.5709|31.5608|88.4205|55.6995|42.5138|72.2829|59.8148|55.4093|99.595|65.9961,0.20774|0.169026|0.237358|0.247887|0.190738|0.206725|0.168491|0.219061|0.214217|0.185142|0.184652|0.194076|0.211476|0.189151|0.200726|0.248024|0.245087,0.634164|0.804539|0.503427|0.267835|0.246571|0.579925|0.994842|0.130761|0.871174|0.273648|0.129529|0.446651|0.292448|0.531819|0.858389|0.527389|0.339228,0.965709,0.942107,0.00398666,0.0494591,0.601558,0.498619,0.0780554,0.491866,0.227373,0.94879,60.5101,3.47919e-12,34363,0.893945,38.3275,1.8046e-11,70899,0.813216,0.800213,0.0318416,0.894511,0.646291,0.467196,0.267079,0.496996,0.142828,0.968398,15.3538,7.25626e-13,62719,0.835188,71.1574,7.18405e-13,18924
1,136,n1->n2->n3->n13->n12->n22->n23->n33->n34->n35->n36->n26->n16->n6->n7->n8->n9->n10,2.31363e+13|1.08374e+10|6.12136e+10|4.50381e+10|6.50639e+11|4.72597e+11|8.84744e+09|1.54186e+12|1.74148e+12|2.28703e+12|1.1953e+10|7.93139e+12|1.22489e+11|3.11313e+11|9.24787e+09|4.30375e+13|5.91555e+11|1.18221e+10,3.60243e+12|2.86853e+09|1.1263e+10|3.40678e+10|6.91628e+10|3.89256e+11|1.70948e+09|1.73332e+11|1.0536e+12|2.08861e+12|6.64782e+09|2.21525e+12|1.60878e+10|9.70219e+10|1.17307e+09|3.6866e+13|1.23797e+11|4.31884e+09,2.76437e-05|2.25049e-05|0.00016633|5.57341e-05|0.000306846|0.000136426|0.000848685|0.000917855|7.18356e-05|5.51855e-05|1.82941e-05|0.000726723|0.000388598|0.000874519|0.00053987|6.06714e-05|4.9143e-05|0.000324399,0.00205186|0.000185945|0.000257502|0.00134945|0.00506163|0.000622969|0.000154373|0.000866982|0.00188744|0.000708212|0.000249556|0.00167665|0.00473624|0.000577384|0.00150891|0.000455538|0.000571723|0.000327224,0.0144542|0.0430141|0.0444183|0.0135171|0.0248209|0.0222508|0.0433652|0.0448378|0.0428115|0.0406061|0.0313412|0.0017588|0.0142199|0.0198763|0.0179336|0.0225523|0.00473199|0.0413395,0.0367363|0.0160199|0.0464833|0.00802942|0.0232879|0.00315586|0.0353922|0.0237781|0.0315533|0.0252881|0.0373635|0.00787617|0.0151898|0.0292376|0.0204335|0.0283967|0.00830313|0.0463752,0.95381|0.934272|0.909484|0.973616|0.90052|0.992031|0.978852|0.905731|0.933029|0.969974|0.984995|0.919553|0.983062|0.912165|0.940994|0.943873|0.968696|0.956752,3.46146|0.347274|0.674833|3.12017|4.94267|1.9519|6.13175|5.16612|4.1628|2.88844|1.71271|6.13073|0.15061|2.01744|3.97819|4.13907|2.44477|4.20312,79.8117|37.015|83.9106|13.9548|13.2112|55.8812|76.7594|23.5709|31.5608|18.7034|63.8366|11.0615|50.0569|32.9383|55.4093|99.595|65.9961,0.20774|0.191035|0.214124|0.237358|0.185154|0.190738|0.161271|0.219061|0.214217|0.197276|0.190511|0.224508|0.248888|0.173207|0.200726|0.248024|0.245087,0.634164|0.479152|0.78746|0.503427|0.869928|0.246571|0.934902|0.130761|0.871174|0.138212|0.395131|0.519858|0.114607|0.402657|0.858389|0.527389|0.339228,0.965709,0.942107,0.00398666,0.0494591,0.601558,0.498619,0.0780554,0.491866,0.227373,0.94879,60.5101,3.47919e-12,34363,0.893945,38.3275,1.8046e-11,70899,0.813216,0.800213,0.0318416,0.894511,0.646291,0.467196,0.267079,0.496996,0.142828,0.968398,15.3538,7.25626e-13,62719,0.835188,71.1574,7.18405e-13,18924
1,137,n1->n11->n21->n22->n12->n13->n23->n24->n34->n35->n36->n37->n27->n28->n29->n30->n20->n10,2.31363e+13|1.83181e+09|3.273e+13|4.72597e+11|6.50639e+11|4.50381e+10|8.84744e+09|1.6247e+13|1.74148e+12|2.28703e+12|1.1953e+10|3.57784e+09|1.24028e+10|9.45412e+09|2.09259e+13|7.14276e+12|1.43015e+11|1.18221e+10,3.60243e+12|1.61585e+09|3.63129e+12|3.89256e+11|6.91628e+10|3.40678e+10|1.70948e+09|1.42612e+13|1.0536e+12|2.08861e+12|6.64782e+09|3.23346e+09|4.06702e+09|3.50099e+09|1.86006e+13|2.47938e+12|1.55339e+10|4.31884e+09,2.76437e-05|6.09494e-05|0.0007443|0.000136426|0.000306846|5.57341e-05|0.000848685|1.7942e-05|7.18356e-05|5.51855e-05|1.82941e-05|2.03632e-05|0.000745339|0.000668186|4.96365e-05|2.32069e-05|0.000117274|0.000324399,0.00205186|0.0070437|0.00473098|0.000622969|0.00506163|0.00134945|0.000154373|0.00390461|0.00188744|0.000708212|0.000249556|0.000248504|0.00900296|0.00118696|0.00015176|0.000437994|0.00970702|0.000327224,0.0144542|0.0289489|0.00587522|0.0222508|0.0248209|0.0135171|0.0433652|0.0272838|0.0428115|0.0406061|0.0313412|0.0145665|0.011818|0.0312995|0.0112964|0.0326596|0.0479354|0.0413395,0.0367363|0.00023094|0.00299122|0.00315586|0.0232879|0.00802942|0.0353922|0.0271748|0.0315533|0.0252881|0.0373635|0.0264696|0.00245588|0.0100934|0.0218921|0.0336427|0.00201996|0.0463752,0.95381|0.903661|0.979297|0.992031|0.90052|0.973616|0.978852|0.985398|0.933029|0.969974|0.984995|0.983868|0.914592|0.976055|0.989841|0.941302|0.967051|0.956752,3.46146|4.2752|0.978654|1.9519|4.94267|3.12017|6.13175|6.10602|4.1628|2.88844|1.71271|4.77865|0.397905|3.88168|2.37699|1.43662|1.89604|4.20312,30.2686|65.1286|34.0839|13.2112|13.9548|51.9585|67.5745|58.7029|31.5608|18.7034|29.3504|44.8869|15.3326|39.0733|83.4704|23.9015|29.3778,0.161965|0.183295|0.214588|0.185154|0.237358|0.247887|0.176012|0.169742|0.214217|0.197276|0.195346|0.17819|0.168076|0.249173|0.188312|0.232625|0.198129,0.56362|0.554091|0.739323|0.869928|0.503427|0.267835|0.651798|0.316224|0.871174|0.138212|0.482592|0.780984|0.122684|0.935674|0.796545|0.943217|0.937095,0.965709,0.942107,0.00398666,0.0494591,0.601558,0.498619,0.0780554,0.491866,0.227373,0.94879,60.5101,3.47919e-12,34363,0.893945,38.3275,1.8046e-11,70899,0.813216,0.800213,0.0318416,0.894511,0.646291,0.467196,0.267079,0.496996,0.142828,0.968398,15.3538,7.25626e-13,62719,0.835188,71.1574,7.18405e-13,18924
1,138,n1->n2->n12->n13->n3->n4->n14->n15->n25->n26->n27->n17->n16->n6->n7->n8->n9->n10,2.31363e+13|1.08374e+10|6.50639e+11|4.50381e+10|6.12136e+10|3.77253e+09|4.81326e+11|3.20281e+09|3.34343e+12|7.93139e+12|1.24028e+10|4.00209e+11|1.22489e+11|3.11313e+11|9.24787e+09|4.30375e+13|5.91555e+11|1.18221e+10,3.60243e+12|2.86853e+09|6.91628e+10|3.40678e+10|1.1263e+10|1.57109e+09|4.44483e+11|2.0725e+09|1.01655e+12|2.21525e+12|4.06702e+09|1.16403e+11|1.60878e+10|9.70219e+10|1.17307e+09|3.6866e+13|1.23797e+11|4.31884e+09,2.76437e-05|2.25049e-05|0.000306846|5.57341e-05|0.00016633|1.75363e-05|0.00084559|9.19448e-05|8.18102e-05|0.000726723|0.000745339|0.000240023|0.000388598|0.000874519|0.00053987|6.06714e-05|4.9143e-05|0.000324399,0.00205186|0.000185945|0.00506163|0.00134945|0.000257502|0.00506716|0.0051438|0.0013452|0.000592493|0.00167665|0.00900296|0.000212219|0.00473624|0.000577384|0.00150891|0.000455538|0.000571723|0.000327224,0.0144542|0.0430141|0.0248209|0.0135171|0.0444183|0.0377136|0.00938046|0.0491072|0.01808|0.0017588|0.011818|0.0334165|0.0142199|0.0198763|0.0179336|0.0225523|0.00473199|0.0413395,0.0367363|0.0160199|0.0232879|0.00802942|0.0464833|0.0409904|0.0297136|0.0303606|0.0195753|0.00787617|0.00245588|0.0188367|0.0151898|0.0292376|0.0204335|0.0283967|0.00830313|0.0463752,0.95381|0.934272|0.90052|0.973616|0.909484|0.949976|0.983424|0.940373|0.908527|0.919553|0.914592|0.958778|0.983062|0.912165|0.940994|0.943873|0.968696|0.956752,3.46146|0.347274|4.94267|3.12017|0.674833|6.26231|2.35283|2.32468|0.486545|6.13073|0.397905|0.251924|0.15061|2.01744|3.97819|4.13907|2.44477|4.20312,79.8117|88.6198|13.9548|83.9106|10.4739|52.1141|92.5451|54.7186|55.6995|42.5138|72.2829|32.2763|50.0569|32.9383|55.4093|99.595|65.9961,0.20774|0.169026|0.237358|0.214124|0.244816|0.216912|0.187126|0.220733|0.184652|0.194076|0.211476|0.19197|0.248888|0.173207|0.200726|0.248024|0.245087,0.634164|0.804539|0.503427|0.78746|0.120042|0.936246|0.127963|0.337128|0.129529|0.446651|0.292448|0.413975|0.114607|0.402657|0.858389|0.527389|0.339228,0.965709,0.942107,0.00398666,0.0494591,0.601558,0.498619,0.0780554,0.491866,0.227373,0.94879,60.5101,3.47919e-12,34363,0.893945,38.3275,1.8046e-11,70899,0.813216,0.800213,0.0318416,0.894511,0.646291,0.467196,0.267079,0.496996,0.142828,0.968398,15.3538,7.25626e-13,62719,0.835188,71.1574,7.18405e-13,18924
1,139,n1->n11->n12->n22->n32->n42->n43->n44->n34->n35->n25->n26->n27->n28->n18->n19->n20->n10,2.31363e+13|1.83181e+09|6.50639e+11|4.72597e+11|1.52524e+11|4.46701e+13|9.0627e+12|5.76519e+11|1.74148e+12|2.28703e+12|3.34343e+12|7.93139e+12|1.24028e+10|9.45412e+09|2.03534e+11|1.05918e+11|1.43015e+11|1.18221e+10,3.60243e+12|1.61585e+09|6.91628e+10|3.89256e+11|1.50714e+11|1.40588e+13|2.61932e+12|3.95755e+11|1.0536e+12|2.08861e+12|1.01655e+12|2.21525e+12|4.06702e+09|3.50099e+09|6.77465e+10|6.82244e+10|1.55339e+10|4.31884e+09,2.76437e-05|6.09494e-05|0.000306846|0.000136426|9.38774e-05|0.000193195|1.45314e-05|1.64936e-05|7.18356e-05|5.51855e-05|8.18102e-05|0.000726723|0.000745339|0.000668186|2.6832e-05|0.000888862|0.000117274|0.000324399,0.00205186|0.0070437|0.00506163|0.000622969|0.000903427|0.00542431|0.00010755|0.000282069|0.00188744|0.000708212|0.000592493|0.00167665|0.00900296|0.00118696|0.000190216|0.000145034|0.00970702|0.000327224,0.0144542|0.0289489|0.0248209|0.0222508|0.0210883|0.0499415|0.02386|0.0396502|0.0428115|0.0406061|0.01808|0.0017588|0.011818|0.0312995|0.00942372|0.0325835|0.0479354|0.0413395,0.0367363|0.00023094|0.0232879|0.00315586|0.00334129|0.0306758|0.0247157|0.0423918|0.0315533|0.0252881|0.0195753|0.00787617|0.00245588|0.0100934|0.0172071|0.0435705|0.00201996|0.0463752,0.95381|0.903661|0.90052|0.992031|0.956331|0.984529|0.938699|0.994508|0.933029|0.969974|0.908527|0.919553|0.914592|0.976055|0.909197|0.960252|0.967051|0.956752,3.46146|4.2752|4.94267|1.9519|1.43236|5.70895|3.5699|5.48467|4.1628|2.88844|0.486545|6.13073|0.397905|3.88168|5.95219|2.69565|1.89604|4.20312,30.2686|24.4191|13.2112|86.2435|70.8805|27.3217|59.7094|46.2248|31.5608|88.4205|55.6995|42.5138|15.3326|43.2583|28.0546|10.3361|29.3778,0.161965|0.205217|0.185154|0.206725|0.229308|0.207381|0.18371|0.168809|0.214217|0.185142|0.184652|0.194076|0.168076|0.163508|0.241008|0.171154|0.198129,0.56362|0.974022|0.869928|0.579925|0.183944|0.252981|0.936639|0.348331|0.871174|0.273648|0.129529|0.446651|0.122684|0.54514|0.408385|0.31462|0.937095,0.965709,0.942107,0.00398666,0.0494591,0.601558,0.498619,0.0780554,0.491866,0.227373,0.94879,60.5101,3.47919e-12,34363,0.893945,38.3275,1.8046e-11,70899,0.813216,0.800213,0.0318416,0.894511,0.646291,0.467196,0.267079,0.496996,0.142828,0.968398,15.3538,7.25626e-13,62719,0.835188,71.1574,7.18405e-13,18924
1,140,n1->n11->n21->n31->n41->n42->n43->n44->n45->n35->n25->n15->n16->n17->n7->n8->n9->n10,2.31363e+13|1.83181e+09|3.273e+13|4.06943e+12|3.7088e+10|4.46701e+13|9.0627e+12|5.76519e+11|2.81511e+13|2.28703e+12|3.34343e+12|3.20281e+09|1.22489e+11|4.00209e+11|9.24787e+09|4.30375e+13|5.91555e+11|1.18221e+10,3.60243e+12|1.61585e+09|3.63129e+12|6.00353e+11|6.95085e+09|1.40588e+13|2.61932e+12|3.95755e+11|5.80554e+12|2.08861e+12|1.01655e+12|2.0725e+09|1.60878e+10|1.16403e+11|1.17307e+09|3.6866e+13|1.23797e+11|4.31884e+09,2.76437e-05|6.09494e-05|0.0007443|0.000747032|1.82718e-05|0.000193195|1.45314e-05|1.64936e-05|6.35804e-05|5.51855e-05|8.18102e-05|9.19448e-05|0.000388598|0.000240023|0.00053987|6.06714e-05|4.9143e-05|0.000324399,0.00205186|0.0070437|0.00473098|0.000237579|0.000754472|0.00542431|0.00010755|0.000282069|0.000343693|0.000708212|0.000592493|0.0013452|0.00473624|0.000212219|0.00150891|0.000455538|0.000571723|0.000327224,0.0144542|0.0289489|0.00587522|0.00536562|0.0151482|0.0499415|0.02386|0.0396502|0.030315|0.0406061|0.01808|0.0491072|0.0142199|0.0334165|0.0179336|0.0225523|0.00473199|0.0413395,0.0367363|0.00023094|0.00299122|0.0248824|0.0184636|0.0306758|0.0247157|0.0423918|0.0469403|0.0252881|0.0195753|0.0303606|0.0151898|0.0188367|0.0204335|0.0283967|0.00830313|0.0463752,0.95381|0.903661|0.979297|0.949357|0.92242|0.984529|0.938699|0.994508|0.932741|0.969974|0.908527|0.940373|0.983062|0.958778|0.940994|0.943873|0.968696|0.956752,3.46146|4.2752|0.978654|3.19307|4.79505|5.70895|3.5699|5.48467|3.49975|2.88844|0.486545|2.32468|0.15061|0.251924|3.97819|4.13907|2.44477|4.20312,30.2686|65.1286|89.2299|64.4551|61.2747|27.3217|59.7094|89.5651|97.1045|88.4205|54.7186|56.2706|32.2763|59.8148|55.4093|99.595|65.9961,0.161965|0.183295|0.224223|0.187761|0.230625|0.207381|0.18371|0.224894|0.200339|0.185142|0.220733|0.221203|0.19197|0.189151|0.200726|0.248024|0.245087,0.56362|0.554091|0.993527|0.936318|0.970834|0.252981|0.936639|0.152964|0.338692|0.273648|0.337128|0.263189|0.413975|0.531819|0.858389|0.527389|0.339228,0.965709,0.942107,0.00398666,0.0494591,0.601558,0.498619,0.0780554,0.491866,0.227373,0.94879,60.5101,3.47919e-12,34363,0.893945,38.3275,1.8046e-11,70899,0.813216,0.800213,0.0318416,0.894511,0.646291,0.467196,0.267079,0.496996,0.142828,0.968398,15.3538,7.25626e-13,62719,0.835188,71.1574,7.18405e-13,18924
1,141,n1->n2->n12->n13->n3->n4->n5->n15->n14->n24->n25->n26->n16->n17->n7->n8->n9->n10,2.31363e+13|1.08374e+10|6.50639e+11|4.50381e+10|6.12136e+10|3.77253e+09|1.66294e+09|3.20281e+09|4.81326e+11|1.6247e+13|3.34343e+12|7.93139e+12|1.22489e+11|4.00209e+11|9.24787e+09|4.30375e+13|5.91555e+11|1.18221e+10,3.60243e+12|2.86853e+09|6.91628e+10|3.40678e+10|1.1263e+10|1.57109e+09|4.18929e+08|2.0725e+09|4.44483e+11|1.42612e+13|1.01655e+12|2.21525e+12|1.60878e+10|1.16403e+11|1.17307e+09|3.6866e+13|1.23797e+11|4.31884e+09,2.76437e-05|2.25049e-05|0.000306846|5.57341e-05|0.00016633|1.75363e-05|4.44502e-05|9.19448e-05|0.00084559|1.7942e-05|8.18102e-05|0.000726723|0.000388598|0.000240023|0.00053987|6.06714e-05|4.9143e-05|0.000324399,0.00205186|0.000185945|0.00506163|0.00134945|0.000257502|0.00506716|0.00789389|0.0013452|0.0051438|0.00390461|0.000592493|0.00167665|0.00473624|0.000212219|0.00150891|0.000455538|0.000571723|0.000327224,0.0144542|0.0430141|0.0248209|0.0135171|0.0444183|0.0377136|0.028843|0.0491072|0.00938046|0.0272838|0.01808|0.0017588|0.0142199|0.0334165|0.0179336|0.0225523|0.00473199|0.0413395,0.0367363|0.0160199|0.0232879|0.00802942|0.0464833|0.0409904|0.0403095|0.0303606|0.0297136|0.0271748|0.0195753|0.00787617|0.0151898|0.0188367|0.0204335|0.0283967|0.00830313|0.0463752,0.95381|0.934272|0.90052|0.973616|0.909484|0.949976|0.916182|0.940373|0.983424|0.985398|0.908527|0.919553|0.983062|0.958778|0.940994|0.943873|0.968696|0.956752,3.46146|0.347274|4.94267|3.12017|0.674833|6.26231|6.14894|2.32468|2.35283|6.10602|0.486545|6.13073|0.15061|0.251924|3.97819|4.13907|2.44477|4.20312,79.8117|88.6198|13.9548|83.9106|10.4739|81.7362|35.0583|92.5451|66.6304|18.2346|55.6995|11.0615|32.2763|59.8148|55.4093|99.595|65.9961,0.20774|0.169026|0.237358|0.214124|0.244816|0.185633|0.200044|0.187126|0.195265|0.183812|0.184652|0.224508|0.19197|0.189151|0.200726|0.248024|0.245087,0.634164|0.804539|0.503427|0.78746|0.120042|0.8088|0.592289|0.127963|0.280165|0.135604|0.129529|0.519858|0.413975|0.531819|0.858389|0.527389|0.339228,0.965709,0.942107,0.00398666,0.0494591,0.601558,0.498619,0.0780554,0.491866,0.227373,0.94879,60.5101,3.47919e-12,34363,0.893945,38.3275,1.8046e-11,70899,0.813216,0.800213,0.0318416,0.894511,0.646291,0.467196,0.267079,0.496996,0.142828,0.968398,15.3538,7.25626e-13,62719,0.835188,71.1574,7.18405e-13,18924
1,142,n1->n11->n12->n2->n3->n13->n23->n33->n34->n35->n36->n37->n38->n28->n29->n19->n20->n10,2.31363e+13|1.83181e+09|6.50639e+11|1.08374e+10|6.12136e+10|4.50381e+10|8.84744e+09|1.54186e+12|1.74148e+12|2.28703e+12|1.1953e+10|3.57784e+09|3.47366e+12|9.45412e+09|2.09259e+13|1.05918e+11|1.43015e+11|1.18221e+10,3.60243e+12|1.61585e+09|6.91628e+10|2.86853e+09|1.1263e+10|3.40678e+10|1.70948e+09|1.73332e+11|1.0536e+12|2.08861e+12|6.64782e+09|3.23346e+09|5.19958e+11|3.50099e+09|1.86006e+13|6.82244e+10|1.55339e+10|4.31884e+09,2.76437e-05|6.09494e-05|0.000306846|2.25049e-05|0.00016633|5.57341e-05|0.000848685|0.000917855|7.18356e-05|5.51855e-05|1.82941e-05|2.03632e-05|5.19237e-05|0.000668186|4.96365e-05|0.000888862|0.000117274|0.000324399,0.00205186|0.0070437|0.00506163|0.000185945|0.000257502|0.00134945|0.000154373|0.000866982|0.00188744|0.000708212|0.000249556|0.000248504|0.000905336|0.00118696|0.00015176|0.000145034|0.00970702|0.000327224,0.0144542|0.0289489|0.0248209|0.0430141|0.0444183|0.0135171|0.0433652|0.0448378|0.0428115|0.0406061|0.0313412|0.0145665|0.0073713|0.0312995|0.0112964|0.0325835|0.0479354|0.0413395,0.0367363|0.00023094|0.0232879|0.0160199|0.0464833|0.00802942|0.0353922|0.0237781|0.0315533|0.0252881|0.0373635|0.0264696|0.0136715|0.0100934|0.0218921|0.0435705|0.00201996|0.0463752,0.95381|0.903661|0.90052|0.934272|0.909484|0.973616|0.978852|0.905731|0.933029|0.969974|0.984995|0.983868|0.929292|0.976055|0.989841|0.960252|0.967051|0.956752,3.46146|4.2752|4.94267|0.347274|0.674833|3.12017|6.13175|5.16612|4.1628|2.88844|1.71271|4.77865|0.7997|3.88168|2.37699|2.69565|1.89604|4.20312,30.2686|24.4191|88.6198|37.015|83.9106|51.9585|76.7594|23.5709|31.5608|18.7034|29.3504|37.0378|23.518|39.0733|84.7043|10.3361|29.3778,0.161965|0.205217|0.169026|0.191035|0.214124|0.247887|0.161271|0.219061|0.214217|0.197276|0.195346|0.240437|0.20538|0.249173|0.22724|0.171154|0.198129,0.56362|0.974022|0.804539|0.479152|0.78746|0.267835|0.934902|0.130761|0.871174|0.138212|0.482592|0.483374|0.578641|0.935674|0.217677|0.31462|0.937095,0.965709,0.942107,0.00398666,0.0494591,0.601558,0.498619,0.0780554,0.491866,0.227373,0.94879,60.5101,3.47919e-12,34363,0.893945,38.3275,1.8046e-11,70899,0.813216,0.800213,0.0318416,0.894511,0.646291,0.467196,0.267079,0.496996,0.142828,0.968398,15.3538,7.25626e-13,62719,0.835188,71.1574,7.18405e-13,18924
1,143,n1->n2->n12->n13->n14->n24->n25->n26->n27->n37->n47->n48->n38->n28->n18->n19->n9->n10,2.31363e+13|1.08374e+10|6.50639e+11|4.50381e+10|4.81326e+11|1.6247e+13|3.34343e+12|7.93139e+12|1.24028e+10|3.57784e+09|9.11183e+09|1.50066e+10|3.47366e+12|9.45412e+09|2.03534e+11|1.05918e+11|5.91555e+11|1.18221e+10,3.60243e+12|2.86853e+09|6.91628e+10|3.40678e+10|4.44483e+11|1.42612e+13|1.01655e+12|2.21525e+12|4.06702e+09|3.23346e+09|1.3648e+09|2.83458e+09|5.19958e+11|3.50099e+09|6.77465e+10|6.82244e+10|1.23797e+11|4.31884e+09,2.76437e-05|2.25049e-05|0.000306846|5.57341e-05|0.00084559|1.7942e-05|8.18102e-05|0.000726723|0.000745339|2.03632e-05|0.000420704|0.000849254|5.19237e-05|0.000668186|2.6832e-05|0.000888862|4.9143e-05|0.000324399,0.00205186|0.000185945|0.00506163|0.00134945|0.0051438|0.00390461|0.000592493|0.00167665|0.00900296|0.000248504|0.000338395|0.000338217|0.000905336|0.00118696|0.000190216|0.000145034|0.000571723|0.000327224,0.0144542|0.0430141|0.0248209|0.0135171|0.00938046|0.0272838|0.01808|0.0017588|0.011818|0.0145665|0.0456643|0.0214979|0.0073713|0.0312995|0.00942372|0.0325835|0.00473199|0.0413395,0.0367363|0.0160199|0.0232879|0.00802942|0.0297136|0.0271748|0.0195753|0.00787617|0.00245588|0.0264696|0.00700277|0.0216258|0.0136715|0.0100934|0.0172071|0.0435705|0.00830313|0.0463752,0.95381|0.934272|0.90052|0.973616|0.983424|0.985398|0.908527|0.919553|0.914592|0.983868|0.964382|0.924038|0.929292|0.976055|0.909197|0.960252|0.968696|0.956752,3.46146|0.347274|4.94267|3.12017|2.35283|6.10602|0.486545|6.13073|0.397905|4.77865|5.11749|4.87444|0.7997|3.88168|5.95219|2.69565|2.44477|4.20312,79.8117|88.6198|13.9548|56.34|66.6304|18.2346|55.6995|42.5138|44.8869|88.6669|13.4252|21.8454|23.518|43.2583|28.0546|99.0064|65.9961,0.20774|0.169026|0.237358|0.19509|0.195265|0.183812|0.184652|0.194076|0.17819|0.189503|0.189094|0.205241|0.20538|0.163508|0.241008|0.205366|0.245087,0.634164|0.804539|0.503427|0.577651|0.280165|0.135604|0.129529|0.446651|0.780984|0.552261|0.628871|0.236622|0.578641|0.54514|0.408385|0.181632|0.339228,0.965709,0.942107,0.00398666,0.0494591,0.601558,0.498619,0.0780554,0.491866,0.227373,0.94879,60.5101,3.47919e-12,34363,0.893945,38.3275,1.8046e-11,70899,0.813216,0.800213,0.0318416,0.894511,0.646291,0.467196,0.267079,0.496996,0.142828,0.968398,15.3538,7.25626e-13,62719,0.835188,71.1574,7.18405e-13,18924
1,144,n1->n11->n21->n22->n12->n13->n3->n4->n14->n24->n25->n26->n27->n17->n7->n8->n9->n10,2.31363e+13|1.83181e+09|3.273e+13|4.72597e+11|6.50639e+11|4.50381e+10|6.12136e+10|3.77253e+09|4.81326e+11|1.6247e+13|3.34343e+12|7.93139e+12|1.24028e+10|4.00209e+11|9.24787e+09|4.30375e+13|5.91555e+11|1.18221e+10,3.60243e+12|1.61585e+09|3.63129e+12|3.89256e+11|6.91628e+10|3.40678e+10|1.1263e+10|1.57109e+09|4.44483e+11|1.42612e+13|1.01655e+12|2.21525e+12|4.06702e+09|1.16403e+11|1.17307e+09|3.6866e+13|1.23797e+11|4.31884e+09,2.76437e-05|6.09494e-05|0.0007443|0.000136426|0.000306846|5.57341e-05|0.00016633|1.75363e-05|0.00084559|1.7942e-05|8.18102e-05|0.000726723|0.000745339|0.000240023|0.00053987|6.06714e-05|4.9143e-05|0.000324399,0.00205186|0.0070437|0.00473098|0.000622969|0.00506163|0.00134945|0.000257502|0.00506716|0.0051438|0.00390461|0.000592493|0.00167665|0.00900296|0.000212219|0.00150891|0.000455538|0.000571723|0.000327224,0.0144542|0.0289489|0.00587522|0.0222508|0.0248209|0.0135171|0.0444183|0.0377136|0.00938046|0.0272838|0.01808|0.0017588|0.011818|0.0334165|0.0179336|0.0225523|0.00473199|0.0413395,0.0367363|0.00023094|0.00299122|0.00315586|0.0232879|0.00802942|0.0464833|0.0409904|0.0297136|0.0271748|0.0195753|0.00787617|0.00245588|0.0188367|0.0204335|0.0283967|0.00830313|0.0463752,0.95381|0.903661|0.979297|0.992031|0.90052|0.973616|0.909484|0.949976|0.983424|0.985398|0.908527|0.919553|0.914592|0.958778|0.940994|0.943873|0.968696|0.956752,3.46146|4.2752|0.978654|1.9519|4.94267|3.12017|0.674833|6.26231|2.35283|6.10602|0.486545|6.13073|0.397905|0.251924|3.97819|4.13907|2.44477|4.20312,30.2686|65.1286|34.0839|13.2112|13.9548|83.9106|10.4739|52.1141|66.6304|18.2346|55.6995|42.5138|72.2829|59.8148|55.4093|99.595|65.9961,0.161965|0.183295|0.214588|0.185154|0.237358|0.214124|0.244816|0.216912|0.195265|0.183812|0.184652|0.194076|0.211476|0.189151|0.200726|0.248024|0.245087,0.56362|0.554091|0.739323|0.869928|0.503427|0.78746|0.120042|0.936246|0.280165|0.135604|0.129529|0.446651|0.292448|0.531819|0.858389|0.527389|0.339228,0.965709,0.942107,0.00398666,0.0494591,0.601558,0.498619,0.0780554,0.491866,0.227373,0.94879,60.5101,3.47919e-12,34363,0.893945,38.3275,1.8046e-11,70899,0.813216,0.800213,0.0318416,0.894511,0.646291,0.467196,0.267079,0.496996,0.142828,0.968398,15.3538,7.25626e-13,62719,0.835188,71.1574,7.18405e-13,18924
1,145,n1->n2->n12->n13->n3->n4->n5->n15->n14->n24->n25->n26->n27->n28->n18->n8->n9->n10,2.31363e+13|1.08374e+10|6.50639e+11|4.50381e+10|6.12136e+10|3.77253e+09|1.66294e+09|3.20281e+09|4.81326e+11|1.6247e+13|3.34343e+12|7.93139e+12|1.24028e+10|9.45412e+09|2.03534e+11|4.30375e+13|5.91555e+11|1.18221e+10,3.60243e+12|2.86853e+09|6.91628e+10|3.40678e+10|1.1263e+10|1.57109e+09|4.18929e+08|2.0725e+09|4.44483e+11|1.42612e+13|1.01655e+12|2.21525e+12|4.06702e+09|3.50099e+09|6.77465e+10|3.6866e+13|1.23797e+11|4.31884e+09,2.76437e-05|2.25049e-05|0.000306846|5.57341e-05|0.00016633|1.75363e-05|4.44502e-05|9.19448e-05|0.00084559|1.7942e-05|8.18102e-05|0.000726723|0.000745339|0.000668186|2.6832e-05|6.06714e-05|4.9143e-05|0.000324399,0.00205186|0.000185945|0.00506163|0.00134945|0.000257502|0.00506716|0.00789389|0.0013452|0.0051438|0.00390461|0.000592493|0.00167665|0.00900296|0.00118696|0.000190216|0.000455538|0.000571723|0.000327224,0.0144542|0.0430141|0.0248209|0.0135171|0.0444183|0.0377136|0.028843|0.0491072|0.00938046|0.0272838|0.01808|0.0017588|0.011818|0.0312995|0.00942372|0.0225523|0.00473199|0.0413395,0.0367363|0.0160199|0.0232879|0.00802942|0.0464833|0.0409904|0.0403095|0.0303606|0.0297136|0.0271748|0.0195753|0.00787617|0.00245588|0.0100934|0.0172071|0.0283967|0.00830313|0.0463752,0.95381|0.934272|0.90052|0.973616|0.909484|0.949976|0.916182|0.940373|0.983424|0.985398|0.908527|0.919553|0.914592|0.976055|0.909197|0.943873|0.968696|0.956752,3.46146|0.347274|4.94267|3.12017|0.674833|6.26231|6.14894|2.32468|2.35283|6.10602|0.486545|6.13073|0.397905|3.88168|5.95219|4.13907|2.44477|4.20312,79.8117|88.6198|13.9548|83.9106|10.4739|81.7362|35.0583|92.5451|66.6304|18.2346|55.6995|42.5138|15.3326|43.2583|81.3396|99.595|65.9961,0.20774|0.169026|0.237358|0.214124|0.244816|0.185633|0.200044|0.187126|0.195265|0.183812|0.184652|0.194076|0.168076|0.163508|0.171783|0.248024|0.245087,0.634164|0.804539|0.503427|0.78746|0.120042|0.8088|0.592289|0.127963|0.280165|0.135604|0.129529|0.446651|0.122684|0.54514|0.146549|0.527389|0.339228,0.965709,0.942107,0.00398666,0.0494591,0.601558,0.498619,0.0780554,0.491866,0.227373,0.94879,60.5101,3.47919e-12,34363,0.893945,38.3275,1.8046e-11,70899,0.813216,0.800213,0.0318416,0.894511,0.646291,0.467196,0.267079,0.496996,0.142828,0.968398,15.3538,7.25626e-13,62719,0.835188,71.1574,7.18405e-13,18924
1,146,n1->n2->n12->n11->n21->n22->n32->n33->n23->n24->n14->n4->n5->n6->n7->n8->n9->n10,2.31363e+13|1.08374e+10|6.50639e+11|1.83181e+09|3.273e+13|4.72597e+11|1.52524e+11|1.54186e+12|8.84744e+09|1.6247e+13|4.81326e+11|3.77253e+09|1.66294e+09|3.11313e+11|9.24787e+09|4.30375e+13|5.91555e+11|1.18221e+10,3.60243e+12|2.86853e+09|6.91628e+10|1.61585e+09|3.63129e+12|3.89256e+11|1.50714e+11|1.73332e+11|1.70948e+09|1.42612e+13|4.44483e+11|1.57109e+09|4.18929e+08|9.70219e+10|1.17307e+09|3.6866e+13|1.23797e+11|4.31884e+09,2.76437e-05|2.25049e-05|0.000306846|6.09494e-05|0.0007443|0.000136426|9.38774e-05|0.000917855|0.000848685|1.7942e-05|0.00084559|1.75363e-05|4.44502e-05|0.000874519|0.00053987|6.06714e-05|4.9143e-05|0.000324399,0.00205186|0.000185945|0.00506163|0.0070437|0.00473098|0.000622969|0.000903427|0.000866982|0.000154373|0.00390461|0.0051438|0.00506716|0.00789389|0.000577384|0.00150891|0.000455538|0.000571723|0.000327224,0.0144542|0.0430141|0.0248209|0.0289489|0.00587522|0.0222508|0.0210883|0.0448378|0.0433652|0.0272838|0.00938046|0.0377136|0.028843|0.0198763|0.0179336|0.0225523|0.00473199|0.0413395,0.0367363|0.0160199|0.0232879|0.00023094|0.00299122|0.00315586|0.00334129|0.0237781|0.0353922|0.0271748|0.0297136|0.0409904|0.0403095|0.0292376|0.0204335|0.0283967|0.00830313|0.0463752,0.95381|0.934272|0.90052|0.903661|0.979297|0.992031|0.956331|0.905731|0.978852|0.985398|0.983424|0.949976|0.916182|0.912165|0.940994|0.943873|0.968696|0.956752,3.46146|0.347274|4.94267|4.2752|0.978654|1.9519|1.43236|5.16612|6.13175|6.10602|2.35283|6.26231|6.14894|2.01744|3.97819|4.13907|2.44477|4.20312,79.8117|88.6198|24.4191|65.1286|34.0839|86.2435|67.4197|76.7594|67.5745|66.6304|52.1141|81.7362|37.2729|32.9383|55.4093|99.595|65.9961,0.20774|0.169026|0.205217|0.183295|0.214588|0.206725|0.168491|0.161271|0.176012|0.195265|0.216912|0.185633|0.24829|0.173207|0.200726|0.248024|0.245087,0.634164|0.804539|0.974022|0.554091|0.739323|0.579925|0.994842|0.934902|0.651798|0.280165|0.936246|0.8088|0.138112|0.402657|0.858389|0.527389|0.339228,0.965709,0.942107,0.00398666,0.0494591,0.601558,0.498619,0.0780554,0.491866,0.227373,0.94879,60.5101,3.47919e-12,34363,0.893945,38.3275,1.8046e-11,70899,0.813216,0.800213,0.0318416,0.894511,0.646291,0.467196,0.267079,0.496996,0.142828,0.968398,15.3538,7.25626e-13,62719,0.835188,71.1574,7.18405e-13,18924
1,147,n1->n2->n3->n4->n14->n13->n23->n33->n34->n35->n36->n26->n16->n17->n18->n8->n9->n10,2.31363e+13|1.08374e+10|6.12136e+10|3.77253e+09|4.81326e+11|4.50381e+10|8.84744e+09|1.54186e+12|1.74148e+12|2.28703e+12|1.1953e+10|7.93139e+12|1.22489e+11|4.00209e+11|2.03534e+11|4.30375e+13|5.91555e+11|1.18221e+10,3.60243e+12|2.86853e+09|1.1263e+10|1.57109e+09|4.44483e+11|3.40678e+10|1.70948e+09|1.73332e+11|1.0536e+12|2.08861e+12|6.64782e+09|2.21525e+12|1.60878e+10|1.16403e+11|6.77465e+10|3.6866e+13|1.23797e+11|4.31884e+09,2.76437e-05|2.25049e-05|0.00016633|1.75363e-05|0.00084559|5.57341e-05|0.000848685|0.000917855|7.18356e-05|5.51855e-05|1.82941e-05|0.000726723|0.000388598|0.000240023|2.6832e-05|6.06714e-05|4.9143e-05|0.000324399,0.00205186|0.000185945|0.000257502|0.00506716|0.0051438|0.00134945|0.000154373|0.000866982|0.00188744|0.000708212|0.000249556|0.00167665|0.00473624|0.000212219|0.000190216|0.000455538|0.000571723|0.000327224,0.0144542|0.0430141|0.0444183|0.0377136|0.00938046|0.0135171|0.0433652|0.0448378|0.0428115|0.0406061|0.0313412|0.0017588|0.0142199|0.0334165|0.00942372|0.0225523|0.00473199|0.0413395,0.0367363|0.0160199|0.0464833|0.0409904|0.0297136|0.00802942|0.0353922|0.0237781|0.0315533|0.0252881|0.0373635|0.00787617|0.0151898|0.0188367|0.0172071|0.0283967|0.00830313|0.0463752,0.95381|0.934272|0.909484|0.949976|0.983424|0.973616|0.978852|0.905731|0.933029|0.969974|0.984995|0.919553|0.983062|0.958778|0.909197|0.943873|0.968696|0.956752,3.46146|0.347274|0.674833|6.26231|2.35283|3.12017|6.13175|5.16612|4.1628|2.88844|1.71271|6.13073|0.15061|0.251924|5.95219|4.13907|2.44477|4.20312,79.8117|37.015|10.4739|52.1141|56.34|51.9585|76.7594|23.5709|31.5608|18.7034|63.8366|11.0615|32.2763|27.3162|81.3396|99.595|65.9961,0.20774|0.191035|0.244816|0.216912|0.19509|0.247887|0.161271|0.219061|0.214217|0.197276|0.190511|0.224508|0.19197|0.192517|0.171783|0.248024|0.245087,0.634164|0.479152|0.120042|0.936246|0.577651|0.267835|0.934902|0.130761|0.871174|0.138212|0.395131|0.519858|0.413975|0.86736|0.146549|0.527389|0.339228,0.965709,0.942107,0.00398666,0.0494591,0.601558,0.498619,0.0780554,0.491866,0.227373,0.94879,60.5101,3.47919e-12,34363,0.893945,38.3275,1.8046e-11,70899,0.813216,0.800213,0.0318416,0.894511,0.646291,0.467196,0.267079,0.496996,0.142828,0.968398,15.3538,7.25626e-13,62719,0.835188,71.1574,7.18405e-13,18924
1,148,n1->n11->n21->n31->n32->n22->n12->n2->n3->n4->n5->n6->n7->n8->n9->n19->n20->n10,2.31363e+13|1.83181e+09|3.273e+13|4.06943e+12|1.52524e+11|4.72597e+11|6.50639e+11|1.08374e+10|6.12136e+10|3.77253e+09|1.66294e+09|3.11313e+11|9.24787e+09|4.30375e+13|5.91555e+11|1.05918e+11|1.43015e+11|1.18221e+10,3.60243e+12|1.61585e+09|3.63129e+12|6.00353e+11|1.50714e+11|3.89256e+11|6.91628e+10|2.86853e+09|1.1263e+10|1.57109e+09|4.18929e+08|9.70219e+10|1.17307e+09|3.6866e+13|1.23797e+11|6.82244e+10|1.55339e+10|4.31884e+09,2.76437e-05|6.09494e-05|0.0007443|0.000747032|9.38774e-05|0.000136426|0.000306846|2.25049e-05|0.00016633|1.75363e-05|4.44502e-05|0.000874519|0.00053987|6.06714e-05|4.9143e-05|0.000888862|0.000117274|0.000324399,0.00205186|0.0070437|0.00473098|0.000237579|0.000903427|0.000622969|0.00506163|0.000185945|0.000257502|0.00506716|0.00789389|0.000577384|0.00150891|0.000455538|0.000571723|0.000145034|0.00970702|0.000327224,0.0144542|0.0289489|0.00587522|0.00536562|0.0210883|0.0222508|0.0248209|0.0430141|0.0444183|0.0377136|0.028843|0.0198763|0.0179336|0.0225523|0.00473199|0.0325835|0.0479354|0.0413395,0.0367363|0.00023094|0.00299122|0.0248824|0.00334129|0.00315586|0.0232879|0.0160199|0.0464833|0.0409904|0.0403095|0.0292376|0.0204335|0.0283967|0.00830313|0.0435705|0.00201996|0.0463752,0.95381|0.903661|0.979297|0.949357|0.956331|0.992031|0.90052|0.934272|0.909484|0.949976|0.916182|0.912165|0.940994|0.943873|0.968696|0.960252|0.967051|0.956752,3.46146|4.2752|0.978654|3.19307|1.43236|1.9519|4.94267|0.347274|0.674833|6.26231|6.14894|2.01744|3.97819|4.13907|2.44477|2.69565|1.89604|4.20312,30.2686|65.1286|89.2299|63.0993|86.2435|13.2112|88.6198|37.015|10.4739|81.7362|37.2729|32.9383|55.4093|99.595|99.0064|10.3361|29.3778,0.161965|0.183295|0.224223|0.229019|0.206725|0.185154|0.169026|0.191035|0.244816|0.185633|0.24829|0.173207|0.200726|0.248024|0.205366|0.171154|0.198129,0.56362|0.554091|0.993527|0.825759|0.579925|0.869928|0.804539|0.479152|0.120042|0.8088|0.138112|0.402657|0.858389|0.527389|0.181632|0.31462|0.937095,0.965709,0.942107,0.00398666,0.0494591,0.601558,0.498619,0.0780554,0.491866,0.227373,0.94879,60.5101,3.47919e-12,34363,0.893945,38.3275,1.8046e-11,70899,0.813216,0.800213,0.0318416,0.894511,0.646291,0.467196,0.267079,0.496996,0.142828,0.968398,15.3538,7.25626e-13,62719,0.835188,71.1574,7.18405e-13,18924
1,149,n1->n2->n12->n22->n32->n33->n23->n24->n25->n35->n36->n26->n16->n6->n7->n8->n9->n10,2.31363e+13|1.08374e+10|6.50639e+11|4.72597e+11|1.52524e+11|1.54186e+12|8.84744e+09|1.6247e+13|3.34343e+12|2.28703e+12|1.1953e+10|7.93139e+12|1.22489e+11|3.11313e+11|9.24787e+09|4.30375e+13|5.91555e+11|1.18221e+10,3.60243e+12|2.86853e+09|6.91628e+10|3.89256e+11|1.50714e+11|1.73332e+11|1.70948e+09|1.42612e+13|1.01655e+12|2.08861e+12|6.64782e+09|2.21525e+12|1.60878e+10|9.70219e+10|1.17307e+09|3.6866e+13|1.23797e+11|4.31884e+09,2.76437e-05|2.25049e-05|0.000306846|0.000136426|9.38774e-05|0.000917855|0.000848685|1.7942e-05|8.18102e-05|5.51855e-05|1.82941e-05|0.000726723|0.000388598|0.000874519|0.00053987|6.06714e-05|4.9143e-05|0.000324399,0.00205186|0.000185945|0.00506163|0.000622969|0.000903427|0.000866982|0.000154373|0.00390461|0.000592493|0.000708212|0.000249556|0.00167665|0.00473624|0.000577384|0.00150891|0.000455538|0.000571723|0.000327224,0.0144542|0.0430141|0.0248209|0.0222508|0.0210883|0.0448378|0.0433652|0.0272838|0.01808|0.0406061|0.0313412|0.0017588|0.0142199|0.0198763|0.0179336|0.0225523|0.00473199|0.0413395,0.0367363|0.0160199|0.0232879|0.00315586|0.00334129|0.0237781|0.0353922|0.0271748|0.0195753|0.0252881|0.0373635|0.00787617|0.0151898|0.0292376|0.0204335|0.0283967|0.00830313|0.0463752,0.95381|0.934272|0.90052|0.992031|0.956331|0.905731|0.978852|0.985398|0.908527|0.969974|0.984995|0.919553|0.983062|0.912165|0.940994|0.943873|0.968696|0.956752,3.46146|0.347274|4.94267|1.9519|1.43236|5.16612|6.13175|6.10602|0.486545|2.88844|1.71271|6.13073|0.15061|2.01744|3.97819|4.13907|2.44477|4.20312,79.8117|88.6198|13.2112|86.2435|67.4197|76.7594|67.5745|18.2346|88.4205|18.7034|63.8366|11.0615|50.0569|32.9383|55.4093|99.595|65.9961,0.20774|0.169026|0.185154|0.206725|0.168491|0.161271|0.176012|0.183812|0.185142|0.197276|0.190511|0.224508|0.248888|0.173207|0.200726|0.248024|0.245087,0.634164|0.804539|0.869928|0.579925|0.994842|0.934902|0.651798|0.135604|0.273648|0.138212|0.395131|0.519858|0.114607|0.402657|0.858389|0.527389|0.339228,0.965709,0.942107,0.00398666,0.0494591,0.601558,0.498619,0.0780554,0.491866,0.227373,0.94879,60.5101,3.47919e-12,34363,0.893945,38.3275,1.8046e-11,70899,0.813216,0.800213,0.0318416,0.894511,0.646291,0.467196,0.267079,0.496996,0.142828,0.968398,15.3538,7.25626e-13,62719,0.835188,71.1574,7.18405e-13,18924
1,150,n1->n11->n21->n31->n41->n42->n43->n44->n45->n35->n36->n26->n16->n17->n7->n8->n9->n10,2.31363e+13|1.83181e+09|3.273e+13|4.06943e+12|3.7088e+10|4.46701e+13|9.0627e+12|5.76519e+11|2.81511e+13|2.28703e+12|1.1953e+10|7.93139e+12|1.22489e+11|4.00209e+11|9.24787e+09|4.30375e+13|5.91555e+11|1.18221e+10,3.60243e+12|1.61585e+09|3.63129e+12|6.00353e+11|6.95085e+09|1.40588e+13|2.61932e+12|3.95755e+11|5.80554e+12|2.08861e+12|6.64782e+09|2.21525e+12|1.60878e+10|1.16403e+11|1.17307e+09|3.6866e+13|1.23797e+11|4.31884e+09,2.76437e-05|6.09494e-05|0.0007443|0.000747032|1.82718e-05|0.000193195|1.45314e-05|1.64936e-05|6.35804e-05|5.51855e-05|1.82941e-05|0.000726723|0.000388598|0.000240023|0.00053987|6.06714e-05|4.9143e-05|0.000324399,0.00205186|0.0070437|0.00473098|0.000237579|0.000754472|0.00542431|0.00010755|0.000282069|0.000343693|0.000708212|0.000249556|0.00167665|0.00473624|0.000212219|0.00150891|0.000455538|0.000571723|0.000327224,0.0144542|0.0289489|0.00587522|0.00536562|0.0151482|0.0499415|0.02386|0.0396502|0.030315|0.0406061|0.0313412|0.0017588|0.0142199|0.0334165|0.0179336|0.0225523|0.00473199|0.0413395,0.0367363|0.00023094|0.00299122|0.0248824|0.0184636|0.0306758|0.0247157|0.0423918|0.0469403|0.0252881|0.0373635|0.00787617|0.0151898|0.0188367|0.0204335|0.0283967|0.00830313|0.0463752,0.95381|0.903661|0.979297|0.949357|0.92242|0.984529|0.938699|0.994508|0.932741|0.969974|0.984995|0.919553|0.983062|0.958778|0.940994|0.943873|0.968696|0.956752,3.46146|4.2752|0.978654|3.19307|4.79505|5.70895|3.5699|5.48467|3.49975|2.88844|1.71271|6.13073|0.15061|0.251924|3.97819|4.13907|2.44477|4.20312,30.2686|65.1286|89.2299|64.4551|61.2747|27.3217|59.7094|89.5651|97.1045|18.7034|63.8366|11.0615|32.2763|59.8148|55.4093|99.595|65.9961,0.161965|0.183295|0.224223|0.187761|0.230625|0.207381|0.18371|0.224894|0.200339|0.197276|0.190511|0.224508|0.19197|0.189151|0.200726|0.248024|0.245087,0.56362|0.554091|0.993527|0.936318|0.970834|0.252981|0.936639|0.152964|0.338692|0.138212|0.395131|0.519858|0.413975|0.531819|0.858389|0.527389|0.339228,0.965709,0.942107,0.00398666,0.0494591,0.601558,0.498619,0.0780554,0.491866,0.227373,0.94879,60.5101,3.47919e-12,34363,0.893945,38.3275,1.8046e-11,70899,0.813216,0.800213,0.0318416,0.894511,0.646291,0.467196,0.267079,0.496996,0.142828,0.968398,15.3538,7.25626e-13,62719,0.835188,71.1574,7.18405e-13,18924
1,151,n1->n11->n21->n22->n12->n13->n23->n33->n34->n24->n25->n15->n5->n6->n7->n8->n9->n10,2.31363e+13|1.83181e+09|3.273e+13|4.72597e+11|6.50639e+11|4.50381e+10|8.84744e+09|1.54186e+12|1.74148e+12|1.6247e+13|3.34343e+12|3.20281e+09|1.66294e+09|3.11313e+11|9.24787e+09|4.30375e+13|5.91555e+11|1.18221e+10,3.60243e+12|1.61585e+09|3.63129e+12|3.89256e+11|6.91628e+10|3.40678e+10|1.70948e+09|1.73332e+11|1.0536e+12|1.42612e+13|1.01655e+12|2.0725e+09|4.18929e+08|9.70219e+10|1.17307e+09|3.6866e+13|1.23797e+11|4.31884e+09,2.76437e-05|6.09494e-05|0.0007443|0.000136426|0.000306846|5.57341e-05|0.000848685|0.000917855|7.18356e-05|1.7942e-05|8.18102e-05|9.19448e-05|4.44502e-05|0.000874519|0.00053987|6.06714e-05|4.9143e-05|0.000324399,0.00205186|0.0070437|0.00473098|0.000622969|0.00506163|0.00134945|0.000154373|0.000866982|0.00188744|0.00390461|0.000592493|0.0013452|0.00789389|0.000577384|0.00150891|0.000455538|0.000571723|0.000327224,0.0144542|0.0289489|0.00587522|0.0222508|0.0248209|0.0135171|0.0433652|0.0448378|0.0428115|0.0272838|0.01808|0.0491072|0.028843|0.0198763|0.0179336|0.0225523|0.00473199|0.0413395,0.0367363|0.00023094|0.00299122|0.00315586|0.0232879|0.00802942|0.0353922|0.0237781|0.0315533|0.0271748|0.0195753|0.0303606|0.0403095|0.0292376|0.0204335|0.0283967|0.00830313|0.0463752,0.95381|0.903661|0.979297|0.992031|0.90052|0.973616|0.978852|0.905731|0.933029|0.985398|0.908527|0.940373|0.916182|0.912165|0.940994|0.943873|0.968696|0.956752,3.46146|4.2752|0.978654|1.9519|4.94267|3.12017|6.13175|5.16612|4.1628|6.10602|0.486545|2.32468|6.14894|2.01744|3.97819|4.13907|2.44477|4.20312,30.2686|65.1286|34.0839|13.2112|13.9548|51.9585|76.7594|23.5709|58.7029|18.2346|54.7186|35.0583|37.2729|32.9383|55.4093|99.595|65.9961,0.161965|0.183295|0.214588|0.185154|0.237358|0.247887|0.161271|0.219061|0.169742|0.183812|0.220733|0.200044|0.24829|0.173207|0.200726|0.248024|0.245087,0.56362|0.554091|0.739323|0.869928|0.503427|0.267835|0.934902|0.130761|0.316224|0.135604|0.337128|0.592289|0.138112|0.402657|0.858389|0.527389|0.339228,0.965709,0.942107,0.00398666,0.0494591,0.601558,0.498619,0.0780554,0.491866,0.227373,0.94879,60.5101,3.47919e-12,34363,0.893945,38.3275,1.8046e-11,70899,0.813216,0.800213,0.0318416,0.894511,0.646291,0.467196,0.267079,0.496996,0.142828,0.968398,15.3538,7.25626e-13,62719,0.835188,71.1574,7.18405e-13,18924
1,152,n1->n11->n21->n31->n41->n42->n32->n22->n23->n24->n14->n4->n5->n6->n7->n8->n9->n10,2.31363e+13|1.83181e+09|3.273e+13|4.06943e+12|3.7088e+10|4.46701e+13|1.52524e+11|4.72597e+11|8.84744e+09|1.6247e+13|4.81326e+11|3.77253e+09|1.66294e+09|3.11313e+11|9.24787e+09|4.30375e+13|5.91555e+11|1.18221e+10,3.60243e+12|1.61585e+09|3.63129e+12|6.00353e+11|6.95085e+09|1.40588e+13|1.50714e+11|3.89256e+11|1.70948e+09|1.42612e+13|4.44483e+11|1.57109e+09|4.18929e+08|9.70219e+10|1.17307e+09|3.6866e+13|1.23797e+11|4.31884e+09,2.76437e-05|6.09494e-05|0.0007443|0.000747032|1.82718e-05|0.000193195|9.38774e-05|0.000136426|0.000848685|1.7942e-05|0.00084559|1.75363e-05|4.44502e-05|0.000874519|0.00053987|6.06714e-05|4.9143e-05|0.000324399,0.00205186|0.0070437|0.00473098|0.000237579|0.000754472|0.00542431|0.000903427|0.000622969|0.000154373|0.00390461|0.0051438|0.00506716|0.00789389|0.000577384|0.00150891|0.000455538|0.000571723|0.000327224,0.0144542|0.0289489|0.00587522|0.00536562|0.0151482|0.0499415|0.0210883|0.0222508|0.0433652|0.0272838|0.00938046|0.0377136|0.028843|0.0198763|0.0179336|0.0225523|0.00473199|0.0413395,0.0367363|0.00023094|0.00299122|0.0248824|0.0184636|0.0306758|0.00334129|0.00315586|0.0353922|0.0271748|0.0297136|0.0409904|0.0403095|0.0292376|0.0204335|0.0283967|0.00830313|0.0463752,0.95381|0.903661|0.979297|0.949357|0.92242|0.984529|0.956331|0.992031|0.978852|0.985398|0.983424|0.949976|0.916182|0.912165|0.940994|0.943873|0.968696|0.956752,3.46146|4.2752|0.978654|3.19307|4.79505|5.70895|1.43236|1.9519|6.13175|6.10602|2.35283|6.26231|6.14894|2.01744|3.97819|4.13907|2.44477|4.20312,30.2686|65.1286|89.2299|64.4551|61.2747|70.8805|86.2435|55.8812|67.5745|66.6304|52.1141|81.7362|37.2729|32.9383|55.4093|99.595|65.9961,0.161965|0.183295|0.224223|0.187761|0.230625|0.229308|0.206725|0.190738|0.176012|0.195265|0.216912|0.185633|0.24829|0.173207|0.200726|0.248024|0.245087,0.56362|0.554091|0.993527|0.936318|0.970834|0.183944|0.579925|0.246571|0.651798|0.280165|0.936246|0.8088|0.138112|0.402657|0.858389|0.527389|0.339228,0.965709,0.942107,0.00398666,0.0494591,0.601558,0.498619,0.0780554,0.491866,0.227373,0.94879,60.5101,3.47919e-12,34363,0.893945,38.3275,1.8046e-11,70899,0.813216,0.800213,0.0318416,0.894511,0.646291,0.467196,0.267079,0.496996,0.142828,0.968398,15.3538,7.25626e-13,62719,0.835188,71.1574,7.18405e-13,18924
1,153,n1->n2->n12->n13->n14->n24->n25->n35->n45->n46->n47->n37->n27->n28->n29->n19->n9->n10,2.31363e+13|1.08374e+10|6.50639e+11|4.50381e+10|4.81326e+11|1.6247e+13|3.34343e+12|2.28703e+12|2.81511e+13|3.03039e+10|9.11183e+09|3.57784e+09|1.24028e+10|9.45412e+09|2.09259e+13|1.05918e+11|5.91555e+11|1.18221e+10,3.60243e+12|2.86853e+09|6.91628e+10|3.40678e+10|4.44483e+11|1.42612e+13|1.01655e+12|2.08861e+12|5.80554e+12|4.48021e+09|1.3648e+09|3.23346e+09|4.06702e+09|3.50099e+09|1.86006e+13|6.82244e+10|1.23797e+11|4.31884e+09,2.76437e-05|2.25049e-05|0.000306846|5.57341e-05|0.00084559|1.7942e-05|8.18102e-05|5.51855e-05|6.35804e-05|2.45681e-05|0.000420704|2.03632e-05|0.000745339|0.000668186|4.96365e-05|0.000888862|4.9143e-05|0.000324399,0.00205186|0.000185945|0.00506163|0.00134945|0.0051438|0.00390461|0.000592493|0.000708212|0.000343693|0.000130584|0.000338395|0.000248504|0.00900296|0.00118696|0.00015176|0.000145034|0.000571723|0.000327224,0.0144542|0.0430141|0.0248209|0.0135171|0.00938046|0.0272838|0.01808|0.0406061|0.030315|0.0474647|0.0456643|0.0145665|0.011818|0.0312995|0.0112964|0.0325835|0.00473199|0.0413395,0.0367363|0.0160199|0.0232879|0.00802942|0.0297136|0.0271748|0.0195753|0.0252881|0.0469403|0.020144|0.00700277|0.0264696|0.00245588|0.0100934|0.0218921|0.0435705|0.00830313|0.0463752,0.95381|0.934272|0.90052|0.973616|0.983424|0.985398|0.908527|0.969974|0.932741|0.979241|0.964382|0.983868|0.914592|0.976055|0.989841|0.960252|0.968696|0.956752,3.46146|0.347274|4.94267|3.12017|2.35283|6.10602|0.486545|2.88844|3.49975|4.28092|5.11749|4.77865|0.397905|3.88168|2.37699|2.69565|2.44477|4.20312,79.8117|88.6198|13.9548|56.34|66.6304|18.2346|88.4205|97.1045|61.2725|46.986|88.6669|44.8869|15.3326|39.0733|84.7043|99.0064|65.9961,0.20774|0.169026|0.237358|0.19509|0.195265|0.183812|0.185142|0.200339|0.166077|0.170681|0.189503|0.17819|0.168076|0.249173|0.22724|0.205366|0.245087,0.634164|0.804539|0.503427|0.577651|0.280165|0.135604|0.273648|0.338692|0.561019|0.943346|0.552261|0.780984|0.122684|0.935674|0.217677|0.181632|0.339228,0.965709,0.942107,0.00398666,0.0494591,0.601558,0.498619,0.0780554,0.491866,0.227373,0.94879,60.5101,3.47919e-12,34363,0.893945,38.3275,1.8046e-11,70899,0.813216,0.800213,0.0318416,0.894511,0.646291,0.467196,0.267079,0.496996,0.142828,0.968398,15.3538,7.25626e-13,62719,0.835188,71.1574,7.18405e-13,18924
1,154,n1->n11->n12->n2->n3->n13->n14->n24->n25->n35->n36->n37->n38->n39->n29->n30->n20->n10,2.31363e+13|1.83181e+09|6.50639e+11|1.08374e+10|6.12136e+10|4.50381e+10|4.81326e+11|1.6247e+13|3.34343e+12|2.28703e+12|1.1953e+10|3.57784e+09|3.47366e+12|5.63895e+11|2.09259e+13|7.14276e+12|1.43015e+11|1.18221e+10,3.60243e+12|1.61585e+09|6.91628e+10|2.86853e+09|1.1263e+10|3.40678e+10|4.44483e+11|1.42612e+13|1.01655e+12|2.08861e+12|6.64782e+09|3.23346e+09|5.19958e+11|2.85908e+11|1.86006e+13|2.47938e+12|1.55339e+10|4.31884e+09,2.76437e-05|6.09494e-05|0.000306846|2.25049e-05|0.00016633|5.57341e-05|0.00084559|1.7942e-05|8.18102e-05|5.51855e-05|1.82941e-05|2.03632e-05|5.19237e-05|1.37995e-05|4.96365e-05|2.32069e-05|0.000117274|0.000324399,0.00205186|0.0070437|0.00506163|0.000185945|0.000257502|0.00134945|0.0051438|0.00390461|0.000592493|0.000708212|0.000249556|0.000248504|0.000905336|0.00091674|0.00015176|0.000437994|0.00970702|0.000327224,0.0144542|0.0289489|0.0248209|0.0430141|0.0444183|0.0135171|0.00938046|0.0272838|0.01808|0.0406061|0.0313412|0.0145665|0.0073713|0.0391106|0.0112964|0.0326596|0.0479354|0.0413395,0.0367363|0.00023094|0.0232879|0.0160199|0.0464833|0.00802942|0.0297136|0.0271748|0.0195753|0.0252881|0.0373635|0.0264696|0.0136715|0.0373995|0.0218921|0.0336427|0.00201996|0.0463752,0.95381|0.903661|0.90052|0.934272|0.909484|0.973616|0.983424|0.985398|0.908527|0.969974|0.984995|0.983868|0.929292|0.977432|0.989841|0.941302|0.967051|0.956752,3.46146|4.2752|4.94267|0.347274|0.674833|3.12017|2.35283|6.10602|0.486545|2.88844|1.71271|4.77865|0.7997|2.81638|2.37699|1.43662|1.89604|4.20312,30.2686|24.4191|88.6198|37.015|83.9106|56.34|66.6304|18.2346|88.4205|18.7034|29.3504|37.0378|69.5993|44.1502|83.4704|23.9015|29.3778,0.161965|0.205217|0.169026|0.191035|0.214124|0.19509|0.195265|0.183812|0.185142|0.197276|0.195346|0.240437|0.197597|0.228828|0.188312|0.232625|0.198129,0.56362|0.974022|0.804539|0.479152|0.78746|0.577651|0.280165|0.135604|0.273648|0.138212|0.482592|0.483374|0.331635|0.859845|0.796545|0.943217|0.937095,0.965709,0.942107,0.00398666,0.0494591,0.601558,0.498619,0.0780554,0.491866,0.227373,0.94879,60.5101,3.47919e-12,34363,0.893945,38.3275,1.8046e-11,70899,0.813216,0.800213,0.0318416,0.894511,0.646291,0.467196,0.267079,0.496996,0.142828,0.968398,15.3538,7.25626e-13,62719,0.835188,71.1574,7.18405e-13,18924
1,155,n1->n11->n12->n22->n23->n13->n14->n15->n25->n26->n36->n37->n27->n17->n7->n8->n9->n10,2.31363e+13|1.83181e+09|6.50639e+11|4.72597e+11|8.84744e+09|4.50381e+10|4.81326e+11|3.20281e+09|3.34343e+12|7.93139e+12|1.1953e+10|3.57784e+09|1.24028e+10|4.00209e+11|9.24787e+09|4.30375e+13|5.91555e+11|1.18221e+10,3.60243e+12|1.61585e+09|6.91628e+10|3.89256e+11|1.70948e+09|3.40678e+10|4.44483e+11|2.0725e+09|1.01655e+12|2.21525e+12|6.64782e+09|3.23346e+09|4.06702e+09|1.16403e+11|1.17307e+09|3.6866e+13|1.23797e+11|4.31884e+09,2.76437e-05|6.09494e-05|0.000306846|0.000136426|0.000848685|5.57341e-05|0.00084559|9.19448e-05|8.18102e-05|0.000726723|1.82941e-05|2.03632e-05|0.000745339|0.000240023|0.00053987|6.06714e-05|4.9143e-05|0.000324399,0.00205186|0.0070437|0.00506163|0.000622969|0.000154373|0.00134945|0.0051438|0.0013452|0.000592493|0.00167665|0.000249556|0.000248504|0.00900296|0.000212219|0.00150891|0.000455538|0.000571723|0.000327224,0.0144542|0.0289489|0.0248209|0.0222508|0.0433652|0.0135171|0.00938046|0.0491072|0.01808|0.0017588|0.0313412|0.0145665|0.011818|0.0334165|0.0179336|0.0225523|0.00473199|0.0413395,0.0367363|0.00023094|0.0232879|0.00315586|0.0353922|0.00802942|0.0297136|0.0303606|0.0195753|0.00787617|0.0373635|0.0264696|0.00245588|0.0188367|0.0204335|0.0283967|0.00830313|0.0463752,0.95381|0.903661|0.90052|0.992031|0.978852|0.973616|0.983424|0.940373|0.908527|0.919553|0.984995|0.983868|0.914592|0.958778|0.940994|0.943873|0.968696|0.956752,3.46146|4.2752|4.94267|1.9519|6.13175|3.12017|2.35283|2.32468|0.486545|6.13073|1.71271|4.77865|0.397905|0.251924|3.97819|4.13907|2.44477|4.20312,30.2686|24.4191|13.2112|55.8812|51.9585|56.34|92.5451|54.7186|55.6995|63.8366|29.3504|44.8869|72.2829|59.8148|55.4093|99.595|65.9961,0.161965|0.205217|0.185154|0.190738|0.247887|0.19509|0.187126|0.220733|0.184652|0.190511|0.195346|0.17819|0.211476|0.189151|0.200726|0.248024|0.245087,0.56362|0.974022|0.869928|0.246571|0.267835|0.577651|0.127963|0.337128|0.129529|0.395131|0.482592|0.780984|0.292448|0.531819|0.858389|0.527389|0.339228,0.965709,0.942107,0.00398666,0.0494591,0.601558,0.498619,0.0780554,0.491866,0.227373,0.94879,60.5101,3.47919e-12,34363,0.893945,38.3275,1.8046e-11,70899,0.813216,0.800213,0.0318416,0.894511,0.646291,0.467196,0.267079,0.496996,0.142828,0.968398,15.3538,7.25626e-13,62719,0.835188,71.1574,7.18405e-13,18924
1,156,n1->n11->n12->n2->n3->n13->n23->n33->n34->n35->n36->n37->n38->n28->n29->n19->n9->n10,2.31363e+13|1.83181e+09|6.50639e+11|1.08374e+10|6.12136e+10|4.50381e+10|8.84744e+09|1.54186e+12|1.74148e+12|2.28703e+12|1.1953e+10|3.57784e+09|3.47366e+12|9.45412e+09|2.09259e+13|1.05918e+11|5.91555e+11|1.18221e+10,3.60243e+12|1.61585e+09|6.91628e+10|2.86853e+09|1.1263e+10|3.40678e+10|1.70948e+09|1.73332e+11|1.0536e+12|2.08861e+12|6.64782e+09|3.23346e+09|5.19958e+11|3.50099e+09|1.86006e+13|6.82244e+10|1.23797e+11|4.31884e+09,2.76437e-05|6.09494e-05|0.000306846|2.25049e-05|0.00016633|5.57341e-05|0.000848685|0.000917855|7.18356e-05|5.51855e-05|1.82941e-05|2.03632e-05|5.19237e-05|0.000668186|4.96365e-05|0.000888862|4.9143e-05|0.000324399,0.00205186|0.0070437|0.00506163|0.000185945|0.000257502|0.00134945|0.000154373|0.000866982|0.00188744|0.000708212|0.000249556|0.000248504|0.000905336|0.00118696|0.00015176|0.000145034|0.000571723|0.000327224,0.0144542|0.0289489|0.0248209|0.0430141|0.0444183|0.0135171|0.0433652|0.0448378|0.0428115|0.0406061|0.0313412|0.0145665|0.0073713|0.0312995|0.0112964|0.0325835|0.00473199|0.0413395,0.0367363|0.00023094|0.0232879|0.0160199|0.0464833|0.00802942|0.0353922|0.0237781|0.0315533|0.0252881|0.0373635|0.0264696|0.0136715|0.0100934|0.0218921|0.0435705|0.00830313|0.0463752,0.95381|0.903661|0.90052|0.934272|0.909484|0.973616|0.978852|0.905731|0.933029|0.969974|0.984995|0.983868|0.929292|0.976055|0.989841|0.960252|0.968696|0.956752,3.46146|4.2752|4.94267|0.347274|0.674833|3.12017|6.13175|5.16612|4.1628|2.88844|1.71271|4.77865|0.7997|3.88168|2.37699|2.69565|2.44477|4.20312,30.2686|24.4191|88.6198|37.015|83.9106|51.9585|76.7594|23.5709|31.5608|18.7034|29.3504|37.0378|23.518|39.0733|84.7043|99.0064|65.9961,0.161965|0.205217|0.169026|0.191035|0.214124|0.247887|0.161271|0.219061|0.214217|0.197276|0.195346|0.240437|0.20538|0.249173|0.22724|0.205366|0.245087,0.56362|0.974022|0.804539|0.479152|0.78746|0.267835|0.934902|0.130761|0.871174|0.138212|0.482592|0.483374|0.578641|0.935674|0.217677|0.181632|0.339228,0.965709,0.942107,0.00398666,0.0494591,0.601558,0.498619,0.0780554,0.491866,0.227373,0.94879,60.5101,3.47919e-12,34363,0.893945,38.3275,1.8046e-11,70899,0.813216,0.800213,0.0318416,0.894511,0.646291,0.467196,0.267079,0.496996,0.142828,0.968398,15.3538,7.25626e-13,62719,0.835188,71.1574,7.18405e-13,18924
1,157,n1->n11->n21->n31->n41->n42->n32->n33->n23->n24->n14->n15->n16->n17->n18->n8->n9->n10,2.31363e+13|1.83181e+09|3.273e+13|4.06943e+12|3.7088e+10|4.46701e+13|1.52524e+11|1.54186e+12|8.84744e+09|1.6247e+13|4.81326e+11|3.20281e+09|1.22489e+11|4.00209e+11|2.03534e+11|4.30375e+13|5.91555e+11|1.18221e+10,3.60243e+12|1.61585e+09|3.63129e+12|6.00353e+11|6.95085e+09|1.40588e+13|1.50714e+11|1.73332e+11|1.70948e+09|1.42612e+13|4.44483e+11|2.0725e+09|1.60878e+10|1.16403e+11|6.77465e+10|3.6866e+13|1.23797e+11|4.31884e+09,2.76437e-05|6.09494e-05|0.0007443|0.000747032|1.82718e-05|0.000193195|9.38774e-05|0.000917855|0.000848685|1.7942e-05|0.00084559|9.19448e-05|0.000388598|0.000240023|2.6832e-05|6.06714e-05|4.9143e-05|0.000324399,0.00205186|0.0070437|0.00473098|0.000237579|0.000754472|0.00542431|0.000903427|0.000866982|0.000154373|0.00390461|0.0051438|0.0013452|0.00473624|0.000212219|0.000190216|0.000455538|0.000571723|0.000327224,0.0144542|0.0289489|0.00587522|0.00536562|0.0151482|0.0499415|0.0210883|0.0448378|0.0433652|0.0272838|0.00938046|0.0491072|0.0142199|0.0334165|0.00942372|0.0225523|0.00473199|0.0413395,0.0367363|0.00023094|0.00299122|0.0248824|0.0184636|0.0306758|0.00334129|0.0237781|0.0353922|0.0271748|0.0297136|0.0303606|0.0151898|0.0188367|0.0172071|0.0283967|0.00830313|0.0463752,0.95381|0.903661|0.979297|0.949357|0.92242|0.984529|0.956331|0.905731|0.978852|0.985398|0.983424|0.940373|0.983062|0.958778|0.909197|0.943873|0.968696|0.956752,3.46146|4.2752|0.978654|3.19307|4.79505|5.70895|1.43236|5.16612|6.13175|6.10602|2.35283|2.32468|0.15061|0.251924|5.95219|4.13907|2.44477|4.20312,30.2686|65.1286|89.2299|64.4551|61.2747|70.8805|67.4197|76.7594|67.5745|66.6304|92.5451|56.2706|32.2763|27.3162|81.3396|99.595|65.9961,0.161965|0.183295|0.224223|0.187761|0.230625|0.229308|0.168491|0.161271|0.176012|0.195265|0.187126|0.221203|0.19197|0.192517|0.171783|0.248024|0.245087,0.56362|0.554091|0.993527|0.936318|0.970834|0.183944|0.994842|0.934902|0.651798|0.280165|0.127963|0.263189|0.413975|0.86736|0.146549|0.527389|0.339228,0.965709,0.942107,0.00398666,0.0494591,0.601558,0.498619,0.0780554,0.491866,0.227373,0.94879,60.5101,3.47919e-12,34363,0.893945,38.3275,1.8046e-11,70899,0.813216,0.800213,0.0318416,0.894511,0.646291,0.467196,0.267079,0.496996,0.142828,0.968398,15.3538,7.25626e-13,62719,0.835188,71.1574,7.18405e-13,18924
1,158,n1->n11->n21->n31->n41->n42->n43->n33->n34->n35->n36->n26->n27->n28->n18->n8->n9->n10,2.31363e+13|1.83181e+09|3.273e+13|4.06943e+12|3.7088e+10|4.46701e+13|9.0627e+12|1.54186e+12|1.74148e+12|2.28703e+12|1.1953e+10|7.93139e+12|1.24028e+10|9.45412e+09|2.03534e+11|4.30375e+13|5.91555e+11|1.18221e+10,3.60243e+12|1.61585e+09|3.63129e+12|6.00353e+11|6.95085e+09|1.40588e+13|2.61932e+12|1.73332e+11|1.0536e+12|2.08861e+12|6.64782e+09|2.21525e+12|4.06702e+09|3.50099e+09|6.77465e+10|3.6866e+13|1.23797e+11|4.31884e+09,2.76437e-05|6.09494e-05|0.0007443|0.000747032|1.82718e-05|0.000193195|1.45314e-05|0.000917855|7.18356e-05|5.51855e-05|1.82941e-05|0.000726723|0.000745339|0.000668186|2.6832e-05|6.06714e-05|4.9143e-05|0.000324399,0.00205186|0.0070437|0.00473098|0.000237579|0.000754472|0.00542431|0.00010755|0.000866982|0.00188744|0.000708212|0.000249556|0.00167665|0.00900296|0.00118696|0.000190216|0.000455538|0.000571723|0.000327224,0.0144542|0.0289489|0.00587522|0.00536562|0.0151482|0.0499415|0.02386|0.0448378|0.0428115|0.0406061|0.0313412|0.0017588|0.011818|0.0312995|0.00942372|0.0225523|0.00473199|0.0413395,0.0367363|0.00023094|0.00299122|0.0248824|0.0184636|0.0306758|0.0247157|0.0237781|0.0315533|0.0252881|0.0373635|0.00787617|0.00245588|0.0100934|0.0172071|0.0283967|0.00830313|0.0463752,0.95381|0.903661|0.979297|0.949357|0.92242|0.984529|0.938699|0.905731|0.933029|0.969974|0.984995|0.919553|0.914592|0.976055|0.909197|0.943873|0.968696|0.956752,3.46146|4.2752|0.978654|3.19307|4.79505|5.70895|3.5699|5.16612|4.1628|2.88844|1.71271|6.13073|0.397905|3.88168|5.95219|4.13907|2.44477|4.20312,30.2686|65.1286|89.2299|64.4551|61.2747|27.3217|49.6282|23.5709|31.5608|18.7034|63.8366|42.5138|15.3326|43.2583|81.3396|99.595|65.9961,0.161965|0.183295|0.224223|0.187761|0.230625|0.207381|0.229317|0.219061|0.214217|0.197276|0.190511|0.194076|0.168076|0.163508|0.171783|0.248024|0.245087,0.56362|0.554091|0.993527|0.936318|0.970834|0.252981|0.819301|0.130761|0.871174|0.138212|0.395131|0.446651|0.122684|0.54514|0.146549|0.527389|0.339228,0.965709,0.942107,0.00398666,0.0494591,0.601558,0.498619,0.0780554,0.491866,0.227373,0.94879,60.5101,3.47919e-12,34363,0.893945,38.3275,1.8046e-11,70899,0.813216,0.800213,0.0318416,0.894511,0.646291,0.467196,0.267079,0.496996,0.142828,0.968398,15.3538,7.25626e-13,62719,0.835188,71.1574,7.18405e-13,18924
1,159,n1->n2->n3->n13->n12->n11->n21->n22->n23->n24->n14->n4->n5->n6->n7->n8->n9->n10,2.31363e+13|1.08374e+10|6.12136e+10|4.50381e+10|6.50639e+11|1.83181e+09|3.273e+13|4.72597e+11|8.84744e+09|1.6247e+13|4.81326e+11|3.77253e+09|1.66294e+09|3.11313e+11|9.24787e+09|4.30375e+13|5.91555e+11|1.18221e+10,3.60243e+12|2.86853e+09|1.1263e+10|3.40678e+10|6.91628e+10|1.61585e+09|3.63129e+12|3.89256e+11|1.70948e+09|1.42612e+13|4.44483e+11|1.57109e+09|4.18929e+08|9.70219e+10|1.17307e+09|3.6866e+13|1.23797e+11|4.31884e+09,2.76437e-05|2.25049e-05|0.00016633|5.57341e-05|0.000306846|6.09494e-05|0.0007443|0.000136426|0.000848685|1.7942e-05|0.00084559|1.75363e-05|4.44502e-05|0.000874519|0.00053987|6.06714e-05|4.9143e-05|0.000324399,0.00205186|0.000185945|0.000257502|0.00134945|0.00506163|0.0070437|0.00473098|0.000622969|0.000154373|0.00390461|0.0051438|0.00506716|0.00789389|0.000577384|0.00150891|0.000455538|0.000571723|0.000327224,0.0144542|0.0430141|0.0444183|0.0135171|0.0248209|0.0289489|0.00587522|0.0222508|0.0433652|0.0272838|0.00938046|0.0377136|0.028843|0.0198763|0.0179336|0.0225523|0.00473199|0.0413395,0.0367363|0.0160199|0.0464833|0.00802942|0.0232879|0.00023094|0.00299122|0.00315586|0.0353922|0.0271748|0.0297136|0.0409904|0.0403095|0.0292376|0.0204335|0.0283967|0.00830313|0.0463752,0.95381|0.934272|0.909484|0.973616|0.90052|0.903661|0.979297|0.992031|0.978852|0.985398|0.983424|0.949976|0.916182|0.912165|0.940994|0.943873|0.968696|0.956752,3.46146|0.347274|0.674833|3.12017|4.94267|4.2752|0.978654|1.9519|6.13175|6.10602|2.35283|6.26231|6.14894|2.01744|3.97819|4.13907|2.44477|4.20312,79.8117|37.015|83.9106|13.9548|24.4191|65.1286|34.0839|55.8812|67.5745|66.6304|52.1141|81.7362|37.2729|32.9383|55.4093|99.595|65.9961,0.20774|0.191035|0.214124|0.237358|0.205217|0.183295|0.214588|0.190738|0.176012|0.195265|0.216912|0.185633|0.24829|0.173207|0.200726|0.248024|0.245087,0.634164|0.479152|0.78746|0.503427|0.974022|0.554091|0.739323|0.246571|0.651798|0.280165|0.936246|0.8088|0.138112|0.402657|0.858389|0.527389|0.339228,0.965709,0.942107,0.00398666,0.0494591,0.601558,0.498619,0.0780554,0.491866,0.227373,0.94879,60.5101,3.47919e-12,34363,0.893945,38.3275,1.8046e-11,70899,0.813216,0.800213,0.0318416,0.894511,0.646291,0.467196,0.267079,0.496996,0.142828,0.968398,15.3538,7.25626e-13,62719,0.835188,71.1574,7.18405e-13,18924
1,160,n1->n11->n21->n22->n12->n2->n3->n13->n14->n24->n25->n26->n16->n6->n7->n8->n9->n10,2.31363e+13|1.83181e+09|3.273e+13|4.72597e+11|6.50639e+11|1.08374e+10|6.12136e+10|4.50381e+10|4.81326e+11|1.6247e+13|3.34343e+12|7.93139e+12|1.22489e+11|3.11313e+11|9.24787e+09|4.30375e+13|5.91555e+11|1.18221e+10,3.60243e+12|1.61585e+09|3.63129e+12|3.89256e+11|6.91628e+10|2.86853e+09|1.1263e+10|3.40678e+10|4.44483e+11|1.42612e+13|1.01655e+12|2.21525e+12|1.60878e+10|9.70219e+10|1.17307e+09|3.6866e+13|1.23797e+11|4.31884e+09,2.76437e-05|6.09494e-05|0.0007443|0.000136426|0.000306846|2.25049e-05|0.00016633|5.57341e-05|0.00084559|1.7942e-05|8.18102e-05|0.000726723|0.000388598|0.000874519|0.00053987|6.06714e-05|4.9143e-05|0.000324399,0.00205186|0.0070437|0.00473098|0.000622969|0.00506163|0.000185945|0.000257502|0.00134945|0.0051438|0.00390461|0.000592493|0.00167665|0.00473624|0.000577384|0.00150891|0.000455538|0.000571723|0.000327224,0.0144542|0.0289489|0.00587522|0.0222508|0.0248209|0.0430141|0.0444183|0.0135171|0.00938046|0.0272838|0.01808|0.0017588|0.0142199|0.0198763|0.0179336|0.0225523|0.00473199|0.0413395,0.0367363|0.00023094|0.00299122|0.00315586|0.0232879|0.0160199|0.0464833|0.00802942|0.0297136|0.0271748|0.0195753|0.00787617|0.0151898|0.0292376|0.0204335|0.0283967|0.00830313|0.0463752,0.95381|0.903661|0.979297|0.992031|0.90052|0.934272|0.909484|0.973616|0.983424|0.985398|0.908527|0.919553|0.983062|0.912165|0.940994|0.943873|0.968696|0.956752,3.46146|4.2752|0.978654|1.9519|4.94267|0.347274|0.674833|3.12017|2.35283|6.10602|0.486545|6.13073|0.15061|2.01744|3.97819|4.13907|2.44477|4.20312,30.2686|65.1286|34.0839|13.2112|88.6198|37.015|83.9106|56.34|66.6304|18.2346|55.6995|11.0615|50.0569|32.9383|55.4093|99.595|65.9961,0.161965|0.183295|0.214588|0.185154|0.169026|0.191035|0.214124|0.19509|0.195265|0.183812|0.184652|0.224508|0.248888|0.173207|0.200726|0.248024|0.245087,0.56362|0.554091|0.739323|0.869928|0.804539|0.479152|0.78746|0.577651|0.280165|0.135604|0.129529|0.519858|0.114607|0.402657|0.858389|0.527389|0.339228,0.965709,0.942107,0.00398666,0.0494591,0.601558,0.498619,0.0780554,0.491866,0.227373,0.94879,60.5101,3.47919e-12,34363,0.893945,38.3275,1.8046e-11,70899,0.813216,0.800213,0.0318416,0.894511,0.646291,0.467196,0.267079,0.496996,0.142828,0.968398,15.3538,7.25626e-13,62719,0.835188,71.1574,7.18405e-13,18924
1,161,n1->n11->n12->n2->n3->n4->n14->n24->n34->n35->n45->n46->n36->n26->n16->n17->n18->n19->n20->n10,2.31363e+13|1.83181e+09|6.50639e+11|1.08374e+10|6.12136e+10|3.77253e+09|4.81326e+11|1.6247e+13|1.74148e+12|2.28703e+12|2.81511e+13|3.03039e+10|1.1953e+10|7.93139e+12|1.22489e+11|4.00209e+11|2.03534e+11|1.05918e+11|1.43015e+11|1.18221e+10,3.60243e+12|1.61585e+09|6.91628e+10|2.86853e+09|1.1263e+10|1.57109e+09|4.44483e+11|1.42612e+13|1.0536e+12|2.08861e+12|5.80554e+12|4.48021e+09|6.64782e+09|2.21525e+12|1.60878e+10|1.16403e+11|6.77465e+10|6.82244e+10|1.55339e+10|4.31884e+09,2.76437e-05|6.09494e-05|0.000306846|2.25049e-05|0.00016633|1.75363e-05|0.00084559|1.7942e-05|7.18356e-05|5.51855e-05|6.35804e-05|2.45681e-05|1.82941e-05|0.000726723|0.000388598|0.000240023|2.6832e-05|0.000888862|0.000117274|0.000324399,0.00205186|0.0070437|0.00506163|0.000185945|0.000257502|0.00506716|0.0051438|0.00390461|0.00188744|0.000708212|0.000343693|0.000130584|0.000249556|0.00167665|0.00473624|0.000212219|0.000190216|0.000145034|0.00970702|0.000327224,0.0144542|0.0289489|0.0248209|0.0430141|0.0444183|0.0377136|0.00938046|0.0272838|0.0428115|0.0406061|0.030315|0.0474647|0.0313412|0.0017588|0.0142199|0.0334165|0.00942372|0.0325835|0.0479354|0.0413395,0.0367363|0.00023094|0.0232879|0.0160199|0.0464833|0.0409904|0.0297136|0.0271748|0.0315533|0.0252881|0.0469403|0.020144|0.0373635|0.00787617|0.0151898|0.0188367|0.0172071|0.0435705|0.00201996|0.0463752,0.95381|0.903661|0.90052|0.934272|0.909484|0.949976|0.983424|0.985398|0.933029|0.969974|0.932741|0.979241|0.984995|0.919553|0.983062|0.958778|0.909197|0.960252|0.967051|0.956752,3.46146|4.2752|4.94267|0.347274|0.674833|6.26231|2.35283|6.10602|4.1628|2.88844|3.49975|4.28092|1.71271|6.13073|0.15061|0.251924|5.95219|2.69565|1.89604|4.20312,30.2686|24.4191|88.6198|37.015|10.4739|52.1141|66.6304|58.7029|31.5608|97.1045|61.2725|70.4589|63.8366|11.0615|32.2763|27.3162|28.0546|10.3361|29.3778,0.161965|0.205217|0.169026|0.191035|0.244816|0.216912|0.195265|0.169742|0.214217|0.200339|0.166077|0.239147|0.190511|0.224508|0.19197|0.192517|0.241008|0.171154|0.198129,0.56362|0.974022|0.804539|0.479152|0.120042|0.936246|0.280165|0.316224|0.871174|0.338692|0.561019|0.343307|0.395131|0.519858|0.413975|0.86736|0.408385|0.31462|0.937095,0.965709,0.942107,0.00398666,0.0494591,0.601558,0.498619,0.0780554,0.491866,0.227373,0.94879,60.5101,3.47919e-12,34363,0.893945,38.3275,1.8046e-11,70899,0.813216,0.800213,0.0318416,0.894511,0.646291,0.467196,0.267079,0.496996,0.142828,0.968398,15.3538,7.25626e-13,62719,0.835188,71.1574,7.18405e-13,18924
1,162,n1->n11->n21->n31->n32->n22->n23->n24->n34->n35->n36->n26->n16->n17->n27->n28->n18->n19->n9->n10,2.31363e+13|1.83181e+09|3.273e+13|4.06943e+12|1.52524e+11|4.72597e+11|8.84744e+09|1.6247e+13|1.74148e+12|2.28703e+12|1.1953e+10|7.93139e+12|1.22489e+11|4.00209e+11|1.24028e+10|9.45412e+09|2.03534e+11|1.05918e+11|5.91555e+11|1.18221e+10,3.60243e+12|1.61585e+09|3.63129e+12|6.00353e+11|1.50714e+11|3.89256e+11|1.70948e+09|1.42612e+13|1.0536e+12|2.08861e+12|6.64782e+09|2.21525e+12|1.60878e+10|1.16403e+11|4.06702e+09|3.50099e+09|6.77465e+10|6.82244e+10|1.23797e+11|4.31884e+09,2.76437e-05|6.09494e-05|0.0007443|0.000747032|9.38774e-05|0.000136426|0.000848685|1.7942e-05|7.18356e-05|5.51855e-05|1.82941e-05|0.000726723|0.000388598|0.000240023|0.000745339|0.000668186|2.6832e-05|0.000888862|4.9143e-05|0.000324399,0.00205186|0.0070437|0.00473098|0.000237579|0.000903427|0.000622969|0.000154373|0.00390461|0.00188744|0.000708212|0.000249556|0.00167665|0.00473624|0.000212219|0.00900296|0.00118696|0.000190216|0.000145034|0.000571723|0.000327224,0.0144542|0.0289489|0.00587522|0.00536562|0.0210883|0.0222508|0.0433652|0.0272838|0.0428115|0.0406061|0.0313412|0.0017588|0.0142199|0.0334165|0.011818|0.0312995|0.00942372|0.0325835|0.00473199|0.0413395,0.0367363|0.00023094|0.00299122|0.0248824|0.00334129|0.00315586|0.0353922|0.0271748|0.0315533|0.0252881|0.0373635|0.00787617|0.0151898|0.0188367|0.00245588|0.0100934|0.0172071|0.0435705|0.00830313|0.0463752,0.95381|0.903661|0.979297|0.949357|0.956331|0.992031|0.978852|0.985398|0.933029|0.969974|0.984995|0.919553|0.983062|0.958778|0.914592|0.976055|0.909197|0.960252|0.968696|0.956752,3.46146|4.2752|0.978654|3.19307|1.43236|1.9519|6.13175|6.10602|4.1628|2.88844|1.71271|6.13073|0.15061|0.251924|0.397905|3.88168|5.95219|2.69565|2.44477|4.20312,30.2686|65.1286|89.2299|63.0993|86.2435|55.8812|67.5745|58.7029|31.5608|18.7034|63.8366|11.0615|32.2763|72.2829|15.3326|43.2583|28.0546|99.0064|65.9961,0.161965|0.183295|0.224223|0.229019|0.206725|0.190738|0.176012|0.169742|0.214217|0.197276|0.190511|0.224508|0.19197|0.211476|0.168076|0.163508|0.241008|0.205366|0.245087,0.56362|0.554091|0.993527|0.825759|0.579925|0.246571|0.651798|0.316224|0.871174|0.138212|0.395131|0.519858|0.413975|0.292448|0.122684|0.54514|0.408385|0.181632|0.339228,0.965709,0.942107,0.00398666,0.0494591,0.601558,0.498619,0.0780554,0.491866,0.227373,0.94879,60.5101,3.47919e-12,34363,0.893945,38.3275,1.8046e-11,70899,0.813216,0.800213,0.0318416,0.894511,0.646291,0.467196,0.267079,0.496996,0.142828,0.968398,15.3538,7.25626e-13,62719,0.835188,71.1574,7.18405e-13,18924
1,163,n1->n11->n21->n22->n32->n33->n34->n24->n25->n35->n45->n46->n47->n48->n49->n50->n40->n30->n20->n10,2.31363e+13|1.83181e+09|3.273e+13|4.72597e+11|1.52524e+11|1.54186e+12|1.74148e+12|1.6247e+13|3.34343e+12|2.28703e+12|2.81511e+13|3.03039e+10|9.11183e+09|1.50066e+10|7.23181e+12|1.09645e+10|1.26703e+13|7.14276e+12|1.43015e+11|1.18221e+10,3.60243e+12|1.61585e+09|3.63129e+12|3.89256e+11|1.50714e+11|1.73332e+11|1.0536e+12|1.42612e+13|1.01655e+12|2.08861e+12|5.80554e+12|4.48021e+09|1.3648e+09|2.83458e+09|1.72808e+12|3.62164e+09|2.20566e+12|2.47938e+12|1.55339e+10|4.31884e+09,2.76437e-05|6.09494e-05|0.0007443|0.000136426|9.38774e-05|0.000917855|7.18356e-05|1.7942e-05|8.18102e-05|5.51855e-05|6.35804e-05|2.45681e-05|0.000420704|0.000849254|0.000468006|0.000416756|5.2677e-05|2.32069e-05|0.000117274|0.000324399,0.00205186|0.0070437|0.00473098|0.000622969|0.000903427|0.000866982|0.00188744|0.00390461|0.000592493|0.000708212|0.000343693|0.000130584|0.000338395|0.000338217|0.000266778|0.00015069|0.000225274|0.000437994|0.00970702|0.000327224,0.0144542|0.0289489|0.00587522|0.0222508|0.0210883|0.0448378|0.0428115|0.0272838|0.01808|0.0406061|0.030315|0.0474647|0.0456643|0.0214979|0.000215289|0.0197617|0.0233742|0.0326596|0.0479354|0.0413395,0.0367363|0.00023094|0.00299122|0.00315586|0.00334129|0.0237781|0.0315533|0.0271748|0.0195753|0.0252881|0.0469403|0.020144|0.00700277|0.0216258|0.0285584|0.0373538|0.019603|0.0336427|0.00201996|0.0463752,0.95381|0.903661|0.979297|0.992031|0.956331|0.905731|0.933029|0.985398|0.908527|0.969974|0.932741|0.979241|0.964382|0.924038|0.994437|0.935297|0.922888|0.941302|0.967051|0.956752,3.46146|4.2752|0.978654|1.9519|1.43236|5.16612|4.1628|6.10602|0.486545|2.88844|3.49975|4.28092|5.11749|4.87444|0.242809|1.18649|4.72358|1.43662|1.89604|4.20312,30.2686|65.1286|34.0839|86.2435|67.4197|23.5709|58.7029|18.2346|88.4205|97.1045|61.2725|46.986|13.4252|52.0957|38.9947|91.3525|98.0873|23.9015|29.3778,0.161965|0.183295|0.214588|0.206725|0.168491|0.219061|0.169742|0.183812|0.185142|0.200339|0.166077|0.170681|0.189094|0.174066|0.238528|0.183105|0.240595|0.232625|0.198129,0.56362|0.554091|0.739323|0.579925|0.994842|0.130761|0.316224|0.135604|0.273648|0.338692|0.561019|0.943346|0.628871|0.193736|0.534138|0.972794|0.490914|0.943217|0.937095,0.965709,0.942107,0.00398666,0.0494591,0.601558,0.498619,0.0780554,0.491866,0.227373,0.94879,60.5101,3.47919e-12,34363,0.893945,38.3275,1.8046e-11,70899,0.813216,0.800213,0.0318416,0.894511,0.646291,0.467196,0.267079,0.496996,0.142828,0.968398,15.3538,7.25626e-13,62719,0.835188,71.1574,7.18405e-13,18924
1,164,n1->n11->n21->n31->n41->n51->n52->n42->n43->n33->n34->n24->n25->n15->n16->n17->n7->n8->n9->n10,2.31363e+13|1.83181e+09|3.273e+13|4.06943e+12|3.7088e+10|9.49465e+09|1.03937e+11|4.46701e+13|9.0627e+12|1.54186e+12|1.74148e+12|1.6247e+13|3.34343e+12|3.20281e+09|1.22489e+11|4.00209e+11|9.24787e+09|4.30375e+13|5.91555e+11|1.18221e+10,3.60243e+12|1.61585e+09|3.63129e+12|6.00353e+11|6.95085e+09|2.44078e+09|8.71202e+10|1.40588e+13|2.61932e+12|1.73332e+11|1.0536e+12|1.42612e+13|1.01655e+12|2.0725e+09|1.60878e+10|1.16403e+11|1.17307e+09|3.6866e+13|1.23797e+11|4.31884e+09,2.76437e-05|6.09494e-05|0.0007443|0.000747032|1.82718e-05|9.09566e-05|3.10278e-05|0.000193195|1.45314e-05|0.000917855|7.18356e-05|1.7942e-05|8.18102e-05|9.19448e-05|0.000388598|0.000240023|0.00053987|6.06714e-05|4.9143e-05|0.000324399,0.00205186|0.0070437|0.00473098|0.000237579|0.000754472|0.00529211|0.00288158|0.00542431|0.00010755|0.000866982|0.00188744|0.00390461|0.000592493|0.0013452|0.00473624|0.000212219|0.00150891|0.000455538|0.000571723|0.000327224,0.0144542|0.0289489|0.00587522|0.00536562|0.0151482|0.0321126|0.0377287|0.0499415|0.02386|0.0448378|0.0428115|0.0272838|0.01808|0.0491072|0.0142199|0.0334165|0.0179336|0.0225523|0.00473199|0.0413395,0.0367363|0.00023094|0.00299122|0.0248824|0.0184636|0.0345201|0.0048894|0.0306758|0.0247157|0.0237781|0.0315533|0.0271748|0.0195753|0.0303606|0.0151898|0.0188367|0.0204335|0.0283967|0.00830313|0.0463752,0.95381|0.903661|0.979297|0.949357|0.92242|0.993384|0.944482|0.984529|0.938699|0.905731|0.933029|0.985398|0.908527|0.940373|0.983062|0.958778|0.940994|0.943873|0.968696|0.956752,3.46146|4.2752|0.978654|3.19307|4.79505|2.58769|1.26017|5.70895|3.5699|5.16612|4.1628|6.10602|0.486545|2.32468|0.15061|0.251924|3.97819|4.13907|2.44477|4.20312,30.2686|65.1286|89.2299|64.4551|23.0914|43.4967|93.5115|27.3217|49.6282|23.5709|58.7029|18.2346|54.7186|56.2706|32.2763|59.8148|55.4093|99.595|65.9961,0.161965|0.183295|0.224223|0.187761|0.235432|0.245274|0.23364|0.207381|0.229317|0.219061|0.169742|0.183812|0.220733|0.221203|0.19197|0.189151|0.200726|0.248024|0.245087,0.56362|0.554091|0.993527|0.936318|0.227894|0.383246|0.625746|0.252981|0.819301|0.130761|0.316224|0.135604|0.337128|0.263189|0.413975|0.531819|0.858389|0.527389|0.339228,0.965709,0.942107,0.00398666,0.0494591,0.601558,0.498619,0.0780554,0.491866,0.227373,0.94879,60.5101,3.47919e-12,34363,0.893945,38.3275,1.8046e-11,70899,0.813216,0.800213,0.0318416,0.894511,0.646291,0.467196,0.267079,0.496996,0.142828,0.968398,15.3538,7.25626e-13,62719,0.835188,71.1574,7.18405e-13,18924
1,165,n1->n11->n12->n22->n23->n33->n34->n35->n36->n46->n56->n57->n47->n48->n49->n50->n40->n30->n20->n10,2.31363e+13|1.83181e+09|6.50639e+11|4.72597e+11|8.84744e+09|1.54186e+12|1.74148e+12|2.28703e+12|1.1953e+10|3.03039e+10|1.78929e+09|4.38404e+12|9.11183e+09|1.50066e+10|7.23181e+12|1.09645e+10|1.26703e+13|7.14276e+12|1.43015e+11|1.18221e+10,3.60243e+12|1.61585e+09|6.91628e+10|3.89256e+11|1.70948e+09|1.73332e+11|1.0536e+12|2.08861e+12|6.64782e+09|4.48021e+09|1.31857e+09|1.21087e+12|1.3648e+09|2.83458e+09|1.72808e+12|3.62164e+09|2.20566e+12|2.47938e+12|1.55339e+10|4.31884e+09,2.76437e-05|6.09494e-05|0.000306846|0.000136426|0.000848685|0.000917855|7.18356e-05|5.51855e-05|1.82941e-05|2.45681e-05|4.08884e-05|0.000566704|0.000420704|0.000849254|0.000468006|0.000416756|5.2677e-05|2.32069e-05|0.000117274|0.000324399,0.00205186|0.0070437|0.00506163|0.000622969|0.000154373|0.000866982|0.00188744|0.000708212|0.000249556|0.000130584|0.00172915|0.00113479|0.000338395|0.000338217|0.000266778|0.00015069|0.000225274|0.000437994|0.00970702|0.000327224,0.0144542|0.0289489|0.0248209|0.0222508|0.0433652|0.0448378|0.0428115|0.0406061|0.0313412|0.0474647|0.0379983|0.0372385|0.0456643|0.0214979|0.000215289|0.0197617|0.0233742|0.0326596|0.0479354|0.0413395,0.0367363|0.00023094|0.0232879|0.00315586|0.0353922|0.0237781|0.0315533|0.0252881|0.0373635|0.020144|0.00641466|0.0410253|0.00700277|0.0216258|0.0285584|0.0373538|0.019603|0.0336427|0.00201996|0.0463752,0.95381|0.903661|0.90052|0.992031|0.978852|0.905731|0.933029|0.969974|0.984995|0.979241|0.97418|0.971189|0.964382|0.924038|0.994437|0.935297|0.922888|0.941302|0.967051|0.956752,3.46146|4.2752|4.94267|1.9519|6.13175|5.16612|4.1628|2.88844|1.71271|4.28092|5.89684|1.80865|5.11749|4.87444|0.242809|1.18649|4.72358|1.43662|1.89604|4.20312,30.2686|24.4191|13.2112|55.8812|76.7594|23.5709|31.5608|18.7034|70.4589|31.554|71.5316|88.8597|13.4252|52.0957|38.9947|91.3525|98.0873|23.9015|29.3778,0.161965|0.205217|0.185154|0.190738|0.161271|0.219061|0.214217|0.197276|0.239147|0.240526|0.193151|0.224626|0.189094|0.174066|0.238528|0.183105|0.240595|0.232625|0.198129,0.56362|0.974022|0.869928|0.246571|0.934902|0.130761|0.871174|0.138212|0.343307|0.267377|0.583455|0.49839|0.628871|0.193736|0.534138|0.972794|0.490914|0.943217|0.937095,0.965709,0.942107,0.00398666,0.0494591,0.601558,0.498619,0.0780554,0.491866,0.227373,0.94879,60.5101,3.47919e-12,34363,0.893945,38.3275,1.8046e-11,70899,0.813216,0.800213,0.0318416,0.894511,0.646291,0.467196,0.267079,0.496996,0.142828,0.968398,15.3538,7.25626e-13,62719,0.835188,71.1574,7.18405e-13,18924
1,166,n1->n11->n21->n22->n23->n24->n14->n4->n5->n15->n25->n35->n36->n37->n38->n39->n29->n30->n20->n10,2.31363e+13|1.83181e+09|3.273e+13|4.72597e+11|8.84744e+09|1.6247e+13|4.81326e+11|3.77253e+09|1.66294e+09|3.20281e+09|3.34343e+12|2.28703e+12|1.1953e+10|3.57784e+09|3.47366e+12|5.63895e+11|2.09259e+13|7.14276e+12|1.43015e+11|1.18221e+10,3.60243e+12|1.61585e+09|3.63129e+12|3.89256e+11|1.70948e+09|1.42612e+13|4.44483e+11|1.57109e+09|4.18929e+08|2.0725e+09|1.01655e+12|2.08861e+12|6.64782e+09|3.23346e+09|5.19958e+11|2.85908e+11|1.86006e+13|2.47938e+12|1.55339e+10|4.31884e+09,2.76437e-05|6.09494e-05|0.0007443|0.000136426|0.000848685|1.7942e-05|0.00084559|1.75363e-05|4.44502e-05|9.19448e-05|8.18102e-05|5.51855e-05|1.82941e-05|2.03632e-05|5.19237e-05|1.37995e-05|4.96365e-05|2.32069e-05|0.000117274|0.000324399,0.00205186|0.0070437|0.00473098|0.000622969|0.000154373|0.00390461|0.0051438|0.00506716|0.00789389|0.0013452|0.000592493|0.000708212|0.000249556|0.000248504|0.000905336|0.00091674|0.00015176|0.000437994|0.00970702|0.000327224,0.0144542|0.0289489|0.00587522|0.0222508|0.0433652|0.0272838|0.00938046|0.0377136|0.028843|0.0491072|0.01808|0.0406061|0.0313412|0.0145665|0.0073713|0.0391106|0.0112964|0.0326596|0.0479354|0.0413395,0.0367363|0.00023094|0.00299122|0.00315586|0.0353922|0.0271748|0.0297136|0.0409904|0.0403095|0.0303606|0.0195753|0.0252881|0.0373635|0.0264696|0.0136715|0.0373995|0.0218921|0.0336427|0.00201996|0.0463752,0.95381|0.903661|0.979297|0.992031|0.978852|0.985398|0.983424|0.949976|0.916182|0.940373|0.908527|0.969974|0.984995|0.983868|0.929292|0.977432|0.989841|0.941302|0.967051|0.956752,3.46146|4.2752|0.978654|1.9519|6.13175|6.10602|2.35283|6.26231|6.14894|2.32468|0.486545|2.88844|1.71271|4.77865|0.7997|2.81638|2.37699|1.43662|1.89604|4.20312,30.2686|65.1286|34.0839|55.8812|67.5745|66.6304|52.1141|81.7362|35.0583|54.7186|88.4205|18.7034|29.3504|37.0378|69.5993|44.1502|83.4704|23.9015|29.3778,0.161965|0.183295|0.214588|0.190738|0.176012|0.195265|0.216912|0.185633|0.200044|0.220733|0.185142|0.197276|0.195346|0.240437|0.197597|0.228828|0.188312|0.232625|0.198129,0.56362|0.554091|0.739323|0.246571|0.651798|0.280165|0.936246|0.8088|0.592289|0.337128|0.273648|0.138212|0.482592|0.483374|0.331635|0.859845|0.796545|0.943217|0.937095,0.965709,0.942107,0.00398666,0.0494591,0.601558,0.498619,0.0780554,0.491866,0.227373,0.94879,60.5101,3.47919e-12,34363,0.893945,38.3275,1.8046e-11,70899,0.813216,0.800213,0.0318416,0.894511,0.646291,0.467196,0.267079,0.496996,0.142828,0.968398,15.3538,7.25626e-13,62719,0.835188,71.1574,7.18405e-13,18924
1,167,n1->n2->n3->n4->n5->n6->n7->n8->n18->n17->n27->n26->n36->n37->n38->n39->n40->n30->n20->n10,2.31363e+13|1.08374e+10|6.12136e+10|3.77253e+09|1.66294e+09|3.11313e+11|9.24787e+09|4.30375e+13|2.03534e+11|4.00209e+11|1.24028e+10|7.93139e+12|1.1953e+10|3.57784e+09|3.47366e+12|5.63895e+11|1.26703e+13|7.14276e+12|1.43015e+11|1.18221e+10,3.60243e+12|2.86853e+09|1.1263e+10|1.57109e+09|4.18929e+08|9.70219e+10|1.17307e+09|3.6866e+13|6.77465e+10|1.16403e+11|4.06702e+09|2.21525e+12|6.64782e+09|3.23346e+09|5.19958e+11|2.85908e+11|2.20566e+12|2.47938e+12|1.55339e+10|4.31884e+09,2.76437e-05|2.25049e-05|0.00016633|1.75363e-05|4.44502e-05|0.000874519|0.00053987|6.06714e-05|2.6832e-05|0.000240023|0.000745339|0.000726723|1.82941e-05|2.03632e-05|5.19237e-05|1.37995e-05|5.2677e-05|2.32069e-05|0.000117274|0.000324399,0.00205186|0.000185945|0.000257502|0.00506716|0.00789389|0.000577384|0.00150891|0.000455538|0.000190216|0.000212219|0.00900296|0.00167665|0.000249556|0.000248504|0.000905336|0.00091674|0.000225274|0.000437994|0.00970702|0.000327224,0.0144542|0.0430141|0.0444183|0.0377136|0.028843|0.0198763|0.0179336|0.0225523|0.00942372|0.0334165|0.011818|0.0017588|0.0313412|0.0145665|0.0073713|0.0391106|0.0233742|0.0326596|0.0479354|0.0413395,0.0367363|0.0160199|0.0464833|0.0409904|0.0403095|0.0292376|0.0204335|0.0283967|0.0172071|0.0188367|0.00245588|0.00787617|0.0373635|0.0264696|0.0136715|0.0373995|0.019603|0.0336427|0.00201996|0.0463752,0.95381|0.934272|0.909484|0.949976|0.916182|0.912165|0.940994|0.943873|0.909197|0.958778|0.914592|0.919553|0.984995|0.983868|0.929292|0.977432|0.922888|0.941302|0.967051|0.956752,3.46146|0.347274|0.674833|6.26231|6.14894|2.01744|3.97819|4.13907|5.95219|0.251924|0.397905|6.13073|1.71271|4.77865|0.7997|2.81638|4.72358|1.43662|1.89604|4.20312,79.8117|37.015|10.4739|81.7362|37.2729|32.9383|55.4093|81.3396|27.3162|72.2829|42.5138|63.8366|29.3504|37.0378|69.5993|86.0567|98.0873|23.9015|29.3778,0.20774|0.191035|0.244816|0.185633|0.24829|0.173207|0.200726|0.171783|0.192517|0.211476|0.194076|0.190511|0.195346|0.240437|0.197597|0.191674|0.240595|0.232625|0.198129,0.634164|0.479152|0.120042|0.8088|0.138112|0.402657|0.858389|0.146549|0.86736|0.292448|0.446651|0.395131|0.482592|0.483374|0.331635|0.609211|0.490914|0.943217|0.937095,0.965709,0.942107,0.00398666,0.0494591,0.601558,0.498619,0.0780554,0.491866,0.227373,0.94879,60.5101,3.47919e-12,34363,0.893945,38.3275,1.8046e-11,70899,0.813216,0.800213,0.0318416,0.894511,0.646291,0.467196,0.267079,0.496996,0.142828,0.968398,15.3538,7.25626e-13,62719,0.835188,71.1574,7.18405e-13,18924
1,168,n1->n2->n12->n11->n21->n31->n32->n22->n23->n33->n34->n35->n36->n26->n16->n17->n7->n8->n9->n10,2.31363e+13|1.08374e+10|6.50639e+11|1.83181e+09|3.273e+13|4.06943e+12|1.52524e+11|4.72597e+11|8.84744e+09|1.54186e+12|1.74148e+12|2.28703e+12|1.1953e+10|7.93139e+12|1.22489e+11|4.00209e+11|9.24787e+09|4.30375e+13|5.91555e+11|1.18221e+10,3.60243e+12|2.86853e+09|6.91628e+10|1.61585e+09|3.63129e+12|6.00353e+11|1.50714e+11|3.89256e+11|1.70948e+09|1.73332e+11|1.0536e+12|2.08861e+12|6.64782e+09|2.21525e+12|1.60878e+10|1.16403e+11|1.17307e+09|3.6866e+13|1.23797e+11|4.31884e+09,2.76437e-05|2.25049e-05|0.000306846|6.09494e-05|0.0007443|0.000747032|9.38774e-05|0.000136426|0.000848685|0.000917855|7.18356e-05|5.51855e-05|1.82941e-05|0.000726723|0.000388598|0.000240023|0.00053987|6.06714e-05|4.9143e-05|0.000324399,0.00205186|0.000185945|0.00506163|0.0070437|0.00473098|0.000237579|0.000903427|0.000622969|0.000154373|0.000866982|0.00188744|0.000708212|0.000249556|0.00167665|0.00473624|0.000212219|0.00150891|0.000455538|0.000571723|0.000327224,0.0144542|0.0430141|0.0248209|0.0289489|0.00587522|0.00536562|0.0210883|0.0222508|0.0433652|0.0448378|0.0428115|0.0406061|0.0313412|0.0017588|0.0142199|0.0334165|0.0179336|0.0225523|0.00473199|0.0413395,0.0367363|0.0160199|0.0232879|0.00023094|0.00299122|0.0248824|0.00334129|0.00315586|0.0353922|0.0237781|0.0315533|0.0252881|0.0373635|0.00787617|0.0151898|0.0188367|0.0204335|0.0283967|0.00830313|0.0463752,0.95381|0.934272|0.90052|0.903661|0.979297|0.949357|0.956331|0.992031|0.978852|0.905731|0.933029|0.969974|0.984995|0.919553|0.983062|0.958778|0.940994|0.943873|0.968696|0.956752,3.46146|0.347274|4.94267|4.2752|0.978654|3.19307|1.43236|1.9519|6.13175|5.16612|4.1628|2.88844|1.71271|6.13073|0.15061|0.251924|3.97819|4.13907|2.44477|4.20312,79.8117|88.6198|24.4191|65.1286|89.2299|63.0993|86.2435|55.8812|76.7594|23.5709|31.5608|18.7034|63.8366|11.0615|32.2763|59.8148|55.4093|99.595|65.9961,0.20774|0.169026|0.205217|0.183295|0.224223|0.229019|0.206725|0.190738|0.161271|0.219061|0.214217|0.197276|0.190511|0.224508|0.19197|0.189151|0.200726|0.248024|0.245087,0.634164|0.804539|0.974022|0.554091|0.993527|0.825759|0.579925|0.246571|0.934902|0.130761|0.871174|0.138212|0.395131|0.519858|0.413975|0.531819|0.858389|0.527389|0.339228,0.965709,0.942107,0.00398666,0.0494591,0.601558,0.498619,0.0780554,0.491866,0.227373,0.94879,60.5101,3.47919e-12,34363,0.893945,38.3275,1.8046e-11,70899,0.813216,0.800213,0.0318416,0.894511,0.646291,0.467196,0.267079,0.496996,0.142828,0.968398,15.3538,7.25626e-13,62719,0.835188,71.1574,7.18405e-13,18924
1,169,n1->n2->n3->n13->n23->n33->n34->n35->n45->n55->n56->n46->n47->n37->n27->n17->n18->n8->n9->n10,2.31363e+13|1.08374e+10|6.12136e+10|4.50381e+10|8.84744e+09|1.54186e+12|1.74148e+12|2.28703e+12|2.81511e+13|6.4522e+09|1.78929e+09|3.03039e+10|9.11183e+09|3.57784e+09|1.24028e+10|4.00209e+11|2.03534e+11|4.30375e+13|5.91555e+11|1.18221e+10,3.60243e+12|2.86853e+09|1.1263e+10|3.40678e+10|1.70948e+09|1.73332e+11|1.0536e+12|2.08861e+12|5.80554e+12|2.81163e+09|1.31857e+09|4.48021e+09|1.3648e+09|3.23346e+09|4.06702e+09|1.16403e+11|6.77465e+10|3.6866e+13|1.23797e+11|4.31884e+09,2.76437e-05|2.25049e-05|0.00016633|5.57341e-05|0.000848685|0.000917855|7.18356e-05|5.51855e-05|6.35804e-05|0.000367968|4.08884e-05|2.45681e-05|0.000420704|2.03632e-05|0.000745339|0.000240023|2.6832e-05|6.06714e-05|4.9143e-05|0.000324399,0.00205186|0.000185945|0.000257502|0.00134945|0.000154373|0.000866982|0.00188744|0.000708212|0.000343693|0.000264161|0.00172915|0.000130584|0.000338395|0.000248504|0.00900296|0.000212219|0.000190216|0.000455538|0.000571723|0.000327224,0.0144542|0.0430141|0.0444183|0.0135171|0.0433652|0.0448378|0.0428115|0.0406061|0.030315|0.0458698|0.0379983|0.0474647|0.0456643|0.0145665|0.011818|0.0334165|0.00942372|0.0225523|0.00473199|0.0413395,0.0367363|0.0160199|0.0464833|0.00802942|0.0353922|0.0237781|0.0315533|0.0252881|0.0469403|0.0425499|0.00641466|0.020144|0.00700277|0.0264696|0.00245588|0.0188367|0.0172071|0.0283967|0.00830313|0.0463752,0.95381|0.934272|0.909484|0.973616|0.978852|0.905731|0.933029|0.969974|0.932741|0.980596|0.97418|0.979241|0.964382|0.983868|0.914592|0.958778|0.909197|0.943873|0.968696|0.956752,3.46146|0.347274|0.674833|3.12017|6.13175|5.16612|4.1628|2.88844|3.49975|1.43044|5.89684|4.28092|5.11749|4.77865|0.397905|0.251924|5.95219|4.13907|2.44477|4.20312,79.8117|37.015|83.9106|51.9585|76.7594|23.5709|31.5608|97.1045|43.8659|40.979|31.554|46.986|88.6669|44.8869|72.2829|27.3162|81.3396|99.595|65.9961,0.20774|0.191035|0.214124|0.247887|0.161271|0.219061|0.214217|0.200339|0.18327|0.227366|0.240526|0.170681|0.189503|0.17819|0.211476|0.192517|0.171783|0.248024|0.245087,0.634164|0.479152|0.78746|0.267835|0.934902|0.130761|0.871174|0.338692|0.696632|0.888641|0.267377|0.943346|0.552261|0.780984|0.292448|0.86736|0.146549|0.527389|0.339228,0.965709,0.942107,0.00398666,0.0494591,0.601558,0.498619,0.0780554,0.491866,0.227373,0.94879,60.5101,3.47919e-12,34363,0.893945,38.3275,1.8046e-11,70899,0.813216,0.800213,0.0318416,0.894511,0.646291,0.467196,0.267079,0.496996,0.142828,0.968398,15.3538,7.25626e-13,62719,0.835188,71.1574,7.18405e-13,18924
1,170,n1->n2->n3->n13->n23->n33->n34->n35->n36->n46->n47->n48->n38->n37->n27->n17->n18->n19->n20->n10,2.31363e+13|1.08374e+10|6.12136e+10|4.50381e+10|8.84744e+09|1.54186e+12|1.74148e+12|2.28703e+12|1.1953e+10|3.03039e+10|9.11183e+09|1.50066e+10|3.47366e+12|3.57784e+09|1.24028e+10|4.00209e+11|2.03534e+11|1.05918e+11|1.43015e+11|1.18221e+10,3.60243e+12|2.86853e+09|1.1263e+10|3.40678e+10|1.70948e+09|1.73332e+11|1.0536e+12|2.08861e+12|6.64782e+09|4.48021e+09|1.3648e+09|2.83458e+09|5.19958e+11|3.23346e+09|4.06702e+09|1.16403e+11|6.77465e+10|6.82244e+10|1.55339e+10|4.31884e+09,2.76437e-05|2.25049e-05|0.00016633|5.57341e-05|0.000848685|0.000917855|7.18356e-05|5.51855e-05|1.82941e-05|2.45681e-05|0.000420704|0.000849254|5.19237e-05|2.03632e-05|0.000745339|0.000240023|2.6832e-05|0.000888862|0.000117274|0.000324399,0.00205186|0.000185945|0.000257502|0.00134945|0.000154373|0.000866982|0.00188744|0.000708212|0.000249556|0.000130584|0.000338395|0.000338217|0.000905336|0.000248504|0.00900296|0.000212219|0.000190216|0.000145034|0.00970702|0.000327224,0.0144542|0.0430141|0.0444183|0.0135171|0.0433652|0.0448378|0.0428115|0.0406061|0.0313412|0.0474647|0.0456643|0.0214979|0.0073713|0.0145665|0.011818|0.0334165|0.00942372|0.0325835|0.0479354|0.0413395,0.0367363|0.0160199|0.0464833|0.00802942|0.0353922|0.0237781|0.0315533|0.0252881|0.0373635|0.020144|0.00700277|0.0216258|0.0136715|0.0264696|0.00245588|0.0188367|0.0172071|0.0435705|0.00201996|0.0463752,0.95381|0.934272|0.909484|0.973616|0.978852|0.905731|0.933029|0.969974|0.984995|0.979241|0.964382|0.924038|0.929292|0.983868|0.914592|0.958778|0.909197|0.960252|0.967051|0.956752,3.46146|0.347274|0.674833|3.12017|6.13175|5.16612|4.1628|2.88844|1.71271|4.28092|5.11749|4.87444|0.7997|4.77865|0.397905|0.251924|5.95219|2.69565|1.89604|4.20312,79.8117|37.015|83.9106|51.9585|76.7594|23.5709|31.5608|18.7034|70.4589|46.986|13.4252|21.8454|37.0378|44.8869|72.2829|27.3162|28.0546|10.3361|29.3778,0.20774|0.191035|0.214124|0.247887|0.161271|0.219061|0.214217|0.197276|0.239147|0.170681|0.189094|0.205241|0.240437|0.17819|0.211476|0.192517|0.241008|0.171154|0.198129,0.634164|0.479152|0.78746|0.267835|0.934902|0.130761|0.871174|0.138212|0.343307|0.943346|0.628871|0.236622|0.483374|0.780984|0.292448|0.86736|0.408385|0.31462|0.937095,0.965709,0.942107,0.00398666,0.0494591,0.601558,0.498619,0.0780554,0.491866,0.227373,0.94879,60.5101,3.47919e-12,34363,0.893945,38.3275,1.8046e-11,70899,0.813216,0.800213,0.0318416,0.894511,0.646291,0.467196,0.267079,0.496996,0.142828,0.968398,15.3538,7.25626e-13,62719,0.835188,71.1574,7.18405e-13,18924
1,171,n1->n2->n12->n22->n23->n33->n34->n44->n45->n35->n25->n26->n16->n17->n7->n8->n9->n19->n20->n10,2.31363e+13|1.08374e+10|6.50639e+11|4.72597e+11|8.84744e+09|1.54186e+12|1.74148e+12|5.76519e+11|2.81511e+13|2.28703e+12|3.34343e+12|7.93139e+12|1.22489e+11|4.00209e+11|9.24787e+09|4.30375e+13|5.91555e+11|1.05918e+11|1.43015e+11|1.18221e+10,3.60243e+12|2.86853e+09|6.91628e+10|3.89256e+11|1.70948e+09|1.73332e+11|1.0536e+12|3.95755e+11|5.80554e+12|2.08861e+12|1.01655e+12|2.21525e+12|1.60878e+10|1.16403e+11|1.17307e+09|3.6866e+13|1.23797e+11|6.82244e+10|1.55339e+10|4.31884e+09,2.76437e-05|2.25049e-05|0.000306846|0.000136426|0.000848685|0.000917855|7.18356e-05|1.64936e-05|6.35804e-05|5.51855e-05|8.18102e-05|0.000726723|0.000388598|0.000240023|0.00053987|6.06714e-05|4.9143e-05|0.000888862|0.000117274|0.000324399,0.00205186|0.000185945|0.00506163|0.000622969|0.000154373|0.000866982|0.00188744|0.000282069|0.000343693|0.000708212|0.000592493|0.00167665|0.00473624|0.000212219|0.00150891|0.000455538|0.000571723|0.000145034|0.00970702|0.000327224,0.0144542|0.0430141|0.0248209|0.0222508|0.0433652|0.0448378|0.0428115|0.0396502|0.030315|0.0406061|0.01808|0.0017588|0.0142199|0.0334165|0.0179336|0.0225523|0.00473199|0.0325835|0.0479354|0.0413395,0.0367363|0.0160199|0.0232879|0.00315586|0.0353922|0.0237781|0.0315533|0.0423918|0.0469403|0.0252881|0.0195753|0.00787617|0.0151898|0.0188367|0.0204335|0.0283967|0.00830313|0.0435705|0.00201996|0.0463752,0.95381|0.934272|0.90052|0.992031|0.978852|0.905731|0.933029|0.994508|0.932741|0.969974|0.908527|0.919553|0.983062|0.958778|0.940994|0.943873|0.968696|0.960252|0.967051|0.956752,3.46146|0.347274|4.94267|1.9519|6.13175|5.16612|4.1628|5.48467|3.49975|2.88844|0.486545|6.13073|0.15061|0.251924|3.97819|4.13907|2.44477|2.69565|1.89604|4.20312,79.8117|88.6198|13.2112|55.8812|76.7594|23.5709|46.2248|89.5651|97.1045|88.4205|55.6995|11.0615|32.2763|59.8148|55.4093|99.595|99.0064|10.3361|29.3778,0.20774|0.169026|0.185154|0.190738|0.161271|0.219061|0.168809|0.224894|0.200339|0.185142|0.184652|0.224508|0.19197|0.189151|0.200726|0.248024|0.205366|0.171154|0.198129,0.634164|0.804539|0.869928|0.246571|0.934902|0.130761|0.348331|0.152964|0.338692|0.273648|0.129529|0.519858|0.413975|0.531819|0.858389|0.527389|0.181632|0.31462|0.937095,0.965709,0.942107,0.00398666,0.0494591,0.601558,0.498619,0.0780554,0.491866,0.227373,0.94879,60.5101,3.47919e-12,34363,0.893945,38.3275,1.8046e-11,70899,0.813216,0.800213,0.0318416,0.894511,0.646291,0.467196,0.267079,0.496996,0.142828,0.968398,15.3538,7.25626e-13,62719,0.835188,71.1574,7.18405e-13,18924
1,172,n1->n2->n12->n11->n21->n22->n32->n33->n34->n35->n25->n24->n14->n4->n5->n6->n7->n8->n9->n10,2.31363e+13|1.08374e+10|6.50639e+11|1.83181e+09|3.273e+13|4.72597e+11|1.52524e+11|1.54186e+12|1.74148e+12|2.28703e+12|3.34343e+12|1.6247e+13|4.81326e+11|3.77253e+09|1.66294e+09|3.11313e+11|9.24787e+09|4.30375e+13|5.91555e+11|1.18221e+10,3.60243e+12|2.86853e+09|6.91628e+10|1.61585e+09|3.63129e+12|3.89256e+11|1.50714e+11|1.73332e+11|1.0536e+12|2.08861e+12|1.01655e+12|1.42612e+13|4.44483e+11|1.57109e+09|4.18929e+08|9.70219e+10|1.17307e+09|3.6866e+13|1.23797e+11|4.31884e+09,2.76437e-05|2.25049e-05|0.000306846|6.09494e-05|0.0007443|0.000136426|9.38774e-05|0.000917855|7.18356e-05|5.51855e-05|8.18102e-05|1.7942e-05|0.00084559|1.75363e-05|4.44502e-05|0.000874519|0.00053987|6.06714e-05|4.9143e-05|0.000324399,0.00205186|0.000185945|0.00506163|0.0070437|0.00473098|0.000622969|0.000903427|0.000866982|0.00188744|0.000708212|0.000592493|0.00390461|0.0051438|0.00506716|0.00789389|0.000577384|0.00150891|0.000455538|0.000571723|0.000327224,0.0144542|0.0430141|0.0248209|0.0289489|0.00587522|0.0222508|0.0210883|0.0448378|0.0428115|0.0406061|0.01808|0.0272838|0.00938046|0.0377136|0.028843|0.0198763|0.0179336|0.0225523|0.00473199|0.0413395,0.0367363|0.0160199|0.0232879|0.00023094|0.00299122|0.00315586|0.00334129|0.0237781|0.0315533|0.0252881|0.0195753|0.0271748|0.0297136|0.0409904|0.0403095|0.0292376|0.0204335|0.0283967|0.00830313|0.0463752,0.95381|0.934272|0.90052|0.903661|0.979297|0.992031|0.956331|0.905731|0.933029|0.969974|0.908527|0.985398|0.983424|0.949976|0.916182|0.912165|0.940994|0.943873|0.968696|0.956752,3.46146|0.347274|4.94267|4.2752|0.978654|1.9519|1.43236|5.16612|4.1628|2.88844|0.486545|6.10602|2.35283|6.26231|6.14894|2.01744|3.97819|4.13907|2.44477|4.20312,79.8117|88.6198|24.4191|65.1286|34.0839|86.2435|67.4197|23.5709|31.5608|88.4205|18.2346|66.6304|52.1141|81.7362|37.2729|32.9383|55.4093|99.595|65.9961,0.20774|0.169026|0.205217|0.183295|0.214588|0.206725|0.168491|0.219061|0.214217|0.185142|0.183812|0.195265|0.216912|0.185633|0.24829|0.173207|0.200726|0.248024|0.245087,0.634164|0.804539|0.974022|0.554091|0.739323|0.579925|0.994842|0.130761|0.871174|0.273648|0.135604|0.280165|0.936246|0.8088|0.138112|0.402657|0.858389|0.527389|0.339228,0.965709,0.942107,0.00398666,0.0494591,0.601558,0.498619,0.0780554,0.491866,0.227373,0.94879,60.5101,3.47919e-12,34363,0.893945,38.3275,1.8046e-11,70899,0.813216,0.800213,0.0318416,0.894511,0.646291,0.467196,0.267079,0.496996,0.142828,0.968398,15.3538,7.25626e-13,62719,0.835188,71.1574,7.18405e-13,18924
1,173,n1->n2->n3->n4->n5->n15->n25->n24->n34->n35->n45->n46->n36->n37->n27->n28->n29->n19->n9->n10,2.31363e+13|1.08374e+10|6.12136e+10|3.77253e+09|1.66294e+09|3.20281e+09|3.34343e+12|1.6247e+13|1.74148e+12|2.28703e+12|2.81511e+13|3.03039e+10|1.1953e+10|3.57784e+09|1.24028e+10|9.45412e+09|2.09259e+13|1.05918e+11|5.91555e+11|1.18221e+10,3.60243e+12|2.86853e+09|1.1263e+10|1.57109e+09|4.18929e+08|2.0725e+09|1.01655e+12|1.42612e+13|1.0536e+12|2.08861e+12|5.80554e+12|4.48021e+09|6.64782e+09|3.23346e+09|4.06702e+09|3.50099e+09|1.86006e+13|6.82244e+10|1.23797e+11|4.31884e+09,2.76437e-05|2.25049e-05|0.00016633|1.75363e-05|4.44502e-05|9.19448e-05|8.18102e-05|1.7942e-05|7.18356e-05|5.51855e-05|6.35804e-05|2.45681e-05|1.82941e-05|2.03632e-05|0.000745339|0.000668186|4.96365e-05|0.000888862|4.9143e-05|0.000324399,0.00205186|0.000185945|0.000257502|0.00506716|0.00789389|0.0013452|0.000592493|0.00390461|0.00188744|0.000708212|0.000343693|0.000130584|0.000249556|0.000248504|0.00900296|0.00118696|0.00015176|0.000145034|0.000571723|0.000327224,0.0144542|0.0430141|0.0444183|0.0377136|0.028843|0.0491072|0.01808|0.0272838|0.0428115|0.0406061|0.030315|0.0474647|0.0313412|0.0145665|0.011818|0.0312995|0.0112964|0.0325835|0.00473199|0.0413395,0.0367363|0.0160199|0.0464833|0.0409904|0.0403095|0.0303606|0.0195753|0.0271748|0.0315533|0.0252881|0.0469403|0.020144|0.0373635|0.0264696|0.00245588|0.0100934|0.0218921|0.0435705|0.00830313|0.0463752,0.95381|0.934272|0.909484|0.949976|0.916182|0.940373|0.908527|0.985398|0.933029|0.969974|0.932741|0.979241|0.984995|0.983868|0.914592|0.976055|0.989841|0.960252|0.968696|0.956752,3.46146|0.347274|0.674833|6.26231|6.14894|2.32468|0.486545|6.10602|4.1628|2.88844|3.49975|4.28092|1.71271|4.77865|0.397905|3.88168|2.37699|2.69565|2.44477|4.20312,79.8117|37.015|10.4739|81.7362|35.0583|54.7186|18.2346|58.7029|31.5608|97.1045|61.2725|70.4589|29.3504|44.8869|15.3326|39.0733|84.7043|99.0064|65.9961,0.20774|0.191035|0.244816|0.185633|0.200044|0.220733|0.183812|0.169742|0.214217|0.200339|0.166077|0.239147|0.195346|0.17819|0.168076|0.249173|0.22724|0.205366|0.245087,0.634164|0.479152|0.120042|0.8088|0.592289|0.337128|0.135604|0.316224|0.871174|0.338692|0.561019|0.343307|0.482592|0.780984|0.122684|0.935674|0.217677|0.181632|0.339228,0.965709,0.942107,0.00398666,0.0494591,0.601558,0.498619,0.0780554,0.491866,0.227373,0.94879,60.5101,3.47919e-12,34363,0.893945,38.3275,1.8046e-11,70899,0.813216,0.800213,0.0318416,0.894511,0.646291,0.467196,0.267079,0.496996,0.142828,0.968398,15.3538,7.25626e-13,62719,0.835188,71.1574,7.18405e-13,18924
1,174,n1->n2->n12->n22->n23->n13->n3->n4->n5->n15->n14->n24->n25->n26->n16->n17->n7->n8->n9->n10,2.31363e+13|1.08374e+10|6.50639e+11|4.72597e+11|8.84744e+09|4.50381e+10|6.12136e+10|3.77253e+09|1.66294e+09|3.20281e+09|4.81326e+11|1.6247e+13|3.34343e+12|7.93139e+12|1.22489e+11|4.00209e+11|9.24787e+09|4.30375e+13|5.91555e+11|1.18221e+10,3.60243e+12|2.86853e+09|6.91628e+10|3.89256e+11|1.70948e+09|3.40678e+10|1.1263e+10|1.57109e+09|4.18929e+08|2.0725e+09|4.44483e+11|1.42612e+13|1.01655e+12|2.21525e+12|1.60878e+10|1.16403e+11|1.17307e+09|3.6866e+13|1.23797e+11|4.31884e+09,2.76437e-05|2.25049e-05|0.000306846|0.000136426|0.000848685|5.57341e-05|0.00016633|1.75363e-05|4.44502e-05|9.19448e-05|0.00084559|1.7942e-05|8.18102e-05|0.000726723|0.000388598|0.000240023|0.00053987|6.06714e-05|4.9143e-05|0.000324399,0.00205186|0.000185945|0.00506163|0.000622969|0.000154373|0.00134945|0.000257502|0.00506716|0.00789389|0.0013452|0.0051438|0.00390461|0.000592493|0.00167665|0.00473624|0.000212219|0.00150891|0.000455538|0.000571723|0.000327224,0.0144542|0.0430141|0.0248209|0.0222508|0.0433652|0.0135171|0.0444183|0.0377136|0.028843|0.0491072|0.00938046|0.0272838|0.01808|0.0017588|0.0142199|0.0334165|0.0179336|0.0225523|0.00473199|0.0413395,0.0367363|0.0160199|0.0232879|0.00315586|0.0353922|0.00802942|0.0464833|0.0409904|0.0403095|0.0303606|0.0297136|0.0271748|0.0195753|0.00787617|0.0151898|0.0188367|0.0204335|0.0283967|0.00830313|0.0463752,0.95381|0.934272|0.90052|0.992031|0.978852|0.973616|0.909484|0.949976|0.916182|0.940373|0.983424|0.985398|0.908527|0.919553|0.983062|0.958778|0.940994|0.943873|0.968696|0.956752,3.46146|0.347274|4.94267|1.9519|6.13175|3.12017|0.674833|6.26231|6.14894|2.32468|2.35283|6.10602|0.486545|6.13073|0.15061|0.251924|3.97819|4.13907|2.44477|4.20312,79.8117|88.6198|13.2112|55.8812|51.9585|83.9106|10.4739|81.7362|35.0583|92.5451|66.6304|18.2346|55.6995|11.0615|32.2763|59.8148|55.4093|99.595|65.9961,0.20774|0.169026|0.185154|0.190738|0.247887|0.214124|0.244816|0.185633|0.200044|0.187126|0.195265|0.183812|0.184652|0.224508|0.19197|0.189151|0.200726|0.248024|0.245087,0.634164|0.804539|0.869928|0.246571|0.267835|0.78746|0.120042|0.8088|0.592289|0.127963|0.280165|0.135604|0.129529|0.519858|0.413975|0.531819|0.858389|0.527389|0.339228,0.965709,0.942107,0.00398666,0.0494591,0.601558,0.498619,0.0780554,0.491866,0.227373,0.94879,60.5101,3.47919e-12,34363,0.893945,38.3275,1.8046e-11,70899,0.813216,0.800213,0.0318416,0.894511,0.646291,0.467196,0.267079,0.496996,0.142828,0.968398,15.3538,7.25626e-13,62719,0.835188,71.1574,7.18405e-13,18924
1,175,n1->n11->n21->n22->n32->n42->n52->n53->n43->n33->n23->n13->n3->n4->n5->n6->n7->n8->n9->n10,2.31363e+13|1.83181e+09|3.273e+13|4.72597e+11|1.52524e+11|4.46701e+13|1.03937e+11|8.45038e+09|9.0627e+12|1.54186e+12|8.84744e+09|4.50381e+10|6.12136e+10|3.77253e+09|1.66294e+09|3.11313e+11|9.24787e+09|4.30375e+13|5.91555e+11|1.18221e+10,3.60243e+12|1.61585e+09|3.63129e+12|3.89256e+11|1.50714e+11|1.40588e+13|8.71202e+10|2.45869e+09|2.61932e+12|1.73332e+11|1.70948e+09|3.40678e+10|1.1263e+10|1.57109e+09|4.18929e+08|9.70219e+10|1.17307e+09|3.6866e+13|1.23797e+11|4.31884e+09,2.76437e-05|6.09494e-05|0.0007443|0.000136426|9.38774e-05|0.000193195|3.10278e-05|3.79192e-05|1.45314e-05|0.000917855|0.000848685|5.57341e-05|0.00016633|1.75363e-05|4.44502e-05|0.000874519|0.00053987|6.06714e-05|4.9143e-05|0.000324399,0.00205186|0.0070437|0.00473098|0.000622969|0.000903427|0.00542431|0.00288158|0.0039095|0.00010755|0.000866982|0.000154373|0.00134945|0.000257502|0.00506716|0.00789389|0.000577384|0.00150891|0.000455538|0.000571723|0.000327224,0.0144542|0.0289489|0.00587522|0.0222508|0.0210883|0.0499415|0.0377287|0.0453802|0.02386|0.0448378|0.0433652|0.0135171|0.0444183|0.0377136|0.028843|0.0198763|0.0179336|0.0225523|0.00473199|0.0413395,0.0367363|0.00023094|0.00299122|0.00315586|0.00334129|0.0306758|0.0048894|0.040136|0.0247157|0.0237781|0.0353922|0.00802942|0.0464833|0.0409904|0.0403095|0.0292376|0.0204335|0.0283967|0.00830313|0.0463752,0.95381|0.903661|0.979297|0.992031|0.956331|0.984529|0.944482|0.925273|0.938699|0.905731|0.978852|0.973616|0.909484|0.949976|0.916182|0.912165|0.940994|0.943873|0.968696|0.956752,3.46146|4.2752|0.978654|1.9519|1.43236|5.70895|1.26017|1.72244|3.5699|5.16612|6.13175|3.12017|0.674833|6.26231|6.14894|2.01744|3.97819|4.13907|2.44477|4.20312,30.2686|65.1286|34.0839|86.2435|70.8805|93.5115|21.0603|26.2497|49.6282|76.7594|51.9585|83.9106|10.4739|81.7362|37.2729|32.9383|55.4093|99.595|65.9961,0.161965|0.183295|0.214588|0.206725|0.229308|0.23364|0.197455|0.170367|0.229317|0.161271|0.247887|0.214124|0.244816|0.185633|0.24829|0.173207|0.200726|0.248024|0.245087,0.56362|0.554091|0.739323|0.579925|0.183944|0.625746|0.271041|0.607476|0.819301|0.934902|0.267835|0.78746|0.120042|0.8088|0.138112|0.402657|0.858389|0.527389|0.339228,0.965709,0.942107,0.00398666,0.0494591,0.601558,0.498619,0.0780554,0.491866,0.227373,0.94879,60.5101,3.47919e-12,34363,0.893945,38.3275,1.8046e-11,70899,0.813216,0.800213,0.0318416,0.894511,0.646291,0.467196,0.267079,0.496996,0.142828,0.968398,15.3538,7.25626e-13,62719,0.835188,71.1574,7.18405e-13,18924
1,176,n1->n11->n21->n22->n12->n2->n3->n4->n14->n15->n5->n6->n16->n17->n7->n8->n9->n19->n20->n10,2.31363e+13|1.83181e+09|3.273e+13|4.72597e+11|6.50639e+11|1.08374e+10|6.12136e+10|3.77253e+09|4.81326e+11|3.20281e+09|1.66294e+09|3.11313e+11|1.22489e+11|4.00209e+11|9.24787e+09|4.30375e+13|5.91555e+11|1.05918e+11|1.43015e+11|1.18221e+10,3.60243e+12|1.61585e+09|3.63129e+12|3.89256e+11|6.91628e+10|2.86853e+09|1.1263e+10|1.57109e+09|4.44483e+11|2.0725e+09|4.18929e+08|9.70219e+10|1.60878e+10|1.16403e+11|1.17307e+09|3.6866e+13|1.23797e+11|6.82244e+10|1.55339e+10|4.31884e+09,2.76437e-05|6.09494e-05|0.0007443|0.000136426|0.000306846|2.25049e-05|0.00016633|1.75363e-05|0.00084559|9.19448e-05|4.44502e-05|0.000874519|0.000388598|0.000240023|0.00053987|6.06714e-05|4.9143e-05|0.000888862|0.000117274|0.000324399,0.00205186|0.0070437|0.00473098|0.000622969|0.00506163|0.000185945|0.000257502|0.00506716|0.0051438|0.0013452|0.00789389|0.000577384|0.00473624|0.000212219|0.00150891|0.000455538|0.000571723|0.000145034|0.00970702|0.000327224,0.0144542|0.0289489|0.00587522|0.0222508|0.0248209|0.0430141|0.0444183|0.0377136|0.00938046|0.0491072|0.028843|0.0198763|0.0142199|0.0334165|0.0179336|0.0225523|0.00473199|0.0325835|0.0479354|0.0413395,0.0367363|0.00023094|0.00299122|0.00315586|0.0232879|0.0160199|0.0464833|0.0409904|0.0297136|0.0303606|0.0403095|0.0292376|0.0151898|0.0188367|0.0204335|0.0283967|0.00830313|0.0435705|0.00201996|0.0463752,0.95381|0.903661|0.979297|0.992031|0.90052|0.934272|0.909484|0.949976|0.983424|0.940373|0.916182|0.912165|0.983062|0.958778|0.940994|0.943873|0.968696|0.960252|0.967051|0.956752,3.46146|4.2752|0.978654|1.9519|4.94267|0.347274|0.674833|6.26231|2.35283|2.32468|6.14894|2.01744|0.15061|0.251924|3.97819|4.13907|2.44477|2.69565|1.89604|4.20312,30.2686|65.1286|34.0839|13.2112|88.6198|37.015|10.4739|52.1141|92.5451|35.0583|37.2729|50.0569|32.2763|59.8148|55.4093|99.595|99.0064|10.3361|29.3778,0.161965|0.183295|0.214588|0.185154|0.169026|0.191035|0.244816|0.216912|0.187126|0.200044|0.24829|0.248888|0.19197|0.189151|0.200726|0.248024|0.205366|0.171154|0.198129,0.56362|0.554091|0.739323|0.869928|0.804539|0.479152|0.120042|0.936246|0.127963|0.592289|0.138112|0.114607|0.413975|0.531819|0.858389|0.527389|0.181632|0.31462|0.937095,0.965709,0.942107,0.00398666,0.0494591,0.601558,0.498619,0.0780554,0.491866,0.227373,0.94879,60.5101,3.47919e-12,34363,0.893945,38.3275,1.8046e-11,70899,0.813216,0.800213,0.0318416,0.894511,0.646291,0.467196,0.267079,0.496996,0.142828,0.968398,15.3538,7.25626e-13,62719,0.835188,71.1574,7.18405e-13,18924
1,177,n1->n11->n12->n13->n14->n15->n25->n35->n34->n44->n45->n46->n36->n26->n27->n17->n7->n8->n9->n10,2.31363e+13|1.83181e+09|6.50639e+11|4.50381e+10|4.81326e+11|3.20281e+09|3.34343e+12|2.28703e+12|1.74148e+12|5.76519e+11|2.81511e+13|3.03039e+10|1.1953e+10|7.93139e+12|1.24028e+10|4.00209e+11|9.24787e+09|4.30375e+13|5.91555e+11|1.18221e+10,3.60243e+12|1.61585e+09|6.91628e+10|3.40678e+10|4.44483e+11|2.0725e+09|1.01655e+12|2.08861e+12|1.0536e+12|3.95755e+11|5.80554e+12|4.48021e+09|6.64782e+09|2.21525e+12|4.06702e+09|1.16403e+11|1.17307e+09|3.6866e+13|1.23797e+11|4.31884e+09,2.76437e-05|6.09494e-05|0.000306846|5.57341e-05|0.00084559|9.19448e-05|8.18102e-05|5.51855e-05|7.18356e-05|1.64936e-05|6.35804e-05|2.45681e-05|1.82941e-05|0.000726723|0.000745339|0.000240023|0.00053987|6.06714e-05|4.9143e-05|0.000324399,0.00205186|0.0070437|0.00506163|0.00134945|0.0051438|0.0013452|0.000592493|0.000708212|0.00188744|0.000282069|0.000343693|0.000130584|0.000249556|0.00167665|0.00900296|0.000212219|0.00150891|0.000455538|0.000571723|0.000327224,0.0144542|0.0289489|0.0248209|0.0135171|0.00938046|0.0491072|0.01808|0.0406061|0.0428115|0.0396502|0.030315|0.0474647|0.0313412|0.0017588|0.011818|0.0334165|0.0179336|0.0225523|0.00473199|0.0413395,0.0367363|0.00023094|0.0232879|0.00802942|0.0297136|0.0303606|0.0195753|0.0252881|0.0315533|0.0423918|0.0469403|0.020144|0.0373635|0.00787617|0.00245588|0.0188367|0.0204335|0.0283967|0.00830313|0.0463752,0.95381|0.903661|0.90052|0.973616|0.983424|0.940373|0.908527|0.969974|0.933029|0.994508|0.932741|0.979241|0.984995|0.919553|0.914592|0.958778|0.940994|0.943873|0.968696|0.956752,3.46146|4.2752|4.94267|3.12017|2.35283|2.32468|0.486545|2.88844|4.1628|5.48467|3.49975|4.28092|1.71271|6.13073|0.397905|0.251924|3.97819|4.13907|2.44477|4.20312,30.2686|24.4191|13.9548|56.34|92.5451|54.7186|88.4205|31.5608|46.2248|89.5651|61.2725|70.4589|63.8366|42.5138|72.2829|59.8148|55.4093|99.595|65.9961,0.161965|0.205217|0.237358|0.19509|0.187126|0.220733|0.185142|0.214217|0.168809|0.224894|0.166077|0.239147|0.190511|0.194076|0.211476|0.189151|0.200726|0.248024|0.245087,0.56362|0.974022|0.503427|0.577651|0.127963|0.337128|0.273648|0.871174|0.348331|0.152964|0.561019|0.343307|0.395131|0.446651|0.292448|0.531819|0.858389|0.527389|0.339228,0.965709,0.942107,0.00398666,0.0494591,0.601558,0.498619,0.0780554,0.491866,0.227373,0.94879,60.5101,3.47919e-12,34363,0.893945,38.3275,1.8046e-11,70899,0.813216,0.800213,0.0318416,0.894511,0.646291,0.467196,0.267079,0.496996,0.142828,0.968398,15.3538,7.25626e-13,62719,0.835188,71.1574,7.18405e-13,18924
1,178,n1->n11->n12->n2->n3->n4->n14->n13->n23->n33->n34->n24->n25->n15->n5->n6->n7->n8->n9->n10,2.31363e+13|1.83181e+09|6.50639e+11|1.08374e+10|6.12136e+10|3.77253e+09|4.81326e+11|4.50381e+10|8.84744e+09|1.54186e+12|1.74148e+12|1.6247e+13|3.34343e+12|3.20281e+09|1.66294e+09|3.11313e+11|9.24787e+09|4.30375e+13|5.91555e+11|1.18221e+10,3.60243e+12|1.61585e+09|6.91628e+10|2.86853e+09|1.1263e+10|1.57109e+09|4.44483e+11|3.40678e+10|1.70948e+09|1.73332e+11|1.0536e+12|1.42612e+13|1.01655e+12|2.0725e+09|4.18929e+08|9.70219e+10|1.17307e+09|3.6866e+13|1.23797e+11|4.31884e+09,2.76437e-05|6.09494e-05|0.000306846|2.25049e-05|0.00016633|1.75363e-05|0.00084559|5.57341e-05|0.000848685|0.000917855|7.18356e-05|1.7942e-05|8.18102e-05|9.19448e-05|4.44502e-05|0.000874519|0.00053987|6.06714e-05|4.9143e-05|0.000324399,0.00205186|0.0070437|0.00506163|0.000185945|0.000257502|0.00506716|0.0051438|0.00134945|0.000154373|0.000866982|0.00188744|0.00390461|0.000592493|0.0013452|0.00789389|0.000577384|0.00150891|0.000455538|0.000571723|0.000327224,0.0144542|0.0289489|0.0248209|0.0430141|0.0444183|0.0377136|0.00938046|0.0135171|0.0433652|0.0448378|0.0428115|0.0272838|0.01808|0.0491072|0.028843|0.0198763|0.0179336|0.0225523|0.00473199|0.0413395,0.0367363|0.00023094|0.0232879|0.0160199|0.0464833|0.0409904|0.0297136|0.00802942|0.0353922|0.0237781|0.0315533|0.0271748|0.0195753|0.0303606|0.0403095|0.0292376|0.0204335|0.0283967|0.00830313|0.0463752,0.95381|0.903661|0.90052|0.934272|0.909484|0.949976|0.983424|0.973616|0.978852|0.905731|0.933029|0.985398|0.908527|0.940373|0.916182|0.912165|0.940994|0.943873|0.968696|0.956752,3.46146|4.2752|4.94267|0.347274|0.674833|6.26231|2.35283|3.12017|6.13175|5.16612|4.1628|6.10602|0.486545|2.32468|6.14894|2.01744|3.97819|4.13907|2.44477|4.20312,30.2686|24.4191|88.6198|37.015|10.4739|52.1141|56.34|51.9585|76.7594|23.5709|58.7029|18.2346|54.7186|35.0583|37.2729|32.9383|55.4093|99.595|65.9961,0.161965|0.205217|0.169026|0.191035|0.244816|0.216912|0.19509|0.247887|0.161271|0.219061|0.169742|0.183812|0.220733|0.200044|0.24829|0.173207|0.200726|0.248024|0.245087,0.56362|0.974022|0.804539|0.479152|0.120042|0.936246|0.577651|0.267835|0.934902|0.130761|0.316224|0.135604|0.337128|0.592289|0.138112|0.402657|0.858389|0.527389|0.339228,0.965709,0.942107,0.00398666,0.0494591,0.601558,0.498619,0.0780554,0.491866,0.227373,0.94879,60.5101,3.47919e-12,34363,0.893945,38.3275,1.8046e-11,70899,0.813216,0.800213,0.0318416,0.894511,0.646291,0.467196,0.267079,0.496996,0.142828,0.968398,15.3538,7.25626e-13,62719,0.835188,71.1574,7.18405e-13,18924
1,179,n1->n11->n21->n31->n41->n42->n43->n44->n54->n55->n56->n57->n47->n37->n38->n39->n29->n19->n9->n10,2.31363e+13|1.83181e+09|3.273e+13|4.06943e+12|3.7088e+10|4.46701e+13|9.0627e+12|5.76519e+11|1.87777e+10|6.4522e+09|1.78929e+09|4.38404e+12|9.11183e+09|3.57784e+09|3.47366e+12|5.63895e+11|2.09259e+13|1.05918e+11|5.91555e+11|1.18221e+10,3.60243e+12|1.61585e+09|3.63129e+12|6.00353e+11|6.95085e+09|1.40588e+13|2.61932e+12|3.95755e+11|2.56259e+09|2.81163e+09|1.31857e+09|1.21087e+12|1.3648e+09|3.23346e+09|5.19958e+11|2.85908e+11|1.86006e+13|6.82244e+10|1.23797e+11|4.31884e+09,2.76437e-05|6.09494e-05|0.0007443|0.000747032|1.82718e-05|0.000193195|1.45314e-05|1.64936e-05|0.000771963|0.000367968|4.08884e-05|0.000566704|0.000420704|2.03632e-05|5.19237e-05|1.37995e-05|4.96365e-05|0.000888862|4.9143e-05|0.000324399,0.00205186|0.0070437|0.00473098|0.000237579|0.000754472|0.00542431|0.00010755|0.000282069|0.000636936|0.000264161|0.00172915|0.00113479|0.000338395|0.000248504|0.000905336|0.00091674|0.00015176|0.000145034|0.000571723|0.000327224,0.0144542|0.0289489|0.00587522|0.00536562|0.0151482|0.0499415|0.02386|0.0396502|0.0112345|0.0458698|0.0379983|0.0372385|0.0456643|0.0145665|0.0073713|0.0391106|0.0112964|0.0325835|0.00473199|0.0413395,0.0367363|0.00023094|0.00299122|0.0248824|0.0184636|0.0306758|0.0247157|0.0423918|0.0423336|0.0425499|0.00641466|0.0410253|0.00700277|0.0264696|0.0136715|0.0373995|0.0218921|0.0435705|0.00830313|0.0463752,0.95381|0.903661|0.979297|0.949357|0.92242|0.984529|0.938699|0.994508|0.937924|0.980596|0.97418|0.971189|0.964382|0.983868|0.929292|0.977432|0.989841|0.960252|0.968696|0.956752,3.46146|4.2752|0.978654|3.19307|4.79505|5.70895|3.5699|5.48467|0.220645|1.43044|5.89684|1.80865|5.11749|4.77865|0.7997|2.81638|2.37699|2.69565|2.44477|4.20312,30.2686|65.1286|89.2299|64.4551|61.2747|27.3217|59.7094|67.7415|57.1366|40.979|71.5316|88.8597|88.6669|37.0378|69.5993|44.1502|84.7043|99.0064|65.9961,0.161965|0.183295|0.224223|0.187761|0.230625|0.207381|0.18371|0.213807|0.190511|0.227366|0.193151|0.224626|0.189503|0.240437|0.197597|0.228828|0.22724|0.205366|0.245087,0.56362|0.554091|0.993527|0.936318|0.970834|0.252981|0.936639|0.834311|0.689913|0.888641|0.583455|0.49839|0.552261|0.483374|0.331635|0.859845|0.217677|0.181632|0.339228,0.965709,0.942107,0.00398666,0.0494591,0.601558,0.498619,0.0780554,0.491866,0.227373,0.94879,60.5101,3.47919e-12,34363,0.893945,38.3275,1.8046e-11,70899,0.813216,0.800213,0.0318416,0.894511,0.646291,0.467196,0.267079,0.496996,0.142828,0.968398,15.3538,7.25626e-13,62719,0.835188,71.1574,7.18405e-13,18924
1,180,n1->n2->n3->n4->n5->n15->n16->n26->n27->n37->n38->n39->n49->n50->n40->n30->n20->n19->n9->n10,2.31363e+13|1.08374e+10|6.12136e+10|3.77253e+09|1.66294e+09|3.20281e+09|1.22489e+11|7.93139e+12|1.24028e+10|3.57784e+09|3.47366e+12|5.63895e+11|7.23181e+12|1.09645e+10|1.26703e+13|7.14276e+12|1.43015e+11|1.05918e+11|5.91555e+11|1.18221e+10,3.60243e+12|2.86853e+09|1.1263e+10|1.57109e+09|4.18929e+08|2.0725e+09|1.60878e+10|2.21525e+12|4.06702e+09|3.23346e+09|5.19958e+11|2.85908e+11|1.72808e+12|3.62164e+09|2.20566e+12|2.47938e+12|1.55339e+10|6.82244e+10|1.23797e+11|4.31884e+09,2.76437e-05|2.25049e-05|0.00016633|1.75363e-05|4.44502e-05|9.19448e-05|0.000388598|0.000726723|0.000745339|2.03632e-05|5.19237e-05|1.37995e-05|0.000468006|0.000416756|5.2677e-05|2.32069e-05|0.000117274|0.000888862|4.9143e-05|0.000324399,0.00205186|0.000185945|0.000257502|0.00506716|0.00789389|0.0013452|0.00473624|0.00167665|0.00900296|0.000248504|0.000905336|0.00091674|0.000266778|0.00015069|0.000225274|0.000437994|0.00970702|0.000145034|0.000571723|0.000327224,0.0144542|0.0430141|0.0444183|0.0377136|0.028843|0.0491072|0.0142199|0.0017588|0.011818|0.0145665|0.0073713|0.0391106|0.000215289|0.0197617|0.0233742|0.0326596|0.0479354|0.0325835|0.00473199|0.0413395,0.0367363|0.0160199|0.0464833|0.0409904|0.0403095|0.0303606|0.0151898|0.00787617|0.00245588|0.0264696|0.0136715|0.0373995|0.0285584|0.0373538|0.019603|0.0336427|0.00201996|0.0435705|0.00830313|0.0463752,0.95381|0.934272|0.909484|0.949976|0.916182|0.940373|0.983062|0.919553|0.914592|0.983868|0.929292|0.977432|0.994437|0.935297|0.922888|0.941302|0.967051|0.960252|0.968696|0.956752,3.46146|0.347274|0.674833|6.26231|6.14894|2.32468|0.15061|6.13073|0.397905|4.77865|0.7997|2.81638|0.242809|1.18649|4.72358|1.43662|1.89604|2.69565|2.44477|4.20312,79.8117|37.015|10.4739|81.7362|35.0583|56.2706|11.0615|42.5138|44.8869|37.0378|69.5993|95.0453|38.9947|91.3525|98.0873|23.9015|10.3361|99.0064|65.9961,0.20774|0.191035|0.244816|0.185633|0.200044|0.221203|0.224508|0.194076|0.17819|0.240437|0.197597|0.197207|0.238528|0.183105|0.240595|0.232625|0.171154|0.205366|0.245087,0.634164|0.479152|0.120042|0.8088|0.592289|0.263189|0.519858|0.446651|0.780984|0.483374|0.331635|0.841521|0.534138|0.972794|0.490914|0.943217|0.31462|0.181632|0.339228,0.965709,0.942107,0.00398666,0.0494591,0.601558,0.498619,0.0780554,0.491866,0.227373,0.94879,60.5101,3.47919e-12,34363,0.893945,38.3275,1.8046e-11,70899,0.813216,0.800213,0.0318416,0.894511,0.646291,0.467196,0.267079,0.496996,0.142828,0.968398,15.3538,7.25626e-13,62719,0.835188,71.1574,7.18405e-13,18924
1,181,n1->n11->n12->n22->n32->n33->n23->n13->n14->n4->n5->n6->n16->n26->n27->n28->n29->n19->n20->n10,2.31363e+13|1.83181e+09|6.50639e+11|4.72597e+11|1.52524e+11|1.54186e+12|8.84744e+09|4.50381e+10|4.81326e+11|3.77253e+09|1.66294e+09|3.11313e+11|1.22489e+11|7.93139e+12|1.24028e+10|9.45412e+09|2.09259e+13|1.05918e+11|1.43015e+11|1.18221e+10,3.60243e+12|1.61585e+09|6.91628e+10|3.89256e+11|1.50714e+11|1.73332e+11|1.70948e+09|3.40678e+10|4.44483e+11|1.57109e+09|4.18929e+08|9.70219e+10|1.60878e+10|2.21525e+12|4.06702e+09|3.50099e+09|1.86006e+13|6.82244e+10|1.55339e+10|4.31884e+09,2.76437e-05|6.09494e-05|0.000306846|0.000136426|9.38774e-05|0.000917855|0.000848685|5.57341e-05|0.00084559|1.75363e-05|4.44502e-05|0.000874519|0.000388598|0.000726723|0.000745339|0.000668186|4.96365e-05|0.000888862|0.000117274|0.000324399,0.00205186|0.0070437|0.00506163|0.000622969|0.000903427|0.000866982|0.000154373|0.00134945|0.0051438|0.00506716|0.00789389|0.000577384|0.00473624|0.00167665|0.00900296|0.00118696|0.00015176|0.000145034|0.00970702|0.000327224,0.0144542|0.0289489|0.0248209|0.0222508|0.0210883|0.0448378|0.0433652|0.0135171|0.00938046|0.0377136|0.028843|0.0198763|0.0142199|0.0017588|0.011818|0.0312995|0.0112964|0.0325835|0.0479354|0.0413395,0.0367363|0.00023094|0.0232879|0.00315586|0.00334129|0.0237781|0.0353922|0.00802942|0.0297136|0.0409904|0.0403095|0.0292376|0.0151898|0.00787617|0.00245588|0.0100934|0.0218921|0.0435705|0.00201996|0.0463752,0.95381|0.903661|0.90052|0.992031|0.956331|0.905731|0.978852|0.973616|0.983424|0.949976|0.916182|0.912165|0.983062|0.919553|0.914592|0.976055|0.989841|0.960252|0.967051|0.956752,3.46146|4.2752|4.94267|1.9519|1.43236|5.16612|6.13175|3.12017|2.35283|6.26231|6.14894|2.01744|0.15061|6.13073|0.397905|3.88168|2.37699|2.69565|1.89604|4.20312,30.2686|24.4191|13.2112|86.2435|67.4197|76.7594|51.9585|56.34|52.1141|81.7362|37.2729|50.0569|11.0615|42.5138|15.3326|39.0733|84.7043|10.3361|29.3778,0.161965|0.205217|0.185154|0.206725|0.168491|0.161271|0.247887|0.19509|0.216912|0.185633|0.24829|0.248888|0.224508|0.194076|0.168076|0.249173|0.22724|0.171154|0.198129,0.56362|0.974022|0.869928|0.579925|0.994842|0.934902|0.267835|0.577651|0.936246|0.8088|0.138112|0.114607|0.519858|0.446651|0.122684|0.935674|0.217677|0.31462|0.937095,0.965709,0.942107,0.00398666,0.0494591,0.601558,0.498619,0.0780554,0.491866,0.227373,0.94879,60.5101,3.47919e-12,34363,0.893945,38.3275,1.8046e-11,70899,0.813216,0.800213,0.0318416,0.894511,0.646291,0.467196,0.267079,0.496996,0.142828,0.968398,15.3538,7.25626e-13,62719,0.835188,71.1574,7.18405e-13,18924
1,182,n1->n2->n3->n4->n14->n15->n25->n24->n23->n33->n34->n35->n36->n37->n38->n28->n18->n8->n9->n10,2.31363e+13|1.08374e+10|6.12136e+10|3.77253e+09|4.81326e+11|3.20281e+09|3.34343e+12|1.6247e+13|8.84744e+09|1.54186e+12|1.74148e+12|2.28703e+12|1.1953e+10|3.57784e+09|3.47366e+12|9.45412e+09|2.03534e+11|4.30375e+13|5.91555e+11|1.18221e+10,3.60243e+12|2.86853e+09|1.1263e+10|1.57109e+09|4.44483e+11|2.0725e+09|1.01655e+12|1.42612e+13|1.70948e+09|1.73332e+11|1.0536e+12|2.08861e+12|6.64782e+09|3.23346e+09|5.19958e+11|3.50099e+09|6.77465e+10|3.6866e+13|1.23797e+11|4.31884e+09,2.76437e-05|2.25049e-05|0.00016633|1.75363e-05|0.00084559|9.19448e-05|8.18102e-05|1.7942e-05|0.000848685|0.000917855|7.18356e-05|5.51855e-05|1.82941e-05|2.03632e-05|5.19237e-05|0.000668186|2.6832e-05|6.06714e-05|4.9143e-05|0.000324399,0.00205186|0.000185945|0.000257502|0.00506716|0.0051438|0.0013452|0.000592493|0.00390461|0.000154373|0.000866982|0.00188744|0.000708212|0.000249556|0.000248504|0.000905336|0.00118696|0.000190216|0.000455538|0.000571723|0.000327224,0.0144542|0.0430141|0.0444183|0.0377136|0.00938046|0.0491072|0.01808|0.0272838|0.0433652|0.0448378|0.0428115|0.0406061|0.0313412|0.0145665|0.0073713|0.0312995|0.00942372|0.0225523|0.00473199|0.0413395,0.0367363|0.0160199|0.0464833|0.0409904|0.0297136|0.0303606|0.0195753|0.0271748|0.0353922|0.0237781|0.0315533|0.0252881|0.0373635|0.0264696|0.0136715|0.0100934|0.0172071|0.0283967|0.00830313|0.0463752,0.95381|0.934272|0.909484|0.949976|0.983424|0.940373|0.908527|0.985398|0.978852|0.905731|0.933029|0.969974|0.984995|0.983868|0.929292|0.976055|0.909197|0.943873|0.968696|0.956752,3.46146|0.347274|0.674833|6.26231|2.35283|2.32468|0.486545|6.10602|6.13175|5.16612|4.1628|2.88844|1.71271|4.77865|0.7997|3.88168|5.95219|4.13907|2.44477|4.20312,79.8117|37.015|10.4739|52.1141|92.5451|54.7186|18.2346|67.5745|76.7594|23.5709|31.5608|18.7034|29.3504|37.0378|23.518|43.2583|81.3396|99.595|65.9961,0.20774|0.191035|0.244816|0.216912|0.187126|0.220733|0.183812|0.176012|0.161271|0.219061|0.214217|0.197276|0.195346|0.240437|0.20538|0.163508|0.171783|0.248024|0.245087,0.634164|0.479152|0.120042|0.936246|0.127963|0.337128|0.135604|0.651798|0.934902|0.130761|0.871174|0.138212|0.482592|0.483374|0.578641|0.54514|0.146549|0.527389|0.339228,0.965709,0.942107,0.00398666,0.0494591,0.601558,0.498619,0.0780554,0.491866,0.227373,0.94879,60.5101,3.47919e-12,34363,0.893945,38.3275,1.8046e-11,70899,0.813216,0.800213,0.0318416,0.894511,0.646291,0.467196,0.267079,0.496996,0.142828,0.968398,15.3538,7.25626e-13,62719,0.835188,71.1574,7.18405e-13,18924
1,183,n1->n11->n12->n22->n21->n31->n32->n42->n43->n33->n23->n24->n14->n15->n5->n6->n7->n8->n9->n10,2.31363e+13|1.83181e+09|6.50639e+11|4.72597e+11|3.273e+13|4.06943e+12|1.52524e+11|4.46701e+13|9.0627e+12|1.54186e+12|8.84744e+09|1.6247e+13|4.81326e+11|3.20281e+09|1.66294e+09|3.11313e+11|9.24787e+09|4.30375e+13|5.91555e+11|1.18221e+10,3.60243e+12|1.61585e+09|6.91628e+10|3.89256e+11|3.63129e+12|6.00353e+11|1.50714e+11|1.40588e+13|2.61932e+12|1.73332e+11|1.70948e+09|1.42612e+13|4.44483e+11|2.0725e+09|4.18929e+08|9.70219e+10|1.17307e+09|3.6866e+13|1.23797e+11|4.31884e+09,2.76437e-05|6.09494e-05|0.000306846|0.000136426|0.0007443|0.000747032|9.38774e-05|0.000193195|1.45314e-05|0.000917855|0.000848685|1.7942e-05|0.00084559|9.19448e-05|4.44502e-05|0.000874519|0.00053987|6.06714e-05|4.9143e-05|0.000324399,0.00205186|0.0070437|0.00506163|0.000622969|0.00473098|0.000237579|0.000903427|0.00542431|0.00010755|0.000866982|0.000154373|0.00390461|0.0051438|0.0013452|0.00789389|0.000577384|0.00150891|0.000455538|0.000571723|0.000327224,0.0144542|0.0289489|0.0248209|0.0222508|0.00587522|0.00536562|0.0210883|0.0499415|0.02386|0.0448378|0.0433652|0.0272838|0.00938046|0.0491072|0.028843|0.0198763|0.0179336|0.0225523|0.00473199|0.0413395,0.0367363|0.00023094|0.0232879|0.00315586|0.00299122|0.0248824|0.00334129|0.0306758|0.0247157|0.0237781|0.0353922|0.0271748|0.0297136|0.0303606|0.0403095|0.0292376|0.0204335|0.0283967|0.00830313|0.0463752,0.95381|0.903661|0.90052|0.992031|0.979297|0.949357|0.956331|0.984529|0.938699|0.905731|0.978852|0.985398|0.983424|0.940373|0.916182|0.912165|0.940994|0.943873|0.968696|0.956752,3.46146|4.2752|4.94267|1.9519|0.978654|3.19307|1.43236|5.70895|3.5699|5.16612|6.13175|6.10602|2.35283|2.32468|6.14894|2.01744|3.97819|4.13907|2.44477|4.20312,30.2686|24.4191|13.2112|34.0839|89.2299|63.0993|70.8805|27.3217|49.6282|76.7594|67.5745|66.6304|92.5451|35.0583|37.2729|32.9383|55.4093|99.595|65.9961,0.161965|0.205217|0.185154|0.214588|0.224223|0.229019|0.229308|0.207381|0.229317|0.161271|0.176012|0.195265|0.187126|0.200044|0.24829|0.173207|0.200726|0.248024|0.245087,0.56362|0.974022|0.869928|0.739323|0.993527|0.825759|0.183944|0.252981|0.819301|0.934902|0.651798|0.280165|0.127963|0.592289|0.138112|0.402657|0.858389|0.527389|0.339228,0.965709,0.942107,0.00398666,0.0494591,0.601558,0.498619,0.0780554,0.491866,0.227373,0.94879,60.5101,3.47919e-12,34363,0.893945,38.3275,1.8046e-11,70899,0.813216,0.800213,0.0318416,0.894511,0.646291,0.467196,0.267079,0.496996,0.142828,0.968398,15.3538,7.25626e-13,62719,0.835188,71.1574,7.18405e-13,18924
1,184,n1->n2->n3->n4->n5->n15->n14->n13->n23->n24->n25->n35->n36->n37->n27->n17->n7->n8->n9->n10,2.31363e+13|1.08374e+10|6.12136e+10|3.77253e+09|1.66294e+09|3.20281e+09|4.81326e+11|4.50381e+10|8.84744e+09|1.6247e+13|3.34343e+12|2.28703e+12|1.1953e+10|3.57784e+09|1.24028e+10|4.00209e+11|9.24787e+09|4.30375e+13|5.91555e+11|1.18221e+10,3.60243e+12|2.86853e+09|1.1263e+10|1.57109e+09|4.18929e+08|2.0725e+09|4.44483e+11|3.40678e+10|1.70948e+09|1.42612e+13|1.01655e+12|2.08861e+12|6.64782e+09|3.23346e+09|4.06702e+09|1.16403e+11|1.17307e+09|3.6866e+13|1.23797e+11|4.31884e+09,2.76437e-05|2.25049e-05|0.00016633|1.75363e-05|4.44502e-05|9.19448e-05|0.00084559|5.57341e-05|0.000848685|1.7942e-05|8.18102e-05|5.51855e-05|1.82941e-05|2.03632e-05|0.000745339|0.000240023|0.00053987|6.06714e-05|4.9143e-05|0.000324399,0.00205186|0.000185945|0.000257502|0.00506716|0.00789389|0.0013452|0.0051438|0.00134945|0.000154373|0.00390461|0.000592493|0.000708212|0.000249556|0.000248504|0.00900296|0.000212219|0.00150891|0.000455538|0.000571723|0.000327224,0.0144542|0.0430141|0.0444183|0.0377136|0.028843|0.0491072|0.00938046|0.0135171|0.0433652|0.0272838|0.01808|0.0406061|0.0313412|0.0145665|0.011818|0.0334165|0.0179336|0.0225523|0.00473199|0.0413395,0.0367363|0.0160199|0.0464833|0.0409904|0.0403095|0.0303606|0.0297136|0.00802942|0.0353922|0.0271748|0.0195753|0.0252881|0.0373635|0.0264696|0.00245588|0.0188367|0.0204335|0.0283967|0.00830313|0.0463752,0.95381|0.934272|0.909484|0.949976|0.916182|0.940373|0.983424|0.973616|0.978852|0.985398|0.908527|0.969974|0.984995|0.983868|0.914592|0.958778|0.940994|0.943873|0.968696|0.956752,3.46146|0.347274|0.674833|6.26231|6.14894|2.32468|2.35283|3.12017|6.13175|6.10602|0.486545|2.88844|1.71271|4.77865|0.397905|0.251924|3.97819|4.13907|2.44477|4.20312,79.8117|37.015|10.4739|81.7362|35.0583|92.5451|56.34|51.9585|67.5745|18.2346|88.4205|18.7034|29.3504|44.8869|72.2829|59.8148|55.4093|99.595|65.9961,0.20774|0.191035|0.244816|0.185633|0.200044|0.187126|0.19509|0.247887|0.176012|0.183812|0.185142|0.197276|0.195346|0.17819|0.211476|0.189151|0.200726|0.248024|0.245087,0.634164|0.479152|0.120042|0.8088|0.592289|0.127963|0.577651|0.267835|0.651798|0.135604|0.273648|0.138212|0.482592|0.780984|0.292448|0.531819|0.858389|0.527389|0.339228,0.965709,0.942107,0.00398666,0.0494591,0.601558,0.498619,0.0780554,0.491866,0.227373,0.94879,60.5101,3.47919e-12,34363,0.893945,38.3275,1.8046e-11,70899,0.813216,0.800213,0.0318416,0.894511,0.646291,0.467196,0.267079,0.496996,0.142828,0.968398,15.3538,7.25626e-13,62719,0.835188,71.1574,7.18405e-13,18924
1,185,n1->n11->n12->n22->n21->n31->n32->n42->n43->n33->n23->n24->n25->n15->n16->n17->n18->n8->n9->n10,2.31363e+13|1.83181e+09|6.50639e+11|4.72597e+11|3.273e+13|4.06943e+12|1.52524e+11|4.46701e+13|9.0627e+12|1.54186e+12|8.84744e+09|1.6247e+13|3.34343e+12|3.20281e+09|1.22489e+11|4.00209e+11|2.03534e+11|4.30375e+13|5.91555e+11|1.18221e+10,3.60243e+12|1.61585e+09|6.91628e+10|3.89256e+11|3.63129e+12|6.00353e+11|1.50714e+11|1.40588e+13|2.61932e+12|1.73332e+11|1.70948e+09|1.42612e+13|1.01655e+12|2.0725e+09|1.60878e+10|1.16403e+11|6.77465e+10|3.6866e+13|1.23797e+11|4.31884e+09,2.76437e-05|6.09494e-05|0.000306846|0.000136426|0.0007443|0.000747032|9.38774e-05|0.000193195|1.45314e-05|0.000917855|0.000848685|1.7942e-05|8.18102e-05|9.19448e-05|0.000388598|0.000240023|2.6832e-05|6.06714e-05|4.9143e-05|0.000324399,0.00205186|0.0070437|0.00506163|0.000622969|0.00473098|0.000237579|0.000903427|0.00542431|0.00010755|0.000866982|0.000154373|0.00390461|0.000592493|0.0013452|0.00473624|0.000212219|0.000190216|0.000455538|0.000571723|0.000327224,0.0144542|0.0289489|0.0248209|0.0222508|0.00587522|0.00536562|0.0210883|0.0499415|0.02386|0.0448378|0.0433652|0.0272838|0.01808|0.0491072|0.0142199|0.0334165|0.00942372|0.0225523|0.00473199|0.0413395,0.0367363|0.00023094|0.0232879|0.00315586|0.00299122|0.0248824|0.00334129|0.0306758|0.0247157|0.0237781|0.0353922|0.0271748|0.0195753|0.0303606|0.0151898|0.0188367|0.0172071|0.0283967|0.00830313|0.0463752,0.95381|0.903661|0.90052|0.992031|0.979297|0.949357|0.956331|0.984529|0.938699|0.905731|0.978852|0.985398|0.908527|0.940373|0.983062|0.958778|0.909197|0.943873|0.968696|0.956752,3.46146|4.2752|4.94267|1.9519|0.978654|3.19307|1.43236|5.70895|3.5699|5.16612|6.13175|6.10602|0.486545|2.32468|0.15061|0.251924|5.95219|4.13907|2.44477|4.20312,30.2686|24.4191|13.2112|34.0839|89.2299|63.0993|70.8805|27.3217|49.6282|76.7594|67.5745|18.2346|54.7186|56.2706|32.2763|27.3162|81.3396|99.595|65.9961,0.161965|0.205217|0.185154|0.214588|0.224223|0.229019|0.229308|0.207381|0.229317|0.161271|0.176012|0.183812|0.220733|0.221203|0.19197|0.192517|0.171783|0.248024|0.245087,0.56362|0.974022|0.869928|0.739323|0.993527|0.825759|0.183944|0.252981|0.819301|0.934902|0.651798|0.135604|0.337128|0.263189|0.413975|0.86736|0.146549|0.527389|0.339228,0.965709,0.942107,0.00398666,0.0494591,0.601558,0.498619,0.0780554,0.491866,0.227373,0.94879,60.5101,3.47919e-12,34363,0.893945,38.3275,1.8046e-11,70899,0.813216,0.800213,0.0318416,0.894511,0.646291,0.467196,0.267079,0.496996,0.142828,0.968398,15.3538,7.25626e-13,62719,0.835188,71.1574,7.18405e-13,18924
1,186,n1->n11->n21->n31->n41->n51->n52->n42->n43->n33->n23->n13->n3->n4->n5->n6->n7->n8->n9->n10,2.31363e+13|1.83181e+09|3.273e+13|4.06943e+12|3.7088e+10|9.49465e+09|1.03937e+11|4.46701e+13|9.0627e+12|1.54186e+12|8.84744e+09|4.50381e+10|6.12136e+10|3.77253e+09|1.66294e+09|3.11313e+11|9.24787e+09|4.30375e+13|5.91555e+11|1.18221e+10,3.60243e+12|1.61585e+09|3.63129e+12|6.00353e+11|6.95085e+09|2.44078e+09|8.71202e+10|1.40588e+13|2.61932e+12|1.73332e+11|1.70948e+09|3.40678e+10|1.1263e+10|1.57109e+09|4.18929e+08|9.70219e+10|1.17307e+09|3.6866e+13|1.23797e+11|4.31884e+09,2.76437e-05|6.09494e-05|0.0007443|0.000747032|1.82718e-05|9.09566e-05|3.10278e-05|0.000193195|1.45314e-05|0.000917855|0.000848685|5.57341e-05|0.00016633|1.75363e-05|4.44502e-05|0.000874519|0.00053987|6.06714e-05|4.9143e-05|0.000324399,0.00205186|0.0070437|0.00473098|0.000237579|0.000754472|0.00529211|0.00288158|0.00542431|0.00010755|0.000866982|0.000154373|0.00134945|0.000257502|0.00506716|0.00789389|0.000577384|0.00150891|0.000455538|0.000571723|0.000327224,0.0144542|0.0289489|0.00587522|0.00536562|0.0151482|0.0321126|0.0377287|0.0499415|0.02386|0.0448378|0.0433652|0.0135171|0.0444183|0.0377136|0.028843|0.0198763|0.0179336|0.0225523|0.00473199|0.0413395,0.0367363|0.00023094|0.00299122|0.0248824|0.0184636|0.0345201|0.0048894|0.0306758|0.0247157|0.0237781|0.0353922|0.00802942|0.0464833|0.0409904|0.0403095|0.0292376|0.0204335|0.0283967|0.00830313|0.0463752,0.95381|0.903661|0.979297|0.949357|0.92242|0.993384|0.944482|0.984529|0.938699|0.905731|0.978852|0.973616|0.909484|0.949976|0.916182|0.912165|0.940994|0.943873|0.968696|0.956752,3.46146|4.2752|0.978654|3.19307|4.79505|2.58769|1.26017|5.70895|3.5699|5.16612|6.13175|3.12017|0.674833|6.26231|6.14894|2.01744|3.97819|4.13907|2.44477|4.20312,30.2686|65.1286|89.2299|64.4551|23.0914|43.4967|93.5115|27.3217|49.6282|76.7594|51.9585|83.9106|10.4739|81.7362|37.2729|32.9383|55.4093|99.595|65.9961,0.161965|0.183295|0.224223|0.187761|0.235432|0.245274|0.23364|0.207381|0.229317|0.161271|0.247887|0.214124|0.244816|0.185633|0.24829|0.173207|0.200726|0.248024|0.245087,0.56362|0.554091|0.993527|0.936318|0.227894|0.383246|0.625746|0.252981|0.819301|0.934902|0.267835|0.78746|0.120042|0.8088|0.138112|0.402657|0.858389|0.527389|0.339228,0.965709,0.942107,0.00398666,0.0494591,0.601558,0.498619,0.0780554,0.491866,0.227373,0.94879,60.5101,3.47919e-12,34363,0.893945,38.3275,1.8046e-11,70899,0.813216,0.800213,0.0318416,0.894511,0.646291,0.467196,0.267079,0.496996,0.142828,0.968398,15.3538,7.25626e-13,62719,0.835188,71.1574,7.18405e-13,18924
1,187,n1->n11->n12->n13->n3->n4->n14->n24->n25->n26->n27->n37->n47->n48->n38->n39->n40->n30->n20->n10,2.31363e+13|1.83181e+09|6.50639e+11|4.50381e+10|6.12136e+10|3.77253e+09|4.81326e+11|1.6247e+13|3.34343e+12|7.93139e+12|1.24028e+10|3.57784e+09|9.11183e+09|1.50066e+10|3.47366e+12|5.63895e+11|1.26703e+13|7.14276e+12|1.43015e+11|1.18221e+10,3.60243e+12|1.61585e+09|6.91628e+10|3.40678e+10|1.1263e+10|1.57109e+09|4.44483e+11|1.42612e+13|1.01655e+12|2.21525e+12|4.06702e+09|3.23346e+09|1.3648e+09|2.83458e+09|5.19958e+11|2.85908e+11|2.20566e+12|2.47938e+12|1.55339e+10|4.31884e+09,2.76437e-05|6.09494e-05|0.000306846|5.57341e-05|0.00016633|1.75363e-05|0.00084559|1.7942e-05|8.18102e-05|0.000726723|0.000745339|2.03632e-05|0.000420704|0.000849254|5.19237e-05|1.37995e-05|5.2677e-05|2.32069e-05|0.000117274|0.000324399,0.00205186|0.0070437|0.00506163|0.00134945|0.000257502|0.00506716|0.0051438|0.00390461|0.000592493|0.00167665|0.00900296|0.000248504|0.000338395|0.000338217|0.000905336|0.00091674|0.000225274|0.000437994|0.00970702|0.000327224,0.0144542|0.0289489|0.0248209|0.0135171|0.0444183|0.0377136|0.00938046|0.0272838|0.01808|0.0017588|0.011818|0.0145665|0.0456643|0.0214979|0.0073713|0.0391106|0.0233742|0.0326596|0.0479354|0.0413395,0.0367363|0.00023094|0.0232879|0.00802942|0.0464833|0.0409904|0.0297136|0.0271748|0.0195753|0.00787617|0.00245588|0.0264696|0.00700277|0.0216258|0.0136715|0.0373995|0.019603|0.0336427|0.00201996|0.0463752,0.95381|0.903661|0.90052|0.973616|0.909484|0.949976|0.983424|0.985398|0.908527|0.919553|0.914592|0.983868|0.964382|0.924038|0.929292|0.977432|0.922888|0.941302|0.967051|0.956752,3.46146|4.2752|4.94267|3.12017|0.674833|6.26231|2.35283|6.10602|0.486545|6.13073|0.397905|4.77865|5.11749|4.87444|0.7997|2.81638|4.72358|1.43662|1.89604|4.20312,30.2686|24.4191|13.9548|83.9106|10.4739|52.1141|66.6304|18.2346|55.6995|42.5138|44.8869|88.6669|13.4252|21.8454|69.5993|86.0567|98.0873|23.9015|29.3778,0.161965|0.205217|0.237358|0.214124|0.244816|0.216912|0.195265|0.183812|0.184652|0.194076|0.17819|0.189503|0.189094|0.205241|0.197597|0.191674|0.240595|0.232625|0.198129,0.56362|0.974022|0.503427|0.78746|0.120042|0.936246|0.280165|0.135604|0.129529|0.446651|0.780984|0.552261|0.628871|0.236622|0.331635|0.609211|0.490914|0.943217|0.937095,0.965709,0.942107,0.00398666,0.0494591,0.601558,0.498619,0.0780554,0.491866,0.227373,0.94879,60.5101,3.47919e-12,34363,0.893945,38.3275,1.8046e-11,70899,0.813216,0.800213,0.0318416,0.894511,0.646291,0.467196,0.267079,0.496996,0.142828,0.968398,15.3538,7.25626e-13,62719,0.835188,71.1574,7.18405e-13,18924
1,188,n1->n11->n21->n31->n41->n51->n52->n53->n54->n44->n45->n35->n36->n26->n27->n28->n18->n19->n20->n10,2.31363e+13|1.83181e+09|3.273e+13|4.06943e+12|3.7088e+10|9.49465e+09|1.03937e+11|8.45038e+09|1.87777e+10|5.76519e+11|2.81511e+13|2.28703e+12|1.1953e+10|7.93139e+12|1.24028e+10|9.45412e+09|2.03534e+11|1.05918e+11|1.43015e+11|1.18221e+10,3.60243e+12|1.61585e+09|3.63129e+12|6.00353e+11|6.95085e+09|2.44078e+09|8.71202e+10|2.45869e+09|2.56259e+09|3.95755e+11|5.80554e+12|2.08861e+12|6.64782e+09|2.21525e+12|4.06702e+09|3.50099e+09|6.77465e+10|6.82244e+10|1.55339e+10|4.31884e+09,2.76437e-05|6.09494e-05|0.0007443|0.000747032|1.82718e-05|9.09566e-05|3.10278e-05|3.79192e-05|0.000771963|1.64936e-05|6.35804e-05|5.51855e-05|1.82941e-05|0.000726723|0.000745339|0.000668186|2.6832e-05|0.000888862|0.000117274|0.000324399,0.00205186|0.0070437|0.00473098|0.000237579|0.000754472|0.00529211|0.00288158|0.0039095|0.000636936|0.000282069|0.000343693|0.000708212|0.000249556|0.00167665|0.00900296|0.00118696|0.000190216|0.000145034|0.00970702|0.000327224,0.0144542|0.0289489|0.00587522|0.00536562|0.0151482|0.0321126|0.0377287|0.0453802|0.0112345|0.0396502|0.030315|0.0406061|0.0313412|0.0017588|0.011818|0.0312995|0.00942372|0.0325835|0.0479354|0.0413395,0.0367363|0.00023094|0.00299122|0.0248824|0.0184636|0.0345201|0.0048894|0.040136|0.0423336|0.0423918|0.0469403|0.0252881|0.0373635|0.00787617|0.00245588|0.0100934|0.0172071|0.0435705|0.00201996|0.0463752,0.95381|0.903661|0.979297|0.949357|0.92242|0.993384|0.944482|0.925273|0.937924|0.994508|0.932741|0.969974|0.984995|0.919553|0.914592|0.976055|0.909197|0.960252|0.967051|0.956752,3.46146|4.2752|0.978654|3.19307|4.79505|2.58769|1.26017|1.72244|0.220645|5.48467|3.49975|2.88844|1.71271|6.13073|0.397905|3.88168|5.95219|2.69565|1.89604|4.20312,30.2686|65.1286|89.2299|64.4551|23.0914|43.4967|21.0603|69.1985|67.7415|89.5651|97.1045|18.7034|63.8366|42.5138|15.3326|43.2583|28.0546|10.3361|29.3778,0.161965|0.183295|0.224223|0.187761|0.235432|0.245274|0.197455|0.223475|0.213807|0.224894|0.200339|0.197276|0.190511|0.194076|0.168076|0.163508|0.241008|0.171154|0.198129,0.56362|0.554091|0.993527|0.936318|0.227894|0.383246|0.271041|0.16044|0.834311|0.152964|0.338692|0.138212|0.395131|0.446651|0.122684|0.54514|0.408385|0.31462|0.937095,0.965709,0.942107,0.00398666,0.0494591,0.601558,0.498619,0.0780554,0.491866,0.227373,0.94879,60.5101,3.47919e-12,34363,0.893945,38.3275,1.8046e-11,70899,0.813216,0.800213,0.0318416,0.894511,0.646291,0.467196,0.267079,0.496996,0.142828,0.968398,15.3538,7.25626e-13,62719,0.835188,71.1574,7.18405e-13,18924
1,189,n1->n2->n12->n11->n21->n31->n41->n42->n43->n33->n23->n24->n14->n15->n5->n6->n7->n8->n9->n10,2.31363e+13|1.08374e+10|6.50639e+11|1.83181e+09|3.273e+13|4.06943e+12|3.7088e+10|4.46701e+13|9.0627e+12|1.54186e+12|8.84744e+09|1.6247e+13|4.81326e+11|3.20281e+09|1.66294e+09|3.11313e+11|9.24787e+09|4.30375e+13|5.91555e+11|1.18221e+10,3.60243e+12|2.86853e+09|6.91628e+10|1.61585e+09|3.63129e+12|6.00353e+11|6.95085e+09|1.40588e+13|2.61932e+12|1.73332e+11|1.70948e+09|1.42612e+13|4.44483e+11|2.0725e+09|4.18929e+08|9.70219e+10|1.17307e+09|3.6866e+13|1.23797e+11|4.31884e+09,2.76437e-05|2.25049e-05|0.000306846|6.09494e-05|0.0007443|0.000747032|1.82718e-05|0.000193195|1.45314e-05|0.000917855|0.000848685|1.7942e-05|0.00084559|9.19448e-05|4.44502e-05|0.000874519|0.00053987|6.06714e-05|4.9143e-05|0.000324399,0.00205186|0.000185945|0.00506163|0.0070437|0.00473098|0.000237579|0.000754472|0.00542431|0.00010755|0.000866982|0.000154373|0.00390461|0.0051438|0.0013452|0.00789389|0.000577384|0.00150891|0.000455538|0.000571723|0.000327224,0.0144542|0.0430141|0.0248209|0.0289489|0.00587522|0.00536562|0.0151482|0.0499415|0.02386|0.0448378|0.0433652|0.0272838|0.00938046|0.0491072|0.028843|0.0198763|0.0179336|0.0225523|0.00473199|0.0413395,0.0367363|0.0160199|0.0232879|0.00023094|0.00299122|0.0248824|0.0184636|0.0306758|0.0247157|0.0237781|0.0353922|0.0271748|0.0297136|0.0303606|0.0403095|0.0292376|0.0204335|0.0283967|0.00830313|0.0463752,0.95381|0.934272|0.90052|0.903661|0.979297|0.949357|0.92242|0.984529|0.938699|0.905731|0.978852|0.985398|0.983424|0.940373|0.916182|0.912165|0.940994|0.943873|0.968696|0.956752,3.46146|0.347274|4.94267|4.2752|0.978654|3.19307|4.79505|5.70895|3.5699|5.16612|6.13175|6.10602|2.35283|2.32468|6.14894|2.01744|3.97819|4.13907|2.44477|4.20312,79.8117|88.6198|24.4191|65.1286|89.2299|64.4551|61.2747|27.3217|49.6282|76.7594|67.5745|66.6304|92.5451|35.0583|37.2729|32.9383|55.4093|99.595|65.9961,0.20774|0.169026|0.205217|0.183295|0.224223|0.187761|0.230625|0.207381|0.229317|0.161271|0.176012|0.195265|0.187126|0.200044|0.24829|0.173207|0.200726|0.248024|0.245087,0.634164|0.804539|0.974022|0.554091|0.993527|0.936318|0.970834|0.252981|0.819301|0.934902|0.651798|0.280165|0.127963|0.592289|0.138112|0.402657|0.858389|0.527389|0.339228,0.965709,0.942107,0.00398666,0.0494591,0.601558,0.498619,0.0780554,0.491866,0.227373,0.94879,60.5101,3.47919e-12,34363,0.893945,38.3275,1.8046e-11,70899,0.813216,0.800213,0.0318416,0.894511,0.646291,0.467196,0.267079,0.496996,0.142828,0.968398,15.3538,7.25626e-13,62719,0.835188,71.1574,7.18405e-13,18924
1,190,n1->n11->n12->n13->n23->n24->n25->n15->n14->n4->n5->n6->n7->n17->n18->n8->n9->n19->n20->n10,2.31363e+13|1.83181e+09|6.50639e+11|4.50381e+10|8.84744e+09|1.6247e+13|3.34343e+12|3.20281e+09|4.81326e+11|3.77253e+09|1.66294e+09|3.11313e+11|9.24787e+09|4.00209e+11|2.03534e+11|4.30375e+13|5.91555e+11|1.05918e+11|1.43015e+11|1.18221e+10,3.60243e+12|1.61585e+09|6.91628e+10|3.40678e+10|1.70948e+09|1.42612e+13|1.01655e+12|2.0725e+09|4.44483e+11|1.57109e+09|4.18929e+08|9.70219e+10|1.17307e+09|1.16403e+11|6.77465e+10|3.6866e+13|1.23797e+11|6.82244e+10|1.55339e+10|4.31884e+09,2.76437e-05|6.09494e-05|0.000306846|5.57341e-05|0.000848685|1.7942e-05|8.18102e-05|9.19448e-05|0.00084559|1.75363e-05|4.44502e-05|0.000874519|0.00053987|0.000240023|2.6832e-05|6.06714e-05|4.9143e-05|0.000888862|0.000117274|0.000324399,0.00205186|0.0070437|0.00506163|0.00134945|0.000154373|0.00390461|0.000592493|0.0013452|0.0051438|0.00506716|0.00789389|0.000577384|0.00150891|0.000212219|0.000190216|0.000455538|0.000571723|0.000145034|0.00970702|0.000327224,0.0144542|0.0289489|0.0248209|0.0135171|0.0433652|0.0272838|0.01808|0.0491072|0.00938046|0.0377136|0.028843|0.0198763|0.0179336|0.0334165|0.00942372|0.0225523|0.00473199|0.0325835|0.0479354|0.0413395,0.0367363|0.00023094|0.0232879|0.00802942|0.0353922|0.0271748|0.0195753|0.0303606|0.0297136|0.0409904|0.0403095|0.0292376|0.0204335|0.0188367|0.0172071|0.0283967|0.00830313|0.0435705|0.00201996|0.0463752,0.95381|0.903661|0.90052|0.973616|0.978852|0.985398|0.908527|0.940373|0.983424|0.949976|0.916182|0.912165|0.940994|0.958778|0.909197|0.943873|0.968696|0.960252|0.967051|0.956752,3.46146|4.2752|4.94267|3.12017|6.13175|6.10602|0.486545|2.32468|2.35283|6.26231|6.14894|2.01744|3.97819|0.251924|5.95219|4.13907|2.44477|2.69565|1.89604|4.20312,30.2686|24.4191|13.9548|51.9585|67.5745|18.2346|54.7186|92.5451|52.1141|81.7362|37.2729|32.9383|59.8148|27.3162|81.3396|99.595|99.0064|10.3361|29.3778,0.161965|0.205217|0.237358|0.247887|0.176012|0.183812|0.220733|0.187126|0.216912|0.185633|0.24829|0.173207|0.189151|0.192517|0.171783|0.248024|0.205366|0.171154|0.198129,0.56362|0.974022|0.503427|0.267835|0.651798|0.135604|0.337128|0.127963|0.936246|0.8088|0.138112|0.402657|0.531819|0.86736|0.146549|0.527389|0.181632|0.31462|0.937095,0.965709,0.942107,0.00398666,0.0494591,0.601558,0.498619,0.0780554,0.491866,0.227373,0.94879,60.5101,3.47919e-12,34363,0.893945,38.3275,1.8046e-11,70899,0.813216,0.800213,0.0318416,0.894511,0.646291,0.467196,0.267079,0.496996,0.142828,0.968398,15.3538,7.25626e-13,62719,0.835188,71.1574,7.18405e-13,18924
1,191,n1->n11->n12->n2->n3->n13->n23->n33->n34->n35->n45->n46->n36->n26->n16->n17->n18->n8->n9->n10,2.31363e+13|1.83181e+09|6.50639e+11|1.08374e+10|6.12136e+10|4.50381e+10|8.84744e+09|1.54186e+12|1.74148e+12|2.28703e+12|2.81511e+13|3.03039e+10|1.1953e+10|7.93139e+12|1.22489e+11|4.00209e+11|2.03534e+11|4.30375e+13|5.91555e+11|1.18221e+10,3.60243e+12|1.61585e+09|6.91628e+10|2.86853e+09|1.1263e+10|3.40678e+10|1.70948e+09|1.73332e+11|1.0536e+12|2.08861e+12|5.80554e+12|4.48021e+09|6.64782e+09|2.21525e+12|1.60878e+10|1.16403e+11|6.77465e+10|3.6866e+13|1.23797e+11|4.31884e+09,2.76437e-05|6.09494e-05|0.000306846|2.25049e-05|0.00016633|5.57341e-05|0.000848685|0.000917855|7.18356e-05|5.51855e-05|6.35804e-05|2.45681e-05|1.82941e-05|0.000726723|0.000388598|0.000240023|2.6832e-05|6.06714e-05|4.9143e-05|0.000324399,0.00205186|0.0070437|0.00506163|0.000185945|0.000257502|0.00134945|0.000154373|0.000866982|0.00188744|0.000708212|0.000343693|0.000130584|0.000249556|0.00167665|0.00473624|0.000212219|0.000190216|0.000455538|0.000571723|0.000327224,0.0144542|0.0289489|0.0248209|0.0430141|0.0444183|0.0135171|0.0433652|0.0448378|0.0428115|0.0406061|0.030315|0.0474647|0.0313412|0.0017588|0.0142199|0.0334165|0.00942372|0.0225523|0.00473199|0.0413395,0.0367363|0.00023094|0.0232879|0.0160199|0.0464833|0.00802942|0.0353922|0.0237781|0.0315533|0.0252881|0.0469403|0.020144|0.0373635|0.00787617|0.0151898|0.0188367|0.0172071|0.0283967|0.00830313|0.0463752,0.95381|0.903661|0.90052|0.934272|0.909484|0.973616|0.978852|0.905731|0.933029|0.969974|0.932741|0.979241|0.984995|0.919553|0.983062|0.958778|0.909197|0.943873|0.968696|0.956752,3.46146|4.2752|4.94267|0.347274|0.674833|3.12017|6.13175|5.16612|4.1628|2.88844|3.49975|4.28092|1.71271|6.13073|0.15061|0.251924|5.95219|4.13907|2.44477|4.20312,30.2686|24.4191|88.6198|37.015|83.9106|51.9585|76.7594|23.5709|31.5608|97.1045|61.2725|70.4589|63.8366|11.0615|32.2763|27.3162|81.3396|99.595|65.9961,0.161965|0.205217|0.169026|0.191035|0.214124|0.247887|0.161271|0.219061|0.214217|0.200339|0.166077|0.239147|0.190511|0.224508|0.19197|0.192517|0.171783|0.248024|0.245087,0.56362|0.974022|0.804539|0.479152|0.78746|0.267835|0.934902|0.130761|0.871174|0.338692|0.561019|0.343307|0.395131|0.519858|0.413975|0.86736|0.146549|0.527389|0.339228,0.965709,0.942107,0.00398666,0.0494591,0.601558,0.498619,0.0780554,0.491866,0.227373,0.94879,60.5101,3.47919e-12,34363,0.893945,38.3275,1.8046e-11,70899,0.813216,0.800213,0.0318416,0.894511,0.646291,0.467196,0.267079,0.496996,0.142828,0.968398,15.3538,7.25626e-13,62719,0.835188,71.1574,7.18405e-13,18924
1,192,n1->n11->n12->n22->n32->n42->n43->n44->n34->n33->n23->n24->n14->n4->n5->n6->n7->n8->n9->n10,2.31363e+13|1.83181e+09|6.50639e+11|4.72597e+11|1.52524e+11|4.46701e+13|9.0627e+12|5.76519e+11|1.74148e+12|1.54186e+12|8.84744e+09|1.6247e+13|4.81326e+11|3.77253e+09|1.66294e+09|3.11313e+11|9.24787e+09|4.30375e+13|5.91555e+11|1.18221e+10,3.60243e+12|1.61585e+09|6.91628e+10|3.89256e+11|1.50714e+11|1.40588e+13|2.61932e+12|3.95755e+11|1.0536e+12|1.73332e+11|1.70948e+09|1.42612e+13|4.44483e+11|1.57109e+09|4.18929e+08|9.70219e+10|1.17307e+09|3.6866e+13|1.23797e+11|4.31884e+09,2.76437e-05|6.09494e-05|0.000306846|0.000136426|9.38774e-05|0.000193195|1.45314e-05|1.64936e-05|7.18356e-05|0.000917855|0.000848685|1.7942e-05|0.00084559|1.75363e-05|4.44502e-05|0.000874519|0.00053987|6.06714e-05|4.9143e-05|0.000324399,0.00205186|0.0070437|0.00506163|0.000622969|0.000903427|0.00542431|0.00010755|0.000282069|0.00188744|0.000866982|0.000154373|0.00390461|0.0051438|0.00506716|0.00789389|0.000577384|0.00150891|0.000455538|0.000571723|0.000327224,0.0144542|0.0289489|0.0248209|0.0222508|0.0210883|0.0499415|0.02386|0.0396502|0.0428115|0.0448378|0.0433652|0.0272838|0.00938046|0.0377136|0.028843|0.0198763|0.0179336|0.0225523|0.00473199|0.0413395,0.0367363|0.00023094|0.0232879|0.00315586|0.00334129|0.0306758|0.0247157|0.0423918|0.0315533|0.0237781|0.0353922|0.0271748|0.0297136|0.0409904|0.0403095|0.0292376|0.0204335|0.0283967|0.00830313|0.0463752,0.95381|0.903661|0.90052|0.992031|0.956331|0.984529|0.938699|0.994508|0.933029|0.905731|0.978852|0.985398|0.983424|0.949976|0.916182|0.912165|0.940994|0.943873|0.968696|0.956752,3.46146|4.2752|4.94267|1.9519|1.43236|5.70895|3.5699|5.48467|4.1628|5.16612|6.13175|6.10602|2.35283|6.26231|6.14894|2.01744|3.97819|4.13907|2.44477|4.20312,30.2686|24.4191|13.2112|86.2435|70.8805|27.3217|59.7094|46.2248|23.5709|76.7594|67.5745|66.6304|52.1141|81.7362|37.2729|32.9383|55.4093|99.595|65.9961,0.161965|0.205217|0.185154|0.206725|0.229308|0.207381|0.18371|0.168809|0.219061|0.161271|0.176012|0.195265|0.216912|0.185633|0.24829|0.173207|0.200726|0.248024|0.245087,0.56362|0.974022|0.869928|0.579925|0.183944|0.252981|0.936639|0.348331|0.130761|0.934902|0.651798|0.280165|0.936246|0.8088|0.138112|0.402657|0.858389|0.527389|0.339228,0.965709,0.942107,0.00398666,0.0494591,0.601558,0.498619,0.0780554,0.491866,0.227373,0.94879,60.5101,3.47919e-12,34363,0.893945,38.3275,1.8046e-11,70899,0.813216,0.800213,0.0318416,0.894511,0.646291,0.467196,0.267079,0.496996,0.142828,0.968398,15.3538,7.25626e-13,62719,0.835188,71.1574,7.18405e-13,18924
1,193,n1->n11->n12->n22->n32->n33->n34->n44->n45->n35->n25->n26->n27->n17->n18->n28->n29->n30->n20->n10,2.31363e+13|1.83181e+09|6.50639e+11|4.72597e+11|1.52524e+11|1.54186e+12|1.74148e+12|5.76519e+11|2.81511e+13|2.28703e+12|3.34343e+12|7.93139e+12|1.24028e+10|4.00209e+11|2.03534e+11|9.45412e+09|2.09259e+13|7.14276e+12|1.43015e+11|1.18221e+10,3.60243e+12|1.61585e+09|6.91628e+10|3.89256e+11|1.50714e+11|1.73332e+11|1.0536e+12|3.95755e+11|5.80554e+12|2.08861e+12|1.01655e+12|2.21525e+12|4.06702e+09|1.16403e+11|6.77465e+10|3.50099e+09|1.86006e+13|2.47938e+12|1.55339e+10|4.31884e+09,2.76437e-05|6.09494e-05|0.000306846|0.000136426|9.38774e-05|0.000917855|7.18356e-05|1.64936e-05|6.35804e-05|5.51855e-05|8.18102e-05|0.000726723|0.000745339|0.000240023|2.6832e-05|0.000668186|4.96365e-05|2.32069e-05|0.000117274|0.000324399,0.00205186|0.0070437|0.00506163|0.000622969|0.000903427|0.000866982|0.00188744|0.000282069|0.000343693|0.000708212|0.000592493|0.00167665|0.00900296|0.000212219|0.000190216|0.00118696|0.00015176|0.000437994|0.00970702|0.000327224,0.0144542|0.0289489|0.0248209|0.0222508|0.0210883|0.0448378|0.0428115|0.0396502|0.030315|0.0406061|0.01808|0.0017588|0.011818|0.0334165|0.00942372|0.0312995|0.0112964|0.0326596|0.0479354|0.0413395,0.0367363|0.00023094|0.0232879|0.00315586|0.00334129|0.0237781|0.0315533|0.0423918|0.0469403|0.0252881|0.0195753|0.00787617|0.00245588|0.0188367|0.0172071|0.0100934|0.0218921|0.0336427|0.00201996|0.0463752,0.95381|0.903661|0.90052|0.992031|0.956331|0.905731|0.933029|0.994508|0.932741|0.969974|0.908527|0.919553|0.914592|0.958778|0.909197|0.976055|0.989841|0.941302|0.967051|0.956752,3.46146|4.2752|4.94267|1.9519|1.43236|5.16612|4.1628|5.48467|3.49975|2.88844|0.486545|6.13073|0.397905|0.251924|5.95219|3.88168|2.37699|1.43662|1.89604|4.20312,30.2686|24.4191|13.2112|86.2435|67.4197|23.5709|46.2248|89.5651|97.1045|88.4205|55.6995|42.5138|72.2829|27.3162|43.2583|39.0733|83.4704|23.9015|29.3778,0.161965|0.205217|0.185154|0.206725|0.168491|0.219061|0.168809|0.224894|0.200339|0.185142|0.184652|0.194076|0.211476|0.192517|0.163508|0.249173|0.188312|0.232625|0.198129,0.56362|0.974022|0.869928|0.579925|0.994842|0.130761|0.348331|0.152964|0.338692|0.273648|0.129529|0.446651|0.292448|0.86736|0.54514|0.935674|0.796545|0.943217|0.937095,0.965709,0.942107,0.00398666,0.0494591,0.601558,0.498619,0.0780554,0.491866,0.227373,0.94879,60.5101,3.47919e-12,34363,0.893945,38.3275,1.8046e-11,70899,0.813216,0.800213,0.0318416,0.894511,0.646291,0.467196,0.267079,0.496996,0.142828,0.968398,15.3538,7.25626e-13,62719,0.835188,71.1574,7.18405e-13,18924
1,194,n1->n2->n12->n11->n21->n22->n32->n33->n23->n13->n3->n4->n14->n15->n16->n6->n7->n8->n9->n10,2.31363e+13|1.08374e+10|6.50639e+11|1.83181e+09|3.273e+13|4.72597e+11|1.52524e+11|1.54186e+12|8.84744e+09|4.50381e+10|6.12136e+10|3.77253e+09|4.81326e+11|3.20281e+09|1.22489e+11|3.11313e+11|9.24787e+09|4.30375e+13|5.91555e+11|1.18221e+10,3.60243e+12|2.86853e+09|6.91628e+10|1.61585e+09|3.63129e+12|3.89256e+11|1.50714e+11|1.73332e+11|1.70948e+09|3.40678e+10|1.1263e+10|1.57109e+09|4.44483e+11|2.0725e+09|1.60878e+10|9.70219e+10|1.17307e+09|3.6866e+13|1.23797e+11|4.31884e+09,2.76437e-05|2.25049e-05|0.000306846|6.09494e-05|0.0007443|0.000136426|9.38774e-05|0.000917855|0.000848685|5.57341e-05|0.00016633|1.75363e-05|0.00084559|9.19448e-05|0.000388598|0.000874519|0.00053987|6.06714e-05|4.9143e-05|0.000324399,0.00205186|0.000185945|0.00506163|0.0070437|0.00473098|0.000622969|0.000903427|0.000866982|0.000154373|0.00134945|0.000257502|0.00506716|0.0051438|0.0013452|0.00473624|0.000577384|0.00150891|0.000455538|0.000571723|0.000327224,0.0144542|0.0430141|0.0248209|0.0289489|0.00587522|0.0222508|0.0210883|0.0448378|0.0433652|0.0135171|0.0444183|0.0377136|0.00938046|0.0491072|0.0142199|0.0198763|0.0179336|0.0225523|0.00473199|0.0413395,0.0367363|0.0160199|0.0232879|0.00023094|0.00299122|0.00315586|0.00334129|0.0237781|0.0353922|0.00802942|0.0464833|0.0409904|0.0297136|0.0303606|0.0151898|0.0292376|0.0204335|0.0283967|0.00830313|0.0463752,0.95381|0.934272|0.90052|0.903661|0.979297|0.992031|0.956331|0.905731|0.978852|0.973616|0.909484|0.949976|0.983424|0.940373|0.983062|0.912165|0.940994|0.943873|0.968696|0.956752,3.46146|0.347274|4.94267|4.2752|0.978654|1.9519|1.43236|5.16612|6.13175|3.12017|0.674833|6.26231|2.35283|2.32468|0.15061|2.01744|3.97819|4.13907|2.44477|4.20312,79.8117|88.6198|24.4191|65.1286|34.0839|86.2435|67.4197|76.7594|51.9585|83.9106|10.4739|52.1141|92.5451|56.2706|50.0569|32.9383|55.4093|99.595|65.9961,0.20774|0.169026|0.205217|0.183295|0.214588|0.206725|0.168491|0.161271|0.247887|0.214124|0.244816|0.216912|0.187126|0.221203|0.248888|0.173207|0.200726|0.248024|0.245087,0.634164|0.804539|0.974022|0.554091|0.739323|0.579925|0.994842|0.934902|0.267835|0.78746|0.120042|0.936246|0.127963|0.263189|0.114607|0.402657|0.858389|0.527389|0.339228,0.965709,0.942107,0.00398666,0.0494591,0.601558,0.498619,0.0780554,0.491866,0.227373,0.94879,60.5101,3.47919e-12,34363,0.893945,38.3275,1.8046e-11,70899,0.813216,0.800213,0.0318416,0.894511,0.646291,0.467196,0.267079,0.496996,0.142828,0.968398,15.3538,7.25626e-13,62719,0.835188,71.1574,7.18405e-13,18924
1,195,n1->n2->n3->n4->n5->n6->n7->n17->n16->n26->n27->n37->n38->n48->n49->n39->n29->n19->n20->n10,2.31363e+13|1.08374e+10|6.12136e+10|3.77253e+09|1.66294e+09|3.11313e+11|9.24787e+09|4.00209e+11|1.22489e+11|7.93139e+12|1.24028e+10|3.57784e+09|3.47366e+12|1.50066e+10|7.23181e+12|5.63895e+11|2.09259e+13|1.05918e+11|1.43015e+11|1.18221e+10,3.60243e+12|2.86853e+09|1.1263e+10|1.57109e+09|4.18929e+08|9.70219e+10|1.17307e+09|1.16403e+11|1.60878e+10|2.21525e+12|4.06702e+09|3.23346e+09|5.19958e+11|2.83458e+09|1.72808e+12|2.85908e+11|1.86006e+13|6.82244e+10|1.55339e+10|4.31884e+09,2.76437e-05|2.25049e-05|0.00016633|1.75363e-05|4.44502e-05|0.000874519|0.00053987|0.000240023|0.000388598|0.000726723|0.000745339|2.03632e-05|5.19237e-05|0.000849254|0.000468006|1.37995e-05|4.96365e-05|0.000888862|0.000117274|0.000324399,0.00205186|0.000185945|0.000257502|0.00506716|0.00789389|0.000577384|0.00150891|0.000212219|0.00473624|0.00167665|0.00900296|0.000248504|0.000905336|0.000338217|0.000266778|0.00091674|0.00015176|0.000145034|0.00970702|0.000327224,0.0144542|0.0430141|0.0444183|0.0377136|0.028843|0.0198763|0.0179336|0.0334165|0.0142199|0.0017588|0.011818|0.0145665|0.0073713|0.0214979|0.000215289|0.0391106|0.0112964|0.0325835|0.0479354|0.0413395,0.0367363|0.0160199|0.0464833|0.0409904|0.0403095|0.0292376|0.0204335|0.0188367|0.0151898|0.00787617|0.00245588|0.0264696|0.0136715|0.0216258|0.0285584|0.0373995|0.0218921|0.0435705|0.00201996|0.0463752,0.95381|0.934272|0.909484|0.949976|0.916182|0.912165|0.940994|0.958778|0.983062|0.919553|0.914592|0.983868|0.929292|0.924038|0.994437|0.977432|0.989841|0.960252|0.967051|0.956752,3.46146|0.347274|0.674833|6.26231|6.14894|2.01744|3.97819|0.251924|0.15061|6.13073|0.397905|4.77865|0.7997|4.87444|0.242809|2.81638|2.37699|2.69565|1.89604|4.20312,79.8117|37.015|10.4739|81.7362|37.2729|32.9383|59.8148|32.2763|11.0615|42.5138|44.8869|37.0378|21.8454|52.0957|95.0453|44.1502|84.7043|10.3361|29.3778,0.20774|0.191035|0.244816|0.185633|0.24829|0.173207|0.189151|0.19197|0.224508|0.194076|0.17819|0.240437|0.205241|0.174066|0.197207|0.228828|0.22724|0.171154|0.198129,0.634164|0.479152|0.120042|0.8088|0.138112|0.402657|0.531819|0.413975|0.519858|0.446651|0.780984|0.483374|0.236622|0.193736|0.841521|0.859845|0.217677|0.31462|0.937095,0.965709,0.942107,0.00398666,0.0494591,0.601558,0.498619,0.0780554,0.491866,0.227373,0.94879,60.5101,3.47919e-12,34363,0.893945,38.3275,1.8046e-11,70899,0.813216,0.800213,0.0318416,0.894511,0.646291,0.467196,0.267079,0.496996,0.142828,0.968398,15.3538,7.25626e-13,62719,0.835188,71.1574,7.18405e-13,18924
1,196,n1->n11->n21->n31->n32->n33->n23->n22->n12->n13->n3->n4->n14->n15->n5->n6->n7->n8->n9->n10,2.31363e+13|1.83181e+09|3.273e+13|4.06943e+12|1.52524e+11|1.54186e+12|8.84744e+09|4.72597e+11|6.50639e+11|4.50381e+10|6.12136e+10|3.77253e+09|4.81326e+11|3.20281e+09|1.66294e+09|3.11313e+11|9.24787e+09|4.30375e+13|5.91555e+11|1.18221e+10,3.60243e+12|1.61585e+09|3.63129e+12|6.00353e+11|1.50714e+11|1.73332e+11|1.70948e+09|3.89256e+11|6.91628e+10|3.40678e+10|1.1263e+10|1.57109e+09|4.44483e+11|2.0725e+09|4.18929e+08|9.70219e+10|1.17307e+09|3.6866e+13|1.23797e+11|4.31884e+09,2.76437e-05|6.09494e-05|0.0007443|0.000747032|9.38774e-05|0.000917855|0.000848685|0.000136426|0.000306846|5.57341e-05|0.00016633|1.75363e-05|0.00084559|9.19448e-05|4.44502e-05|0.000874519|0.00053987|6.06714e-05|4.9143e-05|0.000324399,0.00205186|0.0070437|0.00473098|0.000237579|0.000903427|0.000866982|0.000154373|0.000622969|0.00506163|0.00134945|0.000257502|0.00506716|0.0051438|0.0013452|0.00789389|0.000577384|0.00150891|0.000455538|0.000571723|0.000327224,0.0144542|0.0289489|0.00587522|0.00536562|0.0210883|0.0448378|0.0433652|0.0222508|0.0248209|0.0135171|0.0444183|0.0377136|0.00938046|0.0491072|0.028843|0.0198763|0.0179336|0.0225523|0.00473199|0.0413395,0.0367363|0.00023094|0.00299122|0.0248824|0.00334129|0.0237781|0.0353922|0.00315586|0.0232879|0.00802942|0.0464833|0.0409904|0.0297136|0.0303606|0.0403095|0.0292376|0.0204335|0.0283967|0.00830313|0.0463752,0.95381|0.903661|0.979297|0.949357|0.956331|0.905731|0.978852|0.992031|0.90052|0.973616|0.909484|0.949976|0.983424|0.940373|0.916182|0.912165|0.940994|0.943873|0.968696|0.956752,3.46146|4.2752|0.978654|3.19307|1.43236|5.16612|6.13175|1.9519|4.94267|3.12017|0.674833|6.26231|2.35283|2.32468|6.14894|2.01744|3.97819|4.13907|2.44477|4.20312,30.2686|65.1286|89.2299|63.0993|67.4197|76.7594|55.8812|13.2112|13.9548|83.9106|10.4739|52.1141|92.5451|35.0583|37.2729|32.9383|55.4093|99.595|65.9961,0.161965|0.183295|0.224223|0.229019|0.168491|0.161271|0.190738|0.185154|0.237358|0.214124|0.244816|0.216912|0.187126|0.200044|0.24829|0.173207|0.200726|0.248024|0.245087,0.56362|0.554091|0.993527|0.825759|0.994842|0.934902|0.246571|0.869928|0.503427|0.78746|0.120042|0.936246|0.127963|0.592289|0.138112|0.402657|0.858389|0.527389|0.339228,0.965709,0.942107,0.00398666,0.0494591,0.601558,0.498619,0.0780554,0.491866,0.227373,0.94879,60.5101,3.47919e-12,34363,0.893945,38.3275,1.8046e-11,70899,0.813216,0.800213,0.0318416,0.894511,0.646291,0.467196,0.267079,0.496996,0.142828,0.968398,15.3538,7.25626e-13,62719,0.835188,71.1574,7.18405e-13,18924
1,197,n1->n11->n12->n22->n32->n31->n41->n42->n43->n33->n34->n24->n14->n4->n5->n6->n7->n8->n9->n10,2.31363e+13|1.83181e+09|6.50639e+11|4.72597e+11|1.52524e+11|4.06943e+12|3.7088e+10|4.46701e+13|9.0627e+12|1.54186e+12|1.74148e+12|1.6247e+13|4.81326e+11|3.77253e+09|1.66294e+09|3.11313e+11|9.24787e+09|4.30375e+13|5.91555e+11|1.18221e+10,3.60243e+12|1.61585e+09|6.91628e+10|3.89256e+11|1.50714e+11|6.00353e+11|6.95085e+09|1.40588e+13|2.61932e+12|1.73332e+11|1.0536e+12|1.42612e+13|4.44483e+11|1.57109e+09|4.18929e+08|9.70219e+10|1.17307e+09|3.6866e+13|1.23797e+11|4.31884e+09,2.76437e-05|6.09494e-05|0.000306846|0.000136426|9.38774e-05|0.000747032|1.82718e-05|0.000193195|1.45314e-05|0.000917855|7.18356e-05|1.7942e-05|0.00084559|1.75363e-05|4.44502e-05|0.000874519|0.00053987|6.06714e-05|4.9143e-05|0.000324399,0.00205186|0.0070437|0.00506163|0.000622969|0.000903427|0.000237579|0.000754472|0.00542431|0.00010755|0.000866982|0.00188744|0.00390461|0.0051438|0.00506716|0.00789389|0.000577384|0.00150891|0.000455538|0.000571723|0.000327224,0.0144542|0.0289489|0.0248209|0.0222508|0.0210883|0.00536562|0.0151482|0.0499415|0.02386|0.0448378|0.0428115|0.0272838|0.00938046|0.0377136|0.028843|0.0198763|0.0179336|0.0225523|0.00473199|0.0413395,0.0367363|0.00023094|0.0232879|0.00315586|0.00334129|0.0248824|0.0184636|0.0306758|0.0247157|0.0237781|0.0315533|0.0271748|0.0297136|0.0409904|0.0403095|0.0292376|0.0204335|0.0283967|0.00830313|0.0463752,0.95381|0.903661|0.90052|0.992031|0.956331|0.949357|0.92242|0.984529|0.938699|0.905731|0.933029|0.985398|0.983424|0.949976|0.916182|0.912165|0.940994|0.943873|0.968696|0.956752,3.46146|4.2752|4.94267|1.9519|1.43236|3.19307|4.79505|5.70895|3.5699|5.16612|4.1628|6.10602|2.35283|6.26231|6.14894|2.01744|3.97819|4.13907|2.44477|4.20312,30.2686|24.4191|13.2112|86.2435|63.0993|64.4551|61.2747|27.3217|49.6282|23.5709|58.7029|66.6304|52.1141|81.7362|37.2729|32.9383|55.4093|99.595|65.9961,0.161965|0.205217|0.185154|0.206725|0.229019|0.187761|0.230625|0.207381|0.229317|0.219061|0.169742|0.195265|0.216912|0.185633|0.24829|0.173207|0.200726|0.248024|0.245087,0.56362|0.974022|0.869928|0.579925|0.825759|0.936318|0.970834|0.252981|0.819301|0.130761|0.316224|0.280165|0.936246|0.8088|0.138112|0.402657|0.858389|0.527389|0.339228,0.965709,0.942107,0.00398666,0.0494591,0.601558,0.498619,0.0780554,0.491866,0.227373,0.94879,60.5101,3.47919e-12,34363,0.893945,38.3275,1.8046e-11,70899,0.813216,0.800213,0.0318416,0.894511,0.646291,0.467196,0.267079,0.496996,0.142828,0.968398,15.3538,7.25626e-13,62719,0.835188,71.1574,7.18405e-13,18924
1,198,n1->n11->n12->n22->n23->n33->n34->n35->n36->n37->n27->n26->n25->n15->n5->n6->n7->n8->n9->n10,2.31363e+13|1.83181e+09|6.50639e+11|4.72597e+11|8.84744e+09|1.54186e+12|1.74148e+12|2.28703e+12|1.1953e+10|3.57784e+09|1.24028e+10|7.93139e+12|3.34343e+12|3.20281e+09|1.66294e+09|3.11313e+11|9.24787e+09|4.30375e+13|5.91555e+11|1.18221e+10,3.60243e+12|1.61585e+09|6.91628e+10|3.89256e+11|1.70948e+09|1.73332e+11|1.0536e+12|2.08861e+12|6.64782e+09|3.23346e+09|4.06702e+09|2.21525e+12|1.01655e+12|2.0725e+09|4.18929e+08|9.70219e+10|1.17307e+09|3.6866e+13|1.23797e+11|4.31884e+09,2.76437e-05|6.09494e-05|0.000306846|0.000136426|0.000848685|0.000917855|7.18356e-05|5.51855e-05|1.82941e-05|2.03632e-05|0.000745339|0.000726723|8.18102e-05|9.19448e-05|4.44502e-05|0.000874519|0.00053987|6.06714e-05|4.9143e-05|0.000324399,0.00205186|0.0070437|0.00506163|0.000622969|0.000154373|0.000866982|0.00188744|0.000708212|0.000249556|0.000248504|0.00900296|0.00167665|0.000592493|0.0013452|0.00789389|0.000577384|0.00150891|0.000455538|0.000571723|0.000327224,0.0144542|0.0289489|0.0248209|0.0222508|0.0433652|0.0448378|0.0428115|0.0406061|0.0313412|0.0145665|0.011818|0.0017588|0.01808|0.0491072|0.028843|0.0198763|0.0179336|0.0225523|0.00473199|0.0413395,0.0367363|0.00023094|0.0232879|0.00315586|0.0353922|0.0237781|0.0315533|0.0252881|0.0373635|0.0264696|0.00245588|0.00787617|0.0195753|0.0303606|0.0403095|0.0292376|0.0204335|0.0283967|0.00830313|0.0463752,0.95381|0.903661|0.90052|0.992031|0.978852|0.905731|0.933029|0.969974|0.984995|0.983868|0.914592|0.919553|0.908527|0.940373|0.916182|0.912165|0.940994|0.943873|0.968696|0.956752,3.46146|4.2752|4.94267|1.9519|6.13175|5.16612|4.1628|2.88844|1.71271|4.77865|0.397905|6.13073|0.486545|2.32468|6.14894|2.01744|3.97819|4.13907|2.44477|4.20312,30.2686|24.4191|13.2112|55.8812|76.7594|23.5709|31.5608|18.7034|29.3504|44.8869|42.5138|55.6995|54.7186|35.0583|37.2729|32.9383|55.4093|99.595|65.9961,0.161965|0.205217|0.185154|0.190738|0.161271|0.219061|0.214217|0.197276|0.195346|0.17819|0.194076|0.184652|0.220733|0.200044|0.24829|0.173207|0.200726|0.248024|0.245087,0.56362|0.974022|0.869928|0.246571|0.934902|0.130761|0.871174|0.138212|0.482592|0.780984|0.446651|0.129529|0.337128|0.592289|0.138112|0.402657|0.858389|0.527389|0.339228,0.965709,0.942107,0.00398666,0.0494591,0.601558,0.498619,0.0780554,0.491866,0.227373,0.94879,60.5101,3.47919e-12,34363,0.893945,38.3275,1.8046e-11,70899,0.813216,0.800213,0.0318416,0.894511,0.646291,0.467196,0.267079,0.496996,0.142828,0.968398,15.3538,7.25626e-13,62719,0.835188,71.1574,7.18405e-13,18924
1,199,n1->n11->n21->n22->n32->n31->n41->n42->n43->n44->n34->n35->n36->n37->n38->n39->n40->n30->n20->n10,2.31363e+13|1.83181e+09|3.273e+13|4.72597e+11|1.52524e+11|4.06943e+12|3.7088e+10|4.46701e+13|9.0627e+12|5.76519e+11|1.74148e+12|2.28703e+12|1.1953e+10|3.57784e+09|3.47366e+12|5.63895e+11|1.26703e+13|7.14276e+12|1.43015e+11|1.18221e+10,3.60243e+12|1.61585e+09|3.63129e+12|3.89256e+11|1.50714e+11|6.00353e+11|6.95085e+09|1.40588e+13|2.61932e+12|3.95755e+11|1.0536e+12|2.08861e+12|6.64782e+09|3.23346e+09|5.19958e+11|2.85908e+11|2.20566e+12|2.47938e+12|1.55339e+10|4.31884e+09,2.76437e-05|6.09494e-05|0.0007443|0.000136426|9.38774e-05|0.000747032|1.82718e-05|0.000193195|1.45314e-05|1.64936e-05|7.18356e-05|5.51855e-05|1.82941e-05|2.03632e-05|5.19237e-05|1.37995e-05|5.2677e-05|2.32069e-05|0.000117274|0.000324399,0.00205186|0.0070437|0.00473098|0.000622969|0.000903427|0.000237579|0.000754472|0.00542431|0.00010755|0.000282069|0.00188744|0.000708212|0.000249556|0.000248504|0.000905336|0.00091674|0.000225274|0.000437994|0.00970702|0.000327224,0.0144542|0.0289489|0.00587522|0.0222508|0.0210883|0.00536562|0.0151482|0.0499415|0.02386|0.0396502|0.0428115|0.0406061|0.0313412|0.0145665|0.0073713|0.0391106|0.0233742|0.0326596|0.0479354|0.0413395,0.0367363|0.00023094|0.00299122|0.00315586|0.00334129|0.0248824|0.0184636|0.0306758|0.0247157|0.0423918|0.0315533|0.0252881|0.0373635|0.0264696|0.0136715|0.0373995|0.019603|0.0336427|0.00201996|0.0463752,0.95381|0.903661|0.979297|0.992031|0.956331|0.949357|0.92242|0.984529|0.938699|0.994508|0.933029|0.969974|0.984995|0.983868|0.929292|0.977432|0.922888|0.941302|0.967051|0.956752,3.46146|4.2752|0.978654|1.9519|1.43236|3.19307|4.79505|5.70895|3.5699|5.48467|4.1628|2.88844|1.71271|4.77865|0.7997|2.81638|4.72358|1.43662|1.89604|4.20312,30.2686|65.1286|34.0839|86.2435|63.0993|64.4551|61.2747|27.3217|59.7094|46.2248|31.5608|18.7034|29.3504|37.0378|69.5993|86.0567|98.0873|23.9015|29.3778,0.161965|0.183295|0.214588|0.206725|0.229019|0.187761|0.230625|0.207381|0.18371|0.168809|0.214217|0.197276|0.195346|0.240437|0.197597|0.191674|0.240595|0.232625|0.198129,0.56362|0.554091|0.739323|0.579925|0.825759|0.936318|0.970834|0.252981|0.936639|0.348331|0.871174|0.138212|0.482592|0.483374|0.331635|0.609211|0.490914|0.943217|0.937095,0.965709,0.942107,0.00398666,0.0494591,0.601558,0.498619,0.0780554,0.491866,0.227373,0.94879,60.5101,3.47919e-12,34363,0.893945,38.3275,1.8046e-11,70899,0.813216,0.800213,0.0318416,0.894511,0.646291,0.467196,0.267079,0.496996,0.142828,0.968398,15.3538,7.25626e-13,62719,0.835188,71.1574,7.18405e-13,18924
1,200,n1->n11->n12->n2->n3->n4->n14->n15->n5->n6->n7->n17->n27->n37->n38->n28->n18->n8->n9->n10,2.31363e+13|1.83181e+09|6.50639e+11|1.08374e+10|6.12136e+10|3.77253e+09|4.81326e+11|3.20281e+09|1.66294e+09|3.11313e+11|9.24787e+09|4.00209e+11|1.24028e+10|3.57784e+09|3.47366e+12|9.45412e+09|2.03534e+11|4.30375e+13|5.91555e+11|1.18221e+10,3.60243e+12|1.61585e+09|6.91628e+10|2.86853e+09|1.1263e+10|1.57109e+09|4.44483e+11|2.0725e+09|4.18929e+08|9.70219e+10|1.17307e+09|1.16403e+11|4.06702e+09|3.23346e+09|5.19958e+11|3.50099e+09|6.77465e+10|3.6866e+13|1.23797e+11|4.31884e+09,2.76437e-05|6.09494e-05|0.000306846|2.25049e-05|0.00016633|1.75363e-05|0.00084559|9.19448e-05|4.44502e-05|0.000874519|0.00053987|0.000240023|0.000745339|2.03632e-05|5.19237e-05|0.000668186|2.6832e-05|6.06714e-05|4.9143e-05|0.000324399,0.00205186|0.0070437|0.00506163|0.000185945|0.000257502|0.00506716|0.0051438|0.0013452|0.00789389|0.000577384|0.00150891|0.000212219|0.00900296|0.000248504|0.000905336|0.00118696|0.000190216|0.000455538|0.000571723|0.000327224,0.0144542|0.0289489|0.0248209|0.0430141|0.0444183|0.0377136|0.00938046|0.0491072|0.028843|0.0198763|0.0179336|0.0334165|0.011818|0.0145665|0.0073713|0.0312995|0.00942372|0.0225523|0.00473199|0.0413395,0.0367363|0.00023094|0.0232879|0.0160199|0.0464833|0.0409904|0.0297136|0.0303606|0.0403095|0.0292376|0.0204335|0.0188367|0.00245588|0.0264696|0.0136715|0.0100934|0.0172071|0.0283967|0.00830313|0.0463752,0.95381|0.903661|0.90052|0.934272|0.909484|0.949976|0.983424|0.940373|0.916182|0.912165|0.940994|0.958778|0.914592|0.983868|0.929292|0.976055|0.909197|0.943873|0.968696|0.956752,3.46146|4.2752|4.94267|0.347274|0.674833|6.26231|2.35283|2.32468|6.14894|2.01744|3.97819|0.251924|0.397905|4.77865|0.7997|3.88168|5.95219|4.13907|2.44477|4.20312,30.2686|24.4191|88.6198|37.015|10.4739|52.1141|92.5451|35.0583|37.2729|32.9383|59.8148|72.2829|44.8869|37.0378|23.518|43.2583|81.3396|99.595|65.9961,0.161965|0.205217|0.169026|0.191035|0.244816|0.216912|0.187126|0.200044|0.24829|0.173207|0.189151|0.211476|0.17819|0.240437|0.20538|0.163508|0.171783|0.248024|0.245087,0.56362|0.974022|0.804539|0.479152|0.120042|0.936246|0.127963|0.592289|0.138112|0.402657|0.531819|0.292448|0.780984|0.483374|0.578641|0.54514|0.146549|0.527389|0.339228,0.965709,0.942107,0.00398666,0.0494591,0.601558,0.498619,0.0780554,0.491866,0.227373,0.94879,60.5101,3.47919e-12,34363,0.893945,38.3275,1.8046e-11,70899,0.813216,0.800213,0.0318416,0.894511,0.646291,0.467196,0.267079,0.496996,0.142828,0.968398,15.3538,7.25626e-13,62719,0.835188,71.1574,7.18405e-13,18924
