PathID,PathString
1,n1->n2->n3->n4->n5->n6->n7->n8->n9->n10
2,n1->n2->n12->n13->n14->n4->n5->n6->n7->n8->n9->n10
3,n1->n2->n12->n13->n3->n4->n5->n6->n7->n8->n9->n10
4,n1->n11->n12->n2->n3->n4->n5->n6->n7->n8->n9->n10
5,n1->n2->n12->n13->n14->n15->n5->n6->n7->n8->n9->n10
6,n1->n11->n12->n13->n3->n4->n5->n6->n7->n8->n9->n10
7,n1->n2->n3->n4->n14->n15->n16->n6->n7->n8->n9->n10
8,n1->n11->n12->n13->n14->n15->n5->n6->n7->n8->n9->n10
9,n1->n2->n3->n4->n5->n15->n16->n6->n7->n8->n9->n10
10,n1->n2->n3->n13->n14->n4->n5->n6->n7->n8->n9->n10
11,n1->n2->n3->n13->n14->n15->n16->n6->n7->n8->n9->n10
12,n1->n2->n3->n4->n5->n15->n16->n17->n7->n8->n9->n10
13,n1->n11->n12->n13->n14->n15->n16->n6->n7->n8->n9->n10
14,n1->n2->n3->n13->n14->n15->n5->n6->n7->n8->n9->n10
15,n1->n2->n3->n4->n5->n6->n16->n17->n18->n19->n9->n10
16,n1->n11->n12->n13->n14->n4->n5->n6->n7->n8->n9->n10
17,n1->n2->n3->n4->n14->n15->n5->n6->n7->n8->n9->n10
18,n1->n2->n3->n13->n14->n15->n16->n17->n18->n8->n9->n10
19,n1->n2->n3->n4->n5->n6->n16->n17->n18->n8->n9->n10
20,n1->n2->n3->n13->n14->n15->n16->n17->n18->n19->n20->n10
21,n1->n2->n12->n13->n14->n15->n16->n6->n7->n8->n9->n10
22,n1->n11->n12->n13->n14->n15->n16->n17->n18->n8->n9->n10
23,n1->n2->n3->n4->n5->n15->n16->n17->n18->n8->n9->n10
24,n1->n11->n12->n13->n14->n15->n16->n17->n18->n19->n9->n10
25,n1->n2->n3->n4->n5->n6->n7->n8->n18->n19->n9->n10
26,n1->n2->n3->n4->n5->n15->n16->n17->n18->n19->n20->n10
27,n1->n2->n3->n4->n5->n6->n16->n17->n18->n19->n20->n10
28,n1->n2->n3->n13->n14->n15->n16->n17->n7->n8->n9->n10
29,n1->n2->n3->n4->n5->n6->n7->n8->n18->n19->n20->n10
30,n1->n2->n3->n4->n14->n15->n16->n17->n18->n19->n20->n10
31,n1->n2->n3->n4->n14->n15->n16->n17->n7->n8->n9->n10
32,n1->n2->n3->n4->n5->n6->n7->n8->n9->n19->n20->n10
33,n1->n2->n3->n4->n5->n6->n16->n17->n7->n8->n9->n10
34,n1->n2->n3->n4->n14->n15->n16->n17->n18->n19->n9->n10
35,n1->n2->n3->n4->n5->n6->n7->n17->n18->n8->n9->n10
36,n1->n2->n3->n4->n14->n15->n16->n17->n18->n8->n9->n10
37,n1->n11->n12->n13->n14->n15->n16->n17->n18->n19->n20->n10
38,n1->n2->n12->n13->n14->n15->n16->n17->n18->n8->n9->n10
39,n1->n2->n3->n4->n5->n6->n7->n17->n18->n19->n20->n10
40,n1->n2->n12->n13->n14->n15->n16->n17->n18->n19->n20->n10
41,n1->n2->n3->n4->n5->n6->n7->n17->n18->n19->n9->n10
42,n1->n11->n12->n22->n23->n13->n3->n4->n5->n6->n7->n8->n9->n10
43,n1->n11->n21->n22->n12->n2->n3->n4->n5->n6->n7->n8->n9->n10
44,n1->n2->n3->n13->n23->n24->n25->n15->n16->n17->n18->n8->n9->n10
45,n1->n11->n21->n22->n23->n24->n14->n15->n5->n6->n7->n8->n9->n10
46,n1->n2->n3->n13->n14->n15->n5->n6->n16->n17->n7->n8->n9->n10
47,n1->n11->n12->n13->n23->n24->n25->n15->n5->n6->n7->n8->n9->n10
48,n1->n11->n21->n22->n12->n13->n14->n4->n5->n6->n7->n8->n9->n10
49,n1->n2->n12->n13->n3->n4->n14->n15->n16->n6->n7->n8->n9->n10
50,n1->n2->n12->n13->n23->n24->n25->n26->n27->n28->n18->n8->n9->n10
51,n1->n2->n3->n13->n23->n24->n25->n15->n16->n6->n7->n8->n9->n10
52,n1->n2->n3->n4->n14->n15->n16->n26->n27->n28->n18->n8->n9->n10
53,n1->n2->n3->n4->n14->n24->n25->n15->n16->n17->n7->n8->n9->n10
54,n1->n2->n3->n13->n23->n24->n25->n15->n5->n6->n7->n8->n9->n10
55,n1->n11->n12->n2->n3->n13->n14->n4->n5->n6->n7->n8->n9->n10
56,n1->n2->n12->n13->n14->n24->n25->n26->n27->n17->n18->n8->n9->n10
57,n1->n2->n12->n13->n23->n24->n14->n15->n5->n6->n7->n8->n9->n10
58,n1->n2->n12->n13->n3->n4->n5->n15->n16->n17->n7->n8->n9->n10
59,n1->n11->n12->n2->n3->n13->n14->n15->n16->n6->n7->n8->n9->n10
60,n1->n2->n12->n13->n23->n24->n14->n4->n5->n6->n7->n8->n9->n10
61,n1->n2->n3->n4->n14->n24->n25->n15->n5->n6->n7->n8->n9->n10
62,n1->n2->n12->n13->n3->n4->n14->n15->n5->n6->n7->n8->n9->n10
63,n1->n11->n21->n22->n12->n13->n3->n4->n5->n6->n7->n8->n9->n10
64,n1->n11->n12->n2->n3->n4->n5->n15->n16->n6->n7->n8->n9->n10
65,n1->n2->n12->n22->n23->n13->n14->n4->n5->n6->n7->n8->n9->n10
66,n1->n2->n3->n13->n14->n15->n25->n26->n16->n6->n7->n8->n9->n10
67,n1->n11->n12->n22->n23->n24->n14->n15->n16->n6->n7->n8->n9->n10
68,n1->n2->n3->n4->n5->n15->n16->n17->n18->n8->n9->n19->n20->n10
69,n1->n11->n12->n2->n3->n13->n14->n15->n16->n17->n7->n8->n9->n10
70,n1->n2->n3->n4->n5->n6->n7->n17->n27->n28->n18->n19->n20->n10
71,n1->n2->n3->n13->n14->n15->n25->n26->n27->n17->n18->n19->n9->n10
72,n1->n11->n12->n13->n23->n24->n25->n15->n16->n6->n7->n8->n9->n10
73,n1->n11->n21->n22->n23->n13->n3->n4->n5->n6->n7->n8->n9->n10
74,n1->n2->n3->n13->n14->n24->n25->n15->n5->n6->n7->n8->n9->n10
75,n1->n2->n3->n13->n14->n15->n5->n6->n7->n8->n18->n19->n20->n10
76,n1->n11->n21->n22->n23->n13->n14->n4->n5->n6->n7->n8->n9->n10
77,n1->n11->n21->n22->n23->n24->n25->n26->n27->n17->n7->n8->n9->n10
78,n1->n11->n21->n22->n23->n24->n14->n4->n5->n6->n7->n8->n9->n10
79,n1->n2->n3->n13->n23->n24->n14->n4->n5->n6->n7->n8->n9->n10
80,n1->n11->n12->n13->n23->n24->n14->n15->n5->n6->n7->n8->n9->n10
81,n1->n11->n12->n13->n14->n4->n5->n15->n16->n6->n7->n8->n9->n10
82,n1->n11->n12->n13->n23->n24->n25->n26->n16->n6->n7->n8->n9->n10
83,n1->n2->n12->n13->n3->n4->n5->n15->n16->n6->n7->n8->n9->n10
84,n1->n2->n12->n13->n14->n24->n25->n15->n16->n6->n7->n8->n9->n10
85,n1->n11->n21->n22->n12->n13->n14->n15->n5->n6->n7->n8->n9->n10
86,n1->n11->n12->n22->n23->n24->n14->n15->n5->n6->n7->n8->n9->n10
87,n1->n11->n12->n2->n3->n13->n14->n15->n5->n6->n7->n8->n9->n10
88,n1->n2->n3->n13->n23->n24->n25->n26->n16->n6->n7->n8->n9->n10
89,n1->n11->n21->n22->n12->n13->n14->n15->n16->n17->n7->n8->n9->n10
90,n1->n11->n12->n13->n23->n24->n14->n15->n16->n17->n7->n8->n9->n10
91,n1->n11->n21->n22->n23->n24->n25->n15->n5->n6->n7->n8->n9->n10
92,n1->n2->n3->n4->n14->n15->n16->n26->n27->n28->n29->n19->n9->n10
93,n1->n2->n3->n13->n23->n24->n25->n26->n27->n28->n18->n8->n9->n10
94,n1->n2->n12->n22->n23->n13->n3->n4->n5->n6->n7->n8->n9->n10
95,n1->n11->n12->n2->n3->n4->n5->n6->n7->n8->n18->n19->n9->n10
96,n1->n11->n12->n13->n23->n24->n14->n4->n5->n6->n7->n8->n9->n10
97,n1->n2->n3->n13->n14->n4->n5->n6->n16->n17->n7->n8->n9->n10
98,n1->n2->n12->n22->n23->n24->n25->n26->n16->n17->n7->n8->n9->n10
99,n1->n2->n3->n4->n14->n15->n25->n26->n16->n17->n7->n8->n9->n10
100,n1->n2->n12->n22->n23->n24->n25->n26->n27->n17->n7->n8->n9->n10
101,n1->n2->n12->n13->n14->n24->n25->n26->n16->n6->n7->n8->n9->n10
102,n1->n11->n21->n22->n12->n13->n14->n15->n16->n17->n18->n19->n20->n10
103,n1->n2->n3->n13->n14->n4->n5->n15->n16->n17->n7->n8->n9->n10
104,n1->n2->n3->n4->n5->n15->n16->n17->n18->n19->n29->n30->n20->n10
105,n1->n2->n12->n13->n3->n4->n5->n6->n7->n8->n9->n19->n20->n10
106,n1->n11->n12->n22->n23->n13->n14->n15->n16->n6->n7->n8->n9->n10
107,n1->n2->n3->n13->n14->n24->n25->n26->n16->n6->n7->n8->n9->n10
108,n1->n11->n12->n2->n3->n4->n14->n15->n16->n17->n18->n19->n9->n10
109,n1->n2->n3->n4->n14->n24->n25->n26->n16->n17->n7->n8->n9->n10
110,n1->n2->n3->n13->n14->n4->n5->n15->n16->n6->n7->n8->n9->n10
111,n1->n2->n12->n13->n3->n4->n5->n15->n16->n17->n18->n19->n9->n10
112,n1->n11->n12->n2->n3->n4->n14->n15->n5->n6->n7->n8->n9->n10
113,n1->n2->n12->n22->n23->n24->n14->n15->n5->n6->n7->n8->n9->n10
114,n1->n2->n3->n13->n14->n15->n16->n6->n7->n17->n18->n19->n9->n10
115,n1->n2->n12->n22->n23->n24->n25->n15->n16->n17->n18->n8->n9->n10
116,n1->n11->n12->n2->n3->n13->n14->n15->n16->n17->n18->n19->n9->n10
117,n1->n11->n12->n13->n23->n24->n14->n15->n16->n17->n18->n19->n9->n10
118,n1->n2->n12->n22->n23->n13->n14->n15->n16->n17->n18->n19->n9->n10
119,n1->n2->n3->n13->n14->n4->n5->n15->n16->n17->n18->n19->n20->n10
120,n1->n2->n3->n13->n14->n24->n25->n26->n27->n17->n18->n19->n9->n10
121,n1->n2->n3->n4->n14->n15->n16->n6->n7->n17->n18->n19->n20->n10
122,n1->n2->n3->n4->n5->n6->n16->n17->n7->n8->n9->n19->n20->n10
123,n1->n2->n12->n13->n23->n24->n14->n15->n16->n17->n18->n19->n9->n10
124,n1->n2->n3->n13->n14->n24->n25->n26->n27->n17->n18->n8->n9->n10
125,n1->n11->n12->n2->n3->n4->n5->n15->n16->n17->n18->n8->n9->n10
126,n1->n2->n3->n13->n23->n24->n14->n15->n5->n6->n7->n8->n9->n10
127,n1->n2->n12->n22->n23->n24->n25->n26->n16->n6->n7->n8->n9->n10
128,n1->n11->n12->n22->n23->n13->n14->n4->n5->n6->n7->n8->n9->n10
129,n1->n2->n3->n13->n23->n24->n14->n15->n16->n6->n7->n8->n9->n10
130,n1->n11->n12->n2->n3->n13->n14->n15->n16->n17->n18->n19->n20->n10
131,n1->n2->n12->n13->n23->n24->n25->n26->n16->n17->n18->n8->n9->n10
132,n1->n11->n12->n13->n23->n24->n25->n26->n16->n17->n18->n8->n9->n10
133,n1->n11->n12->n2->n3->n13->n14->n15->n16->n17->n18->n8->n9->n10
134,n1->n2->n12->n13->n23->n24->n25->n26->n27->n28->n29->n19->n20->n10
135,n1->n2->n3->n13->n14->n15->n16->n26->n27->n28->n29->n30->n20->n10
136,n1->n2->n3->n13->n14->n24->n25->n26->n27->n17->n7->n8->n9->n10
137,n1->n2->n3->n13->n14->n24->n25->n15->n16->n6->n7->n8->n9->n10
138,n1->n2->n12->n22->n23->n13->n14->n15->n16->n17->n7->n8->n9->n10
139,n1->n2->n3->n13->n14->n15->n25->n26->n27->n17->n18->n8->n9->n10
140,n1->n11->n12->n2->n3->n4->n5->n6->n7->n17->n18->n8->n9->n10
141,n1->n2->n3->n4->n5->n15->n25->n26->n16->n6->n7->n8->n9->n10
142,n1->n11->n12->n13->n23->n24->n25->n15->n16->n17->n18->n19->n9->n10
143,n1->n11->n21->n22->n23->n24->n25->n26->n27->n28->n29->n30->n20->n10
144,n1->n11->n12->n13->n3->n4->n14->n15->n16->n6->n7->n8->n9->n10
145,n1->n2->n12->n13->n23->n24->n25->n15->n5->n6->n7->n8->n9->n10
146,n1->n11->n12->n22->n23->n24->n25->n26->n27->n28->n29->n19->n20->n10
147,n1->n11->n12->n2->n3->n4->n14->n15->n16->n6->n7->n8->n9->n10
148,n1->n2->n12->n13->n14->n15->n16->n6->n7->n8->n18->n19->n20->n10
149,n1->n2->n3->n4->n14->n24->n25->n26->n16->n17->n18->n8->n9->n10
150,n1->n11->n21->n22->n23->n24->n25->n26->n16->n17->n18->n19->n9->n10
151,n1->n11->n21->n22->n23->n24->n14->n15->n16->n17->n18->n19->n20->n10
152,n1->n2->n3->n4->n5->n15->n25->n26->n16->n17->n7->n8->n9->n10
153,n1->n11->n12->n13->n3->n4->n14->n15->n16->n17->n18->n8->n9->n10
154,n1->n11->n21->n22->n23->n24->n25->n26->n16->n6->n7->n8->n9->n10
155,n1->n11->n12->n13->n3->n4->n5->n6->n7->n17->n18->n8->n9->n10
156,n1->n2->n3->n13->n14->n4->n5->n6->n16->n17->n18->n19->n9->n10
157,n1->n11->n12->n2->n3->n4->n14->n24->n25->n26->n16->n6->n7->n8->n9->n10
158,n1->n2->n12->n13->n23->n33->n34->n35->n25->n15->n16->n17->n7->n8->n9->n10
159,n1->n2->n12->n22->n23->n24->n14->n15->n5->n6->n7->n17->n18->n8->n9->n10
160,n1->n2->n12->n13->n3->n4->n5->n15->n16->n6->n7->n8->n18->n19->n20->n10
161,n1->n11->n21->n22->n32->n33->n34->n24->n25->n26->n16->n17->n18->n8->n9->n10
162,n1->n11->n12->n13->n14->n24->n25->n26->n16->n15->n5->n6->n7->n8->n9->n10
163,n1->n2->n3->n13->n14->n4->n5->n6->n7->n8->n18->n28->n29->n19->n20->n10
164,n1->n2->n3->n4->n14->n24->n25->n26->n16->n17->n18->n28->n29->n19->n20->n10
165,n1->n2->n3->n13->n14->n24->n34->n35->n25->n15->n16->n17->n18->n8->n9->n10
166,n1->n11->n21->n31->n32->n22->n12->n13->n14->n4->n5->n6->n7->n8->n9->n10
167,n1->n2->n3->n4->n5->n6->n16->n17->n27->n28->n38->n39->n29->n30->n20->n10
168,n1->n2->n3->n13->n14->n15->n25->n35->n36->n37->n27->n17->n18->n19->n9->n10
169,n1->n11->n12->n22->n23->n33->n34->n35->n25->n15->n5->n6->n7->n8->n9->n10
170,n1->n11->n21->n31->n32->n33->n23->n24->n14->n15->n5->n6->n7->n8->n9->n10
171,n1->n11->n21->n31->n32->n33->n23->n13->n3->n4->n5->n6->n7->n8->n9->n10
172,n1->n11->n21->n31->n32->n33->n23->n24->n25->n15->n5->n6->n7->n8->n9->n10
173,n1->n11->n12->n22->n32->n33->n23->n13->n3->n4->n5->n6->n7->n8->n9->n10
174,n1->n2->n12->n22->n23->n33->n34->n24->n14->n15->n16->n6->n7->n8->n9->n10
175,n1->n2->n12->n11->n21->n22->n23->n24->n14->n15->n16->n6->n7->n8->n9->n10
176,n1->n11->n21->n22->n12->n13->n3->n4->n5->n6->n16->n17->n18->n8->n9->n10
177,n1->n2->n12->n11->n21->n22->n23->n24->n25->n15->n5->n6->n7->n8->n9->n10
178,n1->n11->n12->n13->n23->n33->n34->n35->n36->n26->n27->n28->n18->n19->n9->n10
179,n1->n11->n21->n22->n12->n13->n14->n24->n25->n15->n5->n6->n7->n8->n9->n10
180,n1->n2->n3->n13->n14->n4->n5->n15->n16->n6->n7->n17->n18->n8->n9->n10
181,n1->n11->n21->n31->n32->n22->n23->n13->n14->n4->n5->n6->n7->n8->n9->n10
182,n1->n2->n12->n11->n21->n22->n23->n13->n14->n4->n5->n6->n7->n8->n9->n10
183,n1->n11->n21->n22->n23->n24->n14->n13->n3->n4->n5->n6->n7->n8->n9->n10
184,n1->n2->n3->n4->n14->n24->n34->n35->n36->n37->n27->n28->n18->n8->n9->n10
185,n1->n2->n12->n22->n32->n33->n34->n35->n25->n26->n16->n17->n18->n19->n20->n10
186,n1->n11->n12->n2->n3->n13->n14->n4->n5->n6->n7->n8->n18->n19->n20->n10
187,n1->n2->n3->n4->n14->n24->n34->n35->n36->n26->n27->n28->n18->n19->n9->n10
188,n1->n11->n21->n31->n32->n33->n23->n24->n14->n4->n5->n6->n7->n8->n9->n10
189,n1->n11->n12->n2->n3->n4->n14->n15->n16->n17->n18->n28->n29->n30->n20->n10
190,n1->n11->n21->n31->n32->n22->n23->n13->n14->n15->n16->n17->n7->n8->n9->n10
191,n1->n2->n12->n13->n23->n24->n14->n4->n5->n6->n16->n17->n18->n19->n9->n10
192,n1->n11->n21->n31->n32->n22->n12->n2->n3->n4->n5->n6->n7->n8->n9->n10
193,n1->n11->n12->n22->n32->n33->n23->n24->n14->n15->n5->n6->n7->n8->n9->n10
194,n1->n11->n21->n22->n32->n33->n23->n24->n25->n15->n5->n6->n7->n8->n9->n10
195,n1->n11->n21->n22->n32->n33->n23->n13->n3->n4->n5->n6->n7->n8->n9->n10
196,n1->n11->n12->n13->n14->n4->n5->n15->n25->n26->n27->n17->n7->n8->n9->n10
197,n1->n11->n21->n31->n32->n33->n34->n35->n36->n26->n16->n6->n7->n8->n9->n10
198,n1->n11->n21->n31->n32->n33->n23->n24->n25->n26->n27->n28->n29->n19->n9->n10
199,n1->n11->n21->n22->n32->n33->n23->n13->n14->n4->n5->n6->n7->n8->n9->n10
200,n1->n11->n12->n13->n3->n4->n14->n24->n25->n26->n27->n17->n18->n8->n9->n10
201,n1->n11->n21->n22->n23->n24->n14->n15->n25->n26->n27->n17->n18->n8->n9->n10
202,n1->n11->n12->n22->n23->n33->n34->n24->n14->n4->n5->n6->n7->n8->n9->n10
203,n1->n2->n12->n11->n21->n22->n23->n24->n25->n26->n16->n6->n7->n8->n9->n10
204,n1->n11->n12->n22->n32->n33->n23->n24->n14->n4->n5->n6->n7->n8->n9->n10
205,n1->n2->n12->n11->n21->n22->n23->n13->n3->n4->n5->n6->n7->n8->n9->n10
206,n1->n2->n3->n4->n14->n15->n25->n26->n36->n37->n38->n39->n29->n19->n20->n10
207,n1->n11->n21->n22->n23->n33->n34->n35->n25->n26->n16->n17->n7->n8->n9->n10
208,n1->n11->n21->n22->n32->n33->n23->n24->n25->n15->n16->n17->n18->n8->n9->n10
209,n1->n11->n21->n22->n32->n33->n34->n35->n25->n26->n27->n28->n18->n8->n9->n10
210,n1->n11->n12->n22->n32->n33->n23->n13->n14->n4->n5->n6->n7->n8->n9->n10
211,n1->n2->n12->n22->n32->n33->n23->n13->n3->n4->n5->n6->n7->n8->n9->n10
212,n1->n11->n12->n22->n23->n33->n34->n35->n36->n26->n27->n28->n29->n30->n20->n10
213,n1->n2->n12->n11->n21->n22->n23->n13->n14->n15->n16->n6->n7->n8->n9->n10
214,n1->n11->n21->n31->n32->n33->n34->n35->n36->n37->n38->n28->n18->n8->n9->n10
215,n1->n11->n12->n2->n3->n13->n14->n24->n25->n26->n27->n17->n7->n8->n9->n10
216,n1->n2->n12->n11->n21->n22->n23->n24->n14->n15->n5->n6->n7->n8->n9->n10
217,n1->n11->n21->n22->n12->n2->n3->n13->n14->n15->n16->n6->n7->n8->n9->n10
218,n1->n11->n21->n31->n32->n33->n23->n24->n14->n15->n16->n6->n7->n8->n9->n10
219,n1->n2->n3->n4->n14->n24->n34->n35->n36->n26->n27->n28->n29->n19->n9->n10
220,n1->n11->n21->n31->n32->n33->n34->n24->n25->n15->n16->n6->n7->n8->n9->n10
221,n1->n2->n3->n13->n23->n33->n34->n35->n36->n37->n38->n28->n18->n8->n9->n10
222,n1->n2->n12->n13->n3->n4->n14->n24->n25->n26->n27->n28->n29->n19->n20->n10
223,n1->n11->n12->n2->n3->n4->n14->n15->n25->n26->n16->n6->n7->n8->n9->n10
224,n1->n2->n3->n13->n14->n15->n16->n17->n18->n28->n29->n39->n40->n30->n20->n10
225,n1->n11->n12->n22->n32->n33->n23->n24->n25->n15->n5->n6->n7->n8->n9->n10
226,n1->n11->n21->n22->n23->n24->n34->n35->n36->n26->n16->n6->n7->n8->n9->n10
227,n1->n2->n12->n13->n3->n4->n5->n6->n7->n17->n27->n28->n18->n8->n9->n10
228,n1->n2->n12->n13->n3->n4->n14->n15->n25->n26->n16->n6->n7->n8->n9->n10
229,n1->n2->n3->n13->n14->n4->n5->n15->n16->n17->n27->n28->n29->n30->n20->n10
230,n1->n11->n21->n22->n12->n13->n14->n15->n5->n6->n16->n17->n7->n8->n9->n10
231,n1->n11->n12->n2->n3->n4->n14->n24->n25->n15->n5->n6->n7->n8->n9->n10
232,n1->n11->n21->n31->n32->n22->n23->n24->n14->n15->n16->n6->n7->n8->n9->n10
233,n1->n2->n12->n11->n21->n22->n23->n24->n25->n26->n27->n17->n7->n8->n9->n10
234,n1->n11->n21->n22->n23->n13->n12->n2->n3->n4->n5->n6->n7->n8->n9->n10
235,n1->n11->n21->n31->n32->n22->n23->n13->n3->n4->n5->n6->n7->n8->n9->n10
236,n1->n11->n21->n31->n32->n33->n34->n35->n25->n26->n16->n17->n7->n8->n9->n10
237,n1->n2->n12->n11->n21->n22->n23->n24->n14->n4->n5->n6->n7->n8->n9->n10
238,n1->n2->n3->n13->n14->n4->n5->n15->n16->n17->n7->n8->n9->n19->n20->n10
239,n1->n11->n12->n2->n3->n13->n23->n24->n14->n15->n16->n6->n7->n8->n9->n10
240,n1->n2->n3->n4->n14->n13->n23->n24->n25->n15->n5->n6->n7->n8->n9->n10
241,n1->n11->n12->n13->n14->n24->n25->n26->n36->n37->n27->n28->n29->n30->n20->n10
242,n1->n11->n21->n22->n12->n2->n3->n4->n5->n6->n16->n17->n7->n8->n9->n10
243,n1->n11->n21->n31->n32->n33->n34->n35->n25->n26->n16->n6->n7->n8->n9->n10
244,n1->n2->n12->n22->n32->n33->n34->n35->n25->n15->n16->n17->n18->n19->n20->n10
245,n1->n11->n12->n22->n23->n24->n34->n35->n36->n26->n27->n17->n7->n8->n9->n10
246,n1->n2->n3->n4->n14->n24->n34->n35->n25->n15->n5->n6->n7->n8->n9->n10
247,n1->n2->n3->n4->n14->n24->n34->n35->n36->n37->n38->n39->n40->n30->n20->n10
248,n1->n2->n3->n4->n14->n15->n25->n26->n27->n17->n16->n6->n7->n8->n9->n10
249,n1->n11->n12->n2->n3->n13->n23->n24->n14->n15->n16->n17->n7->n8->n9->n10
250,n1->n11->n21->n31->n32->n33->n34->n35->n25->n15->n16->n6->n7->n8->n9->n10
251,n1->n11->n12->n2->n3->n4->n5->n15->n25->n26->n16->n17->n18->n8->n9->n10
252,n1->n2->n3->n4->n5->n6->n7->n8->n9->n19->n18->n28->n29->n30->n20->n10
253,n1->n2->n3->n13->n23->n33->n34->n35->n36->n37->n38->n28->n29->n30->n20->n10
254,n1->n11->n12->n2->n3->n13->n23->n24->n25->n26->n16->n6->n7->n8->n9->n10
255,n1->n2->n3->n4->n14->n15->n5->n6->n7->n8->n18->n28->n29->n19->n9->n10
256,n1->n11->n21->n31->n32->n33->n23->n24->n25->n15->n16->n6->n7->n8->n9->n10
257,n1->n11->n21->n22->n32->n33->n23->n24->n25->n26->n16->n6->n7->n8->n9->n10
258,n1->n11->n12->n22->n32->n33->n34->n24->n14->n4->n5->n6->n7->n8->n9->n10
259,n1->n2->n12->n11->n21->n22->n23->n24->n14->n15->n16->n17->n7->n8->n9->n10
260,n1->n11->n21->n31->n32->n33->n34->n24->n25->n15->n5->n6->n7->n8->n9->n10
261,n1->n2->n3->n4->n5->n15->n25->n35->n36->n26->n27->n17->n7->n8->n9->n10
262,n1->n11->n21->n22->n23->n24->n34->n35->n36->n37->n27->n17->n18->n8->n9->n10
263,n1->n2->n12->n13->n14->n24->n34->n35->n36->n37->n38->n39->n40->n30->n20->n10
264,n1->n2->n12->n11->n21->n22->n23->n24->n25->n26->n27->n28->n29->n30->n20->n10
265,n1->n2->n12->n13->n3->n4->n14->n24->n25->n26->n27->n28->n18->n8->n9->n10
266,n1->n11->n21->n22->n32->n33->n34->n24->n25->n26->n16->n17->n7->n8->n9->n10
267,n1->n2->n12->n22->n32->n33->n34->n24->n25->n26->n16->n17->n7->n8->n9->n10
268,n1->n2->n12->n22->n23->n24->n25->n26->n27->n28->n38->n39->n29->n19->n9->n10
269,n1->n2->n3->n13->n12->n22->n23->n24->n14->n15->n5->n6->n7->n8->n9->n10
270,n1->n11->n21->n22->n32->n33->n34->n35->n36->n37->n27->n28->n18->n19->n9->n10
271,n1->n11->n12->n13->n14->n24->n34->n35->n36->n26->n27->n28->n29->n30->n20->n10
272,n1->n11->n21->n31->n41->n42->n43->n44->n45->n35->n25->n26->n27->n17->n7->n8->n9->n10
273,n1->n11->n21->n31->n41->n42->n32->n22->n23->n13->n14->n15->n16->n6->n7->n8->n9->n10
274,n1->n2->n3->n4->n5->n6->n16->n15->n25->n35->n36->n37->n27->n28->n18->n8->n9->n10
275,n1->n11->n12->n22->n21->n31->n32->n33->n34->n35->n36->n37->n38->n28->n18->n8->n9->n10
276,n1->n2->n3->n13->n23->n33->n43->n44->n34->n24->n14->n15->n16->n17->n18->n19->n20->n10
277,n1->n11->n21->n31->n32->n42->n43->n44->n34->n24->n25->n26->n27->n17->n18->n19->n9->n10
278,n1->n2->n12->n11->n21->n22->n23->n24->n25->n15->n14->n4->n5->n6->n7->n8->n9->n10
279,n1->n2->n3->n13->n12->n11->n21->n22->n23->n24->n25->n15->n16->n6->n7->n8->n9->n10
280,n1->n11->n12->n13->n23->n24->n25->n26->n16->n17->n27->n37->n38->n39->n29->n19->n9->n10
281,n1->n11->n21->n31->n41->n42->n43->n44->n34->n35->n25->n15->n5->n6->n7->n8->n9->n10
282,n1->n11->n21->n31->n32->n42->n43->n33->n23->n24->n14->n15->n16->n6->n7->n8->n9->n10
283,n1->n11->n21->n31->n41->n42->n43->n33->n23->n13->n3->n4->n5->n6->n7->n8->n9->n10
284,n1->n11->n21->n31->n32->n22->n12->n13->n14->n24->n25->n15->n5->n6->n7->n8->n9->n10
285,n1->n11->n21->n22->n12->n13->n23->n33->n34->n35->n25->n15->n16->n17->n7->n8->n9->n10
286,n1->n11->n21->n31->n41->n42->n32->n33->n34->n35->n36->n37->n27->n17->n18->n19->n9->n10
287,n1->n11->n12->n22->n32->n33->n43->n44->n45->n46->n47->n37->n38->n28->n18->n19->n9->n10
288,n1->n2->n12->n11->n21->n31->n32->n33->n34->n35->n36->n37->n27->n17->n7->n8->n9->n10
289,n1->n11->n21->n31->n41->n42->n32->n33->n23->n13->n3->n4->n5->n6->n7->n8->n9->n10
290,n1->n2->n12->n13->n23->n24->n14->n15->n5->n6->n16->n17->n27->n28->n29->n30->n20->n10
291,n1->n11->n21->n22->n32->n33->n43->n44->n34->n24->n14->n15->n16->n17->n18->n8->n9->n10
292,n1->n11->n12->n22->n21->n31->n32->n33->n23->n13->n3->n4->n5->n6->n7->n8->n9->n10
293,n1->n11->n21->n22->n23->n24->n34->n44->n45->n46->n47->n48->n38->n28->n29->n19->n9->n10
294,n1->n11->n21->n31->n32->n33->n23->n24->n25->n15->n14->n4->n5->n6->n7->n8->n9->n10
295,n1->n2->n12->n13->n3->n4->n5->n15->n14->n24->n25->n26->n16->n6->n7->n8->n9->n10
296,n1->n11->n21->n22->n23->n33->n43->n44->n34->n35->n25->n26->n16->n6->n7->n8->n9->n10
297,n1->n2->n3->n13->n14->n4->n5->n6->n16->n15->n25->n26->n27->n28->n18->n8->n9->n10
298,n1->n11->n21->n31->n32->n42->n43->n33->n34->n24->n25->n15->n16->n6->n7->n8->n9->n10
299,n1->n11->n12->n22->n21->n31->n32->n33->n34->n24->n14->n15->n16->n17->n18->n8->n9->n10
300,n1->n2->n3->n4->n14->n24->n34->n44->n45->n35->n25->n26->n16->n6->n7->n8->n9->n10
301,n1->n11->n12->n22->n21->n31->n32->n33->n34->n24->n25->n26->n27->n28->n18->n19->n9->n10
302,n1->n11->n21->n31->n32->n33->n43->n44->n34->n24->n25->n15->n5->n6->n7->n8->n9->n10
303,n1->n11->n21->n31->n41->n42->n43->n33->n23->n24->n25->n26->n27->n17->n7->n8->n9->n10
304,n1->n11->n12->n2->n3->n13->n23->n33->n34->n24->n25->n26->n27->n28->n29->n19->n20->n10
305,n1->n2->n3->n13->n12->n22->n23->n33->n34->n24->n25->n26->n27->n17->n18->n8->n9->n10
306,n1->n11->n21->n31->n32->n42->n43->n33->n34->n24->n14->n15->n5->n6->n7->n8->n9->n10
307,n1->n11->n21->n31->n41->n42->n43->n44->n45->n35->n25->n15->n16->n17->n7->n8->n9->n10
308,n1->n2->n12->n13->n23->n24->n34->n35->n25->n26->n36->n37->n27->n28->n29->n30->n20->n10
309,n1->n2->n3->n4->n14->n15->n5->n6->n7->n17->n16->n26->n27->n28->n18->n19->n9->n10
310,n1->n11->n12->n22->n21->n31->n32->n33->n23->n24->n14->n4->n5->n6->n7->n8->n9->n10
311,n1->n2->n3->n4->n5->n6->n7->n8->n18->n17->n16->n26->n27->n28->n29->n30->n20->n10
312,n1->n11->n21->n31->n41->n42->n32->n22->n23->n13->n14->n4->n5->n6->n7->n8->n9->n10
313,n1->n11->n21->n22->n32->n42->n43->n33->n23->n13->n14->n4->n5->n6->n7->n8->n9->n10
314,n1->n2->n3->n4->n14->n24->n23->n33->n34->n35->n25->n15->n5->n6->n7->n8->n9->n10
315,n1->n2->n3->n13->n23->n33->n43->n44->n45->n35->n36->n26->n16->n6->n7->n8->n9->n10
316,n1->n11->n21->n31->n32->n22->n23->n33->n34->n35->n36->n37->n27->n28->n18->n8->n9->n10
317,n1->n11->n21->n22->n12->n2->n3->n13->n23->n24->n25->n15->n5->n6->n7->n8->n9->n10
318,n1->n2->n12->n22->n21->n31->n32->n33->n23->n13->n14->n15->n16->n17->n18->n8->n9->n10
319,n1->n11->n12->n2->n3->n13->n14->n15->n16->n26->n36->n37->n38->n39->n29->n30->n20->n10
320,n1->n2->n12->n22->n23->n13->n3->n4->n14->n15->n16->n17->n7->n8->n9->n19->n20->n10
321,n1->n11->n21->n22->n32->n42->n43->n33->n34->n35->n36->n37->n38->n39->n40->n30->n20->n10
322,n1->n2->n12->n11->n21->n22->n23->n33->n34->n24->n14->n4->n5->n6->n7->n8->n9->n10
323,n1->n2->n3->n4->n5->n15->n14->n13->n23->n24->n25->n26->n27->n28->n29->n19->n9->n10
324,n1->n2->n3->n4->n14->n15->n25->n35->n45->n46->n47->n37->n27->n28->n18->n19->n20->n10
325,n1->n11->n21->n31->n41->n42->n43->n44->n45->n46->n47->n48->n38->n28->n18->n8->n9->n10
326,n1->n2->n12->n11->n21->n22->n23->n33->n34->n24->n14->n15->n16->n6->n7->n8->n9->n10
327,n1->n11->n21->n31->n32->n33->n34->n24->n25->n15->n14->n4->n5->n6->n7->n8->n9->n10
328,n1->n2->n12->n13->n14->n4->n5->n6->n7->n8->n9->n19->n18->n28->n29->n30->n20->n10
329,n1->n11->n12->n22->n21->n31->n32->n33->n34->n35->n36->n37->n27->n17->n18->n19->n20->n10
330,n1->n11->n21->n22->n32->n42->n43->n44->n34->n24->n25->n26->n16->n17->n7->n8->n9->n10
331,n1->n11->n12->n2->n3->n13->n14->n15->n25->n35->n36->n26->n16->n17->n7->n8->n9->n10
332,n1->n11->n21->n31->n32->n33->n34->n35->n36->n46->n47->n37->n38->n39->n40->n30->n20->n10
333,n1->n11->n12->n13->n14->n15->n25->n24->n34->n35->n36->n26->n27->n28->n29->n30->n20->n10
334,n1->n11->n12->n22->n32->n42->n43->n33->n23->n24->n14->n15->n16->n17->n18->n8->n9->n10
335,n1->n2->n12->n11->n21->n22->n32->n33->n23->n13->n3->n4->n5->n6->n7->n8->n9->n10
336,n1->n11->n12->n2->n3->n13->n14->n24->n34->n35->n36->n26->n27->n17->n7->n8->n9->n10
337,n1->n2->n3->n4->n5->n6->n16->n15->n25->n26->n27->n17->n18->n28->n29->n19->n20->n10
338,n1->n2->n12->n22->n32->n33->n43->n44->n34->n24->n14->n15->n5->n6->n7->n8->n9->n10
339,n1->n2->n3->n13->n12->n22->n32->n33->n34->n35->n25->n15->n16->n6->n7->n8->n9->n10
340,n1->n2->n12->n13->n14->n15->n25->n35->n36->n37->n47->n48->n49->n50->n40->n30->n20->n10
341,n1->n11->n21->n31->n41->n42->n32->n22->n12->n13->n14->n15->n16->n6->n7->n8->n9->n10
342,n1->n11->n21->n22->n12->n13->n23->n33->n34->n24->n14->n15->n16->n17->n18->n19->n9->n10
343,n1->n2->n12->n13->n3->n4->n5->n15->n16->n6->n7->n8->n18->n28->n29->n19->n9->n10
344,n1->n2->n3->n13->n14->n4->n5->n6->n7->n8->n18->n17->n27->n28->n29->n19->n20->n10
345,n1->n11->n21->n22->n12->n13->n23->n24->n25->n26->n36->n37->n27->n28->n18->n8->n9->n10
346,n1->n2->n12->n11->n21->n31->n32->n22->n23->n24->n14->n15->n16->n17->n7->n8->n9->n10
347,n1->n11->n21->n31->n32->n22->n23->n33->n34->n24->n25->n15->n16->n17->n7->n8->n9->n10
348,n1->n11->n21->n31->n32->n22->n12->n2->n3->n13->n14->n15->n5->n6->n7->n8->n9->n10
349,n1->n2->n12->n11->n21->n31->n32->n22->n23->n13->n3->n4->n5->n6->n7->n8->n9->n10
350,n1->n11->n21->n31->n41->n42->n32->n33->n23->n13->n14->n4->n5->n6->n7->n8->n9->n10
351,n1->n11->n21->n31->n41->n42->n32->n22->n23->n13->n14->n15->n16->n17->n18->n19->n20->n10
352,n1->n11->n12->n2->n3->n4->n14->n13->n23->n24->n25->n15->n5->n6->n7->n8->n9->n10
353,n1->n11->n21->n31->n32->n22->n12->n2->n3->n4->n14->n15->n16->n17->n7->n8->n9->n10
354,n1->n11->n12->n13->n23->n24->n25->n35->n45->n46->n47->n37->n27->n28->n18->n8->n9->n10
355,n1->n11->n21->n22->n32->n33->n23->n24->n25->n15->n14->n4->n5->n6->n7->n8->n9->n10
356,n1->n2->n12->n11->n21->n31->n32->n33->n34->n24->n14->n15->n5->n6->n7->n8->n9->n10
357,n1->n11->n12->n22->n21->n31->n32->n33->n34->n24->n25->n26->n27->n17->n18->n8->n9->n10
358,n1->n11->n12->n13->n14->n15->n25->n35->n36->n46->n47->n48->n49->n39->n40->n30->n20->n10
359,n1->n11->n12->n2->n3->n13->n23->n33->n34->n35->n36->n26->n27->n28->n18->n8->n9->n10
360,n1->n11->n12->n22->n21->n31->n32->n33->n34->n24->n14->n15->n16->n6->n7->n8->n9->n10
361,n1->n11->n21->n31->n41->n42->n43->n44->n45->n35->n25->n26->n16->n6->n7->n8->n9->n10
362,n1->n11->n12->n13->n23->n24->n34->n44->n45->n35->n36->n37->n38->n28->n18->n19->n9->n10
363,n1->n2->n12->n11->n21->n22->n32->n33->n34->n35->n36->n37->n38->n39->n40->n30->n20->n10
364,n1->n2->n3->n13->n14->n4->n5->n15->n25->n35->n36->n37->n27->n17->n18->n19->n20->n10
365,n1->n11->n21->n22->n12->n13->n23->n24->n25->n26->n27->n17->n7->n8->n18->n19->n9->n10
366,n1->n2->n12->n22->n32->n42->n43->n33->n34->n35->n25->n15->n5->n6->n7->n8->n9->n10
367,n1->n2->n3->n13->n23->n24->n14->n15->n25->n26->n36->n37->n38->n28->n18->n19->n9->n10
368,n1->n11->n12->n13->n14->n24->n25->n15->n16->n26->n27->n37->n38->n39->n40->n30->n20->n10
369,n1->n11->n21->n22->n12->n13->n23->n24->n14->n4->n5->n6->n16->n17->n18->n19->n9->n10
370,n1->n2->n3->n4->n5->n15->n25->n26->n36->n46->n47->n37->n38->n39->n40->n30->n20->n10
371,n1->n11->n21->n31->n32->n22->n23->n33->n34->n35->n25->n15->n16->n17->n18->n8->n9->n10
372,n1->n11->n21->n31->n32->n33->n23->n22->n12->n2->n3->n4->n5->n6->n7->n8->n9->n10
373,n1->n11->n21->n31->n32->n33->n23->n13->n14->n24->n25->n15->n16->n6->n7->n8->n9->n10
374,n1->n11->n12->n22->n21->n31->n32->n33->n34->n35->n36->n26->n27->n28->n29->n30->n20->n10
375,n1->n2->n3->n13->n12->n22->n23->n24->n14->n15->n25->n26->n27->n28->n29->n30->n20->n10
376,n1->n11->n12->n2->n3->n13->n14->n15->n16->n26->n36->n37->n27->n17->n7->n8->n9->n10
377,n1->n2->n3->n13->n12->n11->n21->n22->n23->n24->n14->n15->n16->n17->n7->n8->n9->n10
378,n1->n11->n21->n31->n32->n33->n23->n13->n12->n2->n3->n4->n5->n6->n7->n8->n9->n10
379,n1->n11->n12->n22->n32->n42->n43->n44->n45->n35->n25->n15->n5->n6->n7->n8->n9->n10
380,n1->n2->n3->n4->n14->n15->n16->n17->n27->n26->n36->n37->n38->n39->n40->n30->n20->n10
381,n1->n2->n3->n4->n14->n24->n25->n35->n36->n46->n47->n37->n38->n39->n40->n30->n20->n10
382,n1->n11->n21->n31->n32->n42->n43->n33->n23->n24->n14->n15->n5->n6->n7->n8->n9->n10
383,n1->n2->n12->n22->n23->n24->n14->n4->n5->n6->n7->n8->n9->n19->n29->n30->n20->n10
384,n1->n2->n3->n13->n12->n22->n23->n33->n34->n24->n25->n26->n27->n28->n29->n19->n9->n10
385,n1->n2->n3->n4->n5->n6->n16->n15->n14->n24->n25->n26->n27->n28->n18->n19->n9->n10
386,n1->n11->n12->n13->n14->n24->n23->n22->n32->n33->n34->n35->n25->n26->n27->n17->n7->n8->n9->n10
387,n1->n11->n21->n31->n41->n51->n52->n53->n54->n55->n45->n35->n25->n26->n27->n17->n18->n8->n9->n10
388,n1->n2->n12->n13->n23->n22->n21->n31->n32->n33->n34->n24->n25->n15->n5->n6->n7->n8->n9->n10
389,n1->n2->n3->n13->n12->n11->n21->n31->n32->n33->n23->n24->n25->n15->n16->n6->n7->n8->n9->n10
390,n1->n2->n3->n13->n12->n11->n21->n31->n32->n22->n23->n24->n25->n26->n16->n17->n7->n8->n9->n10
391,n1->n11->n21->n22->n23->n13->n14->n4->n5->n15->n25->n35->n36->n37->n27->n17->n7->n8->n9->n10
392,n1->n2->n12->n22->n21->n31->n32->n33->n23->n13->n3->n4->n14->n15->n16->n17->n7->n8->n9->n10
393,n1->n11->n21->n31->n41->n51->n52->n53->n54->n44->n34->n24->n25->n26->n16->n6->n7->n8->n9->n10
394,n1->n2->n12->n11->n21->n31->n32->n42->n43->n44->n34->n24->n14->n15->n16->n17->n18->n19->n20->n10
395,n1->n11->n21->n31->n41->n51->n52->n42->n43->n33->n34->n35->n36->n26->n27->n17->n7->n8->n9->n10
396,n1->n11->n12->n22->n32->n42->n52->n53->n54->n55->n56->n46->n47->n37->n38->n28->n18->n19->n20->n10
397,n1->n11->n12->n22->n23->n13->n3->n4->n14->n24->n34->n35->n36->n37->n27->n28->n29->n19->n20->n10
398,n1->n11->n21->n22->n32->n33->n34->n35->n45->n55->n56->n46->n36->n26->n27->n17->n18->n19->n20->n10
399,n1->n2->n3->n13->n23->n33->n43->n53->n54->n55->n45->n46->n36->n37->n38->n28->n29->n30->n20->n10
400,n1->n11->n21->n22->n23->n13->n3->n4->n14->n24->n34->n35->n25->n26->n16->n6->n7->n8->n9->n10
401,n1->n11->n21->n31->n32->n22->n12->n2->n3->n4->n14->n15->n25->n26->n16->n6->n7->n8->n9->n10
402,n1->n11->n21->n31->n41->n51->n52->n53->n43->n44->n34->n35->n36->n37->n27->n17->n7->n8->n9->n10
403,n1->n2->n3->n4->n14->n13->n12->n11->n21->n22->n23->n24->n25->n15->n16->n17->n18->n8->n9->n10
404,n1->n11->n12->n22->n21->n31->n41->n42->n32->n33->n23->n24->n14->n15->n16->n6->n7->n8->n9->n10
405,n1->n11->n12->n13->n3->n4->n14->n24->n34->n35->n45->n46->n36->n26->n27->n28->n29->n30->n20->n10
406,n1->n11->n12->n2->n3->n13->n23->n24->n34->n35->n25->n15->n16->n17->n7->n8->n18->n19->n20->n10
407,n1->n11->n21->n22->n12->n2->n3->n4->n14->n15->n16->n6->n7->n17->n18->n28->n29->n30->n20->n10
408,n1->n11->n21->n31->n32->n33->n43->n44->n34->n24->n23->n13->n14->n4->n5->n6->n7->n8->n9->n10
409,n1->n11->n12->n13->n23->n33->n32->n42->n43->n44->n34->n24->n25->n26->n16->n6->n7->n8->n9->n10
410,n1->n11->n21->n22->n23->n33->n34->n35->n36->n46->n56->n57->n58->n59->n49->n50->n40->n30->n20->n10
411,n1->n11->n12->n22->n32->n42->n43->n33->n34->n24->n23->n13->n3->n4->n5->n6->n7->n8->n9->n10
412,n1->n11->n21->n22->n23->n13->n14->n15->n16->n26->n36->n37->n38->n28->n29->n30->n20->n19->n9->n10
413,n1->n11->n21->n22->n23->n33->n34->n24->n25->n35->n45->n46->n47->n37->n38->n39->n29->n30->n20->n10
414,n1->n2->n12->n13->n23->n33->n34->n24->n14->n4->n5->n15->n25->n26->n16->n17->n7->n8->n9->n10
415,n1->n2->n12->n22->n21->n31->n32->n33->n23->n24->n25->n35->n36->n26->n27->n17->n18->n19->n9->n10
416,n1->n2->n12->n22->n21->n31->n41->n42->n43->n33->n23->n13->n14->n15->n5->n6->n7->n8->n9->n10
417,n1->n11->n21->n31->n32->n42->n43->n53->n54->n44->n34->n35->n36->n37->n27->n17->n18->n8->n9->n10
418,n1->n2->n3->n4->n5->n6->n7->n17->n18->n19->n29->n28->n38->n48->n49->n50->n40->n30->n20->n10
419,n1->n2->n3->n13->n14->n24->n25->n35->n36->n26->n16->n17->n7->n8->n18->n28->n29->n30->n20->n10
420,n1->n2->n12->n11->n21->n22->n32->n33->n43->n44->n45->n46->n36->n37->n27->n17->n18->n8->n9->n10
421,n1->n2->n3->n13->n14->n24->n23->n22->n32->n33->n34->n35->n25->n26->n27->n28->n29->n30->n20->n10
422,n1->n2->n3->n4->n14->n15->n5->n6->n16->n26->n36->n46->n47->n48->n49->n50->n40->n30->n20->n10
423,n1->n2->n3->n4->n14->n13->n12->n11->n21->n22->n23->n24->n25->n26->n27->n17->n7->n8->n9->n10
424,n1->n2->n3->n4->n14->n13->n23->n24->n25->n26->n36->n37->n27->n17->n7->n8->n18->n19->n20->n10
425,n1->n2->n3->n13->n12->n11->n21->n22->n32->n33->n23->n24->n25->n26->n27->n28->n29->n19->n20->n10
426,n1->n2->n12->n22->n32->n31->n41->n42->n43->n33->n34->n35->n36->n37->n27->n28->n29->n30->n20->n10
427,n1->n11->n21->n31->n41->n51->n52->n53->n54->n55->n56->n57->n58->n59->n60->n50->n40->n30->n20->n10
428,n1->n11->n12->n2->n3->n4->n5->n6->n16->n15->n25->n35->n36->n26->n27->n17->n18->n8->n9->n10
429,n1->n2->n3->n4->n14->n15->n5->n6->n16->n17->n27->n26->n36->n37->n38->n28->n18->n19->n20->n10
430,n1->n2->n3->n13->n12->n22->n32->n42->n43->n33->n34->n35->n25->n26->n16->n17->n7->n8->n9->n10
431,n1->n11->n12->n2->n3->n13->n23->n33->n34->n35->n45->n46->n47->n37->n27->n17->n18->n19->n9->n10
432,n1->n2->n3->n4->n5->n15->n25->n26->n36->n46->n56->n57->n58->n59->n60->n50->n40->n30->n20->n10
433,n1->n2->n3->n4->n14->n24->n34->n33->n43->n44->n45->n35->n36->n37->n38->n39->n40->n30->n20->n10
434,n1->n2->n3->n13->n14->n24->n34->n44->n54->n55->n56->n57->n58->n59->n60->n50->n40->n30->n20->n10
435,n1->n11->n12->n2->n3->n4->n5->n15->n16->n17->n27->n26->n36->n37->n38->n28->n18->n8->n9->n10
436,n1->n2->n12->n11->n21->n31->n32->n33->n43->n44->n45->n46->n36->n26->n16->n6->n7->n8->n9->n10
437,n1->n11->n21->n22->n12->n2->n3->n4->n5->n15->n16->n6->n7->n17->n27->n28->n29->n30->n20->n10
438,n1->n11->n12->n2->n3->n4->n14->n13->n23->n33->n34->n24->n25->n15->n16->n17->n18->n8->n9->n10
439,n1->n11->n12->n22->n23->n24->n34->n44->n54->n55->n56->n46->n36->n26->n27->n17->n18->n19->n20->n10
440,n1->n11->n12->n13->n23->n33->n32->n42->n43->n44->n45->n35->n25->n26->n16->n17->n7->n8->n9->n10
441,n1->n2->n3->n4->n5->n6->n16->n26->n25->n35->n36->n37->n38->n48->n49->n39->n29->n19->n20->n10
442,n1->n11->n12->n2->n3->n13->n23->n22->n32->n33->n34->n35->n25->n15->n5->n6->n7->n8->n9->n10
443,n1->n11->n12->n22->n21->n31->n32->n33->n43->n44->n45->n35->n25->n15->n5->n6->n7->n8->n9->n10
444,n1->n11->n21->n22->n23->n24->n25->n35->n34->n44->n45->n46->n47->n37->n38->n39->n29->n30->n20->n10
445,n1->n11->n21->n31->n41->n51->n52->n42->n32->n22->n23->n24->n14->n4->n5->n6->n7->n8->n9->n10
446,n1->n11->n12->n13->n23->n33->n34->n44->n45->n55->n56->n46->n36->n37->n38->n28->n18->n19->n20->n10
447,n1->n2->n3->n13->n23->n33->n43->n44->n54->n55->n45->n46->n47->n48->n49->n50->n40->n30->n20->n10
448,n1->n2->n3->n4->n5->n6->n16->n15->n25->n35->n45->n46->n47->n37->n38->n28->n29->n19->n20->n10
449,n1->n2->n12->n22->n23->n24->n14->n13->n3->n4->n5->n6->n16->n26->n27->n17->n7->n8->n9->n10
450,n1->n2->n12->n11->n21->n31->n41->n42->n43->n33->n34->n24->n25->n26->n16->n6->n7->n8->n9->n10
451,n1->n2->n12->n22->n32->n33->n34->n24->n23->n13->n14->n15->n25->n26->n16->n17->n7->n8->n9->n10
452,n1->n11->n21->n31->n41->n51->n52->n42->n43->n33->n23->n13->n3->n4->n5->n6->n7->n8->n9->n10
453,n1->n11->n21->n31->n41->n42->n43->n53->n54->n55->n45->n46->n36->n37->n27->n28->n18->n19->n9->n10
454,n1->n11->n21->n22->n12->n13->n14->n24->n34->n44->n45->n46->n47->n48->n49->n50->n40->n30->n20->n10
455,n1->n2->n3->n13->n23->n33->n34->n44->n45->n55->n56->n57->n58->n48->n49->n50->n40->n30->n20->n10
456,n1->n11->n21->n31->n32->n22->n23->n13->n12->n2->n3->n4->n5->n15->n16->n6->n7->n8->n9->n10
457,n1->n2->n3->n13->n14->n15->n25->n35->n36->n37->n27->n28->n29->n39->n40->n30->n20->n19->n9->n10
458,n1->n11->n21->n31->n32->n22->n12->n13->n3->n4->n14->n15->n16->n17->n27->n28->n29->n30->n20->n10
459,n1->n2->n3->n13->n12->n22->n32->n42->n43->n44->n34->n24->n14->n15->n16->n17->n7->n8->n9->n10
460,n1->n11->n12->n2->n3->n4->n14->n13->n23->n33->n34->n24->n25->n15->n16->n17->n7->n8->n9->n10
461,n1->n11->n12->n2->n3->n13->n23->n22->n32->n33->n34->n35->n25->n26->n16->n17->n7->n8->n9->n10
462,n1->n11->n12->n22->n32->n31->n41->n42->n43->n44->n45->n46->n36->n37->n27->n17->n7->n8->n9->n10
463,n1->n11->n21->n22->n12->n2->n3->n4->n14->n24->n25->n15->n5->n6->n7->n17->n18->n19->n20->n10
464,n1->n11->n21->n22->n12->n2->n3->n4->n14->n24->n34->n35->n36->n26->n27->n28->n18->n8->n9->n10
465,n1->n11->n21->n22->n23->n33->n34->n24->n14->n13->n3->n4->n5->n6->n7->n17->n18->n19->n9->n10
466,n1->n11->n21->n31->n41->n42->n43->n44->n45->n55->n56->n46->n36->n37->n27->n28->n18->n19->n9->n10
467,n1->n11->n12->n2->n3->n13->n23->n33->n43->n44->n34->n35->n36->n37->n27->n28->n18->n8->n9->n10
468,n1->n2->n3->n13->n12->n11->n21->n31->n32->n22->n23->n24->n25->n15->n16->n6->n7->n8->n9->n10
469,n1->n11->n21->n22->n32->n33->n23->n13->n14->n24->n34->n35->n25->n26->n16->n6->n7->n8->n9->n10
470,n1->n11->n12->n22->n21->n31->n32->n42->n43->n33->n23->n13->n14->n4->n5->n6->n7->n8->n9->n10
471,n1->n11->n21->n31->n41->n42->n52->n53->n54->n55->n45->n46->n47->n37->n38->n39->n40->n30->n20->n10
472,n1->n2->n3->n4->n14->n15->n5->n6->n7->n17->n27->n28->n38->n48->n49->n39->n29->n30->n20->n10
473,n1->n2->n12->n22->n21->n31->n41->n42->n43->n44->n34->n24->n14->n4->n5->n6->n7->n8->n9->n10
474,n1->n11->n21->n31->n41->n51->n52->n42->n32->n22->n23->n13->n3->n4->n5->n6->n7->n8->n9->n10
475,n1->n11->n21->n22->n12->n2->n3->n13->n23->n24->n34->n35->n36->n37->n38->n39->n29->n30->n20->n10
476,n1->n2->n12->n13->n14->n15->n16->n17->n27->n26->n36->n46->n47->n48->n49->n50->n40->n30->n20->n10
477,n1->n11->n21->n22->n32->n31->n41->n42->n43->n44->n34->n24->n14->n4->n5->n6->n7->n8->n9->n10
478,n1->n11->n12->n22->n32->n42->n52->n53->n43->n33->n23->n24->n25->n15->n16->n6->n7->n8->n9->n10
479,n1->n11->n21->n31->n41->n42->n43->n53->n54->n44->n45->n35->n25->n26->n16->n6->n7->n8->n9->n10
480,n1->n11->n21->n31->n41->n42->n52->n53->n43->n33->n34->n35->n36->n37->n27->n17->n18->n19->n9->n10
481,n1->n11->n12->n22->n32->n33->n34->n44->n45->n46->n56->n57->n47->n48->n38->n39->n29->n19->n20->n10
482,n1->n11->n21->n22->n32->n33->n43->n44->n54->n55->n45->n46->n47->n48->n38->n28->n18->n8->n9->n10
483,n1->n11->n21->n31->n32->n42->n52->n53->n54->n55->n56->n57->n47->n37->n27->n17->n18->n19->n9->n10
484,n1->n2->n12->n22->n32->n31->n41->n42->n43->n33->n34->n24->n25->n26->n27->n28->n29->n30->n20->n10
485,n1->n11->n12->n22->n21->n31->n41->n42->n43->n44->n34->n24->n14->n4->n5->n6->n7->n8->n9->n10
486,n1->n11->n21->n22->n12->n13->n23->n24->n34->n44->n45->n46->n47->n37->n27->n17->n18->n8->n9->n10
487,n1->n2->n12->n22->n32->n33->n34->n24->n14->n4->n5->n6->n16->n17->n27->n28->n18->n8->n9->n10
488,n1->n11->n21->n22->n12->n2->n3->n13->n14->n4->n5->n6->n7->n17->n18->n28->n29->n30->n20->n10
489,n1->n2->n3->n13->n12->n22->n23->n33->n34->n35->n36->n37->n27->n26->n16->n6->n7->n8->n9->n10
490,n1->n2->n3->n13->n14->n4->n5->n15->n25->n24->n34->n35->n36->n37->n27->n17->n18->n8->n9->n10
491,n1->n11->n12->n2->n3->n13->n23->n33->n43->n44->n34->n35->n36->n26->n16->n17->n18->n19->n9->n10
492,n1->n11->n21->n22->n12->n2->n3->n4->n14->n24->n25->n35->n36->n37->n27->n28->n29->n30->n20->n10
493,n1->n2->n12->n13->n23->n22->n21->n31->n32->n33->n34->n24->n14->n15->n16->n6->n7->n8->n9->n10
494,n1->n11->n21->n31->n32->n33->n23->n22->n12->n13->n3->n4->n14->n15->n16->n6->n7->n8->n9->n10
495,n1->n11->n12->n2->n3->n4->n5->n6->n16->n26->n36->n37->n38->n28->n29->n30->n20->n19->n9->n10
496,n1->n2->n3->n4->n14->n13->n23->n22->n32->n33->n34->n35->n36->n37->n38->n39->n29->n30->n20->n10
497,n1->n11->n12->n13->n3->n4->n14->n24->n25->n15->n16->n26->n36->n37->n38->n39->n40->n30->n20->n10
498,n1->n11->n21->n22->n32->n31->n41->n42->n43->n44->n45->n35->n36->n26->n27->n28->n29->n30->n20->n10
499,n1->n2->n12->n11->n21->n31->n41->n42->n43->n33->n23->n13->n3->n4->n5->n6->n7->n8->n9->n10
500,n1->n11->n12->n2->n3->n13->n23->n33->n43->n53->n54->n55->n56->n57->n47->n37->n38->n28->n18->n19->n20->n10
501,n1->n2->n3->n4->n14->n13->n12->n22->n21->n31->n32->n33->n34->n35->n36->n37->n27->n17->n7->n8->n9->n10
502,n1->n2->n12->n11->n21->n22->n32->n33->n23->n24->n25->n26->n16->n15->n5->n6->n7->n8->n9->n19->n20->n10
503,n1->n11->n12->n2->n3->n4->n14->n13->n23->n22->n32->n33->n34->n35->n36->n37->n27->n28->n29->n30->n20->n10
504,n1->n11->n21->n31->n41->n51->n52->n42->n43->n53->n54->n44->n34->n35->n36->n37->n38->n39->n29->n19->n20->n10
505,n1->n2->n12->n22->n21->n31->n41->n42->n32->n33->n23->n24->n14->n13->n3->n4->n5->n6->n7->n8->n9->n10
506,n1->n2->n3->n13->n12->n11->n21->n22->n32->n33->n23->n24->n34->n35->n25->n26->n16->n6->n7->n8->n9->n10
507,n1->n11->n21->n22->n12->n2->n3->n13->n23->n33->n43->n44->n45->n46->n36->n37->n38->n28->n29->n30->n20->n10
508,n1->n11->n12->n13->n14->n4->n5->n15->n25->n24->n23->n33->n34->n35->n36->n37->n27->n17->n7->n8->n9->n10
509,n1->n2->n12->n11->n21->n22->n32->n31->n41->n42->n43->n33->n23->n24->n14->n4->n5->n6->n7->n8->n9->n10
510,n1->n2->n12->n22->n32->n42->n52->n62->n63->n64->n65->n66->n67->n57->n58->n59->n60->n50->n40->n30->n20->n10
511,n1->n11->n21->n31->n41->n51->n52->n62->n63->n64->n54->n44->n34->n35->n36->n26->n27->n17->n18->n8->n9->n10
512,n1->n2->n12->n13->n3->n4->n14->n24->n34->n35->n36->n26->n25->n15->n16->n6->n7->n8->n18->n19->n9->n10
513,n1->n11->n21->n31->n32->n22->n23->n33->n43->n53->n54->n44->n34->n24->n25->n26->n16->n6->n7->n8->n9->n10
514,n1->n11->n21->n31->n32->n42->n41->n51->n52->n53->n43->n44->n45->n46->n47->n48->n38->n28->n29->n19->n20->n10
515,n1->n2->n12->n11->n21->n31->n32->n22->n23->n24->n25->n35->n36->n37->n27->n26->n16->n17->n18->n8->n9->n10
516,n1->n2->n12->n11->n21->n31->n32->n22->n23->n24->n34->n44->n45->n46->n47->n48->n38->n28->n29->n30->n20->n10
517,n1->n2->n3->n13->n12->n11->n21->n31->n32->n42->n43->n33->n23->n24->n25->n26->n16->n17->n7->n8->n9->n10
518,n1->n11->n21->n22->n12->n13->n3->n4->n5->n15->n16->n26->n36->n46->n47->n37->n27->n28->n18->n8->n9->n10
519,n1->n2->n3->n13->n12->n22->n32->n31->n41->n42->n43->n33->n23->n24->n25->n15->n5->n6->n7->n8->n9->n10
520,n1->n11->n21->n22->n23->n13->n12->n2->n3->n4->n14->n15->n25->n26->n27->n17->n18->n28->n29->n30->n20->n10
521,n1->n2->n3->n4->n14->n24->n34->n44->n54->n55->n45->n35->n25->n26->n16->n15->n5->n6->n7->n8->n9->n10
522,n1->n11->n21->n31->n41->n51->n61->n62->n52->n53->n54->n55->n56->n57->n47->n37->n38->n28->n18->n8->n9->n10
523,n1->n2->n3->n4->n14->n13->n12->n22->n23->n33->n34->n44->n45->n46->n47->n37->n38->n39->n29->n19->n9->n10
524,n1->n2->n3->n4->n14->n24->n34->n35->n25->n15->n5->n6->n7->n17->n18->n28->n29->n39->n40->n30->n20->n10
525,n1->n2->n3->n4->n5->n15->n14->n13->n23->n33->n43->n44->n45->n46->n47->n48->n49->n39->n40->n30->n20->n10
526,n1->n2->n12->n13->n14->n15->n25->n24->n34->n44->n54->n55->n45->n46->n47->n37->n38->n28->n29->n19->n9->n10
527,n1->n11->n21->n31->n41->n42->n52->n53->n43->n33->n34->n35->n25->n26->n27->n17->n16->n6->n7->n8->n9->n10
528,n1->n2->n12->n11->n21->n31->n41->n51->n52->n42->n32->n22->n23->n24->n14->n4->n5->n6->n7->n8->n9->n10
529,n1->n11->n12->n2->n3->n4->n14->n24->n25->n35->n36->n37->n47->n57->n58->n59->n60->n50->n40->n30->n20->n10
530,n1->n2->n3->n13->n23->n24->n25->n26->n36->n46->n47->n37->n27->n17->n16->n15->n5->n6->n7->n8->n9->n10
531,n1->n11->n21->n31->n41->n51->n52->n62->n63->n53->n54->n55->n45->n35->n36->n26->n16->n6->n7->n8->n9->n10
532,n1->n11->n12->n22->n23->n24->n14->n15->n25->n26->n36->n46->n56->n57->n58->n59->n49->n50->n40->n30->n20->n10
533,n1->n2->n12->n11->n21->n22->n23->n13->n3->n4->n14->n15->n16->n26->n36->n37->n27->n17->n7->n8->n9->n10
534,n1->n11->n12->n22->n23->n24->n34->n44->n43->n53->n54->n55->n45->n46->n47->n37->n27->n17->n7->n8->n9->n10
535,n1->n11->n12->n22->n21->n31->n41->n51->n52->n42->n32->n33->n23->n24->n14->n4->n5->n6->n7->n8->n9->n10
536,n1->n2->n3->n4->n5->n6->n7->n8->n9->n19->n18->n17->n27->n37->n38->n48->n49->n50->n40->n30->n20->n10
537,n1->n11->n12->n13->n14->n24->n34->n44->n45->n35->n25->n15->n16->n26->n27->n28->n18->n17->n7->n8->n9->n10
538,n1->n11->n21->n22->n23->n24->n34->n35->n45->n46->n36->n37->n27->n17->n18->n28->n38->n39->n29->n19->n20->n10
539,n1->n11->n21->n22->n12->n13->n23->n24->n34->n35->n25->n26->n36->n37->n27->n17->n16->n6->n7->n8->n9->n10
540,n1->n11->n21->n31->n32->n42->n41->n51->n52->n53->n54->n44->n34->n35->n36->n26->n27->n28->n18->n19->n20->n10
541,n1->n2->n3->n13->n23->n22->n21->n31->n41->n42->n43->n44->n34->n35->n25->n15->n16->n17->n7->n8->n9->n10
542,n1->n2->n3->n4->n14->n13->n12->n11->n21->n31->n32->n22->n23->n24->n25->n15->n16->n6->n7->n8->n9->n10
543,n1->n11->n12->n2->n3->n4->n5->n6->n16->n26->n27->n37->n47->n48->n49->n50->n40->n39->n29->n30->n20->n10
544,n1->n11->n21->n31->n41->n42->n52->n53->n43->n33->n23->n22->n12->n2->n3->n4->n5->n6->n7->n8->n9->n10
545,n1->n2->n12->n11->n21->n22->n23->n33->n34->n24->n25->n15->n16->n6->n7->n17->n27->n28->n29->n19->n20->n10
546,n1->n2->n3->n13->n12->n22->n21->n31->n32->n42->n43->n44->n34->n24->n25->n15->n16->n17->n18->n19->n20->n10
547,n1->n11->n21->n22->n12->n2->n3->n4->n14->n15->n5->n6->n16->n17->n18->n28->n38->n39->n40->n30->n20->n10
548,n1->n11->n21->n31->n41->n51->n61->n62->n52->n42->n43->n44->n34->n35->n25->n26->n16->n6->n7->n8->n9->n10
549,n1->n2->n3->n13->n12->n22->n23->n24->n14->n15->n25->n35->n45->n46->n47->n37->n38->n28->n18->n19->n9->n10
550,n1->n11->n12->n13->n23->n22->n32->n33->n43->n44->n54->n55->n56->n57->n58->n48->n49->n39->n29->n30->n20->n10
551,n1->n11->n12->n13->n23->n22->n32->n42->n43->n44->n45->n46->n36->n37->n27->n26->n16->n17->n18->n8->n9->n10
552,n1->n11->n21->n31->n41->n51->n52->n62->n63->n53->n54->n44->n45->n46->n36->n37->n38->n39->n29->n30->n20->n10
553,n1->n2->n3->n4->n14->n13->n12->n11->n21->n31->n32->n22->n23->n24->n25->n15->n5->n6->n7->n8->n9->n10
554,n1->n11->n21->n31->n32->n42->n52->n62->n63->n64->n54->n44->n34->n35->n25->n26->n27->n17->n18->n19->n9->n10
555,n1->n11->n12->n2->n3->n13->n23->n22->n32->n42->n43->n33->n34->n24->n14->n4->n5->n6->n7->n8->n9->n10
556,n1->n2->n12->n11->n21->n22->n32->n42->n43->n53->n54->n44->n34->n35->n25->n15->n16->n6->n7->n8->n9->n10
557,n1->n11->n21->n22->n12->n13->n3->n4->n5->n15->n16->n6->n7->n17->n18->n28->n29->n39->n40->n30->n20->n10
558,n1->n11->n21->n31->n41->n51->n61->n62->n52->n42->n32->n33->n34->n24->n14->n15->n16->n6->n7->n8->n9->n10
559,n1->n2->n3->n4->n5->n15->n16->n26->n36->n35->n45->n46->n56->n57->n58->n48->n38->n39->n29->n30->n20->n10
560,n1->n11->n21->n22->n12->n13->n3->n4->n14->n15->n25->n26->n36->n46->n47->n37->n27->n28->n29->n30->n20->n10
561,n1->n11->n12->n13->n23->n22->n21->n31->n41->n42->n43->n44->n45->n46->n47->n37->n38->n39->n40->n30->n20->n10
562,n1->n2->n12->n11->n21->n22->n32->n31->n41->n42->n43->n44->n34->n35->n25->n26->n16->n6->n7->n8->n9->n10
563,n1->n2->n12->n22->n23->n24->n14->n13->n3->n4->n5->n15->n16->n6->n7->n8->n18->n28->n29->n30->n20->n10
564,n1->n2->n3->n4->n5->n6->n16->n15->n14->n24->n23->n33->n34->n35->n36->n26->n27->n28->n18->n19->n20->n10
565,n1->n2->n12->n22->n23->n13->n3->n4->n5->n15->n14->n24->n25->n26->n16->n17->n27->n28->n18->n8->n9->n10
566,n1->n2->n12->n22->n32->n31->n41->n51->n52->n42->n43->n44->n34->n35->n36->n26->n27->n28->n18->n8->n9->n10
567,n1->n11->n12->n2->n3->n13->n23->n22->n21->n31->n32->n33->n34->n35->n25->n15->n5->n6->n7->n8->n9->n10
568,n1->n2->n3->n13->n23->n22->n12->n11->n21->n31->n32->n33->n34->n24->n14->n4->n5->n6->n7->n8->n9->n10
569,n1->n11->n21->n31->n41->n42->n52->n53->n54->n64->n65->n55->n56->n46->n47->n37->n27->n17->n18->n19->n9->n10
570,n1->n2->n12->n11->n21->n31->n41->n51->n52->n42->n43->n44->n45->n35->n36->n26->n27->n17->n7->n8->n9->n10
571,n1->n11->n12->n22->n21->n31->n41->n42->n43->n53->n54->n44->n34->n35->n25->n26->n27->n28->n29->n19->n20->n10
572,n1->n11->n12->n2->n3->n13->n23->n24->n14->n4->n5->n6->n16->n26->n27->n37->n38->n28->n29->n19->n9->n10
573,n1->n2->n12->n13->n14->n24->n34->n44->n54->n55->n65->n66->n56->n57->n47->n48->n38->n39->n40->n30->n20->n10
574,n1->n11->n21->n31->n41->n51->n52->n62->n63->n64->n54->n55->n56->n57->n47->n37->n27->n17->n7->n8->n9->n10
575,n1->n2->n3->n13->n12->n22->n32->n33->n43->n44->n45->n55->n56->n46->n47->n37->n27->n17->n7->n8->n9->n10
576,n1->n2->n12->n11->n21->n31->n32->n33->n43->n44->n34->n35->n36->n26->n16->n15->n5->n6->n7->n8->n9->n10
577,n1->n2->n3->n13->n14->n24->n34->n44->n45->n55->n56->n66->n67->n68->n58->n48->n49->n50->n40->n30->n20->n10
578,n1->n2->n3->n13->n14->n24->n23->n22->n21->n31->n32->n33->n34->n35->n25->n15->n5->n6->n7->n8->n9->n10
579,n1->n2->n3->n13->n12->n11->n21->n31->n41->n42->n43->n33->n34->n24->n14->n15->n5->n6->n7->n8->n9->n10
580,n1->n2->n3->n13->n23->n22->n21->n31->n41->n42->n43->n33->n34->n35->n25->n26->n27->n17->n18->n19->n9->n10
581,n1->n11->n21->n31->n32->n42->n43->n53->n63->n64->n65->n66->n56->n57->n47->n48->n49->n39->n29->n19->n9->n10
582,n1->n2->n12->n11->n21->n31->n41->n51->n52->n42->n43->n44->n45->n46->n47->n48->n38->n39->n40->n30->n20->n10
583,n1->n11->n12->n2->n3->n4->n14->n24->n23->n22->n32->n33->n34->n35->n36->n26->n27->n17->n7->n8->n9->n10
584,n1->n2->n3->n4->n14->n15->n25->n26->n27->n37->n36->n35->n45->n46->n47->n48->n49->n50->n40->n30->n20->n10
585,n1->n11->n21->n31->n32->n42->n41->n51->n52->n53->n54->n55->n56->n57->n47->n37->n27->n28->n18->n8->n9->n10
586,n1->n2->n3->n4->n14->n15->n25->n35->n34->n44->n54->n55->n45->n46->n47->n37->n27->n28->n18->n19->n20->n10
587,n1->n2->n3->n13->n23->n33->n43->n53->n63->n64->n65->n66->n56->n57->n47->n37->n27->n28->n18->n19->n20->n10
588,n1->n11->n12->n22->n32->n42->n52->n62->n63->n53->n43->n33->n34->n35->n25->n15->n5->n6->n7->n8->n9->n10
589,n1->n11->n21->n22->n32->n31->n41->n51->n52->n53->n54->n55->n45->n35->n25->n26->n27->n28->n18->n19->n20->n10
590,n1->n2->n3->n13->n12->n11->n21->n31->n32->n42->n43->n44->n34->n24->n14->n4->n5->n6->n7->n8->n9->n10
591,n1->n2->n12->n22->n21->n31->n41->n42->n52->n53->n54->n44->n45->n46->n47->n48->n38->n39->n40->n30->n20->n10
592,n1->n2->n3->n13->n14->n24->n23->n22->n32->n33->n43->n44->n45->n46->n47->n37->n27->n17->n18->n8->n9->n10
593,n1->n11->n21->n22->n32->n31->n41->n42->n43->n44->n34->n35->n45->n46->n36->n37->n38->n28->n29->n19->n20->n10
594,n1->n11->n12->n22->n21->n31->n41->n51->n52->n42->n43->n44->n45->n35->n25->n26->n16->n6->n7->n8->n9->n10
595,n1->n2->n3->n13->n23->n22->n12->n11->n21->n31->n32->n33->n34->n35->n36->n26->n27->n17->n18->n8->n9->n10
596,n1->n2->n3->n13->n23->n33->n34->n35->n45->n55->n65->n66->n56->n57->n47->n37->n38->n28->n29->n19->n9->n10
597,n1->n2->n3->n13->n12->n11->n21->n31->n41->n42->n43->n44->n34->n24->n25->n15->n16->n17->n7->n8->n9->n10
598,n1->n2->n12->n13->n23->n33->n32->n42->n52->n53->n43->n44->n34->n35->n36->n37->n38->n28->n29->n19->n9->n10
599,n1->n11->n12->n13->n3->n4->n14->n15->n16->n26->n27->n28->n29->n30->n20->n19->n18->n17->n7->n8->n9->n10
600,n1->n2->n12->n13->n23->n22->n32->n31->n41->n42->n43->n44->n45->n35->n36->n26->n27->n28->n29->n30->n20->n10
601,n1->n11->n12->n2->n3->n13->n14->n24->n23->n33->n43->n44->n34->n35->n25->n26->n27->n17->n18->n8->n9->n10
602,n1->n2->n12->n22->n23->n33->n32->n42->n43->n44->n54->n55->n56->n46->n36->n26->n16->n17->n18->n19->n20->n10
603,n1->n2->n3->n13->n12->n11->n21->n31->n32->n22->n23->n24->n25->n15->n14->n4->n5->n6->n7->n8->n9->n10
604,n1->n2->n12->n13->n23->n24->n25->n15->n16->n26->n36->n37->n27->n28->n38->n48->n49->n39->n29->n30->n20->n10
605,n1->n11->n21->n31->n32->n42->n43->n53->n63->n64->n65->n66->n67->n68->n69->n70->n60->n50->n40->n30->n20->n10
606,n1->n2->n3->n13->n14->n4->n5->n15->n16->n17->n18->n8->n9->n19->n29->n28->n38->n39->n40->n30->n20->n10
607,n1->n11->n12->n22->n21->n31->n32->n42->n52->n53->n43->n33->n34->n35->n36->n26->n16->n17->n18->n8->n9->n10
608,n1->n11->n21->n31->n41->n51->n61->n62->n63->n64->n65->n66->n67->n57->n58->n59->n49->n39->n40->n30->n20->n10
609,n1->n11->n21->n22->n12->n13->n3->n4->n14->n24->n23->n33->n34->n35->n25->n26->n27->n17->n18->n19->n9->n10
610,n1->n2->n3->n13->n12->n11->n21->n31->n41->n42->n43->n44->n45->n35->n36->n26->n27->n17->n7->n8->n9->n10
611,n1->n2->n3->n4->n5->n15->n16->n17->n27->n37->n47->n48->n38->n39->n49->n59->n60->n50->n40->n30->n20->n10
612,n1->n11->n21->n31->n41->n51->n52->n62->n63->n53->n43->n33->n23->n24->n14->n4->n5->n6->n7->n8->n9->n10
613,n1->n2->n12->n22->n32->n33->n43->n44->n34->n24->n23->n13->n3->n4->n5->n6->n16->n17->n18->n19->n20->n10
614,n1->n11->n21->n31->n32->n42->n41->n51->n61->n62->n52->n53->n43->n33->n34->n24->n25->n26->n27->n17->n18->n19->n20->n10
615,n1->n11->n12->n2->n3->n13->n23->n22->n32->n42->n43->n53->n54->n44->n34->n35->n25->n26->n27->n17->n7->n8->n9->n10
616,n1->n2->n12->n22->n23->n24->n25->n26->n16->n6->n7->n8->n18->n28->n27->n37->n47->n48->n38->n39->n40->n30->n20->n10
617,n1->n11->n12->n13->n14->n24->n25->n35->n36->n46->n45->n55->n65->n66->n56->n57->n58->n59->n60->n50->n40->n30->n20->n10
618,n1->n2->n3->n13->n14->n4->n5->n6->n7->n17->n18->n19->n29->n39->n38->n48->n58->n59->n60->n50->n40->n30->n20->n10
619,n1->n11->n21->n22->n23->n33->n34->n24->n14->n13->n12->n2->n3->n4->n5->n15->n25->n26->n27->n28->n29->n19->n20->n10
620,n1->n11->n12->n13->n3->n4->n5->n6->n16->n26->n25->n15->n14->n24->n34->n35->n36->n37->n38->n28->n18->n19->n20->n10
621,n1->n11->n12->n2->n3->n13->n23->n24->n14->n4->n5->n15->n16->n17->n27->n26->n36->n37->n38->n28->n29->n19->n20->n10
622,n1->n2->n3->n13->n12->n11->n21->n22->n23->n33->n43->n44->n34->n24->n25->n35->n36->n26->n16->n6->n7->n8->n9->n10
623,n1->n11->n12->n2->n3->n13->n23->n24->n25->n35->n34->n33->n43->n44->n45->n46->n36->n26->n16->n6->n7->n8->n9->n10
624,n1->n11->n12->n13->n14->n15->n25->n24->n23->n22->n32->n33->n43->n44->n34->n35->n36->n26->n16->n6->n7->n8->n9->n10
625,n1->n2->n3->n4->n14->n15->n5->n6->n16->n26->n36->n46->n56->n66->n67->n68->n58->n48->n38->n39->n29->n30->n20->n10
626,n1->n11->n21->n22->n32->n31->n41->n51->n61->n62->n52->n53->n54->n44->n34->n24->n25->n15->n16->n17->n7->n8->n9->n10
627,n1->n11->n12->n22->n21->n31->n32->n42->n52->n53->n63->n64->n54->n44->n34->n24->n14->n4->n5->n6->n7->n8->n9->n10
628,n1->n2->n12->n22->n23->n24->n25->n26->n16->n15->n14->n13->n3->n4->n5->n6->n7->n8->n18->n28->n29->n30->n20->n10
629,n1->n2->n3->n13->n14->n24->n25->n15->n5->n6->n16->n26->n27->n17->n7->n8->n18->n19->n29->n39->n40->n30->n20->n10
630,n1->n2->n12->n11->n21->n22->n32->n33->n43->n53->n63->n64->n65->n55->n45->n35->n36->n26->n16->n6->n7->n8->n9->n10
631,n1->n2->n3->n13->n23->n22->n32->n33->n34->n44->n45->n46->n36->n26->n16->n15->n14->n4->n5->n6->n7->n8->n9->n10
632,n1->n11->n21->n31->n41->n51->n61->n62->n63->n53->n43->n42->n32->n22->n23->n24->n14->n15->n16->n17->n7->n8->n9->n10
633,n1->n11->n21->n31->n32->n22->n12->n13->n3->n4->n14->n24->n34->n35->n36->n26->n27->n28->n18->n8->n9->n19->n20->n10
634,n1->n11->n12->n2->n3->n13->n23->n22->n21->n31->n41->n42->n43->n44->n45->n35->n25->n26->n27->n28->n29->n19->n9->n10
635,n1->n2->n12->n13->n14->n24->n25->n15->n5->n6->n7->n8->n9->n19->n18->n17->n16->n26->n27->n28->n29->n30->n20->n10
636,n1->n11->n12->n2->n3->n13->n14->n24->n23->n33->n43->n44->n54->n55->n56->n57->n47->n37->n38->n28->n29->n30->n20->n10
637,n1->n11->n12->n22->n21->n31->n41->n42->n32->n33->n43->n53->n54->n55->n56->n46->n47->n48->n38->n28->n18->n8->n9->n10
638,n1->n2->n12->n22->n21->n31->n32->n33->n23->n24->n25->n35->n34->n44->n45->n46->n47->n37->n38->n28->n29->n30->n20->n10
639,n1->n2->n12->n13->n14->n15->n25->n24->n23->n33->n43->n53->n54->n55->n45->n46->n36->n26->n27->n28->n29->n19->n9->n10
640,n1->n2->n12->n11->n21->n22->n32->n31->n41->n42->n52->n53->n43->n33->n23->n24->n25->n15->n5->n6->n7->n8->n9->n10
641,n1->n2->n3->n13->n12->n11->n21->n22->n32->n31->n41->n42->n43->n44->n45->n35->n25->n15->n5->n6->n7->n8->n9->n10
642,n1->n2->n3->n13->n23->n33->n43->n53->n63->n64->n54->n55->n56->n46->n45->n35->n25->n15->n5->n6->n7->n8->n9->n10
643,n1->n11->n21->n22->n23->n33->n32->n31->n41->n42->n52->n53->n54->n55->n45->n46->n36->n37->n38->n39->n29->n30->n20->n10
644,n1->n11->n12->n2->n3->n4->n14->n13->n23->n22->n21->n31->n32->n33->n34->n24->n25->n15->n5->n6->n7->n8->n9->n10
645,n1->n11->n21->n22->n23->n33->n34->n24->n14->n4->n5->n15->n16->n6->n7->n17->n18->n28->n38->n39->n40->n30->n20->n10
646,n1->n11->n21->n22->n32->n33->n34->n44->n45->n46->n47->n37->n27->n26->n36->n35->n25->n15->n16->n6->n7->n8->n9->n10
647,n1->n11->n21->n31->n32->n33->n43->n42->n41->n51->n52->n53->n54->n55->n56->n46->n36->n26->n27->n28->n18->n19->n9->n10
648,n1->n11->n21->n31->n32->n33->n34->n35->n45->n46->n56->n55->n65->n66->n67->n57->n58->n48->n49->n50->n40->n30->n20->n10
649,n1->n11->n21->n31->n41->n42->n43->n44->n54->n55->n65->n66->n76->n77->n78->n68->n58->n48->n49->n39->n40->n30->n20->n10
650,n1->n11->n21->n31->n41->n51->n61->n62->n72->n73->n63->n53->n54->n55->n45->n35->n25->n15->n5->n6->n7->n8->n9->n10
651,n1->n2->n3->n4->n14->n24->n25->n35->n34->n44->n54->n55->n45->n46->n56->n57->n47->n48->n38->n28->n29->n30->n20->n10
652,n1->n2->n12->n13->n3->n4->n14->n15->n16->n26->n27->n37->n47->n48->n49->n59->n69->n70->n60->n50->n40->n30->n20->n10
653,n1->n2->n3->n13->n14->n24->n23->n22->n12->n11->n21->n31->n32->n33->n34->n35->n36->n37->n38->n39->n40->n30->n20->n10
654,n1->n11->n12->n13->n23->n22->n21->n31->n41->n51->n52->n53->n54->n44->n34->n24->n14->n4->n5->n6->n7->n8->n9->n10
655,n1->n11->n21->n31->n41->n51->n52->n53->n63->n73->n74->n75->n76->n77->n78->n79->n80->n70->n60->n50->n40->n30->n20->n10
656,n1->n11->n21->n31->n41->n42->n32->n33->n23->n24->n14->n13->n12->n2->n3->n4->n5->n6->n7->n8->n18->n19->n20->n10
657,n1->n11->n21->n31->n32->n33->n43->n44->n54->n53->n63->n64->n65->n66->n67->n57->n58->n59->n49->n39->n40->n30->n20->n10
658,n1->n2->n12->n11->n21->n22->n32->n33->n23->n13->n3->n4->n14->n24->n25->n15->n5->n6->n16->n17->n18->n8->n9->n10
659,n1->n11->n12->n22->n32->n33->n43->n53->n63->n64->n54->n55->n65->n66->n67->n57->n58->n59->n49->n50->n40->n30->n20->n10
660,n1->n11->n21->n22->n12->n13->n23->n24->n34->n33->n43->n44->n54->n55->n45->n35->n36->n37->n27->n17->n7->n8->n9->n10
661,n1->n11->n12->n22->n23->n24->n34->n33->n32->n42->n52->n53->n43->n44->n45->n35->n36->n37->n27->n28->n18->n8->n9->n10
662,n1->n2->n12->n11->n21->n31->n41->n42->n32->n22->n23->n24->n14->n13->n3->n4->n5->n6->n7->n8->n18->n19->n9->n10
663,n1->n2->n12->n22->n32->n42->n43->n33->n23->n13->n3->n4->n14->n15->n5->n6->n16->n26->n27->n17->n7->n8->n9->n10
664,n1->n11->n12->n2->n3->n4->n14->n24->n23->n22->n21->n31->n32->n33->n34->n35->n36->n37->n38->n39->n29->n19->n20->n10
665,n1->n11->n12->n13->n23->n24->n25->n15->n16->n26->n27->n37->n36->n46->n47->n48->n38->n39->n29->n28->n18->n8->n9->n10
666,n1->n2->n3->n13->n12->n11->n21->n22->n32->n33->n34->n35->n36->n37->n47->n57->n58->n59->n60->n50->n40->n30->n20->n10
667,n1->n2->n12->n13->n3->n4->n14->n15->n25->n26->n16->n6->n7->n8->n9->n19->n29->n39->n49->n50->n40->n30->n20->n10
668,n1->n11->n21->n31->n41->n42->n43->n53->n54->n44->n34->n24->n25->n15->n5->n6->n16->n17->n27->n28->n18->n19->n20->n10
669,n1->n2->n3->n13->n14->n24->n25->n35->n45->n55->n65->n66->n56->n57->n67->n68->n58->n48->n38->n39->n40->n30->n20->n10
670,n1->n11->n12->n22->n21->n31->n32->n33->n34->n24->n23->n13->n14->n15->n16->n6->n7->n17->n27->n28->n18->n8->n9->n10
671,n1->n11->n12->n2->n3->n13->n14->n15->n5->n6->n7->n17->n18->n28->n27->n37->n47->n48->n49->n50->n40->n30->n20->n10
672,n1->n11->n21->n31->n41->n42->n32->n33->n34->n35->n45->n55->n56->n66->n67->n68->n58->n59->n49->n50->n40->n30->n20->n10
673,n1->n2->n3->n13->n14->n24->n23->n22->n12->n11->n21->n31->n32->n33->n34->n35->n36->n37->n27->n28->n18->n19->n20->n10
674,n1->n2->n12->n22->n32->n33->n23->n13->n3->n4->n14->n24->n34->n35->n25->n15->n5->n6->n7->n17->n18->n8->n9->n10
675,n1->n2->n12->n11->n21->n22->n32->n31->n41->n51->n52->n53->n54->n55->n56->n46->n47->n37->n27->n17->n18->n19->n20->n10
676,n1->n11->n12->n22->n23->n24->n14->n13->n3->n4->n5->n15->n25->n26->n27->n37->n38->n39->n49->n50->n40->n30->n20->n10
677,n1->n2->n12->n11->n21->n22->n32->n33->n34->n35->n36->n26->n25->n24->n14->n15->n5->n6->n7->n8->n9->n19->n20->n10
678,n1->n11->n12->n13->n3->n4->n5->n15->n14->n24->n23->n33->n34->n44->n45->n35->n36->n26->n27->n17->n7->n8->n9->n10
679,n1->n2->n12->n11->n21->n31->n41->n51->n61->n62->n52->n53->n54->n44->n45->n46->n36->n26->n16->n6->n7->n8->n9->n10
680,n1->n2->n12->n11->n21->n31->n41->n51->n52->n62->n63->n64->n54->n55->n56->n57->n58->n48->n38->n39->n29->n19->n20->n10
681,n1->n2->n3->n13->n14->n24->n23->n22->n12->n11->n21->n31->n32->n33->n34->n35->n36->n26->n16->n6->n7->n8->n9->n10
682,n1->n2->n3->n13->n23->n33->n43->n44->n34->n24->n14->n4->n5->n15->n25->n35->n36->n26->n16->n17->n7->n8->n9->n10
683,n1->n11->n12->n2->n3->n4->n14->n13->n23->n33->n43->n44->n34->n24->n25->n15->n5->n6->n7->n8->n18->n19->n20->n10
684,n1->n11->n12->n22->n21->n31->n32->n33->n43->n53->n63->n64->n54->n55->n45->n46->n36->n37->n38->n39->n29->n19->n20->n10
685,n1->n2->n12->n22->n21->n31->n41->n42->n43->n53->n63->n64->n65->n66->n56->n46->n47->n48->n38->n28->n18->n19->n20->n10
686,n1->n11->n21->n22->n32->n31->n41->n42->n52->n62->n63->n64->n54->n44->n45->n46->n47->n37->n38->n28->n18->n8->n9->n10
687,n1->n11->n12->n13->n23->n24->n34->n44->n54->n55->n45->n46->n56->n66->n67->n68->n58->n59->n60->n50->n40->n30->n20->n10
688,n1->n2->n3->n13->n14->n24->n23->n33->n32->n31->n41->n42->n43->n44->n34->n35->n25->n15->n16->n17->n7->n8->n9->n10
689,n1->n11->n21->n31->n41->n42->n32->n22->n12->n2->n3->n4->n14->n13->n23->n24->n25->n15->n16->n17->n18->n19->n9->n10
690,n1->n2->n12->n11->n21->n31->n32->n22->n23->n13->n3->n4->n5->n15->n14->n24->n25->n26->n16->n6->n7->n8->n9->n10
691,n1->n11->n21->n31->n41->n51->n61->n71->n72->n62->n52->n42->n32->n33->n34->n35->n36->n37->n27->n17->n18->n19->n9->n10
692,n1->n11->n21->n31->n32->n42->n43->n33->n23->n22->n12->n2->n3->n13->n14->n15->n16->n17->n27->n28->n29->n19->n9->n10
693,n1->n11->n21->n22->n23->n24->n34->n35->n36->n46->n45->n55->n56->n66->n67->n68->n58->n48->n38->n28->n29->n19->n20->n10
694,n1->n2->n3->n13->n12->n11->n21->n22->n23->n33->n43->n44->n34->n35->n45->n46->n47->n37->n27->n28->n29->n19->n9->n10
695,n1->n11->n12->n22->n23->n33->n32->n31->n41->n42->n52->n53->n54->n55->n56->n46->n36->n37->n27->n17->n7->n8->n9->n10
696,n1->n11->n21->n31->n41->n42->n43->n44->n45->n46->n36->n37->n47->n57->n67->n68->n58->n59->n49->n50->n40->n30->n20->n10
697,n1->n2->n3->n4->n5->n15->n25->n35->n34->n24->n23->n33->n43->n44->n45->n46->n36->n37->n27->n28->n29->n19->n20->n10
698,n1->n11->n12->n2->n3->n13->n23->n33->n32->n31->n41->n42->n43->n44->n34->n35->n36->n37->n38->n39->n40->n30->n20->n10
699,n1->n2->n3->n4->n14->n24->n34->n33->n43->n44->n45->n55->n56->n57->n67->n68->n69->n59->n60->n50->n40->n30->n20->n10
700,n1->n2->n12->n22->n21->n31->n41->n51->n52->n62->n63->n64->n65->n55->n45->n46->n47->n48->n38->n28->n29->n19->n9->n10
701,n1->n11->n21->n31->n32->n42->n41->n51->n61->n62->n52->n53->n54->n55->n45->n46->n47->n37->n27->n28->n18->n19->n9->n10
702,n1->n2->n12->n13->n14->n15->n25->n24->n34->n44->n54->n55->n56->n57->n67->n68->n69->n70->n60->n50->n40->n30->n20->n10
703,n1->n11->n21->n31->n41->n42->n43->n44->n54->n53->n63->n64->n65->n66->n56->n57->n58->n59->n60->n50->n40->n30->n20->n10
704,n1->n2->n12->n11->n21->n22->n32->n31->n41->n42->n43->n33->n23->n24->n25->n35->n36->n37->n38->n39->n29->n30->n20->n10
705,n1->n2->n3->n4->n5->n15->n14->n13->n23->n22->n32->n42->n43->n44->n34->n35->n25->n26->n27->n17->n7->n8->n9->n10
706,n1->n2->n3->n13->n23->n24->n25->n35->n34->n33->n43->n44->n54->n55->n45->n46->n36->n26->n16->n6->n7->n8->n9->n10
707,n1->n11->n21->n22->n32->n31->n41->n42->n43->n33->n23->n24->n34->n35->n36->n46->n47->n48->n38->n28->n29->n19->n9->n10
708,n1->n11->n21->n31->n32->n42->n43->n33->n23->n13->n14->n24->n25->n15->n16->n26->n27->n17->n7->n8->n18->n19->n9->n10
709,n1->n11->n12->n22->n21->n31->n41->n42->n32->n33->n43->n53->n54->n44->n34->n24->n14->n4->n5->n6->n7->n8->n9->n10
710,n1->n2->n12->n11->n21->n22->n32->n31->n41->n42->n43->n44->n45->n46->n56->n57->n47->n37->n27->n28->n18->n8->n9->n10
711,n1->n2->n3->n4->n14->n13->n23->n22->n12->n11->n21->n31->n32->n33->n34->n24->n25->n26->n27->n17->n7->n8->n9->n10
712,n1->n11->n21->n31->n32->n42->n43->n44->n54->n55->n45->n35->n34->n33->n23->n24->n14->n15->n16->n6->n7->n8->n9->n10
713,n1->n11->n12->n13->n23->n33->n32->n31->n41->n42->n43->n44->n34->n35->n25->n26->n36->n37->n27->n17->n18->n8->n9->n10
714,n1->n2->n3->n4->n14->n15->n25->n24->n23->n33->n43->n53->n54->n44->n45->n35->n36->n26->n16->n17->n7->n8->n9->n10
715,n1->n11->n12->n22->n23->n24->n14->n15->n25->n26->n16->n6->n7->n8->n18->n17->n27->n37->n38->n28->n29->n30->n20->n10
716,n1->n2->n3->n4->n14->n24->n23->n13->n12->n11->n21->n22->n32->n33->n34->n35->n25->n15->n16->n6->n7->n8->n9->n10
717,n1->n11->n21->n22->n32->n33->n43->n44->n45->n35->n34->n24->n23->n13->n3->n4->n14->n15->n16->n6->n7->n8->n9->n10
718,n1->n11->n21->n22->n12->n2->n3->n4->n5->n6->n16->n15->n14->n13->n23->n24->n25->n26->n27->n28->n18->n19->n9->n10
719,n1->n2->n12->n13->n23->n33->n32->n42->n41->n51->n52->n53->n54->n55->n56->n57->n58->n59->n49->n50->n40->n30->n20->n10
720,n1->n11->n12->n22->n21->n31->n41->n51->n52->n42->n32->n33->n23->n24->n34->n35->n25->n15->n16->n17->n7->n8->n9->n10
721,n1->n2->n12->n22->n32->n33->n43->n42->n52->n62->n63->n64->n54->n55->n45->n46->n36->n37->n38->n39->n29->n19->n9->n10
722,n1->n11->n21->n22->n23->n13->n12->n2->n3->n4->n14->n24->n25->n26->n16->n17->n7->n8->n18->n28->n29->n30->n20->n10
723,n1->n11->n21->n22->n32->n33->n34->n24->n14->n15->n25->n35->n36->n37->n27->n28->n38->n48->n49->n50->n40->n30->n20->n10
724,n1->n11->n21->n22->n12->n13->n14->n24->n23->n33->n43->n53->n54->n55->n56->n57->n58->n48->n38->n28->n18->n19->n20->n10
725,n1->n11->n12->n22->n23->n33->n32->n31->n41->n51->n52->n53->n54->n44->n34->n35->n36->n26->n16->n17->n7->n8->n9->n10
726,n1->n11->n12->n22->n32->n33->n34->n24->n25->n35->n45->n55->n56->n46->n36->n37->n27->n26->n16->n6->n7->n8->n9->n10
727,n1->n2->n12->n13->n14->n24->n34->n33->n32->n31->n41->n42->n43->n44->n45->n35->n36->n37->n27->n17->n7->n8->n9->n10
728,n1->n11->n12->n13->n23->n24->n34->n44->n54->n53->n52->n62->n63->n64->n65->n55->n45->n46->n47->n48->n38->n39->n40->n30->n20->n10
729,n1->n2->n12->n11->n21->n31->n41->n51->n61->n62->n52->n42->n32->n22->n23->n24->n25->n35->n36->n26->n16->n6->n7->n8->n9->n10
730,n1->n2->n3->n13->n23->n22->n12->n11->n21->n31->n32->n33->n43->n53->n54->n55->n56->n46->n47->n48->n49->n39->n29->n19->n20->n10
731,n1->n11->n21->n31->n41->n51->n61->n62->n72->n73->n83->n84->n85->n75->n65->n66->n67->n57->n58->n48->n49->n50->n40->n30->n20->n10
732,n1->n11->n21->n31->n32->n22->n23->n13->n12->n2->n3->n4->n5->n6->n7->n8->n9->n19->n18->n17->n27->n28->n29->n30->n20->n10
733,n1->n2->n3->n4->n14->n24->n23->n33->n43->n44->n34->n35->n25->n15->n16->n17->n18->n28->n29->n39->n49->n50->n40->n30->n20->n10
734,n1->n2->n3->n4->n5->n6->n7->n8->n18->n19->n29->n39->n38->n28->n27->n37->n36->n46->n47->n48->n49->n50->n40->n30->n20->n10
735,n1->n11->n21->n31->n41->n51->n52->n62->n61->n71->n72->n73->n63->n53->n54->n55->n56->n46->n36->n37->n38->n28->n29->n30->n20->n10
736,n1->n11->n21->n22->n12->n2->n3->n13->n23->n24->n14->n4->n5->n15->n25->n26->n36->n37->n38->n39->n49->n50->n40->n30->n20->n10
737,n1->n2->n12->n22->n23->n13->n3->n4->n14->n24->n34->n33->n43->n53->n54->n44->n45->n35->n25->n15->n16->n17->n7->n8->n9->n10
738,n1->n2->n12->n22->n21->n31->n32->n42->n43->n33->n34->n24->n25->n26->n27->n28->n38->n48->n58->n59->n49->n50->n40->n30->n20->n10
739,n1->n11->n12->n13->n23->n22->n21->n31->n32->n33->n43->n44->n34->n35->n45->n55->n56->n57->n47->n37->n27->n17->n7->n8->n9->n10
740,n1->n2->n3->n13->n23->n22->n12->n11->n21->n31->n32->n42->n43->n44->n45->n55->n56->n46->n47->n37->n38->n28->n29->n19->n9->n10
741,n1->n11->n12->n2->n3->n13->n23->n24->n14->n4->n5->n15->n16->n26->n36->n37->n27->n17->n18->n28->n38->n39->n29->n30->n20->n10
742,n1->n11->n21->n31->n41->n51->n52->n42->n32->n33->n34->n24->n23->n13->n3->n4->n5->n15->n25->n26->n16->n17->n7->n8->n9->n10
743,n1->n2->n12->n11->n21->n22->n32->n42->n52->n53->n63->n73->n74->n64->n54->n44->n34->n24->n25->n15->n16->n17->n18->n8->n9->n10
744,n1->n2->n12->n11->n21->n31->n32->n22->n23->n33->n34->n24->n14->n13->n3->n4->n5->n15->n16->n26->n27->n28->n18->n19->n9->n10
745,n1->n2->n3->n4->n14->n15->n25->n35->n34->n33->n43->n53->n63->n64->n54->n44->n45->n46->n47->n48->n49->n50->n40->n30->n20->n10
746,n1->n2->n3->n4->n14->n24->n34->n44->n45->n35->n25->n26->n36->n46->n56->n66->n67->n68->n58->n48->n49->n39->n40->n30->n20->n10
747,n1->n11->n21->n22->n32->n31->n41->n42->n52->n62->n63->n64->n74->n75->n65->n66->n56->n46->n36->n37->n27->n17->n7->n8->n9->n10
748,n1->n11->n12->n2->n3->n13->n14->n4->n5->n6->n7->n8->n18->n17->n16->n15->n25->n35->n36->n26->n27->n28->n29->n19->n20->n10
749,n1->n11->n12->n2->n3->n4->n5->n6->n7->n8->n9->n19->n18->n17->n27->n26->n36->n46->n47->n37->n38->n39->n40->n30->n20->n10
750,n1->n2->n3->n13->n14->n4->n5->n15->n25->n35->n36->n46->n45->n55->n56->n66->n67->n68->n58->n59->n49->n39->n40->n30->n20->n10
751,n1->n2->n12->n11->n21->n22->n32->n42->n41->n51->n52->n62->n63->n64->n65->n55->n56->n46->n47->n37->n38->n28->n18->n8->n9->n10
752,n1->n2->n3->n13->n12->n11->n21->n22->n32->n42->n52->n53->n54->n64->n65->n66->n67->n57->n58->n59->n49->n39->n40->n30->n20->n10
753,n1->n2->n12->n22->n23->n33->n34->n44->n45->n35->n36->n37->n38->n48->n58->n68->n78->n79->n80->n70->n60->n50->n40->n30->n20->n10
754,n1->n11->n21->n31->n41->n51->n61->n71->n72->n73->n63->n62->n52->n53->n43->n44->n34->n24->n25->n15->n16->n17->n7->n8->n9->n10
755,n1->n11->n21->n22->n32->n33->n43->n44->n45->n35->n34->n24->n25->n15->n14->n13->n12->n2->n3->n4->n5->n6->n7->n8->n9->n10
756,n1->n11->n12->n22->n32->n33->n34->n24->n23->n13->n3->n4->n14->n15->n5->n6->n16->n17->n18->n28->n29->n30->n20->n19->n9->n10
757,n1->n11->n12->n2->n3->n4->n5->n6->n16->n26->n27->n28->n38->n48->n49->n50->n40->n39->n29->n19->n18->n17->n7->n8->n9->n10
758,n1->n11->n12->n22->n23->n13->n3->n4->n14->n24->n34->n44->n45->n46->n36->n26->n25->n15->n16->n6->n7->n17->n18->n8->n9->n10
759,n1->n11->n21->n22->n12->n13->n23->n24->n14->n15->n5->n6->n16->n26->n36->n37->n47->n48->n58->n59->n60->n50->n40->n30->n20->n10
760,n1->n2->n3->n4->n14->n15->n5->n6->n7->n17->n27->n26->n25->n35->n34->n44->n45->n46->n36->n37->n38->n28->n29->n30->n20->n10
761,n1->n11->n21->n31->n32->n33->n43->n42->n41->n51->n52->n53->n54->n64->n65->n66->n67->n57->n58->n48->n49->n50->n40->n30->n20->n10
762,n1->n11->n21->n22->n32->n42->n52->n62->n61->n71->n72->n73->n63->n53->n43->n44->n34->n35->n36->n26->n16->n6->n7->n8->n9->n10
763,n1->n11->n21->n31->n32->n22->n23->n13->n14->n24->n25->n26->n27->n28->n29->n19->n18->n17->n16->n15->n5->n6->n7->n8->n9->n10
764,n1->n11->n21->n22->n23->n33->n32->n42->n43->n53->n52->n62->n63->n64->n65->n55->n45->n35->n25->n15->n5->n6->n7->n8->n9->n10
765,n1->n11->n21->n31->n41->n42->n32->n22->n23->n24->n34->n44->n43->n53->n54->n55->n56->n57->n58->n59->n49->n50->n40->n30->n20->n10
766,n1->n11->n12->n13->n23->n22->n21->n31->n32->n42->n43->n44->n34->n35->n45->n55->n56->n46->n36->n37->n38->n39->n29->n19->n20->n10
767,n1->n2->n12->n22->n23->n24->n25->n26->n36->n46->n56->n55->n65->n66->n76->n77->n78->n68->n58->n48->n49->n39->n40->n30->n20->n10
768,n1->n2->n12->n11->n21->n31->n32->n42->n41->n51->n61->n62->n52->n53->n43->n44->n34->n24->n14->n4->n5->n6->n7->n8->n9->n10
769,n1->n2->n3->n13->n14->n15->n16->n26->n25->n24->n23->n22->n21->n31->n32->n33->n34->n35->n36->n37->n27->n17->n18->n8->n9->n10
770,n1->n2->n12->n11->n21->n31->n32->n42->n41->n51->n61->n62->n63->n64->n65->n66->n67->n68->n69->n59->n49->n50->n40->n30->n20->n10
771,n1->n2->n12->n11->n21->n22->n32->n31->n41->n51->n52->n42->n43->n33->n34->n35->n25->n15->n16->n26->n27->n17->n18->n19->n20->n10
772,n1->n2->n12->n22->n32->n42->n52->n51->n61->n71->n72->n62->n63->n64->n54->n55->n56->n57->n58->n48->n38->n39->n40->n30->n20->n10
773,n1->n2->n3->n13->n23->n22->n12->n11->n21->n31->n41->n51->n52->n42->n43->n33->n34->n35->n36->n37->n27->n17->n7->n8->n9->n10
774,n1->n11->n21->n31->n32->n22->n23->n24->n14->n13->n12->n2->n3->n4->n5->n6->n7->n8->n18->n17->n27->n28->n29->n19->n20->n10
775,n1->n11->n21->n31->n32->n22->n23->n33->n43->n53->n54->n44->n34->n24->n25->n15->n14->n4->n5->n6->n16->n17->n18->n19->n20->n10
776,n1->n11->n12->n22->n32->n42->n52->n53->n54->n44->n43->n33->n34->n24->n25->n15->n16->n6->n7->n17->n18->n28->n29->n30->n20->n10
777,n1->n2->n12->n11->n21->n31->n32->n42->n52->n62->n72->n73->n63->n53->n43->n33->n34->n35->n25->n15->n16->n17->n18->n8->n9->n10
778,n1->n2->n12->n11->n21->n22->n23->n24->n14->n15->n25->n35->n36->n46->n47->n57->n67->n68->n69->n70->n60->n50->n40->n30->n20->n10
779,n1->n11->n12->n2->n3->n13->n14->n24->n23->n22->n32->n42->n43->n44->n54->n55->n56->n46->n36->n26->n27->n17->n7->n8->n9->n10
780,n1->n2->n3->n13->n12->n11->n21->n22->n32->n31->n41->n51->n52->n42->n43->n44->n45->n35->n25->n15->n5->n6->n7->n8->n9->n10
781,n1->n11->n12->n22->n23->n33->n32->n42->n43->n53->n54->n44->n34->n24->n14->n4->n5->n15->n25->n26->n16->n6->n7->n8->n9->n10
782,n1->n11->n21->n31->n32->n22->n12->n2->n3->n4->n14->n24->n25->n15->n16->n26->n27->n17->n18->n19->n29->n39->n40->n30->n20->n10
783,n1->n11->n12->n2->n3->n4->n14->n13->n23->n24->n25->n26->n36->n35->n34->n44->n45->n46->n47->n37->n38->n39->n29->n19->n9->n10
784,n1->n2->n12->n22->n32->n42->n43->n44->n45->n55->n54->n53->n63->n64->n65->n66->n67->n68->n58->n48->n38->n28->n18->n8->n9->n10
785,n1->n11->n12->n2->n3->n13->n14->n24->n23->n33->n32->n42->n52->n53->n54->n44->n34->n35->n36->n37->n38->n28->n29->n19->n9->n10
786,n1->n11->n21->n22->n32->n33->n23->n13->n12->n2->n3->n4->n14->n15->n5->n6->n16->n17->n7->n8->n18->n19->n29->n30->n20->n10
787,n1->n11->n21->n31->n41->n51->n61->n62->n52->n53->n63->n64->n65->n66->n67->n77->n78->n68->n69->n70->n60->n50->n40->n30->n20->n10
788,n1->n2->n3->n13->n12->n22->n23->n24->n25->n35->n45->n55->n65->n75->n76->n77->n67->n68->n58->n48->n38->n39->n29->n30->n20->n10
789,n1->n11->n12->n13->n23->n22->n21->n31->n32->n42->n41->n51->n52->n53->n54->n55->n45->n35->n25->n26->n27->n28->n29->n19->n20->n10
790,n1->n11->n21->n31->n32->n33->n34->n35->n45->n44->n43->n53->n54->n55->n65->n66->n67->n57->n47->n37->n27->n17->n7->n8->n9->n10
791,n1->n11->n12->n22->n21->n31->n41->n42->n43->n33->n23->n24->n25->n35->n36->n46->n56->n57->n47->n48->n49->n50->n40->n30->n20->n10
792,n1->n11->n21->n31->n41->n42->n52->n53->n54->n55->n45->n35->n34->n33->n32->n22->n23->n13->n3->n4->n5->n6->n7->n8->n9->n10
793,n1->n2->n3->n13->n14->n24->n23->n22->n12->n11->n21->n31->n32->n42->n43->n33->n34->n35->n25->n26->n16->n6->n7->n8->n9->n10
794,n1->n11->n21->n31->n32->n42->n43->n33->n34->n24->n14->n15->n16->n26->n27->n17->n18->n19->n29->n28->n38->n39->n40->n30->n20->n10
795,n1->n11->n12->n13->n3->n4->n5->n15->n16->n17->n27->n26->n36->n35->n45->n55->n56->n46->n47->n37->n38->n39->n40->n30->n20->n10
796,n1->n2->n3->n13->n12->n22->n32->n31->n41->n42->n52->n62->n63->n64->n65->n55->n56->n46->n47->n37->n27->n28->n18->n19->n20->n10
797,n1->n11->n21->n22->n23->n24->n34->n44->n43->n42->n41->n51->n52->n53->n54->n55->n45->n46->n36->n26->n16->n6->n7->n8->n9->n10
798,n1->n11->n12->n22->n32->n42->n43->n33->n34->n44->n54->n53->n63->n64->n65->n55->n56->n46->n47->n48->n49->n50->n40->n30->n20->n10
799,n1->n11->n21->n22->n32->n31->n41->n51->n61->n62->n72->n73->n74->n64->n65->n66->n56->n57->n58->n48->n49->n39->n40->n30->n20->n10
800,n1->n2->n12->n13->n3->n4->n14->n15->n25->n24->n23->n33->n43->n53->n54->n44->n34->n35->n36->n26->n27->n17->n18->n8->n9->n10
801,n1->n2->n3->n13->n12->n22->n21->n31->n41->n42->n52->n53->n63->n64->n54->n55->n56->n57->n58->n59->n49->n39->n40->n30->n20->n10
802,n1->n11->n12->n22->n21->n31->n32->n42->n41->n51->n61->n62->n63->n53->n54->n44->n34->n24->n25->n15->n16->n17->n18->n8->n9->n10
803,n1->n11->n21->n31->n32->n33->n23->n22->n12->n2->n3->n4->n14->n24->n34->n35->n45->n46->n47->n48->n49->n39->n29->n30->n20->n10
804,n1->n11->n21->n31->n41->n42->n52->n53->n63->n62->n72->n73->n74->n75->n76->n66->n56->n57->n58->n48->n49->n39->n29->n19->n20->n10
805,n1->n11->n21->n22->n32->n31->n41->n42->n43->n53->n63->n64->n74->n75->n65->n55->n45->n35->n36->n37->n27->n17->n18->n19->n20->n10
806,n1->n2->n12->n11->n21->n31->n32->n42->n43->n33->n34->n35->n45->n44->n54->n55->n56->n46->n36->n37->n27->n17->n18->n8->n9->n10
807,n1->n2->n3->n13->n23->n22->n21->n31->n41->n51->n52->n62->n63->n53->n43->n44->n34->n24->n14->n15->n16->n17->n7->n8->n9->n10
808,n1->n2->n3->n4->n14->n24->n25->n15->n16->n17->n27->n37->n36->n46->n56->n57->n67->n68->n69->n70->n60->n50->n40->n30->n20->n10
809,n1->n11->n12->n2->n3->n13->n23->n22->n32->n42->n52->n62->n63->n64->n65->n66->n67->n57->n58->n59->n60->n50->n40->n30->n20->n10
810,n1->n2->n3->n4->n14->n24->n34->n35->n36->n46->n45->n55->n65->n75->n76->n66->n67->n68->n69->n59->n49->n39->n40->n30->n20->n10
811,n1->n2->n12->n11->n21->n31->n41->n42->n52->n53->n54->n64->n74->n75->n76->n66->n56->n46->n47->n37->n38->n39->n40->n30->n20->n10
812,n1->n2->n3->n13->n12->n22->n32->n33->n43->n53->n63->n64->n74->n75->n65->n66->n56->n46->n47->n48->n49->n50->n40->n30->n20->n10
813,n1->n11->n21->n22->n23->n33->n34->n44->n54->n55->n65->n64->n74->n75->n76->n77->n67->n57->n47->n48->n49->n39->n40->n30->n20->n10
814,n1->n2->n12->n13->n23->n33->n43->n44->n34->n24->n14->n15->n16->n26->n25->n35->n36->n37->n38->n39->n29->n19->n18->n8->n9->n10
815,n1->n11->n21->n31->n41->n51->n61->n62->n72->n82->n83->n73->n74->n75->n65->n55->n56->n57->n47->n37->n38->n39->n40->n30->n20->n10
816,n1->n2->n12->n13->n14->n15->n25->n35->n34->n44->n43->n53->n54->n55->n56->n66->n67->n68->n58->n48->n38->n28->n18->n8->n9->n10
817,n1->n2->n12->n11->n21->n22->n23->n24->n25->n26->n27->n17->n16->n15->n14->n13->n3->n4->n5->n6->n7->n8->n9->n19->n20->n10
818,n1->n2->n3->n4->n5->n6->n16->n17->n7->n8->n18->n28->n27->n26->n25->n35->n45->n46->n47->n48->n49->n50->n40->n30->n20->n10
819,n1->n2->n12->n22->n32->n42->n41->n51->n61->n71->n72->n73->n74->n64->n65->n55->n56->n46->n36->n26->n27->n28->n18->n19->n20->n10
820,n1->n2->n12->n13->n23->n22->n21->n31->n32->n33->n34->n24->n14->n4->n5->n15->n25->n26->n16->n17->n7->n8->n9->n19->n20->n10
821,n1->n11->n12->n22->n21->n31->n32->n42->n52->n51->n61->n62->n63->n64->n65->n55->n45->n46->n47->n48->n38->n28->n18->n8->n9->n10
822,n1->n2->n12->n13->n3->n4->n5->n15->n16->n6->n7->n17->n27->n37->n47->n48->n38->n28->n29->n39->n40->n30->n20->n19->n9->n10
823,n1->n2->n3->n4->n14->n24->n23->n33->n43->n42->n52->n62->n63->n53->n54->n55->n56->n46->n47->n37->n27->n28->n18->n19->n9->n10
824,n1->n11->n12->n22->n21->n31->n41->n51->n61->n71->n72->n73->n74->n75->n65->n55->n45->n46->n36->n26->n27->n17->n7->n8->n9->n10
825,n1->n11->n12->n22->n32->n31->n41->n42->n52->n53->n43->n33->n23->n13->n3->n4->n14->n24->n25->n26->n27->n17->n7->n8->n9->n10
826,n1->n11->n21->n31->n32->n33->n43->n53->n52->n51->n61->n62->n63->n64->n54->n44->n34->n35->n36->n37->n38->n28->n29->n19->n9->n10
827,n1->n11->n12->n2->n3->n4->n5->n15->n14->n24->n23->n22->n21->n31->n32->n33->n34->n35->n36->n26->n16->n6->n7->n8->n9->n10
828,n1->n2->n12->n22->n32->n42->n43->n44->n45->n46->n36->n26->n25->n15->n5->n6->n16->n17->n7->n8->n18->n28->n29->n19->n20->n10
829,n1->n2->n12->n11->n21->n31->n41->n42->n52->n51->n61->n62->n63->n64->n65->n55->n45->n35->n36->n37->n27->n17->n7->n8->n9->n10
830,n1->n11->n12->n22->n23->n13->n14->n24->n34->n44->n43->n42->n52->n53->n54->n55->n56->n46->n36->n37->n38->n39->n29->n19->n20->n10
831,n1->n11->n12->n22->n21->n31->n32->n33->n43->n42->n52->n62->n63->n64->n65->n66->n56->n46->n36->n26->n16->n6->n7->n8->n9->n10
832,n1->n2->n12->n22->n23->n33->n43->n42->n52->n51->n61->n62->n63->n64->n54->n55->n56->n46->n47->n37->n38->n28->n18->n8->n9->n10
833,n1->n11->n12->n13->n23->n33->n34->n35->n25->n24->n14->n15->n5->n6->n16->n17->n7->n8->n18->n28->n29->n39->n40->n30->n20->n10
834,n1->n11->n21->n22->n32->n31->n41->n42->n43->n33->n23->n13->n12->n2->n3->n4->n5->n15->n16->n17->n18->n28->n29->n30->n20->n10
835,n1->n11->n21->n31->n32->n22->n12->n2->n3->n13->n14->n15->n5->n6->n16->n17->n27->n37->n47->n48->n49->n39->n40->n30->n20->n10
836,n1->n2->n12->n11->n21->n22->n32->n31->n41->n42->n43->n53->n63->n64->n54->n44->n34->n24->n14->n4->n5->n6->n7->n8->n9->n10
837,n1->n11->n12->n22->n32->n31->n41->n51->n52->n42->n43->n44->n45->n55->n65->n66->n56->n46->n47->n37->n38->n39->n29->n19->n20->n10
838,n1->n2->n12->n11->n21->n22->n23->n13->n14->n15->n25->n35->n34->n33->n43->n44->n45->n46->n36->n26->n16->n6->n7->n8->n9->n10
839,n1->n11->n21->n22->n12->n2->n3->n4->n5->n6->n16->n26->n27->n37->n47->n46->n56->n57->n58->n48->n38->n39->n29->n30->n20->n10
840,n1->n11->n12->n13->n14->n24->n34->n33->n23->n22->n21->n31->n41->n42->n43->n44->n45->n46->n36->n26->n27->n17->n7->n8->n9->n10
841,n1->n2->n12->n13->n23->n22->n32->n42->n41->n51->n61->n62->n63->n64->n65->n55->n45->n35->n36->n37->n27->n28->n29->n30->n20->n10
842,n1->n11->n12->n22->n23->n24->n14->n15->n25->n35->n34->n33->n43->n44->n45->n55->n65->n66->n56->n57->n47->n37->n27->n28->n18->n19->n20->n10
843,n1->n11->n21->n31->n32->n42->n41->n51->n61->n71->n81->n82->n83->n84->n74->n64->n65->n55->n45->n46->n47->n48->n38->n39->n29->n30->n20->n10
844,n1->n11->n12->n22->n21->n31->n32->n33->n43->n44->n34->n35->n36->n46->n45->n55->n65->n66->n67->n57->n58->n48->n49->n50->n40->n30->n20->n10
845,n1->n2->n3->n13->n14->n24->n34->n44->n45->n55->n56->n66->n67->n57->n58->n68->n78->n88->n89->n79->n69->n70->n60->n50->n40->n30->n20->n10
846,n1->n2->n12->n13->n14->n15->n5->n6->n16->n26->n25->n35->n34->n44->n45->n55->n56->n66->n67->n57->n58->n48->n38->n39->n29->n19->n9->n10
847,n1->n11->n21->n22->n12->n13->n14->n15->n16->n26->n27->n17->n7->n8->n18->n28->n38->n37->n36->n46->n47->n48->n49->n39->n40->n30->n20->n10
848,n1->n2->n12->n13->n23->n24->n34->n35->n45->n55->n56->n66->n65->n75->n76->n77->n87->n88->n89->n90->n80->n70->n60->n50->n40->n30->n20->n10
849,n1->n11->n21->n31->n41->n42->n52->n53->n54->n55->n45->n46->n36->n26->n16->n17->n7->n8->n9->n19->n18->n28->n38->n39->n40->n30->n20->n10
850,n1->n11->n12->n22->n21->n31->n32->n42->n41->n51->n52->n62->n72->n73->n63->n53->n54->n55->n45->n35->n36->n37->n27->n28->n18->n19->n20->n10
851,n1->n2->n3->n13->n23->n33->n34->n35->n36->n46->n45->n44->n54->n55->n56->n66->n76->n77->n78->n79->n80->n70->n60->n50->n40->n30->n20->n10
852,n1->n2->n12->n11->n21->n31->n41->n42->n43->n53->n54->n55->n65->n64->n74->n75->n76->n66->n67->n68->n58->n48->n49->n39->n40->n30->n20->n10
853,n1->n11->n12->n22->n21->n31->n41->n51->n61->n71->n81->n82->n72->n62->n63->n64->n54->n55->n45->n35->n25->n15->n16->n17->n7->n8->n9->n10
854,n1->n2->n3->n4->n5->n15->n25->n35->n34->n44->n43->n53->n63->n73->n74->n64->n54->n55->n56->n57->n58->n59->n60->n50->n40->n30->n20->n10
855,n1->n11->n21->n22->n32->n42->n41->n51->n61->n71->n72->n82->n83->n84->n74->n75->n65->n55->n56->n57->n58->n48->n38->n28->n18->n8->n9->n10
856,n1->n2->n3->n13->n14->n4->n5->n15->n25->n26->n16->n6->n7->n17->n27->n37->n36->n46->n56->n57->n58->n48->n49->n39->n40->n30->n20->n10
857,n1->n11->n21->n22->n12->n2->n3->n4->n5->n15->n16->n6->n7->n8->n18->n17->n27->n26->n25->n35->n36->n37->n38->n39->n40->n30->n20->n10
858,n1->n11->n21->n31->n41->n42->n32->n22->n12->n2->n3->n13->n14->n15->n25->n24->n34->n44->n45->n35->n36->n37->n38->n28->n18->n8->n9->n10
859,n1->n11->n12->n22->n32->n42->n41->n51->n52->n62->n61->n71->n72->n73->n74->n75->n76->n77->n67->n57->n58->n48->n38->n28->n18->n8->n9->n10
860,n1->n11->n12->n2->n3->n13->n23->n24->n25->n15->n14->n4->n5->n6->n16->n26->n27->n37->n38->n39->n29->n30->n20->n19->n18->n8->n9->n10
861,n1->n2->n12->n11->n21->n22->n23->n33->n32->n31->n41->n42->n52->n62->n63->n53->n43->n44->n34->n35->n25->n15->n16->n17->n7->n8->n9->n10
862,n1->n2->n3->n13->n12->n22->n21->n31->n32->n33->n43->n42->n41->n51->n52->n53->n54->n44->n45->n35->n36->n37->n27->n28->n29->n30->n20->n10
863,n1->n11->n21->n22->n12->n2->n3->n4->n5->n15->n14->n24->n34->n44->n45->n46->n36->n35->n25->n26->n16->n6->n7->n8->n18->n19->n20->n10
864,n1->n11->n12->n2->n3->n4->n5->n15->n14->n13->n23->n24->n34->n33->n43->n44->n54->n55->n56->n46->n36->n37->n27->n17->n7->n8->n9->n10
865,n1->n11->n21->n31->n32->n42->n41->n51->n61->n71->n81->n82->n72->n73->n74->n75->n76->n77->n67->n57->n58->n59->n60->n50->n40->n30->n20->n10
866,n1->n2->n12->n11->n21->n22->n23->n24->n34->n33->n43->n53->n54->n64->n65->n75->n76->n77->n78->n68->n58->n48->n49->n50->n40->n30->n20->n10
867,n1->n2->n12->n13->n23->n22->n32->n31->n41->n51->n52->n53->n63->n64->n74->n75->n76->n66->n56->n57->n47->n48->n49->n39->n40->n30->n20->n10
868,n1->n11->n12->n22->n21->n31->n41->n51->n52->n62->n61->n71->n72->n73->n63->n53->n43->n44->n34->n24->n14->n4->n5->n6->n7->n8->n9->n10
869,n1->n11->n21->n31->n41->n42->n52->n53->n63->n73->n72->n82->n83->n84->n85->n75->n65->n55->n56->n46->n47->n48->n38->n28->n18->n8->n9->n10
870,n1->n2->n3->n4->n14->n13->n12->n11->n21->n31->n41->n42->n32->n22->n23->n24->n34->n44->n45->n46->n36->n37->n27->n17->n7->n8->n9->n10
871,n1->n2->n12->n13->n14->n15->n25->n35->n34->n44->n45->n46->n56->n55->n65->n75->n76->n77->n67->n68->n69->n70->n60->n50->n40->n30->n20->n10
872,n1->n11->n21->n31->n32->n33->n43->n53->n54->n64->n74->n75->n76->n77->n87->n97->n98->n99->n100->n90->n80->n70->n60->n50->n40->n30->n20->n10
873,n1->n11->n21->n31->n32->n22->n23->n33->n43->n42->n41->n51->n52->n53->n63->n64->n54->n44->n45->n46->n47->n48->n38->n28->n18->n8->n9->n10
874,n1->n11->n21->n22->n23->n24->n25->n26->n27->n17->n16->n15->n14->n13->n3->n4->n5->n6->n7->n8->n18->n28->n38->n39->n40->n30->n20->n10
875,n1->n11->n21->n31->n41->n42->n52->n53->n63->n64->n54->n55->n56->n66->n67->n57->n58->n68->n69->n59->n49->n39->n29->n30->n20->n19->n9->n10
876,n1->n2->n12->n22->n32->n33->n43->n44->n45->n46->n36->n37->n47->n48->n49->n39->n38->n28->n27->n26->n16->n6->n7->n8->n18->n19->n20->n10
877,n1->n11->n21->n22->n12->n2->n3->n4->n14->n13->n23->n33->n43->n44->n54->n64->n65->n66->n67->n68->n69->n70->n60->n50->n40->n30->n20->n10
878,n1->n2->n3->n13->n12->n22->n21->n31->n32->n33->n43->n42->n52->n62->n63->n64->n65->n55->n56->n46->n36->n26->n27->n17->n7->n8->n9->n10
879,n1->n11->n21->n22->n32->n42->n52->n62->n63->n73->n83->n93->n94->n95->n96->n97->n98->n99->n100->n90->n80->n70->n60->n50->n40->n30->n20->n10
880,n1->n11->n21->n31->n32->n22->n12->n2->n3->n13->n23->n24->n14->n4->n5->n15->n16->n26->n36->n37->n27->n28->n29->n19->n18->n8->n9->n10
881,n1->n11->n21->n22->n32->n31->n41->n51->n61->n71->n72->n82->n83->n84->n85->n75->n76->n77->n67->n68->n69->n59->n49->n50->n40->n30->n20->n10
882,n1->n11->n21->n22->n32->n31->n41->n51->n61->n71->n72->n73->n83->n84->n85->n86->n87->n77->n67->n68->n69->n70->n60->n50->n40->n30->n20->n10
883,n1->n11->n12->n2->n3->n13->n23->n33->n32->n42->n41->n51->n52->n53->n43->n44->n34->n35->n36->n26->n16->n17->n7->n8->n9->n19->n20->n10
884,n1->n2->n3->n13->n12->n22->n21->n31->n32->n42->n43->n44->n45->n46->n36->n35->n34->n24->n14->n15->n25->n26->n16->n17->n18->n8->n9->n10
885,n1->n2->n12->n11->n21->n31->n32->n42->n41->n51->n52->n62->n72->n73->n63->n53->n43->n44->n34->n35->n36->n37->n38->n39->n29->n30->n20->n10
886,n1->n11->n21->n22->n32->n42->n52->n62->n63->n53->n54->n55->n45->n44->n34->n33->n23->n13->n12->n2->n3->n4->n5->n6->n7->n8->n9->n10
887,n1->n11->n21->n22->n12->n2->n3->n4->n14->n13->n23->n24->n34->n44->n54->n55->n65->n66->n56->n46->n36->n26->n16->n6->n7->n8->n9->n10
888,n1->n11->n12->n22->n21->n31->n32->n42->n52->n62->n72->n82->n83->n73->n74->n64->n65->n66->n56->n46->n47->n37->n27->n17->n18->n8->n9->n10
889,n1->n2->n3->n13->n23->n33->n34->n44->n45->n46->n36->n37->n27->n26->n25->n24->n14->n4->n5->n15->n16->n17->n18->n28->n29->n30->n20->n10
890,n1->n11->n12->n2->n3->n13->n23->n22->n21->n31->n32->n33->n43->n53->n63->n64->n65->n55->n56->n46->n36->n26->n27->n28->n18->n19->n9->n10
891,n1->n2->n12->n11->n21->n22->n32->n31->n41->n42->n52->n62->n72->n73->n74->n64->n65->n55->n45->n35->n25->n15->n16->n17->n7->n8->n9->n10
892,n1->n2->n3->n13->n12->n11->n21->n22->n32->n31->n41->n51->n52->n53->n54->n44->n45->n46->n56->n57->n58->n48->n38->n39->n40->n30->n20->n10
893,n1->n11->n21->n31->n41->n51->n52->n53->n43->n42->n32->n33->n34->n35->n25->n15->n5->n6->n16->n26->n27->n37->n38->n28->n18->n8->n9->n10
894,n1->n2->n12->n11->n21->n31->n41->n42->n52->n51->n61->n71->n72->n73->n74->n64->n65->n66->n56->n46->n36->n26->n16->n6->n7->n8->n9->n10
895,n1->n11->n12->n13->n3->n4->n14->n24->n23->n33->n32->n22->n21->n31->n41->n42->n43->n44->n45->n46->n36->n26->n16->n6->n7->n8->n9->n10
896,n1->n11->n12->n22->n23->n33->n32->n31->n41->n51->n61->n62->n72->n73->n74->n75->n65->n66->n56->n46->n47->n37->n27->n17->n7->n8->n9->n10
897,n1->n11->n21->n22->n23->n24->n34->n35->n45->n55->n65->n66->n76->n86->n96->n97->n98->n99->n100->n90->n80->n70->n60->n50->n40->n30->n20->n10
898,n1->n11->n21->n22->n12->n2->n3->n13->n14->n4->n5->n15->n25->n35->n45->n55->n56->n57->n47->n37->n36->n26->n16->n6->n7->n8->n9->n10
899,n1->n2->n12->n11->n21->n31->n32->n42->n43->n33->n34->n35->n25->n15->n16->n26->n27->n37->n47->n48->n38->n28->n18->n19->n29->n30->n20->n10
900,n1->n2->n3->n4->n14->n13->n12->n22->n23->n33->n34->n24->n25->n26->n16->n17->n27->n37->n38->n48->n58->n59->n49->n39->n29->n19->n9->n10
901,n1->n2->n12->n13->n23->n24->n14->n15->n16->n26->n36->n35->n45->n44->n54->n55->n56->n46->n47->n57->n58->n59->n49->n50->n40->n30->n20->n10
902,n1->n2->n3->n4->n5->n15->n25->n24->n14->n13->n23->n22->n12->n11->n21->n31->n32->n33->n34->n35->n36->n37->n27->n28->n18->n8->n9->n10
903,n1->n11->n12->n22->n21->n31->n32->n42->n43->n33->n34->n44->n54->n53->n63->n64->n65->n66->n67->n57->n47->n37->n38->n28->n18->n8->n9->n10
904,n1->n11->n21->n31->n41->n51->n61->n62->n72->n71->n81->n82->n83->n73->n74->n64->n54->n55->n56->n46->n47->n48->n38->n28->n18->n8->n9->n10
905,n1->n2->n12->n11->n21->n22->n32->n33->n23->n24->n14->n4->n5->n15->n16->n17->n7->n8->n9->n19->n18->n28->n38->n39->n40->n30->n20->n10
906,n1->n2->n3->n13->n23->n33->n34->n24->n25->n35->n45->n46->n36->n26->n16->n15->n14->n4->n5->n6->n7->n8->n18->n28->n29->n19->n20->n10
907,n1->n11->n21->n31->n32->n33->n43->n42->n41->n51->n52->n62->n72->n73->n63->n53->n54->n55->n56->n46->n36->n37->n38->n28->n29->n30->n20->n10
908,n1->n11->n12->n22->n21->n31->n41->n51->n61->n71->n72->n82->n83->n73->n63->n64->n54->n44->n45->n35->n36->n37->n38->n28->n29->n19->n9->n10
909,n1->n2->n3->n4->n5->n6->n7->n17->n16->n26->n25->n24->n34->n35->n45->n55->n56->n46->n36->n37->n47->n48->n38->n39->n29->n30->n20->n10
910,n1->n11->n21->n31->n41->n51->n61->n71->n72->n62->n63->n73->n83->n84->n85->n86->n87->n77->n67->n68->n58->n48->n38->n28->n18->n19->n9->n10
911,n1->n11->n21->n31->n32->n33->n43->n42->n41->n51->n61->n71->n72->n73->n74->n64->n65->n55->n56->n46->n47->n37->n38->n28->n29->n19->n9->n10
912,n1->n11->n21->n31->n41->n51->n61->n71->n72->n62->n52->n53->n63->n64->n74->n75->n65->n55->n45->n46->n47->n48->n49->n39->n29->n19->n9->n10
913,n1->n2->n3->n13->n14->n4->n5->n6->n7->n17->n27->n26->n25->n24->n23->n22->n32->n33->n34->n35->n36->n37->n38->n39->n29->n30->n20->n10
914,n1->n2->n12->n13->n14->n15->n25->n24->n23->n33->n32->n31->n41->n51->n52->n42->n43->n44->n34->n35->n36->n37->n27->n17->n7->n8->n9->n10
915,n1->n2->n12->n13->n23->n22->n21->n31->n41->n51->n61->n62->n72->n73->n74->n64->n54->n55->n45->n35->n25->n26->n16->n6->n7->n8->n9->n10
916,n1->n11->n21->n31->n32->n42->n52->n62->n63->n53->n43->n44->n54->n64->n74->n75->n65->n66->n56->n57->n58->n48->n49->n39->n29->n30->n20->n10
917,n1->n11->n12->n2->n3->n4->n14->n13->n23->n33->n43->n44->n45->n46->n56->n57->n58->n68->n78->n79->n69->n70->n60->n50->n40->n30->n20->n10
918,n1->n11->n12->n22->n21->n31->n41->n51->n52->n53->n63->n62->n72->n73->n74->n64->n54->n44->n34->n35->n36->n37->n38->n39->n29->n19->n9->n10
919,n1->n11->n12->n22->n32->n31->n41->n42->n52->n53->n63->n62->n72->n73->n74->n64->n54->n44->n45->n46->n36->n26->n27->n17->n7->n8->n9->n10
920,n1->n2->n12->n11->n21->n31->n41->n42->n43->n33->n23->n24->n25->n26->n27->n17->n16->n15->n5->n6->n7->n8->n9->n19->n29->n30->n20->n10
921,n1->n11->n21->n22->n32->n33->n34->n44->n54->n64->n65->n55->n45->n46->n56->n66->n67->n77->n78->n68->n58->n59->n49->n50->n40->n30->n20->n10
922,n1->n11->n21->n22->n12->n2->n3->n4->n14->n24->n34->n35->n45->n44->n54->n64->n65->n66->n67->n57->n58->n48->n49->n50->n40->n30->n20->n10
923,n1->n11->n12->n22->n21->n31->n41->n42->n52->n51->n61->n62->n72->n73->n74->n75->n76->n66->n67->n57->n47->n37->n38->n39->n40->n30->n20->n10
924,n1->n2->n12->n11->n21->n31->n32->n42->n52->n51->n61->n62->n63->n73->n74->n75->n76->n77->n67->n57->n58->n59->n60->n50->n40->n30->n20->n10
925,n1->n11->n21->n22->n23->n24->n14->n15->n16->n26->n25->n35->n45->n55->n56->n66->n67->n57->n58->n48->n49->n39->n38->n28->n29->n30->n20->n10
926,n1->n2->n3->n4->n5->n15->n25->n26->n16->n17->n27->n37->n47->n57->n58->n59->n49->n50->n40->n39->n38->n28->n29->n30->n20->n19->n9->n10
927,n1->n11->n21->n31->n41->n42->n43->n44->n45->n55->n54->n64->n65->n75->n85->n86->n76->n77->n78->n68->n69->n70->n60->n50->n40->n30->n20->n10
928,n1->n11->n21->n31->n32->n22->n12->n2->n3->n13->n14->n4->n5->n15->n16->n6->n7->n8->n9->n19->n29->n28->n38->n39->n40->n30->n20->n10
929,n1->n11->n21->n31->n32->n22->n12->n2->n3->n4->n14->n15->n16->n26->n36->n46->n47->n48->n49->n50->n40->n39->n29->n30->n20->n19->n9->n10
930,n1->n11->n21->n31->n32->n33->n34->n35->n45->n44->n43->n53->n52->n62->n63->n64->n65->n55->n56->n57->n47->n48->n38->n39->n40->n30->n20->n10
931,n1->n2->n12->n11->n21->n31->n41->n51->n61->n62->n52->n53->n54->n55->n45->n35->n36->n26->n27->n17->n16->n15->n5->n6->n7->n8->n9->n10
932,n1->n2->n3->n4->n14->n13->n12->n22->n32->n33->n34->n35->n45->n55->n65->n75->n76->n66->n56->n46->n36->n26->n16->n17->n7->n8->n9->n10
933,n1->n11->n12->n13->n3->n4->n5->n15->n16->n17->n7->n8->n18->n28->n27->n37->n38->n48->n47->n57->n58->n59->n49->n39->n29->n19->n9->n10
934,n1->n11->n21->n31->n32->n22->n12->n2->n3->n4->n5->n6->n16->n26->n25->n15->n14->n24->n34->n35->n36->n37->n27->n17->n18->n8->n9->n10
935,n1->n2->n3->n4->n5->n15->n16->n6->n7->n17->n27->n26->n25->n35->n45->n55->n65->n66->n67->n57->n58->n48->n38->n28->n29->n19->n9->n10
936,n1->n2->n3->n13->n23->n33->n34->n24->n14->n15->n25->n35->n36->n46->n56->n66->n76->n77->n67->n57->n47->n48->n49->n39->n29->n30->n20->n10
937,n1->n2->n3->n4->n14->n15->n5->n6->n16->n17->n27->n37->n36->n46->n45->n55->n56->n66->n67->n68->n69->n70->n60->n50->n40->n30->n20->n10
938,n1->n2->n12->n11->n21->n31->n41->n51->n52->n53->n63->n64->n54->n55->n65->n66->n76->n77->n67->n57->n47->n37->n38->n28->n29->n30->n20->n10
939,n1->n2->n12->n11->n21->n22->n32->n42->n41->n51->n52->n62->n72->n73->n63->n64->n65->n66->n56->n46->n36->n37->n38->n28->n29->n30->n20->n10
940,n1->n11->n12->n2->n3->n4->n14->n13->n23->n33->n34->n24->n25->n15->n5->n6->n7->n17->n16->n26->n27->n37->n38->n28->n29->n30->n20->n10
941,n1->n11->n12->n2->n3->n13->n14->n4->n5->n6->n16->n15->n25->n35->n36->n26->n27->n28->n38->n39->n40->n30->n29->n19->n18->n8->n9->n10
942,n1->n11->n12->n2->n3->n4->n5->n6->n16->n15->n25->n35->n45->n55->n65->n66->n56->n57->n58->n59->n69->n70->n60->n50->n40->n30->n20->n10
943,n1->n11->n12->n2->n3->n13->n23->n24->n34->n35->n45->n46->n36->n37->n27->n17->n18->n28->n38->n48->n58->n59->n60->n50->n40->n30->n20->n10
944,n1->n2->n12->n11->n21->n22->n23->n33->n43->n53->n54->n64->n74->n75->n76->n86->n87->n77->n67->n57->n47->n48->n49->n50->n40->n30->n20->n10
945,n1->n11->n12->n2->n3->n4->n14->n13->n23->n22->n21->n31->n41->n42->n43->n33->n34->n44->n45->n46->n47->n37->n38->n28->n29->n19->n9->n10
946,n1->n2->n12->n11->n21->n22->n23->n33->n32->n31->n41->n51->n52->n42->n43->n44->n54->n55->n45->n35->n36->n37->n38->n39->n40->n30->n20->n10
947,n1->n2->n12->n13->n3->n4->n14->n24->n34->n35->n25->n26->n27->n17->n18->n28->n38->n37->n47->n48->n58->n59->n60->n50->n40->n30->n20->n10
948,n1->n2->n12->n11->n21->n31->n41->n51->n52->n53->n54->n55->n45->n44->n43->n33->n34->n24->n23->n13->n14->n4->n5->n6->n7->n8->n9->n10
949,n1->n2->n3->n4->n14->n15->n5->n6->n16->n17->n18->n28->n38->n37->n47->n48->n58->n68->n69->n59->n60->n50->n49->n39->n40->n30->n20->n10
950,n1->n2->n12->n22->n21->n31->n32->n33->n34->n44->n43->n42->n41->n51->n52->n53->n54->n55->n56->n57->n58->n59->n60->n50->n40->n30->n20->n10
951,n1->n11->n21->n22->n12->n13->n14->n24->n34->n33->n43->n44->n45->n46->n36->n35->n25->n26->n16->n6->n7->n17->n18->n8->n9->n19->n20->n10
952,n1->n11->n12->n22->n21->n31->n32->n42->n41->n51->n61->n71->n72->n73->n63->n64->n65->n66->n56->n57->n58->n59->n49->n50->n40->n30->n20->n10
953,n1->n11->n12->n22->n21->n31->n32->n42->n43->n44->n34->n33->n23->n24->n25->n26->n16->n17->n18->n19->n29->n39->n49->n50->n40->n30->n20->n10
954,n1->n11->n21->n31->n41->n51->n52->n62->n72->n71->n81->n82->n83->n73->n63->n64->n65->n66->n67->n57->n47->n48->n38->n39->n29->n30->n20->n10
955,n1->n11->n21->n22->n32->n31->n41->n42->n52->n53->n54->n55->n45->n46->n47->n57->n56->n66->n67->n68->n58->n48->n49->n39->n40->n30->n20->n10
956,n1->n11->n21->n22->n23->n24->n14->n13->n12->n2->n3->n4->n5->n15->n25->n35->n36->n46->n47->n57->n67->n68->n58->n48->n38->n28->n18->n19->n9->n10
957,n1->n11->n12->n22->n23->n13->n14->n4->n5->n6->n7->n17->n16->n26->n25->n24->n34->n44->n54->n55->n45->n35->n36->n37->n27->n28->n18->n8->n9->n10
958,n1->n11->n21->n31->n32->n33->n23->n22->n12->n2->n3->n13->n14->n24->n25->n26->n36->n46->n47->n57->n67->n68->n58->n59->n60->n50->n40->n30->n20->n10
959,n1->n2->n3->n4->n14->n13->n23->n22->n21->n31->n32->n33->n34->n24->n25->n35->n45->n46->n36->n37->n38->n28->n18->n17->n16->n6->n7->n8->n9->n10
960,n1->n11->n21->n31->n41->n42->n43->n53->n54->n44->n34->n24->n25->n15->n5->n6->n7->n8->n9->n19->n29->n28->n38->n39->n49->n50->n40->n30->n20->n10
961,n1->n11->n21->n22->n32->n31->n41->n51->n61->n62->n63->n64->n54->n53->n52->n42->n43->n33->n23->n24->n14->n13->n3->n4->n5->n6->n7->n8->n9->n10
962,n1->n2->n3->n4->n14->n13->n23->n33->n32->n22->n21->n31->n41->n42->n52->n62->n63->n64->n54->n55->n45->n46->n47->n37->n38->n39->n40->n30->n20->n10
963,n1->n11->n12->n22->n21->n31->n32->n33->n43->n42->n52->n53->n54->n55->n56->n66->n76->n77->n78->n79->n80->n70->n60->n50->n40->n39->n29->n30->n20->n10
964,n1->n2->n12->n11->n21->n31->n32->n33->n43->n42->n52->n53->n54->n55->n65->n64->n74->n75->n76->n66->n56->n46->n47->n37->n38->n28->n18->n8->n9->n10
965,n1->n11->n21->n31->n41->n42->n52->n62->n61->n71->n81->n91->n92->n82->n72->n73->n63->n53->n54->n44->n34->n24->n14->n15->n5->n6->n7->n8->n9->n10
966,n1->n2->n3->n13->n23->n24->n25->n35->n34->n33->n43->n42->n52->n53->n63->n64->n65->n66->n56->n57->n67->n68->n58->n48->n38->n28->n18->n8->n9->n10
967,n1->n11->n21->n22->n23->n33->n43->n42->n32->n31->n41->n51->n61->n62->n72->n73->n74->n64->n54->n44->n45->n35->n25->n26->n16->n17->n7->n8->n9->n10
968,n1->n11->n12->n22->n23->n33->n43->n53->n63->n73->n74->n84->n83->n93->n94->n95->n96->n97->n98->n88->n89->n90->n80->n70->n60->n50->n40->n30->n20->n10
969,n1->n2->n12->n11->n21->n22->n32->n33->n43->n44->n54->n55->n56->n66->n76->n77->n78->n88->n98->n99->n89->n90->n80->n70->n60->n50->n40->n30->n20->n10
970,n1->n11->n12->n22->n32->n33->n34->n44->n43->n42->n52->n51->n61->n62->n72->n73->n63->n53->n54->n55->n45->n35->n25->n15->n16->n6->n7->n8->n9->n10
971,n1->n2->n12->n22->n32->n33->n34->n44->n45->n55->n56->n57->n67->n66->n65->n75->n85->n86->n76->n77->n78->n79->n69->n59->n49->n50->n40->n30->n20->n10
972,n1->n2->n3->n13->n14->n15->n5->n6->n16->n26->n25->n35->n34->n33->n43->n53->n54->n64->n65->n66->n67->n68->n69->n70->n60->n50->n40->n30->n20->n10
973,n1->n2->n12->n11->n21->n31->n41->n51->n52->n62->n63->n73->n83->n93->n94->n84->n74->n64->n65->n55->n56->n46->n36->n26->n16->n6->n7->n8->n9->n10
974,n1->n2->n12->n13->n23->n33->n34->n44->n43->n42->n41->n51->n61->n71->n72->n73->n74->n75->n65->n66->n67->n68->n69->n59->n60->n50->n40->n30->n20->n10
975,n1->n11->n21->n31->n41->n42->n52->n51->n61->n62->n72->n71->n81->n82->n83->n84->n85->n86->n76->n66->n67->n68->n69->n70->n60->n50->n40->n30->n20->n10
976,n1->n11->n21->n31->n41->n51->n61->n71->n72->n73->n74->n64->n54->n55->n45->n35->n34->n24->n25->n26->n27->n37->n38->n28->n29->n39->n40->n30->n20->n10
977,n1->n2->n3->n4->n14->n13->n23->n22->n32->n42->n43->n44->n54->n55->n65->n75->n85->n86->n76->n77->n67->n68->n58->n59->n49->n50->n40->n30->n20->n10
978,n1->n2->n3->n4->n14->n24->n23->n22->n32->n33->n43->n53->n63->n64->n65->n55->n45->n46->n56->n66->n67->n68->n58->n59->n49->n50->n40->n30->n20->n10
979,n1->n11->n21->n31->n32->n22->n23->n24->n25->n35->n34->n33->n43->n44->n45->n46->n56->n66->n67->n57->n47->n48->n38->n37->n27->n17->n18->n8->n9->n10
980,n1->n2->n3->n4->n5->n15->n25->n35->n45->n44->n54->n53->n52->n62->n72->n73->n74->n64->n65->n66->n67->n57->n47->n48->n49->n50->n40->n30->n20->n10
981,n1->n2->n12->n22->n32->n33->n34->n44->n45->n55->n56->n46->n47->n48->n58->n68->n78->n77->n87->n88->n89->n90->n80->n70->n60->n50->n40->n30->n20->n10
982,n1->n11->n12->n22->n21->n31->n32->n42->n41->n51->n61->n62->n72->n73->n74->n84->n85->n75->n65->n55->n56->n46->n47->n37->n38->n39->n40->n30->n20->n10
983,n1->n2->n12->n11->n21->n31->n41->n42->n32->n33->n43->n53->n54->n55->n65->n64->n74->n75->n76->n66->n67->n57->n58->n59->n60->n50->n40->n30->n20->n10
984,n1->n2->n3->n4->n5->n6->n7->n17->n27->n26->n36->n46->n47->n57->n58->n68->n67->n77->n87->n88->n78->n79->n80->n70->n60->n50->n40->n30->n20->n10
985,n1->n2->n12->n11->n21->n31->n41->n51->n52->n53->n63->n73->n74->n84->n94->n95->n85->n86->n87->n77->n67->n68->n58->n59->n60->n50->n40->n30->n20->n10
986,n1->n2->n12->n22->n32->n42->n52->n62->n63->n73->n74->n75->n76->n66->n65->n55->n45->n44->n34->n24->n23->n13->n3->n4->n5->n6->n7->n8->n9->n10
987,n1->n2->n3->n13->n23->n22->n32->n31->n41->n51->n52->n62->n63->n64->n54->n55->n56->n57->n67->n77->n78->n68->n69->n70->n60->n50->n40->n30->n20->n10
988,n1->n11->n12->n2->n3->n13->n23->n24->n14->n4->n5->n6->n16->n15->n25->n26->n36->n35->n45->n55->n56->n57->n58->n48->n38->n28->n18->n19->n20->n10
989,n1->n11->n21->n31->n32->n42->n43->n53->n63->n73->n83->n93->n94->n84->n74->n64->n54->n55->n45->n35->n36->n46->n47->n48->n49->n50->n40->n30->n20->n10
990,n1->n2->n12->n11->n21->n22->n32->n31->n41->n42->n52->n51->n61->n71->n72->n62->n63->n64->n65->n55->n45->n35->n25->n15->n16->n6->n7->n8->n9->n10
991,n1->n11->n12->n22->n23->n13->n3->n4->n14->n15->n16->n26->n25->n24->n34->n35->n36->n46->n47->n48->n38->n37->n27->n17->n18->n28->n29->n19->n20->n10
992,n1->n11->n12->n2->n3->n13->n14->n15->n25->n26->n36->n35->n45->n44->n43->n53->n54->n64->n65->n55->n56->n46->n47->n48->n49->n39->n40->n30->n20->n10
993,n1->n2->n12->n22->n23->n33->n43->n42->n32->n31->n41->n51->n61->n71->n72->n62->n63->n64->n54->n44->n34->n35->n25->n15->n5->n6->n7->n8->n9->n10
994,n1->n11->n21->n31->n32->n33->n34->n44->n54->n55->n45->n35->n25->n15->n16->n17->n7->n8->n9->n19->n18->n28->n27->n37->n38->n39->n40->n30->n20->n10
995,n1->n11->n21->n22->n12->n13->n3->n4->n14->n15->n5->n6->n16->n17->n7->n8->n18->n28->n27->n37->n47->n48->n58->n59->n60->n50->n40->n30->n20->n10
996,n1->n11->n21->n22->n23->n24->n14->n15->n16->n26->n36->n46->n45->n44->n43->n53->n54->n55->n65->n66->n67->n57->n47->n37->n38->n28->n29->n30->n20->n10
997,n1->n2->n3->n4->n14->n13->n12->n11->n21->n31->n32->n33->n43->n53->n52->n62->n63->n64->n54->n44->n34->n35->n25->n15->n16->n6->n7->n8->n9->n10
998,n1->n11->n21->n22->n23->n24->n34->n44->n43->n53->n63->n64->n65->n66->n67->n68->n69->n70->n60->n50->n49->n39->n38->n28->n18->n8->n9->n19->n20->n10
999,n1->n2->n3->n4->n14->n24->n25->n35->n36->n46->n45->n55->n56->n66->n67->n57->n47->n37->n38->n39->n49->n48->n58->n59->n60->n50->n40->n30->n20->n10
1000,n1->n2->n3->n4->n14->n24->n23->n22->n21->n31->n32->n33->n43->n53->n52->n62->n63->n64->n65->n66->n56->n57->n47->n48->n49->n39->n40->n30->n20->n10
1001,n1->n2->n3->n13->n12->n11->n21->n22->n23->n24->n34->n35->n45->n46->n56->n66->n67->n57->n47->n48->n58->n59->n69->n70->n60->n50->n40->n30->n20->n10
1002,n1->n11->n21->n31->n41->n42->n32->n33->n43->n53->n54->n44->n34->n24->n25->n35->n45->n46->n56->n57->n58->n59->n69->n70->n60->n50->n40->n30->n20->n10
1003,n1->n2->n3->n13->n23->n22->n21->n31->n41->n42->n32->n33->n43->n44->n54->n55->n56->n57->n47->n46->n45->n35->n36->n37->n38->n28->n29->n19->n9->n10
1004,n1->n11->n12->n13->n14->n15->n25->n35->n36->n46->n56->n57->n67->n68->n78->n77->n87->n97->n98->n88->n89->n90->n80->n70->n60->n50->n40->n30->n20->n10
1005,n1->n2->n12->n13->n23->n24->n14->n15->n16->n26->n25->n35->n45->n44->n34->n33->n43->n53->n54->n55->n56->n57->n58->n48->n49->n50->n40->n30->n20->n10
1006,n1->n11->n21->n22->n32->n42->n43->n33->n34->n44->n45->n55->n54->n64->n74->n75->n76->n86->n87->n77->n78->n68->n58->n59->n49->n39->n40->n30->n20->n10
1007,n1->n2->n12->n11->n21->n31->n32->n22->n23->n33->n34->n35->n45->n55->n56->n66->n76->n86->n87->n77->n78->n68->n58->n48->n49->n50->n40->n30->n20->n10
1008,n1->n11->n21->n31->n41->n51->n52->n42->n43->n44->n34->n24->n14->n13->n23->n33->n32->n22->n12->n2->n3->n4->n5->n15->n16->n6->n7->n8->n9->n10
1009,n1->n11->n12->n2->n3->n4->n14->n15->n25->n24->n34->n35->n36->n46->n45->n44->n43->n53->n54->n55->n56->n57->n47->n48->n49->n39->n40->n30->n20->n10
1010,n1->n2->n3->n4->n14->n24->n23->n33->n43->n53->n63->n73->n72->n82->n83->n84->n74->n75->n65->n55->n45->n46->n47->n37->n27->n28->n29->n19->n9->n10
1011,n1->n2->n3->n4->n14->n24->n23->n33->n43->n53->n52->n62->n72->n82->n83->n84->n74->n64->n65->n66->n67->n68->n58->n59->n60->n50->n40->n30->n20->n10
1012,n1->n11->n21->n22->n23->n24->n34->n35->n36->n46->n45->n44->n54->n53->n63->n64->n65->n75->n76->n77->n78->n68->n58->n59->n60->n50->n40->n30->n20->n10
1013,n1->n11->n12->n13->n3->n4->n14->n24->n34->n33->n32->n22->n21->n31->n41->n51->n52->n53->n43->n44->n45->n35->n25->n26->n27->n17->n18->n19->n20->n10
1014,n1->n2->n12->n11->n21->n31->n41->n51->n52->n42->n43->n44->n45->n46->n56->n57->n47->n37->n38->n28->n18->n19->n29->n39->n49->n50->n40->n30->n20->n10
1015,n1->n2->n3->n4->n5->n6->n16->n26->n25->n24->n34->n33->n43->n44->n54->n55->n65->n66->n76->n77->n78->n68->n69->n70->n60->n50->n40->n30->n20->n10
1016,n1->n2->n3->n4->n14->n24->n34->n35->n45->n46->n36->n26->n25->n15->n5->n6->n16->n17->n27->n37->n47->n48->n38->n39->n49->n50->n40->n30->n20->n10
1017,n1->n2->n3->n4->n14->n24->n23->n13->n12->n11->n21->n31->n41->n51->n61->n62->n63->n64->n54->n55->n45->n46->n47->n48->n38->n28->n18->n19->n20->n10
1018,n1->n2->n3->n4->n14->n13->n23->n33->n32->n31->n41->n51->n61->n71->n72->n73->n74->n64->n65->n66->n67->n57->n58->n59->n49->n39->n40->n30->n20->n10
1019,n1->n11->n21->n22->n32->n31->n41->n51->n61->n62->n52->n42->n43->n44->n34->n24->n25->n26->n27->n37->n36->n46->n47->n48->n38->n28->n29->n30->n20->n10
1020,n1->n11->n21->n22->n23->n33->n34->n24->n14->n13->n12->n2->n3->n4->n5->n6->n16->n17->n18->n28->n38->n48->n58->n59->n49->n50->n40->n30->n20->n10
1021,n1->n11->n12->n22->n21->n31->n41->n42->n52->n62->n61->n71->n81->n82->n72->n73->n63->n53->n54->n55->n56->n46->n36->n37->n38->n39->n40->n30->n20->n10
1022,n1->n11->n12->n13->n3->n4->n14->n24->n25->n35->n34->n33->n23->n22->n21->n31->n32->n42->n43->n44->n45->n46->n36->n26->n16->n17->n18->n8->n9->n10
1023,n1->n2->n3->n4->n14->n24->n23->n22->n32->n33->n34->n35->n25->n15->n5->n6->n16->n26->n36->n37->n47->n57->n58->n59->n49->n39->n40->n30->n20->n10
1024,n1->n11->n12->n22->n32->n42->n41->n51->n52->n62->n61->n71->n72->n73->n74->n84->n85->n86->n76->n66->n56->n57->n58->n59->n49->n39->n29->n30->n20->n10
1025,n1->n2->n12->n22->n21->n31->n41->n51->n52->n62->n61->n71->n81->n82->n72->n73->n74->n75->n65->n55->n56->n46->n47->n48->n49->n39->n29->n30->n20->n10
1026,n1->n2->n3->n13->n12->n22->n32->n33->n34->n24->n14->n15->n5->n6->n16->n17->n7->n8->n9->n19->n29->n28->n38->n48->n49->n39->n40->n30->n20->n10
1027,n1->n2->n12->n22->n21->n31->n32->n33->n34->n35->n45->n55->n65->n66->n67->n57->n56->n46->n47->n37->n36->n26->n27->n28->n18->n17->n7->n8->n9->n10
1028,n1->n11->n21->n31->n41->n51->n52->n62->n72->n82->n92->n93->n83->n84->n85->n95->n96->n86->n76->n66->n67->n68->n58->n48->n49->n39->n40->n30->n20->n10
1029,n1->n2->n3->n13->n14->n4->n5->n15->n25->n24->n23->n22->n32->n42->n41->n51->n52->n53->n54->n44->n45->n46->n47->n37->n38->n39->n40->n30->n20->n10
1030,n1->n2->n3->n4->n14->n13->n12->n11->n21->n22->n23->n24->n25->n26->n16->n17->n27->n28->n18->n19->n29->n39->n38->n48->n49->n50->n40->n30->n20->n10
1031,n1->n11->n12->n2->n3->n4->n14->n13->n23->n24->n34->n44->n43->n53->n52->n62->n63->n64->n54->n55->n45->n46->n36->n37->n27->n28->n18->n19->n9->n10
1032,n1->n2->n3->n13->n23->n24->n25->n26->n36->n46->n56->n66->n76->n77->n87->n97->n98->n88->n89->n90->n80->n70->n69->n59->n49->n39->n40->n30->n20->n10
1033,n1->n2->n12->n11->n21->n31->n32->n22->n23->n33->n43->n42->n41->n51->n52->n62->n63->n53->n54->n44->n34->n24->n14->n15->n16->n6->n7->n8->n9->n10
1034,n1->n2->n12->n11->n21->n22->n32->n31->n41->n42->n52->n51->n61->n62->n63->n64->n54->n55->n56->n57->n58->n48->n47->n37->n38->n39->n29->n30->n20->n10
1035,n1->n11->n12->n2->n3->n4->n14->n24->n34->n35->n25->n26->n16->n15->n5->n6->n7->n8->n9->n19->n18->n28->n27->n37->n38->n39->n40->n30->n20->n10
1036,n1->n11->n21->n31->n32->n42->n41->n51->n52->n53->n63->n62->n72->n82->n83->n73->n74->n64->n65->n66->n56->n46->n47->n37->n27->n17->n18->n19->n9->n10
1037,n1->n2->n3->n13->n23->n22->n32->n33->n34->n44->n45->n35->n36->n26->n25->n24->n14->n15->n5->n6->n7->n17->n27->n28->n38->n39->n40->n30->n20->n10
1038,n1->n11->n12->n22->n21->n31->n41->n51->n52->n42->n32->n33->n34->n24->n23->n13->n3->n4->n5->n15->n25->n35->n36->n37->n38->n39->n40->n30->n20->n10
1039,n1->n11->n12->n22->n21->n31->n41->n51->n61->n71->n81->n91->n92->n93->n83->n84->n85->n75->n65->n66->n67->n57->n58->n59->n49->n50->n40->n30->n20->n10
1040,n1->n2->n3->n13->n12->n11->n21->n31->n41->n51->n61->n62->n72->n73->n74->n64->n65->n66->n56->n55->n45->n46->n36->n26->n16->n6->n7->n8->n9->n10
1041,n1->n11->n21->n22->n32->n42->n43->n33->n23->n24->n14->n4->n5->n15->n16->n26->n27->n37->n47->n48->n49->n39->n38->n28->n18->n17->n7->n8->n9->n10
1042,n1->n2->n12->n22->n32->n42->n41->n51->n52->n62->n61->n71->n72->n73->n74->n64->n65->n55->n45->n44->n34->n24->n14->n15->n5->n6->n7->n8->n9->n10
1043,n1->n11->n21->n31->n32->n33->n23->n13->n12->n2->n3->n4->n14->n24->n25->n35->n34->n44->n45->n55->n56->n57->n58->n59->n60->n50->n40->n30->n20->n10
1044,n1->n11->n21->n22->n12->n2->n3->n13->n23->n24->n34->n35->n25->n15->n14->n4->n5->n6->n16->n17->n27->n26->n36->n37->n38->n39->n29->n30->n20->n10
1045,n1->n2->n12->n13->n23->n22->n32->n31->n41->n51->n52->n53->n63->n64->n54->n44->n43->n33->n34->n35->n25->n26->n27->n28->n18->n17->n7->n8->n9->n10
1046,n1->n2->n3->n13->n23->n22->n32->n33->n43->n42->n41->n51->n61->n71->n72->n62->n52->n53->n54->n44->n34->n24->n14->n4->n5->n6->n7->n8->n9->n10
1047,n1->n11->n21->n22->n32->n33->n43->n44->n34->n35->n36->n46->n56->n57->n58->n48->n49->n50->n40->n30->n29->n39->n38->n28->n27->n17->n7->n8->n9->n10
1048,n1->n2->n12->n13->n14->n24->n25->n35->n34->n33->n32->n22->n21->n31->n41->n51->n52->n42->n43->n44->n45->n46->n36->n37->n38->n39->n40->n30->n20->n10
1049,n1->n2->n12->n13->n23->n22->n32->n42->n52->n62->n63->n53->n54->n44->n45->n55->n56->n46->n36->n35->n25->n24->n14->n15->n5->n6->n7->n8->n9->n10
1050,n1->n2->n12->n22->n32->n42->n52->n53->n63->n64->n74->n84->n85->n86->n87->n88->n89->n90->n80->n79->n69->n70->n60->n59->n49->n50->n40->n30->n20->n10
1051,n1->n11->n12->n13->n3->n4->n5->n15->n16->n26->n27->n28->n38->n37->n36->n35->n34->n33->n43->n44->n45->n46->n47->n48->n49->n50->n40->n30->n20->n10
1052,n1->n2->n3->n4->n14->n24->n34->n35->n25->n15->n16->n17->n27->n28->n38->n39->n49->n48->n47->n57->n58->n68->n69->n70->n60->n50->n40->n30->n20->n10
1053,n1->n2->n12->n22->n23->n33->n34->n44->n43->n53->n52->n51->n61->n62->n72->n73->n63->n64->n65->n66->n56->n46->n47->n48->n49->n50->n40->n30->n20->n10
1054,n1->n2->n12->n11->n21->n31->n32->n22->n23->n33->n43->n42->n41->n51->n52->n62->n63->n64->n65->n66->n56->n46->n47->n37->n27->n28->n29->n30->n20->n10
1055,n1->n2->n12->n13->n3->n4->n5->n15->n14->n24->n23->n33->n34->n44->n45->n55->n54->n64->n65->n66->n67->n57->n58->n48->n49->n39->n40->n30->n20->n10
1056,n1->n11->n12->n13->n3->n4->n5->n6->n16->n15->n14->n24->n34->n35->n25->n26->n36->n37->n38->n48->n49->n39->n40->n30->n29->n28->n18->n19->n9->n10
1057,n1->n2->n3->n4->n5->n6->n16->n17->n7->n8->n18->n19->n29->n28->n38->n37->n47->n57->n58->n68->n69->n79->n80->n70->n60->n50->n40->n30->n20->n10
1058,n1->n11->n21->n22->n12->n2->n3->n13->n14->n24->n25->n35->n34->n44->n54->n64->n74->n75->n76->n77->n78->n68->n58->n59->n60->n50->n40->n30->n20->n10
1059,n1->n2->n3->n13->n14->n24->n23->n22->n12->n11->n21->n31->n32->n42->n41->n51->n52->n53->n43->n44->n45->n46->n47->n37->n38->n39->n40->n30->n20->n10
1060,n1->n2->n3->n13->n12->n11->n21->n31->n32->n22->n23->n24->n34->n44->n43->n42->n52->n53->n54->n55->n45->n35->n36->n37->n38->n28->n29->n30->n20->n10
1061,n1->n11->n12->n2->n3->n4->n14->n13->n23->n33->n43->n42->n32->n31->n41->n51->n52->n53->n54->n55->n45->n46->n47->n48->n38->n28->n18->n19->n20->n10
1062,n1->n11->n21->n31->n32->n33->n43->n44->n54->n53->n63->n73->n74->n84->n94->n95->n96->n86->n76->n66->n67->n57->n58->n59->n49->n39->n40->n30->n20->n10
1063,n1->n11->n21->n31->n32->n42->n43->n53->n63->n64->n65->n75->n76->n66->n67->n57->n47->n46->n56->n55->n45->n35->n36->n26->n16->n6->n7->n8->n9->n10
1064,n1->n11->n21->n31->n41->n51->n52->n62->n61->n71->n81->n82->n72->n73->n74->n64->n63->n53->n43->n44->n34->n35->n36->n37->n38->n28->n29->n19->n20->n10
1065,n1->n11->n21->n22->n23->n13->n12->n2->n3->n4->n5->n6->n7->n17->n16->n15->n25->n35->n45->n46->n36->n26->n27->n37->n38->n28->n18->n8->n9->n10
1066,n1->n11->n12->n22->n32->n33->n43->n42->n52->n62->n61->n71->n72->n73->n83->n84->n74->n75->n76->n66->n56->n46->n36->n37->n38->n39->n29->n30->n20->n10
1067,n1->n11->n12->n13->n23->n24->n25->n15->n5->n6->n16->n26->n36->n46->n56->n66->n76->n86->n87->n77->n78->n68->n58->n59->n60->n50->n40->n30->n20->n10
1068,n1->n11->n12->n2->n3->n4->n5->n15->n14->n24->n23->n33->n43->n42->n41->n51->n52->n53->n54->n44->n34->n35->n25->n26->n27->n28->n18->n8->n9->n10
1069,n1->n2->n3->n13->n12->n22->n21->n31->n32->n33->n34->n35->n45->n55->n65->n66->n56->n57->n67->n77->n78->n68->n58->n48->n38->n39->n29->n30->n20->n10
