PathID,PathString
1,n1->n20->n96->n94->n51
2,n1->n20->n89->n48->n50->n51
3,n1->n13->n11->n29->n50->n51
4,n1->n13->n15->n63->n61->n51
5,n1->n13->n14->n96->n94->n51
6,n1->n99->n97->n27->n52->n51
7,n1->n99->n77->n93->n94->n51
8,n1->n13->n15->n29->n50->n51
9,n1->n13->n12->n14->n96->n94->n51
10,n1->n99->n77->n93->n92->n94->n51
11,n1->n13->n11->n29->n27->n52->n51
12,n1->n20->n21->n67->n64->n49->n51
13,n1->n99->n77->n93->n64->n49->n51
14,n1->n99->n97->n27->n29->n50->n51
15,n1->n20->n89->n90->n59->n50->n51
16,n1->n13->n15->n29->n27->n52->n51
17,n1->n20->n96->n97->n27->n52->n51
18,n1->n20->n89->n48->n47->n49->n51
19,n1->n99->n98->n57->n55->n53->n52->n51
20,n1->n20->n96->n97->n95->n93->n94->n51
21,n1->n13->n11->n9->n10->n63->n61->n51
22,n1->n20->n96->n97->n27->n29->n50->n51
23,n1->n20->n18->n17->n85->n65->n52->n51
24,n1->n20->n19->n68->n58->n59->n50->n51
25,n1->n13->n14->n75->n4->n27->n52->n51
26,n1->n99->n77->n72->n45->n47->n49->n51
27,n1->n20->n19->n17->n85->n65->n52->n51
28,n1->n13->n14->n96->n97->n27->n52->n51
29,n1->n99->n97->n95->n93->n92->n94->n51
30,n1->n99->n97->n95->n89->n48->n50->n51
31,n1->n20->n21->n67->n64->n65->n52->n51
32,n1->n99->n97->n27->n26->n47->n49->n51
33,n1->n20->n89->n95->n93->n64->n49->n51
34,n1->n20->n89->n48->n46->n47->n49->n51
35,n1->n13->n15->n29->n28->n27->n52->n51
36,n1->n20->n21->n67->n64->n62->n61->n51
37,n1->n99->n97->n95->n82->n63->n61->n51
38,n1->n13->n15->n34->n36->n64->n49->n51
39,n1->n20->n21->n23->n77->n93->n94->n51
40,n1->n99->n97->n27->n28->n29->n50->n51
41,n1->n20->n89->n90->n59->n60->n50->n51
42,n1->n20->n89->n95->n82->n63->n61->n51
43,n1->n20->n89->n48->n46->n62->n61->n51
44,n1->n20->n89->n95->n97->n27->n52->n51
45,n1->n20->n21->n67->n64->n93->n94->n51
46,n1->n20->n89->n95->n97->n96->n94->n51
47,n1->n20->n89->n95->n93->n92->n94->n51
48,n1->n99->n77->n93->n64->n65->n52->n51
49,n1->n99->n77->n93->n64->n62->n61->n51
50,n1->n13->n15->n63->n61->n62->n60->n50->n51
51,n1->n13->n14->n12->n8->n10->n63->n61->n51
52,n1->n20->n18->n70->n69->n28->n27->n52->n51
53,n1->n13->n14->n96->n94->n93->n64->n49->n51
54,n1->n99->n98->n57->n83->n85->n65->n52->n51
55,n1->n13->n15->n34->n35->n31->n29->n50->n51
56,n1->n99->n77->n23->n24->n26->n47->n49->n51
57,n1->n13->n12->n6->n33->n31->n29->n50->n51
58,n1->n13->n11->n9->n7->n5->n65->n52->n51
59,n1->n13->n15->n34->n32->n30->n29->n50->n51
60,n1->n20->n18->n16->n38->n36->n64->n49->n51
61,n1->n13->n15->n63->n82->n95->n93->n94->n51
62,n1->n20->n21->n23->n83->n85->n65->n52->n51
63,n1->n20->n19->n17->n85->n58->n59->n50->n51
64,n1->n99->n77->n72->n45->n47->n48->n50->n51
65,n1->n99->n77->n93->n95->n82->n63->n61->n51
66,n1->n20->n18->n17->n68->n58->n59->n50->n51
67,n1->n99->n77->n23->n83->n85->n65->n52->n51
68,n1->n13->n14->n75->n73->n10->n63->n61->n51
69,n1->n99->n97->n95->n93->n91->n92->n94->n51
70,n1->n20->n96->n97->n99->n77->n93->n94->n51
71,n1->n20->n19->n17->n68->n58->n59->n50->n51
72,n1->n20->n96->n14->n13->n15->n29->n50->n51
73,n1->n20->n21->n22->n68->n58->n59->n50->n51
74,n1->n99->n77->n72->n73->n10->n63->n61->n51
75,n1->n13->n14->n75->n76->n30->n29->n50->n51
76,n1->n99->n97->n27->n25->n26->n47->n49->n51
77,n1->n13->n12->n14->n75->n4->n27->n52->n51
78,n1->n13->n14->n75->n4->n27->n29->n50->n51
79,n1->n20->n19->n17->n85->n65->n64->n49->n51
80,n1->n99->n77->n72->n73->n54->n53->n52->n51
81,n1->n20->n18->n19->n68->n58->n59->n50->n51
82,n1->n20->n21->n23->n24->n26->n27->n52->n51
83,n1->n20->n21->n67->n64->n62->n60->n50->n51
84,n1->n99->n77->n23->n24->n26->n27->n52->n51
85,n1->n99->n97->n95->n82->n54->n53->n52->n51
86,n1->n20->n96->n94->n92->n93->n64->n49->n51
87,n1->n13->n14->n75->n73->n54->n53->n52->n51
88,n1->n13->n15->n63->n61->n62->n64->n49->n51
89,n1->n13->n11->n29->n50->n48->n47->n49->n51
90,n1->n99->n97->n95->n93->n64->n65->n52->n51
91,n1->n13->n15->n34->n32->n31->n29->n50->n51
92,n1->n99->n97->n96->n20->n89->n48->n50->n51
93,n1->n20->n21->n67->n38->n36->n64->n49->n51
94,n1->n20->n21->n67->n38->n37->n65->n52->n51
95,n1->n20->n89->n48->n50->n29->n27->n52->n51
96,n1->n13->n15->n34->n36->n64->n93->n94->n51
97,n1->n20->n21->n23->n77->n93->n64->n49->n51
98,n1->n20->n96->n97->n95->n89->n48->n50->n51
99,n1->n20->n18->n16->n38->n37->n65->n52->n51
100,n1->n20->n18->n16->n38->n67->n64->n49->n51
101,n1->n13->n14->n75->n73->n100->n90->n59->n50->n51
102,n1->n13->n12->n8->n7->n9->n10->n63->n61->n51
103,n1->n99->n97->n96->n14->n13->n11->n29->n50->n51
104,n1->n99->n98->n57->n74->n76->n30->n29->n50->n51
105,n1->n13->n15->n63->n42->n40->n54->n53->n52->n51
106,n1->n99->n98->n57->n55->n56->n54->n53->n52->n51
107,n1->n20->n96->n14->n75->n4->n27->n29->n50->n51
108,n1->n99->n77->n72->n71->n73->n54->n53->n52->n51
109,n1->n99->n77->n23->n83->n57->n55->n53->n52->n51
110,n1->n99->n77->n93->n64->n49->n47->n48->n50->n51
111,n1->n20->n18->n16->n38->n39->n10->n63->n61->n51
112,n1->n20->n19->n17->n68->n58->n85->n65->n52->n51
113,n1->n20->n18->n70->n72->n45->n47->n48->n50->n51
114,n1->n13->n11->n9->n10->n73->n54->n53->n52->n51
115,n1->n20->n19->n68->n22->n21->n67->n64->n49->n51
116,n1->n13->n12->n14->n75->n76->n30->n29->n50->n51
117,n1->n13->n12->n8->n10->n39->n37->n65->n52->n51
118,n1->n20->n21->n67->n64->n49->n47->n48->n50->n51
119,n1->n13->n12->n8->n10->n9->n11->n29->n50->n51
120,n1->n20->n18->n70->n72->n73->n10->n63->n61->n51
121,n1->n13->n12->n6->n33->n31->n29->n27->n52->n51
122,n1->n20->n96->n97->n99->n77->n93->n92->n94->n51
123,n1->n13->n14->n75->n71->n73->n10->n63->n61->n51
124,n1->n99->n98->n57->n83->n85->n65->n64->n49->n51
125,n1->n20->n18->n16->n38->n36->n64->n93->n94->n51
126,n1->n99->n98->n57->n74->n35->n31->n29->n50->n51
127,n1->n99->n77->n72->n71->n75->n4->n27->n52->n51
128,n1->n20->n18->n19->n17->n85->n58->n59->n50->n51
129,n1->n20->n18->n19->n17->n68->n58->n59->n50->n51
130,n1->n20->n96->n14->n13->n15->n29->n27->n52->n51
131,n1->n13->n15->n29->n11->n9->n10->n63->n61->n51
132,n1->n13->n12->n6->n33->n32->n30->n29->n50->n51
133,n1->n99->n97->n96->n20->n89->n90->n59->n50->n51
134,n1->n99->n77->n23->n83->n85->n58->n59->n50->n51
135,n1->n20->n89->n48->n46->n62->n60->n59->n50->n51
136,n1->n13->n14->n96->n97->n27->n28->n29->n50->n51
137,n1->n13->n14->n75->n73->n54->n55->n53->n52->n51
138,n1->n99->n98->n57->n83->n81->n37->n65->n52->n51
139,n1->n99->n98->n57->n83->n85->n58->n59->n50->n51
140,n1->n13->n12->n14->n96->n94->n93->n64->n49->n51
141,n1->n20->n19->n18->n16->n38->n36->n64->n49->n51
142,n1->n13->n11->n29->n15->n34->n36->n64->n49->n51
143,n1->n99->n77->n72->n71->n24->n26->n27->n52->n51
144,n1->n20->n96->n97->n95->n82->n54->n53->n52->n51
145,n1->n13->n15->n34->n36->n38->n67->n64->n49->n51
146,n1->n20->n21->n23->n24->n33->n31->n29->n50->n51
147,n1->n20->n96->n94->n93->n64->n62->n60->n50->n51
148,n1->n20->n21->n67->n38->n36->n64->n93->n94->n51
149,n1->n99->n98->n57->n74->n75->n4->n27->n52->n51
150,n1->n20->n96->n94->n92->n91->n93->n64->n49->n51
151,n1->n20->n96->n14->n12->n13->n11->n29->n50->n51
152,n1->n20->n19->n17->n18->n16->n38->n67->n64->n49->n51
153,n1->n99->n97->n96->n14->n12->n8->n10->n63->n61->n51
154,n1->n13->n15->n63->n10->n8->n7->n5->n65->n52->n51
155,n1->n13->n14->n75->n71->n24->n26->n47->n48->n50->n51
156,n1->n20->n21->n67->n38->n36->n64->n62->n60->n50->n51
157,n1->n13->n14->n12->n6->n33->n32->n30->n29->n50->n51
158,n1->n13->n12->n14->n75->n74->n35->n31->n29->n50->n51
159,n1->n13->n15->n34->n35->n74->n57->n55->n53->n52->n51
160,n1->n99->n98->n57->n83->n84->n85->n58->n59->n50->n51
161,n1->n99->n98->n57->n83->n84->n85->n65->n64->n49->n51
162,n1->n99->n98->n57->n74->n22->n68->n58->n59->n50->n51
163,n1->n99->n98->n57->n55->n53->n54->n82->n63->n61->n51
164,n1->n20->n19->n18->n70->n69->n76->n30->n29->n50->n51
165,n1->n99->n98->n57->n74->n35->n33->n31->n29->n50->n51
166,n1->n13->n15->n63->n61->n62->n46->n48->n47->n49->n51
167,n1->n13->n12->n6->n33->n32->n31->n29->n27->n52->n51
168,n1->n99->n77->n72->n70->n87->n88->n90->n59->n50->n51
169,n1->n99->n98->n57->n74->n76->n75->n14->n96->n94->n51
170,n1->n20->n18->n17->n68->n22->n21->n67->n64->n49->n51
171,n1->n20->n18->n17->n19->n68->n58->n59->n60->n50->n51
172,n1->n13->n12->n6->n33->n35->n34->n15->n63->n61->n51
173,n1->n99->n98->n57->n74->n76->n30->n29->n27->n52->n51
174,n1->n13->n15->n34->n32->n33->n24->n26->n27->n52->n51
175,n1->n99->n97->n27->n28->n69->n76->n30->n29->n50->n51
176,n1->n99->n77->n72->n45->n47->n46->n62->n64->n49->n51
177,n1->n99->n98->n57->n83->n81->n80->n82->n63->n61->n51
178,n1->n99->n77->n23->n24->n71->n72->n45->n47->n49->n51
179,n1->n20->n18->n17->n19->n68->n58->n85->n65->n52->n51
180,n1->n13->n14->n75->n71->n72->n73->n54->n53->n52->n51
181,n1->n20->n19->n17->n68->n66->n32->n30->n29->n50->n51
182,n1->n20->n18->n70->n87->n86->n76->n30->n29->n50->n51
183,n1->n99->n98->n57->n74->n76->n78->n85->n65->n52->n51
184,n1->n20->n18->n17->n85->n83->n84->n82->n63->n61->n51
185,n1->n20->n96->n97->n99->n98->n57->n55->n53->n52->n51
186,n1->n20->n96->n14->n13->n12->n8->n10->n63->n61->n51
187,n1->n99->n98->n57->n74->n22->n21->n67->n64->n49->n51
188,n1->n13->n12->n8->n10->n73->n100->n90->n59->n50->n51
189,n1->n20->n18->n17->n85->n84->n33->n31->n29->n50->n51
190,n1->n99->n77->n23->n21->n67->n38->n36->n64->n49->n51
191,n1->n13->n12->n14->n75->n76->n78->n85->n65->n52->n51
192,n1->n99->n77->n72->n73->n100->n2->n4->n27->n52->n51
193,n1->n20->n19->n18->n70->n87->n88->n90->n59->n50->n51
194,n1->n99->n97->n27->n4->n2->n100->n90->n59->n50->n51
195,n1->n13->n12->n6->n33->n32->n31->n30->n29->n50->n51
196,n1->n13->n15->n63->n82->n84->n33->n31->n29->n50->n51
197,n1->n20->n19->n18->n16->n38->n37->n65->n64->n49->n51
198,n1->n13->n12->n6->n33->n35->n31->n30->n29->n50->n51
199,n1->n99->n97->n96->n20->n18->n17->n85->n65->n52->n51
200,n1->n20->n89->n88->n87->n86->n76->n30->n29->n50->n51
201,n1->n99->n97->n27->n4->n2->n7->n5->n65->n52->n51
202,n1->n13->n14->n96->n20->n21->n23->n77->n93->n94->n51
203,n1->n13->n11->n9->n7->n5->n65->n85->n58->n59->n50->n51
204,n1->n99->n98->n57->n74->n76->n78->n44->n42->n63->n61->n51
205,n1->n99->n77->n23->n83->n57->n55->n56->n54->n53->n52->n51
206,n1->n13->n11->n29->n31->n33->n24->n23->n77->n93->n94->n51
207,n1->n20->n21->n23->n83->n81->n37->n39->n10->n63->n61->n51
208,n1->n20->n18->n70->n72->n45->n47->n49->n64->n93->n94->n51
209,n1->n99->n97->n27->n26->n47->n49->n64->n93->n92->n94->n51
210,n1->n99->n97->n95->n89->n48->n50->n29->n28->n27->n52->n51
211,n1->n99->n97->n27->n4->n75->n71->n24->n26->n47->n49->n51
212,n1->n13->n14->n96->n20->n21->n22->n68->n58->n59->n50->n51
213,n1->n99->n98->n57->n55->n56->n54->n73->n10->n63->n61->n51
214,n1->n99->n98->n57->n74->n22->n21->n67->n64->n62->n61->n51
215,n1->n13->n12->n6->n33->n35->n74->n57->n55->n53->n52->n51
216,n1->n99->n98->n57->n55->n56->n84->n83->n85->n65->n52->n51
217,n1->n13->n11->n9->n10->n63->n82->n95->n97->n96->n94->n51
218,n1->n20->n19->n18->n70->n72->n77->n93->n64->n65->n52->n51
219,n1->n20->n96->n14->n12->n13->n11->n9->n10->n63->n61->n51
220,n1->n13->n14->n12->n6->n33->n32->n31->n30->n29->n50->n51
221,n1->n99->n77->n72->n73->n71->n24->n26->n25->n27->n52->n51
222,n1->n20->n19->n68->n66->n32->n30->n31->n29->n27->n52->n51
223,n1->n13->n15->n29->n27->n97->n99->n77->n93->n92->n94->n51
224,n1->n13->n11->n29->n27->n52->n65->n85->n58->n59->n50->n51
225,n1->n99->n77->n72->n73->n10->n8->n12->n14->n96->n94->n51
226,n1->n20->n96->n14->n75->n71->n24->n23->n77->n93->n94->n51
227,n1->n20->n96->n97->n99->n77->n72->n45->n47->n48->n50->n51
228,n1->n13->n12->n14->n75->n74->n22->n21->n20->n96->n94->n51
229,n1->n99->n98->n57->n55->n53->n54->n40->n42->n63->n61->n51
230,n1->n13->n15->n29->n30->n31->n32->n34->n36->n64->n49->n51
231,n1->n20->n89->n95->n97->n96->n94->n92->n93->n64->n49->n51
232,n1->n20->n19->n68->n22->n74->n57->n83->n85->n65->n52->n51
233,n1->n20->n89->n90->n100->n73->n54->n40->n42->n63->n61->n51
234,n1->n20->n19->n17->n18->n70->n87->n88->n89->n48->n50->n51
235,n1->n13->n14->n12->n8->n10->n63->n82->n95->n93->n94->n51
236,n1->n20->n18->n16->n38->n67->n21->n23->n77->n93->n94->n51
237,n1->n99->n77->n23->n21->n20->n96->n94->n93->n64->n49->n51
238,n1->n99->n97->n95->n89->n20->n19->n17->n85->n65->n52->n51
239,n1->n99->n77->n23->n24->n33->n32->n30->n31->n29->n50->n51
240,n1->n99->n77->n72->n71->n73->n54->n40->n42->n63->n61->n51
241,n1->n99->n97->n95->n82->n84->n83->n57->n55->n53->n52->n51
242,n1->n99->n98->n57->n83->n84->n33->n32->n31->n29->n50->n51
243,n1->n99->n97->n27->n28->n69->n76->n78->n85->n65->n52->n51
244,n1->n13->n12->n6->n33->n32->n34->n36->n64->n93->n94->n51
245,n1->n13->n14->n75->n73->n100->n2->n7->n5->n65->n52->n51
246,n1->n99->n97->n96->n94->n92->n91->n93->n64->n65->n52->n51
247,n1->n20->n96->n94->n93->n77->n99->n97->n27->n29->n50->n51
248,n1->n20->n21->n67->n38->n16->n18->n17->n85->n65->n52->n51
249,n1->n20->n18->n16->n38->n36->n34->n35->n31->n29->n50->n51
250,n1->n99->n97->n27->n25->n26->n47->n49->n64->n65->n52->n51
251,n1->n13->n12->n6->n33->n32->n66->n68->n58->n59->n50->n51
252,n1->n99->n97->n27->n29->n31->n33->n24->n26->n47->n49->n51
253,n1->n99->n77->n72->n71->n24->n23->n21->n20->n96->n94->n51
254,n1->n20->n21->n67->n64->n49->n47->n45->n72->n77->n93->n94->n51
255,n1->n20->n19->n18->n16->n38->n67->n21->n23->n77->n93->n94->n51
256,n1->n20->n89->n95->n82->n84->n83->n81->n37->n65->n64->n49->n51
257,n1->n13->n14->n96->n94->n92->n91->n93->n64->n62->n60->n50->n51
258,n1->n20->n96->n94->n92->n93->n64->n49->n47->n26->n27->n52->n51
259,n1->n20->n21->n22->n74->n35->n33->n31->n29->n15->n63->n61->n51
260,n1->n20->n18->n70->n69->n3->n5->n65->n85->n58->n59->n50->n51
261,n1->n13->n15->n29->n28->n27->n26->n24->n23->n77->n93->n94->n51
262,n1->n13->n14->n75->n76->n69->n28->n29->n50->n48->n47->n49->n51
263,n1->n13->n12->n14->n75->n76->n30->n32->n34->n36->n64->n49->n51
264,n1->n13->n14->n96->n20->n21->n23->n24->n33->n31->n29->n50->n51
265,n1->n13->n14->n12->n6->n33->n35->n74->n75->n4->n27->n52->n51
266,n1->n13->n11->n29->n30->n76->n74->n57->n83->n85->n65->n52->n51
267,n1->n99->n98->n57->n74->n35->n34->n15->n13->n11->n29->n50->n51
268,n1->n13->n11->n9->n10->n73->n75->n71->n72->n77->n93->n94->n51
269,n1->n99->n97->n95->n93->n77->n23->n24->n33->n31->n29->n50->n51
270,n1->n20->n96->n14->n12->n13->n11->n29->n50->n60->n62->n61->n51
271,n1->n13->n11->n9->n10->n63->n15->n34->n32->n30->n29->n50->n51
272,n1->n20->n21->n67->n64->n36->n34->n32->n31->n29->n27->n52->n51
273,n1->n13->n12->n8->n10->n39->n37->n65->n52->n27->n29->n50->n51
274,n1->n99->n98->n57->n74->n76->n69->n70->n72->n77->n93->n94->n51
275,n1->n99->n97->n96->n14->n13->n15->n34->n36->n64->n93->n94->n51
276,n1->n20->n18->n70->n87->n86->n76->n30->n31->n29->n27->n52->n51
277,n1->n20->n18->n70->n69->n3->n5->n7->n9->n11->n29->n50->n51
278,n1->n20->n18->n17->n85->n78->n76->n69->n3->n5->n65->n52->n51
279,n1->n99->n98->n57->n83->n84->n85->n78->n44->n42->n63->n61->n51
280,n1->n99->n98->n57->n83->n23->n24->n71->n73->n54->n53->n52->n51
281,n1->n13->n12->n6->n33->n32->n34->n36->n38->n37->n65->n52->n51
282,n1->n13->n11->n29->n27->n97->n96->n94->n92->n93->n64->n49->n51
283,n1->n20->n18->n17->n19->n68->n22->n21->n23->n77->n93->n94->n51
284,n1->n13->n15->n63->n42->n44->n78->n76->n75->n4->n27->n52->n51
285,n1->n99->n98->n57->n83->n81->n80->n78->n76->n30->n29->n50->n51
286,n1->n99->n77->n93->n91->n92->n94->n96->n20->n89->n48->n50->n51
287,n1->n20->n19->n68->n66->n32->n33->n6->n12->n14->n96->n94->n51
288,n1->n99->n97->n27->n25->n26->n47->n48->n89->n90->n59->n50->n51
289,n1->n13->n12->n14->n96->n20->n19->n68->n17->n85->n65->n52->n51
290,n1->n13->n11->n9->n10->n73->n71->n24->n23->n77->n93->n94->n51
291,n1->n99->n98->n57->n74->n76->n86->n87->n88->n90->n59->n50->n51
292,n1->n99->n98->n57->n55->n53->n54->n82->n84->n85->n65->n52->n51
293,n1->n20->n19->n18->n16->n38->n36->n34->n32->n30->n29->n50->n51
294,n1->n13->n14->n12->n6->n33->n84->n82->n54->n55->n53->n52->n51
295,n1->n13->n14->n96->n20->n89->n95->n82->n54->n55->n53->n52->n51
296,n1->n99->n97->n27->n25->n26->n47->n45->n72->n77->n93->n94->n51
297,n1->n99->n97->n27->n4->n2->n100->n90->n88->n89->n48->n50->n51
298,n1->n13->n15->n29->n11->n9->n10->n8->n7->n5->n65->n52->n51
299,n1->n99->n98->n57->n83->n85->n78->n44->n45->n47->n48->n50->n51
300,n1->n13->n11->n9->n7->n8->n10->n73->n75->n14->n96->n94->n51
301,n1->n99->n98->n57->n74->n35->n33->n31->n32->n30->n29->n50->n51
302,n1->n20->n18->n19->n17->n68->n22->n21->n67->n64->n65->n52->n51
303,n1->n13->n12->n14->n96->n97->n99->n77->n72->n45->n47->n49->n51
304,n1->n13->n14->n75->n73->n72->n77->n23->n24->n26->n27->n52->n51
305,n1->n13->n14->n96->n94->n93->n77->n23->n83->n57->n55->n53->n52->n51
306,n1->n13->n15->n29->n28->n27->n97->n99->n98->n57->n55->n53->n52->n51
307,n1->n20->n19->n18->n70->n69->n28->n29->n11->n9->n10->n63->n61->n51
308,n1->n99->n97->n27->n4->n2->n100->n73->n54->n40->n42->n63->n61->n51
309,n1->n99->n77->n93->n94->n96->n14->n12->n6->n33->n31->n29->n50->n51
310,n1->n20->n18->n17->n85->n58->n59->n90->n88->n89->n95->n93->n94->n51
311,n1->n13->n11->n9->n7->n2->n4->n27->n97->n95->n89->n48->n50->n51
312,n1->n13->n15->n63->n42->n40->n54->n53->n52->n27->n26->n47->n49->n51
313,n1->n13->n12->n14->n96->n97->n99->n98->n57->n55->n54->n53->n52->n51
314,n1->n99->n98->n57->n55->n54->n73->n72->n70->n69->n28->n29->n50->n51
315,n1->n20->n96->n14->n12->n6->n33->n24->n23->n83->n85->n65->n52->n51
316,n1->n99->n97->n96->n94->n93->n77->n72->n71->n73->n10->n63->n61->n51
317,n1->n13->n14->n75->n74->n22->n21->n20->n89->n48->n46->n62->n61->n51
318,n1->n99->n97->n96->n94->n92->n91->n93->n95->n89->n48->n47->n49->n51
319,n1->n13->n12->n6->n33->n32->n66->n68->n19->n18->n20->n96->n94->n51
320,n1->n99->n77->n23->n24->n26->n47->n48->n89->n88->n90->n59->n50->n51
321,n1->n20->n18->n17->n68->n66->n32->n33->n6->n12->n14->n96->n94->n51
322,n1->n20->n21->n23->n24->n33->n6->n12->n13->n15->n29->n27->n52->n51
323,n1->n13->n15->n29->n30->n76->n75->n71->n72->n73->n54->n53->n52->n51
324,n1->n20->n96->n94->n92->n91->n93->n64->n36->n34->n15->n63->n61->n51
325,n1->n99->n97->n27->n29->n31->n33->n6->n12->n13->n14->n96->n94->n51
326,n1->n13->n11->n9->n10->n73->n71->n72->n70->n18->n20->n96->n94->n51
327,n1->n99->n77->n93->n64->n62->n61->n63->n42->n40->n54->n53->n52->n51
328,n1->n99->n77->n93->n64->n36->n38->n39->n41->n43->n45->n47->n49->n51
329,n1->n20->n21->n67->n38->n36->n34->n35->n33->n84->n85->n65->n52->n51
330,n1->n13->n15->n29->n27->n52->n53->n55->n54->n40->n42->n63->n61->n51
331,n1->n99->n98->n57->n83->n84->n56->n90->n59->n50->n60->n62->n61->n51
332,n1->n13->n14->n96->n97->n99->n77->n23->n24->n33->n31->n29->n50->n51
333,n1->n99->n77->n23->n21->n22->n68->n66->n32->n31->n29->n27->n52->n51
334,n1->n99->n98->n57->n74->n22->n68->n17->n19->n18->n20->n96->n94->n51
335,n1->n20->n18->n19->n68->n58->n85->n84->n83->n57->n55->n53->n52->n51
336,n1->n20->n19->n68->n17->n18->n70->n72->n71->n24->n26->n47->n49->n51
337,n1->n20->n19->n18->n70->n69->n28->n27->n25->n26->n47->n48->n50->n51
338,n1->n13->n11->n9->n7->n8->n12->n6->n33->n84->n82->n63->n61->n51
339,n1->n13->n14->n75->n73->n54->n53->n55->n56->n90->n89->n48->n50->n51
340,n1->n20->n19->n68->n22->n74->n76->n86->n87->n88->n89->n48->n50->n51
341,n1->n99->n98->n57->n55->n56->n84->n85->n78->n76->n30->n29->n50->n51
342,n1->n99->n98->n57->n83->n84->n56->n54->n53->n52->n27->n29->n50->n51
343,n1->n13->n12->n6->n33->n31->n32->n30->n76->n69->n28->n29->n50->n51
344,n1->n13->n14->n75->n74->n22->n68->n58->n59->n90->n89->n48->n50->n51
345,n1->n20->n89->n88->n87->n70->n69->n28->n27->n97->n95->n93->n94->n51
346,n1->n99->n77->n93->n92->n94->n96->n20->n19->n17->n85->n65->n52->n51
347,n1->n13->n14->n75->n76->n74->n22->n21->n23->n24->n26->n47->n49->n51
348,n1->n20->n21->n23->n24->n71->n75->n14->n12->n13->n11->n29->n50->n51
349,n1->n20->n19->n18->n17->n68->n58->n85->n83->n81->n79->n63->n61->n51
350,n1->n13->n12->n8->n7->n5->n65->n85->n78->n80->n82->n63->n61->n51
351,n1->n20->n18->n70->n87->n88->n90->n100->n2->n7->n5->n65->n52->n51
352,n1->n20->n18->n70->n87->n86->n76->n75->n14->n13->n15->n63->n61->n51
353,n1->n13->n15->n34->n35->n33->n6->n12->n14->n96->n97->n27->n52->n51
354,n1->n99->n77->n23->n21->n67->n38->n36->n64->n49->n47->n48->n50->n51
355,n1->n99->n97->n27->n4->n75->n74->n57->n83->n85->n58->n59->n50->n51
356,n1->n99->n98->n57->n83->n85->n84->n56->n90->n100->n73->n54->n53->n52->n51
357,n1->n99->n97->n95->n89->n88->n90->n56->n84->n83->n85->n65->n64->n49->n51
358,n1->n99->n77->n23->n21->n20->n19->n18->n16->n38->n36->n64->n93->n94->n51
359,n1->n20->n89->n95->n97->n99->n98->n57->n83->n23->n21->n67->n64->n49->n51
360,n1->n13->n12->n8->n7->n5->n3->n69->n76->n74->n75->n14->n96->n94->n51
361,n1->n13->n15->n63->n10->n39->n41->n44->n45->n72->n73->n54->n53->n52->n51
362,n1->n99->n97->n27->n25->n26->n24->n23->n77->n93->n95->n82->n63->n61->n51
363,n1->n13->n11->n9->n10->n8->n12->n14->n75->n73->n100->n90->n59->n50->n51
364,n1->n20->n18->n19->n17->n68->n58->n59->n90->n56->n84->n85->n65->n52->n51
365,n1->n13->n11->n29->n31->n33->n24->n71->n75->n14->n96->n97->n27->n52->n51
366,n1->n13->n15->n34->n36->n64->n67->n38->n16->n18->n20->n89->n48->n50->n51
367,n1->n99->n97->n27->n28->n29->n31->n32->n33->n6->n12->n14->n96->n94->n51
368,n1->n20->n21->n22->n74->n76->n69->n28->n27->n4->n75->n14->n96->n94->n51
369,n1->n13->n14->n96->n20->n19->n17->n85->n84->n56->n54->n82->n63->n61->n51
370,n1->n13->n11->n29->n27->n26->n24->n71->n73->n54->n40->n42->n63->n61->n51
371,n1->n13->n15->n63->n10->n8->n7->n5->n3->n69->n76->n30->n29->n50->n51
372,n1->n13->n14->n75->n73->n100->n2->n4->n27->n25->n26->n47->n48->n50->n51
373,n1->n13->n12->n6->n33->n24->n23->n21->n22->n74->n76->n30->n29->n50->n51
374,n1->n20->n89->n88->n87->n86->n76->n69->n3->n5->n65->n64->n93->n94->n51
375,n1->n13->n15->n34->n36->n64->n62->n61->n63->n10->n73->n54->n53->n52->n51
376,n1->n20->n19->n18->n17->n85->n83->n23->n21->n22->n68->n58->n59->n50->n51
377,n1->n13->n12->n8->n10->n39->n37->n38->n16->n18->n17->n85->n65->n52->n51
378,n1->n20->n21->n67->n64->n65->n52->n53->n55->n56->n90->n59->n60->n50->n51
379,n1->n20->n18->n16->n38->n39->n37->n81->n83->n85->n84->n82->n63->n61->n51
380,n1->n20->n19->n18->n16->n38->n36->n34->n35->n33->n32->n31->n29->n50->n51
381,n1->n13->n14->n75->n73->n10->n9->n7->n2->n100->n90->n89->n48->n50->n51
382,n1->n20->n18->n19->n68->n17->n85->n58->n59->n90->n56->n54->n53->n52->n51
383,n1->n20->n21->n22->n74->n75->n73->n10->n8->n7->n5->n65->n64->n49->n51
384,n1->n20->n18->n16->n38->n67->n21->n22->n68->n19->n17->n85->n65->n52->n51
385,n1->n99->n97->n95->n82->n80->n81->n79->n63->n61->n62->n60->n59->n50->n51
386,n1->n20->n19->n68->n66->n32->n30->n76->n86->n87->n88->n90->n59->n50->n51
387,n1->n99->n98->n57->n74->n22->n21->n67->n38->n36->n34->n15->n29->n50->n51
388,n1->n13->n14->n96->n20->n89->n95->n82->n84->n83->n57->n55->n53->n52->n51
389,n1->n20->n21->n67->n38->n36->n64->n49->n47->n48->n50->n29->n27->n52->n51
390,n1->n20->n18->n70->n72->n77->n99->n98->n57->n74->n75->n14->n96->n94->n51
391,n1->n99->n77->n93->n95->n82->n80->n78->n44->n43->n45->n47->n48->n50->n51
392,n1->n99->n77->n72->n45->n43->n44->n78->n76->n69->n3->n5->n65->n52->n51
393,n1->n99->n98->n57->n55->n53->n54->n40->n42->n63->n82->n95->n93->n94->n51
394,n1->n13->n11->n9->n7->n8->n10->n63->n42->n44->n78->n85->n65->n52->n51
395,n1->n20->n96->n14->n12->n8->n10->n73->n71->n24->n26->n25->n27->n52->n51
396,n1->n13->n14->n96->n20->n89->n88->n90->n100->n2->n7->n5->n65->n52->n51
397,n1->n13->n11->n29->n15->n34->n36->n38->n67->n21->n20->n89->n48->n50->n51
398,n1->n13->n14->n12->n8->n10->n63->n42->n44->n41->n43->n45->n47->n49->n51
399,n1->n99->n97->n95->n93->n92->n94->n96->n14->n75->n73->n54->n53->n52->n51
400,n1->n20->n89->n48->n47->n49->n64->n65->n85->n78->n80->n82->n63->n61->n51
401,n1->n99->n98->n57->n55->n53->n54->n40->n42->n63->n61->n62->n64->n49->n51
402,n1->n13->n14->n96->n20->n89->n90->n59->n60->n50->n48->n46->n62->n61->n51
403,n1->n99->n97->n27->n28->n69->n76->n78->n44->n42->n40->n54->n53->n52->n51
404,n1->n20->n96->n14->n13->n15->n63->n82->n95->n89->n48->n46->n47->n49->n51
405,n1->n20->n89->n88->n87->n70->n72->n45->n44->n42->n40->n54->n53->n52->n51
406,n1->n20->n21->n23->n83->n85->n58->n68->n22->n74->n57->n55->n53->n52->n51
407,n1->n99->n98->n57->n83->n85->n84->n56->n55->n54->n73->n100->n90->n59->n50->n51
408,n1->n99->n97->n96->n20->n19->n68->n58->n85->n65->n37->n81->n79->n63->n61->n51
409,n1->n20->n89->n88->n90->n59->n58->n68->n17->n85->n78->n76->n30->n29->n50->n51
410,n1->n99->n98->n57->n55->n53->n54->n40->n42->n44->n41->n43->n45->n47->n49->n51
411,n1->n99->n97->n27->n29->n30->n32->n66->n68->n17->n19->n18->n20->n96->n94->n51
412,n1->n20->n21->n67->n38->n37->n39->n10->n8->n12->n6->n33->n31->n29->n50->n51
413,n1->n99->n77->n72->n70->n69->n76->n74->n35->n31->n33->n32->n30->n29->n50->n51
414,n1->n99->n77->n23->n83->n57->n74->n22->n68->n17->n19->n20->n89->n48->n50->n51
415,n1->n13->n15->n34->n36->n64->n67->n38->n39->n41->n43->n45->n47->n48->n50->n51
416,n1->n99->n98->n57->n55->n53->n52->n65->n85->n58->n68->n19->n20->n96->n94->n51
417,n1->n13->n12->n8->n10->n9->n7->n5->n65->n64->n36->n34->n15->n29->n50->n51
418,n1->n99->n97->n96->n94->n92->n91->n93->n95->n82->n84->n83->n85->n65->n52->n51
419,n1->n20->n18->n70->n72->n45->n44->n41->n39->n10->n63->n61->n62->n60->n50->n51
420,n1->n20->n18->n19->n68->n22->n74->n76->n86->n87->n70->n69->n28->n29->n50->n51
421,n1->n13->n12->n14->n75->n74->n57->n55->n54->n82->n95->n89->n20->n96->n94->n51
422,n1->n99->n98->n57->n74->n76->n78->n44->n45->n43->n41->n39->n37->n65->n52->n51
423,n1->n99->n98->n57->n55->n53->n54->n73->n71->n24->n23->n21->n20->n96->n94->n51
424,n1->n13->n12->n8->n7->n5->n65->n52->n53->n55->n54->n56->n90->n59->n50->n51
425,n1->n13->n15->n29->n28->n27->n25->n26->n47->n46->n48->n89->n20->n96->n94->n51
426,n1->n99->n97->n95->n82->n80->n78->n44->n45->n43->n41->n39->n37->n65->n52->n51
427,n1->n13->n14->n96->n97->n27->n52->n53->n55->n56->n84->n33->n31->n29->n50->n51
428,n1->n13->n14->n12->n8->n7->n5->n3->n69->n76->n74->n35->n31->n29->n50->n51
429,n1->n20->n96->n14->n13->n11->n9->n7->n5->n65->n37->n39->n10->n63->n61->n51
430,n1->n13->n11->n9->n10->n39->n38->n36->n34->n32->n66->n68->n58->n59->n50->n51
431,n1->n13->n11->n9->n7->n5->n3->n69->n70->n18->n19->n20->n89->n48->n50->n51
432,n1->n99->n97->n27->n52->n65->n85->n17->n68->n19->n20->n21->n67->n64->n49->n51
433,n1->n20->n18->n70->n87->n88->n89->n95->n82->n63->n42->n40->n54->n53->n52->n51
434,n1->n13->n15->n63->n79->n81->n80->n78->n76->n86->n87->n88->n90->n59->n50->n51
435,n1->n99->n77->n72->n70->n87->n86->n76->n30->n32->n33->n35->n31->n29->n50->n51
436,n1->n99->n77->n72->n71->n75->n74->n76->n78->n80->n81->n83->n85->n65->n52->n51
437,n1->n99->n77->n23->n83->n57->n55->n54->n73->n72->n45->n44->n42->n63->n61->n51
438,n1->n20->n96->n97->n27->n28->n69->n76->n74->n35->n34->n32->n31->n29->n50->n51
439,n1->n20->n21->n67->n64->n36->n34->n15->n63->n61->n62->n46->n48->n47->n49->n51
440,n1->n99->n77->n93->n94->n96->n20->n89->n95->n82->n84->n83->n85->n65->n52->n51
441,n1->n99->n98->n57->n83->n23->n77->n72->n45->n43->n41->n44->n42->n63->n61->n51
442,n1->n99->n97->n96->n14->n12->n8->n7->n9->n11->n29->n27->n26->n47->n49->n51
443,n1->n13->n12->n8->n7->n9->n10->n39->n41->n44->n78->n85->n65->n64->n49->n51
444,n1->n20->n89->n90->n88->n87->n86->n76->n30->n29->n11->n9->n10->n63->n61->n51
445,n1->n20->n21->n23->n24->n71->n73->n10->n8->n7->n9->n11->n29->n27->n52->n51
446,n1->n20->n18->n17->n19->n68->n58->n85->n84->n33->n6->n12->n14->n96->n94->n51
447,n1->n20->n19->n68->n66->n32->n31->n29->n11->n13->n14->n75->n4->n27->n52->n51
448,n1->n99->n77->n93->n64->n65->n5->n7->n8->n12->n6->n33->n31->n29->n50->n51
449,n1->n13->n12->n14->n75->n76->n86->n87->n88->n90->n56->n84->n85->n65->n52->n51
450,n1->n99->n97->n95->n89->n20->n96->n14->n75->n73->n72->n45->n47->n48->n50->n51
451,n1->n99->n98->n57->n55->n53->n52->n27->n4->n75->n71->n72->n45->n47->n49->n51
452,n1->n99->n77->n72->n45->n44->n42->n40->n54->n55->n56->n84->n82->n63->n61->n51
453,n1->n20->n21->n22->n74->n75->n73->n54->n82->n63->n10->n39->n37->n65->n52->n51
454,n1->n13->n15->n29->n30->n31->n33->n32->n34->n36->n38->n39->n10->n63->n61->n51
455,n1->n20->n18->n70->n72->n77->n23->n83->n57->n98->n99->n97->n95->n93->n94->n51
456,n1->n20->n19->n18->n70->n69->n76->n30->n31->n33->n84->n83->n85->n65->n52->n51
457,n1->n99->n98->n57->n55->n56->n90->n89->n88->n87->n70->n69->n28->n27->n52->n51
458,n1->n99->n77->n23->n21->n20->n89->n48->n47->n46->n62->n60->n50->n29->n27->n52->n51
459,n1->n13->n15->n29->n27->n26->n47->n46->n62->n61->n63->n79->n81->n37->n65->n52->n51
460,n1->n20->n19->n68->n17->n85->n78->n44->n42->n40->n54->n73->n72->n77->n93->n94->n51
461,n1->n13->n15->n34->n36->n64->n65->n5->n3->n69->n28->n29->n27->n26->n47->n49->n51
462,n1->n99->n98->n57->n83->n85->n84->n33->n24->n23->n77->n72->n45->n47->n48->n50->n51
463,n1->n13->n12->n8->n10->n9->n7->n5->n3->n69->n28->n27->n29->n15->n63->n61->n51
464,n1->n20->n89->n88->n90->n56->n54->n82->n84->n83->n23->n21->n67->n64->n62->n61->n51
465,n1->n20->n96->n97->n27->n28->n69->n70->n87->n86->n76->n74->n57->n55->n53->n52->n51
466,n1->n13->n14->n12->n8->n10->n73->n54->n53->n55->n57->n74->n76->n30->n29->n50->n51
467,n1->n20->n21->n67->n64->n49->n47->n48->n89->n95->n82->n84->n56->n55->n53->n52->n51
468,n1->n99->n98->n57->n74->n35->n31->n33->n32->n66->n68->n17->n19->n20->n96->n94->n51
469,n1->n20->n89->n88->n90->n56->n55->n57->n74->n22->n21->n23->n77->n93->n64->n49->n51
470,n1->n99->n97->n96->n20->n89->n90->n88->n87->n70->n69->n28->n29->n15->n63->n61->n51
471,n1->n99->n77->n72->n45->n43->n41->n39->n38->n37->n81->n79->n63->n15->n29->n50->n51
472,n1->n13->n15->n63->n82->n80->n78->n85->n83->n23->n21->n22->n68->n58->n59->n50->n51
473,n1->n99->n77->n23->n21->n22->n74->n35->n31->n33->n6->n12->n8->n10->n63->n61->n51
474,n1->n20->n19->n18->n70->n87->n86->n76->n30->n31->n35->n74->n57->n55->n53->n52->n51
475,n1->n20->n19->n68->n17->n18->n70->n87->n86->n76->n78->n80->n82->n95->n93->n94->n51
476,n1->n13->n15->n63->n61->n62->n60->n59->n58->n68->n66->n32->n34->n36->n64->n49->n51
477,n1->n99->n98->n57->n55->n53->n54->n56->n84->n33->n6->n12->n13->n11->n29->n50->n51
478,n1->n13->n15->n29->n11->n9->n10->n63->n61->n62->n60->n50->n48->n46->n47->n49->n51
479,n1->n13->n15->n34->n36->n64->n67->n38->n16->n18->n20->n19->n17->n85->n65->n52->n51
480,n1->n20->n89->n88->n87->n70->n18->n19->n68->n22->n74->n35->n34->n36->n64->n49->n51
481,n1->n13->n14->n12->n8->n10->n39->n41->n43->n45->n47->n49->n64->n93->n92->n94->n51
482,n1->n20->n19->n68->n17->n18->n70->n87->n88->n89->n90->n56->n54->n55->n53->n52->n51
483,n1->n13->n12->n6->n33->n35->n31->n30->n32->n66->n68->n22->n21->n20->n96->n94->n51
484,n1->n99->n77->n93->n95->n82->n80->n78->n85->n84->n33->n32->n30->n29->n27->n52->n51
485,n1->n99->n77->n23->n24->n26->n25->n27->n52->n65->n5->n3->n69->n28->n29->n50->n51
486,n1->n99->n97->n27->n4->n2->n100->n90->n59->n58->n68->n22->n21->n67->n64->n49->n51
487,n1->n99->n77->n93->n94->n96->n14->n13->n12->n6->n33->n84->n56->n54->n53->n52->n51
488,n1->n20->n21->n22->n68->n58->n59->n90->n88->n87->n86->n76->n30->n31->n29->n50->n51
489,n1->n20->n19->n18->n70->n72->n73->n71->n24->n23->n83->n57->n55->n54->n53->n52->n51
490,n1->n13->n15->n34->n32->n30->n29->n28->n69->n70->n18->n20->n89->n90->n59->n50->n51
491,n1->n20->n19->n68->n66->n32->n30->n76->n75->n74->n22->n21->n23->n77->n93->n94->n51
492,n1->n13->n14->n12->n6->n33->n24->n23->n21->n20->n19->n68->n58->n59->n60->n50->n51
493,n1->n99->n97->n27->n26->n24->n33->n6->n12->n13->n14->n75->n73->n10->n63->n61->n51
494,n1->n13->n12->n14->n75->n76->n74->n22->n68->n58->n59->n50->n48->n46->n62->n61->n51
495,n1->n13->n12->n14->n75->n4->n2->n100->n73->n71->n24->n33->n32->n31->n29->n50->n51
496,n1->n99->n77->n72->n71->n24->n23->n21->n22->n74->n75->n73->n100->n90->n59->n50->n51
497,n1->n13->n15->n34->n35->n33->n6->n12->n8->n7->n2->n100->n90->n89->n48->n50->n51
498,n1->n20->n89->n88->n90->n100->n2->n4->n75->n74->n22->n21->n23->n77->n93->n94->n51
499,n1->n13->n11->n29->n31->n32->n30->n76->n69->n28->n27->n25->n26->n47->n48->n50->n51
500,n1->n20->n89->n48->n50->n60->n62->n46->n47->n26->n24->n23->n21->n67->n64->n49->n51
501,n1->n99->n97->n27->n29->n28->n69->n70->n87->n86->n76->n78->n80->n82->n63->n61->n51
502,n1->n20->n19->n18->n70->n72->n73->n75->n76->n86->n87->n88->n89->n90->n59->n50->n51
503,n1->n13->n14->n96->n20->n18->n70->n87->n88->n90->n59->n60->n62->n46->n48->n50->n51
504,n1->n13->n14->n75->n73->n100->n2->n4->n27->n29->n11->n9->n7->n5->n65->n52->n51
505,n1->n20->n89->n88->n87->n70->n72->n77->n23->n24->n33->n84->n85->n58->n59->n50->n51
506,n1->n13->n14->n12->n6->n33->n35->n31->n32->n34->n36->n38->n37->n65->n64->n49->n51
507,n1->n20->n89->n48->n46->n62->n60->n59->n58->n68->n22->n21->n23->n77->n93->n94->n51
508,n1->n99->n77->n23->n83->n84->n82->n63->n79->n81->n37->n39->n38->n67->n64->n49->n51
509,n1->n13->n15->n29->n50->n48->n47->n26->n25->n27->n4->n2->n100->n73->n54->n53->n52->n51
510,n1->n99->n97->n96->n20->n18->n19->n17->n68->n22->n21->n23->n83->n57->n55->n53->n52->n51
511,n1->n20->n18->n17->n19->n68->n22->n21->n23->n83->n57->n98->n99->n97->n27->n29->n50->n51
512,n1->n20->n19->n17->n85->n65->n5->n7->n9->n10->n73->n75->n71->n24->n26->n47->n49->n51
513,n1->n13->n15->n29->n27->n28->n69->n3->n5->n65->n37->n81->n83->n23->n77->n93->n94->n51
514,n1->n99->n77->n23->n21->n67->n64->n65->n37->n81->n79->n63->n42->n44->n45->n47->n49->n51
515,n1->n99->n97->n27->n29->n15->n34->n35->n31->n32->n66->n68->n17->n19->n20->n96->n94->n51
516,n1->n99->n97->n95->n89->n90->n59->n50->n60->n62->n46->n48->n47->n49->n64->n93->n94->n51
517,n1->n20->n19->n68->n66->n32->n31->n35->n33->n6->n12->n8->n7->n9->n10->n63->n61->n51
518,n1->n20->n21->n23->n77->n99->n98->n57->n83->n85->n65->n37->n38->n67->n64->n62->n61->n51
519,n1->n99->n97->n96->n94->n92->n93->n77->n72->n73->n71->n24->n33->n32->n31->n29->n50->n51
520,n1->n20->n19->n68->n66->n32->n34->n36->n64->n67->n21->n23->n83->n81->n79->n63->n61->n51
521,n1->n99->n98->n57->n74->n22->n21->n67->n64->n93->n95->n89->n48->n50->n29->n27->n52->n51
522,n1->n99->n77->n93->n91->n92->n94->n96->n97->n95->n89->n20->n19->n17->n85->n65->n52->n51
523,n1->n13->n12->n8->n7->n2->n4->n27->n28->n69->n70->n87->n88->n89->n20->n96->n94->n51
524,n1->n13->n12->n8->n7->n9->n10->n73->n75->n71->n72->n77->n23->n21->n20->n96->n94->n51
525,n1->n20->n19->n17->n85->n65->n52->n27->n28->n69->n3->n5->n7->n8->n10->n63->n61->n51
526,n1->n13->n12->n8->n7->n2->n4->n27->n29->n50->n59->n90->n56->n84->n85->n65->n52->n51
527,n1->n13->n15->n63->n61->n62->n46->n48->n89->n20->n96->n97->n99->n77->n93->n92->n94->n51
528,n1->n99->n98->n57->n83->n85->n84->n82->n95->n89->n20->n19->n17->n68->n58->n59->n50->n51
529,n1->n13->n15->n63->n10->n39->n38->n67->n21->n22->n74->n75->n71->n24->n26->n27->n52->n51
530,n1->n13->n12->n8->n7->n5->n3->n69->n70->n87->n88->n90->n56->n54->n82->n63->n61->n51
531,n1->n20->n18->n17->n68->n66->n32->n33->n6->n12->n13->n14->n75->n73->n54->n53->n52->n51
532,n1->n20->n89->n88->n87->n86->n76->n75->n73->n72->n71->n24->n33->n31->n30->n29->n50->n51
533,n1->n20->n89->n48->n47->n49->n64->n65->n85->n17->n18->n70->n87->n88->n90->n59->n50->n51
534,n1->n20->n96->n14->n75->n76->n30->n31->n33->n35->n34->n32->n66->n68->n58->n59->n50->n51
535,n1->n99->n97->n27->n25->n26->n24->n23->n77->n72->n70->n87->n88->n90->n59->n60->n50->n51
536,n1->n13->n12->n8->n10->n63->n42->n44->n43->n45->n72->n73->n54->n56->n55->n53->n52->n51
537,n1->n99->n77->n93->n64->n36->n38->n37->n65->n85->n78->n80->n82->n95->n89->n48->n50->n51
538,n1->n99->n77->n93->n95->n82->n54->n73->n72->n70->n18->n17->n19->n68->n58->n59->n50->n51
539,n1->n99->n77->n72->n71->n73->n100->n90->n59->n58->n85->n83->n57->n55->n54->n53->n52->n51
540,n1->n99->n77->n93->n94->n96->n20->n89->n88->n87->n86->n76->n69->n28->n27->n29->n50->n51
541,n1->n20->n19->n18->n70->n72->n71->n73->n100->n2->n4->n75->n74->n35->n31->n29->n50->n51
542,n1->n13->n15->n34->n36->n64->n62->n60->n59->n90->n56->n55->n57->n83->n85->n65->n52->n51
543,n1->n99->n97->n95->n93->n77->n72->n71->n75->n14->n12->n13->n15->n34->n36->n64->n49->n51
544,n1->n13->n15->n63->n61->n62->n60->n50->n48->n89->n95->n97->n27->n25->n26->n47->n49->n51
545,n1->n13->n12->n8->n10->n63->n61->n62->n60->n59->n50->n48->n46->n47->n26->n27->n52->n51
546,n1->n20->n21->n67->n38->n39->n37->n65->n5->n3->n69->n70->n87->n88->n89->n48->n50->n51
547,n1->n99->n98->n57->n74->n76->n30->n32->n66->n68->n22->n21->n20->n89->n90->n59->n50->n51
548,n1->n20->n21->n67->n38->n37->n65->n52->n53->n54->n56->n90->n100->n73->n10->n63->n61->n51
549,n1->n13->n14->n75->n74->n57->n55->n53->n54->n73->n100->n90->n59->n58->n85->n65->n52->n51
550,n1->n13->n12->n14->n96->n20->n18->n70->n87->n86->n76->n78->n44->n45->n47->n48->n50->n51
551,n1->n13->n11->n9->n10->n8->n12->n6->n33->n32->n31->n35->n74->n76->n30->n29->n50->n51
552,n1->n99->n97->n96->n14->n13->n11->n9->n7->n5->n65->n37->n38->n39->n10->n63->n61->n51
553,n1->n20->n18->n70->n87->n88->n89->n48->n47->n46->n62->n60->n59->n58->n85->n65->n52->n51
554,n1->n99->n77->n72->n71->n75->n4->n27->n25->n26->n47->n48->n46->n62->n64->n65->n52->n51
555,n1->n13->n14->n12->n6->n33->n24->n23->n83->n57->n55->n54->n53->n52->n65->n64->n49->n51
556,n1->n20->n21->n22->n74->n57->n55->n56->n84->n83->n23->n77->n93->n95->n89->n48->n50->n51
557,n1->n20->n18->n19->n17->n68->n22->n21->n67->n38->n36->n64->n93->n95->n89->n48->n50->n51
558,n1->n20->n89->n90->n59->n58->n85->n83->n81->n37->n39->n38->n36->n34->n15->n63->n61->n51
559,n1->n13->n14->n75->n4->n2->n7->n9->n10->n73->n72->n71->n24->n26->n25->n27->n52->n51
560,n1->n13->n11->n9->n10->n8->n7->n2->n4->n75->n14->n12->n6->n33->n24->n26->n27->n52->n51
561,n1->n13->n11->n9->n7->n8->n10->n39->n37->n81->n79->n63->n82->n84->n85->n65->n64->n49->n51
562,n1->n13->n12->n14->n96->n97->n95->n93->n64->n67->n38->n37->n39->n10->n73->n54->n53->n52->n51
563,n1->n99->n98->n57->n74->n75->n73->n54->n56->n84->n82->n80->n78->n76->n30->n31->n29->n50->n51
564,n1->n20->n18->n16->n38->n36->n64->n67->n21->n23->n24->n71->n75->n76->n78->n85->n65->n52->n51
565,n1->n13->n14->n12->n6->n33->n31->n35->n34->n15->n63->n79->n81->n83->n84->n85->n65->n52->n51
566,n1->n20->n96->n14->n75->n74->n22->n21->n67->n38->n37->n39->n41->n44->n78->n85->n65->n52->n51
567,n1->n20->n89->n90->n100->n73->n72->n70->n69->n28->n27->n97->n99->n98->n57->n55->n53->n52->n51
568,n1->n20->n96->n97->n27->n52->n53->n54->n56->n84->n83->n85->n78->n80->n82->n95->n93->n94->n51
569,n1->n20->n18->n16->n38->n37->n81->n79->n63->n15->n13->n12->n14->n96->n97->n95->n93->n94->n51
570,n1->n13->n11->n29->n28->n27->n26->n24->n33->n32->n34->n15->n63->n79->n81->n37->n65->n52->n51
571,n1->n99->n98->n57->n74->n76->n69->n70->n72->n71->n75->n4->n2->n100->n73->n10->n63->n61->n51
572,n1->n13->n12->n14->n75->n71->n24->n26->n25->n27->n52->n53->n54->n73->n72->n77->n93->n94->n51
573,n1->n20->n18->n17->n68->n58->n85->n84->n56->n90->n89->n88->n87->n70->n69->n28->n29->n50->n51
574,n1->n99->n97->n96->n20->n89->n48->n46->n47->n45->n43->n44->n78->n80->n81->n37->n65->n52->n51
575,n1->n13->n12->n8->n7->n2->n4->n75->n71->n72->n70->n18->n19->n17->n85->n58->n59->n50->n51
576,n1->n13->n11->n9->n10->n39->n37->n38->n16->n18->n70->n72->n71->n73->n75->n14->n96->n94->n51
577,n1->n99->n97->n27->n4->n2->n100->n90->n89->n88->n87->n70->n72->n71->n75->n14->n96->n94->n51
578,n1->n20->n89->n48->n47->n26->n25->n27->n4->n2->n100->n73->n71->n75->n76->n30->n29->n50->n51
579,n1->n99->n98->n57->n55->n54->n73->n100->n90->n88->n89->n48->n50->n59->n60->n62->n64->n49->n51
580,n1->n99->n97->n96->n20->n21->n23->n77->n72->n71->n75->n14->n12->n6->n33->n31->n29->n50->n51
581,n1->n20->n21->n23->n77->n99->n98->n57->n55->n53->n54->n73->n75->n71->n72->n45->n47->n49->n51
582,n1->n99->n98->n57->n83->n23->n21->n20->n96->n14->n12->n13->n15->n63->n61->n62->n64->n49->n51
583,n1->n20->n89->n48->n46->n62->n61->n63->n15->n13->n11->n29->n31->n33->n24->n26->n47->n49->n51
584,n1->n99->n98->n57->n83->n84->n56->n90->n100->n2->n4->n75->n76->n69->n28->n27->n29->n50->n51
585,n1->n20->n18->n16->n38->n67->n21->n22->n74->n75->n4->n2->n100->n73->n54->n55->n53->n52->n51
586,n1->n99->n77->n23->n83->n84->n85->n78->n80->n81->n37->n65->n5->n3->n69->n28->n27->n52->n51
587,n1->n20->n19->n68->n58->n85->n83->n57->n74->n75->n73->n10->n8->n7->n5->n65->n64->n49->n51
588,n1->n99->n98->n57->n74->n76->n86->n87->n70->n18->n19->n68->n58->n59->n60->n62->n64->n49->n51
589,n1->n20->n96->n94->n92->n93->n95->n89->n88->n90->n100->n73->n75->n71->n24->n26->n47->n49->n51
590,n1->n20->n19->n68->n17->n18->n70->n69->n3->n5->n65->n85->n84->n82->n95->n93->n64->n49->n51
591,n1->n20->n21->n23->n77->n99->n97->n96->n14->n13->n11->n9->n10->n39->n38->n67->n64->n49->n51
592,n1->n20->n19->n68->n58->n59->n90->n56->n54->n55->n57->n83->n84->n82->n95->n97->n27->n52->n51
593,n1->n99->n77->n23->n83->n85->n65->n52->n53->n54->n56->n84->n33->n35->n34->n36->n64->n49->n51
594,n1->n99->n98->n57->n55->n53->n52->n65->n5->n3->n69->n76->n30->n29->n27->n26->n47->n49->n51
595,n1->n13->n11->n29->n27->n4->n75->n74->n35->n34->n15->n63->n10->n9->n7->n5->n65->n52->n51
596,n1->n13->n15->n29->n11->n9->n7->n2->n100->n73->n54->n82->n80->n78->n85->n58->n59->n50->n51
597,n1->n99->n77->n93->n91->n92->n94->n96->n14->n12->n8->n7->n5->n3->n69->n28->n29->n50->n51
598,n1->n13->n11->n29->n28->n69->n76->n75->n71->n72->n70->n18->n19->n20->n96->n97->n27->n52->n51
599,n1->n20->n19->n17->n85->n58->n59->n60->n50->n29->n15->n13->n14->n12->n8->n10->n63->n61->n51
600,n1->n99->n97->n95->n93->n92->n94->n96->n14->n13->n12->n6->n33->n84->n56->n54->n53->n52->n51
601,n1->n20->n96->n14->n75->n76->n30->n32->n34->n15->n29->n27->n4->n2->n7->n5->n65->n52->n51
602,n1->n99->n98->n57->n74->n22->n21->n20->n19->n18->n70->n87->n86->n76->n69->n28->n27->n52->n51
603,n1->n99->n77->n93->n64->n49->n47->n45->n43->n41->n39->n38->n67->n21->n20->n89->n48->n50->n51
604,n1->n99->n97->n96->n20->n18->n17->n68->n22->n21->n23->n24->n33->n32->n34->n36->n64->n49->n51
605,n1->n20->n21->n22->n68->n19->n18->n16->n38->n67->n64->n65->n85->n78->n80->n82->n63->n61->n51
606,n1->n99->n98->n57->n55->n56->n84->n33->n31->n32->n30->n76->n86->n87->n88->n89->n48->n50->n51
607,n1->n99->n97->n96->n20->n18->n19->n17->n68->n58->n85->n78->n76->n30->n32->n31->n29->n50->n51
608,n1->n13->n14->n12->n8->n10->n73->n72->n45->n43->n44->n41->n39->n37->n81->n79->n63->n61->n51
609,n1->n99->n77->n72->n73->n75->n74->n35->n33->n84->n56->n54->n55->n57->n83->n85->n65->n52->n51
610,n1->n99->n97->n95->n93->n91->n92->n94->n96->n20->n89->n48->n50->n59->n60->n62->n64->n49->n51
611,n1->n13->n12->n6->n33->n84->n56->n55->n54->n82->n63->n42->n44->n78->n76->n75->n14->n96->n94->n51
612,n1->n99->n77->n72->n73->n54->n53->n52->n27->n97->n95->n82->n80->n78->n76->n69->n28->n29->n50->n51
613,n1->n13->n11->n29->n50->n60->n59->n90->n89->n48->n46->n62->n61->n63->n42->n40->n54->n53->n52->n51
614,n1->n20->n18->n17->n85->n65->n5->n7->n9->n10->n39->n38->n36->n34->n32->n33->n31->n29->n50->n51
615,n1->n99->n98->n57->n55->n53->n52->n65->n85->n83->n81->n79->n63->n61->n62->n46->n47->n48->n50->n51
616,n1->n20->n21->n23->n24->n71->n72->n70->n69->n76->n86->n87->n88->n90->n59->n58->n85->n65->n52->n51
617,n1->n13->n15->n63->n79->n81->n80->n78->n76->n30->n32->n31->n35->n34->n36->n38->n37->n65->n52->n51
618,n1->n13->n14->n75->n76->n74->n35->n31->n30->n29->n50->n59->n58->n68->n22->n21->n20->n96->n94->n51
619,n1->n20->n21->n23->n24->n71->n73->n10->n9->n7->n5->n3->n69->n76->n74->n75->n14->n96->n94->n51
620,n1->n20->n18->n16->n38->n36->n34->n35->n74->n57->n55->n53->n52->n65->n64->n62->n46->n48->n50->n51
621,n1->n99->n98->n57->n83->n85->n84->n56->n90->n59->n60->n62->n64->n36->n34->n35->n31->n29->n50->n51
622,n1->n13->n11->n9->n7->n2->n4->n27->n52->n53->n55->n56->n90->n100->n73->n54->n82->n63->n61->n51
623,n1->n99->n77->n93->n64->n36->n34->n32->n31->n29->n27->n26->n24->n71->n72->n45->n47->n48->n50->n51
624,n1->n20->n21->n67->n64->n65->n5->n7->n9->n10->n63->n42->n40->n54->n53->n52->n27->n29->n50->n51
625,n1->n20->n19->n18->n16->n38->n36->n34->n35->n74->n76->n78->n44->n42->n40->n54->n55->n53->n52->n51
626,n1->n99->n77->n72->n73->n100->n90->n59->n58->n68->n19->n18->n16->n38->n37->n81->n79->n63->n61->n51
627,n1->n13->n12->n6->n33->n35->n31->n29->n15->n34->n36->n64->n65->n5->n3->n69->n28->n27->n52->n51
628,n1->n13->n12->n6->n33->n84->n56->n55->n53->n54->n40->n42->n44->n78->n80->n81->n37->n65->n52->n51
629,n1->n20->n18->n16->n38->n37->n65->n64->n93->n92->n94->n96->n97->n95->n89->n88->n90->n59->n50->n51
630,n1->n13->n11->n29->n27->n25->n26->n24->n33->n6->n12->n14->n96->n20->n19->n17->n85->n65->n52->n51
631,n1->n13->n12->n14->n96->n94->n92->n93->n64->n36->n34->n35->n31->n32->n66->n68->n58->n59->n50->n51
632,n1->n13->n12->n6->n33->n84->n82->n95->n89->n20->n96->n97->n99->n77->n72->n45->n47->n48->n50->n51
633,n1->n99->n77->n72->n70->n69->n28->n29->n11->n9->n10->n63->n82->n54->n53->n52->n65->n64->n49->n51
634,n1->n20->n89->n90->n56->n54->n40->n42->n63->n79->n81->n83->n85->n84->n33->n35->n31->n29->n50->n51
635,n1->n99->n97->n27->n4->n2->n7->n9->n10->n63->n61->n62->n60->n59->n90->n89->n95->n93->n94->n51
636,n1->n20->n18->n19->n17->n85->n83->n84->n56->n55->n54->n82->n95->n97->n99->n77->n93->n92->n94->n51
637,n1->n20->n18->n19->n17->n68->n58->n59->n90->n56->n84->n83->n57->n74->n35->n31->n30->n29->n50->n51
638,n1->n20->n96->n97->n27->n25->n26->n24->n33->n31->n35->n34->n32->n30->n76->n78->n85->n65->n52->n51
639,n1->n99->n97->n96->n14->n13->n15->n34->n35->n31->n29->n27->n4->n2->n100->n90->n89->n48->n50->n51
640,n1->n13->n15->n63->n42->n44->n45->n43->n41->n39->n10->n9->n7->n2->n100->n73->n54->n53->n52->n51
641,n1->n13->n14->n12->n6->n33->n84->n85->n58->n68->n17->n18->n19->n20->n89->n88->n90->n59->n50->n51
642,n1->n20->n89->n88->n90->n56->n55->n54->n73->n75->n14->n12->n8->n10->n9->n7->n5->n65->n52->n51
643,n1->n99->n98->n57->n74->n35->n33->n31->n32->n66->n68->n19->n18->n16->n38->n67->n64->n65->n52->n51
644,n1->n99->n98->n57->n55->n54->n40->n42->n63->n15->n34->n32->n66->n68->n22->n21->n67->n64->n49->n51
645,n1->n13->n14->n75->n4->n27->n25->n26->n24->n33->n32->n66->n68->n58->n59->n60->n62->n64->n49->n51
646,n1->n13->n15->n63->n61->n62->n46->n48->n89->n20->n21->n23->n83->n57->n74->n76->n30->n29->n50->n51
647,n1->n20->n18->n17->n19->n68->n58->n85->n84->n83->n23->n21->n22->n74->n76->n69->n28->n27->n52->n51
648,n1->n13->n14->n75->n76->n78->n85->n65->n37->n38->n39->n10->n73->n54->n56->n84->n82->n63->n61->n51
649,n1->n99->n98->n57->n55->n54->n73->n72->n71->n75->n4->n27->n29->n50->n59->n60->n62->n64->n49->n51
650,n1->n20->n96->n97->n99->n98->n57->n74->n76->n78->n44->n41->n43->n45->n47->n49->n64->n65->n52->n51
651,n1->n13->n12->n8->n10->n73->n71->n75->n76->n74->n57->n98->n99->n77->n23->n24->n26->n47->n49->n51
652,n1->n99->n97->n95->n82->n63->n61->n62->n46->n48->n50->n60->n59->n90->n88->n89->n20->n96->n94->n51
653,n1->n20->n89->n90->n100->n73->n75->n74->n35->n33->n32->n34->n15->n63->n79->n81->n37->n65->n52->n51
654,n1->n20->n96->n14->n75->n4->n27->n25->n26->n24->n23->n83->n81->n80->n82->n84->n85->n65->n52->n51
655,n1->n20->n89->n95->n97->n99->n98->n57->n74->n35->n33->n32->n30->n76->n75->n73->n54->n53->n52->n51
656,n1->n13->n12->n14->n96->n97->n95->n93->n77->n23->n24->n71->n72->n45->n43->n44->n42->n63->n61->n51
657,n1->n13->n11->n29->n50->n60->n59->n90->n88->n87->n70->n18->n17->n19->n68->n58->n85->n65->n52->n51
658,n1->n20->n18->n17->n85->n78->n76->n86->n87->n88->n89->n48->n50->n59->n90->n56->n54->n53->n52->n51
659,n1->n99->n98->n57->n74->n76->n86->n87->n70->n69->n3->n5->n7->n2->n4->n75->n14->n96->n94->n51
660,n1->n13->n11->n9->n7->n2->n100->n90->n56->n54->n40->n42->n63->n10->n39->n38->n67->n64->n49->n51
661,n1->n99->n77->n23->n24->n26->n47->n48->n89->n20->n18->n19->n68->n22->n74->n76->n30->n29->n50->n51
662,n1->n13->n11->n9->n7->n5->n3->n69->n76->n30->n32->n31->n35->n34->n36->n38->n39->n37->n65->n52->n51
663,n1->n20->n96->n14->n12->n8->n7->n5->n65->n64->n93->n77->n72->n45->n47->n48->n89->n90->n59->n50->n51
664,n1->n20->n18->n19->n68->n66->n32->n34->n36->n64->n67->n21->n23->n77->n99->n98->n57->n55->n53->n52->n51
665,n1->n99->n97->n96->n94->n92->n91->n93->n95->n82->n63->n15->n29->n31->n32->n66->n68->n58->n59->n50->n51
666,n1->n13->n15->n63->n10->n9->n7->n8->n12->n6->n33->n31->n32->n34->n35->n74->n75->n14->n96->n94->n51
667,n1->n99->n98->n57->n55->n56->n54->n40->n42->n63->n10->n39->n41->n44->n45->n72->n77->n93->n92->n94->n51
668,n1->n99->n77->n72->n70->n87->n88->n90->n56->n54->n82->n84->n85->n58->n59->n60->n50->n29->n27->n52->n51
669,n1->n20->n21->n67->n38->n37->n39->n10->n63->n42->n40->n54->n55->n57->n74->n76->n69->n28->n27->n52->n51
670,n1->n99->n77->n72->n73->n54->n40->n42->n44->n41->n39->n10->n8->n12->n6->n33->n32->n30->n29->n50->n51
671,n1->n13->n11->n29->n28->n27->n4->n75->n71->n72->n45->n47->n46->n48->n89->n88->n90->n59->n60->n50->n51
672,n1->n13->n12->n6->n33->n24->n71->n75->n73->n10->n9->n11->n29->n15->n63->n61->n62->n46->n47->n49->n51
673,n1->n99->n97->n95->n93->n64->n65->n85->n84->n56->n55->n57->n74->n76->n86->n87->n88->n89->n48->n50->n51
674,n1->n99->n98->n57->n74->n22->n21->n23->n83->n84->n56->n90->n59->n60->n62->n61->n63->n15->n29->n50->n51
675,n1->n13->n15->n29->n31->n32->n33->n24->n71->n72->n45->n43->n44->n42->n40->n54->n73->n10->n63->n61->n51
676,n1->n20->n89->n88->n87->n86->n76->n75->n73->n100->n2->n7->n8->n10->n9->n11->n29->n28->n27->n52->n51
677,n1->n20->n18->n19->n17->n68->n22->n74->n75->n73->n71->n24->n33->n35->n34->n15->n13->n11->n29->n50->n51
678,n1->n99->n77->n93->n64->n36->n38->n16->n18->n70->n69->n28->n27->n25->n26->n24->n33->n31->n29->n50->n51
679,n1->n20->n18->n16->n38->n67->n64->n65->n52->n27->n25->n26->n24->n71->n72->n70->n69->n28->n29->n50->n51
680,n1->n13->n12->n8->n7->n9->n11->n29->n15->n34->n32->n66->n68->n22->n21->n67->n38->n36->n64->n49->n51
681,n1->n99->n97->n27->n4->n75->n73->n100->n2->n7->n5->n3->n69->n28->n29->n15->n34->n36->n64->n49->n51
682,n1->n20->n21->n67->n38->n36->n34->n32->n31->n33->n35->n74->n75->n71->n24->n26->n27->n28->n29->n50->n51
683,n1->n99->n98->n57->n74->n75->n14->n12->n8->n7->n9->n11->n29->n27->n4->n2->n100->n90->n59->n50->n51
684,n1->n99->n77->n23->n21->n20->n18->n17->n68->n66->n32->n31->n30->n29->n11->n13->n12->n14->n96->n94->n51
685,n1->n13->n12->n8->n10->n9->n7->n2->n100->n73->n72->n70->n69->n3->n5->n65->n64->n93->n92->n94->n51
686,n1->n99->n77->n72->n71->n75->n4->n27->n26->n47->n45->n43->n41->n44->n78->n76->n69->n28->n29->n50->n51
687,n1->n20->n19->n68->n17->n18->n70->n69->n76->n75->n14->n13->n15->n34->n32->n33->n24->n26->n47->n49->n51
688,n1->n13->n15->n63->n82->n80->n81->n83->n23->n21->n22->n74->n76->n86->n87->n70->n18->n20->n96->n94->n51
689,n1->n20->n89->n88->n87->n70->n18->n17->n19->n68->n58->n59->n60->n62->n64->n49->n47->n46->n48->n50->n51
690,n1->n20->n19->n68->n17->n18->n16->n38->n37->n65->n64->n93->n95->n89->n48->n47->n26->n27->n29->n50->n51
691,n1->n99->n77->n72->n45->n47->n46->n48->n89->n88->n87->n86->n76->n78->n80->n82->n84->n85->n65->n52->n51
692,n1->n99->n98->n57->n83->n23->n24->n71->n72->n73->n75->n76->n86->n87->n70->n18->n19->n20->n96->n94->n51
693,n1->n99->n98->n57->n55->n56->n90->n89->n20->n21->n23->n77->n72->n45->n43->n44->n78->n85->n65->n52->n51
694,n1->n13->n14->n75->n73->n54->n82->n84->n56->n90->n89->n95->n93->n94->n96->n20->n21->n67->n64->n49->n51
695,n1->n13->n11->n9->n10->n39->n38->n67->n64->n36->n34->n15->n29->n30->n32->n66->n68->n58->n59->n50->n51
696,n1->n13->n14->n96->n20->n21->n23->n24->n71->n73->n72->n70->n18->n17->n85->n83->n57->n55->n53->n52->n51
697,n1->n20->n18->n19->n17->n85->n65->n37->n39->n10->n9->n7->n5->n3->n69->n76->n75->n14->n96->n94->n51
698,n1->n13->n11->n9->n7->n5->n3->n69->n70->n72->n71->n24->n33->n32->n66->n68->n19->n20->n96->n94->n51
699,n1->n99->n77->n23->n83->n84->n56->n55->n54->n40->n42->n44->n78->n85->n58->n68->n19->n20->n96->n94->n51
700,n1->n99->n97->n95->n82->n63->n42->n40->n54->n53->n55->n57->n74->n75->n73->n100->n90->n89->n48->n50->n51
701,n1->n20->n18->n19->n17->n68->n58->n85->n78->n80->n82->n54->n53->n55->n57->n74->n76->n30->n29->n50->n51
702,n1->n99->n77->n72->n45->n43->n41->n44->n78->n76->n74->n35->n34->n32->n33->n6->n12->n14->n96->n94->n51
703,n1->n13->n14->n75->n71->n24->n23->n21->n22->n68->n17->n19->n20->n96->n94->n92->n91->n93->n64->n49->n51
704,n1->n13->n11->n9->n7->n8->n12->n6->n33->n84->n56->n90->n88->n89->n48->n46->n47->n26->n27->n52->n51
705,n1->n13->n15->n63->n10->n9->n11->n29->n27->n97->n96->n94->n92->n91->n93->n77->n72->n45->n47->n49->n51
706,n1->n99->n77->n23->n24->n33->n31->n29->n15->n34->n35->n74->n76->n78->n80->n81->n37->n65->n64->n49->n51
707,n1->n99->n77->n23->n24->n26->n25->n27->n28->n69->n3->n5->n65->n64->n49->n47->n48->n46->n62->n61->n51
708,n1->n20->n21->n23->n83->n81->n37->n38->n16->n18->n19->n68->n66->n32->n33->n6->n12->n14->n96->n94->n51
709,n1->n20->n18->n19->n17->n85->n65->n5->n7->n2->n4->n75->n14->n12->n6->n33->n31->n29->n27->n52->n51
710,n1->n20->n18->n70->n69->n3->n5->n65->n85->n84->n56->n55->n53->n54->n40->n42->n44->n45->n47->n49->n51
711,n1->n13->n11->n29->n31->n30->n32->n34->n36->n38->n37->n65->n85->n84->n33->n6->n12->n14->n96->n94->n51
712,n1->n13->n15->n29->n28->n69->n3->n5->n7->n8->n12->n6->n33->n31->n30->n32->n34->n36->n64->n49->n51
713,n1->n99->n97->n27->n26->n24->n71->n75->n74->n76->n86->n87->n70->n69->n3->n5->n65->n85->n58->n59->n50->n51
714,n1->n20->n19->n18->n70->n72->n71->n73->n54->n40->n42->n44->n41->n39->n10->n63->n79->n81->n37->n65->n52->n51
715,n1->n99->n77->n93->n95->n97->n27->n26->n47->n46->n62->n60->n59->n58->n85->n65->n37->n81->n79->n63->n61->n51
716,n1->n99->n97->n96->n14->n13->n15->n34->n36->n38->n39->n37->n81->n80->n78->n76->n74->n57->n55->n53->n52->n51
717,n1->n13->n11->n9->n7->n8->n12->n6->n33->n24->n26->n47->n48->n50->n29->n15->n63->n82->n95->n93->n94->n51
718,n1->n13->n15->n34->n32->n66->n68->n17->n18->n20->n89->n90->n100->n73->n54->n55->n56->n84->n82->n63->n61->n51
719,n1->n13->n12->n6->n33->n24->n23->n21->n20->n18->n16->n38->n67->n64->n36->n34->n35->n31->n29->n27->n52->n51
720,n1->n13->n12->n14->n75->n76->n69->n70->n18->n16->n38->n36->n34->n32->n33->n31->n30->n29->n15->n63->n61->n51
721,n1->n13->n11->n9->n7->n2->n100->n90->n89->n48->n46->n62->n61->n63->n10->n73->n71->n72->n77->n93->n94->n51
722,n1->n20->n18->n19->n68->n66->n32->n34->n36->n64->n67->n38->n39->n37->n81->n79->n63->n15->n29->n27->n52->n51
723,n1->n99->n77->n72->n70->n69->n76->n30->n31->n33->n84->n85->n83->n81->n79->n63->n82->n95->n93->n92->n94->n51
724,n1->n20->n19->n18->n16->n38->n37->n65->n64->n67->n21->n23->n77->n72->n45->n44->n41->n39->n10->n63->n61->n51
725,n1->n20->n21->n23->n77->n99->n97->n96->n94->n92->n93->n95->n89->n88->n90->n100->n73->n72->n45->n47->n49->n51
726,n1->n13->n12->n14->n75->n73->n71->n72->n45->n43->n44->n42->n63->n15->n29->n30->n76->n69->n28->n27->n52->n51
727,n1->n99->n97->n27->n4->n2->n7->n5->n3->n69->n28->n29->n30->n76->n74->n35->n33->n84->n82->n63->n61->n51
728,n1->n20->n21->n23->n77->n99->n98->n57->n55->n53->n52->n65->n37->n39->n41->n43->n45->n47->n46->n62->n61->n51
729,n1->n99->n97->n95->n93->n91->n92->n94->n96->n14->n13->n12->n6->n33->n24->n26->n25->n27->n28->n29->n50->n51
730,n1->n20->n21->n22->n68->n58->n85->n78->n44->n43->n45->n72->n71->n24->n23->n77->n93->n95->n89->n48->n50->n51
731,n1->n13->n12->n6->n33->n24->n26->n27->n28->n29->n50->n60->n62->n64->n49->n47->n45->n44->n42->n63->n61->n51
732,n1->n13->n11->n29->n31->n32->n33->n35->n74->n75->n4->n2->n100->n90->n88->n89->n48->n46->n62->n60->n50->n51
733,n1->n99->n98->n57->n55->n56->n90->n59->n60->n62->n61->n63->n15->n34->n35->n33->n31->n32->n30->n29->n50->n51
734,n1->n20->n21->n22->n68->n19->n17->n18->n70->n69->n76->n74->n35->n34->n36->n64->n67->n38->n37->n65->n52->n51
735,n1->n13->n14->n75->n73->n72->n71->n24->n26->n25->n27->n29->n50->n59->n90->n88->n89->n95->n93->n64->n49->n51
736,n1->n13->n15->n29->n50->n60->n59->n58->n68->n19->n20->n21->n22->n74->n76->n69->n70->n72->n77->n93->n94->n51
737,n1->n20->n96->n94->n93->n64->n65->n85->n83->n23->n24->n71->n75->n76->n86->n87->n70->n69->n28->n27->n52->n51
738,n1->n20->n19->n68->n17->n18->n16->n38->n36->n34->n35->n33->n31->n30->n29->n50->n48->n89->n95->n93->n94->n51
739,n1->n13->n12->n14->n96->n20->n19->n68->n66->n32->n33->n31->n29->n30->n76->n69->n3->n5->n65->n64->n49->n51
740,n1->n99->n98->n57->n55->n54->n73->n100->n2->n4->n27->n28->n69->n76->n86->n87->n88->n90->n89->n48->n50->n51
741,n1->n99->n98->n57->n83->n85->n17->n19->n18->n70->n87->n88->n89->n20->n21->n67->n38->n36->n64->n62->n61->n51
742,n1->n20->n21->n22->n74->n57->n55->n56->n90->n59->n60->n62->n46->n48->n50->n29->n11->n9->n10->n63->n61->n51
743,n1->n20->n18->n16->n38->n36->n64->n49->n47->n46->n48->n50->n60->n59->n90->n100->n73->n54->n55->n53->n52->n51
744,n1->n13->n14->n75->n73->n100->n2->n4->n27->n28->n29->n50->n48->n89->n88->n87->n70->n72->n77->n93->n94->n51
745,n1->n99->n98->n57->n55->n56->n90->n88->n87->n70->n18->n17->n19->n20->n96->n94->n92->n91->n93->n64->n49->n51
746,n1->n13->n11->n9->n7->n8->n10->n73->n71->n24->n33->n84->n83->n85->n78->n80->n82->n95->n93->n92->n94->n51
747,n1->n20->n89->n95->n97->n27->n4->n75->n71->n73->n100->n2->n7->n8->n12->n6->n33->n84->n82->n63->n61->n51
748,n1->n13->n12->n8->n7->n5->n3->n69->n70->n18->n20->n21->n23->n83->n85->n84->n56->n54->n55->n53->n52->n51
749,n1->n20->n19->n18->n70->n69->n3->n5->n65->n52->n27->n97->n99->n77->n93->n95->n89->n88->n90->n59->n50->n51
750,n1->n99->n98->n57->n74->n35->n33->n31->n32->n66->n68->n58->n85->n83->n84->n82->n95->n89->n20->n96->n94->n51
751,n1->n13->n14->n12->n6->n33->n35->n74->n75->n73->n71->n24->n26->n27->n97->n99->n98->n57->n55->n53->n52->n51
752,n1->n13->n11->n9->n7->n2->n4->n27->n28->n69->n3->n5->n65->n37->n38->n67->n64->n49->n47->n48->n50->n51
753,n1->n20->n21->n23->n83->n81->n79->n63->n15->n34->n35->n74->n76->n78->n44->n41->n39->n38->n37->n65->n52->n51
754,n1->n20->n21->n23->n77->n93->n64->n36->n38->n16->n18->n19->n17->n68->n66->n32->n33->n24->n26->n27->n52->n51
755,n1->n99->n98->n57->n83->n23->n77->n93->n91->n92->n94->n96->n97->n95->n89->n20->n21->n67->n64->n62->n61->n51
756,n1->n20->n21->n22->n68->n19->n18->n16->n38->n39->n41->n43->n44->n78->n80->n82->n54->n73->n10->n63->n61->n51
757,n1->n13->n11->n29->n15->n63->n79->n81->n80->n82->n84->n33->n6->n12->n14->n96->n94->n92->n93->n64->n49->n51
758,n1->n99->n77->n72->n45->n44->n41->n39->n37->n81->n83->n57->n55->n53->n52->n27->n26->n47->n46->n62->n61->n51
759,n1->n20->n21->n67->n38->n16->n18->n70->n87->n86->n76->n69->n3->n5->n7->n2->n100->n73->n54->n53->n52->n51
760,n1->n20->n89->n48->n46->n47->n26->n27->n29->n50->n60->n62->n64->n65->n37->n81->n80->n82->n95->n93->n94->n51
761,n1->n13->n11->n9->n7->n8->n12->n14->n96->n20->n18->n17->n85->n78->n80->n82->n54->n40->n42->n63->n61->n51
762,n1->n13->n15->n63->n42->n44->n78->n76->n86->n87->n70->n72->n45->n43->n41->n39->n37->n38->n36->n64->n49->n51
763,n1->n13->n14->n12->n8->n10->n39->n37->n81->n80->n78->n85->n17->n68->n58->n59->n90->n56->n55->n53->n52->n51
764,n1->n13->n15->n29->n31->n32->n34->n36->n38->n39->n37->n81->n80->n82->n95->n89->n88->n90->n56->n55->n53->n52->n51
765,n1->n99->n98->n57->n55->n53->n52->n27->n29->n31->n35->n74->n75->n4->n2->n100->n90->n89->n95->n97->n96->n94->n51
766,n1->n99->n97->n95->n89->n90->n88->n87->n86->n76->n74->n57->n83->n85->n78->n44->n41->n43->n45->n47->n48->n50->n51
767,n1->n13->n11->n9->n10->n63->n42->n40->n54->n82->n95->n93->n92->n94->n96->n97->n99->n98->n57->n55->n53->n52->n51
768,n1->n20->n21->n67->n38->n39->n10->n9->n7->n2->n100->n73->n72->n70->n87->n86->n76->n69->n3->n5->n65->n52->n51
769,n1->n13->n15->n63->n61->n62->n64->n36->n38->n16->n18->n70->n69->n28->n29->n27->n26->n24->n23->n77->n93->n94->n51
770,n1->n99->n77->n93->n95->n89->n90->n100->n2->n4->n75->n76->n69->n3->n5->n7->n9->n10->n73->n54->n53->n52->n51
771,n1->n99->n77->n93->n92->n94->n96->n97->n95->n82->n54->n56->n84->n85->n17->n18->n19->n20->n21->n67->n64->n49->n51
772,n1->n99->n77->n93->n92->n94->n96->n14->n12->n8->n10->n63->n79->n81->n83->n84->n85->n58->n59->n60->n62->n61->n51
773,n1->n20->n21->n22->n68->n17->n19->n18->n16->n38->n39->n41->n43->n45->n44->n78->n80->n82->n54->n55->n53->n52->n51
774,n1->n20->n19->n17->n68->n58->n85->n78->n76->n69->n70->n18->n16->n38->n36->n34->n35->n33->n31->n30->n29->n50->n51
775,n1->n13->n11->n9->n10->n73->n72->n45->n44->n78->n80->n82->n95->n89->n90->n100->n2->n4->n27->n28->n29->n50->n51
776,n1->n20->n21->n22->n74->n35->n34->n15->n29->n27->n28->n69->n76->n86->n87->n70->n18->n17->n85->n65->n64->n49->n51
777,n1->n20->n21->n22->n68->n19->n17->n18->n16->n38->n67->n64->n36->n34->n15->n13->n14->n12->n8->n10->n63->n61->n51
778,n1->n20->n96->n97->n27->n4->n2->n7->n8->n12->n6->n33->n31->n35->n74->n75->n71->n73->n100->n90->n59->n50->n51
779,n1->n20->n96->n94->n92->n91->n93->n77->n23->n24->n26->n25->n27->n4->n75->n74->n57->n55->n54->n82->n63->n61->n51
780,n1->n13->n15->n29->n31->n35->n33->n6->n12->n14->n96->n94->n92->n91->n93->n77->n72->n73->n100->n90->n59->n50->n51
781,n1->n13->n11->n29->n27->n28->n69->n3->n5->n7->n8->n12->n14->n75->n4->n2->n100->n90->n56->n55->n53->n52->n51
782,n1->n99->n98->n57->n55->n53->n54->n56->n90->n100->n2->n7->n9->n11->n13->n15->n29->n27->n25->n26->n47->n49->n51
783,n1->n99->n97->n27->n25->n26->n47->n46->n48->n89->n88->n90->n59->n60->n62->n61->n63->n15->n34->n36->n64->n49->n51
784,n1->n99->n98->n57->n55->n53->n54->n56->n90->n59->n58->n68->n17->n85->n84->n83->n23->n21->n67->n64->n65->n52->n51
785,n1->n99->n77->n93->n95->n89->n20->n18->n16->n38->n36->n64->n65->n85->n84->n83->n81->n37->n39->n10->n63->n61->n51
786,n1->n99->n97->n96->n20->n89->n48->n46->n47->n45->n44->n42->n63->n15->n13->n14->n12->n8->n7->n5->n65->n52->n51
787,n1->n20->n18->n70->n69->n76->n78->n44->n42->n63->n79->n81->n83->n57->n55->n56->n54->n53->n52->n27->n29->n50->n51
788,n1->n13->n12->n8->n10->n63->n15->n34->n36->n64->n65->n37->n38->n16->n18->n70->n87->n88->n89->n90->n59->n50->n51
789,n1->n99->n98->n57->n83->n23->n77->n72->n45->n43->n44->n41->n39->n37->n38->n36->n34->n35->n31->n30->n29->n50->n51
790,n1->n99->n97->n27->n25->n26->n24->n33->n6->n12->n13->n14->n75->n71->n73->n10->n39->n38->n36->n64->n65->n52->n51
791,n1->n99->n77->n72->n70->n87->n88->n90->n59->n58->n85->n17->n19->n18->n20->n89->n48->n47->n26->n25->n27->n52->n51
792,n1->n13->n15->n34->n32->n66->n68->n58->n59->n60->n50->n29->n11->n9->n7->n5->n65->n37->n39->n10->n63->n61->n51
793,n1->n13->n12->n14->n75->n71->n24->n23->n83->n57->n74->n22->n68->n19->n20->n96->n94->n92->n91->n93->n64->n49->n51
794,n1->n13->n12->n8->n10->n63->n42->n40->n54->n82->n95->n93->n77->n99->n97->n27->n26->n47->n49->n64->n65->n52->n51
795,n1->n20->n96->n14->n13->n15->n29->n31->n35->n34->n32->n30->n76->n75->n73->n71->n72->n77->n99->n97->n27->n52->n51
796,n1->n13->n14->n96->n94->n92->n93->n77->n72->n70->n18->n19->n17->n68->n22->n74->n76->n75->n4->n27->n29->n50->n51
797,n1->n20->n18->n17->n85->n83->n57->n55->n56->n90->n88->n89->n95->n82->n84->n33->n35->n74->n75->n4->n27->n52->n51
798,n1->n99->n98->n57->n83->n84->n82->n80->n78->n44->n41->n43->n45->n72->n71->n24->n33->n32->n34->n15->n63->n61->n51
799,n1->n99->n97->n27->n28->n69->n70->n72->n45->n43->n44->n41->n39->n38->n36->n64->n65->n37->n81->n79->n63->n61->n51
800,n1->n99->n77->n72->n70->n87->n86->n76->n75->n74->n57->n83->n81->n79->n63->n15->n34->n32->n31->n30->n29->n50->n51
801,n1->n20->n18->n70->n69->n76->n30->n31->n33->n24->n23->n77->n93->n91->n92->n94->n96->n14->n13->n15->n29->n50->n51
802,n1->n13->n11->n29->n28->n27->n97->n95->n89->n48->n46->n47->n26->n24->n71->n72->n45->n43->n44->n42->n63->n61->n51
803,n1->n20->n96->n94->n93->n77->n23->n83->n57->n74->n75->n71->n72->n45->n44->n42->n40->n54->n73->n10->n63->n61->n51
804,n1->n13->n15->n29->n28->n69->n70->n72->n77->n93->n64->n62->n61->n63->n42->n40->n54->n55->n56->n90->n59->n50->n51
805,n1->n20->n89->n88->n87->n86->n76->n78->n80->n82->n63->n42->n40->n54->n55->n56->n90->n59->n60->n62->n64->n49->n51
806,n1->n13->n12->n14->n75->n74->n57->n83->n84->n56->n90->n89->n88->n87->n70->n72->n45->n47->n26->n25->n27->n52->n51
807,n1->n99->n98->n57->n55->n56->n54->n73->n10->n8->n7->n9->n11->n29->n28->n69->n70->n87->n88->n89->n48->n50->n51
808,n1->n13->n12->n14->n75->n74->n22->n68->n19->n18->n17->n85->n84->n82->n54->n55->n57->n98->n99->n97->n96->n94->n51
809,n1->n99->n77->n72->n73->n10->n8->n12->n14->n13->n11->n9->n7->n5->n3->n69->n70->n87->n88->n89->n48->n50->n51
810,n1->n13->n15->n29->n50->n48->n46->n62->n61->n63->n79->n81->n80->n78->n85->n17->n68->n22->n21->n20->n96->n94->n51
811,n1->n20->n18->n16->n38->n39->n10->n9->n7->n8->n12->n14->n96->n97->n27->n25->n26->n24->n23->n77->n93->n94->n51
812,n1->n20->n89->n88->n90->n56->n84->n85->n17->n19->n68->n66->n32->n31->n33->n6->n12->n14->n75->n4->n27->n52->n51
813,n1->n20->n89->n90->n56->n55->n53->n52->n65->n64->n49->n47->n26->n25->n27->n97->n99->n77->n93->n91->n92->n94->n51
814,n1->n20->n19->n17->n18->n16->n38->n37->n39->n10->n9->n11->n13->n12->n8->n7->n5->n65->n85->n58->n59->n50->n51
815,n1->n13->n11->n9->n10->n73->n75->n76->n86->n87->n88->n90->n100->n2->n7->n5->n3->n69->n28->n27->n97->n96->n94->n51
816,n1->n13->n11->n9->n10->n63->n82->n54->n55->n53->n52->n65->n37->n39->n38->n36->n34->n35->n31->n32->n30->n29->n50->n51
817,n1->n99->n77->n23->n83->n81->n79->n63->n61->n62->n46->n47->n49->n64->n36->n34->n35->n31->n33->n32->n30->n29->n50->n51
818,n1->n99->n77->n72->n73->n54->n56->n90->n89->n20->n96->n94->n93->n95->n82->n80->n81->n37->n38->n36->n64->n65->n52->n51
819,n1->n99->n97->n95->n82->n80->n78->n44->n41->n39->n38->n36->n64->n65->n85->n58->n68->n17->n18->n19->n20->n96->n94->n51
820,n1->n20->n89->n88->n90->n56->n54->n55->n57->n74->n76->n86->n87->n70->n72->n73->n75->n71->n24->n33->n31->n29->n50->n51
821,n1->n13->n12->n6->n33->n31->n29->n30->n32->n34->n35->n74->n76->n78->n85->n58->n68->n19->n17->n18->n20->n96->n94->n51
822,n1->n20->n89->n95->n93->n91->n92->n94->n96->n97->n99->n98->n57->n74->n35->n31->n30->n32->n66->n68->n58->n59->n50->n51
823,n1->n99->n98->n57->n55->n53->n52->n65->n64->n93->n94->n96->n97->n95->n89->n20->n21->n23->n83->n81->n79->n63->n61->n51
824,n1->n20->n96->n94->n92->n91->n93->n64->n49->n47->n45->n72->n71->n24->n26->n25->n27->n52->n65->n85->n58->n59->n50->n51
825,n1->n20->n19->n18->n70->n69->n28->n29->n15->n13->n11->n9->n7->n2->n4->n27->n26->n24->n71->n75->n14->n96->n94->n51
826,n1->n20->n18->n70->n87->n88->n89->n90->n100->n2->n7->n9->n11->n13->n12->n8->n10->n63->n79->n81->n37->n65->n52->n51
827,n1->n99->n98->n57->n74->n76->n86->n87->n88->n89->n48->n50->n59->n58->n85->n65->n52->n27->n26->n47->n46->n62->n61->n51
828,n1->n13->n11->n29->n27->n52->n53->n55->n56->n54->n40->n42->n44->n41->n43->n45->n47->n46->n48->n89->n90->n59->n50->n51
829,n1->n99->n98->n57->n55->n53->n54->n40->n42->n63->n61->n62->n60->n59->n50->n29->n11->n9->n7->n5->n65->n64->n49->n51
830,n1->n20->n96->n94->n92->n91->n93->n77->n23->n21->n22->n74->n35->n31->n32->n33->n6->n12->n14->n75->n4->n27->n52->n51
831,n1->n99->n98->n57->n74->n75->n4->n27->n29->n11->n13->n14->n96->n20->n19->n17->n18->n70->n87->n88->n89->n48->n50->n51
832,n1->n13->n15->n34->n35->n33->n31->n29->n27->n97->n95->n93->n77->n99->n98->n57->n83->n23->n21->n20->n89->n48->n50->n51
833,n1->n99->n98->n57->n55->n53->n54->n82->n63->n10->n39->n41->n44->n43->n45->n47->n48->n50->n59->n60->n62->n64->n49->n51
834,n1->n20->n96->n94->n92->n93->n64->n67->n21->n22->n74->n76->n69->n28->n27->n26->n47->n45->n44->n78->n85->n65->n52->n51
835,n1->n99->n97->n96->n20->n18->n19->n17->n68->n22->n74->n76->n75->n71->n73->n54->n53->n52->n27->n29->n15->n63->n61->n51
836,n1->n13->n15->n29->n31->n32->n33->n24->n26->n25->n27->n28->n69->n76->n74->n57->n55->n56->n54->n40->n42->n63->n61->n51
837,n1->n20->n19->n17->n85->n83->n23->n24->n71->n72->n70->n69->n28->n27->n25->n26->n47->n45->n43->n44->n42->n63->n61->n51
838,n1->n20->n96->n94->n92->n93->n95->n97->n99->n98->n57->n74->n22->n68->n58->n85->n83->n84->n33->n32->n30->n29->n50->n51
839,n1->n99->n97->n96->n14->n13->n12->n8->n10->n63->n79->n81->n80->n82->n54->n73->n71->n75->n76->n78->n85->n65->n52->n51
840,n1->n20->n96->n14->n12->n6->n33->n31->n30->n29->n50->n59->n60->n62->n61->n63->n10->n39->n41->n43->n45->n47->n49->n51
841,n1->n13->n15->n63->n42->n44->n43->n41->n39->n37->n81->n80->n78->n76->n75->n71->n73->n100->n2->n7->n5->n65->n52->n51
842,n1->n20->n21->n22->n74->n75->n71->n73->n72->n70->n87->n86->n76->n69->n3->n5->n7->n8->n10->n9->n11->n29->n50->n51
843,n1->n99->n77->n93->n92->n94->n96->n14->n75->n73->n71->n72->n45->n47->n26->n25->n27->n4->n2->n100->n90->n59->n50->n51
844,n1->n13->n14->n75->n76->n30->n29->n31->n32->n33->n6->n12->n8->n10->n73->n71->n24->n26->n25->n27->n97->n96->n94->n51
845,n1->n99->n77->n23->n21->n20->n96->n97->n95->n93->n64->n65->n85->n78->n76->n86->n87->n88->n90->n89->n48->n47->n49->n51
846,n1->n99->n97->n27->n28->n69->n70->n72->n73->n75->n4->n2->n100->n90->n89->n88->n87->n86->n76->n78->n85->n65->n52->n51
847,n1->n20->n96->n97->n27->n26->n47->n49->n64->n67->n38->n36->n34->n32->n33->n6->n12->n8->n10->n39->n37->n65->n52->n51
848,n1->n20->n89->n48->n47->n49->n64->n93->n92->n94->n96->n14->n12->n6->n33->n84->n82->n63->n10->n73->n54->n53->n52->n51
849,n1->n13->n15->n34->n35->n74->n22->n21->n67->n38->n16->n18->n19->n17->n85->n83->n84->n33->n31->n30->n29->n27->n52->n51
850,n1->n20->n19->n68->n22->n21->n67->n38->n16->n18->n70->n87->n88->n90->n56->n55->n57->n74->n75->n76->n30->n29->n50->n51
851,n1->n99->n98->n57->n83->n81->n80->n78->n44->n45->n47->n49->n64->n62->n61->n63->n42->n40->n54->n56->n55->n53->n52->n51
852,n1->n99->n97->n27->n29->n30->n31->n35->n34->n15->n13->n12->n14->n96->n20->n89->n88->n87->n70->n72->n45->n47->n49->n51
853,n1->n13->n15->n63->n10->n9->n7->n8->n12->n6->n33->n32->n30->n31->n29->n27->n28->n69->n76->n75->n14->n96->n94->n51
854,n1->n20->n89->n95->n82->n54->n73->n10->n8->n7->n2->n4->n27->n26->n47->n45->n43->n44->n41->n39->n37->n65->n52->n51
855,n1->n20->n21->n22->n74->n75->n73->n72->n77->n93->n91->n92->n94->n96->n97->n95->n82->n54->n56->n84->n85->n65->n52->n51
856,n1->n13->n12->n14->n96->n97->n27->n28->n29->n30->n76->n74->n57->n83->n81->n37->n39->n38->n67->n64->n62->n60->n50->n51
857,n1->n13->n14->n96->n20->n19->n68->n58->n85->n83->n57->n55->n54->n40->n42->n63->n15->n34->n35->n31->n30->n29->n50->n51
858,n1->n99->n98->n57->n74->n76->n86->n87->n88->n89->n20->n19->n17->n68->n66->n32->n31->n29->n15->n13->n14->n96->n94->n51
859,n1->n99->n98->n57->n83->n81->n79->n63->n15->n34->n36->n38->n37->n39->n41->n44->n43->n45->n47->n49->n64->n62->n61->n51
860,n1->n99->n98->n57->n83->n85->n65->n5->n3->n69->n70->n87->n86->n76->n74->n75->n4->n2->n100->n90->n59->n60->n50->n51
861,n1->n20->n21->n67->n38->n37->n65->n5->n3->n69->n70->n72->n45->n43->n41->n39->n10->n73->n71->n75->n14->n96->n94->n51
862,n1->n99->n77->n72->n71->n24->n23->n21->n20->n19->n18->n70->n69->n28->n29->n50->n60->n59->n90->n56->n54->n53->n52->n51
863,n1->n20->n19->n18->n17->n68->n66->n32->n34->n36->n38->n37->n65->n52->n27->n29->n30->n31->n33->n84->n82->n63->n61->n51
864,n1->n20->n96->n94->n92->n93->n95->n82->n80->n81->n79->n63->n10->n9->n11->n13->n14->n12->n8->n7->n5->n65->n52->n51
865,n1->n13->n12->n8->n7->n5->n3->n69->n28->n27->n97->n99->n98->n57->n74->n22->n21->n23->n83->n84->n33->n31->n29->n50->n51
866,n1->n20->n18->n19->n68->n17->n85->n65->n52->n27->n29->n30->n31->n35->n74->n76->n86->n87->n88->n89->n95->n82->n63->n61->n51
867,n1->n13->n11->n29->n30->n32->n34->n36->n38->n37->n65->n5->n3->n69->n76->n86->n87->n70->n18->n17->n19->n20->n96->n94->n51
868,n1->n99->n98->n57->n83->n23->n21->n20->n18->n70->n87->n88->n89->n90->n59->n50->n60->n62->n61->n63->n15->n29->n27->n52->n51
869,n1->n13->n12->n6->n33->n32->n66->n68->n17->n85->n58->n59->n60->n50->n48->n46->n47->n49->n64->n36->n38->n37->n65->n52->n51
870,n1->n99->n97->n95->n82->n54->n53->n55->n56->n90->n100->n73->n10->n39->n38->n67->n21->n20->n96->n14->n75->n4->n27->n52->n51
871,n1->n99->n77->n23->n24->n33->n32->n66->n68->n19->n18->n16->n38->n39->n41->n44->n78->n85->n84->n56->n54->n55->n53->n52->n51
872,n1->n13->n14->n75->n4->n27->n25->n26->n24->n23->n21->n20->n19->n17->n85->n84->n33->n31->n32->n66->n68->n58->n59->n50->n51
873,n1->n13->n11->n9->n10->n39->n41->n43->n45->n44->n42->n40->n54->n73->n75->n14->n96->n94->n92->n93->n95->n82->n63->n61->n51
874,n1->n13->n11->n29->n31->n33->n24->n26->n47->n49->n64->n65->n52->n27->n28->n69->n76->n75->n4->n2->n100->n90->n59->n50->n51
875,n1->n13->n14->n12->n6->n33->n24->n26->n25->n27->n28->n29->n31->n30->n76->n74->n35->n34->n36->n64->n49->n47->n48->n50->n51
876,n1->n99->n98->n57->n55->n54->n82->n95->n89->n20->n18->n19->n68->n66->n32->n34->n35->n33->n84->n56->n90->n59->n60->n50->n51
877,n1->n20->n18->n70->n69->n28->n27->n29->n11->n13->n12->n8->n10->n73->n75->n4->n2->n100->n90->n89->n48->n46->n47->n49->n51
878,n1->n20->n96->n94->n93->n77->n23->n24->n71->n73->n75->n74->n76->n69->n3->n5->n65->n64->n36->n34->n32->n31->n29->n50->n51
879,n1->n13->n14->n12->n8->n10->n9->n7->n5->n3->n69->n70->n87->n88->n89->n90->n100->n73->n72->n45->n44->n42->n63->n61->n51
880,n1->n99->n98->n57->n83->n23->n24->n26->n47->n46->n62->n60->n50->n29->n31->n35->n33->n84->n82->n80->n81->n37->n65->n52->n51
881,n1->n99->n98->n57->n55->n56->n84->n82->n95->n89->n88->n87->n86->n76->n78->n44->n43->n45->n47->n49->n64->n62->n60->n50->n51
882,n1->n20->n21->n67->n64->n65->n37->n38->n36->n34->n32->n33->n24->n26->n27->n97->n99->n77->n23->n83->n84->n82->n63->n61->n51
883,n1->n99->n98->n57->n74->n76->n78->n80->n82->n54->n40->n42->n44->n45->n72->n73->n75->n4->n2->n7->n8->n10->n63->n61->n51
884,n1->n99->n77->n93->n64->n49->n47->n45->n43->n44->n78->n76->n86->n87->n88->n90->n56->n84->n82->n63->n61->n62->n60->n50->n51
885,n1->n13->n15->n63->n42->n40->n54->n55->n53->n52->n27->n29->n30->n76->n78->n85->n84->n56->n90->n88->n89->n95->n93->n94->n51
886,n1->n20->n19->n68->n22->n74->n35->n33->n31->n30->n29->n27->n4->n2->n7->n5->n3->n69->n70->n87->n88->n89->n48->n50->n51
887,n1->n13->n12->n14->n96->n20->n21->n23->n77->n72->n73->n10->n8->n7->n5->n65->n37->n39->n41->n43->n44->n42->n63->n61->n51
888,n1->n13->n14->n75->n71->n72->n70->n18->n17->n19->n68->n66->n32->n30->n29->n28->n69->n76->n78->n44->n43->n45->n47->n49->n51
889,n1->n13->n15->n29->n27->n52->n65->n37->n81->n83->n57->n74->n75->n14->n96->n94->n93->n77->n99->n97->n95->n89->n48->n50->n51
890,n1->n13->n15->n34->n36->n38->n37->n65->n52->n27->n25->n26->n47->n46->n48->n89->n88->n87->n70->n18->n19->n20->n96->n94->n51
891,n1->n20->n89->n95->n97->n99->n77->n23->n21->n67->n64->n62->n61->n63->n42->n44->n43->n45->n72->n71->n75->n14->n96->n94->n51
892,n1->n99->n77->n23->n21->n20->n96->n14->n75->n4->n27->n29->n28->n69->n3->n5->n65->n52->n53->n54->n56->n90->n59->n50->n51
893,n1->n99->n98->n57->n83->n84->n85->n17->n19->n18->n20->n21->n22->n74->n35->n34->n15->n63->n79->n81->n37->n65->n64->n49->n51
894,n1->n13->n15->n29->n11->n9->n7->n5->n65->n64->n36->n38->n37->n39->n41->n44->n43->n45->n72->n71->n24->n26->n27->n52->n51
895,n1->n99->n77->n23->n24->n26->n47->n46->n62->n64->n93->n94->n96->n20->n89->n88->n87->n70->n72->n45->n44->n42->n63->n61->n51
896,n1->n99->n97->n95->n82->n84->n56->n55->n57->n83->n85->n17->n19->n20->n18->n70->n72->n77->n23->n24->n26->n25->n27->n52->n51
897,n1->n20->n96->n97->n99->n98->n57->n83->n23->n24->n33->n84->n82->n63->n10->n9->n11->n13->n14->n75->n76->n30->n29->n50->n51
898,n1->n20->n89->n90->n88->n87->n70->n72->n73->n10->n63->n82->n80->n78->n44->n43->n45->n47->n26->n25->n27->n28->n29->n50->n51
899,n1->n99->n97->n95->n93->n77->n23->n83->n57->n74->n76->n75->n14->n96->n20->n21->n67->n64->n65->n37->n81->n79->n63->n61->n51
900,n1->n13->n15->n34->n32->n66->n68->n22->n74->n76->n69->n3->n5->n7->n2->n100->n73->n10->n63->n42->n40->n54->n53->n52->n51
901,n1->n13->n14->n96->n97->n99->n98->n57->n83->n23->n77->n72->n45->n43->n41->n44->n78->n85->n58->n59->n50->n29->n27->n52->n51
902,n1->n99->n98->n57->n83->n84->n33->n35->n34->n36->n64->n62->n60->n50->n29->n11->n13->n15->n63->n10->n73->n54->n53->n52->n51
903,n1->n99->n97->n96->n94->n93->n64->n67->n21->n23->n24->n71->n75->n4->n2->n7->n9->n10->n8->n12->n13->n11->n29->n50->n51
904,n1->n20->n21->n23->n24->n71->n75->n14->n12->n13->n15->n63->n42->n40->n54->n55->n56->n84->n33->n32->n34->n36->n64->n49->n51
905,n1->n99->n98->n57->n55->n53->n54->n40->n42->n44->n78->n85->n65->n37->n81->n83->n23->n24->n71->n75->n76->n30->n29->n50->n51
906,n1->n99->n77->n23->n83->n57->n74->n75->n76->n78->n85->n65->n64->n36->n38->n67->n21->n20->n18->n70->n69->n28->n29->n50->n51
907,n1->n13->n15->n63->n79->n81->n80->n82->n54->n56->n90->n59->n60->n50->n48->n89->n20->n19->n18->n16->n38->n37->n65->n52->n51
908,n1->n99->n77->n72->n70->n87->n86->n76->n74->n35->n31->n29->n50->n60->n62->n64->n49->n47->n45->n43->n44->n42->n63->n61->n51
909,n1->n13->n12->n8->n10->n39->n41->n43->n45->n44->n78->n80->n81->n79->n63->n42->n40->n54->n73->n71->n72->n77->n93->n94->n51
910,n1->n20->n18->n70->n87->n86->n76->n78->n44->n41->n43->n45->n47->n46->n62->n61->n63->n82->n80->n81->n37->n65->n64->n49->n51
911,n1->n20->n96->n94->n93->n95->n97->n99->n77->n23->n83->n85->n17->n19->n68->n58->n59->n50->n60->n62->n46->n48->n47->n49->n51
912,n1->n20->n89->n95->n82->n80->n81->n37->n65->n85->n83->n84->n56->n55->n53->n52->n27->n97->n96->n14->n13->n15->n29->n50->n51
913,n1->n13->n12->n14->n96->n97->n99->n98->n57->n55->n56->n54->n40->n42->n44->n43->n41->n39->n10->n73->n100->n90->n59->n50->n51
914,n1->n13->n11->n29->n15->n34->n36->n38->n67->n21->n22->n68->n66->n32->n31->n30->n76->n69->n70->n72->n45->n47->n48->n50->n51
915,n1->n99->n77->n72->n70->n87->n88->n90->n89->n48->n46->n47->n45->n44->n42->n63->n61->n62->n60->n50->n59->n58->n85->n65->n52->n51
916,n1->n20->n19->n18->n70->n72->n71->n24->n26->n27->n4->n75->n76->n69->n3->n5->n65->n85->n84->n83->n57->n55->n54->n53->n52->n51
917,n1->n20->n89->n90->n56->n54->n73->n10->n63->n61->n62->n64->n36->n38->n67->n21->n22->n74->n76->n75->n71->n72->n45->n47->n49->n51
918,n1->n13->n14->n96->n94->n93->n95->n82->n63->n79->n81->n37->n65->n85->n58->n68->n19->n18->n70->n72->n71->n75->n4->n27->n52->n51
919,n1->n13->n12->n14->n96->n97->n95->n89->n88->n87->n70->n18->n17->n68->n58->n59->n60->n50->n29->n28->n69->n3->n5->n65->n52->n51
920,n1->n20->n96->n14->n75->n76->n69->n70->n87->n88->n89->n90->n56->n54->n40->n42->n63->n82->n95->n97->n99->n77->n93->n92->n94->n51
921,n1->n20->n18->n17->n85->n83->n57->n55->n56->n84->n33->n35->n74->n76->n86->n87->n88->n90->n59->n50->n48->n47->n26->n27->n52->n51
922,n1->n13->n14->n96->n20->n18->n17->n85->n83->n84->n56->n55->n54->n40->n42->n44->n45->n43->n41->n39->n38->n36->n64->n62->n61->n51
923,n1->n13->n12->n8->n10->n73->n100->n90->n89->n95->n93->n64->n49->n47->n26->n24->n71->n72->n70->n18->n17->n85->n58->n59->n50->n51
924,n1->n20->n19->n17->n68->n66->n32->n30->n29->n31->n33->n84->n83->n85->n78->n76->n69->n70->n18->n16->n38->n39->n10->n63->n61->n51
925,n1->n99->n98->n57->n74->n75->n71->n72->n77->n93->n91->n92->n94->n96->n97->n27->n28->n69->n3->n5->n7->n8->n10->n63->n61->n51
926,n1->n99->n77->n23->n21->n22->n68->n58->n85->n78->n76->n75->n4->n2->n100->n73->n71->n72->n45->n43->n41->n44->n42->n63->n61->n51
927,n1->n99->n97->n27->n28->n29->n50->n48->n46->n47->n26->n24->n23->n77->n93->n91->n92->n94->n96->n14->n12->n8->n10->n63->n61->n51
928,n1->n20->n89->n90->n56->n54->n55->n57->n74->n22->n21->n23->n83->n81->n80->n78->n76->n75->n71->n73->n100->n2->n4->n27->n52->n51
929,n1->n99->n98->n57->n74->n35->n31->n29->n27->n52->n53->n54->n40->n42->n44->n43->n45->n47->n49->n64->n67->n21->n20->n96->n94->n51
930,n1->n13->n12->n14->n96->n20->n19->n18->n70->n69->n28->n29->n15->n63->n79->n81->n83->n85->n65->n37->n38->n67->n64->n62->n61->n51
931,n1->n13->n11->n9->n7->n8->n12->n6->n33->n35->n34->n15->n29->n27->n25->n26->n24->n71->n72->n77->n23->n83->n85->n65->n52->n51
932,n1->n99->n77->n93->n64->n36->n34->n32->n33->n6->n12->n13->n14->n75->n4->n27->n26->n24->n71->n72->n70->n18->n20->n96->n94->n51
933,n1->n13->n15->n29->n11->n9->n7->n8->n10->n63->n42->n44->n78->n76->n69->n3->n5->n65->n64->n93->n77->n99->n97->n96->n94->n51
934,n1->n13->n12->n8->n7->n9->n10->n39->n41->n43->n45->n44->n78->n80->n82->n54->n56->n84->n85->n17->n68->n19->n20->n96->n94->n51
935,n1->n20->n19->n68->n22->n74->n35->n34->n32->n33->n6->n12->n13->n14->n96->n94->n93->n64->n62->n60->n50->n29->n28->n27->n52->n51
936,n1->n20->n89->n90->n56->n54->n55->n53->n52->n65->n64->n49->n47->n45->n72->n70->n18->n17->n85->n84->n83->n23->n77->n93->n94->n51
937,n1->n13->n15->n29->n30->n31->n35->n33->n24->n71->n72->n45->n47->n26->n25->n27->n28->n69->n3->n5->n65->n85->n58->n59->n50->n51
938,n1->n20->n18->n70->n72->n73->n100->n90->n88->n87->n86->n76->n75->n71->n24->n23->n77->n99->n97->n95->n89->n48->n46->n47->n49->n51
939,n1->n99->n77->n23->n24->n26->n47->n48->n50->n29->n28->n27->n97->n95->n82->n84->n85->n58->n59->n90->n56->n55->n54->n53->n52->n51
940,n1->n99->n98->n57->n74->n35->n34->n15->n13->n12->n6->n33->n32->n31->n30->n76->n75->n14->n96->n94->n92->n91->n93->n64->n49->n51
941,n1->n99->n97->n95->n82->n80->n78->n85->n17->n68->n22->n21->n67->n38->n36->n34->n15->n63->n10->n73->n71->n72->n77->n93->n94->n51
942,n1->n20->n89->n88->n90->n100->n2->n4->n27->n25->n26->n47->n45->n44->n42->n40->n54->n56->n84->n33->n32->n34->n15->n29->n50->n51
943,n1->n13->n12->n6->n33->n84->n85->n78->n76->n74->n57->n83->n81->n80->n82->n63->n10->n9->n7->n2->n4->n75->n14->n96->n94->n51
944,n1->n99->n97->n96->n14->n12->n6->n33->n31->n29->n30->n32->n66->n68->n22->n21->n67->n64->n49->n47->n45->n72->n77->n93->n94->n51
945,n1->n13->n14->n75->n73->n54->n56->n84->n33->n32->n34->n35->n31->n30->n76->n86->n87->n88->n90->n59->n58->n85->n65->n64->n49->n51
946,n1->n20->n19->n18->n17->n85->n84->n83->n57->n55->n54->n53->n52->n65->n5->n7->n8->n12->n13->n14->n75->n4->n27->n29->n50->n51
947,n1->n13->n12->n14->n75->n76->n86->n87->n70->n72->n77->n23->n83->n81->n37->n39->n38->n67->n21->n20->n19->n17->n85->n65->n52->n51
948,n1->n20->n21->n67->n38->n36->n64->n62->n46->n48->n47->n45->n43->n44->n78->n80->n81->n83->n84->n56->n54->n40->n42->n63->n61->n51
949,n1->n20->n19->n17->n68->n58->n59->n90->n56->n55->n54->n53->n52->n65->n85->n84->n82->n63->n61->n62->n64->n49->n47->n48->n50->n51
950,n1->n20->n19->n68->n66->n32->n33->n84->n85->n83->n23->n21->n67->n38->n39->n10->n63->n42->n40->n54->n73->n72->n77->n93->n94->n51
951,n1->n20->n96->n94->n93->n95->n97->n99->n98->n57->n74->n76->n75->n4->n27->n25->n26->n24->n33->n31->n35->n34->n36->n64->n49->n51
952,n1->n13->n14->n75->n73->n100->n90->n56->n54->n55->n57->n74->n22->n21->n67->n64->n36->n38->n37->n81->n83->n84->n82->n63->n61->n51
953,n1->n13->n14->n12->n8->n10->n9->n7->n2->n100->n73->n71->n24->n23->n77->n72->n70->n18->n19->n68->n17->n85->n58->n59->n50->n51
954,n1->n99->n98->n57->n83->n23->n24->n71->n75->n76->n69->n3->n5->n7->n9->n11->n13->n14->n12->n6->n33->n84->n85->n65->n52->n51
955,n1->n20->n21->n23->n83->n81->n80->n82->n95->n93->n91->n92->n94->n96->n97->n99->n77->n72->n73->n71->n24->n33->n31->n29->n50->n51
956,n1->n20->n89->n48->n47->n26->n24->n33->n35->n31->n32->n66->n68->n22->n21->n23->n77->n72->n70->n87->n86->n76->n30->n29->n50->n51
957,n1->n13->n15->n63->n10->n73->n71->n72->n70->n18->n19->n20->n21->n22->n68->n66->n32->n30->n76->n74->n57->n55->n54->n53->n52->n51
958,n1->n13->n11->n9->n10->n8->n12->n6->n33->n24->n23->n77->n72->n70->n87->n86->n76->n30->n32->n34->n35->n31->n29->n27->n52->n51
959,n1->n99->n97->n27->n52->n65->n5->n3->n69->n28->n29->n50->n48->n47->n46->n62->n60->n59->n58->n85->n17->n18->n20->n96->n94->n51
960,n1->n20->n89->n95->n97->n99->n98->n57->n74->n76->n69->n3->n5->n7->n9->n10->n63->n79->n81->n37->n39->n38->n67->n64->n49->n51
961,n1->n13->n11->n9->n7->n5->n3->n69->n28->n27->n97->n95->n89->n88->n87->n70->n72->n71->n73->n10->n8->n12->n14->n96->n94->n51
962,n1->n13->n15->n29->n30->n76->n75->n74->n22->n21->n20->n89->n48->n46->n47->n45->n72->n73->n10->n63->n42->n40->n54->n53->n52->n51
963,n1->n20->n18->n70->n69->n28->n27->n4->n2->n100->n73->n54->n40->n42->n63->n79->n81->n83->n23->n77->n72->n45->n47->n48->n50->n51
964,n1->n99->n98->n57->n55->n53->n54->n40->n42->n63->n10->n9->n11->n29->n28->n69->n76->n75->n71->n72->n73->n100->n90->n59->n50->n51
965,n1->n99->n97->n27->n4->n75->n73->n72->n77->n23->n83->n81->n80->n82->n63->n61->n62->n46->n47->n26->n24->n33->n32->n31->n29->n50->n51
966,n1->n99->n97->n96->n20->n18->n19->n17->n68->n22->n21->n67->n64->n65->n5->n3->n69->n70->n87->n86->n76->n74->n35->n31->n29->n50->n51
967,n1->n20->n89->n48->n47->n49->n64->n67->n38->n16->n18->n70->n72->n73->n75->n76->n86->n87->n88->n90->n56->n54->n40->n42->n63->n61->n51
968,n1->n13->n12->n14->n96->n94->n93->n95->n82->n80->n78->n76->n69->n3->n5->n7->n9->n11->n29->n31->n35->n74->n57->n55->n53->n52->n51
969,n1->n20->n21->n67->n38->n37->n81->n83->n57->n98->n99->n77->n72->n70->n18->n19->n68->n58->n59->n90->n100->n2->n7->n5->n65->n52->n51
970,n1->n13->n11->n29->n28->n27->n52->n53->n54->n73->n72->n45->n43->n41->n39->n10->n8->n7->n2->n100->n90->n88->n89->n95->n93->n94->n51
971,n1->n13->n15->n63->n82->n54->n55->n57->n98->n99->n97->n27->n28->n69->n70->n72->n45->n44->n78->n80->n81->n83->n23->n77->n93->n94->n51
972,n1->n13->n12->n14->n75->n4->n2->n7->n8->n10->n9->n11->n29->n15->n34->n36->n38->n39->n41->n43->n45->n44->n78->n85->n65->n52->n51
973,n1->n20->n18->n16->n38->n67->n64->n49->n47->n46->n48->n89->n88->n87->n70->n69->n28->n29->n30->n76->n75->n73->n100->n90->n59->n50->n51
974,n1->n20->n19->n68->n58->n85->n78->n76->n30->n32->n34->n35->n33->n24->n23->n77->n99->n98->n57->n55->n53->n54->n56->n90->n59->n50->n51
975,n1->n20->n18->n16->n38->n36->n34->n15->n13->n11->n29->n27->n25->n26->n24->n33->n6->n12->n8->n7->n9->n10->n39->n37->n65->n52->n51
976,n1->n99->n77->n93->n64->n62->n46->n47->n45->n72->n70->n18->n20->n19->n17->n68->n22->n21->n23->n24->n71->n75->n76->n30->n29->n50->n51
977,n1->n20->n21->n22->n74->n35->n33->n6->n12->n14->n75->n73->n71->n72->n45->n47->n46->n48->n89->n88->n87->n86->n76->n30->n29->n50->n51
978,n1->n99->n98->n57->n83->n23->n21->n20->n19->n17->n85->n58->n68->n22->n74->n75->n76->n30->n31->n29->n11->n13->n12->n14->n96->n94->n51
979,n1->n99->n98->n57->n74->n35->n33->n84->n56->n90->n89->n88->n87->n70->n18->n19->n68->n66->n32->n34->n15->n13->n12->n14->n96->n94->n51
980,n1->n20->n96->n97->n27->n29->n30->n76->n78->n44->n42->n63->n82->n80->n81->n83->n85->n58->n68->n22->n21->n23->n77->n93->n92->n94->n51
981,n1->n20->n18->n19->n68->n66->n32->n30->n29->n27->n4->n2->n100->n73->n10->n8->n7->n5->n65->n85->n83->n84->n56->n55->n53->n52->n51
982,n1->n20->n21->n22->n74->n35->n33->n32->n66->n68->n17->n19->n18->n16->n38->n37->n65->n52->n53->n54->n40->n42->n63->n15->n29->n50->n51
983,n1->n20->n19->n18->n17->n68->n22->n21->n67->n38->n39->n37->n81->n83->n23->n77->n72->n71->n75->n76->n86->n87->n88->n89->n48->n50->n51
984,n1->n99->n98->n57->n74->n22->n68->n19->n20->n89->n48->n46->n47->n45->n72->n70->n18->n17->n85->n83->n81->n37->n38->n67->n64->n49->n51
985,n1->n99->n97->n95->n82->n80->n78->n85->n65->n64->n93->n91->n92->n94->n96->n14->n12->n8->n7->n2->n4->n27->n26->n47->n48->n50->n51
986,n1->n99->n97->n95->n82->n84->n33->n6->n12->n13->n14->n75->n71->n72->n45->n44->n42->n40->n54->n53->n55->n56->n90->n59->n60->n50->n51
987,n1->n13->n11->n29->n50->n48->n47->n26->n27->n28->n69->n70->n18->n20->n96->n14->n75->n71->n72->n45->n44->n41->n39->n37->n65->n52->n51
988,n1->n13->n12->n6->n33->n32->n34->n35->n31->n30->n29->n28->n27->n25->n26->n24->n23->n21->n67->n64->n65->n37->n81->n79->n63->n61->n51
989,n1->n20->n89->n90->n59->n58->n85->n65->n64->n62->n61->n63->n10->n73->n54->n55->n56->n84->n82->n95->n93->n77->n99->n97->n27->n52->n51
990,n1->n99->n77->n93->n94->n96->n14->n13->n11->n9->n10->n39->n37->n38->n16->n18->n17->n68->n19->n20->n21->n23->n24->n26->n27->n52->n51
991,n1->n13->n11->n9->n10->n73->n71->n75->n76->n30->n29->n50->n60->n62->n64->n67->n38->n36->n34->n15->n63->n79->n81->n37->n65->n52->n51
992,n1->n13->n14->n75->n74->n22->n21->n23->n24->n26->n25->n27->n97->n99->n77->n72->n70->n87->n86->n76->n78->n44->n43->n45->n47->n49->n51
993,n1->n99->n97->n95->n82->n54->n73->n75->n74->n57->n55->n56->n84->n85->n17->n68->n58->n59->n50->n29->n30->n76->n69->n28->n27->n52->n51
994,n1->n13->n15->n63->n10->n8->n12->n14->n96->n94->n93->n64->n67->n38->n36->n34->n32->n66->n68->n58->n59->n60->n50->n48->n47->n49->n51
995,n1->n99->n98->n57->n55->n53->n52->n65->n64->n93->n94->n96->n97->n27->n28->n29->n31->n35->n74->n22->n21->n23->n24->n26->n47->n49->n51
996,n1->n13->n15->n63->n10->n9->n11->n29->n28->n69->n70->n87->n86->n76->n78->n85->n65->n52->n53->n54->n73->n71->n24->n26->n47->n49->n51
997,n1->n99->n77->n23->n24->n71->n75->n74->n57->n83->n84->n56->n90->n88->n89->n95->n82->n63->n61->n62->n60->n59->n58->n85->n65->n52->n51
998,n1->n99->n77->n93->n91->n92->n94->n96->n97->n27->n29->n30->n31->n33->n6->n12->n14->n13->n15->n34->n32->n66->n68->n58->n59->n50->n51
999,n1->n20->n89->n90->n59->n58->n68->n19->n17->n85->n83->n57->n98->n99->n77->n72->n70->n18->n16->n38->n39->n41->n44->n42->n63->n61->n51
1000,n1->n99->n98->n57->n83->n85->n78->n80->n82->n63->n15->n34->n35->n33->n32->n66->n68->n58->n59->n90->n100->n2->n7->n5->n65->n52->n51
1001,n1->n99->n98->n57->n55->n54->n82->n63->n61->n62->n60->n59->n50->n48->n46->n47->n26->n24->n33->n6->n12->n14->n75->n4->n27->n52->n51
1002,n1->n13->n11->n29->n30->n32->n33->n24->n23->n83->n85->n58->n59->n60->n50->n48->n89->n88->n87->n86->n76->n74->n57->n55->n53->n52->n51
1003,n1->n13->n15->n34->n32->n30->n31->n35->n33->n24->n71->n75->n74->n76->n86->n87->n88->n90->n56->n55->n57->n98->n99->n77->n93->n94->n51
1004,n1->n99->n77->n72->n70->n69->n76->n75->n14->n13->n11->n29->n31->n35->n34->n32->n33->n6->n12->n8->n7->n5->n65->n64->n93->n94->n51
1005,n1->n20->n19->n68->n66->n32->n33->n6->n12->n14->n75->n76->n69->n3->n5->n7->n2->n100->n73->n71->n72->n45->n44->n42->n63->n61->n51
1006,n1->n99->n98->n57->n83->n23->n24->n26->n27->n29->n31->n35->n34->n15->n13->n11->n9->n7->n5->n3->n69->n76->n78->n85->n65->n52->n51
1007,n1->n20->n18->n19->n17->n68->n58->n59->n90->n88->n87->n70->n72->n45->n43->n41->n39->n37->n38->n67->n64->n49->n47->n46->n48->n50->n51
1008,n1->n13->n11->n9->n10->n63->n42->n40->n54->n73->n75->n71->n24->n33->n31->n30->n29->n28->n27->n97->n99->n98->n57->n55->n53->n52->n51
1009,n1->n13->n12->n14->n75->n74->n22->n68->n19->n18->n70->n87->n88->n90->n56->n84->n82->n95->n93->n64->n67->n38->n39->n37->n65->n52->n51
1010,n1->n99->n98->n57->n74->n35->n33->n84->n83->n85->n17->n18->n16->n38->n36->n64->n67->n21->n20->n19->n68->n66->n32->n30->n29->n50->n51
1011,n1->n13->n12->n14->n96->n97->n99->n98->n57->n55->n53->n52->n27->n4->n2->n100->n73->n54->n82->n80->n81->n37->n38->n67->n64->n49->n51
1012,n1->n99->n77->n72->n73->n71->n75->n4->n27->n26->n47->n49->n64->n65->n85->n58->n59->n50->n60->n62->n46->n48->n89->n20->n96->n94->n51
1013,n1->n99->n98->n57->n83->n81->n37->n65->n85->n84->n33->n6->n12->n14->n75->n76->n78->n44->n42->n63->n82->n54->n56->n90->n59->n50->n51
1014,n1->n13->n15->n29->n28->n27->n25->n26->n24->n33->n35->n31->n30->n32->n34->n36->n64->n65->n37->n38->n67->n21->n23->n77->n93->n94->n51
1015,n1->n99->n98->n57->n83->n23->n77->n72->n71->n73->n75->n14->n12->n6->n33->n32->n66->n68->n17->n18->n70->n69->n3->n5->n65->n64->n49->n51
1016,n1->n13->n14->n75->n76->n78->n44->n42->n63->n10->n73->n100->n2->n7->n9->n11->n29->n31->n33->n24->n23->n83->n84->n82->n95->n93->n94->n51
1017,n1->n13->n14->n96->n20->n89->n48->n47->n46->n62->n61->n63->n79->n81->n80->n82->n54->n55->n53->n52->n65->n85->n78->n76->n30->n29->n50->n51
1018,n1->n13->n14->n75->n73->n10->n8->n7->n5->n3->n69->n70->n18->n19->n17->n68->n66->n32->n33->n24->n23->n21->n67->n38->n37->n65->n52->n51
1019,n1->n99->n97->n27->n4->n2->n7->n5->n3->n69->n28->n29->n11->n13->n15->n34->n35->n74->n57->n55->n54->n73->n72->n77->n93->n92->n94->n51
1020,n1->n13->n15->n63->n82->n84->n85->n83->n81->n80->n78->n44->n43->n41->n39->n38->n36->n34->n32->n33->n24->n26->n27->n52->n65->n64->n49->n51
1021,n1->n20->n89->n90->n59->n58->n85->n84->n56->n55->n53->n54->n82->n95->n97->n96->n14->n75->n74->n57->n98->n99->n77->n93->n64->n62->n61->n51
1022,n1->n20->n96->n14->n75->n4->n27->n28->n29->n50->n59->n58->n85->n17->n19->n18->n70->n87->n86->n76->n69->n3->n5->n65->n64->n93->n94->n51
1023,n1->n99->n77->n23->n24->n33->n6->n12->n13->n15->n34->n32->n31->n30->n76->n75->n74->n57->n83->n84->n85->n17->n18->n19->n20->n96->n94->n51
1024,n1->n99->n98->n57->n83->n85->n78->n44->n41->n39->n38->n36->n64->n65->n37->n81->n79->n63->n15->n34->n32->n66->n68->n19->n20->n96->n94->n51
1025,n1->n99->n97->n96->n14->n13->n11->n9->n10->n63->n15->n34->n32->n30->n31->n33->n35->n74->n75->n76->n86->n87->n88->n89->n48->n47->n49->n51
1026,n1->n20->n19->n17->n85->n65->n37->n39->n41->n44->n78->n76->n74->n22->n68->n66->n32->n33->n31->n35->n34->n36->n64->n49->n47->n48->n50->n51
1027,n1->n99->n77->n23->n83->n57->n55->n54->n82->n95->n97->n96->n94->n92->n91->n93->n64->n49->n47->n26->n24->n33->n32->n31->n29->n27->n52->n51
1028,n1->n99->n77->n93->n91->n92->n94->n96->n14->n12->n6->n33->n31->n35->n74->n22->n68->n17->n85->n84->n82->n63->n15->n13->n11->n29->n50->n51
1029,n1->n13->n12->n8->n7->n9->n11->n29->n28->n27->n26->n24->n71->n72->n45->n47->n49->n64->n65->n37->n39->n10->n73->n100->n90->n59->n50->n51
1030,n1->n20->n19->n68->n58->n59->n50->n60->n62->n61->n63->n10->n8->n7->n9->n11->n29->n31->n32->n33->n24->n23->n21->n67->n64->n93->n94->n51
1031,n1->n99->n97->n96->n20->n89->n48->n50->n29->n27->n4->n2->n7->n9->n10->n39->n38->n37->n65->n52->n53->n55->n54->n40->n42->n63->n61->n51
1032,n1->n99->n98->n57->n74->n76->n86->n87->n70->n18->n19->n17->n68->n22->n21->n23->n77->n93->n95->n89->n20->n96->n14->n13->n11->n29->n50->n51
1033,n1->n13->n14->n96->n97->n27->n28->n69->n76->n86->n87->n88->n90->n89->n20->n21->n67->n64->n36->n34->n32->n33->n35->n31->n30->n29->n50->n51
1034,n1->n20->n96->n94->n93->n95->n97->n27->n52->n53->n54->n56->n55->n57->n83->n81->n80->n78->n76->n30->n29->n31->n32->n34->n36->n64->n49->n51
1035,n1->n20->n19->n17->n68->n66->n32->n31->n35->n74->n57->n83->n85->n84->n33->n6->n12->n8->n7->n2->n100->n90->n56->n54->n55->n53->n52->n51
1036,n1->n13->n11->n29->n30->n76->n75->n73->n54->n53->n52->n27->n97->n99->n77->n93->n64->n62->n60->n50->n59->n58->n85->n84->n82->n63->n61->n51
1037,n1->n99->n77->n72->n45->n43->n41->n39->n37->n38->n36->n34->n15->n63->n10->n8->n7->n9->n11->n29->n30->n32->n66->n68->n58->n59->n50->n51
1038,n1->n99->n77->n93->n91->n92->n94->n96->n14->n12->n13->n15->n29->n30->n31->n33->n84->n83->n57->n55->n53->n54->n56->n90->n89->n48->n50->n51
1039,n1->n99->n77->n23->n83->n84->n85->n78->n76->n30->n29->n11->n9->n7->n2->n100->n73->n10->n63->n15->n34->n32->n33->n24->n26->n27->n52->n51
1040,n1->n13->n11->n9->n10->n73->n54->n53->n55->n56->n90->n100->n2->n7->n8->n12->n6->n33->n35->n31->n30->n76->n75->n4->n27->n29->n50->n51
1041,n1->n20->n21->n23->n24->n71->n73->n100->n90->n89->n48->n50->n29->n30->n31->n33->n6->n12->n13->n11->n9->n10->n8->n7->n5->n65->n52->n51
1042,n1->n13->n12->n14->n96->n20->n19->n18->n70->n69->n3->n5->n7->n2->n100->n90->n88->n87->n86->n76->n78->n44->n42->n40->n54->n53->n52->n51
1043,n1->n99->n77->n23->n83->n85->n58->n59->n50->n60->n62->n46->n47->n45->n72->n70->n87->n88->n90->n56->n55->n57->n74->n75->n4->n27->n52->n51
1044,n1->n13->n15->n34->n36->n38->n16->n18->n19->n68->n22->n21->n23->n77->n93->n95->n97->n96->n14->n12->n6->n33->n32->n30->n31->n29->n50->n51
1045,n1->n13->n14->n12->n8->n10->n39->n37->n81->n80->n78->n85->n84->n82->n95->n89->n20->n18->n17->n19->n68->n58->n59->n50->n48->n47->n49->n51
1046,n1->n13->n11->n9->n10->n39->n41->n44->n43->n45->n72->n73->n100->n90->n59->n60->n50->n48->n47->n46->n62->n64->n36->n38->n37->n65->n52->n51
1047,n1->n20->n19->n18->n70->n72->n45->n47->n48->n89->n90->n100->n2->n4->n75->n71->n73->n54->n53->n52->n27->n97->n99->n77->n93->n64->n49->n51
1048,n1->n99->n97->n27->n28->n69->n3->n5->n7->n2->n100->n90->n89->n88->n87->n86->n76->n75->n73->n54->n56->n55->n57->n83->n85->n65->n52->n51
1049,n1->n20->n89->n48->n46->n62->n61->n63->n15->n29->n27->n26->n24->n71->n72->n77->n23->n83->n84->n56->n54->n55->n53->n52->n65->n64->n49->n51
1050,n1->n99->n77->n72->n70->n69->n3->n5->n7->n9->n10->n8->n12->n6->n33->n32->n30->n31->n35->n34->n36->n38->n67->n21->n20->n96->n94->n51
1051,n1->n20->n21->n22->n74->n75->n71->n24->n23->n83->n81->n79->n63->n42->n40->n54->n82->n95->n97->n99->n98->n57->n55->n56->n90->n59->n50->n51
1052,n1->n99->n98->n57->n83->n85->n78->n80->n82->n63->n79->n81->n37->n38->n67->n64->n65->n52->n27->n28->n29->n11->n13->n12->n14->n96->n94->n51
1053,n1->n99->n77->n93->n92->n94->n96->n97->n27->n26->n24->n71->n73->n100->n90->n59->n58->n85->n83->n81->n79->n63->n42->n40->n54->n53->n52->n51
1054,n1->n99->n98->n57->n55->n53->n52->n27->n25->n26->n47->n45->n44->n42->n40->n54->n56->n84->n83->n23->n77->n72->n70->n69->n28->n29->n50->n51
1055,n1->n13->n12->n14->n75->n71->n72->n77->n99->n98->n57->n74->n76->n69->n70->n18->n17->n85->n78->n80->n81->n79->n63->n82->n54->n53->n52->n51
1056,n1->n13->n12->n6->n33->n35->n34->n36->n64->n62->n61->n63->n82->n54->n55->n57->n83->n84->n85->n17->n18->n70->n87->n88->n90->n59->n50->n51
1057,n1->n20->n18->n17->n85->n58->n68->n22->n74->n75->n14->n12->n6->n33->n84->n83->n57->n55->n53->n54->n73->n72->n45->n47->n46->n62->n61->n51
1058,n1->n99->n77->n72->n71->n75->n4->n27->n28->n69->n76->n74->n22->n68->n58->n85->n17->n19->n20->n21->n23->n24->n33->n35->n31->n29->n50->n51
1059,n1->n20->n21->n23->n83->n84->n33->n35->n34->n15->n63->n61->n62->n46->n48->n47->n49->n64->n65->n52->n27->n97->n95->n89->n90->n59->n50->n51
1060,n1->n13->n14->n12->n8->n10->n63->n15->n29->n31->n32->n30->n76->n69->n28->n27->n25->n26->n24->n23->n77->n99->n98->n57->n55->n53->n52->n51
1061,n1->n99->n97->n96->n14->n13->n12->n8->n7->n2->n100->n73->n54->n82->n80->n78->n85->n84->n56->n55->n57->n74->n76->n69->n28->n29->n50->n51
1062,n1->n20->n18->n17->n68->n22->n74->n35->n31->n33->n84->n82->n54->n53->n52->n27->n25->n26->n24->n23->n77->n99->n97->n95->n89->n48->n50->n51
1063,n1->n13->n14->n12->n8->n7->n9->n11->n29->n15->n34->n35->n33->n84->n85->n65->n52->n27->n4->n2->n100->n73->n54->n40->n42->n63->n61->n51
1064,n1->n13->n15->n63->n79->n81->n37->n39->n10->n8->n12->n6->n33->n32->n34->n36->n38->n67->n64->n62->n60->n59->n90->n56->n55->n53->n52->n51
1065,n1->n13->n12->n8->n10->n9->n11->n29->n28->n69->n3->n5->n7->n2->n4->n75->n73->n71->n72->n70->n18->n16->n38->n36->n34->n15->n63->n61->n51
1066,n1->n99->n98->n57->n83->n85->n17->n68->n66->n32->n30->n31->n35->n74->n75->n76->n86->n87->n88->n90->n100->n2->n4->n27->n25->n26->n47->n49->n51
1067,n1->n99->n77->n72->n73->n54->n56->n90->n100->n2->n7->n9->n11->n29->n15->n13->n14->n75->n74->n22->n21->n20->n96->n94->n92->n93->n64->n49->n51
1068,n1->n20->n89->n88->n87->n86->n76->n74->n35->n33->n32->n34->n15->n63->n82->n84->n56->n90->n100->n73->n10->n8->n12->n14->n13->n11->n29->n50->n51
1069,n1->n20->n21->n67->n64->n49->n47->n45->n43->n44->n41->n39->n38->n37->n81->n83->n84->n85->n17->n19->n18->n70->n72->n71->n73->n10->n63->n61->n51
1070,n1->n20->n21->n22->n74->n57->n98->n99->n77->n93->n91->n92->n94->n96->n14->n13->n11->n9->n10->n73->n71->n75->n4->n2->n7->n5->n65->n52->n51
1071,n1->n20->n89->n88->n90->n100->n2->n7->n5->n3->n69->n28->n29->n31->n33->n6->n12->n13->n15->n63->n42->n40->n54->n56->n84->n85->n65->n52->n51
1072,n1->n20->n19->n17->n18->n70->n69->n28->n27->n4->n2->n100->n90->n59->n60->n50->n48->n89->n88->n87->n86->n76->n75->n71->n24->n26->n47->n49->n51
1073,n1->n13->n14->n96->n94->n92->n93->n95->n82->n84->n56->n54->n55->n57->n74->n75->n73->n100->n2->n7->n8->n10->n63->n79->n81->n37->n65->n52->n51
1074,n1->n99->n97->n95->n93->n91->n92->n94->n96->n14->n12->n8->n10->n9->n7->n2->n100->n90->n59->n58->n85->n84->n82->n63->n15->n29->n27->n52->n51
1075,n1->n99->n98->n57->n83->n81->n80->n82->n63->n42->n44->n78->n85->n17->n18->n20->n96->n97->n27->n25->n26->n24->n33->n32->n34->n36->n64->n49->n51
1076,n1->n20->n19->n68->n22->n74->n35->n31->n32->n34->n15->n29->n11->n13->n14->n96->n97->n95->n93->n77->n99->n98->n57->n83->n84->n82->n63->n61->n51
1077,n1->n99->n77->n72->n73->n75->n4->n27->n28->n29->n15->n13->n11->n9->n10->n8->n7->n2->n100->n90->n59->n60->n50->n48->n89->n20->n96->n94->n51
1078,n1->n20->n21->n22->n74->n75->n73->n100->n90->n88->n89->n48->n50->n59->n58->n68->n66->n32->n31->n33->n6->n12->n8->n7->n2->n4->n27->n52->n51
1079,n1->n20->n21->n23->n77->n99->n98->n57->n55->n56->n84->n82->n54->n40->n42->n63->n10->n8->n12->n13->n15->n34->n36->n38->n39->n37->n65->n52->n51
1080,n1->n13->n12->n6->n33->n31->n35->n34->n15->n29->n27->n28->n69->n70->n18->n17->n85->n78->n80->n81->n37->n65->n64->n67->n21->n20->n96->n94->n51
1081,n1->n13->n14->n75->n4->n2->n7->n5->n3->n69->n76->n86->n87->n70->n18->n19->n20->n89->n88->n90->n56->n54->n55->n57->n83->n85->n65->n52->n51
1082,n1->n99->n98->n57->n74->n76->n78->n44->n41->n43->n45->n47->n46->n48->n50->n60->n59->n90->n56->n54->n82->n63->n61->n62->n64->n93->n92->n94->n51
1083,n1->n99->n97->n95->n82->n54->n40->n42->n44->n43->n41->n39->n38->n67->n21->n20->n18->n70->n72->n73->n10->n63->n79->n81->n83->n85->n65->n52->n51
1084,n1->n13->n14->n75->n76->n74->n22->n21->n20->n89->n48->n50->n29->n11->n9->n10->n63->n15->n34->n36->n38->n39->n37->n81->n83->n85->n65->n52->n51
1085,n1->n20->n89->n90->n88->n87->n70->n69->n3->n5->n7->n8->n12->n14->n96->n94->n92->n91->n93->n77->n99->n98->n57->n83->n81->n37->n65->n52->n51
1086,n1->n13->n15->n29->n50->n60->n59->n90->n88->n87->n70->n72->n73->n100->n2->n4->n27->n52->n53->n54->n56->n84->n33->n24->n23->n77->n93->n94->n51
1087,n1->n13->n12->n8->n10->n63->n61->n62->n46->n47->n48->n50->n60->n59->n58->n68->n22->n74->n75->n14->n96->n97->n99->n77->n93->n64->n65->n52->n51
1088,n1->n13->n15->n29->n28->n27->n26->n24->n33->n35->n34->n32->n30->n76->n69->n70->n72->n71->n73->n100->n90->n89->n48->n47->n49->n64->n62->n61->n51
1089,n1->n20->n96->n94->n93->n64->n62->n61->n63->n79->n81->n37->n38->n16->n18->n19->n68->n17->n85->n83->n84->n82->n95->n89->n90->n59->n60->n50->n51
1090,n1->n13->n12->n14->n96->n97->n99->n98->n57->n74->n75->n73->n54->n55->n53->n52->n65->n85->n78->n80->n81->n83->n23->n24->n33->n31->n29->n50->n51
1091,n1->n20->n89->n90->n88->n87->n86->n76->n30->n29->n31->n35->n74->n22->n21->n67->n64->n65->n85->n83->n23->n77->n93->n94->n96->n97->n27->n52->n51
1092,n1->n99->n97->n27->n26->n24->n71->n75->n76->n30->n31->n29->n15->n34->n36->n38->n39->n37->n65->n52->n53->n55->n56->n90->n88->n89->n48->n50->n51
1093,n1->n20->n18->n16->n38->n36->n34->n15->n13->n12->n6->n33->n32->n30->n76->n74->n35->n31->n29->n11->n9->n10->n8->n7->n5->n65->n64->n49->n51
1094,n1->n99->n97->n96->n14->n13->n11->n29->n31->n32->n30->n76->n86->n87->n88->n89->n95->n93->n77->n72->n45->n43->n41->n44->n78->n85->n65->n52->n51
1095,n1->n20->n18->n17->n19->n68->n58->n59->n50->n60->n62->n64->n65->n37->n38->n36->n34->n32->n31->n33->n35->n74->n57->n55->n56->n54->n53->n52->n51
1096,n1->n13->n11->n9->n10->n8->n12->n6->n33->n35->n31->n32->n34->n15->n29->n28->n69->n3->n5->n65->n37->n38->n39->n41->n44->n45->n47->n49->n51
1097,n1->n20->n89->n90->n88->n87->n70->n72->n71->n75->n4->n27->n52->n53->n55->n56->n54->n82->n84->n85->n17->n68->n22->n74->n35->n31->n29->n50->n51
1098,n1->n13->n12->n8->n7->n5->n3->n69->n28->n29->n15->n63->n61->n62->n60->n50->n59->n90->n100->n73->n54->n40->n42->n44->n78->n85->n65->n52->n51
1099,n1->n20->n21->n67->n64->n36->n38->n16->n18->n19->n68->n17->n85->n78->n76->n86->n87->n88->n90->n56->n55->n53->n52->n27->n25->n26->n47->n49->n51
1100,n1->n13->n14->n75->n73->n72->n77->n93->n91->n92->n94->n96->n20->n21->n23->n83->n84->n82->n80->n78->n85->n58->n59->n60->n62->n46->n48->n50->n51
1101,n1->n13->n15->n63->n10->n8->n12->n6->n33->n84->n82->n54->n40->n42->n44->n45->n47->n26->n24->n23->n21->n22->n68->n19->n20->n89->n48->n50->n51
1102,n1->n99->n98->n57->n55->n53->n54->n56->n84->n85->n58->n68->n17->n18->n16->n38->n67->n21->n20->n89->n88->n90->n100->n73->n75->n4->n27->n52->n51
1103,n1->n13->n15->n29->n11->n9->n7->n8->n10->n39->n37->n81->n79->n63->n61->n62->n64->n67->n38->n36->n34->n35->n74->n57->n55->n54->n53->n52->n51
1104,n1->n99->n77->n93->n91->n92->n94->n96->n20->n19->n18->n70->n87->n86->n76->n30->n31->n33->n32->n66->n68->n22->n74->n75->n73->n54->n53->n52->n51
1105,n1->n99->n98->n57->n55->n54->n56->n84->n83->n23->n24->n33->n35->n74->n75->n71->n73->n72->n77->n93->n64->n49->n47->n46->n62->n60->n59->n50->n51
1106,n1->n99->n77->n23->n21->n20->n18->n70->n87->n88->n90->n56->n84->n83->n81->n80->n82->n54->n55->n53->n52->n65->n85->n17->n68->n58->n59->n50->n51
1107,n1->n13->n12->n14->n96->n97->n99->n98->n57->n74->n76->n69->n70->n18->n16->n38->n37->n81->n79->n63->n10->n39->n41->n44->n43->n45->n47->n49->n51
1108,n1->n20->n89->n95->n97->n96->n94->n93->n64->n62->n46->n47->n45->n44->n42->n40->n54->n56->n55->n53->n52->n27->n4->n2->n100->n90->n59->n50->n51
1109,n1->n20->n18->n16->n38->n67->n21->n23->n77->n93->n91->n92->n94->n96->n97->n27->n25->n26->n47->n49->n64->n36->n34->n32->n30->n31->n29->n50->n51
1110,n1->n13->n12->n8->n7->n2->n4->n27->n26->n24->n71->n72->n77->n99->n97->n95->n93->n92->n94->n96->n14->n75->n76->n30->n32->n31->n29->n50->n51
1111,n1->n99->n77->n93->n91->n92->n94->n96->n97->n27->n4->n2->n100->n73->n75->n71->n72->n45->n43->n44->n42->n63->n79->n81->n37->n65->n64->n49->n51
1112,n1->n20->n89->n95->n97->n27->n28->n29->n50->n60->n62->n46->n47->n45->n43->n41->n44->n78->n80->n81->n37->n38->n16->n18->n17->n85->n65->n52->n51
1113,n1->n20->n89->n88->n90->n100->n2->n4->n27->n28->n69->n76->n86->n87->n70->n18->n16->n38->n67->n21->n23->n24->n33->n6->n12->n14->n96->n94->n51
1114,n1->n20->n89->n88->n90->n100->n73->n75->n4->n27->n52->n65->n37->n81->n80->n82->n54->n55->n56->n84->n83->n23->n21->n22->n68->n58->n59->n50->n51
1115,n1->n99->n77->n23->n21->n20->n19->n18->n70->n72->n73->n10->n39->n37->n81->n80->n82->n54->n55->n53->n52->n27->n26->n24->n71->n75->n14->n96->n94->n51
1116,n1->n99->n98->n57->n83->n81->n79->n63->n10->n73->n100->n2->n7->n9->n11->n29->n30->n31->n35->n74->n75->n76->n86->n87->n70->n69->n28->n27->n52->n51
1117,n1->n99->n98->n57->n74->n35->n33->n84->n56->n54->n55->n53->n52->n27->n4->n2->n7->n5->n3->n69->n70->n87->n86->n76->n78->n85->n58->n59->n50->n51
1118,n1->n13->n11->n9->n10->n63->n42->n40->n54->n73->n75->n74->n76->n86->n87->n88->n89->n48->n46->n62->n60->n59->n50->n29->n15->n34->n36->n64->n49->n51
1119,n1->n20->n19->n68->n17->n18->n16->n38->n37->n81->n83->n85->n78->n76->n74->n57->n55->n54->n53->n52->n65->n5->n3->n69->n70->n72->n77->n93->n94->n51
1120,n1->n99->n77->n72->n73->n100->n90->n88->n89->n95->n97->n96->n20->n19->n17->n85->n83->n23->n21->n67->n64->n49->n47->n48->n46->n62->n60->n59->n50->n51
1121,n1->n20->n89->n90->n88->n87->n86->n76->n78->n85->n17->n18->n70->n72->n73->n75->n74->n57->n98->n99->n97->n95->n82->n84->n83->n23->n77->n93->n94->n51
1122,n1->n20->n89->n95->n97->n27->n4->n75->n74->n35->n34->n32->n31->n29->n11->n13->n14->n12->n6->n33->n24->n23->n21->n22->n68->n17->n85->n65->n52->n51
1123,n1->n13->n12->n8->n10->n73->n75->n14->n96->n97->n99->n98->n57->n83->n85->n84->n56->n54->n40->n42->n63->n61->n62->n64->n49->n47->n46->n48->n50->n51
1124,n1->n20->n21->n67->n64->n65->n5->n7->n9->n11->n13->n15->n29->n27->n26->n47->n48->n46->n62->n61->n63->n82->n84->n33->n24->n23->n77->n93->n94->n51
1125,n1->n99->n98->n57->n55->n54->n56->n90->n89->n48->n47->n46->n62->n61->n63->n10->n9->n7->n5->n65->n52->n27->n28->n29->n11->n13->n14->n96->n94->n51
1126,n1->n99->n77->n72->n73->n75->n74->n22->n68->n58->n85->n84->n56->n54->n55->n53->n52->n27->n25->n26->n47->n45->n44->n42->n63->n61->n62->n64->n49->n51
1127,n1->n99->n77->n23->n21->n20->n89->n90->n56->n84->n82->n63->n10->n73->n54->n40->n42->n44->n43->n41->n39->n38->n16->n18->n19->n68->n58->n59->n50->n51
1128,n1->n20->n19->n68->n66->n32->n33->n24->n71->n75->n74->n22->n21->n23->n77->n93->n92->n94->n96->n14->n13->n15->n63->n79->n81->n83->n85->n65->n52->n51
1129,n1->n13->n11->n9->n10->n39->n38->n37->n81->n79->n63->n82->n95->n93->n64->n49->n47->n48->n46->n62->n60->n59->n58->n68->n17->n19->n20->n96->n94->n51
1130,n1->n20->n96->n14->n75->n73->n72->n70->n69->n3->n5->n65->n85->n78->n80->n82->n63->n15->n13->n11->n9->n10->n8->n7->n2->n100->n90->n59->n50->n51
1131,n1->n99->n98->n57->n83->n23->n77->n72->n73->n75->n71->n24->n33->n35->n34->n15->n13->n11->n29->n50->n60->n59->n90->n100->n2->n7->n5->n65->n52->n51
1132,n1->n20->n21->n23->n24->n33->n84->n56->n54->n73->n71->n75->n4->n2->n100->n90->n88->n87->n86->n76->n69->n3->n5->n7->n8->n12->n14->n96->n94->n51
1133,n1->n20->n19->n17->n68->n66->n32->n31->n35->n74->n76->n75->n14->n96->n94->n93->n95->n89->n88->n90->n56->n54->n82->n63->n10->n9->n11->n29->n50->n51
1134,n1->n13->n12->n8->n10->n39->n37->n65->n64->n62->n61->n63->n79->n81->n83->n84->n85->n58->n59->n90->n100->n2->n4->n75->n73->n54->n55->n53->n52->n51
1135,n1->n13->n11->n9->n10->n73->n72->n70->n69->n76->n75->n71->n24->n33->n31->n32->n66->n68->n19->n18->n17->n85->n84->n82->n95->n89->n20->n96->n94->n51
1136,n1->n99->n77->n72->n70->n87->n88->n89->n90->n59->n50->n29->n31->n30->n32->n34->n36->n64->n49->n47->n48->n46->n62->n61->n63->n82->n95->n93->n94->n51
1137,n1->n20->n21->n67->n38->n37->n81->n80->n78->n85->n83->n23->n77->n93->n95->n82->n54->n53->n52->n65->n64->n62->n46->n47->n26->n25->n27->n29->n50->n51
1138,n1->n99->n97->n27->n29->n11->n13->n12->n14->n75->n71->n24->n23->n83->n81->n37->n38->n16->n18->n20->n19->n17->n85->n58->n59->n90->n89->n48->n50->n51
1139,n1->n20->n96->n97->n99->n77->n93->n64->n62->n61->n63->n10->n39->n38->n67->n21->n22->n68->n19->n18->n70->n87->n86->n76->n30->n32->n31->n29->n50->n51
1140,n1->n13->n12->n14->n75->n73->n10->n8->n7->n2->n4->n27->n29->n31->n30->n32->n33->n84->n83->n81->n37->n38->n39->n41->n44->n45->n47->n48->n50->n51
1141,n1->n20->n89->n90->n100->n2->n4->n75->n14->n12->n13->n11->n29->n28->n69->n70->n72->n77->n93->n94->n96->n97->n95->n82->n80->n81->n37->n65->n52->n51
1142,n1->n13->n14->n12->n8->n10->n73->n72->n71->n75->n4->n2->n7->n5->n65->n64->n49->n47->n45->n44->n78->n76->n74->n57->n98->n99->n97->n96->n94->n51
1143,n1->n99->n98->n57->n83->n23->n21->n22->n68->n58->n85->n78->n80->n81->n37->n39->n38->n67->n64->n62->n61->n63->n42->n44->n41->n43->n45->n47->n49->n51
1144,n1->n99->n77->n23->n83->n84->n33->n24->n71->n72->n73->n54->n40->n42->n63->n61->n62->n46->n48->n89->n90->n100->n2->n7->n8->n12->n14->n96->n94->n51
1145,n1->n99->n98->n57->n83->n85->n84->n33->n32->n31->n29->n11->n9->n7->n2->n4->n75->n73->n100->n90->n59->n58->n68->n19->n17->n18->n20->n96->n94->n51
1146,n1->n13->n11->n29->n15->n63->n61->n62->n60->n59->n90->n89->n20->n96->n14->n12->n6->n33->n32->n34->n35->n74->n57->n83->n84->n56->n54->n53->n52->n51
1147,n1->n13->n11->n29->n15->n63->n82->n80->n81->n37->n65->n5->n7->n2->n100->n73->n72->n45->n43->n41->n44->n78->n76->n69->n70->n18->n20->n96->n94->n51
1148,n1->n20->n19->n17->n18->n70->n69->n76->n78->n80->n81->n37->n38->n39->n10->n8->n12->n6->n33->n32->n34->n35->n74->n75->n73->n72->n45->n47->n49->n51
1149,n1->n13->n12->n8->n10->n39->n37->n65->n5->n3->n69->n28->n29->n31->n33->n32->n34->n35->n74->n75->n76->n78->n44->n42->n40->n54->n82->n63->n61->n51
1150,n1->n99->n97->n96->n20->n19->n68->n22->n21->n23->n83->n81->n80->n78->n85->n58->n59->n90->n100->n2->n4->n75->n14->n13->n12->n8->n10->n63->n61->n51
1151,n1->n20->n21->n22->n74->n75->n71->n72->n77->n93->n94->n96->n97->n27->n4->n2->n100->n73->n54->n82->n84->n33->n24->n23->n83->n57->n55->n53->n52->n51
1152,n1->n20->n19->n68->n66->n32->n31->n30->n29->n50->n60->n59->n58->n85->n84->n56->n55->n53->n54->n73->n71->n75->n74->n57->n83->n81->n37->n65->n52->n51
1153,n1->n20->n19->n18->n17->n68->n58->n85->n84->n83->n81->n80->n82->n95->n93->n94->n96->n14->n13->n12->n8->n7->n5->n3->n69->n28->n27->n29->n50->n51
1154,n1->n20->n19->n17->n68->n58->n85->n78->n76->n69->n28->n27->n52->n53->n54->n56->n84->n82->n63->n42->n44->n45->n43->n41->n39->n37->n65->n64->n49->n51
1155,n1->n20->n19->n18->n16->n38->n36->n64->n65->n37->n81->n79->n63->n42->n40->n54->n55->n53->n52->n27->n97->n99->n98->n57->n74->n35->n31->n29->n50->n51
1156,n1->n20->n19->n68->n17->n18->n16->n38->n39->n37->n65->n52->n53->n54->n56->n55->n57->n83->n23->n24->n26->n27->n29->n30->n32->n34->n15->n63->n61->n51
1157,n1->n13->n15->n34->n36->n38->n16->n18->n19->n20->n96->n94->n92->n91->n93->n95->n82->n80->n81->n37->n39->n10->n63->n42->n40->n54->n55->n53->n52->n51
1158,n1->n13->n15->n34->n35->n31->n30->n32->n66->n68->n22->n74->n76->n75->n73->n10->n9->n7->n5->n3->n69->n70->n18->n16->n38->n36->n64->n62->n61->n51
1159,n1->n99->n98->n57->n55->n53->n54->n56->n84->n33->n31->n29->n15->n63->n79->n81->n80->n82->n95->n89->n90->n88->n87->n70->n18->n19->n20->n96->n94->n51
1160,n1->n20->n21->n67->n64->n49->n47->n26->n24->n33->n32->n66->n68->n22->n74->n75->n76->n86->n87->n88->n90->n89->n95->n82->n80->n81->n37->n65->n52->n51
1161,n1->n13->n12->n14->n96->n97->n99->n77->n72->n45->n44->n41->n39->n10->n8->n7->n2->n100->n90->n59->n58->n85->n65->n5->n3->n69->n28->n27->n52->n51
1162,n1->n20->n18->n19->n17->n68->n22->n74->n76->n75->n4->n2->n100->n90->n59->n60->n50->n29->n27->n52->n65->n5->n7->n8->n12->n13->n14->n96->n94->n51
1163,n1->n13->n14->n96->n97->n99->n98->n57->n74->n22->n68->n58->n59->n50->n48->n89->n88->n87->n70->n69->n3->n5->n65->n85->n84->n82->n54->n53->n52->n51
1164,n1->n13->n15->n34->n35->n74->n22->n68->n58->n85->n78->n76->n75->n4->n27->n97->n96->n20->n18->n16->n38->n36->n64->n67->n21->n23->n77->n93->n94->n51
1165,n1->n13->n15->n63->n82->n80->n81->n83->n85->n78->n76->n86->n87->n70->n72->n45->n43->n41->n39->n37->n65->n64->n67->n38->n36->n34->n35->n31->n29->n50->n51
1166,n1->n13->n14->n75->n74->n76->n78->n44->n42->n40->n54->n55->n57->n83->n81->n80->n82->n84->n33->n32->n30->n31->n35->n34->n15->n29->n50->n60->n62->n61->n51
1167,n1->n13->n12->n8->n7->n5->n65->n64->n49->n47->n45->n43->n41->n39->n37->n81->n83->n57->n98->n99->n97->n95->n89->n88->n87->n86->n76->n30->n29->n50->n51
1168,n1->n99->n77->n93->n92->n94->n96->n97->n95->n89->n90->n59->n58->n68->n66->n32->n30->n31->n29->n50->n60->n62->n61->n63->n42->n44->n43->n45->n47->n49->n51
1169,n1->n13->n11->n9->n7->n5->n65->n37->n39->n10->n63->n42->n40->n54->n82->n80->n78->n76->n30->n32->n33->n31->n35->n34->n36->n64->n49->n47->n48->n50->n51
1170,n1->n13->n11->n29->n28->n27->n26->n47->n46->n62->n61->n63->n42->n40->n54->n53->n55->n56->n84->n85->n78->n44->n43->n41->n39->n38->n67->n64->n65->n52->n51
1171,n1->n20->n18->n19->n17->n85->n58->n68->n22->n74->n57->n98->n99->n97->n95->n93->n91->n92->n94->n96->n14->n13->n12->n8->n7->n5->n65->n64->n62->n61->n51
1172,n1->n20->n89->n48->n50->n29->n15->n34->n36->n38->n16->n18->n19->n68->n58->n59->n90->n88->n87->n70->n69->n3->n5->n7->n2->n100->n73->n10->n63->n61->n51
1173,n1->n99->n97->n27->n52->n65->n5->n3->n69->n70->n18->n19->n20->n96->n14->n75->n4->n2->n100->n73->n54->n56->n84->n83->n23->n21->n67->n64->n93->n94->n51
1174,n1->n20->n96->n97->n99->n77->n23->n21->n22->n74->n35->n31->n32->n66->n68->n19->n17->n18->n16->n38->n67->n64->n49->n47->n45->n43->n44->n42->n63->n61->n51
1175,n1->n99->n98->n57->n74->n76->n86->n87->n70->n72->n71->n24->n26->n27->n28->n29->n11->n9->n7->n8->n10->n39->n41->n44->n42->n40->n54->n82->n63->n61->n51
1176,n1->n13->n11->n29->n30->n76->n74->n57->n83->n85->n58->n68->n19->n17->n18->n20->n89->n95->n82->n54->n55->n53->n52->n65->n5->n7->n8->n10->n63->n61->n51
1177,n1->n99->n97->n27->n26->n47->n46->n62->n60->n50->n59->n58->n68->n66->n32->n30->n31->n33->n35->n74->n76->n78->n85->n65->n5->n7->n9->n10->n63->n61->n51
1178,n1->n99->n97->n96->n14->n75->n74->n35->n34->n32->n31->n30->n76->n86->n87->n70->n18->n20->n19->n17->n68->n22->n21->n23->n77->n72->n45->n47->n48->n50->n51
1179,n1->n99->n97->n27->n28->n69->n70->n18->n17->n85->n78->n44->n41->n39->n38->n36->n34->n35->n33->n6->n12->n14->n75->n4->n2->n7->n5->n65->n64->n49->n51
1180,n1->n99->n97->n96->n14->n75->n73->n72->n71->n24->n26->n25->n27->n29->n28->n69->n3->n5->n65->n37->n81->n79->n63->n42->n40->n54->n56->n55->n53->n52->n51
1181,n1->n13->n15->n63->n79->n81->n37->n65->n52->n53->n54->n73->n71->n72->n70->n18->n20->n89->n95->n82->n80->n78->n44->n41->n43->n45->n47->n46->n62->n61->n51
1182,n1->n99->n77->n93->n94->n96->n20->n19->n68->n66->n32->n31->n30->n76->n74->n75->n71->n73->n54->n40->n42->n44->n43->n45->n72->n70->n69->n28->n29->n50->n51
1183,n1->n13->n14->n75->n73->n100->n2->n4->n27->n52->n53->n54->n55->n56->n90->n59->n60->n62->n61->n63->n42->n44->n43->n41->n39->n37->n38->n36->n64->n49->n51
1184,n1->n99->n98->n57->n74->n35->n34->n36->n64->n49->n47->n48->n89->n90->n56->n84->n83->n81->n37->n38->n67->n21->n20->n18->n17->n19->n68->n58->n59->n50->n51
1185,n1->n20->n89->n48->n47->n45->n44->n78->n85->n84->n33->n24->n26->n25->n27->n97->n99->n98->n57->n83->n23->n77->n72->n71->n73->n100->n90->n59->n60->n50->n51
1186,n1->n20->n19->n68->n66->n32->n34->n36->n38->n39->n10->n8->n7->n2->n100->n90->n89->n95->n82->n80->n78->n76->n75->n73->n54->n56->n84->n85->n65->n52->n51
1187,n1->n13->n11->n9->n10->n73->n75->n76->n86->n87->n88->n90->n56->n55->n54->n40->n42->n63->n15->n29->n30->n32->n34->n35->n31->n33->n24->n26->n27->n52->n51
1188,n1->n13->n12->n8->n10->n63->n79->n81->n37->n38->n36->n34->n15->n29->n11->n9->n7->n5->n3->n69->n76->n30->n31->n35->n74->n22->n21->n67->n64->n49->n51
1189,n1->n99->n97->n96->n20->n21->n23->n83->n81->n79->n63->n42->n44->n41->n39->n37->n38->n16->n18->n17->n85->n58->n68->n22->n74->n57->n55->n54->n53->n52->n51
1190,n1->n20->n21->n23->n83->n57->n74->n75->n73->n72->n70->n18->n17->n85->n84->n33->n6->n12->n13->n14->n96->n97->n95->n82->n80->n78->n76->n30->n29->n50->n51
1191,n1->n99->n97->n96->n94->n93->n64->n36->n38->n67->n21->n20->n19->n17->n85->n58->n68->n66->n32->n30->n31->n29->n11->n13->n14->n12->n8->n10->n63->n61->n51
1192,n1->n99->n77->n93->n95->n89->n48->n46->n62->n61->n63->n10->n39->n38->n67->n64->n36->n34->n32->n31->n35->n33->n24->n71->n72->n70->n69->n28->n29->n50->n51
1193,n1->n20->n18->n70->n72->n71->n73->n75->n76->n74->n35->n34->n36->n38->n37->n39->n10->n8->n12->n6->n33->n84->n56->n54->n40->n42->n44->n45->n47->n49->n51
1194,n1->n13->n15->n29->n28->n69->n3->n5->n7->n8->n12->n14->n96->n20->n21->n67->n64->n36->n38->n39->n41->n43->n45->n47->n46->n48->n89->n95->n93->n94->n51
1195,n1->n13->n15->n34->n36->n64->n93->n95->n82->n54->n56->n90->n59->n60->n62->n61->n63->n10->n8->n7->n2->n100->n73->n72->n70->n87->n88->n89->n48->n50->n51
1196,n1->n13->n14->n96->n20->n18->n70->n87->n86->n76->n30->n31->n29->n11->n9->n10->n8->n12->n6->n33->n35->n34->n32->n66->n68->n58->n85->n65->n64->n49->n51
1197,n1->n99->n98->n57->n55->n56->n54->n82->n95->n93->n64->n36->n38->n39->n37->n65->n85->n83->n84->n33->n24->n71->n72->n70->n18->n17->n19->n20->n96->n94->n51
1198,n1->n20->n89->n48->n46->n62->n60->n59->n50->n29->n30->n76->n75->n73->n54->n53->n55->n56->n84->n83->n85->n78->n44->n45->n47->n49->n64->n93->n92->n94->n51
1199,n1->n13->n12->n8->n7->n5->n3->n69->n76->n75->n73->n54->n40->n42->n63->n10->n9->n11->n29->n27->n4->n2->n100->n90->n89->n48->n46->n62->n64->n49->n51
1200,n1->n20->n21->n22->n74->n75->n14->n13->n11->n9->n7->n5->n65->n85->n17->n18->n19->n68->n66->n32->n33->n24->n71->n73->n72->n70->n69->n28->n29->n50->n51
1201,n1->n13->n12->n6->n33->n24->n23->n21->n20->n18->n16->n38->n37->n81->n83->n84->n56->n90->n100->n2->n4->n27->n25->n26->n47->n48->n46->n62->n60->n50->n51
1202,n1->n13->n11->n29->n27->n4->n75->n74->n76->n78->n85->n65->n37->n39->n41->n44->n43->n45->n72->n73->n10->n8->n12->n14->n96->n94->n92->n93->n64->n49->n51
1203,n1->n99->n97->n96->n20->n21->n23->n83->n85->n58->n68->n66->n32->n31->n33->n6->n12->n14->n75->n73->n100->n2->n4->n27->n28->n69->n3->n5->n65->n52->n51
1204,n1->n99->n97->n27->n25->n26->n24->n33->n6->n12->n14->n96->n94->n92->n91->n93->n77->n72->n45->n47->n46->n48->n89->n88->n87->n86->n76->n30->n29->n50->n51
1205,n1->n99->n77->n93->n95->n89->n20->n19->n18->n16->n38->n36->n64->n65->n37->n81->n79->n63->n42->n40->n54->n56->n90->n100->n2->n4->n75->n14->n96->n94->n51
1206,n1->n99->n77->n93->n95->n89->n90->n88->n87->n86->n76->n74->n75->n71->n72->n45->n44->n78->n80->n81->n83->n23->n21->n22->n68->n58->n85->n65->n64->n49->n51
1207,n1->n20->n96->n97->n99->n77->n93->n95->n89->n88->n87->n86->n76->n30->n31->n33->n35->n74->n75->n4->n2->n7->n9->n10->n63->n61->n62->n60->n59->n50->n51
1208,n1->n13->n11->n9->n10->n73->n71->n24->n23->n77->n72->n45->n43->n41->n44->n42->n40->n54->n56->n84->n85->n65->n64->n36->n34->n35->n33->n31->n29->n50->n51
1209,n1->n20->n96->n94->n92->n91->n93->n95->n89->n48->n47->n46->n62->n61->n63->n42->n44->n43->n45->n72->n71->n24->n23->n77->n99->n98->n57->n55->n53->n52->n51
1210,n1->n13->n14->n96->n20->n89->n48->n50->n60->n62->n46->n47->n45->n44->n78->n85->n58->n59->n90->n88->n87->n70->n72->n77->n23->n24->n26->n25->n27->n52->n51
1211,n1->n20->n96->n97->n27->n25->n26->n24->n23->n77->n93->n95->n89->n90->n100->n2->n7->n5->n65->n64->n67->n38->n36->n34->n32->n66->n68->n58->n59->n50->n51
1212,n1->n99->n98->n57->n55->n53->n52->n65->n64->n67->n21->n20->n18->n19->n68->n17->n85->n83->n84->n56->n54->n73->n10->n8->n12->n14->n13->n15->n63->n61->n51
1213,n1->n13->n14->n12->n8->n7->n2->n4->n27->n25->n26->n24->n71->n73->n75->n76->n86->n87->n70->n18->n16->n38->n67->n64->n93->n95->n89->n90->n59->n50->n51
1214,n1->n99->n98->n57->n74->n76->n78->n44->n42->n63->n61->n62->n60->n50->n59->n58->n85->n84->n56->n55->n53->n52->n65->n37->n81->n83->n23->n77->n93->n94->n51
